time_sec,world_x,world_y,world_z,local_x,local_y,local_z,world_rot_x,world_rot_y,world_rot_z,local_rot_x,local_rot_y,local_rot_z
0.000,598.8699,5.2478,250.4535,0.2510,3.8000,-0.4500,0.0000,180.0000,0.0000,0.0000,0.0000,0.0000
0.000,598.8699,5.2478,250.4535,0.2510,3.8000,-0.4500,0.0000,180.0000,0.0000,0.0000,0.0000,0.0000
0.101,598.6557,5.0566,250.4581,0.2510,3.8000,-0.4500,0.0000,180.0000,0.0000,0.0000,0.0000,0.0000
0.211,598.2777,4.7300,250.4630,0.2510,3.8000,-0.4500,0.0000,180.0000,0.0000,0.0000,0.0000,0.0000
0.322,597.8721,4.3853,250.4667,0.2510,3.8000,-0.4500,0.0000,180.0000,0.0000,0.0000,0.0000,0.0000
0.433,597.2884,3.8939,250.4707,0.2510,3.8000,-0.4500,0.0000,180.0000,0.0000,0.0000,0.0000,0.0000
0.544,596.6104,3.3270,250.4742,0.2510,3.8000,-0.4500,0.0000,180.0000,0.0000,0.0000,0.0000,0.0000
0.655,595.9811,2.8030,250.4768,0.2510,3.8000,-0.4500,0.0000,180.0000,0.0000,0.0000,0.0000,0.0000
0.767,595.1570,2.1191,250.4794,0.2510,3.8000,-0.4500,0.0000,180.0000,0.0000,0.0000,0.0000,0.0000
0.891,594.2662,1.3816,250.4810,0.2510,3.8000,-0.4500,0.0000,180.0000,0.0000,0.0000,0.0000,0.0000
1.003,593.3164,0.5966,250.4804,0.2510,3.8000,-0.4500,0.0000,180.0000,0.0000,0.0000,0.0000,0.0000
1.127,592.3164,-0.2305,250.4545,0.2510,3.8000,-0.4500,0.0000,180.0000,0.0000,0.0000,0.0000,0.0000
1.252,591.5262,-0.9015,250.3994,0.2510,3.8000,-0.4500,359.4541,180.0000,0.0021,0.0000,0.0000,0.0000
1.364,590.9902,-1.2567,250.3256,0.2510,3.8000,-0.4500,358.1661,179.9999,0.0071,0.0000,0.0000,0.0000
1.475,590.6553,-1.3406,250.1856,0.2510,3.8000,-0.4500,357.4891,179.9998,0.0095,0.0000,0.0000,0.0000
1.600,590.3338,-1.2803,249.8759,0.2510,3.8000,-0.4500,357.3138,179.9998,0.0100,0.0000,0.0000,0.0000
1.712,590.0633,-1.1502,249.4368,0.2510,3.8000,-0.4500,357.3138,179.9998,0.0100,0.0000,0.0000,0.0000
1.822,589.8604,-1.0459,248.9955,0.2510,3.8000,-0.4500,357.3138,179.9998,0.0100,0.0000,0.0000,0.0000
1.934,589.6327,-0.9604,248.3986,0.2510,3.8000,-0.4500,357.3138,179.9998,0.0100,0.0000,0.0000,0.0000
2.045,589.4148,-0.9270,247.7520,0.2510,3.8000,-0.4500,357.3138,179.9997,0.0100,0.0000,0.0000,0.0000
2.156,589.2374,-0.9322,247.1901,0.2510,3.8000,-0.4500,357.3137,179.9997,0.0100,0.0000,0.0000,0.0000
2.268,589.0274,-0.9630,246.5017,0.2510,3.8000,-0.4500,357.3138,179.9997,0.0100,0.0000,0.0000,0.0000
2.379,588.8536,-0.9974,245.9224,0.2510,3.8000,-0.4500,357.3137,179.9997,0.0100,0.0000,0.0000,0.0000
2.503,588.6108,-1.0445,245.1159,0.2510,3.8000,-0.4500,357.3137,179.9997,0.0100,0.0000,0.0000,0.0000
2.615,588.4365,-1.0731,244.5594,0.2510,3.8000,-0.4500,357.3137,179.9997,0.0100,0.0000,0.0000,0.0000
2.740,588.2261,-1.1009,243.9183,0.2510,3.8000,-0.4500,357.3137,179.9997,0.0100,0.0000,0.0000,0.0000
2.851,588.0129,-1.1239,243.3252,0.2510,3.8000,-0.4500,357.3138,179.9997,0.0100,0.0000,0.0000,0.0000
2.962,587.8291,-1.1445,242.9242,0.2510,3.8000,-0.4500,357.3138,179.9997,0.0100,0.0000,0.0000,0.0000
3.073,587.5986,-1.1760,242.5807,0.2510,3.8000,-0.4500,357.3138,179.9997,0.0100,0.0000,0.0000,0.0000
3.184,587.3580,-1.2161,242.3651,0.2510,3.8000,-0.4500,357.3138,179.9997,0.0100,0.0000,0.0000,0.0000
3.295,587.1516,-1.2559,242.2585,0.2510,3.8000,-0.4500,357.3138,179.9997,0.0100,0.0000,0.0000,0.0000
3.407,586.8992,-1.3099,242.1929,0.2510,3.8000,-0.4500,357.3138,179.9997,0.0100,0.0000,0.0000,0.0000
3.518,586.6870,-1.3589,242.1743,0.2510,3.8000,-0.4500,357.3138,179.9997,0.0100,0.0000,0.0000,0.0000
3.629,586.4316,-1.4210,242.1802,0.2510,3.8000,-0.4500,357.3138,179.9997,0.0100,0.0000,0.0000,0.0000
3.740,586.2186,-1.4746,242.2005,0.2510,3.8000,-0.4500,357.3138,179.9997,0.0100,0.0000,0.0000,0.0000
3.851,585.9628,-1.5401,242.2358,0.2510,3.8000,-0.4500,357.3138,179.9997,0.0100,0.0000,0.0000,0.0000
3.962,585.7495,-1.5953,242.2706,0.2510,3.8000,-0.4500,357.3138,179.9997,0.0100,0.0000,0.0000,0.0000
4.073,585.4935,-1.6620,242.3161,0.2510,3.8000,-0.4500,357.3138,179.9997,0.0100,0.0000,0.0000,0.0000
4.185,585.2375,-1.7290,242.3639,0.2510,3.8000,-0.4500,357.3138,179.9997,0.0100,0.0000,0.0000,0.0000
4.296,585.0240,-1.7850,242.4047,0.2510,3.8000,-0.4500,357.3138,179.9997,0.0100,0.0000,0.0000,0.0000
4.406,584.7677,-1.8523,242.4543,0.2510,3.8000,-0.4500,357.3138,179.9997,0.0100,0.0000,0.0000,0.0000
4.532,584.5114,-1.9197,242.5041,0.2510,3.8000,-0.4500,357.3138,179.9997,0.0100,0.0000,0.0000,0.0000
4.642,584.2548,-1.9868,242.5536,0.2510,3.8000,-0.4500,357.3138,179.9997,0.0100,0.0000,0.0000,0.0000
4.754,584.0409,-2.0425,242.5944,0.2510,3.8000,-0.4500,357.3138,179.9997,0.0101,0.0000,0.0000,0.0000
4.879,583.7842,-2.1085,242.6430,0.2510,3.8000,-0.4500,357.3138,179.9997,0.0101,0.0000,0.0000,0.0000
4.990,583.5274,-2.1735,242.6906,0.2510,3.8000,-0.4500,357.3138,179.9997,0.0101,0.0000,0.0000,0.0000
5.114,583.2703,-2.2370,242.7368,0.2510,3.8000,-0.4500,357.3138,179.9997,0.0101,0.0000,0.0000,0.0000
5.225,583.0132,-2.2985,242.7815,0.2510,3.8000,-0.4500,357.3138,179.9997,0.0101,0.0000,0.0000,0.0000
5.337,582.7990,-2.3482,242.8181,0.2510,3.8000,-0.4500,357.3138,179.9997,0.0101,0.0000,0.0000,0.0000
5.448,582.5419,-2.4053,242.8616,0.2510,3.8000,-0.4500,357.3138,179.9997,0.0101,0.0000,0.0000,0.0000
5.573,582.2849,-2.4595,242.9049,0.2510,3.8000,-0.4500,357.3138,179.9997,0.0101,0.0000,0.0000,0.0000
5.684,582.0281,-2.5103,242.9480,0.2510,3.8000,-0.4500,357.3138,179.9997,0.0101,0.0000,0.0000,0.0000
5.809,581.7715,-2.5574,242.9917,0.2510,3.8000,-0.4500,357.3138,179.9997,0.0101,0.0000,0.0000,0.0000
5.920,581.5580,-2.5935,243.0294,0.2510,3.8000,-0.4500,357.3138,179.9997,0.0101,0.0000,0.0000,0.0000
6.032,581.3022,-2.6327,243.0759,0.2510,3.8000,-0.4500,357.3138,179.9997,0.0101,0.0000,0.0000,0.0000
6.142,581.0468,-2.6671,243.1235,0.2510,3.8000,-0.4500,357.3138,179.9997,0.0101,0.0000,0.0000,0.0000
6.253,580.8344,-2.6908,243.1632,0.2510,3.8000,-0.4500,357.3947,179.9998,0.0223,0.0000,0.0000,0.0000
6.365,580.5800,-2.7124,243.2103,0.2510,3.8000,-0.4500,357.6381,180.0000,0.0669,0.0000,0.0000,0.0000
6.490,580.3261,-2.7286,243.2580,0.2510,3.8000,-0.4500,357.7960,180.0002,0.1173,0.0000,0.0000,0.0000
6.601,580.1153,-2.7358,243.2970,0.2510,3.8000,-0.4500,358.0323,180.0009,0.2055,0.0000,0.0000,0.0000
6.712,579.8627,-2.7387,243.3437,0.2510,3.8000,-0.4500,358.2686,180.0019,0.3168,0.0000,0.0000,0.0000
6.824,579.6105,-2.7362,243.3906,0.2510,3.8000,-0.4500,358.4198,180.0029,0.3918,0.0000,0.0000,0.0000
6.935,579.4014,-2.7257,243.4285,0.2510,3.8000,-0.4500,358.7191,180.0054,0.5620,0.0000,0.0000,0.0000
7.045,579.1507,-2.7089,243.4752,0.2510,3.8000,-0.4500,358.9352,180.0077,0.6944,0.0000,0.0000,0.0000
7.170,578.9008,-2.6865,243.5232,0.2510,3.8000,-0.4500,359.0732,180.0095,0.7816,0.0000,0.0000,0.0000
7.281,578.6939,-2.6589,243.5628,0.2510,3.8000,-0.4500,359.3593,180.0139,0.9716,0.0000,0.0000,0.0000
7.394,578.4457,-2.6232,243.6126,0.2510,3.8000,-0.4500,359.4967,180.0163,1.0652,0.0000,0.0000,0.0000
7.503,578.1993,-2.5775,243.6631,0.2510,3.8000,-0.4500,359.7719,180.0219,1.2565,0.0000,0.0000,0.0000
7.615,577.9946,-2.5345,243.7066,0.2510,3.8000,-0.4500,359.9750,180.0266,1.4009,0.0000,0.0000,0.0000
7.739,577.7499,-2.4771,243.7605,0.2510,3.8000,-0.4500,0.1823,180.0320,1.5499,0.0000,0.0000,0.0000
7.852,577.5059,-2.4142,243.8152,0.2510,3.8000,-0.4500,0.3179,180.0357,1.6480,0.0000,0.0000,0.0000
7.976,577.2634,-2.3420,243.8694,0.2510,3.8000,-0.4500,0.5884,180.0440,1.8445,0.0000,0.0000,0.0000
8.089,577.0218,-2.2648,243.9250,0.2510,3.8000,-0.4500,0.7897,180.0507,1.9912,0.0000,0.0000,0.0000
8.198,576.8211,-2.1965,243.9722,0.2510,3.8000,-0.4500,0.9233,180.0555,2.0886,0.0000,0.0000,0.0000
8.309,576.5807,-2.1111,244.0308,0.2510,3.8000,-0.4500,0.9896,180.0579,2.1370,0.0000,0.0000,0.0000
8.421,576.3821,-2.0328,244.0797,0.2510,3.8000,-0.4500,1.1947,180.0659,2.2858,0.0000,0.0000,0.0000
8.531,576.1442,-1.9365,244.1404,0.2510,3.8000,-0.4500,1.3293,180.0713,2.3828,0.0000,0.0000,0.0000
8.643,575.9076,-1.8342,244.2020,0.2510,3.8000,-0.4500,1.5318,180.0800,2.5271,0.0000,0.0000,0.0000
8.754,575.7102,-1.7492,244.2557,0.2510,3.8000,-0.4500,1.5318,180.0800,2.5271,0.0000,0.0000,0.0000
8.865,575.4749,-1.6412,244.3204,0.2510,3.8000,-0.4500,1.6657,180.0860,2.6207,0.0000,0.0000,0.0000
8.976,575.2786,-1.5510,244.3762,0.2510,3.8000,-0.4500,1.6657,180.0860,2.6207,0.0000,0.0000,0.0000
9.087,575.0449,-1.4363,244.4424,0.2510,3.8000,-0.4500,1.8793,180.0961,2.7644,0.0000,0.0000,0.0000
9.198,574.8498,-1.3426,244.4999,0.2510,3.8000,-0.4500,1.8793,180.0961,2.7644,0.0000,0.0000,0.0000
9.323,574.5775,-1.2071,244.5804,0.2510,3.8000,-0.4500,2.0173,180.1029,2.8491,0.0000,0.0000,0.0000
9.448,574.3440,-1.0923,244.6510,0.2510,3.8000,-0.4500,2.0173,180.1029,2.8491,0.0000,0.0000,0.0000
9.559,574.1496,-0.9965,244.7104,0.2510,3.8000,-0.4500,2.0173,180.1029,2.8491,0.0000,0.0000,0.0000
9.684,573.8775,-0.8629,244.7940,0.2510,3.8000,-0.4500,2.0173,180.1029,2.8491,0.0000,0.0000,0.0000
9.796,573.6829,-0.7683,244.8539,0.2510,3.8000,-0.4500,2.0173,180.1029,2.8491,0.0000,0.0000,0.0000
9.906,573.4493,-0.6564,244.9258,0.2510,3.8000,-0.4500,2.0173,180.1029,2.8491,0.0000,0.0000,0.0000
10.017,573.2542,-0.5649,244.9859,0.2510,3.8000,-0.4500,2.0173,180.1029,2.8491,0.0000,0.0000,0.0000
10.129,573.0198,-0.4576,245.0583,0.2510,3.8000,-0.4500,2.0173,180.1029,2.8491,0.0000,0.0000,0.0000
10.254,572.7850,-0.3538,245.1311,0.2510,3.8000,-0.4500,2.0173,180.1029,2.8491,0.0000,0.0000,0.0000
10.365,572.5494,-0.2538,245.2043,0.2510,3.8000,-0.4500,2.0173,180.1029,2.8491,0.0000,0.0000,0.0000
10.476,572.3528,-0.1738,245.2659,0.2510,3.8000,-0.4500,2.0173,180.1029,2.8491,0.0000,0.0000,0.0000
10.600,572.1161,-0.0824,245.3405,0.2510,3.8000,-0.4500,2.0173,180.1029,2.8491,0.0000,0.0000,0.0000
10.712,571.8787,0.0038,245.4157,0.2510,3.8000,-0.4500,2.0173,180.1029,2.8491,0.0000,0.0000,0.0000
10.823,571.6404,0.0842,245.4916,0.2510,3.8000,-0.4500,2.0173,180.1029,2.8491,0.0000,0.0000,0.0000
10.934,571.4397,0.1435,245.5556,0.2510,3.8000,-0.4500,1.9917,180.1016,2.6821,0.0000,0.0000,0.0000
11.046,571.1982,0.2093,245.6313,0.2510,3.8000,-0.4500,1.9597,180.1002,2.5173,0.0000,0.0000,0.0000
11.156,570.9945,0.2552,245.6933,0.2510,3.8000,-0.4500,1.8466,180.0955,2.1969,0.0000,0.0000,0.0000
11.268,570.7502,0.3084,245.7640,0.2510,3.8000,-0.4500,1.7761,180.0929,2.0434,0.0000,0.0000,0.0000
11.379,570.5445,0.3453,245.8204,0.2510,3.8000,-0.4500,1.6670,180.0892,1.8197,0.0000,0.0000,0.0000
11.490,570.2967,0.3837,245.8843,0.2510,3.8000,-0.4500,1.5422,180.0855,1.5976,0.0000,0.0000,0.0000
11.600,570.0887,0.4093,245.9350,0.2510,3.8000,-0.4500,1.4142,180.0822,1.3793,0.0000,0.0000,0.0000
11.712,569.8382,0.4346,245.9917,0.2510,3.8000,-0.4500,1.2887,180.0794,1.1706,0.0000,0.0000,0.0000
11.823,569.5861,0.4525,246.0438,0.2510,3.8000,-0.4500,1.1601,180.0770,0.9590,0.0000,0.0000,0.0000
11.947,569.3326,0.4632,246.0914,0.2510,3.8000,-0.4500,1.0317,180.0751,0.7458,0.0000,0.0000,0.0000
12.057,569.1202,0.4676,246.1277,0.2510,3.8000,-0.4500,0.9474,180.0741,0.6030,0.0000,0.0000,0.0000
12.168,568.8641,0.4658,246.1686,0.2510,3.8000,-0.4500,0.8222,180.0730,0.3866,0.0000,0.0000,0.0000
12.294,568.6068,0.4574,246.2071,0.2510,3.8000,-0.4500,0.7029,180.0724,0.1691,0.0000,0.0000,0.0000
12.418,568.3486,0.4428,246.2440,0.2510,3.8000,-0.4500,0.5889,180.0723,359.9474,0.0000,0.0000,0.0000
12.530,568.0894,0.4225,246.2804,0.2510,3.8000,-0.4500,0.4831,180.0726,359.7246,0.0000,0.0000,0.0000
12.642,567.8732,0.4021,246.3106,0.2510,3.8000,-0.4500,0.4174,180.0730,359.5745,0.0000,0.0000,0.0000
12.752,567.6128,0.3721,246.3478,0.2510,3.8000,-0.4500,0.3277,180.0739,359.3421,0.0000,0.0000,0.0000
12.864,567.3530,0.3408,246.3858,0.2510,3.8000,-0.4500,0.3024,180.0742,359.2636,0.0000,0.0000,0.0000
12.975,567.1356,0.3096,246.4189,0.2510,3.8000,-0.4500,0.2533,180.0749,359.1057,0.0000,0.0000,0.0000
13.085,566.8745,0.2691,246.4604,0.2510,3.8000,-0.4500,0.2105,180.0756,358.9438,0.0000,0.0000,0.0000
13.196,566.6572,0.2333,246.4966,0.2510,3.8000,-0.4500,0.1900,180.0760,358.8648,0.0000,0.0000,0.0000
13.321,566.3954,0.1838,246.5426,0.2510,3.8000,-0.4500,0.1265,180.0774,358.6238,0.0000,0.0000,0.0000
13.433,566.1345,0.1336,246.5912,0.2510,3.8000,-0.4500,0.1029,180.0780,358.5448,0.0000,0.0000,0.0000
13.557,565.8730,0.0781,246.6420,0.2510,3.8000,-0.4500,0.0544,180.0793,358.3878,0.0000,0.0000,0.0000
13.669,565.6114,0.0191,246.6947,0.2510,3.8000,-0.4500,-0.0021,180.0809,358.2385,0.0000,0.0000,0.0000
13.794,565.3506,-0.0402,246.7491,0.2510,3.8000,-0.4500,-0.0021,180.0809,358.2385,0.0000,0.0000,0.0000
13.905,565.0894,-0.1041,246.8056,0.2510,3.8000,-0.4500,359.9638,180.0820,358.1656,0.0000,0.0000,0.0000
14.016,564.8713,-0.1614,246.8544,0.2510,3.8000,-0.4500,359.8793,180.0848,358.0189,0.0000,0.0000,0.0000
14.140,564.6107,-0.2285,246.9146,0.2510,3.8000,-0.4500,359.8793,180.0848,358.0189,0.0000,0.0000,0.0000
14.252,564.3495,-0.3007,246.9774,0.2510,3.8000,-0.4500,359.7784,180.0884,357.8892,0.0000,0.0000,0.0000
14.363,564.0890,-0.3715,247.0421,0.2510,3.8000,-0.4500,359.7784,180.0884,357.8892,0.0000,0.0000,0.0000
14.474,563.8718,-0.4329,247.0976,0.2510,3.8000,-0.4500,359.7163,180.0907,357.8386,0.0000,0.0000,0.0000
14.585,563.6121,-0.5056,247.1651,0.2510,3.8000,-0.4500,359.7163,180.0907,357.8387,0.0000,0.0000,0.0000
14.697,563.3956,-0.5679,247.2228,0.2510,3.8000,-0.4500,359.6427,180.0935,357.8020,0.0000,0.0000,0.0000
14.822,563.1359,-0.6424,247.2930,0.2510,3.8000,-0.4500,359.5689,180.0964,357.7671,0.0000,0.0000,0.0000
14.933,562.8767,-0.7156,247.3637,0.2510,3.8000,-0.4500,359.5689,180.0964,357.7671,0.0000,0.0000,0.0000
15.044,562.6180,-0.7899,247.4362,0.2510,3.8000,-0.4500,359.4033,180.1029,357.7513,0.0000,0.0000,0.0000
15.155,562.4027,-0.8498,247.4960,0.2510,3.8000,-0.4500,359.4033,180.1029,357.7513,0.0000,0.0000,0.0000
15.267,562.1449,-0.9221,247.5697,0.2510,3.8000,-0.4500,359.1548,180.1125,357.7948,0.0000,0.0000,0.0000
15.377,561.9301,-0.9804,247.6294,0.2510,3.8000,-0.4500,359.1548,180.1125,357.7948,0.0000,0.0000,0.0000
15.488,561.6733,-1.0490,247.7015,0.2510,3.8000,-0.4500,358.9258,180.1212,357.9012,0.0000,0.0000,0.0000
15.600,561.4587,-1.1049,247.7585,0.2510,3.8000,-0.4500,358.9258,180.1212,357.9012,0.0000,0.0000,0.0000
15.710,561.2024,-1.1695,247.8261,0.2510,3.8000,-0.4500,358.7210,180.1284,358.0460,0.0000,0.0000,0.0000
15.822,560.9882,-1.2219,247.8633,0.2510,3.8000,-0.4500,358.6613,180.1304,358.0974,0.0000,0.0000,0.0000
15.935,560.7319,-1.2808,247.8676,0.2510,3.8000,-0.4500,358.5420,180.1343,358.2191,0.0000,0.0000,0.0000
16.044,560.4755,-1.3366,247.8470,0.2510,3.8000,-0.4500,358.4288,180.1377,358.3400,0.0000,0.0000,0.0000
16.155,560.2622,-1.3811,247.8189,0.2510,3.8000,-0.4500,358.3787,180.1391,358.4066,0.0000,0.0000,0.0000
16.280,560.0073,-1.4312,247.7724,0.2510,3.8000,-0.4500,358.2798,180.1417,358.5418,0.0000,0.0000,0.0000
16.391,559.7558,-1.4767,247.6950,0.2510,3.8000,-0.4500,358.1442,180.1449,358.7600,0.0000,0.0000,0.0000
16.516,559.5059,-1.5212,247.5831,0.2510,3.8000,-0.4500,358.1442,180.1449,358.7600,0.0000,0.0000,0.0000
16.627,559.2604,-1.5591,247.4441,0.2510,3.8000,-0.4500,358.0231,180.1473,358.9823,0.0000,0.0000,0.0000
16.739,559.0571,-1.5895,247.3097,0.2510,3.8000,-0.4500,357.9861,180.1479,359.0586,0.0000,0.0000,0.0000
16.850,558.8156,-1.6211,247.1323,0.2510,3.8000,-0.4500,357.8784,180.1495,359.2849,0.0000,0.0000,0.0000
16.961,558.6156,-1.6473,246.9547,0.2510,3.8000,-0.4500,357.8784,180.1495,359.2849,0.0000,0.0000,0.0000
17.086,558.3530,-1.6691,246.4904,0.2510,3.8000,-0.4500,357.7513,180.1508,359.5898,0.0000,0.0000,0.0000
17.197,558.1733,-1.6791,246.0170,0.2510,3.8000,-0.4500,357.7513,180.1508,359.5898,0.0000,0.0000,0.0000
17.321,557.9648,-1.6811,245.3699,0.2510,3.8000,-0.4500,357.6661,180.1512,359.8210,0.0000,0.0000,0.0000
17.449,557.7240,-1.6808,244.5591,0.2510,3.8000,-0.4500,357.6661,180.1512,359.8210,0.0000,0.0000,0.0000
17.558,557.5538,-1.6745,243.9875,0.2510,3.8000,-0.4500,357.5849,180.1513,0.0580,0.0000,0.0000,0.0000
17.683,557.3087,-1.6706,243.2894,0.2510,3.8000,-0.4500,357.5588,180.1513,0.1371,0.0000,0.0000,0.0000
17.794,557.1285,-1.6687,242.8868,0.2510,3.8000,-0.4500,357.5068,180.1511,0.2945,0.0000,0.0000,0.0000
17.905,556.9022,-1.6735,242.5352,0.2510,3.8000,-0.4500,357.5068,180.1511,0.2945,0.0000,0.0000,0.0000
18.016,556.7072,-1.6789,242.3414,0.2510,3.8000,-0.4500,357.4553,180.1507,0.4509,0.0000,0.0000,0.0000
18.127,556.4657,-1.6904,242.1990,0.2510,3.8000,-0.4500,357.4295,180.1505,0.5295,0.0000,0.0000,0.0000
18.252,556.2199,-1.7032,242.1282,0.2510,3.8000,-0.4500,357.3788,180.1500,0.6844,0.0000,0.0000,0.0000
18.365,555.9709,-1.7198,242.1068,0.2510,3.8000,-0.4500,357.3787,180.1500,0.6844,0.0000,0.0000,0.0000
18.476,555.7629,-1.7338,242.1121,0.2510,3.8000,-0.4500,357.3788,180.1500,0.6844,0.0000,0.0000,0.0000
18.586,555.5140,-1.7479,242.1363,0.2510,3.8000,-0.4500,357.3327,180.1494,0.8426,0.0000,0.0000,0.0000
18.710,555.2642,-1.7637,242.1735,0.2510,3.8000,-0.4500,357.3327,180.1494,0.8426,0.0000,0.0000,0.0000
18.836,555.0146,-1.7784,242.2192,0.2510,3.8000,-0.4500,357.3327,180.1494,0.8426,0.0000,0.0000,0.0000
18.947,554.7662,-1.7905,242.2705,0.2510,3.8000,-0.4500,357.3173,180.1491,0.9236,0.0000,0.0000,0.0000
19.072,554.5176,-1.8027,242.3255,0.2510,3.8000,-0.4500,357.3173,180.1491,0.9236,0.0000,0.0000,0.0000
19.197,554.2699,-1.8120,242.3833,0.2510,3.8000,-0.4500,357.3094,180.1490,1.0043,0.0000,0.0000,0.0000
19.308,554.0219,-1.8211,242.4426,0.2510,3.8000,-0.4500,357.3094,180.1490,1.0043,0.0000,0.0000,0.0000
19.434,553.7745,-1.8271,242.5024,0.2510,3.8000,-0.4500,357.3166,180.1491,1.0851,0.0000,0.0000,0.0000
19.546,553.5267,-1.8327,242.5621,0.2510,3.8000,-0.4500,357.3166,180.1491,1.0851,0.0000,0.0000,0.0000
19.656,553.3205,-1.8360,242.6119,0.2510,3.8000,-0.4500,357.3166,180.1491,1.0851,0.0000,0.0000,0.0000
19.766,553.0743,-1.8351,242.6714,0.2510,3.8000,-0.4500,357.3667,180.1501,1.2392,0.0000,0.0000,0.0000
19.891,552.8273,-1.8353,242.7322,0.2510,3.8000,-0.4500,357.3667,180.1501,1.2392,0.0000,0.0000,0.0000
20.003,552.5804,-1.8334,242.7935,0.2510,3.8000,-0.4500,357.3667,180.1501,1.2392,0.0000,0.0000,0.0000
20.113,552.3757,-1.8271,242.8442,0.2510,3.8000,-0.4500,357.4711,180.1525,1.3689,0.0000,0.0000,0.0000
20.226,552.1293,-1.8198,242.9061,0.2510,3.8000,-0.4500,357.5235,180.1538,1.4303,0.0000,0.0000,0.0000
20.335,551.9241,-1.8132,242.9586,0.2510,3.8000,-0.4500,357.5235,180.1538,1.4303,0.0000,0.0000,0.0000
20.447,551.6786,-1.8005,243.0213,0.2510,3.8000,-0.4500,357.6558,180.1572,1.5226,0.0000,0.0000,0.0000
20.571,551.4327,-1.7870,243.0846,0.2510,3.8000,-0.4500,357.7298,180.1592,1.5591,0.0000,0.0000,0.0000
20.683,551.1874,-1.7688,243.1470,0.2510,3.8000,-0.4500,357.9686,180.1659,1.6510,0.0000,0.0000,0.0000
20.794,550.9824,-1.7548,243.2006,0.2510,3.8000,-0.4500,357.9686,180.1659,1.6510,0.0000,0.0000,0.0000
20.907,550.7368,-1.7328,243.2638,0.2510,3.8000,-0.4500,358.2214,180.1733,1.7046,0.0000,0.0000,0.0000
21.030,550.4906,-1.7115,243.3291,0.2510,3.8000,-0.4500,358.2214,180.1733,1.7046,0.0000,0.0000,0.0000
21.143,550.2451,-1.6854,243.3931,0.2510,3.8000,-0.4500,358.4752,180.1809,1.7303,0.0000,0.0000,0.0000
21.252,550.0403,-1.6633,243.4476,0.2510,3.8000,-0.4500,358.5580,180.1835,1.7325,0.0000,0.0000,0.0000
21.363,549.7947,-1.6337,243.5121,0.2510,3.8000,-0.4500,358.8109,180.1911,1.7300,0.0000,0.0000,0.0000
21.475,549.5898,-1.6079,243.5660,0.2510,3.8000,-0.4500,358.9710,180.1959,1.7183,0.0000,0.0000,0.0000
21.586,549.3436,-1.5750,243.6302,0.2510,3.8000,-0.4500,359.2094,180.2030,1.6896,0.0000,0.0000,0.0000
21.697,549.1384,-1.5469,243.6842,0.2510,3.8000,-0.4500,359.2868,180.2053,1.6773,0.0000,0.0000,0.0000
21.808,548.8919,-1.5109,243.7475,0.2510,3.8000,-0.4500,359.5312,180.2123,1.6283,0.0000,0.0000,0.0000
21.919,548.6865,-1.4800,243.7998,0.2510,3.8000,-0.4500,359.6886,180.2168,1.5900,0.0000,0.0000,0.0000
22.032,548.4398,-1.4417,243.8616,0.2510,3.8000,-0.4500,359.8482,180.2211,1.5450,0.0000,0.0000,0.0000
22.141,548.2339,-1.4087,243.9118,0.2510,3.8000,-0.4500,0.0063,180.2253,1.4957,0.0000,0.0000,0.0000
22.252,547.9868,-1.3684,243.9714,0.2510,3.8000,-0.4500,0.0826,180.2273,1.4703,0.0000,0.0000,0.0000
22.363,547.7384,-1.3267,244.0282,0.2510,3.8000,-0.4500,0.3945,180.2350,1.3538,0.0000,0.0000,0.0000
22.489,547.4902,-1.2847,244.0855,0.2510,3.8000,-0.4500,0.3945,180.2350,1.3538,0.0000,0.0000,0.0000
22.614,547.2410,-1.2419,244.1399,0.2510,3.8000,-0.4500,0.6221,180.2402,1.2534,0.0000,0.0000,0.0000
22.725,546.9913,-1.1988,244.1926,0.2510,3.8000,-0.4500,0.8479,180.2449,1.1413,0.0000,0.0000,0.0000
22.850,546.7416,-1.1552,244.2443,0.2510,3.8000,-0.4500,0.9199,180.2463,1.1046,0.0000,0.0000,0.0000
22.961,546.5328,-1.1190,244.2856,0.2510,3.8000,-0.4500,1.0613,180.2489,1.0247,0.0000,0.0000,0.0000
23.072,546.2822,-1.0754,244.3342,0.2510,3.8000,-0.4500,1.1339,180.2502,0.9804,0.0000,0.0000,0.0000
23.183,546.0308,-1.0323,244.3799,0.2510,3.8000,-0.4500,1.3472,180.2536,0.8481,0.0000,0.0000,0.0000
23.308,545.7797,-0.9886,244.4251,0.2510,3.8000,-0.4500,1.3472,180.2536,0.8481,0.0000,0.0000,0.0000
23.419,545.5688,-0.9533,244.4603,0.2510,3.8000,-0.4500,1.5532,180.2564,0.7049,0.0000,0.0000,0.0000
23.531,545.3163,-0.9099,244.5028,0.2510,3.8000,-0.4500,1.5532,180.2564,0.7049,0.0000,0.0000,0.0000
23.655,545.0628,-0.8674,244.5435,0.2510,3.8000,-0.4500,1.6818,180.2579,0.6100,0.0000,0.0000,0.0000
23.780,544.8093,-0.8247,244.5838,0.2510,3.8000,-0.4500,1.7449,180.2585,0.5621,0.0000,0.0000,0.0000
23.894,544.5558,-0.7816,244.6240,0.2510,3.8000,-0.4500,1.7449,180.2585,0.5621,0.0000,0.0000,0.0000
24.016,544.3015,-0.7390,244.6631,0.2510,3.8000,-0.4500,1.8766,180.2597,0.4616,0.0000,0.0000,0.0000
24.127,544.0475,-0.6953,244.7029,0.2510,3.8000,-0.4500,1.8766,180.2597,0.4616,0.0000,0.0000,0.0000
24.239,543.8358,-0.6585,244.7365,0.2510,3.8000,-0.4500,1.8766,180.2597,0.4616,0.0000,0.0000,0.0000
24.350,543.5816,-0.6141,244.7777,0.2510,3.8000,-0.4500,1.8766,180.2597,0.4616,0.0000,0.0000,0.0000
24.461,543.3690,-0.5779,244.8112,0.2510,3.8000,-0.4500,2.0822,180.2611,0.3217,0.0000,0.0000,0.0000
24.572,543.1152,-0.5338,244.8529,0.2510,3.8000,-0.4500,2.0822,180.2611,0.3217,0.0000,0.0000,0.0000
24.697,542.8613,-0.4905,244.8945,0.2510,3.8000,-0.4500,2.0823,180.2611,0.3217,0.0000,0.0000,0.0000
24.822,542.6072,-0.4485,244.9361,0.2510,3.8000,-0.4500,2.0823,180.2611,0.3217,0.0000,0.0000,0.0000
24.947,542.3100,-0.4023,244.9842,0.2510,3.8000,-0.4500,2.1379,180.2614,0.2614,0.0000,0.0000,0.0000
25.072,542.0544,-0.3651,245.0253,0.2510,3.8000,-0.4500,2.1925,180.2616,0.2006,0.0000,0.0000,0.0000
25.183,541.7985,-0.3305,245.0663,0.2510,3.8000,-0.4500,2.2369,180.2617,0.1323,0.0000,0.0000,0.0000
25.294,541.5848,-0.3039,245.0997,0.2510,3.8000,-0.4500,2.2770,180.2618,0.0605,0.0000,0.0000,0.0000
25.419,541.3281,-0.2744,245.1389,0.2510,3.8000,-0.4500,2.3120,180.2618,359.9843,0.0000,0.0000,0.0000
25.530,541.0707,-0.2479,245.1772,0.2510,3.8000,-0.4500,2.3460,180.2618,359.9077,0.0000,0.0000,0.0000
25.641,540.8558,-0.2283,245.2088,0.2510,3.8000,-0.4500,2.3732,180.2617,359.8316,0.0000,0.0000,0.0000
25.753,540.5964,-0.2100,245.2464,0.2510,3.8000,-0.4500,2.4402,180.2614,359.5902,0.0000,0.0000,0.0000
25.867,540.3380,-0.1910,245.2843,0.2510,3.8000,-0.4500,2.4402,180.2614,359.5902,0.0000,0.0000,0.0000
25.989,540.0775,-0.1789,245.3225,0.2510,3.8000,-0.4500,2.4820,180.2610,359.3493,0.0000,0.0000,0.0000
26.100,539.8609,-0.1692,245.3550,0.2510,3.8000,-0.4500,2.4907,180.2609,359.2707,0.0000,0.0000,0.0000
26.211,539.6003,-0.1615,245.3945,0.2510,3.8000,-0.4500,2.5041,180.2607,359.1066,0.0000,0.0000,0.0000
26.322,539.3404,-0.1539,245.4350,0.2510,3.8000,-0.4500,2.5041,180.2607,359.1066,0.0000,0.0000,0.0000
26.434,539.1225,-0.1525,245.4699,0.2510,3.8000,-0.4500,2.5114,180.2606,358.9390,0.0000,0.0000,0.0000
26.544,538.8610,-0.1528,245.5138,0.2510,3.8000,-0.4500,2.5143,180.2605,358.7727,0.0000,0.0000,0.0000
26.656,538.6432,-0.1539,245.5524,0.2510,3.8000,-0.4500,2.5153,180.2605,358.6915,0.0000,0.0000,0.0000
26.767,538.3818,-0.1572,245.6010,0.2510,3.8000,-0.4500,2.5142,180.2605,358.6116,0.0000,0.0000,0.0000
26.891,538.1199,-0.1628,245.6517,0.2510,3.8000,-0.4500,2.5120,180.2606,358.5293,0.0000,0.0000,0.0000
27.003,537.8580,-0.1706,245.7046,0.2510,3.8000,-0.4500,2.5097,180.2607,358.4472,0.0000,0.0000,0.0000
27.127,537.5964,-0.1802,245.7596,0.2510,3.8000,-0.4500,2.5061,180.2608,358.3666,0.0000,0.0000,0.0000
27.241,537.3787,-0.1885,245.8066,0.2510,3.8000,-0.4500,2.5061,180.2608,358.3666,0.0000,0.0000,0.0000
27.350,537.1163,-0.2029,245.8649,0.2510,3.8000,-0.4500,2.4966,180.2611,358.2013,0.0000,0.0000,0.0000
27.462,536.8984,-0.2135,245.9147,0.2510,3.8000,-0.4500,2.4966,180.2611,358.2013,0.0000,0.0000,0.0000
27.572,536.6358,-0.2305,245.9757,0.2510,3.8000,-0.4500,2.4837,180.2615,358.0380,0.0000,0.0000,0.0000
27.696,536.3740,-0.2457,246.0381,0.2510,3.8000,-0.4500,2.4837,180.2615,358.0380,0.0000,0.0000,0.0000
27.822,536.0685,-0.2647,246.1127,0.2510,3.8000,-0.4500,2.4837,180.2615,358.0380,0.0000,0.0000,0.0000
27.947,535.8066,-0.2820,246.1774,0.2510,3.8000,-0.4500,2.4837,180.2615,358.0380,0.0000,0.0000,0.0000
28.072,535.5446,-0.3015,246.2430,0.2510,3.8000,-0.4500,2.4744,180.2618,357.9574,0.0000,0.0000,0.0000
28.199,535.2831,-0.3200,246.3093,0.2510,3.8000,-0.4500,2.4744,180.2618,357.9574,0.0000,0.0000,0.0000
28.322,535.0217,-0.3390,246.3763,0.2510,3.8000,-0.4500,2.4745,180.2618,357.9574,0.0000,0.0000,0.0000
28.447,534.7163,-0.3617,246.4550,0.2510,3.8000,-0.4500,2.4745,180.2618,357.9574,0.0000,0.0000,0.0000
28.572,534.4545,-0.3814,246.5228,0.2510,3.8000,-0.4500,2.4745,180.2618,357.9574,0.0000,0.0000,0.0000
28.683,534.1926,-0.4013,246.5907,0.2510,3.8000,-0.4500,2.4744,180.2618,357.9574,0.0000,0.0000,0.0000
28.794,533.9741,-0.4195,246.6479,0.2510,3.8000,-0.4500,2.4587,180.2624,357.8800,0.0000,0.0000,0.0000
28.919,533.7126,-0.4396,246.7170,0.2510,3.8000,-0.4500,2.4587,180.2624,357.8800,0.0000,0.0000,0.0000
29.044,533.4076,-0.4630,246.7983,0.2510,3.8000,-0.4500,2.4587,180.2624,357.8799,0.0000,0.0000,0.0000
29.169,533.1461,-0.4831,246.8683,0.2510,3.8000,-0.4500,2.4587,180.2624,357.8799,0.0000,0.0000,0.0000
29.280,532.9282,-0.4999,246.9267,0.2510,3.8000,-0.4500,2.4587,180.2624,357.8799,0.0000,0.0000,0.0000
29.406,532.6232,-0.5234,247.0087,0.2510,3.8000,-0.4500,2.4587,180.2624,357.8799,0.0000,0.0000,0.0000
29.516,532.4053,-0.5402,247.0670,0.2510,3.8000,-0.4500,2.4587,180.2624,357.8799,0.0000,0.0000,0.0000
29.628,532.1442,-0.5604,247.1366,0.2510,3.8000,-0.4500,2.4587,180.2624,357.8799,0.0000,0.0000,0.0000
29.753,531.8831,-0.5808,247.2061,0.2510,3.8000,-0.4500,2.4587,180.2624,357.8799,0.0000,0.0000,0.0000
29.864,531.6220,-0.6012,247.2755,0.2510,3.8000,-0.4500,2.4587,180.2624,357.8799,0.0000,0.0000,0.0000
29.975,531.4044,-0.6183,247.3333,0.2510,3.8000,-0.4500,2.4587,180.2624,357.8799,0.0000,0.0000,0.0000
30.086,531.1433,-0.6391,247.4027,0.2510,3.8000,-0.4500,2.4587,180.2624,357.8799,0.0000,0.0000,0.0000
30.200,530.9256,-0.6565,247.4604,0.2510,3.8000,-0.4500,2.4587,180.2624,357.8799,0.0000,0.0000,0.0000
30.313,530.6643,-0.6777,247.5296,0.2510,3.8000,-0.4500,2.4587,180.2624,357.8799,0.0000,0.0000,0.0000
30.436,530.4031,-0.6992,247.5986,0.2510,3.8000,-0.4500,2.4587,180.2624,357.8799,0.0000,0.0000,0.0000
30.548,530.1418,-0.7209,247.6674,0.2510,3.8000,-0.4500,2.4587,180.2624,357.8799,0.0000,0.0000,0.0000
30.658,529.9243,-0.7393,247.7245,0.2510,3.8000,-0.4500,2.4587,180.2624,357.8799,0.0000,0.0000,0.0000
30.769,529.6634,-0.7617,247.7927,0.2510,3.8000,-0.4500,2.4587,180.2624,357.8799,0.0000,0.0000,0.0000
30.883,529.4026,-0.7845,247.8609,0.2510,3.8000,-0.4500,2.4586,180.2624,357.8799,0.0000,0.0000,0.0000
30.989,529.1852,-0.8037,247.9176,0.2510,3.8000,-0.4500,2.4586,180.2624,357.8799,0.0000,0.0000,0.0000
31.099,528.9678,-0.8231,247.9743,0.2510,3.8000,-0.4500,2.4586,180.2624,357.8799,0.0000,0.0000,0.0000
31.225,528.6633,-0.8507,248.0537,0.2510,3.8000,-0.4500,2.4586,180.2624,357.8799,0.0000,0.0000,0.0000
31.336,528.4454,-0.8730,248.1119,0.2510,3.8000,-0.4500,2.3161,180.2677,357.8028,0.0000,0.0000,0.0000
31.448,528.1847,-0.8971,248.1812,0.2510,3.8000,-0.4500,2.3161,180.2677,357.8028,0.0000,0.0000,0.0000
31.558,527.9676,-0.9172,248.2396,0.2510,3.8000,-0.4500,2.3161,180.2677,357.8027,0.0000,0.0000,0.0000
31.668,527.7072,-0.9414,248.3103,0.2510,3.8000,-0.4500,2.3161,180.2677,357.8027,0.0000,0.0000,0.0000
31.780,527.4902,-0.9616,248.3697,0.2510,3.8000,-0.4500,2.3161,180.2677,357.8027,0.0000,0.0000,0.0000
31.905,527.1868,-0.9898,248.4535,0.2510,3.8000,-0.4500,2.3161,180.2677,357.8027,0.0000,0.0000,0.0000
32.016,526.9697,-1.0107,248.5140,0.2510,3.8000,-0.4500,2.2400,180.2707,357.7840,0.0000,0.0000,0.0000
32.127,526.7095,-1.0345,248.5862,0.2510,3.8000,-0.4500,2.2400,180.2707,357.7840,0.0000,0.0000,0.0000
32.253,526.4495,-1.0579,248.6586,0.2510,3.8000,-0.4500,2.2400,180.2707,357.7840,0.0000,0.0000,0.0000
32.363,526.1896,-1.0808,248.7310,0.2510,3.8000,-0.4500,2.2400,180.2707,357.7840,0.0000,0.0000,0.0000
32.475,525.9731,-1.0995,248.7915,0.2510,3.8000,-0.4500,2.2400,180.2707,357.7840,0.0000,0.0000,0.0000
32.588,525.7134,-1.1214,248.8640,0.2510,3.8000,-0.4500,2.2400,180.2707,357.7840,0.0000,0.0000,0.0000
32.711,525.4539,-1.1425,248.9367,0.2510,3.8000,-0.4500,2.2400,180.2707,357.7840,0.0000,0.0000,0.0000
32.822,525.2380,-1.1599,248.9981,0.2510,3.8000,-0.4500,2.1575,180.2738,357.7949,0.0000,0.0000,0.0000
32.947,524.9359,-1.1827,249.0835,0.2510,3.8000,-0.4500,2.1575,180.2738,357.7949,0.0000,0.0000,0.0000
33.072,524.6774,-1.2014,249.1568,0.2510,3.8000,-0.4500,2.1575,180.2738,357.7949,0.0000,0.0000,0.0000
33.197,524.4188,-1.2191,249.2303,0.2510,3.8000,-0.4500,2.1575,180.2738,357.7949,0.0000,0.0000,0.0000
33.308,524.1606,-1.2361,249.3038,0.2510,3.8000,-0.4500,2.1575,180.2738,357.7949,0.0000,0.0000,0.0000
33.420,523.9455,-1.2497,249.3652,0.2510,3.8000,-0.4500,2.1575,180.2738,357.7949,0.0000,0.0000,0.0000
33.530,523.6871,-1.2654,249.4388,0.2510,3.8000,-0.4500,2.1575,180.2738,357.7949,0.0000,0.0000,0.0000
33.641,523.4717,-1.2782,249.5001,0.2510,3.8000,-0.4500,2.1575,180.2738,357.7949,0.0000,0.0000,0.0000
33.766,523.1705,-1.2959,249.5858,0.2510,3.8000,-0.4500,2.1575,180.2738,357.7949,0.0000,0.0000,0.0000
33.877,522.9554,-1.3086,249.6471,0.2510,3.8000,-0.4500,2.1575,180.2738,357.7949,0.0000,0.0000,0.0000
33.988,522.6969,-1.3241,249.7205,0.2510,3.8000,-0.4500,2.1575,180.2738,357.7949,0.0000,0.0000,0.0000
34.100,522.4818,-1.3374,249.7817,0.2510,3.8000,-0.4500,2.1575,180.2738,357.7949,0.0000,0.0000,0.0000
34.225,522.1805,-1.3565,249.8671,0.2510,3.8000,-0.4500,2.1575,180.2738,357.7949,0.0000,0.0000,0.0000
34.336,521.9651,-1.3705,249.9279,0.2510,3.8000,-0.4500,2.1575,180.2738,357.7949,0.0000,0.0000,0.0000
34.447,521.7064,-1.3873,250.0006,0.2510,3.8000,-0.4500,2.1575,180.2738,357.7949,0.0000,0.0000,0.0000
34.559,521.4910,-1.4012,250.0609,0.2510,3.8000,-0.4500,2.1575,180.2738,357.7948,0.0000,0.0000,0.0000
34.670,521.2324,-1.4173,250.1328,0.2510,3.8000,-0.4500,2.1575,180.2738,357.7948,0.0000,0.0000,0.0000
34.781,521.0166,-1.4302,250.1924,0.2510,3.8000,-0.4500,2.1575,180.2738,357.7948,0.0000,0.0000,0.0000
34.891,520.7577,-1.4448,250.2635,0.2510,3.8000,-0.4500,2.1575,180.2738,357.7948,0.0000,0.0000,0.0000
35.017,520.4988,-1.4583,250.3342,0.2510,3.8000,-0.4500,2.1575,180.2738,357.7948,0.0000,0.0000,0.0000
35.128,520.2399,-1.4703,250.4045,0.2510,3.8000,-0.4500,2.1575,180.2738,357.7948,0.0000,0.0000,0.0000
35.254,519.9810,-1.4807,250.4744,0.2510,3.8000,-0.4500,2.1575,180.2738,357.7948,0.0000,0.0000,0.0000
35.364,519.7220,-1.4895,250.5441,0.2510,3.8000,-0.4500,2.1575,180.2738,357.7948,0.0000,0.0000,0.0000
35.488,519.4634,-1.4965,250.6135,0.2510,3.8000,-0.4500,2.1575,180.2738,357.7948,0.0000,0.0000,0.0000
35.599,519.2477,-1.5009,250.6711,0.2510,3.8000,-0.4500,2.1575,180.2738,357.7948,0.0000,0.0000,0.0000
35.711,518.9891,-1.5044,250.7401,0.2510,3.8000,-0.4500,2.1575,180.2738,357.7948,0.0000,0.0000,0.0000
35.822,518.7737,-1.5059,250.7974,0.2510,3.8000,-0.4500,2.1575,180.2738,357.7948,0.0000,0.0000,0.0000
35.933,518.5154,-1.5060,250.8659,0.2510,3.8000,-0.4500,2.1575,180.2738,357.7948,0.0000,0.0000,0.0000
36.044,518.2571,-1.5044,250.9341,0.2510,3.8000,-0.4500,2.1575,180.2738,357.7948,0.0000,0.0000,0.0000
36.154,518.0421,-1.5017,250.9908,0.2510,3.8000,-0.4500,2.1575,180.2738,357.7948,0.0000,0.0000,0.0000
36.279,517.7843,-1.4971,251.0584,0.2510,3.8000,-0.4500,2.1575,180.2738,357.7948,0.0000,0.0000,0.0000
36.391,517.5261,-1.4910,251.1251,0.2510,3.8000,-0.4500,2.1575,180.2738,357.7948,0.0000,0.0000,0.0000
36.502,517.3112,-1.4851,251.1800,0.2510,3.8000,-0.4500,2.1575,180.2738,357.7948,0.0000,0.0000,0.0000
36.628,517.0120,-1.4715,251.2546,0.2510,3.8000,-0.4500,2.1170,180.2753,358.0381,0.0000,0.0000,0.0000
36.738,516.7974,-1.4641,251.3053,0.2510,3.8000,-0.4500,2.1170,180.2753,358.0381,0.0000,0.0000,0.0000
36.850,516.5406,-1.4523,251.3643,0.2510,3.8000,-0.4500,2.0766,180.2766,358.1919,0.0000,0.0000,0.0000
36.962,516.3258,-1.4443,251.4089,0.2510,3.8000,-0.4500,2.0766,180.2766,358.1919,0.0000,0.0000,0.0000
37.071,516.0689,-1.4344,251.4153,0.2510,3.8000,-0.4500,2.0499,180.2775,358.2660,0.0000,0.0000,0.0000
37.182,515.8140,-1.4261,251.3675,0.2510,3.8000,-0.4500,2.0141,180.2785,358.3431,0.0000,0.0000,0.0000
37.308,515.5618,-1.4179,251.2824,0.2510,3.8000,-0.4500,1.9410,180.2805,358.4947,0.0000,0.0000,0.0000
37.419,515.3502,-1.4129,251.2112,0.2510,3.8000,-0.4500,1.9410,180.2805,358.4947,0.0000,0.0000,0.0000
37.544,515.0529,-1.4036,251.1383,0.2510,3.8000,-0.4500,1.8509,180.2828,358.6335,0.0000,0.0000,0.0000
37.655,514.8396,-1.3966,251.1211,0.2510,3.8000,-0.4500,1.8032,180.2839,358.7027,0.0000,0.0000,0.0000
37.780,514.5834,-1.3880,251.1265,0.2510,3.8000,-0.4500,1.7500,180.2851,358.7689,0.0000,0.0000,0.0000
37.891,514.3276,-1.3786,251.1500,0.2510,3.8000,-0.4500,1.6436,180.2872,358.8982,0.0000,0.0000,0.0000
38.002,514.1138,-1.3723,251.1772,0.2510,3.8000,-0.4500,1.6436,180.2872,358.8983,0.0000,0.0000,0.0000
38.114,513.8576,-1.3649,251.2167,0.2510,3.8000,-0.4500,1.5852,180.2883,358.9554,0.0000,0.0000,0.0000
38.225,513.6023,-1.3582,251.2607,0.2510,3.8000,-0.4500,1.4619,180.2905,359.0618,0.0000,0.0000,0.0000
38.336,513.3893,-1.3542,251.2985,0.2510,3.8000,-0.4500,1.3983,180.2915,359.1106,0.0000,0.0000,0.0000
38.460,513.1339,-1.3509,251.3453,0.2510,3.8000,-0.4500,1.2601,180.2935,359.1986,0.0000,0.0000,0.0000
38.572,512.8782,-1.3503,251.3918,0.2510,3.8000,-0.4500,1.2601,180.2935,359.1986,0.0000,0.0000,0.0000
38.697,512.6227,-1.3519,251.4400,0.2510,3.8000,-0.4500,1.1146,180.2955,359.2709,0.0000,0.0000,0.0000
38.809,512.3671,-1.3565,251.4888,0.2510,3.8000,-0.4500,0.9599,180.2973,359.3302,0.0000,0.0000,0.0000
38.933,512.1113,-1.3643,251.5376,0.2510,3.8000,-0.4500,0.8036,180.2991,359.3770,0.0000,0.0000,0.0000
39.058,511.8557,-1.3761,251.5867,0.2510,3.8000,-0.4500,0.5615,180.3016,359.4265,0.0000,0.0000,0.0000
39.183,511.5573,-1.3935,251.6324,0.2510,3.8000,-0.4500,0.4817,180.3024,359.4363,0.0000,0.0000,0.0000
39.296,511.3526,-1.4088,251.5324,0.2510,3.8000,-0.4500,0.3199,180.3040,359.4525,0.0000,0.0000,0.0000
39.405,511.1230,-1.4280,251.1583,0.2510,3.8000,-0.4500,359.9927,180.3071,359.4740,0.0000,0.0000,0.0000
39.516,510.9405,-1.4409,250.6995,0.2510,3.8000,-0.4500,359.9927,180.3071,359.4740,0.0000,0.0000,0.0000
39.628,510.7272,-1.4559,250.0702,0.2510,3.8000,-0.4500,359.8289,180.3086,359.4935,0.0000,0.0000,0.0000
39.752,510.5111,-1.4709,249.4915,0.2510,3.8000,-0.4500,359.6651,180.3100,359.5189,0.0000,0.0000,0.0000
39.864,510.2862,-1.4890,249.0531,0.2510,3.8000,-0.4500,359.4248,180.3119,359.5630,0.0000,0.0000,0.0000
39.974,510.0908,-1.5074,248.7985,0.2510,3.8000,-0.4500,359.2629,180.3131,359.5921,0.0000,0.0000,0.0000
40.085,509.8479,-1.5342,248.6006,0.2510,3.8000,-0.4500,359.1010,180.3142,359.6173,0.0000,0.0000,0.0000
40.210,509.5982,-1.5660,248.4867,0.2510,3.8000,-0.4500,359.0214,180.3147,359.6273,0.0000,0.0000,0.0000
40.336,509.3444,-1.6049,248.4325,0.2510,3.8000,-0.4500,358.6786,180.3169,359.6537,0.0000,0.0000,0.0000
40.460,509.0885,-1.6462,248.4126,0.2510,3.8000,-0.4500,358.6786,180.3169,359.6537,0.0000,0.0000,0.0000
40.571,508.8315,-1.6935,248.4155,0.2510,3.8000,-0.4500,358.4354,180.3183,359.6569,0.0000,0.0000,0.0000
40.697,508.5740,-1.7431,248.4311,0.2510,3.8000,-0.4500,358.3519,180.3188,359.6548,0.0000,0.0000,0.0000
40.807,508.3168,-1.7966,248.4592,0.2510,3.8000,-0.4500,358.1855,180.3199,359.6501,0.0000,0.0000,0.0000
40.919,508.1029,-1.8428,248.4896,0.2510,3.8000,-0.4500,358.1051,180.3203,359.6467,0.0000,0.0000,0.0000
41.043,507.8038,-1.9106,248.5405,0.2510,3.8000,-0.4500,357.9363,180.3214,359.6396,0.0000,0.0000,0.0000
41.155,507.5903,-1.9601,248.5800,0.2510,3.8000,-0.4500,357.8543,180.3219,359.6363,0.0000,0.0000,0.0000
41.266,507.3344,-2.0196,248.6288,0.2510,3.8000,-0.4500,357.8543,180.3219,359.6363,0.0000,0.0000,0.0000
41.379,507.1211,-2.0697,248.6706,0.2510,3.8000,-0.4500,357.8543,180.3219,359.6363,0.0000,0.0000,0.0000
41.502,506.8653,-2.1303,248.7219,0.2510,3.8000,-0.4500,357.7745,180.3224,359.6373,0.0000,0.0000,0.0000
41.613,506.6096,-2.1898,248.7730,0.2510,3.8000,-0.4500,357.7745,180.3224,359.6373,0.0000,0.0000,0.0000
41.724,506.3540,-2.2482,248.8244,0.2510,3.8000,-0.4500,357.7745,180.3224,359.6373,0.0000,0.0000,0.0000
41.836,506.1411,-2.2954,248.8671,0.2510,3.8000,-0.4500,357.7745,180.3224,359.6373,0.0000,0.0000,0.0000
41.961,505.8858,-2.3500,248.9184,0.2510,3.8000,-0.4500,357.7745,180.3224,359.6373,0.0000,0.0000,0.0000
42.072,505.6307,-2.4018,248.9696,0.2510,3.8000,-0.4500,357.7745,180.3224,359.6373,0.0000,0.0000,0.0000
42.182,505.3757,-2.4501,249.0206,0.2510,3.8000,-0.4500,357.7745,180.3224,359.6373,0.0000,0.0000,0.0000
42.308,505.1209,-2.4945,249.0714,0.2510,3.8000,-0.4500,357.7745,180.3224,359.6373,0.0000,0.0000,0.0000
42.419,504.9089,-2.5282,249.1136,0.2510,3.8000,-0.4500,357.7745,180.3224,359.6373,0.0000,0.0000,0.0000
42.530,504.6548,-2.5641,249.1637,0.2510,3.8000,-0.4500,357.7745,180.3224,359.6373,0.0000,0.0000,0.0000
42.641,504.4432,-2.5901,249.2044,0.2510,3.8000,-0.4500,357.7745,180.3224,359.6373,0.0000,0.0000,0.0000
42.767,504.1483,-2.6168,249.2599,0.2510,3.8000,-0.4500,357.8036,180.3223,359.7979,0.0000,0.0000,0.0000
42.877,503.9380,-2.6300,249.2981,0.2510,3.8000,-0.4500,357.8653,180.3221,359.9521,0.0000,0.0000,0.0000
42.988,503.6857,-2.6409,249.3424,0.2510,3.8000,-0.4500,357.9388,180.3222,0.0961,0.0000,0.0000,0.0000
43.099,503.4762,-2.6431,249.3777,0.2510,3.8000,-0.4500,358.0982,180.3227,0.2924,0.0000,0.0000,0.0000
43.224,503.1826,-2.6410,249.4263,0.2510,3.8000,-0.4500,358.2734,180.3239,0.4637,0.0000,0.0000,0.0000
43.336,502.9732,-2.6344,249.4609,0.2510,3.8000,-0.4500,358.3998,180.3250,0.5687,0.0000,0.0000,0.0000
43.447,502.7225,-2.6200,249.5026,0.2510,3.8000,-0.4500,358.6018,180.3273,0.7086,0.0000,0.0000,0.0000
43.572,502.4724,-2.5994,249.5449,0.2510,3.8000,-0.4500,358.8178,180.3302,0.8352,0.0000,0.0000,0.0000
43.697,502.2231,-2.5714,249.5874,0.2510,3.8000,-0.4500,359.1208,180.3350,0.9865,0.0000,0.0000,0.0000
43.811,501.9743,-2.5378,249.6307,0.2510,3.8000,-0.4500,359.4267,180.3407,1.1144,0.0000,0.0000,0.0000
43.919,501.7671,-2.5069,249.6681,0.2510,3.8000,-0.4500,359.5790,180.3437,1.1711,0.0000,0.0000,0.0000
44.044,501.4777,-2.4564,249.7209,0.2510,3.8000,-0.4500,359.8165,180.3487,1.2507,0.0000,0.0000,0.0000
44.155,501.2718,-2.4132,249.7579,0.2510,3.8000,-0.4500,0.1482,180.3563,1.3546,0.0000,0.0000,0.0000
44.268,501.0248,-2.3586,249.8044,0.2510,3.8000,-0.4500,0.3078,180.3601,1.4059,0.0000,0.0000,0.0000
44.378,500.8199,-2.3067,249.8425,0.2510,3.8000,-0.4500,0.5496,180.3662,1.4872,0.0000,0.0000,0.0000
44.487,500.5747,-2.2377,249.8883,0.2510,3.8000,-0.4500,0.8731,180.3749,1.6089,0.0000,0.0000,0.0000
44.613,500.3300,-2.1643,249.9355,0.2510,3.8000,-0.4500,1.0269,180.3793,1.6717,0.0000,0.0000,0.0000
44.724,500.0868,-2.0820,249.9820,0.2510,3.8000,-0.4500,1.3305,180.3886,1.8054,0.0000,0.0000,0.0000
44.849,499.8444,-1.9941,250.0299,0.2510,3.8000,-0.4500,1.5565,180.3959,1.9172,0.0000,0.0000,0.0000
44.960,499.6430,-1.9166,250.0705,0.2510,3.8000,-0.4500,1.7063,180.4010,1.9957,0.0000,0.0000,0.0000
45.071,499.4022,-1.8186,250.1205,0.2510,3.8000,-0.4500,1.8529,180.4062,2.0739,0.0000,0.0000,0.0000
45.196,499.1632,-1.7122,250.1704,0.2510,3.8000,-0.4500,2.1502,180.4174,2.2447,0.0000,0.0000,0.0000
45.321,498.9243,-1.6044,250.2234,0.2510,3.8000,-0.4500,2.2201,180.4202,2.2855,0.0000,0.0000,0.0000
45.432,498.6870,-1.4891,250.2765,0.2510,3.8000,-0.4500,2.4323,180.4289,2.4157,0.0000,0.0000,0.0000
45.545,498.4500,-1.3721,250.3316,0.2510,3.8000,-0.4500,2.5022,180.4319,2.4598,0.0000,0.0000,0.0000
45.656,498.2536,-1.2702,250.3776,0.2510,3.8000,-0.4500,2.6416,180.4380,2.5480,0.0000,0.0000,0.0000
45.779,498.0178,-1.1481,250.4349,0.2510,3.8000,-0.4500,2.6416,180.4380,2.5479,0.0000,0.0000,0.0000
45.890,497.7835,-1.0196,250.4905,0.2510,3.8000,-0.4500,2.8520,180.4476,2.6826,0.0000,0.0000,0.0000
46.001,497.5878,-0.9142,250.5387,0.2510,3.8000,-0.4500,2.8520,180.4476,2.6826,0.0000,0.0000,0.0000
46.126,497.3141,-0.7653,250.6061,0.2510,3.8000,-0.4500,2.8520,180.4476,2.6826,0.0000,0.0000,0.0000
46.252,497.0796,-0.6371,250.6632,0.2510,3.8000,-0.4500,2.8520,180.4476,2.6826,0.0000,0.0000,0.0000
46.363,496.8452,-0.5093,250.7194,0.2510,3.8000,-0.4500,2.8520,180.4476,2.6826,0.0000,0.0000,0.0000
46.474,496.6497,-0.4035,250.7659,0.2510,3.8000,-0.4500,2.8520,180.4476,2.6826,0.0000,0.0000,0.0000
46.585,496.4149,-0.2780,250.8213,0.2510,3.8000,-0.4500,2.8520,180.4476,2.6826,0.0000,0.0000,0.0000
46.696,496.2190,-0.1753,250.8673,0.2510,3.8000,-0.4500,2.8520,180.4476,2.6826,0.0000,0.0000,0.0000
46.808,495.9836,-0.0546,250.9226,0.2510,3.8000,-0.4500,2.8520,180.4476,2.6826,0.0000,0.0000,0.0000
46.919,495.7871,0.0433,250.9687,0.2510,3.8000,-0.4500,2.8520,180.4476,2.6826,0.0000,0.0000,0.0000
47.029,495.5508,0.1569,251.0247,0.2510,3.8000,-0.4500,2.8520,180.4476,2.6826,0.0000,0.0000,0.0000
47.155,495.3138,0.2658,251.0815,0.2510,3.8000,-0.4500,2.8520,180.4476,2.6826,0.0000,0.0000,0.0000
47.268,495.0762,0.3694,251.1392,0.2510,3.8000,-0.4500,2.8520,180.4476,2.6827,0.0000,0.0000,0.0000
47.390,494.8378,0.4671,251.1980,0.2510,3.8000,-0.4500,2.8520,180.4476,2.6827,0.0000,0.0000,0.0000
47.515,494.5985,0.5583,251.2587,0.2510,3.8000,-0.4500,2.8520,180.4476,2.6827,0.0000,0.0000,0.0000
47.615,494.3986,0.6292,251.3109,0.2510,3.8000,-0.4500,2.8520,180.4476,2.6827,0.0000,0.0000,0.0000
47.724,494.1546,0.6992,251.3766,0.2510,3.8000,-0.4500,2.6449,180.4387,2.2876,0.0000,0.0000,0.0000
47.835,493.9515,0.7555,251.4296,0.2510,3.8000,-0.4500,2.5556,180.4352,2.1472,0.0000,0.0000,0.0000
47.948,493.7059,0.8148,251.4912,0.2510,3.8000,-0.4500,2.4149,180.4302,1.9417,0.0000,0.0000,0.0000
48.057,493.4994,0.8555,251.5414,0.2510,3.8000,-0.4500,2.2073,180.4236,1.6758,0.0000,0.0000,0.0000
48.168,493.2510,0.8994,251.5983,0.2510,3.8000,-0.4500,2.0476,180.4192,1.4825,0.0000,0.0000,0.0000
48.293,493.0005,0.9331,251.6526,0.2510,3.8000,-0.4500,1.8289,180.4140,1.2281,0.0000,0.0000,0.0000
48.404,492.7481,0.9565,251.7033,0.2510,3.8000,-0.4500,1.5513,180.4089,0.9145,0.0000,0.0000,0.0000
48.516,492.5380,0.9741,251.7410,0.2510,3.8000,-0.4500,1.4945,180.4080,0.8511,0.0000,0.0000,0.0000
48.627,492.2827,0.9813,251.7845,0.2510,3.8000,-0.4500,1.2063,180.4045,0.5302,0.0000,0.0000,0.0000
48.738,492.0695,0.9826,251.8177,0.2510,3.8000,-0.4500,1.0388,180.4032,0.3431,0.0000,0.0000,0.0000
48.849,491.8128,0.9774,251.8549,0.2510,3.8000,-0.4500,0.8700,180.4025,0.1538,0.0000,0.0000,0.0000
48.959,491.5974,0.9645,251.8852,0.2510,3.8000,-0.4500,0.6485,180.4024,359.9035,0.0000,0.0000,0.0000
49.070,491.3392,0.9459,251.9207,0.2510,3.8000,-0.4500,0.5350,180.4027,359.7730,0.0000,0.0000,0.0000
49.195,491.0802,0.9179,251.9584,0.2510,3.8000,-0.4500,0.3656,180.4037,359.5770,0.0000,0.0000,0.0000
49.305,490.8202,0.8810,251.9984,0.2510,3.8000,-0.4500,0.1445,180.4058,359.3152,0.0000,0.0000,0.0000
49.431,490.5598,0.8390,252.0200,0.2510,3.8000,-0.4500,359.9872,180.4079,359.1240,0.0000,0.0000,0.0000
49.542,490.3444,0.8016,252.0042,0.2510,3.8000,-0.4500,359.9349,180.4088,359.0598,0.0000,0.0000,0.0000
49.667,490.0441,0.7391,251.9338,0.2510,3.8000,-0.4500,359.7286,180.4126,358.7997,0.0000,0.0000,0.0000
49.778,489.8313,0.6919,251.8560,0.2510,3.8000,-0.4500,359.6266,180.4149,358.6679,0.0000,0.0000,0.0000
49.889,489.5779,0.6334,251.7411,0.2510,3.8000,-0.4500,359.5759,180.4161,358.6023,0.0000,0.0000,0.0000
50.014,489.3245,0.5677,251.6111,0.2510,3.8000,-0.4500,359.4216,180.4201,358.4070,0.0000,0.0000,0.0000
50.125,489.0704,0.4979,251.4871,0.2510,3.8000,-0.4500,359.2614,180.4249,358.2168,0.0000,0.0000,0.0000
50.250,488.8146,0.4283,251.3912,0.2510,3.8000,-0.4500,359.2614,180.4249,358.2168,0.0000,0.0000,0.0000
50.362,488.5987,0.3619,251.3457,0.2510,3.8000,-0.4500,359.0856,180.4306,358.0308,0.0000,0.0000,0.0000
50.473,488.3397,0.2822,251.3146,0.2510,3.8000,-0.4500,359.0290,180.4326,357.9723,0.0000,0.0000,0.0000
50.597,488.0812,0.1998,251.2607,0.2510,3.8000,-0.4500,358.9685,180.4348,357.9182,0.0000,0.0000,0.0000
50.708,487.8241,0.1126,251.1793,0.2510,3.8000,-0.4500,358.7759,180.4420,357.7624,0.0000,0.0000,0.0000
50.819,487.6113,0.0425,251.0969,0.2510,3.8000,-0.4500,358.7759,180.4420,357.7624,0.0000,0.0000,0.0000
50.931,487.3548,-0.0433,251.0089,0.2510,3.8000,-0.4500,358.7759,180.4420,357.7624,0.0000,0.0000,0.0000
51.042,487.1398,-0.1189,250.9593,0.2510,3.8000,-0.4500,358.6357,180.4476,357.6823,0.0000,0.0000,0.0000
51.154,486.8817,-0.2093,250.9543,0.2510,3.8000,-0.4500,358.6357,180.4476,357.6823,0.0000,0.0000,0.0000
51.278,486.6235,-0.3028,250.9869,0.2510,3.8000,-0.4500,358.5598,180.4507,357.6560,0.0000,0.0000,0.0000
51.403,486.3226,-0.4117,251.0509,0.2510,3.8000,-0.4500,358.5598,180.4507,357.6560,0.0000,0.0000,0.0000
51.514,486.1079,-0.4895,251.1066,0.2510,3.8000,-0.4500,358.5598,180.4507,357.6560,0.0000,0.0000,0.0000
51.625,485.8507,-0.5826,251.1813,0.2510,3.8000,-0.4500,358.4756,180.4541,357.6513,0.0000,0.0000,0.0000
51.737,485.6366,-0.6584,251.2473,0.2510,3.8000,-0.4500,358.4756,180.4541,357.6513,0.0000,0.0000,0.0000
51.848,485.3803,-0.7476,251.3303,0.2510,3.8000,-0.4500,358.3940,180.4575,357.6652,0.0000,0.0000,0.0000
51.959,485.1672,-0.8193,251.4017,0.2510,3.8000,-0.4500,358.3188,180.4605,357.6982,0.0000,0.0000,0.0000
52.084,484.8690,-0.9155,251.5031,0.2510,3.8000,-0.4500,358.2451,180.4635,357.7330,0.0000,0.0000,0.0000
52.196,484.6566,-0.9802,251.5763,0.2510,3.8000,-0.4500,358.1870,180.4657,357.7885,0.0000,0.0000,0.0000
52.306,484.4024,-1.0525,251.6644,0.2510,3.8000,-0.4500,358.0904,180.4693,357.9262,0.0000,0.0000,0.0000
52.417,484.1905,-1.1094,251.7363,0.2510,3.8000,-0.4500,358.0460,180.4709,357.9957,0.0000,0.0000,0.0000
52.528,483.9367,-1.1713,251.8206,0.2510,3.8000,-0.4500,357.9925,180.4727,358.1496,0.0000,0.0000,0.0000
52.653,483.6831,-1.2270,251.9022,0.2510,3.8000,-0.4500,357.9658,180.4736,358.3127,0.0000,0.0000,0.0000
52.764,483.4301,-1.2750,251.9809,0.2510,3.8000,-0.4500,357.9484,180.4740,358.5625,0.0000,0.0000,0.0000
52.876,483.2191,-1.3108,252.0439,0.2510,3.8000,-0.4500,357.9684,180.4736,358.7289,0.0000,0.0000,0.0000
53.000,482.9663,-1.3471,252.1166,0.2510,3.8000,-0.4500,358.0083,180.4728,358.9702,0.0000,0.0000,0.0000
53.112,482.7133,-1.3784,252.1862,0.2510,3.8000,-0.4500,358.0630,180.4719,359.1299,0.0000,0.0000,0.0000
53.236,482.4609,-1.4020,252.2531,0.2510,3.8000,-0.4500,358.1583,180.4706,359.3610,0.0000,0.0000,0.0000
53.348,482.2078,-1.4230,252.3177,0.2510,3.8000,-0.4500,358.1931,180.4702,359.4337,0.0000,0.0000,0.0000
53.473,481.9565,-1.4335,252.3789,0.2510,3.8000,-0.4500,358.3605,180.4690,359.7183,0.0000,0.0000,0.0000
53.598,481.7038,-1.4434,252.4380,0.2510,3.8000,-0.4500,358.4117,180.4688,359.7839,0.0000,0.0000,0.0000
53.723,481.4099,-1.4476,252.5038,0.2510,3.8000,-0.4500,358.5174,180.4685,359.9140,0.0000,0.0000,0.0000
53.848,481.1584,-1.4447,252.5566,0.2510,3.8000,-0.4500,358.6926,180.4685,0.0874,0.0000,0.0000,0.0000
53.958,480.9488,-1.4402,252.5986,0.2510,3.8000,-0.4500,358.8236,180.4688,0.1850,0.0000,0.0000,0.0000
54.071,480.6965,-1.4334,252.6472,0.2510,3.8000,-0.4500,358.8934,180.4691,0.2278,0.0000,0.0000,0.0000
54.195,480.4445,-1.4222,252.6927,0.2510,3.8000,-0.4500,359.0362,180.4698,0.3075,0.0000,0.0000,0.0000
54.306,480.1924,-1.4071,252.7352,0.2510,3.8000,-0.4500,359.2767,180.4712,0.3956,0.0000,0.0000,0.0000
54.431,479.9399,-1.3918,252.7766,0.2510,3.8000,-0.4500,359.3574,180.4718,0.4153,0.0000,0.0000,0.0000
54.542,479.6874,-1.3732,252.8161,0.2510,3.8000,-0.4500,359.5194,180.4730,0.4510,0.0000,0.0000,0.0000
54.667,479.4347,-1.3520,252.8541,0.2510,3.8000,-0.4500,359.7635,180.4750,0.4736,0.0000,0.0000,0.0000
54.778,479.2238,-1.3336,252.8854,0.2510,3.8000,-0.4500,359.9260,180.4764,0.4732,0.0000,0.0000,0.0000
54.890,478.9706,-1.3109,252.9230,0.2510,3.8000,-0.4500,0.0063,180.4770,0.4714,0.0000,0.0000,0.0000
55.001,478.7593,-1.2904,252.9530,0.2510,3.8000,-0.4500,0.1710,180.4783,0.4518,0.0000,0.0000,0.0000
55.126,478.4631,-1.2607,252.9940,0.2510,3.8000,-0.4500,0.4153,180.4802,0.4050,0.0000,0.0000,0.0000
55.237,478.2511,-1.2388,253.0226,0.2510,3.8000,-0.4500,0.5740,180.4812,0.3666,0.0000,0.0000,0.0000
55.361,477.9962,-1.2122,253.0561,0.2510,3.8000,-0.4500,0.8097,180.4826,0.2872,0.0000,0.0000,0.0000
55.473,477.7413,-1.1855,253.0898,0.2510,3.8000,-0.4500,0.8852,180.4830,0.2602,0.0000,0.0000,0.0000
55.584,477.4857,-1.1587,253.1224,0.2510,3.8000,-0.4500,1.0364,180.4836,0.1918,0.0000,0.0000,0.0000
55.695,477.2719,-1.1368,253.1485,0.2510,3.8000,-0.4500,1.2619,180.4841,0.0748,0.0000,0.0000,0.0000
55.806,477.0156,-1.1105,253.1809,0.2510,3.8000,-0.4500,1.3325,180.4841,0.0326,0.0000,0.0000,0.0000
55.932,476.7587,-1.0850,253.2124,0.2510,3.8000,-0.4500,1.4716,180.4841,359.9447,0.0000,0.0000,0.0000
56.042,476.5011,-1.0604,253.2431,0.2510,3.8000,-0.4500,1.6081,180.4839,359.8478,0.0000,0.0000,0.0000
56.167,476.2429,-1.0371,253.2724,0.2510,3.8000,-0.4500,1.7389,180.4834,359.7448,0.0000,0.0000,0.0000
56.278,476.0275,-1.0184,253.2962,0.2510,3.8000,-0.4500,1.8005,180.4831,359.6924,0.0000,0.0000,0.0000
56.390,475.7673,-0.9990,253.3231,0.2510,3.8000,-0.4500,2.0447,180.4813,359.4571,0.0000,0.0000,0.0000
56.501,475.5515,-0.9822,253.3471,0.2510,3.8000,-0.4500,2.0447,180.4813,359.4571,0.0000,0.0000,0.0000
56.615,475.2913,-0.9651,253.3758,0.2510,3.8000,-0.4500,2.1504,180.4802,359.3316,0.0000,0.0000,0.0000
56.736,475.0311,-0.9494,253.4052,0.2510,3.8000,-0.4500,2.2011,180.4796,359.2636,0.0000,0.0000,0.0000
56.861,474.7698,-0.9366,253.4345,0.2510,3.8000,-0.4500,2.3001,180.4782,359.1273,0.0000,0.0000,0.0000
56.986,474.4651,-0.9235,253.4695,0.2510,3.8000,-0.4500,2.3431,180.4775,359.0575,0.0000,0.0000,0.0000
57.098,474.2460,-0.9184,253.4949,0.2510,3.8000,-0.4500,2.4649,180.4753,358.8353,0.0000,0.0000,0.0000
57.211,473.9846,-0.9110,253.5290,0.2510,3.8000,-0.4500,2.4649,180.4753,358.8353,0.0000,0.0000,0.0000
57.334,473.7220,-0.9082,253.5653,0.2510,3.8000,-0.4500,2.5299,180.4738,358.6809,0.0000,0.0000,0.0000
57.445,473.4597,-0.9068,253.6045,0.2510,3.8000,-0.4500,2.5570,180.4732,358.6009,0.0000,0.0000,0.0000
57.556,473.2410,-0.9077,253.6392,0.2510,3.8000,-0.4500,2.5836,180.4725,358.5207,0.0000,0.0000,0.0000
57.667,472.9779,-0.9122,253.6830,0.2510,3.8000,-0.4500,2.6247,180.4714,358.3586,0.0000,0.0000,0.0000
57.792,472.7158,-0.9165,253.7294,0.2510,3.8000,-0.4500,2.6247,180.4714,358.3586,0.0000,0.0000,0.0000
57.903,472.4526,-0.9259,253.7782,0.2510,3.8000,-0.4500,2.6522,180.4706,358.1953,0.0000,0.0000,0.0000
58.014,472.2339,-0.9332,253.8208,0.2510,3.8000,-0.4500,2.6522,180.4706,358.1953,0.0000,0.0000,0.0000
58.139,471.9705,-0.9467,253.8738,0.2510,3.8000,-0.4500,2.6641,180.4702,358.0304,0.0000,0.0000,0.0000
58.252,471.7082,-0.9594,253.9294,0.2510,3.8000,-0.4500,2.6641,180.4702,358.0304,0.0000,0.0000,0.0000
58.362,471.4892,-0.9727,253.9773,0.2510,3.8000,-0.4500,2.6616,180.4703,357.9492,0.0000,0.0000,0.0000
58.473,471.2264,-0.9899,254.0368,0.2510,3.8000,-0.4500,2.6586,180.4704,357.8685,0.0000,0.0000,0.0000
58.597,470.9641,-1.0070,254.0989,0.2510,3.8000,-0.4500,2.6586,180.4704,357.8685,0.0000,0.0000,0.0000
58.723,470.6582,-1.0282,254.1740,0.2510,3.8000,-0.4500,2.6586,180.4704,357.8685,0.0000,0.0000,0.0000
58.834,470.4398,-1.0439,254.2290,0.2510,3.8000,-0.4500,2.6586,180.4704,357.8685,0.0000,0.0000,0.0000
58.945,470.1778,-1.0632,254.2960,0.2510,3.8000,-0.4500,2.6586,180.4704,357.8685,0.0000,0.0000,0.0000
59.056,469.9595,-1.0795,254.3522,0.2510,3.8000,-0.4500,2.6586,180.4704,357.8685,0.0000,0.0000,0.0000
59.181,469.6976,-1.0988,254.4198,0.2510,3.8000,-0.4500,2.6586,180.4704,357.8685,0.0000,0.0000,0.0000
59.293,469.4357,-1.1176,254.4875,0.2510,3.8000,-0.4500,2.6586,180.4704,357.8685,0.0000,0.0000,0.0000
59.417,469.1738,-1.1355,254.5551,0.2510,3.8000,-0.4500,2.6586,180.4704,357.8685,0.0000,0.0000,0.0000
59.528,468.9122,-1.1522,254.6226,0.2510,3.8000,-0.4500,2.6586,180.4704,357.8685,0.0000,0.0000,0.0000
59.653,468.6508,-1.1672,254.6900,0.2510,3.8000,-0.4500,2.6586,180.4704,357.8685,0.0000,0.0000,0.0000
59.778,468.3895,-1.1801,254.7568,0.2510,3.8000,-0.4500,2.6586,180.4704,357.8686,0.0000,0.0000,0.0000
59.889,468.1285,-1.1906,254.8228,0.2510,3.8000,-0.4500,2.6586,180.4704,357.8686,0.0000,0.0000,0.0000
60.014,467.8677,-1.1984,254.8881,0.2510,3.8000,-0.4500,2.6586,180.4704,357.8686,0.0000,0.0000,0.0000
60.139,467.6073,-1.2030,254.9528,0.2510,3.8000,-0.4500,2.6586,180.4704,357.8686,0.0000,0.0000,0.0000
60.251,467.3471,-1.2041,255.0167,0.2510,3.8000,-0.4500,2.6586,180.4704,357.8685,0.0000,0.0000,0.0000
60.362,467.1307,-1.2022,255.0693,0.2510,3.8000,-0.4500,2.6586,180.4704,357.8685,0.0000,0.0000,0.0000
60.473,466.8714,-1.1962,255.1317,0.2510,3.8000,-0.4500,2.6586,180.4704,357.8685,0.0000,0.0000,0.0000
60.584,466.6122,-1.1860,255.1928,0.2510,3.8000,-0.4500,2.6586,180.4704,357.8686,0.0000,0.0000,0.0000
60.709,466.3553,-1.1669,255.2525,0.2510,3.8000,-0.4500,2.5317,180.4748,358.1757,0.0000,0.0000,0.0000
60.820,466.1400,-1.1512,255.2986,0.2510,3.8000,-0.4500,2.5317,180.4748,358.1757,0.0000,0.0000,0.0000
60.931,465.8839,-1.1228,255.3508,0.2510,3.8000,-0.4500,2.4626,180.4768,358.5080,0.0000,0.0000,0.0000
61.042,465.6690,-1.1000,255.3903,0.2510,3.8000,-0.4500,2.4626,180.4768,358.5080,0.0000,0.0000,0.0000
61.153,465.4136,-1.0624,255.4331,0.2510,3.8000,-0.4500,2.4320,180.4775,358.8486,0.0000,0.0000,0.0000
61.277,465.1574,-1.0230,255.4705,0.2510,3.8000,-0.4500,2.4268,180.4776,359.0125,0.0000,0.0000,0.0000
61.389,464.9023,-0.9771,255.5030,0.2510,3.8000,-0.4500,2.4273,180.4776,359.2634,0.0000,0.0000,0.0000
61.500,464.6898,-0.9358,255.5267,0.2510,3.8000,-0.4500,2.4335,180.4775,359.4354,0.0000,0.0000,0.0000
61.612,464.4359,-0.8811,255.5515,0.2510,3.8000,-0.4500,2.4445,180.4774,359.6857,0.0000,0.0000,0.0000
61.723,464.1823,-0.8216,255.5725,0.2510,3.8000,-0.4500,2.4618,180.4774,359.9334,0.0000,0.0000,0.0000
61.848,463.9283,-0.7605,255.5910,0.2510,3.8000,-0.4500,2.4678,180.4774,0.0140,0.0000,0.0000,0.0000
61.958,463.7186,-0.7026,255.6045,0.2510,3.8000,-0.4500,2.4905,180.4774,0.2649,0.0000,0.0000,0.0000
62.071,463.4668,-0.6317,255.6198,0.2510,3.8000,-0.4500,2.5068,180.4775,0.4265,0.0000,0.0000,0.0000
62.181,463.2579,-0.5686,255.6317,0.2510,3.8000,-0.4500,2.5255,180.4777,0.5951,0.0000,0.0000,0.0000
62.292,463.0074,-0.4912,255.6462,0.2510,3.8000,-0.4500,2.5348,180.4778,0.6787,0.0000,0.0000,0.0000
62.404,462.7644,-0.4108,255.5756,0.2510,3.8000,-0.4500,2.5542,180.4781,0.8446,0.0000,0.0000,0.0000
62.528,462.5407,-0.3370,255.2394,0.2510,3.8000,-0.4500,2.5827,180.4785,1.0924,0.0000,0.0000,0.0000
62.653,462.3297,-0.2744,254.6954,0.2510,3.8000,-0.4500,2.5910,180.4787,1.1755,0.0000,0.0000,0.0000
62.764,462.1261,-0.2158,254.0453,0.2510,3.8000,-0.4500,2.5992,180.4789,1.2592,0.0000,0.0000,0.0000
62.876,461.9581,-0.1631,253.5120,0.2510,3.8000,-0.4500,2.6193,180.4794,1.5041,0.0000,0.0000,0.0000
62.987,461.7483,-0.0989,252.9842,0.2510,3.8000,-0.4500,2.6193,180.4794,1.5041,0.0000,0.0000,0.0000
63.111,461.5300,-0.0227,252.6040,0.2510,3.8000,-0.4500,2.6267,180.4796,1.6702,0.0000,0.0000,0.0000
63.237,461.3019,0.0589,252.3485,0.2510,3.8000,-0.4500,2.6267,180.4796,1.6702,0.0000,0.0000,0.0000
63.347,461.0676,0.1468,252.1793,0.2510,3.8000,-0.4500,2.6267,180.4796,1.6702,0.0000,0.0000,0.0000
63.472,460.8304,0.2404,252.0750,0.2510,3.8000,-0.4500,2.6260,180.4796,1.7533,0.0000,0.0000,0.0000
63.598,460.5905,0.3286,252.0356,0.2510,3.8000,-0.4500,2.6260,180.4796,1.7533,0.0000,0.0000,0.0000
63.709,460.3468,0.3746,252.0348,0.2510,3.8000,-0.4500,2.6260,180.4796,1.7533,0.0000,0.0000,0.0000
63.821,460.1342,0.3971,252.0508,0.2510,3.8000,-0.4500,2.5850,180.4786,0.9341,0.0000,0.0000,0.0000
63.933,459.8693,0.3853,252.0753,0.2510,3.8000,-0.4500,2.5439,180.4784,359.4289,0.0000,0.0000,0.0000
64.055,459.6032,0.3570,252.1021,0.2510,3.8000,-0.4500,2.5217,180.4788,358.3675,0.0000,0.0000,0.0000
64.181,459.3406,0.3416,252.1370,0.2510,3.8000,-0.4500,2.5142,180.4790,358.0751,0.0000,0.0000,0.0000
64.306,459.0357,0.3318,252.1870,0.2510,3.8000,-0.4500,2.5142,180.4790,358.0751,0.0000,0.0000,0.0000
64.419,458.8179,0.3271,252.2262,0.2510,3.8000,-0.4500,2.5142,180.4790,358.0751,0.0000,0.0000,0.0000
64.542,458.5567,0.3247,252.2756,0.2510,3.8000,-0.4500,2.5142,180.4790,358.0751,0.0000,0.0000,0.0000
64.653,458.2957,0.3261,252.3262,0.2510,3.8000,-0.4500,2.5142,180.4790,358.0751,0.0000,0.0000,0.0000
64.777,458.0348,0.3310,252.3773,0.2510,3.8000,-0.4500,2.5142,180.4790,358.0751,0.0000,0.0000,0.0000
64.891,457.7744,0.3395,252.4282,0.2510,3.8000,-0.4500,2.5142,180.4790,358.0751,0.0000,0.0000,0.0000
65.004,457.5143,0.3514,252.4790,0.2510,3.8000,-0.4500,2.5142,180.4790,358.0751,0.0000,0.0000,0.0000
65.111,457.2980,0.3638,252.5215,0.2510,3.8000,-0.4500,2.5142,180.4790,358.0751,0.0000,0.0000,0.0000
65.223,457.0388,0.3818,252.5730,0.2510,3.8000,-0.4500,2.5142,180.4790,358.0751,0.0000,0.0000,0.0000
65.333,456.8239,0.4010,252.6162,0.2510,3.8000,-0.4500,2.5094,180.4792,358.1606,0.0000,0.0000,0.0000
65.445,456.5673,0.4296,252.6665,0.2510,3.8000,-0.4500,2.4955,180.4796,358.4156,0.0000,0.0000,0.0000
65.569,456.3105,0.4601,252.7136,0.2510,3.8000,-0.4500,2.4880,180.4798,358.5822,0.0000,0.0000,0.0000
65.694,456.0534,0.4923,252.7571,0.2510,3.8000,-0.4500,2.4844,180.4799,358.6648,0.0000,0.0000,0.0000
65.819,455.7980,0.5320,252.7969,0.2510,3.8000,-0.4500,2.4702,180.4802,358.9945,0.0000,0.0000,0.0000
65.931,455.5411,0.5690,252.8327,0.2510,3.8000,-0.4500,2.4702,180.4802,358.9945,0.0000,0.0000,0.0000
66.042,455.3288,0.6062,252.8599,0.2510,3.8000,-0.4500,2.4576,180.4804,359.2425,0.0000,0.0000,0.0000
66.153,455.0724,0.6483,252.8893,0.2510,3.8000,-0.4500,2.4576,180.4804,359.2425,0.0000,0.0000,0.0000
66.264,454.8173,0.6956,252.9153,0.2510,3.8000,-0.4500,2.4469,180.4805,359.4068,0.0000,0.0000,0.0000
66.389,454.5620,0.7437,252.9384,0.2510,3.8000,-0.4500,2.4408,180.4806,359.4869,0.0000,0.0000,0.0000
66.500,454.3499,0.7870,252.9551,0.2510,3.8000,-0.4500,2.4259,180.4807,359.6504,0.0000,0.0000,0.0000
66.612,454.0955,0.8398,252.9716,0.2510,3.8000,-0.4500,2.4061,180.4808,359.8133,0.0000,0.0000,0.0000
66.722,453.8826,0.8826,252.9826,0.2510,3.8000,-0.4500,2.4061,180.4808,359.8133,0.0000,0.0000,0.0000
66.833,453.6277,0.9363,252.9930,0.2510,3.8000,-0.4500,2.3933,180.4808,359.8930,0.0000,0.0000,0.0000
66.958,453.3732,0.9908,252.9989,0.2510,3.8000,-0.4500,2.3778,180.4808,359.9731,0.0000,0.0000,0.0000
67.072,453.1180,1.0444,253.0002,0.2510,3.8000,-0.4500,2.3778,180.4808,359.9732,0.0000,0.0000,0.0000
67.182,452.9070,1.0930,252.9986,0.2510,3.8000,-0.4500,2.3127,180.4807,0.2163,0.0000,0.0000,0.0000
67.292,452.6519,1.1465,252.9913,0.2510,3.8000,-0.4500,2.3127,180.4807,0.2163,0.0000,0.0000,0.0000
67.403,452.3972,1.1994,252.9790,0.2510,3.8000,-0.4500,2.3127,180.4807,0.2163,0.0000,0.0000,0.0000
67.515,452.1849,1.2428,252.9661,0.2510,3.8000,-0.4500,2.3127,180.4807,0.2163,0.0000,0.0000,0.0000
67.625,451.9306,1.2938,252.9479,0.2510,3.8000,-0.4500,2.3127,180.4807,0.2163,0.0000,0.0000,0.0000
67.736,451.7199,1.3370,252.9311,0.2510,3.8000,-0.4500,2.2241,180.4803,0.3570,0.0000,0.0000,0.0000
67.847,451.4661,1.3850,252.9078,0.2510,3.8000,-0.4500,2.2241,180.4803,0.3570,0.0000,0.0000,0.0000
67.958,451.2546,1.4235,252.8876,0.2510,3.8000,-0.4500,2.2241,180.4803,0.3570,0.0000,0.0000,0.0000
68.071,451.0008,1.4675,252.8636,0.2510,3.8000,-0.4500,2.2241,180.4803,0.3570,0.0000,0.0000,0.0000
68.180,450.7894,1.5025,252.8448,0.2510,3.8000,-0.4500,2.1558,180.4798,0.4055,0.0000,0.0000,0.0000
68.291,450.5357,1.5417,252.8232,0.2510,3.8000,-0.4500,2.0082,180.4787,0.4807,0.0000,0.0000,0.0000
68.402,450.2814,1.5775,252.8009,0.2510,3.8000,-0.4500,2.0082,180.4787,0.4807,0.0000,0.0000,0.0000
68.514,450.0695,1.6044,252.7831,0.2510,3.8000,-0.4500,1.9275,180.4780,0.4990,0.0000,0.0000,0.0000
68.639,449.8149,1.6334,252.7620,0.2510,3.8000,-0.4500,1.8463,180.4773,0.5124,0.0000,0.0000,0.0000
68.750,449.5598,1.6563,252.7434,0.2510,3.8000,-0.4500,1.5132,180.4743,0.5121,0.0000,0.0000,0.0000
68.875,449.3044,1.6776,252.7236,0.2510,3.8000,-0.4500,1.5132,180.4743,0.5121,0.0000,0.0000,0.0000
68.986,449.0484,1.6928,252.7065,0.2510,3.8000,-0.4500,1.3500,180.4729,0.4725,0.0000,0.0000,0.0000
69.097,448.8346,1.7028,252.7000,0.2510,3.8000,-0.4500,1.2696,180.4722,0.4512,0.0000,0.0000,0.0000
69.222,448.5775,1.7096,252.7020,0.2510,3.8000,-0.4500,1.1128,180.4711,0.3929,0.0000,0.0000,0.0000
69.347,448.2773,1.7120,252.7121,0.2510,3.8000,-0.4500,0.9623,180.4701,0.3295,0.0000,0.0000,0.0000
69.457,448.0623,1.7089,252.7228,0.2510,3.8000,-0.4500,0.8143,180.4693,0.2554,0.0000,0.0000,0.0000
69.583,447.7606,1.6973,252.7421,0.2510,3.8000,-0.4500,0.5237,180.4685,0.0926,0.0000,0.0000,0.0000
69.694,447.5455,1.6874,252.7588,0.2510,3.8000,-0.4500,0.4557,180.4684,0.0504,0.0000,0.0000,0.0000
69.805,447.2868,1.6688,252.7839,0.2510,3.8000,-0.4500,0.2509,180.4684,359.9203,0.0000,0.0000,0.0000
69.917,447.0718,1.6529,252.8060,0.2510,3.8000,-0.4500,0.2509,180.4684,359.9203,0.0000,0.0000,0.0000
70.041,446.8126,1.6256,252.8340,0.2510,3.8000,-0.4500,0.0435,180.4690,359.7816,0.0000,0.0000,0.0000
70.153,446.5531,1.5938,252.8610,0.2510,3.8000,-0.4500,359.8402,180.4700,359.6440,0.0000,0.0000,0.0000
70.277,446.2940,1.5618,252.8864,0.2510,3.8000,-0.4500,359.8402,180.4700,359.6440,0.0000,0.0000,0.0000
70.388,446.0338,1.5218,252.9138,0.2510,3.8000,-0.4500,359.6324,180.4715,359.5054,0.0000,0.0000,0.0000
70.499,445.8170,1.4862,252.9375,0.2510,3.8000,-0.4500,359.4952,180.4728,359.4161,0.0000,0.0000,0.0000
70.624,445.5140,1.4346,252.9720,0.2510,3.8000,-0.4500,359.4241,180.4736,359.3721,0.0000,0.0000,0.0000
70.749,445.2545,1.3866,253.0034,0.2510,3.8000,-0.4500,359.3525,180.4744,359.3281,0.0000,0.0000,0.0000
70.861,445.0378,1.3429,253.0314,0.2510,3.8000,-0.4500,359.2095,180.4762,359.2448,0.0000,0.0000,0.0000
70.972,444.7777,1.2886,253.0662,0.2510,3.8000,-0.4500,359.0626,180.4782,359.1676,0.0000,0.0000,0.0000
71.097,444.5184,1.2344,253.1017,0.2510,3.8000,-0.4500,359.0626,180.4782,359.1676,0.0000,0.0000,0.0000
71.209,444.2587,1.1758,253.1400,0.2510,3.8000,-0.4500,358.9138,180.4805,359.0994,0.0000,0.0000,0.0000
71.319,444.0426,1.1277,253.1723,0.2510,3.8000,-0.4500,358.9138,180.4805,359.0994,0.0000,0.0000,0.0000
71.444,443.7405,1.0578,253.2206,0.2510,3.8000,-0.4500,358.8387,180.4817,359.0713,0.0000,0.0000,0.0000
71.555,443.5249,1.0067,253.2576,0.2510,3.8000,-0.4500,358.7586,180.4830,359.0483,0.0000,0.0000,0.0000
71.681,443.2663,0.9440,253.3046,0.2510,3.8000,-0.4500,358.5981,180.4857,359.0132,0.0000,0.0000,0.0000
71.807,442.9652,0.8728,253.3608,0.2510,3.8000,-0.4500,358.5981,180.4857,359.0133,0.0000,0.0000,0.0000
71.916,442.7504,0.8219,253.4021,0.2510,3.8000,-0.4500,358.5981,180.4857,359.0133,0.0000,0.0000,0.0000
72.027,442.4928,0.7598,253.4538,0.2510,3.8000,-0.4500,358.4320,180.4886,359.0149,0.0000,0.0000,0.0000
72.152,442.2355,0.6995,253.5048,0.2510,3.8000,-0.4500,358.4320,180.4886,359.0149,0.0000,0.0000,0.0000
72.277,441.9784,0.6401,253.5563,0.2510,3.8000,-0.4500,358.4320,180.4886,359.0149,0.0000,0.0000,0.0000
72.388,441.7218,0.5812,253.6088,0.2510,3.8000,-0.4500,358.2737,180.4912,359.0551,0.0000,0.0000,0.0000
72.499,441.5079,0.5335,253.6513,0.2510,3.8000,-0.4500,358.2737,180.4912,359.0551,0.0000,0.0000,0.0000
72.624,441.2089,0.4684,253.7104,0.2510,3.8000,-0.4500,358.2003,180.4924,359.0900,0.0000,0.0000,0.0000
72.736,440.9952,0.4231,253.7515,0.2510,3.8000,-0.4500,358.2003,180.4924,359.0900,0.0000,0.0000,0.0000
72.847,440.7396,0.3704,253.8004,0.2510,3.8000,-0.4500,358.0604,180.4945,359.1766,0.0000,0.0000,0.0000
72.958,440.5262,0.3273,253.8391,0.2510,3.8000,-0.4500,358.0604,180.4945,359.1766,0.0000,0.0000,0.0000
73.070,440.2708,0.2779,253.8851,0.2510,3.8000,-0.4500,357.9371,180.4962,359.2858,0.0000,0.0000,0.0000
73.180,440.0578,0.2374,253.9217,0.2510,3.8000,-0.4500,357.8783,180.4969,359.3393,0.0000,0.0000,0.0000
73.291,439.8018,0.1892,253.9633,0.2510,3.8000,-0.4500,357.8783,180.4969,359.3393,0.0000,0.0000,0.0000
73.402,439.5888,0.1498,253.9971,0.2510,3.8000,-0.4500,357.8783,180.4969,359.3393,0.0000,0.0000,0.0000
73.513,439.3331,0.1030,254.0368,0.2510,3.8000,-0.4500,357.8783,180.4969,359.3393,0.0000,0.0000,0.0000
73.638,439.0776,0.0564,254.0759,0.2510,3.8000,-0.4500,357.8783,180.4969,359.3393,0.0000,0.0000,0.0000
73.749,438.8221,0.0100,254.1144,0.2510,3.8000,-0.4500,357.8783,180.4969,359.3393,0.0000,0.0000,0.0000
73.860,438.6091,-0.0288,254.1463,0.2510,3.8000,-0.4500,357.8783,180.4969,359.3393,0.0000,0.0000,0.0000
73.986,438.3109,-0.0831,254.1903,0.2510,3.8000,-0.4500,357.8783,180.4969,359.3393,0.0000,0.0000,0.0000
74.110,438.0551,-0.1298,254.2274,0.2510,3.8000,-0.4500,357.8783,180.4969,359.3393,0.0000,0.0000,0.0000
74.234,437.7993,-0.1763,254.2640,0.2510,3.8000,-0.4500,357.8783,180.4969,359.3393,0.0000,0.0000,0.0000
74.360,437.5435,-0.2226,254.2996,0.2510,3.8000,-0.4500,357.8783,180.4969,359.3393,0.0000,0.0000,0.0000
74.485,437.2449,-0.2762,254.3394,0.2510,3.8000,-0.4500,357.8783,180.4969,359.3393,0.0000,0.0000,0.0000
74.610,436.9887,-0.3218,254.3719,0.2510,3.8000,-0.4500,357.8783,180.4969,359.3393,0.0000,0.0000,0.0000
74.721,436.7755,-0.3588,254.3978,0.2510,3.8000,-0.4500,357.8277,180.4975,359.4024,0.0000,0.0000,0.0000
74.833,436.5189,-0.4038,254.4268,0.2510,3.8000,-0.4500,357.8277,180.4975,359.4024,0.0000,0.0000,0.0000
74.958,436.2628,-0.4477,254.4551,0.2510,3.8000,-0.4500,357.7785,180.4979,359.4643,0.0000,0.0000,0.0000
75.069,436.0064,-0.4920,254.4830,0.2510,3.8000,-0.4500,357.7785,180.4979,359.4643,0.0000,0.0000,0.0000
75.181,435.7932,-0.5278,254.5069,0.2510,3.8000,-0.4500,357.7283,180.4984,359.5281,0.0000,0.0000,0.0000
75.304,435.4944,-0.5785,254.5410,0.2510,3.8000,-0.4500,357.7283,180.4984,359.5281,0.0000,0.0000,0.0000
75.416,435.2825,-0.6119,254.5682,0.2510,3.8000,-0.4500,357.5792,180.4994,359.7238,0.0000,0.0000,0.0000
75.526,435.0269,-0.6540,254.6011,0.2510,3.8000,-0.4500,357.5792,180.4994,359.7238,0.0000,0.0000,0.0000
75.652,434.7718,-0.6953,254.6354,0.2510,3.8000,-0.4500,357.5792,180.4994,359.7238,0.0000,0.0000,0.0000
75.764,434.5175,-0.7346,254.6706,0.2510,3.8000,-0.4500,357.5339,180.4996,359.7902,0.0000,0.0000,0.0000
75.875,434.3061,-0.7654,254.7005,0.2510,3.8000,-0.4500,357.4457,180.4998,359.9288,0.0000,0.0000,0.0000
75.985,434.0514,-0.8031,254.7352,0.2510,3.8000,-0.4500,357.4457,180.4998,359.9288,0.0000,0.0000,0.0000
76.110,433.7979,-0.8374,254.7697,0.2510,3.8000,-0.4500,357.3661,180.4998,0.0709,0.0000,0.0000,0.0000
76.221,433.5860,-0.8662,254.7973,0.2510,3.8000,-0.4500,357.3661,180.4998,0.0709,0.0000,0.0000,0.0000
76.333,433.3326,-0.8981,254.8299,0.2510,3.8000,-0.4500,357.3304,180.4997,0.1447,0.0000,0.0000,0.0000
76.444,433.0798,-0.9270,254.8620,0.2510,3.8000,-0.4500,357.2631,180.4995,0.2932,0.0000,0.0000,0.0000
76.554,432.8685,-0.9513,254.8879,0.2510,3.8000,-0.4500,357.2631,180.4995,0.2932,0.0000,0.0000,0.0000
76.680,432.6161,-0.9764,254.9195,0.2510,3.8000,-0.4500,357.2056,180.4991,0.4456,0.0000,0.0000,0.0000
76.805,432.3220,-1.0034,254.9568,0.2510,3.8000,-0.4500,357.1566,180.4986,0.6041,0.0000,0.0000,0.0000
76.916,432.1118,-1.0227,254.9841,0.2510,3.8000,-0.4500,357.1566,180.4986,0.6041,0.0000,0.0000,0.0000
77.027,431.8604,-1.0428,255.0183,0.2510,3.8000,-0.4500,357.1358,180.4984,0.6828,0.0000,0.0000,0.0000
77.137,431.6519,-1.0566,255.0484,0.2510,3.8000,-0.4500,357.0980,180.4979,0.8440,0.0000,0.0000,0.0000
77.249,431.4009,-1.0745,255.0868,0.2510,3.8000,-0.4500,357.0980,180.4979,0.8440,0.0000,0.0000,0.0000
77.374,431.1512,-1.0894,255.1278,0.2510,3.8000,-0.4500,357.0823,180.4976,0.9226,0.0000,0.0000,0.0000
77.486,430.9024,-1.1012,255.1714,0.2510,3.8000,-0.4500,357.0539,180.4971,1.0847,0.0000,0.0000,0.0000
77.597,430.6945,-1.1120,255.2095,0.2510,3.8000,-0.4500,357.0539,180.4971,1.0847,0.0000,0.0000,0.0000
77.709,430.4468,-1.1209,255.2571,0.2510,3.8000,-0.4500,357.0302,180.4967,1.2520,0.0000,0.0000,0.0000
77.832,430.1987,-1.1310,255.3071,0.2510,3.8000,-0.4500,357.0302,180.4967,1.2520,0.0000,0.0000,0.0000
77.945,429.9521,-1.1373,255.3600,0.2510,3.8000,-0.4500,357.0095,180.4962,1.4149,0.0000,0.0000,0.0000
78.068,429.7048,-1.1452,255.4157,0.2510,3.8000,-0.4500,357.0095,180.4962,1.4149,0.0000,0.0000,0.0000
78.180,429.4991,-1.1510,255.4639,0.2510,3.8000,-0.4500,357.0095,180.4962,1.4149,0.0000,0.0000,0.0000
78.291,429.2538,-1.1546,255.5233,0.2510,3.8000,-0.4500,356.9893,180.4957,1.5762,0.0000,0.0000,0.0000
78.403,429.0077,-1.1601,255.5843,0.2510,3.8000,-0.4500,356.9893,180.4957,1.5762,0.0000,0.0000,0.0000
78.527,428.7620,-1.1650,255.6463,0.2510,3.8000,-0.4500,356.9893,180.4957,1.5761,0.0000,0.0000,0.0000
78.638,428.5572,-1.1688,255.6982,0.2510,3.8000,-0.4500,356.9893,180.4957,1.5761,0.0000,0.0000,0.0000
78.764,428.2713,-1.1723,255.7706,0.2510,3.8000,-0.4500,356.9766,180.4953,1.6568,0.0000,0.0000,0.0000
78.877,428.0668,-1.1756,255.8224,0.2510,3.8000,-0.4500,356.9766,180.4953,1.6568,0.0000,0.0000,0.0000
78.999,427.8216,-1.1795,255.8848,0.2510,3.8000,-0.4500,356.9766,180.4953,1.6568,0.0000,0.0000,0.0000
79.125,427.5354,-1.1841,255.9578,0.2510,3.8000,-0.4500,356.9766,180.4953,1.6568,0.0000,0.0000,0.0000
79.236,427.3311,-1.1876,256.0099,0.2510,3.8000,-0.4500,356.9766,180.4953,1.6568,0.0000,0.0000,0.0000
79.362,427.0859,-1.1919,256.0723,0.2510,3.8000,-0.4500,356.9766,180.4953,1.6568,0.0000,0.0000,0.0000
79.472,426.8407,-1.1965,256.1345,0.2510,3.8000,-0.4500,356.9766,180.4953,1.6568,0.0000,0.0000,0.0000
79.583,426.5955,-1.2015,256.1966,0.2510,3.8000,-0.4500,356.9766,180.4953,1.6568,0.0000,0.0000,0.0000
79.683,426.3911,-1.2060,256.2488,0.2510,3.8000,-0.4500,356.9766,180.4953,1.6568,0.0000,0.0000,0.0000
79.806,426.1459,-1.2118,256.3122,0.2510,3.8000,-0.4500,356.9766,180.4953,1.6567,0.0000,0.0000,0.0000
79.917,425.9416,-1.2169,256.3657,0.2510,3.8000,-0.4500,356.9766,180.4953,1.6568,0.0000,0.0000,0.0000
80.044,425.6558,-1.2246,256.4420,0.2510,3.8000,-0.4500,356.9766,180.4953,1.6567,0.0000,0.0000,0.0000
80.153,425.4515,-1.2304,256.4976,0.2510,3.8000,-0.4500,356.9766,180.4953,1.6567,0.0000,0.0000,0.0000
80.264,425.2065,-1.2377,256.5654,0.2510,3.8000,-0.4500,356.9766,180.4953,1.6567,0.0000,0.0000,0.0000
80.375,425.0023,-1.2439,256.6225,0.2510,3.8000,-0.4500,356.9766,180.4953,1.6567,0.0000,0.0000,0.0000
80.486,424.7573,-1.2513,256.6909,0.2510,3.8000,-0.4500,356.9766,180.4953,1.6567,0.0000,0.0000,0.0000
80.611,424.5121,-1.2586,256.7585,0.2510,3.8000,-0.4500,356.9766,180.4953,1.6567,0.0000,0.0000,0.0000
80.736,424.2668,-1.2656,256.8255,0.2510,3.8000,-0.4500,356.9766,180.4953,1.6567,0.0000,0.0000,0.0000
80.862,424.0214,-1.2721,256.8918,0.2510,3.8000,-0.4500,356.9766,180.4953,1.6567,0.0000,0.0000,0.0000
80.972,423.7759,-1.2779,256.9582,0.2510,3.8000,-0.4500,356.9766,180.4953,1.6567,0.0000,0.0000,0.0000
81.083,423.5304,-1.2829,257.0248,0.2510,3.8000,-0.4500,356.9766,180.4953,1.6567,0.0000,0.0000,0.0000
81.194,423.3258,-1.2862,257.0805,0.2510,3.8000,-0.4500,356.9766,180.4953,1.6567,0.0000,0.0000,0.0000
81.305,423.0804,-1.2891,257.1472,0.2510,3.8000,-0.4500,356.9766,180.4953,1.6567,0.0000,0.0000,0.0000
81.430,422.8351,-1.2905,257.2136,0.2510,3.8000,-0.4500,356.9766,180.4953,1.6567,0.0000,0.0000,0.0000
81.542,422.6305,-1.2903,257.2683,0.2510,3.8000,-0.4500,356.9766,180.4953,1.6567,0.0000,0.0000,0.0000
81.653,422.3850,-1.2883,257.3333,0.2510,3.8000,-0.4500,356.9766,180.4953,1.6567,0.0000,0.0000,0.0000
81.764,422.1395,-1.2841,257.3971,0.2510,3.8000,-0.4500,356.9766,180.4953,1.6567,0.0000,0.0000,0.0000
81.876,421.9353,-1.2773,257.4494,0.2510,3.8000,-0.4500,357.0393,180.4971,1.7082,0.0000,0.0000,0.0000
81.985,421.6906,-1.2658,257.5116,0.2510,3.8000,-0.4500,357.1763,180.5013,1.8013,0.0000,0.0000,0.0000
82.097,421.4872,-1.2527,257.5628,0.2510,3.8000,-0.4500,357.3953,180.5085,1.9170,0.0000,0.0000,0.0000
82.209,421.2421,-1.2388,257.6266,0.2510,3.8000,-0.4500,357.3953,180.5085,1.9170,0.0000,0.0000,0.0000
82.333,420.9981,-1.2184,257.6896,0.2510,3.8000,-0.4500,357.6242,180.5163,2.0050,0.0000,0.0000,0.0000
82.457,420.7538,-1.1971,257.7551,0.2510,3.8000,-0.4500,357.7046,180.5191,2.0289,0.0000,0.0000,0.0000
82.569,420.5101,-1.1713,257.8215,0.2510,3.8000,-0.4500,357.8666,180.5249,2.0754,0.0000,0.0000,0.0000
82.680,420.3075,-1.1458,257.8651,0.2510,3.8000,-0.4500,358.1159,180.5341,2.1338,0.0000,0.0000,0.0000
82.792,420.0651,-1.1128,257.8625,0.2510,3.8000,-0.4500,358.2771,180.5402,2.1670,0.0000,0.0000,0.0000
82.916,419.8249,-1.0749,257.8077,0.2510,3.8000,-0.4500,358.5143,180.5492,2.2113,0.0000,0.0000,0.0000
83.027,419.5873,-1.0364,257.7538,0.2510,3.8000,-0.4500,358.5143,180.5492,2.2113,0.0000,0.0000,0.0000
83.139,419.3994,-1.0008,257.8973,0.2510,3.8000,-0.4500,358.7580,180.5587,2.2509,0.0000,0.0000,0.0000
83.250,419.1874,-0.9572,258.3188,0.2510,3.8000,-0.4500,358.9222,180.5652,2.2766,0.0000,0.0000,0.0000
83.361,419.0181,-0.9154,258.7984,0.2510,3.8000,-0.4500,359.1724,180.5752,2.3151,0.0000,0.0000,0.0000
83.486,418.7854,-0.8482,259.5411,0.2510,3.8000,-0.4500,359.4995,180.5886,2.3647,0.0000,0.0000,0.0000
83.597,418.6165,-0.7931,260.0197,0.2510,3.8000,-0.4500,359.7485,180.5990,2.4026,0.0000,0.0000,0.0000
83.722,418.4064,-0.7222,260.4773,0.2510,3.8000,-0.4500,359.9124,180.6059,2.4281,0.0000,0.0000,0.0000
83.833,418.1883,-0.6430,260.8093,0.2510,3.8000,-0.4500,0.3248,180.6236,2.5017,0.0000,0.0000,0.0000
83.945,417.9628,-0.5637,261.0490,0.2510,3.8000,-0.4500,0.3248,180.6236,2.5017,0.0000,0.0000,0.0000
84.057,417.7717,-0.4916,261.1965,0.2510,3.8000,-0.4500,0.5723,180.6346,2.5620,0.0000,0.0000,0.0000
84.166,417.5398,-0.4028,261.3346,0.2510,3.8000,-0.4500,0.7360,180.6420,2.6109,0.0000,0.0000,0.0000
84.291,417.3064,-0.3100,261.4455,0.2510,3.8000,-0.4500,0.8949,180.6493,2.6607,0.0000,0.0000,0.0000
84.403,417.0725,-0.2120,261.5397,0.2510,3.8000,-0.4500,1.1259,180.6602,2.7517,0.0000,0.0000,0.0000
84.515,416.8770,-0.1301,261.6122,0.2510,3.8000,-0.4500,1.1259,180.6602,2.7517,0.0000,0.0000,0.0000
84.624,416.6434,-0.0245,261.6920,0.2510,3.8000,-0.4500,1.3547,180.6714,2.8593,0.0000,0.0000,0.0000
84.735,416.4483,0.0633,261.7567,0.2510,3.8000,-0.4500,1.3547,180.6714,2.8593,0.0000,0.0000,0.0000
84.847,416.2155,0.1757,261.8303,0.2510,3.8000,-0.4500,1.5782,180.6828,2.9804,0.0000,0.0000,0.0000
84.971,415.9826,0.2888,261.9038,0.2510,3.8000,-0.4500,1.6465,180.6864,3.0204,0.0000,0.0000,0.0000
85.097,415.7500,0.4037,261.9774,0.2510,3.8000,-0.4500,1.6465,180.6864,3.0204,0.0000,0.0000,0.0000
85.208,415.5186,0.5236,262.0499,0.2510,3.8000,-0.4500,1.7867,180.6939,3.1068,0.0000,0.0000,0.0000
85.333,415.2871,0.6431,262.1238,0.2510,3.8000,-0.4500,1.7867,180.6939,3.1067,0.0000,0.0000,0.0000
85.458,415.0571,0.7681,262.1967,0.2510,3.8000,-0.4500,1.9977,180.7056,3.2424,0.0000,0.0000,0.0000
85.583,414.7880,0.9108,262.2851,0.2510,3.8000,-0.4500,1.9977,180.7056,3.2424,0.0000,0.0000,0.0000
85.694,414.5960,1.0133,262.3493,0.2510,3.8000,-0.4500,1.9977,180.7056,3.2424,0.0000,0.0000,0.0000
85.819,414.3658,1.1365,262.4269,0.2510,3.8000,-0.4500,1.9977,180.7056,3.2424,0.0000,0.0000,0.0000
85.944,414.0971,1.2798,262.5178,0.2510,3.8000,-0.4500,1.9977,180.7056,3.2424,0.0000,0.0000,0.0000
86.055,413.9052,1.3805,262.5539,0.2510,3.8000,-0.4500,1.9977,180.7056,3.2424,0.0000,0.0000,0.0000
86.169,413.6753,1.4967,262.5226,0.2510,3.8000,-0.4500,1.9977,180.7056,3.2424,0.0000,0.0000,0.0000
86.277,413.4847,1.5897,262.4514,0.2510,3.8000,-0.4500,1.9977,180.7056,3.2424,0.0000,0.0000,0.0000
86.402,413.2182,1.7151,262.3159,0.2510,3.8000,-0.4500,1.9977,180.7056,3.2424,0.0000,0.0000,0.0000
86.513,413.0267,1.8020,262.2186,0.2510,3.8000,-0.4500,1.9977,180.7056,3.2424,0.0000,0.0000,0.0000
86.624,412.7954,1.9035,262.1085,0.2510,3.8000,-0.4500,1.9977,180.7056,3.2424,0.0000,0.0000,0.0000
86.735,412.6017,1.9860,262.0471,0.2510,3.8000,-0.4500,1.9977,180.7056,3.2424,0.0000,0.0000,0.0000
86.860,412.3683,2.0838,262.0391,0.2510,3.8000,-0.4500,1.9977,180.7056,3.2424,0.0000,0.0000,0.0000
86.971,412.1342,2.1783,262.0713,0.2510,3.8000,-0.4500,1.9977,180.7056,3.2424,0.0000,0.0000,0.0000
87.096,411.8993,2.2680,262.1255,0.2510,3.8000,-0.4500,1.9977,180.7056,3.2424,0.0000,0.0000,0.0000
87.221,411.6634,2.3519,262.1922,0.2510,3.8000,-0.4500,1.9977,180.7056,3.2424,0.0000,0.0000,0.0000
87.346,411.3842,2.4347,262.2790,0.2510,3.8000,-0.4500,1.8607,180.6982,2.9328,0.0000,0.0000,0.0000
87.457,411.1828,2.4858,262.3426,0.2510,3.8000,-0.4500,1.6957,180.6902,2.6345,0.0000,0.0000,0.0000
87.569,410.9411,2.5440,262.4166,0.2510,3.8000,-0.4500,1.5949,180.6857,2.4926,0.0000,0.0000,0.0000
87.693,410.6962,2.5890,262.4898,0.2510,3.8000,-0.4500,1.3369,180.6753,2.1516,0.0000,0.0000,0.0000
87.819,410.4507,2.6281,262.5590,0.2510,3.8000,-0.4500,1.1693,180.6693,1.9553,0.0000,0.0000,0.0000
87.930,410.2035,2.6581,262.6253,0.2510,3.8000,-0.4500,1.0008,180.6638,1.7631,0.0000,0.0000,0.0000
88.055,409.9534,2.6740,262.6899,0.2510,3.8000,-0.4500,0.6520,180.6542,1.3855,0.0000,0.0000,0.0000
88.166,409.7030,2.6850,262.7499,0.2510,3.8000,-0.4500,0.4797,180.6503,1.2045,0.0000,0.0000,0.0000
88.278,409.4922,2.6829,262.7985,0.2510,3.8000,-0.4500,0.1870,180.6449,0.9018,0.0000,0.0000,0.0000
88.388,409.2392,2.6760,262.8524,0.2510,3.8000,-0.4500,0.0120,180.6424,0.7238,0.0000,0.0000,0.0000
88.513,408.9843,2.6577,262.9036,0.2510,3.8000,-0.4500,359.7739,180.6399,0.4838,0.0000,0.0000,0.0000
88.624,408.7281,2.6296,262.9521,0.2510,3.8000,-0.4500,359.5345,180.6384,0.2448,0.0000,0.0000,0.0000
88.749,408.4704,2.5901,262.9990,0.2510,3.8000,-0.4500,359.2219,180.6379,359.9371,0.0000,0.0000,0.0000
88.874,408.2129,2.5445,263.0439,0.2510,3.8000,-0.4500,359.0415,180.6384,359.7614,0.0000,0.0000,0.0000
88.986,407.9538,2.4865,263.0885,0.2510,3.8000,-0.4500,358.7349,180.6405,359.4668,0.0000,0.0000,0.0000
89.097,407.7379,2.4331,263.1250,0.2510,3.8000,-0.4500,358.5501,180.6425,359.2928,0.0000,0.0000,0.0000
89.222,407.4785,2.3621,263.1689,0.2510,3.8000,-0.4500,358.3684,180.6450,359.1230,0.0000,0.0000,0.0000
89.333,407.2186,2.2810,263.2151,0.2510,3.8000,-0.4500,358.1132,180.6494,358.8915,0.0000,0.0000,0.0000
89.444,406.9590,2.1936,263.2637,0.2510,3.8000,-0.4500,357.9236,180.6534,358.7221,0.0000,0.0000,0.0000
89.569,406.6991,2.0970,263.3161,0.2510,3.8000,-0.4500,357.6608,180.6597,358.4969,0.0000,0.0000,0.0000
89.694,406.4397,1.9952,263.3711,0.2510,3.8000,-0.4500,357.4666,180.6651,358.3366,0.0000,0.0000,0.0000
89.819,406.1807,1.8885,263.4285,0.2510,3.8000,-0.4500,357.3339,180.6691,358.2320,0.0000,0.0000,0.0000
89.930,405.9218,1.7748,263.4887,0.2510,3.8000,-0.4500,357.1372,180.6754,358.0823,0.0000,0.0000,0.0000
90.041,405.7067,1.6796,263.5404,0.2510,3.8000,-0.4500,357.1372,180.6754,358.0824,0.0000,0.0000,0.0000
90.166,405.4048,1.5356,263.6175,0.2510,3.8000,-0.4500,356.8563,180.6853,357.8890,0.0000,0.0000,0.0000
90.291,405.1473,1.4131,263.6860,0.2510,3.8000,-0.4500,356.8563,180.6853,357.8890,0.0000,0.0000,0.0000
90.406,404.8896,1.2851,263.7576,0.2510,3.8000,-0.4500,356.7145,180.6907,357.8083,0.0000,0.0000,0.0000
90.515,404.6753,1.1778,263.8186,0.2510,3.8000,-0.4500,356.6421,180.6935,357.7696,0.0000,0.0000,0.0000
90.638,404.4184,1.0493,263.8930,0.2510,3.8000,-0.4500,356.6421,180.6935,357.7696,0.0000,0.0000,0.0000
90.750,404.1614,0.9192,263.9688,0.2510,3.8000,-0.4500,356.5656,180.6965,357.7407,0.0000,0.0000,0.0000
90.861,403.9474,0.8119,264.0321,0.2510,3.8000,-0.4500,356.5656,180.6965,357.7407,0.0000,0.0000,0.0000
90.987,403.6481,0.6630,264.1208,0.2510,3.8000,-0.4500,356.5656,180.6965,357.7407,0.0000,0.0000,0.0000
91.097,403.4345,0.5582,264.1846,0.2510,3.8000,-0.4500,356.5656,180.6965,357.7407,0.0000,0.0000,0.0000
91.207,403.1784,0.4348,264.2615,0.2510,3.8000,-0.4500,356.5656,180.6965,357.7407,0.0000,0.0000,0.0000
91.334,402.9225,0.3143,264.3392,0.2510,3.8000,-0.4500,356.4864,180.6996,357.7511,0.0000,0.0000,0.0000
91.444,402.6669,0.1981,264.4167,0.2510,3.8000,-0.4500,356.4864,180.6996,357.7511,0.0000,0.0000,0.0000
91.555,402.4540,0.1047,264.4820,0.2510,3.8000,-0.4500,356.4864,180.6996,357.7511,0.0000,0.0000,0.0000
91.680,402.1997,-0.0014,264.5615,0.2510,3.8000,-0.4500,356.3740,180.7039,357.8716,0.0000,0.0000,0.0000
91.791,401.9449,-0.1032,264.6397,0.2510,3.8000,-0.4500,356.3740,180.7039,357.8716,0.0000,0.0000,0.0000
91.916,401.6917,-0.1954,264.7173,0.2510,3.8000,-0.4500,356.2772,180.7073,358.1012,0.0000,0.0000,0.0000
92.027,401.4386,-0.2802,264.7915,0.2510,3.8000,-0.4500,356.2467,180.7083,358.3457,0.0000,0.0000,0.0000
92.139,401.2268,-0.3472,264.8503,0.2510,3.8000,-0.4500,356.2533,180.7081,358.4304,0.0000,0.0000,0.0000
92.250,400.9735,-0.4180,264.9176,0.2510,3.8000,-0.4500,356.2845,180.7073,358.6854,0.0000,0.0000,0.0000
92.375,400.7212,-0.4780,264.9807,0.2510,3.8000,-0.4500,356.4048,180.7050,359.0876,0.0000,0.0000,0.0000
92.488,400.4668,-0.5366,265.0400,0.2510,3.8000,-0.4500,356.4397,180.7045,359.1643,0.0000,0.0000,0.0000
92.597,400.2560,-0.5759,265.0864,0.2510,3.8000,-0.4500,356.5518,180.7030,359.3965,0.0000,0.0000,0.0000
92.709,400.0033,-0.6156,265.1386,0.2510,3.8000,-0.4500,356.7173,180.7017,359.6828,0.0000,0.0000,0.0000
92.833,399.7504,-0.6492,265.1877,0.2510,3.8000,-0.4500,356.8633,180.7012,359.8952,0.0000,0.0000,0.0000
92.944,399.4973,-0.6770,265.2345,0.2510,3.8000,-0.4500,356.9618,180.7011,0.0294,0.0000,0.0000,0.0000
93.069,399.2455,-0.6945,265.2783,0.2510,3.8000,-0.4500,357.1742,180.7017,0.2893,0.0000,0.0000,0.0000
93.194,398.9938,-0.7067,265.3204,0.2510,3.8000,-0.4500,357.3533,180.7029,0.4781,0.0000,0.0000,0.0000
93.306,398.7424,-0.7126,265.3617,0.2510,3.8000,-0.4500,357.5305,180.7047,0.6523,0.0000,0.0000,0.0000
93.417,398.5333,-0.7136,265.3960,0.2510,3.8000,-0.4500,357.6583,180.7063,0.7601,0.0000,0.0000,0.0000
93.528,398.2827,-0.7102,265.4375,0.2510,3.8000,-0.4500,357.7871,180.7081,0.8646,0.0000,0.0000,0.0000
93.653,398.0331,-0.6996,265.4791,0.2510,3.8000,-0.4500,357.9944,180.7115,1.0087,0.0000,0.0000,0.0000
93.764,397.7840,-0.6835,265.5218,0.2510,3.8000,-0.4500,358.2056,180.7154,1.1426,0.0000,0.0000,0.0000
93.875,397.5769,-0.6662,265.5584,0.2510,3.8000,-0.4500,358.3561,180.7186,1.2321,0.0000,0.0000,0.0000
94.000,397.3292,-0.6392,265.6034,0.2510,3.8000,-0.4500,358.5778,180.7236,1.3627,0.0000,0.0000,0.0000
94.111,397.0826,-0.6046,265.6493,0.2510,3.8000,-0.4500,358.8706,180.7310,1.5345,0.0000,0.0000,0.0000
94.224,396.8367,-0.5652,265.6971,0.2510,3.8000,-0.4500,359.0818,180.7369,1.6605,0.0000,0.0000,0.0000
94.346,396.5915,-0.5206,265.7469,0.2510,3.8000,-0.4500,359.2262,180.7412,1.7487,0.0000,0.0000,0.0000
94.458,396.3880,-0.4780,265.7896,0.2510,3.8000,-0.4500,359.3695,180.7457,1.8370,0.0000,0.0000,0.0000
94.572,396.1448,-0.4204,265.8419,0.2510,3.8000,-0.4500,359.5781,180.7526,1.9689,0.0000,0.0000,0.0000
94.681,395.9430,-0.3680,265.8868,0.2510,3.8000,-0.4500,359.7208,180.7576,2.0605,0.0000,0.0000,0.0000
94.805,395.6620,-0.2859,265.9518,0.2510,3.8000,-0.4500,-0.0008,180.7681,2.2422,0.0000,0.0000,0.0000
94.916,395.4620,-0.2233,266.0003,0.2510,3.8000,-0.4500,0.1437,180.7738,2.3377,0.0000,0.0000,0.0000
95.027,395.2233,-0.1421,266.0601,0.2510,3.8000,-0.4500,0.3553,180.7827,2.4776,0.0000,0.0000,0.0000
95.139,395.0250,-0.0710,266.1120,0.2510,3.8000,-0.4500,0.4914,180.7887,2.5668,0.0000,0.0000,0.0000
95.263,394.7484,0.0334,266.1874,0.2510,3.8000,-0.4500,0.6289,180.7950,2.6562,0.0000,0.0000,0.0000
95.389,394.5133,0.1311,266.2528,0.2510,3.8000,-0.4500,0.9169,180.8088,2.8369,0.0000,0.0000,0.0000
95.501,394.3169,0.2114,266.3103,0.2510,3.8000,-0.4500,0.9169,180.8088,2.8369,0.0000,0.0000,0.0000
95.625,394.0435,0.3307,266.3918,0.2510,3.8000,-0.4500,1.0594,180.8160,2.9198,0.0000,0.0000,0.0000
95.736,393.8490,0.4193,266.4507,0.2510,3.8000,-0.4500,1.2051,180.8235,2.9986,0.0000,0.0000,0.0000
95.847,393.6154,0.5253,266.5239,0.2510,3.8000,-0.4500,1.2051,180.8235,2.9986,0.0000,0.0000,0.0000
95.972,393.3832,0.6381,266.5955,0.2510,3.8000,-0.4500,1.5130,180.8400,3.1362,0.0000,0.0000,0.0000
96.097,393.1505,0.7479,266.6706,0.2510,3.8000,-0.4500,1.5130,180.8400,3.1362,0.0000,0.0000,0.0000
96.222,392.9181,0.8587,266.7469,0.2510,3.8000,-0.4500,1.5130,180.8400,3.1362,0.0000,0.0000,0.0000
96.333,392.6857,0.9700,266.8237,0.2510,3.8000,-0.4500,1.5130,180.8400,3.1362,0.0000,0.0000,0.0000
96.458,392.4535,1.0828,266.8996,0.2510,3.8000,-0.4500,1.6781,180.8491,3.1582,0.0000,0.0000,0.0000
96.569,392.2209,1.1933,266.9766,0.2510,3.8000,-0.4500,1.6781,180.8491,3.1582,0.0000,0.0000,0.0000
96.680,392.0266,1.2845,267.0408,0.2510,3.8000,-0.4500,1.6781,180.8491,3.1582,0.0000,0.0000,0.0000
96.793,391.7929,1.3931,267.1167,0.2510,3.8000,-0.4500,1.8385,180.8579,3.1259,0.0000,0.0000,0.0000
96.902,391.5591,1.4989,267.1933,0.2510,3.8000,-0.4500,1.8384,180.8579,3.1259,0.0000,0.0000,0.0000
97.014,391.3635,1.5849,267.2563,0.2510,3.8000,-0.4500,1.9100,180.8618,3.0861,0.0000,0.0000,0.0000
97.126,391.1279,1.6854,267.3311,0.2510,3.8000,-0.4500,1.9790,180.8655,3.0431,0.0000,0.0000,0.0000
97.236,390.9298,1.7652,267.3916,0.2510,3.8000,-0.4500,2.1584,180.8748,2.8737,0.0000,0.0000,0.0000
97.361,390.6926,1.8594,267.4633,0.2510,3.8000,-0.4500,2.1584,180.8748,2.8737,0.0000,0.0000,0.0000
97.485,390.4125,1.9616,267.5435,0.2510,3.8000,-0.4500,2.2927,180.8813,2.6578,0.0000,0.0000,0.0000
97.596,390.2113,2.0309,267.5989,0.2510,3.8000,-0.4500,2.3609,180.8844,2.5029,0.0000,0.0000,0.0000
97.708,389.9686,2.1102,267.6620,0.2510,3.8000,-0.4500,2.4230,180.8870,2.3491,0.0000,0.0000,0.0000
97.818,389.7645,2.1708,267.7120,0.2510,3.8000,-0.4500,2.4879,180.8895,2.1037,0.0000,0.0000,0.0000
97.929,389.5189,2.2407,267.7685,0.2510,3.8000,-0.4500,2.5200,180.8907,1.9352,0.0000,0.0000,0.0000
98.054,389.2709,2.3042,267.8204,0.2510,3.8000,-0.4500,2.5607,180.8920,1.6888,0.0000,0.0000,0.0000
98.181,389.0220,2.3630,267.8679,0.2510,3.8000,-0.4500,2.5733,180.8923,1.5124,0.0000,0.0000,0.0000
98.293,388.7701,2.4130,267.9120,0.2510,3.8000,-0.4500,2.5892,180.8927,1.1702,0.0000,0.0000,0.0000
98.401,388.5605,2.4534,267.9456,0.2510,3.8000,-0.4500,2.5869,180.8926,1.0881,0.0000,0.0000,0.0000
98.513,388.3052,2.4898,267.9840,0.2510,3.8000,-0.4500,2.5566,180.8922,0.6531,0.0000,0.0000,0.0000
98.624,388.0509,2.5256,268.0191,0.2510,3.8000,-0.4500,2.5486,180.8921,0.5726,0.0000,0.0000,0.0000
98.735,387.8361,2.5446,268.0480,0.2510,3.8000,-0.4500,2.4847,180.8917,0.2254,0.0000,0.0000,0.0000
98.859,387.5787,2.5654,268.0811,0.2510,3.8000,-0.4500,2.4496,180.8916,0.0605,0.0000,0.0000,0.0000
98.985,387.2763,2.5771,268.1191,0.2510,3.8000,-0.4500,2.3560,180.8917,359.7372,0.0000,0.0000,0.0000
99.096,387.0587,2.5767,268.1466,0.2510,3.8000,-0.4500,2.2321,180.8927,359.4064,0.0000,0.0000,0.0000
99.209,386.7984,2.5735,268.1802,0.2510,3.8000,-0.4500,2.1684,180.8934,359.2498,0.0000,0.0000,0.0000
99.317,386.5796,2.5592,268.2118,0.2510,3.8000,-0.4500,1.9783,180.8966,358.8670,0.0000,0.0000,0.0000
99.430,386.3186,2.5410,268.2530,0.2510,3.8000,-0.4500,1.8979,180.8983,358.7248,0.0000,0.0000,0.0000
99.540,386.1000,2.5157,268.2923,0.2510,3.8000,-0.4500,1.7187,180.9027,358.4413,0.0000,0.0000,0.0000
99.666,385.7943,2.4717,268.3538,0.2510,3.8000,-0.4500,1.4747,180.9101,358.1050,0.0000,0.0000,0.0000
99.778,385.5769,2.4374,268.4018,0.2510,3.8000,-0.4500,1.4254,180.9117,358.0414,0.0000,0.0000,0.0000
99.888,385.3148,2.3826,268.4661,0.2510,3.8000,-0.4500,1.1444,180.9221,357.7237,0.0000,0.0000,0.0000
100.013,385.0536,2.3215,268.5359,0.2510,3.8000,-0.4500,0.9057,180.9321,357.4885,0.0000,0.0000,0.0000
100.122,384.7934,2.2558,268.6109,0.2510,3.8000,-0.4500,0.7859,180.9375,357.3799,0.0000,0.0000,0.0000
100.234,384.5764,2.1918,268.6788,0.2510,3.8000,-0.4500,0.5278,180.9498,357.1692,0.0000,0.0000,0.0000
100.345,384.3167,2.1111,268.7647,0.2510,3.8000,-0.4500,0.3188,180.9604,357.0224,0.0000,0.0000,0.0000
100.457,384.1011,2.0407,268.8401,0.2510,3.8000,-0.4500,0.2490,180.9641,356.9752,0.0000,0.0000,0.0000
100.582,383.8424,1.9468,268.9366,0.2510,3.8000,-0.4500,359.9521,180.9802,356.8018,0.0000,0.0000,0.0000
100.693,383.5845,1.8486,269.0377,0.2510,3.8000,-0.4500,359.7216,180.9933,356.6911,0.0000,0.0000,0.0000
100.818,383.3275,1.7468,269.1427,0.2510,3.8000,-0.4500,359.5667,181.0023,356.6288,0.0000,0.0000,0.0000
100.929,383.0708,1.6394,269.2519,0.2510,3.8000,-0.4500,359.3254,181.0167,356.5466,0.0000,0.0000,0.0000
101.040,382.8574,1.5470,269.3457,0.2510,3.8000,-0.4500,359.0817,181.0316,356.4929,0.0000,0.0000,0.0000
101.151,382.6020,1.4359,269.4590,0.2510,3.8000,-0.4500,359.0025,181.0364,356.4778,0.0000,0.0000,0.0000
101.262,382.3471,1.3221,269.5744,0.2510,3.8000,-0.4500,358.8436,181.0462,356.4651,0.0000,0.0000,0.0000
101.387,382.0925,1.2066,269.6874,0.2510,3.8000,-0.4500,358.5985,181.0614,356.4767,0.0000,0.0000,0.0000
101.498,381.8800,1.1128,269.7246,0.2510,3.8000,-0.4500,358.5175,181.0663,356.4865,0.0000,0.0000,0.0000
101.623,381.5832,0.9859,269.6933,0.2510,3.8000,-0.4500,358.3570,181.0761,356.5272,0.0000,0.0000,0.0000
101.748,381.3304,0.8820,269.6176,0.2510,3.8000,-0.4500,358.1272,181.0899,356.6255,0.0000,0.0000,0.0000
101.873,381.0764,0.7816,269.5291,0.2510,3.8000,-0.4500,358.1272,181.0899,356.6255,0.0000,0.0000,0.0000
101.998,380.8231,0.6846,269.4830,0.2510,3.8000,-0.4500,357.8603,181.1052,356.8346,0.0000,0.0000,0.0000
102.123,380.5269,0.5723,269.5106,0.2510,3.8000,-0.4500,357.7036,181.1136,357.0248,0.0000,0.0000,0.0000
102.234,380.3151,0.4929,269.5591,0.2510,3.8000,-0.4500,357.6598,181.1158,357.0937,0.0000,0.0000,0.0000
102.359,380.0613,0.4014,269.6345,0.2510,3.8000,-0.4500,357.5754,181.1200,357.2348,0.0000,0.0000,0.0000
102.485,379.7664,0.3021,269.7344,0.2510,3.8000,-0.4500,357.4453,181.1260,357.5480,0.0000,0.0000,0.0000
102.610,379.5135,0.2223,269.8221,0.2510,3.8000,-0.4500,357.3811,181.1286,357.7951,0.0000,0.0000,0.0000
102.721,379.3021,0.1580,269.8937,0.2510,3.8000,-0.4500,357.3625,181.1293,357.8762,0.0000,0.0000,0.0000
102.843,379.0069,0.0770,269.9915,0.2510,3.8000,-0.4500,357.3314,181.1304,358.1290,0.0000,0.0000,0.0000
102.958,378.7971,0.0268,270.0596,0.2510,3.8000,-0.4500,357.3228,181.1306,358.4675,0.0000,0.0000,0.0000
103.068,378.5434,-0.0339,270.1391,0.2510,3.8000,-0.4500,357.3288,181.1305,358.5488,0.0000,0.0000,0.0000
103.179,378.3328,-0.0785,270.2041,0.2510,3.8000,-0.4500,357.3446,181.1301,358.7112,0.0000,0.0000,0.0000
103.291,378.0802,-0.1279,270.2802,0.2510,3.8000,-0.4500,357.3760,181.1294,358.8736,0.0000,0.0000,0.0000
103.402,377.8694,-0.1664,270.3421,0.2510,3.8000,-0.4500,357.3943,181.1291,358.9550,0.0000,0.0000,0.0000
103.515,377.6174,-0.2054,270.4141,0.2510,3.8000,-0.4500,357.4709,181.1279,359.1903,0.0000,0.0000,0.0000
103.624,377.3641,-0.2447,270.4845,0.2510,3.8000,-0.4500,357.4709,181.1279,359.1903,0.0000,0.0000,0.0000
103.737,377.1547,-0.2691,270.5413,0.2510,3.8000,-0.4500,357.5889,181.1264,359.4180,0.0000,0.0000,0.0000
103.847,376.9021,-0.2989,270.6084,0.2510,3.8000,-0.4500,357.6342,181.1260,359.4876,0.0000,0.0000,0.0000
103.957,376.6923,-0.3186,270.6628,0.2510,3.8000,-0.4500,357.7288,181.1253,359.6227,0.0000,0.0000,0.0000
104.068,376.4400,-0.3406,270.7262,0.2510,3.8000,-0.4500,357.7775,181.1250,359.6875,0.0000,0.0000,0.0000
104.194,376.1885,-0.3556,270.7868,0.2510,3.8000,-0.4500,357.9424,181.1243,359.8705,0.0000,0.0000,0.0000
104.307,375.9359,-0.3713,270.8463,0.2510,3.8000,-0.4500,357.9424,181.1243,359.8705,0.0000,0.0000,0.0000
104.417,375.7266,-0.3772,270.8927,0.2510,3.8000,-0.4500,358.1412,181.1242,0.0383,0.0000,0.0000,0.0000
104.527,375.4745,-0.3854,270.9467,0.2510,3.8000,-0.4500,358.2053,181.1243,0.0902,0.0000,0.0000,0.0000
104.638,375.2640,-0.3912,270.9900,0.2510,3.8000,-0.4500,358.2053,181.1243,0.0902,0.0000,0.0000,0.0000
104.751,375.0121,-0.3919,271.0386,0.2510,3.8000,-0.4500,358.4221,181.1248,0.2171,0.0000,0.0000,0.0000
104.874,374.7594,-0.3944,271.0869,0.2510,3.8000,-0.4500,358.4221,181.1248,0.2171,0.0000,0.0000,0.0000
104.999,374.5070,-0.3929,271.1329,0.2510,3.8000,-0.4500,358.5775,181.1255,0.2773,0.0000,0.0000,0.0000
105.124,374.2120,-0.3912,271.1859,0.2510,3.8000,-0.4500,358.6590,181.1259,0.2971,0.0000,0.0000,0.0000
105.235,374.0014,-0.3881,271.2222,0.2510,3.8000,-0.4500,358.8208,181.1268,0.3328,0.0000,0.0000,0.0000
105.348,373.7490,-0.3860,271.2536,0.2510,3.8000,-0.4500,358.8208,181.1268,0.3328,0.0000,0.0000,0.0000
105.458,373.5482,-0.3825,271.1281,0.2510,3.8000,-0.4500,358.9821,181.1277,0.3331,0.0000,0.0000,0.0000
105.569,373.3227,-0.3796,270.7308,0.2510,3.8000,-0.4500,358.9821,181.1278,0.3332,0.0000,0.0000,0.0000
105.680,373.1428,-0.3775,270.2609,0.2510,3.8000,-0.4500,359.0625,181.1282,0.3184,0.0000,0.0000,0.0000
105.805,372.8964,-0.3768,269.5142,0.2510,3.8000,-0.4500,359.1410,181.1286,0.2906,0.0000,0.0000,0.0000
105.917,372.7174,-0.3780,269.0285,0.2510,3.8000,-0.4500,359.2185,181.1290,0.2617,0.0000,0.0000,0.0000
106.041,372.4936,-0.3816,268.5800,0.2510,3.8000,-0.4500,359.2185,181.1290,0.2617,0.0000,0.0000,0.0000
106.154,372.2579,-0.3878,268.2789,0.2510,3.8000,-0.4500,359.3585,181.1295,0.1718,0.0000,0.0000,0.0000
106.277,372.0125,-0.3964,268.0954,0.2510,3.8000,-0.4500,359.4838,181.1298,0.0724,0.0000,0.0000,0.0000
106.389,371.7604,-0.4067,267.9943,0.2510,3.8000,-0.4500,359.5421,181.1299,0.0153,0.0000,0.0000,0.0000
106.500,371.5465,-0.4179,267.9517,0.2510,3.8000,-0.4500,359.7105,181.1296,359.8374,0.0000,0.0000,0.0000
106.624,371.2465,-0.4332,267.9351,0.2510,3.8000,-0.4500,359.7105,181.1296,359.8373,0.0000,0.0000,0.0000
106.749,370.9877,-0.4496,267.9441,0.2510,3.8000,-0.4500,359.8126,181.1292,359.7085,0.0000,0.0000,0.0000
106.861,370.7716,-0.4649,267.9620,0.2510,3.8000,-0.4500,359.9084,181.1286,359.5795,0.0000,0.0000,0.0000
106.988,370.4692,-0.4875,267.9987,0.2510,3.8000,-0.4500,0.0034,181.1278,359.4432,0.0000,0.0000,0.0000
107.096,370.2526,-0.5055,268.0305,0.2510,3.8000,-0.4500,0.0977,181.1268,359.3033,0.0000,0.0000,0.0000
107.208,369.9930,-0.5279,268.0735,0.2510,3.8000,-0.4500,0.1885,181.1256,359.1679,0.0000,0.0000,0.0000
107.333,369.7337,-0.5506,268.1207,0.2510,3.8000,-0.4500,0.2345,181.1249,359.0994,0.0000,0.0000,0.0000
107.444,369.4738,-0.5751,268.1708,0.2510,3.8000,-0.4500,0.3270,181.1233,358.9625,0.0000,0.0000,0.0000
107.569,369.2137,-0.6002,268.2232,0.2510,3.8000,-0.4500,0.4226,181.1215,358.8280,0.0000,0.0000,0.0000
107.680,368.9974,-0.6202,268.2687,0.2510,3.8000,-0.4500,0.4226,181.1215,358.8280,0.0000,0.0000,0.0000
107.791,368.7365,-0.6466,268.3237,0.2510,3.8000,-0.4500,0.5796,181.1180,358.6249,0.0000,0.0000,0.0000
107.916,368.4765,-0.6713,268.3811,0.2510,3.8000,-0.4500,0.6335,181.1167,358.5629,0.0000,0.0000,0.0000
108.041,368.2160,-0.6961,268.4404,0.2510,3.8000,-0.4500,0.7465,181.1137,358.4407,0.0000,0.0000,0.0000
108.151,367.9563,-0.7188,268.5031,0.2510,3.8000,-0.4500,0.7465,181.1137,358.4407,0.0000,0.0000,0.0000
108.276,367.6954,-0.7419,268.5665,0.2510,3.8000,-0.4500,0.9339,181.1083,358.2723,0.0000,0.0000,0.0000
108.389,367.4357,-0.7620,268.6332,0.2510,3.8000,-0.4500,0.9339,181.1083,358.2723,0.0000,0.0000,0.0000
108.498,367.2188,-0.7780,268.6889,0.2510,3.8000,-0.4500,1.0677,181.1042,358.1799,0.0000,0.0000,0.0000
108.623,366.9156,-0.7972,268.7690,0.2510,3.8000,-0.4500,1.1355,181.1020,358.1408,0.0000,0.0000,0.0000
108.734,366.6986,-0.8090,268.8261,0.2510,3.8000,-0.4500,1.2801,181.0972,358.0732,0.0000,0.0000,0.0000
108.845,366.4390,-0.8206,268.8963,0.2510,3.8000,-0.4500,1.2801,181.0972,358.0732,0.0000,0.0000,0.0000
108.971,366.1792,-0.8293,268.9664,0.2510,3.8000,-0.4500,1.3579,181.0946,358.0504,0.0000,0.0000,0.0000
109.084,365.9194,-0.8344,269.0361,0.2510,3.8000,-0.4500,1.5176,181.0891,358.0174,0.0000,0.0000,0.0000
109.206,365.6599,-0.8370,269.1071,0.2510,3.8000,-0.4500,1.5176,181.0891,358.0174,0.0000,0.0000,0.0000
109.318,365.4438,-0.8360,269.1656,0.2510,3.8000,-0.4500,1.6002,181.0862,358.0160,0.0000,0.0000,0.0000
109.429,365.1846,-0.8311,269.2350,0.2510,3.8000,-0.4500,1.7637,181.0806,358.0251,0.0000,0.0000,0.0000
109.540,364.9688,-0.8255,269.2932,0.2510,3.8000,-0.4500,1.7637,181.0806,358.0251,0.0000,0.0000,0.0000
109.651,364.7102,-0.8126,269.3604,0.2510,3.8000,-0.4500,2.0012,181.0726,358.1035,0.0000,0.0000,0.0000
109.776,364.4515,-0.7996,269.4278,0.2510,3.8000,-0.4500,2.0012,181.0726,358.1035,0.0000,0.0000,0.0000
109.887,364.1929,-0.7834,269.4933,0.2510,3.8000,-0.4500,2.0012,181.0726,358.1035,0.0000,0.0000,0.0000
109.998,363.9783,-0.7649,269.5457,0.2510,3.8000,-0.4500,2.1307,181.0684,358.1997,0.0000,0.0000,0.0000
110.110,363.7203,-0.7429,269.6079,0.2510,3.8000,-0.4500,2.1307,181.0684,358.1997,0.0000,0.0000,0.0000
110.235,363.4632,-0.7143,269.6672,0.2510,3.8000,-0.4500,2.2418,181.0650,358.3266,0.0000,0.0000,0.0000
110.360,363.2068,-0.6799,269.7231,0.2510,3.8000,-0.4500,2.3879,181.0610,358.5276,0.0000,0.0000,0.0000
110.471,362.9504,-0.6427,269.7762,0.2510,3.8000,-0.4500,2.4743,181.0589,358.6689,0.0000,0.0000,0.0000
110.596,362.6939,-0.6021,269.8264,0.2510,3.8000,-0.4500,2.5156,181.0579,358.7394,0.0000,0.0000,0.0000
110.707,362.4393,-0.5516,269.8723,0.2510,3.8000,-0.4500,2.6826,181.0547,359.0377,0.0000,0.0000,0.0000
110.818,362.2263,-0.5093,269.9085,0.2510,3.8000,-0.4500,2.7230,181.0540,359.1116,0.0000,0.0000,0.0000
110.942,361.9292,-0.4412,269.9543,0.2510,3.8000,-0.4500,2.8442,181.0524,359.3336,0.0000,0.0000,0.0000
111.054,361.7173,-0.3883,269.9842,0.2510,3.8000,-0.4500,2.9288,181.0515,359.4881,0.0000,0.0000,0.0000
111.175,361.4635,-0.3205,270.0172,0.2510,3.8000,-0.4500,3.0123,181.0509,359.6404,0.0000,0.0000,0.0000
111.291,361.2113,-0.2442,270.0468,0.2510,3.8000,-0.4500,3.1789,181.0503,359.9443,0.0000,0.0000,0.0000
111.415,360.9583,-0.1678,270.0750,0.2510,3.8000,-0.4500,3.2179,181.0503,0.0157,0.0000,0.0000,0.0000
111.540,360.7071,-0.0830,270.1007,0.2510,3.8000,-0.4500,3.3397,181.0505,0.2435,0.0000,0.0000,0.0000
111.651,360.4563,0.0046,270.1251,0.2510,3.8000,-0.4500,3.4161,181.0510,0.3880,0.0000,0.0000,0.0000
111.777,360.2056,0.0951,270.1485,0.2510,3.8000,-0.4500,3.4538,181.0512,0.4635,0.0000,0.0000,0.0000
111.901,359.9564,0.1913,270.1706,0.2510,3.8000,-0.4500,3.5288,181.0520,0.6156,0.0000,0.0000,0.0000
112.012,359.7080,0.2912,270.1929,0.2510,3.8000,-0.4500,3.5981,181.0528,0.7669,0.0000,0.0000,0.0000
112.123,359.4605,0.3944,270.2158,0.2510,3.8000,-0.4500,3.6620,181.0537,0.9191,0.0000,0.0000,0.0000
112.249,359.2128,0.4973,270.2402,0.2510,3.8000,-0.4500,3.6620,181.0537,0.9191,0.0000,0.0000,0.0000
112.360,359.0082,0.5880,270.2603,0.2510,3.8000,-0.4500,3.7177,181.0547,1.0773,0.0000,0.0000,0.0000
112.471,358.7618,0.6947,270.2857,0.2510,3.8000,-0.4500,3.7177,181.0547,1.0773,0.0000,0.0000,0.0000
112.595,358.5171,0.8057,270.3111,0.2510,3.8000,-0.4500,3.7586,181.0555,1.2370,0.0000,0.0000,0.0000
112.707,358.2719,0.9143,270.3381,0.2510,3.8000,-0.4500,3.7586,181.0555,1.2370,0.0000,0.0000,0.0000
112.818,358.0678,1.0048,270.3613,0.2510,3.8000,-0.4500,3.7586,181.0555,1.2370,0.0000,0.0000,0.0000
112.929,357.8232,1.1128,270.3897,0.2510,3.8000,-0.4500,3.7586,181.0555,1.2370,0.0000,0.0000,0.0000
113.040,357.6207,1.2045,270.4138,0.2510,3.8000,-0.4500,3.7522,181.0554,1.3974,0.0000,0.0000,0.0000
113.152,357.3765,1.3095,270.4443,0.2510,3.8000,-0.4500,3.7522,181.0554,1.3974,0.0000,0.0000,0.0000
113.264,357.1324,1.4117,270.4758,0.2510,3.8000,-0.4500,3.7522,181.0554,1.3974,0.0000,0.0000,0.0000
113.373,356.9287,1.4944,270.5027,0.2510,3.8000,-0.4500,3.7522,181.0554,1.3974,0.0000,0.0000,0.0000
113.485,356.6841,1.5898,270.5355,0.2510,3.8000,-0.4500,3.7522,181.0554,1.3974,0.0000,0.0000,0.0000
113.596,356.4799,1.6657,270.5632,0.2510,3.8000,-0.4500,3.7522,181.0554,1.3974,0.0000,0.0000,0.0000
113.707,356.2355,1.7522,270.5988,0.2510,3.8000,-0.4500,3.5365,181.0499,1.5109,0.0000,0.0000,0.0000
113.832,355.9899,1.8321,270.6357,0.2510,3.8000,-0.4500,3.4523,181.0477,1.5204,0.0000,0.0000,0.0000
113.958,355.7438,1.9042,270.6757,0.2510,3.8000,-0.4500,3.1975,181.0408,1.5340,0.0000,0.0000,0.0000
114.067,355.4966,1.9673,270.7182,0.2510,3.8000,-0.4500,2.8582,181.0319,1.4675,0.0000,0.0000,0.0000
114.178,355.2901,2.0160,270.7530,0.2510,3.8000,-0.4500,2.7773,181.0299,1.4467,0.0000,0.0000,0.0000
114.302,354.9987,2.0691,270.8052,0.2510,3.8000,-0.4500,2.3054,181.0187,1.2463,0.0000,0.0000,0.0000
114.427,354.7479,2.1060,270.8490,0.2510,3.8000,-0.4500,2.0131,181.0128,1.0806,0.0000,0.0000,0.0000
114.539,354.5380,2.1302,270.8846,0.2510,3.8000,-0.4500,1.8029,181.0090,0.9481,0.0000,0.0000,0.0000
114.650,354.2852,2.1513,270.9259,0.2510,3.8000,-0.4500,1.5967,181.0059,0.8096,0.0000,0.0000,0.0000
114.761,354.0726,2.1578,270.9606,0.2510,3.8000,-0.4500,1.2472,181.0017,0.5541,0.0000,0.0000,0.0000
114.872,353.8175,2.1609,270.9995,0.2510,3.8000,-0.4500,1.0492,181.0001,0.4042,0.0000,0.0000,0.0000
114.996,353.5602,2.1497,271.0389,0.2510,3.8000,-0.4500,0.6503,180.9984,0.0864,0.0000,0.0000,0.0000
115.108,353.3031,2.1330,271.0768,0.2510,3.8000,-0.4500,0.4547,180.9983,359.9254,0.0000,0.0000,0.0000
115.233,353.0444,2.1034,271.1164,0.2510,3.8000,-0.4500,0.1265,180.9995,359.6500,0.0000,0.0000,0.0000
115.358,352.7852,2.0644,271.1580,0.2510,3.8000,-0.4500,359.8152,181.0022,359.3822,0.0000,0.0000,0.0000
115.472,352.5261,2.0175,271.2020,0.2510,3.8000,-0.4500,359.5700,181.0053,359.1670,0.0000,0.0000,0.0000
115.584,352.2754,1.9647,271.1116,0.2510,3.8000,-0.4500,359.3800,181.0083,358.9966,0.0000,0.0000,0.0000
115.695,352.0797,1.9193,270.8239,0.2510,3.8000,-0.4500,359.1982,181.0118,358.8302,0.0000,0.0000,0.0000
115.806,351.8560,1.8674,270.2943,0.2510,3.8000,-0.4500,359.0817,181.0143,358.7106,0.0000,0.0000,0.0000
115.918,351.6744,1.8231,269.7708,0.2510,3.8000,-0.4500,358.9686,181.0169,358.5907,0.0000,0.0000,0.0000
116.029,351.4554,1.7677,269.1572,0.2510,3.8000,-0.4500,358.8649,181.0196,358.4628,0.0000,0.0000,0.0000
116.140,351.2668,1.7157,268.7390,0.2510,3.8000,-0.4500,358.7655,181.0224,358.3304,0.0000,0.0000,0.0000
116.261,351.0302,1.6442,268.3756,0.2510,3.8000,-0.4500,358.6211,181.0269,358.1248,0.0000,0.0000,0.0000
116.372,350.7851,1.5681,268.1396,0.2510,3.8000,-0.4500,358.6211,181.0269,358.1248,0.0000,0.0000,0.0000
116.483,350.5316,1.4773,267.9914,0.2510,3.8000,-0.4500,358.4315,181.0335,357.8454,0.0000,0.0000,0.0000
116.594,350.3187,1.4011,267.9344,0.2510,3.8000,-0.4500,358.4315,181.0335,357.8454,0.0000,0.0000,0.0000
116.719,350.0606,1.2986,267.9265,0.2510,3.8000,-0.4500,358.2937,181.0390,357.6400,0.0000,0.0000,0.0000
116.831,349.8028,1.1957,267.9573,0.2510,3.8000,-0.4500,358.2937,181.0390,357.6400,0.0000,0.0000,0.0000
116.941,349.5868,1.1039,268.0008,0.2510,3.8000,-0.4500,358.2013,181.0429,357.4977,0.0000,0.0000,0.0000
117.054,349.3285,0.9957,268.0660,0.2510,3.8000,-0.4500,358.2013,181.0429,357.4977,0.0000,0.0000,0.0000
117.163,349.0703,0.8862,268.1409,0.2510,3.8000,-0.4500,358.2013,181.0429,357.4977,0.0000,0.0000,0.0000
117.275,348.8551,0.7950,268.2079,0.2510,3.8000,-0.4500,358.2013,181.0429,357.4977,0.0000,0.0000,0.0000
117.388,348.5970,0.6865,268.2916,0.2510,3.8000,-0.4500,358.2013,181.0429,357.4977,0.0000,0.0000,0.0000
117.511,348.3387,0.5798,268.3778,0.2510,3.8000,-0.4500,358.2013,181.0429,357.4976,0.0000,0.0000,0.0000
117.622,348.1234,0.4929,268.4508,0.2510,3.8000,-0.4500,358.2013,181.0429,357.4977,0.0000,0.0000,0.0000
117.733,347.8648,0.3927,268.5043,0.2510,3.8000,-0.4500,358.2013,181.0429,357.4977,0.0000,0.0000,0.0000
117.844,347.6065,0.2985,268.4933,0.2510,3.8000,-0.4500,358.2013,181.0429,357.4977,0.0000,0.0000,0.0000
117.955,347.3922,0.2246,268.4467,0.2510,3.8000,-0.4500,358.2013,181.0429,357.4977,0.0000,0.0000,0.0000
118.066,347.1357,0.1411,268.3653,0.2510,3.8000,-0.4500,358.2013,181.0429,357.4977,0.0000,0.0000,0.0000
118.191,346.8782,0.0627,268.2861,0.2510,3.8000,-0.4500,358.2013,181.0429,357.4977,0.0000,0.0000,0.0000
118.316,346.6197,-0.0110,268.2537,0.2510,3.8000,-0.4500,358.2013,181.0429,357.4977,0.0000,0.0000,0.0000
118.428,346.3606,-0.0781,268.2697,0.2510,3.8000,-0.4500,358.4454,181.0321,357.4596,0.0000,0.0000,0.0000
118.553,346.1020,-0.1371,268.3136,0.2510,3.8000,-0.4500,358.7813,181.0173,357.4838,0.0000,0.0000,0.0000
118.664,345.8438,-0.1901,268.3745,0.2510,3.8000,-0.4500,358.9464,181.0101,357.5247,0.0000,0.0000,0.0000
118.775,345.6291,-0.2259,268.4308,0.2510,3.8000,-0.4500,359.2682,180.9964,357.6299,0.0000,0.0000,0.0000
118.886,345.3714,-0.2634,268.5029,0.2510,3.8000,-0.4500,359.4962,180.9872,357.7277,0.0000,0.0000,0.0000
118.997,345.1569,-0.2880,268.5638,0.2510,3.8000,-0.4500,359.7204,180.9785,357.8348,0.0000,0.0000,0.0000
119.122,344.8995,-0.3111,268.6364,0.2510,3.8000,-0.4500,359.9372,180.9705,357.9513,0.0000,0.0000,0.0000
119.235,344.6423,-0.3264,268.7075,0.2510,3.8000,-0.4500,0.1575,180.9629,358.0749,0.0000,0.0000,0.0000
119.344,344.3857,-0.3318,268.7753,0.2510,3.8000,-0.4500,0.5260,180.9512,358.2909,0.0000,0.0000,0.0000
119.457,344.1712,-0.3352,268.8314,0.2510,3.8000,-0.4500,0.5971,180.9491,358.3331,0.0000,0.0000,0.0000
119.567,343.9145,-0.3310,268.8952,0.2510,3.8000,-0.4500,0.8135,180.9430,358.4613,0.0000,0.0000,0.0000
119.677,343.7007,-0.3223,268.9457,0.2510,3.8000,-0.4500,1.0284,180.9375,358.5879,0.0000,0.0000,0.0000
119.789,343.4438,-0.3089,269.0044,0.2510,3.8000,-0.4500,1.1769,180.9340,358.6731,0.0000,0.0000,0.0000
119.914,343.1870,-0.2906,269.0600,0.2510,3.8000,-0.4500,1.3236,180.9307,358.7565,0.0000,0.0000,0.0000
