time_sec,world_x,world_y,world_z,local_x,local_y,local_z,world_rot_x,world_rot_y,world_rot_z,local_rot_x,local_rot_y,local_rot_z
0.000,598.8699,5.2478,250.4535,0.2510,3.8000,-0.4500,0.0000,180.0000,0.0000,0.0000,0.0000,0.0000
0.000,598.8699,5.2478,250.4535,0.2510,3.8000,-0.4500,0.0000,180.0000,0.0000,0.0000,0.0000,0.0000
0.107,598.6557,5.0566,250.4581,0.2510,3.8000,-0.4500,0.0000,180.0000,0.0000,0.0000,0.0000,0.0000
0.221,598.2777,4.7300,250.4630,0.2510,3.8000,-0.4500,0.0000,180.0000,0.0000,0.0000,0.0000,0.0000
0.346,597.7819,4.3091,250.4674,0.2510,3.8000,-0.4500,0.0000,180.0000,0.0000,0.0000,0.0000,0.0000
0.471,597.0726,3.7129,250.4750,0.2510,3.8000,-0.4500,0.0000,180.0000,0.0000,0.0000,0.0000,0.0000
0.572,596.4932,3.2258,250.5205,0.2510,3.8000,-0.4500,0.0000,180.0000,0.0000,0.0000,0.0000,0.0000
0.682,595.8642,2.6930,250.6478,0.2510,3.8000,-0.4500,0.0000,180.0000,0.0000,0.0000,0.0000,0.0000
0.792,595.0540,1.9998,250.9385,0.2510,3.8000,-0.4500,0.0000,180.0000,0.0000,0.0000,0.0000,0.0000
0.917,594.1915,1.2539,251.3872,0.2510,3.8000,-0.4500,0.0000,180.0000,0.0000,0.0000,0.0000,0.0000
1.042,593.2839,0.4615,251.9892,0.2510,3.8000,-0.4500,0.0000,180.0000,0.0000,0.0000,0.0000,0.0000
1.154,592.3369,-0.3721,252.7352,0.2510,3.8000,-0.4500,0.0000,180.0000,0.0000,0.0000,0.0000,0.0000
1.279,591.5927,-1.0739,253.4119,0.2510,3.8000,-0.4500,359.4329,180.0000,0.0040,0.0000,0.0000,0.0000
1.390,591.0903,-1.4673,253.9561,0.2510,3.8000,-0.4500,358.0936,179.9998,0.0138,0.0000,0.0000,0.0000
1.514,590.7166,-1.5889,254.4304,0.2510,3.8000,-0.4500,357.2950,179.9995,0.0198,0.0000,0.0000,0.0000
1.614,590.4589,-1.5648,254.7959,0.2510,3.8000,-0.4500,357.2106,179.9995,0.0204,0.0000,0.0000,0.0000
1.737,590.1855,-1.4830,255.2166,0.2510,3.8000,-0.4500,357.2106,179.9995,0.0204,0.0000,0.0000,0.0000
1.862,589.9343,-1.4145,255.6359,0.2510,3.8000,-0.4500,357.2106,179.9995,0.0204,0.0000,0.0000,0.0000
1.976,589.6961,-1.3959,256.0677,0.2510,3.8000,-0.4500,357.2106,179.9995,0.0204,0.0000,0.0000,0.0000
2.087,589.5034,-1.4224,256.4380,0.2510,3.8000,-0.4500,357.2106,179.9995,0.0204,0.0000,0.0000,0.0000
2.198,589.2764,-1.4936,256.8925,0.2510,3.8000,-0.4500,357.2106,179.9995,0.0204,0.0000,0.0000,0.0000
2.321,589.0519,-1.5894,257.3557,0.2510,3.8000,-0.4500,357.2106,179.9995,0.0204,0.0000,0.0000,0.0000
2.445,588.8289,-1.6923,257.8260,0.2510,3.8000,-0.4500,357.2106,179.9995,0.0204,0.0000,0.0000,0.0000
2.571,588.5700,-1.8056,258.3845,0.2510,3.8000,-0.4500,357.2106,179.9995,0.0204,0.0000,0.0000,0.0000
2.696,588.3486,-1.8911,258.8701,0.2510,3.8000,-0.4500,357.2106,179.9995,0.0204,0.0000,0.0000,0.0000
2.807,588.1643,-1.9539,259.2782,0.2510,3.8000,-0.4500,357.2106,179.9995,0.0204,0.0000,0.0000,0.0000
2.932,587.9063,-2.0315,259.8530,0.2510,3.8000,-0.4500,357.2106,179.9995,0.0204,0.0000,0.0000,0.0000
3.043,587.7219,-2.0819,260.2650,0.2510,3.8000,-0.4500,357.2106,179.9995,0.0204,0.0000,0.0000,0.0000
3.168,587.5004,-2.1391,260.7594,0.2510,3.8000,-0.4500,357.2785,179.9995,359.9773,0.0000,0.0000,0.0000
3.279,587.2779,-2.1943,261.2533,0.2510,3.8000,-0.4500,357.4918,179.9992,359.8477,0.0000,0.0000,0.0000
3.404,587.0552,-2.2475,261.7465,0.2510,3.8000,-0.4500,357.7895,179.9980,359.6853,0.0000,0.0000,0.0000
3.518,586.8337,-2.2983,262.2410,0.2510,3.8000,-0.4500,357.8652,179.9975,359.6467,0.0000,0.0000,0.0000
3.627,586.6476,-2.3387,262.6509,0.2510,3.8000,-0.4500,358.1679,179.9953,359.4946,0.0000,0.0000,0.0000
3.738,586.4236,-2.3840,263.1248,0.2510,3.8000,-0.4500,358.2401,179.9946,359.4597,0.0000,0.0000,0.0000
3.848,586.2341,-2.4187,263.4883,0.2510,3.8000,-0.4500,358.5439,179.9913,359.3151,0.0000,0.0000,0.0000
3.949,586.0428,-2.4507,263.8263,0.2510,3.8000,-0.4500,358.6948,179.9894,359.2447,0.0000,0.0000,0.0000
4.057,585.8118,-2.4858,264.2045,0.2510,3.8000,-0.4500,358.8436,179.9874,359.1756,0.0000,0.0000,0.0000
4.181,585.5784,-2.5174,264.5605,0.2510,3.8000,-0.4500,359.0655,179.9840,359.0751,0.0000,0.0000,0.0000
4.307,585.3411,-2.5458,264.8584,0.2510,3.8000,-0.4500,359.2912,179.9802,358.9752,0.0000,0.0000,0.0000
4.432,585.0665,-2.5762,264.8347,0.2510,3.8000,-0.4500,359.5237,179.9758,358.8792,0.0000,0.0000,0.0000
4.543,584.8789,-2.5976,264.5647,0.2510,3.8000,-0.4500,359.5237,179.9758,358.8792,0.0000,0.0000,0.0000
4.654,584.6606,-2.6235,264.0524,0.2510,3.8000,-0.4500,359.5237,179.9758,358.8792,0.0000,0.0000,0.0000
4.768,584.4824,-2.6452,263.5285,0.2510,3.8000,-0.4500,359.5237,179.9758,358.8792,0.0000,0.0000,0.0000
4.876,584.2711,-2.6708,262.8342,0.2510,3.8000,-0.4500,359.5237,179.9759,358.8792,0.0000,0.0000,0.0000
5.001,584.0614,-2.6957,262.1006,0.2510,3.8000,-0.4500,359.5237,179.9759,358.8792,0.0000,0.0000,0.0000
5.126,583.8525,-2.7194,261.3472,0.2510,3.8000,-0.4500,359.5237,179.9759,358.8792,0.0000,0.0000,0.0000
5.251,583.6097,-2.7450,260.4561,0.2510,3.8000,-0.4500,359.5237,179.9759,358.8792,0.0000,0.0000,0.0000
5.376,583.4020,-2.7648,259.6873,0.2510,3.8000,-0.4500,359.5237,179.9759,358.8792,0.0000,0.0000,0.0000
5.476,583.2292,-2.7797,259.0452,0.2510,3.8000,-0.4500,359.5237,179.9759,358.8792,0.0000,0.0000,0.0000
5.585,583.0566,-2.7929,258.4021,0.2510,3.8000,-0.4500,359.5237,179.9759,358.8792,0.0000,0.0000,0.0000
5.696,582.8500,-2.8065,257.6292,0.2510,3.8000,-0.4500,359.5237,179.9759,358.8792,0.0000,0.0000,0.0000
5.821,582.6440,-2.8148,256.8543,0.2510,3.8000,-0.4500,359.6674,179.9732,358.9640,0.0000,0.0000,0.0000
5.946,582.4387,-2.8201,256.0787,0.2510,3.8000,-0.4500,359.7870,179.9712,359.0748,0.0000,0.0000,0.0000
6.071,582.1987,-2.8260,255.1741,0.2510,3.8000,-0.4500,359.7870,179.9712,359.0748,0.0000,0.0000,0.0000
6.171,582.0286,-2.8246,254.5270,0.2510,3.8000,-0.4500,359.8860,179.9697,359.2082,0.0000,0.0000,0.0000
6.279,581.8589,-2.8210,253.8794,0.2510,3.8000,-0.4500,359.9780,179.9686,359.3461,0.0000,0.0000,0.0000
6.404,581.6552,-2.8160,253.1022,0.2510,3.8000,-0.4500,0.0156,179.9681,359.4204,0.0000,0.0000,0.0000
6.529,581.4522,-2.8078,252.3244,0.2510,3.8000,-0.4500,0.0529,179.9678,359.4958,0.0000,0.0000,0.0000
6.655,581.2176,-2.7896,251.4159,0.2510,3.8000,-0.4500,0.1815,179.9670,359.8070,0.0000,0.0000,0.0000
6.765,581.0490,-2.7784,250.7674,0.2510,3.8000,-0.4500,0.1815,179.9670,359.8070,0.0000,0.0000,0.0000
6.891,580.8154,-2.7542,249.8585,0.2510,3.8000,-0.4500,0.2649,179.9669,0.0417,0.0000,0.0000,0.0000
7.002,580.6489,-2.7345,249.2090,0.2510,3.8000,-0.4500,0.3165,179.9670,0.1982,0.0000,0.0000,0.0000
7.116,580.4489,-2.7100,248.4297,0.2510,3.8000,-0.4500,0.3412,179.9671,0.2744,0.0000,0.0000,0.0000
7.223,580.2841,-2.6837,247.7796,0.2510,3.8000,-0.4500,0.4179,179.9676,0.5143,0.0000,0.0000,0.0000
7.349,580.0854,-2.6534,246.9998,0.2510,3.8000,-0.4500,0.4428,179.9679,0.5912,0.0000,0.0000,0.0000
7.460,579.8881,-2.6168,246.2265,0.2510,3.8000,-0.4500,0.5206,179.9688,0.8281,0.0000,0.0000,0.0000
7.585,579.6876,-2.5797,245.5089,0.2510,3.8000,-0.4500,0.5465,179.9692,0.9028,0.0000,0.0000,0.0000
7.711,579.4486,-2.5275,244.7908,0.2510,3.8000,-0.4500,0.6348,179.9708,1.1376,0.0000,0.0000,0.0000
7.823,579.2730,-2.4879,244.3531,0.2510,3.8000,-0.4500,0.6671,179.9715,1.2117,0.0000,0.0000,0.0000
7.932,579.0599,-2.4326,243.8934,0.2510,3.8000,-0.4500,0.7773,179.9740,1.4390,0.0000,0.0000,0.0000
8.057,578.8433,-2.3757,243.4805,0.2510,3.8000,-0.4500,0.8161,179.9750,1.5090,0.0000,0.0000,0.0000
8.157,578.6643,-2.3233,243.1331,0.2510,3.8000,-0.4500,0.9021,179.9774,1.6516,0.0000,0.0000,0.0000
8.265,578.4872,-2.2689,242.7641,0.2510,3.8000,-0.4500,0.9913,179.9801,1.7884,0.0000,0.0000,0.0000
8.390,578.2767,-2.2036,242.2911,0.2510,3.8000,-0.4500,1.0386,179.9816,1.8554,0.0000,0.0000,0.0000
8.516,578.0347,-2.1233,241.7055,0.2510,3.8000,-0.4500,1.1386,179.9849,1.9913,0.0000,0.0000,0.0000
8.641,577.8290,-2.0520,241.1854,0.2510,3.8000,-0.4500,1.2409,179.9886,2.1227,0.0000,0.0000,0.0000
8.766,577.6191,-1.9768,240.7340,0.2510,3.8000,-0.4500,1.3446,179.9926,2.2490,0.0000,0.0000,0.0000
8.891,577.3596,-1.8819,240.4336,0.2510,3.8000,-0.4500,1.3446,179.9926,2.2490,0.0000,0.0000,0.0000
9.002,577.1725,-1.8000,240.3650,0.2510,3.8000,-0.4500,1.5834,180.0025,2.5007,0.0000,0.0000,0.0000
9.127,576.9467,-1.7010,240.4053,0.2510,3.8000,-0.4500,1.5834,180.0025,2.5007,0.0000,0.0000,0.0000
9.252,576.6873,-1.5733,240.5674,0.2510,3.8000,-0.4500,1.7074,180.0080,2.6078,0.0000,0.0000,0.0000
9.352,576.5052,-1.4772,240.7500,0.2510,3.8000,-0.4500,1.7737,180.0110,2.6591,0.0000,0.0000,0.0000
9.462,576.3272,-1.3755,240.9885,0.2510,3.8000,-0.4500,1.9054,180.0173,2.7590,0.0000,0.0000,0.0000
9.574,576.1172,-1.2519,241.3388,0.2510,3.8000,-0.4500,1.9054,180.0173,2.7590,0.0000,0.0000,0.0000
9.682,575.9448,-1.1459,241.6687,0.2510,3.8000,-0.4500,1.9054,180.0173,2.7590,0.0000,0.0000,0.0000
9.808,575.7405,-1.0151,242.0951,0.2510,3.8000,-0.4500,1.9751,180.0207,2.8004,0.0000,0.0000,0.0000
9.919,575.5374,-0.8846,242.5441,0.2510,3.8000,-0.4500,1.9751,180.0207,2.8004,0.0000,0.0000,0.0000
10.029,575.3689,-0.7761,242.9294,0.2510,3.8000,-0.4500,1.9751,180.0207,2.8005,0.0000,0.0000,0.0000
10.155,575.1330,-0.6261,243.4798,0.2510,3.8000,-0.4500,1.9751,180.0207,2.8005,0.0000,0.0000,0.0000
10.268,574.9646,-0.5213,243.8778,0.2510,3.8000,-0.4500,1.9751,180.0207,2.8005,0.0000,0.0000,0.0000
10.376,574.7624,-0.3990,244.3589,0.2510,3.8000,-0.4500,1.9751,180.0207,2.8005,0.0000,0.0000,0.0000
10.504,574.5598,-0.2815,244.8426,0.2510,3.8000,-0.4500,1.9751,180.0207,2.8005,0.0000,0.0000,0.0000
10.613,574.3564,-0.1697,245.3287,0.2510,3.8000,-0.4500,1.9751,180.0207,2.8005,0.0000,0.0000,0.0000
10.724,574.1865,-0.0814,245.7358,0.2510,3.8000,-0.4500,1.9751,180.0207,2.8005,0.0000,0.0000,0.0000
10.837,573.9817,0.0180,246.2265,0.2510,3.8000,-0.4500,1.9751,180.0206,2.8005,0.0000,0.0000,0.0000
10.942,573.8105,0.0949,246.6370,0.2510,3.8000,-0.4500,1.9751,180.0206,2.8005,0.0000,0.0000,0.0000
11.043,573.6385,0.1662,247.0487,0.2510,3.8000,-0.4500,1.9751,180.0206,2.8005,0.0000,0.0000,0.0000
11.154,573.4288,0.2372,247.5453,0.2510,3.8000,-0.4500,1.8273,180.0138,2.4801,0.0000,0.0000,0.0000
11.265,573.2542,0.2936,247.9593,0.2510,3.8000,-0.4500,1.7882,180.0122,2.4040,0.0000,0.0000,0.0000
11.391,573.0060,0.3563,248.5416,0.2510,3.8000,-0.4500,1.5555,180.0032,2.0429,0.0000,0.0000,0.0000
11.515,572.7925,0.4008,249.0415,0.2510,3.8000,-0.4500,1.3517,179.9964,1.7678,0.0000,0.0000,0.0000
11.640,572.5792,0.4411,249.5410,0.2510,3.8000,-0.4500,1.3017,179.9949,1.7016,0.0000,0.0000,0.0000
11.752,572.3621,0.4647,250.0429,0.2510,3.8000,-0.4500,0.9856,179.9866,1.2864,0.0000,0.0000,0.0000
11.863,572.1828,0.4860,250.4593,0.2510,3.8000,-0.4500,0.9856,179.9866,1.2864,0.0000,0.0000,0.0000
11.988,571.9647,0.4983,250.9599,0.2510,3.8000,-0.4500,0.7908,179.9827,1.0077,0.0000,0.0000,0.0000
12.112,571.7098,0.5066,251.5423,0.2510,3.8000,-0.4500,0.6586,179.9806,0.7921,0.0000,0.0000,0.0000
12.226,571.5270,0.5078,251.9578,0.2510,3.8000,-0.4500,0.5819,179.9797,0.6495,0.0000,0.0000,0.0000
12.337,571.3063,0.5031,252.4561,0.2510,3.8000,-0.4500,0.4799,179.9787,0.4212,0.0000,0.0000,0.0000
12.446,571.1219,0.4954,252.8668,0.2510,3.8000,-0.4500,0.4175,179.9783,0.2598,0.0000,0.0000,0.0000
12.571,570.8600,0.4770,253.4075,0.2510,3.8000,-0.4500,0.3273,179.9781,0.0236,0.0000,0.0000,0.0000
12.683,570.6700,0.4569,253.7653,0.2510,3.8000,-0.4500,0.2320,179.9782,359.7863,0.0000,0.0000,0.0000
12.795,570.4404,0.4293,254.1676,0.2510,3.8000,-0.4500,0.1667,179.9786,359.6336,0.0000,0.0000,0.0000
12.904,570.2476,0.4005,254.4863,0.2510,3.8000,-0.4500,0.0978,179.9791,359.4820,0.0000,0.0000,0.0000
13.029,570.0139,0.3587,254.8521,0.2510,3.8000,-0.4500,359.9885,179.9803,359.2626,0.0000,0.0000,0.0000
13.154,569.7335,0.3017,255.0665,0.2510,3.8000,-0.4500,359.8282,179.9828,358.9776,0.0000,0.0000,0.0000
13.266,569.5388,0.2632,254.9683,0.2510,3.8000,-0.4500,359.8282,179.9828,358.9776,0.0000,0.0000,0.0000
13.391,569.2747,0.2016,254.5378,0.2510,3.8000,-0.4500,359.6530,179.9863,358.6907,0.0000,0.0000,0.0000
13.501,569.0923,0.1615,254.0880,0.2510,3.8000,-0.4500,359.6530,179.9864,358.6907,0.0000,0.0000,0.0000
13.627,568.8755,0.1078,253.4556,0.2510,3.8000,-0.4500,359.5298,179.9894,358.4782,0.0000,0.0000,0.0000
13.738,568.6625,0.0576,252.7593,0.2510,3.8000,-0.4500,359.5298,179.9894,358.4782,0.0000,0.0000,0.0000
13.849,568.4846,0.0099,252.1528,0.2510,3.8000,-0.4500,359.4156,179.9927,358.2590,0.0000,0.0000,0.0000
13.949,568.3080,-0.0340,251.5371,0.2510,3.8000,-0.4500,359.4156,179.9927,358.2590,0.0000,0.0000,0.0000
14.058,568.0958,-0.0883,250.7982,0.2510,3.8000,-0.4500,359.4156,179.9927,358.2590,0.0000,0.0000,0.0000
14.168,567.9177,-0.1364,250.1865,0.2510,3.8000,-0.4500,359.3800,179.9938,358.1842,0.0000,0.0000,0.0000
14.279,567.7042,-0.1935,249.4578,0.2510,3.8000,-0.4500,359.3800,179.9938,358.1842,0.0000,0.0000,0.0000
14.405,567.4900,-0.2549,248.7320,0.2510,3.8000,-0.4500,359.3085,179.9961,358.0337,0.0000,0.0000,0.0000
14.529,567.2767,-0.3136,248.0043,0.2510,3.8000,-0.4500,359.3085,179.9961,358.0337,0.0000,0.0000,0.0000
14.641,567.0633,-0.3725,247.2743,0.2510,3.8000,-0.4500,359.3085,179.9961,358.0337,0.0000,0.0000,0.0000
14.752,566.8499,-0.4313,246.5425,0.2510,3.8000,-0.4500,359.3085,179.9961,358.0337,0.0000,0.0000,0.0000
14.864,566.6721,-0.4799,245.9316,0.2510,3.8000,-0.4500,359.3085,179.9961,358.0337,0.0000,0.0000,0.0000
14.973,566.4589,-0.5374,245.1969,0.2510,3.8000,-0.4500,359.3085,179.9961,358.0337,0.0000,0.0000,0.0000
15.099,566.2460,-0.5936,244.4598,0.2510,3.8000,-0.4500,359.3085,179.9961,358.0337,0.0000,0.0000,0.0000
15.224,566.0333,-0.6482,243.7206,0.2510,3.8000,-0.4500,359.3085,179.9961,358.0337,0.0000,0.0000,0.0000
15.348,565.8207,-0.7010,242.9797,0.2510,3.8000,-0.4500,359.3085,179.9961,358.0337,0.0000,0.0000,0.0000
15.449,565.6439,-0.7434,242.3615,0.2510,3.8000,-0.4500,359.3085,179.9961,358.0337,0.0000,0.0000,0.0000
15.557,565.4319,-0.7921,241.6189,0.2510,3.8000,-0.4500,359.3085,179.9961,358.0337,0.0000,0.0000,0.0000
15.682,565.2206,-0.8383,240.8748,0.2510,3.8000,-0.4500,359.3085,179.9960,358.0337,0.0000,0.0000,0.0000
15.796,565.0098,-0.8818,240.1291,0.2510,3.8000,-0.4500,359.3085,179.9960,358.0337,0.0000,0.0000,0.0000
15.904,564.8341,-0.9158,239.5066,0.2510,3.8000,-0.4500,359.3085,179.9960,358.0337,0.0000,0.0000,0.0000
16.029,564.6237,-0.9539,238.7588,0.2510,3.8000,-0.4500,359.3085,179.9960,358.0337,0.0000,0.0000,0.0000
16.155,564.3792,-0.9940,237.8861,0.2510,3.8000,-0.4500,359.2449,179.9982,358.0850,0.0000,0.0000,0.0000
16.279,564.1703,-1.0241,237.1374,0.2510,3.8000,-0.4500,359.1263,180.0020,358.1962,0.0000,0.0000,0.0000
16.404,563.9616,-1.0513,236.3866,0.2510,3.8000,-0.4500,359.0715,180.0037,358.2556,0.0000,0.0000,0.0000
16.529,563.7543,-1.0742,235.6347,0.2510,3.8000,-0.4500,358.9764,180.0065,358.3873,0.0000,0.0000,0.0000
16.655,563.5132,-1.0955,234.7565,0.2510,3.8000,-0.4500,358.8529,180.0098,358.6040,0.0000,0.0000,0.0000
16.779,563.3075,-1.1094,234.0031,0.2510,3.8000,-0.4500,358.7510,180.0120,358.8322,0.0000,0.0000,0.0000
16.904,563.1017,-1.1218,233.2478,0.2510,3.8000,-0.4500,358.7219,180.0126,358.9086,0.0000,0.0000,0.0000
17.029,562.8954,-1.1292,232.5244,0.2510,3.8000,-0.4500,358.6397,180.0140,359.1400,0.0000,0.0000,0.0000
17.154,562.6509,-1.1373,231.7606,0.2510,3.8000,-0.4500,358.5887,180.0147,359.3000,0.0000,0.0000,0.0000
17.279,562.4374,-1.1437,231.1739,0.2510,3.8000,-0.4500,358.5636,180.0150,359.3792,0.0000,0.0000,0.0000
17.405,562.2222,-1.1463,230.6402,0.2510,3.8000,-0.4500,358.4901,180.0156,359.6140,0.0000,0.0000,0.0000
17.516,561.9988,-1.1493,230.2298,0.2510,3.8000,-0.4500,358.4126,180.0160,359.8495,0.0000,0.0000,0.0000
17.641,561.7626,-1.1597,230.0284,0.2510,3.8000,-0.4500,358.4126,180.0160,359.8495,0.0000,0.0000,0.0000
17.753,561.5267,-1.1728,230.0238,0.2510,3.8000,-0.4500,358.3532,180.0161,0.0058,0.0000,0.0000,0.0000
17.865,561.3334,-1.1862,230.1360,0.2510,3.8000,-0.4500,358.2505,180.0159,0.2364,0.0000,0.0000,0.0000
17.974,561.1038,-1.2080,230.3682,0.2510,3.8000,-0.4500,358.1696,180.0154,0.3825,0.0000,0.0000,0.0000
18.099,560.8768,-1.2343,230.6731,0.2510,3.8000,-0.4500,358.1286,180.0151,0.4541,0.0000,0.0000,0.0000
18.224,560.6540,-1.2622,231.0376,0.2510,3.8000,-0.4500,357.9804,180.0136,0.6660,0.0000,0.0000,0.0000
18.349,560.4329,-1.2946,231.4469,0.2510,3.8000,-0.4500,357.9322,180.0130,0.7327,0.0000,0.0000,0.0000
18.474,560.1774,-1.3356,231.9634,0.2510,3.8000,-0.4500,357.8763,180.0123,0.7983,0.0000,0.0000,0.0000
18.599,559.9607,-1.3718,232.4276,0.2510,3.8000,-0.4500,357.7645,180.0106,0.9278,0.0000,0.0000,0.0000
18.724,559.7438,-1.4107,232.9028,0.2510,3.8000,-0.4500,357.7645,180.0106,0.9278,0.0000,0.0000,0.0000
18.849,559.5285,-1.4491,233.3866,0.2510,3.8000,-0.4500,357.6501,180.0086,1.0500,0.0000,0.0000,0.0000
18.974,559.2776,-1.4955,233.9570,0.2510,3.8000,-0.4500,357.5937,180.0076,1.1095,0.0000,0.0000,0.0000
19.100,559.0629,-1.5352,234.4493,0.2510,3.8000,-0.4500,357.5378,180.0064,1.1686,0.0000,0.0000,0.0000
19.225,558.8480,-1.5751,234.9431,0.2510,3.8000,-0.4500,357.5378,180.0064,1.1686,0.0000,0.0000,0.0000
19.337,558.6336,-1.6144,235.4379,0.2510,3.8000,-0.4500,357.5378,180.0064,1.1686,0.0000,0.0000,0.0000
19.449,558.4548,-1.6464,235.8505,0.2510,3.8000,-0.4500,357.5378,180.0064,1.1686,0.0000,0.0000,0.0000
19.557,558.2404,-1.6834,236.3454,0.2510,3.8000,-0.4500,357.5378,180.0064,1.1686,0.0000,0.0000,0.0000
19.668,558.0622,-1.7129,236.7576,0.2510,3.8000,-0.4500,357.5378,180.0064,1.1686,0.0000,0.0000,0.0000
19.794,557.8126,-1.7517,237.3344,0.2510,3.8000,-0.4500,357.5378,180.0064,1.1686,0.0000,0.0000,0.0000
19.904,557.6343,-1.7773,237.7461,0.2510,3.8000,-0.4500,357.5378,180.0064,1.1686,0.0000,0.0000,0.0000
20.029,557.4207,-1.8053,238.2397,0.2510,3.8000,-0.4500,357.5378,180.0064,1.1686,0.0000,0.0000,0.0000
20.129,557.2425,-1.8261,238.6504,0.2510,3.8000,-0.4500,357.5378,180.0064,1.1686,0.0000,0.0000,0.0000
20.237,557.0287,-1.8478,239.1424,0.2510,3.8000,-0.4500,357.5378,180.0064,1.1686,0.0000,0.0000,0.0000
20.363,556.8152,-1.8656,239.6337,0.2510,3.8000,-0.4500,357.5378,180.0064,1.1686,0.0000,0.0000,0.0000
20.463,556.6370,-1.8771,240.0426,0.2510,3.8000,-0.4500,357.5378,180.0064,1.1686,0.0000,0.0000,0.0000
20.571,556.4243,-1.8837,240.5323,0.2510,3.8000,-0.4500,357.6150,180.0081,1.3109,0.0000,0.0000,0.0000
20.685,556.2471,-1.8851,240.9394,0.2510,3.8000,-0.4500,357.7293,180.0108,1.4281,0.0000,0.0000,0.0000
20.793,556.0337,-1.8858,241.4275,0.2510,3.8000,-0.4500,357.7293,180.0108,1.4281,0.0000,0.0000,0.0000
20.908,555.8568,-1.8782,241.8321,0.2510,3.8000,-0.4500,357.9442,180.0165,1.5690,0.0000,0.0000,0.0000
21.018,555.6445,-1.8656,242.3169,0.2510,3.8000,-0.4500,358.1788,180.0231,1.6709,0.0000,0.0000,0.0000
21.128,555.4670,-1.8528,242.7210,0.2510,3.8000,-0.4500,358.2557,180.0254,1.7011,0.0000,0.0000,0.0000
21.238,555.2547,-1.8297,243.2032,0.2510,3.8000,-0.4500,358.5872,180.0355,1.7815,0.0000,0.0000,0.0000
21.363,555.0420,-1.8041,243.6839,0.2510,3.8000,-0.4500,358.6709,180.0381,1.7941,0.0000,0.0000,0.0000
21.465,554.8647,-1.7767,244.0806,0.2510,3.8000,-0.4500,358.9240,180.0461,1.8276,0.0000,0.0000,0.0000
21.568,554.6875,-1.7458,244.4753,0.2510,3.8000,-0.4500,359.1717,180.0540,1.8452,0.0000,0.0000,0.0000
21.683,554.4747,-1.7051,244.9473,0.2510,3.8000,-0.4500,359.3316,180.0592,1.8514,0.0000,0.0000,0.0000
21.795,554.2618,-1.6580,245.4162,0.2510,3.8000,-0.4500,359.6633,180.0699,1.8500,0.0000,0.0000,0.0000
21.904,554.0846,-1.6172,245.8066,0.2510,3.8000,-0.4500,359.6633,180.0699,1.8500,0.0000,0.0000,0.0000
22.004,553.9069,-1.5713,246.1928,0.2510,3.8000,-0.4500,359.9136,180.0779,1.8374,0.0000,0.0000,0.0000
22.113,553.6935,-1.5126,246.6535,0.2510,3.8000,-0.4500,0.1611,180.0858,1.8163,0.0000,0.0000,0.0000
22.224,553.5159,-1.4609,247.0353,0.2510,3.8000,-0.4500,0.3243,180.0910,1.7983,0.0000,0.0000,0.0000
22.349,553.3024,-1.3956,247.4917,0.2510,3.8000,-0.4500,0.4841,180.0960,1.7776,0.0000,0.0000,0.0000
22.449,553.1243,-1.3384,247.8697,0.2510,3.8000,-0.4500,0.6549,180.1012,1.7469,0.0000,0.0000,0.0000
22.560,552.9094,-1.2675,248.3115,0.2510,3.8000,-0.4500,0.8224,180.1063,1.7150,0.0000,0.0000,0.0000
22.682,552.6927,-1.1946,248.7324,0.2510,3.8000,-0.4500,0.9779,180.1109,1.6780,0.0000,0.0000,0.0000
22.808,552.4743,-1.1202,249.1334,0.2510,3.8000,-0.4500,1.2160,180.1178,1.6089,0.0000,0.0000,0.0000
22.921,552.2553,-1.0455,249.5208,0.2510,3.8000,-0.4500,1.2160,180.1178,1.6089,0.0000,0.0000,0.0000
23.029,552.0715,-0.9825,249.8337,0.2510,3.8000,-0.4500,1.4537,180.1242,1.5187,0.0000,0.0000,0.0000
23.158,551.8124,-0.8948,250.2482,0.2510,3.8000,-0.4500,1.6038,180.1281,1.4465,0.0000,0.0000,0.0000
23.266,551.6248,-0.8331,250.5110,0.2510,3.8000,-0.4500,1.6038,180.1281,1.4465,0.0000,0.0000,0.0000
23.391,551.3572,-0.7496,250.8299,0.2510,3.8000,-0.4500,1.7485,180.1317,1.3627,0.0000,0.0000,0.0000
23.502,551.1633,-0.6921,251.0308,0.2510,3.8000,-0.4500,1.8854,180.1348,1.2651,0.0000,0.0000,0.0000
23.613,550.9294,-0.6244,251.2520,0.2510,3.8000,-0.4500,1.8854,180.1348,1.2651,0.0000,0.0000,0.0000
23.737,550.6918,-0.5602,251.4407,0.2510,3.8000,-0.4500,2.0124,180.1375,1.1525,0.0000,0.0000,0.0000
23.865,550.4489,-0.5010,251.5255,0.2510,3.8000,-0.4500,2.0691,180.1386,1.0934,0.0000,0.0000,0.0000
23.977,550.2064,-0.4492,251.4866,0.2510,3.8000,-0.4500,2.1228,180.1396,1.0290,0.0000,0.0000,0.0000
24.085,550.0063,-0.4113,251.3769,0.2510,3.8000,-0.4500,2.1757,180.1405,0.9642,0.0000,0.0000,0.0000
24.196,549.7691,-0.3709,251.1776,0.2510,3.8000,-0.4500,2.2215,180.1413,0.8976,0.0000,0.0000,0.0000
24.321,549.5336,-0.3347,250.9283,0.2510,3.8000,-0.4500,2.2639,180.1419,0.8285,0.0000,0.0000,0.0000
24.421,549.3387,-0.3073,250.6897,0.2510,3.8000,-0.4500,2.3045,180.1425,0.7604,0.0000,0.0000,0.0000
24.531,549.1074,-0.2760,250.3717,0.2510,3.8000,-0.4500,2.3045,180.1425,0.7604,0.0000,0.0000,0.0000
24.641,548.9156,-0.2514,250.0866,0.2510,3.8000,-0.4500,2.3045,180.1425,0.7604,0.0000,0.0000,0.0000
24.765,548.6868,-0.2231,249.7274,0.2510,3.8000,-0.4500,2.3045,180.1425,0.7604,0.0000,0.0000,0.0000
24.877,548.4586,-0.1959,249.3558,0.2510,3.8000,-0.4500,2.3045,180.1425,0.7604,0.0000,0.0000,0.0000
25.002,548.2309,-0.1696,248.9771,0.2510,3.8000,-0.4500,2.3045,180.1425,0.7604,0.0000,0.0000,0.0000
25.103,548.0397,-0.1514,248.6591,0.2510,3.8000,-0.4500,2.4076,180.1436,0.5357,0.0000,0.0000,0.0000
25.210,547.8499,-0.1308,248.3415,0.2510,3.8000,-0.4500,2.4076,180.1437,0.5357,0.0000,0.0000,0.0000
25.335,547.5838,-0.1035,247.8976,0.2510,3.8000,-0.4500,2.4076,180.1437,0.5357,0.0000,0.0000,0.0000
25.446,547.3932,-0.0853,247.5810,0.2510,3.8000,-0.4500,2.4076,180.1437,0.5357,0.0000,0.0000,0.0000
25.571,547.1250,-0.0631,247.1452,0.2510,3.8000,-0.4500,2.4326,180.1439,0.4570,0.0000,0.0000,0.0000
25.697,546.8885,-0.0455,246.8426,0.2510,3.8000,-0.4500,2.4775,180.1442,0.2971,0.0000,0.0000,0.0000
25.807,546.6844,-0.0281,246.6762,0.2510,3.8000,-0.4500,2.4953,180.1443,0.2189,0.0000,0.0000,0.0000
25.933,546.3912,-0.0019,246.5661,0.2510,3.8000,-0.4500,2.5262,180.1443,0.0549,0.0000,0.0000,0.0000
26.046,546.1806,0.0184,246.5536,0.2510,3.8000,-0.4500,2.5381,180.1443,359.9725,0.0000,0.0000,0.0000
26.190,545.8854,0.0459,246.5984,0.2510,3.8000,-0.4500,2.5587,180.1443,359.8079,0.0000,0.0000,0.0000
26.351,545.5130,0.0811,246.8074,0.2510,3.8000,-0.4500,2.5794,180.1442,359.5592,0.0000,0.0000,0.0000
26.461,545.3128,0.1043,247.0165,0.2510,3.8000,-0.4500,2.5794,180.1442,359.5592,0.0000,0.0000,0.0000
26.572,545.0770,0.1306,247.3535,0.2510,3.8000,-0.4500,2.5876,180.1441,359.3931,0.0000,0.0000,0.0000
26.696,544.8442,0.1553,247.7466,0.2510,3.8000,-0.4500,2.5929,180.1441,359.1367,0.0000,0.0000,0.0000
26.821,544.6148,0.1832,248.1715,0.2510,3.8000,-0.4500,2.5929,180.1441,359.1367,0.0000,0.0000,0.0000
26.921,544.4231,0.2020,248.5401,0.2510,3.8000,-0.4500,2.5921,180.1441,358.9715,0.0000,0.0000,0.0000
27.031,544.1935,0.2230,248.9929,0.2510,3.8000,-0.4500,2.5880,180.1442,358.8057,0.0000,0.0000,0.0000
27.141,544.0029,0.2410,249.3755,0.2510,3.8000,-0.4500,2.5880,180.1442,358.8057,0.0000,0.0000,0.0000
27.252,543.7737,0.2588,249.8387,0.2510,3.8000,-0.4500,2.5849,180.1443,358.7250,0.0000,0.0000,0.0000
27.376,543.5438,0.2725,250.3048,0.2510,3.8000,-0.4500,2.5763,180.1445,358.5589,0.0000,0.0000,0.0000
27.502,543.3141,0.2853,250.7722,0.2510,3.8000,-0.4500,2.5706,180.1446,358.4760,0.0000,0.0000,0.0000
27.627,543.0835,0.2944,251.2401,0.2510,3.8000,-0.4500,2.5580,180.1450,358.3130,0.0000,0.0000,0.0000
27.752,542.8152,0.3057,251.7854,0.2510,3.8000,-0.4500,2.5580,180.1450,358.3130,0.0000,0.0000,0.0000
27.876,542.5845,0.3120,252.2527,0.2510,3.8000,-0.4500,2.5506,180.1452,358.2322,0.0000,0.0000,0.0000
27.989,542.3921,0.3156,252.6420,0.2510,3.8000,-0.4500,2.5422,180.1454,358.1493,0.0000,0.0000,0.0000
28.111,542.1224,0.3196,253.1866,0.2510,3.8000,-0.4500,2.5338,180.1457,358.0669,0.0000,0.0000,0.0000
28.237,541.8918,0.3230,253.6520,0.2510,3.8000,-0.4500,2.5338,180.1457,358.0669,0.0000,0.0000,0.0000
28.361,541.6599,0.3222,254.1162,0.2510,3.8000,-0.4500,2.5165,180.1463,357.9055,0.0000,0.0000,0.0000
28.486,541.4284,0.3235,254.5789,0.2510,3.8000,-0.4500,2.5165,180.1463,357.9055,0.0000,0.0000,0.0000
28.612,541.1580,0.3241,255.1178,0.2510,3.8000,-0.4500,2.5165,180.1463,357.9055,0.0000,0.0000,0.0000
28.725,540.9647,0.3240,255.5011,0.2510,3.8000,-0.4500,2.5165,180.1463,357.9055,0.0000,0.0000,0.0000
28.847,540.7315,0.3230,255.9449,0.2510,3.8000,-0.4500,2.5165,180.1463,357.9055,0.0000,0.0000,0.0000
28.973,540.4568,0.3185,256.4296,0.2510,3.8000,-0.4500,2.5112,180.1465,357.8239,0.0000,0.0000,0.0000
29.097,540.2198,0.3146,256.8206,0.2510,3.8000,-0.4500,2.5112,180.1465,357.8239,0.0000,0.0000,0.0000
29.222,539.9817,0.3097,257.1954,0.2510,3.8000,-0.4500,2.5112,180.1465,357.8238,0.0000,0.0000,0.0000
29.347,539.7429,0.3041,257.5553,0.2510,3.8000,-0.4500,2.5112,180.1465,357.8238,0.0000,0.0000,0.0000
29.459,539.4967,0.2938,257.8221,0.2510,3.8000,-0.4500,2.5109,180.1465,357.7435,0.0000,0.0000,0.0000
29.569,539.2867,0.2806,257.9144,0.2510,3.8000,-0.4500,2.5109,180.1465,357.7435,0.0000,0.0000,0.0000
29.680,539.0350,0.2580,257.8839,0.2510,3.8000,-0.4500,2.5109,180.1465,357.7435,0.0000,0.0000,0.0000
29.805,538.7861,0.2296,257.7388,0.2510,3.8000,-0.4500,2.5109,180.1465,357.7435,0.0000,0.0000,0.0000
29.931,538.4986,0.1895,257.4702,0.2510,3.8000,-0.4500,2.5178,180.1463,357.6608,0.0000,0.0000,0.0000
30.042,538.2979,0.1585,257.2041,0.2510,3.8000,-0.4500,2.5178,180.1463,357.6608,0.0000,0.0000,0.0000
30.167,538.0648,0.1141,256.7508,0.2510,3.8000,-0.4500,2.5274,180.1459,357.5778,0.0000,0.0000,0.0000
30.292,537.8023,0.0553,256.0699,0.2510,3.8000,-0.4500,2.5368,180.1454,357.4976,0.0000,0.0000,0.0000
30.417,537.5829,0.0016,255.4029,0.2510,3.8000,-0.4500,2.5368,180.1455,357.4976,0.0000,0.0000,0.0000
30.542,537.3658,-0.0546,254.6907,0.2510,3.8000,-0.4500,2.5368,180.1455,357.4976,0.0000,0.0000,0.0000
30.667,537.1501,-0.1123,253.9527,0.2510,3.8000,-0.4500,2.5368,180.1455,357.4976,0.0000,0.0000,0.0000
30.792,536.8996,-0.1804,253.0760,0.2510,3.8000,-0.4500,2.5368,180.1455,357.4976,0.0000,0.0000,0.0000
30.917,536.6853,-0.2389,252.3185,0.2510,3.8000,-0.4500,2.5368,180.1455,357.4976,0.0000,0.0000,0.0000
31.028,536.5068,-0.2875,251.6855,0.2510,3.8000,-0.4500,2.5368,180.1455,357.4976,0.0000,0.0000,0.0000
31.153,536.2570,-0.3553,250.7981,0.2510,3.8000,-0.4500,2.5368,180.1455,357.4976,0.0000,0.0000,0.0000
31.278,536.0427,-0.4128,250.0377,0.2510,3.8000,-0.4500,2.5368,180.1455,357.4976,0.0000,0.0000,0.0000
31.403,535.8284,-0.4697,249.2795,0.2510,3.8000,-0.4500,2.5368,180.1456,357.4976,0.0000,0.0000,0.0000
31.514,535.6140,-0.5258,248.5238,0.2510,3.8000,-0.4500,2.5368,180.1456,357.4976,0.0000,0.0000,0.0000
31.640,535.4001,-0.5810,247.7702,0.2510,3.8000,-0.4500,2.5368,180.1456,357.4976,0.0000,0.0000,0.0000
31.753,535.1862,-0.6352,247.0182,0.2510,3.8000,-0.4500,2.5368,180.1456,357.4976,0.0000,0.0000,0.0000
31.861,535.0076,-0.6795,246.3972,0.2510,3.8000,-0.4500,2.5368,180.1456,357.4976,0.0000,0.0000,0.0000
31.973,534.7902,-0.7302,245.7106,0.2510,3.8000,-0.4500,2.5368,180.1456,357.4976,0.0000,0.0000,0.0000
32.097,534.5666,-0.7769,245.1263,0.2510,3.8000,-0.4500,2.5368,180.1456,357.4976,0.0000,0.0000,0.0000
32.198,534.3755,-0.8128,244.7164,0.2510,3.8000,-0.4500,2.5368,180.1456,357.4976,0.0000,0.0000,0.0000
32.306,534.1805,-0.8464,244.3651,0.2510,3.8000,-0.4500,2.5368,180.1456,357.4976,0.0000,0.0000,0.0000
32.431,533.9024,-0.8903,243.9467,0.2510,3.8000,-0.4500,2.5368,180.1456,357.4976,0.0000,0.0000,0.0000
32.542,533.6989,-0.9194,243.7218,0.2510,3.8000,-0.4500,2.5368,180.1456,357.4976,0.0000,0.0000,0.0000
32.667,533.4502,-0.9511,243.6236,0.2510,3.8000,-0.4500,2.3738,180.1527,357.4836,0.0000,0.0000,0.0000
32.792,533.1632,-0.9797,243.7244,0.2510,3.8000,-0.4500,2.3738,180.1527,357.4836,0.0000,0.0000,0.0000
32.917,532.9214,-0.9996,243.9452,0.2510,3.8000,-0.4500,2.3738,180.1527,357.4836,0.0000,0.0000,0.0000
33.042,532.6831,-1.0165,244.2473,0.2510,3.8000,-0.4500,2.3738,180.1527,357.4836,0.0000,0.0000,0.0000
33.167,532.4475,-1.0311,244.6038,0.2510,3.8000,-0.4500,2.3738,180.1527,357.4836,0.0000,0.0000,0.0000
33.278,532.2137,-1.0439,245.0006,0.2510,3.8000,-0.4500,2.3738,180.1527,357.4836,0.0000,0.0000,0.0000
33.403,531.9815,-1.0550,245.4249,0.2510,3.8000,-0.4500,2.3738,180.1527,357.4836,0.0000,0.0000,0.0000
33.528,531.7506,-1.0647,245.8673,0.2510,3.8000,-0.4500,2.3738,180.1527,357.4836,0.0000,0.0000,0.0000
33.653,531.4822,-1.0742,246.3975,0.2510,3.8000,-0.4500,2.3738,180.1527,357.4837,0.0000,0.0000,0.0000
33.766,531.2908,-1.0798,246.7818,0.2510,3.8000,-0.4500,2.3738,180.1527,357.4837,0.0000,0.0000,0.0000
33.875,531.0615,-1.0852,247.2462,0.2510,3.8000,-0.4500,2.3738,180.1527,357.4837,0.0000,0.0000,0.0000
33.975,530.8703,-1.0886,247.6347,0.2510,3.8000,-0.4500,2.3738,180.1527,357.4837,0.0000,0.0000,0.0000
34.085,530.6793,-1.0911,248.0240,0.2510,3.8000,-0.4500,2.3738,180.1527,357.4837,0.0000,0.0000,0.0000
34.194,530.4500,-1.0928,248.4916,0.2510,3.8000,-0.4500,2.3738,180.1527,357.4836,0.0000,0.0000,0.0000
34.308,530.2588,-1.0932,248.8814,0.2510,3.8000,-0.4500,2.3738,180.1527,357.4836,0.0000,0.0000,0.0000
34.417,530.0292,-1.0926,249.3491,0.2510,3.8000,-0.4500,2.3738,180.1527,357.4836,0.0000,0.0000,0.0000
34.542,529.7998,-1.0908,249.8163,0.2510,3.8000,-0.4500,2.3738,180.1527,357.4836,0.0000,0.0000,0.0000
34.654,529.5706,-1.0882,250.2829,0.2510,3.8000,-0.4500,2.3738,180.1527,357.4837,0.0000,0.0000,0.0000
34.764,529.3795,-1.0855,250.6714,0.2510,3.8000,-0.4500,2.3738,180.1527,357.4837,0.0000,0.0000,0.0000
34.890,529.1499,-1.0819,251.1372,0.2510,3.8000,-0.4500,2.3738,180.1527,357.4837,0.0000,0.0000,0.0000
34.990,528.9584,-1.0785,251.5250,0.2510,3.8000,-0.4500,2.3738,180.1527,357.4837,0.0000,0.0000,0.0000
35.102,528.7286,-1.0740,251.9899,0.2510,3.8000,-0.4500,2.3738,180.1527,357.4837,0.0000,0.0000,0.0000
35.212,528.4982,-1.0689,252.4541,0.2510,3.8000,-0.4500,2.3738,180.1527,357.4837,0.0000,0.0000,0.0000
35.324,528.3060,-1.0640,252.8405,0.2510,3.8000,-0.4500,2.3738,180.1527,357.4837,0.0000,0.0000,0.0000
35.435,528.0754,-1.0573,253.3036,0.2510,3.8000,-0.4500,2.3738,180.1527,357.4836,0.0000,0.0000,0.0000
35.546,527.8832,-1.0508,253.6892,0.2510,3.8000,-0.4500,2.3738,180.1527,357.4837,0.0000,0.0000,0.0000
35.657,527.6525,-1.0421,254.1511,0.2510,3.8000,-0.4500,2.3738,180.1527,357.4836,0.0000,0.0000,0.0000
35.778,527.4214,-1.0322,254.6108,0.2510,3.8000,-0.4500,2.3738,180.1527,357.4836,0.0000,0.0000,0.0000
35.890,527.2288,-1.0233,254.9921,0.2510,3.8000,-0.4500,2.3738,180.1527,357.4836,0.0000,0.0000,0.0000
36.014,526.9592,-1.0097,255.5237,0.2510,3.8000,-0.4500,2.3738,180.1527,357.4836,0.0000,0.0000,0.0000
36.125,526.7663,-0.9993,255.9021,0.2510,3.8000,-0.4500,2.3738,180.1527,357.4837,0.0000,0.0000,0.0000
36.250,526.5345,-0.9866,256.3479,0.2510,3.8000,-0.4500,2.3738,180.1527,357.4837,0.0000,0.0000,0.0000
36.375,526.2574,-0.9749,256.7718,0.2510,3.8000,-0.4500,2.3738,180.1527,357.4837,0.0000,0.0000,0.0000
36.500,526.0117,-0.9699,257.0248,0.2510,3.8000,-0.4500,2.3738,180.1527,357.4836,0.0000,0.0000,0.0000
36.625,525.7596,-0.9691,257.1956,0.2510,3.8000,-0.4500,2.3738,180.1527,357.4836,0.0000,0.0000,0.0000
36.750,525.5034,-0.9711,257.3019,0.2510,3.8000,-0.4500,2.3738,180.1527,357.4837,0.0000,0.0000,0.0000
36.875,525.2040,-0.9781,257.3016,0.2510,3.8000,-0.4500,2.3738,180.1527,357.4836,0.0000,0.0000,0.0000
37.000,524.9601,-0.9915,257.0740,0.2510,3.8000,-0.4500,2.3738,180.1527,357.4836,0.0000,0.0000,0.0000
37.111,524.7303,-1.0134,256.6206,0.2510,3.8000,-0.4500,2.3738,180.1527,357.4836,0.0000,0.0000,0.0000
37.222,524.5460,-1.0361,256.1256,0.2510,3.8000,-0.4500,2.3738,180.1527,357.4836,0.0000,0.0000,0.0000
37.347,524.3298,-1.0662,255.4487,0.2510,3.8000,-0.4500,2.3738,180.1527,357.4836,0.0000,0.0000,0.0000
37.472,524.0812,-1.1026,254.5972,0.2510,3.8000,-0.4500,2.3738,180.1527,357.4836,0.0000,0.0000,0.0000
37.598,523.8699,-1.1333,253.8419,0.2510,3.8000,-0.4500,2.3738,180.1527,357.4836,0.0000,0.0000,0.0000
37.708,523.6945,-1.1580,253.2051,0.2510,3.8000,-0.4500,2.3738,180.1528,357.4836,0.0000,0.0000,0.0000
37.833,523.4503,-1.1884,252.3105,0.2510,3.8000,-0.4500,2.3162,180.1552,357.6334,0.0000,0.0000,0.0000
37.945,523.2755,-1.2101,251.6706,0.2510,3.8000,-0.4500,2.3162,180.1552,357.6334,0.0000,0.0000,0.0000
38.056,523.0676,-1.2314,250.9001,0.2510,3.8000,-0.4500,2.2038,180.1597,357.8676,0.0000,0.0000,0.0000
38.167,522.8933,-1.2505,250.2542,0.2510,3.8000,-0.4500,2.2038,180.1596,357.8676,0.0000,0.0000,0.0000
38.292,522.6517,-1.2713,249.3473,0.2510,3.8000,-0.4500,2.0301,180.1657,358.1634,0.0000,0.0000,0.0000
38.417,522.4437,-1.2907,248.5670,0.2510,3.8000,-0.4500,2.0301,180.1657,358.1634,0.0000,0.0000,0.0000
38.542,522.2367,-1.3064,247.7866,0.2510,3.8000,-0.4500,1.9315,180.1687,358.3050,0.0000,0.0000,0.0000
38.667,522.0264,-1.3205,247.0642,0.2510,3.8000,-0.4500,1.8823,180.1701,358.3745,0.0000,0.0000,0.0000
38.792,521.7639,-1.3285,246.5004,0.2510,3.8000,-0.4500,1.7299,180.1742,358.5718,0.0000,0.0000,0.0000
38.905,521.5649,-1.3309,246.3142,0.2510,3.8000,-0.4500,1.7299,180.1742,358.5718,0.0000,0.0000,0.0000
39.016,521.3257,-1.3289,246.2866,0.2510,3.8000,-0.4500,1.6189,180.1768,358.6902,0.0000,0.0000,0.0000
39.125,521.1273,-1.3268,246.3825,0.2510,3.8000,-0.4500,1.6189,180.1768,358.6902,0.0000,0.0000,0.0000
39.236,520.8924,-1.3234,246.6032,0.2510,3.8000,-0.4500,1.4894,180.1797,358.7933,0.0000,0.0000,0.0000
39.361,520.6608,-1.3224,246.9149,0.2510,3.8000,-0.4500,1.4894,180.1797,358.7933,0.0000,0.0000,0.0000
39.487,520.4330,-1.3241,247.2961,0.2510,3.8000,-0.4500,1.2711,180.1840,358.9079,0.0000,0.0000,0.0000
39.599,520.2067,-1.3303,247.7218,0.2510,3.8000,-0.4500,1.2711,180.1840,358.9079,0.0000,0.0000,0.0000
39.708,520.0197,-1.3404,248.1013,0.2510,3.8000,-0.4500,1.0278,180.1886,358.9536,0.0000,0.0000,0.0000
39.833,519.7587,-1.3607,248.6531,0.2510,3.8000,-0.4500,0.9440,180.1901,358.9527,0.0000,0.0000,0.0000
39.959,519.5353,-1.3858,249.1395,0.2510,3.8000,-0.4500,0.7753,180.1932,358.9466,0.0000,0.0000,0.0000
40.083,519.3121,-1.4189,249.6336,0.2510,3.8000,-0.4500,0.5253,180.1979,358.9047,0.0000,0.0000,0.0000
40.194,519.0887,-1.4583,250.1313,0.2510,3.8000,-0.4500,0.3634,180.2010,358.8622,0.0000,0.0000,0.0000
40.319,518.8644,-1.5071,250.6330,0.2510,3.8000,-0.4500,0.0449,180.2077,358.7572,0.0000,0.0000,0.0000
40.444,518.6409,-1.5595,251.1349,0.2510,3.8000,-0.4500,359.9674,180.2094,358.7256,0.0000,0.0000,0.0000
40.569,518.4168,-1.6209,251.6374,0.2510,3.8000,-0.4500,359.7356,180.2147,358.6287,0.0000,0.0000,0.0000
40.681,518.1924,-1.6886,252.1378,0.2510,3.8000,-0.4500,359.5083,180.2204,358.5239,0.0000,0.0000,0.0000
40.791,517.9680,-1.7596,252.6354,0.2510,3.8000,-0.4500,359.4342,180.2223,358.4886,0.0000,0.0000,0.0000
40.904,517.7806,-1.8239,253.0494,0.2510,3.8000,-0.4500,359.2865,180.2263,358.4181,0.0000,0.0000,0.0000
41.016,517.5559,-1.9034,253.5447,0.2510,3.8000,-0.4500,359.2121,180.2283,358.3827,0.0000,0.0000,0.0000
41.127,517.3680,-1.9735,253.9504,0.2510,3.8000,-0.4500,359.0644,180.2326,358.3126,0.0000,0.0000,0.0000
41.237,517.1400,-2.0562,254.3911,0.2510,3.8000,-0.4500,359.0644,180.2326,358.3126,0.0000,0.0000,0.0000
41.347,516.9463,-2.1250,254.7101,0.2510,3.8000,-0.4500,359.0644,180.2326,358.3126,0.0000,0.0000,0.0000
41.472,516.6703,-2.2200,255.0923,0.2510,3.8000,-0.4500,359.0644,180.2326,358.3126,0.0000,0.0000,0.0000
41.585,516.4708,-2.2863,255.3311,0.2510,3.8000,-0.4500,359.0644,180.2326,358.3126,0.0000,0.0000,0.0000
41.694,516.2292,-2.3635,255.5911,0.2510,3.8000,-0.4500,359.0644,180.2326,358.3126,0.0000,0.0000,0.0000
41.819,515.9828,-2.4371,255.7946,0.2510,3.8000,-0.4500,359.0644,180.2326,358.3126,0.0000,0.0000,0.0000
41.933,515.7311,-2.5049,255.8993,0.2510,3.8000,-0.4500,359.0644,180.2326,358.3126,0.0000,0.0000,0.0000
42.041,515.5200,-2.5566,255.9182,0.2510,3.8000,-0.4500,359.0644,180.2326,358.3126,0.0000,0.0000,0.0000
42.154,515.2672,-2.6129,255.8816,0.2510,3.8000,-0.4500,359.0644,180.2326,358.3126,0.0000,0.0000,0.0000
42.264,515.0576,-2.6553,255.8165,0.2510,3.8000,-0.4500,359.0644,180.2326,358.3126,0.0000,0.0000,0.0000
42.389,514.8095,-2.7005,255.6795,0.2510,3.8000,-0.4500,359.0644,180.2326,358.3126,0.0000,0.0000,0.0000
42.514,514.5327,-2.7432,255.3497,0.2510,3.8000,-0.4500,359.0644,180.2326,358.3126,0.0000,0.0000,0.0000
42.638,514.3063,-2.7683,254.9348,0.2510,3.8000,-0.4500,358.9591,180.2355,358.5420,0.0000,0.0000,0.0000
42.752,514.0862,-2.7862,254.4320,0.2510,3.8000,-0.4500,358.9136,180.2366,358.7828,0.0000,0.0000,0.0000
42.861,513.9048,-2.8001,253.9673,0.2510,3.8000,-0.4500,358.9136,180.2365,358.7828,0.0000,0.0000,0.0000
42.986,513.6910,-2.8094,253.3701,0.2510,3.8000,-0.4500,358.9103,180.2366,358.9474,0.0000,0.0000,0.0000
43.098,513.4820,-2.8106,252.7161,0.2510,3.8000,-0.4500,358.9394,180.2362,359.2848,0.0000,0.0000,0.0000
43.210,513.3087,-2.8133,252.1327,0.2510,3.8000,-0.4500,358.9394,180.2362,359.2848,0.0000,0.0000,0.0000
43.319,513.1042,-2.8083,251.4016,0.2510,3.8000,-0.4500,358.9857,180.2357,359.5271,0.0000,0.0000,0.0000
43.444,512.9005,-2.8029,250.6505,0.2510,3.8000,-0.4500,359.0055,180.2355,359.6063,0.0000,0.0000,0.0000
43.557,512.6983,-2.7927,249.8880,0.2510,3.8000,-0.4500,359.0484,180.2353,359.7642,0.0000,0.0000,0.0000
43.666,512.5301,-2.7829,249.2480,0.2510,3.8000,-0.4500,359.0715,180.2352,359.8426,0.0000,0.0000,0.0000
43.791,512.2957,-2.7650,248.3478,0.2510,3.8000,-0.4500,359.1258,180.2351,0.0002,0.0000,0.0000,0.0000
43.891,512.1291,-2.7491,247.7030,0.2510,3.8000,-0.4500,359.1888,180.2352,0.1574,0.0000,0.0000,0.0000
43.999,511.9626,-2.7332,247.0574,0.2510,3.8000,-0.4500,359.2204,180.2354,0.2342,0.0000,0.0000,0.0000
44.113,511.7627,-2.7124,246.2820,0.2510,3.8000,-0.4500,359.2565,180.2355,0.3080,0.0000,0.0000,0.0000
44.224,511.5963,-2.6932,245.6412,0.2510,3.8000,-0.4500,359.2973,180.2357,0.3835,0.0000,0.0000,0.0000
44.333,511.3921,-2.6673,244.9685,0.2510,3.8000,-0.4500,359.3795,180.2364,0.5320,0.0000,0.0000,0.0000
44.458,511.1748,-2.6410,244.4906,0.2510,3.8000,-0.4500,359.4296,180.2369,0.6008,0.0000,0.0000,0.0000
44.569,510.9832,-2.6148,244.2498,0.2510,3.8000,-0.4500,359.5329,180.2381,0.7363,0.0000,0.0000,0.0000
44.694,510.7072,-2.5726,244.1116,0.2510,3.8000,-0.4500,359.7137,180.2407,0.9145,0.0000,0.0000,0.0000
44.808,510.5094,-2.5365,244.1153,0.2510,3.8000,-0.4500,359.9199,180.2443,1.0682,0.0000,0.0000,0.0000
44.916,510.2747,-2.4893,244.2211,0.2510,3.8000,-0.4500,0.0627,180.2471,1.1573,0.0000,0.0000,0.0000
45.041,510.0468,-2.4324,244.4449,0.2510,3.8000,-0.4500,0.2903,180.2519,1.2766,0.0000,0.0000,0.0000
45.142,509.8618,-2.3762,244.7049,0.2510,3.8000,-0.4500,0.6049,180.2593,1.4100,0.0000,0.0000,0.0000
45.249,509.6801,-2.3142,245.0155,0.2510,3.8000,-0.4500,0.8402,180.2653,1.4987,0.0000,0.0000,0.0000
45.374,509.4297,-2.2165,245.5070,0.2510,3.8000,-0.4500,1.0770,180.2717,1.5851,0.0000,0.0000,0.0000
45.499,509.2190,-2.1173,245.9588,0.2510,3.8000,-0.4500,1.5651,180.2859,1.7664,0.0000,0.0000,0.0000
45.624,509.0095,-2.0125,246.4316,0.2510,3.8000,-0.4500,1.7251,180.2910,1.8304,0.0000,0.0000,0.0000
45.750,508.8022,-1.8970,246.9155,0.2510,3.8000,-0.4500,1.9629,180.2988,1.9280,0.0000,0.0000,0.0000
45.863,508.5966,-1.7712,247.4058,0.2510,3.8000,-0.4500,2.2856,180.3101,2.0729,0.0000,0.0000,0.0000
45.972,508.3915,-1.6412,247.9014,0.2510,3.8000,-0.4500,2.3625,180.3129,2.1083,0.0000,0.0000,0.0000
46.097,508.1885,-1.5005,248.3969,0.2510,3.8000,-0.4500,2.6655,180.3244,2.2582,0.0000,0.0000,0.0000
46.209,508.0190,-1.3826,248.8108,0.2510,3.8000,-0.4500,2.6655,180.3244,2.2582,0.0000,0.0000,0.0000
46.319,507.8170,-1.2330,249.3026,0.2510,3.8000,-0.4500,2.8900,180.3335,2.3794,0.0000,0.0000,0.0000
46.444,507.6152,-1.0809,249.7915,0.2510,3.8000,-0.4500,3.0327,180.3396,2.4618,0.0000,0.0000,0.0000
46.569,507.4133,-0.9285,250.2787,0.2510,3.8000,-0.4500,3.0327,180.3396,2.4618,0.0000,0.0000,0.0000
46.694,507.1781,-0.7475,250.8408,0.2510,3.8000,-0.4500,3.1010,180.3425,2.5044,0.0000,0.0000,0.0000
46.819,506.9677,-0.5987,251.1902,0.2510,3.8000,-0.4500,3.1010,180.3425,2.5044,0.0000,0.0000,0.0000
46.944,506.7508,-0.4662,251.2722,0.2510,3.8000,-0.4500,3.1010,180.3425,2.5044,0.0000,0.0000,0.0000
47.069,506.5370,-0.3513,251.1117,0.2510,3.8000,-0.4500,3.1010,180.3425,2.5044,0.0000,0.0000,0.0000
47.180,506.3280,-0.2505,250.7761,0.2510,3.8000,-0.4500,3.1010,180.3425,2.5044,0.0000,0.0000,0.0000
47.291,506.1226,-0.1597,250.3266,0.2510,3.8000,-0.4500,3.1010,180.3425,2.5044,0.0000,0.0000,0.0000
47.391,505.9541,-0.0899,249.8815,0.2510,3.8000,-0.4500,3.1010,180.3425,2.5044,0.0000,0.0000,0.0000
47.500,505.7890,-0.0260,249.3609,0.2510,3.8000,-0.4500,3.1010,180.3425,2.5044,0.0000,0.0000,0.0000
47.624,505.5942,0.0447,248.6639,0.2510,3.8000,-0.4500,3.1010,180.3425,2.5044,0.0000,0.0000,0.0000
47.750,505.4012,0.1111,247.9230,0.2510,3.8000,-0.4500,3.1010,180.3425,2.5044,0.0000,0.0000,0.0000
47.875,505.1766,0.1853,247.0343,0.2510,3.8000,-0.4500,3.1010,180.3425,2.5044,0.0000,0.0000,0.0000
48.000,504.9843,0.2467,246.2633,0.2510,3.8000,-0.4500,3.1010,180.3425,2.5044,0.0000,0.0000,0.0000
48.125,504.7910,0.3068,245.5075,0.2510,3.8000,-0.4500,3.1010,180.3425,2.5044,0.0000,0.0000,0.0000
48.250,504.5933,0.3686,244.8269,0.2510,3.8000,-0.4500,3.1010,180.3425,2.5044,0.0000,0.0000,0.0000
48.361,504.3897,0.4330,244.2422,0.2510,3.8000,-0.4500,3.1010,180.3425,2.5044,0.0000,0.0000,0.0000
48.472,504.1805,0.4989,243.7412,0.2510,3.8000,-0.4500,3.1010,180.3425,2.5044,0.0000,0.0000,0.0000
48.596,503.9662,0.5650,243.3113,0.2510,3.8000,-0.4500,3.1010,180.3425,2.5044,0.0000,0.0000,0.0000
48.722,503.7424,0.6328,243.0356,0.2510,3.8000,-0.4500,3.1009,180.3425,2.5044,0.0000,0.0000,0.0000
48.847,503.5135,0.6972,242.9902,0.2510,3.8000,-0.4500,2.8001,180.3302,2.1999,0.0000,0.0000,0.0000
48.972,503.2519,0.7770,243.1727,0.2510,3.8000,-0.4500,2.6139,180.3233,2.0089,0.0000,0.0000,0.0000
49.097,503.0302,0.8393,243.4688,0.2510,3.8000,-0.4500,2.3752,180.3154,1.7629,0.0000,0.0000,0.0000
49.222,502.8102,0.8931,243.8467,0.2510,3.8000,-0.4500,2.0863,180.3073,1.4619,0.0000,0.0000,0.0000
49.346,502.5922,0.9405,244.2766,0.2510,3.8000,-0.4500,1.9136,180.3031,1.2800,0.0000,0.0000,0.0000
49.471,502.3373,0.9799,244.8217,0.2510,3.8000,-0.4500,1.6226,180.2974,0.9703,0.0000,0.0000,0.0000
49.583,502.1548,0.9976,245.2289,0.2510,3.8000,-0.4500,1.3887,180.2940,0.7148,0.0000,0.0000,0.0000
49.693,501.9357,1.0097,245.7290,0.2510,3.8000,-0.4500,1.1652,180.2917,0.4661,0.0000,0.0000,0.0000
49.818,501.7153,1.0087,246.2380,0.2510,3.8000,-0.4500,0.8912,180.2902,0.1454,0.0000,0.0000,0.0000
49.943,501.4950,0.9999,246.7506,0.2510,3.8000,-0.4500,0.7363,180.2901,359.9554,0.0000,0.0000,0.0000
50.068,501.2728,0.9776,247.2654,0.2510,3.8000,-0.4500,0.4863,180.2910,359.6256,0.0000,0.0000,0.0000
50.180,501.0506,0.9488,247.7797,0.2510,3.8000,-0.4500,0.3435,180.2922,359.4151,0.0000,0.0000,0.0000
50.291,500.8275,0.9114,248.2939,0.2510,3.8000,-0.4500,0.2117,180.2937,359.2040,0.0000,0.0000,0.0000
50.402,500.6413,0.8744,248.7223,0.2510,3.8000,-0.4500,0.1271,180.2950,359.0603,0.0000,0.0000,0.0000
50.527,500.4147,0.8181,249.2190,0.2510,3.8000,-0.4500,359.9222,180.2990,358.6965,0.0000,0.0000,0.0000
50.652,500.1386,0.7458,249.6333,0.2510,3.8000,-0.4500,359.7583,180.3032,358.4122,0.0000,0.0000,0.0000
50.763,499.9330,0.6918,249.7840,0.2510,3.8000,-0.4500,359.7144,180.3044,358.3413,0.0000,0.0000,0.0000
50.888,499.6825,0.6213,249.8325,0.2510,3.8000,-0.4500,359.6244,180.3071,358.1984,0.0000,0.0000,0.0000
51.013,499.3900,0.5315,249.7572,0.2510,3.8000,-0.4500,359.4324,180.3136,357.9225,0.0000,0.0000,0.0000
51.139,499.1414,0.4518,249.6087,0.2510,3.8000,-0.4500,359.2768,180.3195,357.7305,0.0000,0.0000,0.0000
51.250,498.9408,0.3884,249.3889,0.2510,3.8000,-0.4500,359.2768,180.3195,357.7305,0.0000,0.0000,0.0000
51.360,498.7070,0.3097,249.0007,0.2510,3.8000,-0.4500,359.1649,180.3241,357.6107,0.0000,0.0000,0.0000
51.486,498.4796,0.2336,248.5087,0.2510,3.8000,-0.4500,359.1048,180.3267,357.5547,0.0000,0.0000,0.0000
51.610,498.2194,0.1449,247.8475,0.2510,3.8000,-0.4500,358.9778,180.3322,357.4492,0.0000,0.0000,0.0000
51.722,498.0361,0.0843,247.3386,0.2510,3.8000,-0.4500,358.9778,180.3322,357.4492,0.0000,0.0000,0.0000
51.847,497.8173,0.0108,246.7051,0.2510,3.8000,-0.4500,358.9108,180.3352,357.4043,0.0000,0.0000,0.0000
51.972,497.5628,-0.0762,245.9491,0.2510,3.8000,-0.4500,358.6890,180.3455,357.2957,0.0000,0.0000,0.0000
52.097,497.3456,-0.1469,245.2919,0.2510,3.8000,-0.4500,358.6890,180.3455,357.2957,0.0000,0.0000,0.0000
52.222,497.1288,-0.2168,244.6310,0.2510,3.8000,-0.4500,358.6890,180.3455,357.2957,0.0000,0.0000,0.0000
52.347,496.9123,-0.2855,243.9687,0.2510,3.8000,-0.4500,358.6890,180.3455,357.2957,0.0000,0.0000,0.0000
52.472,496.6577,-0.3660,243.2368,0.2510,3.8000,-0.4500,358.6080,180.3493,357.2901,0.0000,0.0000,0.0000
52.597,496.4358,-0.4353,242.6741,0.2510,3.8000,-0.4500,358.6080,180.3493,357.2901,0.0000,0.0000,0.0000
52.721,496.2108,-0.5060,242.1688,0.2510,3.8000,-0.4500,358.4413,180.3572,357.3167,0.0000,0.0000,0.0000
52.847,495.9831,-0.5760,241.7067,0.2510,3.8000,-0.4500,358.4413,180.3571,357.3167,0.0000,0.0000,0.0000
52.958,495.7540,-0.6453,241.2782,0.2510,3.8000,-0.4500,358.2941,180.3640,357.3806,0.0000,0.0000,0.0000
53.083,495.5182,-0.7152,240.9380,0.2510,3.8000,-0.4500,358.2941,180.3640,357.3806,0.0000,0.0000,0.0000
53.195,495.2749,-0.7884,240.7765,0.2510,3.8000,-0.4500,358.1670,180.3697,357.4826,0.0000,0.0000,0.0000
53.320,495.0302,-0.8661,240.7803,0.2510,3.8000,-0.4500,358.1072,180.3723,357.5387,0.0000,0.0000,0.0000
53.430,494.8284,-0.9317,240.8772,0.2510,3.8000,-0.4500,358.0598,180.3743,357.6104,0.0000,0.0000,0.0000
53.555,494.5494,-1.0218,241.1107,0.2510,3.8000,-0.4500,357.9301,180.3795,357.8271,0.0000,0.0000,0.0000
53.680,494.3130,-1.0975,241.3769,0.2510,3.8000,-0.4500,357.9089,180.3803,357.9089,0.0000,0.0000,0.0000
53.805,494.0812,-1.1688,241.7109,0.2510,3.8000,-0.4500,357.8716,180.3816,358.0749,0.0000,0.0000,0.0000
53.919,493.8539,-1.2342,242.1024,0.2510,3.8000,-0.4500,357.8572,180.3820,358.3213,0.0000,0.0000,0.0000
54.027,493.6674,-1.2821,242.4602,0.2510,3.8000,-0.4500,357.8913,180.3811,358.6467,0.0000,0.0000,0.0000
54.138,493.4433,-1.3407,242.9156,0.2510,3.8000,-0.4500,357.8913,180.3811,358.6467,0.0000,0.0000,0.0000
54.263,493.2231,-1.3836,243.3886,0.2510,3.8000,-0.4500,358.0254,180.3785,359.0513,0.0000,0.0000,0.0000
54.376,493.0027,-1.4233,243.8733,0.2510,3.8000,-0.4500,358.1027,180.3773,359.2037,0.0000,0.0000,0.0000
54.485,492.8207,-1.4463,244.2822,0.2510,3.8000,-0.4500,358.2698,180.3754,359.4928,0.0000,0.0000,0.0000
54.610,492.6012,-1.4722,244.7775,0.2510,3.8000,-0.4500,358.3207,180.3750,359.5611,0.0000,0.0000,0.0000
54.735,492.3473,-1.4870,245.3575,0.2510,3.8000,-0.4500,358.5337,180.3739,359.8291,0.0000,0.0000,0.0000
54.860,492.1304,-1.4899,245.8553,0.2510,3.8000,-0.4500,358.7782,180.3737,0.0705,0.0000,0.0000,0.0000
54.986,491.9132,-1.4878,246.3540,0.2510,3.8000,-0.4500,358.9051,180.3739,0.1775,0.0000,0.0000,0.0000
55.110,491.6972,-1.4752,246.8510,0.2510,3.8000,-0.4500,359.1815,180.3753,0.3760,0.0000,0.0000,0.0000
55.236,491.4447,-1.4549,247.4309,0.2510,3.8000,-0.4500,359.3311,180.3763,0.4604,0.0000,0.0000,0.0000
55.349,491.2650,-1.4326,247.8436,0.2510,3.8000,-0.4500,359.5544,180.3784,0.5773,0.0000,0.0000,0.0000
55.458,491.0492,-1.4019,248.3386,0.2510,3.8000,-0.4500,359.7142,180.3801,0.6388,0.0000,0.0000,0.0000
55.583,490.8337,-1.3649,248.8326,0.2510,3.8000,-0.4500,359.8744,180.3819,0.6964,0.0000,0.0000,0.0000
55.708,490.6186,-1.3202,249.3246,0.2510,3.8000,-0.4500,0.1992,180.3861,0.7801,0.0000,0.0000,0.0000
55.821,490.4033,-1.2722,249.8168,0.2510,3.8000,-0.4500,0.3681,180.3884,0.8073,0.0000,0.0000,0.0000
55.930,490.2241,-1.2274,250.2254,0.2510,3.8000,-0.4500,0.6147,180.3920,0.8404,0.0000,0.0000,0.0000
56.055,489.9729,-1.1614,250.7977,0.2510,3.8000,-0.4500,0.7839,180.3945,0.8447,0.0000,0.0000,0.0000
56.155,489.7932,-1.1106,251.2047,0.2510,3.8000,-0.4500,0.9509,180.3969,0.8457,0.0000,0.0000,0.0000
56.264,489.6133,-1.0578,251.6088,0.2510,3.8000,-0.4500,1.1092,180.3993,0.8350,0.0000,0.0000,0.0000
56.375,489.3970,-0.9922,252.0894,0.2510,3.8000,-0.4500,1.2711,180.4016,0.8144,0.0000,0.0000,0.0000
56.485,489.2164,-0.9363,252.4868,0.2510,3.8000,-0.4500,1.3517,180.4027,0.7990,0.0000,0.0000,0.0000
56.611,488.9627,-0.8559,253.0383,0.2510,3.8000,-0.4500,1.5927,180.4060,0.7373,0.0000,0.0000,0.0000
56.723,488.7811,-0.7982,253.4308,0.2510,3.8000,-0.4500,1.6729,180.4070,0.7073,0.0000,0.0000,0.0000
56.833,488.5627,-0.7287,253.8980,0.2510,3.8000,-0.4500,1.8312,180.4088,0.6449,0.0000,0.0000,0.0000
56.944,488.3790,-0.6717,254.2713,0.2510,3.8000,-0.4500,1.9033,180.4096,0.6068,0.0000,0.0000,0.0000
57.069,488.1550,-0.6066,254.6838,0.2510,3.8000,-0.4500,2.1820,180.4122,0.4242,0.0000,0.0000,0.0000
57.194,487.8912,-0.5335,255.1227,0.2510,3.8000,-0.4500,2.1820,180.4122,0.4242,0.0000,0.0000,0.0000
57.319,487.6622,-0.4754,255.4708,0.2510,3.8000,-0.4500,2.2382,180.4126,0.3673,0.0000,0.0000,0.0000
57.433,487.4302,-0.4229,255.8010,0.2510,3.8000,-0.4500,2.3957,180.4133,0.1658,0.0000,0.0000,0.0000
57.541,487.2341,-0.3819,256.0380,0.2510,3.8000,-0.4500,2.4363,180.4134,0.0971,0.0000,0.0000,0.0000
57.666,486.9890,-0.3421,256.2044,0.2510,3.8000,-0.4500,2.5070,180.4134,359.9527,0.0000,0.0000,0.0000
57.792,486.6986,-0.3090,256.2315,0.2510,3.8000,-0.4500,2.5617,180.4133,359.7914,0.0000,0.0000,0.0000
57.903,486.4914,-0.2939,256.1659,0.2510,3.8000,-0.4500,2.6103,180.4131,359.6335,0.0000,0.0000,0.0000
58.027,486.2444,-0.2827,256.0220,0.2510,3.8000,-0.4500,2.6383,180.4129,359.4734,0.0000,0.0000,0.0000
58.152,485.9626,-0.2794,255.7313,0.2510,3.8000,-0.4500,2.6556,180.4127,359.3059,0.0000,0.0000,0.0000
58.277,485.7324,-0.2891,255.2933,0.2510,3.8000,-0.4500,2.6664,180.4125,359.1413,0.0000,0.0000,0.0000
58.403,485.5110,-0.3077,254.7124,0.2510,3.8000,-0.4500,2.6686,180.4125,359.0570,0.0000,0.0000,0.0000
58.513,485.2943,-0.3356,254.0408,0.2510,3.8000,-0.4500,2.6720,180.4124,358.8904,0.0000,0.0000,0.0000
58.626,485.1156,-0.3638,253.4402,0.2510,3.8000,-0.4500,2.6717,180.4124,358.7231,0.0000,0.0000,0.0000
58.735,484.9032,-0.3996,252.6915,0.2510,3.8000,-0.4500,2.6713,180.4124,358.6409,0.0000,0.0000,0.0000
58.860,484.6913,-0.4388,251.9261,0.2510,3.8000,-0.4500,2.6697,180.4124,358.5588,0.0000,0.0000,0.0000
58.972,484.4786,-0.4838,251.1523,0.2510,3.8000,-0.4500,2.6626,180.4126,358.3096,0.0000,0.0000,0.0000
59.097,484.2674,-0.5266,250.3739,0.2510,3.8000,-0.4500,2.6626,180.4126,358.3096,0.0000,0.0000,0.0000
59.221,484.0557,-0.5729,249.5934,0.2510,3.8000,-0.4500,2.6586,180.4128,358.2268,0.0000,0.0000,0.0000
59.322,483.8788,-0.6131,248.9423,0.2510,3.8000,-0.4500,2.6543,180.4129,358.1448,0.0000,0.0000,0.0000
59.444,483.6667,-0.6625,248.1607,0.2510,3.8000,-0.4500,2.6487,180.4131,358.0631,0.0000,0.0000,0.0000
59.569,483.4548,-0.7118,247.3798,0.2510,3.8000,-0.4500,2.6487,180.4131,358.0631,0.0000,0.0000,0.0000
59.680,483.2417,-0.7654,246.6001,0.2510,3.8000,-0.4500,2.6337,180.4136,357.8961,0.0000,0.0000,0.0000
59.805,483.0294,-0.8168,245.8210,0.2510,3.8000,-0.4500,2.6337,180.4136,357.8961,0.0000,0.0000,0.0000
59.930,482.8170,-0.8689,245.0424,0.2510,3.8000,-0.4500,2.6337,180.4136,357.8961,0.0000,0.0000,0.0000
60.055,482.5674,-0.9295,244.1676,0.2510,3.8000,-0.4500,2.6337,180.4136,357.8961,0.0000,0.0000,0.0000
60.167,482.3840,-0.9701,243.6279,0.2510,3.8000,-0.4500,2.6337,180.4136,357.8961,0.0000,0.0000,0.0000
60.292,482.1154,-1.0222,243.0415,0.2510,3.8000,-0.4500,2.6177,180.4142,357.8164,0.0000,0.0000,0.0000
60.402,481.9164,-1.0539,242.7301,0.2510,3.8000,-0.4500,2.6177,180.4142,357.8164,0.0000,0.0000,0.0000
60.527,481.6710,-1.0880,242.4445,0.2510,3.8000,-0.4500,2.6177,180.4142,357.8164,0.0000,0.0000,0.0000
60.652,481.3774,-1.1229,242.2201,0.2510,3.8000,-0.4500,2.6177,180.4142,357.8164,0.0000,0.0000,0.0000
60.777,481.1236,-1.1463,242.1821,0.2510,3.8000,-0.4500,2.6177,180.4142,357.8164,0.0000,0.0000,0.0000
60.902,480.8732,-1.1629,242.2794,0.2510,3.8000,-0.4500,2.6177,180.4142,357.8164,0.0000,0.0000,0.0000
61.027,480.6272,-1.1737,242.4812,0.2510,3.8000,-0.4500,2.6177,180.4142,357.8164,0.0000,0.0000,0.0000
61.152,480.3447,-1.1801,242.8049,0.2510,3.8000,-0.4500,2.6177,180.4142,357.8164,0.0000,0.0000,0.0000
61.263,480.1447,-1.1814,243.0712,0.2510,3.8000,-0.4500,2.6177,180.4142,357.8164,0.0000,0.0000,0.0000
61.389,479.9063,-1.1799,243.4128,0.2510,3.8000,-0.4500,2.6177,180.4142,357.8164,0.0000,0.0000,0.0000
61.513,479.6294,-1.1739,243.8284,0.2510,3.8000,-0.4500,2.6177,180.4142,357.8164,0.0000,0.0000,0.0000
61.638,479.3929,-1.1652,244.1926,0.2510,3.8000,-0.4500,2.6177,180.4142,357.8164,0.0000,0.0000,0.0000
61.763,479.1572,-1.1528,244.5607,0.2510,3.8000,-0.4500,2.6177,180.4142,357.8164,0.0000,0.0000,0.0000
61.888,478.9218,-1.1366,244.9291,0.2510,3.8000,-0.4500,2.6177,180.4142,357.8164,0.0000,0.0000,0.0000
62.013,478.6476,-1.1126,245.3564,0.2510,3.8000,-0.4500,2.6177,180.4142,357.8164,0.0000,0.0000,0.0000
62.138,478.4149,-1.0825,245.7207,0.2510,3.8000,-0.4500,2.4919,180.4187,358.1349,0.0000,0.0000,0.0000
62.263,478.1808,-1.0525,246.0823,0.2510,3.8000,-0.4500,2.4919,180.4186,358.1349,0.0000,0.0000,0.0000
62.389,477.9494,-1.0120,246.4424,0.2510,3.8000,-0.4500,2.4226,180.4207,358.4777,0.0000,0.0000,0.0000
62.513,477.6795,-0.9607,246.8601,0.2510,3.8000,-0.4500,2.3974,180.4213,358.7328,0.0000,0.0000,0.0000
62.638,477.4481,-0.9133,247.2164,0.2510,3.8000,-0.4500,2.3908,180.4215,358.8157,0.0000,0.0000,0.0000
62.763,477.2186,-0.8578,247.5715,0.2510,3.8000,-0.4500,2.3864,180.4215,359.0674,0.0000,0.0000,0.0000
62.876,476.9901,-0.7971,247.9253,0.2510,3.8000,-0.4500,2.3923,180.4214,359.3135,0.0000,0.0000,0.0000
62.985,476.8005,-0.7414,248.2193,0.2510,3.8000,-0.4500,2.4117,180.4212,359.5659,0.0000,0.0000,0.0000
63.110,476.5730,-0.6721,248.5712,0.2510,3.8000,-0.4500,2.4309,180.4211,359.7339,0.0000,0.0000,0.0000
63.235,476.3085,-0.5853,248.9796,0.2510,3.8000,-0.4500,2.4513,180.4211,359.8985,0.0000,0.0000,0.0000
63.346,476.1212,-0.5167,249.2698,0.2510,3.8000,-0.4500,2.4890,180.4211,0.1394,0.0000,0.0000,0.0000
63.472,475.8596,-0.4168,249.6748,0.2510,3.8000,-0.4500,2.5330,180.4213,0.3898,0.0000,0.0000,0.0000
63.596,475.6355,-0.3292,250.0212,0.2510,3.8000,-0.4500,2.5470,180.4214,0.4687,0.0000,0.0000,0.0000
63.697,475.4497,-0.2528,250.3121,0.2510,3.8000,-0.4500,2.5608,180.4215,0.5479,0.0000,0.0000,0.0000
63.805,475.2659,-0.1722,250.6137,0.2510,3.8000,-0.4500,2.5878,180.4218,0.7127,0.0000,0.0000,0.0000
63.930,475.0477,-0.0712,250.9927,0.2510,3.8000,-0.4500,2.6210,180.4223,0.9591,0.0000,0.0000,0.0000
64.055,474.7935,0.0449,251.4548,0.2510,3.8000,-0.4500,2.6210,180.4223,0.9591,0.0000,0.0000,0.0000
64.180,474.5783,0.1494,251.8624,0.2510,3.8000,-0.4500,2.6272,180.4224,1.1219,0.0000,0.0000,0.0000
64.305,474.3639,0.2532,252.2785,0.2510,3.8000,-0.4500,2.6241,180.4224,1.2020,0.0000,0.0000,0.0000
64.430,474.1501,0.3558,252.7102,0.2510,3.8000,-0.4500,2.6241,180.4223,1.2020,0.0000,0.0000,0.0000
64.544,473.9386,0.4592,253.1597,0.2510,3.8000,-0.4500,2.6114,180.4221,1.2820,0.0000,0.0000,0.0000
64.661,473.7283,0.5607,253.6236,0.2510,3.8000,-0.4500,2.5847,180.4215,1.3598,0.0000,0.0000,0.0000
64.761,473.5538,0.6432,254.0185,0.2510,3.8000,-0.4500,2.5536,180.4207,1.4335,0.0000,0.0000,0.0000
64.875,473.3442,0.7375,254.4993,0.2510,3.8000,-0.4500,2.5536,180.4207,1.4335,0.0000,0.0000,0.0000
64.985,473.1709,0.8142,254.9044,0.2510,3.8000,-0.4500,2.3796,180.4161,1.6146,0.0000,0.0000,0.0000
65.110,472.9266,0.9119,255.4721,0.2510,3.8000,-0.4500,2.3796,180.4160,1.6146,0.0000,0.0000,0.0000
65.236,472.7139,0.9484,255.9624,0.2510,3.8000,-0.4500,2.1376,180.4094,1.4944,0.0000,0.0000,0.0000
65.360,472.4934,0.9669,256.4543,0.2510,3.8000,-0.4500,1.7296,180.4010,0.7418,0.0000,0.0000,0.0000
65.486,472.2664,0.9589,256.9458,0.2510,3.8000,-0.4500,1.4534,180.3998,359.6584,0.0000,0.0000,0.0000
65.610,471.9998,0.9389,257.4874,0.2510,3.8000,-0.4500,1.2808,180.4020,358.9393,0.0000,0.0000,0.0000
65.724,471.8081,0.9337,257.8192,0.2510,3.8000,-0.4500,1.2808,180.4020,358.9393,0.0000,0.0000,0.0000
65.846,471.5729,0.9277,258.1537,0.2510,3.8000,-0.4500,1.2808,180.4020,358.9393,0.0000,0.0000,0.0000
65.972,471.2934,0.9229,258.4738,0.2510,3.8000,-0.4500,1.2808,180.4020,358.9393,0.0000,0.0000,0.0000
66.083,471.0915,0.9216,258.6697,0.2510,3.8000,-0.4500,1.2808,180.4020,358.9393,0.0000,0.0000,0.0000
66.208,470.8460,0.9224,258.8346,0.2510,3.8000,-0.4500,1.2808,180.4020,358.9393,0.0000,0.0000,0.0000
66.333,470.5644,0.9243,258.7686,0.2510,3.8000,-0.4500,1.2808,180.4019,358.9393,0.0000,0.0000,0.0000
66.458,470.3322,0.9262,258.5010,0.2510,3.8000,-0.4500,1.2808,180.4019,358.9393,0.0000,0.0000,0.0000
66.569,470.1444,0.9283,258.1683,0.2510,3.8000,-0.4500,1.2808,180.4019,358.9393,0.0000,0.0000,0.0000
66.694,469.8887,0.9345,257.5895,0.2510,3.8000,-0.4500,1.2218,180.4030,359.0946,0.0000,0.0000,0.0000
66.819,469.6728,0.9394,257.0251,0.2510,3.8000,-0.4500,1.2218,180.4030,359.0946,0.0000,0.0000,0.0000
66.930,469.4966,0.9472,256.5109,0.2510,3.8000,-0.4500,1.1904,180.4034,359.2592,0.0000,0.0000,0.0000
67.058,469.2525,0.9573,255.7331,0.2510,3.8000,-0.4500,1.1848,180.4035,359.3404,0.0000,0.0000,0.0000
67.166,469.0801,0.9661,255.1488,0.2510,3.8000,-0.4500,1.1840,180.4035,359.4220,0.0000,0.0000,0.0000
67.291,468.8403,0.9798,254.3057,0.2510,3.8000,-0.4500,1.1842,180.4035,359.5033,0.0000,0.0000,0.0000
67.416,468.6359,0.9936,253.5686,0.2510,3.8000,-0.4500,1.1931,180.4034,359.5837,0.0000,0.0000,0.0000
67.527,468.4661,1.0066,252.9496,0.2510,3.8000,-0.4500,1.2061,180.4033,359.6647,0.0000,0.0000,0.0000
67.652,468.2293,1.0278,252.0812,0.2510,3.8000,-0.4500,1.2408,180.4032,359.8274,0.0000,0.0000,0.0000
67.765,468.0597,1.0420,251.4611,0.2510,3.8000,-0.4500,1.2408,180.4032,359.8274,0.0000,0.0000,0.0000
67.874,467.8568,1.0621,250.7174,0.2510,3.8000,-0.4500,1.2619,180.4031,359.9052,0.0000,0.0000,0.0000
67.999,467.6537,1.0820,249.9747,0.2510,3.8000,-0.4500,1.2619,180.4031,359.9052,0.0000,0.0000,0.0000
68.125,467.4517,1.1063,249.2326,0.2510,3.8000,-0.4500,1.3105,180.4031,0.0628,0.0000,0.0000,0.0000
68.249,467.2489,1.1286,248.4919,0.2510,3.8000,-0.4500,1.3105,180.4031,0.0628,0.0000,0.0000,0.0000
68.374,467.0129,1.1574,247.6285,0.2510,3.8000,-0.4500,1.3368,180.4031,0.1389,0.0000,0.0000,0.0000
68.486,466.8441,1.1776,247.0123,0.2510,3.8000,-0.4500,1.3368,180.4031,0.1389,0.0000,0.0000,0.0000
68.597,466.6416,1.2041,246.2842,0.2510,3.8000,-0.4500,1.3637,180.4032,0.2143,0.0000,0.0000,0.0000
68.722,466.4329,1.2319,245.6535,0.2510,3.8000,-0.4500,1.3637,180.4032,0.2143,0.0000,0.0000,0.0000
68.848,466.2135,1.2645,245.1871,0.2510,3.8000,-0.4500,1.3637,180.4032,0.2143,0.0000,0.0000,0.0000
68.972,465.9433,1.3085,244.8384,0.2510,3.8000,-0.4500,1.3637,180.4032,0.2143,0.0000,0.0000,0.0000
69.097,465.7020,1.3498,244.6646,0.2510,3.8000,-0.4500,1.3637,180.4032,0.2143,0.0000,0.0000,0.0000
69.221,465.4555,1.3927,244.5770,0.2510,3.8000,-0.4500,1.3637,180.4032,0.2143,0.0000,0.0000,0.0000
69.347,465.2131,1.4370,244.6202,0.2510,3.8000,-0.4500,1.3637,180.4032,0.2143,0.0000,0.0000,0.0000
69.472,464.9400,1.4897,244.8468,0.2510,3.8000,-0.4500,1.3637,180.4032,0.2143,0.0000,0.0000,0.0000
69.597,464.7127,1.5337,245.1542,0.2510,3.8000,-0.4500,1.3637,180.4032,0.2143,0.0000,0.0000,0.0000
69.708,464.5266,1.5683,245.4647,0.2510,3.8000,-0.4500,1.3637,180.4032,0.2143,0.0000,0.0000,0.0000
69.833,464.2691,1.6119,245.9541,0.2510,3.8000,-0.4500,1.3637,180.4032,0.2143,0.0000,0.0000,0.0000
69.958,464.0503,1.6438,246.4068,0.2510,3.8000,-0.4500,1.3636,180.4032,0.2143,0.0000,0.0000,0.0000
70.069,463.8693,1.6664,246.8002,0.2510,3.8000,-0.4500,1.2252,180.4026,0.3026,0.0000,0.0000,0.0000
70.194,463.6158,1.6896,247.3661,0.2510,3.8000,-0.4500,1.0591,180.4016,0.3440,0.0000,0.0000,0.0000
70.319,463.3985,1.7019,247.8602,0.2510,3.8000,-0.4500,0.8962,180.4006,0.3749,0.0000,0.0000,0.0000
70.444,463.1807,1.7057,248.3601,0.2510,3.8000,-0.4500,0.6486,180.3990,0.3545,0.0000,0.0000,0.0000
70.558,462.9625,1.7028,248.8622,0.2510,3.8000,-0.4500,0.4883,180.3981,0.3183,0.0000,0.0000,0.0000
70.666,462.7804,1.6955,249.2809,0.2510,3.8000,-0.4500,0.4092,180.3977,0.2981,0.0000,0.0000,0.0000
70.791,462.5242,1.6736,249.8688,0.2510,3.8000,-0.4500,0.1024,180.3964,0.1760,0.0000,0.0000,0.0000
70.891,462.3412,1.6540,250.2879,0.2510,3.8000,-0.4500,0.0270,180.3962,0.1415,0.0000,0.0000,0.0000
70.999,462.1570,1.6254,250.7087,0.2510,3.8000,-0.4500,359.7302,180.3958,359.9764,0.0000,0.0000,0.0000
71.110,461.9734,1.5972,251.1274,0.2510,3.8000,-0.4500,359.7302,180.3958,359.9764,0.0000,0.0000,0.0000
71.222,461.7520,1.5530,251.6304,0.2510,3.8000,-0.4500,359.5201,180.3962,359.8405,0.0000,0.0000,0.0000
71.347,461.5298,1.5020,252.1323,0.2510,3.8000,-0.4500,359.3118,180.3970,359.6922,0.0000,0.0000,0.0000
71.472,461.2708,1.4368,252.7159,0.2510,3.8000,-0.4500,359.1829,180.3978,359.5965,0.0000,0.0000,0.0000
71.597,461.0478,1.3726,253.2159,0.2510,3.8000,-0.4500,358.9902,180.3994,359.4449,0.0000,0.0000,0.0000
71.721,460.8247,1.3041,253.7153,0.2510,3.8000,-0.4500,358.8623,180.4008,359.3398,0.0000,0.0000,0.0000
71.847,460.6018,1.2320,254.2138,0.2510,3.8000,-0.4500,358.7993,180.4015,359.2876,0.0000,0.0000,0.0000
71.972,460.3411,1.1407,254.7952,0.2510,3.8000,-0.4500,358.6727,180.4032,359.1801,0.0000,0.0000,0.0000
72.082,460.1548,1.0725,255.2101,0.2510,3.8000,-0.4500,358.6079,180.4042,359.1244,0.0000,0.0000,0.0000
72.206,459.9310,0.9876,255.7077,0.2510,3.8000,-0.4500,358.5430,180.4052,359.0685,0.0000,0.0000,0.0000
72.331,459.6692,0.8819,256.2889,0.2510,3.8000,-0.4500,358.3493,180.4086,358.9024,0.0000,0.0000,0.0000
72.456,459.4456,0.7922,256.7856,0.2510,3.8000,-0.4500,358.3493,180.4086,358.9024,0.0000,0.0000,0.0000
72.567,459.2592,0.7158,257.1992,0.2510,3.8000,-0.4500,358.3493,180.4086,358.9024,0.0000,0.0000,0.0000
72.692,458.9981,0.6070,257.7779,0.2510,3.8000,-0.4500,358.3493,180.4086,358.9024,0.0000,0.0000,0.0000
72.805,458.8112,0.5268,258.1911,0.2510,3.8000,-0.4500,358.2830,180.4099,358.8502,0.0000,0.0000,0.0000
72.928,458.5873,0.4316,258.6864,0.2510,3.8000,-0.4500,358.2830,180.4099,358.8502,0.0000,0.0000,0.0000
73.053,458.3257,0.3187,259.2635,0.2510,3.8000,-0.4500,358.2159,180.4113,358.8036,0.0000,0.0000,0.0000
73.179,458.1017,0.2233,259.7554,0.2510,3.8000,-0.4500,358.2159,180.4113,358.8036,0.0000,0.0000,0.0000
73.303,457.8775,0.1283,260.2452,0.2510,3.8000,-0.4500,358.2159,180.4113,358.8036,0.0000,0.0000,0.0000
73.428,457.6534,0.0341,260.7334,0.2510,3.8000,-0.4500,358.2159,180.4113,358.8036,0.0000,0.0000,0.0000
73.539,457.4295,-0.0593,261.2206,0.2510,3.8000,-0.4500,358.2159,180.4113,358.8036,0.0000,0.0000,0.0000
73.651,457.2050,-0.1516,261.7012,0.2510,3.8000,-0.4500,358.2159,180.4113,358.8036,0.0000,0.0000,0.0000
73.761,457.0172,-0.2276,262.0858,0.2510,3.8000,-0.4500,358.2159,180.4113,358.8036,0.0000,0.0000,0.0000
73.874,456.7905,-0.3183,262.5255,0.2510,3.8000,-0.4500,358.1364,180.4130,358.7978,0.0000,0.0000,0.0000
73.984,456.6009,-0.3934,262.8769,0.2510,3.8000,-0.4500,357.9699,180.4164,358.8164,0.0000,0.0000,0.0000
74.109,456.3726,-0.4820,263.2839,0.2510,3.8000,-0.4500,357.8910,180.4181,358.8351,0.0000,0.0000,0.0000
74.234,456.1051,-0.5844,263.7336,0.2510,3.8000,-0.4500,357.7303,180.4212,358.8913,0.0000,0.0000,0.0000
74.359,455.8672,-0.6672,264.0085,0.2510,3.8000,-0.4500,357.6522,180.4227,358.9205,0.0000,0.0000,0.0000
74.484,455.6222,-0.7417,264.1384,0.2510,3.8000,-0.4500,357.5057,180.4254,359.0007,0.0000,0.0000,0.0000
74.595,455.3763,-0.8080,264.1435,0.2510,3.8000,-0.4500,357.4358,180.4266,359.0424,0.0000,0.0000,0.0000
74.720,455.1322,-0.8673,264.0604,0.2510,3.8000,-0.4500,357.3696,180.4277,359.0899,0.0000,0.0000,0.0000
74.845,454.8912,-0.9204,263.9141,0.2510,3.8000,-0.4500,357.1761,180.4305,359.2489,0.0000,0.0000,0.0000
74.970,454.6581,-0.9662,263.6253,0.2510,3.8000,-0.4500,357.1761,180.4305,359.2489,0.0000,0.0000,0.0000
75.096,454.4001,-1.0051,263.0690,0.2510,3.8000,-0.4500,357.1761,180.4305,359.2489,0.0000,0.0000,0.0000
75.221,454.1878,-1.0276,262.4638,0.2510,3.8000,-0.4500,357.0626,180.4318,359.3687,0.0000,0.0000,0.0000
75.345,453.9791,-1.0457,261.7875,0.2510,3.8000,-0.4500,357.0626,180.4318,359.3687,0.0000,0.0000,0.0000
75.470,453.7727,-1.0604,261.0709,0.2510,3.8000,-0.4500,357.0626,180.4319,359.3687,0.0000,0.0000,0.0000
75.570,453.5678,-1.0733,260.3320,0.2510,3.8000,-0.4500,357.0626,180.4319,359.3687,0.0000,0.0000,0.0000
75.678,453.3977,-1.0834,259.7069,0.2510,3.8000,-0.4500,357.0626,180.4319,359.3687,0.0000,0.0000,0.0000
75.804,453.1938,-1.0950,258.9504,0.2510,3.8000,-0.4500,357.0626,180.4318,359.3687,0.0000,0.0000,0.0000
75.929,452.9903,-1.1062,258.1901,0.2510,3.8000,-0.4500,357.0626,180.4318,359.3687,0.0000,0.0000,0.0000
76.054,452.7534,-1.1181,257.3008,0.2510,3.8000,-0.4500,357.0085,180.4324,359.4313,0.0000,0.0000,0.0000
76.179,452.5500,-1.1282,256.5373,0.2510,3.8000,-0.4500,357.0085,180.4324,359.4313,0.0000,0.0000,0.0000
76.304,452.3471,-1.1370,255.7744,0.2510,3.8000,-0.4500,356.9587,180.4328,359.4943,0.0000,0.0000,0.0000
76.429,452.1439,-1.1458,255.0119,0.2510,3.8000,-0.4500,356.9587,180.4328,359.4943,0.0000,0.0000,0.0000
76.554,451.9070,-1.1551,254.1231,0.2510,3.8000,-0.4500,356.9587,180.4328,359.4943,0.0000,0.0000,0.0000
76.664,451.7388,-1.1592,253.4893,0.2510,3.8000,-0.4500,356.8702,180.4335,359.6306,0.0000,0.0000,0.0000
76.790,451.5348,-1.1660,252.7513,0.2510,3.8000,-0.4500,356.8702,180.4335,359.6306,0.0000,0.0000,0.0000
76.915,451.2858,-1.1816,252.0741,0.2510,3.8000,-0.4500,356.8702,180.4335,359.6306,0.0000,0.0000,0.0000
77.020,451.0963,-1.2015,251.7586,0.2510,3.8000,-0.4500,356.8702,180.4335,359.6306,0.0000,0.0000,0.0000
77.121,450.8989,-1.2268,251.5776,0.2510,3.8000,-0.4500,356.8008,180.4338,359.7809,0.0000,0.0000,0.0000
77.247,450.6560,-1.2675,251.4971,0.2510,3.8000,-0.4500,356.8008,180.4338,359.7809,0.0000,0.0000,0.0000
77.359,450.4126,-1.3140,251.5230,0.2510,3.8000,-0.4500,356.8008,180.4338,359.7809,0.0000,0.0000,0.0000
77.471,450.1704,-1.3625,251.6184,0.2510,3.8000,-0.4500,356.7726,180.4339,359.8597,0.0000,0.0000,0.0000
77.582,449.9705,-1.4012,251.7328,0.2510,3.8000,-0.4500,356.7002,180.4340,0.0967,0.0000,0.0000,0.0000
77.692,449.7298,-1.4515,251.8964,0.2510,3.8000,-0.4500,356.7002,180.4340,0.0967,0.0000,0.0000,0.0000
77.817,449.4924,-1.5018,252.1077,0.2510,3.8000,-0.4500,356.7002,180.4340,0.0967,0.0000,0.0000,0.0000
77.943,449.2617,-1.5490,252.3857,0.2510,3.8000,-0.4500,356.6703,180.4339,0.3490,0.0000,0.0000,0.0000
78.067,449.0336,-1.6010,252.7208,0.2510,3.8000,-0.4500,356.6703,180.4339,0.3490,0.0000,0.0000,0.0000
78.168,448.8462,-1.6441,253.0327,0.2510,3.8000,-0.4500,356.6703,180.4339,0.3490,0.0000,0.0000,0.0000
78.276,448.6244,-1.6919,253.4336,0.2510,3.8000,-0.4500,356.6795,180.4339,0.5121,0.0000,0.0000,0.0000
78.401,448.4032,-1.7406,253.8526,0.2510,3.8000,-0.4500,356.6795,180.4339,0.5121,0.0000,0.0000,0.0000
78.526,448.1839,-1.7836,254.2802,0.2510,3.8000,-0.4500,356.7110,180.4343,0.6775,0.0000,0.0000,0.0000
78.638,447.9640,-1.8268,254.7116,0.2510,3.8000,-0.4500,356.7110,180.4343,0.6775,0.0000,0.0000,0.0000
78.748,447.7821,-1.8573,255.0721,0.2510,3.8000,-0.4500,356.7608,180.4349,0.8327,0.0000,0.0000,0.0000
78.874,447.5263,-1.9006,255.5779,0.2510,3.8000,-0.4500,356.7608,180.4349,0.8327,0.0000,0.0000,0.0000
78.998,447.3082,-1.9313,256.0111,0.2510,3.8000,-0.4500,356.8381,180.4362,0.9800,0.0000,0.0000,0.0000
79.123,447.0892,-1.9624,256.4440,0.2510,3.8000,-0.4500,356.8381,180.4362,0.9800,0.0000,0.0000,0.0000
79.248,446.8709,-1.9892,256.8757,0.2510,3.8000,-0.4500,356.8872,180.4370,1.0462,0.0000,0.0000,0.0000
79.359,446.6526,-2.0137,257.3064,0.2510,3.8000,-0.4500,356.9373,180.4380,1.1092,0.0000,0.0000,0.0000
79.484,446.4340,-2.0374,257.7368,0.2510,3.8000,-0.4500,356.9373,180.4380,1.1092,0.0000,0.0000,0.0000
79.610,446.2165,-2.0547,258.1655,0.2510,3.8000,-0.4500,357.1294,180.4420,1.2719,0.0000,0.0000,0.0000
79.722,445.9978,-2.0746,258.5946,0.2510,3.8000,-0.4500,357.1294,180.4420,1.2719,0.0000,0.0000,0.0000
79.831,445.7791,-2.0929,259.0231,0.2510,3.8000,-0.4500,357.1294,180.4420,1.2719,0.0000,0.0000,0.0000
79.956,445.5603,-2.1098,259.4511,0.2510,3.8000,-0.4500,357.1294,180.4420,1.2719,0.0000,0.0000,0.0000
80.081,445.3417,-2.1242,259.8781,0.2510,3.8000,-0.4500,357.2043,180.4437,1.3053,0.0000,0.0000,0.0000
80.193,445.1231,-2.1365,260.3044,0.2510,3.8000,-0.4500,357.3604,180.4473,1.3561,0.0000,0.0000,0.0000
80.317,444.9041,-2.1499,260.7311,0.2510,3.8000,-0.4500,357.3604,180.4473,1.3561,0.0000,0.0000,0.0000
80.442,444.6849,-2.1622,261.1567,0.2510,3.8000,-0.4500,357.3604,180.4473,1.3561,0.0000,0.0000,0.0000
80.567,444.4657,-2.1718,261.5805,0.2510,3.8000,-0.4500,357.5234,180.4512,1.3747,0.0000,0.0000,0.0000
80.679,444.2462,-2.1820,262.0046,0.2510,3.8000,-0.4500,357.5234,180.4512,1.3747,0.0000,0.0000,0.0000
80.789,444.0631,-2.1877,262.3560,0.2510,3.8000,-0.4500,357.7754,180.4572,1.3716,0.0000,0.0000,0.0000
80.915,443.8066,-2.1968,262.8493,0.2510,3.8000,-0.4500,357.7754,180.4572,1.3716,0.0000,0.0000,0.0000
81.028,443.6232,-2.2022,263.2007,0.2510,3.8000,-0.4500,357.7754,180.4572,1.3715,0.0000,0.0000,0.0000
81.137,443.4028,-2.2055,263.6195,0.2510,3.8000,-0.4500,358.0249,180.4631,1.3409,0.0000,0.0000,0.0000
81.248,443.2192,-2.2081,263.9689,0.2510,3.8000,-0.4500,358.0249,180.4631,1.3409,0.0000,0.0000,0.0000
81.373,442.9620,-2.2083,264.4561,0.2510,3.8000,-0.4500,358.1851,180.4668,1.3161,0.0000,0.0000,0.0000
81.498,442.7413,-2.2061,264.8714,0.2510,3.8000,-0.4500,358.2634,180.4686,1.3040,0.0000,0.0000,0.0000
81.623,442.5192,-2.1999,265.2677,0.2510,3.8000,-0.4500,358.5033,180.4740,1.2697,0.0000,0.0000,0.0000
81.733,442.2955,-2.1916,265.6402,0.2510,3.8000,-0.4500,358.5033,180.4740,1.2698,0.0000,0.0000,0.0000
81.846,442.1078,-2.1813,265.9329,0.2510,3.8000,-0.4500,358.5866,180.4759,1.2624,0.0000,0.0000,0.0000
81.970,441.8818,-2.1643,266.2679,0.2510,3.8000,-0.4500,358.8380,180.4814,1.2484,0.0000,0.0000,0.0000
82.095,441.6166,-2.1395,266.6346,0.2510,3.8000,-0.4500,359.0822,180.4867,1.2503,0.0000,0.0000,0.0000
82.220,441.3826,-2.1151,266.8141,0.2510,3.8000,-0.4500,359.0822,180.4867,1.2503,0.0000,0.0000,0.0000
82.346,441.1512,-2.0844,266.7751,0.2510,3.8000,-0.4500,359.3257,180.4921,1.2786,0.0000,0.0000,0.0000
82.470,440.9261,-2.0535,266.5496,0.2510,3.8000,-0.4500,359.3257,180.4921,1.2786,0.0000,0.0000,0.0000
82.595,440.6714,-2.0128,266.1200,0.2510,3.8000,-0.4500,359.4816,180.4956,1.3226,0.0000,0.0000,0.0000
82.707,440.4927,-1.9837,265.7425,0.2510,3.8000,-0.4500,359.4816,180.4956,1.3226,0.0000,0.0000,0.0000
82.831,440.2495,-1.9388,265.0993,0.2510,3.8000,-0.4500,359.6293,180.4991,1.3921,0.0000,0.0000,0.0000
82.956,440.0465,-1.9011,264.4476,0.2510,3.8000,-0.4500,359.6293,180.4991,1.3921,0.0000,0.0000,0.0000
83.081,439.8472,-1.8608,263.7373,0.2510,3.8000,-0.4500,359.6951,180.5007,1.4356,0.0000,0.0000,0.0000
83.208,439.6496,-1.8204,262.9951,0.2510,3.8000,-0.4500,359.6951,180.5007,1.4356,0.0000,0.0000,0.0000
83.317,439.4539,-1.7759,262.2354,0.2510,3.8000,-0.4500,359.8179,180.5039,1.5392,0.0000,0.0000,0.0000
83.443,439.2583,-1.7328,261.4677,0.2510,3.8000,-0.4500,359.8179,180.5039,1.5392,0.0000,0.0000,0.0000
83.567,439.0633,-1.6883,260.6947,0.2510,3.8000,-0.4500,359.8179,180.5039,1.5392,0.0000,0.0000,0.0000
83.679,438.8690,-1.6411,259.9182,0.2510,3.8000,-0.4500,359.8739,180.5054,1.5985,0.0000,0.0000,0.0000
83.803,438.6758,-1.5910,259.1396,0.2510,3.8000,-0.4500,359.9827,180.5086,1.7241,0.0000,0.0000,0.0000
83.929,438.4819,-1.5429,258.3609,0.2510,3.8000,-0.4500,359.9827,180.5086,1.7241,0.0000,0.0000,0.0000
84.054,438.2549,-1.4854,257.4745,0.2510,3.8000,-0.4500,359.9827,180.5086,1.7241,0.0000,0.0000,0.0000
84.179,438.0542,-1.4308,256.8412,0.2510,3.8000,-0.4500,0.0871,180.5118,1.8496,0.0000,0.0000,0.0000
84.292,437.8406,-1.3756,256.3918,0.2510,3.8000,-0.4500,0.0871,180.5118,1.8496,0.0000,0.0000,0.0000
84.404,437.6537,-1.3249,256.1449,0.2510,3.8000,-0.4500,0.1445,180.5137,1.9085,0.0000,0.0000,0.0000
84.512,437.4227,-1.2571,255.9763,0.2510,3.8000,-0.4500,0.3364,180.5204,2.0760,0.0000,0.0000,0.0000
84.637,437.1881,-1.1874,255.9267,0.2510,3.8000,-0.4500,0.3984,180.5227,2.1272,0.0000,0.0000,0.0000
84.750,436.9951,-1.1250,255.9792,0.2510,3.8000,-0.4500,0.4662,180.5252,2.1691,0.0000,0.0000,0.0000
84.859,436.7696,-1.0435,256.1522,0.2510,3.8000,-0.4500,0.6133,180.5309,2.2473,0.0000,0.0000,0.0000
84.984,436.5501,-0.9545,256.4177,0.2510,3.8000,-0.4500,0.8388,180.5399,2.3538,0.0000,0.0000,0.0000
85.084,436.3700,-0.8774,256.6903,0.2510,3.8000,-0.4500,0.9168,180.5432,2.3811,0.0000,0.0000,0.0000
85.206,436.1569,-0.7787,257.0575,0.2510,3.8000,-0.4500,1.0777,180.5499,2.4325,0.0000,0.0000,0.0000
85.331,435.9108,-0.6573,257.5184,0.2510,3.8000,-0.4500,1.2409,180.5569,2.4792,0.0000,0.0000,0.0000
85.456,435.7011,-0.5483,257.9275,0.2510,3.8000,-0.4500,1.4044,180.5641,2.5171,0.0000,0.0000,0.0000
85.581,435.4920,-0.4357,258.3430,0.2510,3.8000,-0.4500,1.5662,180.5712,2.5499,0.0000,0.0000,0.0000
85.692,435.2833,-0.3207,258.7620,0.2510,3.8000,-0.4500,1.6464,180.5748,2.5641,0.0000,0.0000,0.0000
85.805,435.1098,-0.2219,259.1116,0.2510,3.8000,-0.4500,1.8078,180.5821,2.5925,0.0000,0.0000,0.0000
85.914,434.9014,-0.1032,259.5327,0.2510,3.8000,-0.4500,1.8078,180.5821,2.5925,0.0000,0.0000,0.0000
86.040,434.6935,0.0183,259.9526,0.2510,3.8000,-0.4500,1.8857,180.5856,2.6119,0.0000,0.0000,0.0000
86.164,434.4856,0.1405,260.3718,0.2510,3.8000,-0.4500,1.8857,180.5856,2.6119,0.0000,0.0000,0.0000
86.289,434.2776,0.2637,260.7903,0.2510,3.8000,-0.4500,1.8857,180.5856,2.6119,0.0000,0.0000,0.0000
86.415,434.0356,0.4080,261.2779,0.2510,3.8000,-0.4500,1.8857,180.5856,2.6119,0.0000,0.0000,0.0000
86.526,433.8629,0.5110,261.6255,0.2510,3.8000,-0.4500,1.8857,180.5857,2.6119,0.0000,0.0000,0.0000
86.650,433.6211,0.6543,262.1100,0.2510,3.8000,-0.4500,1.8857,180.5857,2.6119,0.0000,0.0000,0.0000
86.762,433.4485,0.7557,262.4544,0.2510,3.8000,-0.4500,1.8857,180.5856,2.6119,0.0000,0.0000,0.0000
86.886,433.2415,0.8756,262.8665,0.2510,3.8000,-0.4500,1.8857,180.5856,2.6119,0.0000,0.0000,0.0000
87.011,433.0001,1.0125,263.3463,0.2510,3.8000,-0.4500,1.8857,180.5856,2.6119,0.0000,0.0000,0.0000
87.136,432.7927,1.1265,263.7503,0.2510,3.8000,-0.4500,1.8857,180.5856,2.6119,0.0000,0.0000,0.0000
87.262,432.5816,1.2371,264.0967,0.2510,3.8000,-0.4500,1.8684,180.5849,2.6904,0.0000,0.0000,0.0000
87.372,432.3648,1.3430,264.3621,0.2510,3.8000,-0.4500,1.7982,180.5815,2.8391,0.0000,0.0000,0.0000
87.498,432.1421,1.4425,264.5607,0.2510,3.8000,-0.4500,1.7494,180.5790,2.9027,0.0000,0.0000,0.0000
87.623,431.9163,1.5381,264.7143,0.2510,3.8000,-0.4500,1.5665,180.5695,3.0708,0.0000,0.0000,0.0000
87.749,431.6869,1.6277,264.8291,0.2510,3.8000,-0.4500,1.5665,180.5695,3.0708,0.0000,0.0000,0.0000
87.858,431.4615,1.7118,264.7983,0.2510,3.8000,-0.4500,1.3439,180.5573,3.1843,0.0000,0.0000,0.0000
87.972,431.2449,1.7894,264.5688,0.2510,3.8000,-0.4500,1.2659,180.5529,3.2081,0.0000,0.0000,0.0000
88.081,431.0712,1.8502,264.2510,0.2510,3.8000,-0.4500,1.1848,180.5484,3.2268,0.0000,0.0000,0.0000
88.206,430.8685,1.9198,263.7616,0.2510,3.8000,-0.4500,1.1026,180.5437,3.2403,0.0000,0.0000,0.0000
88.331,430.6369,1.9966,263.0953,0.2510,3.8000,-0.4500,0.9336,180.5341,3.2510,0.0000,0.0000,0.0000
88.442,430.4733,2.0494,262.5814,0.2510,3.8000,-0.4500,0.8490,180.5293,3.2436,0.0000,0.0000,0.0000
88.567,430.2778,2.1107,261.9417,0.2510,3.8000,-0.4500,0.7645,180.5246,3.2350,0.0000,0.0000,0.0000
88.692,430.0500,2.1780,261.1789,0.2510,3.8000,-0.4500,0.6019,180.5154,3.1978,0.0000,0.0000,0.0000
88.817,429.8541,2.2310,260.5181,0.2510,3.8000,-0.4500,0.3697,180.5026,3.1091,0.0000,0.0000,0.0000
88.942,429.6584,2.2844,259.8523,0.2510,3.8000,-0.4500,0.3697,180.5026,3.1091,0.0000,0.0000,0.0000
89.067,429.4612,2.3305,259.1872,0.2510,3.8000,-0.4500,0.1546,180.4912,2.9780,0.0000,0.0000,0.0000
89.167,429.2966,2.3681,258.6342,0.2510,3.8000,-0.4500,0.0873,180.4877,2.9264,0.0000,0.0000,0.0000
89.276,429.0977,2.4086,257.9743,0.2510,3.8000,-0.4500,359.9542,180.4810,2.8203,0.0000,0.0000,0.0000
89.387,428.9306,2.4371,257.4274,0.2510,3.8000,-0.4500,359.7668,180.4721,2.6376,0.0000,0.0000,0.0000
89.512,428.6965,2.4757,256.6638,0.2510,3.8000,-0.4500,359.6542,180.4670,2.5185,0.0000,0.0000,0.0000
89.637,428.4925,2.5001,256.0290,0.2510,3.8000,-0.4500,359.4383,180.4580,2.2521,0.0000,0.0000,0.0000
89.762,428.2777,2.5210,255.5497,0.2510,3.8000,-0.4500,359.3385,180.4542,2.1180,0.0000,0.0000,0.0000
89.875,428.0487,2.5303,255.3184,0.2510,3.8000,-0.4500,359.1897,180.4490,1.9181,0.0000,0.0000,0.0000
89.984,427.8551,2.5273,255.3001,0.2510,3.8000,-0.4500,359.0356,180.4441,1.7177,0.0000,0.0000,0.0000
90.109,427.6232,2.5082,255.4351,0.2510,3.8000,-0.4500,358.7481,180.4363,1.3819,0.0000,0.0000,0.0000
90.234,427.3559,2.4705,255.7366,0.2510,3.8000,-0.4500,358.5212,180.4313,1.1369,0.0000,0.0000,0.0000
90.359,427.1279,2.4177,256.0818,0.2510,3.8000,-0.4500,358.1439,180.4250,0.7763,0.0000,0.0000,0.0000
90.484,426.9027,2.3529,256.4865,0.2510,3.8000,-0.4500,357.8918,180.4221,0.5492,0.0000,0.0000,0.0000
90.610,426.6786,2.2717,256.9336,0.2510,3.8000,-0.4500,357.5686,180.4198,0.2690,0.0000,0.0000,0.0000
90.735,426.4186,2.1606,257.4890,0.2510,3.8000,-0.4500,357.2518,180.4191,0.0017,0.0000,0.0000,0.0000
90.845,426.2330,2.0692,257.8999,0.2510,3.8000,-0.4500,356.9836,180.4196,359.7781,0.0000,0.0000,0.0000
90.971,425.9738,1.9281,258.4861,0.2510,3.8000,-0.4500,356.6600,180.4216,359.5083,0.0000,0.0000,0.0000
91.083,425.7888,1.8187,258.9095,0.2510,3.8000,-0.4500,356.4645,180.4236,359.3444,0.0000,0.0000,0.0000
91.192,425.5670,1.6791,259.4202,0.2510,3.8000,-0.4500,356.2711,180.4260,359.1808,0.0000,0.0000,0.0000
91.318,425.3450,1.5290,259.9330,0.2510,3.8000,-0.4500,356.0168,180.4302,358.9632,0.0000,0.0000,0.0000
91.429,425.1609,1.4027,260.3599,0.2510,3.8000,-0.4500,356.0168,180.4302,358.9632,0.0000,0.0000,0.0000
91.554,424.9017,1.2121,260.9589,0.2510,3.8000,-0.4500,355.7614,180.4353,358.7387,0.0000,0.0000,0.0000
91.679,424.6800,1.0451,261.4718,0.2510,3.8000,-0.4500,355.6381,180.4382,358.6263,0.0000,0.0000,0.0000
91.805,424.4584,0.8756,261.9842,0.2510,3.8000,-0.4500,355.5788,180.4396,358.5708,0.0000,0.0000,0.0000
91.915,424.2367,0.7034,262.4966,0.2510,3.8000,-0.4500,355.5210,180.4411,358.5148,0.0000,0.0000,0.0000
92.040,424.0153,0.5315,263.0087,0.2510,3.8000,-0.4500,355.5210,180.4411,358.5148,0.0000,0.0000,0.0000
92.164,423.7937,0.3595,263.5214,0.2510,3.8000,-0.4500,355.5210,180.4411,358.5148,0.0000,0.0000,0.0000
92.289,423.5720,0.1890,264.0344,0.2510,3.8000,-0.4500,355.5210,180.4411,358.5148,0.0000,0.0000,0.0000
92.414,423.3137,-0.0062,264.6335,0.2510,3.8000,-0.4500,355.5210,180.4411,358.5148,0.0000,0.0000,0.0000
92.539,423.0921,-0.1689,265.1472,0.2510,3.8000,-0.4500,355.5210,180.4411,358.5148,0.0000,0.0000,0.0000
92.664,422.8689,-0.3248,265.6375,0.2510,3.8000,-0.4500,355.5210,180.4411,358.5148,0.0000,0.0000,0.0000
92.790,422.6404,-0.4690,266.0536,0.2510,3.8000,-0.4500,355.5210,180.4411,358.5148,0.0000,0.0000,0.0000
92.900,422.4062,-0.6001,266.3907,0.2510,3.8000,-0.4500,355.5210,180.4411,358.5148,0.0000,0.0000,0.0000
93.025,422.1672,-0.7187,266.6658,0.2510,3.8000,-0.4500,355.5210,180.4411,358.5148,0.0000,0.0000,0.0000
93.125,421.9655,-0.8087,266.8600,0.2510,3.8000,-0.4500,355.5210,180.4411,358.5148,0.0000,0.0000,0.0000
93.247,421.7206,-0.9040,267.0489,0.2510,3.8000,-0.4500,355.6777,180.4371,358.5779,0.0000,0.0000,0.0000
93.359,421.4730,-0.9834,267.1181,0.2510,3.8000,-0.4500,355.9120,180.4315,358.6824,0.0000,0.0000,0.0000
93.484,421.2290,-1.0458,267.0540,0.2510,3.8000,-0.4500,356.2026,180.4252,358.8470,0.0000,0.0000,0.0000
93.609,420.9896,-1.0959,266.8814,0.2510,3.8000,-0.4500,356.4091,180.4212,358.9855,0.0000,0.0000,0.0000
93.720,420.7549,-1.1332,266.6314,0.2510,3.8000,-0.4500,356.6783,180.4170,359.1895,0.0000,0.0000,0.0000
93.831,420.5235,-1.1627,266.3228,0.2510,3.8000,-0.4500,356.8745,180.4145,359.3554,0.0000,0.0000,0.0000
93.942,420.3360,-1.1804,265.9889,0.2510,3.8000,-0.4500,357.0002,180.4132,359.4648,0.0000,0.0000,0.0000
94.067,420.1181,-1.1916,265.4846,0.2510,3.8000,-0.4500,357.1837,180.4117,359.6399,0.0000,0.0000,0.0000
94.192,419.8709,-1.1951,264.7892,0.2510,3.8000,-0.4500,357.3614,180.4109,359.8159,0.0000,0.0000,0.0000
94.317,419.6638,-1.1889,264.1344,0.2510,3.8000,-0.4500,357.5853,180.4106,0.0609,0.0000,0.0000,0.0000
94.428,419.4918,-1.1848,263.5641,0.2510,3.8000,-0.4500,357.5853,180.4106,0.0609,0.0000,0.0000,0.0000
94.539,419.2881,-1.1711,262.8650,0.2510,3.8000,-0.4500,357.7499,180.4111,0.2544,0.0000,0.0000,0.0000
94.665,419.0851,-1.1536,262.1684,0.2510,3.8000,-0.4500,357.9139,180.4121,0.4538,0.0000,0.0000,0.0000
94.776,418.8813,-1.1361,261.4827,0.2510,3.8000,-0.4500,357.9667,180.4126,0.5181,0.0000,0.0000,0.0000
94.890,418.7126,-1.1157,260.9187,0.2510,3.8000,-0.4500,358.1260,180.4143,0.7132,0.0000,0.0000,0.0000
94.998,418.5093,-1.0910,260.2498,0.2510,3.8000,-0.4500,358.2309,180.4157,0.8394,0.0000,0.0000,0.0000
95.123,418.3057,-1.0633,259.5999,0.2510,3.8000,-0.4500,358.3355,180.4173,0.9634,0.0000,0.0000,0.0000
95.248,418.0930,-1.0327,259.0970,0.2510,3.8000,-0.4500,358.5029,180.4204,1.1501,0.0000,0.0000,0.0000
95.373,417.8274,-0.9985,258.8029,0.2510,3.8000,-0.4500,358.6242,180.4230,1.2714,0.0000,0.0000,0.0000
95.498,417.5964,-0.9662,258.7675,0.2510,3.8000,-0.4500,358.7463,180.4258,1.3891,0.0000,0.0000,0.0000
95.623,417.3688,-0.9252,258.8739,0.2510,3.8000,-0.4500,359.0826,180.4348,1.6556,0.0000,0.0000,0.0000
95.748,417.1426,-0.8844,259.0797,0.2510,3.8000,-0.4500,359.1487,180.4367,1.6999,0.0000,0.0000,0.0000
95.859,416.9203,-0.8342,259.3547,0.2510,3.8000,-0.4500,359.3643,180.4434,1.8297,0.0000,0.0000,0.0000
95.984,416.7016,-0.7744,259.6773,0.2510,3.8000,-0.4500,359.7354,180.4558,2.0152,0.0000,0.0000,0.0000
96.109,416.4844,-0.7108,260.0336,0.2510,3.8000,-0.4500,359.8911,180.4614,2.0826,0.0000,0.0000,0.0000
96.234,416.2337,-0.6248,260.4731,0.2510,3.8000,-0.4500,0.2023,180.4731,2.2145,0.0000,0.0000,0.0000
96.359,416.0204,-0.5431,260.8635,0.2510,3.8000,-0.4500,0.4343,180.4822,2.3141,0.0000,0.0000,0.0000
96.484,415.8089,-0.4548,261.2712,0.2510,3.8000,-0.4500,0.5863,180.4885,2.3804,0.0000,0.0000,0.0000
96.609,415.5997,-0.3576,261.6965,0.2510,3.8000,-0.4500,0.8092,180.4979,2.4829,0.0000,0.0000,0.0000
96.722,415.3926,-0.2529,262.1360,0.2510,3.8000,-0.4500,1.0356,180.5080,2.5934,0.0000,0.0000,0.0000
96.831,415.1867,-0.1424,262.5854,0.2510,3.8000,-0.4500,1.1854,180.5148,2.6707,0.0000,0.0000,0.0000
96.944,415.0168,-0.0436,262.9639,0.2510,3.8000,-0.4500,1.4087,180.5255,2.7909,0.0000,0.0000,0.0000
97.053,414.8132,0.0781,263.4217,0.2510,3.8000,-0.4500,1.5522,180.5326,2.8727,0.0000,0.0000,0.0000
97.178,414.6102,0.2036,263.8800,0.2510,3.8000,-0.4500,1.6241,180.5362,2.9155,0.0000,0.0000,0.0000
97.303,414.4084,0.3347,264.3368,0.2510,3.8000,-0.4500,1.7666,180.5436,3.0010,0.0000,0.0000,0.0000
97.428,414.2065,0.4669,264.7937,0.2510,3.8000,-0.4500,1.7666,180.5436,3.0010,0.0000,0.0000,0.0000
97.553,413.9722,0.6272,265.3245,0.2510,3.8000,-0.4500,1.9088,180.5512,3.0931,0.0000,0.0000,0.0000
97.678,413.7716,0.7657,265.7790,0.2510,3.8000,-0.4500,1.9755,180.5548,3.1387,0.0000,0.0000,0.0000
97.804,413.5710,0.9041,266.2331,0.2510,3.8000,-0.4500,1.9755,180.5548,3.1387,0.0000,0.0000,0.0000
97.917,413.3705,1.0431,266.6866,0.2510,3.8000,-0.4500,1.9755,180.5548,3.1387,0.0000,0.0000,0.0000
98.026,413.2034,1.1593,267.0641,0.2510,3.8000,-0.4500,1.9755,180.5548,3.1387,0.0000,0.0000,0.0000
98.151,412.9695,1.3224,267.5922,0.2510,3.8000,-0.4500,1.9755,180.5548,3.1387,0.0000,0.0000,0.0000
98.276,412.7691,1.4627,268.0444,0.2510,3.8000,-0.4500,1.9755,180.5548,3.1387,0.0000,0.0000,0.0000
98.390,412.6027,1.5822,268.4192,0.2510,3.8000,-0.4500,2.1199,180.5629,3.2205,0.0000,0.0000,0.0000
98.498,412.4021,1.7222,268.8693,0.2510,3.8000,-0.4500,2.1199,180.5629,3.2205,0.0000,0.0000,0.0000
98.623,412.2011,1.8614,269.3186,0.2510,3.8000,-0.4500,2.1199,180.5629,3.2205,0.0000,0.0000,0.0000
98.748,411.9998,1.9988,269.7677,0.2510,3.8000,-0.4500,2.1199,180.5629,3.2205,0.0000,0.0000,0.0000
98.859,411.7982,2.1336,270.2164,0.2510,3.8000,-0.4500,2.1199,180.5629,3.2205,0.0000,0.0000,0.0000
98.984,411.5957,2.2647,270.6646,0.2510,3.8000,-0.4500,2.1199,180.5629,3.2205,0.0000,0.0000,0.0000
99.109,411.3923,2.3908,271.1122,0.2510,3.8000,-0.4500,2.1199,180.5628,3.2205,0.0000,0.0000,0.0000
99.234,411.1538,2.5302,271.6340,0.2510,3.8000,-0.4500,2.1199,180.5628,3.2205,0.0000,0.0000,0.0000
99.359,410.9469,2.6395,272.0811,0.2510,3.8000,-0.4500,2.1931,180.5669,3.0741,0.0000,0.0000,0.0000
99.470,410.7729,2.7233,272.4537,0.2510,3.8000,-0.4500,2.2448,180.5696,2.9208,0.0000,0.0000,0.0000
99.595,410.5262,2.8262,272.9733,0.2510,3.8000,-0.4500,2.2451,180.5696,2.5890,0.0000,0.0000,0.0000
99.720,410.3113,2.8991,273.4151,0.2510,3.8000,-0.4500,2.1494,180.5657,2.1803,0.0000,0.0000,0.0000
99.833,410.0949,2.9609,273.8532,0.2510,3.8000,-0.4500,2.0188,180.5611,1.8776,0.0000,0.0000,0.0000
99.944,409.9120,2.9990,274.2171,0.2510,3.8000,-0.4500,1.7984,180.5546,1.5027,0.0000,0.0000,0.0000
100.067,409.6909,3.0318,274.6524,0.2510,3.8000,-0.4500,1.5077,180.5481,1.0848,0.0000,0.0000,0.0000
100.192,409.4299,3.0535,275.1375,0.2510,3.8000,-0.4500,1.2292,180.5437,0.7376,0.0000,0.0000,0.0000
100.317,409.2002,3.0515,275.5053,0.2510,3.8000,-0.4500,0.8679,180.5403,0.3147,0.0000,0.0000,0.0000
100.442,408.9657,3.0341,275.8272,0.2510,3.8000,-0.4500,0.5119,180.5396,359.9174,0.0000,0.0000,0.0000
100.567,408.7274,3.0015,276.1128,0.2510,3.8000,-0.4500,0.1601,180.5413,359.5386,0.0000,0.0000,0.0000
100.692,408.4461,2.9463,276.4126,0.2510,3.8000,-0.4500,359.8092,180.5453,359.1714,0.0000,0.0000,0.0000
100.805,408.2411,2.8941,276.5548,0.2510,3.8000,-0.4500,359.5020,180.5506,358.8580,0.0000,0.0000,0.0000
100.916,407.9974,2.8233,276.5227,0.2510,3.8000,-0.4500,359.1379,180.5590,358.4916,0.0000,0.0000,0.0000
101.026,407.8008,2.7638,276.3343,0.2510,3.8000,-0.4500,358.9632,180.5638,358.3164,0.0000,0.0000,0.0000
101.151,407.5327,2.6753,275.8847,0.2510,3.8000,-0.4500,358.6595,180.5736,358.0102,0.0000,0.0000,0.0000
101.276,407.3088,2.6005,275.3841,0.2510,3.8000,-0.4500,358.5399,180.5779,357.8887,0.0000,0.0000,0.0000
101.401,407.0872,2.5199,274.8158,0.2510,3.8000,-0.4500,358.2971,180.5873,357.6407,0.0000,0.0000,0.0000
101.526,406.8692,2.4409,274.1823,0.2510,3.8000,-0.4500,358.1801,180.5923,357.5210,0.0000,0.0000,0.0000
101.651,406.6167,2.3425,273.3818,0.2510,3.8000,-0.4500,357.8857,180.6058,357.2201,0.0000,0.0000,0.0000
101.765,406.4388,2.2763,272.7826,0.2510,3.8000,-0.4500,357.8857,180.6058,357.2201,0.0000,0.0000,0.0000
101.873,406.2244,2.1888,272.0476,0.2510,3.8000,-0.4500,357.6476,180.6179,356.9809,0.0000,0.0000,0.0000
101.984,406.0472,2.1196,271.4250,0.2510,3.8000,-0.4500,357.6476,180.6179,356.9809,0.0000,0.0000,0.0000
102.109,405.8343,2.0330,270.6732,0.2510,3.8000,-0.4500,357.5849,180.6212,356.9205,0.0000,0.0000,0.0000
102.234,405.5855,1.9267,269.7942,0.2510,3.8000,-0.4500,357.3995,180.6315,356.7440,0.0000,0.0000,0.0000
102.359,405.3730,1.8379,269.0395,0.2510,3.8000,-0.4500,357.3995,180.6315,356.7440,0.0000,0.0000,0.0000
102.470,405.1952,1.7599,268.4116,0.2510,3.8000,-0.4500,357.2703,180.6389,356.6341,0.0000,0.0000,0.0000
102.595,404.9467,1.6523,267.5321,0.2510,3.8000,-0.4500,357.2072,180.6427,356.5811,0.0000,0.0000,0.0000
102.720,404.7338,1.5606,266.7800,0.2510,3.8000,-0.4500,357.2072,180.6427,356.5811,0.0000,0.0000,0.0000
102.845,404.5207,1.4686,266.0315,0.2510,3.8000,-0.4500,357.2072,180.6427,356.5811,0.0000,0.0000,0.0000
102.957,404.3073,1.3752,265.2867,0.2510,3.8000,-0.4500,357.1385,180.6468,356.5370,0.0000,0.0000,0.0000
103.081,404.0939,1.2835,264.5444,0.2510,3.8000,-0.4500,357.1385,180.6468,356.5370,0.0000,0.0000,0.0000
103.206,403.8806,1.1927,263.8041,0.2510,3.8000,-0.4500,357.1385,180.6468,356.5370,0.0000,0.0000,0.0000
103.331,403.6292,1.0861,262.9903,0.2510,3.8000,-0.4500,357.1385,180.6468,356.5370,0.0000,0.0000,0.0000
103.456,403.4059,0.9884,262.4307,0.2510,3.8000,-0.4500,357.1385,180.6468,356.5370,0.0000,0.0000,0.0000
103.581,403.1731,0.8825,262.0200,0.2510,3.8000,-0.4500,357.1385,180.6468,356.5370,0.0000,0.0000,0.0000
103.706,402.9322,0.7690,261.7336,0.2510,3.8000,-0.4500,357.0572,180.6518,356.5355,0.0000,0.0000,0.0000
103.817,402.6857,0.6517,261.5332,0.2510,3.8000,-0.4500,356.9009,180.6612,356.5802,0.0000,0.0000,0.0000
103.930,402.4775,0.5522,261.4363,0.2510,3.8000,-0.4500,356.9008,180.6612,356.5802,0.0000,0.0000,0.0000
104.041,402.2295,0.4288,261.4492,0.2510,3.8000,-0.4500,356.7697,180.6689,356.6764,0.0000,0.0000,0.0000
104.151,401.9858,0.3028,261.5770,0.2510,3.8000,-0.4500,356.6588,180.6753,356.8021,0.0000,0.0000,0.0000
104.275,401.7461,0.1767,261.7869,0.2510,3.8000,-0.4500,356.5670,180.6803,356.9386,0.0000,0.0000,0.0000
104.400,401.5099,0.0545,262.0519,0.2510,3.8000,-0.4500,356.4648,180.6856,357.1685,0.0000,0.0000,0.0000
104.501,401.3150,-0.0427,262.3005,0.2510,3.8000,-0.4500,356.4087,180.6882,357.4208,0.0000,0.0000,0.0000
104.609,401.1214,-0.1356,262.5710,0.2510,3.8000,-0.4500,356.3770,180.6896,357.6672,0.0000,0.0000,0.0000
104.723,400.8913,-0.2401,262.9215,0.2510,3.8000,-0.4500,356.3827,180.6894,357.9929,0.0000,0.0000,0.0000
104.831,400.6624,-0.3377,263.2929,0.2510,3.8000,-0.4500,356.4192,180.6882,358.2473,0.0000,0.0000,0.0000
104.943,400.4738,-0.4082,263.6134,0.2510,3.8000,-0.4500,356.5098,180.6858,358.6648,0.0000,0.0000,0.0000
105.053,400.2464,-0.4903,264.0069,0.2510,3.8000,-0.4500,356.5628,180.6846,358.8257,0.0000,0.0000,0.0000
105.178,400.0214,-0.5572,264.4059,0.2510,3.8000,-0.4500,356.7181,180.6820,359.2332,0.0000,0.0000,0.0000
105.279,399.8338,-0.6068,264.7404,0.2510,3.8000,-0.4500,356.8307,180.6807,359.4691,0.0000,0.0000,0.0000
105.390,399.6473,-0.6476,265.0757,0.2510,3.8000,-0.4500,356.9879,180.6797,359.7704,0.0000,0.0000,0.0000
105.502,399.4238,-0.6882,265.4785,0.2510,3.8000,-0.4500,357.1667,180.6794,0.0566,0.0000,0.0000,0.0000
105.613,399.2005,-0.7201,265.8815,0.2510,3.8000,-0.4500,357.3135,180.6799,0.2637,0.0000,0.0000,0.0000
105.724,399.0157,-0.7366,266.2167,0.2510,3.8000,-0.4500,357.5231,180.6813,0.5288,0.0000,0.0000,0.0000
105.834,398.7939,-0.7505,266.6187,0.2510,3.8000,-0.4500,357.6991,180.6832,0.7175,0.0000,0.0000,0.0000
105.947,398.6093,-0.7559,266.9525,0.2510,3.8000,-0.4500,357.8176,180.6848,0.8372,0.0000,0.0000,0.0000
106.054,398.3890,-0.7521,267.3510,0.2510,3.8000,-0.4500,358.0790,180.6892,1.0557,0.0000,0.0000,0.0000
106.163,398.2056,-0.7434,267.6820,0.2510,3.8000,-0.4500,358.2856,180.6932,1.1992,0.0000,0.0000,0.0000
106.288,397.9856,-0.7281,268.0788,0.2510,3.8000,-0.4500,358.4267,180.6963,1.2850,0.0000,0.0000,0.0000
106.402,397.7663,-0.7044,268.4739,0.2510,3.8000,-0.4500,358.6490,180.7015,1.4032,0.0000,0.0000,0.0000
106.510,397.5840,-0.6790,268.8017,0.2510,3.8000,-0.4500,358.8738,180.7072,1.4993,0.0000,0.0000,0.0000
106.634,397.3286,-0.6378,269.2589,0.2510,3.8000,-0.4500,359.1073,180.7135,1.5818,0.0000,0.0000,0.0000
106.760,397.1101,-0.5952,269.6479,0.2510,3.8000,-0.4500,359.4384,180.7229,1.6605,0.0000,0.0000,0.0000
106.885,396.8913,-0.5497,270.0366,0.2510,3.8000,-0.4500,359.6021,180.7277,1.6837,0.0000,0.0000,0.0000
106.996,396.6727,-0.5000,270.4240,0.2510,3.8000,-0.4500,359.7639,180.7325,1.7024,0.0000,0.0000,0.0000
107.121,396.4539,-0.4461,270.8094,0.2510,3.8000,-0.4500,0.0085,180.7397,1.7032,0.0000,0.0000,0.0000
107.246,396.2347,-0.3895,271.1931,0.2510,3.8000,-0.4500,0.2632,180.7473,1.6772,0.0000,0.0000,0.0000
107.370,395.9787,-0.3213,271.6396,0.2510,3.8000,-0.4500,0.4213,180.7519,1.6519,0.0000,0.0000,0.0000
107.484,395.7951,-0.2708,271.9565,0.2510,3.8000,-0.4500,0.6596,180.7586,1.5879,0.0000,0.0000,0.0000
107.595,395.5745,-0.2096,272.3365,0.2510,3.8000,-0.4500,0.8138,180.7628,1.5305,0.0000,0.0000,0.0000
107.704,395.3900,-0.1582,272.6516,0.2510,3.8000,-0.4500,1.0413,180.7687,1.4262,0.0000,0.0000,0.0000
107.829,395.1685,-0.0962,273.0296,0.2510,3.8000,-0.4500,1.1143,180.7705,1.3839,0.0000,0.0000,0.0000
107.929,394.9828,-0.0450,273.3425,0.2510,3.8000,-0.4500,1.3299,180.7754,1.2520,0.0000,0.0000,0.0000
108.039,394.7599,0.0165,273.7182,0.2510,3.8000,-0.4500,1.3956,180.7768,1.2030,0.0000,0.0000,0.0000
108.148,394.5724,0.0657,274.0289,0.2510,3.8000,-0.4500,1.6568,180.7818,0.9876,0.0000,0.0000,0.0000
108.273,394.3104,0.1352,274.4627,0.2510,3.8000,-0.4500,1.7171,180.7829,0.9259,0.0000,0.0000,0.0000
108.386,394.1209,0.1818,274.7618,0.2510,3.8000,-0.4500,1.8948,180.7854,0.7373,0.0000,0.0000,0.0000
108.509,393.8923,0.2365,275.1060,0.2510,3.8000,-0.4500,1.9991,180.7867,0.6078,0.0000,0.0000,0.0000
108.635,393.6231,0.2961,275.4891,0.2510,3.8000,-0.4500,2.1449,180.7880,0.4057,0.0000,0.0000,0.0000
108.749,393.4300,0.3371,275.7545,0.2510,3.8000,-0.4500,2.1883,180.7883,0.3343,0.0000,0.0000,0.0000
108.870,393.1964,0.3827,276.0655,0.2510,3.8000,-0.4500,2.2735,180.7886,0.1897,0.0000,0.0000,0.0000
108.982,392.9599,0.4233,276.3523,0.2510,3.8000,-0.4500,2.3837,180.7888,359.9555,0.0000,0.0000,0.0000
109.107,392.7202,0.4609,276.5949,0.2510,3.8000,-0.4500,2.4138,180.7887,359.8814,0.0000,0.0000,0.0000
109.232,392.4343,0.4958,276.8237,0.2510,3.8000,-0.4500,2.4942,180.7884,359.6359,0.0000,0.0000,0.0000
109.357,392.1864,0.5230,276.9856,0.2510,3.8000,-0.4500,2.5190,180.7882,359.5574,0.0000,0.0000,0.0000
109.457,391.9775,0.5417,277.1037,0.2510,3.8000,-0.4500,2.5689,180.7878,359.3988,0.0000,0.0000,0.0000
109.565,391.7671,0.5591,277.1862,0.2510,3.8000,-0.4500,2.5939,180.7875,359.3205,0.0000,0.0000,0.0000
109.690,391.5164,0.5720,277.1478,0.2510,3.8000,-0.4500,2.6543,180.7867,359.1613,0.0000,0.0000,0.0000
109.803,391.2730,0.5769,276.9551,0.2510,3.8000,-0.4500,2.6847,180.7862,359.0831,0.0000,0.0000,0.0000
109.926,391.0346,0.5718,276.6437,0.2510,3.8000,-0.4500,2.7873,180.7844,358.8543,0.0000,0.0000,0.0000
110.037,390.8022,0.5638,276.2509,0.2510,3.8000,-0.4500,2.7873,180.7844,358.8543,0.0000,0.0000,0.0000
110.162,390.5722,0.5492,275.7985,0.2510,3.8000,-0.4500,2.8610,180.7828,358.7083,0.0000,0.0000,0.0000
110.287,390.3481,0.5310,275.2591,0.2510,3.8000,-0.4500,2.8610,180.7828,358.7083,0.0000,0.0000,0.0000
110.412,390.0920,0.5016,274.5232,0.2510,3.8000,-0.4500,2.8999,180.7819,358.6370,0.0000,0.0000,0.0000
110.525,389.9112,0.4756,273.9492,0.2510,3.8000,-0.4500,2.9818,180.7798,358.4927,0.0000,0.0000,0.0000
110.648,389.6972,0.4440,273.2278,0.2510,3.8000,-0.4500,2.9818,180.7798,358.4928,0.0000,0.0000,0.0000
110.774,389.4489,0.4045,272.3585,0.2510,3.8000,-0.4500,2.9818,180.7798,358.4927,0.0000,0.0000,0.0000
110.885,389.2716,0.3744,271.7275,0.2510,3.8000,-0.4500,3.0241,180.7787,358.4238,0.0000,0.0000,0.0000
110.998,389.0595,0.3389,270.9652,0.2510,3.8000,-0.4500,3.0241,180.7787,358.4238,0.0000,0.0000,0.0000
111.107,388.8829,0.3092,270.3278,0.2510,3.8000,-0.4500,3.0241,180.7787,358.4238,0.0000,0.0000,0.0000
111.232,388.6350,0.2669,269.4333,0.2510,3.8000,-0.4500,3.0710,180.7773,358.3581,0.0000,0.0000,0.0000
111.357,388.4231,0.2318,268.6662,0.2510,3.8000,-0.4500,3.0710,180.7774,358.3581,0.0000,0.0000,0.0000
111.482,388.2108,0.1978,267.9090,0.2510,3.8000,-0.4500,3.0710,180.7774,358.3581,0.0000,0.0000,0.0000
111.607,387.9964,0.1665,267.1900,0.2510,3.8000,-0.4500,3.0710,180.7774,358.3581,0.0000,0.0000,0.0000
111.709,387.8156,0.1435,266.6269,0.2510,3.8000,-0.4500,3.0710,180.7774,358.3581,0.0000,0.0000,0.0000
111.817,387.5966,0.1196,265.9893,0.2510,3.8000,-0.4500,3.0710,180.7774,358.3581,0.0000,0.0000,0.0000
111.927,387.4126,0.1026,265.4824,0.2510,3.8000,-0.4500,3.0710,180.7774,358.3581,0.0000,0.0000,0.0000
112.051,387.1513,0.0840,264.8330,0.2510,3.8000,-0.4500,3.0710,180.7774,358.3581,0.0000,0.0000,0.0000
112.164,386.9539,0.0808,264.5236,0.2510,3.8000,-0.4500,3.0710,180.7774,358.3581,0.0000,0.0000,0.0000
112.273,386.7109,0.0943,264.3821,0.2510,3.8000,-0.4500,3.0710,180.7774,358.3581,0.0000,0.0000,0.0000
112.384,386.5089,0.1216,264.4211,0.2510,3.8000,-0.4500,3.3223,180.7701,358.3322,0.0000,0.0000,0.0000
112.509,386.2699,0.1687,264.6089,0.2510,3.8000,-0.4500,3.4029,180.7678,358.3409,0.0000,0.0000,0.0000
112.635,385.9952,0.2421,264.9555,0.2510,3.8000,-0.4500,3.5641,180.7631,358.3663,0.0000,0.0000,0.0000
112.748,385.8016,0.3050,265.2586,0.2510,3.8000,-0.4500,3.7276,180.7585,358.4187,0.0000,0.0000,0.0000
112.871,385.5334,0.4034,265.7386,0.2510,3.8000,-0.4500,3.8822,180.7543,358.4778,0.0000,0.0000,0.0000
112.995,385.3056,0.4968,266.1841,0.2510,3.8000,-0.4500,4.0302,180.7505,358.5507,0.0000,0.0000,0.0000
113.120,385.0792,0.5953,266.6495,0.2510,3.8000,-0.4500,4.1010,180.7487,358.5937,0.0000,0.0000,0.0000
113.231,384.8542,0.7001,267.1259,0.2510,3.8000,-0.4500,4.2399,180.7454,358.6904,0.0000,0.0000,0.0000
113.357,384.6296,0.8059,267.6103,0.2510,3.8000,-0.4500,4.2399,180.7454,358.6904,0.0000,0.0000,0.0000
113.482,384.4059,0.9156,268.0982,0.2510,3.8000,-0.4500,4.3009,180.7440,358.7468,0.0000,0.0000,0.0000
113.607,384.1830,1.0269,268.5886,0.2510,3.8000,-0.4500,4.3560,180.7429,358.8063,0.0000,0.0000,0.0000
113.732,383.9229,1.1555,269.1632,0.2510,3.8000,-0.4500,4.3560,180.7429,358.8063,0.0000,0.0000,0.0000
113.857,383.7009,1.2665,269.6565,0.2510,3.8000,-0.4500,4.3858,180.7423,358.8815,0.0000,0.0000,0.0000
113.957,383.5160,1.3564,270.0685,0.2510,3.8000,-0.4500,4.3858,180.7423,358.8815,0.0000,0.0000,0.0000
114.067,383.3312,1.4444,270.4809,0.2510,3.8000,-0.4500,4.3858,180.7423,358.8815,0.0000,0.0000,0.0000
114.176,383.1105,1.5480,270.9765,0.2510,3.8000,-0.4500,4.3780,180.7424,358.9628,0.0000,0.0000,0.0000
114.301,382.8907,1.6480,271.4733,0.2510,3.8000,-0.4500,4.3212,180.7434,359.1156,0.0000,0.0000,0.0000
114.427,382.6707,1.7410,271.9714,0.2510,3.8000,-0.4500,4.2678,180.7442,359.1838,0.0000,0.0000,0.0000
114.552,382.4153,1.8423,272.5550,0.2510,3.8000,-0.4500,4.0935,180.7464,359.3757,0.0000,0.0000,0.0000
114.663,382.2337,1.9082,272.9749,0.2510,3.8000,-0.4500,3.7312,180.7496,359.5895,0.0000,0.0000,0.0000
114.787,382.0148,1.9780,273.4786,0.2510,3.8000,-0.4500,3.5656,180.7507,359.6422,0.0000,0.0000,0.0000
114.900,381.7963,2.0378,273.9861,0.2510,3.8000,-0.4500,3.1463,180.7529,359.7411,0.0000,0.0000,0.0000
115.010,381.6140,2.0800,274.4101,0.2510,3.8000,-0.4500,2.8858,180.7541,359.7695,0.0000,0.0000,0.0000
115.122,381.3952,2.1203,274.9216,0.2510,3.8000,-0.4500,2.4595,180.7557,359.7946,0.0000,0.0000,0.0000
115.232,381.1762,2.1492,275.4350,0.2510,3.8000,-0.4500,2.0379,180.7572,359.7884,0.0000,0.0000,0.0000
115.357,380.9571,2.1674,275.9496,0.2510,3.8000,-0.4500,1.7110,180.7584,359.7721,0.0000,0.0000,0.0000
115.482,380.7377,2.1726,276.4667,0.2510,3.8000,-0.4500,1.2664,180.7604,359.7310,0.0000,0.0000,0.0000
115.607,380.5182,2.1657,276.9853,0.2510,3.8000,-0.4500,0.8379,180.7625,359.6812,0.0000,0.0000,0.0000
115.720,380.2985,2.1463,277.5055,0.2510,3.8000,-0.4500,0.4095,180.7652,359.6165,0.0000,0.0000,0.0000
115.829,380.1152,2.1208,277.9398,0.2510,3.8000,-0.4500,0.0767,180.7676,359.5590,0.0000,0.0000,0.0000
115.954,379.8582,2.0698,278.5492,0.2510,3.8000,-0.4500,359.5726,180.7719,359.4525,0.0000,0.0000,0.0000
116.079,379.6379,2.0145,279.0711,0.2510,3.8000,-0.4500,359.3259,180.7744,359.3920,0.0000,0.0000,0.0000
116.190,379.4538,1.9558,279.5080,0.2510,3.8000,-0.4500,358.8907,180.7794,359.2683,0.0000,0.0000,0.0000
116.315,379.1961,1.8620,280.1188,0.2510,3.8000,-0.4500,358.4939,180.7850,359.1417,0.0000,0.0000,0.0000
116.427,379.0117,1.7845,280.5558,0.2510,3.8000,-0.4500,358.1788,180.7900,359.0251,0.0000,0.0000,0.0000
116.551,378.7540,1.6662,281.1667,0.2510,3.8000,-0.4500,357.9493,180.7941,358.9363,0.0000,0.0000,0.0000
116.665,378.5694,1.5705,281.6046,0.2510,3.8000,-0.4500,357.6171,180.8007,358.7971,0.0000,0.0000,0.0000
116.788,378.3481,1.4499,282.1292,0.2510,3.8000,-0.4500,357.3828,180.8058,358.6968,0.0000,0.0000,0.0000
116.913,378.0899,1.2997,282.7417,0.2510,3.8000,-0.4500,357.1531,180.8112,358.5946,0.0000,0.0000,0.0000
117.038,377.8687,1.1633,283.2670,0.2510,3.8000,-0.4500,356.9237,180.8171,358.4912,0.0000,0.0000,0.0000
117.162,377.6478,1.0256,283.7890,0.2510,3.8000,-0.4500,356.9237,180.8171,358.4912,0.0000,0.0000,0.0000
117.288,377.4263,0.8820,284.3082,0.2510,3.8000,-0.4500,356.7709,180.8212,358.4229,0.0000,0.0000,0.0000
117.402,377.2048,0.7379,284.8237,0.2510,3.8000,-0.4500,356.6956,180.8233,358.3914,0.0000,0.0000,0.0000
117.509,377.0200,0.6173,285.2512,0.2510,3.8000,-0.4500,356.6210,180.8254,358.3605,0.0000,0.0000,0.0000
117.635,376.7612,0.4513,285.8467,0.2510,3.8000,-0.4500,356.6210,180.8254,358.3605,0.0000,0.0000,0.0000
117.747,376.5752,0.3355,286.2536,0.2510,3.8000,-0.4500,356.6210,180.8254,358.3605,0.0000,0.0000,0.0000
117.871,376.3109,0.1812,286.7672,0.2510,3.8000,-0.4500,356.6210,180.8254,358.3605,0.0000,0.0000,0.0000
117.971,376.1195,0.0775,287.0952,0.2510,3.8000,-0.4500,356.6210,180.8254,358.3605,0.0000,0.0000,0.0000
118.079,375.9262,-0.0203,287.3976,0.2510,3.8000,-0.4500,356.6210,180.8254,358.3605,0.0000,0.0000,0.0000
118.190,375.7317,-0.1125,287.6805,0.2510,3.8000,-0.4500,356.6210,180.8254,358.3605,0.0000,0.0000,0.0000
118.315,375.4568,-0.2313,288.0395,0.2510,3.8000,-0.4500,356.6210,180.8254,358.3605,0.0000,0.0000,0.0000
118.440,375.2136,-0.3189,288.2132,0.2510,3.8000,-0.4500,356.6210,180.8254,358.3605,0.0000,0.0000,0.0000
118.565,374.9705,-0.3901,288.2165,0.2510,3.8000,-0.4500,356.6210,180.8254,358.3605,0.0000,0.0000,0.0000
118.690,374.7337,-0.4386,288.0788,0.2510,3.8000,-0.4500,356.7836,180.8213,358.7574,0.0000,0.0000,0.0000
118.816,374.4611,-0.4854,287.7957,0.2510,3.8000,-0.4500,356.9023,180.8190,358.9754,0.0000,0.0000,0.0000
118.929,374.2694,-0.5113,287.5347,0.2510,3.8000,-0.4500,356.9897,180.8175,359.1190,0.0000,0.0000,0.0000
119.038,374.0460,-0.5313,287.1284,0.2510,3.8000,-0.4500,357.1695,180.8152,359.3964,0.0000,0.0000,0.0000
119.149,373.8633,-0.5462,286.7129,0.2510,3.8000,-0.4500,357.1695,180.8152,359.3965,0.0000,0.0000,0.0000
119.273,373.6154,-0.5518,286.0406,0.2510,3.8000,-0.4500,357.3683,180.8136,359.6766,0.0000,0.0000,0.0000
119.398,373.4059,-0.5525,285.4105,0.2510,3.8000,-0.4500,357.4651,180.8132,359.8073,0.0000,0.0000,0.0000
119.524,373.1992,-0.5469,284.7494,0.2510,3.8000,-0.4500,357.6177,180.8129,0.0068,0.0000,0.0000,0.0000
119.648,372.9932,-0.5403,284.0722,0.2510,3.8000,-0.4500,357.6693,180.8130,0.0716,0.0000,0.0000,0.0000
119.776,372.7547,-0.5255,283.2737,0.2510,3.8000,-0.4500,357.8256,180.8134,0.2637,0.0000,0.0000,0.0000
119.884,372.5852,-0.5109,282.7010,0.2510,3.8000,-0.4500,357.9842,180.8144,0.4490,0.0000,0.0000,0.0000
119.997,372.3810,-0.4961,282.0143,0.2510,3.8000,-0.4500,357.9842,180.8144,0.4490,0.0000,0.0000,0.0000
