time_sec,world_x,world_y,world_z,local_x,local_y,local_z,world_rot_x,world_rot_y,world_rot_z,local_rot_x,local_rot_y,local_rot_z
0.000,598.8699,5.2478,250.4535,0.2510,3.8000,-0.4500,0.0000,180.0000,0.0000,0.0000,0.0000,0.0000
0.000,598.8699,5.2478,250.4535,0.2510,3.8000,-0.4500,0.0000,180.0000,0.0000,0.0000,0.0000,0.0000
0.121,598.6015,5.0092,250.4589,0.2510,3.8000,-0.4500,0.0000,180.0000,0.0000,0.0000,0.0000,0.0000
0.236,598.2029,4.6661,250.4638,0.2510,3.8000,-0.4500,0.0000,180.0000,0.0000,0.0000,0.0000,0.0000
0.361,597.6887,4.2305,250.4681,0.2510,3.8000,-0.4500,0.0000,180.0000,0.0000,0.0000,0.0000,0.0000
0.484,596.9605,3.6194,250.4725,0.2510,3.8000,-0.4500,0.0000,180.0000,0.0000,0.0000,0.0000,0.0000
0.598,596.3669,3.1227,250.4928,0.2510,3.8000,-0.4500,0.0000,180.0000,0.0000,0.0000,0.0000,0.0000
0.707,595.5909,2.4682,250.6227,0.2510,3.8000,-0.4500,0.0000,180.0000,0.0000,0.0000,0.0000,0.0000
0.834,594.7581,1.7567,250.9170,0.2510,3.8000,-0.4500,0.0000,180.0000,0.0000,0.0000,0.0000,0.0000
0.945,593.8772,0.9947,251.3906,0.2510,3.8000,-0.4500,0.0000,180.0000,0.0000,0.0000,0.0000,0.0000
1.056,593.1114,0.3253,251.9198,0.2510,3.8000,-0.4500,0.0000,180.0000,0.0000,0.0000,0.0000,0.0000
1.166,592.1590,-0.5147,252.7070,0.2510,3.8000,-0.4500,0.0000,180.0000,0.0000,0.0000,0.0000,0.0000
1.292,591.1744,-1.3905,253.6478,0.2510,3.8000,-0.4500,0.0000,180.0000,0.0000,0.0000,0.0000,0.0000
1.416,590.1617,-2.2981,254.7280,0.2510,3.8000,-0.4500,0.0000,180.0000,0.0000,0.0000,0.0000,0.0000
1.529,589.1241,-3.2337,255.9339,0.2510,3.8000,-0.4500,0.0000,180.0000,0.0000,0.0000,0.0000,0.0000
1.654,588.3212,-4.1719,256.9506,0.2510,3.8000,-0.4500,357.4259,179.9998,0.0089,0.0000,0.0000,0.0000
1.765,587.7886,-4.8211,257.6969,0.2510,3.8000,-0.4500,353.7270,179.9991,0.0069,0.0000,0.0000,0.0000
1.875,587.4577,-5.1069,258.2048,0.2510,3.8000,-0.4500,352.0012,179.9992,359.9844,0.0000,0.0000,0.0000
1.986,587.1349,-5.2621,258.7423,0.2510,3.8000,-0.4500,351.1134,179.9997,359.9363,0.0000,0.0000,0.0000
2.112,586.8574,-5.3278,259.2334,0.2510,3.8000,-0.4500,351.1134,179.9997,359.9363,0.0000,0.0000,0.0000
2.222,586.6447,-5.3823,259.6202,0.2510,3.8000,-0.4500,351.1134,179.9997,359.9363,0.0000,0.0000,0.0000
2.335,586.4020,-5.4848,260.0633,0.2510,3.8000,-0.4500,351.1134,179.9997,359.9363,0.0000,0.0000,0.0000
2.457,586.1660,-5.6376,260.4881,0.2510,3.8000,-0.4500,351.2510,179.9995,359.8419,0.0000,0.0000,0.0000
2.569,585.9334,-5.8309,260.9007,0.2510,3.8000,-0.4500,351.7123,179.9970,359.5658,0.0000,0.0000,0.0000
2.680,585.7422,-6.0081,261.2426,0.2510,3.8000,-0.4500,352.0959,179.9934,359.3699,0.0000,0.0000,0.0000
2.792,585.5142,-6.2251,261.6538,0.2510,3.8000,-0.4500,352.5540,179.9874,359.1579,0.0000,0.0000,0.0000
2.905,585.2869,-6.4333,262.0678,0.2510,3.8000,-0.4500,353.0250,179.9796,358.9485,0.0000,0.0000,0.0000
3.029,585.0596,-6.6262,262.4848,0.2510,3.8000,-0.4500,353.5186,179.9695,358.7294,0.0000,0.0000,0.0000
3.139,584.8700,-6.7734,262.8340,0.2510,3.8000,-0.4500,353.9496,179.9592,358.5359,0.0000,0.0000,0.0000
3.250,584.6392,-6.9339,263.2198,0.2510,3.8000,-0.4500,354.4890,179.9441,358.2903,0.0000,0.0000,0.0000
3.361,584.4406,-7.0530,263.4704,0.2510,3.8000,-0.4500,354.9480,179.9295,358.0771,0.0000,0.0000,0.0000
3.472,584.1949,-7.1828,263.6847,0.2510,3.8000,-0.4500,355.4895,179.9100,357.8174,0.0000,0.0000,0.0000
3.584,583.9429,-7.3032,263.8254,0.2510,3.8000,-0.4500,356.0050,179.8892,357.5605,0.0000,0.0000,0.0000
3.694,583.7302,-7.3983,263.8739,0.2510,3.8000,-0.4500,356.4092,179.8712,357.3530,0.0000,0.0000,0.0000
3.806,583.4734,-7.5082,263.8710,0.2510,3.8000,-0.4500,356.8588,179.8495,357.1177,0.0000,0.0000,0.0000
3.917,583.2629,-7.5958,263.7928,0.2510,3.8000,-0.4500,357.0829,179.8379,357.0003,0.0000,0.0000,0.0000
4.029,583.0175,-7.6960,263.5748,0.2510,3.8000,-0.4500,357.3786,179.8220,356.8468,0.0000,0.0000,0.0000
4.140,582.8188,-7.7754,263.3034,0.2510,3.8000,-0.4500,357.5285,179.8137,356.7720,0.0000,0.0000,0.0000
4.250,582.5858,-7.8672,262.8978,0.2510,3.8000,-0.4500,357.6034,179.8094,356.7352,0.0000,0.0000,0.0000
4.376,582.3561,-7.9553,262.4316,0.2510,3.8000,-0.4500,357.7538,179.8007,356.6698,0.0000,0.0000,0.0000
4.501,582.1287,-8.0400,261.9276,0.2510,3.8000,-0.4500,357.8349,179.7960,356.6488,0.0000,0.0000,0.0000
4.612,581.9025,-8.1212,261.4095,0.2510,3.8000,-0.4500,357.9162,179.7912,356.6295,0.0000,0.0000,0.0000
4.722,581.7137,-8.1859,260.9805,0.2510,3.8000,-0.4500,357.9971,179.7865,356.6276,0.0000,0.0000,0.0000
4.834,581.4871,-8.2576,260.4733,0.2510,3.8000,-0.4500,358.2486,179.7717,356.6747,0.0000,0.0000,0.0000
4.946,581.2599,-8.3261,259.9759,0.2510,3.8000,-0.4500,358.3279,179.7671,356.6948,0.0000,0.0000,0.0000
5.069,581.0335,-8.3841,259.4837,0.2510,3.8000,-0.4500,358.6304,179.7501,356.8814,0.0000,0.0000,0.0000
5.183,580.8445,-8.4277,259.0780,0.2510,3.8000,-0.4500,358.8304,179.7395,357.0316,0.0000,0.0000,0.0000
5.305,580.5807,-8.4781,258.5172,0.2510,3.8000,-0.4500,359.1198,179.7253,357.3495,0.0000,0.0000,0.0000
5.418,580.3923,-8.5081,258.1220,0.2510,3.8000,-0.4500,359.2749,179.7183,357.5463,0.0000,0.0000,0.0000
5.544,580.1294,-8.5364,257.5739,0.2510,3.8000,-0.4500,359.5648,179.7069,357.9670,0.0000,0.0000,0.0000
5.668,579.9048,-8.5501,257.1078,0.2510,3.8000,-0.4500,359.7960,179.6995,358.3387,0.0000,0.0000,0.0000
5.778,579.7186,-8.5521,256.7225,0.2510,3.8000,-0.4500,0.0235,179.6936,358.7184,0.0000,0.0000,0.0000
5.889,579.4931,-8.5446,256.3019,0.2510,3.8000,-0.4500,0.2832,179.6888,359.1588,0.0000,0.0000,0.0000
6.000,579.3018,-8.5287,256.0117,0.2510,3.8000,-0.4500,0.5044,179.6862,359.5216,0.0000,0.0000,0.0000
6.111,579.0685,-8.4961,255.7337,0.2510,3.8000,-0.4500,0.7979,179.6850,359.9626,0.0000,0.0000,0.0000
6.222,578.8716,-8.4565,255.5482,0.2510,3.8000,-0.4500,1.0740,179.6857,0.3391,0.0000,0.0000,0.0000
6.334,578.6344,-8.3929,255.3646,0.2510,3.8000,-0.4500,1.4432,179.6894,0.8042,0.0000,0.0000,0.0000
6.445,578.3971,-8.3115,255.2112,0.2510,3.8000,-0.4500,1.8463,179.6967,1.2834,0.0000,0.0000,0.0000
6.570,578.1601,-8.2113,255.0876,0.2510,3.8000,-0.4500,2.2740,179.7082,1.7752,0.0000,0.0000,0.0000
6.681,577.9636,-8.1134,255.0011,0.2510,3.8000,-0.4500,2.6440,179.7210,2.1929,0.0000,0.0000,0.0000
6.792,577.7304,-7.9788,254.9042,0.2510,3.8000,-0.4500,3.0977,179.7404,2.7011,0.0000,0.0000,0.0000
6.903,577.5389,-7.8536,254.8216,0.2510,3.8000,-0.4500,3.4776,179.7598,3.1278,0.0000,0.0000,0.0000
7.029,577.2767,-7.6589,254.6981,0.2510,3.8000,-0.4500,4.0019,179.7912,3.7252,0.0000,0.0000,0.0000
7.155,577.0588,-7.4707,254.6602,0.2510,3.8000,-0.4500,4.4399,179.8218,4.2331,0.0000,0.0000,0.0000
7.280,576.8497,-7.2581,254.7071,0.2510,3.8000,-0.4500,4.8766,179.8562,4.7338,0.0000,0.0000,0.0000
7.402,576.6498,-7.0224,254.8189,0.2510,3.8000,-0.4500,5.3171,179.8947,5.2244,0.0000,0.0000,0.0000
7.528,576.4280,-6.7197,255.0052,0.2510,3.8000,-0.4500,5.8271,179.9441,5.7789,0.0000,0.0000,0.0000
7.639,576.2761,-6.4877,255.1628,0.2510,3.8000,-0.4500,6.1796,179.9811,6.1600,0.0000,0.0000,0.0000
7.765,576.0719,-6.1426,255.4053,0.2510,3.8000,-0.4500,6.6419,180.0334,6.6678,0.0000,0.0000,0.0000
7.875,575.9316,-5.8843,255.5896,0.2510,3.8000,-0.4500,6.9424,180.0697,7.0094,0.0000,0.0000,0.0000
8.001,575.7674,-5.5650,255.8204,0.2510,3.8000,-0.4500,7.1622,180.0974,7.2706,0.0000,0.0000,0.0000
8.111,575.6096,-5.2333,256.0571,0.2510,3.8000,-0.4500,7.4283,180.1325,7.6084,0.0000,0.0000,0.0000
8.222,575.4802,-4.9526,256.2593,0.2510,3.7999,-0.4500,7.5236,180.1454,7.7385,0.0000,0.0000,0.0000
8.347,575.3044,-4.5496,256.5463,0.2510,3.8000,-0.4500,7.7082,180.1712,8.0160,0.0000,0.0000,0.0000
8.458,575.1812,-4.2578,256.7554,0.2510,3.8000,-0.4500,7.7873,180.1825,8.1612,0.0000,0.0000,0.0000
8.587,575.0104,-3.8484,257.0540,0.2510,3.8000,-0.4500,7.8224,180.1876,8.2336,0.0000,0.0000,0.0000
8.708,574.8675,-3.4938,257.3135,0.2510,3.7999,-0.4500,7.8767,180.1956,8.3865,0.0000,0.0000,0.0000
8.835,574.7239,-3.1426,257.5771,0.2510,3.7999,-0.4500,7.8767,180.1956,8.3865,0.0000,0.0000,0.0000
8.958,574.5804,-2.7945,257.8434,0.2510,3.7999,-0.4500,7.8767,180.1956,8.3865,0.0000,0.0000,0.0000
9.083,574.4379,-2.4484,258.1128,0.2510,3.8000,-0.4500,7.8140,180.1862,8.5390,0.0000,0.0000,0.0000
9.195,574.2943,-2.1115,258.3867,0.2510,3.8000,-0.4500,7.8140,180.1862,8.5390,0.0000,0.0000,0.0000
9.307,574.1512,-1.7808,258.6674,0.2510,3.8000,-0.4500,7.5433,180.1447,8.7333,0.0000,0.0000,0.0000
9.431,574.0057,-1.4626,258.9550,0.2510,3.7999,-0.4500,7.2308,180.0960,8.8096,0.0000,0.0000,0.0000
9.557,573.8575,-1.1575,259.2497,0.2510,3.8000,-0.4500,6.8065,180.0298,8.7890,0.0000,0.0000,0.0000
9.680,573.7051,-0.8675,259.5515,0.2510,3.8000,-0.4500,6.3197,179.9545,8.6663,0.0000,0.0000,0.0000
9.792,573.5490,-0.5915,259.8589,0.2510,3.8000,-0.4500,5.9162,179.8932,8.4894,0.0000,0.0000,0.0000
9.905,573.3874,-0.3331,260.1722,0.2510,3.8000,-0.4500,5.4311,179.8216,8.2266,0.0000,0.0000,0.0000
10.027,573.2206,-0.0914,260.4886,0.2510,3.8000,-0.4500,4.9564,179.7539,7.9251,0.0000,0.0000,0.0000
10.141,573.0773,0.0961,260.7537,0.2510,3.8000,-0.4500,4.5663,179.7004,7.6472,0.0000,0.0000,0.0000
10.250,572.9006,0.3046,261.0722,0.2510,3.8000,-0.4500,4.1063,179.6399,7.2830,0.0000,0.0000,0.0000
10.361,572.7486,0.4642,261.3369,0.2510,3.8000,-0.4500,3.7336,179.5932,6.9550,0.0000,0.0000,0.0000
10.486,572.5290,0.6668,261.7035,0.2510,3.8000,-0.4500,3.2395,179.5349,6.4611,0.0000,0.0000,0.0000
10.611,572.3345,0.8211,262.0128,0.2510,3.8000,-0.4500,2.8533,179.4926,6.0078,0.0000,0.0000,0.0000
10.736,572.1345,0.9592,262.3169,0.2510,3.8000,-0.4500,2.5139,179.4583,5.5298,0.0000,0.0000,0.0000
10.861,571.9294,1.0819,262.6148,0.2510,3.8000,-0.4500,2.2332,179.4323,5.0294,0.0000,0.0000,0.0000
10.971,571.7183,1.1899,262.8945,0.2510,3.8000,-0.4500,2.0103,179.4136,4.5094,0.0000,0.0000,0.0000
11.099,571.5009,1.2821,263.1488,0.2510,3.8000,-0.4500,1.8125,179.3989,3.9722,0.0000,0.0000,0.0000
11.208,571.2773,1.3576,263.3795,0.2510,3.8000,-0.4500,1.6092,179.3858,3.4200,0.0000,0.0000,0.0000
11.333,571.0485,1.4153,263.5911,0.2510,3.8000,-0.4500,1.3850,179.3735,2.8533,0.0000,0.0000,0.0000
11.445,570.8144,1.4544,263.7879,0.2510,3.8000,-0.4500,1.1341,179.3623,2.2735,0.0000,0.0000,0.0000
11.556,570.6160,1.4724,263.9433,0.2510,3.8000,-0.4500,0.9035,179.3541,1.7810,0.0000,0.0000,0.0000
11.680,570.3728,1.4757,264.1050,0.2510,3.8000,-0.4500,0.6018,179.3464,1.1805,0.0000,0.0000,0.0000
11.805,570.0801,1.4543,264.2276,0.2510,3.8000,-0.4500,0.2202,179.3409,0.4708,0.0000,0.0000,0.0000
11.929,569.8231,1.4147,264.2753,0.2510,3.8000,-0.4500,359.8750,179.3399,359.8597,0.0000,0.0000,0.0000
12.041,569.6068,1.3672,264.2855,0.2510,3.8000,-0.4500,359.5791,179.3419,359.3519,0.0000,0.0000,0.0000
12.153,569.3460,1.2935,264.2720,0.2510,3.8000,-0.4500,359.2180,179.3479,358.7473,0.0000,0.0000,0.0000
12.264,569.0853,1.2018,264.2320,0.2510,3.8000,-0.4500,358.8534,179.3578,358.1513,0.0000,0.0000,0.0000
12.388,568.8265,1.0936,264.1572,0.2510,3.8000,-0.4500,358.4886,179.3714,357.5676,0.0000,0.0000,0.0000
12.514,568.5701,0.9699,264.0491,0.2510,3.8000,-0.4500,358.1285,179.3885,357.0006,0.0000,0.0000,0.0000
12.625,568.3157,0.8319,263.9142,0.2510,3.8000,-0.4500,357.7765,179.4087,356.4540,0.0000,0.0000,0.0000
12.726,568.1054,0.7064,263.7860,0.2510,3.8000,-0.4500,357.4914,179.4275,356.0164,0.0000,0.0000,0.0000
12.846,567.8549,0.5442,263.6156,0.2510,3.8000,-0.4500,357.1603,179.4520,355.5146,0.0000,0.0000,0.0000
12.958,567.6483,0.4002,263.4537,0.2510,3.8000,-0.4500,356.8951,179.4738,355.1180,0.0000,0.0000,0.0000
13.083,567.4034,0.2186,263.2305,0.2510,3.8000,-0.4500,356.5917,179.5009,354.6700,0.0000,0.0000,0.0000
13.196,567.1613,0.0287,262.9803,0.2510,3.8000,-0.4500,356.3072,179.5286,354.2550,0.0000,0.0000,0.0000
13.319,566.9219,-0.1654,262.7091,0.2510,3.8000,-0.4500,356.1546,179.5443,354.0363,0.0000,0.0000,0.0000
13.431,566.6835,-0.3718,262.4241,0.2510,3.8000,-0.4500,355.8550,179.5768,353.6120,0.0000,0.0000,0.0000
13.542,566.4867,-0.5443,262.1782,0.2510,3.8000,-0.4500,355.7581,179.5878,353.4790,0.0000,0.0000,0.0000
13.654,566.2513,-0.7596,261.8796,0.2510,3.8000,-0.4500,355.5582,179.6111,353.2110,0.0000,0.0000,0.0000
13.777,566.0167,-0.9794,261.5782,0.2510,3.8000,-0.4500,355.4070,179.6295,353.0179,0.0000,0.0000,0.0000
13.889,565.7830,-1.2008,261.2749,0.2510,3.8000,-0.4500,355.3519,179.6363,352.9524,0.0000,0.0000,0.0000
14.000,565.5884,-1.3923,261.0215,0.2510,3.8000,-0.4500,355.1856,179.6572,352.7588,0.0000,0.0000,0.0000
14.110,565.3560,-1.6187,260.7163,0.2510,3.8000,-0.4500,355.1856,179.6572,352.7587,0.0000,0.0000,0.0000
14.221,565.1612,-1.8154,260.4735,0.2510,3.8000,-0.4500,354.9977,179.6814,352.5802,0.0000,0.0000,0.0000
14.334,564.9271,-2.0492,260.2020,0.2510,3.8000,-0.4500,354.9977,179.6814,352.5802,0.0000,0.0000,0.0000
14.460,564.6915,-2.2884,259.9511,0.2510,3.8000,-0.4500,354.8660,179.6988,352.4921,0.0000,0.0000,0.0000
14.583,564.4557,-2.5267,259.7132,0.2510,3.8000,-0.4500,354.8660,179.6988,352.4921,0.0000,0.0000,0.0000
14.697,564.2194,-2.7646,259.4844,0.2510,3.8000,-0.4500,354.8660,179.6988,352.4921,0.0000,0.0000,0.0000
14.806,563.9826,-3.0030,259.2646,0.2510,3.8000,-0.4500,354.7038,179.7203,352.4866,0.0000,0.0000,0.0000
14.930,563.7453,-3.2371,259.0518,0.2510,3.8000,-0.4500,354.7038,179.7203,352.4866,0.0000,0.0000,0.0000
15.042,563.5482,-3.4302,258.8806,0.2510,3.8000,-0.4500,354.4041,179.7596,352.6101,0.0000,0.0000,0.0000
15.152,563.3102,-3.6590,258.7133,0.2510,3.8000,-0.4500,354.4041,179.7596,352.6101,0.0000,0.0000,0.0000
15.263,563.1147,-3.8551,258.6996,0.2510,3.8000,-0.4500,354.1682,179.7899,352.8723,0.0000,0.0000,0.0000
15.390,562.8404,-4.1370,258.7914,0.2510,3.8000,-0.4500,353.9878,179.8121,353.1489,0.0000,0.0000,0.0000
15.500,562.6440,-4.3354,258.8439,0.2510,3.8000,-0.4500,353.8833,179.8246,353.3730,0.0000,0.0000,0.0000
15.612,562.4066,-4.5541,258.8030,0.2510,3.8000,-0.4500,353.7569,179.8389,353.7841,0.0000,0.0000,0.0000
15.724,562.1655,-4.7615,258.7035,0.2510,3.8000,-0.4500,353.6991,179.8451,354.0233,0.0000,0.0000,0.0000
15.833,561.9645,-4.9215,258.6001,0.2510,3.8000,-0.4500,353.6344,179.8517,354.4456,0.0000,0.0000,0.0000
15.943,561.7617,-5.0756,258.4892,0.2510,3.8000,-0.4500,353.5962,179.8553,354.7727,0.0000,0.0000,0.0000
16.055,561.5172,-5.2535,258.3547,0.2510,3.8000,-0.4500,353.5709,179.8576,355.1115,0.0000,0.0000,0.0000
16.180,561.2715,-5.4212,258.2231,0.2510,3.8000,-0.4500,353.5473,179.8595,355.5373,0.0000,0.0000,0.0000
16.306,560.9838,-5.6069,258.0750,0.2510,3.8000,-0.4500,353.5324,179.8606,356.0461,0.0000,0.0000,0.0000
16.430,560.7363,-5.7576,257.9541,0.2510,3.8000,-0.4500,353.5281,179.8609,356.4611,0.0000,0.0000,0.0000
16.542,560.5288,-5.8805,257.8580,0.2510,3.8000,-0.4500,353.5295,179.8608,356.6381,0.0000,0.0000,0.0000
16.666,560.2397,-6.0367,257.7320,0.2510,3.8000,-0.4500,353.5414,179.8602,357.2565,0.0000,0.0000,0.0000
16.793,559.9901,-6.1660,257.6326,0.2510,3.8000,-0.4500,353.5552,179.8596,357.5869,0.0000,0.0000,0.0000
16.916,559.7401,-6.2874,257.5416,0.2510,3.8000,-0.4500,353.5738,179.8589,357.9159,0.0000,0.0000,0.0000
17.027,559.4903,-6.4005,257.4581,0.2510,3.8000,-0.4500,353.6050,179.8578,358.2809,0.0000,0.0000,0.0000
17.138,559.2828,-6.4860,257.3942,0.2510,3.8000,-0.4500,353.6498,179.8566,358.7175,0.0000,0.0000,0.0000
17.264,559.0320,-6.5867,257.3232,0.2510,3.8000,-0.4500,353.6813,179.8560,358.9584,0.0000,0.0000,0.0000
17.376,558.7841,-6.6744,257.2368,0.2510,3.8000,-0.4500,353.7463,179.8551,359.3719,0.0000,0.0000,0.0000
17.486,558.5399,-6.7515,257.1140,0.2510,3.8000,-0.4500,353.8109,179.8545,359.7105,0.0000,0.0000,0.0000
17.597,558.3389,-6.8069,256.9849,0.2510,3.8000,-0.4500,353.8607,179.8544,359.9561,0.0000,0.0000,0.0000
17.722,558.1017,-6.8609,256.8049,0.2510,3.8000,-0.4500,353.9523,179.8547,0.3728,0.0000,0.0000,0.0000
17.834,557.8660,-6.9077,256.6050,0.2510,3.8000,-0.4500,354.0096,179.8552,0.6179,0.0000,0.0000,0.0000
17.945,557.6331,-6.9446,256.3869,0.2510,3.8000,-0.4500,354.0702,179.8560,0.8663,0.0000,0.0000,0.0000
18.069,557.4065,-6.9654,256.1275,0.2510,3.8000,-0.4500,354.2017,179.8585,1.3642,0.0000,0.0000,0.0000
18.195,557.1829,-6.9791,255.8206,0.2510,3.8000,-0.4500,354.2687,179.8603,1.6075,0.0000,0.0000,0.0000
18.304,556.9641,-6.9805,255.4756,0.2510,3.8000,-0.4500,354.3567,179.8630,1.9252,0.0000,0.0000,0.0000
18.416,556.7842,-6.9747,255.1671,0.2510,3.8000,-0.4500,354.4240,179.8654,2.1675,0.0000,0.0000,0.0000
18.542,556.5715,-6.9592,254.7799,0.2510,3.8000,-0.4500,354.5146,179.8691,2.4896,0.0000,0.0000,0.0000
18.666,556.3249,-6.9343,254.3138,0.2510,3.8000,-0.4500,354.5819,179.8722,2.7214,0.0000,0.0000,0.0000
18.779,556.1511,-6.9091,253.9751,0.2510,3.8000,-0.4500,354.6582,179.8760,2.9670,0.0000,0.0000,0.0000
18.888,555.9435,-6.8742,253.5646,0.2510,3.8000,-0.4500,354.7341,179.8801,3.2012,0.0000,0.0000,0.0000
19.015,555.7385,-6.8314,253.1512,0.2510,3.8000,-0.4500,354.8510,179.8870,3.5174,0.0000,0.0000,0.0000
19.125,555.5330,-6.7878,252.7376,0.2510,3.8000,-0.4500,354.8802,179.8888,3.5932,0.0000,0.0000,0.0000
19.237,555.3655,-6.7407,252.3933,0.2510,3.8000,-0.4500,355.0521,179.9003,3.9745,0.0000,0.0000,0.0000
19.360,555.1624,-6.6873,251.9814,0.2510,3.8000,-0.4500,355.0910,179.9030,4.0470,0.0000,0.0000,0.0000
19.474,554.9623,-6.6242,251.5695,0.2510,3.8000,-0.4500,355.2559,179.9151,4.3327,0.0000,0.0000,0.0000
19.583,554.7957,-6.5700,251.2267,0.2510,3.8000,-0.4500,355.3451,179.9220,4.4661,0.0000,0.0000,0.0000
19.696,554.5971,-6.4998,250.8162,0.2510,3.8000,-0.4500,355.4920,179.9338,4.6625,0.0000,0.0000,0.0000
19.805,554.3991,-6.4267,250.4072,0.2510,3.8000,-0.4500,355.5985,179.9426,4.7841,0.0000,0.0000,0.0000
19.918,554.2352,-6.3620,250.0667,0.2510,3.8000,-0.4500,355.7117,179.9522,4.9044,0.0000,0.0000,0.0000
20.027,554.0399,-6.2782,249.6577,0.2510,3.8000,-0.4500,355.9694,179.9749,5.1284,0.0000,0.0000,0.0000
20.152,553.8441,-6.1952,249.2496,0.2510,3.8000,-0.4500,356.0323,179.9806,5.1796,0.0000,0.0000,0.0000
20.278,553.6503,-6.1045,248.8408,0.2510,3.8000,-0.4500,356.3119,180.0065,5.3570,0.0000,0.0000,0.0000
20.402,553.4561,-6.0134,248.4328,0.2510,3.8000,-0.4500,356.4556,180.0201,5.4311,0.0000,0.0000,0.0000
20.513,553.2629,-5.9181,248.0242,0.2510,3.8000,-0.4500,356.6848,180.0421,5.5316,0.0000,0.0000,0.0000
20.639,553.0701,-5.8194,247.6145,0.2510,3.8000,-0.4500,356.9904,180.0720,5.6283,0.0000,0.0000,0.0000
20.763,552.8776,-5.7195,247.2050,0.2510,3.8000,-0.4500,357.2311,180.0959,5.6795,0.0000,0.0000,0.0000
20.890,552.6527,-5.6003,246.7270,0.2510,3.8000,-0.4500,357.5600,180.1287,5.7190,0.0000,0.0000,0.0000
21.001,552.4919,-5.5144,246.3859,0.2510,3.8000,-0.4500,357.7304,180.1458,5.7231,0.0000,0.0000,0.0000
21.127,552.2667,-5.3921,245.9070,0.2510,3.8000,-0.4500,358.0666,180.1795,5.7155,0.0000,0.0000,0.0000
21.239,552.1054,-5.3033,245.5644,0.2510,3.8000,-0.4500,358.3947,180.2123,5.6805,0.0000,0.0000,0.0000
21.350,551.9113,-5.1975,245.1550,0.2510,3.8000,-0.4500,358.6383,180.2364,5.6351,0.0000,0.0000,0.0000
21.463,551.7488,-5.1086,244.8136,0.2510,3.8000,-0.4500,358.9629,180.2682,5.5571,0.0000,0.0000,0.0000
21.572,551.5532,-5.0023,244.4050,0.2510,3.8000,-0.4500,359.2850,180.2993,5.4545,0.0000,0.0000,0.0000
21.684,551.3568,-4.8968,243.9979,0.2510,3.8000,-0.4500,359.5206,180.3216,5.3661,0.0000,0.0000,0.0000
21.795,551.1907,-4.8090,243.6762,0.2510,3.8000,-0.4500,359.8353,180.3508,5.2322,0.0000,0.0000,0.0000
21.926,550.9515,-4.6860,243.2930,0.2510,3.8000,-0.4500,0.2916,180.3917,5.0102,0.0000,0.0000,0.0000
22.042,550.7764,-4.5973,243.0654,0.2510,3.8000,-0.4500,0.5851,180.4171,4.8573,0.0000,0.0000,0.0000
22.154,550.5618,-4.4898,242.8311,0.2510,3.8000,-0.4500,0.9638,180.4485,4.6494,0.0000,0.0000,0.0000
22.265,550.3431,-4.3808,242.6416,0.2510,3.8000,-0.4500,1.4099,180.4839,4.3969,0.0000,0.0000,0.0000
22.377,550.1590,-4.2858,242.5853,0.2510,3.8000,-0.4500,1.6353,180.5009,4.2670,0.0000,0.0000,0.0000
22.499,549.9379,-4.1651,242.6240,0.2510,3.8000,-0.4500,2.1272,180.5365,3.9889,0.0000,0.0000,0.0000
22.625,549.6813,-4.0144,242.7718,0.2510,3.8000,-0.4500,2.7023,180.5750,3.6782,0.0000,0.0000,0.0000
22.737,549.4990,-3.9001,242.9219,0.2510,3.8000,-0.4500,3.1109,180.6005,3.4640,0.0000,0.0000,0.0000
22.850,549.2806,-3.7567,243.1323,0.2510,3.8000,-0.4500,3.5987,180.6290,3.2085,0.0000,0.0000,0.0000
22.958,549.0989,-3.6324,243.3270,0.2510,3.8000,-0.4500,3.9995,180.6508,2.9940,0.0000,0.0000,0.0000
23.069,548.8814,-3.4777,243.5851,0.2510,3.8000,-0.4500,4.4685,180.6743,2.7331,0.0000,0.0000,0.0000
23.195,548.6639,-3.3177,243.8651,0.2510,3.8000,-0.4500,4.9194,180.6949,2.4690,0.0000,0.0000,0.0000
23.305,548.4460,-3.1530,244.1601,0.2510,3.8000,-0.4500,5.3477,180.7124,2.2029,0.0000,0.0000,0.0000
23.430,548.2276,-2.9849,244.4647,0.2510,3.8000,-0.4500,5.6935,180.7251,1.9728,0.0000,0.0000,0.0000
23.541,548.0450,-2.8427,244.7223,0.2510,3.8000,-0.4500,5.9630,180.7340,1.7834,0.0000,0.0000,0.0000
23.666,547.7874,-2.6422,245.0850,0.2510,3.8000,-0.4500,6.3556,180.7453,1.4867,0.0000,0.0000,0.0000
23.791,547.5658,-2.4680,245.3968,0.2510,3.8000,-0.4500,6.4795,180.7484,1.3878,0.0000,0.0000,0.0000
23.901,547.3789,-2.3246,245.6548,0.2510,3.8000,-0.4500,6.8043,180.7556,1.1094,0.0000,0.0000,0.0000
24.014,547.1550,-2.1503,245.9648,0.2510,3.8000,-0.4500,6.9299,180.7579,0.9946,0.0000,0.0000,0.0000
24.124,546.9296,-1.9764,246.2736,0.2510,3.8000,-0.4500,7.0542,180.7599,0.8783,0.0000,0.0000,0.0000
24.252,546.7026,-1.8029,246.5804,0.2510,3.8000,-0.4500,7.2360,180.7624,0.7044,0.0000,0.0000,0.0000
24.361,546.5140,-1.6570,246.8355,0.2510,3.8000,-0.4500,7.2360,180.7624,0.7044,0.0000,0.0000,0.0000
24.485,546.2484,-1.4534,247.1902,0.2510,3.8000,-0.4500,7.3592,180.7638,0.5908,0.0000,0.0000,0.0000
24.596,546.0586,-1.3077,247.4429,0.2510,3.8000,-0.4500,7.3592,180.7638,0.5908,0.0000,0.0000,0.0000
24.707,545.8308,-1.1334,247.7456,0.2510,3.8000,-0.4500,7.3592,180.7638,0.5908,0.0000,0.0000,0.0000
24.832,545.6010,-0.9632,248.0469,0.2510,3.8000,-0.4500,7.5275,180.7654,0.4180,0.0000,0.0000,0.0000
24.958,545.3720,-0.7943,248.3485,0.2510,3.8000,-0.4500,7.5275,180.7653,0.4180,0.0000,0.0000,0.0000
25.082,545.1393,-0.6350,248.6493,0.2510,3.8000,-0.4500,7.7256,180.7662,0.0441,0.0000,0.0000,0.0000
25.209,544.8683,-0.4530,249.0010,0.2510,3.8000,-0.4500,7.7734,180.7661,359.8840,0.0000,0.0000,0.0000
25.333,544.6326,-0.3069,249.3032,0.2510,3.8000,-0.4500,7.8487,180.7658,359.5531,0.0000,0.0000,0.0000
25.457,544.3952,-0.1683,249.6056,0.2510,3.8000,-0.4500,7.8917,180.7653,359.2119,0.0000,0.0000,0.0000
25.568,544.1560,-0.0364,249.9044,0.2510,3.8000,-0.4500,7.9141,180.7650,358.9633,0.0000,0.0000,0.0000
25.680,543.9535,0.0626,250.1507,0.2510,3.8000,-0.4500,7.9291,180.7646,358.5323,0.0000,0.0000,0.0000
25.806,543.6686,0.1937,250.4915,0.2510,3.8000,-0.4500,7.9316,180.7646,358.1140,0.0000,0.0000,0.0000
25.930,543.4213,0.2931,250.7827,0.2510,3.8000,-0.4500,7.9222,180.7649,357.6107,0.0000,0.0000,0.0000
26.041,543.2148,0.3717,251.0249,0.2510,3.8000,-0.4500,7.9130,180.7654,357.3576,0.0000,0.0000,0.0000
26.152,542.9641,0.4540,251.3038,0.2510,3.8000,-0.4500,7.8942,180.7663,356.9362,0.0000,0.0000,0.0000
26.264,542.7098,0.5236,251.5600,0.2510,3.8000,-0.4500,7.8701,180.7677,356.5156,0.0000,0.0000,0.0000
26.389,542.4532,0.5823,251.7964,0.2510,3.8000,-0.4500,7.8486,180.7691,356.1833,0.0000,0.0000,0.0000
26.499,542.2374,0.6210,251.9833,0.2510,3.8000,-0.4500,7.8225,180.7709,355.8307,0.0000,0.0000,0.0000
26.624,541.9335,0.6640,252.2366,0.2510,3.8000,-0.4500,7.7889,180.7735,355.4036,0.0000,0.0000,0.0000
26.749,541.6710,0.6891,252.4417,0.2510,3.8000,-0.4500,7.7536,180.7765,354.9933,0.0000,0.0000,0.0000
26.874,541.4058,0.7031,252.6159,0.2510,3.8000,-0.4500,7.7236,180.7793,354.6634,0.0000,0.0000,0.0000
26.984,541.1379,0.7041,252.7677,0.2510,3.8000,-0.4500,7.6847,180.7831,354.2472,0.0000,0.0000,0.0000
27.112,540.8695,0.6988,252.9095,0.2510,3.8000,-0.4500,7.6614,180.7855,354.0003,0.0000,0.0000,0.0000
27.234,540.6008,0.6860,253.0500,0.2510,3.8000,-0.4500,7.6380,180.7880,353.7509,0.0000,0.0000,0.0000
27.347,540.3328,0.6645,253.1397,0.2510,3.8000,-0.4500,7.6225,180.7897,353.5842,0.0000,0.0000,0.0000
27.470,540.0678,0.6163,253.0789,0.2510,3.8000,-0.4500,7.5917,180.7933,353.2415,0.0000,0.0000,0.0000
27.596,539.8080,0.5501,252.9086,0.2510,3.8000,-0.4500,7.5724,180.7957,352.9896,0.0000,0.0000,0.0000
27.707,539.5532,0.4721,252.6636,0.2510,3.8000,-0.4500,7.5670,180.7964,352.9084,0.0000,0.0000,0.0000
27.819,539.3424,0.3950,252.4224,0.2510,3.8000,-0.4500,7.5524,180.7982,352.6562,0.0000,0.0000,0.0000
27.929,539.0928,0.2990,252.1015,0.2510,3.8000,-0.4500,7.5482,180.7988,352.5778,0.0000,0.0000,0.0000
28.040,538.8876,0.2102,251.7923,0.2510,3.8000,-0.4500,7.5408,180.7998,352.4088,0.0000,0.0000,0.0000
28.165,538.6100,0.0737,251.2469,0.2510,3.8000,-0.4500,7.5373,180.8002,352.3268,0.0000,0.0000,0.0000
28.277,538.4174,-0.0346,250.7866,0.2510,3.8000,-0.4500,7.5338,180.8007,352.2459,0.0000,0.0000,0.0000
28.387,538.1909,-0.1729,250.1783,0.2510,3.8000,-0.4500,7.5297,180.8013,352.1659,0.0000,0.0000,0.0000
28.500,538.0049,-0.2924,249.6395,0.2510,3.8000,-0.4500,7.5297,180.8013,352.1659,0.0000,0.0000,0.0000
28.610,537.7831,-0.4428,248.9689,0.2510,3.8000,-0.4500,7.5155,180.8032,352.0029,0.0000,0.0000,0.0000
28.723,537.6000,-0.5680,248.3968,0.2510,3.8000,-0.4500,7.5155,180.8033,352.0029,0.0000,0.0000,0.0000
28.846,537.3442,-0.7448,247.5845,0.2510,3.8000,-0.4500,7.5155,180.8033,352.0029,0.0000,0.0000,0.0000
28.958,537.1617,-0.8714,246.9995,0.2510,3.8000,-0.4500,7.5155,180.8033,352.0029,0.0000,0.0000,0.0000
29.084,536.9067,-1.0481,246.1768,0.2510,3.8000,-0.4500,7.5155,180.8033,352.0030,0.0000,0.0000,0.0000
29.193,536.7247,-1.1735,245.5878,0.2510,3.8000,-0.4500,7.5155,180.8033,352.0030,0.0000,0.0000,0.0000
29.319,536.5062,-1.3225,244.8824,0.2510,3.8000,-0.4500,7.5155,180.8033,352.0029,0.0000,0.0000,0.0000
29.434,536.2875,-1.4691,244.1813,0.2510,3.8000,-0.4500,7.5155,180.8033,352.0029,0.0000,0.0000,0.0000
29.542,536.1049,-1.5893,243.6005,0.2510,3.8000,-0.4500,7.5155,180.8033,352.0029,0.0000,0.0000,0.0000
29.653,535.8856,-1.7308,242.9068,0.2510,3.8000,-0.4500,7.5155,180.8033,352.0029,0.0000,0.0000,0.0000
29.765,535.6663,-1.8716,242.2175,0.2510,3.8000,-0.4500,7.2707,180.8380,351.9770,0.0000,0.0000,0.0000
29.875,535.4838,-1.9852,241.6459,0.2510,3.8000,-0.4500,7.1124,180.8605,352.0061,0.0000,0.0000,0.0000
29.987,535.2632,-2.1167,240.9786,0.2510,3.8000,-0.4500,6.9576,180.8823,352.0518,0.0000,0.0000,0.0000
30.110,535.0417,-2.2412,240.3407,0.2510,3.8000,-0.4500,6.5819,180.9345,352.2448,0.0000,0.0000,0.0000
30.235,534.8174,-2.3600,239.7265,0.2510,3.8000,-0.4500,6.4458,180.9530,352.3413,0.0000,0.0000,0.0000
30.346,534.5922,-2.4725,239.1325,0.2510,3.8000,-0.4500,6.1849,180.9879,352.5412,0.0000,0.0000,0.0000
30.471,534.3656,-2.5801,238.5532,0.2510,3.8000,-0.4500,5.9981,181.0122,352.7085,0.0000,0.0000,0.0000
30.585,534.1370,-2.6812,238.0043,0.2510,3.8000,-0.4500,5.7550,181.0430,352.9382,0.0000,0.0000,0.0000
30.708,533.9053,-2.7755,237.4995,0.2510,3.8000,-0.4500,5.5088,181.0731,353.1814,0.0000,0.0000,0.0000
30.819,533.7101,-2.8494,237.1094,0.2510,3.8000,-0.4500,5.3288,181.0944,353.3611,0.0000,0.0000,0.0000
30.944,533.4341,-2.9461,236.6000,0.2510,3.8000,-0.4500,5.0320,181.1283,353.6577,0.0000,0.0000,0.0000
31.069,533.1960,-3.0243,236.1876,0.2510,3.8000,-0.4500,4.7874,181.1551,353.8983,0.0000,0.0000,0.0000
31.180,532.9953,-3.0870,235.8688,0.2510,3.8000,-0.4500,4.6679,181.1678,354.0149,0.0000,0.0000,0.0000
31.292,532.7496,-3.1546,235.5676,0.2510,3.8000,-0.4500,4.3472,181.2007,354.3188,0.0000,0.0000,0.0000
31.417,532.4973,-3.2134,235.4408,0.2510,3.8000,-0.4500,4.2251,181.2127,354.4323,0.0000,0.0000,0.0000
31.542,532.2435,-3.2619,235.4514,0.2510,3.8000,-0.4500,3.9054,181.2432,354.7043,0.0000,0.0000,0.0000
31.653,531.9876,-3.3084,235.5402,0.2510,3.8000,-0.4500,3.9054,181.2432,354.7043,0.0000,0.0000,0.0000
31.776,531.7332,-3.3515,235.6809,0.2510,3.8000,-0.4500,3.6340,181.2679,354.8986,0.0000,0.0000,0.0000
31.890,531.4811,-3.3941,235.8828,0.2510,3.8000,-0.4500,3.5686,181.2738,354.9400,0.0000,0.0000,0.0000
32.013,531.2338,-3.4347,236.1585,0.2510,3.8000,-0.4500,3.4254,181.2863,355.0211,0.0000,0.0000,0.0000
32.126,530.9902,-3.4747,236.4939,0.2510,3.8000,-0.4500,3.4254,181.2863,355.0211,0.0000,0.0000,0.0000
32.239,530.7896,-3.5078,236.8077,0.2510,3.8000,-0.4500,3.3517,181.2928,355.0554,0.0000,0.0000,0.0000
32.360,530.5509,-3.5478,237.2120,0.2510,3.8000,-0.4500,3.2762,181.2993,355.0847,0.0000,0.0000,0.0000
32.487,530.2740,-3.5955,237.7080,0.2510,3.8000,-0.4500,3.2013,181.3057,355.1130,0.0000,0.0000,0.0000
32.598,530.0765,-3.6301,238.0719,0.2510,3.8000,-0.4500,3.2013,181.3057,355.1130,0.0000,0.0000,0.0000
32.708,529.8401,-3.6720,238.5153,0.2510,3.8000,-0.4500,3.2013,181.3057,355.1130,0.0000,0.0000,0.0000
32.832,529.6039,-3.7141,238.9637,0.2510,3.8000,-0.4500,3.2013,181.3057,355.1130,0.0000,0.0000,0.0000
32.943,529.4073,-3.7490,239.3423,0.2510,3.8000,-0.4500,3.2013,181.3057,355.1130,0.0000,0.0000,0.0000
33.070,529.1326,-3.7968,239.8796,0.2510,3.8000,-0.4500,3.2013,181.3057,355.1130,0.0000,0.0000,0.0000
33.181,528.9362,-3.8299,240.2676,0.2510,3.8000,-0.4500,3.2013,181.3057,355.1130,0.0000,0.0000,0.0000
33.291,528.7007,-3.8681,240.7360,0.2510,3.8000,-0.4500,3.2013,181.3057,355.1130,0.0000,0.0000,0.0000
33.403,528.5045,-3.8984,241.1280,0.2510,3.8000,-0.4500,3.2013,181.3057,355.1130,0.0000,0.0000,0.0000
33.526,528.2294,-3.9383,241.6781,0.2510,3.8000,-0.4500,3.2013,181.3057,355.1130,0.0000,0.0000,0.0000
33.652,527.9935,-3.9697,242.1498,0.2510,3.8000,-0.4500,3.2013,181.3057,355.1130,0.0000,0.0000,0.0000
33.762,527.7968,-3.9940,242.5427,0.2510,3.8000,-0.4500,3.2013,181.3057,355.1130,0.0000,0.0000,0.0000
33.875,527.5601,-4.0206,243.0138,0.2510,3.8000,-0.4500,3.2013,181.3057,355.1130,0.0000,0.0000,0.0000
33.986,527.3231,-4.0449,243.4842,0.2510,3.8000,-0.4500,3.2013,181.3057,355.1130,0.0000,0.0000,0.0000
34.110,527.0857,-4.0668,243.9538,0.2510,3.8000,-0.4500,3.2013,181.3057,355.1130,0.0000,0.0000,0.0000
34.235,526.8477,-4.0870,244.4227,0.2510,3.8000,-0.4500,3.2013,181.3057,355.1130,0.0000,0.0000,0.0000
34.361,526.6082,-4.1067,244.8892,0.2510,3.8000,-0.4500,3.4147,181.2872,354.9811,0.0000,0.0000,0.0000
34.472,526.3683,-4.1260,245.3546,0.2510,3.8000,-0.4500,3.6206,181.2688,354.8441,0.0000,0.0000,0.0000
34.596,526.1268,-4.1462,245.8181,0.2510,3.8000,-0.4500,3.9499,181.2383,354.5728,0.0000,0.0000,0.0000
34.721,525.8854,-4.1644,246.2823,0.2510,3.8000,-0.4500,4.0722,181.2265,354.4658,0.0000,0.0000,0.0000
34.847,525.6023,-4.1852,246.8221,0.2510,3.8000,-0.4500,4.3982,181.1940,354.1762,0.0000,0.0000,0.0000
34.958,525.3995,-4.1971,247.2078,0.2510,3.8000,-0.4500,4.5214,181.1813,354.0742,0.0000,0.0000,0.0000
35.069,525.1552,-4.2085,247.6686,0.2510,3.8000,-0.4500,4.7965,181.1522,353.8821,0.0000,0.0000,0.0000
35.179,524.9515,-4.2139,248.0519,0.2510,3.8000,-0.4500,4.8693,181.1443,353.8413,0.0000,0.0000,0.0000
35.305,524.6649,-4.2162,248.5850,0.2510,3.8000,-0.4500,5.0948,181.1197,353.7302,0.0000,0.0000,0.0000
35.429,524.4188,-4.2119,249.0400,0.2510,3.8000,-0.4500,5.2508,181.1023,353.6698,0.0000,0.0000,0.0000
35.555,524.1713,-4.2010,249.4918,0.2510,3.8000,-0.4500,5.5698,181.0666,353.5964,0.0000,0.0000,0.0000
35.679,523.9239,-4.1847,249.9433,0.2510,3.8000,-0.4500,5.6488,181.0577,353.5909,0.0000,0.0000,0.0000
35.791,523.6746,-4.1635,250.3702,0.2510,3.8000,-0.4500,5.8119,181.0393,353.5901,0.0000,0.0000,0.0000
35.902,523.4644,-4.1448,250.6878,0.2510,3.8000,-0.4500,5.9753,181.0208,353.6119,0.0000,0.0000,0.0000
36.013,523.2096,-4.1241,251.0241,0.2510,3.8000,-0.4500,6.0527,181.0121,353.6281,0.0000,0.0000,0.0000
36.140,522.9524,-4.1036,251.3213,0.2510,3.8000,-0.4500,6.1278,181.0037,353.6527,0.0000,0.0000,0.0000
36.263,522.6940,-4.0799,251.5899,0.2510,3.8000,-0.4500,6.3435,180.9798,353.7728,0.0000,0.0000,0.0000
36.374,522.4341,-4.0588,251.8418,0.2510,3.8000,-0.4500,6.3435,180.9798,353.7727,0.0000,0.0000,0.0000
36.488,522.1733,-4.0389,252.0019,0.2510,3.8000,-0.4500,6.4528,180.9679,353.8902,0.0000,0.0000,0.0000
36.597,521.9591,-4.0390,251.9691,0.2510,3.8000,-0.4500,6.4915,180.9638,353.9622,0.0000,0.0000,0.0000
36.708,521.7089,-4.0548,251.7650,0.2510,3.8000,-0.4500,6.5610,180.9564,354.1097,0.0000,0.0000,0.0000
36.832,521.4667,-4.0804,251.4306,0.2510,3.8000,-0.4500,6.5928,180.9532,354.4440,0.0000,0.0000,0.0000
36.959,521.2292,-4.1155,251.0107,0.2510,3.8000,-0.4500,6.5611,180.9562,354.6901,0.0000,0.0000,0.0000
37.069,520.9947,-4.1552,250.5372,0.2510,3.8000,-0.4500,6.5217,180.9599,354.8493,0.0000,0.0000,0.0000
37.180,520.8031,-4.1844,250.1097,0.2510,3.8000,-0.4500,6.3614,180.9738,355.2577,0.0000,0.0000,0.0000
37.306,520.5391,-4.2299,249.4385,0.2510,3.8000,-0.4500,6.1754,180.9887,355.6222,0.0000,0.0000,0.0000
37.429,520.3170,-4.2694,248.8039,0.2510,3.8000,-0.4500,5.9923,181.0023,355.9155,0.0000,0.0000,0.0000
37.530,520.1351,-4.2993,248.2461,0.2510,3.8000,-0.4500,5.7492,181.0190,356.2779,0.0000,0.0000,0.0000
37.639,519.9540,-4.3281,247.6701,0.2510,3.8000,-0.4500,5.5538,181.0313,356.5523,0.0000,0.0000,0.0000
37.750,519.7380,-4.3592,246.9624,0.2510,3.8000,-0.4500,5.3510,181.0430,356.8268,0.0000,0.0000,0.0000
37.860,519.5605,-4.3803,246.3513,0.2510,3.8000,-0.4500,5.0791,181.0573,357.1847,0.0000,0.0000,0.0000
37.984,519.3138,-4.4056,245.4689,0.2510,3.8000,-0.4500,4.7640,181.0717,357.5913,0.0000,0.0000,0.0000
38.098,519.1387,-4.4181,244.8380,0.2510,3.8000,-0.4500,4.4955,181.0823,357.9316,0.0000,0.0000,0.0000
38.207,518.9289,-4.4265,244.0904,0.2510,3.8000,-0.4500,4.1760,181.0928,358.3293,0.0000,0.0000,0.0000
38.319,518.7546,-4.4282,243.4774,0.2510,3.8000,-0.4500,3.9139,181.0997,358.6479,0.0000,0.0000,0.0000
38.430,518.5455,-4.4245,242.7523,0.2510,3.8000,-0.4500,3.6380,181.1054,358.9731,0.0000,0.0000,0.0000
38.541,518.3730,-4.4160,242.1461,0.2510,3.8000,-0.4500,3.3560,181.1096,359.2965,0.0000,0.0000,0.0000
38.652,518.1674,-4.4029,241.3953,0.2510,3.8000,-0.4500,3.1291,181.1119,359.5500,0.0000,0.0000,0.0000
38.777,517.9645,-4.3822,240.6446,0.2510,3.8000,-0.4500,2.7499,181.1135,359.9623,0.0000,0.0000,0.0000
38.888,517.7617,-4.3555,239.9123,0.2510,3.8000,-0.4500,2.3783,181.1125,0.3549,0.0000,0.0000,0.0000
38.998,517.5931,-4.3289,239.3199,0.2510,3.8000,-0.4500,2.0796,181.1099,0.6586,0.0000,0.0000,0.0000
39.109,517.3901,-4.2926,238.6327,0.2510,3.8000,-0.4500,1.7745,181.1056,0.9535,0.0000,0.0000,0.0000
39.220,517.2183,-4.2576,238.1307,0.2510,3.8000,-0.4500,1.4608,181.0995,1.2414,0.0000,0.0000,0.0000
39.331,517.0028,-4.2115,237.6794,0.2510,3.8000,-0.4500,1.1369,181.0918,1.5100,0.0000,0.0000,0.0000
39.443,516.8143,-4.1716,237.4280,0.2510,3.8000,-0.4500,0.9376,181.0862,1.6558,0.0000,0.0000,0.0000
39.567,516.5416,-4.1167,237.2279,0.2510,3.8000,-0.4500,0.5026,181.0726,1.9133,0.0000,0.0000,0.0000
39.693,516.3035,-4.0751,237.1741,0.2510,3.8000,-0.4500,0.1123,181.0590,2.0706,0.0000,0.0000,0.0000
39.804,516.0651,-4.0407,237.2040,0.2510,3.8000,-0.4500,359.8585,181.0497,2.1364,0.0000,0.0000,0.0000
39.916,515.8703,-4.0212,237.3110,0.2510,3.8000,-0.4500,359.4051,181.0325,2.2072,0.0000,0.0000,0.0000
40.040,515.6409,-4.0108,237.5304,0.2510,3.8000,-0.4500,358.8926,181.0126,2.2219,0.0000,0.0000,0.0000
40.150,515.4150,-4.0163,237.8250,0.2510,3.8000,-0.4500,358.4649,180.9962,2.1677,0.0000,0.0000,0.0000
40.275,515.1910,-4.0410,238.1719,0.2510,3.8000,-0.4500,357.9436,180.9769,2.0471,0.0000,0.0000,0.0000
40.388,514.9675,-4.0852,238.5522,0.2510,3.8000,-0.4500,357.4205,180.9590,1.8779,0.0000,0.0000,0.0000
40.497,514.7813,-4.1376,238.8871,0.2510,3.8000,-0.4500,356.9767,180.9451,1.7068,0.0000,0.0000,0.0000
40.609,514.5579,-4.2195,239.3050,0.2510,3.8000,-0.4500,356.4307,180.9299,1.4728,0.0000,0.0000,0.0000
40.720,514.3713,-4.3041,239.6625,0.2510,3.8000,-0.4500,355.9661,180.9187,1.2591,0.0000,0.0000,0.0000
40.831,514.1469,-4.4247,240.0984,0.2510,3.8000,-0.4500,355.4014,180.9076,0.9868,0.0000,0.0000,0.0000
40.942,513.9597,-4.5410,240.4648,0.2510,3.8000,-0.4500,354.9303,180.9005,0.7518,0.0000,0.0000,0.0000
41.054,513.7344,-4.6985,240.9064,0.2510,3.8000,-0.4500,354.3721,180.8945,0.4667,0.0000,0.0000,0.0000
41.179,513.5090,-4.8741,241.3475,0.2510,3.8000,-0.4500,353.8309,180.8914,0.1852,0.0000,0.0000,0.0000
41.289,513.2835,-5.0664,241.7857,0.2510,3.8000,-0.4500,353.3166,180.8909,359.9147,0.0000,0.0000,0.0000
41.402,513.0955,-5.2375,242.1479,0.2510,3.8000,-0.4500,352.9156,180.8923,359.7029,0.0000,0.0000,0.0000
41.512,512.8704,-5.4521,242.5789,0.2510,3.8000,-0.4500,352.6154,180.8943,359.5443,0.0000,0.0000,0.0000
41.623,512.6824,-5.6403,242.9364,0.2510,3.8000,-0.4500,352.3134,180.8971,359.3854,0.0000,0.0000,0.0000
41.735,512.4572,-5.8733,243.3633,0.2510,3.8000,-0.4500,352.0239,180.9006,359.2350,0.0000,0.0000,0.0000
41.845,512.2322,-6.1088,243.7881,0.2510,3.8000,-0.4500,351.9510,180.9016,359.1980,0.0000,0.0000,0.0000
41.959,512.0448,-6.3084,244.1414,0.2510,3.8000,-0.4500,351.8778,180.9027,359.1614,0.0000,0.0000,0.0000
42.068,511.8200,-6.5473,244.5641,0.2510,3.8000,-0.4500,351.8778,180.9027,359.1614,0.0000,0.0000,0.0000
42.180,511.6325,-6.7446,244.9160,0.2510,3.8000,-0.4500,351.8778,180.9027,359.1614,0.0000,0.0000,0.0000
42.289,511.4074,-6.9773,245.3382,0.2510,3.8000,-0.4500,351.8778,180.9027,359.1614,0.0000,0.0000,0.0000
42.400,511.2201,-7.1650,245.6904,0.2510,3.8000,-0.4500,351.8778,180.9027,359.1614,0.0000,0.0000,0.0000
42.526,510.9579,-7.4152,246.1841,0.2510,3.8000,-0.4500,351.8778,180.9027,359.1614,0.0000,0.0000,0.0000
42.638,510.7709,-7.5820,246.5375,0.2510,3.8000,-0.4500,351.8778,180.9027,359.1614,0.0000,0.0000,0.0000
42.748,510.5474,-7.7652,246.9622,0.2510,3.8000,-0.4500,351.9498,180.9017,359.2177,0.0000,0.0000,0.0000
42.860,510.3629,-7.8948,247.3162,0.2510,3.8000,-0.4500,352.3851,180.8969,359.5331,0.0000,0.0000,0.0000
42.971,510.1413,-8.0298,247.7425,0.2510,3.8000,-0.4500,352.9751,180.8941,359.9158,0.0000,0.0000,0.0000
43.083,509.9570,-8.1234,248.0992,0.2510,3.8000,-0.4500,353.5028,180.8947,0.2315,0.0000,0.0000,0.0000
43.194,509.7366,-8.2107,248.5284,0.2510,3.8000,-0.4500,354.1859,180.8999,0.6195,0.0000,0.0000,0.0000
43.303,509.5534,-8.2610,248.8794,0.2510,3.8000,-0.4500,354.8007,180.9084,0.9566,0.0000,0.0000,0.0000
43.414,509.3290,-8.2895,249.2169,0.2510,3.8000,-0.4500,355.5867,180.9244,1.3775,0.0000,0.0000,0.0000
43.540,509.0974,-8.2834,249.4256,0.2510,3.8000,-0.4500,356.3977,180.9471,1.8093,0.0000,0.0000,0.0000
43.665,508.8244,-8.2387,249.5094,0.2510,3.8000,-0.4500,357.3311,180.9807,2.3107,0.0000,0.0000,0.0000
43.777,508.6312,-8.1872,249.4926,0.2510,3.8000,-0.4500,357.9720,181.0085,2.6571,0.0000,0.0000,0.0000
43.888,508.4026,-8.1080,249.4142,0.2510,3.8000,-0.4500,358.7081,181.0452,3.0520,0.0000,0.0000,0.0000
44.013,508.1779,-8.0126,249.2888,0.2510,3.8000,-0.4500,359.4121,181.0850,3.4188,0.0000,0.0000,0.0000
44.137,507.9605,-7.9045,249.0826,0.2510,3.8000,-0.4500,0.0877,181.1274,3.7535,0.0000,0.0000,0.0000
44.262,507.7516,-7.7877,248.7782,0.2510,3.8000,-0.4500,0.7258,181.1709,4.0498,0.0000,0.0000,0.0000
44.375,507.5496,-7.6657,248.3946,0.2510,3.8000,-0.4500,1.3165,181.2141,4.3021,0.0000,0.0000,0.0000
44.486,507.3524,-7.5400,247.9542,0.2510,3.8000,-0.4500,1.8589,181.2559,4.5081,0.0000,0.0000,0.0000
44.598,507.1899,-7.4328,247.5713,0.2510,3.8000,-0.4500,2.2790,181.2896,4.6467,0.0000,0.0000,0.0000
44.705,506.9923,-7.2972,247.1593,0.2510,3.8000,-0.4500,2.6804,181.3226,4.7651,0.0000,0.0000,0.0000
44.819,506.8255,-7.1742,246.8645,0.2510,3.8000,-0.4500,3.1020,181.3583,4.8890,0.0000,0.0000,0.0000
44.930,506.6232,-7.0140,246.5615,0.2510,3.8000,-0.4500,3.6167,181.4032,5.0608,0.0000,0.0000,0.0000
45.039,506.4541,-6.8688,246.3389,0.2510,3.8000,-0.4500,4.0476,181.4420,5.2309,0.0000,0.0000,0.0000
45.165,506.2182,-6.6451,246.1080,0.2510,3.8000,-0.4500,4.6552,181.4993,5.5134,0.0000,0.0000,0.0000
45.289,506.0213,-6.4216,246.0767,0.2510,3.8000,-0.4500,5.1924,181.5527,5.7967,0.0000,0.0000,0.0000
45.402,505.8639,-6.2119,246.1451,0.2510,3.8000,-0.4500,5.6648,181.6019,6.0606,0.0000,0.0000,0.0000
45.514,505.6839,-5.9319,246.3073,0.2510,3.8000,-0.4500,6.2590,181.6672,6.4035,0.0000,0.0000,0.0000
45.623,505.5408,-5.6776,246.4882,0.2510,3.8000,-0.4500,6.7662,181.7258,6.7029,0.0000,0.0000,0.0000
45.735,505.3772,-5.3487,246.7454,0.2510,3.8000,-0.4500,7.3710,181.7994,7.0669,0.0000,0.0000,0.0000
45.846,505.2222,-4.9971,247.0360,0.2510,3.8000,-0.4500,7.9544,181.8742,7.4249,0.0000,0.0000,0.0000
45.971,505.0749,-4.6250,247.3488,0.2510,3.8000,-0.4500,8.5010,181.9479,7.7664,0.0000,0.0000,0.0000
46.083,504.9572,-4.3027,247.6204,0.2510,3.8000,-0.4500,8.9201,182.0067,8.0319,0.0000,0.0000,0.0000
46.194,504.8212,-3.9027,247.9540,0.2510,3.8000,-0.4500,9.3707,182.0723,8.3212,0.0000,0.0000,0.0000
46.303,504.7104,-3.5640,248.2380,0.2510,3.8000,-0.4500,9.5072,182.0926,8.4095,0.0000,0.0000,0.0000
46.415,504.5818,-3.1461,248.5794,0.2510,3.8000,-0.4500,9.8631,182.1467,8.6410,0.0000,0.0000,0.0000
46.539,504.4545,-2.7256,248.9243,0.2510,3.8000,-0.4500,9.9303,182.1571,8.6845,0.0000,0.0000,0.0000
46.665,504.3085,-2.2295,249.3271,0.2510,3.8000,-0.4500,10.0689,182.1787,8.7727,0.0000,0.0000,0.0000
46.789,504.1837,-1.8047,249.6738,0.2510,3.8000,-0.4500,10.0689,182.1787,8.7727,0.0000,0.0000,0.0000
46.890,504.0796,-1.4524,249.9637,0.2510,3.8000,-0.4500,10.0689,182.1787,8.7727,0.0000,0.0000,0.0000
47.011,503.9542,-1.0328,250.3118,0.2510,3.8000,-0.4500,10.0690,182.1787,8.7728,0.0000,0.0000,0.0000
47.137,503.8271,-0.6207,250.6603,0.2510,3.8000,-0.4500,10.0689,182.1787,8.7728,0.0000,0.0000,0.0000
47.262,503.6978,-0.2175,251.0097,0.2510,3.8000,-0.4500,10.0689,182.1787,8.7728,0.0000,0.0000,0.0000
47.373,503.5659,0.1732,251.3613,0.2510,3.8000,-0.4500,10.0690,182.1788,8.7728,0.0000,0.0000,0.0000
47.483,503.4529,0.4871,251.6572,0.2510,3.8000,-0.4500,10.0122,182.1699,8.7038,0.0000,0.0000,0.0000
47.597,503.3086,0.8408,252.0204,0.2510,3.8000,-0.4500,9.5998,182.1076,8.2421,0.0000,0.0000,0.0000
47.721,503.1577,1.1771,252.3874,0.2510,3.8000,-0.4500,9.1449,182.0427,7.7801,0.0000,0.0000,0.0000
47.832,502.9996,1.4926,252.7576,0.2510,3.8000,-0.4500,8.6644,181.9783,7.3145,0.0000,0.0000,0.0000
47.943,502.8622,1.7383,253.0684,0.2510,3.8000,-0.4500,8.2406,181.9248,6.9069,0.0000,0.0000,0.0000
48.053,502.6902,2.0101,253.4443,0.2510,3.8000,-0.4500,7.7029,181.8616,6.3826,0.0000,0.0000,0.0000
48.166,502.5100,2.2547,253.8233,0.2510,3.8000,-0.4500,7.1371,181.8006,5.8159,0.0000,0.0000,0.0000
48.290,502.3218,2.4714,254.2027,0.2510,3.8000,-0.4500,6.5501,181.7435,5.2065,0.0000,0.0000,0.0000
48.416,502.1256,2.6585,254.5803,0.2510,3.8000,-0.4500,5.9518,181.6920,4.5570,0.0000,0.0000,0.0000
48.541,501.9218,2.8160,254.9557,0.2510,3.8000,-0.4500,5.3527,181.6477,3.8711,0.0000,0.0000,0.0000
48.665,501.6753,2.9622,255.3915,0.2510,3.8000,-0.4500,4.6684,181.6062,3.0304,0.0000,0.0000,0.0000
48.789,501.4568,3.0560,255.7605,0.2510,3.8000,-0.4500,4.1079,181.5801,2.2800,0.0000,0.0000,0.0000
48.900,501.2675,3.1110,256.0287,0.2510,3.8000,-0.4500,3.6685,181.5650,1.6378,0.0000,0.0000,0.0000
49.013,501.0294,3.1494,256.2643,0.2510,3.8000,-0.4500,3.1858,181.5544,0.8567,0.0000,0.0000,0.0000
49.136,500.7798,3.1598,256.4097,0.2510,3.8000,-0.4500,2.7585,181.5508,0.0763,0.0000,0.0000,0.0000
49.263,500.5219,3.1448,256.4835,0.2510,3.8000,-0.4500,2.3792,181.5529,359.3057,0.0000,0.0000,0.0000
49.387,500.2161,3.0974,256.5045,0.2510,3.8000,-0.4500,1.9627,181.5611,358.4238,0.0000,0.0000,0.0000
49.512,499.9530,3.0324,256.4763,0.2510,3.8000,-0.4500,1.6053,181.5733,357.6848,0.0000,0.0000,0.0000
49.636,499.6921,2.9459,256.3981,0.2510,3.8000,-0.4500,1.2381,181.5905,356.9641,0.0000,0.0000,0.0000
49.750,499.4342,2.8392,256.2756,0.2510,3.8000,-0.4500,0.8586,181.6129,356.2667,0.0000,0.0000,0.0000
49.859,499.2214,2.7360,256.1466,0.2510,3.8000,-0.4500,0.5335,181.6358,355.7061,0.0000,0.0000,0.0000
49.986,498.9268,2.5704,255.9350,0.2510,3.8000,-0.4500,0.0670,181.6739,354.9562,0.0000,0.0000,0.0000
50.109,498.6770,2.4106,255.7324,0.2510,3.8000,-0.4500,359.6586,181.7121,354.3478,0.0000,0.0000,0.0000
50.220,498.4707,2.2650,255.5534,0.2510,3.8000,-0.4500,359.3142,181.7477,353.8665,0.0000,0.0000,0.0000
50.331,498.2252,2.0769,255.3295,0.2510,3.8000,-0.4500,358.8979,181.7945,353.3206,0.0000,0.0000,0.0000
50.446,497.9822,1.8745,255.0966,0.2510,3.8000,-0.4500,358.4809,181.8452,352.8116,0.0000,0.0000,0.0000
50.568,497.7417,1.6595,254.8550,0.2510,3.8000,-0.4500,358.0654,181.8994,352.3415,0.0000,0.0000,0.0000
50.678,497.5432,1.4711,254.6472,0.2510,3.8000,-0.4500,357.7226,181.9467,351.9814,0.0000,0.0000,0.0000
50.791,497.3070,1.2352,254.3961,0.2510,3.8000,-0.4500,357.3174,182.0052,351.5893,0.0000,0.0000,0.0000
50.901,497.1113,1.0311,254.1908,0.2510,3.8000,-0.4500,356.9866,182.0551,351.2969,0.0000,0.0000,0.0000
51.012,496.8779,0.7786,253.9473,0.2510,3.8000,-0.4500,356.6632,182.1054,351.0364,0.0000,0.0000,0.0000
51.127,496.6459,0.5178,253.7050,0.2510,3.8000,-0.4500,356.3151,182.1612,350.7941,0.0000,0.0000,0.0000
51.236,496.4539,0.2951,253.5020,0.2510,3.8000,-0.4500,356.0311,182.2078,350.6205,0.0000,0.0000,0.0000
51.359,496.2247,0.0249,253.2793,0.2510,3.8000,-0.4500,355.8115,182.2444,350.5088,0.0000,0.0000,0.0000
51.484,495.9627,-0.3158,253.2579,0.2510,3.8000,-0.4500,355.5850,182.2825,350.4072,0.0000,0.0000,0.0000
51.595,495.7793,-0.5784,253.3589,0.2510,3.8000,-0.4500,355.1812,182.3515,350.2729,0.0000,0.0000,0.0000
51.722,495.5627,-0.9011,253.5511,0.2510,3.8000,-0.4500,355.1041,182.3648,350.2506,0.0000,0.0000,0.0000
51.831,495.3493,-1.2361,253.7941,0.2510,3.8000,-0.4500,354.6975,182.4352,350.2028,0.0000,0.0000,0.0000
51.943,495.1723,-1.5161,254.0164,0.2510,3.8000,-0.4500,354.6975,182.4352,350.2028,0.0000,0.0000,0.0000
52.069,494.9268,-1.9100,254.3544,0.2510,3.8000,-0.4500,354.4673,182.4750,350.2559,0.0000,0.0000,0.0000
52.192,494.7178,-2.2441,254.6657,0.2510,3.8000,-0.4500,354.1951,182.5216,350.4305,0.0000,0.0000,0.0000
52.304,494.5078,-2.5731,254.9895,0.2510,3.8000,-0.4500,354.1360,182.5316,350.4802,0.0000,0.0000,0.0000
52.428,494.2987,-2.8859,255.3249,0.2510,3.8000,-0.4500,353.9229,182.5667,350.9687,0.0000,0.0000,0.0000
52.542,494.1224,-3.1362,255.6069,0.2510,3.8000,-0.4500,353.8526,182.5777,351.4024,0.0000,0.0000,0.0000
52.651,493.9076,-3.4211,255.9459,0.2510,3.8000,-0.4500,353.8842,182.5731,351.9384,0.0000,0.0000,0.0000
52.763,493.7260,-3.6441,256.2287,0.2510,3.8000,-0.4500,353.9850,182.5592,352.4122,0.0000,0.0000,0.0000
52.887,493.4679,-3.9300,256.6237,0.2510,3.8000,-0.4500,354.2164,182.5298,353.1318,0.0000,0.0000,0.0000
52.998,493.2811,-4.1141,256.9041,0.2510,3.8000,-0.4500,354.4378,182.5041,353.6874,0.0000,0.0000,0.0000
53.110,493.0543,-4.3102,257.2372,0.2510,3.8000,-0.4500,354.7596,182.4704,354.3961,0.0000,0.0000,0.0000
53.235,492.8249,-4.4784,257.5657,0.2510,3.8000,-0.4500,355.1378,182.4357,355.1431,0.0000,0.0000,0.0000
53.345,492.5935,-4.6169,257.8886,0.2510,3.8000,-0.4500,355.5676,182.4020,355.9190,0.0000,0.0000,0.0000
53.456,492.3996,-4.7095,258.1532,0.2510,3.8000,-0.4500,355.9610,182.3762,356.5796,0.0000,0.0000,0.0000
53.582,492.1661,-4.7926,258.4628,0.2510,3.8000,-0.4500,356.4703,182.3493,357.3795,0.0000,0.0000,0.0000
53.693,491.9320,-4.8453,258.7562,0.2510,3.8000,-0.4500,357.0133,182.3282,358.1759,0.0000,0.0000,0.0000
53.803,491.7368,-4.8666,258.9876,0.2510,3.8000,-0.4500,357.4858,182.3159,358.8282,0.0000,0.0000,0.0000
53.916,491.5033,-4.8661,259.2518,0.2510,3.8000,-0.4500,358.0698,182.3078,359.5874,0.0000,0.0000,0.0000
54.027,491.2715,-4.8388,259.5042,0.2510,3.8000,-0.4500,358.6656,182.3074,0.3113,0.0000,0.0000,0.0000
54.137,491.0798,-4.7969,259.7072,0.2510,3.8000,-0.4500,359.1665,182.3126,0.8811,0.0000,0.0000,0.0000
54.262,490.8512,-4.7251,259.9307,0.2510,3.8000,-0.4500,359.7679,182.3253,1.5182,0.0000,0.0000,0.0000
54.373,490.6234,-4.6324,260.1234,0.2510,3.8000,-0.4500,0.3630,182.3441,2.0980,0.0000,0.0000,0.0000
54.498,490.3968,-4.5213,260.2907,0.2510,3.8000,-0.4500,0.9449,182.3681,2.6148,0.0000,0.0000,0.0000
54.611,490.1719,-4.3940,260.4404,0.2510,3.8000,-0.4500,1.5100,182.3961,3.0659,0.0000,0.0000,0.0000
54.721,489.9861,-4.2767,260.5567,0.2510,3.8000,-0.4500,1.9668,182.4220,3.3915,0.0000,0.0000,0.0000
54.832,489.7652,-4.1242,260.6907,0.2510,3.8000,-0.4500,2.4983,182.4551,3.7235,0.0000,0.0000,0.0000
54.943,489.5828,-3.9879,260.8005,0.2510,3.8000,-0.4500,2.9278,182.4839,3.9532,0.0000,0.0000,0.0000
55.054,489.3658,-3.8146,260.9314,0.2510,3.8000,-0.4500,3.4274,182.5195,4.1739,0.0000,0.0000,0.0000
55.180,489.1503,-3.6335,261.0628,0.2510,3.8000,-0.4500,3.8304,182.5495,4.3122,0.0000,0.0000,0.0000
55.304,488.9003,-3.4113,261.2152,0.2510,3.8000,-0.4500,4.3494,182.5893,4.4187,0.0000,0.0000,0.0000
55.428,488.6868,-3.2147,261.3446,0.2510,3.8000,-0.4500,4.7654,182.6217,4.4606,0.0000,0.0000,0.0000
55.539,488.5089,-3.0478,261.4523,0.2510,3.8000,-0.4500,5.0277,182.6422,4.4511,0.0000,0.0000,0.0000
55.651,488.2950,-2.8441,261.5787,0.2510,3.8000,-0.4500,5.4554,182.6755,4.4029,0.0000,0.0000,0.0000
55.761,488.1165,-2.6735,261.6836,0.2510,3.8000,-0.4500,5.6127,182.6876,4.3689,0.0000,0.0000,0.0000
55.888,487.8640,-2.4345,261.8251,0.2510,3.8000,-0.4500,6.1899,182.7309,4.1437,0.0000,0.0000,0.0000
55.998,487.6830,-2.2645,261.9247,0.2510,3.8000,-0.4500,6.3368,182.7415,4.0687,0.0000,0.0000,0.0000
56.109,487.4621,-2.0652,262.0355,0.2510,3.8000,-0.4500,6.7528,182.7702,3.7608,0.0000,0.0000,0.0000
56.209,487.2757,-1.9022,262.1170,0.2510,3.8000,-0.4500,6.9354,182.7820,3.5946,0.0000,0.0000,0.0000
56.317,487.0856,-1.7457,262.1873,0.2510,3.8000,-0.4500,7.2015,182.7981,3.2720,0.0000,0.0000,0.0000
56.428,486.8545,-1.5642,262.2592,0.2510,3.8000,-0.4500,7.3852,182.8083,2.9997,0.0000,0.0000,0.0000
56.539,486.6583,-1.4209,262.3103,0.2510,3.8000,-0.4500,7.5449,182.8163,2.6718,0.0000,0.0000,0.0000
56.665,486.3777,-1.2340,262.3698,0.2510,3.8000,-0.4500,7.7720,182.8259,2.0783,0.0000,0.0000,0.0000
56.791,486.1320,-1.0860,262.4045,0.2510,3.8000,-0.4500,7.9017,182.8301,1.5851,0.0000,0.0000,0.0000
56.914,485.8818,-0.9504,262.4208,0.2510,3.8000,-0.4500,7.9728,182.8318,1.1584,0.0000,0.0000,0.0000
57.041,485.6261,-0.8302,262.4207,0.2510,3.8000,-0.4500,8.0271,182.8327,0.6223,0.0000,0.0000,0.0000
57.151,485.3659,-0.7247,262.4070,0.2510,3.8000,-0.4500,8.0494,182.8329,0.0868,0.0000,0.0000,0.0000
57.263,485.1462,-0.6473,262.3904,0.2510,3.8000,-0.4500,8.0462,182.8329,359.6397,0.0000,0.0000,0.0000
57.375,484.8802,-0.5670,262.3729,0.2510,3.8000,-0.4500,8.0193,182.8332,359.1001,0.0000,0.0000,0.0000
57.483,484.6573,-0.5096,262.3650,0.2510,3.8000,-0.4500,7.9787,182.8340,358.6486,0.0000,0.0000,0.0000
57.596,484.3885,-0.4522,262.3670,0.2510,3.8000,-0.4500,7.9091,182.8360,358.1066,0.0000,0.0000,0.0000
57.720,484.1189,-0.4067,262.3833,0.2510,3.8000,-0.4500,7.8176,182.8395,357.5681,0.0000,0.0000,0.0000
57.846,483.8038,-0.3689,262.4220,0.2510,3.8000,-0.4500,7.6842,182.8460,356.9489,0.0000,0.0000,0.0000
57.970,483.5335,-0.3493,262.4723,0.2510,3.8000,-0.4500,7.5489,182.8539,356.4307,0.0000,0.0000,0.0000
58.081,483.3083,-0.3420,262.5267,0.2510,3.8000,-0.4500,7.4225,182.8623,356.0103,0.0000,0.0000,0.0000
58.195,483.0386,-0.3437,262.6065,0.2510,3.8000,-0.4500,7.2563,182.8748,355.5232,0.0000,0.0000,0.0000
58.304,482.7697,-0.3550,262.7014,0.2510,3.8000,-0.4500,7.1072,182.8870,355.1339,0.0000,0.0000,0.0000
58.414,482.5461,-0.3732,262.7914,0.2510,3.8000,-0.4500,6.9662,182.8996,354.8079,0.0000,0.0000,0.0000
58.525,482.2784,-0.4052,262.9116,0.2510,3.8000,-0.4500,6.7806,182.9172,354.4085,0.0000,0.0000,0.0000
58.637,482.0561,-0.4392,263.0215,0.2510,3.8000,-0.4500,6.6230,182.9332,354.1035,0.0000,0.0000,0.0000
58.748,481.7903,-0.4875,263.1639,0.2510,3.8000,-0.4500,6.4600,182.9505,353.8083,0.0000,0.0000,0.0000
58.859,481.5692,-0.5367,263.2920,0.2510,3.8000,-0.4500,6.2480,182.9743,353.4642,0.0000,0.0000,0.0000
58.970,481.3058,-0.5971,263.4529,0.2510,3.8000,-0.4500,6.1555,182.9851,353.3307,0.0000,0.0000,0.0000
59.082,481.0865,-0.6548,263.5941,0.2510,3.8000,-0.4500,6.0102,183.0024,353.1304,0.0000,0.0000,0.0000
59.192,480.8246,-0.7270,263.7697,0.2510,3.8000,-0.4500,5.9080,183.0150,353.0049,0.0000,0.0000,0.0000
59.317,480.5632,-0.8041,263.9514,0.2510,3.8000,-0.4500,5.8022,183.0281,352.8840,0.0000,0.0000,0.0000
59.428,480.3025,-0.8845,264.1382,0.2510,3.8000,-0.4500,5.6912,183.0421,352.7721,0.0000,0.0000,0.0000
59.554,480.0422,-0.9655,264.3284,0.2510,3.8000,-0.4500,5.6304,183.0499,352.7227,0.0000,0.0000,0.0000
59.664,479.7823,-1.0456,264.5204,0.2510,3.8000,-0.4500,5.6304,183.0499,352.7227,0.0000,0.0000,0.0000
59.790,479.5225,-1.1249,264.7138,0.2510,3.8000,-0.4500,5.6304,183.0499,352.7227,0.0000,0.0000,0.0000
59.902,479.3058,-1.1890,264.8756,0.2510,3.8000,-0.4500,5.6304,183.0499,352.7227,0.0000,0.0000,0.0000
60.026,479.0025,-1.2742,265.1020,0.2510,3.8000,-0.4500,5.6304,183.0499,352.7227,0.0000,0.0000,0.0000
60.151,478.7422,-1.3410,265.2957,0.2510,3.8000,-0.4500,5.6304,183.0499,352.7227,0.0000,0.0000,0.0000
60.261,478.5251,-1.3912,265.4566,0.2510,3.8000,-0.4500,5.6304,183.0499,352.7227,0.0000,0.0000,0.0000
60.388,478.2216,-1.4495,265.6810,0.2510,3.8000,-0.4500,5.5329,183.0623,352.8612,0.0000,0.0000,0.0000
60.501,478.0045,-1.4822,265.8388,0.2510,3.8000,-0.4500,5.4522,183.0724,353.0083,0.0000,0.0000,0.0000
60.623,477.7444,-1.5060,266.0225,0.2510,3.8000,-0.4500,5.4121,183.0772,353.4499,0.0000,0.0000,0.0000
60.733,477.4836,-1.5159,266.1967,0.2510,3.8000,-0.4500,5.4825,183.0695,353.9498,0.0000,0.0000,0.0000
60.859,477.2211,-1.5158,266.3599,0.2510,3.8000,-0.4500,5.6063,183.0567,354.2819,0.0000,0.0000,0.0000
60.970,476.9585,-1.4987,266.5101,0.2510,3.8000,-0.4500,5.8343,183.0348,354.7798,0.0000,0.0000,0.0000
61.095,476.6953,-1.4682,266.6469,0.2510,3.8000,-0.4500,6.0821,183.0131,355.2558,0.0000,0.0000,0.0000
61.220,476.4317,-1.4240,266.7693,0.2510,3.8000,-0.4500,6.3377,182.9928,355.7245,0.0000,0.0000,0.0000
61.344,476.1242,-1.3550,266.8934,0.2510,3.8000,-0.4500,6.6376,182.9717,356.2769,0.0000,0.0000,0.0000
61.457,475.9047,-1.2942,266.9697,0.2510,3.8000,-0.4500,6.8479,182.9586,356.6779,0.0000,0.0000,0.0000
61.582,475.6418,-1.2092,267.0469,0.2510,3.8000,-0.4500,7.0914,182.9454,357.1660,0.0000,0.0000,0.0000
61.706,475.3360,-1.0938,267.1168,0.2510,3.8000,-0.4500,7.3570,182.9335,357.7421,0.0000,0.0000,0.0000
61.817,475.1184,-1.0012,267.1534,0.2510,3.8000,-0.4500,7.5310,182.9272,358.1559,0.0000,0.0000,0.0000
61.930,474.8583,-0.8800,267.1829,0.2510,3.8000,-0.4500,7.7189,182.9219,358.6519,0.0000,0.0000,0.0000
62.039,474.6426,-0.7706,267.1955,0.2510,3.8000,-0.4500,7.8558,182.9191,359.0631,0.0000,0.0000,0.0000
62.151,474.3850,-0.6304,267.1966,0.2510,3.8000,-0.4500,7.9943,182.9174,359.5516,0.0000,0.0000,0.0000
62.263,474.1716,-0.5065,267.1857,0.2510,3.8000,-0.4500,8.0867,182.9170,359.9526,0.0000,0.0000,0.0000
62.375,473.9159,-0.3530,267.1594,0.2510,3.8000,-0.4500,8.1434,182.9171,0.2802,0.0000,0.0000,0.0000
62.485,473.6635,-0.1882,267.1170,0.2510,3.8000,-0.4500,8.2033,182.9177,0.8054,0.0000,0.0000,0.0000
62.609,473.4121,-0.0215,267.0633,0.2510,3.8000,-0.4500,8.2192,182.9179,1.0556,0.0000,0.0000,0.0000
62.720,473.2064,0.1267,267.0094,0.2510,3.8000,-0.4500,8.2100,182.9177,1.5076,0.0000,0.0000,0.0000
62.832,472.9625,0.3071,266.9345,0.2510,3.8000,-0.4500,8.1745,182.9166,1.9367,0.0000,0.0000,0.0000
62.957,472.7214,0.4907,266.8488,0.2510,3.8000,-0.4500,8.1073,182.9141,2.2801,0.0000,0.0000,0.0000
63.082,472.4834,0.6760,266.7529,0.2510,3.8000,-0.4500,8.0451,182.9115,2.5303,0.0000,0.0000,0.0000
63.193,472.2504,0.8677,266.6480,0.2510,3.8000,-0.4500,7.8572,182.9022,3.0226,0.0000,0.0000,0.0000
63.317,472.0190,1.0571,266.5339,0.2510,3.8000,-0.4500,7.7464,182.8961,3.2453,0.0000,0.0000,0.0000
63.442,471.7921,1.2493,266.4126,0.2510,3.8000,-0.4500,7.4677,182.8791,3.6704,0.0000,0.0000,0.0000
63.555,471.5666,1.4384,266.2832,0.2510,3.8000,-0.4500,7.3072,182.8684,3.8571,0.0000,0.0000,0.0000
63.678,471.3444,1.6270,266.1483,0.2510,3.8000,-0.4500,7.0044,182.8470,4.1492,0.0000,0.0000,0.0000
63.794,471.1239,1.8130,266.0080,0.2510,3.8000,-0.4500,6.6676,182.8217,4.3938,0.0000,0.0000,0.0000
63.915,470.9049,1.9947,265.8628,0.2510,3.8000,-0.4500,6.3825,182.7992,4.5569,0.0000,0.0000,0.0000
64.025,470.6876,2.1724,265.7151,0.2510,3.8000,-0.4500,5.9203,182.7613,4.7562,0.0000,0.0000,0.0000
64.136,470.5070,2.3158,265.5896,0.2510,3.8000,-0.4500,5.6096,182.7350,4.8512,0.0000,0.0000,0.0000
64.247,470.2906,2.4823,265.4377,0.2510,3.8000,-0.4500,5.1948,182.6993,4.9345,0.0000,0.0000,0.0000
64.374,470.0742,2.6408,265.2861,0.2510,3.8000,-0.4500,4.6852,182.6549,4.9886,0.0000,0.0000,0.0000
64.485,469.8573,2.7911,265.1350,0.2510,3.8000,-0.4500,4.1830,182.6109,4.9925,0.0000,0.0000,0.0000
64.609,469.6394,2.9316,264.9859,0.2510,3.8000,-0.4500,3.6766,182.5667,4.9497,0.0000,0.0000,0.0000
64.720,469.4546,3.0176,264.8652,0.2510,3.8000,-0.4500,3.2598,182.5308,4.8469,0.0000,0.0000,0.0000
64.845,469.1735,3.0373,264.7074,0.2510,3.8000,-0.4500,2.8284,182.4981,3.4052,0.0000,0.0000,0.0000
64.955,468.9565,3.0275,264.6114,0.2510,3.8000,-0.4500,2.5679,182.4870,1.3265,0.0000,0.0000,0.0000
65.081,468.6849,2.9440,264.5337,0.2510,3.8000,-0.4500,2.3480,182.4865,358.7077,0.0000,0.0000,0.0000
65.181,468.4611,2.8797,264.4931,0.2510,3.8000,-0.4500,2.2671,182.4892,357.4422,0.0000,0.0000,0.0000
65.291,468.1976,2.8271,264.4930,0.2510,3.8000,-0.4500,2.2306,182.4910,356.9753,0.0000,0.0000,0.0000
65.401,467.9801,2.7973,264.5211,0.2510,3.8000,-0.4500,2.2306,182.4910,356.9753,0.0000,0.0000,0.0000
65.525,467.6757,2.7678,264.5842,0.2510,3.8000,-0.4500,2.2306,182.4910,356.9753,0.0000,0.0000,0.0000
65.638,467.4592,2.7578,264.6384,0.2510,3.8000,-0.4500,2.2147,182.4918,357.0621,0.0000,0.0000,0.0000
65.750,467.2029,2.7640,264.7067,0.2510,3.8000,-0.4500,2.1222,182.4961,357.6421,0.0000,0.0000,0.0000
65.858,466.9895,2.7772,264.7600,0.2510,3.8000,-0.4500,2.0624,182.4984,358.1096,0.0000,0.0000,0.0000
65.984,466.7338,2.8019,264.8154,0.2510,3.8000,-0.4500,2.0084,182.4999,358.6318,0.0000,0.0000,0.0000
66.109,466.4357,2.8424,264.8651,0.2510,3.8000,-0.4500,1.9599,182.5008,359.2098,0.0000,0.0000,0.0000
66.225,466.1802,2.8847,264.8948,0.2510,3.8000,-0.4500,1.9345,182.5011,359.5638,0.0000,0.0000,0.0000
66.331,465.9690,2.9291,264.9107,0.2510,3.8000,-0.4500,1.9039,182.5012,0.0093,0.0000,0.0000,0.0000
66.457,465.7156,2.9883,264.9189,0.2510,3.8000,-0.4500,1.8756,182.5011,0.4285,0.0000,0.0000,0.0000
66.581,465.4643,3.0554,264.9145,0.2510,3.8000,-0.4500,1.8467,182.5008,0.8427,0.0000,0.0000,0.0000
66.706,465.1729,3.1408,264.8940,0.2510,3.8000,-0.4500,1.8205,182.5003,1.1851,0.0000,0.0000,0.0000
66.817,464.9686,3.2108,264.8705,0.2510,3.8000,-0.4500,1.7826,182.4994,1.6270,0.0000,0.0000,0.0000
66.943,464.7239,3.2956,264.8321,0.2510,3.8000,-0.4500,1.7573,182.4986,1.8747,0.0000,0.0000,0.0000
67.052,464.4821,3.3859,264.7840,0.2510,3.8000,-0.4500,1.7276,182.4976,2.1240,0.0000,0.0000,0.0000
67.178,464.2426,3.4805,264.7274,0.2510,3.8000,-0.4500,1.6910,182.4961,2.3760,0.0000,0.0000,0.0000
67.290,464.0048,3.5776,264.6634,0.2510,3.8000,-0.4500,1.6626,182.4949,2.5445,0.0000,0.0000,0.0000
67.400,463.8095,3.6636,264.6054,0.2510,3.8000,-0.4500,1.5863,182.4913,2.8842,0.0000,0.0000,0.0000
67.512,463.5748,3.7635,264.5294,0.2510,3.8000,-0.4500,1.5669,182.4903,2.9631,0.0000,0.0000,0.0000
67.622,463.3802,3.8476,264.4621,0.2510,3.8000,-0.4500,1.5379,182.4888,3.0412,0.0000,0.0000,0.0000
67.747,463.1095,3.9663,264.3636,0.2510,3.8000,-0.4500,1.4718,182.4852,3.1930,0.0000,0.0000,0.0000
67.858,462.9160,4.0487,264.2905,0.2510,3.8000,-0.4500,1.4718,182.4852,3.1930,0.0000,0.0000,0.0000
67.969,462.6861,4.1488,264.2011,0.2510,3.8000,-0.4500,1.3366,182.4774,3.3985,0.0000,0.0000,0.0000
68.095,462.4550,4.2435,264.1082,0.2510,3.8000,-0.4500,1.3366,182.4774,3.3985,0.0000,0.0000,0.0000
68.206,462.2243,4.3350,264.0143,0.2510,3.8000,-0.4500,1.2657,182.4731,3.4404,0.0000,0.0000,0.0000
68.331,461.9933,4.4215,263.9205,0.2510,3.8000,-0.4500,1.1070,182.4635,3.4992,0.0000,0.0000,0.0000
68.456,461.7617,4.5026,263.8257,0.2510,3.8000,-0.4500,1.0288,182.4587,3.5205,0.0000,0.0000,0.0000
68.569,461.5291,4.5745,263.7324,0.2510,3.8000,-0.4500,0.6857,182.4376,3.5037,0.0000,0.0000,0.0000
68.678,461.3346,4.6305,263.6535,0.2510,3.8000,-0.4500,0.6045,182.4327,3.4803,0.0000,0.0000,0.0000
68.790,461.0992,4.6870,263.5617,0.2510,3.8000,-0.4500,0.2870,182.4137,3.3575,0.0000,0.0000,0.0000
68.900,460.9013,4.7260,263.4873,0.2510,3.8000,-0.4500,-0.0024,182.3971,3.1901,0.0000,0.0000,0.0000
69.025,460.6220,4.7695,263.3871,0.2510,3.8000,-0.4500,359.6610,182.3791,2.9138,0.0000,0.0000,0.0000
69.137,460.4206,4.7912,263.3199,0.2510,3.8000,-0.4500,359.4152,182.3671,2.6776,0.0000,0.0000,0.0000
69.248,460.1769,4.8082,263.2452,0.2510,3.8000,-0.4500,359.1825,182.3568,2.4255,0.0000,0.0000,0.0000
69.374,459.9299,4.8100,263.1786,0.2510,3.8000,-0.4500,358.8378,182.3434,2.0159,0.0000,0.0000,0.0000
69.485,459.6805,4.7999,263.1208,0.2510,3.8000,-0.4500,358.5248,182.3334,1.6184,0.0000,0.0000,0.0000
69.595,459.4736,4.7850,263.0561,0.2510,3.8000,-0.4500,358.3700,182.3293,1.4122,0.0000,0.0000,0.0000
69.720,459.2370,4.7570,262.7909,0.2510,3.8000,-0.4500,358.0478,182.3226,0.9675,0.0000,0.0000,0.0000
69.845,458.9790,4.7268,262.2121,0.2510,3.8000,-0.4500,357.8074,182.3193,0.6142,0.0000,0.0000,0.0000
69.958,458.8004,4.7026,261.6927,0.2510,3.8000,-0.4500,357.6230,182.3178,0.3108,0.0000,0.0000,0.0000
70.082,458.5887,4.6700,261.0130,0.2510,3.8000,-0.4500,357.4102,182.3174,359.9397,0.0000,0.0000,0.0000
70.193,458.3784,4.6339,260.3038,0.2510,3.8000,-0.4500,357.2515,182.3179,359.6461,0.0000,0.0000,0.0000
70.303,458.2032,4.5996,259.7088,0.2510,3.8000,-0.4500,357.1319,182.3189,359.4203,0.0000,0.0000,0.0000
70.418,457.9864,4.5461,259.0829,0.2510,3.8000,-0.4500,356.9344,182.3215,359.0481,0.0000,0.0000,0.0000
70.526,457.7596,4.4772,258.6102,0.2510,3.8000,-0.4500,356.7653,182.3248,358.7479,0.0000,0.0000,0.0000
70.637,457.5622,4.4045,258.3279,0.2510,3.8000,-0.4500,356.5917,182.3290,358.4560,0.0000,0.0000,0.0000
70.748,457.3171,4.2994,258.0950,0.2510,3.8000,-0.4500,356.3542,182.3362,358.0968,0.0000,0.0000,0.0000
70.875,457.0660,4.1772,257.9410,0.2510,3.8000,-0.4500,356.1040,182.3453,357.7489,0.0000,0.0000,0.0000
70.998,456.8119,4.0414,257.8321,0.2510,3.8000,-0.4500,355.9002,182.3538,357.4834,0.0000,0.0000,0.0000
71.123,456.5553,3.8895,257.7466,0.2510,3.8000,-0.4500,355.5744,182.3693,357.0866,0.0000,0.0000,0.0000
71.234,456.2995,3.7315,257.6690,0.2510,3.8000,-0.4500,355.4083,182.3781,356.8959,0.0000,0.0000,0.0000
71.344,456.0431,3.5608,257.6015,0.2510,3.8000,-0.4500,355.1209,182.3945,356.5792,0.0000,0.0000,0.0000
71.457,455.8305,3.4099,257.5944,0.2510,3.8000,-0.4500,354.9458,182.4053,356.3987,0.0000,0.0000,0.0000
71.580,455.5768,3.2194,257.6309,0.2510,3.8000,-0.4500,354.8288,182.4128,356.2809,0.0000,0.0000,0.0000
71.693,455.3232,3.0113,257.6977,0.2510,3.8000,-0.4500,354.4536,182.4385,355.9363,0.0000,0.0000,0.0000
71.819,455.0721,2.8033,257.7808,0.2510,3.8000,-0.4500,354.4536,182.4385,355.9363,0.0000,0.0000,0.0000
71.942,454.8208,2.5823,257.8759,0.2510,3.8000,-0.4500,354.1850,182.4582,355.7267,0.0000,0.0000,0.0000
72.053,454.5709,2.3584,257.9775,0.2510,3.8000,-0.4500,354.0468,182.4687,355.6360,0.0000,0.0000,0.0000
72.165,454.3218,2.1320,258.0838,0.2510,3.8000,-0.4500,353.9767,182.4741,355.5921,0.0000,0.0000,0.0000
72.275,454.1145,1.9391,258.1754,0.2510,3.8000,-0.4500,353.8240,182.4860,355.5190,0.0000,0.0000,0.0000
72.400,453.8663,1.7083,258.2871,0.2510,3.8000,-0.4500,353.7497,182.4919,355.4884,0.0000,0.0000,0.0000
72.511,453.6186,1.4763,258.4009,0.2510,3.8000,-0.4500,353.6684,182.4984,355.4710,0.0000,0.0000,0.0000
72.612,453.4124,1.2826,258.4970,0.2510,3.8000,-0.4500,353.5072,182.5112,355.4459,0.0000,0.0000,0.0000
72.720,453.2063,1.0911,258.5932,0.2510,3.8000,-0.4500,353.5072,182.5112,355.4459,0.0000,0.0000,0.0000
72.820,453.0007,0.9005,258.6905,0.2510,3.8000,-0.4500,353.4266,182.5177,355.4605,0.0000,0.0000,0.0000
72.942,452.7544,0.6744,258.8077,0.2510,3.8000,-0.4500,353.1932,182.5362,355.5326,0.0000,0.0000,0.0000
73.068,452.4666,0.4227,258.8765,0.2510,3.8000,-0.4500,353.0610,182.5465,355.6316,0.0000,0.0000,0.0000
73.179,452.2605,0.2558,258.8609,0.2510,3.8000,-0.4500,352.9399,182.5557,355.7470,0.0000,0.0000,0.0000
73.289,452.0127,0.0667,258.8070,0.2510,3.8000,-0.4500,352.7792,182.5675,355.9399,0.0000,0.0000,0.0000
73.402,451.8065,-0.0815,258.7478,0.2510,3.8000,-0.4500,352.6166,182.5787,356.2357,0.0000,0.0000,0.0000
73.512,451.5571,-0.2553,258.6693,0.2510,3.8000,-0.4500,352.5509,182.5830,356.3886,0.0000,0.0000,0.0000
73.623,451.3498,-0.3919,258.6038,0.2510,3.8000,-0.4500,352.4400,182.5897,356.7145,0.0000,0.0000,0.0000
73.734,451.1001,-0.5514,258.5281,0.2510,3.8000,-0.4500,352.3555,182.5944,357.0453,0.0000,0.0000,0.0000
73.844,450.8491,-0.7106,258.4987,0.2510,3.8000,-0.4500,352.3034,182.5970,357.2844,0.0000,0.0000,0.0000
73.960,450.6407,-0.8426,258.5119,0.2510,3.8000,-0.4500,352.2421,182.5997,357.6157,0.0000,0.0000,0.0000
74.067,450.3892,-1.0023,258.5491,0.2510,3.8000,-0.4500,352.1921,182.6017,357.8647,0.0000,0.0000,0.0000
74.178,450.1789,-1.1349,258.5878,0.2510,3.8000,-0.4500,352.1551,182.6031,358.0258,0.0000,0.0000,0.0000
74.289,449.9275,-1.2888,258.6378,0.2510,3.8000,-0.4500,352.0317,182.6069,358.4287,0.0000,0.0000,0.0000
74.402,449.7155,-1.4200,258.6772,0.2510,3.8000,-0.4500,352.0317,182.6069,358.4287,0.0000,0.0000,0.0000
74.513,449.4627,-1.5723,258.7234,0.2510,3.8000,-0.4500,351.8887,182.6105,358.7328,0.0000,0.0000,0.0000
74.622,449.2506,-1.7009,258.7583,0.2510,3.8000,-0.4500,351.8459,182.6114,358.8016,0.0000,0.0000,0.0000
74.748,448.9540,-1.8812,258.8038,0.2510,3.8000,-0.4500,351.6958,182.6143,359.0008,0.0000,0.0000,0.0000
74.859,448.7419,-2.0116,258.8336,0.2510,3.8000,-0.4500,351.5733,182.6163,359.1101,0.0000,0.0000,0.0000
74.971,448.4863,-2.1711,258.8663,0.2510,3.8000,-0.4500,351.5098,182.6173,359.1616,0.0000,0.0000,0.0000
75.081,448.2739,-2.3059,258.8932,0.2510,3.8000,-0.4500,351.2895,182.6203,359.2837,0.0000,0.0000,0.0000
75.207,447.9753,-2.4981,258.9274,0.2510,3.8000,-0.4500,351.1413,182.6221,359.3480,0.0000,0.0000,0.0000
75.331,447.7192,-2.6648,258.9556,0.2510,3.8000,-0.4500,350.9883,182.6238,359.4079,0.0000,0.0000,0.0000
75.456,447.4631,-2.8331,258.9827,0.2510,3.8000,-0.4500,350.8362,182.6253,359.4651,0.0000,0.0000,0.0000
75.582,447.2069,-3.0016,259.0094,0.2510,3.8000,-0.4500,350.6858,182.6267,359.5236,0.0000,0.0000,0.0000
75.692,446.9513,-3.1703,259.0368,0.2510,3.8000,-0.4500,350.4554,182.6284,359.6292,0.0000,0.0000,0.0000
75.817,446.6952,-3.3376,259.0632,0.2510,3.8000,-0.4500,350.3844,182.6288,359.6693,0.0000,0.0000,0.0000
75.928,446.4397,-3.5034,259.0906,0.2510,3.8000,-0.4500,350.2463,182.6295,359.7599,0.0000,0.0000,0.0000
76.040,446.2271,-3.6395,259.1141,0.2510,3.8000,-0.4500,350.1133,182.6300,359.8597,0.0000,0.0000,0.0000
76.165,445.9303,-3.8255,259.1485,0.2510,3.8000,-0.4500,349.9421,182.6301,0.0465,0.0000,0.0000,0.0000
76.276,445.7180,-3.9562,259.1738,0.2510,3.8000,-0.4500,349.8896,182.6301,0.1087,0.0000,0.0000,0.0000
76.387,445.4648,-4.1070,259.2069,0.2510,3.8000,-0.4500,349.7688,182.6296,0.3303,0.0000,0.0000,0.0000
76.498,445.2533,-4.2306,259.2362,0.2510,3.8000,-0.4500,349.7379,182.6294,0.4056,0.0000,0.0000,0.0000
76.610,445.0020,-4.3705,259.2757,0.2510,3.8000,-0.4500,349.6440,182.6285,0.7345,0.0000,0.0000,0.0000
76.722,444.7918,-4.4860,259.3116,0.2510,3.8000,-0.4500,349.6323,182.6283,0.8161,0.0000,0.0000,0.0000
76.830,444.5414,-4.6169,259.3606,0.2510,3.8000,-0.4500,349.6060,182.6279,1.0632,0.0000,0.0000,0.0000
76.956,444.2929,-4.7401,259.4157,0.2510,3.8000,-0.4500,349.6206,182.6282,1.4082,0.0000,0.0000,0.0000
77.065,444.0441,-4.8601,259.4777,0.2510,3.8000,-0.4500,349.6402,182.6287,1.5739,0.0000,0.0000,0.0000
77.191,443.7984,-4.9690,259.5468,0.2510,3.8000,-0.4500,349.7269,182.6315,1.9942,0.0000,0.0000,0.0000
77.316,443.5523,-5.0762,259.6236,0.2510,3.8000,-0.4500,349.7756,182.6333,2.1554,0.0000,0.0000,0.0000
77.441,443.3080,-5.1754,259.7083,0.2510,3.8000,-0.4500,349.8540,182.6365,2.3938,0.0000,0.0000,0.0000
77.553,443.0664,-5.2649,259.8008,0.2510,3.8000,-0.4500,350.0153,182.6439,2.7821,0.0000,0.0000,0.0000
77.677,442.8243,-5.3524,259.9010,0.2510,3.8000,-0.4500,350.0894,182.6476,2.9332,0.0000,0.0000,0.0000
77.787,442.5845,-5.4320,260.0087,0.2510,3.8000,-0.4500,350.2036,182.6538,3.1560,0.0000,0.0000,0.0000
77.898,442.3866,-5.4910,260.1038,0.2510,3.8000,-0.4500,350.3708,182.6636,3.4422,0.0000,0.0000,0.0000
78.024,442.1097,-5.5706,260.2449,0.2510,3.8000,-0.4500,350.5090,182.6723,3.6531,0.0000,0.0000,0.0000
78.137,441.9131,-5.6227,260.3512,0.2510,3.8000,-0.4500,350.6008,182.6783,3.7866,0.0000,0.0000,0.0000
78.259,441.6792,-5.6777,260.4840,0.2510,3.8000,-0.4500,350.7993,182.6921,4.0475,0.0000,0.0000,0.0000
78.372,441.4446,-5.7334,260.6232,0.2510,3.8000,-0.4500,350.7993,182.6921,4.0475,0.0000,0.0000,0.0000
78.484,441.2133,-5.7779,260.7664,0.2510,3.8000,-0.4500,351.0205,182.7084,4.2999,0.0000,0.0000,0.0000
78.594,441.0203,-5.8151,260.8898,0.2510,3.8000,-0.4500,351.0788,182.7129,4.3585,0.0000,0.0000,0.0000
78.718,440.7903,-5.8532,261.0407,0.2510,3.8000,-0.4500,351.2548,182.7267,4.5303,0.0000,0.0000,0.0000
78.829,440.5602,-5.8904,261.1952,0.2510,3.8000,-0.4500,351.3183,182.7319,4.5824,0.0000,0.0000,0.0000
78.954,440.3314,-5.9226,261.3520,0.2510,3.8000,-0.4500,351.4467,182.7424,4.6852,0.0000,0.0000,0.0000
79.067,440.1034,-5.9506,261.5106,0.2510,3.8000,-0.4500,351.6487,182.7594,4.8189,0.0000,0.0000,0.0000
79.191,439.8749,-5.9801,261.6724,0.2510,3.8000,-0.4500,351.6487,182.7594,4.8189,0.0000,0.0000,0.0000
79.302,439.6852,-6.0017,261.8080,0.2510,3.8000,-0.4500,351.7224,182.7657,4.8547,0.0000,0.0000,0.0000
79.428,439.4210,-6.0193,261.8899,0.2510,3.8000,-0.4500,351.8698,182.7784,4.9234,0.0000,0.0000,0.0000
79.553,439.1957,-6.0223,261.8651,0.2510,3.8000,-0.4500,351.8698,182.7784,4.9234,0.0000,0.0000,0.0000
79.678,438.9716,-6.0164,261.7939,0.2510,3.8000,-0.4500,351.9449,182.7850,4.9501,0.0000,0.0000,0.0000
79.803,438.7481,-6.0070,261.6977,0.2510,3.8000,-0.4500,351.9449,182.7850,4.9502,0.0000,0.0000,0.0000
79.914,438.5252,-5.9945,261.5845,0.2510,3.8000,-0.4500,351.9449,182.7850,4.9501,0.0000,0.0000,0.0000
80.025,438.3040,-5.9792,261.4478,0.2510,3.8000,-0.4500,351.9449,182.7850,4.9502,0.0000,0.0000,0.0000
80.148,438.0855,-5.9585,261.2857,0.2510,3.8000,-0.4500,352.0970,182.7983,5.0034,0.0000,0.0000,0.0000
80.274,437.8683,-5.9375,261.1038,0.2510,3.8000,-0.4500,352.0970,182.7983,5.0034,0.0000,0.0000,0.0000
80.385,437.6525,-5.9144,260.9073,0.2510,3.8000,-0.4500,352.0970,182.7983,5.0034,0.0000,0.0000,0.0000
80.497,437.4732,-5.8939,260.7359,0.2510,3.8000,-0.4500,352.0970,182.7983,5.0035,0.0000,0.0000,0.0000
80.608,437.2598,-5.8673,260.5129,0.2510,3.8000,-0.4500,352.0970,182.7983,5.0035,0.0000,0.0000,0.0000
80.732,437.0495,-5.8365,260.2558,0.2510,3.8000,-0.4500,352.0970,182.7983,5.0035,0.0000,0.0000,0.0000
80.858,436.8422,-5.8013,259.9663,0.2510,3.8000,-0.4500,352.0970,182.7983,5.0034,0.0000,0.0000,0.0000
80.968,436.6373,-5.7621,259.6526,0.2510,3.8000,-0.4500,352.0970,182.7983,5.0035,0.0000,0.0000,0.0000
81.079,436.4677,-5.7270,259.3782,0.2510,3.8000,-0.4500,352.0970,182.7983,5.0035,0.0000,0.0000,0.0000
81.190,436.2662,-5.6797,259.0389,0.2510,3.8000,-0.4500,352.2390,182.8110,5.0866,0.0000,0.0000,0.0000
81.315,436.0645,-5.6332,258.6978,0.2510,3.8000,-0.4500,352.2390,182.8110,5.0866,0.0000,0.0000,0.0000
81.440,435.8635,-5.5839,258.3574,0.2510,3.8000,-0.4500,352.3036,182.8168,5.1306,0.0000,0.0000,0.0000
81.553,435.6626,-5.5330,258.0187,0.2510,3.8000,-0.4500,352.3714,182.8230,5.1792,0.0000,0.0000,0.0000
81.677,435.4626,-5.4790,257.6811,0.2510,3.8000,-0.4500,352.5050,182.8353,5.2753,0.0000,0.0000,0.0000
81.803,435.2621,-5.4258,257.3452,0.2510,3.8000,-0.4500,352.5050,182.8353,5.2753,0.0000,0.0000,0.0000
81.927,435.0296,-5.3569,256.9555,0.2510,3.8000,-0.4500,352.7099,182.8546,5.4172,0.0000,0.0000,0.0000
82.053,434.8306,-5.2961,256.6243,0.2510,3.8000,-0.4500,352.8502,182.8682,5.5074,0.0000,0.0000,0.0000
82.177,434.6324,-5.2314,256.2945,0.2510,3.8000,-0.4500,353.0599,182.8888,5.6344,0.0000,0.0000,0.0000
82.302,434.4338,-5.1663,255.9664,0.2510,3.8000,-0.4500,353.1302,182.8958,5.6731,0.0000,0.0000,0.0000
82.427,434.2030,-5.0854,255.5880,0.2510,3.8000,-0.4500,353.2720,182.9101,5.7492,0.0000,0.0000,0.0000
82.539,434.0366,-5.0246,255.3476,0.2510,3.8000,-0.4500,353.4987,182.9333,5.8594,0.0000,0.0000,0.0000
82.648,433.8334,-4.9514,255.1080,0.2510,3.8000,-0.4500,353.8004,182.9648,5.9900,0.0000,0.0000,0.0000
82.774,433.6274,-4.8769,254.9080,0.2510,3.8000,-0.4500,354.1184,182.9987,6.1090,0.0000,0.0000,0.0000
82.886,433.4195,-4.8041,254.8072,0.2510,3.8000,-0.4500,354.3509,183.0238,6.1876,0.0000,0.0000,0.0000
82.996,433.2459,-4.7434,254.8309,0.2510,3.8000,-0.4500,354.7675,183.0697,6.3090,0.0000,0.0000,0.0000
83.121,433.0378,-4.6682,254.9326,0.2510,3.8000,-0.4500,355.2639,183.1253,6.4348,0.0000,0.0000,0.0000
83.246,432.7971,-4.5711,255.1140,0.2510,3.8000,-0.4500,355.8486,183.1922,6.5647,0.0000,0.0000,0.0000
83.357,432.6271,-4.4931,255.2704,0.2510,3.8000,-0.4500,356.2856,183.2429,6.6558,0.0000,0.0000,0.0000
83.482,432.4257,-4.3875,255.4774,0.2510,3.8000,-0.4500,356.8370,183.3079,6.7685,0.0000,0.0000,0.0000
83.594,432.2273,-4.2679,255.6979,0.2510,3.8000,-0.4500,357.4162,183.3774,6.8861,0.0000,0.0000,0.0000
83.718,432.0320,-4.1332,255.9278,0.2510,3.8000,-0.4500,358.0181,183.4508,7.0082,0.0000,0.0000,0.0000
83.830,431.8402,-3.9834,256.1700,0.2510,3.8000,-0.4500,358.6374,183.5276,7.1335,0.0000,0.0000,0.0000
83.955,431.6523,-3.8179,256.4248,0.2510,3.8000,-0.4500,359.2695,183.6075,7.2604,0.0000,0.0000,0.0000
84.065,431.4678,-3.6371,256.6890,0.2510,3.8000,-0.4500,359.9103,183.6898,7.3873,0.0000,0.0000,0.0000
84.177,431.3167,-3.4743,256.9138,0.2510,3.8000,-0.4500,0.4470,183.7599,7.4917,0.0000,0.0000,0.0000
84.287,431.1383,-3.2652,257.1866,0.2510,3.8000,-0.4500,1.0893,183.8451,7.6137,0.0000,0.0000,0.0000
84.399,430.9919,-3.0800,257.4149,0.2510,3.8000,-0.4500,1.6188,183.9163,7.7115,0.0000,0.0000,0.0000
84.513,430.8188,-2.8446,257.6882,0.2510,3.8000,-0.4500,2.2422,184.0014,7.8229,0.0000,0.0000,0.0000
84.636,430.6479,-2.5964,257.9594,0.2510,3.8000,-0.4500,2.8471,184.0852,7.9267,0.0000,0.0000,0.0000
84.761,430.4796,-2.3356,258.2279,0.2510,3.8000,-0.4500,3.4284,184.1667,8.0218,0.0000,0.0000,0.0000
84.886,430.2857,-2.0174,258.5373,0.2510,3.8000,-0.4500,4.0701,184.2579,8.1217,0.0000,0.0000,0.0000
85.010,430.1218,-1.7328,258.7992,0.2510,3.8000,-0.4500,4.5836,184.3318,8.2012,0.0000,0.0000,0.0000
85.136,429.9594,-1.4400,259.0582,0.2510,3.8000,-0.4500,4.9076,184.3788,8.2575,0.0000,0.0000,0.0000
85.260,429.7979,-1.1361,259.2947,0.2510,3.8000,-0.4500,5.4042,184.4516,8.3714,0.0000,0.0000,0.0000
85.372,429.6358,-0.8281,259.5055,0.2510,3.8000,-0.4500,5.6499,184.4882,8.4545,0.0000,0.0000,0.0000
85.498,429.4748,-0.5123,259.6937,0.2510,3.8000,-0.4500,5.9618,184.5351,8.5787,0.0000,0.0000,0.0000
85.607,429.3148,-0.1911,259.8685,0.2510,3.8000,-0.4500,6.1825,184.5688,8.7069,0.0000,0.0000,0.0000
85.731,429.1570,0.1369,260.0343,0.2510,3.8000,-0.4500,6.3932,184.6016,8.8457,0.0000,0.0000,0.0000
85.843,429.0276,0.4154,260.1688,0.2510,3.8000,-0.4500,6.5793,184.6310,9.0162,0.0000,0.0000,0.0000
85.954,428.8732,0.7517,260.3296,0.2510,3.8000,-0.4500,6.6379,184.6404,9.0741,0.0000,0.0000,0.0000
86.080,428.7228,1.0956,260.4890,0.2510,3.8000,-0.4500,6.7872,184.6647,9.2828,0.0000,0.0000,0.0000
86.205,428.5504,1.5019,260.6767,0.2510,3.8000,-0.4500,6.8910,184.6820,9.5213,0.0000,0.0000,0.0000
86.316,428.4297,1.7933,260.8131,0.2510,3.8000,-0.4500,6.9457,184.6913,9.6741,0.0000,0.0000,0.0000
86.441,428.2849,2.1420,260.9812,0.2510,3.8000,-0.4500,6.9456,184.6913,9.6741,0.0000,0.0000,0.0000
86.566,428.1209,2.5523,261.1814,0.2510,3.8000,-0.4500,6.9318,184.6888,9.9203,0.0000,0.0000,0.0000
86.691,427.9828,2.9040,261.3577,0.2510,3.8000,-0.4500,6.7965,184.6646,10.2316,0.0000,0.0000,0.0000
86.802,427.8674,3.1921,261.5085,0.2510,3.8000,-0.4500,6.7445,184.6551,10.2961,0.0000,0.0000,0.0000
86.913,427.7297,3.5231,261.5412,0.2510,3.8000,-0.4500,6.5124,184.6122,10.5341,0.0000,0.0000,0.0000
87.023,427.6118,3.7792,261.4364,0.2510,3.8000,-0.4500,6.3774,184.5868,10.6200,0.0000,0.0000,0.0000
87.136,427.4693,4.0713,261.2247,0.2510,3.8000,-0.4500,6.0786,184.5300,10.7649,0.0000,0.0000,0.0000
87.248,427.3251,4.3521,260.9597,0.2510,3.8000,-0.4500,5.8338,184.4831,10.8284,0.0000,0.0000,0.0000
87.370,427.1800,4.6246,260.6655,0.2510,3.8000,-0.4500,5.6726,184.4520,10.8616,0.0000,0.0000,0.0000
87.483,427.0582,4.8447,260.4086,0.2510,3.8000,-0.4500,5.2621,184.3728,10.8753,0.0000,0.0000,0.0000
87.595,426.9111,5.1038,260.0883,0.2510,3.8000,-0.4500,5.0282,184.3278,10.8485,0.0000,0.0000,0.0000
87.719,426.7621,5.3556,259.7623,0.2510,3.8000,-0.4500,4.7009,184.2650,10.7663,0.0000,0.0000,0.0000
87.829,426.6112,5.5999,259.4315,0.2510,3.8000,-0.4500,4.3939,184.2068,10.6569,0.0000,0.0000,0.0000
87.940,426.4832,5.7958,259.1515,0.2510,3.8000,-0.4500,4.0234,184.1374,10.4766,0.0000,0.0000,0.0000
88.051,426.3285,6.0261,258.8084,0.2510,3.8000,-0.4500,3.8126,184.0986,10.3502,0.0000,0.0000,0.0000
88.162,426.1957,6.2065,258.5216,0.2510,3.8000,-0.4500,3.4381,184.0309,10.0818,0.0000,0.0000,0.0000
88.275,426.0330,6.4144,258.1776,0.2510,3.8000,-0.4500,3.0173,183.9573,9.7398,0.0000,0.0000,0.0000
88.386,425.8662,6.6111,257.8364,0.2510,3.8000,-0.4500,2.6281,183.8916,9.3819,0.0000,0.0000,0.0000
88.497,425.7236,6.7663,257.5561,0.2510,3.8000,-0.4500,2.3116,183.8402,9.0637,0.0000,0.0000,0.0000
88.622,425.5476,6.9403,257.2280,0.2510,3.8000,-0.4500,1.9279,183.7803,8.6513,0.0000,0.0000,0.0000
88.731,425.3660,7.1006,256.9106,0.2510,3.8000,-0.4500,1.5323,183.7217,8.2027,0.0000,0.0000,0.0000
88.843,425.2101,7.2223,256.6548,0.2510,3.8000,-0.4500,1.1903,183.6736,7.8001,0.0000,0.0000,0.0000
88.968,424.9849,7.3740,256.3102,0.2510,3.8000,-0.4500,0.6909,183.6078,7.1937,0.0000,0.0000,0.0000
89.080,424.8189,7.4675,256.0736,0.2510,3.8000,-0.4500,0.3185,183.5624,6.7306,0.0000,0.0000,0.0000
89.192,424.6142,7.5630,255.8004,0.2510,3.8000,-0.4500,359.8552,183.5101,6.1440,0.0000,0.0000,0.0000
89.316,424.4032,7.6386,255.5426,0.2510,3.8000,-0.4500,359.3736,183.4609,5.5255,0.0000,0.0000,0.0000
89.428,424.1857,7.6935,255.3029,0.2510,3.8000,-0.4500,358.8739,183.4154,4.8778,0.0000,0.0000,0.0000
89.552,423.9622,7.7262,255.0807,0.2510,3.8000,-0.4500,358.3553,183.3742,4.2031,0.0000,0.0000,0.0000
89.676,423.7329,7.7359,254.8742,0.2510,3.8000,-0.4500,357.8190,183.3380,3.5054,0.0000,0.0000,0.0000
89.791,423.4985,7.7218,254.6811,0.2510,3.8000,-0.4500,357.2668,183.3076,2.7883,0.0000,0.0000,0.0000
89.898,423.2998,7.6916,254.5294,0.2510,3.8000,-0.4500,356.7968,183.2872,2.1795,0.0000,0.0000,0.0000
90.009,423.0562,7.6318,254.3736,0.2510,3.8000,-0.4500,356.2231,183.2691,1.4395,0.0000,0.0000,0.0000
90.135,422.8064,7.5441,254.2610,0.2510,3.8000,-0.4500,355.6363,183.2581,0.6925,0.0000,0.0000,0.0000
90.246,422.5509,7.4269,254.1896,0.2510,3.8000,-0.4500,355.0326,183.2548,359.9425,0.0000,0.0000,0.0000
90.371,422.2911,7.2802,254.1517,0.2510,3.8000,-0.4500,354.4122,183.2595,359.1942,0.0000,0.0000,0.0000
90.482,422.0733,7.1353,254.1410,0.2510,3.8000,-0.4500,353.8861,183.2698,358.5767,0.0000,0.0000,0.0000
90.606,421.7686,6.8993,254.1525,0.2510,3.8000,-0.4500,353.1436,183.2939,357.7299,0.0000,0.0000,0.0000
90.719,421.5527,6.7075,254.1764,0.2510,3.8000,-0.4500,352.6154,183.3178,357.1438,0.0000,0.0000,0.0000
90.829,421.2961,6.4537,254.2202,0.2510,3.8000,-0.4500,351.9900,183.3530,356.4674,0.0000,0.0000,0.0000
90.956,421.0429,6.1762,254.2610,0.2510,3.8000,-0.4500,351.3805,183.3945,355.8270,0.0000,0.0000,0.0000
91.066,420.7928,5.8890,254.2360,0.2510,3.8000,-0.4500,350.7998,183.4405,355.2286,0.0000,0.0000,0.0000
91.176,420.5868,5.6434,254.1774,0.2510,3.8000,-0.4500,350.3525,183.4802,354.7669,0.0000,0.0000,0.0000
91.301,420.3423,5.3421,254.0753,0.2510,3.8000,-0.4500,349.8658,183.5276,354.2597,0.0000,0.0000,0.0000
91.411,420.1007,5.0345,253.9475,0.2510,3.8000,-0.4500,349.4325,183.5737,353.8056,0.0000,0.0000,0.0000
91.522,419.9014,4.7732,253.8256,0.2510,3.8000,-0.4500,349.1092,183.6104,353.4684,0.0000,0.0000,0.0000
91.636,419.6647,4.4581,253.6647,0.2510,3.8000,-0.4500,348.8689,183.6389,353.2222,0.0000,0.0000,0.0000
91.759,419.4301,4.1383,253.4914,0.2510,3.8000,-0.4500,348.6879,183.6611,353.0408,0.0000,0.0000,0.0000
91.885,419.1579,3.7591,253.2777,0.2510,3.8000,-0.4500,348.4427,183.6922,352.8071,0.0000,0.0000,0.0000
91.996,418.9643,3.4845,253.1194,0.2510,3.8000,-0.4500,348.2495,183.7174,352.6404,0.0000,0.0000,0.0000
92.120,418.7335,3.1581,252.9235,0.2510,3.8000,-0.4500,348.1868,183.7257,352.5878,0.0000,0.0000,0.0000
92.245,418.4644,2.7756,252.6906,0.2510,3.8000,-0.4500,348.1175,183.7349,352.5445,0.0000,0.0000,0.0000
92.372,418.2342,2.4501,252.4885,0.2510,3.8000,-0.4500,348.1175,183.7349,352.5445,0.0000,0.0000,0.0000
92.495,418.0039,2.1261,252.2857,0.2510,3.8000,-0.4500,348.1175,183.7349,352.5445,0.0000,0.0000,0.0000
92.608,417.7757,1.7898,252.1898,0.2510,3.8000,-0.4500,348.1176,183.7349,352.5445,0.0000,0.0000,0.0000
92.733,417.5514,1.4292,252.2145,0.2510,3.8000,-0.4500,348.1176,183.7349,352.5445,0.0000,0.0000,0.0000
92.844,417.3300,1.0583,252.3084,0.2510,3.8000,-0.4500,347.9747,183.7540,352.6102,0.0000,0.0000,0.0000
92.967,417.1099,0.6869,252.4407,0.2510,3.8000,-0.4500,347.8106,183.7755,352.7911,0.0000,0.0000,0.0000
93.079,416.9268,0.3854,252.5679,0.2510,3.8000,-0.4500,347.6449,183.7965,353.1801,0.0000,0.0000,0.0000
93.204,416.6673,-0.0238,252.7576,0.2510,3.8000,-0.4500,347.6053,183.8013,353.7544,0.0000,0.0000,0.0000
93.316,416.4801,-0.3040,252.9036,0.2510,3.8000,-0.4500,347.6792,183.7933,354.1796,0.0000,0.0000,0.0000
93.427,416.2538,-0.6262,253.0914,0.2510,3.8000,-0.4500,347.8436,183.7770,354.7182,0.0000,0.0000,0.0000
93.539,416.0640,-0.8806,253.2562,0.2510,3.8000,-0.4500,348.0301,183.7602,355.1960,0.0000,0.0000,0.0000
93.664,415.7958,-1.2118,253.4960,0.2510,3.8000,-0.4500,348.3552,183.7344,355.9091,0.0000,0.0000,0.0000
93.787,415.5641,-1.4710,253.7067,0.2510,3.8000,-0.4500,348.6887,183.7120,356.5574,0.0000,0.0000,0.0000
93.899,415.3699,-1.6681,253.8868,0.2510,3.8000,-0.4500,349.0028,183.6944,357.1192,0.0000,0.0000,0.0000
94.011,415.1362,-1.8821,254.1112,0.2510,3.8000,-0.4500,349.4214,183.6756,357.8137,0.0000,0.0000,0.0000
94.135,414.9024,-2.0703,254.3447,0.2510,3.8000,-0.4500,349.8830,183.6606,358.5238,0.0000,0.0000,0.0000
94.246,414.6690,-2.2323,254.5858,0.2510,3.8000,-0.4500,350.3853,183.6507,359.2419,0.0000,0.0000,0.0000
94.371,414.4365,-2.3671,254.8330,0.2510,3.8000,-0.4500,350.9254,183.6469,359.9601,0.0000,0.0000,0.0000
94.483,414.2438,-2.4587,255.0430,0.2510,3.8000,-0.4500,351.4020,183.6491,0.5524,0.0000,0.0000,0.0000
94.606,413.9760,-2.5550,255.3412,0.2510,3.8000,-0.4500,352.1057,183.6610,1.3622,0.0000,0.0000,0.0000
94.707,413.7867,-2.6015,255.5570,0.2510,3.8000,-0.4500,352.6313,183.6762,1.9200,0.0000,0.0000,0.0000
94.815,413.5994,-2.6298,255.7754,0.2510,3.8000,-0.4500,353.1735,183.6971,2.4551,0.0000,0.0000,0.0000
94.942,413.3774,-2.6405,256.0412,0.2510,3.8000,-0.4500,353.8430,183.7297,3.0605,0.0000,0.0000,0.0000
95.052,413.1590,-2.6271,256.3110,0.2510,3.8000,-0.4500,354.5298,183.7700,3.6188,0.0000,0.0000,0.0000
95.163,412.9796,-2.5985,256.5391,0.2510,3.8000,-0.4500,355.1126,183.8092,4.0427,0.0000,0.0000,0.0000
95.273,412.7676,-2.5440,256.8165,0.2510,3.8000,-0.4500,355.8213,183.8624,4.4974,0.0000,0.0000,0.0000
95.399,412.5593,-2.4681,257.0975,0.2510,3.8000,-0.4500,356.5361,183.9213,4.8991,0.0000,0.0000,0.0000
95.524,412.3214,-2.3524,257.4291,0.2510,3.8000,-0.4500,357.3720,183.9963,5.3308,0.0000,0.0000,0.0000
95.635,412.1550,-2.2516,257.6680,0.2510,3.8000,-0.4500,357.9665,184.0534,5.6368,0.0000,0.0000,0.0000
95.745,411.9598,-2.1099,257.9572,0.2510,3.8000,-0.4500,358.6730,184.1255,6.0157,0.0000,0.0000,0.0000
95.859,411.8012,-1.9749,258.2013,0.2510,3.8000,-0.4500,359.2536,184.1884,6.3445,0.0000,0.0000,0.0000
95.983,411.6161,-1.7920,258.4983,0.2510,3.8000,-0.4500,359.9374,184.2668,6.7539,0.0000,0.0000,0.0000
96.094,411.4369,-1.5873,258.7990,0.2510,3.8000,-0.4500,0.6044,184.3483,7.1756,0.0000,0.0000,0.0000
96.219,411.2639,-1.3609,259.1023,0.2510,3.8000,-0.4500,1.2508,184.4321,7.6036,0.0000,0.0000,0.0000
96.329,411.0972,-1.1143,259.4076,0.2510,3.8000,-0.4500,1.8733,184.5176,8.0318,0.0000,0.0000,0.0000
96.454,410.9365,-0.8481,259.7093,0.2510,3.8000,-0.4500,2.4682,184.6038,8.4532,0.0000,0.0000,0.0000
96.565,410.7814,-0.5646,260.0047,0.2510,3.8000,-0.4500,3.0317,184.6897,8.8612,0.0000,0.0000,0.0000
96.690,410.6316,-0.2648,260.2944,0.2510,3.8000,-0.4500,3.5602,184.7741,9.2493,0.0000,0.0000,0.0000
96.802,410.5111,-0.0038,260.5329,0.2510,3.8000,-0.4500,3.9722,184.8425,9.5537,0.0000,0.0000,0.0000
96.914,410.3710,0.3210,260.8172,0.2510,3.8000,-0.4500,4.4312,184.9213,9.8918,0.0000,0.0000,0.0000
97.039,410.2357,0.6580,261.0989,0.2510,3.8000,-0.4500,4.8508,184.9959,10.1964,0.0000,0.0000,0.0000
97.149,410.1025,1.0013,261.3771,0.2510,3.8000,-0.4500,5.0686,185.0355,10.3488,0.0000,0.0000,0.0000
97.274,409.9734,1.3552,261.6483,0.2510,3.8000,-0.4500,5.3553,185.0886,10.5451,0.0000,0.0000,0.0000
97.399,409.8468,1.7156,261.9156,0.2510,3.8000,-0.4500,5.6326,185.1409,10.7217,0.0000,0.0000,0.0000
97.526,409.7013,2.1419,262.2247,0.2510,3.8000,-0.4500,5.8524,185.1830,10.8454,0.0000,0.0000,0.0000
97.638,409.5982,2.4479,262.4439,0.2510,3.8000,-0.4500,5.9237,185.1967,10.8841,0.0000,0.0000,0.0000
97.746,409.4747,2.8177,262.7004,0.2510,3.8000,-0.4500,6.0003,185.2115,10.9146,0.0000,0.0000,0.0000
97.858,409.3720,3.1266,262.9062,0.2510,3.8000,-0.4500,6.1528,185.2412,10.9718,0.0000,0.0000,0.0000
97.982,409.2475,3.4951,263.1481,0.2510,3.8000,-0.4500,6.1528,185.2412,10.9718,0.0000,0.0000,0.0000
98.094,409.1220,3.8612,263.3852,0.2510,3.8000,-0.4500,6.1528,185.2412,10.9718,0.0000,0.0000,0.0000
98.218,408.9953,4.2255,263.6181,0.2510,3.8000,-0.4500,6.2307,185.2564,10.9671,0.0000,0.0000,0.0000
98.330,408.8662,4.5851,263.8461,0.2510,3.8000,-0.4500,6.3802,185.2854,10.9045,0.0000,0.0000,0.0000
98.443,408.7563,4.8812,264.0307,0.2510,3.8000,-0.4500,6.5134,185.3112,10.8165,0.0000,0.0000,0.0000
98.553,408.6216,5.2318,264.2459,0.2510,3.8000,-0.4500,6.6317,185.3338,10.7106,0.0000,0.0000,0.0000
98.663,408.5053,5.5181,264.4202,0.2510,3.8000,-0.4500,6.7884,185.3634,10.5206,0.0000,0.0000,0.0000
98.788,408.3360,5.9092,264.6567,0.2510,3.8000,-0.4500,7.0214,185.4061,10.0692,0.0000,0.0000,0.0000
98.900,408.2111,6.1824,264.8193,0.2510,3.8000,-0.4500,7.1012,185.4202,9.8344,0.0000,0.0000,0.0000
99.024,408.0245,6.5370,264.8940,0.2510,3.8000,-0.4500,7.2224,185.4408,9.2504,0.0000,0.0000,0.0000
99.148,407.8533,6.8040,264.7813,0.2510,3.8000,-0.4500,7.2608,185.4470,8.7529,0.0000,0.0000,0.0000
99.275,407.6736,7.0468,264.5929,0.2510,3.8000,-0.4500,7.2524,185.4457,8.2430,0.0000,0.0000,0.0000
99.400,407.4858,7.2694,264.3717,0.2510,3.8000,-0.4500,7.2079,185.4395,7.7051,0.0000,0.0000,0.0000
99.524,407.2573,7.5077,264.1023,0.2510,3.8000,-0.4500,7.1162,185.4276,7.0319,0.0000,0.0000,0.0000
99.635,407.0878,7.6640,263.9124,0.2510,3.8000,-0.4500,7.0252,185.4167,6.5184,0.0000,0.0000,0.0000
99.747,406.8778,7.8370,263.6929,0.2510,3.8000,-0.4500,6.8867,185.4016,5.8655,0.0000,0.0000,0.0000
99.871,406.6603,7.9927,263.4868,0.2510,3.8000,-0.4500,6.7143,185.3848,5.1729,0.0000,0.0000,0.0000
99.984,406.4357,8.1307,263.2970,0.2510,3.8000,-0.4500,6.5055,185.3672,4.4419,0.0000,0.0000,0.0000
100.095,406.2430,8.2305,263.1528,0.2510,3.8000,-0.4500,6.3018,185.3524,3.8045,0.0000,0.0000,0.0000
100.205,406.0053,8.3314,262.9978,0.2510,3.8000,-0.4500,6.0196,185.3356,3.0083,0.0000,0.0000,0.0000
100.330,405.7608,8.4097,262.8647,0.2510,3.8000,-0.4500,5.6941,185.3208,2.1801,0.0000,0.0000,0.0000
100.430,405.5522,8.4568,262.7705,0.2510,3.8000,-0.4500,5.3886,185.3110,1.4684,0.0000,0.0000,0.0000
100.538,405.3397,8.4862,262.6906,0.2510,3.8000,-0.4500,5.0510,185.3045,0.7392,0.0000,0.0000,0.0000
100.664,405.0364,8.4956,262.5978,0.2510,3.8000,-0.4500,4.5244,185.3026,359.6953,0.0000,0.0000,0.0000
100.774,404.8171,8.4787,262.5398,0.2510,3.8000,-0.4500,4.1107,185.3076,358.9380,0.0000,0.0000,0.0000
100.885,404.5522,8.4316,262.4735,0.2510,3.8000,-0.4500,3.5763,185.3218,358.0236,0.0000,0.0000,0.0000
100.996,404.3312,8.3698,262.4164,0.2510,3.8000,-0.4500,3.1027,185.3414,357.2627,0.0000,0.0000,0.0000
101.108,404.0666,8.2689,262.3399,0.2510,3.8000,-0.4500,2.5059,185.3747,356.3585,0.0000,0.0000,0.0000
101.219,403.8477,8.1629,262.2661,0.2510,3.8000,-0.4500,1.9904,185.4109,355.6192,0.0000,0.0000,0.0000
101.330,403.5876,8.0111,262.1629,0.2510,3.8000,-0.4500,1.3564,185.4644,354.7563,0.0000,0.0000,0.0000
101.441,403.3736,7.8650,262.0633,0.2510,3.8000,-0.4500,0.8211,185.5168,354.0636,0.0000,0.0000,0.0000
101.566,403.0789,7.6331,261.9016,0.2510,3.8000,-0.4500,0.0687,185.6012,353.1420,0.0000,0.0000,0.0000
101.690,402.8311,7.4111,261.7422,0.2510,3.8000,-0.4500,359.4286,185.6824,352.4041,0.0000,0.0000,0.0000
101.815,402.5879,7.1703,261.5638,0.2510,3.8000,-0.4500,358.7985,185.7703,351.7195,0.0000,0.0000,0.0000
101.941,402.3493,6.9124,261.3674,0.2510,3.8000,-0.4500,358.1835,185.8634,351.0930,0.0000,0.0000,0.0000
102.051,402.1152,6.6402,261.1538,0.2510,3.8000,-0.4500,357.5870,185.9600,350.5274,0.0000,0.0000,0.0000
102.162,401.9233,6.4034,260.9636,0.2510,3.8000,-0.4500,357.1068,186.0420,350.1049,0.0000,0.0000,0.0000
102.274,401.6967,6.1093,260.7220,0.2510,3.8000,-0.4500,356.5523,186.1412,349.6577,0.0000,0.0000,0.0000
102.386,401.4735,5.8068,260.4673,0.2510,3.8000,-0.4500,356.0236,186.2397,349.2772,0.0000,0.0000,0.0000
102.498,401.2899,5.5488,260.2461,0.2510,3.8000,-0.4500,355.6036,186.3205,349.0117,0.0000,0.0000,0.0000
102.609,401.0718,5.2347,259.9714,0.2510,3.8000,-0.4500,355.1253,186.4148,348.7553,0.0000,0.0000,0.0000
102.719,400.8918,4.9705,259.7358,0.2510,3.8000,-0.4500,354.8223,186.4756,348.6221,0.0000,0.0000,0.0000
102.829,400.6769,4.6517,259.4475,0.2510,3.8000,-0.4500,354.5061,186.5399,348.5220,0.0000,0.0000,0.0000
102.955,400.4631,4.3302,259.1546,0.2510,3.8000,-0.4500,354.1840,186.6058,348.4525,0.0000,0.0000,0.0000
103.080,400.2501,4.0082,258.8596,0.2510,3.8000,-0.4500,353.7609,186.6929,348.4339,0.0000,0.0000,0.0000
103.193,400.0370,3.6885,258.5620,0.2510,3.8000,-0.4500,353.5168,186.7431,348.4626,0.0000,0.0000,0.0000
103.317,399.8239,3.3701,258.2921,0.2510,3.8000,-0.4500,353.1992,186.8081,348.5418,0.0000,0.0000,0.0000
103.440,399.6160,3.0280,258.2380,0.2510,3.8000,-0.4500,352.8207,186.8848,348.7348,0.0000,0.0000,0.0000
103.555,399.4120,2.6651,258.3336,0.2510,3.8000,-0.4500,352.3960,186.9690,349.0249,0.0000,0.0000,0.0000
103.664,399.2431,2.3536,258.4748,0.2510,3.8000,-0.4500,352.0743,187.0312,349.3088,0.0000,0.0000,0.0000
103.787,399.0060,1.9143,258.7203,0.2510,3.8000,-0.4500,351.6632,187.1079,349.7817,0.0000,0.0000,0.0000
103.899,398.8354,1.6039,258.9148,0.2510,3.8000,-0.4500,351.4001,187.1549,350.1776,0.0000,0.0000,0.0000
104.023,398.6295,1.2371,259.1697,0.2510,3.8000,-0.4500,351.1244,187.2019,350.7176,0.0000,0.0000,0.0000
104.136,398.4220,0.8809,259.4461,0.2510,3.8000,-0.4500,350.8977,187.2383,351.3258,0.0000,0.0000,0.0000
104.247,398.2122,0.5381,259.7376,0.2510,3.8000,-0.4500,350.7246,187.2640,351.9977,0.0000,0.0000,0.0000
104.359,398.0352,0.2658,259.9879,0.2510,3.8000,-0.4500,350.6238,187.2779,352.6017,0.0000,0.0000,0.0000
104.470,397.8197,-0.0434,260.2932,0.2510,3.8000,-0.4500,350.5578,187.2862,353.3720,0.0000,0.0000,0.0000
104.593,397.6011,-0.3303,260.6010,0.2510,3.8000,-0.4500,350.5532,187.2868,354.1825,0.0000,0.0000,0.0000
104.718,397.3795,-0.5937,260.9095,0.2510,3.8000,-0.4500,350.6102,187.2814,355.0219,0.0000,0.0000,0.0000
104.832,397.1553,-0.8317,261.2174,0.2510,3.8000,-0.4500,350.7281,187.2719,355.8780,0.0000,0.0000,0.0000
104.954,396.9291,-1.0443,261.5238,0.2510,3.8000,-0.4500,350.9056,187.2604,356.7369,0.0000,0.0000,0.0000
105.069,396.7010,-1.2299,261.8231,0.2510,3.8000,-0.4500,351.1404,187.2487,357.5851,0.0000,0.0000,0.0000
105.180,396.5098,-1.3643,262.0646,0.2510,3.8000,-0.4500,351.3776,187.2401,358.2725,0.0000,0.0000,0.0000
105.291,396.2798,-1.5016,262.3463,0.2510,3.8000,-0.4500,351.7093,187.2323,359.0611,0.0000,0.0000,0.0000
105.402,396.0880,-1.5971,262.5762,0.2510,3.8000,-0.4500,352.0221,187.2289,359.6779,0.0000,0.0000,0.0000
105.513,395.8582,-1.6908,262.8474,0.2510,3.8000,-0.4500,352.4384,187.2291,0.3578,0.0000,0.0000,0.0000
105.624,395.6285,-1.7625,263.1062,0.2510,3.8000,-0.4500,352.8956,187.2345,0.9605,0.0000,0.0000,0.0000
105.736,395.4370,-1.8062,263.3108,0.2510,3.8000,-0.4500,353.3035,187.2430,1.4007,0.0000,0.0000,0.0000
105.848,395.2078,-1.8408,263.5456,0.2510,3.8000,-0.4500,353.8200,187.2579,1.8621,0.0000,0.0000,0.0000
105.969,394.9795,-1.8573,263.7726,0.2510,3.8000,-0.4500,354.3599,187.2775,2.2641,0.0000,0.0000,0.0000
106.081,394.7903,-1.8581,263.9585,0.2510,3.8000,-0.4500,354.8233,187.2971,2.5610,0.0000,0.0000,0.0000
106.204,394.5265,-1.8406,264.2104,0.2510,3.8000,-0.4500,355.4862,187.3291,2.9214,0.0000,0.0000,0.0000
106.315,394.3386,-1.8157,264.3804,0.2510,3.8000,-0.4500,355.9663,187.3546,3.1381,0.0000,0.0000,0.0000
106.442,394.1134,-1.7736,264.5747,0.2510,3.8000,-0.4500,356.5449,187.3875,3.3507,0.0000,0.0000,0.0000
106.554,393.8886,-1.7199,264.7610,0.2510,3.8000,-0.4500,357.1228,187.4222,3.5094,0.0000,0.0000,0.0000
106.663,393.7015,-1.6675,264.9116,0.2510,3.8000,-0.4500,357.6016,187.4520,3.5993,0.0000,0.0000,0.0000
106.774,393.4770,-1.5967,265.0881,0.2510,3.8000,-0.4500,358.1711,187.4882,3.6563,0.0000,0.0000,0.0000
106.885,393.2521,-1.5190,265.2593,0.2510,3.8000,-0.4500,358.7330,187.5242,3.6581,0.0000,0.0000,0.0000
107.010,393.0264,-1.4356,265.4247,0.2510,3.8000,-0.4500,359.2856,187.5593,3.6054,0.0000,0.0000,0.0000
107.136,392.7996,-1.3483,265.5847,0.2510,3.8000,-0.4500,359.8275,187.5930,3.4997,0.0000,0.0000,0.0000
107.259,392.5713,-1.2581,265.7390,0.2510,3.8000,-0.4500,0.3574,187.6247,3.3431,0.0000,0.0000,0.0000
107.373,392.3411,-1.1668,265.8876,0.2510,3.8000,-0.4500,0.8747,187.6540,3.1382,0.0000,0.0000,0.0000
107.484,392.1087,-1.0753,266.0309,0.2510,3.8000,-0.4500,1.3784,187.6806,2.8882,0.0000,0.0000,0.0000
107.594,391.9133,-0.9999,266.1462,0.2510,3.8000,-0.4500,1.7878,187.7004,2.6481,0.0000,0.0000,0.0000
107.707,391.6766,-0.9110,266.2798,0.2510,3.8000,-0.4500,2.2662,187.7212,2.3253,0.0000,0.0000,0.0000
107.815,391.4772,-0.8393,266.3871,0.2510,3.8000,-0.4500,2.6543,187.7360,2.0302,0.0000,0.0000,0.0000
107.929,391.2354,-0.7564,266.5111,0.2510,3.8000,-0.4500,3.1071,187.7506,1.6490,0.0000,0.0000,0.0000
108.038,391.0318,-0.6904,266.6109,0.2510,3.8000,-0.4500,3.4739,187.7601,1.3118,0.0000,0.0000,0.0000
108.161,390.7849,-0.6157,266.7274,0.2510,3.8000,-0.4500,3.9016,187.7684,0.8881,0.0000,0.0000,0.0000
108.288,390.4936,-0.5349,266.8593,0.2510,3.8000,-0.4500,4.3838,187.7737,0.3736,0.0000,0.0000,0.0000
108.397,390.2833,-0.4817,266.9519,0.2510,3.8000,-0.4500,4.7175,187.7748,-0.0028,0.0000,0.0000,0.0000
108.523,390.0289,-0.4226,267.0623,0.2510,3.8000,-0.4500,5.1064,187.7732,359.5401,0.0000,0.0000,0.0000
108.647,389.7293,-0.3604,267.1920,0.2510,3.8000,-0.4500,5.5442,187.7677,359.0055,0.0000,0.0000,0.0000
108.760,389.5137,-0.3202,267.2863,0.2510,3.8000,-0.4500,5.8466,187.7614,358.6267,0.0000,0.0000,0.0000
108.871,389.2536,-0.2764,267.4020,0.2510,3.8000,-0.4500,6.1980,187.7515,358.1794,0.0000,0.0000,0.0000
108.981,389.0356,-0.2433,267.5012,0.2510,3.8000,-0.4500,6.4807,187.7416,357.8157,0.0000,0.0000,0.0000
109.093,388.7729,-0.2073,267.6247,0.2510,3.8000,-0.4500,6.8073,187.7278,357.3932,0.0000,0.0000,0.0000
109.218,388.5092,-0.1748,267.7539,0.2510,3.8000,-0.4500,7.1185,187.7124,356.9893,0.0000,0.0000,0.0000
109.327,388.2454,-0.1442,267.8896,0.2510,3.8000,-0.4500,7.3285,187.7008,356.7165,0.0000,0.0000,0.0000
109.440,388.0240,-0.1225,268.0065,0.2510,3.8000,-0.4500,7.5941,187.6846,356.3707,0.0000,0.0000,0.0000
109.564,387.7144,-0.0929,268.1774,0.2510,3.8000,-0.4500,7.7983,187.6711,356.1019,0.0000,0.0000,0.0000
109.675,387.4923,-0.0750,268.3038,0.2510,3.8000,-0.4500,8.0020,187.6566,355.8303,0.0000,0.0000,0.0000
109.790,387.2260,-0.0543,268.4604,0.2510,3.8000,-0.4500,8.1514,187.6453,355.6226,0.0000,0.0000,0.0000
109.897,387.0038,-0.0387,268.5946,0.2510,3.8000,-0.4500,8.2470,187.6378,355.4866,0.0000,0.0000,0.0000
110.022,386.7369,-0.0222,268.7595,0.2510,3.8000,-0.4500,8.3393,187.6303,355.3372,0.0000,0.0000,0.0000
110.133,386.4698,-0.0083,268.9281,0.2510,3.8000,-0.4500,8.4269,187.6230,355.1898,0.0000,0.0000,0.0000
110.260,386.2022,0.0043,269.1000,0.2510,3.8000,-0.4500,8.5067,187.6161,355.0445,0.0000,0.0000,0.0000
110.384,385.9347,0.0185,269.2747,0.2510,3.8000,-0.4500,8.5471,187.6125,354.9752,0.0000,0.0000,0.0000
110.497,385.6655,0.0336,269.4500,0.2510,3.8000,-0.4500,8.7780,187.5915,354.7268,0.0000,0.0000,0.0000
110.606,385.3970,0.0558,269.6272,0.2510,3.8000,-0.4500,8.8486,187.5849,354.6844,0.0000,0.0000,0.0000
110.717,385.1716,0.0789,269.7738,0.2510,3.8000,-0.4500,9.1465,187.5564,354.5413,0.0000,0.0000,0.0000
110.842,384.9011,0.1157,269.9498,0.2510,3.8000,-0.4500,9.4711,187.5248,354.4858,0.0000,0.0000,0.0000
110.953,384.6298,0.1630,270.1243,0.2510,3.8000,-0.4500,9.8156,187.4911,354.4945,0.0000,0.0000,0.0000
111.078,384.3577,0.2210,270.2965,0.2510,3.8000,-0.4500,10.1507,187.4584,354.5392,0.0000,0.0000,0.0000
111.191,384.0849,0.2933,270.4631,0.2510,3.8000,-0.4500,10.6560,187.4099,354.6903,0.0000,0.0000,0.0000
111.300,383.8572,0.3628,270.5980,0.2510,3.8000,-0.4500,11.0566,187.3726,354.8508,0.0000,0.0000,0.0000
111.411,383.5836,0.4573,270.7541,0.2510,3.8000,-0.4500,11.5005,187.3326,355.0713,0.0000,0.0000,0.0000
111.512,383.3549,0.5446,270.8792,0.2510,3.8000,-0.4500,11.7876,187.3078,355.2407,0.0000,0.0000,0.0000
111.620,383.1263,0.6417,270.9976,0.2510,3.8000,-0.4500,12.1472,187.2779,355.4771,0.0000,0.0000,0.0000
111.720,382.8976,0.7474,271.1096,0.2510,3.8000,-0.4500,12.4866,187.2512,355.7259,0.0000,0.0000,0.0000
111.828,382.6230,0.8837,271.2360,0.2510,3.8000,-0.4500,12.8153,187.2268,355.9997,0.0000,0.0000,0.0000
111.953,382.3486,1.0317,271.3521,0.2510,3.8000,-0.4500,13.1258,187.2053,356.2864,0.0000,0.0000,0.0000
112.064,382.1205,1.1643,271.4405,0.2510,3.8000,-0.4500,13.4146,187.1868,356.5915,0.0000,0.0000,0.0000
112.189,381.8014,1.3599,271.5535,0.2510,3.8000,-0.4500,13.6829,187.1712,356.9207,0.0000,0.0000,0.0000
112.301,381.5747,1.5099,271.6245,0.2510,3.8000,-0.4500,13.9295,187.1583,357.2713,0.0000,0.0000,0.0000
112.413,381.3030,1.6947,271.7012,0.2510,3.8000,-0.4500,14.0978,187.1505,357.5653,0.0000,0.0000,0.0000
112.537,381.0325,1.8877,271.7672,0.2510,3.8000,-0.4500,14.2403,187.1446,357.8665,0.0000,0.0000,0.0000
112.649,380.7636,2.0877,271.8233,0.2510,3.8000,-0.4500,14.3566,187.1404,358.1767,0.0000,0.0000,0.0000
112.773,380.4966,2.2960,271.8701,0.2510,3.8000,-0.4500,14.4475,187.1377,358.5891,0.0000,0.0000,0.0000
112.898,380.2311,2.5078,271.9098,0.2510,3.8000,-0.4500,14.4765,187.1371,358.9159,0.0000,0.0000,0.0000
112.998,380.0108,2.6864,271.9383,0.2510,3.8000,-0.4500,14.4791,187.1370,359.0767,0.0000,0.0000,0.0000
113.106,379.7493,2.9080,271.9675,0.2510,3.8000,-0.4500,14.4107,187.1378,359.5085,0.0000,0.0000,0.0000
113.219,379.5321,3.0925,271.9890,0.2510,3.8000,-0.4500,14.3712,187.1381,359.6721,0.0000,0.0000,0.0000
113.327,379.2751,3.3196,272.0116,0.2510,3.8000,-0.4500,14.1629,187.1384,0.1467,0.0000,0.0000,0.0000
113.439,379.0617,3.5077,272.0286,0.2510,3.8000,-0.4500,14.0258,187.1378,0.3614,0.0000,0.0000,0.0000
113.564,378.7669,3.7731,272.0515,0.2510,3.8000,-0.4500,13.6454,187.1337,0.8163,0.0000,0.0000,0.0000
113.677,378.5572,3.9607,272.0679,0.2510,3.8000,-0.4500,13.4467,187.1304,0.9857,0.0000,0.0000,0.0000
113.800,378.3084,4.1853,272.0900,0.2510,3.8000,-0.4500,13.0081,187.1214,1.2978,0.0000,0.0000,0.0000
113.925,378.0207,4.4429,272.1197,0.2510,3.8000,-0.4500,12.4655,187.1073,1.5903,0.0000,0.0000,0.0000
114.052,377.7760,4.6589,272.1497,0.2510,3.8000,-0.4500,11.9658,187.0922,1.7919,0.0000,0.0000,0.0000
114.162,377.5733,4.8348,272.1786,0.2510,3.8000,-0.4500,11.5186,187.0773,1.9326,0.0000,0.0000,0.0000
114.286,377.2913,5.0728,272.2261,0.2510,3.8000,-0.4500,10.8404,187.0530,2.0918,0.0000,0.0000,0.0000
114.412,377.0507,5.2673,272.2742,0.2510,3.8000,-0.4500,10.2103,187.0290,2.1937,0.0000,0.0000,0.0000
114.536,376.8109,5.4520,272.3296,0.2510,3.8000,-0.4500,9.5357,187.0023,2.2627,0.0000,0.0000,0.0000
114.648,376.5718,5.6246,272.3929,0.2510,3.8000,-0.4500,8.8186,186.9733,2.2968,0.0000,0.0000,0.0000
114.761,376.3727,5.7585,272.4516,0.2510,3.8000,-0.4500,8.1899,186.9478,2.2972,0.0000,0.0000,0.0000
114.870,376.1337,5.9052,272.5292,0.2510,3.8000,-0.4500,7.4001,186.9160,2.2619,0.0000,0.0000,0.0000
114.981,375.9343,6.0149,272.5999,0.2510,3.8000,-0.4500,6.7148,186.8891,2.2008,0.0000,0.0000,0.0000
115.106,375.6543,6.1468,272.7074,0.2510,3.8000,-0.4500,5.7176,186.8517,2.0637,0.0000,0.0000,0.0000
115.216,375.4534,6.2243,272.7900,0.2510,3.8000,-0.4500,4.9817,186.8259,1.9262,0.0000,0.0000,0.0000
115.329,375.2112,6.2969,272.8949,0.2510,3.8000,-0.4500,4.0761,186.7970,1.7143,0.0000,0.0000,0.0000
115.440,375.0081,6.3394,272.9866,0.2510,3.8000,-0.4500,3.3065,186.7753,1.4957,0.0000,0.0000,0.0000
115.565,374.7218,6.3690,273.1205,0.2510,3.8000,-0.4500,2.2109,186.7501,1.1210,0.0000,0.0000,0.0000
115.677,374.5157,6.3679,273.2195,0.2510,3.8000,-0.4500,1.4198,186.7368,0.8048,0.0000,0.0000,0.0000
115.802,374.2668,6.3411,273.3406,0.2510,3.8000,-0.4500,0.4656,186.7269,0.3780,0.0000,0.0000,0.0000
115.925,373.9742,6.2742,273.4847,0.2510,3.8000,-0.4500,359.3531,186.7248,359.8284,0.0000,0.0000,0.0000
116.038,373.7644,6.2026,273.5887,0.2510,3.8000,-0.4500,358.5637,186.7300,359.4097,0.0000,0.0000,0.0000
116.161,373.5120,6.0911,273.7145,0.2510,3.8000,-0.4500,357.6287,186.7439,358.8870,0.0000,0.0000,0.0000
116.273,373.2592,5.9518,273.8412,0.2510,3.8000,-0.4500,356.7134,186.7659,358.3499,0.0000,0.0000,0.0000
116.383,373.0489,5.8154,273.9475,0.2510,3.8000,-0.4500,355.9709,186.7903,357.8974,0.0000,0.0000,0.0000
116.496,372.7968,5.6277,274.0763,0.2510,3.8000,-0.4500,355.1102,186.8261,357.3558,0.0000,0.0000,0.0000
116.609,372.5462,5.4157,274.2068,0.2510,3.8000,-0.4500,354.2888,186.8680,356.8235,0.0000,0.0000,0.0000
116.717,372.3385,5.2211,274.3168,0.2510,3.8000,-0.4500,353.6387,186.9067,356.3929,0.0000,0.0000,0.0000
116.827,372.0909,4.9684,274.4501,0.2510,3.8000,-0.4500,352.9051,186.9565,355.8987,0.0000,0.0000,0.0000
116.939,371.8862,4.7426,274.5625,0.2510,3.8000,-0.4500,352.3362,186.9996,355.5108,0.0000,0.0000,0.0000
117.065,371.6021,4.4067,274.7223,0.2510,3.8000,-0.4500,351.6102,187.0603,355.0126,0.0000,0.0000,0.0000
117.190,371.3611,4.1024,274.8615,0.2510,3.8000,-0.4500,351.0576,187.1110,354.6344,0.0000,0.0000,0.0000
117.315,371.1224,3.7862,275.0034,0.2510,3.8000,-0.4500,350.5729,187.1585,354.3073,0.0000,0.0000,0.0000
117.439,370.8858,3.4612,275.1473,0.2510,3.8000,-0.4500,350.2173,187.1952,354.0751,0.0000,0.0000,0.0000
117.550,370.6508,3.1328,275.2929,0.2510,3.8000,-0.4500,350.0786,187.2099,353.9900,0.0000,0.0000,0.0000
117.662,370.4554,2.8537,275.4160,0.2510,3.8000,-0.4500,349.9329,187.2256,353.9075,0.0000,0.0000,0.0000
117.775,370.2218,2.5182,275.5646,0.2510,3.8000,-0.4500,349.8610,187.2334,353.8679,0.0000,0.0000,0.0000
117.883,370.0271,2.2400,275.6898,0.2510,3.8000,-0.4500,349.8610,187.2334,353.8679,0.0000,0.0000,0.0000
117.996,369.7935,1.9080,275.8414,0.2510,3.8000,-0.4500,349.8610,187.2334,353.8679,0.0000,0.0000,0.0000
118.106,369.5597,1.5819,275.9946,0.2510,3.8000,-0.4500,349.8610,187.2334,353.8679,0.0000,0.0000,0.0000
118.232,369.3257,1.2637,276.1494,0.2510,3.8000,-0.4500,349.8610,187.2334,353.8679,0.0000,0.0000,0.0000
118.357,369.0913,0.9571,276.3060,0.2510,3.8000,-0.4500,349.8610,187.2334,353.8679,0.0000,0.0000,0.0000
118.468,368.8576,0.6685,276.4650,0.2510,3.8000,-0.4500,349.8784,187.2316,354.1240,0.0000,0.0000,0.0000
118.592,368.6229,0.4025,276.6241,0.2510,3.8000,-0.4500,350.0403,187.2156,354.6619,0.0000,0.0000,0.0000
118.704,368.3853,0.1554,276.7804,0.2510,3.8000,-0.4500,350.3320,187.1894,355.1790,0.0000,0.0000,0.0000
118.815,368.1854,-0.0337,276.9082,0.2510,3.8000,-0.4500,350.6439,187.1639,355.6102,0.0000,0.0000,0.0000
118.938,367.9437,-0.2397,277.0582,0.2510,3.8000,-0.4500,351.0779,187.1322,356.1475,0.0000,0.0000,0.0000
119.063,367.7006,-0.4205,277.2045,0.2510,3.8000,-0.4500,351.5630,187.1017,356.7154,0.0000,0.0000,0.0000
119.174,367.4562,-0.5756,277.3469,0.2510,3.8000,-0.4500,352.0884,187.0740,357.3138,0.0000,0.0000,0.0000
119.285,367.2115,-0.7042,277.4858,0.2510,3.8000,-0.4500,352.6456,187.0507,357.9385,0.0000,0.0000,0.0000
119.411,366.9668,-0.8059,277.6217,0.2510,3.8000,-0.4500,353.2263,187.0329,358.5829,0.0000,0.0000,0.0000
119.535,366.7228,-0.8812,277.7552,0.2510,3.8000,-0.4500,353.8231,187.0215,359.2399,0.0000,0.0000,0.0000
119.661,366.4800,-0.9305,277.8873,0.2510,3.8000,-0.4500,354.4279,187.0170,359.9020,0.0000,0.0000,0.0000
119.785,366.1994,-0.9563,278.0412,0.2510,3.8000,-0.4500,355.1340,187.0205,0.6717,0.0000,0.0000,0.0000
119.898,366.0011,-0.9545,278.1522,0.2510,3.8000,-0.4500,355.6327,187.0288,1.2137,0.0000,0.0000,0.0000
120.009,365.7659,-0.9315,278.2880,0.2510,3.8000,-0.4500,356.2192,187.0445,1.8499,0.0000,0.0000,0.0000
