time_sec,world_x,world_y,world_z,local_x,local_y,local_z,world_rot_x,world_rot_y,world_rot_z,local_rot_x,local_rot_y,local_rot_z
0.000,598.8349,5.2159,250.4544,0.2510,3.8000,-0.4500,0.0000,180.0000,0.0000,0.0000,0.0000,0.0000
0.000,598.8349,5.2159,250.4544,0.2510,3.8000,-0.4500,0.0000,180.0000,0.0000,0.0000,0.0000,0.0000
0.123,598.5438,4.9589,250.4605,0.2510,3.8000,-0.4500,0.0000,180.0000,0.0000,0.0000,0.0000,0.0000
0.236,598.1249,4.5996,250.4659,0.2510,3.8000,-0.4500,0.0000,180.0000,0.0000,0.0000,0.0000,0.0000
0.347,597.5930,4.1497,250.4707,0.2510,3.8000,-0.4500,0.0000,180.0000,0.0000,0.0000,0.0000,0.0000
0.459,597.0733,3.7129,250.4659,0.2510,3.8000,-0.4500,0.0000,180.0000,0.0000,0.0000,0.0000,0.0000
0.571,596.3718,3.1227,250.4101,0.2510,3.8000,-0.4500,0.0000,180.0000,0.0000,0.0000,0.0000,0.0000
0.682,595.7308,2.5814,250.3047,0.2510,3.8000,-0.4500,0.0000,180.0000,0.0000,0.0000,0.0000,0.0000
0.793,594.9028,1.8789,250.1002,0.2510,3.8000,-0.4500,0.0000,180.0000,0.0000,0.0000,0.0000,0.0000
0.904,594.1691,1.2539,249.8649,0.2510,3.8000,-0.4500,0.0000,180.0000,0.0000,0.0000,0.0000,0.0000
1.016,593.2424,0.4615,249.5082,0.2510,3.8000,-0.4500,0.0000,180.0000,0.0000,0.0000,0.0000,0.0000
1.127,592.2843,-0.3605,249.0829,0.2510,3.8000,-0.4500,0.0000,180.0000,0.0000,0.0000,0.0000,0.0000
1.238,591.6735,-0.8877,248.7879,0.2510,3.8000,-0.4500,359.2422,180.0000,0.0020,0.0000,0.0000,0.0000
1.349,591.1550,-1.2055,248.5183,0.2510,3.8000,-0.4500,358.0529,179.9999,0.0052,0.0000,0.0000,0.0000
1.461,590.8248,-1.2617,248.3334,0.2510,3.8000,-0.4500,357.4666,179.9999,0.0066,0.0000,0.0000,0.0000
1.571,590.4959,-1.1823,248.1359,0.2510,3.8000,-0.4500,357.4666,179.9999,0.0066,0.0000,0.0000,0.0000
1.683,590.2537,-1.0738,247.9847,0.2510,3.8000,-0.4500,357.4666,179.9999,0.0066,0.0000,0.0000,0.0000
1.794,589.9839,-0.9598,247.8111,0.2510,3.8000,-0.4500,357.4666,179.9999,0.0066,0.0000,0.0000,0.0000
1.905,589.7690,-0.9046,247.6689,0.2510,3.8000,-0.4500,357.4666,179.9999,0.0066,0.0000,0.0000,0.0000
2.017,589.5176,-0.8929,247.4994,0.2510,3.8000,-0.4500,357.4666,179.9999,0.0066,0.0000,0.0000,0.0000
2.128,589.2701,-0.9292,247.3308,0.2510,3.8000,-0.4500,357.4666,179.9999,0.0066,0.0000,0.0000,0.0000
2.239,589.0653,-0.9819,247.1912,0.2510,3.8000,-0.4500,357.4666,179.9999,0.0066,0.0000,0.0000,0.0000
2.350,588.8203,-1.0559,247.0272,0.2510,3.8000,-0.4500,357.4666,179.9999,0.0066,0.0000,0.0000,0.0000
2.461,588.6160,-1.1175,246.8983,0.2510,3.8000,-0.4500,357.4666,179.9999,0.0066,0.0000,0.0000,0.0000
2.573,588.3704,-1.1850,246.7541,0.2510,3.8000,-0.4500,357.4666,179.9999,0.0066,0.0000,0.0000,0.0000
2.684,588.1649,-1.2348,246.6438,0.2510,3.8000,-0.4500,357.4666,179.9999,0.0066,0.0000,0.0000,0.0000
2.795,587.9158,-1.2889,246.5423,0.2510,3.8000,-0.4500,357.4666,179.9999,0.0066,0.0000,0.0000,0.0000
2.907,587.6629,-1.3405,246.4814,0.2510,3.8000,-0.4500,357.4666,179.9999,0.0066,0.0000,0.0000,0.0000
3.017,587.4500,-1.3838,246.4577,0.2510,3.8000,-0.4500,357.4666,179.9999,0.0066,0.0000,0.0000,0.0000
3.128,587.1945,-1.4383,246.4635,0.2510,3.8000,-0.4500,357.4666,179.9999,0.0066,0.0000,0.0000,0.0000
3.238,586.9826,-1.4866,246.4963,0.2510,3.8000,-0.4500,357.4666,179.9999,0.0066,0.0000,0.0000,0.0000
3.349,586.7297,-1.5481,246.5624,0.2510,3.8000,-0.4500,357.4666,179.9999,0.0066,0.0000,0.0000,0.0000
3.463,586.5201,-1.6019,246.6371,0.2510,3.8000,-0.4500,357.4666,179.9999,0.0066,0.0000,0.0000,0.0000
3.572,586.2704,-1.6691,246.7496,0.2510,3.8000,-0.4500,357.4666,179.9999,0.0066,0.0000,0.0000,0.0000
3.683,586.0634,-1.7265,246.8592,0.2510,3.8000,-0.4500,357.4666,179.9999,0.0066,0.0000,0.0000,0.0000
3.794,585.8159,-1.7964,247.0045,0.2510,3.8000,-0.4500,357.4666,179.9999,0.0066,0.0000,0.0000,0.0000
3.906,585.5692,-1.8667,247.1598,0.2510,3.8000,-0.4500,357.4666,179.9999,0.0066,0.0000,0.0000,0.0000
4.016,585.3638,-1.9254,247.2942,0.2510,3.8000,-0.4500,357.4666,179.9999,0.0066,0.0000,0.0000,0.0000
4.127,585.1177,-1.9954,247.4593,0.2510,3.8000,-0.4500,357.4666,179.9999,0.0066,0.0000,0.0000,0.0000
4.240,584.9127,-2.0535,247.5994,0.2510,3.8000,-0.4500,357.4666,179.9999,0.0066,0.0000,0.0000,0.0000
4.350,584.6666,-2.1225,247.7700,0.2510,3.8000,-0.4500,357.4666,179.9999,0.0066,0.0000,0.0000,0.0000
4.461,584.4615,-2.1794,247.9136,0.2510,3.8000,-0.4500,357.4666,179.9999,0.0066,0.0000,0.0000,0.0000
4.572,584.2154,-2.2466,248.0868,0.2510,3.8000,-0.4500,357.4666,179.9999,0.0066,0.0000,0.0000,0.0000
4.684,584.0103,-2.3015,248.2315,0.2510,3.8000,-0.4500,357.4666,179.9999,0.0065,0.0000,0.0000,0.0000
4.794,583.7642,-2.3656,248.4051,0.2510,3.8000,-0.4500,357.4666,179.9999,0.0065,0.0000,0.0000,0.0000
4.906,583.5181,-2.4275,248.5784,0.2510,3.8000,-0.4500,357.4666,179.9999,0.0065,0.0000,0.0000,0.0000
5.016,583.3129,-2.4769,248.7224,0.2510,3.8000,-0.4500,357.4666,179.9999,0.0065,0.0000,0.0000,0.0000
5.128,583.0664,-2.5334,248.8942,0.2510,3.8000,-0.4500,357.4666,179.9999,0.0065,0.0000,0.0000,0.0000
5.239,582.8610,-2.5777,249.0365,0.2510,3.8000,-0.4500,357.4666,179.9999,0.0065,0.0000,0.0000,0.0000
5.351,582.6142,-2.6277,249.2058,0.2510,3.8000,-0.4500,357.5287,179.9998,359.9519,0.0000,0.0000,0.0000
5.475,582.3675,-2.6731,249.3743,0.2510,3.8000,-0.4500,357.5924,179.9998,359.8990,0.0000,0.0000,0.0000
5.585,582.1209,-2.7134,249.5414,0.2510,3.8000,-0.4500,357.7383,179.9994,359.8252,0.0000,0.0000,0.0000
5.697,581.9156,-2.7423,249.6801,0.2510,3.8000,-0.4500,357.9025,179.9988,359.7842,0.0000,0.0000,0.0000
5.822,581.6696,-2.7717,249.8473,0.2510,3.8000,-0.4500,358.0642,179.9982,359.7524,0.0000,0.0000,0.0000
5.933,581.4243,-2.7946,250.0150,0.2510,3.8000,-0.4500,358.2284,179.9975,359.7547,0.0000,0.0000,0.0000
6.044,581.2202,-2.8064,250.1539,0.2510,3.8000,-0.4500,358.5606,179.9962,359.7991,0.0000,0.0000,0.0000
6.156,580.9759,-2.8175,250.3222,0.2510,3.8000,-0.4500,358.6412,179.9959,359.8212,0.0000,0.0000,0.0000
6.267,580.7322,-2.8194,250.4889,0.2510,3.8000,-0.4500,358.8836,179.9953,359.8950,0.0000,0.0000,0.0000
6.378,580.5300,-2.8135,250.6265,0.2510,3.8000,-0.4500,359.1953,179.9951,0.0240,0.0000,0.0000,0.0000
6.490,580.2874,-2.8015,250.7919,0.2510,3.8000,-0.4500,359.4172,179.9954,0.1339,0.0000,0.0000,0.0000
6.599,580.0853,-2.7876,250.9300,0.2510,3.8000,-0.4500,359.4893,179.9956,0.1711,0.0000,0.0000,0.0000
6.711,579.8445,-2.7588,251.0933,0.2510,3.8000,-0.4500,359.8483,179.9973,0.3824,0.0000,0.0000,0.0000
6.822,579.6436,-2.7329,251.2311,0.2510,3.8000,-0.4500,359.9196,179.9978,0.4293,0.0000,0.0000,0.0000
6.933,579.4047,-2.6895,251.3950,0.2510,3.8000,-0.4500,0.2729,180.0012,0.6684,0.0000,0.0000,0.0000
7.058,579.1656,-2.6424,251.5607,0.2510,3.8000,-0.4500,0.4102,180.0029,0.7694,0.0000,0.0000,0.0000
7.183,578.9283,-2.5864,251.7267,0.2510,3.8000,-0.4500,0.6134,180.0059,0.9216,0.0000,0.0000,0.0000
7.295,578.6923,-2.5214,251.8933,0.2510,3.8000,-0.4500,0.8752,180.0106,1.1289,0.0000,0.0000,0.0000
7.406,578.4556,-2.4508,252.0367,0.2510,3.8000,-0.4500,1.0696,180.0147,1.2905,0.0000,0.0000,0.0000
7.517,578.2590,-2.3916,252.0447,0.2510,3.8000,-0.4500,1.1328,180.0161,1.3437,0.0000,0.0000,0.0000
7.628,578.0317,-2.3183,251.8770,0.2510,3.8000,-0.4500,1.3213,180.0208,1.5133,0.0000,0.0000,0.0000
7.739,577.8491,-2.2590,251.6106,0.2510,3.8000,-0.4500,1.4416,180.0241,1.6327,0.0000,0.0000,0.0000
7.850,577.6395,-2.1924,251.1293,0.2510,3.8000,-0.4500,1.5004,180.0258,1.6923,0.0000,0.0000,0.0000
7.961,577.4720,-2.1359,250.6175,0.2510,3.8000,-0.4500,1.6624,180.0309,1.8786,0.0000,0.0000,0.0000
8.073,577.2735,-2.0745,249.9335,0.2510,3.8000,-0.4500,1.6624,180.0309,1.8786,0.0000,0.0000,0.0000
8.197,577.0776,-2.0110,249.2186,0.2510,3.8000,-0.4500,1.7106,180.0325,1.9437,0.0000,0.0000,0.0000
8.308,576.8839,-1.9424,248.4988,0.2510,3.8000,-0.4500,1.8540,180.0377,2.1556,0.0000,0.0000,0.0000
8.433,576.6890,-1.8763,247.7859,0.2510,3.8000,-0.4500,1.8540,180.0377,2.1556,0.0000,0.0000,0.0000
8.545,576.5272,-1.8178,247.1972,0.2510,3.8000,-0.4500,1.8979,180.0393,2.2264,0.0000,0.0000,0.0000
8.655,576.3335,-1.7460,246.4970,0.2510,3.8000,-0.4500,1.9417,180.0411,2.2972,0.0000,0.0000,0.0000
8.766,576.1391,-1.6739,245.8023,0.2510,3.8000,-0.4500,1.9417,180.0410,2.2972,0.0000,0.0000,0.0000
8.891,575.9476,-1.5962,245.0905,0.2510,3.8000,-0.4500,2.0716,180.0465,2.5088,0.0000,0.0000,0.0000
9.016,575.7552,-1.5229,244.3707,0.2510,3.8000,-0.4500,2.0716,180.0465,2.5088,0.0000,0.0000,0.0000
9.127,575.5597,-1.4467,243.7098,0.2510,3.8000,-0.4500,2.0716,180.0465,2.5088,0.0000,0.0000,0.0000
9.238,575.3921,-1.3796,243.2372,0.2510,3.8000,-0.4500,2.0716,180.0465,2.5088,0.0000,0.0000,0.0000
9.350,575.1810,-1.2918,242.8194,0.2510,3.8000,-0.4500,2.0716,180.0465,2.5088,0.0000,0.0000,0.0000
9.461,574.9973,-1.2108,242.5929,0.2510,3.8000,-0.4500,2.1196,180.0486,2.5744,0.0000,0.0000,0.0000
9.572,574.7706,-1.1078,242.4665,0.2510,3.8000,-0.4500,2.1196,180.0486,2.5744,0.0000,0.0000,0.0000
9.683,574.5805,-1.0171,242.4506,0.2510,3.8000,-0.4500,2.1196,180.0486,2.5744,0.0000,0.0000,0.0000
9.795,574.3528,-0.9045,242.5068,0.2510,3.8000,-0.4500,2.1196,180.0486,2.5744,0.0000,0.0000,0.0000
9.920,574.1265,-0.7898,242.6180,0.2510,3.8000,-0.4500,2.1196,180.0486,2.5744,0.0000,0.0000,0.0000
10.030,573.9010,-0.6749,242.7630,0.2510,3.8000,-0.4500,2.1196,180.0486,2.5744,0.0000,0.0000,0.0000
10.155,573.6756,-0.5614,242.9277,0.2510,3.8000,-0.4500,2.1196,180.0486,2.5744,0.0000,0.0000,0.0000
10.282,573.4503,-0.4503,243.1038,0.2510,3.8000,-0.4500,2.1196,180.0486,2.5744,0.0000,0.0000,0.0000
10.405,573.2247,-0.3427,243.2860,0.2510,3.8000,-0.4500,2.1196,180.0486,2.5744,0.0000,0.0000,0.0000
10.517,572.9985,-0.2394,243.4715,0.2510,3.8000,-0.4500,2.1196,180.0486,2.5744,0.0000,0.0000,0.0000
10.641,572.7718,-0.1410,243.6588,0.2510,3.8000,-0.4500,2.1196,180.0486,2.5745,0.0000,0.0000,0.0000
10.754,572.5442,-0.0480,243.8470,0.2510,3.8000,-0.4500,2.1196,180.0486,2.5745,0.0000,0.0000,0.0000
10.864,572.3538,0.0249,244.0030,0.2510,3.8000,-0.4500,2.1196,180.0486,2.5745,0.0000,0.0000,0.0000
10.989,572.0860,0.1195,244.2192,0.2510,3.8000,-0.4500,2.1196,180.0486,2.5745,0.0000,0.0000,0.0000
11.099,571.8937,0.1813,244.3716,0.2510,3.8000,-0.4500,2.1196,180.0486,2.5745,0.0000,0.0000,0.0000
11.224,571.6581,0.2408,244.5477,0.2510,3.8000,-0.4500,1.9459,180.0415,2.1798,0.0000,0.0000,0.0000
11.336,571.4221,0.2977,244.7110,0.2510,3.8000,-0.4500,1.8661,180.0385,2.0324,0.0000,0.0000,0.0000
11.461,571.1832,0.3452,244.8507,0.2510,3.8000,-0.4500,1.7429,180.0344,1.8179,0.0000,0.0000,0.0000
11.572,570.9490,0.3803,244.7805,0.2510,3.8000,-0.4500,1.5688,180.0293,1.5365,0.0000,0.0000,0.0000
11.683,570.7639,0.4024,244.5079,0.2510,3.8000,-0.4500,1.4834,180.0271,1.3974,0.0000,0.0000,0.0000
11.794,570.5500,0.4207,243.9938,0.2510,3.8000,-0.4500,1.4000,180.0252,1.2591,0.0000,0.0000,0.0000
11.906,570.3410,0.4298,243.3565,0.2510,3.8000,-0.4500,1.2811,180.0228,1.0356,0.0000,0.0000,0.0000
12.030,570.1348,0.4347,242.6519,0.2510,3.8000,-0.4500,1.2094,180.0215,0.8871,0.0000,0.0000,0.0000
12.140,569.9628,0.4329,242.0375,0.2510,3.8000,-0.4500,1.1106,180.0202,0.6604,0.0000,0.0000,0.0000
12.266,569.7215,0.4271,241.1821,0.2510,3.8000,-0.4500,1.0220,180.0194,0.4255,0.0000,0.0000,0.0000
12.377,569.5449,0.4221,240.6426,0.2510,3.8000,-0.4500,0.9951,180.0192,0.3489,0.0000,0.0000,0.0000
12.489,569.3240,0.4123,240.1218,0.2510,3.8000,-0.4500,0.9419,180.0189,0.1940,0.0000,0.0000,0.0000
12.600,569.1313,0.3995,239.7930,0.2510,3.8000,-0.4500,0.8618,180.0188,359.9558,0.0000,0.0000,0.0000
12.711,568.8903,0.3800,239.5181,0.2510,3.8000,-0.4500,0.7517,180.0192,359.6397,0.0000,0.0000,0.0000
12.823,568.6843,0.3658,239.3695,0.2510,3.8000,-0.4500,0.7517,180.0192,359.6397,0.0000,0.0000,0.0000
12.933,568.4290,0.3378,239.2601,0.2510,3.8000,-0.4500,0.6347,180.0203,359.3298,0.0000,0.0000,0.0000
13.044,568.2142,0.3143,239.2056,0.2510,3.8000,-0.4500,0.6034,180.0207,359.2516,0.0000,0.0000,0.0000
13.155,567.9533,0.2783,239.1782,0.2510,3.8000,-0.4500,0.5085,180.0221,359.0172,0.0000,0.0000,0.0000
13.267,567.6912,0.2375,239.1738,0.2510,3.8000,-0.4500,0.4134,180.0239,358.7856,0.0000,0.0000,0.0000
13.377,567.4731,0.2026,239.1625,0.2510,3.8000,-0.4500,0.3829,180.0246,358.7112,0.0000,0.0000,0.0000
13.489,567.2113,0.1572,239.1380,0.2510,3.8000,-0.4500,0.3539,180.0253,358.6382,0.0000,0.0000,0.0000
13.600,566.9921,0.1134,239.1110,0.2510,3.8000,-0.4500,0.2685,180.0275,358.4120,0.0000,0.0000,0.0000
13.711,566.7306,0.0637,239.0728,0.2510,3.8000,-0.4500,0.2685,180.0275,358.4120,0.0000,0.0000,0.0000
13.822,566.5120,0.0173,239.0672,0.2510,3.8000,-0.4500,0.2190,180.0289,358.2539,0.0000,0.0000,0.0000
13.948,566.2095,-0.0455,239.1169,0.2510,3.8000,-0.4500,0.2190,180.0289,358.2539,0.0000,0.0000,0.0000
14.058,565.9945,-0.0934,239.1860,0.2510,3.8000,-0.4500,0.1962,180.0296,358.1765,0.0000,0.0000,0.0000
14.169,565.7369,-0.1507,239.2746,0.2510,3.8000,-0.4500,0.1962,180.0296,358.1765,0.0000,0.0000,0.0000
14.270,565.5208,-0.2012,239.3378,0.2510,3.8000,-0.4500,0.1687,180.0305,358.0981,0.0000,0.0000,0.0000
14.379,565.3040,-0.2509,239.3700,0.2510,3.8000,-0.4500,0.1687,180.0305,358.0981,0.0000,0.0000,0.0000
14.503,565.0451,-0.3113,239.3478,0.2510,3.8000,-0.4500,0.1687,180.0305,358.0981,0.0000,0.0000,0.0000
14.614,564.7928,-0.3744,239.2074,0.2510,3.8000,-0.4500,0.0860,180.0333,357.9581,0.0000,0.0000,0.0000
14.725,564.5897,-0.4235,238.9979,0.2510,3.8000,-0.4500,0.0860,180.0334,357.9581,0.0000,0.0000,0.0000
14.835,564.3516,-0.4809,238.6638,0.2510,3.8000,-0.4500,0.0860,180.0334,357.9581,0.0000,0.0000,0.0000
14.947,564.1170,-0.5366,238.2831,0.2510,3.8000,-0.4500,0.0860,180.0334,357.9581,0.0000,0.0000,0.0000
15.058,563.9229,-0.5816,237.9498,0.2510,3.8000,-0.4500,0.0860,180.0334,357.9581,0.0000,0.0000,0.0000
15.169,563.6906,-0.6338,237.5413,0.2510,3.8000,-0.4500,0.0860,180.0334,357.9581,0.0000,0.0000,0.0000
15.281,563.4973,-0.6757,237.1967,0.2510,3.8000,-0.4500,0.0860,180.0334,357.9581,0.0000,0.0000,0.0000
15.392,563.2661,-0.7239,236.7796,0.2510,3.8000,-0.4500,0.0860,180.0334,357.9581,0.0000,0.0000,0.0000
15.503,563.0739,-0.7622,236.4296,0.2510,3.8000,-0.4500,0.0860,180.0333,357.9581,0.0000,0.0000,0.0000
15.614,562.8442,-0.8060,236.0073,0.2510,3.8000,-0.4500,0.0081,180.0361,357.9832,0.0000,0.0000,0.0000
15.725,562.6163,-0.8466,235.5623,0.2510,3.8000,-0.4500,359.9321,180.0387,358.0184,0.0000,0.0000,0.0000
15.850,562.3916,-0.8834,235.0808,0.2510,3.8000,-0.4500,359.7872,180.0437,358.1004,0.0000,0.0000,0.0000
15.961,562.2066,-0.9107,234.6543,0.2510,3.8000,-0.4500,359.6587,180.0478,358.2118,0.0000,0.0000,0.0000
16.072,561.9861,-0.9408,234.1139,0.2510,3.8000,-0.4500,359.5968,180.0497,358.2684,0.0000,0.0000,0.0000
16.183,561.8051,-0.9611,233.6431,0.2510,3.8000,-0.4500,359.4367,180.0543,358.4691,0.0000,0.0000,0.0000
16.294,561.5883,-0.9840,233.0576,0.2510,3.8000,-0.4500,359.3872,180.0556,358.5348,0.0000,0.0000,0.0000
16.420,561.3711,-1.0017,232.5018,0.2510,3.8000,-0.4500,359.2622,180.0585,358.7530,0.0000,0.0000,0.0000
16.544,561.1464,-1.0191,232.0592,0.2510,3.8000,-0.4500,359.1886,180.0601,358.8954,0.0000,0.0000,0.0000
16.656,560.9136,-1.0350,231.7419,0.2510,3.8000,-0.4500,359.0811,180.0619,359.1202,0.0000,0.0000,0.0000
16.781,560.6727,-1.0525,231.5258,0.2510,3.8000,-0.4500,359.0456,180.0625,359.1951,0.0000,0.0000,0.0000
16.891,560.4262,-1.0690,231.4086,0.2510,3.8000,-0.4500,358.9736,180.0634,359.3459,0.0000,0.0000,0.0000
17.016,560.1790,-1.0841,231.3876,0.2510,3.8000,-0.4500,358.8222,180.0647,359.6446,0.0000,0.0000,0.0000
17.127,559.9317,-1.1029,231.4401,0.2510,3.8000,-0.4500,358.7816,180.0649,359.7167,0.0000,0.0000,0.0000
17.239,559.7279,-1.1180,231.5242,0.2510,3.8000,-0.4500,358.6984,180.0652,359.8617,0.0000,0.0000,0.0000
17.350,559.4851,-1.1369,231.6568,0.2510,3.8000,-0.4500,358.6145,180.0653,-0.0015,0.0000,0.0000,0.0000
17.462,559.2845,-1.1518,231.7854,0.2510,3.8000,-0.4500,358.4745,180.0651,0.2068,0.0000,0.0000,0.0000
17.582,559.0441,-1.1713,231.9536,0.2510,3.8000,-0.4500,358.3765,180.0646,0.3411,0.0000,0.0000,0.0000
17.697,558.8044,-1.1919,232.1347,0.2510,3.8000,-0.4500,358.3275,180.0643,0.4072,0.0000,0.0000,0.0000
17.808,558.5667,-1.2113,232.3265,0.2510,3.8000,-0.4500,358.1723,180.0629,0.6020,0.0000,0.0000,0.0000
17.933,558.3287,-1.2325,232.5242,0.2510,3.8000,-0.4500,358.1180,180.0623,0.6657,0.0000,0.0000,0.0000
18.044,558.1308,-1.2502,232.6911,0.2510,3.8000,-0.4500,358.0629,180.0616,0.7298,0.0000,0.0000,0.0000
18.169,557.8546,-1.2749,232.9260,0.2510,3.8000,-0.4500,357.9504,180.0601,0.8557,0.0000,0.0000,0.0000
18.294,557.6183,-1.2961,233.1276,0.2510,3.8000,-0.4500,357.8400,180.0583,0.9754,0.0000,0.0000,0.0000
18.405,557.3817,-1.3181,233.3284,0.2510,3.8000,-0.4500,357.7838,180.0573,1.0341,0.0000,0.0000,0.0000
18.516,557.1849,-1.3363,233.4954,0.2510,3.8000,-0.4500,357.7256,180.0562,1.0939,0.0000,0.0000,0.0000
18.628,556.9485,-1.3584,233.6954,0.2510,3.8000,-0.4500,357.6680,180.0551,1.1528,0.0000,0.0000,0.0000
18.738,556.7515,-1.3773,233.8614,0.2510,3.8000,-0.4500,357.6680,180.0551,1.1528,0.0000,0.0000,0.0000
18.849,556.5162,-1.3989,234.0612,0.2510,3.8000,-0.4500,357.5495,180.0526,1.2719,0.0000,0.0000,0.0000
18.975,556.2803,-1.4214,234.2601,0.2510,3.8000,-0.4500,357.5495,180.0526,1.2719,0.0000,0.0000,0.0000
19.099,556.0449,-1.4431,234.4571,0.2510,3.8000,-0.4500,357.4922,180.0513,1.3308,0.0000,0.0000,0.0000
19.212,555.8088,-1.4649,234.6504,0.2510,3.8000,-0.4500,357.4922,180.0513,1.3308,0.0000,0.0000,0.0000
19.336,555.5726,-1.4860,234.8407,0.2510,3.8000,-0.4500,357.4922,180.0513,1.3308,0.0000,0.0000,0.0000
19.461,555.3366,-1.5065,235.0283,0.2510,3.8000,-0.4500,357.4922,180.0513,1.3308,0.0000,0.0000,0.0000
19.573,555.1002,-1.5260,235.2135,0.2510,3.8000,-0.4500,357.4922,180.0513,1.3307,0.0000,0.0000,0.0000
19.683,554.9030,-1.5416,235.3664,0.2510,3.8000,-0.4500,357.4922,180.0513,1.3307,0.0000,0.0000,0.0000
19.794,554.6664,-1.5592,235.5484,0.2510,3.8000,-0.4500,357.4922,180.0513,1.3307,0.0000,0.0000,0.0000
19.919,554.4297,-1.5756,235.7291,0.2510,3.8000,-0.4500,357.4922,180.0513,1.3307,0.0000,0.0000,0.0000
20.020,554.2323,-1.5882,235.8787,0.2510,3.8000,-0.4500,357.4922,180.0513,1.3307,0.0000,0.0000,0.0000
20.142,553.9950,-1.6018,236.0535,0.2510,3.8000,-0.4500,357.4922,180.0513,1.3307,0.0000,0.0000,0.0000
20.253,553.7570,-1.6134,236.2192,0.2510,3.8000,-0.4500,357.4922,180.0513,1.3308,0.0000,0.0000,0.0000
20.378,553.5182,-1.6229,236.3765,0.2510,3.8000,-0.4500,357.4922,180.0513,1.3308,0.0000,0.0000,0.0000
20.503,553.2791,-1.6301,236.5273,0.2510,3.8000,-0.4500,357.4922,180.0513,1.3308,0.0000,0.0000,0.0000
20.614,553.0399,-1.6353,236.6737,0.2510,3.8000,-0.4500,357.4922,180.0513,1.3308,0.0000,0.0000,0.0000
20.739,552.8007,-1.6382,236.8172,0.2510,3.8000,-0.4500,357.4922,180.0513,1.3308,0.0000,0.0000,0.0000
20.863,552.5612,-1.6389,236.9586,0.2510,3.8000,-0.4500,357.4922,180.0513,1.3308,0.0000,0.0000,0.0000
20.975,552.3216,-1.6374,237.0989,0.2510,3.8000,-0.4500,357.4922,180.0513,1.3308,0.0000,0.0000,0.0000
21.086,552.0821,-1.6309,237.2373,0.2510,3.8000,-0.4500,357.6389,180.0548,1.4134,0.0000,0.0000,0.0000
21.197,551.8816,-1.6258,237.3531,0.2510,3.8000,-0.4500,357.6389,180.0548,1.4134,0.0000,0.0000,0.0000
21.323,551.6423,-1.6142,237.4907,0.2510,3.8000,-0.4500,357.8749,180.0608,1.4990,0.0000,0.0000,0.0000
21.434,551.4025,-1.6018,237.6291,0.2510,3.8000,-0.4500,358.0427,180.0653,1.5265,0.0000,0.0000,0.0000
21.546,551.1623,-1.5879,237.7679,0.2510,3.8000,-0.4500,358.1262,180.0675,1.5383,0.0000,0.0000,0.0000
21.669,550.9223,-1.5702,237.9050,0.2510,3.8000,-0.4500,358.3777,180.0743,1.5471,0.0000,0.0000,0.0000
21.770,550.7220,-1.5538,238.0183,0.2510,3.8000,-0.4500,358.6223,180.0809,1.5343,0.0000,0.0000,0.0000
21.891,550.4814,-1.5335,238.1549,0.2510,3.8000,-0.4500,358.7063,180.0831,1.5231,0.0000,0.0000,0.0000
22.003,550.2804,-1.5139,238.2667,0.2510,3.8000,-0.4500,358.9576,180.0897,1.4854,0.0000,0.0000,0.0000
22.128,549.9990,-1.4847,238.4230,0.2510,3.8000,-0.4500,359.2072,180.0961,1.4305,0.0000,0.0000,0.0000
22.252,549.7577,-1.4580,238.5567,0.2510,3.8000,-0.4500,359.2879,180.0981,1.4116,0.0000,0.0000,0.0000
22.364,549.5563,-1.4338,238.6664,0.2510,3.8000,-0.4500,359.5268,180.1038,1.3450,0.0000,0.0000,0.0000
22.475,549.3144,-1.4036,238.7980,0.2510,3.8000,-0.4500,359.6838,180.1074,1.2954,0.0000,0.0000,0.0000
22.586,549.0719,-1.3715,238.9282,0.2510,3.8000,-0.4500,359.9147,180.1125,1.2162,0.0000,0.0000,0.0000
22.711,548.8292,-1.3381,239.0582,0.2510,3.8000,-0.4500,0.0718,180.1157,1.1562,0.0000,0.0000,0.0000
22.820,548.6265,-1.3092,239.1653,0.2510,3.8000,-0.4500,0.2988,180.1201,1.0659,0.0000,0.0000,0.0000
22.920,548.4239,-1.2795,239.2730,0.2510,3.8000,-0.4500,0.3729,180.1215,1.0335,0.0000,0.0000,0.0000
23.042,548.1802,-1.2428,239.4007,0.2510,3.8000,-0.4500,0.5973,180.1254,0.9316,0.0000,0.0000,0.0000
23.155,547.9363,-1.2052,239.5285,0.2510,3.8000,-0.4500,0.6735,180.1266,0.8945,0.0000,0.0000,0.0000
23.279,547.6912,-1.1667,239.6541,0.2510,3.8000,-0.4500,0.8991,180.1299,0.7830,0.0000,0.0000,0.0000
23.405,547.4462,-1.1273,239.7799,0.2510,3.8000,-0.4500,0.9732,180.1309,0.7435,0.0000,0.0000,0.0000
23.529,547.1599,-1.0807,239.9252,0.2510,3.8000,-0.4500,1.1217,180.1327,0.6638,0.0000,0.0000,0.0000
23.641,546.9546,-1.0471,240.0278,0.2510,3.8000,-0.4500,1.3413,180.1350,0.5399,0.0000,0.0000,0.0000
23.751,546.7090,-1.0056,240.1520,0.2510,3.8000,-0.4500,1.3413,180.1350,0.5399,0.0000,0.0000,0.0000
23.862,546.5034,-0.9710,240.2540,0.2510,3.8000,-0.4500,1.4824,180.1362,0.4582,0.0000,0.0000,0.0000
23.988,546.2157,-0.9214,240.3969,0.2510,3.8000,-0.4500,1.5531,180.1368,0.4173,0.0000,0.0000,0.0000
24.099,546.0098,-0.8856,240.4980,0.2510,3.8000,-0.4500,1.6940,180.1377,0.3369,0.0000,0.0000,0.0000
24.223,545.7632,-0.8414,240.6199,0.2510,3.8000,-0.4500,1.6940,180.1377,0.3369,0.0000,0.0000,0.0000
24.335,545.5167,-0.7963,240.7416,0.2510,3.8000,-0.4500,1.6940,180.1377,0.3369,0.0000,0.0000,0.0000
24.461,545.2725,-0.7525,240.7728,0.2510,3.8000,-0.4500,1.6940,180.1377,0.3369,0.0000,0.0000,0.0000
24.571,545.0415,-0.7203,240.5037,0.2510,3.8000,-0.4500,1.9230,180.1388,0.2296,0.0000,0.0000,0.0000
24.682,544.8591,-0.7023,240.0942,0.2510,3.8000,-0.4500,1.9230,180.1388,0.2296,0.0000,0.0000,0.0000
24.793,544.6459,-0.6881,239.4836,0.2510,3.8000,-0.4500,1.9230,180.1388,0.2296,0.0000,0.0000,0.0000
24.919,544.4316,-0.6764,238.8878,0.2510,3.8000,-0.4500,1.9230,180.1388,0.2296,0.0000,0.0000,0.0000
25.029,544.2072,-0.6608,238.4349,0.2510,3.8000,-0.4500,1.9230,180.1388,0.2296,0.0000,0.0000,0.0000
25.140,544.0099,-0.6436,238.1845,0.2510,3.8000,-0.4500,1.9894,180.1390,0.1798,0.0000,0.0000,0.0000
25.265,543.7228,-0.6127,237.9982,0.2510,3.8000,-0.4500,1.9894,180.1390,0.1798,0.0000,0.0000,0.0000
25.390,543.4714,-0.5840,237.9463,0.2510,3.8000,-0.4500,2.1701,180.1393,0.0033,0.0000,0.0000,0.0000
25.503,543.2623,-0.5573,237.9551,0.2510,3.8000,-0.4500,2.1701,180.1393,0.0033,0.0000,0.0000,0.0000
25.614,543.0115,-0.5252,238.0057,0.2510,3.8000,-0.4500,2.1701,180.1393,0.0033,0.0000,0.0000,0.0000
25.737,542.7602,-0.4951,238.0837,0.2510,3.8000,-0.4500,2.2146,180.1393,359.9347,0.0000,0.0000,0.0000
25.848,542.5079,-0.4690,238.1780,0.2510,3.8000,-0.4500,2.3298,180.1389,359.7142,0.0000,0.0000,0.0000
25.974,542.2570,-0.4426,238.2829,0.2510,3.8000,-0.4500,2.3298,180.1389,359.7142,0.0000,0.0000,0.0000
26.086,542.0047,-0.4213,238.3934,0.2510,3.8000,-0.4500,2.3795,180.1386,359.5589,0.0000,0.0000,0.0000
26.196,541.7950,-0.4040,238.4885,0.2510,3.8000,-0.4500,2.3795,180.1386,359.5589,0.0000,0.0000,0.0000
26.307,541.5414,-0.3899,238.6047,0.2510,3.8000,-0.4500,2.4285,180.1381,359.3124,0.0000,0.0000,0.0000
26.419,541.3313,-0.3771,238.7030,0.2510,3.8000,-0.4500,2.4285,180.1382,359.3125,0.0000,0.0000,0.0000
26.529,541.0773,-0.3687,238.8222,0.2510,3.8000,-0.4500,2.4511,180.1378,359.0663,0.0000,0.0000,0.0000
26.640,540.8666,-0.3604,238.9225,0.2510,3.8000,-0.4500,2.4511,180.1378,359.0663,0.0000,0.0000,0.0000
26.751,540.6124,-0.3558,239.0440,0.2510,3.8000,-0.4500,2.4535,180.1378,358.8965,0.0000,0.0000,0.0000
26.862,540.4012,-0.3516,239.1460,0.2510,3.8000,-0.4500,2.4535,180.1378,358.8965,0.0000,0.0000,0.0000
26.974,540.1461,-0.3519,239.2674,0.2510,3.8000,-0.4500,2.4504,180.1378,358.7272,0.0000,0.0000,0.0000
27.100,539.8900,-0.3548,239.3815,0.2510,3.8000,-0.4500,2.4437,180.1380,358.5643,0.0000,0.0000,0.0000
27.211,539.6336,-0.3574,239.4869,0.2510,3.8000,-0.4500,2.4437,180.1380,358.5643,0.0000,0.0000,0.0000
27.336,539.3760,-0.3640,239.5868,0.2510,3.8000,-0.4500,2.4380,180.1382,358.4808,0.0000,0.0000,0.0000
27.447,539.1186,-0.3724,239.6894,0.2510,3.8000,-0.4500,2.4320,180.1383,358.3976,0.0000,0.0000,0.0000
27.557,538.9047,-0.3794,239.7794,0.2510,3.8000,-0.4500,2.4320,180.1383,358.3976,0.0000,0.0000,0.0000
27.682,538.6474,-0.3919,239.8931,0.2510,3.8000,-0.4500,2.4167,180.1388,358.2333,0.0000,0.0000,0.0000
27.793,538.3914,-0.4026,240.0118,0.2510,3.8000,-0.4500,2.4167,180.1388,358.2333,0.0000,0.0000,0.0000
27.918,538.1355,-0.4144,240.1343,0.2510,3.8000,-0.4500,2.4167,180.1388,358.2333,0.0000,0.0000,0.0000
28.030,537.8796,-0.4307,240.2230,0.2510,3.8000,-0.4500,2.3965,180.1394,358.0702,0.0000,0.0000,0.0000
28.154,537.6368,-0.4533,240.0395,0.2510,3.8000,-0.4500,2.3965,180.1394,358.0702,0.0000,0.0000,0.0000
28.281,537.4080,-0.4869,239.5869,0.2510,3.8000,-0.4500,2.3965,180.1395,358.0702,0.0000,0.0000,0.0000
28.404,537.1867,-0.5272,238.9846,0.2510,3.8000,-0.4500,2.3965,180.1394,358.0702,0.0000,0.0000,0.0000
28.516,536.9695,-0.5710,238.3091,0.2510,3.8000,-0.4500,2.3965,180.1394,358.0702,0.0000,0.0000,0.0000
28.626,536.7505,-0.6147,237.6617,0.2510,3.8000,-0.4500,2.3965,180.1394,358.0702,0.0000,0.0000,0.0000
28.738,536.5604,-0.6475,237.2339,0.2510,3.8000,-0.4500,2.3965,180.1394,358.0702,0.0000,0.0000,0.0000
28.849,536.3207,-0.6812,236.8799,0.2510,3.8000,-0.4500,2.3965,180.1394,358.0702,0.0000,0.0000,0.0000
28.973,536.0706,-0.7089,236.6840,0.2510,3.8000,-0.4500,2.3965,180.1394,358.0702,0.0000,0.0000,0.0000
29.086,535.8157,-0.7313,236.6129,0.2510,3.8000,-0.4500,2.3965,180.1394,358.0702,0.0000,0.0000,0.0000
29.196,535.6022,-0.7472,236.6151,0.2510,3.8000,-0.4500,2.3965,180.1394,358.0702,0.0000,0.0000,0.0000
29.307,535.3456,-0.7642,236.6653,0.2510,3.8000,-0.4500,2.3965,180.1394,358.0702,0.0000,0.0000,0.0000
29.418,535.1320,-0.7771,236.7331,0.2510,3.8000,-0.4500,2.3965,180.1394,358.0702,0.0000,0.0000,0.0000
29.543,534.8762,-0.7918,236.8336,0.2510,3.8000,-0.4500,2.3965,180.1394,358.0702,0.0000,0.0000,0.0000
29.654,534.6208,-0.8059,236.9474,0.2510,3.8000,-0.4500,2.3965,180.1394,358.0702,0.0000,0.0000,0.0000
29.780,534.3661,-0.8197,237.0691,0.2510,3.8000,-0.4500,2.3965,180.1394,358.0702,0.0000,0.0000,0.0000
29.904,534.1116,-0.8333,237.1954,0.2510,3.8000,-0.4500,2.3965,180.1394,358.0702,0.0000,0.0000,0.0000
30.016,533.8575,-0.8467,237.3244,0.2510,3.8000,-0.4500,2.3965,180.1394,358.0702,0.0000,0.0000,0.0000
30.126,533.6036,-0.8602,237.4548,0.2510,3.8000,-0.4500,2.3965,180.1394,358.0702,0.0000,0.0000,0.0000
30.237,533.3920,-0.8713,237.5641,0.2510,3.8000,-0.4500,2.3965,180.1394,358.0702,0.0000,0.0000,0.0000
30.348,533.1383,-0.8847,237.6959,0.2510,3.8000,-0.4500,2.3965,180.1394,358.0702,0.0000,0.0000,0.0000
30.460,532.9271,-0.8960,237.8062,0.2510,3.8000,-0.4500,2.3965,180.1394,358.0702,0.0000,0.0000,0.0000
30.571,532.6737,-0.9096,237.9389,0.2510,3.8000,-0.4500,2.3965,180.1394,358.0702,0.0000,0.0000,0.0000
30.683,532.4624,-0.9219,238.0503,0.2510,3.8000,-0.4500,2.3159,180.1421,358.0601,0.0000,0.0000,0.0000
30.793,532.2092,-0.9360,238.1833,0.2510,3.8000,-0.4500,2.3159,180.1421,358.0601,0.0000,0.0000,0.0000
30.906,531.9561,-0.9510,238.3171,0.2510,3.8000,-0.4500,2.2322,180.1450,358.0574,0.0000,0.0000,0.0000
31.029,531.7028,-0.9664,238.4510,0.2510,3.8000,-0.4500,2.1492,180.1478,358.0552,0.0000,0.0000,0.0000
31.154,531.4500,-0.9816,238.5848,0.2510,3.8000,-0.4500,2.1492,180.1478,358.0552,0.0000,0.0000,0.0000
31.265,531.1971,-0.9977,238.7194,0.2510,3.8000,-0.4500,2.0687,180.1505,358.0595,0.0000,0.0000,0.0000
31.377,530.9862,-1.0111,238.8314,0.2510,3.8000,-0.4500,2.0688,180.1505,358.0595,0.0000,0.0000,0.0000
31.489,530.7333,-1.0280,238.9662,0.2510,3.8000,-0.4500,1.9894,180.1532,358.0663,0.0000,0.0000,0.0000
31.599,530.5228,-1.0421,239.0780,0.2510,3.8000,-0.4500,1.9894,180.1532,358.0663,0.0000,0.0000,0.0000
31.711,530.2703,-1.0602,239.2129,0.2510,3.8000,-0.4500,1.8269,180.1587,358.0878,0.0000,0.0000,0.0000
31.821,530.0593,-1.0750,239.3221,0.2510,3.8000,-0.4500,1.8269,180.1587,358.0878,0.0000,0.0000,0.0000
31.932,529.8061,-1.0931,239.4486,0.2510,3.8000,-0.4500,1.8269,180.1587,358.0878,0.0000,0.0000,0.0000
32.043,529.5951,-1.1089,239.5509,0.2510,3.8000,-0.4500,1.7471,180.1613,358.1033,0.0000,0.0000,0.0000
32.156,529.3417,-1.1277,239.6705,0.2510,3.8000,-0.4500,1.7471,180.1613,358.1033,0.0000,0.0000,0.0000
32.279,529.0883,-1.1467,239.7895,0.2510,3.8000,-0.4500,1.7471,180.1613,358.1033,0.0000,0.0000,0.0000
32.391,528.8353,-1.1664,239.9098,0.2510,3.8000,-0.4500,1.5859,180.1666,358.1430,0.0000,0.0000,0.0000
32.501,528.6246,-1.1823,240.0095,0.2510,3.8000,-0.4500,1.5859,180.1666,358.1430,0.0000,0.0000,0.0000
32.626,528.3300,-1.2046,240.1559,0.2510,3.8000,-0.4500,1.5859,180.1666,358.1430,0.0000,0.0000,0.0000
32.751,528.0785,-1.2233,240.2944,0.2510,3.8000,-0.4500,1.5859,180.1666,358.1430,0.0000,0.0000,0.0000
32.863,527.8696,-1.2387,240.4191,0.2510,3.8000,-0.4500,1.5094,180.1691,358.1694,0.0000,0.0000,0.0000
32.974,527.6197,-1.2567,240.5750,0.2510,3.8000,-0.4500,1.5094,180.1691,358.1694,0.0000,0.0000,0.0000
33.085,527.4116,-1.2714,240.7069,0.2510,3.8000,-0.4500,1.5094,180.1691,358.1694,0.0000,0.0000,0.0000
33.210,527.1202,-1.2915,240.8917,0.2510,3.8000,-0.4500,1.5094,180.1691,358.1694,0.0000,0.0000,0.0000
33.321,526.9122,-1.3056,241.0240,0.2510,3.8000,-0.4500,1.5094,180.1691,358.1694,0.0000,0.0000,0.0000
33.446,526.6213,-1.3247,241.2133,0.2510,3.8000,-0.4500,1.5094,180.1691,358.1694,0.0000,0.0000,0.0000
33.571,526.3725,-1.3406,241.3797,0.2510,3.8000,-0.4500,1.5094,180.1691,358.1694,0.0000,0.0000,0.0000
33.682,526.1655,-1.3535,241.5209,0.2510,3.8000,-0.4500,1.5094,180.1691,358.1694,0.0000,0.0000,0.0000
33.792,525.9170,-1.3688,241.6925,0.2510,3.8000,-0.4500,1.5094,180.1691,358.1694,0.0000,0.0000,0.0000
33.918,525.6686,-1.3840,241.8657,0.2510,3.8000,-0.4500,1.5094,180.1691,358.1694,0.0000,0.0000,0.0000
34.043,525.4207,-1.3992,242.0399,0.2510,3.8000,-0.4500,1.5094,180.1691,358.1694,0.0000,0.0000,0.0000
34.168,525.1309,-1.4174,242.2437,0.2510,3.8000,-0.4500,1.5094,180.1691,358.1694,0.0000,0.0000,0.0000
34.293,524.8824,-1.4336,242.4186,0.2510,3.8000,-0.4500,1.5094,180.1691,358.1694,0.0000,0.0000,0.0000
34.418,524.6339,-1.4505,242.5929,0.2510,3.8000,-0.4500,1.5094,180.1691,358.1693,0.0000,0.0000,0.0000
34.544,524.3848,-1.4681,242.7652,0.2510,3.8000,-0.4500,1.5094,180.1691,358.1693,0.0000,0.0000,0.0000
34.654,524.1355,-1.4860,242.9351,0.2510,3.8000,-0.4500,1.5094,180.1691,358.1693,0.0000,0.0000,0.0000
34.766,523.8856,-1.5041,243.1020,0.2510,3.8000,-0.4500,1.5094,180.1691,358.1693,0.0000,0.0000,0.0000
34.878,523.6769,-1.5190,243.2365,0.2510,3.8000,-0.4500,1.5094,180.1691,358.1693,0.0000,0.0000,0.0000
35.001,523.4258,-1.5365,243.3923,0.2510,3.8000,-0.4500,1.5094,180.1691,358.1693,0.0000,0.0000,0.0000
35.112,523.1743,-1.5532,243.5432,0.2510,3.8000,-0.4500,1.5094,180.1691,358.1693,0.0000,0.0000,0.0000
35.237,522.9224,-1.5688,243.6911,0.2510,3.8000,-0.4500,1.5094,180.1691,358.1693,0.0000,0.0000,0.0000
35.363,522.6702,-1.5830,243.8388,0.2510,3.8000,-0.4500,1.5093,180.1691,358.1693,0.0000,0.0000,0.0000
35.474,522.4185,-1.5955,243.9871,0.2510,3.8000,-0.4500,1.5093,180.1690,358.1693,0.0000,0.0000,0.0000
35.585,522.1671,-1.6061,244.1373,0.2510,3.8000,-0.4500,1.5093,180.1690,358.1693,0.0000,0.0000,0.0000
35.696,521.9579,-1.6132,244.2658,0.2510,3.8000,-0.4500,1.5093,180.1691,358.1693,0.0000,0.0000,0.0000
35.807,521.7068,-1.6197,244.4245,0.2510,3.8000,-0.4500,1.5093,180.1691,358.1693,0.0000,0.0000,0.0000
35.920,521.4980,-1.6232,244.5595,0.2510,3.8000,-0.4500,1.5093,180.1691,358.1693,0.0000,0.0000,0.0000
36.029,521.2479,-1.6252,244.7219,0.2510,3.8000,-0.4500,1.5093,180.1691,358.1693,0.0000,0.0000,0.0000
36.154,520.9981,-1.6248,244.8830,0.2510,3.8000,-0.4500,1.5094,180.1691,358.1693,0.0000,0.0000,0.0000
36.266,520.7481,-1.6222,245.0423,0.2510,3.8000,-0.4500,1.5094,180.1691,358.1693,0.0000,0.0000,0.0000
36.390,520.4980,-1.6173,245.1993,0.2510,3.8000,-0.4500,1.5094,180.1691,358.1693,0.0000,0.0000,0.0000
36.501,520.2896,-1.6117,245.3280,0.2510,3.8000,-0.4500,1.5094,180.1691,358.1693,0.0000,0.0000,0.0000
36.626,519.9978,-1.6015,245.5058,0.2510,3.8000,-0.4500,1.5094,180.1691,358.1693,0.0000,0.0000,0.0000
36.737,519.7894,-1.5927,245.6315,0.2510,3.8000,-0.4500,1.5093,180.1691,358.1693,0.0000,0.0000,0.0000
36.862,519.5397,-1.5807,245.7818,0.2510,3.8000,-0.4500,1.5093,180.1691,358.1693,0.0000,0.0000,0.0000
36.987,519.2491,-1.5634,245.9566,0.2510,3.8000,-0.4500,1.5412,180.1681,358.2437,0.0000,0.0000,0.0000
37.098,519.0415,-1.5512,246.0816,0.2510,3.8000,-0.4500,1.5412,180.1681,358.2437,0.0000,0.0000,0.0000
37.223,518.7936,-1.5326,246.2319,0.2510,3.8000,-0.4500,1.5890,180.1667,358.4006,0.0000,0.0000,0.0000
37.335,518.5450,-1.5165,246.3832,0.2510,3.8000,-0.4500,1.5890,180.1667,358.4007,0.0000,0.0000,0.0000
37.446,518.2968,-1.5002,246.5352,0.2510,3.8000,-0.4500,1.5890,180.1667,358.4007,0.0000,0.0000,0.0000
37.571,518.0493,-1.4825,246.6875,0.2510,3.8000,-0.4500,1.5924,180.1666,358.4841,0.0000,0.0000,0.0000
37.696,517.8024,-1.4638,246.8400,0.2510,3.8000,-0.4500,1.5790,180.1669,358.6492,0.0000,0.0000,0.0000
37.807,517.5544,-1.4486,246.9923,0.2510,3.8000,-0.4500,1.5790,180.1669,358.6492,0.0000,0.0000,0.0000
37.919,517.3483,-1.4365,247.1190,0.2510,3.8000,-0.4500,1.5790,180.1669,358.6492,0.0000,0.0000,0.0000
38.029,517.1019,-1.4204,247.2711,0.2510,3.8000,-0.4500,1.5236,180.1681,358.8075,0.0000,0.0000,0.0000
38.140,516.8956,-1.4096,247.3973,0.2510,3.8000,-0.4500,1.5236,180.1681,358.8075,0.0000,0.0000,0.0000
38.252,516.6493,-1.3955,247.5492,0.2510,3.8000,-0.4500,1.4447,180.1697,358.9520,0.0000,0.0000,0.0000
38.362,516.4437,-1.3864,247.6755,0.2510,3.8000,-0.4500,1.4447,180.1697,358.9520,0.0000,0.0000,0.0000
38.488,516.1569,-1.3736,247.8536,0.2510,3.8000,-0.4500,1.3424,180.1714,359.0807,0.0000,0.0000,0.0000
38.613,515.9111,-1.3658,248.0062,0.2510,3.8000,-0.4500,1.3424,180.1715,359.0807,0.0000,0.0000,0.0000
38.724,515.7068,-1.3598,248.1343,0.2510,3.8000,-0.4500,1.2186,180.1733,359.1897,0.0000,0.0000,0.0000
38.849,515.4197,-1.3555,248.3126,0.2510,3.8000,-0.4500,1.2186,180.1733,359.1897,0.0000,0.0000,0.0000
38.959,515.2152,-1.3543,248.4408,0.2510,3.8000,-0.4500,1.0785,180.1752,359.2763,0.0000,0.0000,0.0000
39.085,514.9285,-1.3568,248.6200,0.2510,3.8000,-0.4500,0.8546,180.1778,359.3768,0.0000,0.0000,0.0000
39.210,514.6816,-1.3628,248.7716,0.2510,3.8000,-0.4500,0.8546,180.1778,359.3767,0.0000,0.0000,0.0000
39.321,514.4763,-1.3711,248.8986,0.2510,3.8000,-0.4500,0.6940,180.1795,359.4171,0.0000,0.0000,0.0000
39.433,514.2297,-1.3851,249.0506,0.2510,3.8000,-0.4500,0.5251,180.1812,359.4425,0.0000,0.0000,0.0000
39.544,514.0242,-1.4002,249.1773,0.2510,3.8000,-0.4500,0.3604,180.1828,359.4630,0.0000,0.0000,0.0000
39.667,513.7360,-1.4265,249.3545,0.2510,3.8000,-0.4500,0.1982,180.1843,359.4665,0.0000,0.0000,0.0000
39.780,513.5303,-1.4496,249.4816,0.2510,3.8000,-0.4500,0.0343,180.1858,359.4612,0.0000,0.0000,0.0000
39.890,513.2829,-1.4823,249.6333,0.2510,3.8000,-0.4500,359.7834,180.1882,359.4411,0.0000,0.0000,0.0000
40.015,513.0352,-1.5199,249.7827,0.2510,3.8000,-0.4500,359.5412,180.1906,359.4104,0.0000,0.0000,0.0000
40.126,512.7872,-1.5596,249.9285,0.2510,3.8000,-0.4500,359.5412,180.1906,359.4104,0.0000,0.0000,0.0000
40.251,512.5385,-1.6074,250.0754,0.2510,3.8000,-0.4500,359.2111,180.1942,359.3546,0.0000,0.0000,0.0000
40.362,512.3312,-1.6484,250.1963,0.2510,3.8000,-0.4500,359.1311,180.1951,359.3392,0.0000,0.0000,0.0000
40.474,512.0825,-1.7021,250.3418,0.2510,3.8000,-0.4500,358.9686,180.1970,359.3074,0.0000,0.0000,0.0000
40.584,511.8757,-1.7488,250.3947,0.2510,3.8000,-0.4500,358.8060,180.1991,359.2751,0.0000,0.0000,0.0000
40.709,511.5986,-1.8075,250.1930,0.2510,3.8000,-0.4500,358.6421,180.2012,359.2469,0.0000,0.0000,0.0000
40.820,511.4096,-1.8431,249.8741,0.2510,3.8000,-0.4500,358.5628,180.2022,359.2349,0.0000,0.0000,0.0000
40.932,511.1904,-1.8804,249.3555,0.2510,3.8000,-0.4500,358.3938,180.2045,359.2286,0.0000,0.0000,0.0000
41.042,511.0119,-1.9066,248.8438,0.2510,3.8000,-0.4500,358.3109,180.2056,359.2271,0.0000,0.0000,0.0000
41.167,510.7663,-1.9379,248.0538,0.2510,3.8000,-0.4500,358.2290,180.2067,359.2363,0.0000,0.0000,0.0000
41.279,510.5929,-1.9583,247.4596,0.2510,3.8000,-0.4500,357.9797,180.2099,359.2831,0.0000,0.0000,0.0000
41.403,510.3857,-1.9793,246.7263,0.2510,3.8000,-0.4500,357.9797,180.2099,359.2831,0.0000,0.0000,0.0000
41.514,510.1797,-1.9987,245.9830,0.2510,3.8000,-0.4500,357.8189,180.2119,359.3375,0.0000,0.0000,0.0000
41.641,509.9742,-2.0165,245.2339,0.2510,3.8000,-0.4500,357.7406,180.2128,359.3652,0.0000,0.0000,0.0000
41.751,509.7689,-2.0330,244.4853,0.2510,3.8000,-0.4500,357.6654,180.2136,359.4002,0.0000,0.0000,0.0000
41.876,509.5639,-2.0484,243.7407,0.2510,3.8000,-0.4500,357.5175,180.2150,359.4710,0.0000,0.0000,0.0000
42.001,509.3584,-2.0631,243.0047,0.2510,3.8000,-0.4500,357.5175,180.2150,359.4710,0.0000,0.0000,0.0000
42.112,509.1510,-2.0785,242.3174,0.2510,3.8000,-0.4500,357.3766,180.2162,359.5588,0.0000,0.0000,0.0000
42.224,508.9748,-2.0937,241.7987,0.2510,3.8000,-0.4500,357.3766,180.2163,359.5588,0.0000,0.0000,0.0000
42.334,508.7591,-2.1151,241.2490,0.2510,3.8000,-0.4500,357.3766,180.2163,359.5588,0.0000,0.0000,0.0000
42.459,508.5344,-2.1422,240.8375,0.2510,3.8000,-0.4500,357.3125,180.2167,359.6063,0.0000,0.0000,0.0000
42.585,508.2974,-2.1777,240.5839,0.2510,3.8000,-0.4500,357.3125,180.2167,359.6063,0.0000,0.0000,0.0000
42.696,508.0521,-2.2197,240.4631,0.2510,3.8000,-0.4500,357.3125,180.2167,359.6063,0.0000,0.0000,0.0000
42.823,507.8050,-2.2660,240.4462,0.2510,3.8000,-0.4500,357.3125,180.2167,359.6063,0.0000,0.0000,0.0000
42.933,507.5589,-2.3143,240.5064,0.2510,3.8000,-0.4500,357.3125,180.2167,359.6063,0.0000,0.0000,0.0000
43.042,507.3549,-2.3543,240.5971,0.2510,3.8000,-0.4500,357.3125,180.2167,359.6063,0.0000,0.0000,0.0000
43.154,507.1118,-2.4002,240.7401,0.2510,3.8000,-0.4500,357.3125,180.2167,359.6063,0.0000,0.0000,0.0000
43.265,506.8705,-2.4412,240.9088,0.2510,3.8000,-0.4500,357.3017,180.2168,359.6865,0.0000,0.0000,0.0000
43.376,506.6711,-2.4697,241.0617,0.2510,3.8000,-0.4500,357.3307,180.2167,359.8519,0.0000,0.0000,0.0000
43.501,506.4319,-2.4993,241.2536,0.2510,3.8000,-0.4500,357.3930,180.2166,0.0020,0.0000,0.0000,0.0000
43.612,506.1934,-2.5225,241.4509,0.2510,3.8000,-0.4500,357.4755,180.2167,0.1428,0.0000,0.0000,0.0000
43.737,505.9561,-2.5360,241.6503,0.2510,3.8000,-0.4500,357.7040,180.2178,0.3847,0.0000,0.0000,0.0000
43.862,505.7187,-2.5442,241.8521,0.2510,3.8000,-0.4500,357.9054,180.2194,0.5381,0.0000,0.0000,0.0000
43.975,505.4814,-2.5469,242.0557,0.2510,3.8000,-0.4500,358.0401,180.2208,0.6309,0.0000,0.0000,0.0000
44.084,505.2846,-2.5406,242.2248,0.2510,3.8000,-0.4500,358.3492,180.2246,0.7888,0.0000,0.0000,0.0000
44.197,505.0481,-2.5290,242.4281,0.2510,3.8000,-0.4500,358.5760,180.2280,0.8889,0.0000,0.0000,0.0000
44.307,504.8120,-2.5089,242.6289,0.2510,3.8000,-0.4500,358.9019,180.2334,1.0065,0.0000,0.0000,0.0000
44.418,504.6154,-2.4882,242.7951,0.2510,3.8000,-0.4500,359.0579,180.2362,1.0588,0.0000,0.0000,0.0000
44.529,504.3801,-2.4535,242.9911,0.2510,3.8000,-0.4500,359.4585,180.2440,1.1832,0.0000,0.0000,0.0000
44.654,504.1447,-2.4141,243.1862,0.2510,3.8000,-0.4500,359.6169,180.2474,1.2336,0.0000,0.0000,0.0000
44.779,503.9106,-2.3621,243.3767,0.2510,3.8000,-0.4500,0.0982,180.2584,1.3969,0.0000,0.0000,0.0000
44.891,503.6763,-2.3062,243.5669,0.2510,3.8000,-0.4500,0.2543,180.2623,1.4569,0.0000,0.0000,0.0000
45.001,503.4820,-2.2516,243.7222,0.2510,3.8000,-0.4500,0.4887,180.2684,1.5504,0.0000,0.0000,0.0000
45.113,503.2495,-2.1780,243.9051,0.2510,3.8000,-0.4500,0.8091,180.2775,1.6917,0.0000,0.0000,0.0000
45.223,503.0562,-2.1110,244.0556,0.2510,3.8000,-0.4500,1.0358,180.2844,1.7975,0.0000,0.0000,0.0000
45.335,502.8250,-2.0239,244.2344,0.2510,3.8000,-0.4500,1.2687,180.2919,1.9134,0.0000,0.0000,0.0000
45.446,502.5943,-1.9307,244.4111,0.2510,3.8000,-0.4500,1.4192,180.2971,1.9900,0.0000,0.0000,0.0000
45.556,502.4034,-1.8447,244.5550,0.2510,3.8000,-0.4500,1.7145,180.3078,2.1482,0.0000,0.0000,0.0000
45.668,502.1744,-1.7389,244.7273,0.2510,3.8000,-0.4500,1.8562,180.3132,2.2264,0.0000,0.0000,0.0000
45.779,501.9851,-1.6431,244.8691,0.2510,3.8000,-0.4500,2.1458,180.3248,2.3904,0.0000,0.0000,0.0000
45.890,501.7575,-1.5288,245.0424,0.2510,3.8000,-0.4500,2.1458,180.3248,2.3904,0.0000,0.0000,0.0000
46.002,501.5690,-1.4270,245.1863,0.2510,3.8000,-0.4500,2.2901,180.3310,2.4740,0.0000,0.0000,0.0000
46.112,501.3436,-1.3012,245.3600,0.2510,3.8000,-0.4500,2.4341,180.3373,2.5576,0.0000,0.0000,0.0000
46.237,501.1194,-1.1702,245.5346,0.2510,3.8000,-0.4500,2.6543,180.3474,2.6850,0.0000,0.0000,0.0000
46.362,500.8951,-1.0398,245.7122,0.2510,3.8000,-0.4500,2.6543,180.3474,2.6850,0.0000,0.0000,0.0000
46.475,500.6714,-0.9059,245.8897,0.2510,3.8000,-0.4500,2.7275,180.3509,2.7255,0.0000,0.0000,0.0000
46.585,500.4481,-0.7706,246.0659,0.2510,3.8000,-0.4500,2.7992,180.3543,2.7646,0.0000,0.0000,0.0000
46.696,500.2617,-0.6584,246.2122,0.2510,3.8000,-0.4500,2.7992,180.3543,2.7646,0.0000,0.0000,0.0000
46.806,500.0381,-0.5239,246.3866,0.2510,3.8000,-0.4500,2.7992,180.3543,2.7646,0.0000,0.0000,0.0000
46.918,499.8515,-0.4126,246.5306,0.2510,3.8000,-0.4500,2.7992,180.3543,2.7646,0.0000,0.0000,0.0000
47.030,499.6272,-0.2807,246.7021,0.2510,3.8000,-0.4500,2.7992,180.3543,2.7646,0.0000,0.0000,0.0000
47.139,499.4400,-0.1726,246.8445,0.2510,3.8000,-0.4500,2.7992,180.3543,2.7646,0.0000,0.0000,0.0000
47.265,499.2151,-0.0458,247.0155,0.2510,3.8000,-0.4500,2.7992,180.3543,2.7646,0.0000,0.0000,0.0000
47.377,498.9898,0.0770,247.1877,0.2510,3.8000,-0.4500,2.7992,180.3543,2.7645,0.0000,0.0000,0.0000
47.488,498.7639,0.1952,247.3609,0.2510,3.8000,-0.4500,2.7992,180.3543,2.7645,0.0000,0.0000,0.0000
47.599,498.5750,0.2896,247.5056,0.2510,3.8000,-0.4500,2.7992,180.3543,2.7645,0.0000,0.0000,0.0000
47.710,498.3475,0.3973,247.6791,0.2510,3.8000,-0.4500,2.7992,180.3543,2.7646,0.0000,0.0000,0.0000
47.821,498.1573,0.4819,247.8237,0.2510,3.8000,-0.4500,2.7992,180.3543,2.7646,0.0000,0.0000,0.0000
47.933,497.9281,0.5770,247.9967,0.2510,3.8000,-0.4500,2.7992,180.3543,2.7646,0.0000,0.0000,0.0000
48.043,497.7347,0.6470,248.1403,0.2510,3.8000,-0.4500,2.7400,180.3515,2.5989,0.0000,0.0000,0.0000
48.167,497.4616,0.7336,248.3397,0.2510,3.8000,-0.4500,2.6041,180.3457,2.2806,0.0000,0.0000,0.0000
48.294,497.2247,0.7962,248.5059,0.2510,3.8000,-0.4500,2.3846,180.3377,1.9285,0.0000,0.0000,0.0000
48.404,497.0268,0.8448,248.6370,0.2510,3.8000,-0.4500,2.2844,180.3344,1.7927,0.0000,0.0000,0.0000
48.516,496.7865,0.8923,248.7871,0.2510,3.8000,-0.4500,2.0793,180.3285,1.5293,0.0000,0.0000,0.0000
48.640,496.5440,0.9289,248.9309,0.2510,3.8000,-0.4500,1.8111,180.3221,1.2107,0.0000,0.0000,0.0000
48.766,496.2603,0.9638,249.0919,0.2510,3.8000,-0.4500,1.6374,180.3187,1.0132,0.0000,0.0000,0.0000
48.877,496.0559,0.9797,249.2049,0.2510,3.8000,-0.4500,1.4656,180.3160,0.8190,0.0000,0.0000,0.0000
49.001,495.8089,0.9881,249.3392,0.2510,3.8000,-0.4500,1.1820,180.3127,0.5002,0.0000,0.0000,0.0000
49.112,495.5616,0.9907,249.4714,0.2510,3.8000,-0.4500,1.0183,180.3115,0.3150,0.0000,0.0000,0.0000
49.224,495.3545,0.9853,249.5812,0.2510,3.8000,-0.4500,0.8543,180.3109,0.1279,0.0000,0.0000,0.0000
49.337,495.1052,0.9717,249.7121,0.2510,3.8000,-0.4500,0.6926,180.3108,359.9411,0.0000,0.0000,0.0000
49.460,494.8542,0.9463,249.8440,0.2510,3.8000,-0.4500,0.4156,180.3119,359.6114,0.0000,0.0000,0.0000
49.585,494.5617,0.9111,249.9973,0.2510,3.8000,-0.4500,0.2582,180.3132,359.4173,0.0000,0.0000,0.0000
49.709,494.3102,0.8723,250.1299,0.2510,3.8000,-0.4500,0.1083,180.3150,359.2267,0.0000,0.0000,0.0000
49.836,494.0581,0.8263,250.2635,0.2510,3.8000,-0.4500,359.9611,180.3172,359.0306,0.0000,0.0000,0.0000
49.947,493.8059,0.7751,250.3977,0.2510,3.8000,-0.4500,359.8632,180.3190,358.8938,0.0000,0.0000,0.0000
50.070,493.5529,0.7160,250.5334,0.2510,3.8000,-0.4500,359.7161,180.3221,358.6828,0.0000,0.0000,0.0000
50.196,493.2998,0.6509,250.6706,0.2510,3.8000,-0.4500,359.5756,180.3256,358.4802,0.0000,0.0000,0.0000
50.321,493.0464,0.5797,250.8094,0.2510,3.8000,-0.4500,359.4278,180.3298,358.2747,0.0000,0.0000,0.0000
50.446,492.7513,0.4919,250.9733,0.2510,3.8000,-0.4500,359.3239,180.3330,358.1391,0.0000,0.0000,0.0000
50.559,492.5407,0.4254,251.0916,0.2510,3.8000,-0.4500,359.2719,180.3347,358.0721,0.0000,0.0000,0.0000
50.669,492.2873,0.3382,251.2359,0.2510,3.8000,-0.4500,359.1096,180.3405,357.8796,0.0000,0.0000,0.0000
50.779,492.0770,0.2658,251.3567,0.2510,3.8000,-0.4500,359.1096,180.3405,357.8796,0.0000,0.0000,0.0000
50.890,491.8238,0.1705,251.5042,0.2510,3.8000,-0.4500,358.9326,180.3473,357.6969,0.0000,0.0000,0.0000
51.001,491.6133,0.0905,251.6279,0.2510,3.8000,-0.4500,358.8709,180.3498,357.6420,0.0000,0.0000,0.0000
51.126,491.3189,-0.0244,251.8024,0.2510,3.8000,-0.4500,358.8085,180.3524,357.5875,0.0000,0.0000,0.0000
51.237,491.1084,-0.1105,251.9287,0.2510,3.8000,-0.4500,358.6726,180.3583,357.4894,0.0000,0.0000,0.0000
51.348,490.8566,-0.2120,252.0805,0.2510,3.8000,-0.4500,358.6726,180.3583,357.4894,0.0000,0.0000,0.0000
51.474,490.6047,-0.3160,252.2337,0.2510,3.8000,-0.4500,358.5974,180.3616,357.4522,0.0000,0.0000,0.0000
51.599,490.3530,-0.4215,252.3882,0.2510,3.8000,-0.4500,358.4492,180.3683,357.3827,0.0000,0.0000,0.0000
51.724,490.1018,-0.5243,252.5426,0.2510,3.8000,-0.4500,358.4492,180.3683,357.3827,0.0000,0.0000,0.0000
51.835,489.8508,-0.6259,252.6975,0.2510,3.8000,-0.4500,358.4492,180.3683,357.3827,0.0000,0.0000,0.0000
51.960,489.5999,-0.7255,252.8527,0.2510,3.8000,-0.4500,358.4492,180.3683,357.3827,0.0000,0.0000,0.0000
52.085,489.3493,-0.8223,253.0083,0.2510,3.8000,-0.4500,358.4492,180.3683,357.3827,0.0000,0.0000,0.0000
52.197,489.0991,-0.9157,253.1641,0.2510,3.8000,-0.4500,358.4492,180.3683,357.3827,0.0000,0.0000,0.0000
52.320,488.8495,-1.0045,253.3206,0.2510,3.8000,-0.4500,358.3798,180.3714,357.4265,0.0000,0.0000,0.0000
52.446,488.5591,-1.1011,253.5031,0.2510,3.8000,-0.4500,358.2630,180.3766,357.5435,0.0000,0.0000,0.0000
52.571,488.3106,-1.1768,253.6588,0.2510,3.8000,-0.4500,358.1844,180.3799,357.6846,0.0000,0.0000,0.0000
52.682,488.1034,-1.2355,253.7875,0.2510,3.8000,-0.4500,358.1593,180.3809,357.7643,0.0000,0.0000,0.0000
52.793,487.8553,-1.2988,253.9408,0.2510,3.8000,-0.4500,358.1190,180.3824,357.9259,0.0000,0.0000,0.0000
52.904,487.6501,-1.3424,254.0672,0.2510,3.8000,-0.4500,358.1092,180.3827,358.2675,0.0000,0.0000,0.0000
53.029,487.3605,-1.4019,254.2412,0.2510,3.8000,-0.4500,358.1161,180.3825,358.3464,0.0000,0.0000,0.0000
53.140,487.1561,-1.4309,254.3632,0.2510,3.8000,-0.4500,358.2152,180.3800,358.7654,0.0000,0.0000,0.0000
53.251,486.9088,-1.4655,254.5076,0.2510,3.8000,-0.4500,358.2744,180.3788,358.9211,0.0000,0.0000,0.0000
53.376,486.6619,-1.4924,254.6497,0.2510,3.8000,-0.4500,358.3377,180.3777,359.0746,0.0000,0.0000,0.0000
53.490,486.4168,-1.5067,254.7893,0.2510,3.8000,-0.4500,358.5450,180.3751,359.4547,0.0000,0.0000,0.0000
53.598,486.2115,-1.5184,254.9051,0.2510,3.8000,-0.4500,358.5860,180.3747,359.5243,0.0000,0.0000,0.0000
53.710,485.9663,-1.5231,255.0424,0.2510,3.8000,-0.4500,358.7289,180.3738,359.7273,0.0000,0.0000,0.0000
53.821,485.7626,-1.5211,255.1557,0.2510,3.8000,-0.4500,358.8846,180.3733,359.9224,0.0000,0.0000,0.0000
53.932,485.5180,-1.5152,255.2909,0.2510,3.8000,-0.4500,359.0028,180.3733,0.0493,0.0000,0.0000,0.0000
54.044,485.3150,-1.5037,255.4023,0.2510,3.8000,-0.4500,359.1796,180.3737,0.2298,0.0000,0.0000,0.0000
54.168,485.0305,-1.4847,255.5580,0.2510,3.8000,-0.4500,359.3017,180.3743,0.3335,0.0000,0.0000,0.0000
54.293,484.7876,-1.4611,255.6900,0.2510,3.8000,-0.4500,359.5047,180.3758,0.4800,0.0000,0.0000,0.0000
54.418,484.5445,-1.4344,255.8218,0.2510,3.8000,-0.4500,359.6443,180.3770,0.5633,0.0000,0.0000,0.0000
54.543,484.3019,-1.4025,255.9524,0.2510,3.8000,-0.4500,359.8672,180.3795,0.6708,0.0000,0.0000,0.0000
54.654,484.0593,-1.3682,256.0831,0.2510,3.8000,-0.4500,0.0165,180.3813,0.7261,0.0000,0.0000,0.0000
54.778,483.8164,-1.3316,256.2137,0.2510,3.8000,-0.4500,0.0962,180.3823,0.7476,0.0000,0.0000,0.0000
54.903,483.5739,-1.2911,256.3431,0.2510,3.8000,-0.4500,0.2571,180.3844,0.7876,0.0000,0.0000,0.0000
55.028,483.2907,-1.2411,256.4934,0.2510,3.8000,-0.4500,0.4190,180.3867,0.8113,0.0000,0.0000,0.0000
55.138,483.0884,-1.2025,256.5992,0.2510,3.8000,-0.4500,0.6731,180.3903,0.8232,0.0000,0.0000,0.0000
55.264,482.8453,-1.1560,256.7264,0.2510,3.8000,-0.4500,0.8386,180.3927,0.8144,0.0000,0.0000,0.0000
55.390,482.5613,-1.1004,256.8740,0.2510,3.8000,-0.4500,1.0079,180.3951,0.7903,0.0000,0.0000,0.0000
55.500,482.3582,-1.0596,256.9783,0.2510,3.8000,-0.4500,1.1716,180.3973,0.7629,0.0000,0.0000,0.0000
55.610,482.1140,-1.0107,257.1029,0.2510,3.8000,-0.4500,1.3286,180.3993,0.7163,0.0000,0.0000,0.0000
55.721,481.9106,-0.9700,257.2068,0.2510,3.8000,-0.4500,1.3286,180.3993,0.7163,0.0000,0.0000,0.0000
55.834,481.6653,-0.9211,257.3290,0.2510,3.8000,-0.4500,1.5637,180.4021,0.6227,0.0000,0.0000,0.0000
55.945,481.4606,-0.8811,257.4305,0.2510,3.8000,-0.4500,1.7109,180.4036,0.5447,0.0000,0.0000,0.0000
56.055,481.2147,-0.8335,257.5527,0.2510,3.8000,-0.4500,1.7828,180.4042,0.5050,0.0000,0.0000,0.0000
56.180,480.9677,-0.7880,257.6737,0.2510,3.8000,-0.4500,1.9876,180.4058,0.3588,0.0000,0.0000,0.0000
56.306,480.6796,-0.7360,257.8157,0.2510,3.8000,-0.4500,2.0502,180.4061,0.3023,0.0000,0.0000,0.0000
56.417,480.4723,-0.7018,257.9162,0.2510,3.8000,-0.4500,2.2309,180.4068,0.1271,0.0000,0.0000,0.0000
56.528,480.2240,-0.6613,258.0375,0.2510,3.8000,-0.4500,2.2817,180.4069,0.0658,0.0000,0.0000,0.0000
56.640,480.0161,-0.6303,258.1381,0.2510,3.8000,-0.4500,2.3797,180.4069,359.9367,0.0000,0.0000,0.0000
56.751,479.7665,-0.5948,258.2592,0.2510,3.8000,-0.4500,2.4233,180.4068,359.8662,0.0000,0.0000,0.0000
56.860,479.5580,-0.5675,258.3601,0.2510,3.8000,-0.4500,2.4664,180.4067,359.7947,0.0000,0.0000,0.0000
56.972,479.3068,-0.5386,258.4811,0.2510,3.8000,-0.4500,2.5420,180.4063,359.6475,0.0000,0.0000,0.0000
57.097,479.0545,-0.5143,258.6020,0.2510,3.8000,-0.4500,2.6328,180.4056,359.4200,0.0000,0.0000,0.0000
57.221,478.8026,-0.4914,258.7234,0.2510,3.8000,-0.4500,2.6555,180.4053,359.3400,0.0000,0.0000,0.0000
57.347,478.5073,-0.4704,258.8653,0.2510,3.8000,-0.4500,2.6981,180.4048,359.1798,0.0000,0.0000,0.0000
57.472,478.2535,-0.4570,258.9872,0.2510,3.8000,-0.4500,2.7226,180.4044,359.0149,0.0000,0.0000,0.0000
57.584,478.0421,-0.4478,259.0893,0.2510,3.8000,-0.4500,2.7329,180.4042,358.9317,0.0000,0.0000,0.0000
57.694,477.7870,-0.4429,259.2125,0.2510,3.8000,-0.4500,2.7428,180.4040,358.6865,0.0000,0.0000,0.0000
57.806,477.5329,-0.4375,259.3366,0.2510,3.8000,-0.4500,2.7427,180.4040,358.6865,0.0000,0.0000,0.0000
57.918,477.3194,-0.4404,259.4410,0.2510,3.8000,-0.4500,2.7267,180.4044,358.4348,0.0000,0.0000,0.0000
58.027,477.0648,-0.4416,259.5670,0.2510,3.8000,-0.4500,2.7267,180.4044,358.4348,0.0000,0.0000,0.0000
58.153,476.8090,-0.4493,259.6947,0.2510,3.8000,-0.4500,2.7011,180.4052,358.2752,0.0000,0.0000,0.0000
58.278,476.5527,-0.4604,259.8239,0.2510,3.8000,-0.4500,2.6629,180.4064,358.1128,0.0000,0.0000,0.0000
58.389,476.2973,-0.4714,259.9541,0.2510,3.8000,-0.4500,2.6629,180.4064,358.1128,0.0000,0.0000,0.0000
58.500,476.0830,-0.4875,260.0642,0.2510,3.8000,-0.4500,2.5869,180.4091,357.8784,0.0000,0.0000,0.0000
58.625,475.8275,-0.5033,260.1970,0.2510,3.8000,-0.4500,2.5869,180.4091,357.8784,0.0000,0.0000,0.0000
58.736,475.5718,-0.5214,260.3310,0.2510,3.8000,-0.4500,2.5869,180.4090,357.8784,0.0000,0.0000,0.0000
58.861,475.3157,-0.5429,260.4661,0.2510,3.8000,-0.4500,2.5510,180.4104,357.8058,0.0000,0.0000,0.0000
58.972,475.0599,-0.5643,260.6017,0.2510,3.8000,-0.4500,2.5510,180.4104,357.8058,0.0000,0.0000,0.0000
59.083,474.8463,-0.5845,260.7157,0.2510,3.8000,-0.4500,2.5083,180.4121,357.7372,0.0000,0.0000,0.0000
59.194,474.5907,-0.6076,260.8529,0.2510,3.8000,-0.4500,2.5083,180.4121,357.7372,0.0000,0.0000,0.0000
59.320,474.3351,-0.6309,260.9908,0.2510,3.8000,-0.4500,2.5083,180.4121,357.7372,0.0000,0.0000,0.0000
59.445,474.0796,-0.6541,261.1292,0.2510,3.8000,-0.4500,2.5083,180.4121,357.7372,0.0000,0.0000,0.0000
59.570,473.7815,-0.6803,261.2908,0.2510,3.8000,-0.4500,2.5083,180.4120,357.7372,0.0000,0.0000,0.0000
59.694,473.5262,-0.7016,261.4295,0.2510,3.8000,-0.4500,2.5083,180.4120,357.7372,0.0000,0.0000,0.0000
59.806,473.2711,-0.7212,261.5681,0.2510,3.8000,-0.4500,2.5083,180.4120,357.7372,0.0000,0.0000,0.0000
59.933,473.0162,-0.7388,261.7067,0.2510,3.8000,-0.4500,2.5083,180.4120,357.7371,0.0000,0.0000,0.0000
60.041,472.8040,-0.7516,261.8221,0.2510,3.8000,-0.4500,2.5083,180.4120,357.7371,0.0000,0.0000,0.0000
60.167,472.5072,-0.7661,261.9835,0.2510,3.8000,-0.4500,2.5083,180.4120,357.7371,0.0000,0.0000,0.0000
60.278,472.2956,-0.7738,262.0987,0.2510,3.8000,-0.4500,2.5083,180.4120,357.7371,0.0000,0.0000,0.0000
60.390,472.0418,-0.7797,262.2368,0.2510,3.8000,-0.4500,2.5083,180.4120,357.7371,0.0000,0.0000,0.0000
60.500,471.8306,-0.7816,262.3517,0.2510,3.8000,-0.4500,2.5083,180.4120,357.7371,0.0000,0.0000,0.0000
60.612,471.5776,-0.7801,262.4893,0.2510,3.8000,-0.4500,2.5083,180.4120,357.7372,0.0000,0.0000,0.0000
60.723,471.3671,-0.7754,262.6039,0.2510,3.8000,-0.4500,2.5083,180.4120,357.7372,0.0000,0.0000,0.0000
60.833,471.1162,-0.7624,262.7416,0.2510,3.8000,-0.4500,2.3856,180.4167,357.9587,0.0000,0.0000,0.0000
60.945,470.8653,-0.7451,262.8776,0.2510,3.8000,-0.4500,2.3379,180.4183,358.1178,0.0000,0.0000,0.0000
61.056,470.6564,-0.7276,262.9894,0.2510,3.8000,-0.4500,2.3169,180.4190,358.1973,0.0000,0.0000,0.0000
61.166,470.4074,-0.6976,263.1219,0.2510,3.8000,-0.4500,2.2883,180.4198,358.5305,0.0000,0.0000,0.0000
61.293,470.1567,-0.6680,263.2521,0.2510,3.8000,-0.4500,2.2883,180.4198,358.5305,0.0000,0.0000,0.0000
61.403,469.9499,-0.6347,263.3587,0.2510,3.8000,-0.4500,2.3039,180.4194,358.7797,0.0000,0.0000,0.0000
61.513,469.7020,-0.5906,263.4846,0.2510,3.8000,-0.4500,2.3404,180.4187,359.0326,0.0000,0.0000,0.0000
61.625,469.4951,-0.5522,263.5883,0.2510,3.8000,-0.4500,2.3535,180.4185,359.1142,0.0000,0.0000,0.0000
61.750,469.2069,-0.4902,263.7310,0.2510,3.8000,-0.4500,2.4005,180.4179,359.3480,0.0000,0.0000,0.0000
61.861,469.0022,-0.4404,263.8317,0.2510,3.8000,-0.4500,2.4575,180.4174,359.5918,0.0000,0.0000,0.0000
61.973,468.7563,-0.3787,263.9519,0.2510,3.8000,-0.4500,2.4957,180.4172,359.7511,0.0000,0.0000,0.0000
62.097,468.5106,-0.3158,264.0715,0.2510,3.8000,-0.4500,2.4957,180.4172,359.7511,0.0000,0.0000,0.0000
62.208,468.2677,-0.2423,264.1898,0.2510,3.8000,-0.4500,2.5729,180.4170,0.0885,0.0000,0.0000,0.0000
62.319,468.0645,-0.1821,264.2885,0.2510,3.8000,-0.4500,2.5886,180.4171,0.1679,0.0000,0.0000,0.0000
62.432,467.8214,-0.1071,264.4068,0.2510,3.8000,-0.4500,2.6035,180.4171,0.2490,0.0000,0.0000,0.0000
62.542,467.6206,-0.0390,264.5049,0.2510,3.8000,-0.4500,2.6413,180.4174,0.4990,0.0000,0.0000,0.0000
62.653,467.3784,0.0395,264.6232,0.2510,3.8000,-0.4500,2.6413,180.4174,0.4990,0.0000,0.0000,0.0000
62.778,467.1386,0.1245,264.7414,0.2510,3.8000,-0.4500,2.6539,180.4175,0.7562,0.0000,0.0000,0.0000
62.889,466.8986,0.2079,264.8601,0.2510,3.8000,-0.4500,2.6563,180.4176,0.8372,0.0000,0.0000,0.0000
63.001,466.6985,0.2770,264.9596,0.2510,3.8000,-0.4500,2.6563,180.4176,0.8372,0.0000,0.0000,0.0000
63.110,466.4599,0.3629,265.0793,0.2510,3.8000,-0.4500,2.6285,180.4171,1.0028,0.0000,0.0000,0.0000
63.222,466.2606,0.4321,265.1795,0.2510,3.8000,-0.4500,2.6285,180.4171,1.0028,0.0000,0.0000,0.0000
63.333,466.0228,0.5169,265.3006,0.2510,3.8000,-0.4500,2.5724,180.4160,1.1605,0.0000,0.0000,0.0000
63.458,465.7851,0.5992,265.4225,0.2510,3.8000,-0.4500,2.5432,180.4155,1.2363,0.0000,0.0000,0.0000
63.570,465.5468,0.6786,265.5450,0.2510,3.8000,-0.4500,2.5432,180.4154,1.2363,0.0000,0.0000,0.0000
63.682,465.3494,0.7444,265.6476,0.2510,3.8000,-0.4500,2.4425,180.4131,1.3652,0.0000,0.0000,0.0000
63.792,465.1119,0.8192,265.7704,0.2510,3.8000,-0.4500,2.3823,180.4117,1.4187,0.0000,0.0000,0.0000
63.903,464.9140,0.8787,265.8733,0.2510,3.8000,-0.4500,2.3115,180.4099,1.4654,0.0000,0.0000,0.0000
64.013,464.6765,0.9464,265.9974,0.2510,3.8000,-0.4500,2.1677,180.4061,1.5532,0.0000,0.0000,0.0000
64.140,464.4370,0.9845,266.1225,0.2510,3.8000,-0.4500,2.0857,180.4039,1.5286,0.0000,0.0000,0.0000
64.251,464.1910,0.9953,266.2508,0.2510,3.8000,-0.4500,1.6379,180.3936,0.9806,0.0000,0.0000,0.0000
64.375,463.9380,0.9879,266.3769,0.2510,3.8000,-0.4500,1.3387,180.3908,359.9756,0.0000,0.0000,0.0000
64.486,463.6830,0.9591,266.5007,0.2510,3.8000,-0.4500,1.1677,180.3921,359.1450,0.0000,0.0000,0.0000
64.611,463.4315,0.9446,266.6227,0.2510,3.8000,-0.4500,1.1485,180.3924,359.0552,0.0000,0.0000,0.0000
64.735,463.1799,0.9337,266.7436,0.2510,3.8000,-0.4500,1.1485,180.3924,359.0552,0.0000,0.0000,0.0000
64.847,462.9281,0.9256,266.8635,0.2510,3.8000,-0.4500,1.1485,180.3924,359.0552,0.0000,0.0000,0.0000
64.959,462.7181,0.9215,266.9624,0.2510,3.8000,-0.4500,1.1485,180.3924,359.0552,0.0000,0.0000,0.0000
65.069,462.4664,0.9199,267.0801,0.2510,3.8000,-0.4500,1.1485,180.3924,359.0552,0.0000,0.0000,0.0000
65.195,462.2151,0.9220,267.1967,0.2510,3.8000,-0.4500,1.1485,180.3924,359.0552,0.0000,0.0000,0.0000
65.320,461.9642,0.9275,267.3124,0.2510,3.8000,-0.4500,1.1485,180.3924,359.0552,0.0000,0.0000,0.0000
65.444,461.7137,0.9363,267.4284,0.2510,3.8000,-0.4500,1.1485,180.3924,359.0552,0.0000,0.0000,0.0000
65.569,461.4225,0.9507,267.5653,0.2510,3.8000,-0.4500,1.1485,180.3924,359.0552,0.0000,0.0000,0.0000
65.680,461.2164,0.9670,267.6643,0.2510,3.8000,-0.4500,1.0679,180.3935,359.2872,0.0000,0.0000,0.0000
65.792,460.9685,0.9863,267.7822,0.2510,3.8000,-0.4500,1.0455,180.3938,359.3659,0.0000,0.0000,0.0000
65.902,460.7629,1.0061,267.8799,0.2510,3.8000,-0.4500,1.0033,180.3942,359.5255,0.0000,0.0000,0.0000
66.014,460.5164,1.0318,267.9962,0.2510,3.8000,-0.4500,0.9645,180.3945,359.6859,0.0000,0.0000,0.0000
66.125,460.3115,1.0556,268.0925,0.2510,3.8000,-0.4500,0.9297,180.3946,359.8409,0.0000,0.0000,0.0000
66.236,460.0650,1.0834,268.2073,0.2510,3.8000,-0.4500,0.9297,180.3946,359.8409,0.0000,0.0000,0.0000
66.350,459.8206,1.1170,268.3221,0.2510,3.8000,-0.4500,0.8775,180.3947,0.0813,0.0000,0.0000,0.0000
66.458,459.6158,1.1433,268.4175,0.2510,3.8000,-0.4500,0.8775,180.3947,0.0813,0.0000,0.0000,0.0000
66.569,459.3710,1.1774,268.5318,0.2510,3.8000,-0.4500,0.8593,180.3946,0.1604,0.0000,0.0000,0.0000
66.680,459.1682,1.2083,268.6270,0.2510,3.8000,-0.4500,0.8200,180.3945,0.3206,0.0000,0.0000,0.0000
66.791,458.9239,1.2431,268.7414,0.2510,3.8000,-0.4500,0.8200,180.3945,0.3206,0.0000,0.0000,0.0000
66.917,458.6804,1.2796,268.8557,0.2510,3.8000,-0.4500,0.7973,180.3943,0.3988,0.0000,0.0000,0.0000
67.041,458.4378,1.3174,268.9705,0.2510,3.8000,-0.4500,0.7449,180.3939,0.5536,0.0000,0.0000,0.0000
67.167,458.1539,1.3584,269.1037,0.2510,3.8000,-0.4500,0.7449,180.3939,0.5537,0.0000,0.0000,0.0000
67.292,457.9110,1.3938,269.2160,0.2510,3.8000,-0.4500,0.7086,180.3935,0.6247,0.0000,0.0000,0.0000
67.416,457.6675,1.4270,269.3260,0.2510,3.8000,-0.4500,0.7086,180.3935,0.6247,0.0000,0.0000,0.0000
67.541,457.4236,1.4587,269.3876,0.2510,3.8000,-0.4500,0.7086,180.3935,0.6247,0.0000,0.0000,0.0000
67.666,457.1504,1.4926,269.2181,0.2510,3.8000,-0.4500,0.7086,180.3935,0.6247,0.0000,0.0000,0.0000
67.778,456.9644,1.5155,268.9386,0.2510,3.8000,-0.4500,0.6529,180.3929,0.6823,0.0000,0.0000,0.0000
67.891,456.7489,1.5404,268.4618,0.2510,3.8000,-0.4500,0.6529,180.3928,0.6823,0.0000,0.0000,0.0000
68.000,456.5749,1.5597,267.9630,0.2510,3.8000,-0.4500,0.6529,180.3928,0.6823,0.0000,0.0000,0.0000
68.124,456.3702,1.5814,267.2868,0.2510,3.8000,-0.4500,0.6529,180.3929,0.6823,0.0000,0.0000,0.0000
68.250,456.1342,1.6045,266.4416,0.2510,3.8000,-0.4500,0.6529,180.3929,0.6823,0.0000,0.0000,0.0000
68.363,455.9663,1.6197,265.8195,0.2510,3.8000,-0.4500,0.6529,180.3929,0.6823,0.0000,0.0000,0.0000
68.472,455.7652,1.6363,265.0633,0.2510,3.8000,-0.4500,0.6529,180.3929,0.6823,0.0000,0.0000,0.0000
68.583,455.5976,1.6488,264.4287,0.2510,3.8000,-0.4500,0.6529,180.3929,0.6823,0.0000,0.0000,0.0000
68.694,455.3965,1.6622,263.6635,0.2510,3.8000,-0.4500,0.6529,180.3929,0.6823,0.0000,0.0000,0.0000
68.805,455.1952,1.6736,262.8954,0.2510,3.8000,-0.4500,0.6529,180.3929,0.6823,0.0000,0.0000,0.0000
68.916,455.0273,1.6808,262.2543,0.2510,3.8000,-0.4500,0.5746,180.3919,0.6681,0.0000,0.0000,0.0000
69.041,454.8242,1.6876,261.5064,0.2510,3.8000,-0.4500,0.4986,180.3911,0.6449,0.0000,0.0000,0.0000
69.152,454.6156,1.6918,260.8489,0.2510,3.8000,-0.4500,0.4243,180.3902,0.6133,0.0000,0.0000,0.0000
69.264,454.4359,1.6928,260.3920,0.2510,3.8000,-0.4500,0.3515,180.3895,0.5764,0.0000,0.0000,0.0000
69.375,454.2103,1.6910,259.9821,0.2510,3.8000,-0.4500,0.2794,180.3888,0.5388,0.0000,0.0000,0.0000
69.486,453.9715,1.6832,259.7427,0.2510,3.8000,-0.4500,0.1400,180.3876,0.4484,0.0000,0.0000,0.0000
69.597,453.7667,1.6722,259.6547,0.2510,3.8000,-0.4500,0.0063,180.3866,0.3516,0.0000,0.0000,0.0000
69.722,453.5200,1.6557,259.6490,0.2510,3.8000,-0.4500,359.9404,180.3863,0.3026,0.0000,0.0000,0.0000
69.833,453.2729,1.6303,259.7245,0.2510,3.8000,-0.4500,359.7428,180.3855,0.1428,0.0000,0.0000,0.0000
69.944,453.0681,1.6055,259.8297,0.2510,3.8000,-0.4500,359.6200,180.3853,0.0396,0.0000,0.0000,0.0000
70.056,452.8232,1.5707,259.9896,0.2510,3.8000,-0.4500,359.4980,180.3853,359.9338,0.0000,0.0000,0.0000
70.180,452.5785,1.5288,260.1721,0.2510,3.8000,-0.4500,359.3137,180.3858,359.7706,0.0000,0.0000,0.0000
70.292,452.3347,1.4843,260.3666,0.2510,3.8000,-0.4500,359.2523,180.3861,359.7153,0.0000,0.0000,0.0000
70.403,452.1311,1.4417,260.5348,0.2510,3.8000,-0.4500,359.1291,180.3868,359.6043,0.0000,0.0000,0.0000
70.515,451.8870,1.3866,260.7411,0.2510,3.8000,-0.4500,359.0062,180.3878,359.4930,0.0000,0.0000,0.0000
70.639,451.6431,1.3285,260.9504,0.2510,3.8000,-0.4500,358.9448,180.3883,359.4375,0.0000,0.0000,0.0000
70.763,451.3979,1.2618,261.1625,0.2510,3.8000,-0.4500,358.6964,180.3913,359.2149,0.0000,0.0000,0.0000
70.874,451.1536,1.1973,261.3691,0.2510,3.8000,-0.4500,358.6964,180.3913,359.2149,0.0000,0.0000,0.0000
70.999,450.9082,1.1281,261.5704,0.2510,3.8000,-0.4500,358.6367,180.3921,359.1632,0.0000,0.0000,0.0000
71.112,450.6624,1.0566,261.7302,0.2510,3.8000,-0.4500,358.5751,180.3930,359.1108,0.0000,0.0000,0.0000
71.222,450.4644,1.0015,261.6457,0.2510,3.8000,-0.4500,358.5134,180.3940,359.0594,0.0000,0.0000,0.0000
71.347,450.2020,0.9369,261.1861,0.2510,3.8000,-0.4500,358.4509,180.3950,359.0097,0.0000,0.0000,0.0000
71.458,450.0213,0.8980,260.7106,0.2510,3.8000,-0.4500,358.4509,180.3951,359.0097,0.0000,0.0000,0.0000
71.570,449.8063,0.8549,260.0887,0.2510,3.8000,-0.4500,358.4509,180.3950,359.0097,0.0000,0.0000,0.0000
71.681,449.6220,0.8161,259.6408,0.2510,3.8000,-0.4500,358.3825,180.3962,358.9644,0.0000,0.0000,0.0000
71.792,449.3902,0.7656,259.2543,0.2510,3.8000,-0.4500,358.3825,180.3962,358.9644,0.0000,0.0000,0.0000
71.916,449.1467,0.7081,259.0247,0.2510,3.8000,-0.4500,358.3825,180.3962,358.9644,0.0000,0.0000,0.0000
72.027,448.8962,0.6434,258.9248,0.2510,3.8000,-0.4500,358.3073,180.3976,358.9315,0.0000,0.0000,0.0000
72.139,448.6858,0.5870,258.9106,0.2510,3.8000,-0.4500,358.3073,180.3976,358.9315,0.0000,0.0000,0.0000
72.264,448.4332,0.5166,258.9496,0.2510,3.8000,-0.4500,358.3073,180.3976,358.9315,0.0000,0.0000,0.0000
72.375,448.1810,0.4448,259.0283,0.2510,3.8000,-0.4500,358.3073,180.3976,358.9315,0.0000,0.0000,0.0000
72.500,447.9296,0.3728,259.1311,0.2510,3.8000,-0.4500,358.3073,180.3976,358.9315,0.0000,0.0000,0.0000
72.626,447.6370,0.2882,259.2701,0.2510,3.8000,-0.4500,358.1411,180.4007,358.9275,0.0000,0.0000,0.0000
72.736,447.4284,0.2297,259.3754,0.2510,3.8000,-0.4500,358.1411,180.4007,358.9275,0.0000,0.0000,0.0000
72.846,447.1786,0.1609,259.5058,0.2510,3.8000,-0.4500,358.1411,180.4007,358.9275,0.0000,0.0000,0.0000
72.957,446.9706,0.1049,259.6163,0.2510,3.8000,-0.4500,358.1411,180.4007,358.9275,0.0000,0.0000,0.0000
73.082,446.7217,0.0394,259.7508,0.2510,3.8000,-0.4500,358.0671,180.4021,358.9597,0.0000,0.0000,0.0000
73.193,446.4728,-0.0241,259.8853,0.2510,3.8000,-0.4500,358.0671,180.4021,358.9597,0.0000,0.0000,0.0000
73.319,446.2245,-0.0856,260.0206,0.2510,3.8000,-0.4500,357.9987,180.4033,359.0014,0.0000,0.0000,0.0000
73.442,445.9765,-0.1449,260.1562,0.2510,3.8000,-0.4500,357.9360,180.4044,359.0531,0.0000,0.0000,0.0000
73.554,445.7286,-0.2028,260.2918,0.2510,3.8000,-0.4500,357.9360,180.4044,359.0531,0.0000,0.0000,0.0000
73.665,445.4817,-0.2578,260.4283,0.2510,3.8000,-0.4500,357.8221,180.4061,359.1757,0.0000,0.0000,0.0000
73.777,445.2755,-0.3037,260.5415,0.2510,3.8000,-0.4500,357.8221,180.4061,359.1757,0.0000,0.0000,0.0000
73.888,445.0290,-0.3565,260.6782,0.2510,3.8000,-0.4500,357.7211,180.4075,359.3073,0.0000,0.0000,0.0000
74.000,444.8229,-0.4015,260.7913,0.2510,3.8000,-0.4500,357.7211,180.4075,359.3073,0.0000,0.0000,0.0000
74.110,444.5758,-0.4556,260.9268,0.2510,3.8000,-0.4500,357.7211,180.4075,359.3073,0.0000,0.0000,0.0000
74.235,444.3292,-0.5097,261.0628,0.2510,3.8000,-0.4500,357.6695,180.4081,359.3698,0.0000,0.0000,0.0000
74.346,444.0824,-0.5655,261.1986,0.2510,3.8000,-0.4500,357.6695,180.4081,359.3698,0.0000,0.0000,0.0000
74.458,443.8770,-0.6124,261.3125,0.2510,3.8000,-0.4500,357.6095,180.4087,359.4280,0.0000,0.0000,0.0000
74.569,443.6306,-0.6699,261.4493,0.2510,3.8000,-0.4500,357.5495,180.4093,359.4824,0.0000,0.0000,0.0000
74.693,443.3839,-0.7291,261.5857,0.2510,3.8000,-0.4500,357.5495,180.4093,359.4824,0.0000,0.0000,0.0000
74.817,443.1382,-0.7883,261.7231,0.2510,3.8000,-0.4500,357.3460,180.4109,359.6318,0.0000,0.0000,0.0000
74.929,442.8914,-0.8491,261.8589,0.2510,3.8000,-0.4500,357.3460,180.4109,359.6318,0.0000,0.0000,0.0000
75.041,442.6857,-0.9002,261.9720,0.2510,3.8000,-0.4500,357.3460,180.4108,359.6318,0.0000,0.0000,0.0000
75.153,442.4390,-0.9617,262.1077,0.2510,3.8000,-0.4500,357.3460,180.4108,359.6318,0.0000,0.0000,0.0000
75.262,442.2341,-1.0125,262.2216,0.2510,3.8000,-0.4500,357.2083,180.4116,359.7260,0.0000,0.0000,0.0000
75.374,441.9874,-1.0738,262.3572,0.2510,3.8000,-0.4500,357.2083,180.4116,359.7260,0.0000,0.0000,0.0000
75.487,441.7415,-1.1338,262.4936,0.2510,3.8000,-0.4500,357.0793,180.4121,359.8254,0.0000,0.0000,0.0000
75.595,441.5363,-1.1837,262.6066,0.2510,3.8000,-0.4500,357.0793,180.4121,359.8254,0.0000,0.0000,0.0000
75.707,441.2901,-1.2427,262.7420,0.2510,3.8000,-0.4500,357.0793,180.4121,359.8253,0.0000,0.0000,0.0000
75.818,441.0851,-1.2907,262.8547,0.2510,3.8000,-0.4500,357.0793,180.4121,359.8253,0.0000,0.0000,0.0000
75.929,440.8401,-1.3458,262.9907,0.2510,3.8000,-0.4500,356.9655,180.4123,359.9467,0.0000,0.0000,0.0000
76.039,440.6355,-1.3912,263.1033,0.2510,3.8000,-0.4500,356.9655,180.4123,359.9467,0.0000,0.0000,0.0000
76.165,440.3902,-1.4439,263.2384,0.2510,3.8000,-0.4500,356.9655,180.4123,359.9467,0.0000,0.0000,0.0000
76.277,440.1460,-1.4925,263.3741,0.2510,3.8000,-0.4500,356.8795,180.4123,0.0910,0.0000,0.0000,0.0000
76.387,439.9011,-1.5406,263.5093,0.2510,3.8000,-0.4500,356.8795,180.4123,0.0910,0.0000,0.0000,0.0000
76.498,439.6979,-1.5777,263.6223,0.2510,3.8000,-0.4500,356.8509,180.4122,0.1686,0.0000,0.0000,0.0000
76.610,439.4539,-1.6199,263.7578,0.2510,3.8000,-0.4500,356.8234,180.4122,0.2463,0.0000,0.0000,0.0000
76.721,439.2505,-1.6540,263.8708,0.2510,3.8000,-0.4500,356.8234,180.4122,0.2463,0.0000,0.0000,0.0000
76.833,439.0077,-1.6898,264.0067,0.2510,3.8000,-0.4500,356.7975,180.4120,0.4101,0.0000,0.0000,0.0000
76.945,438.7640,-1.7255,264.1425,0.2510,3.8000,-0.4500,356.7975,180.4120,0.4101,0.0000,0.0000,0.0000
77.056,438.5619,-1.7517,264.2557,0.2510,3.8000,-0.4500,356.7984,180.4120,0.4945,0.0000,0.0000,0.0000
77.168,438.3193,-1.7809,264.3916,0.2510,3.8000,-0.4500,356.8002,180.4120,0.5787,0.0000,0.0000,0.0000
77.279,438.1170,-1.8045,264.5044,0.2510,3.8000,-0.4500,356.8002,180.4120,0.5787,0.0000,0.0000,0.0000
77.390,437.8760,-1.8257,264.6391,0.2510,3.8000,-0.4500,356.8429,180.4126,0.8289,0.0000,0.0000,0.0000
77.503,437.6739,-1.8453,264.7511,0.2510,3.8000,-0.4500,356.8429,180.4126,0.8289,0.0000,0.0000,0.0000
77.613,437.4316,-1.8668,264.8852,0.2510,3.8000,-0.4500,356.8429,180.4126,0.8289,0.0000,0.0000,0.0000
77.729,437.1902,-1.8844,265.0192,0.2510,3.8000,-0.4500,356.8685,180.4130,0.9057,0.0000,0.0000,0.0000
77.831,436.9888,-1.8989,265.1312,0.2510,3.8000,-0.4500,356.8685,180.4130,0.9057,0.0000,0.0000,0.0000
77.943,436.7886,-1.9089,265.2430,0.2510,3.8000,-0.4500,356.9314,180.4140,1.0577,0.0000,0.0000,0.0000
78.054,436.5475,-1.9231,265.3774,0.2510,3.8000,-0.4500,356.9314,180.4140,1.0577,0.0000,0.0000,0.0000
78.165,436.3466,-1.9337,265.4897,0.2510,3.8000,-0.4500,356.9314,180.4140,1.0578,0.0000,0.0000,0.0000
78.290,436.0665,-1.9437,265.6462,0.2510,3.8000,-0.4500,357.0146,180.4157,1.2005,0.0000,0.0000,0.0000
78.401,435.8657,-1.9521,265.7587,0.2510,3.8000,-0.4500,357.0147,180.4157,1.2005,0.0000,0.0000,0.0000
78.512,435.6249,-1.9612,265.8942,0.2510,3.8000,-0.4500,357.0147,180.4157,1.2005,0.0000,0.0000,0.0000
78.637,435.3842,-1.9694,266.0299,0.2510,3.8000,-0.4500,357.0147,180.4157,1.2005,0.0000,0.0000,0.0000
78.762,435.1436,-1.9769,266.1658,0.2510,3.8000,-0.4500,357.0147,180.4157,1.2005,0.0000,0.0000,0.0000
78.873,434.9035,-1.9821,266.3012,0.2510,3.8000,-0.4500,357.0657,180.4168,1.2627,0.0000,0.0000,0.0000
78.998,434.6630,-1.9884,266.4369,0.2510,3.8000,-0.4500,357.0657,180.4168,1.2627,0.0000,0.0000,0.0000
79.110,434.4224,-1.9942,266.5728,0.2510,3.8000,-0.4500,357.0657,180.4168,1.2627,0.0000,0.0000,0.0000
79.220,434.2219,-1.9987,266.6860,0.2510,3.8000,-0.4500,357.0657,180.4168,1.2627,0.0000,0.0000,0.0000
79.345,433.9412,-2.0047,266.8445,0.2510,3.8000,-0.4500,357.0657,180.4168,1.2627,0.0000,0.0000,0.0000
79.459,433.7406,-2.0087,266.9577,0.2510,3.8000,-0.4500,357.0657,180.4168,1.2627,0.0000,0.0000,0.0000
79.568,433.5002,-2.0118,267.0932,0.2510,3.8000,-0.4500,357.1317,180.4183,1.3129,0.0000,0.0000,0.0000
79.679,433.2997,-2.0153,267.2065,0.2510,3.8000,-0.4500,357.1317,180.4183,1.3129,0.0000,0.0000,0.0000
79.790,433.0591,-2.0191,267.3423,0.2510,3.8000,-0.4500,357.1317,180.4183,1.3129,0.0000,0.0000,0.0000
79.901,432.8588,-2.0206,267.4548,0.2510,3.8000,-0.4500,357.2011,180.4199,1.3543,0.0000,0.0000,0.0000
80.027,432.5779,-2.0237,267.6127,0.2510,3.8000,-0.4500,357.2011,180.4199,1.3543,0.0000,0.0000,0.0000
80.151,432.3374,-2.0244,267.7478,0.2510,3.8000,-0.4500,357.2746,180.4216,1.3889,0.0000,0.0000,0.0000
80.276,432.0969,-2.0241,267.8831,0.2510,3.8000,-0.4500,357.3495,180.4235,1.4192,0.0000,0.0000,0.0000
80.387,431.8561,-2.0239,268.0192,0.2510,3.8000,-0.4500,357.3495,180.4235,1.4192,0.0000,0.0000,0.0000
80.513,431.6154,-2.0212,268.1550,0.2510,3.8000,-0.4500,357.4258,180.4254,1.4463,0.0000,0.0000,0.0000
80.637,431.3750,-2.0159,268.2903,0.2510,3.8000,-0.4500,357.5789,180.4293,1.4955,0.0000,0.0000,0.0000
80.762,431.1344,-2.0109,268.4266,0.2510,3.8000,-0.4500,357.5789,180.4293,1.4955,0.0000,0.0000,0.0000
80.887,430.8542,-2.0003,268.5844,0.2510,3.8000,-0.4500,357.7382,180.4336,1.5389,0.0000,0.0000,0.0000
80.999,430.6537,-1.9922,268.6978,0.2510,3.8000,-0.4500,357.7382,180.4336,1.5389,0.0000,0.0000,0.0000
81.123,430.4137,-1.9780,268.8327,0.2510,3.8000,-0.4500,357.9043,180.4381,1.5807,0.0000,0.0000,0.0000
81.234,430.1741,-1.9599,268.9671,0.2510,3.8000,-0.4500,358.1464,180.4449,1.6405,0.0000,0.0000,0.0000
81.360,429.9343,-1.9416,269.1029,0.2510,3.8000,-0.4500,358.1464,180.4449,1.6405,0.0000,0.0000,0.0000
81.484,429.6952,-1.9170,269.2373,0.2510,3.8000,-0.4500,358.3872,180.4519,1.7004,0.0000,0.0000,0.0000
81.609,429.4162,-1.8850,269.3946,0.2510,3.8000,-0.4500,358.5453,180.4567,1.7409,0.0000,0.0000,0.0000
81.719,429.2172,-1.8594,269.5070,0.2510,3.8000,-0.4500,358.6265,180.4592,1.7622,0.0000,0.0000,0.0000
81.830,428.9790,-1.8230,269.6404,0.2510,3.8000,-0.4500,358.8669,180.4667,1.8258,0.0000,0.0000,0.0000
81.943,428.7806,-1.7909,269.7529,0.2510,3.8000,-0.4500,358.9460,180.4692,1.8475,0.0000,0.0000,0.0000
82.054,428.5433,-1.7476,269.8890,0.2510,3.8000,-0.4500,359.1053,180.4744,1.8916,0.0000,0.0000,0.0000
82.177,428.3066,-1.6988,270.0262,0.2510,3.8000,-0.4500,359.3434,180.4824,1.9589,0.0000,0.0000,0.0000
82.303,428.0703,-1.6464,270.1650,0.2510,3.8000,-0.4500,359.5017,180.4879,2.0042,0.0000,0.0000,0.0000
82.427,427.7952,-1.5797,270.3267,0.2510,3.8000,-0.4500,359.6611,180.4936,2.0500,0.0000,0.0000,0.0000
82.538,427.5993,-1.5266,270.4408,0.2510,3.8000,-0.4500,359.9010,180.5023,2.1191,0.0000,0.0000,0.0000
82.650,427.3646,-1.4592,270.5773,0.2510,3.8000,-0.4500,0.1427,180.5114,2.1881,0.0000,0.0000,0.0000
82.775,427.1297,-1.3893,270.7147,0.2510,3.8000,-0.4500,0.2204,180.5144,2.2103,0.0000,0.0000,0.0000
82.886,426.8960,-1.3120,270.8500,0.2510,3.8000,-0.4500,0.5426,180.5271,2.2995,0.0000,0.0000,0.0000
83.013,426.6621,-1.2345,270.9872,0.2510,3.8000,-0.4500,0.5426,180.5271,2.2995,0.0000,0.0000,0.0000
83.136,426.4291,-1.1499,271.1225,0.2510,3.8000,-0.4500,0.7863,180.5370,2.3639,0.0000,0.0000,0.0000
83.262,426.1964,-1.0625,271.2581,0.2510,3.8000,-0.4500,0.9507,180.5438,2.4052,0.0000,0.0000,0.0000
83.372,425.9640,-0.9716,271.3937,0.2510,3.8000,-0.4500,1.1121,180.5507,2.4443,0.0000,0.0000,0.0000
83.484,425.7703,-0.8948,271.5075,0.2510,3.8000,-0.4500,1.1121,180.5507,2.4443,0.0000,0.0000,0.0000
83.595,425.5390,-0.7963,271.6419,0.2510,3.8000,-0.4500,1.4387,180.5648,2.5168,0.0000,0.0000,0.0000
83.720,425.3080,-0.6998,271.7258,0.2510,3.8000,-0.4500,1.4387,180.5648,2.5168,0.0000,0.0000,0.0000
83.846,425.0532,-0.5964,271.4717,0.2510,3.8000,-0.4500,1.5176,180.5683,2.5323,0.0000,0.0000,0.0000
83.971,424.8480,-0.5201,270.9810,0.2510,3.8000,-0.4500,1.5176,180.5683,2.5323,0.0000,0.0000,0.0000
84.095,424.6493,-0.4498,270.3562,0.2510,3.8000,-0.4500,1.5993,180.5719,2.5475,0.0000,0.0000,0.0000
84.220,424.4527,-0.3837,269.6823,0.2510,3.8000,-0.4500,1.5993,180.5719,2.5475,0.0000,0.0000,0.0000
84.332,424.2507,-0.3141,269.0973,0.2510,3.8000,-0.4500,1.6793,180.5755,2.5622,0.0000,0.0000,0.0000
84.443,424.0737,-0.2509,268.7380,0.2510,3.8000,-0.4500,1.6793,180.5755,2.5622,0.0000,0.0000,0.0000
84.554,423.8510,-0.1669,268.4540,0.2510,3.8000,-0.4500,1.6793,180.5755,2.5622,0.0000,0.0000,0.0000
84.665,423.6603,-0.0888,268.3364,0.2510,3.8000,-0.4500,1.7613,180.5791,2.5840,0.0000,0.0000,0.0000
84.776,423.4294,0.0130,268.2927,0.2510,3.8000,-0.4500,1.9173,180.5863,2.6307,0.0000,0.0000,0.0000
84.901,423.1975,0.1187,268.3177,0.2510,3.8000,-0.4500,1.9173,180.5863,2.6307,0.0000,0.0000,0.0000
85.026,422.9273,0.2473,268.3969,0.2510,3.8000,-0.4500,1.9173,180.5863,2.6307,0.0000,0.0000,0.0000
85.138,422.7353,0.3429,268.4725,0.2510,3.8000,-0.4500,1.9862,180.5894,2.6736,0.0000,0.0000,0.0000
85.248,422.5053,0.4591,268.5762,0.2510,3.8000,-0.4500,2.0537,180.5926,2.7171,0.0000,0.0000,0.0000
85.361,422.3138,0.5561,268.6700,0.2510,3.8000,-0.4500,2.0537,180.5926,2.7171,0.0000,0.0000,0.0000
85.484,422.0845,0.6732,268.7879,0.2510,3.8000,-0.4500,2.0537,180.5927,2.7171,0.0000,0.0000,0.0000
85.595,421.8557,0.7906,268.9097,0.2510,3.8000,-0.4500,2.0537,180.5927,2.7171,0.0000,0.0000,0.0000
85.720,421.6273,0.9080,269.0346,0.2510,3.8000,-0.4500,2.0537,180.5927,2.7171,0.0000,0.0000,0.0000
85.832,421.3994,1.0249,269.1621,0.2510,3.8000,-0.4500,2.0537,180.5927,2.7171,0.0000,0.0000,0.0000
85.956,421.1718,1.1409,269.2915,0.2510,3.8000,-0.4500,2.0537,180.5927,2.7171,0.0000,0.0000,0.0000
86.076,420.9445,1.2553,269.4226,0.2510,3.8000,-0.4500,2.0537,180.5927,2.7171,0.0000,0.0000,0.0000
86.192,420.7179,1.3691,269.5549,0.2510,3.8000,-0.4500,2.0546,180.5927,2.7978,0.0000,0.0000,0.0000
86.304,420.5286,1.4608,269.6662,0.2510,3.8000,-0.4500,2.0546,180.5927,2.7978,0.0000,0.0000,0.0000
86.416,420.3012,1.5679,269.8007,0.2510,3.8000,-0.4500,2.0546,180.5927,2.7978,0.0000,0.0000,0.0000
86.539,420.0744,1.6724,269.9362,0.2510,3.8000,-0.4500,2.0174,180.5909,2.8711,0.0000,0.0000,0.0000
86.651,419.8474,1.7723,270.0730,0.2510,3.8000,-0.4500,1.9640,180.5881,2.9347,0.0000,0.0000,0.0000
86.775,419.6209,1.8678,270.2128,0.2510,3.8000,-0.4500,1.7698,180.5779,3.0901,0.0000,0.0000,0.0000
86.886,419.3934,1.9565,270.3546,0.2510,3.8000,-0.4500,1.6144,180.5694,3.1448,0.0000,0.0000,0.0000
86.998,419.2034,2.0259,270.4741,0.2510,3.8000,-0.4500,1.5359,180.5651,3.1686,0.0000,0.0000,0.0000
87.123,418.9746,2.1018,270.6204,0.2510,3.8000,-0.4500,1.2899,180.5514,3.1884,0.0000,0.0000,0.0000
87.234,418.7450,2.1700,270.7685,0.2510,3.8000,-0.4500,1.0385,180.5374,3.1764,0.0000,0.0000,0.0000
87.345,418.5137,2.2282,270.9191,0.2510,3.8000,-0.4500,0.6376,180.5155,3.0843,0.0000,0.0000,0.0000
87.470,418.2818,2.2806,271.0687,0.2510,3.8000,-0.4500,0.4779,180.5070,3.0237,0.0000,0.0000,0.0000
87.595,418.0481,2.3221,271.2194,0.2510,3.8000,-0.4500,0.1661,180.4908,2.8912,0.0000,0.0000,0.0000
87.708,417.8128,2.3543,271.3694,0.2510,3.8000,-0.4500,359.8705,180.4763,2.7319,0.0000,0.0000,0.0000
87.817,417.6158,2.3743,271.4935,0.2510,3.8000,-0.4500,359.6540,180.4662,2.6047,0.0000,0.0000,0.0000
87.943,417.3773,2.3874,271.6415,0.2510,3.8000,-0.4500,359.2994,180.4508,2.3688,0.0000,0.0000,0.0000
88.067,417.0986,2.3942,271.8099,0.2510,3.8000,-0.4500,359.0960,180.4427,2.2233,0.0000,0.0000,0.0000
88.180,416.8970,2.3862,271.9299,0.2510,3.8000,-0.4500,358.7426,180.4298,1.9516,0.0000,0.0000,0.0000
88.303,416.6550,2.3720,272.0704,0.2510,3.8000,-0.4500,358.5463,180.4233,1.7937,0.0000,0.0000,0.0000
88.415,416.4109,2.3446,272.2095,0.2510,3.8000,-0.4500,358.2170,180.4138,1.5156,0.0000,0.0000,0.0000
88.525,416.1653,2.3071,272.3464,0.2510,3.8000,-0.4500,357.9017,180.4063,1.2362,0.0000,0.0000,0.0000
88.651,415.9191,2.2610,272.4813,0.2510,3.8000,-0.4500,357.6546,180.4014,1.0085,0.0000,0.0000,0.0000
88.762,415.7137,2.2170,272.5920,0.2510,3.8000,-0.4500,357.5327,180.3994,0.8934,0.0000,0.0000,0.0000
88.887,415.4239,2.1405,272.7462,0.2510,3.8000,-0.4500,357.2216,180.3953,0.5926,0.0000,0.0000,0.0000
88.997,415.2161,2.0772,272.8556,0.2510,3.8000,-0.4500,356.9778,180.3933,0.3488,0.0000,0.0000,0.0000
89.109,414.9672,1.9974,272.9848,0.2510,3.8000,-0.4500,356.8604,180.3927,0.2299,0.0000,0.0000,0.0000
89.234,414.7159,1.9025,273.1146,0.2510,3.8000,-0.4500,356.5037,180.3925,359.8570,0.0000,0.0000,0.0000
89.345,414.5077,1.8235,273.2210,0.2510,3.8000,-0.4500,356.4468,180.3926,359.7957,0.0000,0.0000,0.0000
89.456,414.2567,1.7186,273.3487,0.2510,3.8000,-0.4500,356.2740,180.3935,359.6084,0.0000,0.0000,0.0000
89.567,414.0051,1.6048,273.4768,0.2510,3.8000,-0.4500,356.0448,180.3956,359.3533,0.0000,0.0000,0.0000
89.679,413.7956,1.5071,273.5830,0.2510,3.8000,-0.4500,355.9344,180.3970,359.2272,0.0000,0.0000,0.0000
89.789,413.5440,1.3848,273.7105,0.2510,3.8000,-0.4500,355.8207,180.3987,359.0947,0.0000,0.0000,0.0000
89.914,413.2925,1.2572,273.8380,0.2510,3.8000,-0.4500,355.7102,180.4005,358.9650,0.0000,0.0000,0.0000
90.039,413.0403,1.1235,273.9661,0.2510,3.8000,-0.4500,355.5516,180.4037,358.7712,0.0000,0.0000,0.0000
90.164,412.7892,0.9908,274.0937,0.2510,3.8000,-0.4500,355.5516,180.4037,358.7712,0.0000,0.0000,0.0000
90.289,412.4958,0.8307,274.2430,0.2510,3.8000,-0.4500,355.5022,180.4048,358.7082,0.0000,0.0000,0.0000
90.414,412.2437,0.6896,274.3713,0.2510,3.8000,-0.4500,355.4058,180.4070,358.5788,0.0000,0.0000,0.0000
90.525,411.9922,0.5506,274.4993,0.2510,3.8000,-0.4500,355.4058,180.4070,358.5788,0.0000,0.0000,0.0000
90.637,411.7825,0.4345,274.6060,0.2510,3.8000,-0.4500,355.4058,180.4070,358.5788,0.0000,0.0000,0.0000
90.748,411.5308,0.2958,274.7342,0.2510,3.8000,-0.4500,355.4058,180.4071,358.5788,0.0000,0.0000,0.0000
90.859,411.3209,0.1812,274.8410,0.2510,3.8000,-0.4500,355.4058,180.4071,358.5788,0.0000,0.0000,0.0000
90.970,411.0690,0.0458,274.9692,0.2510,3.8000,-0.4500,355.4058,180.4071,358.5788,0.0000,0.0000,0.0000
91.081,410.8592,-0.0647,275.0759,0.2510,3.8000,-0.4500,355.4058,180.4071,358.5788,0.0000,0.0000,0.0000
91.193,410.6071,-0.1938,275.2032,0.2510,3.8000,-0.4500,355.4058,180.4071,358.5788,0.0000,0.0000,0.0000
91.303,410.3973,-0.2980,275.3089,0.2510,3.8000,-0.4500,355.4058,180.4071,358.5788,0.0000,0.0000,0.0000
91.429,410.1037,-0.4378,275.4564,0.2510,3.8000,-0.4500,355.4058,180.4071,358.5788,0.0000,0.0000,0.0000
91.539,409.8942,-0.5327,275.5621,0.2510,3.8000,-0.4500,355.4058,180.4071,358.5788,0.0000,0.0000,0.0000
91.665,409.6432,-0.6407,275.6895,0.2510,3.8000,-0.4500,355.4059,180.4071,358.5788,0.0000,0.0000,0.0000
91.776,409.3925,-0.7415,275.8172,0.2510,3.8000,-0.4500,355.4058,180.4071,358.5788,0.0000,0.0000,0.0000
91.887,409.1426,-0.8323,275.9443,0.2510,3.8000,-0.4500,355.5588,180.4033,358.6465,0.0000,0.0000,0.0000
92.013,408.8932,-0.9134,276.0711,0.2510,3.8000,-0.4500,355.7911,180.3981,358.7628,0.0000,0.0000,0.0000
92.137,408.6446,-0.9828,276.1967,0.2510,3.8000,-0.4500,356.1507,180.3910,358.9915,0.0000,0.0000,0.0000
92.261,408.3960,-1.0459,276.3221,0.2510,3.8000,-0.4500,356.3562,180.3876,359.1423,0.0000,0.0000,0.0000
92.387,408.1068,-1.1054,276.4664,0.2510,3.8000,-0.4500,356.6898,180.3834,359.4048,0.0000,0.0000,0.0000
92.498,407.9004,-1.1407,276.5687,0.2510,3.8000,-0.4500,356.8879,180.3816,359.5703,0.0000,0.0000,0.0000
92.609,407.6534,-1.1735,276.6903,0.2510,3.8000,-0.4500,357.1488,180.3801,359.7917,0.0000,0.0000,0.0000
92.720,407.4483,-1.1924,276.7905,0.2510,3.8000,-0.4500,357.4084,180.3797,0.0155,0.0000,0.0000,0.0000
92.832,407.2019,-1.2105,276.9113,0.2510,3.8000,-0.4500,357.5355,180.3799,0.1252,0.0000,0.0000,0.0000
92.942,406.9985,-1.2127,277.0100,0.2510,3.8000,-0.4500,357.8784,180.3815,0.4193,0.0000,0.0000,0.0000
93.054,406.7539,-1.2117,277.1293,0.2510,3.8000,-0.4500,358.0720,180.3832,0.5838,0.0000,0.0000,0.0000
93.179,406.5110,-1.1985,277.2477,0.2510,3.8000,-0.4500,358.3965,180.3873,0.8539,0.0000,0.0000,0.0000
93.290,406.2684,-1.1790,277.3668,0.2510,3.8000,-0.4500,358.6059,180.3907,1.0223,0.0000,0.0000,0.0000
93.414,406.0272,-1.1494,277.4856,0.2510,3.8000,-0.4500,358.8776,180.3960,1.2372,0.0000,0.0000,0.0000
93.526,405.7871,-1.1116,277.6049,0.2510,3.8000,-0.4500,359.1530,180.4025,1.4436,0.0000,0.0000,0.0000
93.636,405.5869,-1.0774,277.7058,0.2510,3.8000,-0.4500,359.2206,180.4042,1.4934,0.0000,0.0000,0.0000
93.748,405.3491,-1.0241,277.8253,0.2510,3.8000,-0.4500,359.5746,180.4142,1.7387,0.0000,0.0000,0.0000
93.859,405.1509,-0.9775,277.9264,0.2510,3.8000,-0.4500,359.7170,180.4187,1.8294,0.0000,0.0000,0.0000
93.984,404.9140,-0.9163,278.0484,0.2510,3.8000,-0.4500,359.8596,180.4233,1.9180,0.0000,0.0000,0.0000
94.096,404.6784,-0.8467,278.1696,0.2510,3.8000,-0.4500,0.1609,180.4339,2.0838,0.0000,0.0000,0.0000
94.206,404.4428,-0.7745,278.2923,0.2510,3.8000,-0.4500,0.3149,180.4396,2.1560,0.0000,0.0000,0.0000
94.331,404.2079,-0.6974,278.4149,0.2510,3.8000,-0.4500,0.4673,180.4454,2.2247,0.0000,0.0000,0.0000
94.442,404.0125,-0.6292,278.5172,0.2510,3.8000,-0.4500,0.6293,180.4518,2.2873,0.0000,0.0000,0.0000
94.553,403.7789,-0.5426,278.6395,0.2510,3.8000,-0.4500,0.8641,180.4613,2.3768,0.0000,0.0000,0.0000
94.664,403.5841,-0.4697,278.7431,0.2510,3.8000,-0.4500,0.8641,180.4613,2.3768,0.0000,0.0000,0.0000
94.776,403.3518,-0.3735,278.8651,0.2510,3.8000,-0.4500,1.1748,180.4746,2.5009,0.0000,0.0000,0.0000
94.887,403.1193,-0.2774,278.9895,0.2510,3.8000,-0.4500,1.1748,180.4746,2.5009,0.0000,0.0000,0.0000
95.012,402.8878,-0.1744,279.1128,0.2510,3.8000,-0.4500,1.3285,180.4814,2.5723,0.0000,0.0000,0.0000
95.137,402.6577,-0.0662,279.2353,0.2510,3.8000,-0.4500,1.5531,180.4917,2.6867,0.0000,0.0000,0.0000
95.248,402.4272,0.0423,279.3596,0.2510,3.8000,-0.4500,1.5531,180.4917,2.6867,0.0000,0.0000,0.0000
95.359,402.2367,0.1394,279.4616,0.2510,3.8000,-0.4500,1.7705,180.5022,2.8186,0.0000,0.0000,0.0000
95.485,402.0076,0.2541,279.5862,0.2510,3.8000,-0.4500,1.7705,180.5022,2.8186,0.0000,0.0000,0.0000
95.595,401.7801,0.3755,279.7095,0.2510,3.8000,-0.4500,1.9732,180.5124,2.9634,0.0000,0.0000,0.0000
95.720,401.5521,0.4954,279.8349,0.2510,3.8000,-0.4500,1.9732,180.5124,2.9633,0.0000,0.0000,0.0000
95.845,401.2869,0.6377,279.9820,0.2510,3.8000,-0.4500,1.9732,180.5124,2.9633,0.0000,0.0000,0.0000
95.956,401.0986,0.7433,280.0864,0.2510,3.8000,-0.4500,2.0963,180.5189,3.0713,0.0000,0.0000,0.0000
96.081,400.8722,0.8677,280.2137,0.2510,3.8000,-0.4500,2.0963,180.5189,3.0713,0.0000,0.0000,0.0000
96.194,400.6461,0.9928,280.3421,0.2510,3.8000,-0.4500,2.0963,180.5189,3.0713,0.0000,0.0000,0.0000
96.317,400.4202,1.1185,280.4713,0.2510,3.8000,-0.4500,2.0964,180.5189,3.0713,0.0000,0.0000,0.0000
96.429,400.1945,1.2446,280.6011,0.2510,3.8000,-0.4500,2.0964,180.5189,3.0713,0.0000,0.0000,0.0000
96.554,399.9691,1.3709,280.7315,0.2510,3.8000,-0.4500,2.0964,180.5189,3.0713,0.0000,0.0000,0.0000
96.664,399.7813,1.4762,280.8405,0.2510,3.8000,-0.4500,2.0964,180.5189,3.0713,0.0000,0.0000,0.0000
96.777,399.5557,1.6022,280.9715,0.2510,3.8000,-0.4500,2.0963,180.5189,3.0713,0.0000,0.0000,0.0000
96.888,399.3300,1.7276,281.1027,0.2510,3.8000,-0.4500,2.0963,180.5189,3.0713,0.0000,0.0000,0.0000
96.998,399.1417,1.8311,281.2120,0.2510,3.8000,-0.4500,2.0963,180.5189,3.0713,0.0000,0.0000,0.0000
97.109,398.9153,1.9537,281.3434,0.2510,3.8000,-0.4500,2.0963,180.5189,3.0713,0.0000,0.0000,0.0000
97.234,398.6885,2.0738,281.4747,0.2510,3.8000,-0.4500,2.0963,180.5189,3.0713,0.0000,0.0000,0.0000
97.345,398.4991,2.1715,281.5845,0.2510,3.8000,-0.4500,2.0963,180.5189,3.0713,0.0000,0.0000,0.0000
97.457,398.2711,2.2853,281.7166,0.2510,3.8000,-0.4500,2.0963,180.5189,3.0713,0.0000,0.0000,0.0000
97.568,398.0424,2.3945,281.8490,0.2510,3.8000,-0.4500,2.0963,180.5189,3.0712,0.0000,0.0000,0.0000
97.678,397.8510,2.4814,281.9596,0.2510,3.8000,-0.4500,2.0963,180.5189,3.0712,0.0000,0.0000,0.0000
97.804,397.6204,2.5801,282.0924,0.2510,3.8000,-0.4500,2.0963,180.5189,3.0712,0.0000,0.0000,0.0000
97.915,397.3868,2.6689,282.2245,0.2510,3.8000,-0.4500,2.2025,180.5244,2.8482,0.0000,0.0000,0.0000
98.040,397.1513,2.7489,282.3563,0.2510,3.8000,-0.4500,2.2319,180.5258,2.5940,0.0000,0.0000,0.0000
98.151,396.9141,2.8199,282.4869,0.2510,3.8000,-0.4500,2.2168,180.5251,2.3419,0.0000,0.0000,0.0000
98.276,396.6749,2.8813,282.6159,0.2510,3.8000,-0.4500,2.1634,180.5231,2.0918,0.0000,0.0000,0.0000
98.387,396.4320,2.9275,282.7440,0.2510,3.8000,-0.4500,1.9791,180.5172,1.6032,0.0000,0.0000,0.0000
98.512,396.1887,2.9666,282.8690,0.2510,3.8000,-0.4500,1.8283,180.5134,1.3131,0.0000,0.0000,0.0000
98.636,395.9430,2.9930,282.9925,0.2510,3.8000,-0.4500,1.6156,180.5091,0.9636,0.0000,0.0000,0.0000
98.748,395.6962,3.0090,283.1142,0.2510,3.8000,-0.4500,1.4291,180.5065,0.6924,0.0000,0.0000,0.0000
98.860,395.4885,3.0100,283.2157,0.2510,3.8000,-0.4500,1.1647,180.5041,0.3385,0.0000,0.0000,0.0000
98.984,395.2385,3.0018,283.3367,0.2510,3.8000,-0.4500,0.9023,180.5033,0.0056,0.0000,0.0000,0.0000
99.096,394.9870,2.9796,283.4583,0.2510,3.8000,-0.4500,0.5804,180.5043,359.6214,0.0000,0.0000,0.0000
99.220,394.7350,2.9462,283.5802,0.2510,3.8000,-0.4500,0.3088,180.5069,359.3118,0.0000,0.0000,0.0000
99.344,394.4818,2.8984,283.7036,0.2510,3.8000,-0.4500,359.9697,180.5121,358.9414,0.0000,0.0000,0.0000
99.456,394.2286,2.8406,283.8282,0.2510,3.8000,-0.4500,359.7249,180.5171,358.6859,0.0000,0.0000,0.0000
99.567,393.9745,2.7671,283.9557,0.2510,3.8000,-0.4500,359.3560,180.5268,358.3124,0.0000,0.0000,0.0000
99.678,393.7631,2.6985,284.0635,0.2510,3.8000,-0.4500,359.1181,180.5343,358.0807,0.0000,0.0000,0.0000
99.789,393.5091,2.6047,284.1960,0.2510,3.8000,-0.4500,358.8078,180.5455,357.7901,0.0000,0.0000,0.0000
99.901,393.2983,2.5212,284.3080,0.2510,3.8000,-0.4500,358.6855,180.5503,357.6784,0.0000,0.0000,0.0000
100.012,393.0444,2.4051,284.4469,0.2510,3.8000,-0.4500,358.2840,180.5679,357.3297,0.0000,0.0000,0.0000
100.123,392.8339,2.3038,284.5645,0.2510,3.8000,-0.4500,358.0932,180.5770,357.1702,0.0000,0.0000,0.0000
100.234,392.5811,2.1715,284.7094,0.2510,3.8000,-0.4500,357.7639,180.5941,356.9113,0.0000,0.0000,0.0000
100.361,392.3293,2.0334,284.8563,0.2510,3.8000,-0.4500,357.5609,180.6053,356.7628,0.0000,0.0000,0.0000
100.470,392.0780,1.8875,285.0060,0.2510,3.8000,-0.4500,357.3547,180.6172,356.6212,0.0000,0.0000,0.0000
100.581,391.8690,1.7613,285.1325,0.2510,3.8000,-0.4500,357.2089,180.6260,356.5290,0.0000,0.0000,0.0000
100.693,391.6187,1.6051,285.2863,0.2510,3.8000,-0.4500,357.0645,180.6348,356.4404,0.0000,0.0000,0.0000
100.804,391.4104,1.4709,285.4166,0.2510,3.8000,-0.4500,356.9188,180.6440,356.3623,0.0000,0.0000,0.0000
100.915,391.1612,1.3082,285.5741,0.2510,3.8000,-0.4500,356.8453,180.6487,356.3267,0.0000,0.0000,0.0000
101.040,390.9120,1.1417,285.7339,0.2510,3.8000,-0.4500,356.6901,180.6588,356.2627,0.0000,0.0000,0.0000
101.151,390.6632,0.9741,285.8952,0.2510,3.8000,-0.4500,356.5308,180.6693,356.2191,0.0000,0.0000,0.0000
101.277,390.4149,0.8084,286.0565,0.2510,3.8000,-0.4500,356.5308,180.6693,356.2191,0.0000,0.0000,0.0000
101.386,390.1668,0.6431,286.2193,0.2510,3.8000,-0.4500,356.4518,180.6745,356.2164,0.0000,0.0000,0.0000
101.497,389.9601,0.5075,286.3549,0.2510,3.8000,-0.4500,356.4518,180.6745,356.2164,0.0000,0.0000,0.0000
101.623,389.7123,0.3477,286.5170,0.2510,3.8000,-0.4500,356.3757,180.6795,356.2361,0.0000,0.0000,0.0000
101.750,389.4223,0.1688,286.6907,0.2510,3.8000,-0.4500,356.2435,180.6881,356.3268,0.0000,0.0000,0.0000
101.859,389.2136,0.0460,286.8011,0.2510,3.8000,-0.4500,356.2435,180.6881,356.3269,0.0000,0.0000,0.0000
101.969,388.9635,-0.0923,286.8980,0.2510,3.8000,-0.4500,356.1459,180.6943,356.4503,0.0000,0.0000,0.0000
102.080,388.7599,-0.1919,286.8512,0.2510,3.8000,-0.4500,356.0572,180.6996,356.6840,0.0000,0.0000,0.0000
102.207,388.4850,-0.3066,286.5735,0.2510,3.8000,-0.4500,356.0180,180.7018,357.0229,0.0000,0.0000,0.0000
102.330,388.2567,-0.3877,286.1863,0.2510,3.8000,-0.4500,356.0267,180.7014,357.1896,0.0000,0.0000,0.0000
102.442,388.0716,-0.4418,285.7820,0.2510,3.8000,-0.4500,356.0542,180.7001,357.4401,0.0000,0.0000,0.0000
102.566,387.8174,-0.5049,285.1235,0.2510,3.8000,-0.4500,356.1096,180.6977,357.6885,0.0000,0.0000,0.0000
102.679,387.6394,-0.5386,284.6085,0.2510,3.8000,-0.4500,356.2014,180.6943,358.0114,0.0000,0.0000,0.0000
102.790,387.4267,-0.5762,283.9626,0.2510,3.8000,-0.4500,356.2598,180.6923,358.1770,0.0000,0.0000,0.0000
102.900,387.2512,-0.6002,283.4112,0.2510,3.8000,-0.4500,356.3499,180.6897,358.4221,0.0000,0.0000,0.0000
103.025,387.0071,-0.6258,282.6289,0.2510,3.8000,-0.4500,356.5121,180.6857,358.8134,0.0000,0.0000,0.0000
103.137,386.8322,-0.6439,282.0670,0.2510,3.8000,-0.4500,356.5458,180.6851,358.8880,0.0000,0.0000,0.0000
103.248,386.6243,-0.6565,281.3916,0.2510,3.8000,-0.4500,356.6882,180.6827,359.1926,0.0000,0.0000,0.0000
103.359,386.4509,-0.6655,280.8292,0.2510,3.8000,-0.4500,356.7624,180.6817,359.3401,0.0000,0.0000,0.0000
103.471,386.2432,-0.6726,280.1552,0.2510,3.8000,-0.4500,356.8372,180.6810,359.4860,0.0000,0.0000,0.0000
103.581,386.0713,-0.6730,279.5942,0.2510,3.8000,-0.4500,356.9597,180.6801,359.7067,0.0000,0.0000,0.0000
103.692,385.8653,-0.6706,278.9222,0.2510,3.8000,-0.4500,357.0907,180.6797,359.9250,0.0000,0.0000,0.0000
103.803,385.6938,-0.6667,278.3632,0.2510,3.8000,-0.4500,357.1766,180.6797,0.0603,0.0000,0.0000,0.0000
103.928,385.4538,-0.6585,277.5841,0.2510,3.8000,-0.4500,357.2746,180.6799,0.1974,0.0000,0.0000,0.0000
104.038,385.2825,-0.6510,277.0303,0.2510,3.8000,-0.4500,357.3239,180.6801,0.2649,0.0000,0.0000,0.0000
104.149,385.0773,-0.6371,276.3764,0.2510,3.8000,-0.4500,357.4904,180.6811,0.4580,0.0000,0.0000,0.0000
104.262,384.9018,-0.6295,275.8929,0.2510,3.8000,-0.4500,357.4904,180.6811,0.4580,0.0000,0.0000,0.0000
104.372,384.6848,-0.6189,275.4245,0.2510,3.8000,-0.4500,357.6126,180.6822,0.5705,0.0000,0.0000,0.0000
104.497,384.4597,-0.6082,275.0748,0.2510,3.8000,-0.4500,357.8113,180.6845,0.7211,0.0000,0.0000,0.0000
104.608,384.2238,-0.6025,274.8568,0.2510,3.8000,-0.4500,357.8113,180.6845,0.7210,0.0000,0.0000,0.0000
104.719,384.0235,-0.5927,274.7746,0.2510,3.8000,-0.4500,358.0947,180.6885,0.8850,0.0000,0.0000,0.0000
104.830,383.7812,-0.5863,274.7732,0.2510,3.8000,-0.4500,358.0947,180.6885,0.8850,0.0000,0.0000,0.0000
104.944,383.5808,-0.5745,274.8276,0.2510,3.8000,-0.4500,358.4013,180.6936,1.0166,0.0000,0.0000,0.0000
105.066,383.3006,-0.5613,274.9648,0.2510,3.8000,-0.4500,358.4013,180.6936,1.0166,0.0000,0.0000,0.0000
105.178,383.1021,-0.5459,275.0878,0.2510,3.8000,-0.4500,358.6436,180.6980,1.0905,0.0000,0.0000,0.0000
105.289,382.8643,-0.5262,275.2545,0.2510,3.8000,-0.4500,358.8053,180.7011,1.1258,0.0000,0.0000,0.0000
105.413,382.6272,-0.5036,275.4339,0.2510,3.8000,-0.4500,358.9675,180.7044,1.1536,0.0000,0.0000,0.0000
105.525,382.4298,-0.4817,275.5885,0.2510,3.8000,-0.4500,359.2182,180.7095,1.1731,0.0000,0.0000,0.0000
105.649,382.1536,-0.4509,275.8116,0.2510,3.8000,-0.4500,359.2986,180.7111,1.1773,0.0000,0.0000,0.0000
105.774,381.9167,-0.4219,276.0037,0.2510,3.8000,-0.4500,359.4682,180.7146,1.1635,0.0000,0.0000,0.0000
105.900,381.6795,-0.3913,276.1951,0.2510,3.8000,-0.4500,359.7146,180.7195,1.1286,0.0000,0.0000,0.0000
106.025,381.4417,-0.3603,276.3856,0.2510,3.8000,-0.4500,359.9529,180.7241,1.0621,0.0000,0.0000,0.0000
106.136,381.2037,-0.3295,276.5750,0.2510,3.8000,-0.4500,0.0296,180.7255,1.0322,0.0000,0.0000,0.0000
106.261,380.9648,-0.2985,276.7621,0.2510,3.8000,-0.4500,0.1828,180.7282,0.9692,0.0000,0.0000,0.0000
106.373,380.7222,-0.2690,276.8796,0.2510,3.8000,-0.4500,0.4013,180.7316,0.8500,0.0000,0.0000,0.0000
106.498,380.4828,-0.2432,276.8257,0.2510,3.8000,-0.4500,0.4717,180.7327,0.8077,0.0000,0.0000,0.0000
106.608,380.2491,-0.2237,276.6058,0.2510,3.8000,-0.4500,0.6734,180.7352,0.6581,0.0000,0.0000,0.0000
106.733,380.0209,-0.2101,276.2639,0.2510,3.8000,-0.4500,0.8542,180.7370,0.4837,0.0000,0.0000,0.0000
106.858,379.7968,-0.2005,275.8463,0.2510,3.8000,-0.4500,0.9066,180.7374,0.4221,0.0000,0.0000,0.0000
106.983,379.5739,-0.1958,275.3864,0.2510,3.8000,-0.4500,1.0090,180.7381,0.2970,0.0000,0.0000,0.0000
107.109,379.3143,-0.1959,274.8215,0.2510,3.8000,-0.4500,1.1448,180.7386,0.0823,0.0000,0.0000,0.0000
107.234,379.0912,-0.1980,274.3438,0.2510,3.8000,-0.4500,1.1839,180.7386,0.0107,0.0000,0.0000,0.0000
107.344,378.8994,-0.2005,274.0195,0.2510,3.8000,-0.4500,1.2228,180.7386,359.9383,0.0000,0.0000,0.0000
107.469,378.6166,-0.2046,273.7263,0.2510,3.8000,-0.4500,1.3324,180.7382,359.7124,0.0000,0.0000,0.0000
107.581,378.4072,-0.2064,273.6193,0.2510,3.8000,-0.4500,1.4039,180.7378,359.5613,0.0000,0.0000,0.0000
107.692,378.1541,-0.2069,273.5839,0.2510,3.8000,-0.4500,1.4736,180.7372,359.4146,0.0000,0.0000,0.0000
107.802,377.9436,-0.2058,273.6146,0.2510,3.8000,-0.4500,1.5111,180.7368,359.3409,0.0000,0.0000,0.0000
107.927,377.6498,-0.2038,273.7207,0.2510,3.8000,-0.4500,1.5903,180.7357,359.1909,0.0000,0.0000,0.0000
108.039,377.4399,-0.2036,273.8264,0.2510,3.8000,-0.4500,1.7132,180.7338,358.9694,0.0000,0.0000,0.0000
108.164,377.1902,-0.1996,273.9752,0.2510,3.8000,-0.4500,1.7132,180.7338,358.9694,0.0000,0.0000,0.0000
108.275,376.9392,-0.1992,274.1375,0.2510,3.8000,-0.4500,1.8919,180.7301,358.6885,0.0000,0.0000,0.0000
108.386,376.6901,-0.1952,274.3098,0.2510,3.8000,-0.4500,1.8919,180.7301,358.6885,0.0000,0.0000,0.0000
108.497,376.4818,-0.1927,274.4572,0.2510,3.8000,-0.4500,1.9409,180.7290,358.6209,0.0000,0.0000,0.0000
108.622,376.2314,-0.1903,274.6365,0.2510,3.8000,-0.4500,2.0388,180.7265,358.4874,0.0000,0.0000,0.0000
108.733,375.9817,-0.1862,274.8186,0.2510,3.8000,-0.4500,2.0388,180.7265,358.4874,0.0000,0.0000,0.0000
108.844,375.7726,-0.1843,274.9707,0.2510,3.8000,-0.4500,2.1429,180.7236,358.3588,0.0000,0.0000,0.0000
108.955,375.5225,-0.1800,275.1549,0.2510,3.8000,-0.4500,2.1429,180.7236,358.3588,0.0000,0.0000,0.0000
109.082,375.2723,-0.1758,275.3396,0.2510,3.8000,-0.4500,2.1429,180.7236,358.3588,0.0000,0.0000,0.0000
109.191,375.0221,-0.1715,275.5236,0.2510,3.8000,-0.4500,2.1429,180.7236,358.3588,0.0000,0.0000,0.0000
109.291,374.8128,-0.1687,275.6745,0.2510,3.8000,-0.4500,2.1962,180.7221,358.2963,0.0000,0.0000,0.0000
109.414,374.5620,-0.1641,275.8536,0.2510,3.8000,-0.4500,2.1962,180.7221,358.2963,0.0000,0.0000,0.0000
109.525,374.3527,-0.1594,276.0001,0.2510,3.8000,-0.4500,2.1962,180.7221,358.2963,0.0000,0.0000,0.0000
109.636,374.1007,-0.1528,276.1687,0.2510,3.8000,-0.4500,2.2593,180.7202,358.2435,0.0000,0.0000,0.0000
109.747,373.8481,-0.1440,276.3296,0.2510,3.8000,-0.4500,2.3226,180.7182,358.1921,0.0000,0.0000,0.0000
109.871,373.5954,-0.1321,276.4850,0.2510,3.8000,-0.4500,2.3226,180.7182,358.1921,0.0000,0.0000,0.0000
109.996,373.3422,-0.1168,276.6353,0.2510,3.8000,-0.4500,2.3984,180.7158,358.1603,0.0000,0.0000,0.0000
110.108,373.0887,-0.0973,276.7819,0.2510,3.8000,-0.4500,2.5579,180.7106,358.1141,0.0000,0.0000,0.0000
110.219,372.8776,-0.0778,276.9027,0.2510,3.8000,-0.4500,2.6373,180.7079,358.1031,0.0000,0.0000,0.0000
110.330,372.6244,-0.0495,277.0457,0.2510,3.8000,-0.4500,2.8002,180.7025,358.0990,0.0000,0.0000,0.0000
110.441,372.4136,-0.0227,277.1642,0.2510,3.8000,-0.4500,2.8808,180.6999,358.1024,0.0000,0.0000,0.0000
110.566,372.1186,0.0214,277.3282,0.2510,3.8000,-0.4500,3.0454,180.6944,358.1292,0.0000,0.0000,0.0000
110.678,371.9081,0.0578,277.4440,0.2510,3.8000,-0.4500,3.2070,180.6892,358.1717,0.0000,0.0000,0.0000
110.789,371.6561,0.1060,277.5823,0.2510,3.8000,-0.4500,3.3671,180.6842,358.2315,0.0000,0.0000,0.0000
110.913,371.4045,0.1606,277.7187,0.2510,3.8000,-0.4500,3.5981,180.6772,358.3401,0.0000,0.0000,0.0000
111.025,371.1948,0.2079,277.8322,0.2510,3.8000,-0.4500,3.6676,180.6752,358.3794,0.0000,0.0000,0.0000
111.138,370.9438,0.2703,277.9667,0.2510,3.8000,-0.4500,3.8111,180.6713,358.4747,0.0000,0.0000,0.0000
111.261,370.6932,0.3371,278.0998,0.2510,3.8000,-0.4500,3.9482,180.6678,358.5698,0.0000,0.0000,0.0000
111.386,370.4012,0.4201,278.2534,0.2510,3.8000,-0.4500,4.0711,180.6648,358.6782,0.0000,0.0000,0.0000
111.497,370.1925,0.4807,278.3628,0.2510,3.8000,-0.4500,4.0711,180.6648,358.6782,0.0000,0.0000,0.0000
111.622,369.9437,0.5611,278.4910,0.2510,3.8000,-0.4500,4.2421,180.6611,358.8600,0.0000,0.0000,0.0000
111.733,369.6947,0.6417,278.6192,0.2510,3.8000,-0.4500,4.2894,180.6602,358.9252,0.0000,0.0000,0.0000
111.844,369.4876,0.7113,278.7254,0.2510,3.8000,-0.4500,4.3333,180.6594,358.9949,0.0000,0.0000,0.0000
111.971,369.1983,0.8109,278.8735,0.2510,3.8000,-0.4500,4.3729,180.6587,359.0663,0.0000,0.0000,0.0000
112.080,368.9922,0.8841,278.9790,0.2510,3.8000,-0.4500,4.4052,180.6582,359.1430,0.0000,0.0000,0.0000
112.193,368.7454,0.9729,279.1053,0.2510,3.8000,-0.4500,4.4345,180.6578,359.2197,0.0000,0.0000,0.0000
112.302,368.5407,1.0494,279.2103,0.2510,3.8000,-0.4500,4.4652,180.6574,359.3822,0.0000,0.0000,0.0000
112.414,368.2944,1.1380,279.3366,0.2510,3.8000,-0.4500,4.4652,180.6574,359.3822,0.0000,0.0000,0.0000
112.538,368.0496,1.2293,279.4628,0.2510,3.8000,-0.4500,4.4558,180.6575,359.5479,0.0000,0.0000,0.0000
112.664,367.8040,1.3171,279.5891,0.2510,3.8000,-0.4500,4.4558,180.6575,359.5479,0.0000,0.0000,0.0000
112.775,367.5607,1.4073,279.7160,0.2510,3.8000,-0.4500,4.3777,180.6579,359.7874,0.0000,0.0000,0.0000
112.886,367.3162,1.4922,279.8430,0.2510,3.8000,-0.4500,4.3777,180.6579,359.7874,0.0000,0.0000,0.0000
113.011,367.0736,1.5772,279.9715,0.2510,3.8000,-0.4500,4.2317,180.6582,359.9933,0.0000,0.0000,0.0000
113.136,366.8308,1.6580,280.1010,0.2510,3.8000,-0.4500,4.1111,180.6581,0.1104,0.0000,0.0000,0.0000
113.261,366.5886,1.7353,280.2321,0.2510,3.8000,-0.4500,3.9081,180.6574,0.2618,0.0000,0.0000,0.0000
113.374,366.3465,1.8078,280.3648,0.2510,3.8000,-0.4500,3.6836,180.6562,0.3794,0.0000,0.0000,0.0000
113.485,366.1447,1.8643,280.4768,0.2510,3.8000,-0.4500,3.4521,180.6544,0.4688,0.0000,0.0000,0.0000
113.596,365.9026,1.9268,280.6123,0.2510,3.8000,-0.4500,3.2035,180.6523,0.5338,0.0000,0.0000,0.0000
113.706,365.6604,1.9837,280.7487,0.2510,3.8000,-0.4500,3.0407,180.6507,0.5696,0.0000,0.0000,0.0000
113.818,365.4584,2.0251,280.8648,0.2510,3.8000,-0.4500,2.7017,180.6472,0.6066,0.0000,0.0000,0.0000
113.927,365.2157,2.0684,281.0049,0.2510,3.8000,-0.4500,2.3663,180.6436,0.6172,0.0000,0.0000,0.0000
114.038,365.0132,2.0988,281.1222,0.2510,3.8000,-0.4500,2.1094,180.6408,0.6050,0.0000,0.0000,0.0000
114.150,364.7697,2.1284,281.2635,0.2510,3.8000,-0.4500,1.8579,180.6382,0.5849,0.0000,0.0000,0.0000
114.261,364.5663,2.1442,281.3833,0.2510,3.8000,-0.4500,1.4388,180.6342,0.5179,0.0000,0.0000,0.0000
114.372,364.3218,2.1577,281.5257,0.2510,3.8000,-0.4500,1.1970,180.6321,0.4655,0.0000,0.0000,0.0000
114.483,364.1172,2.1592,281.6458,0.2510,3.8000,-0.4500,0.7894,180.6292,0.3549,0.0000,0.0000,0.0000
114.594,363.8715,2.1553,281.7884,0.2510,3.8000,-0.4500,0.5495,180.6279,0.2775,0.0000,0.0000,0.0000
114.721,363.6246,2.1383,281.9325,0.2510,3.8000,-0.4500,0.0697,180.6262,0.1048,0.0000,0.0000,0.0000
114.845,363.3776,2.1149,282.0751,0.2510,3.8000,-0.4500,359.8323,180.6260,0.0083,0.0000,0.0000,0.0000
114.969,363.0884,2.0737,282.2423,0.2510,3.8000,-0.4500,359.4459,180.6265,359.8433,0.0000,0.0000,0.0000
115.082,362.8814,2.0357,282.3622,0.2510,3.8000,-0.4500,359.1455,180.6277,359.7065,0.0000,0.0000,0.0000
115.205,362.5912,1.9735,282.5302,0.2510,3.8000,-0.4500,358.8437,180.6296,359.5621,0.0000,0.0000,0.0000
115.318,362.3834,1.9200,282.6512,0.2510,3.8000,-0.4500,358.5363,180.6324,359.4102,0.0000,0.0000,0.0000
115.441,362.1335,1.8490,282.7929,0.2510,3.8000,-0.4500,358.2360,180.6358,359.2566,0.0000,0.0000,0.0000
115.553,361.8830,1.7715,282.9266,0.2510,3.8000,-0.4500,358.0091,180.6390,359.1377,0.0000,0.0000,0.0000
115.664,361.6739,1.7036,283.0317,0.2510,3.8000,-0.4500,357.9346,180.6402,359.0984,0.0000,0.0000,0.0000
115.789,361.3800,1.5972,283.1781,0.2510,3.8000,-0.4500,357.6318,180.6454,358.9364,0.0000,0.0000,0.0000
115.900,361.1703,1.5161,283.2871,0.2510,3.8000,-0.4500,357.4161,180.6496,358.8198,0.0000,0.0000,0.0000
116.025,360.8780,1.4002,283.4458,0.2510,3.8000,-0.4500,357.3447,180.6511,358.7811,0.0000,0.0000,0.0000
116.136,360.6689,1.3104,283.5648,0.2510,3.8000,-0.4500,357.1218,180.6561,358.6609,0.0000,0.0000,0.0000
116.248,360.4193,1.2039,283.7102,0.2510,3.8000,-0.4500,357.1218,180.6561,358.6609,0.0000,0.0000,0.0000
116.372,360.1694,1.0920,283.8597,0.2510,3.8000,-0.4500,356.9735,180.6597,358.5832,0.0000,0.0000,0.0000
116.484,359.9616,0.9995,283.9855,0.2510,3.8000,-0.4500,356.9735,180.6597,358.5832,0.0000,0.0000,0.0000
116.596,359.7122,0.8878,284.1382,0.2510,3.8000,-0.4500,356.9735,180.6597,358.5831,0.0000,0.0000,0.0000
116.720,359.4629,0.7751,284.2925,0.2510,3.8000,-0.4500,356.8985,180.6615,358.5484,0.0000,0.0000,0.0000
116.844,359.2138,0.6649,284.4474,0.2510,3.8000,-0.4500,356.8985,180.6615,358.5484,0.0000,0.0000,0.0000
116.970,358.9233,0.5392,284.6284,0.2510,3.8000,-0.4500,356.8985,180.6615,358.5484,0.0000,0.0000,0.0000
117.080,358.7160,0.4522,284.7577,0.2510,3.8000,-0.4500,356.8985,180.6615,358.5484,0.0000,0.0000,0.0000
117.191,358.4671,0.3517,284.9128,0.2510,3.8000,-0.4500,356.8985,180.6615,358.5484,0.0000,0.0000,0.0000
117.303,358.2600,0.2718,285.0421,0.2510,3.8000,-0.4500,356.8985,180.6615,358.5483,0.0000,0.0000,0.0000
117.417,358.0115,0.1811,285.1972,0.2510,3.8000,-0.4500,356.8985,180.6615,358.5483,0.0000,0.0000,0.0000
117.539,357.7634,0.0969,285.3527,0.2510,3.8000,-0.4500,356.8985,180.6615,358.5483,0.0000,0.0000,0.0000
117.664,357.5166,0.0192,285.5182,0.2510,3.8000,-0.4500,356.8985,180.6615,358.5483,0.0000,0.0000,0.0000
117.789,357.2307,-0.0626,285.7316,0.2510,3.8000,-0.4500,356.8985,180.6615,358.5483,0.0000,0.0000,0.0000
117.914,356.9899,-0.1147,285.9281,0.2510,3.8000,-0.4500,357.1575,180.6560,358.9858,0.0000,0.0000,0.0000
118.039,356.7479,-0.1651,286.1305,0.2510,3.8000,-0.4500,357.2621,180.6542,359.1184,0.0000,0.0000,0.0000
118.152,356.5064,-0.2033,286.3237,0.2510,3.8000,-0.4500,357.4779,180.6514,359.3731,0.0000,0.0000,0.0000
118.262,356.3045,-0.2286,286.4748,0.2510,3.8000,-0.4500,357.6490,180.6498,359.5525,0.0000,0.0000,0.0000
118.385,356.0213,-0.2535,286.6729,0.2510,3.8000,-0.4500,357.8897,180.6484,359.7898,0.0000,0.0000,0.0000
118.511,355.7787,-0.2642,286.8328,0.2510,3.8000,-0.4500,358.1346,180.6480,0.0208,0.0000,0.0000,0.0000
118.636,355.5363,-0.2665,286.9863,0.2510,3.8000,-0.4500,358.3796,180.6486,0.2425,0.0000,0.0000,0.0000
118.747,355.2933,-0.2635,287.1342,0.2510,3.8000,-0.4500,358.5042,180.6492,0.3531,0.0000,0.0000,0.0000
118.858,355.0917,-0.2514,287.2483,0.2510,3.8000,-0.4500,358.7600,180.6513,0.5773,0.0000,0.0000,0.0000
118.983,354.8486,-0.2344,287.3761,0.2510,3.8000,-0.4500,358.8842,180.6527,0.6841,0.0000,0.0000,0.0000
119.095,354.6059,-0.2090,287.4958,0.2510,3.8000,-0.4500,359.0752,180.6552,0.8473,0.0000,0.0000,0.0000
119.205,354.3642,-0.1771,287.6164,0.2510,3.8000,-0.4500,359.2767,180.6585,1.0152,0.0000,0.0000,0.0000
119.317,354.1636,-0.1471,287.7212,0.2510,3.8000,-0.4500,359.4056,180.6609,1.1221,0.0000,0.0000,0.0000
119.443,353.9241,-0.1054,287.8520,0.2510,3.8000,-0.4500,359.5976,180.6649,1.2766,0.0000,0.0000,0.0000
119.568,353.6451,-0.0541,288.0109,0.2510,3.8000,-0.4500,359.6632,180.6664,1.3278,0.0000,0.0000,0.0000
119.691,353.4068,-0.0053,288.1497,0.2510,3.8000,-0.4500,359.7296,180.6680,1.3792,0.0000,0.0000,0.0000
119.804,353.2096,0.0414,288.2654,0.2510,3.8000,-0.4500,359.9324,180.6731,1.5301,0.0000,0.0000,0.0000
119.927,352.9332,0.1074,288.4292,0.2510,3.8000,-0.4500,0.0667,180.6768,1.6215,0.0000,0.0000,0.0000
