time_sec,world_x,world_y,world_z,local_x,local_y,local_z,world_rot_x,world_rot_y,world_rot_z,local_rot_x,local_rot_y,local_rot_z
0.000,598.4180,4.8499,250.4659,0.2510,3.8000,-0.4500,0.0000,180.0000,0.0000,0.0000,0.0000,0.0000
0.000,598.4180,4.8499,250.4659,0.2510,3.8000,-0.4500,0.0000,180.0000,0.0000,0.0000,0.0000,0.0000
0.120,597.9604,4.4592,250.4765,0.2510,3.8000,-0.4500,0.0000,180.0000,0.0000,0.0000,0.0000,0.0000
0.221,597.4955,4.0666,250.4845,0.2510,3.8000,-0.4500,0.0000,180.0000,0.0000,0.0000,0.0000,0.0000
0.329,596.8481,3.5238,250.4930,0.2510,3.8000,-0.4500,0.0000,180.0000,0.0000,0.0000,0.0000,0.0000
0.429,596.2416,3.0179,250.4993,0.2510,3.8000,-0.4500,0.0000,180.0000,0.0000,0.0000,0.0000,0.0000
0.541,595.5806,2.4682,250.5052,0.2510,3.8000,-0.4500,0.0000,180.0000,0.0000,0.0000,0.0000,0.0000
0.651,594.7232,1.7567,250.5186,0.2510,3.8000,-0.4500,0.0000,180.0000,0.0000,0.0000,0.0000,0.0000
0.763,593.9616,1.1249,250.5436,0.2510,3.8000,-0.4500,0.0000,180.0000,0.0000,0.0000,0.0000,0.0000
0.873,592.9981,0.3253,250.5958,0.2510,3.8000,-0.4500,0.0000,180.0000,0.0000,0.0000,0.0000,0.0000
0.973,592.1583,-0.3721,250.6594,0.2510,3.8000,-0.4500,0.0000,180.0000,0.0000,0.0000,0.0000,0.0000
1.081,591.3688,-1.0412,250.7353,0.2510,3.8000,-0.4500,359.9188,180.0000,0.0003,0.0000,0.0000,0.0000
1.206,590.7142,-1.6123,250.8314,0.2510,3.8000,-0.4500,358.0738,179.9999,0.0079,0.0000,0.0000,0.0000
1.320,590.2480,-1.8701,250.9302,0.2510,3.8000,-0.4500,356.5117,179.9996,0.0138,0.0000,0.0000,0.0000
1.429,589.8824,-1.9122,251.0346,0.2510,3.8000,-0.4500,355.7115,179.9994,0.0156,0.0000,0.0000,0.0000
1.540,589.6199,-1.8648,251.1239,0.2510,3.8000,-0.4500,355.7115,179.9994,0.0156,0.0000,0.0000,0.0000
1.651,589.3330,-1.7947,251.2341,0.2510,3.8000,-0.4500,355.7115,179.9994,0.0156,0.0000,0.0000,0.0000
1.762,589.1072,-1.7629,251.3251,0.2510,3.8000,-0.4500,355.7115,179.9994,0.0156,0.0000,0.0000,0.0000
1.888,588.8452,-1.7755,251.4312,0.2510,3.8000,-0.4500,355.7115,179.9994,0.0156,0.0000,0.0000,0.0000
1.999,588.5884,-1.8400,251.5338,0.2510,3.8000,-0.4500,355.7115,179.9994,0.0156,0.0000,0.0000,0.0000
2.112,588.3344,-1.9403,251.6337,0.2510,3.8000,-0.4500,355.7115,179.9994,0.0156,0.0000,0.0000,0.0000
2.235,588.0819,-2.0575,251.7323,0.2510,3.8000,-0.4500,355.7115,179.9994,0.0156,0.0000,0.0000,0.0000
2.360,587.8301,-2.1769,251.8307,0.2510,3.8000,-0.4500,355.7115,179.9994,0.0156,0.0000,0.0000,0.0000
2.485,587.5784,-2.2897,251.9269,0.2510,3.8000,-0.4500,355.7115,179.9994,0.0156,0.0000,0.0000,0.0000
2.586,587.3669,-2.3757,251.9888,0.2510,3.8000,-0.4500,355.7115,179.9994,0.0156,0.0000,0.0000,0.0000
2.697,587.1111,-2.4688,252.0314,0.2510,3.8000,-0.4500,355.7115,179.9994,0.0156,0.0000,0.0000,0.0000
2.820,586.8548,-2.5537,252.0432,0.2510,3.8000,-0.4500,355.7115,179.9994,0.0156,0.0000,0.0000,0.0000
2.933,586.5977,-2.6351,252.0486,0.2510,3.8000,-0.4500,355.7115,179.9994,0.0156,0.0000,0.0000,0.0000
3.041,586.3834,-2.7036,252.0668,0.2510,3.8000,-0.4500,355.7115,179.9994,0.0156,0.0000,0.0000,0.0000
3.153,586.1271,-2.7882,252.1094,0.2510,3.8000,-0.4500,355.7115,179.9994,0.0156,0.0000,0.0000,0.0000
3.278,585.8721,-2.8760,252.1734,0.2510,3.8000,-0.4500,355.7115,179.9994,0.0156,0.0000,0.0000,0.0000
3.403,585.6185,-2.9665,252.2572,0.2510,3.8000,-0.4500,355.7115,179.9994,0.0156,0.0000,0.0000,0.0000
3.514,585.3658,-3.0588,252.3560,0.2510,3.8000,-0.4500,355.7115,179.9994,0.0156,0.0000,0.0000,0.0000
3.625,585.1558,-3.1362,252.4463,0.2510,3.8000,-0.4500,355.7115,179.9994,0.0156,0.0000,0.0000,0.0000
3.751,584.8603,-3.2488,252.5794,0.2510,3.8000,-0.4500,355.8322,179.9991,359.7046,0.0000,0.0000,0.0000
3.864,584.6509,-3.3254,252.6790,0.2510,3.8000,-0.4500,355.8322,179.9991,359.7046,0.0000,0.0000,0.0000
3.975,584.3972,-3.4158,252.7701,0.2510,3.8000,-0.4500,355.8791,179.9988,359.6372,0.0000,0.0000,0.0000
4.084,584.1849,-3.4880,252.7809,0.2510,3.8000,-0.4500,356.0342,179.9975,359.4412,0.0000,0.0000,0.0000
4.209,583.8940,-3.5780,252.6909,0.2510,3.8000,-0.4500,356.0342,179.9975,359.4412,0.0000,0.0000,0.0000
4.320,583.6894,-3.6382,252.5477,0.2510,3.8000,-0.4500,356.2196,179.9954,359.2739,0.0000,0.0000,0.0000
4.445,583.4540,-3.7007,252.2485,0.2510,3.8000,-0.4500,356.2196,179.9954,359.2739,0.0000,0.0000,0.0000
4.570,583.1893,-3.7631,251.7410,0.2510,3.8000,-0.4500,356.2886,179.9945,359.2320,0.0000,0.0000,0.0000
4.681,583.0050,-3.8021,251.3046,0.2510,3.8000,-0.4500,356.2886,179.9945,359.2320,0.0000,0.0000,0.0000
4.806,582.7870,-3.8443,250.7252,0.2510,3.8000,-0.4500,356.2886,179.9946,359.2320,0.0000,0.0000,0.0000
4.931,582.5362,-3.8885,249.9988,0.2510,3.8000,-0.4500,356.2886,179.9946,359.2320,0.0000,0.0000,0.0000
5.056,582.3223,-3.9232,249.3636,0.2510,3.8000,-0.4500,356.2886,179.9946,359.2320,0.0000,0.0000,0.0000
5.181,582.1042,-3.9585,248.7995,0.2510,3.8000,-0.4500,356.2886,179.9946,359.2320,0.0000,0.0000,0.0000
5.281,581.9169,-3.9886,248.4160,0.2510,3.8000,-0.4500,356.4547,179.9924,359.2399,0.0000,0.0000,0.0000
5.390,581.6853,-4.0289,248.0609,0.2510,3.8000,-0.4500,356.4547,179.9924,359.2399,0.0000,0.0000,0.0000
5.515,581.4463,-4.0664,247.8120,0.2510,3.8000,-0.4500,356.7811,179.9883,359.3236,0.0000,0.0000,0.0000
5.625,581.2414,-4.0997,247.6752,0.2510,3.8000,-0.4500,356.8568,179.9874,359.3540,0.0000,0.0000,0.0000
5.737,580.9913,-4.1348,247.5728,0.2510,3.8000,-0.4500,357.0848,179.9850,359.4551,0.0000,0.0000,0.0000
5.851,580.7386,-4.1652,247.5293,0.2510,3.8000,-0.4500,357.3098,179.9831,359.5697,0.0000,0.0000,0.0000
5.959,580.5284,-4.1824,247.5275,0.2510,3.8000,-0.4500,357.6740,179.9810,359.7799,0.0000,0.0000,0.0000
6.084,580.2761,-4.2000,247.5567,0.2510,3.8000,-0.4500,357.8919,179.9804,359.9157,0.0000,0.0000,0.0000
6.209,579.9831,-4.2086,247.6179,0.2510,3.8000,-0.4500,358.1776,179.9805,0.0993,0.0000,0.0000,0.0000
6.320,579.7757,-4.2035,247.6718,0.2510,3.8000,-0.4500,358.5428,179.9819,0.3433,0.0000,0.0000,0.0000
6.431,579.5274,-4.1909,247.7447,0.2510,3.8000,-0.4500,358.8235,179.9840,0.5363,0.0000,0.0000,0.0000
6.556,579.2808,-4.1664,247.8219,0.2510,3.8000,-0.4500,359.1680,179.9880,0.7788,0.0000,0.0000,0.0000
6.682,579.0350,-4.1325,247.9021,0.2510,3.8000,-0.4500,359.4365,179.9921,0.9723,0.0000,0.0000,0.0000
6.807,578.7914,-4.0846,247.9829,0.2510,3.8000,-0.4500,359.8463,180.0001,1.2752,0.0000,0.0000,0.0000
6.931,578.5087,-4.0175,248.0792,0.2510,3.8000,-0.4500,0.1919,180.0086,1.5375,0.0000,0.0000,0.0000
7.046,578.3086,-3.9587,248.1481,0.2510,3.8000,-0.4500,0.5199,180.0181,1.7906,0.0000,0.0000,0.0000
7.157,578.0689,-3.8823,248.2332,0.2510,3.8000,-0.4500,0.7184,180.0246,1.9472,0.0000,0.0000,0.0000
7.268,577.8719,-3.8067,248.3031,0.2510,3.8000,-0.4500,1.0563,180.0369,2.2167,0.0000,0.0000,0.0000
7.379,577.6361,-3.7096,248.3884,0.2510,3.8000,-0.4500,1.3141,180.0473,2.4257,0.0000,0.0000,0.0000
7.487,577.4406,-3.6227,248.4605,0.2510,3.8000,-0.4500,1.4471,180.0531,2.5349,0.0000,0.0000,0.0000
7.612,577.1704,-3.4848,248.5604,0.2510,3.8000,-0.4500,1.8585,180.0725,2.8767,0.0000,0.0000,0.0000
7.723,576.9791,-3.3794,248.6332,0.2510,3.8000,-0.4500,2.1121,180.0858,3.0908,0.0000,0.0000,0.0000
7.838,576.7502,-3.2486,248.7234,0.2510,3.8000,-0.4500,2.2461,180.0931,3.2056,0.0000,0.0000,0.0000
7.946,576.5621,-3.1300,248.7986,0.2510,3.8000,-0.4500,2.5102,180.1085,3.4330,0.0000,0.0000,0.0000
8.070,576.3005,-2.9575,248.9079,0.2510,3.8000,-0.4500,2.7641,180.1242,3.6552,0.0000,0.0000,0.0000
8.182,576.1144,-2.8312,248.9892,0.2510,3.8000,-0.4500,2.8249,180.1281,3.7089,0.0000,0.0000,0.0000
8.307,575.8937,-2.6714,249.0879,0.2510,3.8000,-0.4500,3.0131,180.1406,3.8765,0.0000,0.0000,0.0000
8.418,575.6741,-2.5076,249.1888,0.2510,3.8000,-0.4500,3.1340,180.1489,3.9855,0.0000,0.0000,0.0000
8.543,575.4556,-2.3393,249.2907,0.2510,3.8000,-0.4500,3.2558,180.1575,4.0965,0.0000,0.0000,0.0000
8.667,575.2383,-2.1673,249.3936,0.2510,3.8000,-0.4500,3.3781,180.1664,4.2098,0.0000,0.0000,0.0000
8.768,575.0574,-2.0242,249.4813,0.2510,3.8000,-0.4500,3.3781,180.1664,4.2098,0.0000,0.0000,0.0000
8.875,574.8413,-1.8493,249.5876,0.2510,3.8000,-0.4500,3.4365,180.1708,4.2650,0.0000,0.0000,0.0000
8.987,574.6614,-1.7039,249.6777,0.2510,3.8000,-0.4500,3.4365,180.1708,4.2650,0.0000,0.0000,0.0000
9.098,574.4457,-1.5292,249.7866,0.2510,3.8000,-0.4500,3.4365,180.1708,4.2650,0.0000,0.0000,0.0000
9.223,574.2300,-1.3553,249.8957,0.2510,3.8000,-0.4500,3.4365,180.1708,4.2650,0.0000,0.0000,0.0000
9.348,573.9779,-1.1549,250.0103,0.2510,3.8000,-0.4500,3.4365,180.1708,4.2650,0.0000,0.0000,0.0000
9.459,573.7971,-1.0184,250.0126,0.2510,3.8000,-0.4500,3.4365,180.1708,4.2650,0.0000,0.0000,0.0000
9.584,573.5814,-0.8638,249.9218,0.2510,3.8000,-0.4500,3.4365,180.1708,4.2650,0.0000,0.0000,0.0000
9.710,573.3325,-0.6954,249.7154,0.2510,3.8000,-0.4500,3.4365,180.1708,4.2650,0.0000,0.0000,0.0000
9.820,573.1570,-0.5824,249.5118,0.2510,3.8000,-0.4500,3.4365,180.1708,4.2650,0.0000,0.0000,0.0000
9.933,572.9489,-0.4547,249.2108,0.2510,3.8000,-0.4500,3.4365,180.1708,4.2650,0.0000,0.0000,0.0000
10.042,572.7773,-0.3543,248.9226,0.2510,3.8000,-0.4500,3.4365,180.1708,4.2650,0.0000,0.0000,0.0000
10.168,572.5732,-0.2407,248.5327,0.2510,3.8000,-0.4500,3.4365,180.1708,4.2650,0.0000,0.0000,0.0000
10.292,572.3386,-0.1184,248.0056,0.2510,3.8000,-0.4500,3.4365,180.1708,4.2650,0.0000,0.0000,0.0000
10.417,572.1392,-0.0218,247.5043,0.2510,3.8000,-0.4500,3.4365,180.1708,4.2650,0.0000,0.0000,0.0000
10.542,571.9366,0.0604,246.9935,0.2510,3.8000,-0.4500,3.2135,180.1548,3.8847,0.0000,0.0000,0.0000
10.657,571.7326,0.1432,246.5050,0.2510,3.8000,-0.4500,3.1305,180.1493,3.7363,0.0000,0.0000,0.0000
10.768,571.5247,0.2201,246.0478,0.2510,3.8000,-0.4500,3.0060,180.1414,3.5083,0.0000,0.0000,0.0000
10.880,571.3467,0.2805,245.7122,0.2510,3.8000,-0.4500,2.8843,180.1342,3.2816,0.0000,0.0000,0.0000
10.991,571.1249,0.3501,245.4018,0.2510,3.8000,-0.4500,2.7274,180.1256,2.9854,0.0000,0.0000,0.0000
11.101,570.9335,0.4062,245.2136,0.2510,3.8000,-0.4500,2.6089,180.1196,2.7638,0.0000,0.0000,0.0000
11.213,570.6967,0.4662,245.0481,0.2510,3.8000,-0.4500,2.4016,180.1103,2.3863,0.0000,0.0000,0.0000
11.324,570.4966,0.5144,244.9408,0.2510,3.8000,-0.4500,2.3215,180.1071,2.2431,0.0000,0.0000,0.0000
11.433,570.2513,0.5585,244.8360,0.2510,3.8000,-0.4500,2.0641,180.0980,1.7936,0.0000,0.0000,0.0000
11.542,570.0456,0.5917,244.7623,0.2510,3.8000,-0.4500,1.9376,180.0943,1.5749,0.0000,0.0000,0.0000
11.668,569.7952,0.6210,244.7169,0.2510,3.8000,-0.4500,1.7279,180.0892,1.2123,0.0000,0.0000,0.0000
11.779,569.5438,0.6445,244.7149,0.2510,3.8000,-0.4500,1.6082,180.0869,1.0051,0.0000,0.0000,0.0000
11.904,569.2895,0.6526,244.7434,0.2510,3.8000,-0.4500,1.3427,180.0833,0.5420,0.0000,0.0000,0.0000
12.015,569.0352,0.6544,244.7905,0.2510,3.8000,-0.4500,1.1777,180.0821,0.2502,0.0000,0.0000,0.0000
12.140,568.7803,0.6462,244.8507,0.2510,3.8000,-0.4500,1.0159,180.0818,359.9556,0.0000,0.0000,0.0000
12.251,568.5243,0.6266,244.9203,0.2510,3.8000,-0.4500,0.8162,180.0826,359.5769,0.0000,0.0000,0.0000
12.376,568.2679,0.5993,244.9960,0.2510,3.8000,-0.4500,0.6642,180.0842,359.2658,0.0000,0.0000,0.0000
12.487,568.0538,0.5706,245.0621,0.2510,3.8000,-0.4500,0.5587,180.0857,359.0399,0.0000,0.0000,0.0000
12.612,567.7527,0.5195,245.1579,0.2510,3.8000,-0.4500,0.3988,180.0889,358.6454,0.0000,0.0000,0.0000
12.737,567.4954,0.4715,245.2423,0.2510,3.8000,-0.4500,0.3438,180.0903,358.4817,0.0000,0.0000,0.0000
12.862,567.2371,0.4155,245.3297,0.2510,3.8000,-0.4500,0.2676,180.0925,358.2374,0.0000,0.0000,0.0000
12.987,566.9783,0.3536,245.4202,0.2510,3.8000,-0.4500,0.2088,180.0944,357.9941,0.0000,0.0000,0.0000
13.111,566.6758,0.2734,245.5288,0.2510,3.8000,-0.4500,0.1372,180.0972,357.6732,0.0000,0.0000,0.0000
13.223,566.4600,0.2142,245.6037,0.2510,3.8000,-0.4500,0.1189,180.0979,357.5930,0.0000,0.0000,0.0000
13.348,566.1993,0.1331,245.6900,0.2510,3.8000,-0.4500,0.0251,180.1021,357.2560,0.0000,0.0000,0.0000
13.459,565.9393,0.0518,245.7487,0.2510,3.8000,-0.4500,-0.0025,180.1035,357.1778,0.0000,0.0000,0.0000
13.584,565.6817,-0.0371,245.7073,0.2510,3.8000,-0.4500,359.9113,180.1079,356.9474,0.0000,0.0000,0.0000
13.695,565.4309,-0.1258,245.5549,0.2510,3.8000,-0.4500,359.8768,180.1098,356.8764,0.0000,0.0000,0.0000
13.807,565.2254,-0.2032,245.3613,0.2510,3.8000,-0.4500,359.8006,180.1140,356.7338,0.0000,0.0000,0.0000
13.917,564.9830,-0.2937,245.0760,0.2510,3.8000,-0.4500,359.8006,180.1140,356.7338,0.0000,0.0000,0.0000
14.028,564.7418,-0.3887,244.7590,0.2510,3.8000,-0.4500,359.7065,180.1195,356.5978,0.0000,0.0000,0.0000
14.153,564.5023,-0.4814,244.4237,0.2510,3.8000,-0.4500,359.7065,180.1195,356.5978,0.0000,0.0000,0.0000
14.278,564.2634,-0.5743,244.0810,0.2510,3.8000,-0.4500,359.7065,180.1195,356.5978,0.0000,0.0000,0.0000
14.404,564.0245,-0.6670,243.7378,0.2510,3.8000,-0.4500,359.7065,180.1195,356.5978,0.0000,0.0000,0.0000
14.515,563.7853,-0.7604,243.3965,0.2510,3.8000,-0.4500,359.6361,180.1237,356.5528,0.0000,0.0000,0.0000
14.640,563.5464,-0.8512,243.0540,0.2510,3.8000,-0.4500,359.6361,180.1237,356.5528,0.0000,0.0000,0.0000
14.765,563.3082,-0.9421,242.7104,0.2510,3.8000,-0.4500,359.4718,180.1337,356.5207,0.0000,0.0000,0.0000
14.867,563.1098,-1.0154,242.4218,0.2510,3.8000,-0.4500,359.3918,180.1385,356.5089,0.0000,0.0000,0.0000
14.974,562.8720,-1.1001,242.0811,0.2510,3.8000,-0.4500,359.3918,180.1385,356.5089,0.0000,0.0000,0.0000
15.086,562.6737,-1.1692,241.8100,0.2510,3.8000,-0.4500,359.1508,180.1531,356.5933,0.0000,0.0000,0.0000
15.198,562.4349,-1.2489,241.4975,0.2510,3.8000,-0.4500,359.0090,180.1614,356.6764,0.0000,0.0000,0.0000
15.306,562.2352,-1.3131,241.2505,0.2510,3.8000,-0.4500,358.9423,180.1653,356.7216,0.0000,0.0000,0.0000
15.431,561.9542,-1.3989,240.9359,0.2510,3.8000,-0.4500,358.7531,180.1758,356.8932,0.0000,0.0000,0.0000
15.556,561.7123,-1.4680,240.6924,0.2510,3.8000,-0.4500,358.5311,180.1874,357.1475,0.0000,0.0000,0.0000
15.681,561.4696,-1.5336,240.4688,0.2510,3.8000,-0.4500,358.3372,180.1966,357.4241,0.0000,0.0000,0.0000
15.793,561.2250,-1.5978,240.2633,0.2510,3.8000,-0.4500,358.2464,180.2006,357.5716,0.0000,0.0000,0.0000
15.904,561.0211,-1.6476,240.1045,0.2510,3.8000,-0.4500,358.1148,180.2059,357.7925,0.0000,0.0000,0.0000
16.029,560.7349,-1.7140,239.9024,0.2510,3.8000,-0.4500,357.9554,180.2116,358.0817,0.0000,0.0000,0.0000
16.154,560.4884,-1.7675,239.7559,0.2510,3.8000,-0.4500,357.7992,180.2165,358.3769,0.0000,0.0000,0.0000
16.279,560.2396,-1.8203,239.6317,0.2510,3.8000,-0.4500,357.7175,180.2187,358.5345,0.0000,0.0000,0.0000
16.404,559.9905,-1.8686,239.5296,0.2510,3.8000,-0.4500,357.5572,180.2224,358.8442,0.0000,0.0000,0.0000
16.529,559.6981,-1.9225,239.4433,0.2510,3.8000,-0.4500,357.3629,180.2256,359.2163,0.0000,0.0000,0.0000
16.654,559.4445,-1.9699,239.3925,0.2510,3.8000,-0.4500,357.3224,180.2262,359.2921,0.0000,0.0000,0.0000
16.779,559.1920,-2.0123,239.3548,0.2510,3.8000,-0.4500,357.1585,180.2278,359.5974,0.0000,0.0000,0.0000
16.904,558.9403,-2.0522,239.3160,0.2510,3.8000,-0.4500,356.9962,180.2285,359.8929,0.0000,0.0000,0.0000
17.004,558.7300,-2.0865,239.2780,0.2510,3.8000,-0.4500,356.9962,180.2285,359.8929,0.0000,0.0000,0.0000
17.112,558.4807,-2.1210,239.2286,0.2510,3.8000,-0.4500,356.8265,180.2284,0.1965,0.0000,0.0000,0.0000
17.237,558.2317,-2.1540,239.1751,0.2510,3.8000,-0.4500,356.7050,180.2277,0.4120,0.0000,0.0000,0.0000
17.362,557.9836,-2.1845,239.1195,0.2510,3.8000,-0.4500,356.5786,180.2266,0.6343,0.0000,0.0000,0.0000
17.487,557.7359,-2.2137,239.0628,0.2510,3.8000,-0.4500,356.4981,180.2256,0.7753,0.0000,0.0000,0.0000
17.612,557.4474,-2.2457,238.9998,0.2510,3.8000,-0.4500,356.4155,180.2243,0.9196,0.0000,0.0000,0.0000
17.737,557.2007,-2.2709,238.9488,0.2510,3.8000,-0.4500,356.3306,180.2229,1.0677,0.0000,0.0000,0.0000
17.862,556.9548,-2.2937,238.9014,0.2510,3.8000,-0.4500,356.2060,180.2203,1.2850,0.0000,0.0000,0.0000
17.987,556.7081,-2.3171,238.8584,0.2510,3.8000,-0.4500,356.1646,180.2193,1.3580,0.0000,0.0000,0.0000
18.112,556.4210,-2.3420,238.8139,0.2510,3.8000,-0.4500,356.0823,180.2173,1.5035,0.0000,0.0000,0.0000
18.237,556.1746,-2.3626,238.7780,0.2510,3.8000,-0.4500,356.0423,180.2162,1.5751,0.0000,0.0000,0.0000
18.365,555.9290,-2.3810,238.7442,0.2510,3.8000,-0.4500,355.9638,180.2140,1.7200,0.0000,0.0000,0.0000
18.487,555.6835,-2.3990,238.7101,0.2510,3.8000,-0.4500,355.9249,180.2128,1.7930,0.0000,0.0000,0.0000
18.598,555.4389,-2.4147,238.6761,0.2510,3.8000,-0.4500,355.8526,180.2104,1.9400,0.0000,0.0000,0.0000
18.725,555.1940,-2.4311,238.6645,0.2510,3.8000,-0.4500,355.8180,180.2092,2.0113,0.0000,0.0000,0.0000
18.835,554.9490,-2.4501,238.6909,0.2510,3.8000,-0.4500,355.8180,180.2092,2.0113,0.0000,0.0000,0.0000
18.959,554.7042,-2.4695,238.7377,0.2510,3.8000,-0.4500,355.8180,180.2092,2.0113,0.0000,0.0000,0.0000
19.073,554.4603,-2.4875,238.7957,0.2510,3.8000,-0.4500,355.7959,180.2084,2.0869,0.0000,0.0000,0.0000
19.182,554.2568,-2.5026,238.8488,0.2510,3.8000,-0.4500,355.7959,180.2084,2.0869,0.0000,0.0000,0.0000
19.307,554.0127,-2.5196,238.9163,0.2510,3.8000,-0.4500,355.7959,180.2084,2.0869,0.0000,0.0000,0.0000
19.431,553.7288,-2.5374,238.9983,0.2510,3.8000,-0.4500,355.7959,180.2084,2.0869,0.0000,0.0000,0.0000
19.557,553.4857,-2.5505,239.0704,0.2510,3.8000,-0.4500,355.7959,180.2084,2.0869,0.0000,0.0000,0.0000
19.682,553.2437,-2.5586,239.1433,0.2510,3.8000,-0.4500,355.8311,180.2097,2.2416,0.0000,0.0000,0.0000
19.808,553.0008,-2.5673,239.2175,0.2510,3.8000,-0.4500,355.8310,180.2097,2.2416,0.0000,0.0000,0.0000
19.918,552.7579,-2.5736,239.2925,0.2510,3.8000,-0.4500,355.8310,180.2097,2.2416,0.0000,0.0000,0.0000
20.043,552.5159,-2.5759,239.3675,0.2510,3.8000,-0.4500,355.8846,180.2119,2.3035,0.0000,0.0000,0.0000
20.168,552.2743,-2.5741,239.4428,0.2510,3.8000,-0.4500,356.0062,180.2169,2.4110,0.0000,0.0000,0.0000
20.293,551.9919,-2.5705,239.5327,0.2510,3.8000,-0.4500,356.0733,180.2197,2.4559,0.0000,0.0000,0.0000
20.393,551.7913,-2.5628,239.5971,0.2510,3.8000,-0.4500,356.2994,180.2297,2.5625,0.0000,0.0000,0.0000
20.501,551.5901,-2.5557,239.6633,0.2510,3.8000,-0.4500,356.3817,180.2334,2.5843,0.0000,0.0000,0.0000
20.626,551.3491,-2.5426,239.7427,0.2510,3.8000,-0.4500,356.6315,180.2448,2.6366,0.0000,0.0000,0.0000
20.751,551.0674,-2.5243,239.8373,0.2510,3.8000,-0.4500,356.8806,180.2564,2.6613,0.0000,0.0000,0.0000
20.876,550.8265,-2.5052,239.9203,0.2510,3.8000,-0.4500,357.1326,180.2681,2.6654,0.0000,0.0000,0.0000
21.001,550.5854,-2.4827,240.0051,0.2510,3.8000,-0.4500,357.4676,180.2836,2.6402,0.0000,0.0000,0.0000
21.126,550.3447,-2.4583,240.0938,0.2510,3.8000,-0.4500,357.6348,180.2913,2.6196,0.0000,0.0000,0.0000
21.251,550.0645,-2.4252,240.2024,0.2510,3.8000,-0.4500,357.9717,180.3066,2.5653,0.0000,0.0000,0.0000
21.376,549.8241,-2.3930,240.2993,0.2510,3.8000,-0.4500,358.3862,180.3249,2.4765,0.0000,0.0000,0.0000
21.501,549.5840,-2.3588,240.3982,0.2510,3.8000,-0.4500,358.5465,180.3317,2.4365,0.0000,0.0000,0.0000
21.626,549.3433,-2.3212,240.4930,0.2510,3.8000,-0.4500,358.7885,180.3419,2.3723,0.0000,0.0000,0.0000
21.740,549.1017,-2.2803,240.5823,0.2510,3.8000,-0.4500,359.1914,180.3582,2.2524,0.0000,0.0000,0.0000
21.851,548.8599,-2.2373,240.6698,0.2510,3.8000,-0.4500,359.3444,180.3642,2.2039,0.0000,0.0000,0.0000
21.959,548.6577,-2.1992,240.7403,0.2510,3.8000,-0.4500,359.6654,180.3762,2.0918,0.0000,0.0000,0.0000
22.084,548.4147,-2.1515,240.8243,0.2510,3.8000,-0.4500,359.9884,180.3876,1.9693,0.0000,0.0000,0.0000
22.195,548.1708,-2.1019,240.9036,0.2510,3.8000,-0.4500,0.2966,180.3979,1.8442,0.0000,0.0000,0.0000
22.320,547.9260,-2.0507,240.9726,0.2510,3.8000,-0.4500,0.4530,180.4028,1.7754,0.0000,0.0000,0.0000
22.420,547.7205,-2.0069,241.0208,0.2510,3.8000,-0.4500,0.6854,180.4099,1.6704,0.0000,0.0000,0.0000
22.527,547.5139,-1.9627,241.0535,0.2510,3.8000,-0.4500,0.9807,180.4181,1.5268,0.0000,0.0000,0.0000
22.638,547.2654,-1.9098,241.0532,0.2510,3.8000,-0.4500,1.1289,180.4219,1.4485,0.0000,0.0000,0.0000
22.764,547.0163,-1.8576,241.0227,0.2510,3.8000,-0.4500,1.3495,180.4273,1.3273,0.0000,0.0000,0.0000
22.875,546.7665,-1.8061,240.9753,0.2510,3.8000,-0.4500,1.5742,180.4322,1.1922,0.0000,0.0000,0.0000
22.986,546.5576,-1.7634,240.9302,0.2510,3.8000,-0.4500,1.7180,180.4351,1.1036,0.0000,0.0000,0.0000
23.111,546.2643,-1.7041,240.8639,0.2510,3.8000,-0.4500,1.9213,180.4388,0.9705,0.0000,0.0000,0.0000
23.236,546.0115,-1.6536,240.8093,0.2510,3.8000,-0.4500,2.1372,180.4422,0.8209,0.0000,0.0000,0.0000
23.336,545.8004,-1.6109,240.7696,0.2510,3.8000,-0.4500,2.2071,180.4431,0.7722,0.0000,0.0000,0.0000
23.444,545.5877,-1.5685,240.7334,0.2510,3.8000,-0.4500,2.4054,180.4456,0.6313,0.0000,0.0000,0.0000
23.569,545.2892,-1.5079,240.6910,0.2510,3.8000,-0.4500,2.5447,180.4470,0.5328,0.0000,0.0000,0.0000
23.694,545.0327,-1.4544,240.6710,0.2510,3.8000,-0.4500,2.6135,180.4476,0.4843,0.0000,0.0000,0.0000
23.819,544.7757,-1.3997,240.6629,0.2510,3.8000,-0.4500,2.7501,180.4487,0.3928,0.0000,0.0000,0.0000
23.933,544.5191,-1.3429,240.6640,0.2510,3.8000,-0.4500,2.8213,180.4491,0.3496,0.0000,0.0000,0.0000
24.044,544.3057,-1.2940,240.6742,0.2510,3.8000,-0.4500,2.8954,180.4495,0.3092,0.0000,0.0000,0.0000
24.153,544.0507,-1.2333,240.7019,0.2510,3.8000,-0.4500,3.0416,180.4502,0.2320,0.0000,0.0000,0.0000
24.263,543.8398,-1.1809,240.7375,0.2510,3.8000,-0.4500,3.0416,180.4502,0.2320,0.0000,0.0000,0.0000
24.388,543.5452,-1.1060,240.8014,0.2510,3.8000,-0.4500,3.1153,180.4505,0.1989,0.0000,0.0000,0.0000
24.513,543.2935,-1.0411,240.8671,0.2510,3.8000,-0.4500,3.1153,180.4505,0.1989,0.0000,0.0000,0.0000
24.638,543.0413,-0.9772,240.9381,0.2510,3.8000,-0.4500,3.3362,180.4510,0.0755,0.0000,0.0000,0.0000
24.763,542.7901,-0.9142,241.0143,0.2510,3.8000,-0.4500,3.3362,180.4510,0.0755,0.0000,0.0000,0.0000
24.889,542.4963,-0.8440,241.1051,0.2510,3.8000,-0.4500,3.3966,180.4511,0.0198,0.0000,0.0000,0.0000
25.000,542.2857,-0.7970,241.1703,0.2510,3.8000,-0.4500,3.5085,180.4510,359.8980,0.0000,0.0000,0.0000
25.125,542.0336,-0.7422,241.2497,0.2510,3.8000,-0.4500,3.5085,180.4510,359.8980,0.0000,0.0000,0.0000
25.236,541.7793,-0.6937,241.3295,0.2510,3.8000,-0.4500,3.6395,180.4505,359.6857,0.0000,0.0000,0.0000
25.348,541.5677,-0.6552,241.3976,0.2510,3.8000,-0.4500,3.6703,180.4503,359.6083,0.0000,0.0000,0.0000
25.458,541.3121,-0.6150,241.4807,0.2510,3.8000,-0.4500,3.7475,180.4497,359.3707,0.0000,0.0000,0.0000
25.583,541.0569,-0.5769,241.5653,0.2510,3.8000,-0.4500,3.7640,180.4495,359.2874,0.0000,0.0000,0.0000
25.696,540.8002,-0.5460,241.6507,0.2510,3.8000,-0.4500,3.8071,180.4489,359.0387,0.0000,0.0000,0.0000
25.805,540.5864,-0.5218,241.7226,0.2510,3.8000,-0.4500,3.8130,180.4487,358.9543,0.0000,0.0000,0.0000
25.905,540.3710,-0.5036,241.7950,0.2510,3.8000,-0.4500,3.8267,180.4485,358.7013,0.0000,0.0000,0.0000
26.013,540.1128,-0.4838,241.8819,0.2510,3.8000,-0.4500,3.8256,180.4485,358.5341,0.0000,0.0000,0.0000
26.124,539.8969,-0.4712,241.9544,0.2510,3.8000,-0.4500,3.8218,180.4486,358.3712,0.0000,0.0000,0.0000
26.249,539.5949,-0.4560,242.0568,0.2510,3.8000,-0.4500,3.8189,180.4487,358.2913,0.0000,0.0000,0.0000
26.374,539.3339,-0.4524,242.1472,0.2510,3.8000,-0.4500,3.7973,180.4494,357.9543,0.0000,0.0000,0.0000
26.500,539.0742,-0.4480,242.2400,0.2510,3.8000,-0.4500,3.7903,180.4496,357.8718,0.0000,0.0000,0.0000
26.624,538.8131,-0.4505,242.3354,0.2510,3.8000,-0.4500,3.7673,180.4505,357.6197,0.0000,0.0000,0.0000
26.749,538.5092,-0.4540,242.4491,0.2510,3.8000,-0.4500,3.7589,180.4509,357.5369,0.0000,0.0000,0.0000
26.875,538.2486,-0.4608,242.5486,0.2510,3.8000,-0.4500,3.7503,180.4513,357.4535,0.0000,0.0000,0.0000
26.986,538.0301,-0.4720,242.6337,0.2510,3.8000,-0.4500,3.7231,180.4526,357.2070,0.0000,0.0000,0.0000
27.110,537.7260,-0.4844,242.7564,0.2510,3.8000,-0.4500,3.7231,180.4526,357.2070,0.0000,0.0000,0.0000
27.222,537.5081,-0.4984,242.8470,0.2510,3.8000,-0.4500,3.7032,180.4536,357.0447,0.0000,0.0000,0.0000
27.346,537.2473,-0.5150,242.9583,0.2510,3.8000,-0.4500,3.6924,180.4541,356.9633,0.0000,0.0000,0.0000
27.447,537.0294,-0.5306,243.0529,0.2510,3.8000,-0.4500,3.6814,180.4547,356.8832,0.0000,0.0000,0.0000
27.557,536.7681,-0.5507,243.1687,0.2510,3.8000,-0.4500,3.6699,180.4554,356.8045,0.0000,0.0000,0.0000
27.666,536.5511,-0.5673,243.2665,0.2510,3.8000,-0.4500,3.6699,180.4554,356.8045,0.0000,0.0000,0.0000
27.777,536.2900,-0.5901,243.3843,0.2510,3.8000,-0.4500,3.6562,180.4561,356.7229,0.0000,0.0000,0.0000
27.902,536.0289,-0.6142,243.5024,0.2510,3.8000,-0.4500,3.6425,180.4569,356.6420,0.0000,0.0000,0.0000
28.027,535.7678,-0.6377,243.6207,0.2510,3.8000,-0.4500,3.6425,180.4569,356.6420,0.0000,0.0000,0.0000
28.138,535.5069,-0.6620,243.7394,0.2510,3.8000,-0.4500,3.6425,180.4569,356.6420,0.0000,0.0000,0.0000
28.238,535.2896,-0.6827,243.8387,0.2510,3.8000,-0.4500,3.6425,180.4569,356.6420,0.0000,0.0000,0.0000
28.347,535.0723,-0.7037,243.9385,0.2510,3.8000,-0.4500,3.6425,180.4569,356.6420,0.0000,0.0000,0.0000
28.471,534.7677,-0.7351,244.0793,0.2510,3.8000,-0.4500,3.6219,180.4581,356.5657,0.0000,0.0000,0.0000
28.597,534.5070,-0.7610,244.2007,0.2510,3.8000,-0.4500,3.6219,180.4581,356.5657,0.0000,0.0000,0.0000
28.722,534.2462,-0.7869,244.3228,0.2510,3.8000,-0.4500,3.6219,180.4581,356.5657,0.0000,0.0000,0.0000
28.835,533.9855,-0.8130,244.4451,0.2510,3.8000,-0.4500,3.6219,180.4581,356.5657,0.0000,0.0000,0.0000
28.944,533.7684,-0.8347,244.5472,0.2510,3.8000,-0.4500,3.6219,180.4581,356.5657,0.0000,0.0000,0.0000
29.070,533.4647,-0.8651,244.6903,0.2510,3.8000,-0.4500,3.6219,180.4581,356.5657,0.0000,0.0000,0.0000
29.180,533.2477,-0.8869,244.7927,0.2510,3.8000,-0.4500,3.6219,180.4581,356.5657,0.0000,0.0000,0.0000
29.291,532.9874,-0.9129,244.9158,0.2510,3.8000,-0.4500,3.6219,180.4581,356.5656,0.0000,0.0000,0.0000
29.416,532.7271,-0.9391,245.0393,0.2510,3.8000,-0.4500,3.6219,180.4581,356.5657,0.0000,0.0000,0.0000
29.541,532.4671,-0.9653,245.1629,0.2510,3.8000,-0.4500,3.6219,180.4581,356.5656,0.0000,0.0000,0.0000
29.666,532.2071,-0.9916,245.2866,0.2510,3.8000,-0.4500,3.6219,180.4581,356.5657,0.0000,0.0000,0.0000
29.767,531.9904,-1.0137,245.3896,0.2510,3.8000,-0.4500,3.6219,180.4581,356.5657,0.0000,0.0000,0.0000
29.889,531.6874,-1.0450,245.5334,0.2510,3.8000,-0.4500,3.6219,180.4581,356.5657,0.0000,0.0000,0.0000
30.000,531.4710,-1.0676,245.6357,0.2510,3.8000,-0.4500,3.6219,180.4581,356.5657,0.0000,0.0000,0.0000
30.100,531.2546,-1.0904,245.7377,0.2510,3.8000,-0.4500,3.6219,180.4581,356.5657,0.0000,0.0000,0.0000
30.210,530.9950,-1.1183,245.8595,0.2510,3.8000,-0.4500,3.6219,180.4581,356.5657,0.0000,0.0000,0.0000
30.319,530.7784,-1.1432,245.9611,0.2510,3.8000,-0.4500,3.5504,180.4625,356.5303,0.0000,0.0000,0.0000
30.444,530.5188,-1.1720,246.0821,0.2510,3.8000,-0.4500,3.5504,180.4625,356.5303,0.0000,0.0000,0.0000
30.569,530.2157,-1.2076,246.2239,0.2510,3.8000,-0.4500,3.4758,180.4670,356.5022,0.0000,0.0000,0.0000
30.681,529.9998,-1.2326,246.3258,0.2510,3.8000,-0.4500,3.4758,180.4670,356.5022,0.0000,0.0000,0.0000
30.805,529.7408,-1.2641,246.4503,0.2510,3.8000,-0.4500,3.3980,180.4718,356.4805,0.0000,0.0000,0.0000
30.930,529.4391,-1.3013,246.5975,0.2510,3.8000,-0.4500,3.3183,180.4767,356.4642,0.0000,0.0000,0.0000
31.055,529.1806,-1.3329,246.7244,0.2510,3.8000,-0.4500,3.3183,180.4767,356.4642,0.0000,0.0000,0.0000
31.180,528.9223,-1.3659,246.8529,0.2510,3.8000,-0.4500,3.2392,180.4816,356.4518,0.0000,0.0000,0.0000
31.306,528.6641,-1.3985,246.9806,0.2510,3.8000,-0.4500,3.2392,180.4816,356.4518,0.0000,0.0000,0.0000
31.430,528.3621,-1.4388,247.1223,0.2510,3.8000,-0.4500,3.0766,180.4917,356.4392,0.0000,0.0000,0.0000
31.543,528.1459,-1.4670,247.2158,0.2510,3.8000,-0.4500,3.0766,180.4917,356.4392,0.0000,0.0000,0.0000
31.657,527.8860,-1.5014,247.3222,0.2510,3.8000,-0.4500,3.0766,180.4917,356.4392,0.0000,0.0000,0.0000
31.774,527.6261,-1.5364,247.4250,0.2510,3.8000,-0.4500,2.9966,180.4967,356.4435,0.0000,0.0000,0.0000
31.876,527.4093,-1.5652,247.5083,0.2510,3.8000,-0.4500,2.9966,180.4967,356.4435,0.0000,0.0000,0.0000
31.999,527.1491,-1.6000,247.6073,0.2510,3.8000,-0.4500,2.9175,180.5016,356.4542,0.0000,0.0000,0.0000
32.124,526.8888,-1.6339,247.7043,0.2510,3.8000,-0.4500,2.9175,180.5016,356.4542,0.0000,0.0000,0.0000
32.236,526.6290,-1.6675,247.8005,0.2510,3.8000,-0.4500,2.8385,180.5065,356.4754,0.0000,0.0000,0.0000
32.348,526.3688,-1.7002,247.8948,0.2510,3.8000,-0.4500,2.8385,180.5065,356.4754,0.0000,0.0000,0.0000
32.458,526.1521,-1.7268,247.9725,0.2510,3.8000,-0.4500,2.8385,180.5065,356.4754,0.0000,0.0000,0.0000
32.582,525.8923,-1.7578,248.0649,0.2510,3.8000,-0.4500,2.7620,180.5112,356.5069,0.0000,0.0000,0.0000
32.708,525.6323,-1.7877,248.1556,0.2510,3.8000,-0.4500,2.7620,180.5112,356.5069,0.0000,0.0000,0.0000
32.833,525.3297,-1.8207,248.2613,0.2510,3.8000,-0.4500,2.6186,180.5199,356.5922,0.0000,0.0000,0.0000
32.947,525.1130,-1.8437,248.3351,0.2510,3.8000,-0.4500,2.6186,180.5199,356.5923,0.0000,0.0000,0.0000
33.065,524.8532,-1.8700,248.4196,0.2510,3.8000,-0.4500,2.6186,180.5199,356.5922,0.0000,0.0000,0.0000
33.180,524.5935,-1.8970,248.4384,0.2510,3.8000,-0.4500,2.6186,180.5199,356.5923,0.0000,0.0000,0.0000
33.291,524.3341,-1.9251,248.4013,0.2510,3.8000,-0.4500,2.6186,180.5199,356.5923,0.0000,0.0000,0.0000
33.415,524.0751,-1.9530,248.3345,0.2510,3.8000,-0.4500,2.5598,180.5233,356.6516,0.0000,0.0000,0.0000
33.541,523.8164,-1.9816,248.2514,0.2510,3.8000,-0.4500,2.5598,180.5233,356.6516,0.0000,0.0000,0.0000
33.666,523.5575,-2.0106,248.1596,0.2510,3.8000,-0.4500,2.5598,180.5233,356.6516,0.0000,0.0000,0.0000
33.791,523.2556,-2.0452,248.0462,0.2510,3.8000,-0.4500,2.5598,180.5233,356.6516,0.0000,0.0000,0.0000
33.916,522.9971,-2.0759,247.9427,0.2510,3.8000,-0.4500,2.5598,180.5233,356.6516,0.0000,0.0000,0.0000
34.030,522.7395,-2.1078,247.8300,0.2510,3.8000,-0.4500,2.5598,180.5233,356.6516,0.0000,0.0000,0.0000
34.138,522.5254,-2.1353,247.7292,0.2510,3.8000,-0.4500,2.5598,180.5233,356.6516,0.0000,0.0000,0.0000
34.263,522.2756,-2.1711,247.5122,0.2510,3.8000,-0.4500,2.5598,180.5233,356.6516,0.0000,0.0000,0.0000
34.363,522.0795,-2.2063,247.1566,0.2510,3.8000,-0.4500,2.5598,180.5233,356.6516,0.0000,0.0000,0.0000
34.471,521.8545,-2.2541,246.5764,0.2510,3.8000,-0.4500,2.5598,180.5233,356.6516,0.0000,0.0000,0.0000
34.596,521.6353,-2.3049,245.9100,0.2510,3.8000,-0.4500,2.5598,180.5233,356.6516,0.0000,0.0000,0.0000
34.722,521.4156,-2.3553,245.2648,0.2510,3.8000,-0.4500,2.5598,180.5233,356.6517,0.0000,0.0000,0.0000
34.847,521.1890,-2.4019,244.7332,0.2510,3.8000,-0.4500,2.5598,180.5233,356.6517,0.0000,0.0000,0.0000
34.972,520.9141,-2.4493,244.2713,0.2510,3.8000,-0.4500,2.4968,180.5270,356.7074,0.0000,0.0000,0.0000
35.097,520.6709,-2.4847,243.9811,0.2510,3.8000,-0.4500,2.4349,180.5305,356.7633,0.0000,0.0000,0.0000
35.222,520.4221,-2.5163,243.7578,0.2510,3.8000,-0.4500,2.4349,180.5305,356.7633,0.0000,0.0000,0.0000
35.347,520.1700,-2.5439,243.5781,0.2510,3.8000,-0.4500,2.4349,180.5305,356.7633,0.0000,0.0000,0.0000
35.458,519.9162,-2.5670,243.4263,0.2510,3.8000,-0.4500,2.3917,180.5329,356.8340,0.0000,0.0000,0.0000
35.582,519.6607,-2.5843,243.3371,0.2510,3.8000,-0.4500,2.3224,180.5367,356.9827,0.0000,0.0000,0.0000
35.684,519.4465,-2.5957,243.3267,0.2510,3.8000,-0.4500,2.3224,180.5367,356.9827,0.0000,0.0000,0.0000
35.790,519.1906,-2.6002,243.3626,0.2510,3.8000,-0.4500,2.2764,180.5390,357.2298,0.0000,0.0000,0.0000
35.901,518.9766,-2.6034,243.4181,0.2510,3.8000,-0.4500,2.2764,180.5390,357.2298,0.0000,0.0000,0.0000
36.027,518.7210,-2.6012,243.5048,0.2510,3.8000,-0.4500,2.2771,180.5390,357.3146,0.0000,0.0000,0.0000
36.138,518.4668,-2.5916,243.6050,0.2510,3.8000,-0.4500,2.2847,180.5387,357.5641,0.0000,0.0000,0.0000
36.263,518.2119,-2.5823,243.7125,0.2510,3.8000,-0.4500,2.2847,180.5387,357.5641,0.0000,0.0000,0.0000
36.388,517.9589,-2.5643,243.8231,0.2510,3.8000,-0.4500,2.3200,180.5372,357.8188,0.0000,0.0000,0.0000
36.488,517.7047,-2.5478,243.9343,0.2510,3.8000,-0.4500,2.3200,180.5372,357.8189,0.0000,0.0000,0.0000
36.598,517.4944,-2.5269,244.0259,0.2510,3.8000,-0.4500,2.3556,180.5360,358.0685,0.0000,0.0000,0.0000
36.708,517.2830,-2.5088,244.1164,0.2510,3.8000,-0.4500,2.3556,180.5360,358.0685,0.0000,0.0000,0.0000
36.822,517.0316,-2.4788,244.2227,0.2510,3.8000,-0.4500,2.3844,180.5350,358.3979,0.0000,0.0000,0.0000
36.932,516.7784,-2.4527,244.3268,0.2510,3.8000,-0.4500,2.3844,180.5351,358.3979,0.0000,0.0000,0.0000
37.041,516.5685,-2.4269,244.4119,0.2510,3.8000,-0.4500,2.3772,180.5352,358.5612,0.0000,0.0000,0.0000
37.166,516.3163,-2.3968,244.5114,0.2510,3.8000,-0.4500,2.3723,180.5354,358.6415,0.0000,0.0000,0.0000
37.277,516.0644,-2.3659,244.6087,0.2510,3.8000,-0.4500,2.3542,180.5358,358.7247,0.0000,0.0000,0.0000
37.402,515.8128,-2.3345,244.7046,0.2510,3.8000,-0.4500,2.3349,180.5362,358.8082,0.0000,0.0000,0.0000
37.528,515.5633,-2.2998,244.8010,0.2510,3.8000,-0.4500,2.2160,180.5383,359.1277,0.0000,0.0000,0.0000
37.641,515.3123,-2.2701,244.8969,0.2510,3.8000,-0.4500,2.2160,180.5383,359.1277,0.0000,0.0000,0.0000
37.749,515.0633,-2.2386,244.9940,0.2510,3.8000,-0.4500,2.0780,180.5402,359.3385,0.0000,0.0000,0.0000
37.875,514.8129,-2.2110,245.0900,0.2510,3.8000,-0.4500,2.0780,180.5402,359.3385,0.0000,0.0000,0.0000
37.999,514.5646,-2.1822,245.1869,0.2510,3.8000,-0.4500,1.8460,180.5424,359.5879,0.0000,0.0000,0.0000
38.110,514.3153,-2.1576,245.2820,0.2510,3.8000,-0.4500,1.8460,180.5424,359.5879,0.0000,0.0000,0.0000
38.236,514.0669,-2.1335,245.3783,0.2510,3.8000,-0.4500,1.6466,180.5435,359.7451,0.0000,0.0000,0.0000
38.361,513.8185,-2.1119,245.4747,0.2510,3.8000,-0.4500,1.4405,180.5442,359.8788,0.0000,0.0000,0.0000
38.485,513.5694,-2.0933,245.5701,0.2510,3.8000,-0.4500,1.4405,180.5442,359.8788,0.0000,0.0000,0.0000
38.585,513.3627,-2.0798,245.6519,0.2510,3.8000,-0.4500,1.2136,180.5444,359.9904,0.0000,0.0000,0.0000
38.697,513.1147,-2.0668,245.7509,0.2510,3.8000,-0.4500,0.9788,180.5443,0.0784,0.0000,0.0000,0.0000
38.804,512.9077,-2.0585,245.8331,0.2510,3.8000,-0.4500,0.9788,180.5443,0.0784,0.0000,0.0000,0.0000
38.930,512.6180,-2.0524,245.9511,0.2510,3.8000,-0.4500,0.7341,180.5438,0.1427,0.0000,0.0000,0.0000
39.041,512.4112,-2.0529,246.0372,0.2510,3.8000,-0.4500,0.4047,180.5428,0.1960,0.0000,0.0000,0.0000
39.152,512.1627,-2.0571,246.1400,0.2510,3.8000,-0.4500,0.2446,180.5423,0.2103,0.0000,0.0000,0.0000
39.277,511.9140,-2.0676,246.2442,0.2510,3.8000,-0.4500,359.9891,180.5413,0.2149,0.0000,0.0000,0.0000
39.403,511.6652,-2.0842,246.3492,0.2510,3.8000,-0.4500,359.7340,180.5404,0.2078,0.0000,0.0000,0.0000
39.527,511.4159,-2.1079,246.4555,0.2510,3.8000,-0.4500,359.4034,180.5392,0.1828,0.0000,0.0000,0.0000
39.638,511.1665,-2.1383,246.5623,0.2510,3.8000,-0.4500,359.0744,180.5383,0.1381,0.0000,0.0000,0.0000
39.763,510.9168,-2.1746,246.6690,0.2510,3.8000,-0.4500,358.8256,180.5378,0.0955,0.0000,0.0000,0.0000
39.888,510.6250,-2.2262,246.7942,0.2510,3.8000,-0.4500,358.4953,180.5374,0.0309,0.0000,0.0000,0.0000
40.013,510.3749,-2.2763,246.9010,0.2510,3.8000,-0.4500,358.3291,180.5374,-0.0047,0.0000,0.0000,0.0000
40.138,510.1241,-2.3362,247.0098,0.2510,3.8000,-0.4500,357.9094,180.5378,359.8997,0.0000,0.0000,0.0000
40.263,509.8734,-2.3996,247.1173,0.2510,3.8000,-0.4500,357.7420,180.5381,359.8593,0.0000,0.0000,0.0000
40.388,509.6225,-2.4700,247.2258,0.2510,3.8000,-0.4500,357.4934,180.5389,359.7988,0.0000,0.0000,0.0000
40.513,509.3295,-2.5610,247.3540,0.2510,3.8000,-0.4500,357.0803,180.5407,359.6978,0.0000,0.0000,0.0000
40.638,509.0788,-2.6412,247.4627,0.2510,3.8000,-0.4500,357.0014,180.5411,359.6791,0.0000,0.0000,0.0000
40.763,508.8278,-2.7279,247.5727,0.2510,3.8000,-0.4500,356.7605,180.5426,359.6230,0.0000,0.0000,0.0000
40.888,508.5768,-2.8175,247.6826,0.2510,3.8000,-0.4500,356.5996,180.5437,359.5887,0.0000,0.0000,0.0000
41.014,508.2840,-2.9245,247.8103,0.2510,3.8000,-0.4500,356.5201,180.5443,359.5721,0.0000,0.0000,0.0000
41.116,508.0747,-3.0030,247.9014,0.2510,3.8000,-0.4500,356.4364,180.5449,359.5584,0.0000,0.0000,0.0000
41.217,507.8654,-3.0834,247.9925,0.2510,3.8000,-0.4500,356.2711,180.5462,359.5327,0.0000,0.0000,0.0000
41.333,507.6142,-3.1780,248.1001,0.2510,3.8000,-0.4500,356.2711,180.5462,359.5327,0.0000,0.0000,0.0000
41.443,507.4047,-3.2565,248.1870,0.2510,3.8000,-0.4500,356.2711,180.5462,359.5327,0.0000,0.0000,0.0000
41.568,507.1109,-3.3642,248.3017,0.2510,3.8000,-0.4500,356.2711,180.5462,359.5327,0.0000,0.0000,0.0000
41.693,506.8587,-3.4537,248.3941,0.2510,3.8000,-0.4500,356.2711,180.5462,359.5327,0.0000,0.0000,0.0000
41.819,506.6060,-3.5393,248.4782,0.2510,3.8000,-0.4500,356.2711,180.5462,359.5327,0.0000,0.0000,0.0000
41.930,506.3525,-3.6197,248.5502,0.2510,3.8000,-0.4500,356.2711,180.5462,359.5327,0.0000,0.0000,0.0000
42.044,506.1407,-3.6823,248.6020,0.2510,3.8000,-0.4500,356.2711,180.5462,359.5327,0.0000,0.0000,0.0000
42.154,505.8863,-3.7516,248.6566,0.2510,3.8000,-0.4500,356.2711,180.5462,359.5327,0.0000,0.0000,0.0000
42.264,505.6739,-3.8041,248.6971,0.2510,3.8000,-0.4500,356.2711,180.5462,359.5327,0.0000,0.0000,0.0000
42.374,505.4192,-3.8603,248.7415,0.2510,3.8000,-0.4500,356.2711,180.5462,359.5327,0.0000,0.0000,0.0000
42.499,505.1668,-3.9015,248.7705,0.2510,3.8000,-0.4500,356.3709,180.5457,359.8766,0.0000,0.0000,0.0000
42.624,504.9154,-3.9362,248.7560,0.2510,3.8000,-0.4500,356.4475,180.5457,0.0288,0.0000,0.0000,0.0000
42.737,504.6683,-3.9574,248.6952,0.2510,3.8000,-0.4500,356.6499,180.5463,0.3083,0.0000,0.0000,0.0000
42.852,504.4247,-3.9678,248.5960,0.2510,3.8000,-0.4500,356.9544,180.5488,0.6029,0.0000,0.0000,0.0000
42.955,504.2229,-3.9731,248.4909,0.2510,3.8000,-0.4500,357.0883,180.5503,0.7075,0.0000,0.0000,0.0000
43.069,503.9835,-3.9696,248.3433,0.2510,3.8000,-0.4500,357.3612,180.5542,0.9057,0.0000,0.0000,0.0000
43.179,503.7851,-3.9612,248.2086,0.2510,3.8000,-0.4500,357.5858,180.5580,1.0437,0.0000,0.0000,0.0000
43.279,503.5879,-3.9467,248.0690,0.2510,3.8000,-0.4500,357.8828,180.5638,1.2152,0.0000,0.0000,0.0000
43.387,503.3907,-3.9289,247.9289,0.2510,3.8000,-0.4500,358.1081,180.5688,1.3300,0.0000,0.0000,0.0000
43.488,503.1940,-3.9066,247.7888,0.2510,3.8000,-0.4500,358.3387,180.5744,1.4387,0.0000,0.0000,0.0000
43.596,502.9583,-3.8734,247.6221,0.2510,3.8000,-0.4500,358.6461,180.5825,1.5729,0.0000,0.0000,0.0000
43.721,502.7230,-3.8331,247.4583,0.2510,3.8000,-0.4500,359.0396,180.5938,1.7193,0.0000,0.0000,0.0000
43.846,502.4874,-3.7890,247.2983,0.2510,3.8000,-0.4500,359.2765,180.6011,1.7964,0.0000,0.0000,0.0000
43.971,502.2128,-3.7278,247.1175,0.2510,3.8000,-0.4500,359.6751,180.6140,1.9152,0.0000,0.0000,0.0000
44.082,502.0164,-3.6788,246.9946,0.2510,3.8000,-0.4500,359.9270,180.6226,1.9890,0.0000,0.0000,0.0000
44.207,501.7810,-3.6130,246.8526,0.2510,3.8000,-0.4500,0.2577,180.6344,2.0909,0.0000,0.0000,0.0000
44.307,501.5842,-3.5510,246.7487,0.2510,3.8000,-0.4500,0.5867,180.6468,2.2092,0.0000,0.0000,0.0000
44.416,501.3469,-3.4689,246.6747,0.2510,3.8000,-0.4500,0.9007,180.6592,2.3325,0.0000,0.0000,0.0000
44.525,501.1497,-3.3909,246.6637,0.2510,3.8000,-0.4500,1.2192,180.6726,2.4772,0.0000,0.0000,0.0000
44.639,500.9147,-3.2877,246.6919,0.2510,3.8000,-0.4500,1.5298,180.6864,2.6271,0.0000,0.0000,0.0000
44.747,500.7210,-3.1906,246.7381,0.2510,3.8000,-0.4500,1.9120,180.7046,2.8276,0.0000,0.0000,0.0000
44.872,500.4521,-3.0455,246.8290,0.2510,3.8000,-0.4500,2.2045,180.7195,2.9886,0.0000,0.0000,0.0000
44.997,500.2252,-2.9056,246.9201,0.2510,3.8000,-0.4500,2.6588,180.7443,3.2524,0.0000,0.0000,0.0000
45.097,500.0369,-2.7852,247.0045,0.2510,3.8000,-0.4500,2.8011,180.7525,3.3370,0.0000,0.0000,0.0000
45.206,499.8513,-2.6541,247.0913,0.2510,3.8000,-0.4500,3.1683,180.7746,3.5608,0.0000,0.0000,0.0000
45.317,499.6295,-2.4925,247.2009,0.2510,3.8000,-0.4500,3.3815,180.7882,3.6928,0.0000,0.0000,0.0000
45.443,499.4106,-2.3226,247.2773,0.2510,3.8000,-0.4500,3.6698,180.8073,3.8731,0.0000,0.0000,0.0000
45.568,499.2026,-2.1660,247.0892,0.2510,3.8000,-0.4500,3.8071,180.8167,3.9600,0.0000,0.0000,0.0000
45.679,499.0078,-2.0287,246.6275,0.2510,3.8000,-0.4500,3.9441,180.8263,4.0515,0.0000,0.0000,0.0000
45.804,498.8201,-1.9058,246.0092,0.2510,3.8000,-0.4500,4.0109,180.8311,4.1018,0.0000,0.0000,0.0000
45.929,498.6025,-1.7654,245.2663,0.2510,3.8000,-0.4500,4.1415,180.8406,4.2024,0.0000,0.0000,0.0000
46.055,498.4079,-1.6372,244.7565,0.2510,3.8000,-0.4500,4.1415,180.8406,4.2024,0.0000,0.0000,0.0000
46.179,498.2047,-1.4936,244.3883,0.2510,3.8000,-0.4500,4.2012,180.8450,4.2558,0.0000,0.0000,0.0000
46.304,497.9950,-1.3369,244.1436,0.2510,3.8000,-0.4500,4.2613,180.8495,4.3093,0.0000,0.0000,0.0000
46.415,497.7821,-1.1663,244.0489,0.2510,3.8000,-0.4500,4.2613,180.8495,4.3092,0.0000,0.0000,0.0000
46.540,497.5697,-0.9826,244.0449,0.2510,3.8000,-0.4500,4.3895,180.8593,4.4098,0.0000,0.0000,0.0000
46.665,497.3564,-0.7959,244.0957,0.2510,3.8000,-0.4500,4.3895,180.8593,4.4097,0.0000,0.0000,0.0000
46.790,497.1077,-0.5755,244.1935,0.2510,3.8000,-0.4500,4.3895,180.8593,4.4097,0.0000,0.0000,0.0000
46.915,496.8943,-0.3877,244.2959,0.2510,3.8000,-0.4500,4.3895,180.8593,4.4097,0.0000,0.0000,0.0000
47.040,496.6803,-0.2029,244.4082,0.2510,3.8000,-0.4500,4.3895,180.8593,4.4097,0.0000,0.0000,0.0000
47.151,496.4658,-0.0228,244.5267,0.2510,3.8000,-0.4500,4.3895,180.8593,4.4098,0.0000,0.0000,0.0000
47.277,496.2502,0.1514,244.6493,0.2510,3.8000,-0.4500,4.3895,180.8593,4.4098,0.0000,0.0000,0.0000
47.387,496.0697,0.2913,244.7538,0.2510,3.8000,-0.4500,4.3895,180.8593,4.4098,0.0000,0.0000,0.0000
47.512,495.8153,0.4779,244.9026,0.2510,3.8000,-0.4500,4.3895,180.8593,4.4098,0.0000,0.0000,0.0000
47.637,495.5928,0.6221,245.0331,0.2510,3.8000,-0.4500,4.3169,180.8539,4.0745,0.0000,0.0000,0.0000
47.762,495.3678,0.7566,245.1630,0.2510,3.8000,-0.4500,4.2031,180.8461,3.7629,0.0000,0.0000,0.0000
47.887,495.1395,0.8788,245.2911,0.2510,3.8000,-0.4500,4.0009,180.8335,3.3962,0.0000,0.0000,0.0000
48.012,494.8702,1.0079,245.4368,0.2510,3.8000,-0.4500,3.7571,180.8198,3.0434,0.0000,0.0000,0.0000
48.123,494.6748,1.0877,245.5390,0.2510,3.8000,-0.4500,3.4888,180.8063,2.6971,0.0000,0.0000,0.0000
48.248,494.4388,1.1749,245.6579,0.2510,3.8000,-0.4500,3.2691,180.7965,2.4327,0.0000,0.0000,0.0000
48.373,494.1591,1.2560,245.7947,0.2510,3.8000,-0.4500,2.8539,180.7805,1.9564,0.0000,0.0000,0.0000
48.498,493.9166,1.3114,245.9086,0.2510,3.8000,-0.4500,2.5108,180.7700,1.5743,0.0000,0.0000,0.0000
48.624,493.6724,1.3547,246.0193,0.2510,3.8000,-0.4500,2.2255,180.7629,1.2623,0.0000,0.0000,0.0000
48.748,493.3842,1.3857,246.1462,0.2510,3.8000,-0.4500,1.8119,180.7554,0.8150,0.0000,0.0000,0.0000
48.861,493.1768,1.3966,246.2355,0.2510,3.8000,-0.4500,1.5239,180.7521,0.5056,0.0000,0.0000,0.0000
48.970,492.9267,1.3990,246.3415,0.2510,3.8000,-0.4500,1.2420,180.7503,0.2038,0.0000,0.0000,0.0000
49.082,492.7172,1.3905,246.4296,0.2510,3.8000,-0.4500,0.9969,180.7500,359.9420,0.0000,0.0000,0.0000
49.193,492.4642,1.3662,246.5362,0.2510,3.8000,-0.4500,0.6278,180.7516,359.5476,0.0000,0.0000,0.0000
49.318,492.2106,1.3314,246.6426,0.2510,3.8000,-0.4500,0.3392,180.7547,359.2385,0.0000,0.0000,0.0000
49.442,491.9564,1.2844,246.7500,0.2510,3.8000,-0.4500,0.0538,180.7593,358.9316,0.0000,0.0000,0.0000
49.568,491.7013,1.2254,246.8591,0.2510,3.8000,-0.4500,359.7617,180.7655,358.6150,0.0000,0.0000,0.0000
49.679,491.4466,1.1587,246.9698,0.2510,3.8000,-0.4500,359.5923,180.7699,358.4301,0.0000,0.0000,0.0000
49.804,491.1907,1.0779,247.0840,0.2510,3.8000,-0.4500,359.2872,180.7792,358.0912,0.0000,0.0000,0.0000
49.929,490.8930,0.9752,247.2205,0.2510,3.8000,-0.4500,359.0629,180.7871,357.8388,0.0000,0.0000,0.0000
50.053,490.6374,0.8755,247.3419,0.2510,3.8000,-0.4500,358.7941,180.7980,357.5249,0.0000,0.0000,0.0000
50.165,490.4258,0.7929,247.4446,0.2510,3.8000,-0.4500,358.7941,180.7980,357.5249,0.0000,0.0000,0.0000
50.276,490.1705,0.6808,247.5721,0.2510,3.8000,-0.4500,358.5755,180.8080,357.2627,0.0000,0.0000,0.0000
50.377,489.9582,0.5828,247.6808,0.2510,3.8000,-0.4500,358.4088,180.8162,357.0713,0.0000,0.0000,0.0000
50.484,489.7469,0.4835,247.7909,0.2510,3.8000,-0.4500,358.3541,180.8190,357.0096,0.0000,0.0000,0.0000
50.609,489.4507,0.3351,247.9493,0.2510,3.8000,-0.4500,358.1793,180.8285,356.8310,0.0000,0.0000,0.0000
50.720,489.2393,0.2234,248.0657,0.2510,3.8000,-0.4500,357.9904,180.8392,356.6638,0.0000,0.0000,0.0000
50.845,488.9872,0.0904,248.2073,0.2510,3.8000,-0.4500,357.9904,180.8392,356.6638,0.0000,0.0000,0.0000
50.971,488.6929,-0.0727,248.3773,0.2510,3.8000,-0.4500,357.8543,180.8472,356.5647,0.0000,0.0000,0.0000
51.095,488.4410,-0.2175,248.5267,0.2510,3.8000,-0.4500,357.6315,180.8609,356.4377,0.0000,0.0000,0.0000
51.221,488.1900,-0.3605,248.6778,0.2510,3.8000,-0.4500,357.6315,180.8609,356.4377,0.0000,0.0000,0.0000
51.346,487.9393,-0.5058,248.8316,0.2510,3.8000,-0.4500,357.5549,180.8657,356.4102,0.0000,0.0000,0.0000
51.470,487.6471,-0.6761,249.0124,0.2510,3.8000,-0.4500,357.3933,180.8759,356.3745,0.0000,0.0000,0.0000
51.595,487.3972,-0.8198,249.1676,0.2510,3.8000,-0.4500,357.3115,180.8811,356.3806,0.0000,0.0000,0.0000
51.720,487.1476,-0.9612,249.3228,0.2510,3.8000,-0.4500,357.2318,180.8861,356.3960,0.0000,0.0000,0.0000
51.845,486.8987,-1.0991,249.4788,0.2510,3.8000,-0.4500,357.0109,180.8998,356.4945,0.0000,0.0000,0.0000
51.971,486.6076,-1.2545,249.6584,0.2510,3.8000,-0.4500,357.0109,180.8998,356.4945,0.0000,0.0000,0.0000
52.071,486.4007,-1.3598,249.7870,0.2510,3.8000,-0.4500,356.9039,180.9063,356.6190,0.0000,0.0000,0.0000
52.179,486.1941,-1.4596,249.9145,0.2510,3.8000,-0.4500,356.7662,180.9142,356.8242,0.0000,0.0000,0.0000
52.290,485.9451,-1.5748,250.0643,0.2510,3.8000,-0.4500,356.7398,180.9156,356.9011,0.0000,0.0000,0.0000
52.415,485.6980,-1.6766,250.2121,0.2510,3.8000,-0.4500,356.6610,180.9197,357.3251,0.0000,0.0000,0.0000
52.540,485.4496,-1.7724,250.3553,0.2510,3.8000,-0.4500,356.6615,180.9197,357.5753,0.0000,0.0000,0.0000
52.665,485.2015,-1.8572,250.4941,0.2510,3.8000,-0.4500,356.7031,180.9180,357.9110,0.0000,0.0000,0.0000
52.778,484.9527,-1.9342,250.6284,0.2510,3.8000,-0.4500,356.7553,180.9162,358.1556,0.0000,0.0000,0.0000
52.887,484.7463,-1.9880,250.7371,0.2510,3.8000,-0.4500,356.8710,180.9129,358.4929,0.0000,0.0000,0.0000
53.012,484.4569,-2.0534,250.8850,0.2510,3.8000,-0.4500,357.0324,180.9092,358.8794,0.0000,0.0000,0.0000
53.123,484.2502,-2.0928,250.9878,0.2510,3.8000,-0.4500,357.1506,180.9071,359.1032,0.0000,0.0000,0.0000
53.237,484.0026,-2.1307,251.1087,0.2510,3.8000,-0.4500,357.3248,180.9048,359.3942,0.0000,0.0000,0.0000
53.345,483.7961,-2.1572,251.2080,0.2510,3.8000,-0.4500,357.4177,180.9040,359.5346,0.0000,0.0000,0.0000
53.470,483.5091,-2.1784,251.3441,0.2510,3.8000,-0.4500,357.7508,180.9025,359.9521,0.0000,0.0000,0.0000
53.595,483.2619,-2.1944,251.4611,0.2510,3.8000,-0.4500,357.8050,180.9025,0.0144,0.0000,0.0000,0.0000
53.721,483.0174,-2.1948,251.5759,0.2510,3.8000,-0.4500,358.1907,180.9038,0.3656,0.0000,0.0000,0.0000
53.834,482.7719,-2.1944,251.6922,0.2510,3.8000,-0.4500,358.3280,180.9048,0.4612,0.0000,0.0000,0.0000
53.943,482.5679,-2.1873,251.7882,0.2510,3.8000,-0.4500,358.5394,180.9067,0.5910,0.0000,0.0000,0.0000
54.067,482.3231,-2.1754,251.9036,0.2510,3.8000,-0.4500,358.6901,180.9084,0.6640,0.0000,0.0000,0.0000
54.179,482.0790,-2.1556,252.0173,0.2510,3.8000,-0.4500,359.0124,180.9125,0.7886,0.0000,0.0000,0.0000
54.290,481.8347,-2.1322,252.1308,0.2510,3.8000,-0.4500,359.2512,180.9159,0.8510,0.0000,0.0000,0.0000
54.415,481.5907,-2.1027,252.2421,0.2510,3.8000,-0.4500,359.6651,180.9223,0.9121,0.0000,0.0000,0.0000
54.526,481.3869,-2.0775,252.3358,0.2510,3.8000,-0.4500,359.7479,180.9236,0.9154,0.0000,0.0000,0.0000
54.651,481.1016,-2.0360,252.4639,0.2510,3.8000,-0.4500,0.0833,180.9290,0.9187,0.0000,0.0000,0.0000
54.776,480.8566,-1.9962,252.5716,0.2510,3.8000,-0.4500,0.5046,180.9356,0.8777,0.0000,0.0000,0.0000
54.888,480.6524,-1.9623,252.6622,0.2510,3.8000,-0.4500,0.5843,180.9368,0.8672,0.0000,0.0000,0.0000
55.012,480.3656,-1.9107,252.7858,0.2510,3.8000,-0.4500,0.9886,180.9427,0.7809,0.0000,0.0000,0.0000
55.137,480.1193,-1.8645,252.8905,0.2510,3.8000,-0.4500,1.3124,180.9468,0.6824,0.0000,0.0000,0.0000
55.262,479.8726,-1.8170,252.9944,0.2510,3.8000,-0.4500,1.5519,180.9495,0.5936,0.0000,0.0000,0.0000
55.387,479.6253,-1.7683,253.0972,0.2510,3.8000,-0.4500,1.7088,180.9510,0.5281,0.0000,0.0000,0.0000
55.512,479.3354,-1.7107,253.2149,0.2510,3.8000,-0.4500,2.0954,180.9540,0.3446,0.0000,0.0000,0.0000
55.637,479.0864,-1.6612,253.3160,0.2510,3.8000,-0.4500,2.3176,180.9551,0.2152,0.0000,0.0000,0.0000
55.762,478.8369,-1.6116,253.4172,0.2510,3.8000,-0.4500,2.4608,180.9555,0.1277,0.0000,0.0000,0.0000
55.887,478.5862,-1.5634,253.5171,0.2510,3.8000,-0.4500,2.7343,180.9556,359.9350,0.0000,0.0000,0.0000
56.012,478.2931,-1.5081,253.6340,0.2510,3.8000,-0.4500,2.9267,180.9552,359.7780,0.0000,0.0000,0.0000
56.137,478.0407,-1.4627,253.7335,0.2510,3.8000,-0.4500,3.1170,180.9541,359.6078,0.0000,0.0000,0.0000
56.262,477.7874,-1.4196,253.8319,0.2510,3.8000,-0.4500,3.2938,180.9527,359.4227,0.0000,0.0000,0.0000
56.387,477.5329,-1.3790,253.9288,0.2510,3.8000,-0.4500,3.4635,180.9507,359.2314,0.0000,0.0000,0.0000
56.512,477.2362,-1.3375,253.9775,0.2510,3.8000,-0.4500,3.6097,180.9484,359.0332,0.0000,0.0000,0.0000
56.623,477.0347,-1.3232,253.7946,0.2510,3.8000,-0.4500,3.7036,180.9467,358.8936,0.0000,0.0000,0.0000
56.748,476.7687,-1.3289,253.2428,0.2510,3.8000,-0.4500,3.7852,180.9451,358.7537,0.0000,0.0000,0.0000
56.859,476.5843,-1.3487,252.7261,0.2510,3.8000,-0.4500,3.8916,180.9425,358.5197,0.0000,0.0000,0.0000
56.984,476.3639,-1.3780,252.0973,0.2510,3.8000,-0.4500,3.9494,180.9410,358.3694,0.0000,0.0000,0.0000
57.109,476.0939,-1.4113,251.5259,0.2510,3.8000,-0.4500,4.0375,180.9382,358.0368,0.0000,0.0000,0.0000
57.234,475.8506,-1.4293,251.2045,0.2510,3.8000,-0.4500,4.0565,180.9375,357.9587,0.0000,0.0000,0.0000
57.359,475.5965,-1.4436,251.0226,0.2510,3.8000,-0.4500,4.0991,180.9359,357.7122,0.0000,0.0000,0.0000
57.484,475.3385,-1.4495,250.9560,0.2510,3.8000,-0.4500,4.1103,180.9355,357.6305,0.0000,0.0000,0.0000
57.609,475.0348,-1.4543,250.9684,0.2510,3.8000,-0.4500,4.1301,180.9346,357.4636,0.0000,0.0000,0.0000
57.722,474.8169,-1.4583,251.0151,0.2510,3.8000,-0.4500,4.1465,180.9339,357.2945,0.0000,0.0000,0.0000
57.831,474.5558,-1.4637,251.0975,0.2510,3.8000,-0.4500,4.1550,180.9334,357.1281,0.0000,0.0000,0.0000
57.956,474.2947,-1.4714,251.1989,0.2510,3.8000,-0.4500,4.1561,180.9334,356.9607,0.0000,0.0000,0.0000
58.081,474.0338,-1.4818,251.3127,0.2510,3.8000,-0.4500,4.1523,180.9336,356.8033,0.0000,0.0000,0.0000
58.193,473.7738,-1.4923,251.4350,0.2510,3.8000,-0.4500,4.1523,180.9336,356.8033,0.0000,0.0000,0.0000
58.304,473.5563,-1.5063,251.5417,0.2510,3.8000,-0.4500,4.1368,180.9345,356.6444,0.0000,0.0000,0.0000
58.429,473.2531,-1.5249,251.6955,0.2510,3.8000,-0.4500,4.1368,180.9345,356.6444,0.0000,0.0000,0.0000
58.540,473.0356,-1.5433,251.8083,0.2510,3.8000,-0.4500,4.1049,180.9364,356.4822,0.0000,0.0000,0.0000
58.665,472.7758,-1.5635,251.9456,0.2510,3.8000,-0.4500,4.1049,180.9364,356.4822,0.0000,0.0000,0.0000
58.790,472.4720,-1.5923,252.1080,0.2510,3.8000,-0.4500,4.0558,180.9395,356.3296,0.0000,0.0000,0.0000
58.914,472.2122,-1.6157,252.2483,0.2510,3.8000,-0.4500,4.0558,180.9395,356.3296,0.0000,0.0000,0.0000
59.040,471.9525,-1.6398,252.3894,0.2510,3.8000,-0.4500,4.0558,180.9395,356.3296,0.0000,0.0000,0.0000
59.165,471.6929,-1.6641,252.5314,0.2510,3.8000,-0.4500,4.0558,180.9395,356.3296,0.0000,0.0000,0.0000
59.291,471.3902,-1.6920,252.6982,0.2510,3.8000,-0.4500,4.0558,180.9395,356.3295,0.0000,0.0000,0.0000
59.403,471.1740,-1.7111,252.8177,0.2510,3.8000,-0.4500,4.0558,180.9395,356.3295,0.0000,0.0000,0.0000
59.512,470.9149,-1.7326,252.9610,0.2510,3.8000,-0.4500,4.0558,180.9395,356.3295,0.0000,0.0000,0.0000
59.637,470.6559,-1.7520,253.1040,0.2510,3.8000,-0.4500,4.0558,180.9395,356.3295,0.0000,0.0000,0.0000
59.762,470.3969,-1.7688,253.2465,0.2510,3.8000,-0.4500,4.0558,180.9395,356.3295,0.0000,0.0000,0.0000
59.887,470.1381,-1.7824,253.3885,0.2510,3.8000,-0.4500,4.0558,180.9395,356.3295,0.0000,0.0000,0.0000
60.012,469.8368,-1.7932,253.5536,0.2510,3.8000,-0.4500,4.0558,180.9395,356.3295,0.0000,0.0000,0.0000
60.126,469.6219,-1.7972,253.6711,0.2510,3.8000,-0.4500,4.0558,180.9395,356.3295,0.0000,0.0000,0.0000
60.248,469.3226,-1.7953,253.8358,0.2510,3.8000,-0.4500,3.8773,180.9507,356.4963,0.0000,0.0000,0.0000
60.362,469.1096,-1.7878,253.9521,0.2510,3.8000,-0.4500,3.7438,180.9587,356.7090,0.0000,0.0000,0.0000
60.470,468.8543,-1.7734,254.0890,0.2510,3.8000,-0.4500,3.6486,180.9640,356.9399,0.0000,0.0000,0.0000
60.581,468.6418,-1.7570,254.2004,0.2510,3.8000,-0.4500,3.6047,180.9663,357.1026,0.0000,0.0000,0.0000
60.693,468.3874,-1.7305,254.3302,0.2510,3.8000,-0.4500,3.5513,180.9689,357.3458,0.0000,0.0000,0.0000
60.803,468.1765,-1.7008,254.4350,0.2510,3.8000,-0.4500,3.5187,180.9703,357.6839,0.0000,0.0000,0.0000
60.928,467.8808,-1.6549,254.5766,0.2510,3.8000,-0.4500,3.5078,180.9707,357.9318,0.0000,0.0000,0.0000
61.053,467.6300,-1.6024,254.6934,0.2510,3.8000,-0.4500,3.5149,180.9705,358.4390,0.0000,0.0000,0.0000
61.165,467.4196,-1.5592,254.7879,0.2510,3.8000,-0.4500,3.5195,180.9704,358.5225,0.0000,0.0000,0.0000
61.276,467.1697,-1.4961,254.8980,0.2510,3.8000,-0.4500,3.5412,180.9699,358.8660,0.0000,0.0000,0.0000
61.400,466.9216,-1.4239,255.0047,0.2510,3.8000,-0.4500,3.5774,180.9693,359.2988,0.0000,0.0000,0.0000
61.525,466.6736,-1.3476,255.1090,0.2510,3.8000,-0.4500,3.6011,180.9691,359.5493,0.0000,0.0000,0.0000
61.650,466.3863,-1.2483,255.2276,0.2510,3.8000,-0.4500,3.6364,180.9689,359.8920,0.0000,0.0000,0.0000
61.763,466.1830,-1.1696,255.3102,0.2510,3.8000,-0.4500,3.6743,180.9689,0.2339,0.0000,0.0000,0.0000
61.873,465.9400,-1.0699,255.4079,0.2510,3.8000,-0.4500,3.7155,180.9692,0.5645,0.0000,0.0000,0.0000
61.998,465.6976,-0.9660,255.5054,0.2510,3.8000,-0.4500,3.7394,180.9695,0.7388,0.0000,0.0000,0.0000
62.122,465.4584,-0.8521,255.6034,0.2510,3.8000,-0.4500,3.7876,180.9703,1.0810,0.0000,0.0000,0.0000
62.247,465.2211,-0.7318,255.7028,0.2510,3.8000,-0.4500,3.8359,180.9713,1.4128,0.0000,0.0000,0.0000
62.373,464.9454,-0.5862,255.8198,0.2510,3.8000,-0.4500,3.8713,180.9723,1.6652,0.0000,0.0000,0.0000
62.497,464.7106,-0.4565,255.9203,0.2510,3.8000,-0.4500,3.8930,180.9729,1.8296,0.0000,0.0000,0.0000
62.622,464.4783,-0.3205,256.0208,0.2510,3.8000,-0.4500,3.9222,180.9739,2.0792,0.0000,0.0000,0.0000
62.735,464.2467,-0.1818,256.1221,0.2510,3.8000,-0.4500,3.9359,180.9745,2.2502,0.0000,0.0000,0.0000
62.845,464.0545,-0.0646,256.2073,0.2510,3.8000,-0.4500,3.9421,180.9747,2.3351,0.0000,0.0000,0.0000
62.956,463.8254,0.0797,256.3106,0.2510,3.8000,-0.4500,3.9463,180.9749,2.5020,0.0000,0.0000,0.0000
63.081,463.5976,0.2259,256.4156,0.2510,3.8000,-0.4500,3.9403,180.9746,2.6685,0.0000,0.0000,0.0000
63.206,463.3702,0.3717,256.5226,0.2510,3.8000,-0.4500,3.9330,180.9743,2.7485,0.0000,0.0000,0.0000
63.331,463.1058,0.5418,256.6499,0.2510,3.8000,-0.4500,3.9204,180.9736,2.8270,0.0000,0.0000,0.0000
63.431,462.9177,0.6629,256.7423,0.2510,3.8000,-0.4500,3.8984,180.9725,2.9044,0.0000,0.0000,0.0000
63.554,462.6927,0.8071,256.8552,0.2510,3.8000,-0.4500,3.8268,180.9688,3.0504,0.0000,0.0000,0.0000
63.678,462.4659,0.9238,256.9716,0.2510,3.8000,-0.4500,3.8268,180.9688,3.0504,0.0000,0.0000,0.0000
63.804,462.2292,0.9796,257.0946,0.2510,3.8000,-0.4500,3.6513,180.9601,2.4978,0.0000,0.0000,0.0000
63.929,461.9320,1.0079,257.2366,0.2510,3.8000,-0.4500,3.4015,180.9532,0.3431,0.0000,0.0000,0.0000
64.054,461.6683,0.9633,257.3539,0.2510,3.8000,-0.4500,3.2804,180.9544,358.4301,0.0000,0.0000,0.0000
64.178,461.4076,0.9327,257.4688,0.2510,3.8000,-0.4500,3.2125,180.9569,357.4417,0.0000,0.0000,0.0000
64.290,461.1508,0.9194,257.5861,0.2510,3.8000,-0.4500,3.2038,180.9573,357.3500,0.0000,0.0000,0.0000
64.414,460.8940,0.9112,257.7060,0.2510,3.8000,-0.4500,3.2038,180.9573,357.3500,0.0000,0.0000,0.0000
64.539,460.6371,0.9078,257.8273,0.2510,3.8000,-0.4500,3.2038,180.9573,357.3500,0.0000,0.0000,0.0000
64.664,460.3803,0.9099,257.9496,0.2510,3.8000,-0.4500,3.2038,180.9573,357.3500,0.0000,0.0000,0.0000
64.789,460.0812,0.9193,258.0929,0.2510,3.8000,-0.4500,3.2038,180.9573,357.3499,0.0000,0.0000,0.0000
64.915,459.8254,0.9331,258.2161,0.2510,3.8000,-0.4500,3.2038,180.9573,357.3499,0.0000,0.0000,0.0000
65.025,459.6143,0.9525,258.3192,0.2510,3.8000,-0.4500,3.1382,180.9602,357.5968,0.0000,0.0000,0.0000
65.150,459.3192,0.9851,258.4617,0.2510,3.8000,-0.4500,3.0658,180.9631,357.9250,0.0000,0.0000,0.0000
65.262,459.1081,1.0099,258.5613,0.2510,3.8000,-0.4500,3.0508,180.9636,358.0098,0.0000,0.0000,0.0000
65.386,458.8564,1.0466,258.6784,0.2510,3.8000,-0.4500,3.0073,180.9650,358.2666,0.0000,0.0000,0.0000
65.486,458.6479,1.0826,258.7735,0.2510,3.8000,-0.4500,2.9582,180.9664,358.5962,0.0000,0.0000,0.0000
65.595,458.3970,1.1264,258.8848,0.2510,3.8000,-0.4500,2.9350,180.9669,358.7665,0.0000,0.0000,0.0000
65.719,458.1468,1.1746,258.9929,0.2510,3.8000,-0.4500,2.9120,180.9674,358.9363,0.0000,0.0000,0.0000
65.845,457.8985,1.2297,259.0985,0.2510,3.8000,-0.4500,2.8661,180.9681,359.2715,0.0000,0.0000,0.0000
65.970,457.6089,1.2967,259.2190,0.2510,3.8000,-0.4500,2.8301,180.9685,359.5161,0.0000,0.0000,0.0000
66.081,457.4028,1.3475,259.3041,0.2510,3.8000,-0.4500,2.8023,180.9686,359.6850,0.0000,0.0000,0.0000
66.206,457.1561,1.4109,259.4057,0.2510,3.8000,-0.4500,2.7740,180.9688,359.8512,0.0000,0.0000,0.0000
66.331,456.8692,1.4879,259.5235,0.2510,3.8000,-0.4500,2.7421,180.9688,0.0125,0.0000,0.0000,0.0000
66.456,456.6255,1.5595,259.6242,0.2510,3.8000,-0.4500,2.6635,180.9686,0.3445,0.0000,0.0000,0.0000
66.581,456.3805,1.6278,259.7244,0.2510,3.8000,-0.4500,2.6635,180.9686,0.3444,0.0000,0.0000,0.0000
66.681,456.1784,1.6893,259.8081,0.2510,3.8000,-0.4500,2.5833,180.9679,0.5887,0.0000,0.0000,0.0000
66.789,455.9353,1.7607,259.9090,0.2510,3.8000,-0.4500,2.5566,180.9676,0.6659,0.0000,0.0000,0.0000
66.889,455.7326,1.8195,259.9936,0.2510,3.8000,-0.4500,2.5566,180.9676,0.6659,0.0000,0.0000,0.0000
67.012,455.4909,1.8919,260.0964,0.2510,3.8000,-0.4500,2.4845,180.9667,0.8142,0.0000,0.0000,0.0000
67.137,455.2497,1.9633,260.2005,0.2510,3.8000,-0.4500,2.3959,180.9653,0.9533,0.0000,0.0000,0.0000
67.261,455.0079,2.0316,260.3050,0.2510,3.8000,-0.4500,2.3959,180.9653,0.9533,0.0000,0.0000,0.0000
67.387,454.7676,2.0998,260.4115,0.2510,3.8000,-0.4500,2.2264,180.9622,1.1340,0.0000,0.0000,0.0000
67.511,454.4862,2.1739,260.5363,0.2510,3.8000,-0.4500,2.2264,180.9622,1.1340,0.0000,0.0000,0.0000
67.637,454.2453,2.2341,260.6456,0.2510,3.8000,-0.4500,2.1516,180.9607,1.1747,0.0000,0.0000,0.0000
67.762,454.0047,2.2905,260.7572,0.2510,3.8000,-0.4500,2.0017,180.9576,1.2481,0.0000,0.0000,0.0000
67.887,453.7637,2.3416,260.8711,0.2510,3.8000,-0.4500,1.7643,180.9522,1.3055,0.0000,0.0000,0.0000
68.012,453.4817,2.3959,261.0035,0.2510,3.8000,-0.4500,1.7643,180.9522,1.3055,0.0000,0.0000,0.0000
68.137,453.2397,2.4346,261.1192,0.2510,3.8000,-0.4500,1.5146,180.9465,1.3042,0.0000,0.0000,0.0000
68.262,452.9966,2.4657,261.2359,0.2510,3.8000,-0.4500,1.1860,180.9392,1.2422,0.0000,0.0000,0.0000
68.375,452.7533,2.4940,261.3505,0.2510,3.8000,-0.4500,1.1860,180.9392,1.2422,0.0000,0.0000,0.0000
68.484,452.5490,2.5079,261.4484,0.2510,3.8000,-0.4500,0.8642,180.9326,1.1179,0.0000,0.0000,0.0000
68.609,452.2624,2.5207,261.5840,0.2510,3.8000,-0.4500,0.5721,180.9273,0.9682,0.0000,0.0000,0.0000
68.734,452.0159,2.5253,261.6958,0.2510,3.8000,-0.4500,0.4322,180.9250,0.8838,0.0000,0.0000,0.0000
68.859,451.7677,2.5211,261.8024,0.2510,3.8000,-0.4500,0.2235,180.9220,0.7448,0.0000,0.0000,0.0000
68.971,451.5182,2.5091,261.9035,0.2510,3.8000,-0.4500,0.0241,180.9197,0.5974,0.0000,0.0000,0.0000
69.095,451.2671,2.4879,261.9999,0.2510,3.8000,-0.4500,359.7609,180.9174,0.3858,0.0000,0.0000,0.0000
69.221,451.0147,2.4591,262.0916,0.2510,3.8000,-0.4500,359.5086,180.9162,0.1688,0.0000,0.0000,0.0000
69.345,450.7614,2.4226,262.1789,0.2510,3.8000,-0.4500,359.2650,180.9160,359.9487,0.0000,0.0000,0.0000
69.470,450.4631,2.3733,262.2536,0.2510,3.8000,-0.4500,359.0804,180.9164,359.7756,0.0000,0.0000,0.0000
69.595,450.2049,2.3248,262.2846,0.2510,3.8000,-0.4500,358.9609,180.9170,359.6624,0.0000,0.0000,0.0000
69.709,449.9451,2.2672,262.2909,0.2510,3.8000,-0.4500,358.7172,180.9189,359.4265,0.0000,0.0000,0.0000
69.825,449.7291,2.2168,262.2815,0.2510,3.8000,-0.4500,358.6000,180.9202,359.3120,0.0000,0.0000,0.0000
69.926,449.5126,2.1609,262.2635,0.2510,3.8000,-0.4500,358.4199,180.9227,359.1360,0.0000,0.0000,0.0000
70.027,449.2966,2.1029,262.2383,0.2510,3.8000,-0.4500,358.3052,180.9245,359.0242,0.0000,0.0000,0.0000
70.137,449.0375,2.0290,262.2025,0.2510,3.8000,-0.4500,358.1876,180.9266,358.9114,0.0000,0.0000,0.0000
70.262,448.7784,1.9501,262.1628,0.2510,3.8000,-0.4500,358.0670,180.9290,358.7976,0.0000,0.0000,0.0000
70.362,448.5624,1.8803,262.1277,0.2510,3.8000,-0.4500,357.9439,180.9317,358.6837,0.0000,0.0000,0.0000
70.473,448.3032,1.7919,262.0815,0.2510,3.8000,-0.4500,357.7558,180.9363,358.5173,0.0000,0.0000,0.0000
70.581,448.0884,1.7192,262.0364,0.2510,3.8000,-0.4500,357.7558,180.9363,358.5173,0.0000,0.0000,0.0000
70.693,447.8304,1.6249,261.9768,0.2510,3.8000,-0.4500,357.5627,180.9416,358.3602,0.0000,0.0000,0.0000
70.818,447.5738,1.5323,261.9091,0.2510,3.8000,-0.4500,357.5627,180.9416,358.3602,0.0000,0.0000,0.0000
70.943,447.3174,1.4351,261.8336,0.2510,3.8000,-0.4500,357.4278,180.9456,358.2650,0.0000,0.0000,0.0000
71.068,447.0622,1.3392,261.7490,0.2510,3.8000,-0.4500,357.4278,180.9456,358.2650,0.0000,0.0000,0.0000
71.192,446.7650,1.2235,261.6419,0.2510,3.8000,-0.4500,357.2848,180.9500,358.1816,0.0000,0.0000,0.0000
71.318,446.5114,1.1263,261.5408,0.2510,3.8000,-0.4500,357.2848,180.9500,358.1816,0.0000,0.0000,0.0000
71.428,446.2582,1.0282,261.4335,0.2510,3.8000,-0.4500,357.2078,180.9525,358.1522,0.0000,0.0000,0.0000
71.554,446.0058,0.9317,261.3210,0.2510,3.8000,-0.4500,357.2078,180.9525,358.1522,0.0000,0.0000,0.0000
71.678,445.7537,0.8351,261.2064,0.2510,3.8000,-0.4500,357.1284,180.9551,358.1332,0.0000,0.0000,0.0000
71.804,445.5020,0.7405,261.0902,0.2510,3.8000,-0.4500,357.1284,180.9551,358.1332,0.0000,0.0000,0.0000
71.928,445.2089,0.6315,260.9543,0.2510,3.8000,-0.4500,357.0462,180.9578,358.1315,0.0000,0.0000,0.0000
72.029,444.9998,0.5551,260.8569,0.2510,3.8000,-0.4500,356.9663,180.9604,358.1413,0.0000,0.0000,0.0000
72.137,444.7910,0.4805,260.7590,0.2510,3.8000,-0.4500,356.8893,180.9628,358.1652,0.0000,0.0000,0.0000
72.261,444.5407,0.3935,260.6412,0.2510,3.8000,-0.4500,356.8158,180.9652,358.2014,0.0000,0.0000,0.0000
72.373,444.2906,0.3089,260.5248,0.2510,3.8000,-0.4500,356.7433,180.9674,358.2390,0.0000,0.0000,0.0000
72.497,444.0410,0.2273,260.4105,0.2510,3.8000,-0.4500,356.6796,180.9694,358.2926,0.0000,0.0000,0.0000
72.622,443.7917,0.1490,260.2986,0.2510,3.8000,-0.4500,356.5598,180.9728,358.4075,0.0000,0.0000,0.0000
72.735,443.5423,0.0730,260.1892,0.2510,3.8000,-0.4500,356.5098,180.9742,358.4711,0.0000,0.0000,0.0000
72.859,443.2930,-0.0001,260.0826,0.2510,3.8000,-0.4500,356.4633,180.9754,358.5405,0.0000,0.0000,0.0000
72.971,443.0444,-0.0696,259.9788,0.2510,3.8000,-0.4500,356.3781,180.9775,358.6861,0.0000,0.0000,0.0000
73.095,442.7963,-0.1353,259.8775,0.2510,3.8000,-0.4500,356.2743,180.9797,358.9108,0.0000,0.0000,0.0000
73.220,442.5468,-0.2018,259.7777,0.2510,3.8000,-0.4500,356.2743,180.9797,358.9108,0.0000,0.0000,0.0000
73.345,442.2986,-0.2640,259.6800,0.2510,3.8000,-0.4500,356.2217,180.9806,359.0677,0.0000,0.0000,0.0000
73.458,442.0495,-0.3270,259.5843,0.2510,3.8000,-0.4500,356.2217,180.9806,359.0677,0.0000,0.0000,0.0000
73.568,441.8004,-0.3889,259.4908,0.2510,3.8000,-0.4500,356.2217,180.9806,359.0677,0.0000,0.0000,0.0000
73.679,441.5933,-0.4389,259.4155,0.2510,3.8000,-0.4500,356.1994,180.9809,359.1471,0.0000,0.0000,0.0000
73.804,441.3421,-0.5017,259.3529,0.2510,3.8000,-0.4500,356.1994,180.9809,359.1471,0.0000,0.0000,0.0000
73.915,441.0896,-0.5683,259.3420,0.2510,3.8000,-0.4500,356.1994,180.9809,359.1471,0.0000,0.0000,0.0000
74.040,440.8375,-0.6389,259.3740,0.2510,3.8000,-0.4500,356.1994,180.9809,359.1471,0.0000,0.0000,0.0000
74.151,440.5875,-0.7111,259.4386,0.2510,3.8000,-0.4500,356.1292,180.9819,359.2968,0.0000,0.0000,0.0000
74.276,440.3374,-0.7884,259.5245,0.2510,3.8000,-0.4500,356.1292,180.9819,359.2968,0.0000,0.0000,0.0000
74.387,440.1297,-0.8546,259.6072,0.2510,3.8000,-0.4500,356.1292,180.9819,359.2968,0.0000,0.0000,0.0000
74.498,439.8816,-0.9341,259.7130,0.2510,3.8000,-0.4500,356.0285,180.9830,359.4288,0.0000,0.0000,0.0000
74.610,439.6325,-1.0159,259.8173,0.2510,3.8000,-0.4500,356.0285,180.9830,359.4288,0.0000,0.0000,0.0000
74.722,439.4260,-1.0826,259.9033,0.2510,3.8000,-0.4500,355.8555,180.9845,359.6110,0.0000,0.0000,0.0000
74.845,439.1761,-1.1648,260.0010,0.2510,3.8000,-0.4500,355.8555,180.9845,359.6110,0.0000,0.0000,0.0000
74.970,438.8845,-1.2595,260.1086,0.2510,3.8000,-0.4500,355.7943,180.9848,359.6701,0.0000,0.0000,0.0000
75.095,438.6346,-1.3391,260.1960,0.2510,3.8000,-0.4500,355.6731,180.9854,359.7873,0.0000,0.0000,0.0000
75.207,438.4255,-1.4054,260.2635,0.2510,3.8000,-0.4500,355.6731,180.9854,359.7873,0.0000,0.0000,0.0000
75.332,438.1328,-1.4950,260.3495,0.2510,3.8000,-0.4500,355.5579,180.9857,359.9107,0.0000,0.0000,0.0000
75.456,437.8812,-1.5698,260.4155,0.2510,3.8000,-0.4500,355.5010,180.9858,359.9742,0.0000,0.0000,0.0000
75.582,437.6291,-1.6411,260.4682,0.2510,3.8000,-0.4500,355.3996,180.9857,0.1048,0.0000,0.0000,0.0000
75.706,437.3763,-1.7085,260.4908,0.2510,3.8000,-0.4500,355.3534,180.9856,0.1728,0.0000,0.0000,0.0000
75.820,437.1252,-1.7698,260.4849,0.2510,3.8000,-0.4500,355.2702,180.9853,0.3141,0.0000,0.0000,0.0000
75.929,436.8752,-1.8270,260.4555,0.2510,3.8000,-0.4500,355.2337,180.9850,0.3871,0.0000,0.0000,0.0000
76.053,436.6273,-1.8785,260.4093,0.2510,3.8000,-0.4500,355.1706,180.9845,0.5390,0.0000,0.0000,0.0000
76.154,436.4207,-1.9199,260.3612,0.2510,3.8000,-0.4500,355.1706,180.9845,0.5390,0.0000,0.0000,0.0000
76.262,436.2166,-1.9550,260.3068,0.2510,3.8000,-0.4500,355.1008,180.9837,0.7770,0.0000,0.0000,0.0000
76.373,435.9713,-1.9974,260.2281,0.2510,3.8000,-0.4500,355.1008,180.9837,0.7770,0.0000,0.0000,0.0000
76.484,435.7692,-2.0268,260.1530,0.2510,3.8000,-0.4500,355.0711,180.9833,0.9402,0.0000,0.0000,0.0000
76.594,435.5278,-2.0587,260.0533,0.2510,3.8000,-0.4500,355.0522,180.9829,1.1036,0.0000,0.0000,0.0000
76.704,435.3270,-2.0833,259.9662,0.2510,3.8000,-0.4500,355.0468,180.9828,1.1832,0.0000,0.0000,0.0000
76.829,435.0469,-2.1128,259.8428,0.2510,3.8000,-0.4500,355.0425,180.9827,1.3472,0.0000,0.0000,0.0000
76.954,434.8076,-2.1342,259.7369,0.2510,3.8000,-0.4500,355.0468,180.9828,1.5122,0.0000,0.0000,0.0000
77.079,434.5677,-2.1553,259.6302,0.2510,3.8000,-0.4500,355.0468,180.9828,1.5122,0.0000,0.0000,0.0000
77.192,434.3302,-2.1689,259.5228,0.2510,3.8000,-0.4500,355.0657,180.9834,1.7634,0.0000,0.0000,0.0000
77.301,434.1313,-2.1817,259.4321,0.2510,3.8000,-0.4500,355.0657,180.9834,1.7634,0.0000,0.0000,0.0000
77.426,433.8942,-2.1916,259.3237,0.2510,3.8000,-0.4500,355.0849,180.9840,1.9250,0.0000,0.0000,0.0000
77.551,433.6171,-2.2008,259.2080,0.2510,3.8000,-0.4500,355.1092,180.9849,2.0896,0.0000,0.0000,0.0000
77.676,433.3785,-2.2081,259.1196,0.2510,3.8000,-0.4500,355.1211,180.9853,2.1678,0.0000,0.0000,0.0000
77.801,433.1393,-2.2153,259.0390,0.2510,3.8000,-0.4500,355.1211,180.9853,2.1678,0.0000,0.0000,0.0000
77.926,432.9010,-2.2179,258.9649,0.2510,3.8000,-0.4500,355.1492,180.9864,2.3305,0.0000,0.0000,0.0000
78.051,432.6222,-2.2211,258.8837,0.2510,3.8000,-0.4500,355.1638,180.9870,2.4113,0.0000,0.0000,0.0000
78.176,432.3836,-2.2221,258.8163,0.2510,3.8000,-0.4500,355.1784,180.9876,2.4917,0.0000,0.0000,0.0000
78.301,432.1446,-2.2233,258.7494,0.2510,3.8000,-0.4500,355.1784,180.9876,2.4917,0.0000,0.0000,0.0000
78.401,431.9469,-2.2204,258.6938,0.2510,3.8000,-0.4500,355.2067,180.9889,2.6506,0.0000,0.0000,0.0000
78.509,431.7086,-2.2196,258.6261,0.2510,3.8000,-0.4500,355.2067,180.9889,2.6506,0.0000,0.0000,0.0000
78.634,431.4703,-2.2178,258.5578,0.2510,3.8000,-0.4500,355.2067,180.9889,2.6506,0.0000,0.0000,0.0000
78.759,431.2325,-2.2154,258.4896,0.2510,3.8000,-0.4500,355.2067,180.9889,2.6506,0.0000,0.0000,0.0000
78.884,430.9952,-2.2111,258.4221,0.2510,3.8000,-0.4500,355.2185,180.9895,2.7294,0.0000,0.0000,0.0000
79.009,430.7185,-2.2061,258.3434,0.2510,3.8000,-0.4500,355.2296,180.9900,2.8054,0.0000,0.0000,0.0000
79.121,430.5204,-2.2034,258.2874,0.2510,3.8000,-0.4500,355.2296,180.9900,2.8054,0.0000,0.0000,0.0000
79.232,430.2828,-2.2003,258.2210,0.2510,3.8000,-0.4500,355.2296,180.9900,2.8054,0.0000,0.0000,0.0000
79.342,430.0847,-2.1977,258.1661,0.2510,3.8000,-0.4500,355.2296,180.9900,2.8054,0.0000,0.0000,0.0000
79.467,429.8470,-2.1949,258.1008,0.2510,3.8000,-0.4500,355.2296,180.9900,2.8054,0.0000,0.0000,0.0000
79.592,429.5695,-2.1919,258.0261,0.2510,3.8000,-0.4500,355.2296,180.9900,2.8054,0.0000,0.0000,0.0000
79.718,429.3315,-2.1897,257.9629,0.2510,3.8000,-0.4500,355.2296,180.9900,2.8054,0.0000,0.0000,0.0000
79.843,429.0933,-2.1878,257.9002,0.2510,3.8000,-0.4500,355.2296,180.9900,2.8054,0.0000,0.0000,0.0000
79.968,428.8550,-2.1862,257.8379,0.2510,3.8000,-0.4500,355.2296,180.9900,2.8054,0.0000,0.0000,0.0000
80.079,428.6168,-2.1847,257.7758,0.2510,3.8000,-0.4500,355.2296,180.9900,2.8054,0.0000,0.0000,0.0000
80.205,428.3784,-2.1834,257.7137,0.2510,3.8000,-0.4500,355.2297,180.9900,2.8054,0.0000,0.0000,0.0000
80.330,428.1000,-2.1818,257.6412,0.2510,3.8000,-0.4500,355.2297,180.9900,2.8054,0.0000,0.0000,0.0000
80.442,427.9012,-2.1806,257.5893,0.2510,3.8000,-0.4500,355.2297,180.9900,2.8054,0.0000,0.0000,0.0000
80.566,427.6624,-2.1805,257.5613,0.2510,3.8000,-0.4500,355.2297,180.9900,2.8054,0.0000,0.0000,0.0000
80.691,427.3836,-2.1853,257.5990,0.2510,3.8000,-0.4500,355.2296,180.9900,2.8054,0.0000,0.0000,0.0000
80.816,427.1445,-2.1912,257.6625,0.2510,3.8000,-0.4500,355.2296,180.9900,2.8054,0.0000,0.0000,0.0000
80.931,426.9053,-2.1972,257.7411,0.2510,3.8000,-0.4500,355.2296,180.9900,2.8054,0.0000,0.0000,0.0000
81.042,426.7059,-2.2017,257.8133,0.2510,3.8000,-0.4500,355.2296,180.9900,2.8054,0.0000,0.0000,0.0000
81.154,426.4668,-2.2056,257.9044,0.2510,3.8000,-0.4500,355.2296,180.9900,2.8054,0.0000,0.0000,0.0000
81.265,426.2683,-2.2045,257.9817,0.2510,3.8000,-0.4500,355.3679,180.9969,2.8936,0.0000,0.0000,0.0000
81.376,426.0299,-2.2015,258.0755,0.2510,3.8000,-0.4500,355.5175,181.0046,2.9652,0.0000,0.0000,0.0000
81.487,425.8312,-2.1977,258.1546,0.2510,3.8000,-0.4500,355.5923,181.0085,2.9955,0.0000,0.0000,0.0000
81.598,425.5933,-2.1891,258.2500,0.2510,3.8000,-0.4500,355.7487,181.0168,3.0496,0.0000,0.0000,0.0000
81.707,425.3953,-2.1779,258.3298,0.2510,3.8000,-0.4500,355.9832,181.0295,3.1150,0.0000,0.0000,0.0000
81.816,425.1577,-2.1626,258.4269,0.2510,3.8000,-0.4500,356.1502,181.0386,3.1513,0.0000,0.0000,0.0000
81.941,424.9206,-2.1429,258.5250,0.2510,3.8000,-0.4500,356.3151,181.0478,3.1852,0.0000,0.0000,0.0000
82.052,424.6841,-2.1170,258.6228,0.2510,3.8000,-0.4500,356.6403,181.0661,3.2403,0.0000,0.0000,0.0000
82.177,424.4478,-2.0880,258.7223,0.2510,3.8000,-0.4500,356.8044,181.0754,3.2655,0.0000,0.0000,0.0000
82.278,424.2515,-2.0586,258.8046,0.2510,3.8000,-0.4500,357.0555,181.0898,3.3018,0.0000,0.0000,0.0000
82.380,424.0555,-2.0254,258.8870,0.2510,3.8000,-0.4500,357.3136,181.1048,3.3375,0.0000,0.0000,0.0000
82.481,423.8597,-1.9893,258.9699,0.2510,3.8000,-0.4500,357.4797,181.1146,3.3603,0.0000,0.0000,0.0000
82.581,423.6643,-1.9482,259.0520,0.2510,3.8000,-0.4500,357.7411,181.1300,3.3957,0.0000,0.0000,0.0000
82.691,423.4305,-1.8940,259.1507,0.2510,3.8000,-0.4500,357.9945,181.1451,3.4300,0.0000,0.0000,0.0000
82.805,423.2361,-1.8429,259.2227,0.2510,3.8000,-0.4500,358.3307,181.1654,3.4756,0.0000,0.0000,0.0000
82.913,423.0033,-1.7769,259.2389,0.2510,3.8000,-0.4500,358.5846,181.1809,3.5100,0.0000,0.0000,0.0000
83.038,422.7710,-1.7062,259.2037,0.2510,3.8000,-0.4500,358.7488,181.1910,3.5322,0.0000,0.0000,0.0000
83.163,422.5396,-1.6277,259.1377,0.2510,3.8000,-0.4500,359.1721,181.2174,3.5886,0.0000,0.0000,0.0000
83.288,422.2700,-1.5331,259.0409,0.2510,3.8000,-0.4500,359.4111,181.2324,3.6199,0.0000,0.0000,0.0000
83.414,422.0396,-1.4470,258.9469,0.2510,3.8000,-0.4500,359.6601,181.2482,3.6519,0.0000,0.0000,0.0000
83.538,421.8095,-1.3584,258.8485,0.2510,3.8000,-0.4500,359.7485,181.2539,3.6632,0.0000,0.0000,0.0000
83.663,421.5801,-1.2631,258.7449,0.2510,3.8000,-0.4500,0.1002,181.2766,3.7080,0.0000,0.0000,0.0000
83.788,421.3130,-1.1474,258.6212,0.2510,3.8000,-0.4500,0.4387,181.2986,3.7540,0.0000,0.0000,0.0000
83.901,421.1224,-1.0628,258.5317,0.2510,3.8000,-0.4500,0.5191,181.3039,3.7655,0.0000,0.0000,0.0000
84.011,420.8946,-0.9553,258.4215,0.2510,3.8000,-0.4500,0.7704,181.3206,3.8139,0.0000,0.0000,0.0000
84.135,420.6674,-0.8439,258.3094,0.2510,3.8000,-0.4500,0.9304,181.3313,3.8494,0.0000,0.0000,0.0000
84.261,420.4413,-0.7261,258.1944,0.2510,3.8000,-0.4500,1.1756,181.3479,3.9232,0.0000,0.0000,0.0000
84.385,420.2165,-0.6018,258.0764,0.2510,3.8000,-0.4500,1.4974,181.3703,4.0462,0.0000,0.0000,0.0000
84.485,420.0294,-0.4969,257.9772,0.2510,3.8000,-0.4500,1.5707,181.3755,4.0790,0.0000,0.0000,0.0000
84.593,419.8066,-0.3641,257.8543,0.2510,3.8000,-0.4500,1.7948,181.3918,4.1915,0.0000,0.0000,0.0000
84.719,419.5847,-0.2274,257.7285,0.2510,3.8000,-0.4500,1.9415,181.4026,4.2703,0.0000,0.0000,0.0000
84.844,419.3650,-0.0833,257.5982,0.2510,3.8000,-0.4500,2.2227,181.4241,4.4451,0.0000,0.0000,0.0000
84.955,419.1454,0.0615,257.4657,0.2510,3.8000,-0.4500,2.2903,181.4294,4.4911,0.0000,0.0000,0.0000
85.070,418.9275,0.2118,257.3292,0.2510,3.8000,-0.4500,2.4255,181.4401,4.5843,0.0000,0.0000,0.0000
85.180,418.7470,0.3406,257.2129,0.2510,3.8000,-0.4500,2.5638,181.4513,4.6858,0.0000,0.0000,0.0000
85.289,418.5313,0.4977,257.0700,0.2510,3.8000,-0.4500,2.6980,181.4624,4.7851,0.0000,0.0000,0.0000
85.414,418.3166,0.6577,256.9238,0.2510,3.8000,-0.4500,2.8278,181.4734,4.8833,0.0000,0.0000,0.0000
85.526,418.1378,0.7922,256.8397,0.2510,3.8000,-0.4500,2.8278,181.4734,4.8833,0.0000,0.0000,0.0000
85.650,417.8898,0.9933,256.8334,0.2510,3.8000,-0.4500,2.9596,181.4848,4.9799,0.0000,0.0000,0.0000
85.763,417.7136,1.1415,256.8739,0.2510,3.8000,-0.4500,3.0262,181.4907,5.0276,0.0000,0.0000,0.0000
85.873,417.5027,1.3226,256.9492,0.2510,3.8000,-0.4500,3.0923,181.4965,5.0702,0.0000,0.0000,0.0000
85.983,417.3271,1.4746,257.0252,0.2510,3.8000,-0.4500,3.0923,181.4965,5.0702,0.0000,0.0000,0.0000
86.108,417.0814,1.6887,257.1429,0.2510,3.8000,-0.4500,3.0923,181.4965,5.0702,0.0000,0.0000,0.0000
86.233,416.8712,1.8734,257.2498,0.2510,3.8000,-0.4500,3.1649,181.5030,5.1015,0.0000,0.0000,0.0000
86.358,416.6608,2.0561,257.3613,0.2510,3.8000,-0.4500,3.1649,181.5030,5.1015,0.0000,0.0000,0.0000
86.483,416.4505,2.2370,257.4794,0.2510,3.8000,-0.4500,3.1649,181.5030,5.1015,0.0000,0.0000,0.0000
86.608,416.2404,2.4155,257.6079,0.2510,3.8000,-0.4500,3.1649,181.5030,5.1015,0.0000,0.0000,0.0000
86.721,416.0303,2.5904,257.7461,0.2510,3.8000,-0.4500,3.1649,181.5030,5.1015,0.0000,0.0000,0.0000
86.830,415.8200,2.7607,257.8920,0.2510,3.8000,-0.4500,3.1649,181.5030,5.1015,0.0000,0.0000,0.0000
86.941,415.6442,2.8982,258.0176,0.2510,3.8000,-0.4500,3.1649,181.5030,5.1015,0.0000,0.0000,0.0000
87.066,415.4323,3.0569,258.1718,0.2510,3.8000,-0.4500,3.1649,181.5030,5.1015,0.0000,0.0000,0.0000
87.191,415.1830,3.2306,258.3553,0.2510,3.8000,-0.4500,3.1593,181.5025,5.0197,0.0000,0.0000,0.0000
87.317,414.9645,3.3648,258.5131,0.2510,3.8000,-0.4500,3.1019,181.4976,4.6890,0.0000,0.0000,0.0000
87.417,414.7798,3.4676,258.6400,0.2510,3.8000,-0.4500,2.9740,181.4875,4.3797,0.0000,0.0000,0.0000
87.528,414.5552,3.5804,258.7845,0.2510,3.8000,-0.4500,2.7593,181.4717,4.0191,0.0000,0.0000,0.0000
87.636,414.3663,3.6671,258.8981,0.2510,3.8000,-0.4500,2.6109,181.4616,3.8160,0.0000,0.0000,0.0000
87.761,414.1353,3.7556,259.0292,0.2510,3.8000,-0.4500,2.2691,181.4400,3.4073,0.0000,0.0000,0.0000
87.886,413.9019,3.8328,259.1533,0.2510,3.8000,-0.4500,1.9829,181.4238,3.0899,0.0000,0.0000,0.0000
87.997,413.6650,3.8947,259.2719,0.2510,3.8000,-0.4500,1.6237,181.4055,2.7115,0.0000,0.0000,0.0000
88.122,413.4254,3.9424,259.3854,0.2510,3.8000,-0.4500,1.2581,181.3894,2.3352,0.0000,0.0000,0.0000
88.247,413.1830,3.9755,259.4940,0.2510,3.8000,-0.4500,0.8927,181.3757,1.9642,0.0000,0.0000,0.0000
88.358,412.9381,3.9938,259.5980,0.2510,3.8000,-0.4500,0.5230,181.3642,1.5922,0.0000,0.0000,0.0000
88.484,412.6903,3.9968,259.6914,0.2510,3.8000,-0.4500,0.1469,181.3550,1.2161,0.0000,0.0000,0.0000
88.595,412.4394,3.9847,259.7712,0.2510,3.8000,-0.4500,359.7656,181.3482,0.8363,0.0000,0.0000,0.0000
88.720,412.1858,3.9576,259.8385,0.2510,3.8000,-0.4500,359.3817,181.3439,0.4544,0.0000,0.0000,0.0000
88.845,411.9296,3.9159,259.8936,0.2510,3.8000,-0.4500,358.9976,181.3421,0.0729,0.0000,0.0000,0.0000
88.970,411.6282,3.8492,259.9447,0.2510,3.8000,-0.4500,358.5524,181.3432,359.6319,0.0000,0.0000,0.0000
89.095,411.3682,3.7771,259.9818,0.2510,3.8000,-0.4500,358.1756,181.3469,359.2605,0.0000,0.0000,0.0000
89.220,411.1074,3.6915,260.0171,0.2510,3.8000,-0.4500,357.8045,181.3529,358.8983,0.0000,0.0000,0.0000
89.346,410.8466,3.5944,260.0467,0.2510,3.8000,-0.4500,357.5004,181.3595,358.6053,0.0000,0.0000,0.0000
89.455,410.5854,3.4844,260.0508,0.2510,3.8000,-0.4500,357.1255,181.3698,358.2501,0.0000,0.0000,0.0000
89.580,410.3251,3.3669,260.0345,0.2510,3.8000,-0.4500,356.8753,181.3780,358.0158,0.0000,0.0000,0.0000
89.705,410.0647,3.2364,260.0043,0.2510,3.8000,-0.4500,356.4914,181.3925,357.6605,0.0000,0.0000,0.0000
89.830,409.7625,3.0763,259.9534,0.2510,3.8000,-0.4500,356.1775,181.4061,357.3764,0.0000,0.0000,0.0000
89.941,409.5477,2.9574,259.9092,0.2510,3.8000,-0.4500,356.0475,181.4122,357.2618,0.0000,0.0000,0.0000
90.066,409.2899,2.8048,259.8652,0.2510,3.8000,-0.4500,355.7885,181.4252,357.0371,0.0000,0.0000,0.0000
90.191,408.9901,2.6117,259.8830,0.2510,3.8000,-0.4500,355.4581,181.4431,356.7702,0.0000,0.0000,0.0000
90.316,408.7398,2.4446,259.8319,0.2510,3.8000,-0.4500,355.3237,181.4508,356.6723,0.0000,0.0000,0.0000
90.441,408.5048,2.2975,259.5140,0.2510,3.8000,-0.4500,355.2564,181.4548,356.6239,0.0000,0.0000,0.0000
90.567,408.2802,2.1670,258.9911,0.2510,3.8000,-0.4500,355.0593,181.4667,356.4825,0.0000,0.0000,0.0000
90.677,408.0616,2.0527,258.3608,0.2510,3.8000,-0.4500,355.0593,181.4667,356.4825,0.0000,0.0000,0.0000
90.802,407.8419,1.9396,257.7505,0.2510,3.8000,-0.4500,355.0593,181.4667,356.4825,0.0000,0.0000,0.0000
90.927,407.6137,1.8148,257.2763,0.2510,3.8000,-0.4500,355.0593,181.4667,356.4825,0.0000,0.0000,0.0000
91.053,407.3351,1.6495,256.9102,0.2510,3.8000,-0.4500,355.0593,181.4667,356.4825,0.0000,0.0000,0.0000
91.163,407.1299,1.5203,256.7542,0.2510,3.8000,-0.4500,355.0593,181.4667,356.4825,0.0000,0.0000,0.0000
91.288,406.8395,1.3197,256.6958,0.2510,3.8000,-0.4500,354.9223,181.4753,356.3940,0.0000,0.0000,0.0000
91.388,406.6320,1.1707,256.7251,0.2510,3.8000,-0.4500,354.9223,181.4753,356.3940,0.0000,0.0000,0.0000
91.498,406.4249,1.0186,256.7913,0.2510,3.8000,-0.4500,354.9223,181.4753,356.3940,0.0000,0.0000,0.0000
91.607,406.2180,0.8657,256.8820,0.2510,3.8000,-0.4500,354.9223,181.4753,356.3940,0.0000,0.0000,0.0000
91.719,405.9708,0.6837,257.0114,0.2510,3.8000,-0.4500,354.9223,181.4753,356.3940,0.0000,0.0000,0.0000
91.844,405.7248,0.5057,257.1561,0.2510,3.8000,-0.4500,354.7026,181.4889,356.5086,0.0000,0.0000,0.0000
91.970,405.4378,0.3059,257.3333,0.2510,3.8000,-0.4500,354.6523,181.4920,356.5777,0.0000,0.0000,0.0000
92.083,405.2343,0.1723,257.4640,0.2510,3.8000,-0.4500,354.4804,181.5019,356.8697,0.0000,0.0000,0.0000
92.192,404.9888,0.0177,257.6206,0.2510,3.8000,-0.4500,354.4456,181.5038,357.0373,0.0000,0.0000,0.0000
92.317,404.7439,-0.1251,257.7769,0.2510,3.8000,-0.4500,354.4073,181.5057,357.3750,0.0000,0.0000,0.0000
92.441,404.4992,-0.2560,257.9308,0.2510,3.8000,-0.4500,354.4509,181.5038,357.7937,0.0000,0.0000,0.0000
92.552,404.2535,-0.3780,258.0812,0.2510,3.8000,-0.4500,354.5267,181.5011,358.1133,0.0000,0.0000,0.0000
92.663,404.0489,-0.4703,258.2036,0.2510,3.8000,-0.4500,354.6318,181.4980,358.4278,0.0000,0.0000,0.0000
92.789,403.7620,-0.5873,258.3706,0.2510,3.8000,-0.4500,354.7968,181.4940,358.8122,0.0000,0.0000,0.0000
92.914,403.5159,-0.6756,258.5105,0.2510,3.8000,-0.4500,354.9519,181.4912,359.1156,0.0000,0.0000,0.0000
93.039,403.2711,-0.7492,258.6479,0.2510,3.8000,-0.4500,355.2115,181.4882,359.5601,0.0000,0.0000,0.0000
93.164,403.0255,-0.8163,258.7838,0.2510,3.8000,-0.4500,355.3603,181.4873,359.7789,0.0000,0.0000,0.0000
93.275,402.7808,-0.8705,258.9184,0.2510,3.8000,-0.4500,355.5664,181.4871,0.0644,0.0000,0.0000,0.0000
93.400,402.5377,-0.9109,259.0515,0.2510,3.8000,-0.4500,355.8943,181.4886,0.4628,0.0000,0.0000,0.0000
93.525,402.2940,-0.9458,259.1853,0.2510,3.8000,-0.4500,356.0681,181.4903,0.6479,0.0000,0.0000,0.0000
93.637,402.0522,-0.9677,259.3188,0.2510,3.8000,-0.4500,356.3766,181.4946,0.9454,0.0000,0.0000,0.0000
93.747,401.8508,-0.9806,259.4312,0.2510,3.8000,-0.4500,356.5749,181.4982,1.1076,0.0000,0.0000,0.0000
93.872,401.5699,-0.9881,259.5901,0.2510,3.8000,-0.4500,356.8412,181.5038,1.3093,0.0000,0.0000,0.0000
93.997,401.3307,-0.9824,259.7268,0.2510,3.8000,-0.4500,357.1936,181.5126,1.5401,0.0000,0.0000,0.0000
94.122,401.0926,-0.9672,259.8649,0.2510,3.8000,-0.4500,357.5558,181.5231,1.7635,0.0000,0.0000,0.0000
94.223,400.8950,-0.9475,259.9813,0.2510,3.8000,-0.4500,357.8338,181.5320,1.9332,0.0000,0.0000,0.0000
94.330,400.6588,-0.9153,260.1223,0.2510,3.8000,-0.4500,358.1216,181.5422,2.1112,0.0000,0.0000,0.0000
94.441,400.4630,-0.8810,260.2406,0.2510,3.8000,-0.4500,358.3332,181.5502,2.2438,0.0000,0.0000,0.0000
94.552,400.2299,-0.8278,260.3827,0.2510,3.8000,-0.4500,358.7049,181.5656,2.4843,0.0000,0.0000,0.0000
94.677,399.9977,-0.7669,260.5268,0.2510,3.8000,-0.4500,358.9202,181.5752,2.6261,0.0000,0.0000,0.0000
94.790,399.7686,-0.6908,260.6708,0.2510,3.8000,-0.4500,359.3657,181.5968,2.9285,0.0000,0.0000,0.0000
94.900,399.5782,-0.6224,260.7932,0.2510,3.8000,-0.4500,359.5764,181.6079,3.0738,0.0000,0.0000,0.0000
95.024,399.3522,-0.5288,260.9412,0.2510,3.8000,-0.4500,359.9262,181.6274,3.3180,0.0000,0.0000,0.0000
95.149,399.0907,-0.4076,261.1169,0.2510,3.8000,-0.4500,0.2885,181.6492,3.5726,0.0000,0.0000,0.0000
95.274,398.8684,-0.2952,261.2706,0.2510,3.8000,-0.4500,0.4954,181.6624,3.7178,0.0000,0.0000,0.0000
95.400,398.6489,-0.1708,261.4252,0.2510,3.8000,-0.4500,0.8426,181.6857,3.9583,0.0000,0.0000,0.0000
95.514,398.4308,-0.0391,261.5817,0.2510,3.8000,-0.4500,1.1217,181.7055,4.1468,0.0000,0.0000,0.0000
95.636,398.2142,0.0993,261.7398,0.2510,3.8000,-0.4500,1.3276,181.7207,4.2826,0.0000,0.0000,0.0000
95.760,397.9993,0.2453,261.8990,0.2510,3.8000,-0.4500,1.5536,181.7379,4.4229,0.0000,0.0000,0.0000
95.886,397.7856,0.3965,262.0599,0.2510,3.8000,-0.4500,1.7011,181.7494,4.5127,0.0000,0.0000,0.0000
96.011,397.5385,0.5821,262.2481,0.2510,3.8000,-0.4500,1.9968,181.7732,4.6744,0.0000,0.0000,0.0000
96.122,397.3623,0.7164,262.3843,0.2510,3.8000,-0.4500,2.0716,181.7793,4.7130,0.0000,0.0000,0.0000
96.247,397.1519,0.8822,262.5478,0.2510,3.8000,-0.4500,2.2204,181.7917,4.7816,0.0000,0.0000,0.0000
96.372,396.9074,1.0789,262.7390,0.2510,3.8000,-0.4500,2.3724,181.8045,4.8414,0.0000,0.0000,0.0000
96.497,396.6982,1.2510,262.9023,0.2510,3.8000,-0.4500,2.6100,181.8248,4.9076,0.0000,0.0000,0.0000
96.622,396.4885,1.4213,263.0678,0.2510,3.8000,-0.4500,2.6100,181.8248,4.9076,0.0000,0.0000,0.0000
96.747,396.2790,1.5934,263.2324,0.2510,3.8000,-0.4500,2.7694,181.8385,4.9194,0.0000,0.0000,0.0000
96.847,396.1040,1.7352,263.3707,0.2510,3.8000,-0.4500,2.7694,181.8385,4.9194,0.0000,0.0000,0.0000
96.956,395.8935,1.9049,263.5357,0.2510,3.8000,-0.4500,2.9302,181.8523,4.8911,0.0000,0.0000,0.0000
97.080,395.6823,2.0719,263.7011,0.2510,3.8000,-0.4500,3.0049,181.8587,4.8616,0.0000,0.0000,0.0000
97.205,395.4695,2.2356,263.8658,0.2510,3.8000,-0.4500,3.1451,181.8705,4.7816,0.0000,0.0000,0.0000
97.330,395.2188,2.4206,264.0570,0.2510,3.8000,-0.4500,3.3840,181.8901,4.5623,0.0000,0.0000,0.0000
97.455,395.0027,2.5745,264.2203,0.2510,3.8000,-0.4500,3.4755,181.8973,4.4302,0.0000,0.0000,0.0000
97.581,394.7846,2.7234,264.3818,0.2510,3.8000,-0.4500,3.5548,181.9034,4.2912,0.0000,0.0000,0.0000
97.692,394.5630,2.8644,264.5403,0.2510,3.8000,-0.4500,3.6783,181.9124,3.9883,0.0000,0.0000,0.0000
97.801,394.3769,2.9773,264.6699,0.2510,3.8000,-0.4500,3.7442,181.9168,3.7544,0.0000,0.0000,0.0000
97.926,394.1514,3.1074,264.8220,0.2510,3.8000,-0.4500,3.7960,181.9202,3.5125,0.0000,0.0000,0.0000
98.051,393.8838,3.2473,264.9952,0.2510,3.8000,-0.4500,3.8638,181.9240,3.0194,0.0000,0.0000,0.0000
98.176,393.6529,3.3620,265.1398,0.2510,3.8000,-0.4500,3.8831,181.9250,2.7684,0.0000,0.0000,0.0000
98.302,393.4194,3.4691,265.2811,0.2510,3.8000,-0.4500,3.8970,181.9257,2.5199,0.0000,0.0000,0.0000
98.412,393.1822,3.5643,265.4200,0.2510,3.8000,-0.4500,3.8953,181.9256,2.0712,0.0000,0.0000,0.0000
98.537,392.9432,3.6521,265.5558,0.2510,3.8000,-0.4500,3.8785,181.9251,1.7269,0.0000,0.0000,0.0000
98.649,392.7010,3.7288,265.6891,0.2510,3.8000,-0.4500,3.8355,181.9239,1.3048,0.0000,0.0000,0.0000
98.760,392.4983,3.7865,265.7986,0.2510,3.8000,-0.4500,3.7959,181.9231,1.0566,0.0000,0.0000,0.0000
98.885,392.2516,3.8413,265.9297,0.2510,3.8000,-0.4500,3.6822,181.9216,0.5401,0.0000,0.0000,0.0000
98.999,392.0039,3.8878,266.0599,0.2510,3.8000,-0.4500,3.5871,181.9209,0.2110,0.0000,0.0000,0.0000
99.109,391.7507,3.9173,266.1571,0.2510,3.8000,-0.4500,3.4081,181.9211,359.7088,0.0000,0.0000,0.0000
99.218,391.5377,3.9311,266.1740,0.2510,3.8000,-0.4500,3.2781,181.9221,359.3954,0.0000,0.0000,0.0000
99.343,391.2824,3.9305,266.1176,0.2510,3.8000,-0.4500,3.0604,181.9253,358.9314,0.0000,0.0000,0.0000
99.454,391.0280,3.9168,266.0126,0.2510,3.8000,-0.4500,2.8660,181.9296,358.5551,0.0000,0.0000,0.0000
99.579,390.7698,3.8915,265.9331,0.2510,3.8000,-0.4500,2.6626,181.9354,358.1876,0.0000,0.0000,0.0000
99.689,390.5093,3.8544,265.9208,0.2510,3.8000,-0.4500,2.3968,181.9448,357.7555,0.0000,0.0000,0.0000
99.815,390.2495,3.8081,265.9647,0.2510,3.8000,-0.4500,2.1497,181.9553,357.4003,0.0000,0.0000,0.0000
99.928,390.0335,3.7591,266.0335,0.2510,3.8000,-0.4500,1.8824,181.9683,357.0547,0.0000,0.0000,0.0000
100.037,389.7756,3.6891,266.1443,0.2510,3.8000,-0.4500,1.5493,181.9866,356.6717,0.0000,0.0000,0.0000
100.162,389.5193,3.6080,266.2769,0.2510,3.8000,-0.4500,1.2602,182.0042,356.3761,0.0000,0.0000,0.0000
100.287,389.2639,3.5118,266.4264,0.2510,3.8000,-0.4500,0.8762,182.0296,356.0307,0.0000,0.0000,0.0000
100.412,388.9676,3.3833,266.6162,0.2510,3.8000,-0.4500,0.4105,182.0635,355.6600,0.0000,0.0000,0.0000
100.525,388.7572,3.2825,266.7593,0.2510,3.8000,-0.4500,0.1360,182.0848,355.4680,0.0000,0.0000,0.0000
100.634,388.5060,3.1500,266.9386,0.2510,3.8000,-0.4500,359.7791,182.1138,355.2419,0.0000,0.0000,0.0000
100.759,388.2560,3.0059,267.1252,0.2510,3.8000,-0.4500,359.3908,182.1469,355.0325,0.0000,0.0000,0.0000
100.884,388.0076,2.8529,267.3172,0.2510,3.8000,-0.4500,359.0818,182.1741,354.8838,0.0000,0.0000,0.0000
101.010,387.7192,2.6610,267.5487,0.2510,3.8000,-0.4500,358.6055,182.2176,354.7016,0.0000,0.0000,0.0000
101.134,387.4734,2.4892,267.7514,0.2510,3.8000,-0.4500,358.2801,182.2480,354.6112,0.0000,0.0000,0.0000
101.259,387.2288,2.3107,267.9575,0.2510,3.8000,-0.4500,357.9522,182.2792,354.5459,0.0000,0.0000,0.0000
101.384,386.9850,2.1279,268.1656,0.2510,3.8000,-0.4500,357.7059,182.3028,354.5170,0.0000,0.0000,0.0000
101.510,386.7018,1.9088,268.4112,0.2510,3.8000,-0.4500,357.2872,182.3430,354.5196,0.0000,0.0000,0.0000
101.621,386.4998,1.7515,268.5864,0.2510,3.8000,-0.4500,357.1245,182.3586,354.5442,0.0000,0.0000,0.0000
101.746,386.2583,1.5611,268.7981,0.2510,3.8000,-0.4500,356.7119,182.3978,354.6496,0.0000,0.0000,0.0000
101.846,386.0567,1.4038,268.9730,0.2510,3.8000,-0.4500,356.6354,182.4049,354.6864,0.0000,0.0000,0.0000
101.954,385.8157,1.2169,269.1836,0.2510,3.8000,-0.4500,356.3337,182.4326,354.8532,0.0000,0.0000,0.0000
102.079,385.5747,1.0339,269.3926,0.2510,3.8000,-0.4500,356.0815,182.4549,355.0558,0.0000,0.0000,0.0000
102.204,385.3336,0.8561,269.5993,0.2510,3.8000,-0.4500,355.8639,182.4733,355.3004,0.0000,0.0000,0.0000
102.315,385.0925,0.6858,269.8030,0.2510,3.8000,-0.4500,355.6465,182.4906,355.6504,0.0000,0.0000,0.0000
102.440,384.8506,0.5222,270.0028,0.2510,3.8000,-0.4500,355.5189,182.5000,355.9530,0.0000,0.0000,0.0000
102.553,384.6081,0.3669,270.1992,0.2510,3.8000,-0.4500,355.4251,182.5065,356.2611,0.0000,0.0000,0.0000
102.663,384.4061,0.2456,270.3603,0.2510,3.8000,-0.4500,355.3669,182.5101,356.5878,0.0000,0.0000,0.0000
102.788,384.1634,0.1095,270.5504,0.2510,3.8000,-0.4500,355.3309,182.5122,357.0089,0.0000,0.0000,0.0000
102.913,383.8793,-0.0373,270.7669,0.2510,3.8000,-0.4500,355.3359,182.5120,357.4270,0.0000,0.0000,0.0000
103.037,383.6355,-0.1519,270.9481,0.2510,3.8000,-0.4500,355.3640,182.5108,357.7648,0.0000,0.0000,0.0000
103.163,383.3928,-0.2520,271.1256,0.2510,3.8000,-0.4500,355.4513,182.5078,358.2730,0.0000,0.0000,0.0000
103.273,383.1494,-0.3430,271.3004,0.2510,3.8000,-0.4500,355.5526,182.5051,358.6751,0.0000,0.0000,0.0000
103.384,382.9458,-0.4140,271.4444,0.2510,3.8000,-0.4500,355.6076,182.5039,358.8389,0.0000,0.0000,0.0000
103.510,382.6629,-0.4959,271.6440,0.2510,3.8000,-0.4500,355.7927,182.5009,359.3174,0.0000,0.0000,0.0000
103.635,382.4198,-0.5590,271.8128,0.2510,3.8000,-0.4500,355.9135,182.4997,359.5476,0.0000,0.0000,0.0000
103.759,382.1772,-0.6129,271.9797,0.2510,3.8000,-0.4500,356.0410,182.4990,359.7686,0.0000,0.0000,0.0000
103.860,381.9756,-0.6500,272.1173,0.2510,3.8000,-0.4500,356.2028,182.4986,359.9828,0.0000,0.0000,0.0000
103.968,381.7743,-0.6814,272.2541,0.2510,3.8000,-0.4500,356.3681,182.4989,0.1833,0.0000,0.0000,0.0000
104.068,381.5733,-0.7075,272.3898,0.2510,3.8000,-0.4500,356.5515,182.4998,0.3628,0.0000,0.0000,0.0000
104.176,381.3322,-0.7326,272.5521,0.2510,3.8000,-0.4500,356.7355,182.5012,0.5296,0.0000,0.0000,0.0000
104.288,381.1319,-0.7470,272.6866,0.2510,3.8000,-0.4500,356.9441,182.5034,0.6836,0.0000,0.0000,0.0000
104.399,380.8918,-0.7585,272.8483,0.2510,3.8000,-0.4500,357.1512,182.5061,0.8265,0.0000,0.0000,0.0000
104.524,380.6523,-0.7620,273.0092,0.2510,3.8000,-0.4500,357.4522,182.5109,0.9931,0.0000,0.0000,0.0000
104.649,380.3728,-0.7618,273.1982,0.2510,3.8000,-0.4500,357.5980,182.5135,1.0676,0.0000,0.0000,0.0000
104.773,380.1339,-0.7539,273.3593,0.2510,3.8000,-0.4500,357.8322,182.5181,1.1606,0.0000,0.0000,0.0000
104.899,379.8953,-0.7400,273.5195,0.2510,3.8000,-0.4500,358.1567,182.5250,1.2606,0.0000,0.0000,0.0000
105.024,379.6566,-0.7231,273.6802,0.2510,3.8000,-0.4500,358.4031,182.5305,1.3092,0.0000,0.0000,0.0000
105.149,379.3781,-0.6986,273.8678,0.2510,3.8000,-0.4500,358.7333,182.5382,1.3426,0.0000,0.0000,0.0000
105.274,379.1393,-0.6763,274.0302,0.2510,3.8000,-0.4500,358.8142,182.5401,1.3423,0.0000,0.0000,0.0000
105.398,378.9003,-0.6500,274.1909,0.2510,3.8000,-0.4500,359.1540,182.5480,1.3180,0.0000,0.0000,0.0000
105.500,378.7007,-0.6274,274.3248,0.2510,3.8000,-0.4500,359.3954,182.5535,1.2719,0.0000,0.0000,0.0000
105.610,378.4609,-0.5999,274.4859,0.2510,3.8000,-0.4500,359.5509,182.5568,1.2321,0.0000,0.0000,0.0000
105.720,378.2605,-0.5764,274.6191,0.2510,3.8000,-0.4500,359.7829,182.5617,1.1500,0.0000,0.0000,0.0000
105.829,378.0190,-0.5486,274.7785,0.2510,3.8000,-0.4500,0.0923,182.5675,1.0006,0.0000,0.0000,0.0000
105.943,377.8176,-0.5257,274.9117,0.2510,3.8000,-0.4500,0.2381,182.5699,0.9146,0.0000,0.0000,0.0000
106.051,377.5749,-0.4992,275.0706,0.2510,3.8000,-0.4500,0.4481,182.5730,0.7779,0.0000,0.0000,0.0000
106.163,377.3715,-0.4785,275.2018,0.2510,3.8000,-0.4500,0.7127,182.5762,0.5795,0.0000,0.0000,0.0000
106.288,377.1271,-0.4546,275.3594,0.2510,3.8000,-0.4500,0.9014,182.5778,0.4126,0.0000,0.0000,0.0000
106.412,376.8409,-0.4284,275.5426,0.2510,3.8000,-0.4500,1.0827,182.5788,0.2402,0.0000,0.0000,0.0000
106.538,376.5940,-0.4090,275.6985,0.2510,3.8000,-0.4500,1.3204,182.5793,359.9927,0.0000,0.0000,0.0000
106.663,376.3462,-0.3916,275.8539,0.2510,3.8000,-0.4500,1.5386,182.5788,359.7459,0.0000,0.0000,0.0000
106.787,376.0978,-0.3756,276.0092,0.2510,3.8000,-0.4500,1.6963,182.5779,359.5590,0.0000,0.0000,0.0000
106.913,375.8058,-0.3614,276.1900,0.2510,3.8000,-0.4500,2.0105,182.5744,359.1673,0.0000,0.0000,0.0000
107.038,375.5560,-0.3489,276.3463,0.2510,3.8000,-0.4500,2.1109,182.5728,359.0382,0.0000,0.0000,0.0000
107.163,375.3055,-0.3382,276.5030,0.2510,3.8000,-0.4500,2.2117,182.5710,358.9081,0.0000,0.0000,0.0000
107.288,375.0531,-0.3308,276.6593,0.2510,3.8000,-0.4500,2.4201,182.5665,358.6378,0.0000,0.0000,0.0000
107.413,374.7577,-0.3242,276.8421,0.2510,3.8000,-0.4500,2.6824,182.5595,358.3013,0.0000,0.0000,0.0000
107.538,374.5053,-0.3173,277.0002,0.2510,3.8000,-0.4500,2.7326,182.5580,358.2383,0.0000,0.0000,0.0000
107.649,374.2509,-0.3137,277.1569,0.2510,3.8000,-0.4500,2.9433,182.5510,357.9782,0.0000,0.0000,0.0000
107.761,374.0397,-0.3088,277.2884,0.2510,3.8000,-0.4500,2.9433,182.5510,357.9782,0.0000,0.0000,0.0000
107.871,373.7841,-0.3065,277.4444,0.2510,3.8000,-0.4500,3.1624,182.5428,357.7197,0.0000,0.0000,0.0000
107.996,373.5292,-0.3024,277.6004,0.2510,3.8000,-0.4500,3.2185,182.5405,357.6568,0.0000,0.0000,0.0000
108.121,373.2729,-0.3001,277.7550,0.2510,3.8000,-0.4500,3.3857,182.5334,357.4711,0.0000,0.0000,0.0000
108.246,373.0173,-0.2959,277.9100,0.2510,3.8000,-0.4500,3.3857,182.5334,357.4711,0.0000,0.0000,0.0000
108.371,372.7178,-0.2925,278.0893,0.2510,3.8000,-0.4500,3.5010,182.5282,357.3515,0.0000,0.0000,0.0000
108.482,372.5042,-0.2892,278.2172,0.2510,3.8000,-0.4500,3.5010,182.5282,357.3515,0.0000,0.0000,0.0000
108.607,372.2473,-0.2859,278.3698,0.2510,3.8000,-0.4500,3.5594,182.5255,357.2924,0.0000,0.0000,0.0000
108.721,371.9901,-0.2828,278.5221,0.2510,3.8000,-0.4500,3.6166,182.5227,357.2346,0.0000,0.0000,0.0000
108.830,371.7332,-0.2787,278.6749,0.2510,3.8000,-0.4500,3.6166,182.5227,357.2346,0.0000,0.0000,0.0000
108.954,371.4763,-0.2732,278.8283,0.2510,3.8000,-0.4500,3.6165,182.5227,357.2346,0.0000,0.0000,0.0000
109.079,371.2186,-0.2660,278.9811,0.2510,3.8000,-0.4500,3.7459,182.5163,357.1379,0.0000,0.0000,0.0000
109.192,370.9612,-0.2548,279.1308,0.2510,3.8000,-0.4500,3.7459,182.5163,357.1379,0.0000,0.0000,0.0000
109.301,370.7459,-0.2426,279.2480,0.2510,3.8000,-0.4500,3.8196,182.5126,357.1075,0.0000,0.0000,0.0000
109.416,370.4867,-0.2234,279.3794,0.2510,3.8000,-0.4500,4.0545,182.5006,357.0534,0.0000,0.0000,0.0000
109.526,370.2704,-0.2038,279.4828,0.2510,3.8000,-0.4500,4.1373,182.4963,357.0515,0.0000,0.0000,0.0000
109.635,370.0100,-0.1750,279.5961,0.2510,3.8000,-0.4500,4.3037,182.4877,357.0536,0.0000,0.0000,0.0000
109.746,369.7928,-0.1453,279.6820,0.2510,3.8000,-0.4500,4.5473,182.4752,357.0946,0.0000,0.0000,0.0000
109.846,369.5753,-0.1111,279.7617,0.2510,3.8000,-0.4500,4.7805,182.4635,357.1646,0.0000,0.0000,0.0000
109.954,369.3140,-0.0655,279.8508,0.2510,3.8000,-0.4500,4.9386,182.4557,357.2353,0.0000,0.0000,0.0000
110.079,369.0528,-0.0111,279.9310,0.2510,3.8000,-0.4500,5.2371,182.4417,357.3863,0.0000,0.0000,0.0000
110.204,368.7915,0.0490,280.0051,0.2510,3.8000,-0.4500,5.4466,182.4323,357.5227,0.0000,0.0000,0.0000
110.329,368.4868,0.1280,280.0813,0.2510,3.8000,-0.4500,5.7087,182.4214,357.7170,0.0000,0.0000,0.0000
110.454,368.2252,0.2008,280.1385,0.2510,3.8000,-0.4500,5.8309,182.4166,357.8233,0.0000,0.0000,0.0000
110.580,367.9641,0.2812,280.1877,0.2510,3.8000,-0.4500,6.0086,182.4100,357.9886,0.0000,0.0000,0.0000
110.693,367.7036,0.3693,280.2296,0.2510,3.8000,-0.4500,6.2284,182.4027,358.2292,0.0000,0.0000,0.0000
110.801,367.4860,0.4437,280.2607,0.2510,3.8000,-0.4500,6.2794,182.4012,358.2898,0.0000,0.0000,0.0000
110.928,367.2276,0.5413,280.2655,0.2510,3.8000,-0.4500,6.4745,182.3958,358.5585,0.0000,0.0000,0.0000
111.039,366.9836,0.6194,280.0387,0.2510,3.8000,-0.4500,6.5631,182.3936,358.6910,0.0000,0.0000,0.0000
111.149,366.7570,0.6732,279.5590,0.2510,3.8000,-0.4500,6.6658,182.3915,358.9166,0.0000,0.0000,0.0000
111.261,366.5755,0.7024,279.0404,0.2510,3.8000,-0.4500,6.6964,182.3909,358.9912,0.0000,0.0000,0.0000
111.371,366.3624,0.7352,278.3745,0.2510,3.8000,-0.4500,6.7517,182.3901,359.2478,0.0000,0.0000,0.0000
111.482,366.1817,0.7686,277.8781,0.2510,3.8000,-0.4500,6.7805,182.3897,359.4136,0.0000,0.0000,0.0000
111.607,365.9568,0.8274,277.4128,0.2510,3.8000,-0.4500,6.7935,182.3896,359.6702,0.0000,0.0000,0.0000
111.721,365.7220,0.9061,277.0863,0.2510,3.8000,-0.4500,6.7979,182.3896,359.8349,0.0000,0.0000,0.0000
111.829,365.4801,1.0050,276.8678,0.2510,3.8000,-0.4500,6.7859,182.3896,0.0849,0.0000,0.0000,0.0000
111.954,365.2323,1.1172,276.7252,0.2510,3.8000,-0.4500,6.7693,182.3895,0.2482,0.0000,0.0000,0.0000
112.080,364.9819,1.2401,276.6329,0.2510,3.8000,-0.4500,6.7483,182.3894,0.4122,0.0000,0.0000,0.0000
112.204,364.7311,1.3699,276.5732,0.2510,3.8000,-0.4500,6.7144,182.3891,0.5737,0.0000,0.0000,0.0000
112.330,364.4398,1.5275,276.5303,0.2510,3.8000,-0.4500,6.6414,182.3882,0.8169,0.0000,0.0000,0.0000
112.454,364.1926,1.6660,276.5219,0.2510,3.8000,-0.4500,6.5383,182.3865,1.0465,0.0000,0.0000,0.0000
112.579,363.9479,1.8052,276.5469,0.2510,3.8000,-0.4500,6.5019,182.3858,1.1167,0.0000,0.0000,0.0000
112.704,363.7081,1.9490,276.6026,0.2510,3.8000,-0.4500,6.2427,182.3800,1.4461,0.0000,0.0000,0.0000
112.829,363.4294,2.1128,276.6961,0.2510,3.8000,-0.4500,6.1784,182.3783,1.4978,0.0000,0.0000,0.0000
112.941,363.2330,2.2296,276.7785,0.2510,3.8000,-0.4500,5.9090,182.3708,1.6899,0.0000,0.0000,0.0000
113.066,362.9979,2.3652,276.8884,0.2510,3.8000,-0.4500,5.6850,182.3639,1.7916,0.0000,0.0000,0.0000
113.190,362.7245,2.5168,277.0281,0.2510,3.8000,-0.4500,5.3742,182.3539,1.8883,0.0000,0.0000,0.0000
113.316,362.4904,2.6390,277.1547,0.2510,3.8000,-0.4500,5.0464,182.3428,1.9428,0.0000,0.0000,0.0000
113.441,362.2562,2.7531,277.2858,0.2510,3.8000,-0.4500,4.7132,182.3314,1.9612,0.0000,0.0000,0.0000
113.566,362.0212,2.8562,277.4219,0.2510,3.8000,-0.4500,4.2024,182.3140,1.9305,0.0000,0.0000,0.0000
113.679,361.7853,2.9495,277.5608,0.2510,3.8000,-0.4500,3.7962,182.3005,1.8636,0.0000,0.0000,0.0000
113.790,361.5486,3.0317,277.7023,0.2510,3.8000,-0.4500,3.4459,182.2893,1.7724,0.0000,0.0000,0.0000
113.899,361.3500,3.0889,277.8229,0.2510,3.8000,-0.4500,3.0083,182.2762,1.6361,0.0000,0.0000,0.0000
114.024,361.1106,3.1456,277.9687,0.2510,3.8000,-0.4500,2.5126,182.2629,1.4520,0.0000,0.0000,0.0000
114.149,360.8296,3.1943,278.1400,0.2510,3.8000,-0.4500,1.9547,182.2498,1.2117,0.0000,0.0000,0.0000
114.274,360.5870,3.2201,278.2879,0.2510,3.8000,-0.4500,1.4781,182.2407,0.9842,0.0000,0.0000,0.0000
114.399,360.3432,3.2308,278.4369,0.2510,3.8000,-0.4500,0.9974,182.2335,0.7384,0.0000,0.0000,0.0000
114.510,360.0980,3.2261,278.5868,0.2510,3.8000,-0.4500,0.5127,182.2283,0.4765,0.0000,0.0000,0.0000
114.635,359.8512,3.2058,278.7306,0.2510,3.8000,-0.4500,0.0261,182.2254,0.2015,0.0000,0.0000,0.0000
114.761,359.6022,3.1702,278.8622,0.2510,3.8000,-0.4500,359.5421,182.2249,359.9171,0.0000,0.0000,0.0000
114.871,359.3512,3.1199,278.9825,0.2510,3.8000,-0.4500,359.0655,182.2268,359.6274,0.0000,0.0000,0.0000
114.982,359.1411,3.0670,279.0782,0.2510,3.8000,-0.4500,358.6771,182.2302,359.3847,0.0000,0.0000,0.0000
115.107,358.8882,2.9908,279.1925,0.2510,3.8000,-0.4500,358.2245,182.2362,359.0947,0.0000,0.0000,0.0000
115.232,358.5931,2.8850,279.3280,0.2510,3.8000,-0.4500,357.7182,182.2456,358.7622,0.0000,0.0000,0.0000
115.357,358.3402,2.7820,279.4452,0.2510,3.8000,-0.4500,357.3733,182.2538,358.5313,0.0000,0.0000,0.0000
115.469,358.0870,2.6665,279.5628,0.2510,3.8000,-0.4500,357.0121,182.2638,358.2854,0.0000,0.0000,0.0000
115.579,357.8760,2.5621,279.6608,0.2510,3.8000,-0.4500,356.7323,182.2727,358.0932,0.0000,0.0000,0.0000
115.704,357.6228,2.4286,279.7792,0.2510,3.8000,-0.4500,356.4465,182.2827,357.8949,0.0000,0.0000,0.0000
115.830,357.3284,2.2639,279.9182,0.2510,3.8000,-0.4500,356.2403,182.2906,357.7513,0.0000,0.0000,0.0000
115.955,357.0754,2.1107,280.0403,0.2510,3.8000,-0.4500,355.8852,182.3053,357.5029,0.0000,0.0000,0.0000
116.066,356.8655,1.9830,280.1413,0.2510,3.8000,-0.4500,355.8192,182.3082,357.4569,0.0000,0.0000,0.0000
116.190,356.5714,1.7976,280.2820,0.2510,3.8000,-0.4500,355.6844,182.3143,357.3633,0.0000,0.0000,0.0000
116.303,356.3614,1.6629,280.3818,0.2510,3.8000,-0.4500,355.6160,182.3176,357.3160,0.0000,0.0000,0.0000
116.415,356.1089,1.4985,280.5004,0.2510,3.8000,-0.4500,355.4830,182.3239,357.2260,0.0000,0.0000,0.0000
116.526,355.8987,1.3634,280.5962,0.2510,3.8000,-0.4500,355.4830,182.3239,357.2260,0.0000,0.0000,0.0000
116.635,355.6461,1.2023,280.7083,0.2510,3.8000,-0.4500,355.4830,182.3239,357.2260,0.0000,0.0000,0.0000
116.760,355.3930,1.0435,280.8168,0.2510,3.8000,-0.4500,355.4829,182.3239,357.2260,0.0000,0.0000,0.0000
116.873,355.1394,0.8887,280.9195,0.2510,3.8000,-0.4500,355.4829,182.3239,357.2260,0.0000,0.0000,0.0000
116.982,354.9277,0.7636,281.0012,0.2510,3.8000,-0.4500,355.4829,182.3239,357.2260,0.0000,0.0000,0.0000
117.107,354.6733,0.6194,281.0952,0.2510,3.8000,-0.4500,355.4829,182.3239,357.2260,0.0000,0.0000,0.0000
117.232,354.3760,0.4604,281.1992,0.2510,3.8000,-0.4500,355.4829,182.3239,357.2260,0.0000,0.0000,0.0000
117.357,354.1210,0.3333,281.2845,0.2510,3.8000,-0.4500,355.4830,182.3239,357.2260,0.0000,0.0000,0.0000
117.482,353.8658,0.2160,281.3537,0.2510,3.8000,-0.4500,355.4829,182.3239,357.2260,0.0000,0.0000,0.0000
117.607,353.6123,0.1215,281.3644,0.2510,3.8000,-0.4500,355.8450,182.3075,357.6033,0.0000,0.0000,0.0000
117.720,353.3570,0.0341,281.3444,0.2510,3.8000,-0.4500,356.0304,182.3000,357.7776,0.0000,0.0000,0.0000
117.829,353.1024,-0.0374,281.3075,0.2510,3.8000,-0.4500,356.4336,182.2856,358.1222,0.0000,0.0000,0.0000
117.954,352.8467,-0.1030,281.2652,0.2510,3.8000,-0.4500,356.6393,182.2791,358.2870,0.0000,0.0000,0.0000
118.079,352.5919,-0.1531,281.2193,0.2510,3.8000,-0.4500,357.0698,182.2675,358.6202,0.0000,0.0000,0.0000
118.204,352.3363,-0.1964,281.1754,0.2510,3.8000,-0.4500,357.3430,182.2614,358.8257,0.0000,0.0000,0.0000
118.329,352.0388,-0.2303,281.1281,0.2510,3.8000,-0.4500,357.8286,182.2530,359.1836,0.0000,0.0000,0.0000
118.454,351.7827,-0.2529,281.0943,0.2510,3.8000,-0.4500,358.0235,182.2504,359.3253,0.0000,0.0000,0.0000
118.579,351.5279,-0.2604,281.0626,0.2510,3.8000,-0.4500,358.4545,182.2465,359.6341,0.0000,0.0000,0.0000
118.704,351.2729,-0.2611,281.0334,0.2510,3.8000,-0.4500,358.7306,182.2452,359.8299,0.0000,0.0000,0.0000
118.804,351.0614,-0.2519,281.0083,0.2510,3.8000,-0.4500,359.0750,182.2449,0.0698,0.0000,0.0000,0.0000
118.913,350.8076,-0.2354,280.9792,0.2510,3.8000,-0.4500,359.3437,182.2457,0.2538,0.0000,0.0000,0.0000
119.038,350.5542,-0.2099,280.9531,0.2510,3.8000,-0.4500,359.6185,182.2474,0.4377,0.0000,0.0000,0.0000
119.149,350.3013,-0.1763,280.9295,0.2510,3.8000,-0.4500,359.8914,182.2499,0.6155,0.0000,0.0000,0.0000
119.274,350.0489,-0.1365,280.9063,0.2510,3.8000,-0.4500,0.0982,182.2523,0.7466,0.0000,0.0000,0.0000
119.385,349.8395,-0.0962,280.8849,0.2510,3.8000,-0.4500,0.3795,182.2564,0.9171,0.0000,0.0000,0.0000
119.497,349.5882,-0.0459,280.8578,0.2510,3.8000,-0.4500,0.5264,182.2589,1.0002,0.0000,0.0000,0.0000
119.621,349.3382,0.0122,280.8264,0.2510,3.8000,-0.4500,0.8189,182.2644,1.1599,0.0000,0.0000,0.0000
119.745,349.0881,0.0708,280.7927,0.2510,3.8000,-0.4500,0.8940,182.2659,1.1951,0.0000,0.0000,0.0000
119.860,348.8391,0.1354,280.7546,0.2510,3.8000,-0.4500,1.1202,182.2709,1.2976,0.0000,0.0000,0.0000
119.968,348.6314,0.1884,280.7220,0.2510,3.8000,-0.4500,1.1202,182.2709,1.2976,0.0000,0.0000,0.0000
