time_sec,world_x,world_y,world_z,local_x,local_y,local_z,world_rot_x,world_rot_y,world_rot_z,local_rot_x,local_rot_y,local_rot_z
0.000,598.4180,4.8499,250.4659,0.2510,3.8000,-0.4500,0.0000,180.0000,0.0000,0.0000,0.0000,0.0000
0.000,598.4180,4.8499,250.4659,0.2510,3.8000,-0.4500,0.0000,180.0000,0.0000,0.0000,0.0000,0.0000
0.121,597.9604,4.4592,250.4765,0.2510,3.8000,-0.4500,0.0000,180.0000,0.0000,0.0000,0.0000,0.0000
0.234,597.3941,3.9813,250.4859,0.2510,3.8000,-0.4500,0.0000,180.0000,0.0000,0.0000,0.0000,0.0000
0.359,596.7314,3.4263,250.4942,0.2510,3.8000,-0.4500,0.0000,180.0000,0.0000,0.0000,0.0000,0.0000
0.484,595.9835,2.8030,250.4998,0.2510,3.8000,-0.4500,0.0000,180.0000,0.0000,0.0000,0.0000,0.0000
0.609,595.1601,2.1191,250.5014,0.2510,3.8000,-0.4500,0.0000,180.0000,0.0000,0.0000,0.0000,0.0000
0.735,594.1162,1.2539,250.4976,0.2510,3.8000,-0.4500,0.0000,180.0000,0.0000,0.0000,0.0000,0.0000
0.846,593.3219,0.5966,250.4901,0.2510,3.8000,-0.4500,0.0000,180.0000,0.0000,0.0000,0.0000,0.0000
0.971,592.3213,-0.2305,250.4751,0.2510,3.8000,-0.4500,0.0000,180.0000,0.0000,0.0000,0.0000,0.0000
1.071,591.4937,-0.9141,250.4585,0.2510,3.8000,-0.4500,0.0000,180.0000,0.0000,0.0000,0.0000,0.0000
1.182,590.7891,-1.5307,250.4538,0.2510,3.8000,-0.4500,358.1395,179.9999,0.0071,0.0000,0.0000,0.0000
1.306,590.2946,-1.8197,250.4552,0.2510,3.8000,-0.4500,356.5598,179.9996,0.0127,0.0000,0.0000,0.0000
1.415,589.9116,-1.8734,250.4591,0.2510,3.8000,-0.4500,355.7508,179.9994,0.0145,0.0000,0.0000,0.0000
1.540,589.5882,-1.8093,250.4606,0.2510,3.8000,-0.4500,355.6675,179.9994,0.0145,0.0000,0.0000,0.0000
1.652,589.3436,-1.7391,250.4592,0.2510,3.8000,-0.4500,355.6675,179.9994,0.0145,0.0000,0.0000,0.0000
1.777,589.0217,-1.6827,250.4498,0.2510,3.8000,-0.4500,355.6674,179.9994,0.0145,0.0000,0.0000,0.0000
1.888,588.8003,-1.6885,250.4312,0.2510,3.8000,-0.4500,355.6674,179.9994,0.0145,0.0000,0.0000,0.0000
2.013,588.5408,-1.7418,250.3882,0.2510,3.8000,-0.4500,355.6674,179.9994,0.0145,0.0000,0.0000,0.0000
2.138,588.2432,-1.8460,250.3136,0.2510,3.8000,-0.4500,355.6674,179.9994,0.0145,0.0000,0.0000,0.0000
2.264,587.9896,-1.9511,250.2492,0.2510,3.8000,-0.4500,355.6674,179.9994,0.0145,0.0000,0.0000,0.0000
2.375,587.7346,-2.0580,250.2052,0.2510,3.8000,-0.4500,355.6674,179.9994,0.0145,0.0000,0.0000,0.0000
2.486,587.5209,-2.1431,250.1852,0.2510,3.8000,-0.4500,355.6674,179.9994,0.0145,0.0000,0.0000,0.0000
2.612,587.2632,-2.2387,250.1781,0.2510,3.8000,-0.4500,355.6674,179.9994,0.0145,0.0000,0.0000,0.0000
2.737,586.9620,-2.3426,250.1873,0.2510,3.8000,-0.4500,355.6674,179.9994,0.0145,0.0000,0.0000,0.0000
2.849,586.7469,-2.4139,250.2009,0.2510,3.8000,-0.4500,355.6674,179.9994,0.0145,0.0000,0.0000,0.0000
2.961,586.4899,-2.4972,250.1967,0.2510,3.8000,-0.4500,355.6674,179.9994,0.0145,0.0000,0.0000,0.0000
3.070,586.2786,-2.5641,250.1551,0.2510,3.8000,-0.4500,355.6674,179.9994,0.0145,0.0000,0.0000,0.0000
3.195,585.9875,-2.6548,250.0353,0.2510,3.8000,-0.4500,355.6674,179.9994,0.0145,0.0000,0.0000,0.0000
3.321,585.7452,-2.7278,249.8413,0.2510,3.8000,-0.4500,355.6674,179.9994,0.0145,0.0000,0.0000,0.0000
3.435,585.5112,-2.7934,249.5339,0.2510,3.8000,-0.4500,355.6674,179.9994,0.0145,0.0000,0.0000,0.0000
3.545,585.3212,-2.8429,249.2056,0.2510,3.8000,-0.4500,355.6674,179.9994,0.0145,0.0000,0.0000,0.0000
3.668,585.0976,-2.8974,248.7492,0.2510,3.8000,-0.4500,355.6674,179.9994,0.0145,0.0000,0.0000,0.0000
3.779,584.8752,-2.9499,248.2738,0.2510,3.8000,-0.4500,355.6674,179.9994,0.0145,0.0000,0.0000,0.0000
3.904,584.6512,-3.0040,247.8210,0.2510,3.8000,-0.4500,355.6674,179.9993,0.0145,0.0000,0.0000,0.0000
4.015,584.4250,-3.0609,247.4006,0.2510,3.8000,-0.4500,355.6674,179.9993,0.0145,0.0000,0.0000,0.0000
4.126,584.2336,-3.1115,247.0886,0.2510,3.8000,-0.4500,355.6674,179.9993,0.0145,0.0000,0.0000,0.0000
4.251,583.9984,-3.1779,246.7858,0.2510,3.8000,-0.4500,355.6674,179.9993,0.0145,0.0000,0.0000,0.0000
4.362,583.7574,-3.2504,246.5556,0.2510,3.8000,-0.4500,355.6674,179.9993,0.0145,0.0000,0.0000,0.0000
4.487,583.5111,-3.3288,246.3830,0.2510,3.8000,-0.4500,355.6612,179.9993,359.9346,0.0000,0.0000,0.0000
4.611,583.2614,-3.4088,246.2569,0.2510,3.8000,-0.4500,355.6612,179.9993,359.9346,0.0000,0.0000,0.0000
4.724,583.0090,-3.4900,246.1642,0.2510,3.8000,-0.4500,355.6612,179.9993,359.9346,0.0000,0.0000,0.0000
4.834,582.7966,-3.5577,246.1075,0.2510,3.8000,-0.4500,355.6612,179.9993,359.9346,0.0000,0.0000,0.0000
4.945,582.5397,-3.6381,246.0628,0.2510,3.8000,-0.4500,355.6612,179.9993,359.9346,0.0000,0.0000,0.0000
5.070,582.2807,-3.7172,246.0376,0.2510,3.8000,-0.4500,355.7108,179.9993,359.8713,0.0000,0.0000,0.0000
5.195,581.9776,-3.8047,246.0252,0.2510,3.8000,-0.4500,355.7108,179.9993,359.8713,0.0000,0.0000,0.0000
5.308,581.7601,-3.8644,246.0231,0.2510,3.8000,-0.4500,355.9214,179.9985,359.7351,0.0000,0.0000,0.0000
5.419,581.5003,-3.9308,246.0295,0.2510,3.8000,-0.4500,355.9214,179.9985,359.7351,0.0000,0.0000,0.0000
5.528,581.2838,-3.9809,246.0369,0.2510,3.8000,-0.4500,356.1656,179.9973,359.6804,0.0000,0.0000,0.0000
5.653,581.0247,-4.0336,246.0484,0.2510,3.8000,-0.4500,356.4983,179.9954,359.6829,0.0000,0.0000,0.0000
5.754,580.8088,-4.0746,246.0611,0.2510,3.8000,-0.4500,356.4983,179.9954,359.6829,0.0000,0.0000,0.0000
5.864,580.5508,-4.1116,246.0741,0.2510,3.8000,-0.4500,356.9204,179.9934,359.7858,0.0000,0.0000,0.0000
5.987,580.2932,-4.1422,246.0877,0.2510,3.8000,-0.4500,357.1683,179.9927,359.8843,0.0000,0.0000,0.0000
6.112,580.0358,-4.1642,246.0999,0.2510,3.8000,-0.4500,357.4070,179.9924,359.9899,0.0000,0.0000,0.0000
6.237,579.7372,-4.1749,246.1116,0.2510,3.8000,-0.4500,357.8594,179.9933,0.2367,0.0000,0.0000,0.0000
6.349,579.5243,-4.1763,246.1208,0.2510,3.8000,-0.4500,358.0817,179.9945,0.3751,0.0000,0.0000,0.0000
6.461,579.2701,-4.1673,246.1329,0.2510,3.8000,-0.4500,358.4386,179.9976,0.6078,0.0000,0.0000,0.0000
6.570,579.0593,-4.1526,246.1454,0.2510,3.8000,-0.4500,358.7104,180.0009,0.7966,0.0000,0.0000,0.0000
6.695,578.7659,-4.1207,246.1673,0.2510,3.8000,-0.4500,359.0552,180.0064,1.0451,0.0000,0.0000,0.0000
6.796,578.5574,-4.0902,246.1773,0.2510,3.8000,-0.4500,359.2588,180.0104,1.1949,0.0000,0.0000,0.0000
6.904,578.3510,-4.0496,246.1703,0.2510,3.8000,-0.4500,359.5985,180.0182,1.4510,0.0000,0.0000,0.0000
7.004,578.1451,-4.0049,246.1524,0.2510,3.8000,-0.4500,359.7997,180.0236,1.6061,0.0000,0.0000,0.0000
7.126,577.9002,-3.9417,246.1183,0.2510,3.8000,-0.4500,0.0695,180.0317,1.8172,0.0000,0.0000,0.0000
7.251,577.6582,-3.8661,246.0721,0.2510,3.8000,-0.4500,0.4677,180.0454,2.1364,0.0000,0.0000,0.0000
7.364,577.4166,-3.7870,246.0175,0.2510,3.8000,-0.4500,0.5993,180.0505,2.2436,0.0000,0.0000,0.0000
7.475,577.1792,-3.6928,245.9523,0.2510,3.8000,-0.4500,1.0166,180.0681,2.5876,0.0000,0.0000,0.0000
7.584,576.9818,-3.6126,245.8925,0.2510,3.8000,-0.4500,1.1457,180.0740,2.6949,0.0000,0.0000,0.0000
7.698,576.7480,-3.5051,245.8121,0.2510,3.8000,-0.4500,1.4718,180.0901,2.9674,0.0000,0.0000,0.0000
7.806,576.5541,-3.4114,245.7392,0.2510,3.8000,-0.4500,1.6643,180.1004,3.1290,0.0000,0.0000,0.0000
7.931,576.3234,-3.2932,245.6449,0.2510,3.8000,-0.4500,1.8589,180.1113,3.2925,0.0000,0.0000,0.0000
8.056,576.0569,-3.1461,245.5257,0.2510,3.8000,-0.4500,2.1160,180.1266,3.5081,0.0000,0.0000,0.0000
8.181,575.8306,-3.0126,245.4160,0.2510,3.8000,-0.4500,2.3751,180.1430,3.7238,0.0000,0.0000,0.0000
8.281,575.6424,-2.9005,245.3210,0.2510,3.8000,-0.4500,2.4391,180.1472,3.7765,0.0000,0.0000,0.0000
8.391,575.4559,-2.7834,245.2216,0.2510,3.8000,-0.4500,2.5685,180.1559,3.8828,0.0000,0.0000,0.0000
8.501,575.2336,-2.6380,245.0973,0.2510,3.8000,-0.4500,2.7627,180.1693,4.0392,0.0000,0.0000,0.0000
8.626,575.0118,-2.4914,244.9688,0.2510,3.8000,-0.4500,2.8268,180.1739,4.0903,0.0000,0.0000,0.0000
8.751,574.7918,-2.3402,244.8354,0.2510,3.8000,-0.4500,2.9575,180.1833,4.1916,0.0000,0.0000,0.0000
8.876,574.5366,-2.1596,244.6746,0.2510,3.8000,-0.4500,3.1562,180.1982,4.3376,0.0000,0.0000,0.0000
9.001,574.3181,-2.0049,244.5333,0.2510,3.8000,-0.4500,3.2198,180.2030,4.3829,0.0000,0.0000,0.0000
9.126,574.0998,-1.8502,244.3896,0.2510,3.8000,-0.4500,3.2198,180.2030,4.3829,0.0000,0.0000,0.0000
9.250,573.8821,-1.6936,244.2438,0.2510,3.8000,-0.4500,3.2889,180.2084,4.4233,0.0000,0.0000,0.0000
9.363,573.6642,-1.5382,244.0972,0.2510,3.8000,-0.4500,3.2889,180.2084,4.4233,0.0000,0.0000,0.0000
9.475,573.4464,-1.3835,243.9498,0.2510,3.8000,-0.4500,3.2889,180.2084,4.4233,0.0000,0.0000,0.0000
9.584,573.2646,-1.2555,243.8267,0.2510,3.8000,-0.4500,3.2889,180.2084,4.4233,0.0000,0.0000,0.0000
9.709,573.0464,-1.1036,243.6790,0.2510,3.8000,-0.4500,3.2889,180.2084,4.4233,0.0000,0.0000,0.0000
9.822,572.8276,-0.9543,243.5315,0.2510,3.8000,-0.4500,3.2889,180.2084,4.4233,0.0000,0.0000,0.0000
9.931,572.6451,-0.8324,243.4052,0.2510,3.8000,-0.4500,3.2889,180.2084,4.4233,0.0000,0.0000,0.0000
10.056,572.3903,-0.6675,243.2064,0.2510,3.8000,-0.4500,3.2889,180.2084,4.4233,0.0000,0.0000,0.0000
10.181,572.1729,-0.5326,243.0125,0.2510,3.8000,-0.4500,3.2889,180.2084,4.4234,0.0000,0.0000,0.0000
10.308,571.9561,-0.4039,242.7982,0.2510,3.8000,-0.4500,3.2889,180.2084,4.4234,0.0000,0.0000,0.0000
10.431,571.7461,-0.2863,242.4714,0.2510,3.8000,-0.4500,3.2889,180.2084,4.4234,0.0000,0.0000,0.0000
10.545,571.5436,-0.1907,241.9580,0.2510,3.8000,-0.4500,3.3829,180.2154,4.1000,0.0000,0.0000,0.0000
10.653,571.3812,-0.1194,241.4288,0.2510,3.8000,-0.4500,3.3914,180.2160,4.0205,0.0000,0.0000,0.0000
10.778,571.1544,-0.0374,240.6029,0.2510,3.8000,-0.4500,3.3951,180.2163,3.6051,0.0000,0.0000,0.0000
10.903,570.9623,0.0271,239.8541,0.2510,3.8000,-0.4500,3.3804,180.2153,3.4411,0.0000,0.0000,0.0000
11.028,570.7686,0.0819,239.0879,0.2510,3.8000,-0.4500,3.3383,180.2129,3.1073,0.0000,0.0000,0.0000
11.153,570.5757,0.1355,238.3171,0.2510,3.8000,-0.4500,3.3270,180.2123,3.0279,0.0000,0.0000,0.0000
11.278,570.3442,0.1869,237.4633,0.2510,3.8000,-0.4500,3.2530,180.2086,2.6084,0.0000,0.0000,0.0000
11.389,570.1750,0.2206,236.9014,0.2510,3.8000,-0.4500,3.1870,180.2058,2.2812,0.0000,0.0000,0.0000
11.514,569.9658,0.2627,236.3236,0.2510,3.8000,-0.4500,3.1318,180.2037,2.0372,0.0000,0.0000,0.0000
11.639,569.7073,0.3117,235.8364,0.2510,3.8000,-0.4500,3.0506,180.2011,1.7147,0.0000,0.0000,0.0000
11.765,569.4734,0.3515,235.5575,0.2510,3.8000,-0.4500,2.9533,180.1984,1.3876,0.0000,0.0000,0.0000
11.875,569.2296,0.3843,235.3747,0.2510,3.8000,-0.4500,2.7817,180.1950,0.9077,0.0000,0.0000,0.0000
12.000,568.9805,0.4158,235.2573,0.2510,3.8000,-0.4500,2.6834,180.1936,0.6722,0.0000,0.0000,0.0000
12.126,568.7247,0.4342,235.1858,0.2510,3.8000,-0.4500,2.4679,180.1920,0.1975,0.0000,0.0000,0.0000
12.250,568.4666,0.4472,235.1485,0.2510,3.8000,-0.4500,2.3203,180.1919,359.9008,0.0000,0.0000,0.0000
12.362,568.2064,0.4505,235.1335,0.2510,3.8000,-0.4500,2.1668,180.1926,359.6067,0.0000,0.0000,0.0000
12.486,567.9443,0.4419,235.1340,0.2510,3.8000,-0.4500,1.9637,180.1946,359.2369,0.0000,0.0000,0.0000
12.611,567.6813,0.4233,235.1456,0.2510,3.8000,-0.4500,1.7578,180.1980,358.8745,0.0000,0.0000,0.0000
12.736,567.3740,0.3905,235.1702,0.2510,3.8000,-0.4500,1.5450,180.2029,358.5110,0.0000,0.0000,0.0000
12.861,567.1114,0.3544,235.2003,0.2510,3.8000,-0.4500,1.4192,180.2064,358.2996,0.0000,0.0000,0.0000
12.963,566.8917,0.3148,235.2322,0.2510,3.8000,-0.4500,1.2382,180.2122,358.0005,0.0000,0.0000,0.0000
13.074,566.6725,0.2712,235.2695,0.2510,3.8000,-0.4500,1.1088,180.2170,357.7879,0.0000,0.0000,0.0000
13.180,566.4097,0.2125,235.3214,0.2510,3.8000,-0.4500,0.9723,180.2225,357.5670,0.0000,0.0000,0.0000
13.305,566.1472,0.1469,235.3805,0.2510,3.8000,-0.4500,0.8407,180.2284,357.3550,0.0000,0.0000,0.0000
13.430,565.8853,0.0764,235.4464,0.2510,3.8000,-0.4500,0.7528,180.2325,357.2144,0.0000,0.0000,0.0000
13.555,565.5798,-0.0138,235.5311,0.2510,3.8000,-0.4500,0.6210,180.2392,357.0038,0.0000,0.0000,0.0000
13.668,565.3619,-0.0818,235.5960,0.2510,3.8000,-0.4500,0.5336,180.2439,356.8641,0.0000,0.0000,0.0000
13.778,565.1011,-0.1644,235.6779,0.2510,3.8000,-0.4500,0.4903,180.2463,356.7942,0.0000,0.0000,0.0000
13.889,564.8840,-0.2355,235.7489,0.2510,3.8000,-0.4500,0.4470,180.2487,356.7243,0.0000,0.0000,0.0000
14.000,564.6242,-0.3203,235.8362,0.2510,3.8000,-0.4500,0.4470,180.2487,356.7243,0.0000,0.0000,0.0000
14.125,564.3642,-0.4058,235.9250,0.2510,3.8000,-0.4500,0.4470,180.2487,356.7243,0.0000,0.0000,0.0000
14.250,564.1041,-0.4913,236.0145,0.2510,3.8000,-0.4500,0.4470,180.2487,356.7243,0.0000,0.0000,0.0000
14.375,563.8003,-0.5910,236.1194,0.2510,3.8000,-0.4500,0.4470,180.2487,356.7243,0.0000,0.0000,0.0000
14.500,563.5402,-0.6758,236.2097,0.2510,3.8000,-0.4500,0.4470,180.2487,356.7243,0.0000,0.0000,0.0000
14.625,563.2803,-0.7599,236.3002,0.2510,3.8000,-0.4500,0.4470,180.2487,356.7243,0.0000,0.0000,0.0000
14.750,563.0208,-0.8430,236.3909,0.2510,3.8000,-0.4500,0.4470,180.2487,356.7243,0.0000,0.0000,0.0000
14.875,562.7182,-0.9402,236.4982,0.2510,3.8000,-0.4500,0.2797,180.2584,356.6884,0.0000,0.0000,0.0000
15.000,562.4594,-1.0210,236.5902,0.2510,3.8000,-0.4500,0.1992,180.2630,356.6855,0.0000,0.0000,0.0000
15.125,562.2018,-1.1000,236.6309,0.2510,3.8000,-0.4500,359.8699,180.2819,356.7649,0.0000,0.0000,0.0000
15.250,561.9443,-1.1744,236.6124,0.2510,3.8000,-0.4500,359.7239,180.2900,356.8453,0.0000,0.0000,0.0000
15.375,561.6447,-1.2567,236.5545,0.2510,3.8000,-0.4500,359.5201,180.3010,356.9852,0.0000,0.0000,0.0000
15.486,561.4316,-1.3111,236.5018,0.2510,3.8000,-0.4500,359.2743,180.3135,357.2175,0.0000,0.0000,0.0000
15.611,561.1754,-1.3746,236.4312,0.2510,3.8000,-0.4500,359.1646,180.3187,357.3395,0.0000,0.0000,0.0000
15.737,560.8771,-1.4438,236.3457,0.2510,3.8000,-0.4500,359.0067,180.3258,357.5378,0.0000,0.0000,0.0000
15.861,560.6236,-1.4961,236.2733,0.2510,3.8000,-0.4500,358.7086,180.3375,357.9703,0.0000,0.0000,0.0000
15.973,560.4108,-1.5408,236.2131,0.2510,3.8000,-0.4500,358.6631,180.3391,358.0422,0.0000,0.0000,0.0000
16.097,560.1146,-1.5970,236.1322,0.2510,3.8000,-0.4500,358.4800,180.3449,358.3358,0.0000,0.0000,0.0000
16.222,559.8621,-1.6401,236.0642,0.2510,3.8000,-0.4500,358.2532,180.3507,358.7135,0.0000,0.0000,0.0000
16.347,559.6093,-1.6821,235.9959,0.2510,3.8000,-0.4500,358.1288,180.3533,358.9227,0.0000,0.0000,0.0000
16.458,559.3580,-1.7201,235.9260,0.2510,3.8000,-0.4500,357.9567,180.3561,359.2131,0.0000,0.0000,0.0000
16.583,559.1074,-1.7565,235.8431,0.2510,3.8000,-0.4500,357.8729,180.3571,359.3542,0.0000,0.0000,0.0000
16.709,558.8608,-1.7863,235.7446,0.2510,3.8000,-0.4500,357.6491,180.3589,359.7278,0.0000,0.0000,0.0000
16.833,558.6156,-1.8153,235.6196,0.2510,3.8000,-0.4500,357.5655,180.3592,359.8668,0.0000,0.0000,0.0000
16.959,558.3395,-1.8395,235.3716,0.2510,3.8000,-0.4500,357.3966,180.3592,0.1464,0.0000,0.0000,0.0000
17.083,558.1111,-1.8522,235.0633,0.2510,3.8000,-0.4500,357.2617,180.3586,0.3748,0.0000,0.0000,0.0000
17.209,557.8894,-1.8575,234.6777,0.2510,3.8000,-0.4500,357.1344,180.3575,0.5930,0.0000,0.0000,0.0000
17.333,557.6732,-1.8561,234.2144,0.2510,3.8000,-0.4500,357.0543,180.3566,0.7372,0.0000,0.0000,0.0000
17.460,557.4272,-1.8449,233.5988,0.2510,3.8000,-0.4500,356.9337,180.3548,0.9587,0.0000,0.0000,0.0000
17.583,557.2208,-1.8285,233.0265,0.2510,3.8000,-0.4500,356.8165,180.3526,1.1851,0.0000,0.0000,0.0000
17.709,557.0166,-1.8080,232.4233,0.2510,3.8000,-0.4500,356.7392,180.3509,1.3388,0.0000,0.0000,0.0000
17.833,556.8144,-1.7832,231.8001,0.2510,3.8000,-0.4500,356.6644,180.3491,1.4890,0.0000,0.0000,0.0000
17.944,556.6103,-1.7582,231.2178,0.2510,3.8000,-0.4500,356.6276,180.3481,1.5633,0.0000,0.0000,0.0000
18.055,556.3993,-1.7349,230.7638,0.2510,3.8000,-0.4500,356.4726,180.3434,1.8696,0.0000,0.0000,0.0000
18.180,556.1766,-1.7231,230.4486,0.2510,3.8000,-0.4500,356.4726,180.3434,1.8696,0.0000,0.0000,0.0000
18.305,555.9471,-1.7155,230.2443,0.2510,3.8000,-0.4500,356.3494,180.3392,2.0807,0.0000,0.0000,0.0000
18.406,555.7506,-1.7147,230.1306,0.2510,3.8000,-0.4500,356.3033,180.3375,2.1472,0.0000,0.0000,0.0000
18.507,555.5520,-1.7172,230.0666,0.2510,3.8000,-0.4500,356.2564,180.3357,2.2137,0.0000,0.0000,0.0000
18.623,555.3124,-1.7255,230.0575,0.2510,3.8000,-0.4500,356.1543,180.3316,2.3389,0.0000,0.0000,0.0000
18.748,555.0712,-1.7386,230.0902,0.2510,3.8000,-0.4500,356.0979,180.3293,2.3994,0.0000,0.0000,0.0000
18.874,554.7890,-1.7575,230.1579,0.2510,3.8000,-0.4500,356.0413,180.3269,2.4593,0.0000,0.0000,0.0000
18.974,554.5876,-1.7725,230.2176,0.2510,3.8000,-0.4500,355.9822,180.3243,2.5140,0.0000,0.0000,0.0000
19.082,554.3864,-1.7886,230.2831,0.2510,3.8000,-0.4500,355.9231,180.3217,2.5661,0.0000,0.0000,0.0000
19.207,554.1443,-1.8093,230.3664,0.2510,3.8000,-0.4500,355.9231,180.3217,2.5661,0.0000,0.0000,0.0000
19.333,553.9030,-1.8306,230.4534,0.2510,3.8000,-0.4500,355.8594,180.3188,2.6140,0.0000,0.0000,0.0000
19.444,553.6614,-1.8529,230.5427,0.2510,3.8000,-0.4500,355.8594,180.3188,2.6140,0.0000,0.0000,0.0000
19.557,553.4197,-1.8758,230.6338,0.2510,3.8000,-0.4500,355.8594,180.3188,2.6140,0.0000,0.0000,0.0000
19.666,553.2182,-1.8952,230.7107,0.2510,3.8000,-0.4500,355.8594,180.3188,2.6140,0.0000,0.0000,0.0000
19.793,552.9764,-1.9185,230.8031,0.2510,3.8000,-0.4500,355.8594,180.3188,2.6140,0.0000,0.0000,0.0000
19.902,552.7347,-1.9419,230.8953,0.2510,3.8000,-0.4500,355.8594,180.3188,2.6140,0.0000,0.0000,0.0000
20.027,552.4926,-1.9649,230.9872,0.2510,3.8000,-0.4500,355.8594,180.3188,2.6140,0.0000,0.0000,0.0000
20.152,552.2505,-1.9876,231.0784,0.2510,3.8000,-0.4500,355.8594,180.3188,2.6140,0.0000,0.0000,0.0000
20.262,552.0083,-2.0096,231.1689,0.2510,3.8000,-0.4500,355.8594,180.3188,2.6140,0.0000,0.0000,0.0000
20.388,551.7661,-2.0307,231.2587,0.2510,3.8000,-0.4500,355.8594,180.3188,2.6140,0.0000,0.0000,0.0000
20.500,551.5236,-2.0508,231.3480,0.2510,3.8000,-0.4500,355.8594,180.3188,2.6140,0.0000,0.0000,0.0000
20.609,551.3213,-2.0667,231.4219,0.2510,3.8000,-0.4500,355.8594,180.3188,2.6139,0.0000,0.0000,0.0000
20.734,551.0378,-2.0872,231.5248,0.2510,3.8000,-0.4500,355.8594,180.3188,2.6139,0.0000,0.0000,0.0000
20.859,550.7945,-2.1031,231.6126,0.2510,3.8000,-0.4500,355.8594,180.3188,2.6139,0.0000,0.0000,0.0000
20.984,550.5510,-2.1173,231.7001,0.2510,3.8000,-0.4500,355.8594,180.3188,2.6139,0.0000,0.0000,0.0000
21.110,550.3068,-2.1294,231.7857,0.2510,3.8000,-0.4500,356.0913,180.3292,2.5132,0.0000,0.0000,0.0000
21.234,550.0623,-2.1396,231.8701,0.2510,3.8000,-0.4500,356.2426,180.3358,2.4473,0.0000,0.0000,0.0000
21.359,549.7759,-2.1485,231.9642,0.2510,3.8000,-0.4500,356.6287,180.3517,2.2777,0.0000,0.0000,0.0000
21.472,549.5712,-2.1531,232.0296,0.2510,3.8000,-0.4500,356.7815,180.3577,2.2103,0.0000,0.0000,0.0000
21.582,549.3249,-2.1564,232.1042,0.2510,3.8000,-0.4500,357.0977,180.3696,2.0705,0.0000,0.0000,0.0000
21.706,549.0784,-2.1573,232.1759,0.2510,3.8000,-0.4500,357.2505,180.3750,2.0028,0.0000,0.0000,0.0000
21.831,548.8307,-2.1558,232.2427,0.2510,3.8000,-0.4500,357.5616,180.3855,1.8643,0.0000,0.0000,0.0000
21.932,548.6235,-2.1528,232.2950,0.2510,3.8000,-0.4500,357.8697,180.3952,1.7259,0.0000,0.0000,0.0000
22.040,548.3745,-2.1471,232.3544,0.2510,3.8000,-0.4500,358.1688,180.4038,1.5903,0.0000,0.0000,0.0000
22.151,548.1673,-2.1407,232.4019,0.2510,3.8000,-0.4500,358.2465,180.4059,1.5546,0.0000,0.0000,0.0000
22.276,547.8752,-2.1291,232.4619,0.2510,3.8000,-0.4500,358.6390,180.4160,1.3734,0.0000,0.0000,0.0000
22.389,547.6660,-2.1191,232.5016,0.2510,3.8000,-0.4500,358.8763,180.4215,1.2620,0.0000,0.0000,0.0000
22.499,547.4144,-2.1054,232.5457,0.2510,3.8000,-0.4500,359.1080,180.4263,1.1526,0.0000,0.0000,0.0000
22.623,547.1616,-2.0897,232.5846,0.2510,3.8000,-0.4500,359.4825,180.4333,0.9732,0.0000,0.0000,0.0000
22.748,546.9087,-2.0722,232.6202,0.2510,3.8000,-0.4500,359.7152,180.4370,0.8602,0.0000,0.0000,0.0000
22.872,546.6548,-2.0530,232.6517,0.2510,3.8000,-0.4500,359.9421,180.4402,0.7498,0.0000,0.0000,0.0000
22.986,546.4000,-2.0320,232.6787,0.2510,3.8000,-0.4500,0.2466,180.4438,0.6009,0.0000,0.0000,0.0000
23.095,546.1445,-2.0094,232.7025,0.2510,3.8000,-0.4500,0.4691,180.4459,0.4925,0.0000,0.0000,0.0000
23.206,545.9308,-1.9892,232.7193,0.2510,3.8000,-0.4500,0.6873,180.4476,0.3871,0.0000,0.0000,0.0000
23.331,545.6754,-1.9637,232.7121,0.2510,3.8000,-0.4500,0.8345,180.4485,0.3172,0.0000,0.0000,0.0000
23.456,545.3826,-1.9346,232.6087,0.2510,3.8000,-0.4500,1.1428,180.4498,0.1739,0.0000,0.0000,0.0000
23.567,545.1777,-1.9148,232.4748,0.2510,3.8000,-0.4500,1.3739,180.4503,0.0698,0.0000,0.0000,0.0000
23.692,544.9388,-1.8928,232.2273,0.2510,3.8000,-0.4500,1.4514,180.4504,0.0362,0.0000,0.0000,0.0000
23.817,544.6719,-1.8730,231.7592,0.2510,3.8000,-0.4500,1.6067,180.4504,359.9695,0.0000,0.0000,0.0000
23.944,544.4514,-1.8609,231.2341,0.2510,3.8000,-0.4500,1.7556,180.4502,359.9098,0.0000,0.0000,0.0000
24.053,544.2712,-1.8533,230.7402,0.2510,3.8000,-0.4500,1.8318,180.4501,359.8826,0.0000,0.0000,0.0000
24.165,544.0577,-1.8462,230.1095,0.2510,3.8000,-0.4500,1.8318,180.4501,359.8826,0.0000,0.0000,0.0000
24.289,543.8451,-1.8397,229.4533,0.2510,3.8000,-0.4500,2.0751,180.4494,359.8100,0.0000,0.0000,0.0000
24.415,543.5986,-1.8335,228.6762,0.2510,3.8000,-0.4500,2.0751,180.4494,359.8100,0.0000,0.0000,0.0000
24.540,543.3869,-1.8283,228.0078,0.2510,3.8000,-0.4500,2.2314,180.4488,359.7622,0.0000,0.0000,0.0000
24.665,543.1752,-1.8239,227.3430,0.2510,3.8000,-0.4500,2.2314,180.4488,359.7622,0.0000,0.0000,0.0000
24.791,542.9602,-1.8187,226.7211,0.2510,3.8000,-0.4500,2.3853,180.4481,359.7024,0.0000,0.0000,0.0000
24.900,542.7392,-1.8097,226.1987,0.2510,3.8000,-0.4500,2.3853,180.4481,359.7024,0.0000,0.0000,0.0000
25.025,542.5107,-1.7965,225.7741,0.2510,3.8000,-0.4500,2.5370,180.4472,359.6263,0.0000,0.0000,0.0000
25.151,542.2746,-1.7788,225.4501,0.2510,3.8000,-0.4500,2.6085,180.4467,359.5847,0.0000,0.0000,0.0000
25.262,542.0302,-1.7564,225.2255,0.2510,3.8000,-0.4500,2.6797,180.4462,359.5427,0.0000,0.0000,0.0000
25.387,541.7784,-1.7307,225.0769,0.2510,3.8000,-0.4500,2.8173,180.4450,359.4452,0.0000,0.0000,0.0000
25.513,541.5226,-1.7022,224.9848,0.2510,3.8000,-0.4500,2.8173,180.4450,359.4452,0.0000,0.0000,0.0000
25.622,541.2633,-1.6733,224.9374,0.2510,3.8000,-0.4500,2.9466,180.4436,359.3353,0.0000,0.0000,0.0000
25.748,541.0021,-1.6453,224.9191,0.2510,3.8000,-0.4500,3.1210,180.4413,359.1517,0.0000,0.0000,0.0000
25.873,540.7416,-1.6164,224.9207,0.2510,3.8000,-0.4500,3.1210,180.4413,359.1517,0.0000,0.0000,0.0000
25.984,540.4805,-1.5901,224.9334,0.2510,3.8000,-0.4500,3.1683,180.4406,359.0861,0.0000,0.0000,0.0000
26.095,540.2182,-1.5670,224.9533,0.2510,3.8000,-0.4500,3.2559,180.4391,358.9482,0.0000,0.0000,0.0000
26.206,539.9999,-1.5484,224.9738,0.2510,3.8000,-0.4500,3.2559,180.4391,358.9482,0.0000,0.0000,0.0000
26.331,539.7363,-1.5323,225.0002,0.2510,3.8000,-0.4500,3.3556,180.4370,358.7100,0.0000,0.0000,0.0000
26.456,539.4298,-1.5145,225.0352,0.2510,3.8000,-0.4500,3.3767,180.4365,358.6304,0.0000,0.0000,0.0000
26.582,539.1663,-1.5040,225.0679,0.2510,3.8000,-0.4500,3.4158,180.4355,358.4718,0.0000,0.0000,0.0000
26.692,538.9472,-1.4956,225.0974,0.2510,3.8000,-0.4500,3.4158,180.4355,358.4718,0.0000,0.0000,0.0000
26.817,538.6392,-1.4915,225.1416,0.2510,3.8000,-0.4500,3.4323,180.4351,358.2278,0.0000,0.0000,0.0000
26.942,538.3766,-1.4876,225.1827,0.2510,3.8000,-0.4500,3.4323,180.4351,358.2278,0.0000,0.0000,0.0000
27.067,538.1131,-1.4880,225.2262,0.2510,3.8000,-0.4500,3.4273,180.4352,358.1465,0.0000,0.0000,0.0000
27.192,537.8488,-1.4927,225.2721,0.2510,3.8000,-0.4500,3.4047,180.4360,357.9799,0.0000,0.0000,0.0000
27.317,537.5416,-1.4977,225.3288,0.2510,3.8000,-0.4500,3.4047,180.4360,357.9799,0.0000,0.0000,0.0000
27.442,537.2779,-1.5060,225.3800,0.2510,3.8000,-0.4500,3.3843,180.4367,357.8995,0.0000,0.0000,0.0000
27.554,537.0580,-1.5148,225.4244,0.2510,3.8000,-0.4500,3.3593,180.4377,357.8212,0.0000,0.0000,0.0000
27.664,536.7947,-1.5252,225.4793,0.2510,3.8000,-0.4500,3.3593,180.4377,357.8212,0.0000,0.0000,0.0000
27.789,536.5308,-1.5390,225.5361,0.2510,3.8000,-0.4500,3.3256,180.4389,357.7453,0.0000,0.0000,0.0000
27.914,536.2230,-1.5567,225.6042,0.2510,3.8000,-0.4500,3.2817,180.4407,357.6742,0.0000,0.0000,0.0000
28.028,536.0033,-1.5708,225.6546,0.2510,3.8000,-0.4500,3.2374,180.4426,357.6042,0.0000,0.0000,0.0000
28.138,535.7405,-1.5867,225.7166,0.2510,3.8000,-0.4500,3.2374,180.4426,357.6043,0.0000,0.0000,0.0000
28.249,535.5215,-1.6004,225.7694,0.2510,3.8000,-0.4500,3.2374,180.4426,357.6043,0.0000,0.0000,0.0000
28.358,535.2589,-1.6171,225.8336,0.2510,3.8000,-0.4500,3.2374,180.4426,357.6043,0.0000,0.0000,0.0000
28.484,534.9963,-1.6339,225.8983,0.2510,3.8000,-0.4500,3.2374,180.4426,357.6043,0.0000,0.0000,0.0000
28.608,534.7338,-1.6506,225.9632,0.2510,3.8000,-0.4500,3.2374,180.4426,357.6043,0.0000,0.0000,0.0000
28.733,534.4714,-1.6681,226.0290,0.2510,3.8000,-0.4500,3.1646,180.4456,357.5653,0.0000,0.0000,0.0000
28.858,534.1657,-1.6864,226.1056,0.2510,3.8000,-0.4500,3.1646,180.4456,357.5653,0.0000,0.0000,0.0000
28.983,533.9044,-1.7021,226.1723,0.2510,3.8000,-0.4500,3.0870,180.4489,357.5454,0.0000,0.0000,0.0000
29.109,533.6431,-1.7160,226.2389,0.2510,3.8000,-0.4500,3.0870,180.4489,357.5454,0.0000,0.0000,0.0000
29.233,533.3820,-1.7294,226.3069,0.2510,3.8000,-0.4500,3.0047,180.4525,357.5461,0.0000,0.0000,0.0000
29.358,533.0781,-1.7434,226.3868,0.2510,3.8000,-0.4500,2.9235,180.4560,357.5563,0.0000,0.0000,0.0000
29.483,532.8179,-1.7541,226.4556,0.2510,3.8000,-0.4500,2.8448,180.4593,357.5723,0.0000,0.0000,0.0000
29.608,532.5583,-1.7635,226.5247,0.2510,3.8000,-0.4500,2.6915,180.4657,357.6273,0.0000,0.0000,0.0000
29.722,532.2990,-1.7717,226.5923,0.2510,3.8000,-0.4500,2.6915,180.4657,357.6273,0.0000,0.0000,0.0000
29.831,532.0837,-1.7772,226.6495,0.2510,3.8000,-0.4500,2.4680,180.4748,357.7510,0.0000,0.0000,0.0000
29.955,531.7816,-1.7845,226.7261,0.2510,3.8000,-0.4500,2.4680,180.4748,357.7510,0.0000,0.0000,0.0000
30.080,531.5238,-1.7888,226.7917,0.2510,3.8000,-0.4500,2.2607,180.4826,357.9037,0.0000,0.0000,0.0000
30.206,531.2656,-1.7925,226.8553,0.2510,3.8000,-0.4500,2.1339,180.4872,358.0095,0.0000,0.0000,0.0000
30.331,531.0075,-1.7955,226.9172,0.2510,3.8000,-0.4500,2.0094,180.4914,358.1201,0.0000,0.0000,0.0000
30.455,530.7067,-1.7990,226.9867,0.2510,3.8000,-0.4500,1.9498,180.4933,358.1738,0.0000,0.0000,0.0000
30.567,530.4922,-1.8006,227.0353,0.2510,3.8000,-0.4500,1.8310,180.4970,358.2840,0.0000,0.0000,0.0000
30.691,530.2349,-1.8025,227.0916,0.2510,3.8000,-0.4500,1.7145,180.5004,358.3926,0.0000,0.0000,0.0000
30.817,529.9346,-1.8053,227.1545,0.2510,3.8000,-0.4500,1.6553,180.5020,358.4476,0.0000,0.0000,0.0000
30.941,529.6782,-1.8067,227.2077,0.2510,3.8000,-0.4500,1.4665,180.5068,358.6193,0.0000,0.0000,0.0000
31.067,529.4215,-1.8089,227.2589,0.2510,3.8000,-0.4500,1.3382,180.5098,358.7306,0.0000,0.0000,0.0000
31.191,529.1647,-1.8119,227.3082,0.2510,3.8000,-0.4500,1.2747,180.5112,358.7852,0.0000,0.0000,0.0000
31.316,528.8659,-1.8152,227.3645,0.2510,3.8000,-0.4500,1.0838,180.5150,358.9408,0.0000,0.0000,0.0000
31.441,528.6096,-1.8194,227.4105,0.2510,3.8000,-0.4500,1.0168,180.5162,358.9915,0.0000,0.0000,0.0000
31.566,528.3535,-1.8239,227.4557,0.2510,3.8000,-0.4500,0.8823,180.5184,359.0922,0.0000,0.0000,0.0000
31.667,528.1402,-1.8282,227.4928,0.2510,3.8000,-0.4500,0.7486,180.5204,359.1858,0.0000,0.0000,0.0000
31.772,527.9268,-1.8334,227.5289,0.2510,3.8000,-0.4500,0.6802,180.5214,359.2316,0.0000,0.0000,0.0000
31.897,527.6284,-1.8415,227.5787,0.2510,3.8000,-0.4500,0.5425,180.5231,359.3212,0.0000,0.0000,0.0000
32.010,527.4150,-1.8482,227.6131,0.2510,3.8000,-0.4500,0.4733,180.5239,359.3646,0.0000,0.0000,0.0000
32.120,527.1595,-1.8567,227.6542,0.2510,3.8000,-0.4500,0.2558,180.5261,359.4937,0.0000,0.0000,0.0000
32.246,526.9034,-1.8667,227.6928,0.2510,3.8000,-0.4500,0.2558,180.5261,359.4936,0.0000,0.0000,0.0000
32.357,526.6482,-1.8772,227.7324,0.2510,3.8000,-0.4500,0.0448,180.5277,359.6103,0.0000,0.0000,0.0000
32.469,526.4349,-1.8869,227.7643,0.2510,3.8000,-0.4500,0.0448,180.5277,359.6103,0.0000,0.0000,0.0000
32.579,526.1797,-1.8994,227.8040,0.2510,3.8000,-0.4500,359.8966,180.5287,359.6857,0.0000,0.0000,0.0000
32.704,525.9244,-1.9129,227.8433,0.2510,3.8000,-0.4500,359.8241,180.5290,359.7223,0.0000,0.0000,0.0000
32.816,525.6690,-1.9274,227.8826,0.2510,3.8000,-0.4500,359.8241,180.5290,359.7223,0.0000,0.0000,0.0000
32.941,525.4144,-1.9430,227.9235,0.2510,3.8000,-0.4500,359.6031,180.5299,359.8217,0.0000,0.0000,0.0000
33.052,525.2017,-1.9568,227.9558,0.2510,3.8000,-0.4500,359.6031,180.5299,359.8217,0.0000,0.0000,0.0000
33.177,524.9039,-1.9774,227.9998,0.2510,3.8000,-0.4500,359.6031,180.5299,359.8217,0.0000,0.0000,0.0000
33.302,524.6488,-1.9968,228.0374,0.2510,3.8000,-0.4500,359.4497,180.5303,359.8760,0.0000,0.0000,0.0000
33.427,524.3934,-2.0173,228.0741,0.2510,3.8000,-0.4500,359.4497,180.5303,359.8760,0.0000,0.0000,0.0000
33.553,524.1381,-2.0396,228.1118,0.2510,3.8000,-0.4500,359.4497,180.5303,359.8760,0.0000,0.0000,0.0000
33.678,523.8403,-2.0682,228.1568,0.2510,3.8000,-0.4500,359.4497,180.5303,359.8760,0.0000,0.0000,0.0000
33.788,523.6271,-2.0911,228.1893,0.2510,3.8000,-0.4500,359.3691,180.5305,359.8832,0.0000,0.0000,0.0000
33.913,523.3709,-2.1207,228.2265,0.2510,3.8000,-0.4500,359.3691,180.5305,359.8832,0.0000,0.0000,0.0000
34.038,523.0712,-2.1609,228.2694,0.2510,3.8000,-0.4500,359.2119,180.5308,359.8446,0.0000,0.0000,0.0000
34.149,522.8569,-2.1908,228.2985,0.2510,3.8000,-0.4500,359.2119,180.5308,359.8446,0.0000,0.0000,0.0000
34.275,522.5558,-2.2374,228.3388,0.2510,3.8000,-0.4500,359.1448,180.5311,359.7984,0.0000,0.0000,0.0000
34.385,522.3404,-2.2731,228.3673,0.2510,3.8000,-0.4500,359.0789,180.5313,359.7512,0.0000,0.0000,0.0000
34.510,522.0817,-2.3164,228.4013,0.2510,3.8000,-0.4500,359.0789,180.5313,359.7512,0.0000,0.0000,0.0000
34.624,521.8223,-2.3628,228.4366,0.2510,3.8000,-0.4500,359.0270,180.5316,359.6870,0.0000,0.0000,0.0000
34.732,521.6061,-2.4027,228.4667,0.2510,3.8000,-0.4500,358.9765,180.5319,359.6226,0.0000,0.0000,0.0000
34.857,521.3041,-2.4572,228.5105,0.2510,3.8000,-0.4500,358.9765,180.5319,359.6226,0.0000,0.0000,0.0000
34.969,521.0883,-2.4962,228.5436,0.2510,3.8000,-0.4500,358.9765,180.5319,359.6226,0.0000,0.0000,0.0000
35.079,520.8294,-2.5427,228.5848,0.2510,3.8000,-0.4500,358.9765,180.5319,359.6226,0.0000,0.0000,0.0000
35.205,520.5705,-2.5884,228.6267,0.2510,3.8000,-0.4500,358.9765,180.5319,359.6226,0.0000,0.0000,0.0000
35.329,520.3116,-2.6325,228.6684,0.2510,3.8000,-0.4500,358.9765,180.5319,359.6226,0.0000,0.0000,0.0000
35.454,520.0095,-2.6814,228.7162,0.2510,3.8000,-0.4500,358.9765,180.5319,359.6226,0.0000,0.0000,0.0000
35.579,519.7501,-2.7205,228.7537,0.2510,3.8000,-0.4500,358.9765,180.5319,359.6226,0.0000,0.0000,0.0000
35.704,519.4906,-2.7564,228.7867,0.2510,3.8000,-0.4500,358.9765,180.5319,359.6226,0.0000,0.0000,0.0000
35.829,519.2308,-2.7887,228.8156,0.2510,3.8000,-0.4500,358.9765,180.5319,359.6226,0.0000,0.0000,0.0000
35.955,518.9276,-2.8213,228.8479,0.2510,3.8000,-0.4500,358.9765,180.5319,359.6226,0.0000,0.0000,0.0000
36.066,518.7114,-2.8410,228.8714,0.2510,3.8000,-0.4500,358.9765,180.5319,359.6226,0.0000,0.0000,0.0000
36.179,518.4523,-2.8602,228.9003,0.2510,3.8000,-0.4500,358.9765,180.5319,359.6226,0.0000,0.0000,0.0000
36.288,518.2371,-2.8724,228.9272,0.2510,3.8000,-0.4500,358.9765,180.5319,359.6226,0.0000,0.0000,0.0000
36.412,517.9798,-2.8815,228.9643,0.2510,3.8000,-0.4500,359.0553,180.5314,359.6320,0.0000,0.0000,0.0000
36.537,517.6810,-2.8842,229.0138,0.2510,3.8000,-0.4500,359.2144,180.5304,359.6666,0.0000,0.0000,0.0000
36.651,517.4687,-2.8805,229.0518,0.2510,3.8000,-0.4500,359.3651,180.5296,359.7257,0.0000,0.0000,0.0000
36.774,517.2151,-2.8697,229.0992,0.2510,3.8000,-0.4500,359.5793,180.5288,359.8488,0.0000,0.0000,0.0000
36.898,516.9198,-2.8516,229.1564,0.2510,3.8000,-0.4500,359.7070,180.5286,359.9478,0.0000,0.0000,0.0000
37.024,516.6677,-2.8281,229.2015,0.2510,3.8000,-0.4500,359.8856,180.5287,0.1125,0.0000,0.0000,0.0000
37.148,516.4160,-2.7988,229.2403,0.2510,3.8000,-0.4500,0.0473,180.5292,0.2987,0.0000,0.0000,0.0000
37.274,516.1634,-2.7673,229.2745,0.2510,3.8000,-0.4500,0.0951,180.5295,0.3633,0.0000,0.0000,0.0000
37.398,515.8712,-2.7215,229.3149,0.2510,3.8000,-0.4500,0.2292,180.5306,0.5668,0.0000,0.0000,0.0000
37.524,515.6215,-2.6779,229.3540,0.2510,3.8000,-0.4500,0.3103,180.5315,0.7089,0.0000,0.0000,0.0000
37.648,515.3732,-2.6300,229.3973,0.2510,3.8000,-0.4500,0.3807,180.5324,0.8538,0.0000,0.0000,0.0000
37.774,515.0853,-2.5683,229.4511,0.2510,3.8000,-0.4500,0.4707,180.5340,1.0778,0.0000,0.0000,0.0000
37.899,514.8386,-2.5141,229.4995,0.2510,3.8000,-0.4500,0.4925,180.5344,1.1578,0.0000,0.0000,0.0000
38.024,514.5936,-2.4557,229.5489,0.2510,3.8000,-0.4500,0.5295,180.5352,1.3187,0.0000,0.0000,0.0000
38.135,514.3496,-2.3952,229.5998,0.2510,3.8000,-0.4500,0.5578,180.5359,1.4777,0.0000,0.0000,0.0000
38.246,514.1461,-2.3460,229.6437,0.2510,3.8000,-0.4500,0.5578,180.5359,1.4777,0.0000,0.0000,0.0000
38.371,513.9034,-2.2830,229.6973,0.2510,3.8000,-0.4500,0.5551,180.5358,1.6461,0.0000,0.0000,0.0000
38.486,513.6609,-2.2211,229.7531,0.2510,3.8000,-0.4500,0.5420,180.5354,1.7292,0.0000,0.0000,0.0000
38.596,513.4200,-2.1580,229.8116,0.2510,3.8000,-0.4500,0.5120,180.5345,1.8927,0.0000,0.0000,0.0000
38.708,513.2189,-2.1081,229.8624,0.2510,3.8000,-0.4500,0.5120,180.5345,1.8927,0.0000,0.0000,0.0000
38.819,512.9786,-2.0472,229.9254,0.2510,3.8000,-0.4500,0.4437,180.5321,2.0423,0.0000,0.0000,0.0000
38.930,512.7783,-1.9987,229.9794,0.2510,3.8000,-0.4500,0.3983,180.5305,2.1100,0.0000,0.0000,0.0000
39.041,512.5386,-1.9421,230.0464,0.2510,3.8000,-0.4500,0.2881,180.5263,2.2360,0.0000,0.0000,0.0000
39.152,512.3393,-1.8971,230.1040,0.2510,3.8000,-0.4500,0.1665,180.5214,2.3453,0.0000,0.0000,0.0000
39.273,512.0997,-1.8468,230.1747,0.2510,3.8000,-0.4500,0.0992,180.5186,2.3898,0.0000,0.0000,0.0000
39.398,511.8205,-1.7924,230.2568,0.2510,3.8000,-0.4500,359.9563,180.5126,2.4685,0.0000,0.0000,0.0000
39.510,511.6240,-1.7563,230.2452,0.2510,3.8000,-0.4500,359.7979,180.5057,2.5284,0.0000,0.0000,0.0000
39.635,511.3602,-1.7071,230.0309,0.2510,3.8000,-0.4500,359.5536,180.4947,2.5972,0.0000,0.0000,0.0000
39.760,511.1436,-1.6643,229.6888,0.2510,3.8000,-0.4500,359.4755,180.4912,2.6175,0.0000,0.0000,0.0000
39.885,510.9365,-1.6203,229.1965,0.2510,3.8000,-0.4500,359.3160,180.4838,2.6487,0.0000,0.0000,0.0000
39.996,510.7369,-1.5741,228.5779,0.2510,3.8000,-0.4500,359.1537,180.4763,2.6777,0.0000,0.0000,0.0000
40.108,510.5735,-1.5345,228.0145,0.2510,3.8000,-0.4500,358.9868,180.4684,2.7066,0.0000,0.0000,0.0000
40.219,510.3787,-1.4858,227.3183,0.2510,3.8000,-0.4500,358.9047,180.4645,2.7207,0.0000,0.0000,0.0000
40.329,510.2168,-1.4464,226.7372,0.2510,3.8000,-0.4500,358.6608,180.4529,2.7584,0.0000,0.0000,0.0000
40.442,510.0222,-1.3982,226.0429,0.2510,3.8000,-0.4500,358.6608,180.4529,2.7584,0.0000,0.0000,0.0000
40.552,509.8599,-1.3599,225.4706,0.2510,3.8000,-0.4500,358.4960,180.4449,2.7762,0.0000,0.0000,0.0000
40.662,509.6650,-1.3160,224.7901,0.2510,3.8000,-0.4500,358.2397,180.4324,2.7906,0.0000,0.0000,0.0000
40.787,509.4696,-1.2725,224.1134,0.2510,3.8000,-0.4500,358.1594,180.4285,2.7903,0.0000,0.0000,0.0000
40.887,509.3063,-1.2386,223.5530,0.2510,3.8000,-0.4500,357.9950,180.4205,2.7831,0.0000,0.0000,0.0000
40.997,509.1116,-1.1981,222.8581,0.2510,3.8000,-0.4500,357.9138,180.4166,2.7744,0.0000,0.0000,0.0000
41.106,508.9499,-1.1649,222.2617,0.2510,3.8000,-0.4500,357.8321,180.4126,2.7633,0.0000,0.0000,0.0000
41.231,508.7543,-1.1283,221.5685,0.2510,3.8000,-0.4500,357.6692,180.4048,2.7340,0.0000,0.0000,0.0000
41.356,508.5197,-1.0934,220.8531,0.2510,3.8000,-0.4500,357.4274,180.3934,2.6673,0.0000,0.0000,0.0000
41.467,508.3443,-1.0745,220.4579,0.2510,3.8000,-0.4500,357.4274,180.3934,2.6673,0.0000,0.0000,0.0000
41.593,508.1222,-1.0666,220.1230,0.2510,3.8000,-0.4500,357.1961,180.3828,2.5717,0.0000,0.0000,0.0000
41.717,507.8502,-1.0739,219.8797,0.2510,3.8000,-0.4500,356.8940,180.3697,2.4057,0.0000,0.0000,0.0000
41.830,507.6512,-1.0851,219.7855,0.2510,3.8000,-0.4500,356.8940,180.3697,2.4056,0.0000,0.0000,0.0000
41.940,507.4073,-1.1159,219.7587,0.2510,3.8000,-0.4500,356.6113,180.3582,2.2137,0.0000,0.0000,0.0000
42.065,507.1611,-1.1563,219.7838,0.2510,3.8000,-0.4500,356.4025,180.3504,2.0534,0.0000,0.0000,0.0000
42.176,506.9138,-1.2043,219.8360,0.2510,3.8000,-0.4500,356.2688,180.3458,1.9484,0.0000,0.0000,0.0000
42.287,506.7062,-1.2523,219.8909,0.2510,3.8000,-0.4500,356.0773,180.3395,1.7906,0.0000,0.0000,0.0000
42.411,506.4564,-1.3157,219.9633,0.2510,3.8000,-0.4500,355.8822,180.3337,1.6253,0.0000,0.0000,0.0000
42.522,506.2056,-1.3855,220.0387,0.2510,3.8000,-0.4500,355.6867,180.3284,1.4570,0.0000,0.0000,0.0000
42.647,505.9544,-1.4594,220.1142,0.2510,3.8000,-0.4500,355.5616,180.3253,1.3483,0.0000,0.0000,0.0000
42.759,505.7026,-1.5384,220.1888,0.2510,3.8000,-0.4500,355.4383,180.3225,1.2405,0.0000,0.0000,0.0000
42.884,505.4502,-1.6217,220.2622,0.2510,3.8000,-0.4500,355.3153,180.3200,1.1318,0.0000,0.0000,0.0000
43.009,505.1971,-1.7089,220.3341,0.2510,3.8000,-0.4500,355.1926,180.3177,1.0218,0.0000,0.0000,0.0000
43.134,504.9020,-1.8125,220.4155,0.2510,3.8000,-0.4500,355.1340,180.3166,0.9687,0.0000,0.0000,0.0000
43.260,504.6482,-1.9038,220.4831,0.2510,3.8000,-0.4500,355.0746,180.3156,0.9129,0.0000,0.0000,0.0000
43.384,504.3943,-1.9965,220.5487,0.2510,3.8000,-0.4500,355.0175,180.3148,0.8584,0.0000,0.0000,0.0000
43.496,504.1406,-2.0884,220.6124,0.2510,3.8000,-0.4500,355.0175,180.3148,0.8584,0.0000,0.0000,0.0000
43.621,503.8865,-2.1800,220.6749,0.2510,3.8000,-0.4500,355.0175,180.3148,0.8584,0.0000,0.0000,0.0000
43.732,503.6747,-2.2557,220.7262,0.2510,3.8000,-0.4500,355.0175,180.3148,0.8584,0.0000,0.0000,0.0000
43.857,503.3781,-2.3597,220.7976,0.2510,3.8000,-0.4500,355.0175,180.3148,0.8584,0.0000,0.0000,0.0000
43.969,503.1663,-2.4319,220.8485,0.2510,3.8000,-0.4500,355.0175,180.3148,0.8584,0.0000,0.0000,0.0000
44.080,502.9124,-2.5156,220.9098,0.2510,3.8000,-0.4500,355.0175,180.3148,0.8584,0.0000,0.0000,0.0000
44.190,502.7010,-2.5822,220.9610,0.2510,3.8000,-0.4500,355.0175,180.3148,0.8584,0.0000,0.0000,0.0000
44.315,502.4054,-2.6695,221.0327,0.2510,3.8000,-0.4500,355.0175,180.3148,0.8584,0.0000,0.0000,0.0000
44.440,502.1527,-2.7376,221.0943,0.2510,3.8000,-0.4500,355.0175,180.3148,0.8584,0.0000,0.0000,0.0000
44.564,501.9005,-2.7986,221.1558,0.2510,3.8000,-0.4500,355.0175,180.3148,0.8584,0.0000,0.0000,0.0000
44.665,501.6908,-2.8435,221.2068,0.2510,3.8000,-0.4500,355.0175,180.3148,0.8584,0.0000,0.0000,0.0000
44.773,501.4821,-2.8797,221.2569,0.2510,3.8000,-0.4500,355.1577,180.3170,0.9438,0.0000,0.0000,0.0000
44.897,501.1922,-2.9149,221.3265,0.2510,3.8000,-0.4500,355.5827,180.3251,1.2376,0.0000,0.0000,0.0000
45.023,500.9442,-2.9376,221.3890,0.2510,3.8000,-0.4500,355.7856,180.3298,1.3990,0.0000,0.0000,0.0000
45.136,500.6980,-2.9488,221.4538,0.2510,3.8000,-0.4500,356.0501,180.3367,1.6166,0.0000,0.0000,0.0000
45.244,500.4946,-2.9477,221.5098,0.2510,3.8000,-0.4500,356.3735,180.3466,1.8917,0.0000,0.0000,0.0000
45.369,500.2512,-2.9396,221.5816,0.2510,3.8000,-0.4500,356.6284,180.3556,2.1088,0.0000,0.0000,0.0000
45.481,500.0105,-2.9177,221.6568,0.2510,3.8000,-0.4500,357.0195,180.3711,2.4369,0.0000,0.0000,0.0000
45.591,499.8105,-2.8940,221.7237,0.2510,3.8000,-0.4500,357.2195,180.3799,2.5994,0.0000,0.0000,0.0000
45.702,499.5732,-2.8533,221.8076,0.2510,3.8000,-0.4500,357.5563,180.3960,2.8668,0.0000,0.0000,0.0000
45.814,499.3379,-2.8016,221.8964,0.2510,3.8000,-0.4500,357.8922,180.4136,3.1212,0.0000,0.0000,0.0000
45.924,499.1439,-2.7489,221.9734,0.2510,3.8000,-0.4500,358.2369,180.4332,3.3712,0.0000,0.0000,0.0000
46.050,498.9122,-2.6785,222.0709,0.2510,3.8000,-0.4500,358.5244,180.4506,3.5681,0.0000,0.0000,0.0000
46.150,498.7213,-2.6107,222.1552,0.2510,3.8000,-0.4500,358.8110,180.4690,3.7576,0.0000,0.0000,0.0000
46.258,498.4944,-2.5195,222.2598,0.2510,3.8000,-0.4500,359.1794,180.4939,3.9854,0.0000,0.0000,0.0000
46.383,498.2689,-2.4211,222.3693,0.2510,3.8000,-0.4500,359.3959,180.5092,4.1137,0.0000,0.0000,0.0000
46.508,498.0465,-2.3090,222.4805,0.2510,3.8000,-0.4500,359.8608,180.5437,4.3655,0.0000,0.0000,0.0000
46.633,497.8257,-2.1906,222.5957,0.2510,3.8000,-0.4500,0.1645,180.5673,4.5161,0.0000,0.0000,0.0000
46.744,497.6063,-2.0651,222.7141,0.2510,3.8000,-0.4500,0.3898,180.5853,4.6213,0.0000,0.0000,0.0000
46.869,497.3890,-1.9295,222.8334,0.2510,3.8000,-0.4500,0.7788,180.6173,4.7801,0.0000,0.0000,0.0000
46.994,497.1368,-1.7646,222.9752,0.2510,3.8000,-0.4500,1.0982,180.6443,4.8925,0.0000,0.0000,0.0000
47.119,496.9218,-1.6173,223.0981,0.2510,3.8000,-0.4500,1.3388,180.6651,4.9623,0.0000,0.0000,0.0000
47.244,496.7078,-1.4648,223.2216,0.2510,3.8000,-0.4500,1.5819,180.6863,5.0198,0.0000,0.0000,0.0000
47.370,496.4943,-1.3091,223.3459,0.2510,3.8000,-0.4500,1.7419,180.7004,5.0511,0.0000,0.0000,0.0000
47.495,496.2459,-1.1228,223.4904,0.2510,3.8000,-0.4500,1.9827,180.7218,5.0801,0.0000,0.0000,0.0000
47.620,496.0330,-0.9607,223.6137,0.2510,3.8000,-0.4500,2.2356,180.7443,5.0819,0.0000,0.0000,0.0000
47.734,495.8554,-0.8257,223.7168,0.2510,3.8000,-0.4500,2.3144,180.7513,5.0763,0.0000,0.0000,0.0000
47.842,495.6419,-0.6632,223.8394,0.2510,3.8000,-0.4500,2.4699,180.7651,5.0526,0.0000,0.0000,0.0000
47.967,495.4280,-0.5019,223.9621,0.2510,3.8000,-0.4500,2.5482,180.7720,5.0285,0.0000,0.0000,0.0000
48.092,495.2127,-0.3423,224.0827,0.2510,3.8000,-0.4500,2.7751,180.7918,4.9366,0.0000,0.0000,0.0000
48.217,494.9606,-0.1600,224.2238,0.2510,3.8000,-0.4500,2.8394,180.7974,4.8845,0.0000,0.0000,0.0000
48.327,494.7789,-0.0335,224.3230,0.2510,3.8000,-0.4500,2.9641,180.8079,4.7752,0.0000,0.0000,0.0000
48.452,494.5590,0.1127,224.4408,0.2510,3.8000,-0.4500,3.1018,180.8192,4.5753,0.0000,0.0000,0.0000
48.578,494.3006,0.2768,224.5760,0.2510,3.8000,-0.4500,3.1624,180.8240,4.4167,0.0000,0.0000,0.0000
48.689,494.1139,0.3879,224.6700,0.2510,3.8000,-0.4500,3.2137,180.8279,4.2567,0.0000,0.0000,0.0000
48.813,493.8872,0.5134,224.7794,0.2510,3.8000,-0.4500,3.2464,180.8303,4.0164,0.0000,0.0000,0.0000
48.938,493.6185,0.6468,224.9019,0.2510,3.8000,-0.4500,3.2271,180.8290,3.6029,0.0000,0.0000,0.0000
49.063,493.3861,0.7530,225.0012,0.2510,3.8000,-0.4500,3.1786,180.8261,3.3591,0.0000,0.0000,0.0000
49.188,493.1496,0.8462,225.0959,0.2510,3.8000,-0.4500,3.0497,180.8190,2.9462,0.0000,0.0000,0.0000
49.313,492.9118,0.9326,225.1841,0.2510,3.8000,-0.4500,2.9526,180.8142,2.7141,0.0000,0.0000,0.0000
49.438,492.6290,1.0142,225.2815,0.2510,3.8000,-0.4500,2.6721,180.8022,2.1735,0.0000,0.0000,0.0000
49.563,492.3850,1.0759,225.3580,0.2510,3.8000,-0.4500,2.4981,180.7961,1.8906,0.0000,0.0000,0.0000
49.674,492.1392,1.1281,225.4289,0.2510,3.8000,-0.4500,2.3595,180.7917,1.6818,0.0000,0.0000,0.0000
49.785,491.9314,1.1585,225.4859,0.2510,3.8000,-0.4500,2.0909,180.7847,1.3189,0.0000,0.0000,0.0000
49.910,491.6811,1.1884,225.5498,0.2510,3.8000,-0.4500,1.8762,180.7803,1.0454,0.0000,0.0000,0.0000
50.036,491.3863,1.2067,225.6210,0.2510,3.8000,-0.4500,1.5201,180.7751,0.6356,0.0000,0.0000,0.0000
50.160,491.1324,1.2128,225.6789,0.2510,3.8000,-0.4500,1.2892,180.7730,0.3846,0.0000,0.0000,0.0000
50.286,490.8769,1.2063,225.7362,0.2510,3.8000,-0.4500,0.9748,180.7718,0.0720,0.0000,0.0000,0.0000
50.396,490.6208,1.1911,225.7926,0.2510,3.8000,-0.4500,0.7262,180.7720,359.8381,0.0000,0.0000,0.0000
50.521,490.3636,1.1643,225.8494,0.2510,3.8000,-0.4500,0.4077,180.7737,359.5588,0.0000,0.0000,0.0000
50.646,490.1058,1.1279,225.9069,0.2510,3.8000,-0.4500,0.0818,180.7769,359.2966,0.0000,0.0000,0.0000
50.746,489.8913,1.0934,225.9550,0.2510,3.8000,-0.4500,359.9424,180.7788,359.1934,0.0000,0.0000,0.0000
50.847,489.6757,1.0485,226.0058,0.2510,3.8000,-0.4500,359.5923,180.7845,358.9452,0.0000,0.0000,0.0000
50.948,489.4608,1.0020,226.0570,0.2510,3.8000,-0.4500,359.4523,180.7871,358.8553,0.0000,0.0000,0.0000
51.061,489.2027,0.9369,226.1214,0.2510,3.8000,-0.4500,359.1713,180.7932,358.6829,0.0000,0.0000,0.0000
51.162,488.9875,0.8773,226.1768,0.2510,3.8000,-0.4500,358.9489,180.7985,358.5636,0.0000,0.0000,0.0000
51.271,488.7726,0.8144,226.2328,0.2510,3.8000,-0.4500,358.8013,180.8023,358.4879,0.0000,0.0000,0.0000
51.396,488.4715,0.7164,226.3143,0.2510,3.8000,-0.4500,358.4182,180.8130,358.3211,0.0000,0.0000,0.0000
51.521,488.2141,0.6294,226.3851,0.2510,3.8000,-0.4500,358.2594,180.8177,358.2668,0.0000,0.0000,0.0000
51.646,487.9568,0.5377,226.4581,0.2510,3.8000,-0.4500,358.0994,180.8227,358.2180,0.0000,0.0000,0.0000
51.757,487.6996,0.4402,226.5339,0.2510,3.8000,-0.4500,357.7704,180.8331,358.1413,0.0000,0.0000,0.0000
51.868,487.4859,0.3598,226.5966,0.2510,3.8000,-0.4500,357.7704,180.8331,358.1413,0.0000,0.0000,0.0000
51.993,487.2294,0.2578,226.6751,0.2510,3.8000,-0.4500,357.4354,180.8441,358.1103,0.0000,0.0000,0.0000
52.104,486.9732,0.1573,226.7524,0.2510,3.8000,-0.4500,357.4354,180.8441,358.1102,0.0000,0.0000,0.0000
52.229,486.7175,0.0549,226.8313,0.2510,3.8000,-0.4500,357.2679,180.8496,358.1216,0.0000,0.0000,0.0000
52.340,486.4622,-0.0477,226.9110,0.2510,3.8000,-0.4500,357.0212,180.8576,358.1676,0.0000,0.0000,0.0000
52.465,486.2067,-0.1483,226.9889,0.2510,3.8000,-0.4500,357.0212,180.8576,358.1676,0.0000,0.0000,0.0000
52.590,485.9522,-0.2474,227.0683,0.2510,3.8000,-0.4500,356.7929,180.8647,358.2726,0.0000,0.0000,0.0000
52.702,485.6972,-0.3443,227.1454,0.2510,3.8000,-0.4500,356.7929,180.8647,358.2726,0.0000,0.0000,0.0000
52.815,485.4428,-0.4381,227.2224,0.2510,3.8000,-0.4500,356.7276,180.8667,358.3284,0.0000,0.0000,0.0000
52.924,485.2314,-0.5136,227.2866,0.2510,3.8000,-0.4500,356.6006,180.8703,358.4426,0.0000,0.0000,0.0000
53.049,484.9777,-0.6019,227.3627,0.2510,3.8000,-0.4500,356.5481,180.8717,358.5096,0.0000,0.0000,0.0000
53.163,484.7244,-0.6863,227.4389,0.2510,3.8000,-0.4500,356.4466,180.8742,358.6455,0.0000,0.0000,0.0000
53.271,484.5133,-0.7547,227.5017,0.2510,3.8000,-0.4500,356.4062,180.8751,358.7180,0.0000,0.0000,0.0000
53.396,484.2184,-0.8461,227.5888,0.2510,3.8000,-0.4500,356.3317,180.8767,358.8672,0.0000,0.0000,0.0000
53.521,483.9657,-0.9217,227.6623,0.2510,3.8000,-0.4500,356.3035,180.8772,358.9486,0.0000,0.0000,0.0000
53.646,483.7131,-0.9945,227.7347,0.2510,3.8000,-0.4500,356.2761,180.8777,359.0303,0.0000,0.0000,0.0000
53.759,483.4607,-1.0647,227.8055,0.2510,3.8000,-0.4500,356.2563,180.8780,359.1099,0.0000,0.0000,0.0000
53.871,483.2500,-1.1226,227.8630,0.2510,3.8000,-0.4500,356.2563,180.8780,359.1099,0.0000,0.0000,0.0000
53.981,482.9981,-1.1879,227.9310,0.2510,3.8000,-0.4500,356.2357,180.8783,359.2716,0.0000,0.0000,0.0000
54.104,482.7454,-1.2545,227.9977,0.2510,3.8000,-0.4500,356.2357,180.8783,359.2716,0.0000,0.0000,0.0000
54.229,482.4927,-1.3201,228.0640,0.2510,3.8000,-0.4500,356.2357,180.8783,359.2716,0.0000,0.0000,0.0000
54.354,482.2398,-1.3851,228.1303,0.2510,3.8000,-0.4500,356.2357,180.8783,359.2716,0.0000,0.0000,0.0000
54.478,481.9445,-1.4601,228.2077,0.2510,3.8000,-0.4500,356.2357,180.8783,359.2716,0.0000,0.0000,0.0000
54.603,481.6913,-1.5239,228.2743,0.2510,3.8000,-0.4500,356.2357,180.8783,359.2716,0.0000,0.0000,0.0000
54.728,481.4379,-1.5872,228.3406,0.2510,3.8000,-0.4500,356.2357,180.8783,359.2715,0.0000,0.0000,0.0000
54.839,481.1841,-1.6498,228.4064,0.2510,3.8000,-0.4500,356.2357,180.8783,359.2715,0.0000,0.0000,0.0000
54.965,480.9302,-1.7096,228.4704,0.2510,3.8000,-0.4500,356.3967,180.8763,359.3135,0.0000,0.0000,0.0000
55.090,480.6755,-1.7682,228.5331,0.2510,3.8000,-0.4500,356.6428,180.8734,359.3309,0.0000,0.0000,0.0000
55.215,480.3778,-1.8368,228.6062,0.2510,3.8000,-0.4500,356.8051,180.8715,359.3213,0.0000,0.0000,0.0000
55.327,480.1645,-1.8843,228.6571,0.2510,3.8000,-0.4500,357.0502,180.8685,359.2775,0.0000,0.0000,0.0000
55.451,479.9082,-1.9409,228.7188,0.2510,3.8000,-0.4500,357.2171,180.8664,359.2320,0.0000,0.0000,0.0000
55.562,479.6519,-1.9961,228.7805,0.2510,3.8000,-0.4500,357.3813,180.8641,359.1842,0.0000,0.0000,0.0000
55.687,479.3948,-2.0494,228.8412,0.2510,3.8000,-0.4500,357.6984,180.8593,359.0746,0.0000,0.0000,0.0000
55.799,479.1373,-2.1010,228.9023,0.2510,3.8000,-0.4500,358.0086,180.8539,358.9568,0.0000,0.0000,0.0000
55.924,478.8802,-2.1510,228.9651,0.2510,3.8000,-0.4500,358.0827,180.8526,358.9283,0.0000,0.0000,0.0000
56.049,478.6219,-2.1986,229.0257,0.2510,3.8000,-0.4500,358.4796,180.8446,358.7722,0.0000,0.0000,0.0000
56.163,478.3643,-2.2443,229.0887,0.2510,3.8000,-0.4500,358.5582,180.8429,358.7416,0.0000,0.0000,0.0000
56.271,478.1490,-2.2805,229.1404,0.2510,3.8000,-0.4500,358.7969,180.8375,358.6491,0.0000,0.0000,0.0000
56.382,477.8904,-2.3218,229.2026,0.2510,3.8000,-0.4500,359.1120,180.8297,358.5296,0.0000,0.0000,0.0000
56.507,477.6319,-2.3611,229.2666,0.2510,3.8000,-0.4500,359.2676,180.8256,358.4718,0.0000,0.0000,0.0000
56.619,477.3728,-2.3979,229.3304,0.2510,3.8000,-0.4500,359.5786,180.8170,358.3576,0.0000,0.0000,0.0000
56.729,477.1574,-2.4273,229.3861,0.2510,3.8000,-0.4500,359.5786,180.8170,358.3576,0.0000,0.0000,0.0000
56.840,476.8980,-2.4602,229.4517,0.2510,3.8000,-0.4500,359.8977,180.8075,358.2425,0.0000,0.0000,0.0000
56.965,476.6390,-2.4913,229.5191,0.2510,3.8000,-0.4500,0.0559,180.8026,358.1855,0.0000,0.0000,0.0000
57.090,476.3799,-2.5206,229.5871,0.2510,3.8000,-0.4500,0.2116,180.7976,358.1294,0.0000,0.0000,0.0000
57.215,476.0771,-2.5525,229.6665,0.2510,3.8000,-0.4500,0.4486,180.7897,358.0426,0.0000,0.0000,0.0000
57.326,475.8606,-2.5741,229.7237,0.2510,3.8000,-0.4500,0.6061,180.7842,357.9837,0.0000,0.0000,0.0000
57.451,475.6010,-2.5988,229.7936,0.2510,3.8000,-0.4500,0.6836,180.7815,357.9546,0.0000,0.0000,0.0000
57.577,475.2975,-2.6261,229.8750,0.2510,3.8000,-0.4500,0.9156,180.7730,357.8640,0.0000,0.0000,0.0000
57.687,475.0811,-2.6449,229.9346,0.2510,3.8000,-0.4500,0.9156,180.7730,357.8640,0.0000,0.0000,0.0000
57.799,474.8204,-2.6666,230.0050,0.2510,3.8000,-0.4500,1.1507,180.7640,357.7661,0.0000,0.0000,0.0000
57.912,474.6037,-2.6843,230.0655,0.2510,3.8000,-0.4500,1.1507,180.7640,357.7661,0.0000,0.0000,0.0000
58.020,474.3430,-2.7050,230.1374,0.2510,3.8000,-0.4500,1.3033,180.7580,357.6976,0.0000,0.0000,0.0000
58.145,474.0821,-2.7255,230.2097,0.2510,3.8000,-0.4500,1.4561,180.7517,357.6239,0.0000,0.0000,0.0000
58.271,473.8215,-2.7457,230.2836,0.2510,3.8000,-0.4500,1.4561,180.7517,357.6239,0.0000,0.0000,0.0000
58.396,473.5170,-2.7693,230.3695,0.2510,3.8000,-0.4500,1.6003,180.7457,357.5484,0.0000,0.0000,0.0000
58.507,473.2996,-2.7860,230.4319,0.2510,3.8000,-0.4500,1.6003,180.7457,357.5485,0.0000,0.0000,0.0000
58.631,473.0382,-2.8064,230.5062,0.2510,3.8000,-0.4500,1.7429,180.7395,357.4673,0.0000,0.0000,0.0000
58.745,472.7772,-2.8265,230.5822,0.2510,3.8000,-0.4500,1.7429,180.7395,357.4673,0.0000,0.0000,0.0000
58.854,472.5596,-2.8433,230.6460,0.2510,3.8000,-0.4500,1.7429,180.7394,357.4673,0.0000,0.0000,0.0000
58.979,472.2549,-2.8668,230.7355,0.2510,3.8000,-0.4500,1.7429,180.7394,357.4673,0.0000,0.0000,0.0000
59.103,471.9937,-2.8868,230.8125,0.2510,3.8000,-0.4500,1.7429,180.7394,357.4673,0.0000,0.0000,0.0000
59.229,471.7321,-2.9068,230.8892,0.2510,3.8000,-0.4500,1.8116,180.7364,357.4258,0.0000,0.0000,0.0000
59.354,471.4709,-2.9262,230.9668,0.2510,3.8000,-0.4500,1.8116,180.7364,357.4258,0.0000,0.0000,0.0000
59.479,471.1662,-2.9480,231.0575,0.2510,3.8000,-0.4500,1.8116,180.7364,357.4258,0.0000,0.0000,0.0000
59.590,470.9485,-2.9629,231.1221,0.2510,3.8000,-0.4500,1.8116,180.7364,357.4258,0.0000,0.0000,0.0000
59.703,470.6875,-2.9796,231.1996,0.2510,3.8000,-0.4500,1.8116,180.7364,357.4258,0.0000,0.0000,0.0000
59.813,470.4700,-2.9925,231.2641,0.2510,3.8000,-0.4500,1.8116,180.7364,357.4258,0.0000,0.0000,0.0000
59.922,470.2092,-3.0062,231.3416,0.2510,3.8000,-0.4500,1.8116,180.7364,357.4258,0.0000,0.0000,0.0000
60.048,469.9486,-3.0178,231.4191,0.2510,3.8000,-0.4500,1.8116,180.7364,357.4258,0.0000,0.0000,0.0000
60.159,469.6882,-3.0267,231.4967,0.2510,3.8000,-0.4500,1.8116,180.7364,357.4258,0.0000,0.0000,0.0000
60.283,469.4280,-3.0327,231.5744,0.2510,3.8000,-0.4500,1.8116,180.7364,357.4258,0.0000,0.0000,0.0000
60.409,469.1682,-3.0351,231.6520,0.2510,3.8000,-0.4500,1.8116,180.7364,357.4258,0.0000,0.0000,0.0000
60.510,468.9522,-3.0330,231.7162,0.2510,3.8000,-0.4500,1.8825,180.7332,357.4653,0.0000,0.0000,0.0000
60.613,468.7372,-3.0247,231.7792,0.2510,3.8000,-0.4500,2.0796,180.7248,357.6260,0.0000,0.0000,0.0000
60.727,468.4787,-3.0143,231.8549,0.2510,3.8000,-0.4500,2.1328,180.7226,357.6876,0.0000,0.0000,0.0000
60.852,468.2209,-2.9973,231.9280,0.2510,3.8000,-0.4500,2.2354,180.7185,357.8146,0.0000,0.0000,0.0000
60.976,467.9218,-2.9659,232.0088,0.2510,3.8000,-0.4500,2.4405,180.7113,358.1873,0.0000,0.0000,0.0000
61.102,467.6641,-2.9398,232.0748,0.2510,3.8000,-0.4500,2.4405,180.7113,358.1873,0.0000,0.0000,0.0000
61.228,467.4091,-2.8991,232.1353,0.2510,3.8000,-0.4500,2.5957,180.7070,358.5920,0.0000,0.0000,0.0000
61.353,467.1532,-2.8572,232.1910,0.2510,3.8000,-0.4500,2.6468,180.7058,358.7482,0.0000,0.0000,0.0000
61.478,466.8564,-2.7968,232.2494,0.2510,3.8000,-0.4500,2.7449,180.7039,359.0772,0.0000,0.0000,0.0000
61.603,466.6035,-2.7353,232.2934,0.2510,3.8000,-0.4500,2.8527,180.7026,359.4768,0.0000,0.0000,0.0000
61.716,466.3506,-2.6697,232.3331,0.2510,3.8000,-0.4500,2.9156,180.7021,359.7250,0.0000,0.0000,0.0000
61.825,466.1410,-2.6087,232.3631,0.2510,3.8000,-0.4500,2.9765,180.7020,359.9680,0.0000,0.0000,0.0000
61.936,465.8907,-2.5280,232.3959,0.2510,3.8000,-0.4500,3.0580,180.7021,0.3008,0.0000,0.0000,0.0000
62.061,465.6407,-2.4430,232.4270,0.2510,3.8000,-0.4500,3.0984,180.7024,0.4671,0.0000,0.0000,0.0000
62.186,465.3942,-2.3457,232.4563,0.2510,3.8000,-0.4500,3.2016,180.7037,0.8927,0.0000,0.0000,0.0000
62.311,465.1482,-2.2443,232.4866,0.2510,3.8000,-0.4500,3.2627,180.7047,1.1457,0.0000,0.0000,0.0000
62.436,464.8634,-2.1179,232.5242,0.2510,3.8000,-0.4500,3.3220,180.7061,1.3911,0.0000,0.0000,0.0000
62.560,464.6228,-1.9982,232.5589,0.2510,3.8000,-0.4500,3.4193,180.7088,1.7958,0.0000,0.0000,0.0000
62.686,464.3827,-1.8763,232.5977,0.2510,3.8000,-0.4500,3.4592,180.7101,1.9629,0.0000,0.0000,0.0000
62.797,464.1447,-1.7482,232.6404,0.2510,3.8000,-0.4500,3.4991,180.7115,2.1301,0.0000,0.0000,0.0000
62.921,463.9103,-1.6111,232.6870,0.2510,3.8000,-0.4500,3.5772,180.7146,2.4603,0.0000,0.0000,0.0000
63.046,463.6771,-1.4702,232.7385,0.2510,3.8000,-0.4500,3.6342,180.7172,2.7046,0.0000,0.0000,0.0000
63.171,463.4449,-1.3277,232.7955,0.2510,3.8000,-0.4500,3.6525,180.7181,2.7835,0.0000,0.0000,0.0000
63.296,463.1773,-1.1533,232.8665,0.2510,3.8000,-0.4500,3.7080,180.7209,3.0258,0.0000,0.0000,0.0000
63.422,462.9484,-1.0026,232.9318,0.2510,3.8000,-0.4500,3.7259,180.7219,3.1047,0.0000,0.0000,0.0000
63.533,462.7588,-0.8747,232.9882,0.2510,3.8000,-0.4500,3.7439,180.7229,3.1841,0.0000,0.0000,0.0000
63.658,462.4934,-0.7075,233.0709,0.2510,3.8000,-0.4500,3.7615,180.7239,3.2619,0.0000,0.0000,0.0000
63.770,462.2975,-0.6463,233.1352,0.2510,3.8000,-0.4500,3.8043,180.7262,3.0570,0.0000,0.0000,0.0000
63.882,462.0457,-0.5985,233.2105,0.2510,3.8000,-0.4500,3.9088,180.7307,1.4767,0.0000,0.0000,0.0000
63.991,461.8225,-0.6046,233.2649,0.2510,3.8000,-0.4500,3.9646,180.7312,359.4779,0.0000,0.0000,0.0000
64.116,461.5076,-0.6529,233.3307,0.2510,3.8000,-0.4500,4.0208,180.7297,357.4392,0.0000,0.0000,0.0000
64.227,461.2856,-0.6754,233.3818,0.2510,3.8000,-0.4500,4.0400,180.7287,356.7703,0.0000,0.0000,0.0000
64.338,461.0226,-0.6882,233.4528,0.2510,3.8000,-0.4500,4.0424,180.7286,356.6903,0.0000,0.0000,0.0000
64.462,460.7599,-0.6960,233.5309,0.2510,3.8000,-0.4500,4.0424,180.7286,356.6903,0.0000,0.0000,0.0000
64.574,460.5409,-0.6988,233.5989,0.2510,3.8000,-0.4500,4.0424,180.7286,356.6903,0.0000,0.0000,0.0000
64.674,460.3220,-0.6981,233.6683,0.2510,3.8000,-0.4500,4.0424,180.7286,356.6903,0.0000,0.0000,0.0000
64.783,460.0595,-0.6926,233.7525,0.2510,3.8000,-0.4500,4.0424,180.7286,356.6903,0.0000,0.0000,0.0000
64.893,459.8411,-0.6841,233.8231,0.2510,3.8000,-0.4500,4.0424,180.7286,356.6903,0.0000,0.0000,0.0000
65.018,459.5357,-0.6665,233.9224,0.2510,3.8000,-0.4500,4.0424,180.7286,356.6903,0.0000,0.0000,0.0000
65.143,459.2748,-0.6447,234.0076,0.2510,3.8000,-0.4500,4.0431,180.7285,356.7725,0.0000,0.0000,0.0000
65.269,459.0157,-0.6152,234.0911,0.2510,3.8000,-0.4500,4.0459,180.7284,357.0237,0.0000,0.0000,0.0000
65.394,458.7568,-0.5810,234.1709,0.2510,3.8000,-0.4500,4.0505,180.7281,357.2731,0.0000,0.0000,0.0000
65.519,458.4556,-0.5341,234.2582,0.2510,3.8000,-0.4500,4.0592,180.7278,357.6079,0.0000,0.0000,0.0000
65.643,458.1971,-0.4908,234.3275,0.2510,3.8000,-0.4500,4.0645,180.7275,357.7727,0.0000,0.0000,0.0000
65.769,457.9401,-0.4394,234.3913,0.2510,3.8000,-0.4500,4.0776,180.7271,358.1065,0.0000,0.0000,0.0000
65.880,457.6826,-0.3860,234.4501,0.2510,3.8000,-0.4500,4.0855,180.7268,358.2774,0.0000,0.0000,0.0000
65.991,457.4686,-0.3371,234.4955,0.2510,3.8000,-0.4500,4.0938,180.7266,358.4471,0.0000,0.0000,0.0000
66.116,457.1698,-0.2626,234.5536,0.2510,3.8000,-0.4500,4.1068,180.7262,358.6980,0.0000,0.0000,0.0000
66.227,456.9574,-0.2041,234.5916,0.2510,3.8000,-0.4500,4.1209,180.7260,358.9493,0.0000,0.0000,0.0000
66.352,456.7019,-0.1336,234.6340,0.2510,3.8000,-0.4500,4.1256,180.7259,359.0299,0.0000,0.0000,0.0000
66.463,456.4487,-0.0538,234.6727,0.2510,3.8000,-0.4500,4.1458,180.7256,359.3734,0.0000,0.0000,0.0000
66.588,456.1950,0.0270,234.7086,0.2510,3.8000,-0.4500,4.1554,180.7255,359.5404,0.0000,0.0000,0.0000
66.713,455.9423,0.1119,234.7420,0.2510,3.8000,-0.4500,4.1648,180.7254,359.7085,0.0000,0.0000,0.0000
66.838,455.6488,0.2166,234.7785,0.2510,3.8000,-0.4500,4.1774,180.7254,359.9554,0.0000,0.0000,0.0000
66.949,455.4388,0.2911,234.8038,0.2510,3.8000,-0.4500,4.1774,180.7254,359.9554,0.0000,0.0000,0.0000
67.062,455.1891,0.3879,234.8329,0.2510,3.8000,-0.4500,4.1868,180.7254,0.2120,0.0000,0.0000,0.0000
67.171,454.9813,0.4698,234.8571,0.2510,3.8000,-0.4500,4.1898,180.7254,0.3771,0.0000,0.0000,0.0000
67.296,454.6906,0.5846,234.8913,0.2510,3.8000,-0.4500,4.1910,180.7254,0.4579,0.0000,0.0000,0.0000
67.421,454.4426,0.6868,234.9209,0.2510,3.8000,-0.4500,4.1866,180.7254,0.6222,0.0000,0.0000,0.0000
67.532,454.2363,0.7721,234.9461,0.2510,3.8000,-0.4500,4.1839,180.7254,0.7023,0.0000,0.0000,0.0000
67.646,453.9885,0.8738,234.9771,0.2510,3.8000,-0.4500,4.1839,180.7254,0.7023,0.0000,0.0000,0.0000
67.757,453.7411,0.9762,235.0087,0.2510,3.8000,-0.4500,4.1839,180.7254,0.7023,0.0000,0.0000,0.0000
67.868,453.5357,1.0630,235.0356,0.2510,3.8000,-0.4500,4.1701,180.7252,0.7849,0.0000,0.0000,0.0000
67.977,453.2898,1.1665,235.0689,0.2510,3.8000,-0.4500,4.1552,180.7250,0.8650,0.0000,0.0000,0.0000
68.101,453.0435,1.2679,235.1033,0.2510,3.8000,-0.4500,4.1552,180.7250,0.8650,0.0000,0.0000,0.0000
68.226,452.7974,1.3680,235.1384,0.2510,3.8000,-0.4500,4.1553,180.7250,0.8649,0.0000,0.0000,0.0000
68.351,452.5513,1.4662,235.1740,0.2510,3.8000,-0.4500,4.1553,180.7250,0.8649,0.0000,0.0000,0.0000
68.476,452.2637,1.5777,235.2157,0.2510,3.8000,-0.4500,4.1552,180.7250,0.8649,0.0000,0.0000,0.0000
68.600,452.0168,1.6700,235.2506,0.2510,3.8000,-0.4500,4.1553,180.7250,0.8649,0.0000,0.0000,0.0000
68.714,451.7701,1.7593,235.2855,0.2510,3.8000,-0.4500,4.0932,180.7240,0.9199,0.0000,0.0000,0.0000
68.822,451.5642,1.8305,235.3150,0.2510,3.8000,-0.4500,4.0236,180.7228,0.9610,0.0000,0.0000,0.0000
68.947,451.3167,1.9116,235.3512,0.2510,3.8000,-0.4500,3.9463,180.7215,0.9874,0.0000,0.0000,0.0000
69.072,451.0687,1.9873,235.3894,0.2510,3.8000,-0.4500,3.7790,180.7186,1.0117,0.0000,0.0000,0.0000
69.185,450.8203,2.0583,235.4282,0.2510,3.8000,-0.4500,3.6966,180.7171,1.0203,0.0000,0.0000,0.0000
69.294,450.5710,2.1218,235.4683,0.2510,3.8000,-0.4500,3.4463,180.7128,0.9844,0.0000,0.0000,0.0000
69.408,450.3625,2.1703,235.5014,0.2510,3.8000,-0.4500,3.2903,180.7101,0.9417,0.0000,0.0000,0.0000
69.532,450.1113,2.2219,235.5414,0.2510,3.8000,-0.4500,3.0577,180.7065,0.8461,0.0000,0.0000,0.0000
69.646,449.8598,2.2693,235.5805,0.2510,3.8000,-0.4500,2.9830,180.7054,0.8127,0.0000,0.0000,0.0000
69.754,449.6486,2.2995,235.6152,0.2510,3.8000,-0.4500,2.6809,180.7016,0.6361,0.0000,0.0000,0.0000
69.866,449.3955,2.3346,235.6550,0.2510,3.8000,-0.4500,2.6096,180.7008,0.5922,0.0000,0.0000,0.0000
69.978,449.1407,2.3587,235.6967,0.2510,3.8000,-0.4500,2.3272,180.6984,0.3961,0.0000,0.0000,0.0000
70.087,448.9282,2.3754,235.7309,0.2510,3.8000,-0.4500,2.1956,180.6976,0.3000,0.0000,0.0000,0.0000
70.212,448.6719,2.3868,235.7733,0.2510,3.8000,-0.4500,1.9264,180.6966,0.0954,0.0000,0.0000,0.0000
70.326,448.4153,2.3927,235.8158,0.2510,3.8000,-0.4500,1.7298,180.6966,359.9442,0.0000,0.0000,0.0000
70.437,448.1581,2.3915,235.8593,0.2510,3.8000,-0.4500,1.5222,180.6971,359.7847,0.0000,0.0000,0.0000
70.546,447.9433,2.3849,235.8965,0.2510,3.8000,-0.4500,1.3242,180.6981,359.6338,0.0000,0.0000,0.0000
70.656,447.6853,2.3719,235.9421,0.2510,3.8000,-0.4500,1.1231,180.6996,359.4855,0.0000,0.0000,0.0000
70.757,447.4706,2.3582,235.9806,0.2510,3.8000,-0.4500,1.0576,180.7002,359.4380,0.0000,0.0000,0.0000
70.865,447.2550,2.3376,236.0213,0.2510,3.8000,-0.4500,0.8534,180.7025,359.2950,0.0000,0.0000,0.0000
70.990,446.9961,2.3070,236.0721,0.2510,3.8000,-0.4500,0.5725,180.7064,359.1105,0.0000,0.0000,0.0000
71.115,446.6947,2.2692,236.1325,0.2510,3.8000,-0.4500,0.5055,180.7074,359.0677,0.0000,0.0000,0.0000
71.226,446.4790,2.2350,236.1788,0.2510,3.8000,-0.4500,0.2919,180.7112,358.9441,0.0000,0.0000,0.0000
71.351,446.2204,2.1904,236.2363,0.2510,3.8000,-0.4500,0.0731,180.7154,358.8300,0.0000,0.0000,0.0000
71.476,445.9191,2.1348,236.3063,0.2510,3.8000,-0.4500,359.9176,180.7187,358.7609,0.0000,0.0000,0.0000
71.601,445.6609,2.0826,236.3692,0.2510,3.8000,-0.4500,359.7636,180.7221,358.6986,0.0000,0.0000,0.0000
71.726,445.4028,2.0261,236.4348,0.2510,3.8000,-0.4500,359.5240,180.7277,358.6200,0.0000,0.0000,0.0000
71.840,445.1454,1.9699,236.5000,0.2510,3.8000,-0.4500,359.5240,180.7277,358.6200,0.0000,0.0000,0.0000
71.962,444.8877,1.9084,236.5680,0.2510,3.8000,-0.4500,359.2825,180.7337,358.5682,0.0000,0.0000,0.0000
72.087,444.6306,1.8461,236.6363,0.2510,3.8000,-0.4500,359.1182,180.7378,358.5511,0.0000,0.0000,0.0000
72.212,444.3737,1.7832,236.7048,0.2510,3.8000,-0.4500,359.0372,180.7398,358.5443,0.0000,0.0000,0.0000
72.337,444.0743,1.7082,236.7860,0.2510,3.8000,-0.4500,358.8774,180.7439,358.5500,0.0000,0.0000,0.0000
72.462,443.8180,1.6434,236.8565,0.2510,3.8000,-0.4500,358.7103,180.7481,358.5744,0.0000,0.0000,0.0000
72.587,443.5621,1.5786,236.9275,0.2510,3.8000,-0.4500,358.5464,180.7521,358.6148,0.0000,0.0000,0.0000
72.698,443.3065,1.5144,236.9984,0.2510,3.8000,-0.4500,358.4670,180.7540,358.6421,0.0000,0.0000,0.0000
72.823,443.0511,1.4505,237.0695,0.2510,3.8000,-0.4500,358.3876,180.7559,358.6705,0.0000,0.0000,0.0000
72.948,442.7964,1.3874,237.1417,0.2510,3.8000,-0.4500,358.1599,180.7609,358.7759,0.0000,0.0000,0.0000
73.072,442.5414,1.3249,237.2123,0.2510,3.8000,-0.4500,358.1599,180.7609,358.7759,0.0000,0.0000,0.0000
73.197,442.2451,1.2535,237.2952,0.2510,3.8000,-0.4500,357.9413,180.7654,358.9143,0.0000,0.0000,0.0000
73.322,441.9914,1.1931,237.3649,0.2510,3.8000,-0.4500,357.8061,180.7678,359.0143,0.0000,0.0000,0.0000
73.447,441.7376,1.1333,237.4333,0.2510,3.8000,-0.4500,357.6766,180.7699,359.1162,0.0000,0.0000,0.0000
73.572,441.4830,1.0730,237.4993,0.2510,3.8000,-0.4500,357.6766,180.7699,359.1162,0.0000,0.0000,0.0000
73.684,441.2293,1.0132,237.5645,0.2510,3.8000,-0.4500,357.5471,180.7718,359.2193,0.0000,0.0000,0.0000
73.808,440.9749,0.9522,237.6274,0.2510,3.8000,-0.4500,357.5471,180.7718,359.2193,0.0000,0.0000,0.0000
73.934,440.6787,0.8804,237.6997,0.2510,3.8000,-0.4500,357.4114,180.7735,359.3140,0.0000,0.0000,0.0000
74.044,440.4666,0.8278,237.7491,0.2510,3.8000,-0.4500,357.4114,180.7735,359.3140,0.0000,0.0000,0.0000
74.156,440.2121,0.7636,237.8072,0.2510,3.8000,-0.4500,357.4114,180.7735,359.3140,0.0000,0.0000,0.0000
74.281,439.9577,0.6981,237.8640,0.2510,3.8000,-0.4500,357.3378,180.7744,359.3507,0.0000,0.0000,0.0000
74.406,439.7027,0.6312,237.9183,0.2510,3.8000,-0.4500,357.3379,180.7744,359.3507,0.0000,0.0000,0.0000
74.531,439.4478,0.5631,237.9716,0.2510,3.8000,-0.4500,357.2604,180.7753,359.3793,0.0000,0.0000,0.0000
74.657,439.1501,0.4823,238.0331,0.2510,3.8000,-0.4500,357.1837,180.7761,359.4071,0.0000,0.0000,0.0000
74.770,438.9373,0.4240,238.0770,0.2510,3.8000,-0.4500,357.1837,180.7761,359.4071,0.0000,0.0000,0.0000
74.879,438.6819,0.3535,238.1229,0.2510,3.8000,-0.4500,357.1837,180.7761,359.4071,0.0000,0.0000,0.0000
74.989,438.4701,0.2963,238.1215,0.2510,3.8000,-0.4500,357.1837,180.7761,359.4070,0.0000,0.0000,0.0000
75.114,438.1786,0.2211,238.0367,0.2510,3.8000,-0.4500,357.1837,180.7761,359.4070,0.0000,0.0000,0.0000
75.240,437.9327,0.1609,237.9063,0.2510,3.8000,-0.4500,357.1837,180.7761,359.4071,0.0000,0.0000,0.0000
75.351,437.7276,0.1118,237.7956,0.2510,3.8000,-0.4500,357.1837,180.7761,359.4071,0.0000,0.0000,0.0000
75.475,437.4373,0.0423,237.6722,0.2510,3.8000,-0.4500,357.1837,180.7761,359.4071,0.0000,0.0000,0.0000
75.586,437.2276,-0.0081,237.6085,0.2510,3.8000,-0.4500,357.1837,180.7761,359.4071,0.0000,0.0000,0.0000
75.712,436.9736,-0.0691,237.5582,0.2510,3.8000,-0.4500,357.1837,180.7761,359.4071,0.0000,0.0000,0.0000
75.837,436.6751,-0.1406,237.5373,0.2510,3.8000,-0.4500,357.1837,180.7761,359.4071,0.0000,0.0000,0.0000
75.949,436.4614,-0.1914,237.5417,0.2510,3.8000,-0.4500,357.1837,180.7760,359.4071,0.0000,0.0000,0.0000
76.061,436.2048,-0.2510,237.5602,0.2510,3.8000,-0.4500,357.1837,180.7760,359.4071,0.0000,0.0000,0.0000
76.170,435.9912,-0.2990,237.5829,0.2510,3.8000,-0.4500,357.1837,180.7760,359.4071,0.0000,0.0000,0.0000
76.281,435.7351,-0.3538,237.6156,0.2510,3.8000,-0.4500,357.1837,180.7760,359.4071,0.0000,0.0000,0.0000
76.406,435.4793,-0.4051,237.6521,0.2510,3.8000,-0.4500,357.1837,180.7760,359.4071,0.0000,0.0000,0.0000
76.531,435.2238,-0.4527,237.6909,0.2510,3.8000,-0.4500,357.1837,180.7760,359.4071,0.0000,0.0000,0.0000
76.643,434.9694,-0.4952,237.7310,0.2510,3.8000,-0.4500,357.1819,180.7761,359.4865,0.0000,0.0000,0.0000
76.754,434.7570,-0.5290,237.7649,0.2510,3.8000,-0.4500,357.1819,180.7761,359.4865,0.0000,0.0000,0.0000
76.878,434.4611,-0.5690,237.8124,0.2510,3.8000,-0.4500,357.1903,180.7760,359.6554,0.0000,0.0000,0.0000
76.989,434.2504,-0.5938,237.8459,0.2510,3.8000,-0.4500,357.2069,180.7759,359.8219,0.0000,0.0000,0.0000
77.114,433.9559,-0.6242,237.8927,0.2510,3.8000,-0.4500,357.2370,180.7759,0.0703,0.0000,0.0000,0.0000
77.214,433.7447,-0.6463,237.9265,0.2510,3.8000,-0.4500,357.2370,180.7759,0.0703,0.0000,0.0000,0.0000
77.323,433.5358,-0.6613,237.9609,0.2510,3.8000,-0.4500,357.2669,180.7760,0.3288,0.0000,0.0000,0.0000
77.448,433.2839,-0.6806,238.0033,0.2510,3.8000,-0.4500,357.2760,180.7761,0.4112,0.0000,0.0000,0.0000
77.562,433.0334,-0.6951,238.0469,0.2510,3.8000,-0.4500,357.2889,180.7762,0.5829,0.0000,0.0000,0.0000
77.670,432.8248,-0.7060,238.0844,0.2510,3.8000,-0.4500,357.2947,180.7762,0.6678,0.0000,0.0000,0.0000
77.781,432.5761,-0.7136,238.1311,0.2510,3.8000,-0.4500,357.3030,180.7764,0.9195,0.0000,0.0000,0.0000
77.906,432.3270,-0.7215,238.1803,0.2510,3.8000,-0.4500,357.3023,180.7764,1.0016,0.0000,0.0000,0.0000
78.019,432.0793,-0.7253,238.2322,0.2510,3.8000,-0.4500,357.2997,180.7763,1.1657,0.0000,0.0000,0.0000
78.128,431.8738,-0.7262,238.2777,0.2510,3.8000,-0.4500,357.2888,180.7761,1.3309,0.0000,0.0000,0.0000
78.239,431.6273,-0.7272,238.3348,0.2510,3.8000,-0.4500,357.2828,180.7759,1.4123,0.0000,0.0000,0.0000
78.364,431.3827,-0.7234,238.3947,0.2510,3.8000,-0.4500,357.2496,180.7750,1.6627,0.0000,0.0000,0.0000
78.489,431.1369,-0.7219,238.4575,0.2510,3.8000,-0.4500,357.2496,180.7750,1.6627,0.0000,0.0000,0.0000
78.614,430.8533,-0.7144,238.5350,0.2510,3.8000,-0.4500,357.2019,180.7735,1.9052,0.0000,0.0000,0.0000
78.714,430.6502,-0.7107,238.5929,0.2510,3.8000,-0.4500,357.2019,180.7735,1.9052,0.0000,0.0000,0.0000
78.822,430.4487,-0.7039,238.6530,0.2510,3.8000,-0.4500,357.1567,180.7720,2.0665,0.0000,0.0000,0.0000
78.933,430.2471,-0.6978,238.7150,0.2510,3.8000,-0.4500,357.1299,180.7710,2.1456,0.0000,0.0000,0.0000
79.033,430.0460,-0.6913,238.7791,0.2510,3.8000,-0.4500,357.1025,180.7699,2.2246,0.0000,0.0000,0.0000
79.142,429.8056,-0.6826,238.8587,0.2510,3.8000,-0.4500,357.0373,180.7673,2.3783,0.0000,0.0000,0.0000
79.267,429.5647,-0.6759,238.9408,0.2510,3.8000,-0.4500,357.0373,180.7673,2.3783,0.0000,0.0000,0.0000
79.392,429.3259,-0.6669,239.0262,0.2510,3.8000,-0.4500,356.9189,180.7622,2.5940,0.0000,0.0000,0.0000
79.492,429.1261,-0.6621,239.0989,0.2510,3.8000,-0.4500,356.9189,180.7622,2.5940,0.0000,0.0000,0.0000
79.603,428.8866,-0.6570,239.1883,0.2510,3.8000,-0.4500,356.9189,180.7622,2.5940,0.0000,0.0000,0.0000
79.711,428.6882,-0.6521,239.2651,0.2510,3.8000,-0.4500,356.8180,180.7575,2.7275,0.0000,0.0000,0.0000
79.836,428.4095,-0.6489,239.3742,0.2510,3.8000,-0.4500,356.8180,180.7575,2.7275,0.0000,0.0000,0.0000
79.962,428.1715,-0.6466,239.4705,0.2510,3.8000,-0.4500,356.7006,180.7517,2.8466,0.0000,0.0000,0.0000
80.072,427.9727,-0.6469,239.5515,0.2510,3.8000,-0.4500,356.7006,180.7517,2.8466,0.0000,0.0000,0.0000
80.197,427.6947,-0.6492,239.6667,0.2510,3.8000,-0.4500,356.6339,180.7484,2.8971,0.0000,0.0000,0.0000
80.323,427.4568,-0.6531,239.7677,0.2510,3.8000,-0.4500,356.4966,180.7413,2.9877,0.0000,0.0000,0.0000
80.447,427.2183,-0.6596,239.8693,0.2510,3.8000,-0.4500,356.4966,180.7413,2.9877,0.0000,0.0000,0.0000
80.572,426.9799,-0.6683,239.9725,0.2510,3.8000,-0.4500,356.4236,180.7375,3.0210,0.0000,0.0000,0.0000
80.686,426.7415,-0.6795,240.0772,0.2510,3.8000,-0.4500,356.2684,180.7292,3.0718,0.0000,0.0000,0.0000
80.811,426.5025,-0.6926,240.1816,0.2510,3.8000,-0.4500,356.2684,180.7292,3.0718,0.0000,0.0000,0.0000
80.920,426.2634,-0.7077,240.2867,0.2510,3.8000,-0.4500,356.2684,180.7292,3.0718,0.0000,0.0000,0.0000
81.030,426.0638,-0.7219,240.3746,0.2510,3.8000,-0.4500,356.2684,180.7292,3.0718,0.0000,0.0000,0.0000
81.155,425.7842,-0.7456,240.4994,0.2510,3.8000,-0.4500,356.0255,180.7161,3.0951,0.0000,0.0000,0.0000
81.281,425.5442,-0.7665,240.6055,0.2510,3.8000,-0.4500,356.0255,180.7161,3.0951,0.0000,0.0000,0.0000
81.406,425.3039,-0.7888,240.7116,0.2510,3.8000,-0.4500,356.0255,180.7161,3.0951,0.0000,0.0000,0.0000
81.531,425.0635,-0.8125,240.8179,0.2510,3.8000,-0.4500,356.0255,180.7161,3.0951,0.0000,0.0000,0.0000
81.655,424.7827,-0.8413,240.9419,0.2510,3.8000,-0.4500,356.0255,180.7161,3.0951,0.0000,0.0000,0.0000
81.769,424.5820,-0.8625,241.0305,0.2510,3.8000,-0.4500,356.0255,180.7161,3.0951,0.0000,0.0000,0.0000
81.877,424.3410,-0.8883,241.1370,0.2510,3.8000,-0.4500,356.0255,180.7161,3.0951,0.0000,0.0000,0.0000
81.978,424.1400,-0.9098,241.2257,0.2510,3.8000,-0.4500,356.0255,180.7161,3.0951,0.0000,0.0000,0.0000
82.086,423.9390,-0.9311,241.3144,0.2510,3.8000,-0.4500,356.0255,180.7161,3.0951,0.0000,0.0000,0.0000
82.211,423.6977,-0.9559,241.4207,0.2510,3.8000,-0.4500,356.0255,180.7161,3.0951,0.0000,0.0000,0.0000
82.336,423.4161,-0.9836,241.5445,0.2510,3.8000,-0.4500,356.0255,180.7161,3.0951,0.0000,0.0000,0.0000
82.461,423.1747,-1.0056,241.6504,0.2510,3.8000,-0.4500,356.0255,180.7161,3.0951,0.0000,0.0000,0.0000
82.586,422.9333,-1.0256,241.7561,0.2510,3.8000,-0.4500,356.0255,180.7161,3.0951,0.0000,0.0000,0.0000
82.711,422.6920,-1.0431,241.8616,0.2510,3.8000,-0.4500,356.0255,180.7161,3.0951,0.0000,0.0000,0.0000
82.836,422.4107,-1.0598,241.9843,0.2510,3.8000,-0.4500,356.0255,180.7161,3.0951,0.0000,0.0000,0.0000
82.950,422.2099,-1.0689,242.0718,0.2510,3.8000,-0.4500,356.0255,180.7161,3.0951,0.0000,0.0000,0.0000
83.053,422.0093,-1.0754,242.1590,0.2510,3.8000,-0.4500,356.0255,180.7161,3.0951,0.0000,0.0000,0.0000
83.168,421.7688,-1.0794,242.2634,0.2510,3.8000,-0.4500,356.0255,180.7161,3.0951,0.0000,0.0000,0.0000
83.294,421.5284,-1.0787,242.3668,0.2510,3.8000,-0.4500,356.1021,180.7202,3.0651,0.0000,0.0000,0.0000
83.420,421.2483,-1.0710,242.4854,0.2510,3.8000,-0.4500,356.3402,180.7328,2.9919,0.0000,0.0000,0.0000
83.543,421.0087,-1.0577,242.5853,0.2510,3.8000,-0.4500,356.5913,180.7459,2.9580,0.0000,0.0000,0.0000
83.669,420.7697,-1.0390,242.6844,0.2510,3.8000,-0.4500,356.7579,180.7545,2.9462,0.0000,0.0000,0.0000
83.783,420.5313,-1.0122,242.7813,0.2510,3.8000,-0.4500,357.0976,180.7720,2.9671,0.0000,0.0000,0.0000
83.891,420.3333,-0.9857,242.8622,0.2510,3.8000,-0.4500,357.2670,180.7809,2.9940,0.0000,0.0000,0.0000
84.003,420.0965,-0.9471,242.9588,0.2510,3.8000,-0.4500,357.5163,180.7940,3.0410,0.0000,0.0000,0.0000
84.116,419.8609,-0.8999,243.0548,0.2510,3.8000,-0.4500,357.8432,180.8117,3.1346,0.0000,0.0000,0.0000
84.225,419.6651,-0.8562,243.1360,0.2510,3.8000,-0.4500,358.0052,180.8206,3.1891,0.0000,0.0000,0.0000
84.349,419.4319,-0.7936,243.2328,0.2510,3.8000,-0.4500,358.4021,180.8433,3.3406,0.0000,0.0000,0.0000
84.473,419.1996,-0.7253,243.3321,0.2510,3.8000,-0.4500,358.6303,180.8568,3.4423,0.0000,0.0000,0.0000
84.598,418.9305,-0.6345,243.4496,0.2510,3.8000,-0.4500,358.9384,180.8757,3.5891,0.0000,0.0000,0.0000
84.723,418.7019,-0.5469,243.5521,0.2510,3.8000,-0.4500,359.2427,180.8952,3.7420,0.0000,0.0000,0.0000
84.835,418.4748,-0.4511,243.6567,0.2510,3.8000,-0.4500,359.5386,180.9150,3.8975,0.0000,0.0000,0.0000
84.960,418.2495,-0.3469,243.7632,0.2510,3.8000,-0.4500,359.8441,180.9362,4.0611,0.0000,0.0000,0.0000
85.073,418.0626,-0.2558,243.8544,0.2510,3.8000,-0.4500,359.9911,180.9468,4.1400,0.0000,0.0000,0.0000
85.182,417.8408,-0.1358,243.9642,0.2510,3.8000,-0.4500,0.3707,180.9749,4.3415,0.0000,0.0000,0.0000
85.307,417.6195,-0.0122,244.0778,0.2510,3.8000,-0.4500,0.5175,180.9862,4.4177,0.0000,0.0000,0.0000
85.420,417.4005,0.1210,244.1921,0.2510,3.8000,-0.4500,0.8190,181.0099,4.5695,0.0000,0.0000,0.0000
85.529,417.2191,0.2367,244.2889,0.2510,3.8000,-0.4500,1.0479,181.0284,4.6771,0.0000,0.0000,0.0000
85.654,416.9664,0.4044,244.4267,0.2510,3.8000,-0.4500,1.2739,181.0471,4.7771,0.0000,0.0000,0.0000
85.765,416.7870,0.5297,244.5258,0.2510,3.8000,-0.4500,1.5023,181.0663,4.8686,0.0000,0.0000,0.0000
85.876,416.5723,0.6829,244.6463,0.2510,3.8000,-0.4500,1.6635,181.0802,4.9239,0.0000,0.0000,0.0000
86.001,416.3587,0.8413,244.7671,0.2510,3.8000,-0.4500,1.8971,181.1004,4.9960,0.0000,0.0000,0.0000
86.112,416.1811,0.9754,244.8683,0.2510,3.8000,-0.4500,2.0546,181.1143,5.0324,0.0000,0.0000,0.0000
86.223,415.9683,1.1385,244.9900,0.2510,3.8000,-0.4500,2.2093,181.1280,5.0608,0.0000,0.0000,0.0000
86.336,415.7557,1.3037,245.1117,0.2510,3.8000,-0.4500,2.3670,181.1420,5.0730,0.0000,0.0000,0.0000
86.445,415.5784,1.4418,245.2133,0.2510,3.8000,-0.4500,2.4479,181.1491,5.0718,0.0000,0.0000,0.0000
86.571,415.3654,1.6089,245.3337,0.2510,3.8000,-0.4500,2.6885,181.1705,5.0491,0.0000,0.0000,0.0000
86.696,415.1165,1.8018,245.4611,0.2510,3.8000,-0.4500,2.6885,181.1705,5.0491,0.0000,0.0000,0.0000
86.809,414.9377,1.9344,245.4579,0.2510,3.8000,-0.4500,2.9236,181.1911,4.9686,0.0000,0.0000,0.0000
86.918,414.7249,2.0838,245.3481,0.2510,3.8000,-0.4500,2.9934,181.1971,4.9279,0.0000,0.0000,0.0000
87.029,414.5490,2.2011,245.1882,0.2510,3.8000,-0.4500,3.0627,181.2031,4.8852,0.0000,0.0000,0.0000
87.142,414.3401,2.3318,244.9124,0.2510,3.8000,-0.4500,3.2492,181.2188,4.7267,0.0000,0.0000,0.0000
87.251,414.1697,2.4312,244.5994,0.2510,3.8000,-0.4500,3.3524,181.2272,4.5917,0.0000,0.0000,0.0000
87.365,413.9684,2.5391,244.1389,0.2510,3.8000,-0.4500,3.4873,181.2379,4.3843,0.0000,0.0000,0.0000
87.473,413.8023,2.6215,243.7084,0.2510,3.8000,-0.4500,3.5589,181.2433,4.2415,0.0000,0.0000,0.0000
87.586,413.6017,2.7111,243.1677,0.2510,3.8000,-0.4500,3.6715,181.2514,3.9280,0.0000,0.0000,0.0000
87.710,413.4005,2.7952,242.6182,0.2510,3.8000,-0.4500,3.7349,181.2556,3.6918,0.0000,0.0000,0.0000
87.822,413.1960,2.8725,242.0844,0.2510,3.8000,-0.4500,3.7996,181.2596,3.3664,0.0000,0.0000,0.0000
87.934,412.9853,2.9496,241.6254,0.2510,3.8000,-0.4500,3.8368,181.2617,3.1192,0.0000,0.0000,0.0000
88.045,412.8033,3.0130,241.3093,0.2510,3.8000,-0.4500,3.8677,181.2633,2.8644,0.0000,0.0000,0.0000
88.156,412.5776,3.0879,241.0036,0.2510,3.8000,-0.4500,3.9013,181.2649,2.5227,0.0000,0.0000,0.0000
88.265,412.3822,3.1474,240.8122,0.2510,3.8000,-0.4500,3.9340,181.2662,2.1026,0.0000,0.0000,0.0000
88.390,412.1434,3.2230,240.6519,0.2510,3.8000,-0.4500,3.9440,181.2666,1.9263,0.0000,0.0000,0.0000
88.501,411.8966,3.2912,240.5753,0.2510,3.8000,-0.4500,3.9679,181.2673,1.4017,0.0000,0.0000,0.0000
88.626,411.6479,3.3603,240.5495,0.2510,3.8000,-0.4500,3.9697,181.2673,1.1538,0.0000,0.0000,0.0000
88.751,411.3957,3.4214,240.5527,0.2510,3.8000,-0.4500,3.9607,181.2672,0.8166,0.0000,0.0000,0.0000
88.876,411.0980,3.4803,240.5764,0.2510,3.8000,-0.4500,3.9086,181.2667,0.3154,0.0000,0.0000,0.0000
88.987,410.8846,3.5165,240.6007,0.2510,3.8000,-0.4500,3.8615,181.2666,0.0629,0.0000,0.0000,0.0000
89.098,410.6256,3.5466,240.6359,0.2510,3.8000,-0.4500,3.7357,181.2670,359.5593,0.0000,0.0000,0.0000
89.223,410.3663,3.5695,240.6756,0.2510,3.8000,-0.4500,3.6243,181.2682,359.2384,0.0000,0.0000,0.0000
89.348,410.1055,3.5800,240.7206,0.2510,3.8000,-0.4500,3.4633,181.2709,358.8513,0.0000,0.0000,0.0000
89.459,409.8440,3.5794,240.7713,0.2510,3.8000,-0.4500,3.2757,181.2753,358.4783,0.0000,0.0000,0.0000
89.584,409.5825,3.5691,240.8280,0.2510,3.8000,-0.4500,3.1015,181.2804,358.1828,0.0000,0.0000,0.0000
89.696,409.3199,3.5443,240.8923,0.2510,3.8000,-0.4500,2.8167,181.2905,357.7545,0.0000,0.0000,0.0000
89.806,409.1022,3.5199,240.9504,0.2510,3.8000,-0.4500,2.7078,181.2949,357.6137,0.0000,0.0000,0.0000
89.931,408.8397,3.4741,241.0285,0.2510,3.8000,-0.4500,2.3614,181.3107,357.1962,0.0000,0.0000,0.0000
90.056,408.5354,3.4121,241.1285,0.2510,3.8000,-0.4500,2.1314,181.3224,356.9489,0.0000,0.0000,0.0000
90.167,408.3176,3.3550,241.2074,0.2510,3.8000,-0.4500,1.8043,181.3408,356.6392,0.0000,0.0000,0.0000
90.292,408.0574,3.2790,241.3087,0.2510,3.8000,-0.4500,1.4841,181.3604,356.3653,0.0000,0.0000,0.0000
90.392,407.8413,3.2094,241.3984,0.2510,3.8000,-0.4500,1.2823,181.3735,356.2128,0.0000,0.0000,0.0000
90.500,407.5826,3.1135,241.5134,0.2510,3.8000,-0.4500,0.8620,181.4024,355.9257,0.0000,0.0000,0.0000
90.626,407.3252,3.0122,241.6335,0.2510,3.8000,-0.4500,0.6385,181.4186,355.7973,0.0000,0.0000,0.0000
90.739,407.0686,2.9008,241.7597,0.2510,3.8000,-0.4500,0.3383,181.4411,355.6380,0.0000,0.0000,0.0000
90.849,406.8554,2.8009,241.8694,0.2510,3.8000,-0.4500,0.0238,181.4654,355.5009,0.0000,0.0000,0.0000
90.960,406.6006,2.6774,242.0036,0.2510,3.8000,-0.4500,359.8682,181.4778,355.4389,0.0000,0.0000,0.0000
91.071,406.3887,2.5656,242.1204,0.2510,3.8000,-0.4500,359.4454,181.5120,355.3121,0.0000,0.0000,0.0000
91.183,406.1354,2.4294,242.2619,0.2510,3.8000,-0.4500,359.1987,181.5323,355.2582,0.0000,0.0000,0.0000
91.293,405.9250,2.3116,242.3821,0.2510,3.8000,-0.4500,358.9525,181.5529,355.2181,0.0000,0.0000,0.0000
91.393,405.7150,2.1911,242.5040,0.2510,3.8000,-0.4500,358.7057,181.5735,355.2029,0.0000,0.0000,0.0000
91.502,405.4637,2.0438,242.6514,0.2510,3.8000,-0.4500,358.4543,181.5946,355.2078,0.0000,0.0000,0.0000
91.611,405.2547,1.9195,242.7746,0.2510,3.8000,-0.4500,358.2875,181.6086,355.2201,0.0000,0.0000,0.0000
91.737,404.9626,1.7434,242.9480,0.2510,3.8000,-0.4500,357.9682,181.6352,355.2808,0.0000,0.0000,0.0000
91.861,404.7128,1.5925,243.0962,0.2510,3.8000,-0.4500,357.7314,181.6546,355.3580,0.0000,0.0000,0.0000
91.987,404.4632,1.4424,243.2432,0.2510,3.8000,-0.4500,357.5090,181.6725,355.4581,0.0000,0.0000,0.0000
92.098,404.2140,1.2944,243.3891,0.2510,3.8000,-0.4500,357.2315,181.6941,355.6294,0.0000,0.0000,0.0000
92.209,404.0060,1.1729,243.5083,0.2510,3.8000,-0.4500,357.1056,181.7036,355.7313,0.0000,0.0000,0.0000
92.320,403.7569,1.0311,243.6493,0.2510,3.8000,-0.4500,356.8757,181.7204,355.9605,0.0000,0.0000,0.0000
92.445,403.5073,0.8932,243.7865,0.2510,3.8000,-0.4500,356.7261,181.7307,356.1563,0.0000,0.0000,0.0000
92.570,403.2570,0.7593,243.9194,0.2510,3.8000,-0.4500,356.6344,181.7368,356.2903,0.0000,0.0000,0.0000
92.682,403.0079,0.6340,244.0488,0.2510,3.8000,-0.4500,356.4509,181.7481,356.6591,0.0000,0.0000,0.0000
92.792,402.7988,0.5311,244.1522,0.2510,3.8000,-0.4500,356.4237,181.7497,356.7398,0.0000,0.0000,0.0000
92.892,402.5909,0.4363,244.2534,0.2510,3.8000,-0.4500,356.3250,181.7551,357.0703,0.0000,0.0000,0.0000
93.000,402.3403,0.3266,244.3701,0.2510,3.8000,-0.4500,356.2795,181.7573,357.3231,0.0000,0.0000,0.0000
93.100,402.1310,0.2396,244.4634,0.2510,3.8000,-0.4500,356.2555,181.7584,357.4882,0.0000,0.0000,0.0000
93.208,401.9222,0.1590,244.5537,0.2510,3.8000,-0.4500,356.2449,181.7588,357.7415,0.0000,0.0000,0.0000
93.334,401.6709,0.0677,244.6576,0.2510,3.8000,-0.4500,356.2451,181.7588,357.9894,0.0000,0.0000,0.0000
93.459,401.3783,-0.0290,244.7735,0.2510,3.8000,-0.4500,356.2899,181.7574,358.3265,0.0000,0.0000,0.0000
93.583,401.1260,-0.1087,244.8687,0.2510,3.8000,-0.4500,356.3032,181.7570,358.4065,0.0000,0.0000,0.0000
93.709,400.8743,-0.1804,244.9607,0.2510,3.8000,-0.4500,356.3489,181.7558,358.5666,0.0000,0.0000,0.0000
93.834,400.6232,-0.2442,245.0498,0.2510,3.8000,-0.4500,356.4374,181.7538,358.8044,0.0000,0.0000,0.0000
93.959,400.3305,-0.3097,245.1501,0.2510,3.8000,-0.4500,356.5920,181.7509,359.0994,0.0000,0.0000,0.0000
94.084,400.0795,-0.3594,245.2336,0.2510,3.8000,-0.4500,356.7309,181.7490,359.3094,0.0000,0.0000,0.0000
94.196,399.8283,-0.4036,245.3152,0.2510,3.8000,-0.4500,356.8373,181.7479,359.4467,0.0000,0.0000,0.0000
94.306,399.6197,-0.4326,245.3815,0.2510,3.8000,-0.4500,356.9992,181.7466,359.6460,0.0000,0.0000,0.0000
94.431,399.3697,-0.4596,245.4593,0.2510,3.8000,-0.4500,357.2320,181.7457,359.8964,0.0000,0.0000,0.0000
94.556,399.0782,-0.4819,245.5487,0.2510,3.8000,-0.4500,357.4705,181.7457,0.1330,0.0000,0.0000,0.0000
94.681,398.8286,-0.4938,245.6248,0.2510,3.8000,-0.4500,357.5909,181.7461,0.2479,0.0000,0.0000,0.0000
94.806,398.5814,-0.4902,245.6989,0.2510,3.8000,-0.4500,357.9855,181.7491,0.6025,0.0000,0.0000,0.0000
94.906,398.3748,-0.4849,245.7619,0.2510,3.8000,-0.4500,358.1096,181.7505,0.7116,0.0000,0.0000,0.0000
95.014,398.1291,-0.4646,245.8363,0.2510,3.8000,-0.4500,358.4928,181.7563,1.0377,0.0000,0.0000,0.0000
95.140,397.8835,-0.4388,245.9127,0.2510,3.8000,-0.4500,358.6933,181.7603,1.2041,0.0000,0.0000,0.0000
95.250,397.6805,-0.4077,245.9765,0.2510,3.8000,-0.4500,358.9584,181.7663,1.4218,0.0000,0.0000,0.0000
95.361,397.4381,-0.3613,246.0544,0.2510,3.8000,-0.4500,359.2828,181.7751,1.6825,0.0000,0.0000,0.0000
95.487,397.1964,-0.3079,246.1346,0.2510,3.8000,-0.4500,359.4897,181.7815,1.8446,0.0000,0.0000,0.0000
95.612,396.9571,-0.2422,246.2157,0.2510,3.8000,-0.4500,359.8264,181.7931,2.1043,0.0000,0.0000,0.0000
95.736,396.6797,-0.1553,246.3133,0.2510,3.8000,-0.4500,0.1612,181.8062,2.3524,0.0000,0.0000,0.0000
95.862,396.4435,-0.0716,246.3991,0.2510,3.8000,-0.4500,0.4337,181.8178,2.5462,0.0000,0.0000,0.0000
95.987,396.2084,0.0190,246.4873,0.2510,3.8000,-0.4500,0.6393,181.8272,2.6859,0.0000,0.0000,0.0000
96.112,395.9756,0.1201,246.5763,0.2510,3.8000,-0.4500,0.9849,181.8441,2.9094,0.0000,0.0000,0.0000
96.223,395.7432,0.2245,246.6686,0.2510,3.8000,-0.4500,1.1273,181.8515,2.9932,0.0000,0.0000,0.0000
96.335,395.5127,0.3379,246.7613,0.2510,3.8000,-0.4500,1.4166,181.8670,3.1531,0.0000,0.0000,0.0000
96.446,395.3203,0.4328,246.8414,0.2510,3.8000,-0.4500,1.4166,181.8670,3.1531,0.0000,0.0000,0.0000
96.569,395.0921,0.5573,246.9355,0.2510,3.8000,-0.4500,1.8023,181.8889,3.3299,0.0000,0.0000,0.0000
96.683,394.8634,0.6812,247.0331,0.2510,3.8000,-0.4500,1.8791,181.8933,3.3565,0.0000,0.0000,0.0000
96.792,394.6735,0.7884,247.1142,0.2510,3.8000,-0.4500,2.0447,181.9031,3.4048,0.0000,0.0000,0.0000
96.917,394.4079,0.9406,247.2283,0.2510,3.8000,-0.4500,2.2062,181.9128,3.4475,0.0000,0.0000,0.0000
97.028,394.2181,1.0501,247.3104,0.2510,3.8000,-0.4500,2.2887,181.9178,3.4560,0.0000,0.0000,0.0000
97.140,393.9904,1.1828,247.4082,0.2510,3.8000,-0.4500,2.4570,181.9280,3.4633,0.0000,0.0000,0.0000
97.252,393.8003,1.2931,247.4893,0.2510,3.8000,-0.4500,2.6246,181.9381,3.4428,0.0000,0.0000,0.0000
97.361,393.5718,1.4239,247.5866,0.2510,3.8000,-0.4500,2.7066,181.9430,3.4301,0.0000,0.0000,0.0000
97.486,393.3421,1.5526,247.6827,0.2510,3.8000,-0.4500,2.8618,181.9523,3.3649,0.0000,0.0000,0.0000
97.600,393.1113,1.6786,247.7773,0.2510,3.8000,-0.4500,3.0123,181.9610,3.2883,0.0000,0.0000,0.0000
97.709,392.9178,1.7804,247.8547,0.2510,3.8000,-0.4500,3.1405,181.9683,3.1895,0.0000,0.0000,0.0000
97.822,392.6833,1.8971,247.9452,0.2510,3.8000,-0.4500,3.3669,181.9805,2.9413,0.0000,0.0000,0.0000
97.931,392.4870,1.9911,248.0190,0.2510,3.8000,-0.4500,3.4577,181.9850,2.8000,0.0000,0.0000,0.0000
98.056,392.2092,2.1148,248.1183,0.2510,3.8000,-0.4500,3.6109,181.9921,2.4996,0.0000,0.0000,0.0000
98.182,391.9688,2.2143,248.1993,0.2510,3.8000,-0.4500,3.6966,181.9957,2.2651,0.0000,0.0000,0.0000
98.292,391.7664,2.2913,248.2637,0.2510,3.8000,-0.4500,3.7688,181.9984,2.0188,0.0000,0.0000,0.0000
98.405,391.5208,2.3752,248.3373,0.2510,3.8000,-0.4500,3.8551,182.0012,1.6073,0.0000,0.0000,0.0000
98.514,391.3150,2.4409,248.3955,0.2510,3.8000,-0.4500,3.8926,182.0022,1.3562,0.0000,0.0000,0.0000
98.627,391.0657,2.5119,248.4621,0.2510,3.8000,-0.4500,3.9320,182.0030,1.0102,0.0000,0.0000,0.0000
98.736,390.8143,2.5752,248.5256,0.2510,3.8000,-0.4500,3.9620,182.0034,0.6715,0.0000,0.0000,0.0000
98.861,390.5602,2.6290,248.5870,0.2510,3.8000,-0.4500,3.9893,182.0036,0.2388,0.0000,0.0000,0.0000
98.986,390.3061,2.6795,248.6465,0.2510,3.8000,-0.4500,3.9983,182.0037,0.0737,0.0000,0.0000,0.0000
99.111,390.0480,2.7159,248.7061,0.2510,3.8000,-0.4500,4.0207,182.0036,359.5365,0.0000,0.0000,0.0000
99.236,389.7469,2.7537,248.7765,0.2510,3.8000,-0.4500,4.0333,182.0034,359.1978,0.0000,0.0000,0.0000
99.361,389.4870,2.7774,248.8388,0.2510,3.8000,-0.4500,4.0454,182.0033,358.8574,0.0000,0.0000,0.0000
99.487,389.2260,2.7940,248.9037,0.2510,3.8000,-0.4500,4.0578,182.0030,358.5150,0.0000,0.0000,0.0000
99.597,388.9644,2.8036,248.9717,0.2510,3.8000,-0.4500,4.0713,182.0026,358.1594,0.0000,0.0000,0.0000
99.710,388.7463,2.8089,249.0316,0.2510,3.8000,-0.4500,4.0779,182.0023,357.9886,0.0000,0.0000,0.0000
99.819,388.4828,2.8057,249.1077,0.2510,3.8000,-0.4500,4.0952,182.0017,357.5556,0.0000,0.0000,0.0000
99.944,388.2199,2.7999,249.1887,0.2510,3.8000,-0.4500,4.1039,182.0013,357.3044,0.0000,0.0000,0.0000
100.069,387.9572,2.7897,249.2751,0.2510,3.8000,-0.4500,4.1068,182.0011,357.1410,0.0000,0.0000,0.0000
100.195,387.6498,2.7674,249.3826,0.2510,3.8000,-0.4500,4.0978,182.0016,356.8005,0.0000,0.0000,0.0000
100.306,387.4305,2.7478,249.4641,0.2510,3.8000,-0.4500,4.0814,182.0026,356.6389,0.0000,0.0000,0.0000
100.430,387.1672,2.7175,249.5674,0.2510,3.8000,-0.4500,4.0435,182.0049,356.3920,0.0000,0.0000,0.0000
100.556,386.8600,2.6730,249.6952,0.2510,3.8000,-0.4500,3.9469,182.0113,356.0766,0.0000,0.0000,0.0000
100.668,386.6413,2.6373,249.7911,0.2510,3.8000,-0.4500,3.8856,182.0156,355.9291,0.0000,0.0000,0.0000
100.778,386.3792,2.5887,249.9115,0.2510,3.8000,-0.4500,3.7950,182.0222,355.7786,0.0000,0.0000,0.0000
100.902,386.1174,2.5319,250.0379,0.2510,3.8000,-0.4500,3.6517,182.0331,355.5643,0.0000,0.0000,0.0000
101.016,385.8562,2.4674,250.1708,0.2510,3.8000,-0.4500,3.4139,182.0520,355.3223,0.0000,0.0000,0.0000
101.125,385.6398,2.4125,250.2848,0.2510,3.8000,-0.4500,3.3538,182.0570,355.2697,0.0000,0.0000,0.0000
101.251,385.3801,2.3371,250.4279,0.2510,3.8000,-0.4500,3.0814,182.0800,355.0847,0.0000,0.0000,0.0000
101.361,385.1215,2.2562,250.5760,0.2510,3.8000,-0.4500,2.7733,182.1069,354.9437,0.0000,0.0000,0.0000
101.474,384.9069,2.1864,250.7019,0.2510,3.8000,-0.4500,2.6195,182.1207,354.8894,0.0000,0.0000,0.0000
101.583,384.6501,2.0965,250.8573,0.2510,3.8000,-0.4500,2.2978,182.1497,354.8138,0.0000,0.0000,0.0000
101.694,384.4368,2.0178,250.9895,0.2510,3.8000,-0.4500,1.9752,182.1791,354.7731,0.0000,0.0000,0.0000
101.822,384.1393,1.9046,251.1765,0.2510,3.8000,-0.4500,1.6503,182.2089,354.7738,0.0000,0.0000,0.0000
101.930,383.9272,1.8214,251.3111,0.2510,3.8000,-0.4500,1.4795,182.2245,354.7916,0.0000,0.0000,0.0000
102.055,383.6313,1.7008,251.5018,0.2510,3.8000,-0.4500,1.0624,182.2623,354.8626,0.0000,0.0000,0.0000
102.181,383.3785,1.5957,251.6651,0.2510,3.8000,-0.4500,0.7420,182.2908,354.9551,0.0000,0.0000,0.0000
102.305,383.1259,1.4897,251.8274,0.2510,3.8000,-0.4500,0.5090,182.3112,355.0445,0.0000,0.0000,0.0000
102.430,382.8738,1.3833,251.9890,0.2510,3.8000,-0.4500,0.2021,182.3375,355.1891,0.0000,0.0000,0.0000
102.555,382.5802,1.2597,252.1747,0.2510,3.8000,-0.4500,359.9122,182.3615,355.3578,0.0000,0.0000,0.0000
102.680,382.3291,1.1555,252.3320,0.2510,3.8000,-0.4500,359.5659,182.3889,355.6019,0.0000,0.0000,0.0000
102.805,382.0776,1.0525,252.4855,0.2510,3.8000,-0.4500,359.3707,182.4036,355.7712,0.0000,0.0000,0.0000
102.930,381.8262,0.9515,252.6353,0.2510,3.8000,-0.4500,359.1853,182.4170,355.9427,0.0000,0.0000,0.0000
103.055,381.5339,0.8389,252.8061,0.2510,3.8000,-0.4500,358.8500,182.4397,356.3155,0.0000,0.0000,0.0000
103.181,381.2816,0.7425,252.9462,0.2510,3.8000,-0.4500,358.8000,182.4429,356.3814,0.0000,0.0000,0.0000
103.291,381.0724,0.6662,253.0610,0.2510,3.8000,-0.4500,358.6523,182.4520,356.5839,0.0000,0.0000,0.0000
103.405,380.8211,0.5768,253.1954,0.2510,3.8000,-0.4500,358.5184,182.4597,356.7885,0.0000,0.0000,0.0000
103.513,380.6116,0.5041,253.3049,0.2510,3.8000,-0.4500,358.4346,182.4644,356.9294,0.0000,0.0000,0.0000
103.638,380.3180,0.4049,253.4549,0.2510,3.8000,-0.4500,358.3560,182.4685,357.0756,0.0000,0.0000,0.0000
103.753,380.1080,0.3361,253.5595,0.2510,3.8000,-0.4500,358.3180,182.4704,357.1479,0.0000,0.0000,0.0000
103.863,379.8561,0.2563,253.6829,0.2510,3.8000,-0.4500,358.2852,182.4720,357.2214,0.0000,0.0000,0.0000
103.975,379.6048,0.1816,253.8044,0.2510,3.8000,-0.4500,358.2242,182.4749,357.3779,0.0000,0.0000,0.0000
104.083,379.3961,0.1244,253.9042,0.2510,3.8000,-0.4500,358.1526,182.4780,357.6256,0.0000,0.0000,0.0000
104.208,379.1447,0.0579,254.0212,0.2510,3.8000,-0.4500,358.1203,182.4793,357.7875,0.0000,0.0000,0.0000
104.321,378.8934,-0.0037,254.1358,0.2510,3.8000,-0.4500,358.0997,182.4801,357.9490,0.0000,0.0000,0.0000
104.430,378.6843,-0.0506,254.2296,0.2510,3.8000,-0.4500,358.0874,182.4805,358.1140,0.0000,0.0000,0.0000
104.543,378.4334,-0.1030,254.3403,0.2510,3.8000,-0.4500,358.0863,182.4805,358.2781,0.0000,0.0000,0.0000
104.652,378.2248,-0.1422,254.4312,0.2510,3.8000,-0.4500,358.0967,182.4802,358.4485,0.0000,0.0000,0.0000
104.763,377.9743,-0.1856,254.5388,0.2510,3.8000,-0.4500,358.1097,182.4799,358.6141,0.0000,0.0000,0.0000
104.888,377.7240,-0.2247,254.6453,0.2510,3.8000,-0.4500,358.1352,182.4793,358.7720,0.0000,0.0000,0.0000
105.013,377.4742,-0.2595,254.7509,0.2510,3.8000,-0.4500,358.1702,182.4786,358.9347,0.0000,0.0000,0.0000
105.126,377.2241,-0.2921,254.8560,0.2510,3.8000,-0.4500,358.1911,182.4783,359.0134,0.0000,0.0000,0.0000
105.235,376.9738,-0.3231,254.9608,0.2510,3.8000,-0.4500,358.1911,182.4783,359.0134,0.0000,0.0000,0.0000
105.348,376.7669,-0.3419,255.0475,0.2510,3.8000,-0.4500,358.2690,182.4771,359.2529,0.0000,0.0000,0.0000
105.459,376.5172,-0.3680,255.1514,0.2510,3.8000,-0.4500,358.2690,182.4771,359.2529,0.0000,0.0000,0.0000
105.569,376.3090,-0.3884,255.2377,0.2510,3.8000,-0.4500,358.2690,182.4771,359.2529,0.0000,0.0000,0.0000
105.683,376.0594,-0.4116,255.3410,0.2510,3.8000,-0.4500,358.2690,182.4771,359.2529,0.0000,0.0000,0.0000
105.791,375.8518,-0.4286,255.4267,0.2510,3.8000,-0.4500,358.3079,182.4766,359.3251,0.0000,0.0000,0.0000
105.916,375.5607,-0.4542,255.5466,0.2510,3.8000,-0.4500,358.3079,182.4766,359.3251,0.0000,0.0000,0.0000
106.029,375.3527,-0.4725,255.6320,0.2510,3.8000,-0.4500,358.3079,182.4766,359.3251,0.0000,0.0000,0.0000
106.138,375.1029,-0.4951,255.7343,0.2510,3.8000,-0.4500,358.3079,182.4766,359.3251,0.0000,0.0000,0.0000
106.249,374.8946,-0.5146,255.8192,0.2510,3.8000,-0.4500,358.3079,182.4766,359.3251,0.0000,0.0000,0.0000
106.361,374.6446,-0.5394,255.9208,0.2510,3.8000,-0.4500,358.3079,182.4766,359.3251,0.0000,0.0000,0.0000
106.474,374.4359,-0.5613,256.0052,0.2510,3.8000,-0.4500,358.3079,182.4766,359.3251,0.0000,0.0000,0.0000
106.582,374.1852,-0.5895,256.1062,0.2510,3.8000,-0.4500,358.3079,182.4766,359.3250,0.0000,0.0000,0.0000
106.696,373.9339,-0.6201,256.2071,0.2510,3.8000,-0.4500,358.3079,182.4766,359.3250,0.0000,0.0000,0.0000
106.819,373.6821,-0.6532,256.3078,0.2510,3.8000,-0.4500,358.3079,182.4766,359.3250,0.0000,0.0000,0.0000
106.944,373.4294,-0.6885,256.4069,0.2510,3.8000,-0.4500,358.5451,182.4737,359.2484,0.0000,0.0000,0.0000
107.069,373.1768,-0.7272,256.5078,0.2510,3.8000,-0.4500,358.5451,182.4737,359.2484,0.0000,0.0000,0.0000
107.194,372.9231,-0.7691,256.6080,0.2510,3.8000,-0.4500,358.6811,182.4718,359.1602,0.0000,0.0000,0.0000
107.307,372.6684,-0.8149,256.7085,0.2510,3.8000,-0.4500,358.8626,182.4689,358.9967,0.0000,0.0000,0.0000
107.416,372.4135,-0.8633,256.8101,0.2510,3.8000,-0.4500,358.9701,182.4669,358.8697,0.0000,0.0000,0.0000
107.541,372.1578,-0.9151,256.9121,0.2510,3.8000,-0.4500,359.1221,182.4636,358.6700,0.0000,0.0000,0.0000
107.653,371.9452,-0.9589,256.9982,0.2510,3.8000,-0.4500,359.1677,182.4625,358.6042,0.0000,0.0000,0.0000
107.764,371.6888,-1.0148,257.1014,0.2510,3.8000,-0.4500,359.3034,182.4590,358.4018,0.0000,0.0000,0.0000
107.874,371.4751,-1.0622,257.1880,0.2510,3.8000,-0.4500,359.3946,182.4563,358.2645,0.0000,0.0000,0.0000
107.987,371.2184,-1.1199,257.2928,0.2510,3.8000,-0.4500,359.4901,182.4533,358.1254,0.0000,0.0000,0.0000
108.096,370.9618,-1.1775,257.3987,0.2510,3.8000,-0.4500,359.5378,182.4517,358.0569,0.0000,0.0000,0.0000
108.221,370.7038,-1.2377,257.5045,0.2510,3.8000,-0.4500,359.7452,182.4442,357.7902,0.0000,0.0000,0.0000
108.333,370.4901,-1.2850,257.5952,0.2510,3.8000,-0.4500,359.7452,182.4442,357.7902,0.0000,0.0000,0.0000
108.443,370.2322,-1.3428,257.7038,0.2510,3.8000,-0.4500,359.9192,182.4372,357.6096,0.0000,0.0000,0.0000
108.557,369.9747,-1.3983,257.8144,0.2510,3.8000,-0.4500,0.0402,182.4320,357.5031,0.0000,0.0000,0.0000
108.682,369.7167,-1.4517,257.9257,0.2510,3.8000,-0.4500,0.2445,182.4229,357.3593,0.0000,0.0000,0.0000
108.794,369.4594,-1.5016,258.0390,0.2510,3.8000,-0.4500,0.3124,182.4197,357.3195,0.0000,0.0000,0.0000
108.905,369.2443,-1.5406,258.1331,0.2510,3.8000,-0.4500,0.5398,182.4088,357.2155,0.0000,0.0000,0.0000
109.017,368.9868,-1.5835,258.2482,0.2510,3.8000,-0.4500,0.6193,182.4050,357.1909,0.0000,0.0000,0.0000
109.127,368.7720,-1.6154,258.3439,0.2510,3.8000,-0.4500,0.7807,182.3970,357.1454,0.0000,0.0000,0.0000
109.239,368.5140,-1.6479,258.4580,0.2510,3.8000,-0.4500,1.1167,182.3801,357.1024,0.0000,0.0000,0.0000
109.351,368.2994,-1.6722,258.5549,0.2510,3.8000,-0.4500,1.1167,182.3801,357.1024,0.0000,0.0000,0.0000
109.467,368.0416,-1.6931,258.6686,0.2510,3.8000,-0.4500,1.4509,182.3632,357.1165,0.0000,0.0000,0.0000
109.568,367.8268,-1.7061,258.7635,0.2510,3.8000,-0.4500,1.6183,182.3548,357.1480,0.0000,0.0000,0.0000
109.680,367.5692,-1.7158,258.8765,0.2510,3.8000,-0.4500,1.7839,182.3466,357.1847,0.0000,0.0000,0.0000
109.791,367.3549,-1.7155,258.9681,0.2510,3.8000,-0.4500,2.1139,182.3307,357.3041,0.0000,0.0000,0.0000
109.915,367.0547,-1.7093,259.0954,0.2510,3.8000,-0.4500,2.3416,182.3202,357.4122,0.0000,0.0000,0.0000
110.040,366.7977,-1.6952,259.2014,0.2510,3.8000,-0.4500,2.5574,182.3106,357.5368,0.0000,0.0000,0.0000
110.165,366.5407,-1.6748,259.3048,0.2510,3.8000,-0.4500,2.6949,182.3048,357.6290,0.0000,0.0000,0.0000
110.291,366.2850,-1.6421,259.4033,0.2510,3.8000,-0.4500,3.0258,182.2919,357.9040,0.0000,0.0000,0.0000
110.416,365.9865,-1.5986,259.5151,0.2510,3.8000,-0.4500,3.2010,182.2857,358.0869,0.0000,0.0000,0.0000
110.540,365.7317,-1.5511,259.6065,0.2510,3.8000,-0.4500,3.4103,182.2792,358.3457,0.0000,0.0000,0.0000
110.665,365.4767,-1.4995,259.6953,0.2510,3.8000,-0.4500,3.5039,182.2766,358.4916,0.0000,0.0000,0.0000
110.791,365.2229,-1.4396,259.7802,0.2510,3.8000,-0.4500,3.6345,182.2734,358.7117,0.0000,0.0000,0.0000
110.915,364.9281,-1.3610,259.8751,0.2510,3.8000,-0.4500,3.7653,182.2708,359.0178,0.0000,0.0000,0.0000
111.028,364.7181,-1.3013,259.9406,0.2510,3.8000,-0.4500,3.8169,182.2700,359.1739,0.0000,0.0000,0.0000
111.138,364.4683,-1.2200,260.0162,0.2510,3.8000,-0.4500,3.9089,182.2690,359.5906,0.0000,0.0000,0.0000
111.262,364.2175,-1.1386,260.0899,0.2510,3.8000,-0.4500,3.9240,182.2689,359.6766,0.0000,0.0000,0.0000
111.387,363.9704,-1.0438,260.1606,0.2510,3.8000,-0.4500,4.0014,182.2687,0.1079,0.0000,0.0000,0.0000
111.512,363.7233,-0.9451,260.2296,0.2510,3.8000,-0.4500,4.0562,182.2690,0.3594,0.0000,0.0000,0.0000
111.624,363.4772,-0.8405,260.2968,0.2510,3.8000,-0.4500,4.0947,182.2693,0.5238,0.0000,0.0000,0.0000
111.736,363.2342,-0.7232,260.3612,0.2510,3.8000,-0.4500,4.2152,182.2708,0.9387,0.0000,0.0000,0.0000
111.849,363.0323,-0.6216,260.4145,0.2510,3.8000,-0.4500,4.2971,182.2723,1.1776,0.0000,0.0000,0.0000
111.959,362.7907,-0.4952,260.4782,0.2510,3.8000,-0.4500,4.3560,182.2736,1.3359,0.0000,0.0000,0.0000
112.069,362.5922,-0.3804,260.5303,0.2510,3.8000,-0.4500,4.4846,182.2770,1.6561,0.0000,0.0000,0.0000
112.194,362.3545,-0.2391,260.5939,0.2510,3.8000,-0.4500,4.5840,182.2801,1.8835,0.0000,0.0000,0.0000
112.319,362.0793,-0.0665,260.6695,0.2510,3.8000,-0.4500,4.6877,182.2837,2.1097,0.0000,0.0000,0.0000
112.429,361.8840,0.0619,260.7247,0.2510,3.8000,-0.4500,4.7583,182.2864,2.2597,0.0000,0.0000,0.0000
112.538,361.6511,0.2205,260.7925,0.2510,3.8000,-0.4500,4.8294,182.2893,2.4079,0.0000,0.0000,0.0000
112.651,361.4590,0.3585,260.8494,0.2510,3.8000,-0.4500,4.9365,182.2940,2.6289,0.0000,0.0000,0.0000
112.775,361.1907,0.5535,260.9311,0.2510,3.8000,-0.4500,5.0068,182.2974,2.7751,0.0000,0.0000,0.0000
112.886,360.9992,0.6935,260.9908,0.2510,3.8000,-0.4500,5.0068,182.2974,2.7751,0.0000,0.0000,0.0000
113.011,360.7719,0.8684,261.0621,0.2510,3.8000,-0.4500,5.1083,182.3025,2.9970,0.0000,0.0000,0.0000
113.136,360.5060,1.0693,261.1482,0.2510,3.8000,-0.4500,5.1083,182.3025,2.9970,0.0000,0.0000,0.0000
113.249,360.3165,1.2133,261.2107,0.2510,3.8000,-0.4500,5.1083,182.3025,2.9969,0.0000,0.0000,0.0000
113.360,360.0892,1.3856,261.2863,0.2510,3.8000,-0.4500,5.1083,182.3025,2.9969,0.0000,0.0000,0.0000
113.469,359.8998,1.5279,261.3499,0.2510,3.8000,-0.4500,5.1083,182.3025,2.9969,0.0000,0.0000,0.0000
113.594,359.6725,1.6964,261.4268,0.2510,3.8000,-0.4500,5.1083,182.3025,2.9969,0.0000,0.0000,0.0000
113.707,359.4448,1.8613,261.5045,0.2510,3.8000,-0.4500,5.1083,182.3025,2.9969,0.0000,0.0000,0.0000
113.830,359.2166,2.0215,261.5830,0.2510,3.8000,-0.4500,5.1083,182.3025,2.9969,0.0000,0.0000,0.0000
113.955,358.9494,2.2012,261.6759,0.2510,3.8000,-0.4500,5.1083,182.3025,2.9969,0.0000,0.0000,0.0000
114.080,358.7196,2.3478,261.7567,0.2510,3.8000,-0.4500,5.1083,182.3025,2.9969,0.0000,0.0000,0.0000
114.205,358.4887,2.4865,261.8388,0.2510,3.8000,-0.4500,5.1083,182.3025,2.9969,0.0000,0.0000,0.0000
114.330,358.2555,2.6113,261.9255,0.2510,3.8000,-0.4500,4.7123,182.2821,2.8680,0.0000,0.0000,0.0000
114.441,358.0205,2.7264,262.0130,0.2510,3.8000,-0.4500,4.4158,182.2676,2.7120,0.0000,0.0000,0.0000
114.566,357.7831,2.8287,262.1014,0.2510,3.8000,-0.4500,4.0636,182.2516,2.4747,0.0000,0.0000,0.0000
114.677,357.5438,2.9201,262.1889,0.2510,3.8000,-0.4500,3.7977,182.2405,2.2671,0.0000,0.0000,0.0000
114.803,357.3013,2.9950,262.2767,0.2510,3.8000,-0.4500,3.3869,182.2255,1.9103,0.0000,0.0000,0.0000
114.927,357.0565,3.0562,262.3627,0.2510,3.8000,-0.4500,2.9945,182.2136,1.5512,0.0000,0.0000,0.0000
115.052,356.8094,3.1031,262.4468,0.2510,3.8000,-0.4500,2.6163,182.2045,1.1934,0.0000,0.0000,0.0000
115.165,356.5601,3.1350,262.5282,0.2510,3.8000,-0.4500,2.2391,182.1979,0.8292,0.0000,0.0000,0.0000
115.275,356.3086,3.1513,262.6069,0.2510,3.8000,-0.4500,1.8569,182.1936,0.4552,0.0000,0.0000,0.0000
115.386,356.0975,3.1529,262.6708,0.2510,3.8000,-0.4500,1.5340,182.1919,0.1360,0.0000,0.0000,0.0000
115.498,355.8425,3.1403,262.7448,0.2510,3.8000,-0.4500,1.1430,182.1923,359.7458,0.0000,0.0000,0.0000
115.609,355.6287,3.1178,262.8034,0.2510,3.8000,-0.4500,0.8161,182.1947,359.4165,0.0000,0.0000,0.0000
115.722,355.3708,3.0767,262.8708,0.2510,3.8000,-0.4500,0.4258,182.2000,359.0195,0.0000,0.0000,0.0000
115.830,355.1550,3.0309,262.9264,0.2510,3.8000,-0.4500,0.1047,182.2065,358.6894,0.0000,0.0000,0.0000
115.955,354.8523,2.9497,263.0049,0.2510,3.8000,-0.4500,359.6654,182.2182,358.2325,0.0000,0.0000,0.0000
116.080,354.5927,2.8648,263.0756,0.2510,3.8000,-0.4500,359.3020,182.2307,357.8493,0.0000,0.0000,0.0000
116.205,354.3335,2.7682,263.1508,0.2510,3.8000,-0.4500,359.0104,182.2424,357.5379,0.0000,0.0000,0.0000
116.316,354.0743,2.6568,263.2328,0.2510,3.8000,-0.4500,358.6588,182.2587,357.1570,0.0000,0.0000,0.0000
116.428,353.8595,2.5581,263.3057,0.2510,3.8000,-0.4500,358.4898,182.2674,356.9717,0.0000,0.0000,0.0000
116.552,353.6015,2.4252,263.4003,0.2510,3.8000,-0.4500,358.1476,182.2866,356.5907,0.0000,0.0000,0.0000
116.665,353.3451,2.2868,263.5012,0.2510,3.8000,-0.4500,357.9780,182.2970,356.3975,0.0000,0.0000,0.0000
116.788,353.0896,2.1394,263.6087,0.2510,3.8000,-0.4500,357.8137,182.3076,356.2079,0.0000,0.0000,0.0000
116.913,352.8344,1.9825,263.7233,0.2510,3.8000,-0.4500,357.5976,182.3225,355.9505,0.0000,0.0000,0.0000
117.024,352.5810,1.8240,263.8449,0.2510,3.8000,-0.4500,357.5468,182.3261,355.8883,0.0000,0.0000,0.0000
117.149,352.3279,1.6588,263.9740,0.2510,3.8000,-0.4500,357.4458,182.3335,355.7607,0.0000,0.0000,0.0000
117.274,352.0753,1.4899,264.1090,0.2510,3.8000,-0.4500,357.3471,182.3409,355.6265,0.0000,0.0000,0.0000
117.386,351.8238,1.3224,264.2484,0.2510,3.8000,-0.4500,357.3471,182.3409,355.6265,0.0000,0.0000,0.0000
117.510,351.5723,1.1545,264.3912,0.2510,3.8000,-0.4500,357.3471,182.3409,355.6265,0.0000,0.0000,0.0000
117.610,351.3625,1.0155,264.5118,0.2510,3.8000,-0.4500,357.3471,182.3409,355.6265,0.0000,0.0000,0.0000
117.732,351.1107,0.8512,264.6576,0.2510,3.8000,-0.4500,357.3471,182.3409,355.6265,0.0000,0.0000,0.0000
117.857,350.8167,0.6649,264.8284,0.2510,3.8000,-0.4500,357.3471,182.3409,355.6265,0.0000,0.0000,0.0000
117.982,350.5646,0.5114,264.9751,0.2510,3.8000,-0.4500,357.3471,182.3409,355.6265,0.0000,0.0000,0.0000
118.107,350.3122,0.3650,265.1218,0.2510,3.8000,-0.4500,357.3471,182.3409,355.6264,0.0000,0.0000,0.0000
118.220,350.0594,0.2267,265.2684,0.2510,3.8000,-0.4500,357.3471,182.3409,355.6264,0.0000,0.0000,0.0000
118.329,349.8488,0.1186,265.3905,0.2510,3.8000,-0.4500,357.3471,182.3409,355.6264,0.0000,0.0000,0.0000
118.455,349.5536,-0.0143,265.5574,0.2510,3.8000,-0.4500,357.9308,182.2967,355.7294,0.0000,0.0000,0.0000
118.568,349.3424,-0.1026,265.6774,0.2510,3.8000,-0.4500,358.0858,182.2851,355.7873,0.0000,0.0000,0.0000
118.690,349.0896,-0.1926,265.8179,0.2510,3.8000,-0.4500,358.5598,182.2512,356.0262,0.0000,0.0000,0.0000
118.803,348.8358,-0.2733,265.9561,0.2510,3.8000,-0.4500,358.8505,182.2314,356.1988,0.0000,0.0000,0.0000
118.913,348.6245,-0.3284,266.0674,0.2510,3.8000,-0.4500,359.2209,182.2076,356.4418,0.0000,0.0000,0.0000
119.038,348.3277,-0.3928,266.2175,0.2510,3.8000,-0.4500,359.6415,182.1825,356.7299,0.0000,0.0000,0.0000
119.163,348.0728,-0.4347,266.3399,0.2510,3.8000,-0.4500,359.9906,182.1633,356.9744,0.0000,0.0000,0.0000
119.276,347.8178,-0.4631,266.4556,0.2510,3.8000,-0.4500,0.4141,182.1420,357.2718,0.0000,0.0000,0.0000
119.387,347.6050,-0.4795,266.5476,0.2510,3.8000,-0.4500,0.6864,182.1295,357.4616,0.0000,0.0000,0.0000
119.499,347.3494,-0.4886,266.6522,0.2510,3.8000,-0.4500,1.0321,182.1149,357.6997,0.0000,0.0000,0.0000
119.621,347.0934,-0.4886,266.7512,0.2510,3.8000,-0.4500,1.3073,182.1042,357.8860,0.0000,0.0000,0.0000
119.732,346.8806,-0.4789,266.8286,0.2510,3.8000,-0.4500,1.6550,182.0921,358.1166,0.0000,0.0000,0.0000
119.858,346.5819,-0.4586,266.9320,0.2510,3.8000,-0.4500,1.9410,182.0832,358.2995,0.0000,0.0000,0.0000
119.982,346.3262,-0.4328,267.0159,0.2510,3.8000,-0.4500,2.1660,182.0768,358.4381,0.0000,0.0000,0.0000
