time_sec,world_x,world_y,world_z,local_x,local_y,local_z,world_rot_x,world_rot_y,world_rot_z,local_rot_x,local_rot_y,local_rot_z
0.000,598.7960,5.1807,250.4555,0.2510,3.8000,-0.4500,0.0000,180.0000,0.0000,0.0000,0.0000,0.0000
0.000,598.7960,5.1807,250.4555,0.2510,3.8000,-0.4500,0.0000,180.0000,0.0000,0.0000,0.0000,0.0000
0.100,598.5439,4.9589,250.4612,0.2510,3.8000,-0.4500,0.0000,180.0000,0.0000,0.0000,0.0000,0.0000
0.210,598.1251,4.5996,250.4672,0.2510,3.8000,-0.4500,0.0000,180.0000,0.0000,0.0000,0.0000,0.0000
0.322,597.6891,4.2305,250.4717,0.2510,3.8000,-0.4500,0.0000,180.0000,0.0000,0.0000,0.0000,0.0000
0.432,597.0732,3.7129,250.4721,0.2510,3.8000,-0.4500,0.0000,180.0000,0.0000,0.0000,0.0000,0.0000
0.542,596.4955,3.2258,250.4137,0.2510,3.8000,-0.4500,0.0000,180.0000,0.0000,0.0000,0.0000,0.0000
0.654,595.7405,2.5814,250.1966,0.2510,3.8000,-0.4500,0.0000,180.0000,0.0000,0.0000,0.0000,0.0000
0.765,595.0676,1.9998,249.8707,0.2510,3.8000,-0.4500,0.0000,180.0000,0.0000,0.0000,0.0000,0.0000
0.879,594.2150,1.2539,249.3004,0.2510,3.8000,-0.4500,0.0000,180.0000,0.0000,0.0000,0.0000,0.0000
0.990,593.3196,0.4615,248.5420,0.2510,3.8000,-0.4500,0.0000,180.0000,0.0000,0.0000,0.0000,0.0000
1.100,592.5576,-0.2190,247.7895,0.2510,3.8000,-0.4500,0.0000,180.0000,0.0000,0.0000,0.0000,0.0000
1.212,591.8832,-0.8081,247.0414,0.2510,3.8000,-0.4500,359.0426,180.0000,0.0017,0.0000,0.0000,0.0000
1.323,591.4874,-1.0522,246.5447,0.2510,3.8000,-0.4500,358.1112,180.0000,0.0031,0.0000,0.0000,0.0000
1.433,591.1221,-1.1091,246.0303,0.2510,3.8000,-0.4500,357.5493,179.9999,0.0039,0.0000,0.0000,0.0000
1.544,590.8703,-1.0369,245.6351,0.2510,3.8000,-0.4500,357.5493,179.9999,0.0039,0.0000,0.0000,0.0000
1.654,590.6032,-0.9019,245.1775,0.2510,3.8000,-0.4500,357.5493,179.9999,0.0039,0.0000,0.0000,0.0000
1.766,590.3974,-0.7991,244.7997,0.2510,3.8000,-0.4500,357.5493,179.9999,0.0038,0.0000,0.0000,0.0000
1.877,590.1617,-0.7203,244.3449,0.2510,3.8000,-0.4500,357.5493,179.9999,0.0038,0.0000,0.0000,0.0000
1.988,589.9706,-0.6972,243.9633,0.2510,3.8000,-0.4500,357.5493,179.9999,0.0038,0.0000,0.0000,0.0000
2.100,589.7449,-0.7118,243.5022,0.2510,3.8000,-0.4500,357.5493,179.9999,0.0038,0.0000,0.0000,0.0000
2.211,589.5215,-0.7548,243.0388,0.2510,3.8000,-0.4500,357.5493,180.0000,0.0038,0.0000,0.0000,0.0000
2.322,589.3359,-0.7997,242.6552,0.2510,3.8000,-0.4500,357.5493,180.0000,0.0038,0.0000,0.0000,0.0000
2.433,589.1090,-0.8555,242.2630,0.2510,3.8000,-0.4500,357.5493,180.0000,0.0038,0.0000,0.0000,0.0000
2.544,588.9124,-0.9021,242.0367,0.2510,3.8000,-0.4500,357.5493,180.0000,0.0038,0.0000,0.0000,0.0000
2.656,588.6675,-0.9567,241.8830,0.2510,3.8000,-0.4500,357.5493,180.0000,0.0038,0.0000,0.0000,0.0000
2.768,588.4183,-1.0105,241.8312,0.2510,3.8000,-0.4500,357.5493,180.0000,0.0038,0.0000,0.0000,0.0000
2.878,588.2099,-1.0558,241.8430,0.2510,3.8000,-0.4500,357.5493,180.0000,0.0038,0.0000,0.0000,0.0000
2.989,587.9602,-1.1127,241.9023,0.2510,3.8000,-0.4500,357.4665,180.0000,-0.0011,0.0000,0.0000,0.0000
3.100,587.7526,-1.1619,241.9760,0.2510,3.8000,-0.4500,357.4665,180.0000,-0.0011,0.0000,0.0000,0.0000
3.212,587.5039,-1.2238,242.0834,0.2510,3.8000,-0.4500,357.4665,180.0000,-0.0011,0.0000,0.0000,0.0000
3.322,587.2969,-1.2796,242.1851,0.2510,3.8000,-0.4500,357.3037,180.0000,359.9808,0.0000,0.0000,0.0000
3.433,587.0493,-1.3470,242.3167,0.2510,3.8000,-0.4500,357.3037,180.0000,359.9808,0.0000,0.0000,0.0000
3.545,586.8433,-1.4049,242.4332,0.2510,3.8000,-0.4500,357.3037,180.0000,359.9808,0.0000,0.0000,0.0000
3.656,586.5964,-1.4757,242.5786,0.2510,3.8000,-0.4500,357.3037,180.0000,359.9808,0.0000,0.0000,0.0000
3.767,586.3907,-1.5353,242.7029,0.2510,3.8000,-0.4500,357.3037,180.0000,359.9808,0.0000,0.0000,0.0000
3.879,586.1439,-1.6075,242.8545,0.2510,3.8000,-0.4500,357.3037,180.0000,359.9808,0.0000,0.0000,0.0000
3.989,585.8970,-1.6799,243.0078,0.2510,3.8000,-0.4500,357.3037,180.0000,359.9808,0.0000,0.0000,0.0000
4.100,585.6913,-1.7405,243.1362,0.2510,3.8000,-0.4500,357.3037,180.0000,359.9808,0.0000,0.0000,0.0000
4.212,585.4445,-1.8131,243.2907,0.2510,3.8000,-0.4500,357.3037,180.0000,359.9808,0.0000,0.0000,0.0000
4.322,585.2388,-1.8737,243.4192,0.2510,3.8000,-0.4500,357.3037,180.0000,359.9808,0.0000,0.0000,0.0000
4.437,584.9916,-1.9461,243.5731,0.2510,3.8000,-0.4500,357.3037,180.0000,359.9808,0.0000,0.0000,0.0000
4.561,584.7444,-2.0182,243.7267,0.2510,3.8000,-0.4500,357.3037,180.0000,359.9808,0.0000,0.0000,0.0000
4.670,584.4971,-2.0896,243.8799,0.2510,3.8000,-0.4500,357.3037,180.0000,359.9808,0.0000,0.0000,0.0000
4.781,584.2908,-2.1482,244.0073,0.2510,3.8000,-0.4500,357.3037,180.0000,359.9808,0.0000,0.0000,0.0000
4.893,584.0432,-2.2175,244.1600,0.2510,3.8000,-0.4500,357.3037,180.0000,359.9808,0.0000,0.0000,0.0000
5.004,583.8369,-2.2738,244.2870,0.2510,3.8000,-0.4500,357.3037,180.0000,359.9808,0.0000,0.0000,0.0000
5.115,583.5894,-2.3395,244.4396,0.2510,3.8000,-0.4500,357.3037,180.0000,359.9808,0.0000,0.0000,0.0000
5.227,583.3831,-2.3922,244.5674,0.2510,3.8000,-0.4500,357.3037,180.0000,359.9808,0.0000,0.0000,0.0000
5.337,583.1356,-2.4530,244.7214,0.2510,3.8000,-0.4500,357.3037,180.0000,359.9808,0.0000,0.0000,0.0000
5.448,582.9296,-2.5009,244.8502,0.2510,3.8000,-0.4500,357.3037,180.0000,359.9808,0.0000,0.0000,0.0000
5.559,582.6824,-2.5551,245.0051,0.2510,3.8000,-0.4500,357.3037,180.0000,359.9808,0.0000,0.0000,0.0000
5.670,582.4355,-2.6050,245.1602,0.2510,3.8000,-0.4500,357.3037,180.0000,359.9808,0.0000,0.0000,0.0000
5.781,582.2299,-2.6430,245.2893,0.2510,3.8000,-0.4500,357.3037,180.0000,359.9808,0.0000,0.0000,0.0000
5.893,581.9833,-2.6835,245.4436,0.2510,3.8000,-0.4500,357.3826,180.0000,359.9647,0.0000,0.0000,0.0000
6.004,581.7780,-2.7124,245.5714,0.2510,3.8000,-0.4500,357.5442,179.9998,359.9438,0.0000,0.0000,0.0000
6.114,581.5319,-2.7415,245.7245,0.2510,3.8000,-0.4500,357.7095,179.9996,359.9438,0.0000,0.0000,0.0000
6.225,581.3272,-2.7596,245.8509,0.2510,3.8000,-0.4500,357.9582,179.9995,359.9676,0.0000,0.0000,0.0000
6.336,581.0820,-2.7752,246.0023,0.2510,3.8000,-0.4500,358.2018,179.9994,0.0285,0.0000,0.0000,0.0000
6.447,580.8782,-2.7832,246.1281,0.2510,3.8000,-0.4500,358.3615,179.9996,0.0821,0.0000,0.0000,0.0000
6.558,580.6341,-2.7867,246.2788,0.2510,3.8000,-0.4500,358.5180,179.9999,0.1388,0.0000,0.0000,0.0000
6.669,580.3909,-2.7802,246.4278,0.2510,3.8000,-0.4500,358.8224,180.0010,0.2775,0.0000,0.0000,0.0000
6.781,580.1888,-2.7693,246.5517,0.2510,3.8000,-0.4500,359.0408,180.0022,0.3904,0.0000,0.0000,0.0000
6.892,579.9467,-2.7497,246.6999,0.2510,3.8000,-0.4500,359.2626,180.0040,0.5172,0.0000,0.0000,0.0000
7.005,579.7460,-2.7253,246.8220,0.2510,3.8000,-0.4500,359.5499,180.0070,0.6923,0.0000,0.0000,0.0000
7.114,579.5055,-2.6913,246.9684,0.2510,3.8000,-0.4500,359.7574,180.0098,0.8272,0.0000,0.0000,0.0000
7.225,579.3052,-2.6576,247.0900,0.2510,3.8000,-0.4500,359.8979,180.0119,0.9225,0.0000,0.0000,0.0000
7.337,579.0659,-2.6092,247.2349,0.2510,3.8000,-0.4500,0.1047,180.0155,1.0648,0.0000,0.0000,0.0000
7.448,578.8678,-2.5610,247.3546,0.2510,3.8000,-0.4500,0.3761,180.0210,1.2601,0.0000,0.0000,0.0000
7.558,578.6298,-2.4999,247.4990,0.2510,3.8000,-0.4500,0.5136,180.0242,1.3623,0.0000,0.0000,0.0000
7.670,578.3935,-2.4303,247.6429,0.2510,3.8000,-0.4500,0.7160,180.0293,1.5141,0.0000,0.0000,0.0000
7.781,578.1976,-2.3663,247.7624,0.2510,3.8000,-0.4500,0.9113,180.0347,1.6649,0.0000,0.0000,0.0000
7.892,577.9628,-2.2855,247.9054,0.2510,3.8000,-0.4500,1.0386,180.0385,1.7645,0.0000,0.0000,0.0000
8.003,577.7688,-2.2100,248.0222,0.2510,3.8000,-0.4500,1.3003,180.0470,1.9739,0.0000,0.0000,0.0000
8.115,577.5350,-2.1206,248.1636,0.2510,3.8000,-0.4500,1.3003,180.0470,1.9739,0.0000,0.0000,0.0000
8.226,577.3426,-2.0363,248.2788,0.2510,3.8000,-0.4500,1.5621,180.0565,2.1895,0.0000,0.0000,0.0000
8.336,577.1104,-1.9371,248.4191,0.2510,3.8000,-0.4500,1.5621,180.0565,2.1895,0.0000,0.0000,0.0000
8.447,576.9194,-1.8454,248.5340,0.2510,3.8000,-0.4500,1.8178,180.0668,2.4065,0.0000,0.0000,0.0000
8.560,576.6890,-1.7383,248.6743,0.2510,3.8000,-0.4500,1.8178,180.0668,2.4065,0.0000,0.0000,0.0000
8.671,576.4595,-1.6250,248.8079,0.2510,3.8000,-0.4500,1.9441,180.0722,2.5174,0.0000,0.0000,0.0000
8.782,576.2662,-1.5315,248.8903,0.2510,3.8000,-0.4500,1.9441,180.0722,2.5174,0.0000,0.0000,0.0000
8.892,576.0338,-1.4176,248.9093,0.2510,3.8000,-0.4500,2.0662,180.0777,2.6270,0.0000,0.0000,0.0000
9.003,575.8395,-1.3264,248.8755,0.2510,3.8000,-0.4500,2.0662,180.0777,2.6270,0.0000,0.0000,0.0000
9.129,575.5685,-1.2001,248.7775,0.2510,3.8000,-0.4500,2.0662,180.0777,2.6270,0.0000,0.0000,0.0000
9.239,575.3757,-1.1110,248.6838,0.2510,3.8000,-0.4500,2.0662,180.0777,2.6270,0.0000,0.0000,0.0000
9.352,575.1458,-1.0035,248.5515,0.2510,3.8000,-0.4500,2.1253,180.0805,2.6838,0.0000,0.0000,0.0000
9.461,574.9551,-0.9164,248.4245,0.2510,3.8000,-0.4500,2.1253,180.0805,2.6838,0.0000,0.0000,0.0000
9.573,574.7276,-0.8135,248.2544,0.2510,3.8000,-0.4500,2.1252,180.0805,2.6838,0.0000,0.0000,0.0000
9.684,574.5387,-0.7293,248.1015,0.2510,3.8000,-0.4500,2.1252,180.0805,2.6838,0.0000,0.0000,0.0000
9.797,574.3124,-0.6300,247.9086,0.2510,3.8000,-0.4500,2.1252,180.0805,2.6838,0.0000,0.0000,0.0000
9.907,574.1239,-0.5491,247.7426,0.2510,3.8000,-0.4500,2.1253,180.0805,2.6838,0.0000,0.0000,0.0000
10.017,573.8981,-0.4544,247.5394,0.2510,3.8000,-0.4500,2.1252,180.0805,2.6838,0.0000,0.0000,0.0000
10.128,573.7098,-0.3775,247.3681,0.2510,3.8000,-0.4500,2.1253,180.0805,2.6838,0.0000,0.0000,0.0000
10.241,573.4835,-0.2882,247.1611,0.2510,3.8000,-0.4500,2.1253,180.0805,2.6839,0.0000,0.0000,0.0000
10.350,573.2568,-0.2022,246.9534,0.2510,3.8000,-0.4500,2.1253,180.0805,2.6838,0.0000,0.0000,0.0000
10.461,573.0673,-0.1335,246.7800,0.2510,3.8000,-0.4500,2.1253,180.0805,2.6838,0.0000,0.0000,0.0000
10.572,572.8395,-0.0546,246.5692,0.2510,3.8000,-0.4500,2.1252,180.0805,2.6838,0.0000,0.0000,0.0000
10.684,572.6497,0.0076,246.3900,0.2510,3.8000,-0.4500,2.1252,180.0805,2.6838,0.0000,0.0000,0.0000
10.795,572.4213,0.0781,246.1711,0.2510,3.8000,-0.4500,2.1253,180.0805,2.6838,0.0000,0.0000,0.0000
10.906,572.2307,0.1331,245.9861,0.2510,3.8000,-0.4500,2.1252,180.0805,2.6838,0.0000,0.0000,0.0000
11.016,572.0001,0.1911,245.7629,0.2510,3.8000,-0.4500,2.0516,180.0771,2.5306,0.0000,0.0000,0.0000
11.128,571.8066,0.2351,245.5815,0.2510,3.8000,-0.4500,1.9772,180.0739,2.3787,0.0000,0.0000,0.0000
11.239,571.5688,0.2814,245.4168,0.2510,3.8000,-0.4500,1.8195,180.0678,2.0793,0.0000,0.0000,0.0000
11.350,571.3278,0.3292,245.3503,0.2510,3.8000,-0.4500,1.7808,180.0664,2.0090,0.0000,0.0000,0.0000
11.461,571.1247,0.3621,245.3552,0.2510,3.8000,-0.4500,1.6563,180.0623,1.7893,0.0000,0.0000,0.0000
11.573,570.8801,0.3960,245.4117,0.2510,3.8000,-0.4500,1.4852,180.0574,1.5006,0.0000,0.0000,0.0000
11.684,570.6761,0.4200,245.4874,0.2510,3.8000,-0.4500,1.3568,180.0542,1.2915,0.0000,0.0000,0.0000
11.795,570.4316,0.4434,245.6009,0.2510,3.8000,-0.4500,1.2244,180.0515,1.0795,0.0000,0.0000,0.0000
11.906,570.2277,0.4581,245.7076,0.2510,3.8000,-0.4500,1.1346,180.0499,0.9359,0.0000,0.0000,0.0000
12.018,569.9824,0.4683,245.8450,0.2510,3.8000,-0.4500,1.0028,180.0480,0.7247,0.0000,0.0000,0.0000
12.128,569.7770,0.4704,245.9644,0.2510,3.8000,-0.4500,0.8709,180.0466,0.5070,0.0000,0.0000,0.0000
12.239,569.5306,0.4692,246.1107,0.2510,3.8000,-0.4500,0.7856,180.0459,0.3622,0.0000,0.0000,0.0000
12.351,569.2825,0.4581,246.2595,0.2510,3.8000,-0.4500,0.6209,180.0453,0.0712,0.0000,0.0000,0.0000
12.462,569.0764,0.4478,246.3833,0.2510,3.8000,-0.4500,0.5828,180.0453,-0.0036,0.0000,0.0000,0.0000
12.573,568.8273,0.4271,246.5325,0.2510,3.8000,-0.4500,0.4703,180.0455,359.7693,0.0000,0.0000,0.0000
12.684,568.6190,0.4053,246.6569,0.2510,3.8000,-0.4500,0.3734,180.0461,359.5463,0.0000,0.0000,0.0000
12.795,568.3691,0.3771,246.8059,0.2510,3.8000,-0.4500,0.3182,180.0466,359.3917,0.0000,0.0000,0.0000
12.906,568.1604,0.3496,246.9303,0.2510,3.8000,-0.4500,0.2687,180.0472,359.2342,0.0000,0.0000,0.0000
13.017,567.9095,0.3133,247.0798,0.2510,3.8000,-0.4500,0.2235,180.0479,359.0777,0.0000,0.0000,0.0000
13.130,567.6582,0.2724,247.2299,0.2510,3.8000,-0.4500,0.1774,180.0487,358.9162,0.0000,0.0000,0.0000
13.239,567.4489,0.2361,247.3555,0.2510,3.8000,-0.4500,0.1543,180.0491,358.8364,0.0000,0.0000,0.0000
13.351,567.1970,0.1870,247.5077,0.2510,3.8000,-0.4500,0.1050,180.0502,358.6808,0.0000,0.0000,0.0000
13.463,566.9875,0.1439,247.6363,0.2510,3.8000,-0.4500,0.0780,180.0508,358.6035,0.0000,0.0000,0.0000
13.572,566.7350,0.0851,247.7931,0.2510,3.8000,-0.4500,359.9846,180.0533,358.3677,0.0000,0.0000,0.0000
13.698,566.4838,0.0271,247.9517,0.2510,3.8000,-0.4500,359.9846,180.0533,358.3677,0.0000,0.0000,0.0000
13.807,566.2730,-0.0292,248.0860,0.2510,3.8000,-0.4500,359.8698,180.0568,358.1447,0.0000,0.0000,0.0000
13.919,566.0218,-0.0943,248.2479,0.2510,3.8000,-0.4500,359.8698,180.0568,358.1447,0.0000,0.0000,0.0000
14.030,565.7703,-0.1641,248.4115,0.2510,3.8000,-0.4500,359.8250,180.0583,358.0771,0.0000,0.0000,0.0000
14.141,565.5603,-0.2267,248.5493,0.2510,3.8000,-0.4500,359.7193,180.0620,357.9435,0.0000,0.0000,0.0000
14.252,565.3094,-0.3002,248.7146,0.2510,3.8000,-0.4500,359.7193,180.0620,357.9435,0.0000,0.0000,0.0000
14.363,565.0993,-0.3677,248.8539,0.2510,3.8000,-0.4500,359.5395,180.0687,357.7751,0.0000,0.0000,0.0000
14.475,564.8484,-0.4450,249.0203,0.2510,3.8000,-0.4500,359.5395,180.0687,357.7751,0.0000,0.0000,0.0000
14.586,564.6395,-0.5107,249.1593,0.2510,3.8000,-0.4500,359.5395,180.0687,357.7752,0.0000,0.0000,0.0000
14.697,564.3892,-0.5915,249.3271,0.2510,3.8000,-0.4500,359.4666,180.0715,357.7386,0.0000,0.0000,0.0000
14.808,564.1388,-0.6730,249.4953,0.2510,3.8000,-0.4500,359.3875,180.0747,357.7130,0.0000,0.0000,0.0000
14.919,563.9303,-0.7402,249.6353,0.2510,3.8000,-0.4500,359.3875,180.0747,357.7130,0.0000,0.0000,0.0000
15.033,563.6803,-0.8224,249.8045,0.2510,3.8000,-0.4500,359.2221,180.0813,357.6861,0.0000,0.0000,0.0000
15.141,563.4715,-0.8897,249.9363,0.2510,3.8000,-0.4500,359.1406,180.0846,357.6901,0.0000,0.0000,0.0000
15.253,563.2189,-0.9683,250.0693,0.2510,3.8000,-0.4500,359.1406,180.0846,357.6901,0.0000,0.0000,0.0000
15.364,563.0074,-1.0335,250.1626,0.2510,3.8000,-0.4500,358.8907,180.0946,357.7491,0.0000,0.0000,0.0000
15.474,562.7519,-1.1088,250.2557,0.2510,3.8000,-0.4500,358.8907,180.0946,357.7491,0.0000,0.0000,0.0000
15.586,562.5388,-1.1699,250.3251,0.2510,3.8000,-0.4500,358.7435,180.1003,357.8207,0.0000,0.0000,0.0000
15.697,562.2825,-1.2409,250.4010,0.2510,3.8000,-0.4500,358.6068,180.1054,357.9140,0.0000,0.0000,0.0000
15.808,562.0683,-1.2989,250.4592,0.2510,3.8000,-0.4500,358.6068,180.1054,357.9140,0.0000,0.0000,0.0000
15.920,561.8124,-1.3650,250.5267,0.2510,3.8000,-0.4500,358.4236,180.1118,358.0808,0.0000,0.0000,0.0000
16.030,561.5558,-1.4290,250.5665,0.2510,3.8000,-0.4500,358.3692,180.1136,358.1437,0.0000,0.0000,0.0000
16.144,561.3428,-1.4784,250.5647,0.2510,3.8000,-0.4500,358.2630,180.1169,358.2710,0.0000,0.0000,0.0000
16.252,561.0876,-1.5351,250.5335,0.2510,3.8000,-0.4500,358.2162,180.1183,358.3415,0.0000,0.0000,0.0000
16.364,560.8762,-1.5786,250.4915,0.2510,3.8000,-0.4500,358.1246,180.1208,358.4836,0.0000,0.0000,0.0000
16.475,560.6231,-1.6280,250.4286,0.2510,3.8000,-0.4500,358.0448,180.1228,358.6324,0.0000,0.0000,0.0000
16.586,560.4130,-1.6677,250.3694,0.2510,3.8000,-0.4500,358.0063,180.1237,358.7062,0.0000,0.0000,0.0000
16.697,560.1617,-1.7115,250.2941,0.2510,3.8000,-0.4500,357.9372,180.1252,358.8631,0.0000,0.0000,0.0000
16.809,559.9102,-1.7540,250.2161,0.2510,3.8000,-0.4500,357.9038,180.1258,358.9406,0.0000,0.0000,0.0000
16.919,559.7017,-1.7859,250.1503,0.2510,3.8000,-0.4500,357.8441,180.1268,359.1018,0.0000,0.0000,0.0000
17.031,559.4511,-1.8224,250.0699,0.2510,3.8000,-0.4500,357.7879,180.1277,359.2579,0.0000,0.0000,0.0000
17.142,559.2420,-1.8529,250.0019,0.2510,3.8000,-0.4500,357.7879,180.1277,359.2579,0.0000,0.0000,0.0000
17.253,558.9930,-1.8836,249.9201,0.2510,3.8000,-0.4500,357.7174,180.1284,359.4960,0.0000,0.0000,0.0000
17.365,558.7849,-1.9103,249.8513,0.2510,3.8000,-0.4500,357.7174,180.1284,359.4960,0.0000,0.0000,0.0000
17.475,558.5370,-1.9365,249.7692,0.2510,3.8000,-0.4500,357.6586,180.1288,359.7369,0.0000,0.0000,0.0000
17.586,558.3292,-1.9597,249.7005,0.2510,3.8000,-0.4500,357.6586,180.1288,359.7369,0.0000,0.0000,0.0000
17.697,558.0807,-1.9840,249.6183,0.2510,3.8000,-0.4500,357.6429,180.1289,359.8199,0.0000,0.0000,0.0000
17.808,557.8746,-2.0011,249.5506,0.2510,3.8000,-0.4500,357.6140,180.1289,359.9816,0.0000,0.0000,0.0000
17.919,557.6264,-2.0227,249.4703,0.2510,3.8000,-0.4500,357.6140,180.1289,359.9816,0.0000,0.0000,0.0000
18.031,557.3795,-2.0394,249.3914,0.2510,3.8000,-0.4500,357.5932,180.1289,0.1444,0.0000,0.0000,0.0000
18.142,557.1735,-2.0526,249.3262,0.2510,3.8000,-0.4500,357.5866,180.1289,0.2242,0.0000,0.0000,0.0000
18.269,556.8848,-2.0703,249.2354,0.2510,3.8000,-0.4500,357.5866,180.1289,0.2242,0.0000,0.0000,0.0000
18.378,556.6804,-2.0769,249.1711,0.2510,3.8000,-0.4500,357.5788,180.1288,0.4713,0.0000,0.0000,0.0000
18.489,556.4336,-2.0879,249.0935,0.2510,3.8000,-0.4500,357.5788,180.1288,0.4713,0.0000,0.0000,0.0000
18.600,556.2281,-2.0954,249.0288,0.2510,3.8000,-0.4500,357.5788,180.1288,0.4713,0.0000,0.0000,0.0000
18.711,555.9830,-2.0992,248.9511,0.2510,3.8000,-0.4500,357.5962,180.1290,0.6376,0.0000,0.0000,0.0000
18.822,555.7779,-2.1033,248.8863,0.2510,3.8000,-0.4500,357.5962,180.1290,0.6376,0.0000,0.0000,0.0000
18.934,555.5327,-2.1045,248.8083,0.2510,3.8000,-0.4500,357.6139,180.1292,0.7191,0.0000,0.0000,0.0000
19.044,555.3287,-2.1036,248.7430,0.2510,3.8000,-0.4500,357.6321,180.1295,0.8002,0.0000,0.0000,0.0000
19.156,555.0839,-2.1008,248.6642,0.2510,3.8000,-0.4500,357.6580,180.1298,0.8766,0.0000,0.0000,0.0000
19.266,554.8794,-2.0979,248.5982,0.2510,3.8000,-0.4500,357.6580,180.1298,0.8766,0.0000,0.0000,0.0000
19.377,554.6361,-2.0876,248.5180,0.2510,3.8000,-0.4500,357.7622,180.1316,1.1025,0.0000,0.0000,0.0000
19.488,554.4322,-2.0812,248.4510,0.2510,3.8000,-0.4500,357.7622,180.1316,1.1025,0.0000,0.0000,0.0000
19.599,554.1868,-2.0717,248.3807,0.2510,3.8000,-0.4500,357.7622,180.1316,1.1025,0.0000,0.0000,0.0000
19.711,553.9410,-2.0587,248.3279,0.2510,3.8000,-0.4500,357.8097,180.1326,1.1684,0.0000,0.0000,0.0000
19.822,553.7352,-2.0461,248.2997,0.2510,3.8000,-0.4500,357.8616,180.1337,1.2317,0.0000,0.0000,0.0000
19.935,553.4877,-2.0299,248.2975,0.2510,3.8000,-0.4500,357.9177,180.1349,1.2915,0.0000,0.0000,0.0000
20.044,553.2821,-2.0132,248.3120,0.2510,3.8000,-0.4500,358.0393,180.1378,1.4031,0.0000,0.0000,0.0000
20.155,553.0352,-1.9917,248.3416,0.2510,3.8000,-0.4500,358.1747,180.1412,1.4989,0.0000,0.0000,0.0000
20.266,552.8290,-1.9728,248.3730,0.2510,3.8000,-0.4500,358.2421,180.1430,1.5445,0.0000,0.0000,0.0000
20.378,552.5823,-1.9467,248.4153,0.2510,3.8000,-0.4500,358.3892,180.1470,1.6182,0.0000,0.0000,0.0000
20.488,552.3773,-1.9239,248.4589,0.2510,3.8000,-0.4500,358.4623,180.1491,1.6532,0.0000,0.0000,0.0000
20.600,552.1336,-1.8933,248.5335,0.2510,3.8000,-0.4500,358.6170,180.1537,1.7082,0.0000,0.0000,0.0000
20.711,551.8921,-1.8603,248.6342,0.2510,3.8000,-0.4500,358.7695,180.1583,1.7531,0.0000,0.0000,0.0000
20.823,551.6926,-1.8305,248.7342,0.2510,3.8000,-0.4500,358.9308,180.1633,1.7882,0.0000,0.0000,0.0000
20.933,551.4543,-1.7925,248.8687,0.2510,3.8000,-0.4500,359.0957,180.1685,1.8145,0.0000,0.0000,0.0000
21.043,551.2565,-1.7592,248.9893,0.2510,3.8000,-0.4500,359.1761,180.1710,1.8256,0.0000,0.0000,0.0000
21.155,551.0198,-1.7151,249.1395,0.2510,3.8000,-0.4500,359.4265,180.1790,1.8446,0.0000,0.0000,0.0000
21.266,550.8228,-1.6782,249.2692,0.2510,3.8000,-0.4500,359.4265,180.1790,1.8446,0.0000,0.0000,0.0000
21.377,550.5865,-1.6284,249.4247,0.2510,3.8000,-0.4500,359.7659,180.1900,1.8474,0.0000,0.0000,0.0000
21.489,550.3503,-1.5782,249.5827,0.2510,3.8000,-0.4500,359.8496,180.1927,1.8423,0.0000,0.0000,0.0000
21.599,550.1534,-1.5337,249.7136,0.2510,3.8000,-0.4500,0.0179,180.1981,1.8305,0.0000,0.0000,0.0000
21.710,549.9171,-1.4783,249.8700,0.2510,3.8000,-0.4500,0.2719,180.2061,1.7980,0.0000,0.0000,0.0000
21.822,549.7200,-1.4313,250.0005,0.2510,3.8000,-0.4500,0.3533,180.2087,1.7866,0.0000,0.0000,0.0000
21.932,549.4832,-1.3727,250.1555,0.2510,3.8000,-0.4500,0.5968,180.2162,1.7362,0.0000,0.0000,0.0000
22.043,549.2858,-1.3236,250.2853,0.2510,3.8000,-0.4500,0.5968,180.2162,1.7362,0.0000,0.0000,0.0000
22.156,549.0484,-1.2626,250.4388,0.2510,3.8000,-0.4500,0.8364,180.2233,1.6687,0.0000,0.0000,0.0000
22.266,548.8507,-1.2116,250.5667,0.2510,3.8000,-0.4500,0.9154,180.2256,1.6447,0.0000,0.0000,0.0000
22.377,548.6126,-1.1494,250.7185,0.2510,3.8000,-0.4500,1.1497,180.2321,1.5558,0.0000,0.0000,0.0000
22.488,548.4144,-1.0975,250.8457,0.2510,3.8000,-0.4500,1.1497,180.2321,1.5558,0.0000,0.0000,0.0000
22.601,548.1757,-1.0350,250.9967,0.2510,3.8000,-0.4500,1.3078,180.2363,1.4793,0.0000,0.0000,0.0000
22.710,547.9368,-0.9726,251.1466,0.2510,3.8000,-0.4500,1.4594,180.2402,1.4031,0.0000,0.0000,0.0000
22.824,547.7374,-0.9208,251.2713,0.2510,3.8000,-0.4500,1.5287,180.2419,1.3608,0.0000,0.0000,0.0000
22.947,547.4971,-0.8593,251.4198,0.2510,3.8000,-0.4500,1.6659,180.2450,1.2748,0.0000,0.0000,0.0000
23.057,547.2563,-0.7984,251.5680,0.2510,3.8000,-0.4500,1.7313,180.2464,1.2251,0.0000,0.0000,0.0000
23.170,547.0154,-0.7387,251.7151,0.2510,3.8000,-0.4500,1.8603,180.2491,1.1248,0.0000,0.0000,0.0000
23.280,546.8149,-0.6891,251.8378,0.2510,3.8000,-0.4500,1.8603,180.2491,1.1248,0.0000,0.0000,0.0000
23.390,546.5724,-0.6321,251.9835,0.2510,3.8000,-0.4500,2.0402,180.2523,0.9505,0.0000,0.0000,0.0000
23.502,546.3707,-0.5843,252.1051,0.2510,3.8000,-0.4500,2.0402,180.2523,0.9505,0.0000,0.0000,0.0000
23.613,546.1283,-0.5279,252.2503,0.2510,3.8000,-0.4500,2.0402,180.2523,0.9505,0.0000,0.0000,0.0000
23.724,545.9246,-0.4840,252.3698,0.2510,3.8000,-0.4500,2.1975,180.2547,0.7610,0.0000,0.0000,0.0000
23.835,545.6816,-0.4298,252.5137,0.2510,3.8000,-0.4500,2.1975,180.2547,0.7610,0.0000,0.0000,0.0000
23.947,545.4788,-0.3854,252.6333,0.2510,3.8000,-0.4500,2.1975,180.2547,0.7610,0.0000,0.0000,0.0000
24.057,545.2340,-0.3332,252.7628,0.2510,3.8000,-0.4500,2.1975,180.2547,0.7610,0.0000,0.0000,0.0000
24.169,544.9836,-0.2856,252.8322,0.2510,3.8000,-0.4500,2.2865,180.2558,0.6259,0.0000,0.0000,0.0000
24.281,544.7745,-0.2472,252.8374,0.2510,3.8000,-0.4500,2.2865,180.2558,0.6259,0.0000,0.0000,0.0000
24.391,544.5242,-0.2043,252.7916,0.2510,3.8000,-0.4500,2.2865,180.2558,0.6259,0.0000,0.0000,0.0000
24.502,544.3167,-0.1708,252.7212,0.2510,3.8000,-0.4500,2.2865,180.2558,0.6259,0.0000,0.0000,0.0000
24.613,544.0687,-0.1327,252.6103,0.2510,3.8000,-0.4500,2.2865,180.2558,0.6259,0.0000,0.0000,0.0000
24.724,543.8627,-0.1028,252.5030,0.2510,3.8000,-0.4500,2.2865,180.2558,0.6259,0.0000,0.0000,0.0000
24.834,543.6149,-0.0708,252.3622,0.2510,3.8000,-0.4500,2.3596,180.2565,0.4776,0.0000,0.0000,0.0000
24.947,543.4097,-0.0443,252.2364,0.2510,3.8000,-0.4500,2.3596,180.2565,0.4776,0.0000,0.0000,0.0000
25.058,543.1628,-0.0170,252.0743,0.2510,3.8000,-0.4500,2.4174,180.2569,0.3241,0.0000,0.0000,0.0000
25.168,542.9165,0.0086,251.9028,0.2510,3.8000,-0.4500,2.4445,180.2570,0.2485,0.0000,0.0000,0.0000
25.280,542.7117,0.0288,251.7550,0.2510,3.8000,-0.4500,2.4445,180.2570,0.2485,0.0000,0.0000,0.0000
25.392,542.4649,0.0479,251.5734,0.2510,3.8000,-0.4500,2.4854,180.2571,0.0850,0.0000,0.0000,0.0000
25.502,542.2590,0.0611,251.4198,0.2510,3.8000,-0.4500,2.5178,180.2571,359.9230,0.0000,0.0000,0.0000
25.613,542.0125,0.0760,251.2339,0.2510,3.8000,-0.4500,2.5303,180.2571,359.8414,0.0000,0.0000,0.0000
25.724,541.8065,0.0846,251.0781,0.2510,3.8000,-0.4500,2.5537,180.2570,359.6791,0.0000,0.0000,0.0000
25.836,541.5594,0.0940,250.8903,0.2510,3.8000,-0.4500,2.5613,180.2569,359.5977,0.0000,0.0000,0.0000
25.947,541.3524,0.0980,250.7335,0.2510,3.8000,-0.4500,2.5754,180.2568,359.4355,0.0000,0.0000,0.0000
26.057,541.1044,0.1019,250.5448,0.2510,3.8000,-0.4500,2.5796,180.2568,359.3558,0.0000,0.0000,0.0000
26.169,540.8549,0.1000,250.3561,0.2510,3.8000,-0.4500,2.5878,180.2567,359.1077,0.0000,0.0000,0.0000
26.280,540.6479,0.0997,250.1982,0.2510,3.8000,-0.4500,2.5879,180.2567,359.1077,0.0000,0.0000,0.0000
26.392,540.3981,0.0939,250.0088,0.2510,3.8000,-0.4500,2.5882,180.2567,358.9411,0.0000,0.0000,0.0000
26.502,540.1901,0.0879,249.8507,0.2510,3.8000,-0.4500,2.5881,180.2567,358.8594,0.0000,0.0000,0.0000
26.613,539.9398,0.0804,249.6716,0.2510,3.8000,-0.4500,2.5881,180.2567,358.8594,0.0000,0.0000,0.0000
26.724,539.7280,0.0699,249.5445,0.2510,3.8000,-0.4500,2.5840,180.2568,358.6917,0.0000,0.0000,0.0000
26.835,539.4716,0.0568,249.4182,0.2510,3.8000,-0.4500,2.5777,180.2569,358.5236,0.0000,0.0000,0.0000
26.946,539.2570,0.0474,249.3298,0.2510,3.8000,-0.4500,2.5777,180.2569,358.5236,0.0000,0.0000,0.0000
27.057,538.9973,0.0333,249.2380,0.2510,3.8000,-0.4500,2.5735,180.2570,358.4401,0.0000,0.0000,0.0000
27.170,538.7363,0.0176,249.1560,0.2510,3.8000,-0.4500,2.5689,180.2572,358.3565,0.0000,0.0000,0.0000
27.279,538.5175,0.0014,249.0920,0.2510,3.8000,-0.4500,2.5586,180.2575,358.1905,0.0000,0.0000,0.0000
27.390,538.2558,-0.0158,249.0170,0.2510,3.8000,-0.4500,2.5586,180.2575,358.1905,0.0000,0.0000,0.0000
27.515,537.9932,-0.0356,248.9623,0.2510,3.8000,-0.4500,2.5524,180.2577,358.1081,0.0000,0.0000,0.0000
27.626,537.7751,-0.0501,248.9619,0.2510,3.8000,-0.4500,2.5524,180.2577,358.1081,0.0000,0.0000,0.0000
27.737,537.5144,-0.0681,249.0093,0.2510,3.8000,-0.4500,2.5457,180.2579,358.0267,0.0000,0.0000,0.0000
27.849,537.2556,-0.0853,249.0962,0.2510,3.8000,-0.4500,2.5385,180.2581,357.9464,0.0000,0.0000,0.0000
27.960,537.0410,-0.0994,249.1901,0.2510,3.8000,-0.4500,2.5315,180.2584,357.8684,0.0000,0.0000,0.0000
28.071,536.7851,-0.1145,249.3202,0.2510,3.8000,-0.4500,2.5315,180.2584,357.8684,0.0000,0.0000,0.0000
28.182,536.5724,-0.1271,249.4382,0.2510,3.8000,-0.4500,2.5315,180.2584,357.8684,0.0000,0.0000,0.0000
28.294,536.3177,-0.1425,249.5876,0.2510,3.8000,-0.4500,2.5315,180.2584,357.8684,0.0000,0.0000,0.0000
28.405,536.1054,-0.1555,249.7165,0.2510,3.8000,-0.4500,2.5315,180.2584,357.8684,0.0000,0.0000,0.0000
28.516,535.8501,-0.1729,249.8747,0.2510,3.8000,-0.4500,2.5224,180.2588,357.7885,0.0000,0.0000,0.0000
28.627,535.6384,-0.1863,250.0083,0.2510,3.8000,-0.4500,2.5224,180.2588,357.7885,0.0000,0.0000,0.0000
28.738,535.3846,-0.2027,250.1703,0.2510,3.8000,-0.4500,2.5224,180.2588,357.7885,0.0000,0.0000,0.0000
28.850,535.1308,-0.2192,250.3334,0.2510,3.8000,-0.4500,2.5224,180.2588,357.7885,0.0000,0.0000,0.0000
28.960,534.9193,-0.2331,250.4698,0.2510,3.8000,-0.4500,2.5224,180.2588,357.7885,0.0000,0.0000,0.0000
29.072,534.6652,-0.2500,250.6340,0.2510,3.8000,-0.4500,2.5224,180.2588,357.7885,0.0000,0.0000,0.0000
29.182,534.4535,-0.2642,250.7710,0.2510,3.8000,-0.4500,2.5224,180.2588,357.7885,0.0000,0.0000,0.0000
29.294,534.1995,-0.2813,250.9356,0.2510,3.8000,-0.4500,2.5224,180.2588,357.7885,0.0000,0.0000,0.0000
29.405,533.9877,-0.2957,251.0729,0.2510,3.8000,-0.4500,2.5224,180.2588,357.7885,0.0000,0.0000,0.0000
29.516,533.7338,-0.3131,251.2378,0.2510,3.8000,-0.4500,2.5224,180.2588,357.7885,0.0000,0.0000,0.0000
29.627,533.5220,-0.3278,251.3751,0.2510,3.8000,-0.4500,2.5224,180.2588,357.7885,0.0000,0.0000,0.0000
29.738,533.2682,-0.3456,251.5394,0.2510,3.8000,-0.4500,2.5224,180.2588,357.7885,0.0000,0.0000,0.0000
29.850,533.0145,-0.3637,251.7033,0.2510,3.8000,-0.4500,2.5224,180.2588,357.7885,0.0000,0.0000,0.0000
29.961,532.8030,-0.3789,251.8396,0.2510,3.8000,-0.4500,2.5224,180.2588,357.7885,0.0000,0.0000,0.0000
30.071,532.5492,-0.3976,252.0030,0.2510,3.8000,-0.4500,2.5224,180.2588,357.7885,0.0000,0.0000,0.0000
30.182,532.3375,-0.4134,252.1391,0.2510,3.8000,-0.4500,2.5224,180.2587,357.7885,0.0000,0.0000,0.0000
30.294,532.0829,-0.4343,252.3026,0.2510,3.8000,-0.4500,2.5032,180.2595,357.7106,0.0000,0.0000,0.0000
30.405,531.8711,-0.4508,252.4389,0.2510,3.8000,-0.4500,2.5032,180.2595,357.7106,0.0000,0.0000,0.0000
30.516,531.6171,-0.4710,252.6017,0.2510,3.8000,-0.4500,2.5032,180.2595,357.7106,0.0000,0.0000,0.0000
30.627,531.4052,-0.4882,252.7354,0.2510,3.8000,-0.4500,2.5032,180.2595,357.7106,0.0000,0.0000,0.0000
30.737,531.1507,-0.5095,252.8932,0.2510,3.8000,-0.4500,2.5032,180.2595,357.7106,0.0000,0.0000,0.0000
30.849,530.8959,-0.5313,253.0488,0.2510,3.8000,-0.4500,2.5032,180.2595,357.7106,0.0000,0.0000,0.0000
30.960,530.6835,-0.5498,253.1773,0.2510,3.8000,-0.4500,2.5032,180.2595,357.7106,0.0000,0.0000,0.0000
31.071,530.4283,-0.5726,253.3305,0.2510,3.8000,-0.4500,2.5032,180.2595,357.7106,0.0000,0.0000,0.0000
31.182,530.2154,-0.5919,253.4576,0.2510,3.8000,-0.4500,2.5032,180.2595,357.7106,0.0000,0.0000,0.0000
31.294,529.9596,-0.6170,253.6100,0.2510,3.8000,-0.4500,2.4729,180.2607,357.6351,0.0000,0.0000,0.0000
31.404,529.7463,-0.6384,253.7372,0.2510,3.8000,-0.4500,2.4428,180.2620,357.5608,0.0000,0.0000,0.0000
31.515,529.4911,-0.6624,253.8900,0.2510,3.8000,-0.4500,2.4428,180.2620,357.5608,0.0000,0.0000,0.0000
31.626,529.2786,-0.6825,254.0159,0.2510,3.8000,-0.4500,2.4428,180.2620,357.5608,0.0000,0.0000,0.0000
31.738,529.0225,-0.7071,254.1505,0.2510,3.8000,-0.4500,2.4428,180.2620,357.5608,0.0000,0.0000,0.0000
31.849,528.7643,-0.7327,254.2626,0.2510,3.8000,-0.4500,2.4428,180.2620,357.5608,0.0000,0.0000,0.0000
31.960,528.5478,-0.7545,254.3418,0.2510,3.8000,-0.4500,2.4428,180.2620,357.5608,0.0000,0.0000,0.0000
32.085,528.2870,-0.7809,254.4251,0.2510,3.8000,-0.4500,2.4428,180.2620,357.5608,0.0000,0.0000,0.0000
32.196,528.0256,-0.8072,254.5002,0.2510,3.8000,-0.4500,2.4428,180.2620,357.5608,0.0000,0.0000,0.0000
32.307,527.8076,-0.8290,254.5589,0.2510,3.8000,-0.4500,2.4428,180.2620,357.5608,0.0000,0.0000,0.0000
32.419,527.5458,-0.8546,254.6265,0.2510,3.8000,-0.4500,2.4428,180.2620,357.5608,0.0000,0.0000,0.0000
32.530,527.2839,-0.8795,254.6854,0.2510,3.8000,-0.4500,2.4428,180.2620,357.5608,0.0000,0.0000,0.0000
32.641,527.0660,-0.9009,254.6897,0.2510,3.8000,-0.4500,2.4428,180.2620,357.5608,0.0000,0.0000,0.0000
32.753,526.8059,-0.9272,254.6465,0.2510,3.8000,-0.4500,2.4428,180.2620,357.5608,0.0000,0.0000,0.0000
32.865,526.5903,-0.9494,254.5813,0.2510,3.8000,-0.4500,2.4428,180.2620,357.5608,0.0000,0.0000,0.0000
32.974,526.3325,-0.9758,254.4794,0.2510,3.8000,-0.4500,2.4428,180.2620,357.5608,0.0000,0.0000,0.0000
33.086,526.1188,-0.9973,254.3812,0.2510,3.8000,-0.4500,2.4428,180.2620,357.5608,0.0000,0.0000,0.0000
33.197,525.8630,-1.0224,254.2532,0.2510,3.8000,-0.4500,2.4428,180.2620,357.5608,0.0000,0.0000,0.0000
33.307,525.6505,-1.0426,254.1410,0.2510,3.8000,-0.4500,2.4428,180.2620,357.5608,0.0000,0.0000,0.0000
33.419,525.3954,-1.0659,254.0019,0.2510,3.8000,-0.4500,2.4428,180.2620,357.5608,0.0000,0.0000,0.0000
33.530,525.1411,-1.0883,253.8535,0.2510,3.8000,-0.4500,2.4428,180.2620,357.5608,0.0000,0.0000,0.0000
33.641,524.9305,-1.1065,253.7199,0.2510,3.8000,-0.4500,2.4428,180.2620,357.5608,0.0000,0.0000,0.0000
33.752,524.6786,-1.1281,253.5487,0.2510,3.8000,-0.4500,2.4428,180.2620,357.5608,0.0000,0.0000,0.0000
33.863,524.4695,-1.1459,253.3991,0.2510,3.8000,-0.4500,2.4428,180.2620,357.5608,0.0000,0.0000,0.0000
33.974,524.2194,-1.1673,253.2135,0.2510,3.8000,-0.4500,2.4428,180.2620,357.5608,0.0000,0.0000,0.0000
34.085,524.0110,-1.1854,253.0556,0.2510,3.8000,-0.4500,2.4428,180.2620,357.5608,0.0000,0.0000,0.0000
34.196,523.7613,-1.2074,252.8634,0.2510,3.8000,-0.4500,2.4428,180.2620,357.5608,0.0000,0.0000,0.0000
34.306,523.5532,-1.2261,252.7018,0.2510,3.8000,-0.4500,2.4428,180.2620,357.5608,0.0000,0.0000,0.0000
34.419,523.3032,-1.2489,252.5085,0.2510,3.8000,-0.4500,2.4428,180.2620,357.5608,0.0000,0.0000,0.0000
34.530,523.0531,-1.2719,252.3173,0.2510,3.8000,-0.4500,2.4428,180.2620,357.5608,0.0000,0.0000,0.0000
34.640,522.8445,-1.2909,252.1598,0.2510,3.8000,-0.4500,2.4428,180.2620,357.5608,0.0000,0.0000,0.0000
34.752,522.5941,-1.3134,251.9724,0.2510,3.8000,-0.4500,2.4428,180.2620,357.5608,0.0000,0.0000,0.0000
34.862,522.3853,-1.3318,251.8172,0.2510,3.8000,-0.4500,2.4428,180.2620,357.5608,0.0000,0.0000,0.0000
34.973,522.1348,-1.3532,251.6317,0.2510,3.8000,-0.4500,2.4428,180.2620,357.5608,0.0000,0.0000,0.0000
35.085,521.9261,-1.3703,251.4776,0.2510,3.8000,-0.4500,2.4428,180.2620,357.5608,0.0000,0.0000,0.0000
35.195,521.6755,-1.3900,251.2934,0.2510,3.8000,-0.4500,2.4428,180.2620,357.5608,0.0000,0.0000,0.0000
35.307,521.4657,-1.4052,251.1531,0.2510,3.8000,-0.4500,2.4428,180.2620,357.5608,0.0000,0.0000,0.0000
35.417,521.2111,-1.4212,251.0191,0.2510,3.8000,-0.4500,2.4428,180.2620,357.5608,0.0000,0.0000,0.0000
35.528,520.9968,-1.4320,250.9589,0.2510,3.8000,-0.4500,2.4428,180.2620,357.5608,0.0000,0.0000,0.0000
35.639,520.7386,-1.4413,250.9468,0.2510,3.8000,-0.4500,2.4428,180.2620,357.5608,0.0000,0.0000,0.0000
35.750,520.4804,-1.4471,250.9741,0.2510,3.8000,-0.4500,2.4428,180.2620,357.5608,0.0000,0.0000,0.0000
35.861,520.2651,-1.4499,251.0151,0.2510,3.8000,-0.4500,2.4428,180.2620,357.5608,0.0000,0.0000,0.0000
35.972,520.0069,-1.4511,251.0774,0.2510,3.8000,-0.4500,2.4428,180.2620,357.5608,0.0000,0.0000,0.0000
36.084,519.7919,-1.4505,251.1361,0.2510,3.8000,-0.4500,2.4428,180.2620,357.5608,0.0000,0.0000,0.0000
36.194,519.5345,-1.4480,251.2174,0.2510,3.8000,-0.4500,2.4428,180.2620,357.5608,0.0000,0.0000,0.0000
36.306,519.3218,-1.4443,251.3007,0.2510,3.8000,-0.4500,2.4428,180.2620,357.5608,0.0000,0.0000,0.0000
36.417,519.0689,-1.4357,251.4193,0.2510,3.8000,-0.4500,2.3855,180.2644,357.7166,0.0000,0.0000,0.0000
36.528,518.8586,-1.4292,251.5300,0.2510,3.8000,-0.4500,2.3855,180.2644,357.7166,0.0000,0.0000,0.0000
36.642,518.6081,-1.4178,251.6738,0.2510,3.8000,-0.4500,2.3300,180.2665,357.8695,0.0000,0.0000,0.0000
36.753,518.3578,-1.4078,251.8249,0.2510,3.8000,-0.4500,2.3300,180.2665,357.8694,0.0000,0.0000,0.0000
36.864,518.1501,-1.3980,251.9548,0.2510,3.8000,-0.4500,2.2981,180.2677,357.9449,0.0000,0.0000,0.0000
36.976,517.9012,-1.3864,252.1136,0.2510,3.8000,-0.4500,2.2630,180.2689,358.0197,0.0000,0.0000,0.0000
37.088,517.6940,-1.3767,252.2473,0.2510,3.8000,-0.4500,2.2274,180.2701,358.0925,0.0000,0.0000,0.0000
37.199,517.4460,-1.3647,252.4089,0.2510,3.8000,-0.4500,2.1435,180.2728,358.2321,0.0000,0.0000,0.0000
37.311,517.1974,-1.3550,252.5705,0.2510,3.8000,-0.4500,2.1435,180.2728,358.2321,0.0000,0.0000,0.0000
37.435,516.9490,-1.3457,252.7324,0.2510,3.8000,-0.4500,2.1435,180.2728,358.2321,0.0000,0.0000,0.0000
37.557,516.7015,-1.3352,252.8951,0.2510,3.8000,-0.4500,2.0446,180.2758,358.3660,0.0000,0.0000,0.0000
37.669,516.4533,-1.3269,253.0571,0.2510,3.8000,-0.4500,2.0446,180.2758,358.3660,0.0000,0.0000,0.0000
37.779,516.2478,-1.3184,253.1931,0.2510,3.8000,-0.4500,1.8813,180.2801,358.5495,0.0000,0.0000,0.0000
37.892,516.0003,-1.3116,253.3549,0.2510,3.8000,-0.4500,1.8813,180.2801,358.5495,0.0000,0.0000,0.0000
38.001,515.7938,-1.3069,253.4860,0.2510,3.8000,-0.4500,1.8813,180.2801,358.5495,0.0000,0.0000,0.0000
38.113,515.5450,-1.3029,253.6328,0.2510,3.8000,-0.4500,1.8813,180.2801,358.5495,0.0000,0.0000,0.0000
38.226,515.3377,-1.3004,253.7474,0.2510,3.8000,-0.4500,1.7441,180.2835,358.6492,0.0000,0.0000,0.0000
38.335,515.0874,-1.3003,253.8756,0.2510,3.8000,-0.4500,1.6742,180.2851,358.6903,0.0000,0.0000,0.0000
38.445,514.8786,-1.3021,253.9774,0.2510,3.8000,-0.4500,1.6039,180.2867,358.7305,0.0000,0.0000,0.0000
38.556,514.6277,-1.3072,254.0958,0.2510,3.8000,-0.4500,1.4507,180.2900,358.7926,0.0000,0.0000,0.0000
38.668,514.4180,-1.3138,254.1913,0.2510,3.8000,-0.4500,1.4507,180.2900,358.7926,0.0000,0.0000,0.0000
38.779,514.1667,-1.3254,254.3060,0.2510,3.8000,-0.4500,1.2095,180.2950,358.8589,0.0000,0.0000,0.0000
38.890,513.9141,-1.3405,254.4091,0.2510,3.8000,-0.4500,1.1270,180.2966,358.8712,0.0000,0.0000,0.0000
39.003,513.7018,-1.3571,254.4676,0.2510,3.8000,-0.4500,0.8812,180.3014,358.9025,0.0000,0.0000,0.0000
39.113,513.4452,-1.3795,254.4891,0.2510,3.8000,-0.4500,0.8019,180.3029,358.9059,0.0000,0.0000,0.0000
39.224,513.2313,-1.4017,254.4783,0.2510,3.8000,-0.4500,0.6401,180.3060,358.9102,0.0000,0.0000,0.0000
39.334,512.9748,-1.4320,254.4410,0.2510,3.8000,-0.4500,0.3904,180.3107,358.9070,0.0000,0.0000,0.0000
39.446,512.7617,-1.4588,254.3952,0.2510,3.8000,-0.4500,0.3072,180.3123,358.9040,0.0000,0.0000,0.0000
39.557,512.5062,-1.4945,254.3300,0.2510,3.8000,-0.4500,0.1399,180.3155,358.8975,0.0000,0.0000,0.0000
39.669,512.2514,-1.5341,254.2580,0.2510,3.8000,-0.4500,359.8887,180.3204,358.8846,0.0000,0.0000,0.0000
39.779,512.0399,-1.5689,254.1864,0.2510,3.8000,-0.4500,359.7252,180.3236,358.8754,0.0000,0.0000,0.0000
39.890,511.7898,-1.6116,254.0561,0.2510,3.8000,-0.4500,359.6433,180.3252,358.8708,0.0000,0.0000,0.0000
40.001,511.5846,-1.6505,253.9103,0.2510,3.8000,-0.4500,359.3037,180.3319,358.8555,0.0000,0.0000,0.0000
40.113,511.3415,-1.6945,253.6944,0.2510,3.8000,-0.4500,359.3037,180.3319,358.8555,0.0000,0.0000,0.0000
40.224,511.1409,-1.7323,253.4915,0.2510,3.8000,-0.4500,359.2229,180.3335,358.8543,0.0000,0.0000,0.0000
40.335,510.9019,-1.7803,253.2303,0.2510,3.8000,-0.4500,358.8824,180.3403,358.8589,0.0000,0.0000,0.0000
40.446,510.7035,-1.8184,253.0002,0.2510,3.8000,-0.4500,358.8824,180.3403,358.8589,0.0000,0.0000,0.0000
40.557,510.4662,-1.8665,252.7176,0.2510,3.8000,-0.4500,358.6363,180.3452,358.8773,0.0000,0.0000,0.0000
40.668,510.2690,-1.9055,252.4767,0.2510,3.8000,-0.4500,358.6363,180.3452,358.8773,0.0000,0.0000,0.0000
40.779,510.0331,-1.9538,252.1828,0.2510,3.8000,-0.4500,358.3914,180.3499,358.9113,0.0000,0.0000,0.0000
40.890,509.7984,-2.0005,251.8708,0.2510,3.8000,-0.4500,358.3914,180.3499,358.9113,0.0000,0.0000,0.0000
41.003,509.6041,-2.0394,251.5980,0.2510,3.8000,-0.4500,358.2315,180.3529,358.9460,0.0000,0.0000,0.0000
41.112,509.3721,-2.0845,251.2559,0.2510,3.8000,-0.4500,358.2315,180.3529,358.9460,0.0000,0.0000,0.0000
41.223,509.1799,-2.1217,250.9640,0.2510,3.8000,-0.4500,357.9967,180.3571,359.0170,0.0000,0.0000,0.0000
41.334,508.9495,-2.1647,250.6053,0.2510,3.8000,-0.4500,357.9967,180.3571,359.0170,0.0000,0.0000,0.0000
41.445,508.7580,-2.1994,250.3032,0.2510,3.8000,-0.4500,357.9247,180.3583,359.0501,0.0000,0.0000,0.0000
41.557,508.5283,-2.2400,249.9374,0.2510,3.8000,-0.4500,357.9247,180.3583,359.0502,0.0000,0.0000,0.0000
41.668,508.3375,-2.2726,249.6316,0.2510,3.8000,-0.4500,357.8541,180.3595,359.0913,0.0000,0.0000,0.0000
41.781,508.1086,-2.3103,249.2630,0.2510,3.8000,-0.4500,357.8541,180.3595,359.0913,0.0000,0.0000,0.0000
41.889,507.8803,-2.3457,248.8992,0.2510,3.8000,-0.4500,357.7223,180.3614,359.1923,0.0000,0.0000,0.0000
42.001,507.6857,-2.3760,248.6470,0.2510,3.8000,-0.4500,357.7223,180.3614,359.1923,0.0000,0.0000,0.0000
42.126,507.4438,-2.4155,248.4527,0.2510,3.8000,-0.4500,357.7223,180.3614,359.1923,0.0000,0.0000,0.0000
42.237,507.1968,-2.4570,248.3743,0.2510,3.8000,-0.4500,357.6790,180.3620,359.2620,0.0000,0.0000,0.0000
42.349,506.9492,-2.4999,248.3856,0.2510,3.8000,-0.4500,357.6378,180.3625,359.3320,0.0000,0.0000,0.0000
42.460,506.7430,-2.5357,248.4423,0.2510,3.8000,-0.4500,357.6378,180.3625,359.3320,0.0000,0.0000,0.0000
42.572,506.4976,-2.5749,248.5485,0.2510,3.8000,-0.4500,357.6355,180.3625,359.4148,0.0000,0.0000,0.0000
42.683,506.2939,-2.6041,248.6578,0.2510,3.8000,-0.4500,357.6357,180.3625,359.4979,0.0000,0.0000,0.0000
42.792,506.0513,-2.6313,248.8040,0.2510,3.8000,-0.4500,357.7037,180.3621,359.7415,0.0000,0.0000,0.0000
42.904,505.8488,-2.6515,248.9337,0.2510,3.8000,-0.4500,357.7438,180.3619,359.8157,0.0000,0.0000,0.0000
43.016,505.6073,-2.6667,249.0947,0.2510,3.8000,-0.4500,357.8758,180.3618,0.0319,0.0000,0.0000,0.0000
43.127,505.4070,-2.6718,249.2308,0.2510,3.8000,-0.4500,358.0997,180.3624,0.2774,0.0000,0.0000,0.0000
43.238,505.1660,-2.6754,249.3975,0.2510,3.8000,-0.4500,358.2302,180.3632,0.3862,0.0000,0.0000,0.0000
43.349,504.9260,-2.6700,249.5661,0.2510,3.8000,-0.4500,358.4304,180.3648,0.5410,0.0000,0.0000,0.0000
43.460,504.7268,-2.6577,249.7071,0.2510,3.8000,-0.4500,358.7207,180.3680,0.7230,0.0000,0.0000,0.0000
43.571,504.4876,-2.6399,249.8786,0.2510,3.8000,-0.4500,358.8653,180.3699,0.8049,0.0000,0.0000,0.0000
43.682,504.2897,-2.6150,250.0201,0.2510,3.8000,-0.4500,359.2466,180.3759,0.9958,0.0000,0.0000,0.0000
43.795,504.0518,-2.5822,250.1916,0.2510,3.8000,-0.4500,359.4740,180.3801,1.0951,0.0000,0.0000,0.0000
43.904,503.8540,-2.5498,250.3346,0.2510,3.8000,-0.4500,359.6251,180.3830,1.1569,0.0000,0.0000,0.0000
44.015,503.6174,-2.5027,250.5051,0.2510,3.8000,-0.4500,359.9441,180.3898,1.2738,0.0000,0.0000,0.0000
44.126,503.4206,-2.4585,250.6469,0.2510,3.8000,-0.4500,0.1873,180.3954,1.3529,0.0000,0.0000,0.0000
44.238,503.1848,-2.4009,250.8177,0.2510,3.8000,-0.4500,0.3459,180.3992,1.4026,0.0000,0.0000,0.0000
44.349,502.9501,-2.3321,250.9857,0.2510,3.8000,-0.4500,0.8255,180.4116,1.5460,0.0000,0.0000,0.0000
44.460,502.7543,-2.2736,251.1274,0.2510,3.8000,-0.4500,0.9021,180.4136,1.5705,0.0000,0.0000,0.0000
44.571,502.5205,-2.1947,251.2959,0.2510,3.8000,-0.4500,1.1381,180.4203,1.6495,0.0000,0.0000,0.0000
44.682,502.3264,-2.1231,251.4355,0.2510,3.8000,-0.4500,1.3773,180.4273,1.7359,0.0000,0.0000,0.0000
44.793,502.0940,-2.0312,251.6027,0.2510,3.8000,-0.4500,1.6034,180.4344,1.8261,0.0000,0.0000,0.0000
44.905,501.9009,-1.9499,251.7419,0.2510,3.8000,-0.4500,1.7568,180.4393,1.8916,0.0000,0.0000,0.0000
45.017,501.6704,-1.8446,251.9063,0.2510,3.8000,-0.4500,2.0600,180.4498,2.0334,0.0000,0.0000,0.0000
45.125,501.4782,-1.7548,252.0421,0.2510,3.8000,-0.4500,2.1336,180.4524,2.0707,0.0000,0.0000,0.0000
45.238,501.2487,-1.6398,252.2009,0.2510,3.8000,-0.4500,2.3561,180.4607,2.1867,0.0000,0.0000,0.0000
45.348,501.0199,-1.5194,252.3571,0.2510,3.8000,-0.4500,2.5775,180.4694,2.3118,0.0000,0.0000,0.0000
45.460,500.8293,-1.4178,252.4866,0.2510,3.8000,-0.4500,2.6483,180.4722,2.3524,0.0000,0.0000,0.0000
45.570,500.6016,-1.2907,252.6406,0.2510,3.8000,-0.4500,2.7898,180.4782,2.4387,0.0000,0.0000,0.0000
45.683,500.4116,-1.1845,252.7691,0.2510,3.8000,-0.4500,2.7898,180.4782,2.4387,0.0000,0.0000,0.0000
45.793,500.1847,-1.0516,252.9211,0.2510,3.8000,-0.4500,2.9358,180.4845,2.5320,0.0000,0.0000,0.0000
45.905,499.9948,-0.9395,253.0297,0.2510,3.8000,-0.4500,3.0737,180.4907,2.6208,0.0000,0.0000,0.0000
46.016,499.7635,-0.8110,253.0810,0.2510,3.8000,-0.4500,3.0737,180.4907,2.6208,0.0000,0.0000,0.0000
46.126,499.5705,-0.7077,253.0561,0.2510,3.8000,-0.4500,3.0737,180.4907,2.6208,0.0000,0.0000,0.0000
46.238,499.3398,-0.5880,252.9677,0.2510,3.8000,-0.4500,3.0737,180.4907,2.6207,0.0000,0.0000,0.0000
46.349,499.1104,-0.4718,252.8352,0.2510,3.8000,-0.4500,3.0737,180.4907,2.6207,0.0000,0.0000,0.0000
46.459,498.9199,-0.3777,252.7026,0.2510,3.8000,-0.4500,3.0737,180.4907,2.6207,0.0000,0.0000,0.0000
46.571,498.6920,-0.2671,252.5263,0.2510,3.8000,-0.4500,3.0737,180.4907,2.6208,0.0000,0.0000,0.0000
46.696,498.4646,-0.1594,252.3380,0.2510,3.8000,-0.4500,3.0737,180.4907,2.6208,0.0000,0.0000,0.0000
46.807,498.2760,-0.0719,252.1653,0.2510,3.8000,-0.4500,3.0737,180.4907,2.6207,0.0000,0.0000,0.0000
46.918,498.0516,0.0288,251.9276,0.2510,3.8000,-0.4500,3.0737,180.4907,2.6208,0.0000,0.0000,0.0000
47.030,497.8292,0.1249,251.6594,0.2510,3.8000,-0.4500,3.0737,180.4907,2.6208,0.0000,0.0000,0.0000
47.140,497.6450,0.2014,251.4180,0.2510,3.8000,-0.4500,3.0737,180.4907,2.6208,0.0000,0.0000,0.0000
47.252,497.4244,0.2890,251.1133,0.2510,3.8000,-0.4500,3.0737,180.4907,2.6208,0.0000,0.0000,0.0000
47.362,497.2409,0.3587,250.8509,0.2510,3.8000,-0.4500,3.0737,180.4907,2.6208,0.0000,0.0000,0.0000
47.473,497.0205,0.4381,250.5298,0.2510,3.8000,-0.4500,3.0737,180.4908,2.6208,0.0000,0.0000,0.0000
47.585,496.8369,0.5011,250.2589,0.2510,3.8000,-0.4500,3.0737,180.4908,2.6208,0.0000,0.0000,0.0000
47.696,496.6150,0.5725,249.9440,0.2510,3.8000,-0.4500,3.0737,180.4908,2.6208,0.0000,0.0000,0.0000
47.806,496.4257,0.6270,249.7198,0.2510,3.8000,-0.4500,2.9675,180.4860,2.4889,0.0000,0.0000,0.0000
47.917,496.1932,0.6889,249.5039,0.2510,3.8000,-0.4500,2.8087,180.4794,2.2953,0.0000,0.0000,0.0000
48.028,495.9563,0.7488,249.3360,0.2510,3.8000,-0.4500,2.7040,180.4753,2.1732,0.0000,0.0000,0.0000
48.139,495.7546,0.7914,249.2246,0.2510,3.8000,-0.4500,2.4790,180.4672,1.9176,0.0000,0.0000,0.0000
48.250,495.5107,0.8398,249.1139,0.2510,3.8000,-0.4500,2.3043,180.4617,1.7237,0.0000,0.0000,0.0000
48.362,495.3057,0.8761,249.0360,0.2510,3.8000,-0.4500,2.1901,180.4584,1.5976,0.0000,0.0000,0.0000
48.472,495.0570,0.9108,248.9558,0.2510,3.8000,-0.4500,1.9657,180.4526,1.3521,0.0000,0.0000,0.0000
48.584,494.8477,0.9331,248.9069,0.2510,3.8000,-0.4500,1.7386,180.4477,1.1051,0.0000,0.0000,0.0000
48.695,494.5971,0.9578,248.9000,0.2510,3.8000,-0.4500,1.6258,180.4456,0.9826,0.0000,0.0000,0.0000
48.806,494.3879,0.9689,248.9377,0.2510,3.8000,-0.4500,1.3912,180.4422,0.7276,0.0000,0.0000,0.0000
48.917,494.1390,0.9780,249.0222,0.2510,3.8000,-0.4500,1.2247,180.4403,0.5462,0.0000,0.0000,0.0000
49.028,493.8900,0.9754,249.1392,0.2510,3.8000,-0.4500,0.9408,180.4384,0.2346,0.0000,0.0000,0.0000
49.138,493.6834,0.9683,249.2525,0.2510,3.8000,-0.4500,0.7717,180.4379,0.0470,0.0000,0.0000,0.0000
49.250,493.4360,0.9529,249.4015,0.2510,3.8000,-0.4500,0.6080,180.4381,359.8636,0.0000,0.0000,0.0000
49.361,493.2293,0.9326,249.5333,0.2510,3.8000,-0.4500,0.4440,180.4387,359.6767,0.0000,0.0000,0.0000
49.474,492.9813,0.9016,249.6970,0.2510,3.8000,-0.4500,0.2810,180.4399,359.4882,0.0000,0.0000,0.0000
49.584,492.7742,0.8689,249.8370,0.2510,3.8000,-0.4500,0.1219,180.4416,359.2984,0.0000,0.0000,0.0000
49.695,492.5256,0.8236,250.0078,0.2510,3.8000,-0.4500,359.9630,180.4438,359.1047,0.0000,0.0000,0.0000
49.806,492.3180,0.7797,250.1523,0.2510,3.8000,-0.4500,359.8108,180.4464,358.9098,0.0000,0.0000,0.0000
49.917,492.0692,0.7237,250.3268,0.2510,3.8000,-0.4500,359.7131,180.4484,358.7800,0.0000,0.0000,0.0000
50.028,491.8615,0.6718,250.4736,0.2510,3.8000,-0.4500,359.6168,180.4506,358.6481,0.0000,0.0000,0.0000
50.139,491.6112,0.6012,250.6516,0.2510,3.8000,-0.4500,359.4173,180.4558,358.3717,0.0000,0.0000,0.0000
50.251,491.3625,0.5315,250.8298,0.2510,3.8000,-0.4500,359.4173,180.4558,358.3717,0.0000,0.0000,0.0000
50.362,491.1539,0.4643,250.9803,0.2510,3.8000,-0.4500,359.2642,180.4604,358.1700,0.0000,0.0000,0.0000
50.473,490.9037,0.3801,251.1620,0.2510,3.8000,-0.4500,359.1053,180.4657,357.9763,0.0000,0.0000,0.0000
50.584,490.6963,0.3100,251.3136,0.2510,3.8000,-0.4500,359.1053,180.4657,357.9763,0.0000,0.0000,0.0000
50.694,490.4466,0.2188,251.4973,0.2510,3.8000,-0.4500,358.9933,180.4698,357.8541,0.0000,0.0000,0.0000
50.806,490.2385,0.1392,251.6515,0.2510,3.8000,-0.4500,358.8744,180.4744,357.7374,0.0000,0.0000,0.0000
50.917,489.9890,0.0412,251.8374,0.2510,3.8000,-0.4500,358.7514,180.4794,357.6306,0.0000,0.0000,0.0000
51.030,489.7403,-0.0570,252.0238,0.2510,3.8000,-0.4500,358.7514,180.4794,357.6306,0.0000,0.0000,0.0000
51.140,489.5328,-0.1420,252.1802,0.2510,3.8000,-0.4500,358.6866,180.4821,357.5836,0.0000,0.0000,0.0000
51.265,489.2839,-0.2450,252.3688,0.2510,3.8000,-0.4500,358.6204,180.4849,357.5402,0.0000,0.0000,0.0000
51.376,489.0356,-0.3479,252.5580,0.2510,3.8000,-0.4500,358.6204,180.4849,357.5402,0.0000,0.0000,0.0000
51.486,488.8284,-0.4360,252.7177,0.2510,3.8000,-0.4500,358.4715,180.4914,357.4752,0.0000,0.0000,0.0000
51.598,488.5804,-0.5387,252.9095,0.2510,3.8000,-0.4500,358.4715,180.4914,357.4752,0.0000,0.0000,0.0000
51.709,488.3328,-0.6400,253.1022,0.2510,3.8000,-0.4500,358.4715,180.4914,357.4752,0.0000,0.0000,0.0000
51.822,488.1266,-0.7231,253.2634,0.2510,3.8000,-0.4500,358.4715,180.4914,357.4752,0.0000,0.0000,0.0000
51.931,487.8794,-0.8200,253.4573,0.2510,3.8000,-0.4500,358.4715,180.4914,357.4752,0.0000,0.0000,0.0000
52.042,487.6736,-0.8982,253.6191,0.2510,3.8000,-0.4500,358.4715,180.4914,357.4752,0.0000,0.0000,0.0000
52.154,487.4275,-0.9881,253.8143,0.2510,3.8000,-0.4500,358.3262,180.4977,357.5493,0.0000,0.0000,0.0000
52.265,487.2221,-1.0594,253.9761,0.2510,3.8000,-0.4500,358.3262,180.4977,357.5493,0.0000,0.0000,0.0000
52.376,486.9765,-1.1392,254.1705,0.2510,3.8000,-0.4500,358.2762,180.4998,357.6169,0.0000,0.0000,0.0000
52.486,486.7730,-1.1989,254.3329,0.2510,3.8000,-0.4500,358.1548,180.5046,357.8381,0.0000,0.0000,0.0000
52.598,486.5273,-1.2681,254.5257,0.2510,3.8000,-0.4500,358.1548,180.5046,357.8381,0.0000,0.0000,0.0000
52.709,486.2840,-1.3248,254.7180,0.2510,3.8000,-0.4500,358.1039,180.5064,358.1782,0.0000,0.0000,0.0000
52.820,486.0807,-1.3682,254.8767,0.2510,3.8000,-0.4500,358.1161,180.5060,358.3495,0.0000,0.0000,0.0000
52.931,485.8368,-1.4139,255.0657,0.2510,3.8000,-0.4500,358.1359,180.5055,358.5190,0.0000,0.0000,0.0000
53.042,485.6354,-1.4408,255.2215,0.2510,3.8000,-0.4500,358.2486,180.5030,358.9234,0.0000,0.0000,0.0000
53.155,485.3914,-1.4741,255.4075,0.2510,3.8000,-0.4500,358.2820,180.5024,359.0002,0.0000,0.0000,0.0000
53.264,485.1896,-1.4923,255.5611,0.2510,3.8000,-0.4500,358.3899,180.5007,359.2316,0.0000,0.0000,0.0000
53.375,484.9475,-1.5084,255.7442,0.2510,3.8000,-0.4500,358.5130,180.4993,359.4474,0.0000,0.0000,0.0000
53.486,484.7459,-1.5170,255.8962,0.2510,3.8000,-0.4500,358.6012,180.4986,359.5859,0.0000,0.0000,0.0000
53.598,484.5052,-1.5183,256.0771,0.2510,3.8000,-0.4500,358.8014,180.4976,359.8521,0.0000,0.0000,0.0000
53.709,484.2641,-1.5160,256.2576,0.2510,3.8000,-0.4500,358.9093,180.4975,359.9778,0.0000,0.0000,0.0000
53.822,484.0642,-1.5071,256.4069,0.2510,3.8000,-0.4500,359.0851,180.4977,0.1580,0.0000,0.0000,0.0000
53.931,483.8240,-1.4935,256.5859,0.2510,3.8000,-0.4500,359.2062,180.4981,0.2682,0.0000,0.0000,0.0000
54.042,483.6244,-1.4774,256.7344,0.2510,3.8000,-0.4500,359.3324,180.4988,0.3723,0.0000,0.0000,0.0000
54.154,483.3853,-1.4526,256.9113,0.2510,3.8000,-0.4500,359.5390,180.5004,0.5114,0.0000,0.0000,0.0000
54.265,483.1858,-1.4304,257.0590,0.2510,3.8000,-0.4500,359.6123,180.5011,0.5511,0.0000,0.0000,0.0000
54.376,482.9469,-1.3987,257.2349,0.2510,3.8000,-0.4500,359.7610,180.5026,0.6283,0.0000,0.0000,0.0000
54.486,482.7484,-1.3668,257.3798,0.2510,3.8000,-0.4500,0.0696,180.5064,0.7472,0.0000,0.0000,0.0000
54.597,482.5092,-1.3306,257.5555,0.2510,3.8000,-0.4500,0.0696,180.5063,0.7472,0.0000,0.0000,0.0000
54.709,482.2705,-1.2891,257.7294,0.2510,3.8000,-0.4500,0.2267,180.5085,0.7852,0.0000,0.0000,0.0000
54.821,482.0717,-1.2505,257.8725,0.2510,3.8000,-0.4500,0.5611,180.5132,0.8304,0.0000,0.0000,0.0000
54.931,481.8327,-1.2060,258.0461,0.2510,3.8000,-0.4500,0.5611,180.5132,0.8304,0.0000,0.0000,0.0000
55.042,481.6333,-1.1652,258.1880,0.2510,3.8000,-0.4500,0.8131,180.5168,0.8268,0.0000,0.0000,0.0000
55.153,481.3938,-1.1164,258.3584,0.2510,3.8000,-0.4500,0.8952,180.5180,0.8233,0.0000,0.0000,0.0000
55.265,481.1938,-1.0743,258.4987,0.2510,3.8000,-0.4500,1.0580,180.5203,0.8001,0.0000,0.0000,0.0000
55.376,480.9537,-1.0234,258.6669,0.2510,3.8000,-0.4500,1.1379,180.5214,0.7842,0.0000,0.0000,0.0000
55.487,480.7527,-0.9800,258.8046,0.2510,3.8000,-0.4500,1.4623,180.5256,0.6928,0.0000,0.0000,0.0000
55.598,480.5120,-0.9287,258.9715,0.2510,3.8000,-0.4500,1.4623,180.5256,0.6928,0.0000,0.0000,0.0000
55.710,480.2703,-0.8776,259.1362,0.2510,3.8000,-0.4500,1.6899,180.5282,0.5899,0.0000,0.0000,0.0000
55.823,480.0687,-0.8355,259.2736,0.2510,3.8000,-0.4500,1.7591,180.5288,0.5519,0.0000,0.0000,0.0000
55.946,479.8260,-0.7861,259.4372,0.2510,3.8000,-0.4500,1.8985,180.5301,0.4622,0.0000,0.0000,0.0000
56.057,479.5823,-0.7386,259.5996,0.2510,3.8000,-0.4500,2.0914,180.5314,0.3130,0.0000,0.0000,0.0000
56.169,479.3386,-0.6922,259.7622,0.2510,3.8000,-0.4500,2.1511,180.5317,0.2633,0.0000,0.0000,0.0000
56.279,479.1349,-0.6551,259.8972,0.2510,3.8000,-0.4500,2.2065,180.5319,0.2037,0.0000,0.0000,0.0000
56.389,478.8895,-0.6135,260.0586,0.2510,3.8000,-0.4500,2.3145,180.5322,0.0803,0.0000,0.0000,0.0000
56.501,478.6848,-0.5805,260.1931,0.2510,3.8000,-0.4500,2.3627,180.5322,0.0108,0.0000,0.0000,0.0000
56.614,478.4375,-0.5452,260.3538,0.2510,3.8000,-0.4500,2.4966,180.5320,359.8000,0.0000,0.0000,0.0000
56.724,478.2322,-0.5159,260.4883,0.2510,3.8000,-0.4500,2.4966,180.5320,359.8000,0.0000,0.0000,0.0000
56.834,477.9832,-0.4882,260.6492,0.2510,3.8000,-0.4500,2.6295,180.5312,359.4939,0.0000,0.0000,0.0000
56.945,477.7769,-0.4641,260.7840,0.2510,3.8000,-0.4500,2.6295,180.5312,359.4939,0.0000,0.0000,0.0000
57.056,477.5273,-0.4424,260.9458,0.2510,3.8000,-0.4500,2.6932,180.5305,359.2529,0.0000,0.0000,0.0000
57.167,477.3202,-0.4240,261.0813,0.2510,3.8000,-0.4500,2.6932,180.5305,359.2529,0.0000,0.0000,0.0000
57.279,477.0699,-0.4082,261.2443,0.2510,3.8000,-0.4500,2.7186,180.5301,359.0917,0.0000,0.0000,0.0000
57.390,476.8187,-0.3982,261.4081,0.2510,3.8000,-0.4500,2.7327,180.5299,358.8333,0.0000,0.0000,0.0000
57.500,476.6098,-0.3905,261.5452,0.2510,3.8000,-0.4500,2.7355,180.5298,358.7512,0.0000,0.0000,0.0000
57.612,476.3588,-0.3847,261.7107,0.2510,3.8000,-0.4500,2.7303,180.5299,358.6703,0.0000,0.0000,0.0000
57.724,476.1486,-0.3848,261.8494,0.2510,3.8000,-0.4500,2.7110,180.5304,358.5016,0.0000,0.0000,0.0000
57.834,475.8970,-0.3861,262.0168,0.2510,3.8000,-0.4500,2.7005,180.5307,358.4192,0.0000,0.0000,0.0000
57.945,475.6865,-0.3917,262.1573,0.2510,3.8000,-0.4500,2.6654,180.5317,358.2581,0.0000,0.0000,0.0000
58.056,475.4342,-0.3995,262.3268,0.2510,3.8000,-0.4500,2.6472,180.5323,358.1795,0.0000,0.0000,0.0000
58.167,475.2243,-0.4072,262.4688,0.2510,3.8000,-0.4500,2.6472,180.5323,358.1795,0.0000,0.0000,0.0000
58.279,474.9713,-0.4224,262.6406,0.2510,3.8000,-0.4500,2.5928,180.5341,358.0223,0.0000,0.0000,0.0000
58.390,474.7190,-0.4372,262.8128,0.2510,3.8000,-0.4500,2.5928,180.5341,358.0222,0.0000,0.0000,0.0000
58.501,474.5083,-0.4529,262.9574,0.2510,3.8000,-0.4500,2.5584,180.5353,357.9455,0.0000,0.0000,0.0000
58.612,474.2550,-0.4750,263.1317,0.2510,3.8000,-0.4500,2.4813,180.5381,357.7968,0.0000,0.0000,0.0000
58.724,474.0448,-0.4920,263.2769,0.2510,3.8000,-0.4500,2.4813,180.5381,357.7968,0.0000,0.0000,0.0000
58.834,473.7924,-0.5136,263.4517,0.2510,3.8000,-0.4500,2.4813,180.5381,357.7968,0.0000,0.0000,0.0000
58.945,473.5821,-0.5323,263.5976,0.2510,3.8000,-0.4500,2.4813,180.5381,357.7967,0.0000,0.0000,0.0000
59.056,473.3297,-0.5552,263.7731,0.2510,3.8000,-0.4500,2.4813,180.5381,357.7968,0.0000,0.0000,0.0000
59.167,473.1187,-0.5774,263.9196,0.2510,3.8000,-0.4500,2.3751,180.5423,357.6776,0.0000,0.0000,0.0000
59.279,472.8661,-0.6001,264.0922,0.2510,3.8000,-0.4500,2.3751,180.5424,357.6776,0.0000,0.0000,0.0000
59.389,472.6134,-0.6221,264.2616,0.2510,3.8000,-0.4500,2.3751,180.5424,357.6776,0.0000,0.0000,0.0000
59.501,472.4028,-0.6395,264.4009,0.2510,3.8000,-0.4500,2.3751,180.5424,357.6776,0.0000,0.0000,0.0000
59.614,472.1501,-0.6589,264.5663,0.2510,3.8000,-0.4500,2.3751,180.5423,357.6776,0.0000,0.0000,0.0000
59.722,471.9396,-0.6734,264.7029,0.2510,3.8000,-0.4500,2.3751,180.5423,357.6776,0.0000,0.0000,0.0000
59.836,471.6858,-0.6889,264.8509,0.2510,3.8000,-0.4500,2.3751,180.5423,357.6776,0.0000,0.0000,0.0000
59.945,471.4721,-0.7004,264.9468,0.2510,3.8000,-0.4500,2.3751,180.5423,357.6776,0.0000,0.0000,0.0000
60.057,471.2138,-0.7128,265.0088,0.2510,3.8000,-0.4500,2.3751,180.5423,357.6776,0.0000,0.0000,0.0000
60.167,470.9980,-0.7221,265.0100,0.2510,3.8000,-0.4500,2.3751,180.5423,357.6776,0.0000,0.0000,0.0000
60.280,470.7392,-0.7312,264.9756,0.2510,3.8000,-0.4500,2.3751,180.5424,357.6776,0.0000,0.0000,0.0000
60.390,470.4807,-0.7372,264.9165,0.2510,3.8000,-0.4500,2.3751,180.5424,357.6776,0.0000,0.0000,0.0000
60.515,470.2246,-0.7390,264.8258,0.2510,3.8000,-0.4500,2.3424,180.5437,357.7515,0.0000,0.0000,0.0000
60.628,470.0139,-0.7378,264.7194,0.2510,3.8000,-0.4500,2.3164,180.5447,357.8328,0.0000,0.0000,0.0000
60.736,469.7653,-0.7298,264.5601,0.2510,3.8000,-0.4500,2.2413,180.5473,358.1615,0.0000,0.0000,0.0000
60.848,469.5585,-0.7247,264.4075,0.2510,3.8000,-0.4500,2.2413,180.5473,358.1615,0.0000,0.0000,0.0000
60.960,469.3129,-0.7124,264.2077,0.2510,3.8000,-0.4500,2.2348,180.5475,358.3236,0.0000,0.0000,0.0000
61.070,469.0695,-0.6943,263.9957,0.2510,3.8000,-0.4500,2.2447,180.5472,358.5738,0.0000,0.0000,0.0000
61.183,468.8667,-0.6781,263.8136,0.2510,3.8000,-0.4500,2.2536,180.5470,358.6562,0.0000,0.0000,0.0000
61.292,468.6248,-0.6534,263.5907,0.2510,3.8000,-0.4500,2.2733,180.5466,358.8217,0.0000,0.0000,0.0000
61.402,468.4244,-0.6271,263.4027,0.2510,3.8000,-0.4500,2.3170,180.5458,359.0767,0.0000,0.0000,0.0000
61.514,468.1839,-0.5941,263.1765,0.2510,3.8000,-0.4500,2.3494,180.5453,359.2423,0.0000,0.0000,0.0000
61.625,467.9835,-0.5641,262.9879,0.2510,3.8000,-0.4500,2.3657,180.5451,359.3242,0.0000,0.0000,0.0000
61.736,467.7447,-0.5213,262.7612,0.2510,3.8000,-0.4500,2.4181,180.5446,359.5698,0.0000,0.0000,0.0000
61.848,467.5459,-0.4831,262.5724,0.2510,3.8000,-0.4500,2.4526,180.5444,359.7296,0.0000,0.0000,0.0000
61.958,467.3085,-0.4325,262.3457,0.2510,3.8000,-0.4500,2.5045,180.5443,359.9741,0.0000,0.0000,0.0000
62.071,467.0709,-0.3809,262.1193,0.2510,3.8000,-0.4500,2.5204,180.5443,0.0538,0.0000,0.0000,0.0000
62.181,466.8745,-0.3317,261.9326,0.2510,3.8000,-0.4500,2.5665,180.5444,0.2934,0.0000,0.0000,0.0000
62.292,466.6334,-0.2730,261.7568,0.2510,3.8000,-0.4500,2.5665,180.5444,0.2934,0.0000,0.0000,0.0000
62.405,466.4312,-0.2122,261.6751,0.2510,3.8000,-0.4500,2.6187,180.5448,0.6220,0.0000,0.0000,0.0000
62.514,466.1861,-0.1401,261.6514,0.2510,3.8000,-0.4500,2.6187,180.5448,0.6220,0.0000,0.0000,0.0000
62.625,465.9843,-0.0722,261.6793,0.2510,3.8000,-0.4500,2.6359,180.5450,0.7835,0.0000,0.0000,0.0000
62.736,465.7428,0.0101,261.7541,0.2510,3.8000,-0.4500,2.6359,180.5450,0.7835,0.0000,0.0000,0.0000
62.848,465.5443,0.0847,261.8398,0.2510,3.8000,-0.4500,2.6453,180.5452,0.9523,0.0000,0.0000,0.0000
62.959,465.3074,0.1756,261.9612,0.2510,3.8000,-0.4500,2.6438,180.5451,1.1179,0.0000,0.0000,0.0000
63.070,465.0706,0.2654,262.0963,0.2510,3.8000,-0.4500,2.6438,180.5451,1.1179,0.0000,0.0000,0.0000
63.181,464.8753,0.3433,262.2157,0.2510,3.8000,-0.4500,2.6221,180.5447,1.2821,0.0000,0.0000,0.0000
63.292,464.6406,0.4337,262.3659,0.2510,3.8000,-0.4500,2.6221,180.5447,1.2821,0.0000,0.0000,0.0000
63.403,464.4453,0.5084,262.4953,0.2510,3.8000,-0.4500,2.6221,180.5447,1.2821,0.0000,0.0000,0.0000
63.514,464.2122,0.5979,262.6545,0.2510,3.8000,-0.4500,2.5939,180.5440,1.3611,0.0000,0.0000,0.0000
63.626,464.0182,0.6710,262.7899,0.2510,3.8000,-0.4500,2.5572,180.5431,1.4358,0.0000,0.0000,0.0000
63.736,463.7860,0.7565,262.9547,0.2510,3.8000,-0.4500,2.4560,180.5405,1.5701,0.0000,0.0000,0.0000
63.847,463.5919,0.8240,263.0934,0.2510,3.8000,-0.4500,2.4560,180.5405,1.5701,0.0000,0.0000,0.0000
63.959,463.3583,0.8815,263.2624,0.2510,3.8000,-0.4500,2.3937,180.5387,1.6223,0.0000,0.0000,0.0000
64.070,463.1190,0.9064,263.4354,0.2510,3.8000,-0.4500,2.1203,180.5318,1.2411,0.0000,0.0000,0.0000
64.181,462.9125,0.9143,263.5803,0.2510,3.8000,-0.4500,1.8445,180.5276,0.3695,0.0000,0.0000,0.0000
64.292,462.6604,0.8876,263.7536,0.2510,3.8000,-0.4500,1.6342,180.5283,359.2542,0.0000,0.0000,0.0000
64.402,462.4519,0.8707,263.8969,0.2510,3.8000,-0.4500,1.5511,180.5297,358.7975,0.0000,0.0000,0.0000
64.514,462.2042,0.8614,264.0688,0.2510,3.8000,-0.4500,1.5511,180.5297,358.7975,0.0000,0.0000,0.0000
64.625,461.9974,0.8552,264.2125,0.2510,3.8000,-0.4500,1.5511,180.5297,358.7975,0.0000,0.0000,0.0000
64.735,461.7491,0.8505,264.3849,0.2510,3.8000,-0.4500,1.5511,180.5297,358.7975,0.0000,0.0000,0.0000
64.849,461.5011,0.8493,264.5573,0.2510,3.8000,-0.4500,1.5511,180.5297,358.7975,0.0000,0.0000,0.0000
64.958,461.2946,0.8511,264.7008,0.2510,3.8000,-0.4500,1.5511,180.5297,358.7975,0.0000,0.0000,0.0000
65.083,461.0471,0.8564,264.8730,0.2510,3.8000,-0.4500,1.5511,180.5297,358.7975,0.0000,0.0000,0.0000
65.194,460.8000,0.8652,265.0451,0.2510,3.8000,-0.4500,1.5511,180.5297,358.7975,0.0000,0.0000,0.0000
65.306,460.5945,0.8749,265.1884,0.2510,3.8000,-0.4500,1.5511,180.5297,358.7975,0.0000,0.0000,0.0000
65.417,460.3489,0.8906,265.3606,0.2510,3.8000,-0.4500,1.5189,180.5303,358.8709,0.0000,0.0000,0.0000
65.528,460.1453,0.9073,265.5041,0.2510,3.8000,-0.4500,1.4567,180.5315,359.0255,0.0000,0.0000,0.0000
65.639,459.9011,0.9297,265.6741,0.2510,3.8000,-0.4500,1.4020,180.5323,359.1823,0.0000,0.0000,0.0000
65.750,459.6575,0.9551,265.8403,0.2510,3.8000,-0.4500,1.3528,180.5330,359.3406,0.0000,0.0000,0.0000
65.861,459.4549,0.9787,265.9763,0.2510,3.8000,-0.4500,1.3078,180.5334,359.4992,0.0000,0.0000,0.0000
65.972,459.2115,1.0077,266.1369,0.2510,3.8000,-0.4500,1.2870,180.5336,359.5765,0.0000,0.0000,0.0000
66.083,459.0096,1.0352,266.2693,0.2510,3.8000,-0.4500,1.2445,180.5338,359.7404,0.0000,0.0000,0.0000
66.197,458.7670,1.0685,266.4268,0.2510,3.8000,-0.4500,1.2237,180.5339,359.8210,0.0000,0.0000,0.0000
66.305,458.5658,1.0991,266.5574,0.2510,3.8000,-0.4500,1.1822,180.5340,359.9800,0.0000,0.0000,0.0000
66.417,458.3240,1.1356,266.7120,0.2510,3.8000,-0.4500,1.1604,180.5340,0.0592,0.0000,0.0000,0.0000
66.528,458.1211,1.1672,266.8197,0.2510,3.8000,-0.4500,1.1375,180.5339,0.1386,0.0000,0.0000,0.0000
66.639,457.8737,1.2051,266.9015,0.2510,3.8000,-0.4500,1.1144,180.5339,0.2164,0.0000,0.0000,0.0000
66.750,457.6240,1.2431,266.9351,0.2510,3.8000,-0.4500,1.0894,180.5338,0.2935,0.0000,0.0000,0.0000
66.861,457.4162,1.2761,266.9347,0.2510,3.8000,-0.4500,1.0346,180.5334,0.4468,0.0000,0.0000,0.0000
66.972,457.1661,1.3128,266.9094,0.2510,3.8000,-0.4500,1.0346,180.5334,0.4468,0.0000,0.0000,0.0000
67.084,456.9582,1.3432,266.8743,0.2510,3.8000,-0.4500,1.0346,180.5334,0.4468,0.0000,0.0000,0.0000
67.195,456.7092,1.3793,266.8214,0.2510,3.8000,-0.4500,1.0346,180.5334,0.4468,0.0000,0.0000,0.0000
67.306,456.5026,1.4097,266.7717,0.2510,3.8000,-0.4500,0.9976,180.5331,0.5193,0.0000,0.0000,0.0000
67.417,456.2584,1.4438,266.6605,0.2510,3.8000,-0.4500,0.9976,180.5331,0.5193,0.0000,0.0000,0.0000
67.528,456.0623,1.4705,266.4747,0.2510,3.8000,-0.4500,0.9976,180.5331,0.5193,0.0000,0.0000,0.0000
67.641,455.8352,1.5004,266.1402,0.2510,3.8000,-0.4500,0.9976,180.5331,0.5193,0.0000,0.0000,0.0000
67.750,455.6147,1.5279,265.7131,0.2510,3.8000,-0.4500,0.9976,180.5331,0.5193,0.0000,0.0000,0.0000
67.861,455.4344,1.5494,265.3083,0.2510,3.8000,-0.4500,0.9976,180.5331,0.5193,0.0000,0.0000,0.0000
67.972,455.2204,1.5735,264.7841,0.2510,3.8000,-0.4500,0.9976,180.5331,0.5193,0.0000,0.0000,0.0000
68.084,455.0435,1.5923,264.3262,0.2510,3.8000,-0.4500,0.9976,180.5331,0.5193,0.0000,0.0000,0.0000
68.195,454.8321,1.6132,263.7611,0.2510,3.8000,-0.4500,0.9976,180.5331,0.5193,0.0000,0.0000,0.0000
68.306,454.6561,1.6293,263.2856,0.2510,3.8000,-0.4500,0.9976,180.5331,0.5193,0.0000,0.0000,0.0000
68.417,454.4445,1.6467,262.7204,0.2510,3.8000,-0.4500,0.9213,180.5323,0.5447,0.0000,0.0000,0.0000
68.528,454.2321,1.6624,262.1632,0.2510,3.8000,-0.4500,0.9213,180.5323,0.5447,0.0000,0.0000,0.0000
68.639,454.0544,1.6738,261.7049,0.2510,3.8000,-0.4500,0.9213,180.5324,0.5447,0.0000,0.0000,0.0000
68.751,453.8407,1.6844,261.1615,0.2510,3.8000,-0.4500,0.7592,180.5308,0.5519,0.0000,0.0000,0.0000
68.860,453.6620,1.6924,260.7111,0.2510,3.8000,-0.4500,0.7592,180.5308,0.5519,0.0000,0.0000,0.0000
68.972,453.4469,1.6989,260.1742,0.2510,3.8000,-0.4500,0.6801,180.5300,0.5364,0.0000,0.0000,0.0000
69.083,453.2672,1.7022,259.7284,0.2510,3.8000,-0.4500,0.6024,180.5293,0.5185,0.0000,0.0000,0.0000
69.195,453.0491,1.7025,259.2246,0.2510,3.8000,-0.4500,0.4494,180.5280,0.4583,0.0000,0.0000,0.0000
69.307,452.8602,1.7023,258.9024,0.2510,3.8000,-0.4500,0.4494,180.5280,0.4583,0.0000,0.0000,0.0000
69.417,452.6215,1.6957,258.6611,0.2510,3.8000,-0.4500,0.3034,180.5269,0.3828,0.0000,0.0000,0.0000
69.527,452.4160,1.6847,258.5663,0.2510,3.8000,-0.4500,0.0920,180.5258,0.2530,0.0000,0.0000,0.0000
69.653,452.1267,1.6672,258.5500,0.2510,3.8000,-0.4500,0.0243,180.5255,0.2057,0.0000,0.0000,0.0000
69.764,451.9196,1.6483,258.5970,0.2510,3.8000,-0.4500,359.8891,180.5251,0.1097,0.0000,0.0000,0.0000
69.875,451.6714,1.6208,258.6947,0.2510,3.8000,-0.4500,359.7579,180.5250,0.0100,0.0000,0.0000,0.0000
69.986,451.4644,1.5917,258.7995,0.2510,3.8000,-0.4500,359.5605,180.5252,359.8541,0.0000,0.0000,0.0000
70.098,451.2168,1.5542,258.9423,0.2510,3.8000,-0.4500,359.4355,180.5257,359.7526,0.0000,0.0000,0.0000
70.210,450.9699,1.5127,259.0985,0.2510,3.8000,-0.4500,359.3715,180.5260,359.6998,0.0000,0.0000,0.0000
70.320,450.7639,1.4726,259.2368,0.2510,3.8000,-0.4500,359.2433,180.5267,359.5940,0.0000,0.0000,0.0000
70.430,450.5166,1.4193,259.4091,0.2510,3.8000,-0.4500,359.0526,180.5284,359.4359,0.0000,0.0000,0.0000
70.542,450.3113,1.3750,259.5552,0.2510,3.8000,-0.4500,359.0526,180.5284,359.4359,0.0000,0.0000,0.0000
70.653,450.0644,1.3152,259.7341,0.2510,3.8000,-0.4500,358.9242,180.5298,359.3309,0.0000,0.0000,0.0000
70.764,449.8583,1.2618,259.8851,0.2510,3.8000,-0.4500,358.7950,180.5314,359.2273,0.0000,0.0000,0.0000
70.875,449.6118,1.1979,260.0666,0.2510,3.8000,-0.4500,358.7950,180.5314,359.2273,0.0000,0.0000,0.0000
70.986,449.4059,1.1395,260.2194,0.2510,3.8000,-0.4500,358.6650,180.5332,359.1267,0.0000,0.0000,0.0000
71.097,449.1590,1.0687,260.4035,0.2510,3.8000,-0.4500,358.5982,180.5343,359.0781,0.0000,0.0000,0.0000
71.208,448.9532,1.0076,260.5575,0.2510,3.8000,-0.4500,358.5314,180.5354,359.0297,0.0000,0.0000,0.0000
71.319,448.7063,0.9327,260.7431,0.2510,3.8000,-0.4500,358.4645,180.5366,358.9853,0.0000,0.0000,0.0000
71.430,448.4597,0.8574,260.9289,0.2510,3.8000,-0.4500,358.4645,180.5366,358.9853,0.0000,0.0000,0.0000
71.542,448.2539,0.7909,261.0850,0.2510,3.8000,-0.4500,358.3225,180.5392,358.9026,0.0000,0.0000,0.0000
71.654,448.0075,0.7135,261.2717,0.2510,3.8000,-0.4500,358.3225,180.5392,358.9026,0.0000,0.0000,0.0000
71.764,447.8021,0.6485,261.4277,0.2510,3.8000,-0.4500,358.3225,180.5392,358.9026,0.0000,0.0000,0.0000
71.875,447.5556,0.5702,261.6151,0.2510,3.8000,-0.4500,358.3225,180.5392,358.9025,0.0000,0.0000,0.0000
71.986,447.3504,0.5052,261.7717,0.2510,3.8000,-0.4500,358.3225,180.5392,358.9025,0.0000,0.0000,0.0000
72.097,447.1040,0.4264,261.9604,0.2510,3.8000,-0.4500,358.2450,180.5407,358.8795,0.0000,0.0000,0.0000
72.209,446.8580,0.3494,262.1490,0.2510,3.8000,-0.4500,358.2450,180.5407,358.8795,0.0000,0.0000,0.0000
72.320,446.6532,0.2860,262.3064,0.2510,3.8000,-0.4500,358.2450,180.5407,358.8795,0.0000,0.0000,0.0000
72.431,446.4076,0.2111,262.4957,0.2510,3.8000,-0.4500,358.2450,180.5407,358.8795,0.0000,0.0000,0.0000
72.542,446.2032,0.1497,262.6536,0.2510,3.8000,-0.4500,358.2450,180.5407,358.8795,0.0000,0.0000,0.0000
72.653,445.9582,0.0773,262.8438,0.2510,3.8000,-0.4500,358.1636,180.5423,358.8953,0.0000,0.0000,0.0000
72.764,445.7542,0.0186,263.0018,0.2510,3.8000,-0.4500,358.1636,180.5423,358.8953,0.0000,0.0000,0.0000
72.875,445.5094,-0.0502,263.1910,0.2510,3.8000,-0.4500,358.1636,180.5423,358.8953,0.0000,0.0000,0.0000
72.986,445.3064,-0.1057,263.3495,0.2510,3.8000,-0.4500,357.9410,180.5463,359.0050,0.0000,0.0000,0.0000
73.099,445.0621,-0.1708,263.5370,0.2510,3.8000,-0.4500,357.9410,180.5464,359.0050,0.0000,0.0000,0.0000
73.208,444.8179,-0.2338,263.7239,0.2510,3.8000,-0.4500,357.9410,180.5464,359.0050,0.0000,0.0000,0.0000
73.320,444.6147,-0.2850,263.8794,0.2510,3.8000,-0.4500,357.9410,180.5464,359.0050,0.0000,0.0000,0.0000
73.430,444.3718,-0.3441,264.0662,0.2510,3.8000,-0.4500,357.8242,180.5483,359.1220,0.0000,0.0000,0.0000
73.542,444.1689,-0.3937,264.2211,0.2510,3.8000,-0.4500,357.8242,180.5482,359.1220,0.0000,0.0000,0.0000
73.653,443.9268,-0.4506,264.4072,0.2510,3.8000,-0.4500,357.6622,180.5505,359.3070,0.0000,0.0000,0.0000
73.764,443.7235,-0.4994,264.5538,0.2510,3.8000,-0.4500,357.6622,180.5505,359.3070,0.0000,0.0000,0.0000
73.874,443.4784,-0.5577,264.7142,0.2510,3.8000,-0.4500,357.6622,180.5505,359.3070,0.0000,0.0000,0.0000
73.985,443.2744,-0.6043,264.8372,0.2510,3.8000,-0.4500,357.4919,180.5523,359.4845,0.0000,0.0000,0.0000
74.097,443.0272,-0.6627,264.9718,0.2510,3.8000,-0.4500,357.4919,180.5523,359.4845,0.0000,0.0000,0.0000
74.211,442.7793,-0.7216,265.0977,0.2510,3.8000,-0.4500,357.4919,180.5523,359.4845,0.0000,0.0000,0.0000
74.333,442.5311,-0.7814,265.2179,0.2510,3.8000,-0.4500,357.4919,180.5523,359.4845,0.0000,0.0000,0.0000
74.445,442.3242,-0.8315,265.3158,0.2510,3.8000,-0.4500,357.4261,180.5528,359.5318,0.0000,0.0000,0.0000
74.556,442.0757,-0.8926,265.4311,0.2510,3.8000,-0.4500,357.3560,180.5534,359.5771,0.0000,0.0000,0.0000
74.666,441.8686,-0.9438,265.5256,0.2510,3.8000,-0.4500,357.2862,180.5539,359.6219,0.0000,0.0000,0.0000
74.778,441.6173,-1.0048,265.6100,0.2510,3.8000,-0.4500,357.2862,180.5539,359.6219,0.0000,0.0000,0.0000
74.888,441.3652,-1.0624,265.6424,0.2510,3.8000,-0.4500,357.1471,180.5547,359.7100,0.0000,0.0000,0.0000
75.000,441.1553,-1.1081,265.6313,0.2510,3.8000,-0.4500,357.1470,180.5547,359.7100,0.0000,0.0000,0.0000
75.110,440.9049,-1.1603,265.5833,0.2510,3.8000,-0.4500,357.1470,180.5547,359.7100,0.0000,0.0000,0.0000
75.222,440.6976,-1.2012,265.5231,0.2510,3.8000,-0.4500,357.0831,180.5550,359.7584,0.0000,0.0000,0.0000
75.332,440.4496,-1.2487,265.4336,0.2510,3.8000,-0.4500,357.0831,180.5550,359.7584,0.0000,0.0000,0.0000
75.444,440.2437,-1.2865,265.3499,0.2510,3.8000,-0.4500,357.0831,180.5550,359.7584,0.0000,0.0000,0.0000
75.555,439.9984,-1.3287,265.2427,0.2510,3.8000,-0.4500,356.9087,180.5555,359.9291,0.0000,0.0000,0.0000
75.666,439.7946,-1.3630,265.1343,0.2510,3.8000,-0.4500,356.9087,180.5555,359.9291,0.0000,0.0000,0.0000
75.778,439.5529,-1.4010,264.9717,0.2510,3.8000,-0.4500,356.9087,180.5555,359.9291,0.0000,0.0000,0.0000
75.889,439.3141,-1.4351,264.7771,0.2510,3.8000,-0.4500,356.9087,180.5555,359.9291,0.0000,0.0000,0.0000
76.001,439.1173,-1.4600,264.5968,0.2510,3.8000,-0.4500,356.8698,180.5555,-0.0006,0.0000,0.0000,0.0000
76.111,438.8825,-1.4872,264.3646,0.2510,3.8000,-0.4500,356.8318,180.5555,0.0698,0.0000,0.0000,0.0000
76.222,438.6874,-1.5084,264.1618,0.2510,3.8000,-0.4500,356.8318,180.5555,0.0698,0.0000,0.0000,0.0000
76.333,438.4547,-1.5305,263.9118,0.2510,3.8000,-0.4500,356.8064,180.5554,0.1487,0.0000,0.0000,0.0000
76.444,438.2614,-1.5468,263.6989,0.2510,3.8000,-0.4500,356.7819,180.5553,0.2276,0.0000,0.0000,0.0000
76.555,438.0296,-1.5656,263.4380,0.2510,3.8000,-0.4500,356.7819,180.5554,0.2276,0.0000,0.0000,0.0000
76.666,437.8379,-1.5768,263.2171,0.2510,3.8000,-0.4500,356.7526,180.5552,0.3898,0.0000,0.0000,0.0000
76.778,437.6070,-1.5914,262.9487,0.2510,3.8000,-0.4500,356.7526,180.5552,0.3898,0.0000,0.0000,0.0000
76.888,437.4162,-1.5991,262.7234,0.2510,3.8000,-0.4500,356.7409,180.5551,0.5552,0.0000,0.0000,0.0000
76.999,437.1861,-1.6096,262.4512,0.2510,3.8000,-0.4500,356.7409,180.5551,0.5552,0.0000,0.0000,0.0000
77.111,436.9571,-1.6167,262.1779,0.2510,3.8000,-0.4500,356.7418,180.5551,0.6389,0.0000,0.0000,0.0000
77.224,436.7667,-1.6208,261.9497,0.2510,3.8000,-0.4500,356.7431,180.5551,0.7223,0.0000,0.0000,0.0000
77.334,436.5377,-1.6258,261.6753,0.2510,3.8000,-0.4500,356.7431,180.5551,0.7223,0.0000,0.0000,0.0000
77.444,436.3483,-1.6254,261.4465,0.2510,3.8000,-0.4500,356.7560,180.5553,0.8890,0.0000,0.0000,0.0000
77.556,436.1200,-1.6271,261.1722,0.2510,3.8000,-0.4500,356.7560,180.5553,0.8890,0.0000,0.0000,0.0000
77.667,435.9308,-1.6243,260.9477,0.2510,3.8000,-0.4500,356.7753,180.5556,1.0510,0.0000,0.0000,0.0000
77.778,435.7019,-1.6235,260.6848,0.2510,3.8000,-0.4500,356.7753,180.5556,1.0510,0.0000,0.0000,0.0000
77.889,435.4730,-1.6215,260.4283,0.2510,3.8000,-0.4500,356.7753,180.5556,1.0510,0.0000,0.0000,0.0000
78.000,435.2832,-1.6158,260.2182,0.2510,3.8000,-0.4500,356.8011,180.5561,1.2158,0.0000,0.0000,0.0000
78.111,435.0542,-1.6118,259.9691,0.2510,3.8000,-0.4500,356.8011,180.5561,1.2158,0.0000,0.0000,0.0000
78.222,434.8621,-1.6079,259.7782,0.2510,3.8000,-0.4500,356.8011,180.5562,1.2158,0.0000,0.0000,0.0000
78.334,434.6261,-1.6039,259.6261,0.2510,3.8000,-0.4500,356.8154,180.5565,1.2984,0.0000,0.0000,0.0000
78.444,434.4263,-1.6034,259.5777,0.2510,3.8000,-0.4500,356.8297,180.5568,1.3802,0.0000,0.0000,0.0000
78.556,434.1856,-1.6081,259.5974,0.2510,3.8000,-0.4500,356.8297,180.5568,1.3802,0.0000,0.0000,0.0000
78.666,433.9857,-1.6141,259.6612,0.2510,3.8000,-0.4500,356.8297,180.5568,1.3802,0.0000,0.0000,0.0000
78.777,433.7472,-1.6231,259.7766,0.2510,3.8000,-0.4500,356.8297,180.5568,1.3801,0.0000,0.0000,0.0000
78.903,433.5105,-1.6316,259.9194,0.2510,3.8000,-0.4500,356.8474,180.5572,1.4592,0.0000,0.0000,0.0000
79.013,433.2739,-1.6422,260.0795,0.2510,3.8000,-0.4500,356.8474,180.5572,1.4592,0.0000,0.0000,0.0000
79.124,433.0772,-1.6512,260.2212,0.2510,3.8000,-0.4500,356.8474,180.5572,1.4592,0.0000,0.0000,0.0000
79.236,432.8415,-1.6619,260.3973,0.2510,3.8000,-0.4500,356.8474,180.5572,1.4592,0.0000,0.0000,0.0000
79.347,432.6453,-1.6708,260.5472,0.2510,3.8000,-0.4500,356.8474,180.5572,1.4591,0.0000,0.0000,0.0000
79.458,432.4100,-1.6813,260.7295,0.2510,3.8000,-0.4500,356.8474,180.5572,1.4591,0.0000,0.0000,0.0000
79.570,432.1749,-1.6918,260.9146,0.2510,3.8000,-0.4500,356.8474,180.5572,1.4591,0.0000,0.0000,0.0000
79.680,431.9791,-1.7005,261.0709,0.2510,3.8000,-0.4500,356.8474,180.5572,1.4591,0.0000,0.0000,0.0000
79.792,431.7443,-1.7110,261.2606,0.2510,3.8000,-0.4500,356.8474,180.5572,1.4591,0.0000,0.0000,0.0000
79.904,431.5486,-1.7196,261.4197,0.2510,3.8000,-0.4500,356.8474,180.5572,1.4591,0.0000,0.0000,0.0000
80.014,431.3139,-1.7298,261.6116,0.2510,3.8000,-0.4500,356.8474,180.5572,1.4591,0.0000,0.0000,0.0000
80.125,431.1183,-1.7380,261.7720,0.2510,3.8000,-0.4500,356.8474,180.5572,1.4591,0.0000,0.0000,0.0000
80.236,430.8835,-1.7475,261.9646,0.2510,3.8000,-0.4500,356.8474,180.5572,1.4591,0.0000,0.0000,0.0000
80.349,430.6487,-1.7564,262.1577,0.2510,3.8000,-0.4500,356.8474,180.5572,1.4591,0.0000,0.0000,0.0000
80.458,430.4529,-1.7633,262.3186,0.2510,3.8000,-0.4500,356.8474,180.5572,1.4591,0.0000,0.0000,0.0000
80.570,430.2180,-1.7706,262.5116,0.2510,3.8000,-0.4500,356.8474,180.5572,1.4591,0.0000,0.0000,0.0000
80.681,430.0226,-1.7744,262.6720,0.2510,3.8000,-0.4500,356.9081,180.5588,1.5156,0.0000,0.0000,0.0000
80.791,429.7881,-1.7780,262.8644,0.2510,3.8000,-0.4500,356.9740,180.5606,1.5657,0.0000,0.0000,0.0000
80.902,429.5923,-1.7809,263.0247,0.2510,3.8000,-0.4500,356.9740,180.5606,1.5657,0.0000,0.0000,0.0000
81.013,429.3577,-1.7813,263.2163,0.2510,3.8000,-0.4500,357.0425,180.5625,1.6109,0.0000,0.0000,0.0000
81.125,429.1625,-1.7786,263.3751,0.2510,3.8000,-0.4500,357.1913,180.5668,1.6914,0.0000,0.0000,0.0000
81.235,428.9276,-1.7762,263.5667,0.2510,3.8000,-0.4500,357.1913,180.5668,1.6914,0.0000,0.0000,0.0000
81.347,428.7325,-1.7686,263.7248,0.2510,3.8000,-0.4500,357.4251,180.5739,1.7912,0.0000,0.0000,0.0000
81.458,428.4978,-1.7611,263.9163,0.2510,3.8000,-0.4500,357.4251,180.5739,1.7912,0.0000,0.0000,0.0000
81.569,428.2639,-1.7471,264.1062,0.2510,3.8000,-0.4500,357.6620,180.5815,1.8708,0.0000,0.0000,0.0000
81.681,428.0686,-1.7356,264.2658,0.2510,3.8000,-0.4500,357.6620,180.5815,1.8708,0.0000,0.0000,0.0000
81.791,427.8349,-1.7162,264.4561,0.2510,3.8000,-0.4500,357.8232,180.5868,1.9166,0.0000,0.0000,0.0000
81.902,427.6407,-1.6957,264.6140,0.2510,3.8000,-0.4500,358.0675,180.5951,1.9802,0.0000,0.0000,0.0000
82.014,427.4074,-1.6691,264.8038,0.2510,3.8000,-0.4500,358.2236,180.6006,2.0179,0.0000,0.0000,0.0000
82.125,427.2132,-1.6433,264.9603,0.2510,3.8000,-0.4500,358.3881,180.6064,2.0555,0.0000,0.0000,0.0000
82.235,426.9803,-1.6085,265.1462,0.2510,3.8000,-0.4500,358.5493,180.6123,2.0919,0.0000,0.0000,0.0000
82.347,426.7865,-1.5757,265.2996,0.2510,3.8000,-0.4500,358.7117,180.6182,2.1271,0.0000,0.0000,0.0000
82.458,426.5541,-1.5314,265.4818,0.2510,3.8000,-0.4500,358.9535,180.6273,2.1788,0.0000,0.0000,0.0000
82.570,426.3220,-1.4832,265.6633,0.2510,3.8000,-0.4500,359.1208,180.6338,2.2137,0.0000,0.0000,0.0000
82.680,426.1288,-1.4400,265.8142,0.2510,3.8000,-0.4500,359.2043,180.6370,2.2310,0.0000,0.0000,0.0000
82.791,425.8977,-1.3801,265.9927,0.2510,3.8000,-0.4500,359.6255,180.6537,2.3166,0.0000,0.0000,0.0000
82.902,425.7049,-1.3304,266.1433,0.2510,3.8000,-0.4500,359.6255,180.6537,2.3166,0.0000,0.0000,0.0000
83.014,425.4743,-1.2630,266.3213,0.2510,3.8000,-0.4500,359.9489,180.6670,2.3796,0.0000,0.0000,0.0000
83.125,425.2820,-1.2062,266.4710,0.2510,3.8000,-0.4500,359.9489,180.6670,2.3796,0.0000,0.0000,0.0000
83.236,425.0519,-1.1303,266.6449,0.2510,3.8000,-0.4500,0.2760,180.6808,2.4399,0.0000,0.0000,0.0000
83.348,424.8577,-1.0664,266.7495,0.2510,3.8000,-0.4500,0.3572,180.6842,2.4540,0.0000,0.0000,0.0000
83.472,424.5839,-0.9745,266.7723,0.2510,3.8000,-0.4500,0.5243,180.6914,2.4822,0.0000,0.0000,0.0000
83.582,424.3897,-0.9067,266.7165,0.2510,3.8000,-0.4500,0.7741,180.7024,2.5230,0.0000,0.0000,0.0000
83.694,424.1583,-0.8283,266.5947,0.2510,3.8000,-0.4500,0.7741,180.7023,2.5230,0.0000,0.0000,0.0000
83.805,423.9670,-0.7608,266.4586,0.2510,3.8000,-0.4500,0.9362,180.7095,2.5469,0.0000,0.0000,0.0000
83.916,423.7387,-0.6815,266.2697,0.2510,3.8000,-0.4500,0.9362,180.7095,2.5469,0.0000,0.0000,0.0000
84.028,423.5496,-0.6121,266.0959,0.2510,3.8000,-0.4500,1.1852,180.7207,2.5804,0.0000,0.0000,0.0000
84.139,423.3230,-0.5309,265.8779,0.2510,3.8000,-0.4500,1.1852,180.7207,2.5803,0.0000,0.0000,0.0000
84.252,423.0970,-0.4479,265.6513,0.2510,3.8000,-0.4500,1.2653,180.7243,2.5909,0.0000,0.0000,0.0000
84.360,422.9091,-0.3764,265.4582,0.2510,3.8000,-0.4500,1.4263,180.7316,2.6160,0.0000,0.0000,0.0000
84.472,422.6839,-0.2911,265.2246,0.2510,3.8000,-0.4500,1.4263,180.7316,2.6160,0.0000,0.0000,0.0000
84.583,422.4971,-0.2176,265.0205,0.2510,3.8000,-0.4500,1.5073,180.7353,2.6362,0.0000,0.0000,0.0000
84.694,422.2750,-0.1286,264.7538,0.2510,3.8000,-0.4500,1.5879,180.7391,2.6571,0.0000,0.0000,0.0000
84.805,422.0915,-0.0533,264.5136,0.2510,3.8000,-0.4500,1.6641,180.7426,2.6857,0.0000,0.0000,0.0000
84.916,421.8729,0.0379,264.2080,0.2510,3.8000,-0.4500,1.7399,180.7462,2.7149,0.0000,0.0000,0.0000
85.027,421.6916,0.1141,263.9432,0.2510,3.8000,-0.4500,1.7399,180.7462,2.7149,0.0000,0.0000,0.0000
85.138,421.4754,0.2082,263.6162,0.2510,3.8000,-0.4500,1.8116,180.7496,2.7554,0.0000,0.0000,0.0000
85.250,421.2601,0.3038,263.2826,0.2510,3.8000,-0.4500,1.8805,180.7530,2.7999,0.0000,0.0000,0.0000
85.361,421.0809,0.3837,263.0019,0.2510,3.8000,-0.4500,1.8805,180.7530,2.7998,0.0000,0.0000,0.0000
85.471,420.8672,0.4836,262.6615,0.2510,3.8000,-0.4500,2.0118,180.7595,2.9036,0.0000,0.0000,0.0000
85.583,420.6891,0.5657,262.3773,0.2510,3.8000,-0.4500,2.0118,180.7595,2.9036,0.0000,0.0000,0.0000
85.694,420.4761,0.6666,262.0346,0.2510,3.8000,-0.4500,2.0690,180.7625,2.9586,0.0000,0.0000,0.0000
85.805,420.2982,0.7506,261.7514,0.2510,3.8000,-0.4500,2.0690,180.7625,2.9586,0.0000,0.0000,0.0000
85.917,420.0840,0.8525,261.4255,0.2510,3.8000,-0.4500,2.0690,180.7625,2.9586,0.0000,0.0000,0.0000
86.028,419.9052,0.9402,261.1670,0.2510,3.8000,-0.4500,2.1219,180.7652,3.0196,0.0000,0.0000,0.0000
86.138,419.6892,1.0448,260.8710,0.2510,3.8000,-0.4500,2.1219,180.7652,3.0196,0.0000,0.0000,0.0000
86.250,419.4725,1.1499,260.5861,0.2510,3.8000,-0.4500,2.1219,180.7652,3.0196,0.0000,0.0000,0.0000
86.361,419.2915,1.2377,260.3546,0.2510,3.8000,-0.4500,2.1219,180.7652,3.0196,0.0000,0.0000,0.0000
86.471,419.0715,1.3435,260.1114,0.2510,3.8000,-0.4500,2.1219,180.7652,3.0196,0.0000,0.0000,0.0000
86.583,418.8842,1.4341,259.9847,0.2510,3.8000,-0.4500,2.1219,180.7652,3.0196,0.0000,0.0000,0.0000
86.694,418.6573,1.5462,259.9417,0.2510,3.8000,-0.4500,2.1219,180.7652,3.0196,0.0000,0.0000,0.0000
86.805,418.4683,1.6411,259.9699,0.2510,3.8000,-0.4500,2.1219,180.7652,3.0196,0.0000,0.0000,0.0000
86.916,418.2422,1.7546,260.0562,0.2510,3.8000,-0.4500,2.1219,180.7652,3.0196,0.0000,0.0000,0.0000
87.028,418.0543,1.8477,260.1578,0.2510,3.8000,-0.4500,2.1219,180.7652,3.0196,0.0000,0.0000,0.0000
87.138,417.8292,1.9564,260.3029,0.2510,3.8000,-0.4500,2.1219,180.7652,3.0196,0.0000,0.0000,0.0000
87.249,417.6041,2.0603,260.4644,0.2510,3.8000,-0.4500,2.1219,180.7652,3.0196,0.0000,0.0000,0.0000
87.360,417.4163,2.1427,260.6071,0.2510,3.8000,-0.4500,2.1219,180.7652,3.0196,0.0000,0.0000,0.0000
87.472,417.1905,2.2355,260.7856,0.2510,3.8000,-0.4500,2.1219,180.7652,3.0196,0.0000,0.0000,0.0000
87.583,417.0019,2.3074,260.9388,0.2510,3.8000,-0.4500,2.1219,180.7652,3.0196,0.0000,0.0000,0.0000
87.696,416.7737,2.3817,261.1287,0.2510,3.8000,-0.4500,1.8185,180.7496,2.8719,0.0000,0.0000,0.0000
87.805,416.5830,2.4389,261.2884,0.2510,3.8000,-0.4500,1.6747,180.7425,2.7928,0.0000,0.0000,0.0000
87.916,416.3524,2.4966,261.4823,0.2510,3.8000,-0.4500,1.3744,180.7283,2.5982,0.0000,0.0000,0.0000
88.042,416.1206,2.5465,261.6765,0.2510,3.8000,-0.4500,1.1628,180.7190,2.4532,0.0000,0.0000,0.0000
88.152,415.8864,2.5823,261.8719,0.2510,3.8000,-0.4500,0.7592,180.7028,2.1485,0.0000,0.0000,0.0000
88.264,415.6911,2.6085,262.0331,0.2510,3.8000,-0.4500,0.6251,180.6979,2.0413,0.0000,0.0000,0.0000
88.374,415.4544,2.6265,262.2268,0.2510,3.8000,-0.4500,0.2916,180.6868,1.7699,0.0000,0.0000,0.0000
88.485,415.2563,2.6337,262.3873,0.2510,3.8000,-0.4500,0.0419,180.6795,1.5611,0.0000,0.0000,0.0000
88.597,415.0172,2.6320,262.5790,0.2510,3.8000,-0.4500,359.7271,180.6717,1.2932,0.0000,0.0000,0.0000
88.708,414.8175,2.6250,262.7372,0.2510,3.8000,-0.4500,359.5927,180.6688,1.1772,0.0000,0.0000,0.0000
88.819,414.5755,2.6007,262.9279,0.2510,3.8000,-0.4500,359.1900,180.6617,0.8277,0.0000,0.0000,0.0000
88.930,414.3336,2.5705,263.1165,0.2510,3.8000,-0.4500,359.0060,180.6593,0.6670,0.0000,0.0000,0.0000
89.042,414.1303,2.5328,263.2743,0.2510,3.8000,-0.4500,358.6839,180.6563,0.3844,0.0000,0.0000,0.0000
89.152,413.8864,2.4810,263.4625,0.2510,3.8000,-0.4500,358.4340,180.6552,0.1646,0.0000,0.0000,0.0000
89.263,413.6826,2.4300,263.6188,0.2510,3.8000,-0.4500,358.2456,180.6549,-0.0012,0.0000,0.0000,0.0000
89.375,413.4368,2.3573,263.8057,0.2510,3.8000,-0.4500,357.9307,180.6557,359.7219,0.0000,0.0000,0.0000
89.486,413.2320,2.2908,263.9600,0.2510,3.8000,-0.4500,357.7405,180.6568,359.5552,0.0000,0.0000,0.0000
89.597,412.9854,2.2017,264.1445,0.2510,3.8000,-0.4500,357.4874,180.6593,359.3342,0.0000,0.0000,0.0000
89.708,412.7798,2.1211,264.2975,0.2510,3.8000,-0.4500,357.2970,180.6618,359.1688,0.0000,0.0000,0.0000
89.819,412.5330,2.0172,264.4809,0.2510,3.8000,-0.4500,357.1071,180.6648,359.0052,0.0000,0.0000,0.0000
89.930,412.2857,1.9040,264.6648,0.2510,3.8000,-0.4500,356.8519,180.6698,358.7877,0.0000,0.0000,0.0000
90.043,412.0799,1.8059,264.8181,0.2510,3.8000,-0.4500,356.7210,180.6726,358.6782,0.0000,0.0000,0.0000
90.152,411.8329,1.6828,265.0023,0.2510,3.8000,-0.4500,356.5917,180.6758,358.5709,0.0000,0.0000,0.0000
90.263,411.6268,1.5737,265.1568,0.2510,3.8000,-0.4500,356.3995,180.6808,358.4146,0.0000,0.0000,0.0000
90.375,411.3798,1.4403,265.3420,0.2510,3.8000,-0.4500,356.2705,180.6845,358.3134,0.0000,0.0000,0.0000
90.485,411.1737,1.3256,265.4943,0.2510,3.8000,-0.4500,356.1405,180.6885,358.2147,0.0000,0.0000,0.0000
90.596,410.9265,1.1883,265.6712,0.2510,3.8000,-0.4500,356.1405,180.6885,358.2147,0.0000,0.0000,0.0000
90.708,410.7196,1.0694,265.8154,0.2510,3.8000,-0.4500,356.0022,180.6929,358.1177,0.0000,0.0000,0.0000
90.819,410.4714,0.9273,265.9842,0.2510,3.8000,-0.4500,355.9367,180.6951,358.0729,0.0000,0.0000,0.0000
90.930,410.2234,0.7860,266.1502,0.2510,3.8000,-0.4500,355.9367,180.6951,358.0729,0.0000,0.0000,0.0000
91.042,410.0162,0.6682,266.2849,0.2510,3.8000,-0.4500,355.9367,180.6951,358.0729,0.0000,0.0000,0.0000
91.153,409.7660,0.5291,266.4273,0.2510,3.8000,-0.4500,355.9367,180.6951,358.0729,0.0000,0.0000,0.0000
91.263,409.5558,0.4157,266.5263,0.2510,3.8000,-0.4500,355.9367,180.6951,358.0729,0.0000,0.0000,0.0000
91.375,409.3017,0.2834,266.6259,0.2510,3.8000,-0.4500,355.9367,180.6951,358.0729,0.0000,0.0000,0.0000
91.486,409.0890,0.1767,266.6974,0.2510,3.8000,-0.4500,355.9367,180.6951,358.0729,0.0000,0.0000,0.0000
91.597,408.8332,0.0528,266.7744,0.2510,3.8000,-0.4500,355.9367,180.6951,358.0729,0.0000,0.0000,0.0000
91.708,408.6196,-0.0465,266.8339,0.2510,3.8000,-0.4500,355.9367,180.6951,358.0729,0.0000,0.0000,0.0000
91.820,408.3633,-0.1611,266.9017,0.2510,3.8000,-0.4500,355.9367,180.6951,358.0729,0.0000,0.0000,0.0000
91.930,408.1072,-0.2697,266.9674,0.2510,3.8000,-0.4500,355.9367,180.6951,358.0729,0.0000,0.0000,0.0000
92.042,407.8939,-0.3557,267.0212,0.2510,3.8000,-0.4500,355.9367,180.6951,358.0729,0.0000,0.0000,0.0000
92.152,407.6382,-0.4526,267.0851,0.2510,3.8000,-0.4500,355.9367,180.6951,358.0729,0.0000,0.0000,0.0000
92.264,407.4267,-0.5230,267.1225,0.2510,3.8000,-0.4500,355.9551,180.6945,358.3194,0.0000,0.0000,0.0000
92.375,407.1718,-0.6008,267.1313,0.2510,3.8000,-0.4500,355.9916,180.6935,358.4803,0.0000,0.0000,0.0000
92.486,406.9601,-0.6562,267.1210,0.2510,3.8000,-0.4500,356.0738,180.6915,358.7248,0.0000,0.0000,0.0000
92.600,406.7065,-0.7142,267.0970,0.2510,3.8000,-0.4500,356.2267,180.6885,359.0369,0.0000,0.0000,0.0000
92.722,406.4517,-0.7692,267.0672,0.2510,3.8000,-0.4500,356.2662,180.6879,359.1108,0.0000,0.0000,0.0000
92.832,406.1996,-0.8078,267.0332,0.2510,3.8000,-0.4500,356.5580,180.6845,359.5525,0.0000,0.0000,0.0000
92.944,405.9879,-0.8408,267.0055,0.2510,3.8000,-0.4500,356.6089,180.6841,359.6201,0.0000,0.0000,0.0000
93.056,405.7354,-0.8689,266.9720,0.2510,3.8000,-0.4500,356.8194,180.6832,359.8904,0.0000,0.0000,0.0000
93.168,405.5252,-0.8870,266.9445,0.2510,3.8000,-0.4500,356.9886,180.6832,0.0885,0.0000,0.0000,0.0000
93.276,405.2733,-0.9030,266.9120,0.2510,3.8000,-0.4500,357.1570,180.6837,0.2777,0.0000,0.0000,0.0000
93.387,405.0644,-0.9084,266.8839,0.2510,3.8000,-0.4500,357.3845,180.6853,0.5185,0.0000,0.0000,0.0000
93.500,404.8139,-0.9110,266.8496,0.2510,3.8000,-0.4500,357.5631,180.6872,0.6927,0.0000,0.0000,0.0000
93.610,404.5637,-0.9081,266.8145,0.2510,3.8000,-0.4500,357.6857,180.6888,0.8063,0.0000,0.0000,0.0000
93.723,404.3566,-0.8972,266.7835,0.2510,3.8000,-0.4500,357.9405,180.6929,1.0294,0.0000,0.0000,0.0000
93.833,404.1078,-0.8825,266.7458,0.2510,3.8000,-0.4500,358.0744,180.6954,1.1341,0.0000,0.0000,0.0000
93.943,403.9012,-0.8653,266.7128,0.2510,3.8000,-0.4500,358.2091,180.6982,1.2365,0.0000,0.0000,0.0000
94.054,403.6542,-0.8390,266.6706,0.2510,3.8000,-0.4500,358.4203,180.7030,1.3768,0.0000,0.0000,0.0000
94.166,403.4487,-0.8138,266.6335,0.2510,3.8000,-0.4500,358.5645,180.7066,1.4667,0.0000,0.0000,0.0000
94.276,403.2031,-0.7771,266.5858,0.2510,3.8000,-0.4500,358.8611,180.7146,1.6262,0.0000,0.0000,0.0000
94.386,402.9979,-0.7469,266.5464,0.2510,3.8000,-0.4500,358.8611,180.7146,1.6262,0.0000,0.0000,0.0000
94.499,402.7532,-0.7012,266.5262,0.2510,3.8000,-0.4500,359.1609,180.7235,1.7748,0.0000,0.0000,0.0000
94.610,402.5089,-0.6514,266.5402,0.2510,3.8000,-0.4500,359.3803,180.7305,1.8841,0.0000,0.0000,0.0000
94.721,402.3060,-0.6061,266.5684,0.2510,3.8000,-0.4500,359.5244,180.7354,1.9577,0.0000,0.0000,0.0000
94.832,402.0642,-0.5440,266.6140,0.2510,3.8000,-0.4500,359.8205,180.7459,2.1153,0.0000,0.0000,0.0000
94.943,401.8625,-0.4918,266.6609,0.2510,3.8000,-0.4500,359.8205,180.7459,2.1153,0.0000,0.0000,0.0000
95.054,401.6229,-0.4184,266.7208,0.2510,3.8000,-0.4500,0.1130,180.7571,2.2818,0.0000,0.0000,0.0000
95.165,401.4240,-0.3532,266.7746,0.2510,3.8000,-0.4500,0.3246,180.7658,2.4085,0.0000,0.0000,0.0000
95.276,401.1860,-0.2715,266.8442,0.2510,3.8000,-0.4500,0.4598,180.7716,2.4915,0.0000,0.0000,0.0000
95.388,400.9501,-0.1841,266.9267,0.2510,3.8000,-0.4500,0.5990,180.7777,2.5795,0.0000,0.0000,0.0000
95.499,400.7556,-0.1063,267.0087,0.2510,3.8000,-0.4500,0.7396,180.7842,2.6696,0.0000,0.0000,0.0000
95.610,400.5244,-0.0070,267.1211,0.2510,3.8000,-0.4500,0.9521,180.7944,2.8070,0.0000,0.0000,0.0000
95.722,400.3330,0.0786,267.2245,0.2510,3.8000,-0.4500,1.0884,180.8011,2.8950,0.0000,0.0000,0.0000
95.832,400.1039,0.1829,267.3578,0.2510,3.8000,-0.4500,1.0884,180.8012,2.8950,0.0000,0.0000,0.0000
95.944,399.9151,0.2768,267.4719,0.2510,3.8000,-0.4500,1.3030,180.8123,3.0309,0.0000,0.0000,0.0000
96.055,399.6886,0.3895,267.6138,0.2510,3.8000,-0.4500,1.3738,180.8160,3.0736,0.0000,0.0000,0.0000
96.166,399.5004,0.4859,267.7332,0.2510,3.8000,-0.4500,1.4449,180.8199,3.1162,0.0000,0.0000,0.0000
96.276,399.2752,0.6039,267.8775,0.2510,3.8000,-0.4500,1.5158,180.8238,3.1561,0.0000,0.0000,0.0000
96.395,399.0505,0.7248,268.0218,0.2510,3.8000,-0.4500,1.6637,180.8320,3.2321,0.0000,0.0000,0.0000
96.524,398.8256,0.8449,268.1673,0.2510,3.8000,-0.4500,1.6637,180.8320,3.2321,0.0000,0.0000,0.0000
96.637,398.6007,0.9659,268.3131,0.2510,3.8000,-0.4500,1.6637,180.8320,3.2321,0.0000,0.0000,0.0000
96.750,398.3760,1.0879,268.4583,0.2510,3.8000,-0.4500,1.7405,180.8364,3.2599,0.0000,0.0000,0.0000
96.859,398.1885,1.1887,268.5798,0.2510,3.8000,-0.4500,1.7405,180.8364,3.2598,0.0000,0.0000,0.0000
96.971,397.9632,1.3087,268.7258,0.2510,3.8000,-0.4500,1.7405,180.8364,3.2598,0.0000,0.0000,0.0000
97.082,397.7753,1.4079,268.8474,0.2510,3.8000,-0.4500,1.7405,180.8364,3.2598,0.0000,0.0000,0.0000
97.196,397.5496,1.5257,268.9923,0.2510,3.8000,-0.4500,1.8234,180.8411,3.2553,0.0000,0.0000,0.0000
97.318,397.3233,1.6415,269.1351,0.2510,3.8000,-0.4500,1.9050,180.8457,3.2491,0.0000,0.0000,0.0000
97.428,397.1342,1.7354,269.2530,0.2510,3.8000,-0.4500,1.9050,180.8457,3.2491,0.0000,0.0000,0.0000
97.540,396.9064,1.8456,269.3931,0.2510,3.8000,-0.4500,1.9050,180.8457,3.2491,0.0000,0.0000,0.0000
97.651,396.6774,1.9523,269.5314,0.2510,3.8000,-0.4500,1.9745,180.8497,3.2043,0.0000,0.0000,0.0000
97.761,396.4850,2.0377,269.6448,0.2510,3.8000,-0.4500,2.1618,180.8599,3.0406,0.0000,0.0000,0.0000
97.873,396.2539,2.1381,269.7746,0.2510,3.8000,-0.4500,2.1618,180.8599,3.0406,0.0000,0.0000,0.0000
97.984,396.0578,2.2154,269.8691,0.2510,3.8000,-0.4500,2.2955,180.8667,2.8238,0.0000,0.0000,0.0000
98.095,395.8212,2.3060,269.9671,0.2510,3.8000,-0.4500,2.3353,180.8687,2.7524,0.0000,0.0000,0.0000
98.207,395.6209,2.3742,270.0384,0.2510,3.8000,-0.4500,2.4123,180.8722,2.5102,0.0000,0.0000,0.0000
98.317,395.3795,2.4527,270.1140,0.2510,3.8000,-0.4500,2.4477,180.8737,2.3518,0.0000,0.0000,0.0000
98.428,395.1352,2.5230,270.1810,0.2510,3.8000,-0.4500,2.4705,180.8746,2.1024,0.0000,0.0000,0.0000
98.540,394.9310,2.5786,270.2311,0.2510,3.8000,-0.4500,2.4746,180.8748,2.0179,0.0000,0.0000,0.0000
98.651,394.6816,2.6326,270.2858,0.2510,3.8000,-0.4500,2.4479,180.8739,1.5858,0.0000,0.0000,0.0000
98.761,394.4742,2.6749,270.3140,0.2510,3.8000,-0.4500,2.4186,180.8732,1.4175,0.0000,0.0000,0.0000
98.873,394.2345,2.7107,270.1554,0.2510,3.8000,-0.4500,2.3484,180.8716,1.0908,0.0000,0.0000,0.0000
98.984,394.0472,2.7292,269.8150,0.2510,3.8000,-0.4500,2.2999,180.8708,0.9248,0.0000,0.0000,0.0000
99.095,393.8301,2.7366,269.2448,0.2510,3.8000,-0.4500,2.2012,180.8695,0.6014,0.0000,0.0000,0.0000
99.206,393.6534,2.7374,268.6990,0.2510,3.8000,-0.4500,2.1496,180.8690,0.4415,0.0000,0.0000,0.0000
99.317,393.4423,2.7307,268.0091,0.2510,3.8000,-0.4500,2.0706,180.8686,0.1974,0.0000,0.0000,0.0000
99.430,393.2318,2.7197,267.3064,0.2510,3.8000,-0.4500,2.0183,180.8685,0.0361,0.0000,0.0000,0.0000
99.540,393.0552,2.7044,266.7202,0.2510,3.8000,-0.4500,1.9398,180.8686,359.7950,0.0000,0.0000,0.0000
99.651,392.8425,2.6813,266.0193,0.2510,3.8000,-0.4500,1.8376,180.8692,359.4848,0.0000,0.0000,0.0000
99.762,392.6653,2.6604,265.4374,0.2510,3.8000,-0.4500,1.7845,180.8698,359.3280,0.0000,0.0000,0.0000
99.874,392.4517,2.6302,264.7423,0.2510,3.8000,-0.4500,1.7049,180.8709,359.0969,0.0000,0.0000,0.0000
99.984,392.2733,2.6022,264.1647,0.2510,3.8000,-0.4500,1.6494,180.8718,358.9409,0.0000,0.0000,0.0000
100.095,392.0593,2.5632,263.4574,0.2510,3.8000,-0.4500,1.5648,180.8736,358.7090,0.0000,0.0000,0.0000
100.206,391.8802,2.5280,262.8768,0.2510,3.8000,-0.4500,1.5052,180.8750,358.5519,0.0000,0.0000,0.0000
100.318,391.6588,2.4838,262.2840,0.2510,3.8000,-0.4500,1.4457,180.8766,358.3970,0.0000,0.0000,0.0000
100.428,391.4656,2.4430,261.9037,0.2510,3.8000,-0.4500,1.3485,180.8795,358.1680,0.0000,0.0000,0.0000
100.539,391.2252,2.3935,261.5717,0.2510,3.8000,-0.4500,1.2697,180.8821,358.0121,0.0000,0.0000,0.0000
100.652,390.9764,2.3382,261.3418,0.2510,3.8000,-0.4500,1.1483,180.8866,357.7871,0.0000,0.0000,0.0000
100.761,390.7647,2.2875,261.2029,0.2510,3.8000,-0.4500,1.0058,180.8923,357.5797,0.0000,0.0000,0.0000
100.872,390.5083,2.2241,261.0743,0.2510,3.8000,-0.4500,0.9047,180.8967,357.4500,0.0000,0.0000,0.0000
100.984,390.2927,2.1649,260.9869,0.2510,3.8000,-0.4500,0.7355,180.9046,357.2626,0.0000,0.0000,0.0000
101.095,390.0334,2.0911,260.9093,0.2510,3.8000,-0.4500,0.6177,180.9103,357.1496,0.0000,0.0000,0.0000
101.206,389.8174,2.0249,260.9047,0.2510,3.8000,-0.4500,0.4944,180.9166,357.0431,0.0000,0.0000,0.0000
101.318,389.5594,1.9392,260.9569,0.2510,3.8000,-0.4500,0.2952,180.9271,356.8954,0.0000,0.0000,0.0000
101.428,389.3459,1.8643,261.0344,0.2510,3.8000,-0.4500,0.1512,180.9350,356.8085,0.0000,0.0000,0.0000
101.539,389.0911,1.7686,261.1559,0.2510,3.8000,-0.4500,359.9265,180.9478,356.6917,0.0000,0.0000,0.0000
101.650,388.8376,1.6671,261.2988,0.2510,3.8000,-0.4500,359.6031,180.9668,356.5730,0.0000,0.0000,0.0000
101.762,388.6276,1.5829,261.4264,0.2510,3.8000,-0.4500,359.6031,180.9668,356.5730,0.0000,0.0000,0.0000
101.887,388.3760,1.4755,261.5893,0.2510,3.8000,-0.4500,359.3546,180.9818,356.5182,0.0000,0.0000,0.0000
101.998,388.1253,1.3664,261.7576,0.2510,3.8000,-0.4500,359.1917,180.9918,356.4975,0.0000,0.0000,0.0000
102.109,387.8754,1.2547,261.9302,0.2510,3.8000,-0.4500,358.9405,181.0072,356.4937,0.0000,0.0000,0.0000
102.220,387.6675,1.1615,262.0757,0.2510,3.8000,-0.4500,358.7693,181.0176,356.5181,0.0000,0.0000,0.0000
102.330,387.4185,1.0493,262.2520,0.2510,3.8000,-0.4500,358.6026,181.0277,356.5478,0.0000,0.0000,0.0000
102.442,387.2117,0.9564,262.4037,0.2510,3.8000,-0.4500,358.4479,181.0370,356.6034,0.0000,0.0000,0.0000
102.554,386.9644,0.8458,262.5919,0.2510,3.8000,-0.4500,358.2967,181.0459,356.6700,0.0000,0.0000,0.0000
102.666,386.7593,0.7558,262.7539,0.2510,3.8000,-0.4500,358.0818,181.0581,356.8121,0.0000,0.0000,0.0000
102.775,386.5131,0.6489,262.9508,0.2510,3.8000,-0.4500,358.0143,181.0619,356.8608,0.0000,0.0000,0.0000
102.887,386.3095,0.5642,263.1181,0.2510,3.8000,-0.4500,357.7831,181.0741,357.0951,0.0000,0.0000,0.0000
102.998,386.0642,0.4640,263.3183,0.2510,3.8000,-0.4500,357.7357,181.0765,357.1648,0.0000,0.0000,0.0000
103.109,385.8205,0.3707,263.5199,0.2510,3.8000,-0.4500,357.5598,181.0848,357.4505,0.0000,0.0000,0.0000
103.220,385.6161,0.2936,263.6863,0.2510,3.8000,-0.4500,357.5598,181.0848,357.4505,0.0000,0.0000,0.0000
103.331,385.3737,0.2118,263.8868,0.2510,3.8000,-0.4500,357.4153,181.0907,357.8604,0.0000,0.0000,0.0000
103.442,385.1701,0.1442,264.0520,0.2510,3.8000,-0.4500,357.3983,181.0914,357.9422,0.0000,0.0000,0.0000
103.554,384.9270,0.0706,264.2493,0.2510,3.8000,-0.4500,357.3540,181.0928,358.1901,0.0000,0.0000,0.0000
103.665,384.7250,0.0147,264.4132,0.2510,3.8000,-0.4500,357.3391,181.0933,358.4428,0.0000,0.0000,0.0000
103.775,384.4815,-0.0510,264.6096,0.2510,3.8000,-0.4500,357.3365,181.0934,358.5251,0.0000,0.0000,0.0000
103.888,384.2797,-0.0995,264.7733,0.2510,3.8000,-0.4500,357.3495,181.0930,358.6938,0.0000,0.0000,0.0000
103.998,384.0382,-0.1515,264.9695,0.2510,3.8000,-0.4500,357.3818,181.0924,358.9502,0.0000,0.0000,0.0000
104.109,383.7966,-0.2000,265.1652,0.2510,3.8000,-0.4500,357.4250,181.0916,359.1130,0.0000,0.0000,0.0000
104.220,383.5955,-0.2359,265.3278,0.2510,3.8000,-0.4500,357.4712,181.0910,359.2701,0.0000,0.0000,0.0000
104.331,383.3534,-0.2782,265.5226,0.2510,3.8000,-0.4500,357.4712,181.0910,359.2701,0.0000,0.0000,0.0000
104.442,383.1532,-0.3048,265.6841,0.2510,3.8000,-0.4500,357.5829,181.0898,359.4968,0.0000,0.0000,0.0000
104.554,382.9120,-0.3365,265.8780,0.2510,3.8000,-0.4500,357.6240,181.0895,359.5655,0.0000,0.0000,0.0000
104.665,382.7126,-0.3541,266.0383,0.2510,3.8000,-0.4500,357.8168,181.0885,359.8371,0.0000,0.0000,0.0000
104.776,382.4715,-0.3784,266.2315,0.2510,3.8000,-0.4500,357.8168,181.0885,359.8371,0.0000,0.0000,0.0000
104.887,382.2718,-0.3920,266.3915,0.2510,3.8000,-0.4500,357.9348,181.0883,359.9599,0.0000,0.0000,0.0000
104.998,382.0317,-0.4064,266.5842,0.2510,3.8000,-0.4500,357.9941,181.0882,0.0198,0.0000,0.0000,0.0000
105.109,381.7923,-0.4153,266.7768,0.2510,3.8000,-0.4500,358.1216,181.0884,0.1278,0.0000,0.0000,0.0000
105.221,381.5930,-0.4194,266.9373,0.2510,3.8000,-0.4500,358.2624,181.0889,0.2264,0.0000,0.0000,0.0000
105.331,381.3539,-0.4218,267.1298,0.2510,3.8000,-0.4500,358.4002,181.0895,0.3183,0.0000,0.0000,0.0000
105.443,381.1541,-0.4237,267.2910,0.2510,3.8000,-0.4500,358.4002,181.0895,0.3183,0.0000,0.0000,0.0000
105.554,380.9150,-0.4210,267.4835,0.2510,3.8000,-0.4500,358.5482,181.0904,0.3870,0.0000,0.0000,0.0000
105.665,380.7157,-0.4168,267.6433,0.2510,3.8000,-0.4500,358.7021,181.0915,0.4385,0.0000,0.0000,0.0000
105.776,380.4764,-0.4116,267.8354,0.2510,3.8000,-0.4500,358.7791,181.0921,0.4599,0.0000,0.0000,0.0000
105.888,380.2768,-0.4059,267.9950,0.2510,3.8000,-0.4500,358.8598,181.0928,0.4729,0.0000,0.0000,0.0000
106.000,380.0372,-0.3973,268.1854,0.2510,3.8000,-0.4500,359.0227,181.0942,0.4903,0.0000,0.0000,0.0000
106.110,379.7971,-0.3883,268.3752,0.2510,3.8000,-0.4500,359.1888,181.0956,0.4827,0.0000,0.0000,0.0000
106.221,379.5968,-0.3810,268.5332,0.2510,3.8000,-0.4500,359.2708,181.0963,0.4699,0.0000,0.0000,0.0000
106.332,379.3560,-0.3721,268.7223,0.2510,3.8000,-0.4500,359.3530,181.0969,0.4558,0.0000,0.0000,0.0000
106.456,379.1146,-0.3630,268.9099,0.2510,3.8000,-0.4500,359.5923,181.0987,0.3856,0.0000,0.0000,0.0000
106.567,378.9129,-0.3562,269.0661,0.2510,3.8000,-0.4500,359.7418,181.0996,0.3182,0.0000,0.0000,0.0000
106.678,378.6708,-0.3486,269.2538,0.2510,3.8000,-0.4500,359.8151,181.1000,0.2833,0.0000,0.0000,0.0000
106.791,378.4273,-0.3425,269.4378,0.2510,3.8000,-0.4500,0.0297,181.1008,0.1459,0.0000,0.0000,0.0000
106.902,378.2240,-0.3378,269.5855,0.2510,3.8000,-0.4500,0.0965,181.1009,0.0951,0.0000,0.0000,0.0000
107.012,377.9782,-0.3341,269.7533,0.2510,3.8000,-0.4500,0.2918,181.1010,359.9403,0.0000,0.0000,0.0000
107.123,377.7730,-0.3315,269.8878,0.2510,3.8000,-0.4500,0.3525,181.1009,359.8831,0.0000,0.0000,0.0000
107.234,377.5255,-0.3301,270.0434,0.2510,3.8000,-0.4500,0.4736,181.1005,359.7663,0.0000,0.0000,0.0000
107.345,377.3179,-0.3308,270.1694,0.2510,3.8000,-0.4500,0.6468,181.0995,359.5828,0.0000,0.0000,0.0000
107.458,377.0685,-0.3325,270.3183,0.2510,3.8000,-0.4500,0.8084,181.0981,359.3998,0.0000,0.0000,0.0000
107.567,376.8608,-0.3333,270.4391,0.2510,3.8000,-0.4500,0.8084,181.0981,359.3998,0.0000,0.0000,0.0000
107.678,376.6071,-0.3378,270.5533,0.2510,3.8000,-0.4500,0.9641,181.0962,359.2148,0.0000,0.0000,0.0000
107.790,376.3500,-0.3438,270.6251,0.2510,3.8000,-0.4500,1.0660,181.0947,359.0901,0.0000,0.0000,0.0000
107.901,376.1334,-0.3509,270.6488,0.2510,3.8000,-0.4500,1.1708,181.0929,358.9603,0.0000,0.0000,0.0000
108.012,375.8730,-0.3604,270.6461,0.2510,3.8000,-0.4500,1.2231,181.0920,358.8953,0.0000,0.0000,0.0000
108.122,375.6552,-0.3706,270.6251,0.2510,3.8000,-0.4500,1.3270,181.0898,358.7659,0.0000,0.0000,0.0000
108.234,375.3936,-0.3837,270.5853,0.2510,3.8000,-0.4500,1.4297,181.0875,358.6400,0.0000,0.0000,0.0000
108.345,375.1764,-0.3942,270.5443,0.2510,3.8000,-0.4500,1.4297,181.0875,358.6400,0.0000,0.0000,0.0000
108.456,374.9146,-0.4097,270.4858,0.2510,3.8000,-0.4500,1.5901,181.0834,358.4513,0.0000,0.0000,0.0000
108.567,374.6976,-0.4212,270.4311,0.2510,3.8000,-0.4500,1.5901,181.0834,358.4513,0.0000,0.0000,0.0000
108.679,374.4371,-0.4359,270.3589,0.2510,3.8000,-0.4500,1.6453,181.0819,358.3922,0.0000,0.0000,0.0000
108.790,374.1762,-0.4511,270.2815,0.2510,3.8000,-0.4500,1.7610,181.0786,358.2760,0.0000,0.0000,0.0000
108.901,373.9596,-0.4626,270.2145,0.2510,3.8000,-0.4500,1.7610,181.0786,358.2760,0.0000,0.0000,0.0000
109.012,373.6998,-0.4760,270.1316,0.2510,3.8000,-0.4500,1.7610,181.0786,358.2760,0.0000,0.0000,0.0000
109.122,373.4825,-0.4876,270.0600,0.2510,3.8000,-0.4500,1.8838,181.0748,358.1718,0.0000,0.0000,0.0000
109.233,373.2225,-0.4996,269.9734,0.2510,3.8000,-0.4500,1.8838,181.0748,358.1718,0.0000,0.0000,0.0000
109.345,373.0061,-0.5087,269.9002,0.2510,3.8000,-0.4500,1.8838,181.0748,358.1718,0.0000,0.0000,0.0000
109.456,372.7464,-0.5186,269.8116,0.2510,3.8000,-0.4500,1.8838,181.0748,358.1718,0.0000,0.0000,0.0000
109.568,372.5299,-0.5257,269.7372,0.2510,3.8000,-0.4500,1.8838,181.0748,358.1718,0.0000,0.0000,0.0000
109.678,372.2701,-0.5330,269.6473,0.2510,3.8000,-0.4500,1.9579,181.0724,358.1372,0.0000,0.0000,0.0000
109.789,372.0104,-0.5386,269.5592,0.2510,3.8000,-0.4500,1.9579,181.0724,358.1372,0.0000,0.0000,0.0000
109.900,371.7940,-0.5419,269.4869,0.2510,3.8000,-0.4500,1.9579,181.0724,358.1372,0.0000,0.0000,0.0000
110.013,371.5344,-0.5441,269.4012,0.2510,3.8000,-0.4500,1.9579,181.0724,358.1372,0.0000,0.0000,0.0000
110.123,371.3181,-0.5443,269.3305,0.2510,3.8000,-0.4500,1.9579,181.0724,358.1372,0.0000,0.0000,0.0000
110.234,371.0587,-0.5423,269.2463,0.2510,3.8000,-0.4500,1.9579,181.0724,358.1372,0.0000,0.0000,0.0000
110.346,370.8426,-0.5383,269.1762,0.2510,3.8000,-0.4500,1.9579,181.0724,358.1372,0.0000,0.0000,0.0000
110.455,370.5836,-0.5296,269.0916,0.2510,3.8000,-0.4500,2.0380,181.0698,358.1538,0.0000,0.0000,0.0000
110.567,370.3684,-0.5169,269.0200,0.2510,3.8000,-0.4500,2.2722,181.0624,358.2429,0.0000,0.0000,0.0000
110.679,370.1096,-0.5022,268.9364,0.2510,3.8000,-0.4500,2.2722,181.0624,358.2429,0.0000,0.0000,0.0000
110.789,369.8521,-0.4790,268.8514,0.2510,3.8000,-0.4500,2.4825,181.0562,358.3823,0.0000,0.0000,0.0000
110.901,369.6371,-0.4582,268.7882,0.2510,3.8000,-0.4500,2.5452,181.0545,358.4339,0.0000,0.0000,0.0000
111.026,369.3796,-0.4252,268.7609,0.2510,3.8000,-0.4500,2.6686,181.0512,358.5464,0.0000,0.0000,0.0000
111.137,369.1242,-0.3827,268.7839,0.2510,3.8000,-0.4500,2.8425,181.0470,358.7190,0.0000,0.0000,0.0000
111.248,368.8709,-0.3337,268.8469,0.2510,3.8000,-0.4500,2.9546,181.0446,358.8451,0.0000,0.0000,0.0000
111.359,368.6613,-0.2881,268.9213,0.2510,3.8000,-0.4500,3.0100,181.0435,358.9083,0.0000,0.0000,0.0000
111.470,368.4121,-0.2242,269.0270,0.2510,3.8000,-0.4500,3.1694,181.0408,359.1002,0.0000,0.0000,0.0000
111.583,368.2055,-0.1664,269.1246,0.2510,3.8000,-0.4500,3.2766,181.0392,359.2374,0.0000,0.0000,0.0000
111.692,367.9590,-0.0907,269.2481,0.2510,3.8000,-0.4500,3.4305,181.0374,359.4373,0.0000,0.0000,0.0000
111.804,367.7536,-0.0255,269.3549,0.2510,3.8000,-0.4500,3.4788,181.0370,359.5045,0.0000,0.0000,0.0000
111.915,367.5085,0.0587,269.4847,0.2510,3.8000,-0.4500,3.5755,181.0363,359.6407,0.0000,0.0000,0.0000
112.026,367.3055,0.1350,269.5930,0.2510,3.8000,-0.4500,3.7161,181.0357,359.8544,0.0000,0.0000,0.0000
112.137,367.0615,0.2264,269.7245,0.2510,3.8000,-0.4500,3.7588,181.0356,359.9250,0.0000,0.0000,0.0000
112.249,366.8187,0.3220,269.8589,0.2510,3.8000,-0.4500,3.8014,181.0355,-0.0038,0.0000,0.0000,0.0000
112.359,366.6183,0.4083,269.9740,0.2510,3.8000,-0.4500,3.9202,181.0358,0.2206,0.0000,0.0000,0.0000
112.471,366.3771,0.5092,270.1180,0.2510,3.8000,-0.4500,3.9202,181.0358,0.2206,0.0000,0.0000,0.0000
112.581,366.1780,0.5991,270.2401,0.2510,3.8000,-0.4500,3.9841,181.0361,0.3805,0.0000,0.0000,0.0000
112.692,365.9394,0.7065,270.3897,0.2510,3.8000,-0.4500,4.0141,181.0363,0.4590,0.0000,0.0000,0.0000
112.805,365.7407,0.7962,270.5161,0.2510,3.8000,-0.4500,4.0141,181.0363,0.4590,0.0000,0.0000,0.0000
112.915,365.5034,0.9062,270.6697,0.2510,3.8000,-0.4500,4.0308,181.0365,0.5412,0.0000,0.0000,0.0000
113.026,365.3062,0.9987,270.7993,0.2510,3.8000,-0.4500,4.0424,181.0366,0.6228,0.0000,0.0000,0.0000
113.137,365.0699,1.1090,270.9568,0.2510,3.8000,-0.4500,4.0406,181.0366,0.7054,0.0000,0.0000,0.0000
113.248,364.8730,1.1989,271.0894,0.2510,3.8000,-0.4500,4.0406,181.0366,0.7054,0.0000,0.0000,0.0000
113.360,364.6382,1.3081,271.2497,0.2510,3.8000,-0.4500,4.0067,181.0361,0.8671,0.0000,0.0000,0.0000
113.472,364.4026,1.4122,271.4114,0.2510,3.8000,-0.4500,4.0067,181.0361,0.8670,0.0000,0.0000,0.0000
113.581,364.2070,1.4977,271.5473,0.2510,3.8000,-0.4500,3.9656,181.0354,0.9372,0.0000,0.0000,0.0000
113.694,363.9727,1.5968,271.7121,0.2510,3.8000,-0.4500,3.8541,181.0335,1.0591,0.0000,0.0000,0.0000
113.803,363.7772,1.6755,271.8500,0.2510,3.8000,-0.4500,3.7928,181.0323,1.1148,0.0000,0.0000,0.0000
113.915,363.5430,1.7646,272.0179,0.2510,3.8000,-0.4500,3.4904,181.0260,1.2649,0.0000,0.0000,0.0000
114.025,363.3471,1.8340,272.1570,0.2510,3.8000,-0.4500,3.4904,181.0260,1.2649,0.0000,0.0000,0.0000
114.137,363.1118,1.9090,272.3279,0.2510,3.8000,-0.4500,3.0686,181.0164,1.3207,0.0000,0.0000,0.0000
114.249,362.8757,1.9779,272.4978,0.2510,3.8000,-0.4500,2.9857,181.0145,1.3158,0.0000,0.0000,0.0000
114.359,362.6781,2.0255,272.6431,0.2510,3.8000,-0.4500,2.5577,181.0049,1.2559,0.0000,0.0000,0.0000
114.470,362.4404,2.0767,272.8170,0.2510,3.8000,-0.4500,2.3103,180.9996,1.1887,0.0000,0.0000,0.0000
114.582,362.2415,2.1128,272.9615,0.2510,3.8000,-0.4500,2.1481,180.9963,1.1385,0.0000,0.0000,0.0000
114.695,361.9996,2.1423,273.1177,0.2510,3.8000,-0.4500,1.6604,180.9874,0.9439,0.0000,0.0000,0.0000
114.803,361.7955,2.1627,273.2185,0.2510,3.8000,-0.4500,1.5071,180.9850,0.8741,0.0000,0.0000,0.0000
114.915,361.5459,2.1731,273.3104,0.2510,3.8000,-0.4500,1.0435,180.9788,0.6423,0.0000,0.0000,0.0000
115.026,361.3360,2.1768,273.3654,0.2510,3.8000,-0.4500,0.8246,180.9766,0.5228,0.0000,0.0000,0.0000
115.137,361.0815,2.1719,273.4142,0.2510,3.8000,-0.4500,0.5367,180.9744,0.3584,0.0000,0.0000,0.0000
115.247,360.8678,2.1610,273.4443,0.2510,3.8000,-0.4500,0.3216,180.9733,0.2301,0.0000,0.0000,0.0000
115.359,360.6096,2.1374,273.4726,0.2510,3.8000,-0.4500,359.9648,180.9725,0.0083,0.0000,0.0000,0.0000
115.470,360.3503,2.1062,273.4940,0.2510,3.8000,-0.4500,359.6868,180.9729,359.8281,0.0000,0.0000,0.0000
115.584,360.1339,2.0726,273.4977,0.2510,3.8000,-0.4500,359.4087,180.9742,359.6418,0.0000,0.0000,0.0000
115.706,359.8771,2.0290,273.4649,0.2510,3.8000,-0.4500,359.2702,180.9752,359.5465,0.0000,0.0000,0.0000
115.817,359.6217,1.9741,273.3953,0.2510,3.8000,-0.4500,358.9152,180.9788,359.2957,0.0000,0.0000,0.0000
115.928,359.3690,1.9161,273.2954,0.2510,3.8000,-0.4500,358.7096,180.9816,359.1440,0.0000,0.0000,0.0000
116.039,359.1595,1.8640,273.1958,0.2510,3.8000,-0.4500,358.5764,180.9837,359.0444,0.0000,0.0000,0.0000
116.151,358.9084,1.7940,273.0641,0.2510,3.8000,-0.4500,358.3085,180.9886,358.8351,0.0000,0.0000,0.0000
116.262,358.7000,1.7338,272.9464,0.2510,3.8000,-0.4500,358.1830,180.9913,358.7337,0.0000,0.0000,0.0000
116.373,358.4503,1.6575,272.7994,0.2510,3.8000,-0.4500,358.0550,180.9942,358.6270,0.0000,0.0000,0.0000
116.482,358.2422,1.5916,272.6737,0.2510,3.8000,-0.4500,357.9918,180.9958,358.5737,0.0000,0.0000,0.0000
116.594,357.9925,1.5076,272.5212,0.2510,3.8000,-0.4500,357.8706,180.9989,358.4683,0.0000,0.0000,0.0000
116.706,357.7839,1.4329,272.3937,0.2510,3.8000,-0.4500,357.6866,181.0041,358.3004,0.0000,0.0000,0.0000
116.816,357.5345,1.3456,272.2386,0.2510,3.8000,-0.4500,357.6866,181.0041,358.3004,0.0000,0.0000,0.0000
116.927,357.3267,1.2711,272.1090,0.2510,3.8000,-0.4500,357.6866,181.0041,358.3004,0.0000,0.0000,0.0000
117.038,357.0764,1.1766,271.9538,0.2510,3.8000,-0.4500,357.5705,181.0077,358.1819,0.0000,0.0000,0.0000
117.149,356.8267,1.0840,271.7974,0.2510,3.8000,-0.4500,357.5705,181.0077,358.1819,0.0000,0.0000,0.0000
117.260,356.6184,1.0061,271.6668,0.2510,3.8000,-0.4500,357.5705,181.0077,358.1819,0.0000,0.0000,0.0000
117.372,356.3684,0.9125,271.5093,0.2510,3.8000,-0.4500,357.5705,181.0077,358.1819,0.0000,0.0000,0.0000
117.482,356.1602,0.8350,271.3768,0.2510,3.8000,-0.4500,357.5705,181.0077,358.1819,0.0000,0.0000,0.0000
117.593,355.9103,0.7428,271.2161,0.2510,3.8000,-0.4500,357.5705,181.0077,358.1819,0.0000,0.0000,0.0000
117.705,355.7022,0.6673,271.0811,0.2510,3.8000,-0.4500,357.5705,181.0077,358.1819,0.0000,0.0000,0.0000
117.816,355.4525,0.5785,270.9178,0.2510,3.8000,-0.4500,357.5705,181.0077,358.1819,0.0000,0.0000,0.0000
117.927,355.2444,0.5066,270.7810,0.2510,3.8000,-0.4500,357.5705,181.0077,358.1819,0.0000,0.0000,0.0000
118.038,354.9948,0.4229,270.6163,0.2510,3.8000,-0.4500,357.5705,181.0077,358.1819,0.0000,0.0000,0.0000
118.150,354.7453,0.3429,270.4509,0.2510,3.8000,-0.4500,357.5705,181.0077,358.1819,0.0000,0.0000,0.0000
118.260,354.5374,0.2792,270.3127,0.2510,3.8000,-0.4500,357.5705,181.0077,358.1819,0.0000,0.0000,0.0000
118.371,354.2881,0.2066,270.1463,0.2510,3.8000,-0.4500,357.5705,181.0077,358.1819,0.0000,0.0000,0.0000
118.482,354.0804,0.1498,270.0073,0.2510,3.8000,-0.4500,357.5705,181.0077,358.1819,0.0000,0.0000,0.0000
118.594,353.8308,0.0859,269.8463,0.2510,3.8000,-0.4500,357.5705,181.0077,358.1819,0.0000,0.0000,0.0000
118.705,353.6199,0.0383,269.7525,0.2510,3.8000,-0.4500,357.9050,180.9970,358.1647,0.0000,0.0000,0.0000
118.815,353.3654,-0.0165,269.7217,0.2510,3.8000,-0.4500,358.0689,180.9918,358.1864,0.0000,0.0000,0.0000
118.927,353.1537,-0.0577,269.7489,0.2510,3.8000,-0.4500,358.2302,180.9867,358.2188,0.0000,0.0000,0.0000
119.038,352.9016,-0.0990,269.8272,0.2510,3.8000,-0.4500,358.5539,180.9769,358.3248,0.0000,0.0000,0.0000
119.150,352.6512,-0.1324,269.9398,0.2510,3.8000,-0.4500,358.8621,180.9683,358.4636,0.0000,0.0000,0.0000
119.262,352.4432,-0.1570,270.0521,0.2510,3.8000,-0.4500,358.9356,180.9663,358.4994,0.0000,0.0000,0.0000
119.371,352.1959,-0.1724,270.1994,0.2510,3.8000,-0.4500,359.3763,180.9557,358.7523,0.0000,0.0000,0.0000
119.482,351.9898,-0.1842,270.3326,0.2510,3.8000,-0.4500,359.4464,180.9542,358.7966,0.0000,0.0000,0.0000
119.594,351.7440,-0.1869,270.4974,0.2510,3.8000,-0.4500,359.7287,180.9488,358.9785,0.0000,0.0000,0.0000
119.705,351.5397,-0.1836,270.6379,0.2510,3.8000,-0.4500,359.9395,180.9453,359.1200,0.0000,0.0000,0.0000
119.816,351.2947,-0.1749,270.8091,0.2510,3.8000,-0.4500,0.0765,180.9433,359.2124,0.0000,0.0000,0.0000
119.926,351.0916,-0.1590,270.9512,0.2510,3.8000,-0.4500,0.3573,180.9399,359.4036,0.0000,0.0000,0.0000
