time_sec,world_x,world_y,world_z,local_x,local_y,local_z,world_rot_x,world_rot_y,world_rot_z,local_rot_x,local_rot_y,local_rot_z
0.000,598.8699,5.2478,250.4535,0.2510,3.8000,-0.4500,0.0000,180.0000,0.0000,0.0000,0.0000,0.0000
0.000,598.8699,5.2478,250.4535,0.2510,3.8000,-0.4500,0.0000,180.0000,0.0000,0.0000,0.0000,0.0000
0.107,598.6557,5.0566,250.4581,0.2510,3.8000,-0.4500,0.0000,180.0000,0.0000,0.0000,0.0000,0.0000
0.209,598.2777,4.7300,250.4630,0.2510,3.8000,-0.4500,0.0000,180.0000,0.0000,0.0000,0.0000,0.0000
0.319,597.8721,4.3853,250.4667,0.2510,3.8000,-0.4500,0.0000,180.0000,0.0000,0.0000,0.0000,0.0000
0.444,597.2884,3.8939,250.4707,0.2510,3.8000,-0.4500,0.0000,180.0000,0.0000,0.0000,0.0000,0.0000
0.569,596.4907,3.2258,250.4555,0.2510,3.8000,-0.4500,0.0000,180.0000,0.0000,0.0000,0.0000,0.0000
0.681,595.8604,2.6930,250.3457,0.2510,3.8000,-0.4500,0.0000,180.0000,0.0000,0.0000,0.0000,0.0000
0.806,595.0527,1.9998,250.0206,0.2510,3.8000,-0.4500,0.0000,180.0000,0.0000,0.0000,0.0000,0.0000
0.930,594.0522,1.1249,249.3404,0.2510,3.8000,-0.4500,0.0000,180.0000,0.0000,0.0000,0.0000,0.0000
1.043,593.3051,0.4615,248.6587,0.2510,3.8000,-0.4500,0.0000,180.0000,0.0000,0.0000,0.0000,0.0000
1.155,592.4144,-0.3387,247.6807,0.2510,3.8000,-0.4500,0.0000,180.0000,0.0000,0.0000,0.0000,0.0000
1.265,591.8782,-0.8031,246.9972,0.2510,3.8000,-0.4500,359.2623,180.0000,0.0013,0.0000,0.0000,0.0000
1.390,591.3571,-1.0864,246.2176,0.2510,3.8000,-0.4500,357.9710,179.9999,0.0032,0.0000,0.0000,0.0000
1.501,591.0753,-1.0896,245.7284,0.2510,3.8000,-0.4500,357.5510,179.9999,0.0037,0.0000,0.0000,0.0000
1.626,590.7897,-0.9789,245.1787,0.2510,3.8000,-0.4500,357.5510,179.9999,0.0037,0.0000,0.0000,0.0000
1.737,590.5359,-0.8388,244.6514,0.2510,3.8000,-0.4500,357.5510,179.9999,0.0037,0.0000,0.0000,0.0000
1.862,590.2970,-0.7307,244.1594,0.2510,3.8000,-0.4500,357.5510,179.9999,0.0037,0.0000,0.0000,0.0000
1.987,590.0595,-0.6823,243.7783,0.2510,3.8000,-0.4500,357.5510,179.9999,0.0037,0.0000,0.0000,0.0000
2.098,589.8173,-0.6922,243.5211,0.2510,3.8000,-0.4500,357.5510,179.9999,0.0037,0.0000,0.0000,0.0000
2.223,589.5694,-0.7433,243.3638,0.2510,3.8000,-0.4500,357.5510,179.9999,0.0037,0.0000,0.0000,0.0000
2.348,589.2744,-0.8288,243.2712,0.2510,3.8000,-0.4500,357.5510,179.9999,0.0037,0.0000,0.0000,0.0000
2.448,589.0629,-0.8935,243.2298,0.2510,3.8000,-0.4500,357.5510,179.9999,0.0037,0.0000,0.0000,0.0000
2.557,588.8613,-0.9492,243.0629,0.2510,3.8000,-0.4500,357.5510,179.9999,0.0037,0.0000,0.0000,0.0000
2.682,588.6349,-0.9956,242.6384,0.2510,3.8000,-0.4500,357.5510,179.9999,0.0037,0.0000,0.0000,0.0000
2.807,588.4190,-1.0239,242.0574,0.2510,3.8000,-0.4500,357.5510,179.9999,0.0037,0.0000,0.0000,0.0000
2.932,588.1731,-1.0437,241.2939,0.2510,3.8000,-0.4500,357.5510,179.9999,0.0037,0.0000,0.0000,0.0000
3.057,587.9642,-1.0570,240.6146,0.2510,3.8000,-0.4500,357.4684,179.9999,-0.0012,0.0000,0.0000,0.0000
3.168,587.7563,-1.0687,239.9225,0.2510,3.8000,-0.4500,357.4684,179.9999,-0.0012,0.0000,0.0000,0.0000
3.280,587.5787,-1.0828,239.4201,0.2510,3.8000,-0.4500,357.4684,179.9999,-0.0012,0.0000,0.0000,0.0000
3.393,587.3539,-1.1106,238.9886,0.2510,3.8000,-0.4500,357.4684,179.9999,-0.0012,0.0000,0.0000,0.0000
3.505,587.1558,-1.1450,238.7749,0.2510,3.8000,-0.4500,357.3865,179.9999,359.9914,0.0000,0.0000,0.0000
3.617,586.9110,-1.1960,238.6605,0.2510,3.8000,-0.4500,357.3865,179.9999,359.9914,0.0000,0.0000,0.0000
3.728,586.6644,-1.2569,238.6598,0.2510,3.8000,-0.4500,357.3059,179.9999,359.9808,0.0000,0.0000,0.0000
3.839,586.4592,-1.3120,238.7179,0.2510,3.8000,-0.4500,357.3059,179.9999,359.9808,0.0000,0.0000,0.0000
3.950,586.2138,-1.3821,238.8341,0.2510,3.8000,-0.4500,357.3059,179.9999,359.9808,0.0000,0.0000,0.0000
4.061,586.0098,-1.4428,238.9563,0.2510,3.8000,-0.4500,357.3059,179.9999,359.9808,0.0000,0.0000,0.0000
4.179,585.7657,-1.5173,239.1220,0.2510,3.8000,-0.4500,357.3059,179.9999,359.9808,0.0000,0.0000,0.0000
4.282,585.5622,-1.5814,239.2706,0.2510,3.8000,-0.4500,357.2261,180.0000,359.9605,0.0000,0.0000,0.0000
4.392,585.3187,-1.6578,239.4556,0.2510,3.8000,-0.4500,357.2262,180.0000,359.9605,0.0000,0.0000,0.0000
4.503,585.1166,-1.7186,239.5182,0.2510,3.8000,-0.4500,357.2262,180.0000,359.9605,0.0000,0.0000,0.0000
4.613,584.8867,-1.7752,239.2992,0.2510,3.8000,-0.4500,357.2262,180.0000,359.9605,0.0000,0.0000,0.0000
4.738,584.6682,-1.8154,238.8309,0.2510,3.8000,-0.4500,357.2262,180.0000,359.9605,0.0000,0.0000,0.0000
4.863,584.4557,-1.8455,238.2311,0.2510,3.8000,-0.4500,357.2262,179.9999,359.9605,0.0000,0.0000,0.0000
4.988,584.2110,-1.8745,237.4644,0.2510,3.8000,-0.4500,357.2262,180.0000,359.9605,0.0000,0.0000,0.0000
5.113,584.0024,-1.8968,236.7780,0.2510,3.8000,-0.4500,357.2262,180.0000,359.9605,0.0000,0.0000,0.0000
5.224,583.8276,-1.9153,236.2242,0.2510,3.8000,-0.4500,357.2262,180.0000,359.9605,0.0000,0.0000,0.0000
5.349,583.5703,-1.9509,235.6393,0.2510,3.8000,-0.4500,357.2262,179.9999,359.9605,0.0000,0.0000,0.0000
5.459,583.3747,-1.9861,235.3828,0.2510,3.8000,-0.4500,357.2262,179.9999,359.9605,0.0000,0.0000,0.0000
5.585,583.1309,-2.0378,235.2289,0.2510,3.8000,-0.4500,357.2262,179.9999,359.9605,0.0000,0.0000,0.0000
5.709,582.8431,-2.1076,235.2064,0.2510,3.8000,-0.4500,357.2262,179.9999,359.9605,0.0000,0.0000,0.0000
5.834,582.5967,-2.1716,235.2754,0.2510,3.8000,-0.4500,357.2262,179.9999,359.9605,0.0000,0.0000,0.0000
5.959,582.3514,-2.2365,235.3953,0.2510,3.8000,-0.4500,357.2262,179.9999,359.9605,0.0000,0.0000,0.0000
6.085,582.1071,-2.3001,235.5471,0.2510,3.8000,-0.4500,357.2262,179.9999,359.9605,0.0000,0.0000,0.0000
6.196,581.8636,-2.3608,235.7185,0.2510,3.8000,-0.4500,357.2262,179.9999,359.9605,0.0000,0.0000,0.0000
6.321,581.6210,-2.4174,235.9022,0.2510,3.8000,-0.4500,357.2262,179.9999,359.9605,0.0000,0.0000,0.0000
6.446,581.3791,-2.4693,236.0937,0.2510,3.8000,-0.4500,357.2262,179.9999,359.9605,0.0000,0.0000,0.0000
6.571,581.0975,-2.5229,236.3229,0.2510,3.8000,-0.4500,357.2262,179.9999,359.9605,0.0000,0.0000,0.0000
6.696,580.8566,-2.5623,236.5221,0.2510,3.8000,-0.4500,357.2262,179.9999,359.9605,0.0000,0.0000,0.0000
6.808,580.6163,-2.5952,236.7230,0.2510,3.8000,-0.4500,357.2262,179.9999,359.9605,0.0000,0.0000,0.0000
6.918,580.4185,-2.6098,236.8899,0.2510,3.8000,-0.4500,357.5514,180.0005,0.2401,0.0000,0.0000,0.0000
7.043,580.1801,-2.6269,237.0926,0.2510,3.8000,-0.4500,357.6859,180.0012,0.3412,0.0000,0.0000,0.0000
7.155,579.9429,-2.6337,237.2953,0.2510,3.8000,-0.4500,357.9545,180.0033,0.5337,0.0000,0.0000,0.0000
7.266,579.7451,-2.6352,237.4650,0.2510,3.8000,-0.4500,358.0952,180.0047,0.6274,0.0000,0.0000,0.0000
7.377,579.5084,-2.6287,237.6684,0.2510,3.8000,-0.4500,358.3067,180.0072,0.7662,0.0000,0.0000,0.0000
7.501,579.2728,-2.6127,237.8713,0.2510,3.8000,-0.4500,358.5862,180.0114,0.9436,0.0000,0.0000,0.0000
7.627,579.0381,-2.5882,238.0739,0.2510,3.8000,-0.4500,358.8717,180.0166,1.1212,0.0000,0.0000,0.0000
7.740,578.8044,-2.5554,238.2762,0.2510,3.8000,-0.4500,359.1570,180.0226,1.2968,0.0000,0.0000,0.0000
7.849,578.5706,-2.5154,238.4788,0.2510,3.8000,-0.4500,359.3702,180.0276,1.4274,0.0000,0.0000,0.0000
7.962,578.3763,-2.4764,238.6475,0.2510,3.8000,-0.4500,359.5134,180.0313,1.5150,0.0000,0.0000,0.0000
8.071,578.1454,-2.4185,238.8487,0.2510,3.8000,-0.4500,359.8727,180.0415,1.7339,0.0000,0.0000,0.0000
8.185,577.9530,-2.3671,239.0174,0.2510,3.8000,-0.4500,0.0176,180.0460,1.8217,0.0000,0.0000,0.0000
8.293,577.7233,-2.2974,239.2195,0.2510,3.8000,-0.4500,0.2349,180.0532,1.9531,0.0000,0.0000,0.0000
8.393,577.5322,-2.2343,239.3881,0.2510,3.8000,-0.4500,0.3802,180.0582,2.0406,0.0000,0.0000,0.0000
8.502,577.3428,-2.1635,239.5556,0.2510,3.8000,-0.4500,0.6711,180.0690,2.2147,0.0000,0.0000,0.0000
8.627,577.0781,-2.0600,239.7914,0.2510,3.8000,-0.4500,0.8949,180.0780,2.3467,0.0000,0.0000,0.0000
8.752,576.8524,-1.9654,239.9935,0.2510,3.8000,-0.4500,1.0387,180.0840,2.4311,0.0000,0.0000,0.0000
8.877,576.6275,-1.8638,240.1952,0.2510,3.8000,-0.4500,1.2569,180.0935,2.5561,0.0000,0.0000,0.0000
9.002,576.4029,-1.7583,240.3972,0.2510,3.8000,-0.4500,1.4041,180.1001,2.6384,0.0000,0.0000,0.0000
9.115,576.1790,-1.6497,240.5998,0.2510,3.8000,-0.4500,1.4769,180.1035,2.6788,0.0000,0.0000,0.0000
9.224,575.9933,-1.5548,240.7679,0.2510,3.8000,-0.4500,1.6260,180.1106,2.7578,0.0000,0.0000,0.0000
9.349,575.7336,-1.4204,241.0041,0.2510,3.8000,-0.4500,1.6999,180.1142,2.7965,0.0000,0.0000,0.0000
9.474,575.5114,-1.3013,241.2060,0.2510,3.8000,-0.4500,1.8451,180.1214,2.8675,0.0000,0.0000,0.0000
9.599,575.2891,-1.1828,241.4091,0.2510,3.8000,-0.4500,1.8451,180.1214,2.8675,0.0000,0.0000,0.0000
9.724,575.0671,-1.0634,241.6122,0.2510,3.8000,-0.4500,1.8451,180.1214,2.8675,0.0000,0.0000,0.0000
9.849,574.8083,-0.9228,241.8486,0.2510,3.8000,-0.4500,1.9230,180.1253,2.8956,0.0000,0.0000,0.0000
9.960,574.6233,-0.8237,242.0180,0.2510,3.8000,-0.4500,1.9230,180.1253,2.8956,0.0000,0.0000,0.0000
10.085,574.4012,-0.7060,242.2216,0.2510,3.8000,-0.4500,1.9230,180.1253,2.8956,0.0000,0.0000,0.0000
10.197,574.1786,-0.5903,242.4256,0.2510,3.8000,-0.4500,1.9230,180.1253,2.8956,0.0000,0.0000,0.0000
10.321,573.9557,-0.4775,242.6299,0.2510,3.8000,-0.4500,1.9230,180.1253,2.8956,0.0000,0.0000,0.0000
10.447,573.7323,-0.3681,242.8347,0.2510,3.8000,-0.4500,1.9230,180.1253,2.8956,0.0000,0.0000,0.0000
10.571,573.4710,-0.2457,243.0744,0.2510,3.8000,-0.4500,1.9230,180.1253,2.8956,0.0000,0.0000,0.0000
10.696,573.2462,-0.1461,243.2809,0.2510,3.8000,-0.4500,1.9230,180.1253,2.8956,0.0000,0.0000,0.0000
10.822,573.0208,-0.0519,243.4882,0.2510,3.8000,-0.4500,1.9230,180.1253,2.8956,0.0000,0.0000,0.0000
10.946,572.7944,0.0364,243.6965,0.2510,3.8000,-0.4500,1.9230,180.1253,2.8956,0.0000,0.0000,0.0000
11.071,572.5270,0.1269,243.9407,0.2510,3.8000,-0.4500,1.9299,180.1256,2.6438,0.0000,0.0000,0.0000
11.184,572.3359,0.1874,244.1154,0.2510,3.8000,-0.4500,1.9177,180.1251,2.5611,0.0000,0.0000,0.0000
11.295,572.1042,0.2505,244.3251,0.2510,3.8000,-0.4500,1.8692,180.1230,2.3152,0.0000,0.0000,0.0000
11.404,571.9093,0.2950,244.5001,0.2510,3.8000,-0.4500,1.7539,180.1187,2.0070,0.0000,0.0000,0.0000
11.530,571.6365,0.3523,244.7440,0.2510,3.8000,-0.4500,1.6406,180.1149,1.7819,0.0000,0.0000,0.0000
11.655,571.4017,0.3938,244.9523,0.2510,3.8000,-0.4500,1.5633,180.1126,1.6371,0.0000,0.0000,0.0000
11.766,571.2038,0.4184,245.1264,0.2510,3.8000,-0.4500,1.3834,180.1079,1.3417,0.0000,0.0000,0.0000
11.891,570.9266,0.4481,245.3690,0.2510,3.8000,-0.4500,1.2470,180.1050,1.1270,0.0000,0.0000,0.0000
12.015,570.6873,0.4629,245.5774,0.2510,3.8000,-0.4500,1.0675,180.1019,0.8487,0.0000,0.0000,0.0000
12.141,570.4480,0.4734,245.7853,0.2510,3.8000,-0.4500,0.9796,180.1007,0.7112,0.0000,0.0000,0.0000
12.253,570.2065,0.4733,245.9940,0.2510,3.8000,-0.4500,0.8027,180.0989,0.4274,0.0000,0.0000,0.0000
12.362,570.0056,0.4716,246.1672,0.2510,3.8000,-0.4500,0.7612,180.0986,0.3583,0.0000,0.0000,0.0000
12.487,569.7223,0.4574,246.4111,0.2510,3.8000,-0.4500,0.5940,180.0980,0.0640,0.0000,0.0000,0.0000
12.598,569.5192,0.4420,246.5857,0.2510,3.8000,-0.4500,0.4822,180.0981,359.8444,0.0000,0.0000,0.0000
12.723,569.2756,0.4210,246.7955,0.2510,3.8000,-0.4500,0.4143,180.0984,359.6890,0.0000,0.0000,0.0000
12.848,568.9905,0.3909,247.0408,0.2510,3.8000,-0.4500,0.3503,180.0988,359.5352,0.0000,0.0000,0.0000
12.973,568.7448,0.3566,247.2520,0.2510,3.8000,-0.4500,0.2487,180.0999,359.2209,0.0000,0.0000,0.0000
13.098,568.4999,0.3223,247.4632,0.2510,3.8000,-0.4500,0.2258,180.1003,359.1432,0.0000,0.0000,0.0000
13.209,568.2540,0.2817,247.6754,0.2510,3.8000,-0.4500,0.1794,180.1010,358.9868,0.0000,0.0000,0.0000
13.322,568.0484,0.2435,247.8527,0.2510,3.8000,-0.4500,0.1256,180.1021,358.8234,0.0000,0.0000,0.0000
13.431,567.8025,0.1955,248.0659,0.2510,3.8000,-0.4500,0.0984,180.1026,358.7426,0.0000,0.0000,0.0000
13.556,567.5555,0.1411,248.2802,0.2510,3.8000,-0.4500,0.0381,180.1040,358.5865,0.0000,0.0000,0.0000
13.681,567.3087,0.0821,248.4955,0.2510,3.8000,-0.4500,359.9709,180.1058,358.4344,0.0000,0.0000,0.0000
13.806,567.0612,0.0168,248.7120,0.2510,3.8000,-0.4500,359.8459,180.1094,358.2064,0.0000,0.0000,0.0000
13.919,566.8143,-0.0493,248.9288,0.2510,3.8000,-0.4500,359.8049,180.1107,358.1349,0.0000,0.0000,0.0000
14.029,566.5668,-0.1209,249.1472,0.2510,3.8000,-0.4500,359.7075,180.1140,358.0042,0.0000,0.0000,0.0000
14.153,566.3203,-0.1929,249.3658,0.2510,3.8000,-0.4500,359.7075,180.1140,358.0042,0.0000,0.0000,0.0000
14.278,566.0728,-0.2726,249.5863,0.2510,3.8000,-0.4500,359.5391,180.1202,357.8272,0.0000,0.0000,0.0000
14.403,565.8264,-0.3505,249.8055,0.2510,3.8000,-0.4500,359.5391,180.1202,357.8272,0.0000,0.0000,0.0000
14.529,565.5384,-0.4457,250.0596,0.2510,3.8000,-0.4500,359.4729,180.1227,357.7797,0.0000,0.0000,0.0000
14.640,565.3324,-0.5168,250.2405,0.2510,3.8000,-0.4500,359.3340,180.1282,357.6965,0.0000,0.0000,0.0000
14.765,565.0856,-0.6002,250.4556,0.2510,3.8000,-0.4500,359.3340,180.1282,357.6965,0.0000,0.0000,0.0000
14.890,564.7980,-0.6995,250.7063,0.2510,3.8000,-0.4500,359.2589,180.1312,357.6708,0.0000,0.0000,0.0000
15.015,564.5515,-0.7851,250.9202,0.2510,3.8000,-0.4500,359.1772,180.1346,357.6579,0.0000,0.0000,0.0000
15.140,564.3054,-0.8706,251.1319,0.2510,3.8000,-0.4500,359.0956,180.1379,357.6465,0.0000,0.0000,0.0000
15.251,564.0590,-0.9552,251.3415,0.2510,3.8000,-0.4500,359.0144,180.1412,357.6522,0.0000,0.0000,0.0000
15.376,563.8129,-1.0394,251.5500,0.2510,3.8000,-0.4500,358.8536,180.1478,357.6814,0.0000,0.0000,0.0000
15.501,563.5670,-1.1216,251.7563,0.2510,3.8000,-0.4500,358.8536,180.1478,357.6814,0.0000,0.0000,0.0000
15.626,563.3203,-1.2023,251.9456,0.2510,3.8000,-0.4500,358.7005,180.1539,357.7463,0.0000,0.0000,0.0000
15.751,563.0273,-1.2912,252.0612,0.2510,3.8000,-0.4500,358.6289,180.1567,357.7926,0.0000,0.0000,0.0000
15.875,562.7757,-1.3611,252.0615,0.2510,3.8000,-0.4500,358.4919,180.1619,357.8877,0.0000,0.0000,0.0000
16.001,562.5250,-1.4262,251.9970,0.2510,3.8000,-0.4500,358.4322,180.1640,357.9448,0.0000,0.0000,0.0000
16.126,562.2770,-1.4861,251.8830,0.2510,3.8000,-0.4500,358.3176,180.1680,358.0629,0.0000,0.0000,0.0000
16.238,562.0344,-1.5401,251.6892,0.2510,3.8000,-0.4500,358.2190,180.1713,358.1954,0.0000,0.0000,0.0000
16.349,561.7979,-1.5886,251.4083,0.2510,3.8000,-0.4500,358.1735,180.1727,358.2608,0.0000,0.0000,0.0000
16.473,561.5669,-1.6303,251.0579,0.2510,3.8000,-0.4500,358.0937,180.1750,358.4033,0.0000,0.0000,0.0000
16.599,561.3392,-1.6678,250.6588,0.2510,3.8000,-0.4500,358.0550,180.1760,358.4778,0.0000,0.0000,0.0000
16.711,561.1147,-1.6989,250.2324,0.2510,3.8000,-0.4500,357.9520,180.1786,358.7072,0.0000,0.0000,0.0000
16.834,560.8903,-1.7287,249.7980,0.2510,3.8000,-0.4500,357.9220,180.1792,358.7870,0.0000,0.0000,0.0000
16.959,560.6672,-1.7535,249.3650,0.2510,3.8000,-0.4500,357.8356,180.1809,359.0238,0.0000,0.0000,0.0000
17.084,560.4429,-1.7793,248.9345,0.2510,3.8000,-0.4500,357.8356,180.1809,359.0238,0.0000,0.0000,0.0000
17.210,560.1820,-1.8029,248.4531,0.2510,3.8000,-0.4500,357.7611,180.1820,359.2631,0.0000,0.0000,0.0000
17.320,559.9896,-1.8217,248.1869,0.2510,3.8000,-0.4500,357.7380,180.1823,359.3445,0.0000,0.0000,0.0000
17.445,559.7498,-1.8464,247.9982,0.2510,3.8000,-0.4500,357.6924,180.1828,359.5070,0.0000,0.0000,0.0000
17.570,559.4650,-1.8787,247.9372,0.2510,3.8000,-0.4500,357.6314,180.1832,359.7482,0.0000,0.0000,0.0000
17.695,559.2194,-1.9120,247.9809,0.2510,3.8000,-0.4500,357.6314,180.1832,359.7482,0.0000,0.0000,0.0000
17.820,558.9760,-1.9448,248.0835,0.2510,3.8000,-0.4500,357.6147,180.1832,359.8305,0.0000,0.0000,0.0000
17.934,558.7346,-1.9762,248.2242,0.2510,3.8000,-0.4500,357.5828,180.1833,359.9935,0.0000,0.0000,0.0000
18.045,558.5334,-2.0036,248.3598,0.2510,3.8000,-0.4500,357.5828,180.1833,359.9935,0.0000,0.0000,0.0000
18.153,558.2937,-2.0337,248.5365,0.2510,3.8000,-0.4500,357.5742,180.1833,0.0766,0.0000,0.0000,0.0000
18.279,558.0552,-2.0604,248.7227,0.2510,3.8000,-0.4500,357.5640,180.1832,0.2423,0.0000,0.0000,0.0000
18.403,557.8166,-2.0875,248.9156,0.2510,3.8000,-0.4500,357.5640,180.1832,0.2423,0.0000,0.0000,0.0000
18.529,557.5396,-2.1145,249.1477,0.2510,3.8000,-0.4500,357.5707,180.1833,0.3271,0.0000,0.0000,0.0000
18.655,557.3032,-2.1331,249.3508,0.2510,3.8000,-0.4500,357.5864,180.1834,0.4935,0.0000,0.0000,0.0000
18.766,557.1055,-2.1490,249.5221,0.2510,3.8000,-0.4500,357.5864,180.1834,0.4935,0.0000,0.0000,0.0000
18.875,556.8693,-2.1639,249.7291,0.2510,3.8000,-0.4500,357.6078,180.1836,0.5707,0.0000,0.0000,0.0000
19.000,556.6340,-2.1740,249.9374,0.2510,3.8000,-0.4500,357.6676,180.1842,0.7248,0.0000,0.0000,0.0000
19.114,556.3983,-2.1842,250.1471,0.2510,3.8000,-0.4500,357.6676,180.1842,0.7248,0.0000,0.0000,0.0000
19.225,556.2032,-2.1868,250.3220,0.2510,3.8000,-0.4500,357.7519,180.1854,0.8695,0.0000,0.0000,0.0000
19.335,555.9678,-2.1906,250.5327,0.2510,3.8000,-0.4500,357.7519,180.1854,0.8695,0.0000,0.0000,0.0000
19.445,555.7726,-2.1880,250.7071,0.2510,3.8000,-0.4500,357.8505,180.1870,1.0014,0.0000,0.0000,0.0000
19.570,555.4992,-2.1795,250.9469,0.2510,3.8000,-0.4500,358.0255,180.1904,1.1805,0.0000,0.0000,0.0000
19.681,555.3030,-2.1735,251.1163,0.2510,3.8000,-0.4500,358.0255,180.1904,1.1805,0.0000,0.0000,0.0000
19.806,555.0684,-2.1598,251.3164,0.2510,3.8000,-0.4500,358.1539,180.1931,1.2824,0.0000,0.0000,0.0000
19.920,554.8333,-2.1435,251.5116,0.2510,3.8000,-0.4500,358.2206,180.1946,1.3287,0.0000,0.0000,0.0000
20.028,554.5952,-2.1198,251.6536,0.2510,3.8000,-0.4500,358.4380,180.1999,1.4605,0.0000,0.0000,0.0000
20.142,554.3937,-2.0984,251.7043,0.2510,3.8000,-0.4500,358.5111,180.2018,1.4978,0.0000,0.0000,0.0000
20.251,554.1522,-2.0690,251.6950,0.2510,3.8000,-0.4500,358.5850,180.2038,1.5343,0.0000,0.0000,0.0000
20.376,553.9124,-2.0338,251.6286,0.2510,3.8000,-0.4500,358.8143,180.2101,1.6346,0.0000,0.0000,0.0000
20.489,553.6757,-1.9992,251.4970,0.2510,3.8000,-0.4500,358.8143,180.2101,1.6345,0.0000,0.0000,0.0000
20.598,553.4860,-1.9662,251.2902,0.2510,3.8000,-0.4500,358.9702,180.2146,1.6922,0.0000,0.0000,0.0000
20.723,553.2661,-1.9256,250.9287,0.2510,3.8000,-0.4500,359.1253,180.2193,1.7427,0.0000,0.0000,0.0000
20.848,553.0167,-1.8794,250.3899,0.2510,3.8000,-0.4500,359.1253,180.2193,1.7427,0.0000,0.0000,0.0000
20.973,552.8077,-1.8384,249.8607,0.2510,3.8000,-0.4500,359.2031,180.2217,1.7638,0.0000,0.0000,0.0000
21.098,552.6016,-1.7972,249.2838,0.2510,3.8000,-0.4500,359.2851,180.2242,1.7812,0.0000,0.0000,0.0000
21.223,552.3979,-1.7563,248.6653,0.2510,3.8000,-0.4500,359.3668,180.2268,1.7979,0.0000,0.0000,0.0000
21.348,552.1624,-1.7102,247.9064,0.2510,3.8000,-0.4500,359.3668,180.2268,1.7979,0.0000,0.0000,0.0000
21.476,551.9619,-1.6706,247.2345,0.2510,3.8000,-0.4500,359.4485,180.2293,1.8055,0.0000,0.0000,0.0000
21.584,551.7935,-1.6380,246.6892,0.2510,3.8000,-0.4500,359.5283,180.2319,1.8091,0.0000,0.0000,0.0000
21.709,551.5460,-1.5916,246.1013,0.2510,3.8000,-0.4500,359.6897,180.2369,1.8005,0.0000,0.0000,0.0000
21.835,551.3196,-1.5514,245.7957,0.2510,3.8000,-0.4500,359.6897,180.2369,1.8005,0.0000,0.0000,0.0000
21.960,551.0842,-1.5076,245.6575,0.2510,3.8000,-0.4500,359.9333,180.2445,1.7618,0.0000,0.0000,0.0000
22.073,550.8465,-1.4627,245.6419,0.2510,3.8000,-0.4500,359.9334,180.2445,1.7618,0.0000,0.0000,0.0000
22.184,550.6482,-1.4224,245.6898,0.2510,3.8000,-0.4500,0.1820,180.2520,1.7006,0.0000,0.0000,0.0000
22.293,550.4111,-1.3725,245.7976,0.2510,3.8000,-0.4500,0.3470,180.2569,1.6513,0.0000,0.0000,0.0000
22.403,550.2141,-1.3294,245.9143,0.2510,3.8000,-0.4500,0.4286,180.2592,1.6262,0.0000,0.0000,0.0000
22.504,550.0168,-1.2848,246.0454,0.2510,3.8000,-0.4500,0.6611,180.2656,1.5465,0.0000,0.0000,0.0000
22.612,549.7806,-1.2301,246.2161,0.2510,3.8000,-0.4500,0.8144,180.2697,1.4858,0.0000,0.0000,0.0000
22.724,549.5839,-1.1836,246.3649,0.2510,3.8000,-0.4500,0.8910,180.2717,1.4528,0.0000,0.0000,0.0000
22.848,549.3079,-1.1175,246.5776,0.2510,3.8000,-0.4500,1.0431,180.2754,1.3858,0.0000,0.0000,0.0000
22.974,549.0710,-1.0602,246.7614,0.2510,3.8000,-0.4500,1.1905,180.2789,1.3124,0.0000,0.0000,0.0000
23.098,548.8332,-1.0028,246.9449,0.2510,3.8000,-0.4500,1.4038,180.2836,1.1950,0.0000,0.0000,0.0000
23.223,548.5956,-0.9449,247.1295,0.2510,3.8000,-0.4500,1.4038,180.2836,1.1950,0.0000,0.0000,0.0000
23.334,548.3560,-0.8882,247.3005,0.2510,3.8000,-0.4500,1.6211,180.2879,1.0520,0.0000,0.0000,0.0000
23.445,548.1547,-0.8431,247.3549,0.2510,3.8000,-0.4500,1.6211,180.2879,1.0520,0.0000,0.0000,0.0000
23.570,547.8781,-0.7903,247.2179,0.2510,3.8000,-0.4500,1.8178,180.2912,0.9025,0.0000,0.0000,0.0000
23.695,547.6490,-0.7527,246.9385,0.2510,3.8000,-0.4500,1.8178,180.2912,0.9026,0.0000,0.0000,0.0000
23.820,547.4243,-0.7227,246.5535,0.2510,3.8000,-0.4500,1.9371,180.2930,0.7874,0.0000,0.0000,0.0000
23.934,547.2036,-0.6965,246.1007,0.2510,3.8000,-0.4500,1.9371,180.2930,0.7874,0.0000,0.0000,0.0000
24.042,547.0190,-0.6764,245.7235,0.2510,3.8000,-0.4500,1.9371,180.2930,0.7874,0.0000,0.0000,0.0000
24.154,546.7905,-0.6517,245.3500,0.2510,3.8000,-0.4500,2.0477,180.2944,0.6612,0.0000,0.0000,0.0000
24.265,546.5945,-0.6269,245.1188,0.2510,3.8000,-0.4500,2.0477,180.2944,0.6612,0.0000,0.0000,0.0000
24.376,546.3521,-0.5934,244.9237,0.2510,3.8000,-0.4500,2.0477,180.2944,0.6612,0.0000,0.0000,0.0000
24.501,546.1036,-0.5571,244.7943,0.2510,3.8000,-0.4500,2.1015,180.2950,0.5985,0.0000,0.0000,0.0000
24.625,545.8514,-0.5177,244.7139,0.2510,3.8000,-0.4500,2.1015,180.2950,0.5985,0.0000,0.0000,0.0000
24.751,545.5568,-0.4685,244.6930,0.2510,3.8000,-0.4500,2.1015,180.2950,0.5985,0.0000,0.0000,0.0000
24.876,545.3057,-0.4250,244.7311,0.2510,3.8000,-0.4500,2.1543,180.2955,0.5369,0.0000,0.0000,0.0000
24.976,545.0980,-0.3875,244.7933,0.2510,3.8000,-0.4500,2.1543,180.2955,0.5369,0.0000,0.0000,0.0000
25.086,544.8906,-0.3517,244.8750,0.2510,3.8000,-0.4500,2.2518,180.2963,0.4015,0.0000,0.0000,0.0000
25.209,544.6024,-0.3004,245.0126,0.2510,3.8000,-0.4500,2.2518,180.2963,0.4015,0.0000,0.0000,0.0000
25.334,544.3549,-0.2600,245.1436,0.2510,3.8000,-0.4500,2.3291,180.2967,0.2584,0.0000,0.0000,0.0000
25.459,544.1086,-0.2196,245.2865,0.2510,3.8000,-0.4500,2.3291,180.2967,0.2584,0.0000,0.0000,0.0000
25.584,543.8614,-0.1847,245.4404,0.2510,3.8000,-0.4500,2.4197,180.2970,0.0284,0.0000,0.0000,0.0000
25.709,543.5750,-0.1430,245.6319,0.2510,3.8000,-0.4500,2.4197,180.2969,0.0284,0.0000,0.0000,0.0000
25.823,543.3694,-0.1180,245.7737,0.2510,3.8000,-0.4500,2.4609,180.2969,359.8631,0.0000,0.0000,0.0000
25.931,543.1229,-0.0900,245.9478,0.2510,3.8000,-0.4500,2.4931,180.2968,359.6978,0.0000,0.0000,0.0000
26.056,542.8773,-0.0623,246.1246,0.2510,3.8000,-0.4500,2.4931,180.2968,359.6978,0.0000,0.0000,0.0000
26.169,542.6292,-0.0416,246.3017,0.2510,3.8000,-0.4500,2.5283,180.2965,359.4482,0.0000,0.0000,0.0000
26.279,542.4234,-0.0234,246.4480,0.2510,3.8000,-0.4500,2.5283,180.2965,359.4482,0.0000,0.0000,0.0000
26.390,542.1741,-0.0086,246.6221,0.2510,3.8000,-0.4500,2.5494,180.2963,359.1996,0.0000,0.0000,0.0000
26.515,541.9245,0.0046,246.7950,0.2510,3.8000,-0.4500,2.5572,180.2961,359.0376,0.0000,0.0000,0.0000
26.640,541.6752,0.0176,246.9670,0.2510,3.8000,-0.4500,2.5572,180.2961,359.0376,0.0000,0.0000,0.0000
26.765,541.4241,0.0232,247.1337,0.2510,3.8000,-0.4500,2.5625,180.2960,358.7881,0.0000,0.0000,0.0000
26.890,541.1306,0.0305,247.3084,0.2510,3.8000,-0.4500,2.5625,180.2961,358.7881,0.0000,0.0000,0.0000
27.015,540.8762,0.0303,247.4422,0.2510,3.8000,-0.4500,2.5616,180.2961,358.6233,0.0000,0.0000,0.0000
27.140,540.6210,0.0285,247.5649,0.2510,3.8000,-0.4500,2.5599,180.2961,358.5409,0.0000,0.0000,0.0000
27.265,540.3642,0.0225,247.6803,0.2510,3.8000,-0.4500,2.5552,180.2962,358.3747,0.0000,0.0000,0.0000
27.376,540.1077,0.0170,247.7909,0.2510,3.8000,-0.4500,2.5552,180.2962,358.3747,0.0000,0.0000,0.0000
27.501,539.8504,0.0080,247.8972,0.2510,3.8000,-0.4500,2.5518,180.2963,358.2925,0.0000,0.0000,0.0000
27.626,539.5919,-0.0046,248.0004,0.2510,3.8000,-0.4500,2.5433,180.2966,358.1239,0.0000,0.0000,0.0000
27.751,539.2910,-0.0179,248.1184,0.2510,3.8000,-0.4500,2.5433,180.2966,358.1239,0.0000,0.0000,0.0000
27.876,539.0316,-0.0338,248.2188,0.2510,3.8000,-0.4500,2.5333,180.2969,357.9611,0.0000,0.0000,0.0000
28.001,538.7731,-0.0480,248.3189,0.2510,3.8000,-0.4500,2.5333,180.2969,357.9611,0.0000,0.0000,0.0000
28.126,538.5142,-0.0633,248.4180,0.2510,3.8000,-0.4500,2.5333,180.2969,357.9611,0.0000,0.0000,0.0000
28.237,538.2549,-0.0796,248.5158,0.2510,3.8000,-0.4500,2.5333,180.2969,357.9611,0.0000,0.0000,0.0000
28.362,537.9951,-0.0982,248.6126,0.2510,3.8000,-0.4500,2.5268,180.2972,357.8792,0.0000,0.0000,0.0000
28.487,537.7358,-0.1161,248.7090,0.2510,3.8000,-0.4500,2.5268,180.2972,357.8792,0.0000,0.0000,0.0000
28.612,537.4333,-0.1376,248.8210,0.2510,3.8000,-0.4500,2.5268,180.2972,357.8792,0.0000,0.0000,0.0000
28.737,537.1733,-0.1579,248.9173,0.2510,3.8000,-0.4500,2.5194,180.2975,357.7987,0.0000,0.0000,0.0000
28.862,536.9137,-0.1772,249.0136,0.2510,3.8000,-0.4500,2.5194,180.2975,357.7987,0.0000,0.0000,0.0000
28.975,536.6541,-0.1967,249.1102,0.2510,3.8000,-0.4500,2.5194,180.2975,357.7987,0.0000,0.0000,0.0000
29.084,536.4377,-0.2131,249.1907,0.2510,3.8000,-0.4500,2.5194,180.2975,357.7987,0.0000,0.0000,0.0000
29.209,536.1348,-0.2363,249.3037,0.2510,3.8000,-0.4500,2.5194,180.2975,357.7987,0.0000,0.0000,0.0000
29.334,535.8751,-0.2564,249.3998,0.2510,3.8000,-0.4500,2.5194,180.2975,357.7987,0.0000,0.0000,0.0000
29.448,535.6157,-0.2766,249.4943,0.2510,3.8000,-0.4500,2.5194,180.2975,357.7987,0.0000,0.0000,0.0000
29.556,535.3992,-0.2937,249.5720,0.2510,3.8000,-0.4500,2.5194,180.2975,357.7987,0.0000,0.0000,0.0000
29.681,535.1395,-0.3143,249.6643,0.2510,3.8000,-0.4500,2.5194,180.2975,357.7987,0.0000,0.0000,0.0000
29.807,534.8796,-0.3351,249.7558,0.2510,3.8000,-0.4500,2.5194,180.2975,357.7987,0.0000,0.0000,0.0000
29.920,534.6199,-0.3562,249.8467,0.2510,3.8000,-0.4500,2.5194,180.2975,357.7987,0.0000,0.0000,0.0000
30.042,534.3598,-0.3774,249.9372,0.2510,3.8000,-0.4500,2.5194,180.2975,357.7987,0.0000,0.0000,0.0000
30.142,534.1428,-0.3954,250.0122,0.2510,3.8000,-0.4500,2.5194,180.2975,357.7987,0.0000,0.0000,0.0000
30.264,533.8824,-0.4172,250.1021,0.2510,3.8000,-0.4500,2.5194,180.2975,357.7987,0.0000,0.0000,0.0000
30.376,533.6221,-0.4393,250.1918,0.2510,3.8000,-0.4500,2.5194,180.2975,357.7987,0.0000,0.0000,0.0000
30.501,533.3617,-0.4617,250.2814,0.2510,3.8000,-0.4500,2.5194,180.2975,357.7987,0.0000,0.0000,0.0000
30.626,533.1013,-0.4846,250.3699,0.2510,3.8000,-0.4500,2.5194,180.2975,357.7987,0.0000,0.0000,0.0000
30.751,532.7974,-0.5118,250.4710,0.2510,3.8000,-0.4500,2.5194,180.2975,357.7987,0.0000,0.0000,0.0000
30.877,532.5367,-0.5357,250.5564,0.2510,3.8000,-0.4500,2.5194,180.2975,357.7987,0.0000,0.0000,0.0000
30.987,532.3196,-0.5559,250.6269,0.2510,3.8000,-0.4500,2.5194,180.2975,357.7987,0.0000,0.0000,0.0000
31.100,532.0585,-0.5822,250.7114,0.2510,3.8000,-0.4500,2.4880,180.2987,357.7230,0.0000,0.0000,0.0000
31.223,531.7977,-0.6072,250.7946,0.2510,3.8000,-0.4500,2.4880,180.2987,357.7230,0.0000,0.0000,0.0000
31.348,531.4933,-0.6371,250.8890,0.2510,3.8000,-0.4500,2.4880,180.2987,357.7230,0.0000,0.0000,0.0000
31.473,531.2324,-0.6631,250.9679,0.2510,3.8000,-0.4500,2.4880,180.2987,357.7230,0.0000,0.0000,0.0000
31.598,530.9716,-0.6894,251.0454,0.2510,3.8000,-0.4500,2.4880,180.2987,357.7230,0.0000,0.0000,0.0000
31.698,530.7543,-0.7115,251.1093,0.2510,3.8000,-0.4500,2.4880,180.2987,357.7230,0.0000,0.0000,0.0000
31.810,530.4935,-0.7381,251.1855,0.2510,3.8000,-0.4500,2.4880,180.2987,357.7230,0.0000,0.0000,0.0000
31.918,530.2761,-0.7604,251.2487,0.2510,3.8000,-0.4500,2.4880,180.2987,357.7230,0.0000,0.0000,0.0000
32.043,530.0151,-0.7870,251.3248,0.2510,3.8000,-0.4500,2.4880,180.2987,357.7230,0.0000,0.0000,0.0000
32.168,529.7108,-0.8179,251.4139,0.2510,3.8000,-0.4500,2.4880,180.2987,357.7230,0.0000,0.0000,0.0000
32.292,529.4499,-0.8440,251.4905,0.2510,3.8000,-0.4500,2.4880,180.2987,357.7230,0.0000,0.0000,0.0000
32.418,529.1891,-0.8697,251.5674,0.2510,3.8000,-0.4500,2.4880,180.2987,357.7230,0.0000,0.0000,0.0000
32.543,528.9285,-0.8949,251.6443,0.2510,3.8000,-0.4500,2.4880,180.2987,357.7230,0.0000,0.0000,0.0000
32.668,528.6246,-0.9234,251.7337,0.2510,3.8000,-0.4500,2.4880,180.2987,357.7231,0.0000,0.0000,0.0000
32.781,528.4075,-0.9431,251.7976,0.2510,3.8000,-0.4500,2.4880,180.2987,357.7231,0.0000,0.0000,0.0000
32.890,528.1475,-0.9659,251.8742,0.2510,3.8000,-0.4500,2.4880,180.2987,357.7231,0.0000,0.0000,0.0000
33.015,527.8875,-0.9877,251.9505,0.2510,3.8000,-0.4500,2.4880,180.2987,357.7231,0.0000,0.0000,0.0000
33.140,527.6272,-1.0085,252.0265,0.2510,3.8000,-0.4500,2.4880,180.2987,357.7231,0.0000,0.0000,0.0000
33.265,527.3674,-1.0282,252.1019,0.2510,3.8000,-0.4500,2.4880,180.2987,357.7231,0.0000,0.0000,0.0000
33.365,527.1508,-1.0437,252.1646,0.2510,3.8000,-0.4500,2.4880,180.2987,357.7231,0.0000,0.0000,0.0000
33.473,526.8912,-1.0613,252.2395,0.2510,3.8000,-0.4500,2.4880,180.2987,357.7231,0.0000,0.0000,0.0000
33.598,526.6317,-1.0778,252.3142,0.2510,3.8000,-0.4500,2.4880,180.2987,357.7231,0.0000,0.0000,0.0000
33.723,526.3723,-1.0932,252.3886,0.2510,3.8000,-0.4500,2.4880,180.2987,357.7231,0.0000,0.0000,0.0000
33.848,526.0695,-1.1100,252.4749,0.2510,3.8000,-0.4500,2.4880,180.2987,357.7231,0.0000,0.0000,0.0000
33.973,525.8100,-1.1237,252.5487,0.2510,3.8000,-0.4500,2.4880,180.2987,357.7231,0.0000,0.0000,0.0000
34.084,525.5937,-1.1348,252.6100,0.2510,3.8000,-0.4500,2.4880,180.2987,357.7231,0.0000,0.0000,0.0000
34.209,525.2908,-1.1501,252.6952,0.2510,3.8000,-0.4500,2.4880,180.2987,357.7231,0.0000,0.0000,0.0000
34.334,525.0311,-1.1633,252.7674,0.2510,3.8000,-0.4500,2.4880,180.2987,357.7231,0.0000,0.0000,0.0000
34.445,524.8145,-1.1744,252.8271,0.2510,3.8000,-0.4500,2.4880,180.2987,357.7231,0.0000,0.0000,0.0000
34.570,524.5112,-1.1902,252.9101,0.2510,3.8000,-0.4500,2.4880,180.2987,357.7231,0.0000,0.0000,0.0000
34.671,524.2944,-1.2016,252.9690,0.2510,3.8000,-0.4500,2.4880,180.2987,357.7231,0.0000,0.0000,0.0000
34.779,524.0775,-1.2128,253.0272,0.2510,3.8000,-0.4500,2.4880,180.2987,357.7231,0.0000,0.0000,0.0000
34.904,523.8172,-1.2259,253.0961,0.2510,3.8000,-0.4500,2.4880,180.2987,357.7231,0.0000,0.0000,0.0000
35.015,523.5569,-1.2383,253.1642,0.2510,3.8000,-0.4500,2.4880,180.2987,357.7231,0.0000,0.0000,0.0000
35.140,523.2966,-1.2499,253.2316,0.2510,3.8000,-0.4500,2.4880,180.2987,357.7231,0.0000,0.0000,0.0000
35.254,523.0363,-1.2605,253.2986,0.2510,3.8000,-0.4500,2.4880,180.2987,357.7231,0.0000,0.0000,0.0000
35.362,522.8192,-1.2685,253.3544,0.2510,3.8000,-0.4500,2.4880,180.2987,357.7231,0.0000,0.0000,0.0000
35.487,522.5589,-1.2768,253.4218,0.2510,3.8000,-0.4500,2.4880,180.2987,357.7231,0.0000,0.0000,0.0000
35.612,522.2554,-1.2848,253.5012,0.2510,3.8000,-0.4500,2.4880,180.2987,357.7231,0.0000,0.0000,0.0000
35.737,521.9954,-1.2902,253.5697,0.2510,3.8000,-0.4500,2.4880,180.2987,357.7231,0.0000,0.0000,0.0000
35.862,521.7352,-1.2942,253.6386,0.2510,3.8000,-0.4500,2.4880,180.2987,357.7231,0.0000,0.0000,0.0000
35.987,521.4755,-1.2969,253.7075,0.2510,3.8000,-0.4500,2.4880,180.2987,357.7231,0.0000,0.0000,0.0000
36.099,521.2156,-1.2983,253.7757,0.2510,3.8000,-0.4500,2.4880,180.2987,357.7231,0.0000,0.0000,0.0000
36.209,520.9560,-1.2986,253.8425,0.2510,3.8000,-0.4500,2.4880,180.2987,357.7231,0.0000,0.0000,0.0000
36.334,520.6967,-1.2980,253.9080,0.2510,3.8000,-0.4500,2.4880,180.2987,357.7231,0.0000,0.0000,0.0000
36.459,520.4374,-1.2966,253.9724,0.2510,3.8000,-0.4500,2.4880,180.2987,357.7231,0.0000,0.0000,0.0000
36.584,520.1782,-1.2945,254.0361,0.2510,3.8000,-0.4500,2.4880,180.2987,357.7231,0.0000,0.0000,0.0000
36.709,519.8762,-1.2915,254.1093,0.2510,3.8000,-0.4500,2.4880,180.2987,357.7231,0.0000,0.0000,0.0000
36.834,519.6173,-1.2887,254.1696,0.2510,3.8000,-0.4500,2.4880,180.2987,357.7231,0.0000,0.0000,0.0000
36.947,519.4018,-1.2864,254.2185,0.2510,3.8000,-0.4500,2.4880,180.2987,357.7231,0.0000,0.0000,0.0000
37.059,519.1436,-1.2828,254.2761,0.2510,3.8000,-0.4500,2.4446,180.3004,357.7917,0.0000,0.0000,0.0000
37.167,518.9283,-1.2796,254.3230,0.2510,3.8000,-0.4500,2.3973,180.3022,357.8611,0.0000,0.0000,0.0000
37.292,518.6266,-1.2754,254.3864,0.2510,3.8000,-0.4500,2.3501,180.3039,357.9301,0.0000,0.0000,0.0000
37.418,518.3682,-1.2717,254.4388,0.2510,3.8000,-0.4500,2.3007,180.3057,357.9966,0.0000,0.0000,0.0000
37.542,518.1097,-1.2681,254.4893,0.2510,3.8000,-0.4500,2.2513,180.3074,358.0626,0.0000,0.0000,0.0000
37.667,517.8508,-1.2655,254.5379,0.2510,3.8000,-0.4500,2.2513,180.3074,358.0626,0.0000,0.0000,0.0000
37.792,517.5493,-1.2622,254.5920,0.2510,3.8000,-0.4500,2.1975,180.3092,358.1262,0.0000,0.0000,0.0000
37.917,517.2917,-1.2596,254.6016,0.2510,3.8000,-0.4500,2.0254,180.3145,358.3076,0.0000,0.0000,0.0000
38.042,517.0332,-1.2606,254.5779,0.2510,3.8000,-0.4500,2.0254,180.3145,358.3076,0.0000,0.0000,0.0000
38.167,516.7751,-1.2632,254.5352,0.2510,3.8000,-0.4500,2.0254,180.3145,358.3076,0.0000,0.0000,0.0000
38.292,516.4749,-1.2673,254.4720,0.2510,3.8000,-0.4500,1.8921,180.3184,358.4076,0.0000,0.0000,0.0000
38.418,516.2178,-1.2730,254.4097,0.2510,3.8000,-0.4500,1.8243,180.3202,358.4554,0.0000,0.0000,0.0000
38.542,515.9619,-1.2804,254.3386,0.2510,3.8000,-0.4500,1.6853,180.3239,358.5366,0.0000,0.0000,0.0000
38.657,515.7070,-1.2903,254.2587,0.2510,3.8000,-0.4500,1.5385,180.3275,358.6039,0.0000,0.0000,0.0000
38.767,515.4526,-1.3025,254.1725,0.2510,3.8000,-0.4500,1.3861,180.3312,358.6610,0.0000,0.0000,0.0000
38.876,515.2406,-1.3144,254.0967,0.2510,3.8000,-0.4500,1.3861,180.3312,358.6610,0.0000,0.0000,0.0000
39.001,514.9868,-1.3313,254.0046,0.2510,3.8000,-0.4500,1.2283,180.3348,358.7073,0.0000,0.0000,0.0000
39.126,514.7328,-1.3511,253.9113,0.2510,3.8000,-0.4500,1.0679,180.3384,358.7446,0.0000,0.0000,0.0000
39.251,514.4370,-1.3782,253.8012,0.2510,3.8000,-0.4500,0.8179,180.3438,358.7864,0.0000,0.0000,0.0000
39.376,514.1841,-1.4050,253.7009,0.2510,3.8000,-0.4500,0.5765,180.3488,358.8142,0.0000,0.0000,0.0000
39.476,513.9738,-1.4294,253.6115,0.2510,3.8000,-0.4500,0.4154,180.3521,358.8253,0.0000,0.0000,0.0000
39.587,513.7639,-1.4555,253.5173,0.2510,3.8000,-0.4500,0.3324,180.3538,358.8289,0.0000,0.0000,0.0000
39.711,513.4707,-1.4963,253.3819,0.2510,3.8000,-0.4500,0.0817,180.3589,358.8368,0.0000,0.0000,0.0000
39.835,513.2176,-1.5344,253.2881,0.2510,3.8000,-0.4500,359.9182,180.3622,358.8389,0.0000,0.0000,0.0000
39.959,512.9622,-1.5766,253.2581,0.2510,3.8000,-0.4500,359.7528,180.3656,358.8394,0.0000,0.0000,0.0000
40.070,512.7073,-1.6242,253.2855,0.2510,3.8000,-0.4500,359.5060,180.3706,358.8340,0.0000,0.0000,0.0000
40.182,512.4959,-1.6671,253.3413,0.2510,3.8000,-0.4500,359.3426,180.3739,358.8260,0.0000,0.0000,0.0000
40.295,512.2438,-1.7216,253.4359,0.2510,3.8000,-0.4500,359.2626,180.3756,358.8211,0.0000,0.0000,0.0000
40.404,512.0344,-1.7719,253.5330,0.2510,3.8000,-0.4500,359.0101,180.3808,358.8011,0.0000,0.0000,0.0000
40.531,511.7424,-1.8442,253.6846,0.2510,3.8000,-0.4500,358.9297,180.3825,358.7944,0.0000,0.0000,0.0000
40.641,511.5340,-1.8995,253.8019,0.2510,3.8000,-0.4500,358.7661,180.3860,358.7798,0.0000,0.0000,0.0000
40.765,511.2849,-1.9663,253.9473,0.2510,3.8000,-0.4500,358.7661,180.3860,358.7798,0.0000,0.0000,0.0000
40.889,510.9945,-2.0483,254.1230,0.2510,3.8000,-0.4500,358.6035,180.3895,358.7674,0.0000,0.0000,0.0000
41.002,510.7869,-2.1067,254.2472,0.2510,3.8000,-0.4500,358.6035,180.3895,358.7674,0.0000,0.0000,0.0000
41.114,510.5371,-2.1777,254.3891,0.2510,3.8000,-0.4500,358.5222,180.3912,358.7652,0.0000,0.0000,0.0000
41.223,510.3284,-2.2358,254.4999,0.2510,3.8000,-0.4500,358.5222,180.3912,358.7652,0.0000,0.0000,0.0000
41.348,510.0358,-2.3164,254.6468,0.2510,3.8000,-0.4500,358.4404,180.3930,358.7711,0.0000,0.0000,0.0000
41.448,509.8264,-2.3720,254.7467,0.2510,3.8000,-0.4500,358.4404,180.3930,358.7711,0.0000,0.0000,0.0000
41.559,509.6166,-2.4259,254.8413,0.2510,3.8000,-0.4500,358.4404,180.3930,358.7711,0.0000,0.0000,0.0000
41.667,509.4057,-2.4767,254.8914,0.2510,3.8000,-0.4500,358.4404,180.3930,358.7711,0.0000,0.0000,0.0000
41.780,509.1551,-2.5312,254.8634,0.2510,3.8000,-0.4500,358.4404,180.3930,358.7711,0.0000,0.0000,0.0000
41.892,508.9087,-2.5788,254.7505,0.2510,3.8000,-0.4500,358.4404,180.3930,358.7711,0.0000,0.0000,0.0000
42.002,508.7063,-2.6134,254.6064,0.2510,3.8000,-0.4500,358.4404,180.3930,358.7711,0.0000,0.0000,0.0000
42.113,508.4667,-2.6488,254.3915,0.2510,3.8000,-0.4500,358.3906,180.3940,358.8369,0.0000,0.0000,0.0000
42.227,508.2704,-2.6727,254.1731,0.2510,3.8000,-0.4500,358.3191,180.3954,358.9809,0.0000,0.0000,0.0000
42.336,508.0451,-2.6943,253.7504,0.2510,3.8000,-0.4500,358.3008,180.3957,359.0602,0.0000,0.0000,0.0000
42.446,507.8654,-2.7051,253.2741,0.2510,3.8000,-0.4500,358.2840,180.3960,359.1400,0.0000,0.0000,0.0000
42.556,507.6554,-2.7108,252.6210,0.2510,3.8000,-0.4500,358.2743,180.3961,359.3079,0.0000,0.0000,0.0000
42.656,507.4823,-2.7130,252.0467,0.2510,3.8000,-0.4500,358.2722,180.3961,359.3887,0.0000,0.0000,0.0000
42.764,507.3105,-2.7112,251.4639,0.2510,3.8000,-0.4500,358.2848,180.3960,359.5543,0.0000,0.0000,0.0000
42.876,507.1044,-2.7086,250.7646,0.2510,3.8000,-0.4500,358.2921,180.3959,359.6355,0.0000,0.0000,0.0000
43.001,506.8992,-2.7021,250.0701,0.2510,3.8000,-0.4500,358.3238,180.3958,359.7951,0.0000,0.0000,0.0000
43.126,506.6931,-2.6963,249.3817,0.2510,3.8000,-0.4500,358.3238,180.3958,359.7951,0.0000,0.0000,0.0000
43.226,506.5230,-2.6851,248.8116,0.2510,3.8000,-0.4500,358.3960,180.3957,0.0329,0.0000,0.0000,0.0000
43.334,506.3179,-2.6739,248.1309,0.2510,3.8000,-0.4500,358.4265,180.3958,0.1055,0.0000,0.0000,0.0000
43.460,506.1131,-2.6605,247.4492,0.2510,3.8000,-0.4500,358.4631,180.3959,0.1795,0.0000,0.0000,0.0000
43.585,505.9097,-2.6446,246.7464,0.2510,3.8000,-0.4500,358.5005,180.3960,0.2532,0.0000,0.0000,0.0000
43.709,505.6682,-2.6219,246.0168,0.2510,3.8000,-0.4500,358.6336,180.3968,0.4582,0.0000,0.0000,0.0000
43.834,505.4510,-2.6061,245.5377,0.2510,3.8000,-0.4500,358.6336,180.3968,0.4582,0.0000,0.0000,0.0000
43.959,505.2260,-2.5847,245.1875,0.2510,3.8000,-0.4500,358.8015,180.3985,0.6455,0.0000,0.0000,0.0000
44.084,504.9932,-2.5627,244.9395,0.2510,3.8000,-0.4500,358.9325,180.4001,0.7540,0.0000,0.0000,0.0000
44.209,504.7141,-2.5335,244.7464,0.2510,3.8000,-0.4500,359.0645,180.4019,0.8563,0.0000,0.0000,0.0000
44.322,504.5118,-2.5059,244.6537,0.2510,3.8000,-0.4500,359.3622,180.4068,1.0232,0.0000,0.0000,0.0000
44.431,504.2654,-2.4733,244.5771,0.2510,3.8000,-0.4500,359.4407,180.4082,1.0588,0.0000,0.0000,0.0000
44.542,504.0597,-2.4381,244.5279,0.2510,3.8000,-0.4500,359.7552,180.4144,1.1956,0.0000,0.0000,0.0000
44.667,503.8115,-2.3940,244.4811,0.2510,3.8000,-0.4500,359.9063,180.4177,1.2579,0.0000,0.0000,0.0000
44.792,503.5226,-2.3325,244.4620,0.2510,3.8000,-0.4500,0.2134,180.4247,1.3851,0.0000,0.0000,0.0000
44.917,503.2755,-2.2728,244.4704,0.2510,3.8000,-0.4500,0.4390,180.4304,1.4835,0.0000,0.0000,0.0000
45.029,503.0293,-2.2059,244.4915,0.2510,3.8000,-0.4500,0.6697,180.4366,1.5889,0.0000,0.0000,0.0000
45.141,502.8254,-2.1429,244.5146,0.2510,3.8000,-0.4500,0.9671,180.4452,1.7343,0.0000,0.0000,0.0000
45.317,502.4593,-2.0226,244.5673,0.2510,3.8000,-0.4500,1.1831,180.4520,1.8470,0.0000,0.0000,0.0000
45.468,502.1365,-1.9001,244.6183,0.2510,3.8000,-0.4500,1.5509,180.4645,2.0522,0.0000,0.0000,0.0000
45.584,501.9359,-1.8179,244.6518,0.2510,3.8000,-0.4500,1.7698,180.4726,2.1809,0.0000,0.0000,0.0000
45.695,501.6958,-1.7162,244.6945,0.2510,3.8000,-0.4500,1.9084,180.4780,2.2634,0.0000,0.0000,0.0000
45.810,501.4569,-1.6077,244.7384,0.2510,3.8000,-0.4500,2.1180,180.4865,2.3928,0.0000,0.0000,0.0000
45.931,501.2186,-1.4968,244.7850,0.2510,3.8000,-0.4500,2.1871,180.4894,2.4357,0.0000,0.0000,0.0000
46.056,500.9818,-1.3787,244.8319,0.2510,3.8000,-0.4500,2.4018,180.4988,2.5707,0.0000,0.0000,0.0000
46.156,500.7844,-1.2807,244.8735,0.2510,3.8000,-0.4500,2.4018,180.4988,2.5706,0.0000,0.0000,0.0000
46.264,500.5881,-1.1778,244.9150,0.2510,3.8000,-0.4500,2.5411,180.5052,2.6579,0.0000,0.0000,0.0000
46.389,500.3136,-1.0328,244.9754,0.2510,3.8000,-0.4500,2.6101,180.5084,2.7004,0.0000,0.0000,0.0000
46.514,500.0789,-0.9062,245.0281,0.2510,3.8000,-0.4500,2.6809,180.5118,2.7429,0.0000,0.0000,0.0000
46.614,499.8833,-0.8007,245.0731,0.2510,3.8000,-0.4500,2.6809,180.5117,2.7429,0.0000,0.0000,0.0000
46.723,499.6879,-0.6947,245.1159,0.2510,3.8000,-0.4500,2.6809,180.5118,2.7429,0.0000,0.0000,0.0000
46.823,499.4932,-0.5880,245.1185,0.2510,3.8000,-0.4500,2.8262,180.5188,2.8224,0.0000,0.0000,0.0000
46.931,499.2589,-0.4663,245.0795,0.2510,3.8000,-0.4500,2.8262,180.5188,2.8224,0.0000,0.0000,0.0000
47.057,499.0242,-0.3477,245.0146,0.2510,3.8000,-0.4500,2.8262,180.5188,2.8224,0.0000,0.0000,0.0000
47.181,498.7894,-0.2320,244.9358,0.2510,3.8000,-0.4500,2.8262,180.5188,2.8224,0.0000,0.0000,0.0000
47.306,498.5542,-0.1191,244.8500,0.2510,3.8000,-0.4500,2.8262,180.5188,2.8224,0.0000,0.0000,0.0000
47.431,498.2793,0.0085,244.7454,0.2510,3.8000,-0.4500,2.8262,180.5188,2.8224,0.0000,0.0000,0.0000
47.543,498.0825,0.0967,244.6693,0.2510,3.8000,-0.4500,2.8262,180.5188,2.8224,0.0000,0.0000,0.0000
47.656,497.8458,0.1989,244.5776,0.2510,3.8000,-0.4500,2.8262,180.5188,2.8224,0.0000,0.0000,0.0000
47.764,497.6481,0.2807,244.5011,0.2510,3.8000,-0.4500,2.8262,180.5188,2.8224,0.0000,0.0000,0.0000
47.889,497.3705,0.3896,244.3941,0.2510,3.8000,-0.4500,2.8262,180.5188,2.8224,0.0000,0.0000,0.0000
48.002,497.1720,0.4628,244.3134,0.2510,3.8000,-0.4500,2.8262,180.5188,2.8224,0.0000,0.0000,0.0000
48.112,496.9343,0.5448,244.2013,0.2510,3.8000,-0.4500,2.8262,180.5188,2.8224,0.0000,0.0000,0.0000
48.222,496.7343,0.6016,244.0955,0.2510,3.8000,-0.4500,2.7094,180.5134,2.5046,0.0000,0.0000,0.0000
48.346,496.4967,0.6696,243.9548,0.2510,3.8000,-0.4500,2.6781,180.5121,2.4298,0.0000,0.0000,0.0000
48.457,496.2571,0.7256,243.8052,0.2510,3.8000,-0.4500,2.4945,180.5048,2.1192,0.0000,0.0000,0.0000
48.568,496.0186,0.7782,243.6441,0.2510,3.8000,-0.4500,2.4035,180.5015,1.9753,0.0000,0.0000,0.0000
48.679,495.8201,0.8143,243.4924,0.2510,3.8000,-0.4500,2.2506,180.4965,1.7661,0.0000,0.0000,0.0000
48.804,495.5821,0.8488,243.2881,0.2510,3.8000,-0.4500,1.9902,180.4893,1.4340,0.0000,0.0000,0.0000
48.905,495.3858,0.8771,243.1010,0.2510,3.8000,-0.4500,1.9400,180.4880,1.3736,0.0000,0.0000,0.0000
49.022,495.1492,0.9000,242.8646,0.2510,3.8000,-0.4500,1.7125,180.4831,1.1095,0.0000,0.0000,0.0000
49.136,494.9134,0.9196,242.6183,0.2510,3.8000,-0.4500,1.6035,180.4811,0.9850,0.0000,0.0000,0.0000
49.236,494.7147,0.9291,242.4255,0.2510,3.8000,-0.4500,1.4380,180.4785,0.8017,0.0000,0.0000,0.0000
49.348,494.4711,0.9327,242.2431,0.2510,3.8000,-0.4500,1.1513,180.4753,0.4916,0.0000,0.0000,0.0000
49.457,494.2656,0.9374,242.1316,0.2510,3.8000,-0.4500,1.1513,180.4753,0.4916,0.0000,0.0000,0.0000
49.581,494.0121,0.9274,242.0423,0.2510,3.8000,-0.4500,0.7909,180.4734,0.1135,0.0000,0.0000,0.0000
49.682,493.7997,0.9199,241.9932,0.2510,3.8000,-0.4500,0.7325,180.4733,0.0534,0.0000,0.0000,0.0000
49.790,493.5413,0.9013,241.9576,0.2510,3.8000,-0.4500,0.5538,180.4734,359.8703,0.0000,0.0000,0.0000
49.915,493.2804,0.8724,241.9391,0.2510,3.8000,-0.4500,0.2580,180.4749,359.5720,0.0000,0.0000,0.0000
50.040,493.0192,0.8392,241.9354,0.2510,3.8000,-0.4500,0.0811,180.4765,359.3967,0.0000,0.0000,0.0000
50.165,492.7580,0.8005,241.9430,0.2510,3.8000,-0.4500,359.9651,180.4778,359.2827,0.0000,0.0000,0.0000
50.277,492.4959,0.7520,241.9603,0.2510,3.8000,-0.4500,359.7284,180.4812,359.0531,0.0000,0.0000,0.0000
50.401,492.2350,0.7016,241.9836,0.2510,3.8000,-0.4500,359.6700,180.4822,358.9968,0.0000,0.0000,0.0000
50.513,491.9728,0.6406,242.0136,0.2510,3.8000,-0.4500,359.4188,180.4872,358.7584,0.0000,0.0000,0.0000
50.623,491.7552,0.5893,242.0413,0.2510,3.8000,-0.4500,359.3583,180.4885,358.7018,0.0000,0.0000,0.0000
50.748,491.4504,0.5111,242.0849,0.2510,3.8000,-0.4500,359.2371,180.4914,358.5886,0.0000,0.0000,0.0000
50.874,491.1891,0.4390,242.1260,0.2510,3.8000,-0.4500,359.1154,180.4945,358.4765,0.0000,0.0000,0.0000
50.998,490.9279,0.3632,242.1699,0.2510,3.8000,-0.4500,358.9906,180.4979,358.3635,0.0000,0.0000,0.0000
51.124,490.6674,0.2872,242.2156,0.2510,3.8000,-0.4500,358.9906,180.4979,358.3635,0.0000,0.0000,0.0000
51.248,490.3629,0.1906,242.2730,0.2510,3.8000,-0.4500,358.7988,180.5037,358.2005,0.0000,0.0000,0.0000
51.374,490.1028,0.1091,242.3146,0.2510,3.8000,-0.4500,358.7988,180.5037,358.2005,0.0000,0.0000,0.0000
51.499,489.8423,0.0242,242.3201,0.2510,3.8000,-0.4500,358.6611,180.5081,358.1074,0.0000,0.0000,0.0000
51.612,489.5824,-0.0584,242.3012,0.2510,3.8000,-0.4500,358.6611,180.5081,358.1074,0.0000,0.0000,0.0000
51.721,489.3658,-0.1286,242.2763,0.2510,3.8000,-0.4500,358.5859,180.5106,358.0725,0.0000,0.0000,0.0000
51.846,489.1060,-0.2125,242.2393,0.2510,3.8000,-0.4500,358.5107,180.5132,358.0389,0.0000,0.0000,0.0000
51.958,488.8467,-0.2948,242.1975,0.2510,3.8000,-0.4500,358.5107,180.5132,358.0389,0.0000,0.0000,0.0000
52.068,488.5876,-0.3772,242.1541,0.2510,3.8000,-0.4500,358.4306,180.5159,358.0271,0.0000,0.0000,0.0000
52.193,488.3287,-0.4575,242.1088,0.2510,3.8000,-0.4500,358.4306,180.5159,358.0271,0.0000,0.0000,0.0000
52.304,488.1131,-0.5236,242.0713,0.2510,3.8000,-0.4500,358.3488,180.5187,358.0356,0.0000,0.0000,0.0000
52.429,487.8117,-0.6136,242.0178,0.2510,3.8000,-0.4500,358.2677,180.5215,358.0457,0.0000,0.0000,0.0000
52.554,487.5540,-0.6874,241.9676,0.2510,3.8000,-0.4500,358.2677,180.5215,358.0457,0.0000,0.0000,0.0000
52.679,487.2976,-0.7579,241.9100,0.2510,3.8000,-0.4500,358.1953,180.5240,358.0836,0.0000,0.0000,0.0000
52.807,487.0427,-0.8239,241.8448,0.2510,3.8000,-0.4500,358.0639,180.5282,358.1877,0.0000,0.0000,0.0000
52.929,486.7462,-0.8960,241.7607,0.2510,3.8000,-0.4500,358.0120,180.5298,358.2545,0.0000,0.0000,0.0000
53.042,486.5354,-0.9431,241.6982,0.2510,3.8000,-0.4500,357.9137,180.5327,358.3905,0.0000,0.0000,0.0000
53.151,486.2817,-0.9968,241.6284,0.2510,3.8000,-0.4500,357.8809,180.5336,358.4648,0.0000,0.0000,0.0000
53.263,486.0704,-1.0372,241.5798,0.2510,3.8000,-0.4500,357.8279,180.5350,358.6232,0.0000,0.0000,0.0000
53.376,485.8152,-1.0837,241.5324,0.2510,3.8000,-0.4500,357.8063,180.5355,358.7004,0.0000,0.0000,0.0000
53.484,485.6035,-1.1163,241.5003,0.2510,3.8000,-0.4500,357.7821,180.5360,358.9513,0.0000,0.0000,0.0000
53.584,485.3904,-1.1489,241.4738,0.2510,3.8000,-0.4500,357.7771,180.5361,359.0314,0.0000,0.0000,0.0000
53.693,485.1339,-1.1861,241.4523,0.2510,3.8000,-0.4500,357.7771,180.5361,359.0314,0.0000,0.0000,0.0000
53.804,484.9218,-1.2098,241.4522,0.2510,3.8000,-0.4500,357.8143,180.5355,359.2817,0.0000,0.0000,0.0000
53.929,484.6230,-1.2438,241.4658,0.2510,3.8000,-0.4500,357.8363,180.5353,359.3589,0.0000,0.0000,0.0000
54.041,484.4102,-1.2631,241.4800,0.2510,3.8000,-0.4500,357.8990,180.5347,359.5152,0.0000,0.0000,0.0000
54.152,484.1541,-1.2854,241.4980,0.2510,3.8000,-0.4500,357.9313,180.5344,359.5907,0.0000,0.0000,0.0000
54.263,483.9406,-1.3014,241.5123,0.2510,3.8000,-0.4500,357.9765,180.5341,359.6569,0.0000,0.0000,0.0000
54.376,483.6841,-1.3183,241.5285,0.2510,3.8000,-0.4500,358.0306,180.5338,359.7192,0.0000,0.0000,0.0000
54.485,483.4703,-1.3301,241.5411,0.2510,3.8000,-0.4500,358.0911,180.5336,359.7762,0.0000,0.0000,0.0000
54.610,483.1709,-1.3447,241.5570,0.2510,3.8000,-0.4500,358.1526,180.5333,359.8318,0.0000,0.0000,0.0000
54.734,482.9141,-1.3547,241.5689,0.2510,3.8000,-0.4500,358.2224,180.5332,359.8759,0.0000,0.0000,0.0000
54.859,482.6576,-1.3604,241.5786,0.2510,3.8000,-0.4500,358.4579,180.5329,359.9826,0.0000,0.0000,0.0000
54.985,482.4003,-1.3670,241.5882,0.2510,3.8000,-0.4500,358.5393,180.5329,0.0031,0.0000,0.0000,0.0000
55.110,482.1000,-1.3709,241.5965,0.2510,3.8000,-0.4500,358.7895,180.5330,0.0482,0.0000,0.0000,0.0000
55.235,481.8421,-1.3743,241.6031,0.2510,3.8000,-0.4500,358.8741,180.5331,0.0504,0.0000,0.0000,0.0000
55.359,481.5839,-1.3750,241.6074,0.2510,3.8000,-0.4500,359.1257,180.5333,0.0505,0.0000,0.0000,0.0000
55.485,481.3253,-1.3754,241.6114,0.2510,3.8000,-0.4500,359.2917,180.5334,0.0291,0.0000,0.0000,0.0000
55.609,481.0231,-1.3746,241.6150,0.2510,3.8000,-0.4500,359.4539,180.5334,0.0046,0.0000,0.0000,0.0000
55.720,480.8068,-1.3730,241.6159,0.2510,3.8000,-0.4500,359.6978,180.5333,359.9433,0.0000,0.0000,0.0000
55.845,480.5472,-1.3709,241.6178,0.2510,3.8000,-0.4500,359.7776,180.5332,359.9184,0.0000,0.0000,0.0000
55.970,480.2437,-1.3672,241.6187,0.2510,3.8000,-0.4500,0.0131,180.5327,359.8401,0.0000,0.0000,0.0000
56.083,480.0265,-1.3642,241.6190,0.2510,3.8000,-0.4500,0.2403,180.5319,359.7501,0.0000,0.0000,0.0000
56.193,479.7664,-1.3602,241.6217,0.2510,3.8000,-0.4500,0.2403,180.5319,359.7501,0.0000,0.0000,0.0000
56.308,479.5052,-1.3558,241.6206,0.2510,3.8000,-0.4500,0.4679,180.5307,359.6460,0.0000,0.0000,0.0000
56.417,479.2875,-1.3522,241.6146,0.2510,3.8000,-0.4500,0.6151,180.5297,359.5715,0.0000,0.0000,0.0000
56.526,479.0700,-1.3486,241.6053,0.2510,3.8000,-0.4500,0.6881,180.5292,359.5320,0.0000,0.0000,0.0000
56.651,478.7648,-1.3439,241.5862,0.2510,3.8000,-0.4500,0.9034,180.5272,359.4113,0.0000,0.0000,0.0000
56.776,478.5032,-1.3403,241.5662,0.2510,3.8000,-0.4500,1.0412,180.5257,359.3246,0.0000,0.0000,0.0000
56.901,478.2415,-1.3373,241.5425,0.2510,3.8000,-0.4500,1.1787,180.5239,359.2311,0.0000,0.0000,0.0000
57.026,477.9799,-1.3352,241.5128,0.2510,3.8000,-0.4500,1.3109,180.5220,359.1351,0.0000,0.0000,0.0000
57.140,477.7191,-1.3332,241.4772,0.2510,3.8000,-0.4500,1.3109,180.5220,359.1351,0.0000,0.0000,0.0000
57.249,477.4577,-1.3331,241.4351,0.2510,3.8000,-0.4500,1.4399,180.5200,359.0324,0.0000,0.0000,0.0000
57.373,477.1963,-1.3343,241.3886,0.2510,3.8000,-0.4500,1.5660,180.5177,358.9206,0.0000,0.0000,0.0000
57.499,476.9351,-1.3363,241.3395,0.2510,3.8000,-0.4500,1.6264,180.5165,358.8625,0.0000,0.0000,0.0000
57.623,476.6734,-1.3394,241.2919,0.2510,3.8000,-0.4500,1.6865,180.5153,358.8043,0.0000,0.0000,0.0000
57.748,476.3666,-1.3459,241.2420,0.2510,3.8000,-0.4500,1.8530,180.5116,358.6237,0.0000,0.0000,0.0000
57.859,476.1481,-1.3494,241.2296,0.2510,3.8000,-0.4500,1.8530,180.5116,358.6238,0.0000,0.0000,0.0000
57.971,475.8857,-1.3540,241.2341,0.2510,3.8000,-0.4500,1.8530,180.5116,358.6238,0.0000,0.0000,0.0000
58.096,475.6217,-1.3618,241.2500,0.2510,3.8000,-0.4500,2.0024,180.5077,358.4231,0.0000,0.0000,0.0000
58.221,475.3590,-1.3681,241.2755,0.2510,3.8000,-0.4500,2.0024,180.5077,358.4231,0.0000,0.0000,0.0000
58.332,475.0964,-1.3756,241.3068,0.2510,3.8000,-0.4500,2.0024,180.5077,358.4231,0.0000,0.0000,0.0000
58.457,474.8330,-1.3851,241.3418,0.2510,3.8000,-0.4500,2.0443,180.5066,358.3533,0.0000,0.0000,0.0000
58.582,474.5693,-1.3970,241.3794,0.2510,3.8000,-0.4500,2.1213,180.5043,358.2057,0.0000,0.0000,0.0000
58.682,474.3503,-1.4061,241.4134,0.2510,3.8000,-0.4500,2.1213,180.5043,358.2057,0.0000,0.0000,0.0000
58.792,474.0875,-1.4181,241.4559,0.2510,3.8000,-0.4500,2.1213,180.5043,358.2057,0.0000,0.0000,0.0000
58.903,473.8683,-1.4290,241.4911,0.2510,3.8000,-0.4500,2.1213,180.5043,358.2057,0.0000,0.0000,0.0000
59.012,473.6045,-1.4440,241.5313,0.2510,3.8000,-0.4500,2.1509,180.5033,358.1309,0.0000,0.0000,0.0000
59.138,473.3413,-1.4599,241.5361,0.2510,3.8000,-0.4500,2.1509,180.5033,358.1309,0.0000,0.0000,0.0000
59.262,473.0780,-1.4778,241.5107,0.2510,3.8000,-0.4500,2.1509,180.5033,358.1309,0.0000,0.0000,0.0000
59.387,472.8148,-1.4968,241.4693,0.2510,3.8000,-0.4500,2.1509,180.5033,358.1309,0.0000,0.0000,0.0000
59.512,472.5078,-1.5197,241.4091,0.2510,3.8000,-0.4500,2.1509,180.5033,358.1308,0.0000,0.0000,0.0000
59.637,472.2449,-1.5395,241.3503,0.2510,3.8000,-0.4500,2.1509,180.5033,358.1308,0.0000,0.0000,0.0000
59.749,471.9824,-1.5589,241.2865,0.2510,3.8000,-0.4500,2.1509,180.5033,358.1308,0.0000,0.0000,0.0000
59.860,471.7639,-1.5746,241.2308,0.2510,3.8000,-0.4500,2.1509,180.5033,358.1308,0.0000,0.0000,0.0000
59.985,471.5019,-1.5924,241.1617,0.2510,3.8000,-0.4500,2.1509,180.5033,358.1308,0.0000,0.0000,0.0000
60.109,471.1966,-1.6115,241.0815,0.2510,3.8000,-0.4500,2.1509,180.5033,358.1308,0.0000,0.0000,0.0000
60.234,470.9347,-1.6259,241.0149,0.2510,3.8000,-0.4500,2.1509,180.5033,358.1308,0.0000,0.0000,0.0000
60.360,470.6729,-1.6382,240.9504,0.2510,3.8000,-0.4500,2.1509,180.5033,358.1308,0.0000,0.0000,0.0000
60.484,470.4113,-1.6480,240.8871,0.2510,3.8000,-0.4500,2.1509,180.5033,358.1308,0.0000,0.0000,0.0000
60.609,470.1063,-1.6559,240.8145,0.2510,3.8000,-0.4500,2.1509,180.5033,358.1308,0.0000,0.0000,0.0000
60.734,469.8452,-1.6594,240.7527,0.2510,3.8000,-0.4500,2.1509,180.5033,358.1308,0.0000,0.0000,0.0000
60.859,469.5844,-1.6596,240.6913,0.2510,3.8000,-0.4500,2.1509,180.5033,358.1308,0.0000,0.0000,0.0000
60.984,469.3241,-1.6561,240.6299,0.2510,3.8000,-0.4500,2.1508,180.5033,358.1308,0.0000,0.0000,0.0000
61.109,469.0209,-1.6470,240.5584,0.2510,3.8000,-0.4500,2.1508,180.5033,358.1308,0.0000,0.0000,0.0000
61.234,468.7615,-1.6347,240.4970,0.2510,3.8000,-0.4500,2.1508,180.5033,358.1308,0.0000,0.0000,0.0000
61.359,468.5042,-1.6133,240.4449,0.2510,3.8000,-0.4500,2.1863,180.5022,358.3768,0.0000,0.0000,0.0000
61.485,468.2466,-1.5873,240.4306,0.2510,3.8000,-0.4500,2.2094,180.5016,358.5462,0.0000,0.0000,0.0000
61.609,467.9474,-1.5471,240.4390,0.2510,3.8000,-0.4500,2.2541,180.5006,358.8830,0.0000,0.0000,0.0000
61.735,467.6911,-1.5076,240.4546,0.2510,3.8000,-0.4500,2.2868,180.5000,359.1307,0.0000,0.0000,0.0000
61.848,467.4346,-1.4645,240.4719,0.2510,3.8000,-0.4500,2.3085,180.4997,359.2949,0.0000,0.0000,0.0000
61.959,467.2209,-1.4258,240.4854,0.2510,3.8000,-0.4500,2.3194,180.4996,359.3767,0.0000,0.0000,0.0000
62.082,466.9659,-1.3720,240.4995,0.2510,3.8000,-0.4500,2.3523,180.4993,359.6238,0.0000,0.0000,0.0000
62.206,466.7121,-1.3116,240.5114,0.2510,3.8000,-0.4500,2.3973,180.4992,359.9629,0.0000,0.0000,0.0000
62.332,466.4150,-1.2407,240.5234,0.2510,3.8000,-0.4500,2.4085,180.4992,0.0484,0.0000,0.0000,0.0000
62.457,466.1628,-1.1714,240.5323,0.2510,3.8000,-0.4500,2.4420,180.4993,0.3054,0.0000,0.0000,0.0000
62.582,465.9120,-1.0961,240.5412,0.2510,3.8000,-0.4500,2.4837,180.4996,0.6356,0.0000,0.0000,0.0000
62.707,465.6603,-1.0225,240.5525,0.2510,3.8000,-0.4500,2.4837,180.4996,0.6356,0.0000,0.0000,0.0000
62.821,465.4122,-0.9385,240.5655,0.2510,3.8000,-0.4500,2.5225,180.5001,0.9640,0.0000,0.0000,0.0000
62.929,465.1631,-0.8564,240.5822,0.2510,3.8000,-0.4500,2.5225,180.5001,0.9640,0.0000,0.0000,0.0000
63.054,464.9177,-0.7646,240.6013,0.2510,3.8000,-0.4500,2.5578,180.5008,1.2948,0.0000,0.0000,0.0000
63.179,464.6717,-0.6754,240.6142,0.2510,3.8000,-0.4500,2.5578,180.5008,1.2948,0.0000,0.0000,0.0000
63.304,464.4410,-0.5858,240.4323,0.2510,3.8000,-0.4500,2.5808,180.5014,1.5482,0.0000,0.0000,0.0000
63.405,464.2608,-0.5229,240.0762,0.2510,3.8000,-0.4500,2.5808,180.5014,1.5481,0.0000,0.0000,0.0000
63.517,464.0558,-0.4514,239.4924,0.2510,3.8000,-0.4500,2.5937,180.5018,1.7162,0.0000,0.0000,0.0000
63.633,463.8554,-0.3867,238.8244,0.2510,3.8000,-0.4500,2.5937,180.5018,1.7162,0.0000,0.0000,0.0000
63.734,463.6903,-0.3336,238.2418,0.2510,3.8000,-0.4500,2.5937,180.5018,1.7162,0.0000,0.0000,0.0000
63.845,463.5285,-0.2763,237.6449,0.2510,3.8000,-0.4500,2.6100,180.5023,1.9641,0.0000,0.0000,0.0000
63.959,463.3320,-0.2264,236.9335,0.2510,3.8000,-0.4500,2.6100,180.5023,1.9641,0.0000,0.0000,0.0000
64.068,463.1251,-0.2110,236.3325,0.2510,3.8000,-0.4500,2.6163,180.5025,1.8507,0.0000,0.0000,0.0000
64.181,462.9353,-0.2092,235.9510,0.2510,3.8000,-0.4500,2.6436,180.5032,0.8849,0.0000,0.0000,0.0000
64.290,462.6896,-0.2410,235.6308,0.2510,3.8000,-0.4500,2.6670,180.5033,359.3012,0.0000,0.0000,0.0000
64.390,462.4784,-0.2747,235.4517,0.2510,3.8000,-0.4500,2.6823,180.5029,358.3632,0.0000,0.0000,0.0000
64.499,462.2658,-0.2961,235.3206,0.2510,3.8000,-0.4500,2.6881,180.5028,358.0240,0.0000,0.0000,0.0000
64.624,462.0097,-0.3123,235.1937,0.2510,3.8000,-0.4500,2.6881,180.5028,358.0240,0.0000,0.0000,0.0000
64.749,461.7088,-0.3277,235.0647,0.2510,3.8000,-0.4500,2.6881,180.5028,358.0240,0.0000,0.0000,0.0000
64.862,461.4933,-0.3361,234.9778,0.2510,3.8000,-0.4500,2.6881,180.5028,358.0240,0.0000,0.0000,0.0000
64.971,461.2347,-0.3432,234.8757,0.2510,3.8000,-0.4500,2.6881,180.5028,358.0240,0.0000,0.0000,0.0000
65.096,460.9763,-0.3472,234.7741,0.2510,3.8000,-0.4500,2.6881,180.5028,358.0240,0.0000,0.0000,0.0000
65.221,460.7184,-0.3481,234.6688,0.2510,3.8000,-0.4500,2.6881,180.5028,358.0240,0.0000,0.0000,0.0000
65.346,460.4614,-0.3463,234.5579,0.2510,3.8000,-0.4500,2.6881,180.5028,358.0240,0.0000,0.0000,0.0000
65.471,460.1624,-0.3404,234.4224,0.2510,3.8000,-0.4500,2.6881,180.5028,358.0240,0.0000,0.0000,0.0000
65.596,459.9071,-0.3320,234.3024,0.2510,3.8000,-0.4500,2.6881,180.5028,358.0240,0.0000,0.0000,0.0000
65.721,459.6523,-0.3205,234.1806,0.2510,3.8000,-0.4500,2.6881,180.5028,358.0240,0.0000,0.0000,0.0000
65.845,459.3970,-0.3052,234.0680,0.2510,3.8000,-0.4500,2.6881,180.5028,358.0240,0.0000,0.0000,0.0000
65.971,459.0995,-0.2775,233.9579,0.2510,3.8000,-0.4500,2.7005,180.5024,358.2754,0.0000,0.0000,0.0000
66.084,458.8861,-0.2544,233.8916,0.2510,3.8000,-0.4500,2.7086,180.5021,358.4423,0.0000,0.0000,0.0000
66.193,458.6289,-0.2250,233.8226,0.2510,3.8000,-0.4500,2.7127,180.5020,358.5245,0.0000,0.0000,0.0000
66.318,458.3731,-0.1869,233.7622,0.2510,3.8000,-0.4500,2.7301,180.5016,358.8669,0.0000,0.0000,0.0000
66.443,458.1151,-0.1503,233.7319,0.2510,3.8000,-0.4500,2.7301,180.5016,358.8669,0.0000,0.0000,0.0000
66.568,457.8158,-0.0974,233.7241,0.2510,3.8000,-0.4500,2.7435,180.5014,359.1161,0.0000,0.0000,0.0000
66.693,457.5585,-0.0503,233.7276,0.2510,3.8000,-0.4500,2.7480,180.5013,359.1969,0.0000,0.0000,0.0000
66.821,457.3017,0.0002,233.7345,0.2510,3.8000,-0.4500,2.7526,180.5013,359.2797,0.0000,0.0000,0.0000
66.930,457.0457,0.0552,233.7417,0.2510,3.8000,-0.4500,2.7618,180.5011,359.4463,0.0000,0.0000,0.0000
67.043,456.8327,0.1036,233.7470,0.2510,3.8000,-0.4500,2.7708,180.5011,359.6159,0.0000,0.0000,0.0000
67.165,456.5767,0.1617,233.7519,0.2510,3.8000,-0.4500,2.7751,180.5011,359.6987,0.0000,0.0000,0.0000
67.290,456.2788,0.2336,233.7559,0.2510,3.8000,-0.4500,2.7821,180.5010,359.8655,0.0000,0.0000,0.0000
67.415,456.0237,0.2962,233.7581,0.2510,3.8000,-0.4500,2.7853,180.5010,359.9468,0.0000,0.0000,0.0000
67.526,455.8110,0.3485,233.7593,0.2510,3.8000,-0.4500,2.7853,180.5010,359.9468,0.0000,0.0000,0.0000
67.651,455.5138,0.4249,233.7604,0.2510,3.8000,-0.4500,2.7867,180.5010,0.0267,0.0000,0.0000,0.0000
67.777,455.2602,0.4933,233.7610,0.2510,3.8000,-0.4500,2.7850,180.5010,0.1934,0.0000,0.0000,0.0000
67.901,455.0060,0.5597,233.7619,0.2510,3.8000,-0.4500,2.7850,180.5010,0.1934,0.0000,0.0000,0.0000
68.027,454.7521,0.6266,233.7631,0.2510,3.8000,-0.4500,2.7850,180.5010,0.1934,0.0000,0.0000,0.0000
68.151,454.4561,0.7050,233.7652,0.2510,3.8000,-0.4500,2.7850,180.5010,0.1934,0.0000,0.0000,0.0000
68.276,454.2037,0.7748,233.7676,0.2510,3.8000,-0.4500,2.7648,180.5009,0.3567,0.0000,0.0000,0.0000
68.401,453.9506,0.8414,233.7711,0.2510,3.8000,-0.4500,2.7648,180.5009,0.3567,0.0000,0.0000,0.0000
68.515,453.6975,0.9072,233.7755,0.2510,3.8000,-0.4500,2.7648,180.5009,0.3567,0.0000,0.0000,0.0000
68.623,453.4867,0.9611,233.7795,0.2510,3.8000,-0.4500,2.7648,180.5009,0.3567,0.0000,0.0000,0.0000
68.748,453.1916,1.0349,233.7855,0.2510,3.8000,-0.4500,2.7648,180.5009,0.3567,0.0000,0.0000,0.0000
68.860,452.9807,1.0861,233.7900,0.2510,3.8000,-0.4500,2.7648,180.5009,0.3567,0.0000,0.0000,0.0000
68.984,452.7275,1.1456,233.7957,0.2510,3.8000,-0.4500,2.7648,180.5009,0.3567,0.0000,0.0000,0.0000
69.109,452.4319,1.2119,233.8027,0.2510,3.8000,-0.4500,2.7648,180.5009,0.3567,0.0000,0.0000,0.0000
69.234,452.1784,1.2658,233.8096,0.2510,3.8000,-0.4500,2.7648,180.5009,0.3567,0.0000,0.0000,0.0000
69.346,451.9668,1.3084,233.8163,0.2510,3.8000,-0.4500,2.7648,180.5009,0.3567,0.0000,0.0000,0.0000
69.457,451.7127,1.3566,233.8253,0.2510,3.8000,-0.4500,2.7648,180.5009,0.3567,0.0000,0.0000,0.0000
69.582,451.4586,1.4013,233.8360,0.2510,3.8000,-0.4500,2.6900,180.5005,0.3857,0.0000,0.0000,0.0000
69.707,451.2040,1.4415,233.8473,0.2510,3.8000,-0.4500,2.5282,180.4993,0.4138,0.0000,0.0000,0.0000
69.832,450.9061,1.4836,233.8568,0.2510,3.8000,-0.4500,2.4455,180.4987,0.4105,0.0000,0.0000,0.0000
69.943,450.6927,1.5092,233.8597,0.2510,3.8000,-0.4500,2.2814,180.4976,0.3993,0.0000,0.0000,0.0000
70.056,450.4360,1.5357,233.8546,0.2510,3.8000,-0.4500,2.1253,180.4965,0.3610,0.0000,0.0000,0.0000
70.168,450.1790,1.5596,233.8438,0.2510,3.8000,-0.4500,2.1253,180.4965,0.3610,0.0000,0.0000,0.0000
70.276,449.9639,1.5728,233.8350,0.2510,3.8000,-0.4500,1.8861,180.4952,0.2678,0.0000,0.0000,0.0000
70.387,449.7490,1.5864,233.8253,0.2510,3.8000,-0.4500,1.8861,180.4952,0.2678,0.0000,0.0000,0.0000
70.499,449.4898,1.5952,233.8208,0.2510,3.8000,-0.4500,1.6606,180.4944,0.1550,0.0000,0.0000,0.0000
70.624,449.2303,1.6007,233.8195,0.2510,3.8000,-0.4500,1.5158,180.4941,0.0712,0.0000,0.0000,0.0000
70.749,448.9271,1.6022,233.8206,0.2510,3.8000,-0.4500,1.3752,180.4940,359.9853,0.0000,0.0000,0.0000
70.874,448.6668,1.5985,233.8239,0.2510,3.8000,-0.4500,1.2380,180.4942,359.8976,0.0000,0.0000,0.0000
70.986,448.4497,1.5917,233.8299,0.2510,3.8000,-0.4500,1.0991,180.4945,359.8063,0.0000,0.0000,0.0000
71.095,448.1893,1.5806,233.8414,0.2510,3.8000,-0.4500,0.9660,180.4951,359.7184,0.0000,0.0000,0.0000
71.221,447.9289,1.5655,233.8574,0.2510,3.8000,-0.4500,0.8266,180.4959,359.6276,0.0000,0.0000,0.0000
71.346,447.6689,1.5481,233.8763,0.2510,3.8000,-0.4500,0.7577,180.4963,359.5829,0.0000,0.0000,0.0000
71.470,447.3654,1.5223,233.9014,0.2510,3.8000,-0.4500,0.6170,180.4975,359.4961,0.0000,0.0000,0.0000
71.570,447.1483,1.5005,233.9202,0.2510,3.8000,-0.4500,0.4746,180.4988,359.4130,0.0000,0.0000,0.0000
71.679,446.9313,1.4780,233.9390,0.2510,3.8000,-0.4500,0.4048,180.4996,359.3747,0.0000,0.0000,0.0000
71.792,446.6711,1.4487,233.9624,0.2510,3.8000,-0.4500,0.3353,180.5004,359.3375,0.0000,0.0000,0.0000
71.903,446.4539,1.4211,233.9832,0.2510,3.8000,-0.4500,0.1875,180.5022,359.2682,0.0000,0.0000,0.0000
72.026,446.1939,1.3888,234.0082,0.2510,3.8000,-0.4500,0.1875,180.5022,359.2682,0.0000,0.0000,0.0000
72.150,445.8903,1.3464,234.0406,0.2510,3.8000,-0.4500,0.0353,180.5042,359.2079,0.0000,0.0000,0.0000
72.275,445.6302,1.3084,234.0701,0.2510,3.8000,-0.4500,359.8763,180.5064,359.1618,0.0000,0.0000,0.0000
72.401,445.3707,1.2711,234.0999,0.2510,3.8000,-0.4500,359.8763,180.5064,359.1618,0.0000,0.0000,0.0000
72.526,445.1112,1.2312,234.1322,0.2510,3.8000,-0.4500,359.7137,180.5089,359.1337,0.0000,0.0000,0.0000
72.650,444.8088,1.1858,234.1712,0.2510,3.8000,-0.4500,359.7137,180.5089,359.1337,0.0000,0.0000,0.0000
72.776,444.5500,1.1451,234.2078,0.2510,3.8000,-0.4500,359.5508,180.5113,359.1265,0.0000,0.0000,0.0000
72.901,444.2916,1.1057,234.2448,0.2510,3.8000,-0.4500,359.5508,180.5113,359.1265,0.0000,0.0000,0.0000
73.025,444.0334,1.0653,234.2839,0.2510,3.8000,-0.4500,359.3882,180.5138,359.1434,0.0000,0.0000,0.0000
73.139,443.7755,1.0262,234.3219,0.2510,3.8000,-0.4500,359.3882,180.5138,359.1434,0.0000,0.0000,0.0000
73.262,443.5180,0.9868,234.3603,0.2510,3.8000,-0.4500,359.2285,180.5161,359.1836,0.0000,0.0000,0.0000
73.387,443.2603,0.9485,234.3968,0.2510,3.8000,-0.4500,359.2285,180.5161,359.1836,0.0000,0.0000,0.0000
73.512,442.9602,0.9042,234.4394,0.2510,3.8000,-0.4500,359.0766,180.5182,359.2442,0.0000,0.0000,0.0000
73.637,442.7028,0.8668,234.4737,0.2510,3.8000,-0.4500,359.0034,180.5191,359.2766,0.0000,0.0000,0.0000
73.765,442.4454,0.8298,234.5053,0.2510,3.8000,-0.4500,358.9319,180.5200,359.3139,0.0000,0.0000,0.0000
73.877,442.1881,0.7929,234.5347,0.2510,3.8000,-0.4500,358.8612,180.5208,359.3524,0.0000,0.0000,0.0000
73.988,441.9305,0.7557,234.5618,0.2510,3.8000,-0.4500,358.8612,180.5208,359.3524,0.0000,0.0000,0.0000
74.100,441.7162,0.7247,234.5843,0.2510,3.8000,-0.4500,358.7176,180.5224,359.4304,0.0000,0.0000,0.0000
74.210,441.4585,0.6866,234.6069,0.2510,3.8000,-0.4500,358.7176,180.5224,359.4304,0.0000,0.0000,0.0000
74.321,441.2437,0.6544,234.6158,0.2510,3.8000,-0.4500,358.7176,180.5224,359.4304,0.0000,0.0000,0.0000
74.432,440.9859,0.6154,234.6180,0.2510,3.8000,-0.4500,358.7176,180.5224,359.4304,0.0000,0.0000,0.0000
74.544,440.7712,0.5822,234.6163,0.2510,3.8000,-0.4500,358.6425,180.5231,359.4617,0.0000,0.0000,0.0000
74.653,440.5132,0.5416,234.6112,0.2510,3.8000,-0.4500,358.6425,180.5231,359.4617,0.0000,0.0000,0.0000
74.761,440.2982,0.5070,234.6052,0.2510,3.8000,-0.4500,358.6425,180.5231,359.4617,0.0000,0.0000,0.0000
74.887,440.0405,0.4646,234.5966,0.2510,3.8000,-0.4500,358.5640,180.5238,359.4844,0.0000,0.0000,0.0000
75.000,439.7827,0.4217,234.5858,0.2510,3.8000,-0.4500,358.5640,180.5238,359.4844,0.0000,0.0000,0.0000
75.109,439.5248,0.3780,234.5740,0.2510,3.8000,-0.4500,358.5640,180.5238,359.4844,0.0000,0.0000,0.0000
75.221,439.3099,0.3412,234.5643,0.2510,3.8000,-0.4500,358.5640,180.5238,359.4844,0.0000,0.0000,0.0000
75.331,439.0518,0.2964,234.5609,0.2510,3.8000,-0.4500,358.5640,180.5238,359.4844,0.0000,0.0000,0.0000
75.456,438.7937,0.2505,234.5707,0.2510,3.8000,-0.4500,358.4862,180.5245,359.4992,0.0000,0.0000,0.0000
75.581,438.5356,0.2045,234.5880,0.2510,3.8000,-0.4500,358.4862,180.5245,359.4992,0.0000,0.0000,0.0000
75.693,438.2776,0.1584,234.6105,0.2510,3.8000,-0.4500,358.4862,180.5245,359.4992,0.0000,0.0000,0.0000
75.817,438.0197,0.1125,234.6363,0.2510,3.8000,-0.4500,358.4862,180.5245,359.4992,0.0000,0.0000,0.0000
75.929,437.7620,0.0671,234.6641,0.2510,3.8000,-0.4500,358.4862,180.5245,359.4992,0.0000,0.0000,0.0000
76.053,437.5044,0.0225,234.6932,0.2510,3.8000,-0.4500,358.4862,180.5245,359.4992,0.0000,0.0000,0.0000
76.179,437.2469,-0.0211,234.7235,0.2510,3.8000,-0.4500,358.4862,180.5245,359.4992,0.0000,0.0000,0.0000
76.303,436.9897,-0.0634,234.7546,0.2510,3.8000,-0.4500,358.4862,180.5245,359.4992,0.0000,0.0000,0.0000
76.429,436.6897,-0.1107,234.7917,0.2510,3.8000,-0.4500,358.4862,180.5245,359.4992,0.0000,0.0000,0.0000
76.554,436.4328,-0.1492,234.8238,0.2510,3.8000,-0.4500,358.4862,180.5245,359.4992,0.0000,0.0000,0.0000
76.679,436.1760,-0.1854,234.8561,0.2510,3.8000,-0.4500,358.4862,180.5245,359.4992,0.0000,0.0000,0.0000
76.789,435.9192,-0.2191,234.8882,0.2510,3.8000,-0.4500,358.4862,180.5245,359.4992,0.0000,0.0000,0.0000
76.901,435.7054,-0.2451,234.9149,0.2510,3.8000,-0.4500,358.4862,180.5245,359.4992,0.0000,0.0000,0.0000
77.026,435.4491,-0.2738,234.9466,0.2510,3.8000,-0.4500,358.4862,180.5245,359.4992,0.0000,0.0000,0.0000
77.126,435.2357,-0.2955,234.9728,0.2510,3.8000,-0.4500,358.4862,180.5245,359.4992,0.0000,0.0000,0.0000
77.236,434.9799,-0.3191,235.0040,0.2510,3.8000,-0.4500,358.4862,180.5245,359.4992,0.0000,0.0000,0.0000
77.345,434.7669,-0.3368,235.0299,0.2510,3.8000,-0.4500,358.4862,180.5245,359.4992,0.0000,0.0000,0.0000
77.470,434.4700,-0.3560,235.0659,0.2510,3.8000,-0.4500,358.4668,180.5247,359.6591,0.0000,0.0000,0.0000
77.595,434.2154,-0.3705,235.0963,0.2510,3.8000,-0.4500,358.4621,180.5247,359.7408,0.0000,0.0000,0.0000
77.720,433.9611,-0.3827,235.1263,0.2510,3.8000,-0.4500,358.4590,180.5247,359.8220,0.0000,0.0000,0.0000
77.845,433.7076,-0.3910,235.1559,0.2510,3.8000,-0.4500,358.4569,180.5247,359.9886,0.0000,0.0000,0.0000
77.970,433.4117,-0.3997,235.1902,0.2510,3.8000,-0.4500,358.4568,180.5247,0.0706,0.0000,0.0000,0.0000
78.081,433.2007,-0.4037,235.2139,0.2510,3.8000,-0.4500,358.4568,180.5247,0.1527,0.0000,0.0000,0.0000
78.207,432.9479,-0.4051,235.2295,0.2510,3.8000,-0.4500,358.4560,180.5247,0.3176,0.0000,0.0000,0.0000
78.318,432.6950,-0.4069,235.2245,0.2510,3.8000,-0.4500,358.4560,180.5247,0.3176,0.0000,0.0000,0.0000
78.443,432.4446,-0.4035,235.2021,0.2510,3.8000,-0.4500,358.4531,180.5247,0.4823,0.0000,0.0000,0.0000
78.568,432.1528,-0.4001,235.1592,0.2510,3.8000,-0.4500,358.4531,180.5247,0.4823,0.0000,0.0000,0.0000
78.680,431.9469,-0.3918,235.1217,0.2510,3.8000,-0.4500,358.4429,180.5246,0.7315,0.0000,0.0000,0.0000
78.792,431.6978,-0.3856,235.0790,0.2510,3.8000,-0.4500,358.4429,180.5246,0.7314,0.0000,0.0000,0.0000
78.901,431.4895,-0.3796,235.0519,0.2510,3.8000,-0.4500,358.4429,180.5246,0.7314,0.0000,0.0000,0.0000
79.014,431.2405,-0.3689,235.0397,0.2510,3.8000,-0.4500,358.4257,180.5243,0.9006,0.0000,0.0000,0.0000
79.126,431.0327,-0.3606,235.0459,0.2510,3.8000,-0.4500,358.4169,180.5242,0.9825,0.0000,0.0000,0.0000
79.234,430.7829,-0.3520,235.0661,0.2510,3.8000,-0.4500,358.4169,180.5242,0.9825,0.0000,0.0000,0.0000
79.359,430.5335,-0.3431,235.0946,0.2510,3.8000,-0.4500,358.4169,180.5242,0.9825,0.0000,0.0000,0.0000
79.485,430.2855,-0.3314,235.1277,0.2510,3.8000,-0.4500,358.3813,180.5235,1.1456,0.0000,0.0000,0.0000
79.609,429.9956,-0.3194,235.1699,0.2510,3.8000,-0.4500,358.3574,180.5230,1.2224,0.0000,0.0000,0.0000
79.735,429.7471,-0.3101,235.2080,0.2510,3.8000,-0.4500,358.3574,180.5230,1.2224,0.0000,0.0000,0.0000
79.859,429.4994,-0.3000,235.2479,0.2510,3.8000,-0.4500,358.3276,180.5224,1.2982,0.0000,0.0000,0.0000
79.984,429.2517,-0.2904,235.2895,0.2510,3.8000,-0.4500,358.2929,180.5216,1.3711,0.0000,0.0000,0.0000
80.109,428.9710,-0.2784,235.2151,0.2510,3.8000,-0.4500,358.2929,180.5216,1.3711,0.0000,0.0000,0.0000
80.234,428.7493,-0.2597,234.8678,0.2510,3.8000,-0.4500,358.2929,180.5216,1.3711,0.0000,0.0000,0.0000
80.346,428.5747,-0.2376,234.4263,0.2510,3.8000,-0.4500,358.2499,180.5205,1.4393,0.0000,0.0000,0.0000
80.471,428.3374,-0.2031,233.6899,0.2510,3.8000,-0.4500,358.2499,180.5205,1.4393,0.0000,0.0000,0.0000
80.584,428.1702,-0.1770,233.1278,0.2510,3.8000,-0.4500,358.2499,180.5206,1.4393,0.0000,0.0000,0.0000
80.691,427.9709,-0.1455,232.4350,0.2510,3.8000,-0.4500,358.2499,180.5206,1.4393,0.0000,0.0000,0.0000
80.816,427.7721,-0.1139,231.7332,0.2510,3.8000,-0.4500,358.2499,180.5206,1.4393,0.0000,0.0000,0.0000
80.917,427.6022,-0.0901,231.2192,0.2510,3.8000,-0.4500,358.2499,180.5206,1.4393,0.0000,0.0000,0.0000
81.039,427.3885,-0.0669,230.7454,0.2510,3.8000,-0.4500,358.2499,180.5206,1.4393,0.0000,0.0000,0.0000
81.153,427.1639,-0.0499,230.4191,0.2510,3.8000,-0.4500,358.2499,180.5206,1.4393,0.0000,0.0000,0.0000
81.262,426.9700,-0.0399,230.2349,0.2510,3.8000,-0.4500,358.2499,180.5206,1.4393,0.0000,0.0000,0.0000
81.387,426.7312,-0.0322,230.0880,0.2510,3.8000,-0.4500,358.2499,180.5206,1.4393,0.0000,0.0000,0.0000
81.498,426.4881,-0.0282,229.9925,0.2510,3.8000,-0.4500,358.2499,180.5206,1.4393,0.0000,0.0000,0.0000
81.623,426.2424,-0.0272,229.9264,0.2510,3.8000,-0.4500,358.2499,180.5206,1.4393,0.0000,0.0000,0.0000
81.749,425.9538,-0.0292,229.8813,0.2510,3.8000,-0.4500,358.2499,180.5206,1.4393,0.0000,0.0000,0.0000
81.873,425.7054,-0.0344,229.8839,0.2510,3.8000,-0.4500,358.2499,180.5206,1.4393,0.0000,0.0000,0.0000
81.986,425.4981,-0.0408,229.9030,0.2510,3.8000,-0.4500,358.2499,180.5206,1.4393,0.0000,0.0000,0.0000
82.097,425.2491,-0.0506,229.9384,0.2510,3.8000,-0.4500,358.2499,180.5206,1.4393,0.0000,0.0000,0.0000
82.207,425.0415,-0.0604,229.9750,0.2510,3.8000,-0.4500,358.2499,180.5206,1.4393,0.0000,0.0000,0.0000
82.333,424.7509,-0.0769,230.0343,0.2510,3.8000,-0.4500,358.1688,180.5185,1.4434,0.0000,0.0000,0.0000
82.443,424.5433,-0.0896,230.0799,0.2510,3.8000,-0.4500,358.1688,180.5185,1.4434,0.0000,0.0000,0.0000
82.568,424.2526,-0.1089,230.1470,0.2510,3.8000,-0.4500,358.1688,180.5185,1.4434,0.0000,0.0000,0.0000
82.668,424.0448,-0.1244,230.1970,0.2510,3.8000,-0.4500,358.0885,180.5165,1.4394,0.0000,0.0000,0.0000
82.776,423.8372,-0.1397,230.2476,0.2510,3.8000,-0.4500,358.0885,180.5165,1.4394,0.0000,0.0000,0.0000
82.889,423.5880,-0.1586,230.3094,0.2510,3.8000,-0.4500,358.0885,180.5165,1.4394,0.0000,0.0000,0.0000
82.998,423.3803,-0.1746,230.3616,0.2510,3.8000,-0.4500,358.0885,180.5165,1.4394,0.0000,0.0000,0.0000
83.124,423.1311,-0.1938,230.4248,0.2510,3.8000,-0.4500,358.0885,180.5165,1.4394,0.0000,0.0000,0.0000
83.249,422.8404,-0.2157,230.4989,0.2510,3.8000,-0.4500,358.0885,180.5165,1.4394,0.0000,0.0000,0.0000
83.360,422.6327,-0.2309,230.5517,0.2510,3.8000,-0.4500,358.0885,180.5165,1.4394,0.0000,0.0000,0.0000
83.470,422.3835,-0.2481,230.6148,0.2510,3.8000,-0.4500,358.0885,180.5165,1.4394,0.0000,0.0000,0.0000
83.583,422.1758,-0.2615,230.6671,0.2510,3.8000,-0.4500,358.0885,180.5165,1.4394,0.0000,0.0000,0.0000
83.707,421.9266,-0.2760,230.7296,0.2510,3.8000,-0.4500,358.0885,180.5165,1.4394,0.0000,0.0000,0.0000
83.832,421.6360,-0.2903,230.8021,0.2510,3.8000,-0.4500,358.0885,180.5165,1.4394,0.0000,0.0000,0.0000
83.958,421.3872,-0.3000,230.8633,0.2510,3.8000,-0.4500,358.0885,180.5165,1.4394,0.0000,0.0000,0.0000
84.068,421.1384,-0.3070,230.9227,0.2510,3.8000,-0.4500,358.0885,180.5165,1.4394,0.0000,0.0000,0.0000
84.193,420.8897,-0.3111,230.9806,0.2510,3.8000,-0.4500,358.0885,180.5165,1.4394,0.0000,0.0000,0.0000
84.318,420.6413,-0.3119,231.0371,0.2510,3.8000,-0.4500,358.0885,180.5165,1.4394,0.0000,0.0000,0.0000
84.429,420.3930,-0.3093,231.0928,0.2510,3.8000,-0.4500,358.0885,180.5165,1.4393,0.0000,0.0000,0.0000
84.542,420.1865,-0.3044,231.1386,0.2510,3.8000,-0.4500,358.0885,180.5165,1.4393,0.0000,0.0000,0.0000
84.651,419.9387,-0.2948,231.1934,0.2510,3.8000,-0.4500,358.0885,180.5165,1.4393,0.0000,0.0000,0.0000
84.776,419.6913,-0.2811,231.2479,0.2510,3.8000,-0.4500,358.0885,180.5165,1.4393,0.0000,0.0000,0.0000
84.904,419.4444,-0.2631,231.3023,0.2510,3.8000,-0.4500,358.0885,180.5165,1.4393,0.0000,0.0000,0.0000
85.013,419.1992,-0.2360,231.3553,0.2510,3.8000,-0.4500,358.2705,180.5213,1.6192,0.0000,0.0000,0.0000
85.138,418.9540,-0.2072,231.4105,0.2510,3.8000,-0.4500,358.3303,180.5231,1.6762,0.0000,0.0000,0.0000
85.262,418.7106,-0.1694,231.4670,0.2510,3.8000,-0.4500,358.5930,180.5313,1.8893,0.0000,0.0000,0.0000
85.387,418.4669,-0.1312,231.5284,0.2510,3.8000,-0.4500,358.6555,180.5333,1.9381,0.0000,0.0000,0.0000
85.512,418.1848,-0.0765,231.6027,0.2510,3.8000,-0.4500,358.9350,180.5433,2.1270,0.0000,0.0000,0.0000
85.624,417.9831,-0.0373,231.6594,0.2510,3.8000,-0.4500,358.9350,180.5433,2.1270,0.0000,0.0000,0.0000
85.748,417.7029,0.0286,231.7395,0.2510,3.8000,-0.4500,359.2219,180.5544,2.2993,0.0000,0.0000,0.0000
85.873,417.4629,0.0869,231.8113,0.2510,3.8000,-0.4500,359.2971,180.5574,2.3394,0.0000,0.0000,0.0000
85.998,417.2241,0.1523,231.8833,0.2510,3.8000,-0.4500,359.5236,180.5669,2.4574,0.0000,0.0000,0.0000
86.123,416.9857,0.2207,231.9570,0.2510,3.8000,-0.4500,359.6802,180.5737,2.5284,0.0000,0.0000,0.0000
86.248,416.7083,0.3051,232.0445,0.2510,3.8000,-0.4500,359.8343,180.5806,2.5962,0.0000,0.0000,0.0000
86.373,416.4713,0.3827,232.1197,0.2510,3.8000,-0.4500,0.0710,180.5915,2.6821,0.0000,0.0000,0.0000
86.498,416.2342,0.4602,232.1972,0.2510,3.8000,-0.4500,0.0710,180.5915,2.6821,0.0000,0.0000,0.0000
86.624,415.9981,0.5447,232.2727,0.2510,3.8000,-0.4500,0.3976,180.6071,2.7705,0.0000,0.0000,0.0000
86.734,415.7616,0.6276,232.3507,0.2510,3.8000,-0.4500,0.3976,180.6071,2.7705,0.0000,0.0000,0.0000
86.859,415.5255,0.7140,232.4276,0.2510,3.8000,-0.4500,0.5595,180.6149,2.7950,0.0000,0.0000,0.0000
86.960,415.3286,0.7873,232.4915,0.2510,3.8000,-0.4500,0.7237,180.6230,2.8063,0.0000,0.0000,0.0000
87.070,415.0923,0.8750,232.5685,0.2510,3.8000,-0.4500,0.8066,180.6270,2.8038,0.0000,0.0000,0.0000
87.179,414.8951,0.9491,232.6315,0.2510,3.8000,-0.4500,0.9747,180.6353,2.7884,0.0000,0.0000,0.0000
87.304,414.6582,1.0372,232.7069,0.2510,3.8000,-0.4500,1.0543,180.6391,2.7780,0.0000,0.0000,0.0000
87.428,414.3808,1.1396,232.7926,0.2510,3.8000,-0.4500,1.2900,180.6504,2.7068,0.0000,0.0000,0.0000
87.554,414.1425,1.2257,232.8654,0.2510,3.8000,-0.4500,1.3631,180.6539,2.6719,0.0000,0.0000,0.0000
87.678,413.9032,1.3101,232.9364,0.2510,3.8000,-0.4500,1.5056,180.6604,2.5908,0.0000,0.0000,0.0000
87.804,413.6631,1.3925,233.0056,0.2510,3.8000,-0.4500,1.5721,180.6634,2.5461,0.0000,0.0000,0.0000
87.928,413.3811,1.4844,233.0826,0.2510,3.8000,-0.4500,1.7585,180.6714,2.3805,0.0000,0.0000,0.0000
88.041,413.1786,1.5474,233.1351,0.2510,3.8000,-0.4500,1.8733,180.6761,2.2586,0.0000,0.0000,0.0000
88.151,412.9345,1.6199,233.1954,0.2510,3.8000,-0.4500,1.9724,180.6799,2.1239,0.0000,0.0000,0.0000
88.276,412.6881,1.6864,233.2521,0.2510,3.8000,-0.4500,2.1480,180.6859,1.8267,0.0000,0.0000,0.0000
88.388,412.4412,1.7507,233.3050,0.2510,3.8000,-0.4500,2.2174,180.6881,1.6780,0.0000,0.0000,0.0000
88.498,412.2346,1.8016,233.3461,0.2510,3.8000,-0.4500,2.2488,180.6890,1.5976,0.0000,0.0000,0.0000
88.623,411.9841,1.8563,233.3911,0.2510,3.8000,-0.4500,2.3387,180.6913,1.3541,0.0000,0.0000,0.0000
88.748,411.6896,1.9136,233.4378,0.2510,3.8000,-0.4500,2.4304,180.6932,1.0388,0.0000,0.0000,0.0000
88.873,411.4357,1.9575,233.4730,0.2510,3.8000,-0.4500,2.4849,180.6941,0.7961,0.0000,0.0000,0.0000
89.000,411.1803,1.9962,233.5044,0.2510,3.8000,-0.4500,2.5306,180.6946,0.5427,0.0000,0.0000,0.0000
89.109,410.9239,2.0313,233.5321,0.2510,3.8000,-0.4500,2.5565,180.6948,0.3794,0.0000,0.0000,0.0000
89.234,410.6664,2.0611,233.5564,0.2510,3.8000,-0.4500,2.5789,180.6949,0.2152,0.0000,0.0000,0.0000
89.359,410.4063,2.0828,233.5785,0.2510,3.8000,-0.4500,2.6162,180.6950,359.8716,0.0000,0.0000,0.0000
89.484,410.1452,2.0996,233.5995,0.2510,3.8000,-0.4500,2.6430,180.6948,359.5374,0.0000,0.0000,0.0000
89.609,409.8410,2.1165,233.6244,0.2510,3.8000,-0.4500,2.6508,180.6948,359.3745,0.0000,0.0000,0.0000
89.734,409.5794,2.1250,233.6485,0.2510,3.8000,-0.4500,2.6554,180.6947,359.2133,0.0000,0.0000,0.0000
89.859,409.3169,2.1264,233.6770,0.2510,3.8000,-0.4500,2.6458,180.6949,358.9595,0.0000,0.0000,0.0000
89.984,409.0535,2.1207,233.7104,0.2510,3.8000,-0.4500,2.6061,180.6957,358.6249,0.0000,0.0000,0.0000
90.109,408.7480,2.1126,233.7556,0.2510,3.8000,-0.4500,2.5870,180.6962,358.5426,0.0000,0.0000,0.0000
90.234,408.4848,2.0960,233.7999,0.2510,3.8000,-0.4500,2.5235,180.6979,358.2966,0.0000,0.0000,0.0000
90.359,408.2217,2.0736,233.8491,0.2510,3.8000,-0.4500,2.4289,180.7010,358.0575,0.0000,0.0000,0.0000
90.484,407.9596,2.0487,233.9022,0.2510,3.8000,-0.4500,2.3962,180.7021,357.9807,0.0000,0.0000,0.0000
90.609,407.6530,2.0094,233.9705,0.2510,3.8000,-0.4500,2.2756,180.7066,357.7628,0.0000,0.0000,0.0000
90.734,407.3899,1.9675,234.0344,0.2510,3.8000,-0.4500,2.0770,180.7148,357.4920,0.0000,0.0000,0.0000
90.845,407.1718,1.9322,234.0905,0.2510,3.8000,-0.4500,2.0262,180.7171,357.4284,0.0000,0.0000,0.0000
90.970,406.8658,1.8729,234.1754,0.2510,3.8000,-0.4500,1.7899,180.7282,357.1991,0.0000,0.0000,0.0000
91.081,406.6483,1.8306,234.2385,0.2510,3.8000,-0.4500,1.7899,180.7282,357.1991,0.0000,0.0000,0.0000
91.208,406.3434,1.7603,234.3330,0.2510,3.8000,-0.4500,1.5116,180.7423,357.0077,0.0000,0.0000,0.0000
91.318,406.1264,1.7092,234.4027,0.2510,3.8000,-0.4500,1.4422,180.7459,356.9650,0.0000,0.0000,0.0000
91.430,405.8660,1.6407,234.4909,0.2510,3.8000,-0.4500,1.1352,180.7626,356.8250,0.0000,0.0000,0.0000
91.553,405.6065,1.5736,234.5801,0.2510,3.8000,-0.4500,1.1352,180.7626,356.8251,0.0000,0.0000,0.0000
91.678,405.3471,1.4991,234.6734,0.2510,3.8000,-0.4500,0.8094,180.7809,356.7365,0.0000,0.0000,0.0000
91.804,405.0883,1.4261,234.7660,0.2510,3.8000,-0.4500,0.8094,180.7809,356.7365,0.0000,0.0000,0.0000
91.917,404.8299,1.3476,234.8619,0.2510,3.8000,-0.4500,0.4755,180.8001,356.7035,0.0000,0.0000,0.0000
92.040,404.5718,1.2699,234.9570,0.2510,3.8000,-0.4500,0.3945,180.8047,356.7065,0.0000,0.0000,0.0000
92.152,404.3140,1.1906,235.0530,0.2510,3.8000,-0.4500,0.2304,180.8142,356.7186,0.0000,0.0000,0.0000
92.262,404.0998,1.1233,235.1345,0.2510,3.8000,-0.4500,359.9064,180.8326,356.7828,0.0000,0.0000,0.0000
92.387,403.8424,1.0441,235.2293,0.2510,3.8000,-0.4500,359.9064,180.8326,356.7828,0.0000,0.0000,0.0000
92.511,403.5430,0.9516,235.3407,0.2510,3.8000,-0.4500,359.6755,180.8454,356.8708,0.0000,0.0000,0.0000
92.623,403.3294,0.8865,235.4194,0.2510,3.8000,-0.4500,359.5296,180.8533,356.9462,0.0000,0.0000,0.0000
92.748,403.0309,0.7971,235.5283,0.2510,3.8000,-0.4500,359.3152,180.8645,357.0870,0.0000,0.0000,0.0000
92.873,402.7748,0.7222,235.6194,0.2510,3.8000,-0.4500,359.1870,180.8708,357.1888,0.0000,0.0000,0.0000
92.998,402.5186,0.6488,235.7080,0.2510,3.8000,-0.4500,359.1267,180.8738,357.2444,0.0000,0.0000,0.0000
93.111,402.2629,0.5781,235.7947,0.2510,3.8000,-0.4500,359.0092,180.8793,357.3596,0.0000,0.0000,0.0000
93.233,402.0078,0.5107,235.8795,0.2510,3.8000,-0.4500,358.8488,180.8865,357.5530,0.0000,0.0000,0.0000
93.359,401.7520,0.4445,235.9608,0.2510,3.8000,-0.4500,358.8024,180.8884,357.6206,0.0000,0.0000,0.0000
93.484,401.4964,0.3808,236.0395,0.2510,3.8000,-0.4500,358.7564,180.8903,357.6891,0.0000,0.0000,0.0000
93.584,401.2837,0.3308,236.1034,0.2510,3.8000,-0.4500,358.6750,180.8935,357.8319,0.0000,0.0000,0.0000
93.692,401.0281,0.2719,236.1773,0.2510,3.8000,-0.4500,358.6388,180.8948,357.9086,0.0000,0.0000,0.0000
93.817,400.7730,0.2164,236.2486,0.2510,3.8000,-0.4500,358.5692,180.8973,358.0606,0.0000,0.0000,0.0000
93.942,400.5169,0.1612,236.3166,0.2510,3.8000,-0.4500,358.5692,180.8973,358.0606,0.0000,0.0000,0.0000
94.067,400.2615,0.1095,236.3832,0.2510,3.8000,-0.4500,358.5468,180.8980,358.1415,0.0000,0.0000,0.0000
94.192,399.9636,0.0532,236.4585,0.2510,3.8000,-0.4500,358.5053,180.8993,358.3009,0.0000,0.0000,0.0000
94.317,399.7076,0.0058,236.5205,0.2510,3.8000,-0.4500,358.5053,180.8993,358.3009,0.0000,0.0000,0.0000
94.427,399.4943,-0.0314,236.5713,0.2510,3.8000,-0.4500,358.5053,180.8993,358.3009,0.0000,0.0000,0.0000
94.539,399.2396,-0.0701,236.6314,0.2510,3.8000,-0.4500,358.5100,180.8992,358.4672,0.0000,0.0000,0.0000
94.648,398.9843,-0.1067,236.6896,0.2510,3.8000,-0.4500,358.5167,180.8990,358.5501,0.0000,0.0000,0.0000
94.773,398.7299,-0.1361,236.7456,0.2510,3.8000,-0.4500,358.5778,180.8976,358.7944,0.0000,0.0000,0.0000
94.898,398.4742,-0.1659,236.7997,0.2510,3.8000,-0.4500,358.5778,180.8976,358.7944,0.0000,0.0000,0.0000
95.012,398.2198,-0.1862,236.8514,0.2510,3.8000,-0.4500,358.6794,180.8957,359.0209,0.0000,0.0000,0.0000
95.122,398.0072,-0.2017,236.8931,0.2510,3.8000,-0.4500,358.7209,180.8950,359.0939,0.0000,0.0000,0.0000
95.232,397.7525,-0.2143,236.9408,0.2510,3.8000,-0.4500,358.8065,180.8938,359.2383,0.0000,0.0000,0.0000
95.358,397.4985,-0.2198,236.9858,0.2510,3.8000,-0.4500,358.9529,180.8921,359.4419,0.0000,0.0000,0.0000
95.482,397.2442,-0.2213,237.0297,0.2510,3.8000,-0.4500,359.0602,180.8911,359.5710,0.0000,0.0000,0.0000
95.607,396.9909,-0.2154,237.0729,0.2510,3.8000,-0.4500,359.2272,180.8902,359.7617,0.0000,0.0000,0.0000
95.732,396.6960,-0.2005,237.1224,0.2510,3.8000,-0.4500,359.4593,180.8897,-0.0025,0.0000,0.0000,0.0000
95.857,396.4433,-0.1834,237.1649,0.2510,3.8000,-0.4500,359.5811,180.8898,0.1112,0.0000,0.0000,0.0000
95.982,396.1910,-0.1604,237.2050,0.2510,3.8000,-0.4500,359.7027,180.8902,0.2228,0.0000,0.0000,0.0000
96.094,395.9414,-0.1290,237.1956,0.2510,3.8000,-0.4500,359.9540,180.8916,0.4378,0.0000,0.0000,0.0000
96.205,395.7365,-0.1042,237.1261,0.2510,3.8000,-0.4500,359.9540,180.8916,0.4378,0.0000,0.0000,0.0000
96.330,395.4579,-0.0596,236.9379,0.2510,3.8000,-0.4500,0.2206,180.8941,0.6447,0.0000,0.0000,0.0000
96.454,395.2233,-0.0203,236.7156,0.2510,3.8000,-0.4500,0.3570,180.8958,0.7385,0.0000,0.0000,0.0000
96.579,394.9920,0.0213,236.4551,0.2510,3.8000,-0.4500,0.4939,180.8977,0.8259,0.0000,0.0000,0.0000
96.704,394.7625,0.0639,236.1693,0.2510,3.8000,-0.4500,0.5639,180.8987,0.8682,0.0000,0.0000,0.0000
96.831,394.4969,0.1170,235.8135,0.2510,3.8000,-0.4500,0.7096,180.9010,0.9473,0.0000,0.0000,0.0000
96.941,394.3083,0.1582,235.5492,0.2510,3.8000,-0.4500,0.9336,180.9049,1.0530,0.0000,0.0000,0.0000
97.052,394.0818,0.2047,235.2275,0.2510,3.8000,-0.4500,0.9336,180.9049,1.0530,0.0000,0.0000,0.0000
97.177,393.8561,0.2546,234.9000,0.2510,3.8000,-0.4500,1.0902,180.9079,1.1090,0.0000,0.0000,0.0000
97.302,393.6307,0.3051,234.5675,0.2510,3.8000,-0.4500,1.2516,180.9111,1.1520,0.0000,0.0000,0.0000
97.427,393.4057,0.3541,234.2269,0.2510,3.8000,-0.4500,1.2516,180.9111,1.1520,0.0000,0.0000,0.0000
97.552,393.1440,0.4127,233.8172,0.2510,3.8000,-0.4500,1.4128,180.9144,1.1788,0.0000,0.0000,0.0000
97.665,392.9571,0.4530,233.5197,0.2510,3.8000,-0.4500,1.4128,180.9144,1.1788,0.0000,0.0000,0.0000
97.774,392.7331,0.5025,233.1565,0.2510,3.8000,-0.4500,1.6610,180.9195,1.1764,0.0000,0.0000,0.0000
97.887,392.5464,0.5413,232.8537,0.2510,3.8000,-0.4500,1.6610,180.9195,1.1764,0.0000,0.0000,0.0000
97.996,392.3206,0.5875,232.5090,0.2510,3.8000,-0.4500,1.6610,180.9195,1.1764,0.0000,0.0000,0.0000
98.096,392.1301,0.6261,232.2465,0.2510,3.8000,-0.4500,1.7386,180.9211,1.1555,0.0000,0.0000,0.0000
98.204,391.9377,0.6643,232.0070,0.2510,3.8000,-0.4500,1.7386,180.9211,1.1555,0.0000,0.0000,0.0000
98.318,391.7037,0.7093,231.7418,0.2510,3.8000,-0.4500,1.9676,180.9255,1.0492,0.0000,0.0000,0.0000
98.426,391.5079,0.7459,231.5365,0.2510,3.8000,-0.4500,1.9676,180.9255,1.0492,0.0000,0.0000,0.0000
98.540,391.2700,0.7867,231.3053,0.2510,3.8000,-0.4500,2.1539,180.9286,0.8858,0.0000,0.0000,0.0000
98.649,391.0287,0.8277,231.1202,0.2510,3.8000,-0.4500,2.1539,180.9286,0.8858,0.0000,0.0000,0.0000
98.774,390.7814,0.8662,230.9875,0.2510,3.8000,-0.4500,2.2510,180.9300,0.7485,0.0000,0.0000,0.0000
98.899,390.5300,0.9038,230.8978,0.2510,3.8000,-0.4500,2.2927,180.9305,0.6776,0.0000,0.0000,0.0000
99.024,390.2732,0.9345,230.8402,0.2510,3.8000,-0.4500,2.4595,180.9319,0.2955,0.0000,0.0000,0.0000
99.124,390.0595,0.9624,230.8138,0.2510,3.8000,-0.4500,2.4595,180.9320,0.2955,0.0000,0.0000,0.0000
99.235,389.7998,0.9886,230.7964,0.2510,3.8000,-0.4500,2.5126,180.9321,0.0516,0.0000,0.0000,0.0000
99.344,389.5831,1.0090,230.7882,0.2510,3.8000,-0.4500,2.5245,180.9321,359.9696,0.0000,0.0000,0.0000
99.457,389.3217,1.0280,230.7829,0.2510,3.8000,-0.4500,2.5461,180.9321,359.8043,0.0000,0.0000,0.0000
99.568,389.0581,1.0392,230.7815,0.2510,3.8000,-0.4500,2.5663,180.9319,359.4654,0.0000,0.0000,0.0000
99.677,388.8393,1.0481,230.7838,0.2510,3.8000,-0.4500,2.5671,180.9319,359.3822,0.0000,0.0000,0.0000
99.801,388.5759,1.0532,230.7906,0.2510,3.8000,-0.4500,2.5675,180.9319,359.2140,0.0000,0.0000,0.0000
99.927,388.3112,1.0504,230.8020,0.2510,3.8000,-0.4500,2.5571,180.9321,358.8704,0.0000,0.0000,0.0000
100.040,388.0477,1.0477,230.8186,0.2510,3.8000,-0.4500,2.5535,180.9322,358.7913,0.0000,0.0000,0.0000
100.149,387.7831,1.0376,230.8406,0.2510,3.8000,-0.4500,2.5399,180.9325,358.5432,0.0000,0.0000,0.0000
100.260,387.5628,1.0268,230.8630,0.2510,3.8000,-0.4500,2.5300,180.9328,358.3800,0.0000,0.0000,0.0000
100.385,387.2985,1.0109,230.8948,0.2510,3.8000,-0.4500,2.5200,180.9331,358.2156,0.0000,0.0000,0.0000
100.510,386.9892,0.9854,230.9382,0.2510,3.8000,-0.4500,2.5024,180.9337,357.8873,0.0000,0.0000,0.0000
100.635,386.7258,0.9652,230.9810,0.2510,3.8000,-0.4500,2.5024,180.9337,357.8873,0.0000,0.0000,0.0000
100.760,386.4608,0.9379,231.0283,0.2510,3.8000,-0.4500,2.4947,180.9340,357.6420,0.0000,0.0000,0.0000
100.885,386.1974,0.9127,231.0798,0.2510,3.8000,-0.4500,2.4947,180.9340,357.6420,0.0000,0.0000,0.0000
100.999,385.9328,0.8826,231.1343,0.2510,3.8000,-0.4500,2.4964,180.9339,357.4724,0.0000,0.0000,0.0000
101.108,385.6689,0.8525,231.1923,0.2510,3.8000,-0.4500,2.4977,180.9338,357.3898,0.0000,0.0000,0.0000
101.219,385.4494,0.8278,231.2430,0.2510,3.8000,-0.4500,2.4977,180.9338,357.3898,0.0000,0.0000,0.0000
101.332,385.1854,0.7962,231.3054,0.2510,3.8000,-0.4500,2.5048,180.9335,357.3077,0.0000,0.0000,0.0000
101.441,384.9656,0.7707,231.3586,0.2510,3.8000,-0.4500,2.5048,180.9335,357.3077,0.0000,0.0000,0.0000
101.552,384.7018,0.7400,231.4235,0.2510,3.8000,-0.4500,2.5048,180.9335,357.3077,0.0000,0.0000,0.0000
101.677,384.4381,0.7097,231.4891,0.2510,3.8000,-0.4500,2.5048,180.9335,357.3077,0.0000,0.0000,0.0000
101.802,384.1770,0.6787,231.5003,0.2510,3.8000,-0.4500,2.5048,180.9335,357.3077,0.0000,0.0000,0.0000
101.927,383.9318,0.6387,231.2414,0.2510,3.8000,-0.4500,2.5048,180.9335,357.3077,0.0000,0.0000,0.0000
102.040,383.7009,0.5888,230.7442,0.2510,3.8000,-0.4500,2.5048,180.9335,357.3077,0.0000,0.0000,0.0000
102.150,383.4778,0.5330,230.1179,0.2510,3.8000,-0.4500,2.5048,180.9336,357.3077,0.0000,0.0000,0.0000
102.262,383.2950,0.4846,229.5505,0.2510,3.8000,-0.4500,2.5048,180.9335,357.3077,0.0000,0.0000,0.0000
102.385,383.0747,0.4266,228.8835,0.2510,3.8000,-0.4500,2.5048,180.9336,357.3077,0.0000,0.0000,0.0000
102.510,382.8066,0.3781,228.5921,0.2510,3.8000,-0.4500,2.5048,180.9336,357.3077,0.0000,0.0000,0.0000
102.635,382.5813,0.3606,228.8046,0.2510,3.8000,-0.4500,2.5048,180.9335,357.3077,0.0000,0.0000,0.0000
102.760,382.3600,0.3587,229.2735,0.2510,3.8000,-0.4500,2.5048,180.9335,357.3077,0.0000,0.0000,0.0000
102.885,382.1404,0.3651,229.8657,0.2510,3.8000,-0.4500,2.5048,180.9336,357.3077,0.0000,0.0000,0.0000
102.998,381.9219,0.3748,230.5224,0.2510,3.8000,-0.4500,2.5048,180.9336,357.3077,0.0000,0.0000,0.0000
103.121,381.7020,0.3835,231.1750,0.2510,3.8000,-0.4500,2.5048,180.9336,357.3077,0.0000,0.0000,0.0000
103.246,381.4750,0.3856,231.7157,0.2510,3.8000,-0.4500,2.5048,180.9336,357.3077,0.0000,0.0000,0.0000
103.371,381.1983,0.3774,232.1686,0.2510,3.8000,-0.4500,2.5048,180.9336,357.3077,0.0000,0.0000,0.0000
103.496,380.9524,0.3626,232.4332,0.2510,3.8000,-0.4500,2.5048,180.9336,357.3077,0.0000,0.0000,0.0000
103.621,380.7008,0.3424,232.6192,0.2510,3.8000,-0.4500,2.5048,180.9336,357.3077,0.0000,0.0000,0.0000
103.747,380.4456,0.3185,232.7556,0.2510,3.8000,-0.4500,2.5048,180.9336,357.3077,0.0000,0.0000,0.0000
103.871,380.1457,0.2862,232.8811,0.2510,3.8000,-0.4500,2.1718,180.9491,357.3667,0.0000,0.0000,0.0000
103.985,379.9301,0.2629,232.9554,0.2510,3.8000,-0.4500,2.1718,180.9491,357.3667,0.0000,0.0000,0.0000
104.096,379.6712,0.2341,233.0369,0.2510,3.8000,-0.4500,2.0911,180.9528,357.3888,0.0000,0.0000,0.0000
104.207,379.4554,0.2100,233.1013,0.2510,3.8000,-0.4500,1.9334,180.9599,357.4373,0.0000,0.0000,0.0000
104.318,379.1962,0.1818,233.1745,0.2510,3.8000,-0.4500,1.8561,180.9633,357.4697,0.0000,0.0000,0.0000
104.427,378.9373,0.1545,233.2457,0.2510,3.8000,-0.4500,1.7054,180.9699,357.5376,0.0000,0.0000,0.0000
104.552,378.6787,0.1287,233.3149,0.2510,3.8000,-0.4500,1.5602,180.9760,357.6282,0.0000,0.0000,0.0000
104.677,378.4202,0.1045,233.3818,0.2510,3.8000,-0.4500,1.4216,180.9817,357.7199,0.0000,0.0000,0.0000
104.802,378.1621,0.0823,233.4466,0.2510,3.8000,-0.4500,1.2955,180.9866,357.8318,0.0000,0.0000,0.0000
104.927,377.8615,0.0594,233.5193,0.2510,3.8000,-0.4500,1.1190,180.9930,358.0094,0.0000,0.0000,0.0000
105.040,377.6459,0.0435,233.5674,0.2510,3.8000,-0.4500,1.1190,180.9930,358.0094,0.0000,0.0000,0.0000
105.150,377.3891,0.0291,233.6014,0.2510,3.8000,-0.4500,0.9099,180.9998,358.2660,0.0000,0.0000,0.0000
105.274,377.1313,0.0145,233.5958,0.2510,3.8000,-0.4500,0.8633,181.0012,358.3337,0.0000,0.0000,0.0000
105.400,376.8735,0.0022,233.5711,0.2510,3.8000,-0.4500,0.8166,181.0025,358.4026,0.0000,0.0000,0.0000
105.525,376.6174,-0.0051,233.5401,0.2510,3.8000,-0.4500,0.6372,181.0070,358.6925,0.0000,0.0000,0.0000
105.650,376.3166,-0.0152,233.5324,0.2510,3.8000,-0.4500,0.6372,181.0070,358.6925,0.0000,0.0000,0.0000
105.762,376.1039,-0.0168,233.5440,0.2510,3.8000,-0.4500,0.4680,181.0105,358.9939,0.0000,0.0000,0.0000
105.871,375.8465,-0.0219,233.5638,0.2510,3.8000,-0.4500,0.4680,181.0105,358.9939,0.0000,0.0000,0.0000
105.984,375.6335,-0.0221,233.5841,0.2510,3.8000,-0.4500,0.3435,181.0124,359.2143,0.0000,0.0000,0.0000
106.096,375.3768,-0.0239,233.6074,0.2510,3.8000,-0.4500,0.3020,181.0130,359.2846,0.0000,0.0000,0.0000
106.206,375.1631,-0.0245,233.6135,0.2510,3.8000,-0.4500,0.2602,181.0135,359.3550,0.0000,0.0000,0.0000
106.316,374.9081,-0.0240,233.5998,0.2510,3.8000,-0.4500,0.1736,181.0143,359.4910,0.0000,0.0000,0.0000
106.441,374.6545,-0.0229,233.5666,0.2510,3.8000,-0.4500,0.0790,181.0151,359.6273,0.0000,0.0000,0.0000
106.566,374.4016,-0.0226,233.5186,0.2510,3.8000,-0.4500,0.0324,181.0153,359.6933,0.0000,0.0000,0.0000
106.691,374.1073,-0.0232,233.4504,0.2510,3.8000,-0.4500,0.0324,181.0153,359.6933,0.0000,0.0000,0.0000
106.802,373.8987,-0.0220,233.4013,0.2510,3.8000,-0.4500,359.8683,181.0159,359.8795,0.0000,0.0000,0.0000
106.927,373.6461,-0.0238,233.3504,0.2510,3.8000,-0.4500,359.8683,181.0159,359.8795,0.0000,0.0000,0.0000
107.038,373.3929,-0.0265,233.3123,0.2510,3.8000,-0.4500,359.8040,181.0161,359.9323,0.0000,0.0000,0.0000
107.163,373.1387,-0.0309,233.2846,0.2510,3.8000,-0.4500,359.7392,181.0161,359.9843,0.0000,0.0000,0.0000
107.275,372.8842,-0.0374,233.2651,0.2510,3.8000,-0.4500,359.5967,181.0160,0.0690,0.0000,0.0000,0.0000
107.386,372.6711,-0.0449,233.2526,0.2510,3.8000,-0.4500,359.5967,181.0160,0.0690,0.0000,0.0000,0.0000
107.510,372.3725,-0.0585,233.2454,0.2510,3.8000,-0.4500,359.4456,181.0158,0.1306,0.0000,0.0000,0.0000
107.635,372.1159,-0.0733,233.2474,0.2510,3.8000,-0.4500,359.4456,181.0158,0.1306,0.0000,0.0000,0.0000
107.760,371.8595,-0.0919,233.2564,0.2510,3.8000,-0.4500,359.2868,181.0154,0.1674,0.0000,0.0000,0.0000
107.885,371.6028,-0.1138,233.2695,0.2510,3.8000,-0.4500,359.2029,181.0151,0.1726,0.0000,0.0000,0.0000
108.010,371.3030,-0.1442,233.2891,0.2510,3.8000,-0.4500,359.0366,181.0146,0.1794,0.0000,0.0000,0.0000
108.123,371.0890,-0.1689,233.3072,0.2510,3.8000,-0.4500,358.9569,181.0143,0.1708,0.0000,0.0000,0.0000
108.247,370.8323,-0.2029,233.3364,0.2510,3.8000,-0.4500,358.7920,181.0139,0.1386,0.0000,0.0000,0.0000
108.359,370.5762,-0.2398,233.3715,0.2510,3.8000,-0.4500,358.7118,181.0137,0.1213,0.0000,0.0000,0.0000
108.469,370.3202,-0.2805,233.4115,0.2510,3.8000,-0.4500,358.6357,181.0136,0.0953,0.0000,0.0000,0.0000
108.581,370.1065,-0.3186,233.4480,0.2510,3.8000,-0.4500,358.4808,181.0134,0.0301,0.0000,0.0000,0.0000
108.691,369.8503,-0.3659,233.4930,0.2510,3.8000,-0.4500,358.4057,181.0134,-0.0028,0.0000,0.0000,0.0000
108.815,369.5939,-0.4151,233.5385,0.2510,3.8000,-0.4500,358.4057,181.0134,-0.0028,0.0000,0.0000,0.0000
108.927,369.3794,-0.4624,233.5779,0.2510,3.8000,-0.4500,358.1929,181.0136,359.8696,0.0000,0.0000,0.0000
109.037,369.1226,-0.5168,233.6237,0.2510,3.8000,-0.4500,358.1929,181.0136,359.8696,0.0000,0.0000,0.0000
109.163,368.8655,-0.5735,233.6696,0.2510,3.8000,-0.4500,358.1929,181.0136,359.8696,0.0000,0.0000,0.0000
109.274,368.6072,-0.6365,233.7166,0.2510,3.8000,-0.4500,357.9996,181.0143,359.7106,0.0000,0.0000,0.0000
109.399,368.3497,-0.6967,233.7613,0.2510,3.8000,-0.4500,357.9996,181.0143,359.7106,0.0000,0.0000,0.0000
109.525,368.0918,-0.7579,233.8041,0.2510,3.8000,-0.4500,357.9996,181.0143,359.7106,0.0000,0.0000,0.0000
109.649,367.7905,-0.8301,233.8520,0.2510,3.8000,-0.4500,357.9996,181.0143,359.7106,0.0000,0.0000,0.0000
109.774,367.5319,-0.8919,233.8917,0.2510,3.8000,-0.4500,357.9997,181.0143,359.7106,0.0000,0.0000,0.0000
109.899,367.2732,-0.9533,233.9305,0.2510,3.8000,-0.4500,357.9996,181.0143,359.7106,0.0000,0.0000,0.0000
110.013,367.0143,-1.0136,233.9684,0.2510,3.8000,-0.4500,357.9996,181.0143,359.7106,0.0000,0.0000,0.0000
110.122,366.7986,-1.0627,233.9995,0.2510,3.8000,-0.4500,357.9996,181.0143,359.7106,0.0000,0.0000,0.0000
110.235,366.5397,-1.1197,234.0359,0.2510,3.8000,-0.4500,357.9997,181.0143,359.7106,0.0000,0.0000,0.0000
110.344,366.3239,-1.1652,234.0659,0.2510,3.8000,-0.4500,357.9997,181.0143,359.7106,0.0000,0.0000,0.0000
110.469,366.0219,-1.2253,234.1072,0.2510,3.8000,-0.4500,357.9997,181.0143,359.7106,0.0000,0.0000,0.0000
110.583,365.8063,-1.2652,234.1364,0.2510,3.8000,-0.4500,357.9997,181.0143,359.7106,0.0000,0.0000,0.0000
110.692,365.5478,-1.3092,234.1710,0.2510,3.8000,-0.4500,357.9997,181.0143,359.7106,0.0000,0.0000,0.0000
110.802,365.3326,-1.3425,234.1998,0.2510,3.8000,-0.4500,357.9997,181.0143,359.7106,0.0000,0.0000,0.0000
110.927,365.0746,-1.3777,234.2341,0.2510,3.8000,-0.4500,357.9997,181.0143,359.7106,0.0000,0.0000,0.0000
111.041,364.8170,-1.4075,234.2682,0.2510,3.8000,-0.4500,357.9997,181.0143,359.7106,0.0000,0.0000,0.0000
111.149,364.5597,-1.4313,234.3020,0.2510,3.8000,-0.4500,357.9997,181.0143,359.7106,0.0000,0.0000,0.0000
111.275,364.3033,-1.4451,234.3334,0.2510,3.8000,-0.4500,358.3310,181.0128,359.7784,0.0000,0.0000,0.0000
111.385,364.0898,-1.4523,234.3600,0.2510,3.8000,-0.4500,358.4921,181.0123,359.8393,0.0000,0.0000,0.0000
111.510,363.7921,-1.4542,234.3987,0.2510,3.8000,-0.4500,358.7258,181.0118,359.9379,0.0000,0.0000,0.0000
111.635,363.5386,-1.4446,234.4327,0.2510,3.8000,-0.4500,359.0949,181.0121,0.1491,0.0000,0.0000,0.0000
111.760,363.2851,-1.4317,234.4694,0.2510,3.8000,-0.4500,359.2312,181.0126,0.2394,0.0000,0.0000,0.0000
111.885,363.0329,-1.4100,234.5069,0.2510,3.8000,-0.4500,359.4353,181.0137,0.3818,0.0000,0.0000,0.0000
111.999,362.7823,-1.3778,234.5442,0.2510,3.8000,-0.4500,359.7710,181.0166,0.6352,0.0000,0.0000,0.0000
112.108,362.5316,-1.3425,234.5837,0.2510,3.8000,-0.4500,359.9016,181.0182,0.7394,0.0000,0.0000,0.0000
112.233,362.2820,-1.2997,234.6243,0.2510,3.8000,-0.4500,0.0319,181.0200,0.8446,0.0000,0.0000,0.0000
112.344,362.0761,-1.2537,234.6575,0.2510,3.8000,-0.4500,0.3600,181.0256,1.1176,0.0000,0.0000,0.0000
112.469,361.7868,-1.1898,234.7088,0.2510,3.8000,-0.4500,0.4212,181.0269,1.1690,0.0000,0.0000,0.0000
112.593,361.5419,-1.1216,234.7523,0.2510,3.8000,-0.4500,0.7470,181.0343,1.4469,0.0000,0.0000,0.0000
112.708,361.2970,-1.0514,234.7990,0.2510,3.8000,-0.4500,0.8718,181.0376,1.5538,0.0000,0.0000,0.0000
112.816,361.0940,-0.9879,234.8391,0.2510,3.8000,-0.4500,0.9976,181.0411,1.6614,0.0000,0.0000,0.0000
112.927,360.8917,-0.9204,234.8799,0.2510,3.8000,-0.4500,1.1222,181.0448,1.7672,0.0000,0.0000,0.0000
113.039,360.6500,-0.8339,234.9292,0.2510,3.8000,-0.4500,1.3125,181.0510,1.9265,0.0000,0.0000,0.0000
113.149,360.4084,-0.7454,234.9802,0.2510,3.8000,-0.4500,1.3789,181.0532,1.9806,0.0000,0.0000,0.0000
113.274,360.1686,-0.6501,235.0313,0.2510,3.8000,-0.4500,1.5734,181.0602,2.1374,0.0000,0.0000,0.0000
113.386,359.9684,-0.5716,235.0762,0.2510,3.8000,-0.4500,1.5734,181.0602,2.1374,0.0000,0.0000,0.0000
113.496,359.7293,-0.4719,235.1300,0.2510,3.8000,-0.4500,1.7074,181.0654,2.2360,0.0000,0.0000,0.0000
113.621,359.4901,-0.3727,235.1857,0.2510,3.8000,-0.4500,1.7074,181.0654,2.2360,0.0000,0.0000,0.0000
113.746,359.2520,-0.2692,235.2413,0.2510,3.8000,-0.4500,1.8483,181.0710,2.3261,0.0000,0.0000,0.0000
113.859,359.0136,-0.1672,235.2989,0.2510,3.8000,-0.4500,1.8483,181.0710,2.3261,0.0000,0.0000,0.0000
113.969,358.7753,-0.0643,235.3571,0.2510,3.8000,-0.4500,1.8483,181.0710,2.3261,0.0000,0.0000,0.0000
114.081,358.5768,0.0216,235.4060,0.2510,3.8000,-0.4500,1.8483,181.0710,2.3261,0.0000,0.0000,0.0000
114.205,358.3390,0.1260,235.4643,0.2510,3.8000,-0.4500,1.9202,181.0739,2.3634,0.0000,0.0000,0.0000
114.305,358.1407,0.2118,235.5137,0.2510,3.8000,-0.4500,1.9202,181.0739,2.3634,0.0000,0.0000,0.0000
114.415,357.9024,0.3143,235.5735,0.2510,3.8000,-0.4500,1.9202,181.0739,2.3634,0.0000,0.0000,0.0000
114.525,357.7040,0.3994,235.6237,0.2510,3.8000,-0.4500,1.9202,181.0739,2.3634,0.0000,0.0000,0.0000
114.635,357.4657,0.5007,235.6843,0.2510,3.8000,-0.4500,1.9202,181.0739,2.3634,0.0000,0.0000,0.0000
114.761,357.2274,0.6012,235.7452,0.2510,3.8000,-0.4500,1.9202,181.0739,2.3634,0.0000,0.0000,0.0000
114.886,356.9888,0.7005,235.8062,0.2510,3.8000,-0.4500,1.9202,181.0739,2.3634,0.0000,0.0000,0.0000
114.999,356.7499,0.7982,235.8673,0.2510,3.8000,-0.4500,1.9202,181.0739,2.3634,0.0000,0.0000,0.0000
115.108,356.5106,0.8938,235.9287,0.2510,3.8000,-0.4500,1.9202,181.0739,2.3634,0.0000,0.0000,0.0000
115.220,356.3109,0.9716,235.9805,0.2510,3.8000,-0.4500,1.9202,181.0739,2.3635,0.0000,0.0000,0.0000
115.345,356.0707,1.0622,236.0435,0.2510,3.8000,-0.4500,1.9202,181.0739,2.3635,0.0000,0.0000,0.0000
115.469,355.7898,1.1633,236.1181,0.2510,3.8000,-0.4500,1.9202,181.0739,2.3635,0.0000,0.0000,0.0000
115.594,355.5469,1.2440,236.1811,0.2510,3.8000,-0.4500,2.1149,181.0817,2.2006,0.0000,0.0000,0.0000
115.719,355.3043,1.3212,236.2446,0.2510,3.8000,-0.4500,2.1149,181.0817,2.2007,0.0000,0.0000,0.0000
115.844,355.0594,1.3908,236.3068,0.2510,3.8000,-0.4500,2.1938,181.0846,2.0581,0.0000,0.0000,0.0000
115.969,354.7715,1.4626,236.3776,0.2510,3.8000,-0.4500,2.2625,181.0870,1.8114,0.0000,0.0000,0.0000
116.081,354.5639,1.5063,236.4250,0.2510,3.8000,-0.4500,2.2770,181.0874,1.5452,0.0000,0.0000,0.0000
116.205,354.3137,1.5541,236.4728,0.2510,3.8000,-0.4500,2.2765,181.0874,1.3734,0.0000,0.0000,0.0000
116.319,354.0595,1.5888,236.5115,0.2510,3.8000,-0.4500,2.2059,181.0860,0.9551,0.0000,0.0000,0.0000
116.427,353.8473,1.6146,236.5360,0.2510,3.8000,-0.4500,2.1640,181.0853,0.7994,0.0000,0.0000,0.0000
116.541,353.5897,1.6341,236.5590,0.2510,3.8000,-0.4500,2.0390,181.0840,0.4555,0.0000,0.0000,0.0000
116.649,353.3304,1.6448,236.5750,0.2510,3.8000,-0.4500,1.9095,181.0833,0.1360,0.0000,0.0000,0.0000
116.774,353.0695,1.6459,236.5871,0.2510,3.8000,-0.4500,1.7565,181.0834,359.8189,0.0000,0.0000,0.0000
116.900,352.8078,1.6379,236.5995,0.2510,3.8000,-0.4500,1.6033,181.0843,359.5189,0.0000,0.0000,0.0000
117.024,352.5448,1.6186,236.6155,0.2510,3.8000,-0.4500,1.3976,181.0867,359.1472,0.0000,0.0000,0.0000
117.124,352.3261,1.5972,236.6330,0.2510,3.8000,-0.4500,1.2764,181.0887,358.9361,0.0000,0.0000,0.0000
117.233,352.0628,1.5604,236.6622,0.2510,3.8000,-0.4500,1.0612,181.0934,358.5761,0.0000,0.0000,0.0000
117.344,351.8442,1.5243,236.6935,0.2510,3.8000,-0.4500,0.9339,181.0968,358.3681,0.0000,0.0000,0.0000
117.468,351.5378,1.4609,236.7482,0.2510,3.8000,-0.4500,0.7029,181.1041,358.0006,0.0000,0.0000,0.0000
117.594,351.2763,1.3988,236.8042,0.2510,3.8000,-0.4500,0.5704,181.1090,357.7925,0.0000,0.0000,0.0000
117.719,351.0142,1.3243,236.8690,0.2510,3.8000,-0.4500,0.3453,181.1183,357.4446,0.0000,0.0000,0.0000
117.844,350.7533,1.2441,236.9415,0.2510,3.8000,-0.4500,0.2086,181.1247,357.2355,0.0000,0.0000,0.0000
117.969,350.4495,1.1392,237.0359,0.2510,3.8000,-0.4500,0.0255,181.1340,356.9565,0.0000,0.0000,0.0000
118.080,350.2326,1.0573,237.1093,0.2510,3.8000,-0.4500,359.8835,181.1418,356.7407,0.0000,0.0000,0.0000
118.192,349.9736,0.9552,237.2028,0.2510,3.8000,-0.4500,359.7911,181.1472,356.6000,0.0000,0.0000,0.0000
118.302,349.7574,0.8628,237.2854,0.2510,3.8000,-0.4500,359.6517,181.1557,356.3859,0.0000,0.0000,0.0000
118.427,349.4994,0.7509,237.3888,0.2510,3.8000,-0.4500,359.6073,181.1585,356.3174,0.0000,0.0000,0.0000
118.552,349.1979,0.6093,237.5161,0.2510,3.8000,-0.4500,359.4263,181.1706,356.0319,0.0000,0.0000,0.0000
118.677,348.9409,0.4890,237.6291,0.2510,3.8000,-0.4500,359.4263,181.1706,356.0319,0.0000,0.0000,0.0000
118.802,348.6836,0.3624,237.7457,0.2510,3.8000,-0.4500,359.3407,181.1767,355.8880,0.0000,0.0000,0.0000
118.927,348.4266,0.2351,237.8646,0.2510,3.8000,-0.4500,359.3011,181.1795,355.8156,0.0000,0.0000,0.0000
119.041,348.1698,0.1068,237.9856,0.2510,3.8000,-0.4500,359.2647,181.1822,355.7447,0.0000,0.0000,0.0000
119.149,347.9134,-0.0203,238.1084,0.2510,3.8000,-0.4500,359.2647,181.1822,355.7447,0.0000,0.0000,0.0000
119.249,347.6997,-0.1256,238.2115,0.2510,3.8000,-0.4500,359.2647,181.1822,355.7447,0.0000,0.0000,0.0000
119.358,347.4857,-0.2300,238.3151,0.2510,3.8000,-0.4500,359.2647,181.1822,355.7448,0.0000,0.0000,0.0000
119.472,347.2290,-0.3530,238.4395,0.2510,3.8000,-0.4500,359.2647,181.1822,355.7448,0.0000,0.0000,0.0000
119.583,347.0150,-0.4530,238.5432,0.2510,3.8000,-0.4500,359.2647,181.1822,355.7448,0.0000,0.0000,0.0000
119.691,346.7581,-0.5695,238.6675,0.2510,3.8000,-0.4500,359.2647,181.1822,355.7448,0.0000,0.0000,0.0000
119.816,346.5009,-0.6814,238.7914,0.2510,3.8000,-0.4500,359.2647,181.1822,355.7448,0.0000,0.0000,0.0000
119.941,346.2437,-0.7878,238.9149,0.2510,3.8000,-0.4500,359.2647,181.1822,355.7448,0.0000,0.0000,0.0000
