time_sec,world_x,world_y,world_z,local_x,local_y,local_z,world_rot_x,world_rot_y,world_rot_z,local_rot_x,local_rot_y,local_rot_z
0.000,598.8349,5.2159,250.4544,0.2510,3.8000,-0.4500,0.0000,180.0000,0.0000,0.0000,0.0000,0.0000
0.000,598.8349,5.2159,250.4544,0.2510,3.8000,-0.4500,0.0000,180.0000,0.0000,0.0000,0.0000,0.0000
0.107,598.6016,5.0092,250.4596,0.2510,3.8000,-0.4500,0.0000,180.0000,0.0000,0.0000,0.0000,0.0000
0.223,598.2034,4.6661,250.4686,0.2510,3.8000,-0.4500,0.0000,180.0000,0.0000,0.0000,0.0000,0.0000
0.332,597.6907,4.2305,250.4881,0.2510,3.8000,-0.4500,0.0000,180.0000,0.0000,0.0000,0.0000,0.0000
0.444,597.1860,3.8044,250.5155,0.2510,3.8000,-0.4500,0.0000,180.0000,0.0000,0.0000,0.0000,0.0000
0.556,596.4974,3.2257,250.5627,0.2510,3.8000,-0.4500,0.0000,180.0000,0.0000,0.0000,0.0000,0.0000
0.668,595.8619,2.6930,250.6139,0.2510,3.8000,-0.4500,0.0000,180.0000,0.0000,0.0000,0.0000,0.0000
0.778,595.0331,1.9997,250.6889,0.2510,3.8000,-0.4500,0.0000,180.0000,0.0000,0.0000,0.0000,0.0000
0.889,594.1402,1.2539,250.7776,0.2510,3.8000,-0.4500,0.0000,180.0000,0.0000,0.0000,0.0000,0.0000
1.001,593.3524,0.5966,250.8613,0.2510,3.8000,-0.4500,0.0000,180.0000,0.0000,0.0000,0.0000,0.0000
1.112,592.3600,-0.2305,250.9722,0.2510,3.8000,-0.4500,0.0000,180.0000,0.0000,0.0000,0.0000,0.0000
1.224,591.4982,-0.9484,251.0730,0.2510,3.8000,-0.4500,0.0000,180.0000,0.0000,0.0000,0.0000,0.0000
1.334,590.4266,-1.8406,251.2031,0.2510,3.8000,-0.4500,0.0000,180.0000,0.0000,0.0000,0.0000,0.0000
1.446,589.5497,-2.5718,251.3136,0.2510,3.8000,-0.4500,359.8352,180.0000,0.0006,0.0000,0.0000,0.0000
1.557,588.8104,-3.3263,251.4346,0.2510,3.8000,-0.4500,356.0899,179.9996,0.0112,0.0000,0.0000,0.0000
1.668,588.2975,-3.7281,251.5378,0.2510,3.8000,-0.4500,352.9283,179.9988,0.0143,0.0000,0.0000,0.0000
1.780,587.9647,-3.8643,251.6170,0.2510,3.8000,-0.4500,351.5143,179.9986,0.0081,0.0000,0.0000,0.0000
1.891,587.6278,-3.9040,251.7078,0.2510,3.8000,-0.4500,350.7049,179.9985,359.9924,0.0000,0.0000,0.0000
2.002,587.3770,-3.9064,251.7770,0.2510,3.8000,-0.4500,350.6258,179.9985,359.9890,0.0000,0.0000,0.0000
2.113,587.0956,-3.9363,251.8510,0.2510,3.8000,-0.4500,350.6258,179.9985,359.9890,0.0000,0.0000,0.0000
2.224,586.8706,-4.0043,251.9042,0.2510,3.8000,-0.4500,350.6257,179.9985,359.9891,0.0000,0.0000,0.0000
2.336,586.6068,-4.1391,251.9593,0.2510,3.8000,-0.4500,350.6257,179.9985,359.9891,0.0000,0.0000,0.0000
2.447,586.3900,-4.2858,251.9998,0.2510,3.8000,-0.4500,350.6258,179.9985,359.9890,0.0000,0.0000,0.0000
2.558,586.1400,-4.4719,251.9205,0.2510,3.8000,-0.4500,350.6257,179.9985,359.9891,0.0000,0.0000,0.0000
2.669,585.9084,-4.6247,251.5741,0.2510,3.8000,-0.4500,350.6257,179.9985,359.9891,0.0000,0.0000,0.0000
2.780,585.7252,-4.7226,251.1375,0.2510,3.8000,-0.4500,350.6257,179.9986,359.9891,0.0000,0.0000,0.0000
2.892,585.5110,-4.8133,250.5259,0.2510,3.8000,-0.4500,350.6257,179.9986,359.9891,0.0000,0.0000,0.0000
3.004,585.3317,-4.8802,250.0363,0.2510,3.8000,-0.4500,350.6258,179.9986,359.9891,0.0000,0.0000,0.0000
3.113,585.1081,-4.9717,249.5771,0.2510,3.8000,-0.4500,350.6258,179.9986,359.9891,0.0000,0.0000,0.0000
3.225,584.9124,-5.0658,249.3172,0.2510,3.8000,-0.4500,350.6258,179.9986,359.9891,0.0000,0.0000,0.0000
3.335,584.6673,-5.2014,249.1284,0.2510,3.8000,-0.4500,350.6258,179.9986,359.9890,0.0000,0.0000,0.0000
3.446,584.4560,-5.3357,249.0463,0.2510,3.8000,-0.4500,350.5624,179.9987,359.7495,0.0000,0.0000,0.0000
3.558,584.2020,-5.5065,249.0101,0.2510,3.8000,-0.4500,350.5624,179.9987,359.7495,0.0000,0.0000,0.0000
3.668,583.9889,-5.6577,249.0102,0.2510,3.8000,-0.4500,350.5624,179.9987,359.7495,0.0000,0.0000,0.0000
3.780,583.7307,-5.8490,249.0259,0.2510,3.8000,-0.4500,350.5800,179.9986,359.4999,0.0000,0.0000,0.0000
3.892,583.4723,-6.0412,249.0502,0.2510,3.8000,-0.4500,350.6302,179.9981,359.3391,0.0000,0.0000,0.0000
4.003,583.2575,-6.2013,249.0781,0.2510,3.8000,-0.4500,350.6577,179.9977,359.2603,0.0000,0.0000,0.0000
4.113,583.0004,-6.3946,249.1252,0.2510,3.8000,-0.4500,350.7307,179.9967,359.1150,0.0000,0.0000,0.0000
4.224,582.7858,-6.5572,249.1747,0.2510,3.8000,-0.4500,350.9248,179.9932,358.8450,0.0000,0.0000,0.0000
4.335,582.5311,-6.7489,249.2494,0.2510,3.8000,-0.4500,351.0457,179.9906,358.7319,0.0000,0.0000,0.0000
4.449,582.2786,-6.9396,249.3452,0.2510,3.8000,-0.4500,351.1709,179.9876,358.6250,0.0000,0.0000,0.0000
4.572,582.0270,-7.1280,249.4589,0.2510,3.8000,-0.4500,351.5511,179.9777,358.4186,0.0000,0.0000,0.0000
4.683,581.8195,-7.2820,249.5672,0.2510,3.8000,-0.4500,351.7036,179.9733,358.3592,0.0000,0.0000,0.0000
4.794,581.5711,-7.4605,249.7071,0.2510,3.8000,-0.4500,352.0361,179.9635,358.2794,0.0000,0.0000,0.0000
4.905,581.3647,-7.6024,249.8295,0.2510,3.8000,-0.4500,352.4668,179.9502,358.2281,0.0000,0.0000,0.0000
5.016,581.1179,-7.7648,249.9831,0.2510,3.8000,-0.4500,352.8071,179.9396,358.2315,0.0000,0.0000,0.0000
5.127,580.9124,-7.8902,250.1135,0.2510,3.8000,-0.4500,353.2434,179.9261,358.2740,0.0000,0.0000,0.0000
5.238,580.6660,-8.0289,250.2722,0.2510,3.8000,-0.4500,353.7473,179.9112,358.3680,0.0000,0.0000,0.0000
5.350,580.4197,-8.1532,250.4318,0.2510,3.8000,-0.4500,354.2456,179.8975,358.5040,0.0000,0.0000,0.0000
5.461,580.2145,-8.2447,250.5646,0.2510,3.8000,-0.4500,354.6699,179.8869,358.6477,0.0000,0.0000,0.0000
5.572,579.9683,-8.3386,250.7227,0.2510,3.8000,-0.4500,355.1977,179.8753,358.8558,0.0000,0.0000,0.0000
5.682,579.7634,-8.4028,250.8528,0.2510,3.8000,-0.4500,355.6552,179.8670,359.0583,0.0000,0.0000,0.0000
5.794,579.5177,-8.4620,251.0065,0.2510,3.8000,-0.4500,356.2250,179.8589,359.3354,0.0000,0.0000,0.0000
5.905,579.3137,-8.4958,251.1325,0.2510,3.8000,-0.4500,356.7161,179.8543,359.5938,0.0000,0.0000,0.0000
6.016,579.0696,-8.5171,251.2811,0.2510,3.8000,-0.4500,357.3225,179.8518,359.9354,0.0000,0.0000,0.0000
6.128,578.8671,-8.5183,251.4026,0.2510,3.8000,-0.4500,357.8401,179.8526,0.2447,0.0000,0.0000,0.0000
6.238,578.6252,-8.4993,251.5431,0.2510,3.8000,-0.4500,358.4728,179.8575,0.6433,0.0000,0.0000,0.0000
6.349,578.3855,-8.4579,251.6772,0.2510,3.8000,-0.4500,359.1140,179.8671,1.0689,0.0000,0.0000,0.0000
6.461,578.1877,-8.4062,251.7849,0.2510,3.8000,-0.4500,359.6516,179.8788,1.4416,0.0000,0.0000,0.0000
6.571,577.9528,-8.3233,251.9111,0.2510,3.8000,-0.4500,0.2971,179.8977,1.9073,0.0000,0.0000,0.0000
6.682,577.7598,-8.2371,252.0163,0.2510,3.8000,-0.4500,0.8330,179.9174,2.3080,0.0000,0.0000,0.0000
6.794,577.5322,-8.1131,252.1445,0.2510,3.8000,-0.4500,1.4709,179.9459,2.8004,0.0000,0.0000,0.0000
6.905,577.3463,-7.9928,252.2535,0.2510,3.8000,-0.4500,1.9961,179.9735,3.2174,0.0000,0.0000,0.0000
7.016,577.1277,-7.8286,252.3866,0.2510,3.8000,-0.4500,2.6155,180.0110,3.7221,0.0000,0.0000,0.0000
7.127,576.9498,-7.6756,252.4993,0.2510,3.8000,-0.4500,3.1197,180.0457,4.1432,0.0000,0.0000,0.0000
7.238,576.7413,-7.4732,252.6368,0.2510,3.8000,-0.4500,3.7068,180.0909,4.6455,0.0000,0.0000,0.0000
7.350,576.5385,-7.2512,252.7773,0.2510,3.8000,-0.4500,4.2700,180.1393,5.1403,0.0000,0.0000,0.0000
7.460,576.3743,-7.0520,252.8968,0.2510,3.8000,-0.4500,4.7182,180.1813,5.5441,0.0000,0.0000,0.0000
7.572,576.1831,-6.7969,253.0433,0.2510,3.8000,-0.4500,5.2274,180.2330,6.0146,0.0000,0.0000,0.0000
7.682,576.0287,-6.5717,253.1684,0.2510,3.8000,-0.4500,5.6253,180.2764,6.3925,0.0000,0.0000,0.0000
7.794,575.8487,-6.2877,253.3223,0.2510,3.8000,-0.4500,6.0682,180.3280,6.8258,0.0000,0.0000,0.0000
7.904,575.7034,-6.0404,253.4540,0.2510,3.8000,-0.4500,6.4065,180.3698,7.1679,0.0000,0.0000,0.0000
8.015,575.5341,-5.7323,253.6162,0.2510,3.8000,-0.4500,6.7730,180.4174,7.5527,0.0000,0.0000,0.0000
8.127,575.3959,-5.4695,253.7556,0.2510,3.8000,-0.4500,6.9424,180.4403,7.7386,0.0000,0.0000,0.0000
8.238,575.2349,-5.1442,253.9256,0.2510,3.8000,-0.4500,7.1624,180.4709,7.9893,0.0000,0.0000,0.0000
8.349,575.0786,-4.8087,254.0983,0.2510,3.8000,-0.4500,7.4204,180.5082,8.3062,0.0000,0.0000,0.0000
8.460,574.9484,-4.5295,254.2463,0.2510,3.8000,-0.4500,7.4203,180.5082,8.3061,0.0000,0.0000,0.0000
8.571,574.7973,-4.1853,254.4242,0.2510,3.8000,-0.4500,7.5654,180.5298,8.5102,0.0000,0.0000,0.0000
8.682,574.6723,-3.8976,254.5747,0.2510,3.8000,-0.4500,7.6085,180.5363,8.5778,0.0000,0.0000,0.0000
8.793,574.5228,-3.5513,254.7527,0.2510,3.8000,-0.4500,7.6458,180.5420,8.6511,0.0000,0.0000,0.0000
8.904,574.3979,-3.2646,254.8953,0.2510,3.8000,-0.4500,7.6458,180.5420,8.6511,0.0000,0.0000,0.0000
9.016,574.2473,-2.9236,255.0381,0.2510,3.8000,-0.4500,7.6458,180.5420,8.6511,0.0000,0.0000,0.0000
9.141,574.0933,-2.6060,254.9998,0.2510,3.8000,-0.4500,7.6458,180.5420,8.6512,0.0000,0.0000,0.0000
9.251,573.9374,-2.3124,254.8143,0.2510,3.8000,-0.4500,7.6458,180.5420,8.6512,0.0000,0.0000,0.0000
9.364,573.8072,-2.0826,254.5780,0.2510,3.8000,-0.4500,7.6458,180.5420,8.6512,0.0000,0.0000,0.0000
9.474,573.6517,-1.8216,254.2216,0.2510,3.8000,-0.4500,7.6458,180.5420,8.6512,0.0000,0.0000,0.0000
9.585,573.5235,-1.6164,253.8591,0.2510,3.8000,-0.4500,7.6458,180.5420,8.6511,0.0000,0.0000,0.0000
9.696,573.3712,-1.3842,253.3510,0.2510,3.8000,-0.4500,7.6458,180.5420,8.6511,0.0000,0.0000,0.0000
9.807,573.2457,-1.2009,252.8815,0.2510,3.8000,-0.4500,7.4931,180.5185,8.6986,0.0000,0.0000,0.0000
9.919,573.0953,-0.9936,252.2676,0.2510,3.8000,-0.4500,7.2473,180.4806,8.6824,0.0000,0.0000,0.0000
10.029,572.9454,-0.7974,251.6038,0.2510,3.8000,-0.4500,7.0921,180.4568,8.6396,0.0000,0.0000,0.0000
10.141,572.8185,-0.6446,251.0244,0.2510,3.8000,-0.4500,6.7982,180.4122,8.4809,0.0000,0.0000,0.0000
10.252,572.6657,-0.4674,250.3071,0.2510,3.8000,-0.4500,6.6109,180.3843,8.3299,0.0000,0.0000,0.0000
10.363,572.5358,-0.3282,249.6998,0.2510,3.8000,-0.4500,6.3877,180.3519,8.0901,0.0000,0.0000,0.0000
10.474,572.3785,-0.1662,248.9637,0.2510,3.8000,-0.4500,6.2344,180.3302,7.8727,0.0000,0.0000,0.0000
10.585,572.2433,-0.0409,248.3497,0.2510,3.8000,-0.4500,6.0025,180.2988,7.5012,0.0000,0.0000,0.0000
10.696,572.0794,0.1059,247.6144,0.2510,3.8000,-0.4500,5.8465,180.2785,7.2054,0.0000,0.0000,0.0000
10.807,571.9391,0.2195,247.0061,0.2510,3.8000,-0.4500,5.6624,180.2557,6.8132,0.0000,0.0000,0.0000
10.918,571.7674,0.3501,246.2899,0.2510,3.8000,-0.4500,5.4964,180.2364,6.4249,0.0000,0.0000,0.0000
11.029,571.5859,0.4763,245.6737,0.2510,3.8000,-0.4500,5.3005,180.2150,5.9365,0.0000,0.0000,0.0000
11.141,571.4250,0.5830,245.2745,0.2510,3.8000,-0.4500,5.1326,180.1981,5.5240,0.0000,0.0000,0.0000
11.251,571.2203,0.7100,244.9169,0.2510,3.8000,-0.4500,4.9083,180.1774,5.0141,0.0000,0.0000,0.0000
11.362,571.0421,0.8130,244.7318,0.2510,3.8000,-0.4500,4.6937,180.1593,4.5692,0.0000,0.0000,0.0000
11.474,570.8213,0.9324,244.6619,0.2510,3.8000,-0.4500,4.3947,180.1369,4.0059,0.0000,0.0000,0.0000
11.587,570.6330,1.0230,244.6825,0.2510,3.8000,-0.4500,4.1075,180.1180,3.5115,0.0000,0.0000,0.0000
11.698,570.4023,1.1163,244.7643,0.2510,3.8000,-0.4500,3.7245,180.0965,2.8920,0.0000,0.0000,0.0000
11.807,570.2066,1.1788,244.8618,0.2510,3.8000,-0.4500,3.3831,180.0808,2.3581,0.0000,0.0000,0.0000
11.918,569.9681,1.2338,244.9996,0.2510,3.8000,-0.4500,2.9599,180.0658,1.7020,0.0000,0.0000,0.0000
12.030,569.7258,1.2664,245.1503,0.2510,3.8000,-0.4500,2.5355,180.0557,1.0353,0.0000,0.0000,0.0000
12.141,569.5212,1.2766,245.2814,0.2510,3.8000,-0.4500,2.1896,180.0511,0.4757,0.0000,0.0000,0.0000
12.253,569.2732,1.2691,245.4428,0.2510,3.8000,-0.4500,1.7930,180.0501,359.8040,0.0000,0.0000,0.0000
12.362,569.0648,1.2472,245.5798,0.2510,3.8000,-0.4500,1.4842,180.0526,359.2476,0.0000,0.0000,0.0000
12.476,568.8130,1.2033,245.7468,0.2510,3.8000,-0.4500,1.1470,180.0590,358.5878,0.0000,0.0000,0.0000
12.584,568.6024,1.1530,245.8884,0.2510,3.8000,-0.4500,0.8988,180.0662,358.0476,0.0000,0.0000,0.0000
12.697,568.3491,1.0780,246.0614,0.2510,3.8000,-0.4500,0.6469,180.0762,357.4147,0.0000,0.0000,0.0000
12.807,568.1378,1.0045,246.2088,0.2510,3.8000,-0.4500,0.4800,180.0844,356.9026,0.0000,0.0000,0.0000
12.918,567.8843,0.9046,246.3905,0.2510,3.8000,-0.4500,0.3348,180.0930,356.3098,0.0000,0.0000,0.0000
13.029,567.6309,0.7927,246.5782,0.2510,3.8000,-0.4500,0.2296,180.1003,355.7436,0.0000,0.0000,0.0000
13.140,567.4203,0.6900,246.7398,0.2510,3.8000,-0.4500,0.1431,180.1071,355.2942,0.0000,0.0000,0.0000
13.253,567.1688,0.5550,246.9405,0.2510,3.8000,-0.4500,0.0173,180.1180,354.7843,0.0000,0.0000,0.0000
13.362,566.9606,0.4344,247.1136,0.2510,3.8000,-0.4500,359.9132,180.1279,354.4632,0.0000,0.0000,0.0000
13.474,566.7114,0.2753,247.3282,0.2510,3.8000,-0.4500,359.7121,180.1482,353.9886,0.0000,0.0000,0.0000
13.586,566.5057,0.1348,247.5122,0.2510,3.8000,-0.4500,359.5522,180.1655,353.6919,0.0000,0.0000,0.0000
13.699,566.2605,-0.0441,247.7392,0.2510,3.8000,-0.4500,359.3733,180.1857,353.4099,0.0000,0.0000,0.0000
13.813,566.0164,-0.2384,247.9738,0.2510,3.8000,-0.4500,359.0489,180.2244,353.0142,0.0000,0.0000,0.0000
13.923,565.8153,-0.4042,248.1732,0.2510,3.8000,-0.4500,358.9361,180.2383,352.8949,0.0000,0.0000,0.0000
14.031,565.5749,-0.6183,248.4194,0.2510,3.8000,-0.4500,358.5347,180.2896,352.5692,0.0000,0.0000,0.0000
14.143,565.3767,-0.7993,248.6276,0.2510,3.8000,-0.4500,358.3948,180.3079,352.4791,0.0000,0.0000,0.0000
14.254,565.1401,-1.0291,248.8828,0.2510,3.8000,-0.4500,357.9410,180.3688,352.2547,0.0000,0.0000,0.0000
14.368,564.9445,-1.2213,249.0961,0.2510,3.8000,-0.4500,357.8598,180.3799,352.2311,0.0000,0.0000,0.0000
14.471,564.7109,-1.4626,249.3566,0.2510,3.8000,-0.4500,357.3577,180.4490,352.1266,0.0000,0.0000,0.0000
14.571,564.5172,-1.6643,249.5733,0.2510,3.8000,-0.4500,357.1921,180.4719,352.1235,0.0000,0.0000,0.0000
14.682,564.3244,-1.8701,249.7917,0.2510,3.8000,-0.4500,356.8560,180.5184,352.1490,0.0000,0.0000,0.0000
14.793,564.0935,-2.1181,250.0526,0.2510,3.8000,-0.4500,356.6132,180.5519,352.1985,0.0000,0.0000,0.0000
14.904,563.9020,-2.3260,250.2710,0.2510,3.8000,-0.4500,356.2076,180.6070,352.3459,0.0000,0.0000,0.0000
15.016,563.6719,-2.5752,250.5296,0.2510,3.8000,-0.4500,355.9109,180.6466,352.5035,0.0000,0.0000,0.0000
15.126,563.4803,-2.7820,250.7429,0.2510,3.8000,-0.4500,355.6307,180.6832,352.6878,0.0000,0.0000,0.0000
15.237,563.2502,-3.0282,250.9950,0.2510,3.8000,-0.4500,355.3177,180.7227,352.9483,0.0000,0.0000,0.0000
15.349,563.0193,-3.2706,251.2415,0.2510,3.8000,-0.4500,354.9736,180.7644,353.3021,0.0000,0.0000,0.0000
15.461,562.8254,-3.4709,251.4403,0.2510,3.8000,-0.4500,354.8175,180.7825,353.4933,0.0000,0.0000,0.0000
15.571,562.5928,-3.7051,251.6730,0.2510,3.8000,-0.4500,354.5179,180.8158,353.9105,0.0000,0.0000,0.0000
15.682,562.3969,-3.8979,251.8577,0.2510,3.8000,-0.4500,354.3852,180.8298,354.1207,0.0000,0.0000,0.0000
15.794,562.1611,-4.1206,252.0673,0.2510,3.8000,-0.4500,354.1317,180.8550,354.5796,0.0000,0.0000,0.0000
15.905,561.9627,-4.3018,252.2301,0.2510,3.8000,-0.4500,353.9844,180.8687,354.8801,0.0000,0.0000,0.0000
16.016,561.7233,-4.5110,252.4127,0.2510,3.8000,-0.4500,353.7881,180.8856,355.3385,0.0000,0.0000,0.0000
16.127,561.5218,-4.6801,252.5527,0.2510,3.8000,-0.4500,353.6751,180.8946,355.6399,0.0000,0.0000,0.0000
16.238,561.2789,-4.8746,252.7080,0.2510,3.8000,-0.4500,353.5434,180.9042,356.0437,0.0000,0.0000,0.0000
16.349,561.0342,-5.0606,252.8501,0.2510,3.8000,-0.4500,353.4288,180.9118,356.4391,0.0000,0.0000,0.0000
16.461,560.8293,-5.2089,252.9595,0.2510,3.8000,-0.4500,353.3490,180.9165,356.7664,0.0000,0.0000,0.0000
16.571,560.5828,-5.3771,253.0811,0.2510,3.8000,-0.4500,353.2457,180.9220,357.2504,0.0000,0.0000,0.0000
16.683,560.3751,-5.5143,253.1732,0.2510,3.8000,-0.4500,353.2170,180.9233,357.4193,0.0000,0.0000,0.0000
16.794,560.1266,-5.6614,253.2285,0.2510,3.8000,-0.4500,353.1402,180.9265,357.9353,0.0000,0.0000,0.0000
16.905,559.9180,-5.7755,253.2182,0.2510,3.8000,-0.4500,353.1196,180.9272,358.0966,0.0000,0.0000,0.0000
17.018,559.6720,-5.8928,253.1540,0.2510,3.8000,-0.4500,353.0687,180.9287,358.6156,0.0000,0.0000,0.0000
17.127,559.4680,-5.9825,253.0618,0.2510,3.8000,-0.4500,353.0482,180.9291,358.8651,0.0000,0.0000,0.0000
17.238,559.2273,-6.0751,252.9072,0.2510,3.8000,-0.4500,353.0194,180.9296,359.2841,0.0000,0.0000,0.0000
17.349,558.9901,-6.1548,252.7141,0.2510,3.8000,-0.4500,352.9962,180.9298,359.7020,0.0000,0.0000,0.0000
17.460,558.7939,-6.2153,252.5264,0.2510,3.8000,-0.4500,352.9882,180.9299,359.8632,0.0000,0.0000,0.0000
17.571,558.5647,-6.2708,252.2591,0.2510,3.8000,-0.4500,352.9672,180.9298,0.3718,0.0000,0.0000,0.0000
17.683,558.3747,-6.3134,252.0024,0.2510,3.8000,-0.4500,352.9641,180.9298,0.4528,0.0000,0.0000,0.0000
17.794,558.1534,-6.3466,251.6654,0.2510,3.8000,-0.4500,352.9454,180.9296,0.9814,0.0000,0.0000,0.0000
17.905,557.9690,-6.3716,251.3677,0.2510,3.8000,-0.4500,352.9397,180.9294,1.1461,0.0000,0.0000,0.0000
18.015,557.7514,-6.3899,250.9997,0.2510,3.8000,-0.4500,352.9270,180.9291,1.5766,0.0000,0.0000,0.0000
18.127,557.5703,-6.4027,250.6870,0.2510,3.8000,-0.4500,352.9228,180.9290,1.7401,0.0000,0.0000,0.0000
18.238,557.3550,-6.4101,250.3192,0.2510,3.8000,-0.4500,352.9191,180.9289,2.0927,0.0000,0.0000,0.0000
18.349,557.1383,-6.4164,249.9691,0.2510,3.8000,-0.4500,352.9188,180.9289,2.2623,0.0000,0.0000,0.0000
18.460,556.9590,-6.4152,249.6915,0.2510,3.8000,-0.4500,352.9309,180.9294,2.6144,0.0000,0.0000,0.0000
18.571,556.7402,-6.4165,249.3990,0.2510,3.8000,-0.4500,352.9394,180.9298,2.7811,0.0000,0.0000,0.0000
18.682,556.5540,-6.4192,249.2140,0.2510,3.8000,-0.4500,352.9558,180.9306,2.9426,0.0000,0.0000,0.0000
18.793,556.3271,-6.4215,249.0540,0.2510,3.8000,-0.4500,353.0133,180.9338,3.2763,0.0000,0.0000,0.0000
18.906,556.1357,-6.4253,248.9822,0.2510,3.8000,-0.4500,353.0854,180.9381,3.5150,0.0000,0.0000,0.0000
19.016,555.9039,-6.4392,248.9963,0.2510,3.8000,-0.4500,353.1119,180.9398,3.5920,0.0000,0.0000,0.0000
19.141,555.6766,-6.4468,249.0856,0.2510,3.8000,-0.4500,353.3722,180.9573,4.0300,0.0000,0.0000,0.0000
19.252,555.4487,-6.4588,249.2272,0.2510,3.8000,-0.4500,353.4888,180.9657,4.1527,0.0000,0.0000,0.0000
19.363,555.2614,-6.4632,249.3727,0.2510,3.8000,-0.4500,353.6770,180.9797,4.3288,0.0000,0.0000,0.0000
19.475,555.0395,-6.4588,249.5697,0.2510,3.8000,-0.4500,354.0993,181.0130,4.6200,0.0000,0.0000,0.0000
19.587,554.8549,-6.4531,249.7487,0.2510,3.8000,-0.4500,354.2412,181.0247,4.7017,0.0000,0.0000,0.0000
19.696,554.6367,-6.4323,249.9739,0.2510,3.8000,-0.4500,354.7386,181.0667,4.9189,0.0000,0.0000,0.0000
19.809,554.4200,-6.4014,250.2087,0.2510,3.8000,-0.4500,355.2332,181.1103,5.0969,0.0000,0.0000,0.0000
19.919,554.2410,-6.3684,250.4104,0.2510,3.8000,-0.4500,355.5540,181.1393,5.1941,0.0000,0.0000,0.0000
20.030,554.0282,-6.3167,250.6566,0.2510,3.8000,-0.4500,356.0638,181.1863,5.3256,0.0000,0.0000,0.0000
20.141,553.8522,-6.2645,250.8646,0.2510,3.8000,-0.4500,356.4937,181.2269,5.4228,0.0000,0.0000,0.0000
20.252,553.6426,-6.1905,251.1167,0.2510,3.8000,-0.4500,357.0114,181.2766,5.5256,0.0000,0.0000,0.0000
20.363,553.4696,-6.1194,251.3281,0.2510,3.8000,-0.4500,357.4482,181.3192,5.6020,0.0000,0.0000,0.0000
20.474,553.2634,-6.0226,251.5821,0.2510,3.8000,-0.4500,357.9816,181.3719,5.6837,0.0000,0.0000,0.0000
20.585,553.0928,-5.9324,251.7936,0.2510,3.8000,-0.4500,358.4335,181.4172,5.7439,0.0000,0.0000,0.0000
20.696,552.8897,-5.8127,252.0465,0.2510,3.8000,-0.4500,358.9831,181.4728,5.8059,0.0000,0.0000,0.0000
20.807,552.7216,-5.7038,252.2552,0.2510,3.8000,-0.4500,359.4452,181.5199,5.8487,0.0000,0.0000,0.0000
20.919,552.5209,-5.5624,252.5028,0.2510,3.8000,-0.4500,0.0016,181.5771,5.8883,0.0000,0.0000,0.0000
21.030,552.3215,-5.4098,252.7471,0.2510,3.8000,-0.4500,0.5569,181.6346,5.9141,0.0000,0.0000,0.0000
21.141,552.1561,-5.2746,252.9478,0.2510,3.8000,-0.4500,1.0163,181.6822,5.9240,0.0000,0.0000,0.0000
21.252,551.9583,-5.1032,253.1852,0.2510,3.8000,-0.4500,1.5609,181.7387,5.9212,0.0000,0.0000,0.0000
21.364,551.7941,-4.9533,253.3800,0.2510,3.8000,-0.4500,2.0071,181.7850,5.9056,0.0000,0.0000,0.0000
21.474,551.5977,-4.7658,253.6103,0.2510,3.8000,-0.4500,2.5307,181.8390,5.8701,0.0000,0.0000,0.0000
21.585,551.4337,-4.6036,253.7992,0.2510,3.8000,-0.4500,2.9554,181.8826,5.8258,0.0000,0.0000,0.0000
21.698,551.2371,-4.4028,254.0221,0.2510,3.8000,-0.4500,3.4488,181.9327,5.7542,0.0000,0.0000,0.0000
21.807,551.0729,-4.2311,254.2054,0.2510,3.8000,-0.4500,3.7704,181.9650,5.6928,0.0000,0.0000,0.0000
21.918,550.8753,-4.0202,254.4209,0.2510,3.8000,-0.4500,4.2583,182.0133,5.5761,0.0000,0.0000,0.0000
22.030,550.6776,-3.8056,254.6333,0.2510,3.8000,-0.4500,4.5660,182.0432,5.4861,0.0000,0.0000,0.0000
22.141,550.5116,-3.6243,254.8063,0.2510,3.8000,-0.4500,4.9620,182.0809,5.3425,0.0000,0.0000,0.0000
22.251,550.3115,-3.4050,255.0111,0.2510,3.8000,-0.4500,5.2760,182.1100,5.2054,0.0000,0.0000,0.0000
22.363,550.1432,-3.2213,255.1783,0.2510,3.8000,-0.4500,5.5822,182.1376,5.0530,0.0000,0.0000,0.0000
22.474,549.9397,-3.0010,255.3753,0.2510,3.8000,-0.4500,5.9432,182.1690,4.8345,0.0000,0.0000,0.0000
22.585,549.7685,-2.8181,255.5365,0.2510,3.8000,-0.4500,6.2101,182.1912,4.6448,0.0000,0.0000,0.0000
22.696,549.5618,-2.5995,255.7275,0.2510,3.8000,-0.4500,6.4069,182.2070,4.4763,0.0000,0.0000,0.0000
22.807,549.3866,-2.4204,255.8831,0.2510,3.8000,-0.4500,6.7112,182.2303,4.1865,0.0000,0.0000,0.0000
22.919,549.1757,-2.2064,256.0677,0.2510,3.8000,-0.4500,6.8226,182.2383,4.0538,0.0000,0.0000,0.0000
23.029,548.9602,-1.9995,256.2477,0.2510,3.8000,-0.4500,7.1327,182.2594,3.6441,0.0000,0.0000,0.0000
23.140,548.7808,-1.8274,256.3958,0.2510,3.8000,-0.4500,7.1763,182.2621,3.5712,0.0000,0.0000,0.0000
23.252,548.5592,-1.6308,256.5625,0.2510,3.8000,-0.4500,7.4229,182.2767,3.1176,0.0000,0.0000,0.0000
23.365,548.3724,-1.4710,256.6855,0.2510,3.8000,-0.4500,7.5195,182.2818,2.8968,0.0000,0.0000,0.0000
23.474,548.1442,-1.2864,256.8136,0.2510,3.8000,-0.4500,7.6040,182.2860,2.6651,0.0000,0.0000,0.0000
23.586,547.9501,-1.1411,256.9037,0.2510,3.8000,-0.4500,7.7026,182.2903,2.3438,0.0000,0.0000,0.0000
23.711,547.6729,-0.9475,256.9922,0.2510,3.8000,-0.4500,7.7797,182.2933,2.0194,0.0000,0.0000,0.0000
23.821,547.4718,-0.8152,257.0305,0.2510,3.8000,-0.4500,7.7952,182.2939,1.9363,0.0000,0.0000,0.0000
23.933,547.2258,-0.6672,257.0470,0.2510,3.8000,-0.4500,7.8392,182.2953,1.6842,0.0000,0.0000,0.0000
24.046,547.0200,-0.5551,257.0053,0.2510,3.8000,-0.4500,7.8722,182.2962,1.4390,0.0000,0.0000,0.0000
24.155,546.7752,-0.4317,256.8857,0.2510,3.8000,-0.4500,7.8903,182.2966,1.2732,0.0000,0.0000,0.0000
24.267,546.5731,-0.3374,256.7395,0.2510,3.8000,-0.4500,7.8988,182.2968,1.1919,0.0000,0.0000,0.0000
24.377,546.3339,-0.2317,256.5133,0.2510,3.8000,-0.4500,7.8988,182.2968,1.1919,0.0000,0.0000,0.0000
24.488,546.1362,-0.1519,256.2870,0.2510,3.8000,-0.4500,7.9055,182.2969,1.1115,0.0000,0.0000,0.0000
24.600,545.9017,-0.0613,255.9801,0.2510,3.8000,-0.4500,7.9055,182.2969,1.1115,0.0000,0.0000,0.0000
24.710,545.6679,0.0208,255.6495,0.2510,3.8000,-0.4500,7.9171,182.2971,0.9491,0.0000,0.0000,0.0000
24.822,545.4733,0.0865,255.3650,0.2510,3.8000,-0.4500,7.9225,182.2972,0.8674,0.0000,0.0000,0.0000
24.933,545.2385,0.1589,255.0193,0.2510,3.8000,-0.4500,7.9360,182.2974,0.6179,0.0000,0.0000,0.0000
25.044,545.0422,0.2142,254.7261,0.2510,3.8000,-0.4500,7.9464,182.2975,0.3661,0.0000,0.0000,0.0000
25.154,544.8082,0.2759,254.3550,0.2510,3.8000,-0.4500,7.9524,182.2975,0.2034,0.0000,0.0000,0.0000
25.266,544.6122,0.3168,254.0297,0.2510,3.8000,-0.4500,7.9609,182.2975,359.8557,0.0000,0.0000,0.0000
25.377,544.3782,0.3600,253.6231,0.2510,3.8000,-0.4500,7.9657,182.2975,359.6028,0.0000,0.0000,0.0000
25.488,544.1815,0.3855,253.2774,0.2510,3.8000,-0.4500,7.9711,182.2974,359.1768,0.0000,0.0000,0.0000
25.600,543.9460,0.4126,252.8579,0.2510,3.8000,-0.4500,7.9729,182.2974,358.9260,0.0000,0.0000,0.0000
25.712,543.7085,0.4281,252.4384,0.2510,3.8000,-0.4500,7.9744,182.2974,358.4973,0.0000,0.0000,0.0000
25.823,543.5093,0.4360,252.0999,0.2510,3.8000,-0.4500,7.9739,182.2974,358.1568,0.0000,0.0000,0.0000
25.932,543.2676,0.4415,251.7172,0.2510,3.8000,-0.4500,7.9719,182.2975,357.8085,0.0000,0.0000,0.0000
26.057,543.0224,0.4402,251.3601,0.2510,3.8000,-0.4500,7.9679,182.2976,357.3771,0.0000,0.0000,0.0000
26.168,542.7715,0.4361,251.0587,0.2510,3.8000,-0.4500,7.9614,182.2980,356.9494,0.0000,0.0000,0.0000
26.280,542.5566,0.4345,250.8757,0.2510,3.8000,-0.4500,7.9550,182.2983,356.6198,0.0000,0.0000,0.0000
26.390,542.2936,0.4407,250.7770,0.2510,3.8000,-0.4500,7.9467,182.2989,356.2847,0.0000,0.0000,0.0000
26.501,542.0717,0.4473,250.7686,0.2510,3.8000,-0.4500,7.9339,182.2997,355.8650,0.0000,0.0000,0.0000
26.613,541.8050,0.4596,250.8195,0.2510,3.8000,-0.4500,7.9217,182.3007,355.5342,0.0000,0.0000,0.0000
26.724,541.5828,0.4693,250.8983,0.2510,3.8000,-0.4500,7.9114,182.3015,355.2846,0.0000,0.0000,0.0000
26.835,541.3160,0.4774,251.0237,0.2510,3.8000,-0.4500,7.8961,182.3028,354.9475,0.0000,0.0000,0.0000
26.948,541.0934,0.4796,251.1472,0.2510,3.8000,-0.4500,7.8785,182.3045,354.6008,0.0000,0.0000,0.0000
27.057,540.8278,0.4819,251.3116,0.2510,3.8000,-0.4500,7.8696,182.3053,354.4327,0.0000,0.0000,0.0000
27.169,540.5606,0.4725,251.4908,0.2510,3.8000,-0.4500,7.8398,182.3084,353.9177,0.0000,0.0000,0.0000
27.279,540.3398,0.4669,251.6483,0.2510,3.8000,-0.4500,7.8347,182.3089,353.8356,0.0000,0.0000,0.0000
27.390,540.0745,0.4530,251.8495,0.2510,3.8000,-0.4500,7.8193,182.3107,353.5862,0.0000,0.0000,0.0000
27.502,539.8535,0.4378,252.0271,0.2510,3.8000,-0.4500,7.8040,182.3124,353.3457,0.0000,0.0000,0.0000
27.614,539.5897,0.4182,252.2502,0.2510,3.8000,-0.4500,7.7932,182.3137,353.1773,0.0000,0.0000,0.0000
27.723,539.3696,0.3976,252.4449,0.2510,3.8000,-0.4500,7.7777,182.3156,352.9326,0.0000,0.0000,0.0000
27.834,539.1066,0.3743,252.6882,0.2510,3.8000,-0.4500,7.7728,182.3162,352.8509,0.0000,0.0000,0.0000
27.946,538.8873,0.3513,252.8981,0.2510,3.8000,-0.4500,7.7632,182.3175,352.6867,0.0000,0.0000,0.0000
28.059,538.6247,0.3223,253.1564,0.2510,3.8000,-0.4500,7.7547,182.3186,352.5249,0.0000,0.0000,0.0000
28.168,538.4063,0.2991,253.3752,0.2510,3.8000,-0.4500,7.7547,182.3186,352.5249,0.0000,0.0000,0.0000
28.293,538.1003,0.2615,253.6861,0.2510,3.8000,-0.4500,7.7481,182.3195,352.3623,0.0000,0.0000,0.0000
28.404,537.8818,0.2339,253.9100,0.2510,3.8000,-0.4500,7.7459,182.3198,352.2830,0.0000,0.0000,0.0000
28.515,537.6196,0.2012,254.1796,0.2510,3.8000,-0.4500,7.7459,182.3197,352.2830,0.0000,0.0000,0.0000
28.626,537.4007,0.1700,254.4053,0.2510,3.8000,-0.4500,7.7451,182.3199,352.1184,0.0000,0.0000,0.0000
28.738,537.1385,0.1352,254.6763,0.2510,3.8000,-0.4500,7.7451,182.3199,352.1184,0.0000,0.0000,0.0000
28.849,536.8759,0.0980,254.9464,0.2510,3.8000,-0.4500,7.7483,182.3194,352.0378,0.0000,0.0000,0.0000
28.960,536.6569,0.0661,255.1708,0.2510,3.8000,-0.4500,7.7536,182.3186,351.9587,0.0000,0.0000,0.0000
29.071,536.3945,0.0289,255.4392,0.2510,3.8000,-0.4500,7.7536,182.3186,351.9587,0.0000,0.0000,0.0000
29.183,536.1755,-0.0027,255.6626,0.2510,3.8000,-0.4500,7.7536,182.3186,351.9587,0.0000,0.0000,0.0000
29.293,535.9122,-0.0437,255.9309,0.2510,3.8000,-0.4500,7.7746,182.3156,351.7961,0.0000,0.0000,0.0000
29.404,535.6935,-0.0759,256.1550,0.2510,3.8000,-0.4500,7.7746,182.3156,351.7961,0.0000,0.0000,0.0000
29.516,535.4306,-0.1150,256.4237,0.2510,3.8000,-0.4500,7.7746,182.3156,351.7961,0.0000,0.0000,0.0000
29.627,535.2109,-0.1508,256.6470,0.2510,3.8000,-0.4500,7.8070,182.3109,351.6374,0.0000,0.0000,0.0000
29.738,534.9478,-0.1912,256.9149,0.2510,3.8000,-0.4500,7.8070,182.3109,351.6374,0.0000,0.0000,0.0000
29.851,534.6847,-0.2326,257.1813,0.2510,3.8000,-0.4500,7.8070,182.3109,351.6374,0.0000,0.0000,0.0000
29.960,534.4646,-0.2706,257.4012,0.2510,3.8000,-0.4500,7.8489,182.3046,351.4761,0.0000,0.0000,0.0000
30.070,534.2011,-0.3145,257.6630,0.2510,3.8000,-0.4500,7.8489,182.3046,351.4761,0.0000,0.0000,0.0000
30.182,533.9815,-0.3523,257.8784,0.2510,3.8000,-0.4500,7.8489,182.3046,351.4761,0.0000,0.0000,0.0000
30.293,533.7167,-0.4023,258.1300,0.2510,3.8000,-0.4500,7.8942,182.2977,351.3129,0.0000,0.0000,0.0000
30.404,533.4963,-0.4438,258.3343,0.2510,3.8000,-0.4500,7.8942,182.2977,351.3129,0.0000,0.0000,0.0000
30.515,533.2310,-0.4983,258.5742,0.2510,3.8000,-0.4500,7.9381,182.2908,351.1520,0.0000,0.0000,0.0000
30.626,533.0103,-0.5437,258.7687,0.2510,3.8000,-0.4500,7.9381,182.2908,351.1520,0.0000,0.0000,0.0000
30.737,532.7464,-0.6173,258.8528,0.2510,3.8000,-0.4500,7.9985,182.2812,350.9077,0.0000,0.0000,0.0000
30.849,532.4878,-0.7119,258.7699,0.2510,3.8000,-0.4500,7.9985,182.2812,350.9077,0.0000,0.0000,0.0000
30.960,532.2745,-0.8030,258.6272,0.2510,3.8000,-0.4500,7.9985,182.2812,350.9077,0.0000,0.0000,0.0000
31.071,532.0209,-0.9221,258.4028,0.2510,3.8000,-0.4500,7.9985,182.2812,350.9077,0.0000,0.0000,0.0000
31.182,531.8109,-1.0267,258.1885,0.2510,3.8000,-0.4500,7.9985,182.2812,350.9077,0.0000,0.0000,0.0000
31.293,531.5600,-1.1560,257.9107,0.2510,3.8000,-0.4500,7.9985,182.2812,350.9077,0.0000,0.0000,0.0000
31.405,531.3516,-1.2657,257.6676,0.2510,3.8000,-0.4500,7.9985,182.2812,350.9077,0.0000,0.0000,0.0000
31.514,531.1024,-1.3984,257.3667,0.2510,3.8000,-0.4500,7.9985,182.2812,350.9077,0.0000,0.0000,0.0000
31.625,530.8950,-1.5092,257.1102,0.2510,3.8000,-0.4500,7.9985,182.2812,350.9077,0.0000,0.0000,0.0000
31.737,530.6467,-1.6421,256.7945,0.2510,3.8000,-0.4500,7.9985,182.2812,350.9077,0.0000,0.0000,0.0000
31.848,530.4402,-1.7526,256.5256,0.2510,3.8000,-0.4500,7.9985,182.2812,350.9077,0.0000,0.0000,0.0000
31.959,530.1934,-1.8847,256.1959,0.2510,3.8000,-0.4500,7.9985,182.2812,350.9077,0.0000,0.0000,0.0000
32.070,529.9482,-2.0166,255.8483,0.2510,3.8000,-0.4500,7.9985,182.2812,350.9077,0.0000,0.0000,0.0000
32.181,529.7455,-2.1274,255.5424,0.2510,3.8000,-0.4500,7.9182,182.2942,350.8953,0.0000,0.0000,0.0000
32.292,529.5038,-2.2600,255.1576,0.2510,3.8001,-0.4500,7.8373,182.3073,350.8856,0.0000,0.0000,0.0000
32.404,529.3040,-2.3698,254.8291,0.2510,3.8000,-0.4500,7.5911,182.3470,350.9282,0.0000,0.0000,0.0000
32.515,529.0645,-2.4980,254.4290,0.2510,3.8000,-0.4500,7.4370,182.3718,350.9968,0.0000,0.0000,0.0000
32.626,528.8653,-2.6020,254.0947,0.2510,3.8000,-0.4500,7.2193,182.4064,351.1122,0.0000,0.0000,0.0000
32.737,528.6257,-2.7230,253.6941,0.2510,3.8000,-0.4500,7.0887,182.4268,351.2236,0.0000,0.0000,0.0000
32.862,528.3859,-2.8390,253.2981,0.2510,3.8000,-0.4500,6.9014,182.4556,351.3977,0.0000,0.0000,0.0000
32.973,528.1462,-2.9482,252.9075,0.2510,3.8000,-0.4500,6.6322,182.4959,351.7207,0.0000,0.0000,0.0000
33.084,527.9443,-3.0389,252.5857,0.2510,3.8000,-0.4500,6.6322,182.4959,351.7207,0.0000,0.0000,0.0000
33.195,527.7033,-3.1382,252.2080,0.2510,3.8000,-0.4500,6.3901,182.5306,352.0826,0.0000,0.0000,0.0000
33.308,527.5011,-3.2191,251.8994,0.2510,3.8000,-0.4500,6.3022,182.5427,352.2302,0.0000,0.0000,0.0000
33.417,527.2576,-3.3111,251.5385,0.2510,3.8000,-0.4500,6.1760,182.5598,352.4508,0.0000,0.0000,0.0000
33.528,527.0529,-3.3838,251.2569,0.2510,3.8000,-0.4500,6.0962,182.5703,352.5975,0.0000,0.0000,0.0000
33.639,526.8051,-3.4648,250.9485,0.2510,3.8000,-0.4500,5.9832,182.5849,352.8160,0.0000,0.0000,0.0000
33.750,526.5549,-3.5402,250.6674,0.2510,3.8000,-0.4500,5.8742,182.5985,353.0400,0.0000,0.0000,0.0000
33.861,526.3439,-3.6004,250.4740,0.2510,3.8000,-0.4500,5.8404,182.6026,353.1125,0.0000,0.0000,0.0000
33.973,526.0875,-3.6581,250.4053,0.2510,3.8000,-0.4500,5.8073,182.6066,353.1845,0.0000,0.0000,0.0000
34.084,525.8718,-3.6973,250.4390,0.2510,3.8000,-0.4500,5.8073,182.6066,353.1845,0.0000,0.0000,0.0000
34.194,525.6122,-3.7372,250.5427,0.2510,3.8000,-0.4500,5.8073,182.6066,353.1845,0.0000,0.0000,0.0000
34.306,525.3954,-3.7668,250.6628,0.2510,3.8000,-0.4500,5.8073,182.6066,353.1845,0.0000,0.0000,0.0000
34.416,525.1351,-3.7999,250.8324,0.2510,3.8000,-0.4500,5.8073,182.6066,353.1845,0.0000,0.0000,0.0000
34.528,524.8751,-3.8314,251.0198,0.2510,3.8000,-0.4500,5.8073,182.6066,353.1845,0.0000,0.0000,0.0000
34.639,524.6582,-3.8568,251.1855,0.2510,3.8000,-0.4500,5.8073,182.6066,353.1844,0.0000,0.0000,0.0000
34.750,524.3978,-3.8860,251.3924,0.2510,3.8000,-0.4500,5.8073,182.6066,353.1845,0.0000,0.0000,0.0000
34.861,524.1806,-3.9088,251.5692,0.2510,3.8000,-0.4500,5.8073,182.6066,353.1845,0.0000,0.0000,0.0000
34.972,523.9196,-3.9339,251.7845,0.2510,3.8000,-0.4500,5.8073,182.6066,353.1844,0.0000,0.0000,0.0000
35.084,523.7020,-3.9523,251.9672,0.2510,3.8000,-0.4500,5.8073,182.6066,353.1844,0.0000,0.0000,0.0000
35.196,523.4407,-3.9697,252.1922,0.2510,3.8000,-0.4500,5.8862,182.5972,353.2011,0.0000,0.0000,0.0000
35.306,523.2231,-3.9795,252.3837,0.2510,3.8000,-0.4500,6.0427,182.5784,353.2370,0.0000,0.0000,0.0000
35.417,522.9620,-3.9879,252.6183,0.2510,3.8000,-0.4500,6.1196,182.5693,353.2588,0.0000,0.0000,0.0000
35.529,522.7009,-3.9889,252.8549,0.2510,3.8000,-0.4500,6.3548,182.5415,353.3468,0.0000,0.0000,0.0000
35.640,522.4832,-3.9887,253.0551,0.2510,3.8000,-0.4500,6.3548,182.5415,353.3468,0.0000,0.0000,0.0000
35.750,522.2221,-3.9805,253.2943,0.2510,3.8000,-0.4500,6.5624,182.5173,353.4659,0.0000,0.0000,0.0000
35.861,522.0045,-3.9720,253.4934,0.2510,3.8000,-0.4500,6.6233,182.5104,353.5118,0.0000,0.0000,0.0000
35.972,521.7433,-3.9584,253.7302,0.2510,3.8000,-0.4500,6.6807,182.5038,353.5668,0.0000,0.0000,0.0000
36.084,521.5256,-3.9442,253.9256,0.2510,3.8000,-0.4500,6.7347,182.4977,353.6254,0.0000,0.0000,0.0000
36.195,521.2643,-3.9246,254.1575,0.2510,3.8000,-0.4500,6.7803,182.4926,353.6964,0.0000,0.0000,0.0000
36.306,521.0472,-3.9047,254.3476,0.2510,3.8000,-0.4500,6.8658,182.4832,353.8401,0.0000,0.0000,0.0000
36.418,520.7858,-3.8831,254.5737,0.2510,3.8000,-0.4500,6.8658,182.4832,353.8401,0.0000,0.0000,0.0000
36.528,520.5695,-3.8596,254.7594,0.2510,3.8000,-0.4500,6.9154,182.4779,354.0880,0.0000,0.0000,0.0000
36.640,520.3094,-3.8355,254.9813,0.2510,3.8000,-0.4500,6.9107,182.4784,354.1687,0.0000,0.0000,0.0000
36.752,520.0499,-3.8105,255.2016,0.2510,3.8000,-0.4500,6.8938,182.4801,354.3294,0.0000,0.0000,0.0000
36.861,519.8347,-3.7892,255.3819,0.2510,3.8000,-0.4500,6.8023,182.4891,354.5598,0.0000,0.0000,0.0000
36.973,519.5748,-3.7687,255.5844,0.2510,3.8000,-0.4500,6.7615,182.4930,354.6314,0.0000,0.0000,0.0000
37.084,519.3578,-3.7528,255.7408,0.2510,3.8000,-0.4500,6.7195,182.4969,354.7031,0.0000,0.0000,0.0000
37.195,519.0972,-3.7345,255.9158,0.2510,3.8000,-0.4500,6.6269,182.5054,354.8420,0.0000,0.0000,0.0000
37.306,518.8801,-3.7197,256.0496,0.2510,3.8000,-0.4500,6.4802,182.5185,355.0395,0.0000,0.0000,0.0000
37.420,518.6179,-3.7060,256.1950,0.2510,3.8000,-0.4500,6.4268,182.5231,355.1009,0.0000,0.0000,0.0000
37.543,518.3559,-3.6932,256.3297,0.2510,3.8000,-0.4500,6.2524,182.5379,355.2819,0.0000,0.0000,0.0000
37.654,518.0927,-3.6848,256.4554,0.2510,3.8000,-0.4500,6.2524,182.5379,355.2819,0.0000,0.0000,0.0000
37.764,517.8743,-3.6786,256.5575,0.2510,3.8000,-0.4500,6.0516,182.5543,355.4364,0.0000,0.0000,0.0000
37.876,517.6116,-3.6756,256.6760,0.2510,3.8000,-0.4500,5.9036,182.5660,355.5195,0.0000,0.0000,0.0000
37.988,517.3929,-3.6767,256.7726,0.2510,3.8000,-0.4500,5.7519,182.5779,355.5905,0.0000,0.0000,0.0000
38.098,517.1307,-3.6835,256.8747,0.2510,3.8000,-0.4500,5.5181,182.5958,355.6754,0.0000,0.0000,0.0000
38.209,516.8693,-3.7034,256.8818,0.2510,3.8000,-0.4500,5.1968,182.6200,355.7398,0.0000,0.0000,0.0000
38.320,516.6519,-3.7299,256.8372,0.2510,3.8000,-0.4500,4.7794,182.6511,355.7845,0.0000,0.0000,0.0000
38.431,516.3914,-3.7693,256.7485,0.2510,3.8000,-0.4500,4.4460,182.6757,355.8028,0.0000,0.0000,0.0000
38.542,516.1749,-3.8087,256.6590,0.2510,3.8000,-0.4500,4.1063,182.7006,355.8129,0.0000,0.0000,0.0000
38.653,515.9156,-3.8629,256.5417,0.2510,3.8000,-0.4500,3.6812,182.7318,355.8158,0.0000,0.0000,0.0000
38.764,515.7001,-3.9144,256.4405,0.2510,3.8000,-0.4500,3.2397,182.7642,355.8100,0.0000,0.0000,0.0000
38.877,515.4420,-3.9830,256.3173,0.2510,3.8000,-0.4500,2.7114,182.8030,355.7945,0.0000,0.0000,0.0000
38.986,515.2272,-4.0460,256.2139,0.2510,3.8000,-0.4500,2.2785,182.8349,355.7750,0.0000,0.0000,0.0000
39.099,514.9718,-4.1292,256.0662,0.2510,3.8000,-0.4500,1.7569,182.8736,355.7449,0.0000,0.0000,0.0000
39.209,514.7216,-4.2201,255.8652,0.2510,3.8000,-0.4500,1.2258,182.9133,355.7143,0.0000,0.0000,0.0000
39.320,514.5167,-4.3009,255.6570,0.2510,3.8000,-0.4500,0.7750,182.9472,355.6959,0.0000,0.0000,0.0000
39.433,514.2755,-4.4026,255.3562,0.2510,3.8000,-0.4500,0.2255,182.9886,355.6886,0.0000,0.0000,0.0000
39.542,514.0781,-4.4900,255.0598,0.2510,3.8000,-0.4500,359.7626,183.0234,355.6982,0.0000,0.0000,0.0000
39.654,513.8452,-4.5967,254.6591,0.2510,3.8000,-0.4500,359.2042,183.0653,355.7318,0.0000,0.0000,0.0000
39.765,513.6533,-4.6864,254.2986,0.2510,3.8000,-0.4500,358.7387,183.0999,355.7782,0.0000,0.0000,0.0000
39.876,513.4244,-4.7948,253.8482,0.2510,3.8000,-0.4500,358.1824,183.1406,355.8530,0.0000,0.0000,0.0000
39.986,513.2346,-4.8859,253.4651,0.2510,3.8000,-0.4500,357.7224,183.1737,355.9279,0.0000,0.0000,0.0000
40.098,513.0077,-4.9959,253.0013,0.2510,3.8000,-0.4500,357.1769,183.2121,356.0287,0.0000,0.0000,0.0000
40.209,512.7810,-5.1072,252.5396,0.2510,3.8000,-0.4500,356.6408,183.2488,356.1379,0.0000,0.0000,0.0000
40.319,512.5920,-5.2011,252.1587,0.2510,3.8000,-0.4500,356.2031,183.2781,356.2332,0.0000,0.0000,0.0000
40.431,512.3652,-5.3152,251.7117,0.2510,3.8000,-0.4500,355.6906,183.3114,356.3514,0.0000,0.0000,0.0000
40.542,512.1720,-5.4160,251.4039,0.2510,3.8000,-0.4500,355.2761,183.3375,356.4506,0.0000,0.0000,0.0000
40.653,511.9318,-5.5516,251.1692,0.2510,3.8000,-0.4500,354.8624,183.3629,356.5434,0.0000,0.0000,0.0000
40.765,511.7287,-5.6818,251.1032,0.2510,3.8000,-0.4500,354.5340,183.3827,356.6052,0.0000,0.0000,0.0000
40.876,511.4849,-5.8571,251.1377,0.2510,3.8000,-0.4500,354.2115,183.4018,356.6498,0.0000,0.0000,0.0000
40.986,511.2832,-6.0160,251.2329,0.2510,3.8000,-0.4500,354.0521,183.4111,356.6639,0.0000,0.0000,0.0000
41.098,511.0432,-6.2203,251.4011,0.2510,3.8000,-0.4500,353.7083,183.4312,356.6829,0.0000,0.0000,0.0000
41.209,510.8046,-6.4324,251.6053,0.2510,3.8000,-0.4500,353.5478,183.4406,356.6909,0.0000,0.0000,0.0000
41.320,510.6066,-6.6129,251.7933,0.2510,3.8000,-0.4500,353.4624,183.4455,356.7004,0.0000,0.0000,0.0000
41.431,510.3699,-6.8312,252.0321,0.2510,3.8000,-0.4500,353.2942,183.4553,356.7222,0.0000,0.0000,0.0000
41.543,510.1729,-7.0114,252.2377,0.2510,3.8000,-0.4500,353.2942,183.4553,356.7222,0.0000,0.0000,0.0000
41.653,509.9370,-7.2236,252.4910,0.2510,3.8000,-0.4500,353.2942,183.4553,356.7222,0.0000,0.0000,0.0000
41.764,509.7407,-7.3951,252.7064,0.2510,3.8000,-0.4500,353.2942,183.4553,356.7222,0.0000,0.0000,0.0000
41.875,509.5068,-7.5891,252.9694,0.2510,3.8000,-0.4500,353.1900,183.4611,356.9538,0.0000,0.0000,0.0000
41.986,509.3117,-7.7401,253.1897,0.2510,3.8000,-0.4500,353.1708,183.4621,357.1999,0.0000,0.0000,0.0000
42.111,509.0383,-7.9309,253.4977,0.2510,3.8000,-0.4500,353.3011,183.4564,357.6772,0.0000,0.0000,0.0000
42.224,508.8426,-8.0513,253.7165,0.2510,3.8000,-0.4500,353.5358,183.4476,358.0535,0.0000,0.0000,0.0000
42.334,508.6071,-8.1779,253.9777,0.2510,3.8000,-0.4500,353.9143,183.4362,358.4855,0.0000,0.0000,0.0000
42.445,508.4108,-8.2667,254.1940,0.2510,3.8000,-0.4500,354.2932,183.4273,358.8476,0.0000,0.0000,0.0000
42.556,508.1755,-8.3516,254.4521,0.2510,3.8000,-0.4500,354.8124,183.4189,359.2987,0.0000,0.0000,0.0000
42.667,507.9800,-8.4032,254.6658,0.2510,3.8000,-0.4500,355.2934,183.4147,359.6920,0.0000,0.0000,0.0000
42.778,507.7466,-8.4409,254.9201,0.2510,3.8000,-0.4500,355.9224,183.4140,0.1844,0.0000,0.0000,0.0000
42.889,507.5148,-8.4515,255.1719,0.2510,3.8000,-0.4500,356.6015,183.4193,0.6949,0.0000,0.0000,0.0000
43.002,507.3233,-8.4391,255.3800,0.2510,3.8000,-0.4500,357.2007,183.4288,1.1302,0.0000,0.0000,0.0000
43.111,507.0960,-8.3987,255.6279,0.2510,3.8000,-0.4500,357.9532,183.4472,1.6589,0.0000,0.0000,0.0000
43.223,506.9090,-8.3439,255.8332,0.2510,3.8000,-0.4500,358.6031,183.4685,2.1003,0.0000,0.0000,0.0000
43.334,506.6878,-8.2528,256.0781,0.2510,3.8000,-0.4500,359.4036,183.5016,2.6252,0.0000,0.0000,0.0000
43.447,506.5066,-8.1564,256.2809,0.2510,3.8000,-0.4500,0.0826,183.5353,3.0542,0.0000,0.0000,0.0000
43.558,506.2931,-8.0167,256.5232,0.2510,3.8000,-0.4500,0.9047,183.5828,3.5535,0.0000,0.0000,0.0000
43.668,506.1185,-7.8810,256.7241,0.2510,3.8000,-0.4500,1.5908,183.6278,3.9527,0.0000,0.0000,0.0000
43.779,505.9132,-7.6963,256.9635,0.2510,3.8000,-0.4500,2.4090,183.6877,4.4066,0.0000,0.0000,0.0000
43.890,505.7120,-7.4891,257.1960,0.2510,3.8000,-0.4500,3.2145,183.7528,4.8287,0.0000,0.0000,0.0000
44.001,505.5472,-7.3011,257.3813,0.2510,3.8000,-0.4500,3.8704,183.8102,5.1526,0.0000,0.0000,0.0000
44.111,505.3528,-7.0584,257.5940,0.2510,3.8000,-0.4500,4.6330,183.8816,5.5045,0.0000,0.0000,0.0000
44.223,505.1924,-6.8441,257.7551,0.2510,3.8000,-0.4500,5.2440,183.9421,5.7651,0.0000,0.0000,0.0000
44.334,505.0007,-6.5755,257.9158,0.2510,3.8000,-0.4500,5.9414,184.0146,6.0396,0.0000,0.0000,0.0000
44.444,504.8414,-6.3432,258.0265,0.2510,3.8000,-0.4500,6.4876,184.0737,6.2441,0.0000,0.0000,0.0000
44.556,504.6514,-6.0566,258.1089,0.2510,3.8000,-0.4500,7.0977,184.1422,6.4781,0.0000,0.0000,0.0000
44.667,504.4933,-5.8230,258.0669,0.2510,3.8000,-0.4500,7.5620,184.1962,6.6745,0.0000,0.0000,0.0000
44.779,504.3051,-5.5486,257.9253,0.2510,3.8000,-0.4500,8.0544,184.2553,6.9138,0.0000,0.0000,0.0000
44.889,504.1187,-5.2779,257.7199,0.2510,3.8000,-0.4500,8.4221,184.3011,7.1267,0.0000,0.0000,0.0000
45.001,503.9655,-5.0544,257.5111,0.2510,3.8000,-0.4500,8.6300,184.3276,7.2641,0.0000,0.0000,0.0000
45.112,503.7849,-4.7870,257.2228,0.2510,3.8000,-0.4500,8.8347,184.3543,7.4107,0.0000,0.0000,0.0000
45.223,503.6381,-4.5600,256.9564,0.2510,3.8000,-0.4500,9.1673,184.3989,7.6840,0.0000,0.0000,0.0000
45.334,503.4633,-4.2916,256.6156,0.2510,3.8000,-0.4500,9.2903,184.4158,7.7957,0.0000,0.0000,0.0000
45.447,503.3214,-4.0633,256.3139,0.2510,3.8000,-0.4500,9.5305,184.4497,8.0330,0.0000,0.0000,0.0000
45.556,503.1521,-3.7909,255.9392,0.2510,3.8000,-0.4500,9.6431,184.4659,8.1594,0.0000,0.0000,0.0000
45.669,502.9857,-3.5160,255.5504,0.2510,3.8000,-0.4500,9.7530,184.4820,8.2862,0.0000,0.0000,0.0000
45.778,502.8491,-3.2855,255.2165,0.2510,3.8000,-0.4500,9.8525,184.4968,8.4138,0.0000,0.0000,0.0000
45.889,502.6868,-3.0080,254.8061,0.2510,3.8000,-0.4500,9.9481,184.5113,8.5484,0.0000,0.0000,0.0000
46.000,502.5533,-2.7755,254.4582,0.2510,3.8000,-0.4500,10.0378,184.5251,8.6851,0.0000,0.0000,0.0000
46.112,502.3927,-2.4983,254.0400,0.2510,3.8000,-0.4500,10.0378,184.5251,8.6851,0.0000,0.0000,0.0000
46.223,502.2595,-2.2662,253.6918,0.2510,3.8000,-0.4500,10.0378,184.5251,8.6851,0.0000,0.0000,0.0000
46.334,502.1007,-1.9853,253.2747,0.2510,3.8000,-0.4500,10.0746,184.5309,8.7585,0.0000,0.0000,0.0000
46.444,501.9680,-1.7518,252.9309,0.2510,3.8000,-0.4500,10.0746,184.5309,8.7585,0.0000,0.0000,0.0000
46.555,501.8086,-1.4712,252.5239,0.2510,3.8000,-0.4500,10.0746,184.5309,8.7584,0.0000,0.0000,0.0000
46.681,501.6481,-1.1888,252.1357,0.2510,3.8000,-0.4500,10.0746,184.5309,8.7584,0.0000,0.0000,0.0000
46.793,501.4854,-0.9036,251.7777,0.2510,3.8000,-0.4500,10.0746,184.5309,8.7584,0.0000,0.0000,0.0000
46.903,501.3484,-0.6649,251.4973,0.2510,3.8000,-0.4500,10.0746,184.5309,8.7584,0.0000,0.0000,0.0000
47.014,501.1826,-0.3796,251.1813,0.2510,3.8000,-0.4500,10.0746,184.5309,8.7584,0.0000,0.0000,0.0000
47.125,501.0455,-0.1295,251.0397,0.2510,3.8000,-0.4500,10.0746,184.5309,8.7585,0.0000,0.0000,0.0000
47.236,500.8842,0.1891,251.0135,0.2510,3.8000,-0.4500,10.0746,184.5309,8.7584,0.0000,0.0000,0.0000
47.347,500.7507,0.4588,251.0747,0.2510,3.8000,-0.4500,9.8199,184.4912,8.6797,0.0000,0.0000,0.0000
47.459,500.5889,0.7797,251.2158,0.2510,3.8000,-0.4500,9.3207,184.4150,8.4238,0.0000,0.0000,0.0000
47.570,500.4241,1.0933,251.4045,0.2510,3.8000,-0.4500,8.8737,184.3492,8.0765,0.0000,0.0000,0.0000
47.680,500.2834,1.3447,251.5853,0.2510,3.8000,-0.4500,8.5128,184.2985,7.7335,0.0000,0.0000,0.0000
47.792,500.1089,1.6297,251.8208,0.2510,3.8000,-0.4500,8.0648,184.2389,7.2667,0.0000,0.0000,0.0000
47.903,499.9583,1.8506,252.0267,0.2510,3.8000,-0.4500,7.6692,184.1895,6.8360,0.0000,0.0000,0.0000
48.014,499.7708,2.0934,252.2808,0.2510,3.8000,-0.4500,7.1648,184.1310,6.2736,0.0000,0.0000,0.0000
48.125,499.6086,2.2757,252.4960,0.2510,3.8000,-0.4500,6.7215,184.0839,5.7700,0.0000,0.0000,0.0000
48.236,499.4071,2.4693,252.7566,0.2510,3.8000,-0.4500,6.1671,184.0307,5.1276,0.0000,0.0000,0.0000
48.349,499.1983,2.6345,253.0184,0.2510,3.8000,-0.4500,5.5949,183.9825,4.4482,0.0000,0.0000,0.0000
48.459,499.0189,2.7501,253.2367,0.2510,3.8000,-0.4500,5.1101,183.9471,3.8570,0.0000,0.0000,0.0000
48.569,498.7975,2.8621,253.4981,0.2510,3.8000,-0.4500,4.5262,183.9114,3.1220,0.0000,0.0000,0.0000
48.681,498.6085,2.9332,253.7153,0.2510,3.8000,-0.4500,4.0438,183.8876,2.4915,0.0000,0.0000,0.0000
48.792,498.3767,2.9919,253.9749,0.2510,3.8000,-0.4500,3.4778,183.8668,1.7179,0.0000,0.0000,0.0000
48.903,498.1800,3.0193,254.1904,0.2510,3.8000,-0.4500,3.0231,183.8557,1.0628,0.0000,0.0000,0.0000
49.014,497.9404,3.0268,254.4479,0.2510,3.8000,-0.4500,2.5056,183.8496,0.2686,0.0000,0.0000,0.0000
49.125,497.7383,3.0129,254.6618,0.2510,3.8000,-0.4500,2.1039,183.8501,359.6039,0.0000,0.0000,0.0000
49.236,497.4936,2.9731,254.9185,0.2510,3.8000,-0.4500,1.6649,183.8561,358.8071,0.0000,0.0000,0.0000
49.348,497.2884,2.9217,255.1332,0.2510,3.8000,-0.4500,1.3392,183.8647,358.1471,0.0000,0.0000,0.0000
49.458,497.0413,2.8385,255.3930,0.2510,3.8000,-0.4500,0.9850,183.8786,357.3627,0.0000,0.0000,0.0000
49.571,496.7941,2.7319,255.6565,0.2510,3.8000,-0.4500,0.6442,183.8966,356.5887,0.0000,0.0000,0.0000
49.681,496.5885,2.6247,255.8801,0.2510,3.8000,-0.4500,0.3559,183.9154,355.9533,0.0000,0.0000,0.0000
49.792,496.3430,2.4745,256.1542,0.2510,3.8000,-0.4500,-0.0038,183.9432,355.2053,0.0000,0.0000,0.0000
49.903,496.1398,2.3311,256.3882,0.2510,3.8000,-0.4500,359.6823,183.9713,354.5968,0.0000,0.0000,0.0000
50.014,495.8986,2.1375,256.6756,0.2510,3.8000,-0.4500,359.2882,184.0110,353.8887,0.0000,0.0000,0.0000
50.125,495.6998,1.9587,256.9200,0.2510,3.8000,-0.4500,358.9467,184.0493,353.3206,0.0000,0.0000,0.0000
50.237,495.4645,1.7237,257.2196,0.2510,3.8000,-0.4500,358.5239,184.1013,352.6702,0.0000,0.0000,0.0000
50.347,495.2714,1.5116,257.4746,0.2510,3.8000,-0.4500,358.1640,184.1493,352.1584,0.0000,0.0000,0.0000
50.459,495.0432,1.2389,257.7812,0.2510,3.8000,-0.4500,357.7274,184.2117,351.5859,0.0000,0.0000,0.0000
50.572,494.8178,0.9484,258.0791,0.2510,3.8000,-0.4500,357.2917,184.2783,351.0653,0.0000,0.0000,0.0000
50.681,494.6324,0.6941,258.3211,0.2510,3.8000,-0.4500,356.9341,184.3359,350.6763,0.0000,0.0000,0.0000
50.792,494.4129,0.3767,258.6071,0.2510,3.8000,-0.4500,356.5174,184.4059,350.2684,0.0000,0.0000,0.0000
50.903,494.2323,0.1032,258.8430,0.2510,3.8000,-0.4500,356.1848,184.4640,349.9808,0.0000,0.0000,0.0000
51.014,494.0181,-0.2301,259.1243,0.2510,3.8000,-0.4500,355.9879,184.4991,349.8326,0.0000,0.0000,0.0000
51.125,493.8410,-0.5168,259.3593,0.2510,3.8000,-0.4500,355.7017,184.5511,349.6506,0.0000,0.0000,0.0000
51.250,493.5947,-0.9230,259.6850,0.2510,3.8000,-0.4500,355.3944,184.6077,349.5128,0.0000,0.0000,0.0000
51.361,493.4189,-1.2113,259.8838,0.2510,3.8000,-0.4500,355.3944,184.6077,349.5128,0.0000,0.0000,0.0000
51.471,493.2047,-1.5416,259.9202,0.2510,3.8000,-0.4500,355.1437,184.6544,349.4796,0.0000,0.0000,0.0000
51.584,493.0230,-1.7989,259.8350,0.2510,3.8000,-0.4500,355.1437,184.6544,349.4796,0.0000,0.0000,0.0000
51.694,492.8033,-2.0939,259.6577,0.2510,3.8000,-0.4500,354.9067,184.6985,349.5453,0.0000,0.0000,0.0000
51.806,492.6189,-2.3277,259.4733,0.2510,3.8000,-0.4500,354.7101,184.7346,349.6833,0.0000,0.0000,0.0000
51.917,492.3965,-2.5939,259.2242,0.2510,3.8000,-0.4500,354.4597,184.7798,350.0045,0.0000,0.0000,0.0000
52.028,492.2135,-2.8001,258.9318,0.2510,3.8000,-0.4500,354.3700,184.7955,350.2556,0.0000,0.0000,0.0000
52.141,491.9997,-3.0153,258.4199,0.2510,3.8000,-0.4500,354.2553,184.8148,350.7904,0.0000,0.0000,0.0000
52.251,491.7887,-3.2037,257.7879,0.2510,3.8000,-0.4500,354.2161,184.8210,351.3151,0.0000,0.0000,0.0000
52.361,491.6131,-3.3453,257.2215,0.2510,3.8000,-0.4500,354.2181,184.8207,351.7493,0.0000,0.0000,0.0000
52.474,491.3992,-3.5063,256.5879,0.2510,3.8000,-0.4500,354.2459,184.8168,352.2786,0.0000,0.0000,0.0000
52.584,491.2160,-3.6387,256.1439,0.2510,3.8000,-0.4500,354.2875,184.8114,352.7336,0.0000,0.0000,0.0000
52.695,490.9896,-3.7966,255.7166,0.2510,3.8000,-0.4500,354.3633,184.8020,353.3028,0.0000,0.0000,0.0000
52.806,490.7961,-3.9252,255.4324,0.2510,3.8000,-0.4500,354.4523,184.7920,353.7990,0.0000,0.0000,0.0000
52.917,490.5593,-4.0721,255.1550,0.2510,3.8000,-0.4500,354.5932,184.7774,354.4209,0.0000,0.0000,0.0000
53.028,490.3590,-4.1859,254.9631,0.2510,3.8000,-0.4500,354.7399,184.7637,354.9590,0.0000,0.0000,0.0000
53.141,490.1197,-4.3067,254.7156,0.2510,3.8000,-0.4500,354.9502,184.7464,355.6235,0.0000,0.0000,0.0000
53.252,489.8914,-4.3975,254.2983,0.2510,3.8000,-0.4500,355.1866,184.7296,356.2951,0.0000,0.0000,0.0000
53.361,489.7087,-4.4507,253.8285,0.2510,3.8000,-0.4500,355.3857,184.7176,356.8439,0.0000,0.0000,0.0000
53.473,489.4950,-4.4940,253.1829,0.2510,3.8000,-0.4500,355.6126,184.7063,357.4755,0.0000,0.0000,0.0000
53.584,489.3167,-4.5199,252.6690,0.2510,3.8000,-0.4500,355.7903,184.6992,357.9756,0.0000,0.0000,0.0000
53.697,489.0933,-4.5483,252.2127,0.2510,3.8000,-0.4500,356.0051,184.6927,358.5501,0.0000,0.0000,0.0000
53.806,488.8976,-4.5714,251.9944,0.2510,3.8000,-0.4500,356.2061,184.6885,359.0165,0.0000,0.0000,0.0000
53.917,488.6587,-4.5951,251.9013,0.2510,3.8000,-0.4500,356.4962,184.6849,359.5683,0.0000,0.0000,0.0000
54.028,488.4605,-4.6079,251.9295,0.2510,3.8000,-0.4500,356.7867,184.6839,0.0200,0.0000,0.0000,0.0000
54.139,488.2254,-4.6112,252.0515,0.2510,3.8000,-0.4500,357.1931,184.6860,0.5438,0.0000,0.0000,0.0000
54.253,487.9937,-4.5985,252.2362,0.2510,3.8000,-0.4500,357.6550,184.6924,1.0363,0.0000,0.0000,0.0000
54.361,487.8029,-4.5747,252.4199,0.2510,3.8000,-0.4500,358.0748,184.7014,1.4142,0.0000,0.0000,0.0000
54.473,487.5767,-4.5300,252.6618,0.2510,3.8000,-0.4500,358.6111,184.7166,1.8199,0.0000,0.0000,0.0000
54.584,487.3899,-4.4796,252.8748,0.2510,3.8000,-0.4500,359.0791,184.7328,2.1131,0.0000,0.0000,0.0000
54.695,487.1677,-4.4043,253.1398,0.2510,3.8000,-0.4500,359.6593,184.7557,2.4084,0.0000,0.0000,0.0000
54.806,486.9840,-4.3298,253.3657,0.2510,3.8000,-0.4500,0.1539,184.7774,2.6081,0.0000,0.0000,0.0000
54.917,486.7649,-4.2275,253.6403,0.2510,3.8000,-0.4500,0.7561,184.8059,2.7954,0.0000,0.0000,0.0000
55.028,486.5833,-4.1323,253.8705,0.2510,3.8000,-0.4500,1.2617,184.8311,2.9104,0.0000,0.0000,0.0000
55.139,486.3663,-4.0071,254.1474,0.2510,3.8000,-0.4500,1.8685,184.8625,3.0023,0.0000,0.0000,0.0000
55.251,486.1497,-3.8713,254.4237,0.2510,3.8000,-0.4500,2.4705,184.8944,3.0464,0.0000,0.0000,0.0000
55.363,485.9694,-3.7510,254.6527,0.2510,3.8000,-0.4500,2.9651,184.9208,3.0483,0.0000,0.0000,0.0000
55.473,485.7527,-3.5992,254.9254,0.2510,3.8000,-0.4500,3.5461,184.9516,3.0105,0.0000,0.0000,0.0000
55.584,485.5716,-3.4674,255.1505,0.2510,3.8000,-0.4500,4.0171,184.9762,2.9468,0.0000,0.0000,0.0000
55.695,485.3535,-3.3041,255.4175,0.2510,3.8000,-0.4500,4.5629,185.0039,2.8330,0.0000,0.0000,0.0000
55.809,485.1343,-3.1367,255.6809,0.2510,3.8000,-0.4500,5.0841,185.0291,2.6798,0.0000,0.0000,0.0000
55.931,484.9135,-2.9667,255.9406,0.2510,3.8000,-0.4500,5.5774,185.0515,2.4887,0.0000,0.0000,0.0000
56.042,484.7279,-2.8239,256.1535,0.2510,3.8000,-0.4500,5.9650,185.0678,2.3016,0.0000,0.0000,0.0000
56.153,484.5029,-2.6533,256.4027,0.2510,3.8000,-0.4500,6.3998,185.0844,2.0449,0.0000,0.0000,0.0000
56.265,484.3137,-2.5123,256.6053,0.2510,3.8000,-0.4500,6.6721,185.0938,1.8501,0.0000,0.0000,0.0000
56.378,484.0834,-2.3467,256.8398,0.2510,3.8000,-0.4500,7.0683,185.1055,1.5129,0.0000,0.0000,0.0000
56.486,483.8878,-2.2140,257.0147,0.2510,3.8000,-0.4500,7.3632,185.1126,1.2126,0.0000,0.0000,0.0000
56.597,483.6487,-2.0631,257.1934,0.2510,3.8000,-0.4500,7.6232,185.1174,0.8920,0.0000,0.0000,0.0000
56.709,483.4038,-1.9243,257.3421,0.2510,3.8000,-0.4500,7.9048,185.1208,0.4619,0.0000,0.0000,0.0000
56.821,483.1955,-1.8182,257.4410,0.2510,3.8000,-0.4500,8.1027,185.1218,0.0913,0.0000,0.0000,0.0000
56.931,482.9409,-1.7030,257.5288,0.2510,3.8000,-0.4500,8.2691,185.1215,359.6976,0.0000,0.0000,0.0000
57.042,482.7245,-1.6187,257.5823,0.2510,3.8000,-0.4500,8.4111,185.1203,359.2832,0.0000,0.0000,0.0000
57.153,482.4615,-1.5296,257.6326,0.2510,3.8000,-0.4500,8.5430,185.1180,358.7865,0.0000,0.0000,0.0000
57.264,482.2401,-1.4649,257.6695,0.2510,3.8000,-0.4500,8.6240,185.1160,358.3737,0.0000,0.0000,0.0000
57.377,481.9731,-1.3965,257.7140,0.2510,3.8000,-0.4500,8.6809,185.1142,357.9557,0.0000,0.0000,0.0000
57.488,481.7487,-1.3496,257.7547,0.2510,3.8000,-0.4500,8.7174,185.1128,357.5143,0.0000,0.0000,0.0000
57.599,481.4787,-1.3031,257.8110,0.2510,3.8000,-0.4500,8.7348,185.1119,356.9941,0.0000,0.0000,0.0000
57.709,481.2080,-1.2668,257.8780,0.2510,3.8000,-0.4500,8.7240,185.1126,356.4925,0.0000,0.0000,0.0000
57.820,480.9825,-1.2431,257.9424,0.2510,3.8000,-0.4500,8.6985,185.1142,356.1532,0.0000,0.0000,0.0000
57.932,480.7113,-1.2260,258.0315,0.2510,3.8000,-0.4500,8.6398,185.1185,355.6473,0.0000,0.0000,0.0000
58.042,480.4858,-1.2178,258.1153,0.2510,3.8000,-0.4500,8.5877,185.1227,355.3262,0.0000,0.0000,0.0000
58.155,480.2157,-1.2165,258.2275,0.2510,3.8000,-0.4500,8.5134,185.1291,354.9826,0.0000,0.0000,0.0000
58.263,479.9903,-1.2258,258.3318,0.2510,3.8000,-0.4500,8.4026,185.1393,354.5483,0.0000,0.0000,0.0000
58.375,479.7216,-1.2404,258.4680,0.2510,3.8000,-0.4500,8.3293,185.1466,354.3053,0.0000,0.0000,0.0000
58.487,479.4972,-1.2640,258.5922,0.2510,3.8000,-0.4500,8.1803,185.1621,353.8892,0.0000,0.0000,0.0000
58.598,479.2302,-1.2933,258.7498,0.2510,3.8000,-0.4500,8.1191,185.1689,353.7354,0.0000,0.0000,0.0000
58.709,478.9628,-1.3379,258.9196,0.2510,3.8000,-0.4500,7.8926,185.1949,353.2632,0.0000,0.0000,0.0000
58.821,478.7416,-1.3739,259.0667,0.2510,3.8000,-0.4500,7.8550,185.1994,353.1931,0.0000,0.0000,0.0000
58.931,478.4764,-1.4279,259.2524,0.2510,3.8000,-0.4500,7.6822,185.2207,352.9121,0.0000,0.0000,0.0000
59.043,478.2563,-1.4755,259.4126,0.2510,3.8000,-0.4500,7.5852,185.2330,352.7803,0.0000,0.0000,0.0000
59.155,477.9932,-1.5364,259.6110,0.2510,3.8000,-0.4500,7.4852,185.2459,352.6541,0.0000,0.0000,0.0000
59.266,477.7741,-1.5924,259.7816,0.2510,3.8000,-0.4500,7.3083,185.2691,352.4804,0.0000,0.0000,0.0000
59.376,477.5123,-1.6583,259.9894,0.2510,3.8000,-0.4500,7.2510,185.2768,352.4296,0.0000,0.0000,0.0000
59.487,477.2945,-1.7136,260.1649,0.2510,3.8000,-0.4500,7.2510,185.2768,352.4296,0.0000,0.0000,0.0000
59.597,477.0334,-1.7830,260.3790,0.2510,3.8000,-0.4500,7.1035,185.2967,352.3574,0.0000,0.0000,0.0000
59.709,476.7726,-1.8495,260.5937,0.2510,3.8000,-0.4500,7.1035,185.2967,352.3574,0.0000,0.0000,0.0000
59.820,476.5555,-1.9049,260.7742,0.2510,3.8000,-0.4500,6.9409,185.3186,352.3435,0.0000,0.0000,0.0000
59.931,476.2948,-1.9667,260.9891,0.2510,3.8000,-0.4500,6.9409,185.3186,352.3435,0.0000,0.0000,0.0000
60.043,476.0779,-2.0151,261.1688,0.2510,3.8000,-0.4500,6.7859,185.3396,352.3899,0.0000,0.0000,0.0000
60.152,475.8180,-2.0662,261.3831,0.2510,3.8000,-0.4500,6.5821,185.3667,352.5396,0.0000,0.0000,0.0000
60.264,475.6013,-2.1021,261.5593,0.2510,3.8000,-0.4500,6.4254,185.3872,352.7290,0.0000,0.0000,0.0000
60.376,475.3408,-2.1375,261.7659,0.2510,3.8000,-0.4500,6.3038,185.4025,352.9419,0.0000,0.0000,0.0000
60.500,475.0810,-2.1585,261.9657,0.2510,3.8000,-0.4500,6.1709,185.4186,353.4445,0.0000,0.0000,0.0000
60.611,474.8196,-2.1716,262.1564,0.2510,3.8000,-0.4500,6.1331,185.4229,353.7764,0.0000,0.0000,0.0000
60.722,474.6021,-2.1706,262.3069,0.2510,3.8000,-0.4500,6.1407,185.4221,354.2227,0.0000,0.0000,0.0000
60.834,474.3406,-2.1581,262.4763,0.2510,3.8000,-0.4500,6.1898,185.4173,354.7586,0.0000,0.0000,0.0000
60.946,474.1223,-2.1381,262.6071,0.2510,3.8000,-0.4500,6.2566,185.4114,355.1943,0.0000,0.0000,0.0000
61.056,473.8602,-2.1018,262.7509,0.2510,3.8000,-0.4500,6.3631,185.4029,355.7171,0.0000,0.0000,0.0000
61.168,473.6418,-2.0607,262.8590,0.2510,3.8000,-0.4500,6.4711,185.3952,356.1599,0.0000,0.0000,0.0000
61.278,473.3800,-1.9982,262.9742,0.2510,3.8000,-0.4500,6.6190,185.3860,356.7026,0.0000,0.0000,0.0000
61.390,473.1187,-1.9212,263.0731,0.2510,3.8000,-0.4500,6.7807,185.3774,357.2572,0.0000,0.0000,0.0000
61.503,472.9015,-1.8460,263.1425,0.2510,3.8000,-0.4500,6.9211,185.3712,357.7265,0.0000,0.0000,0.0000
61.614,472.6418,-1.7431,263.2093,0.2510,3.8000,-0.4500,7.0908,185.3652,358.2953,0.0000,0.0000,0.0000
61.722,472.4261,-1.6472,263.2509,0.2510,3.8000,-0.4500,7.2290,185.3617,358.7715,0.0000,0.0000,0.0000
61.834,472.1687,-1.5201,263.2842,0.2510,3.8000,-0.4500,7.3866,185.3591,359.3423,0.0000,0.0000,0.0000
61.945,471.9555,-1.4050,263.2978,0.2510,3.8000,-0.4500,7.5077,185.3582,359.8152,0.0000,0.0000,0.0000
62.056,471.7011,-1.2563,263.2974,0.2510,3.8000,-0.4500,7.6373,185.3584,0.3763,0.0000,0.0000,0.0000
62.168,471.4908,-1.1239,263.2846,0.2510,3.8000,-0.4500,7.7299,185.3593,0.8363,0.0000,0.0000,0.0000
62.278,471.2407,-0.9555,263.2588,0.2510,3.8000,-0.4500,7.8200,185.3611,1.3768,0.0000,0.0000,0.0000
62.390,470.9941,-0.7764,263.2292,0.2510,3.8000,-0.4500,7.8853,185.3629,1.9019,0.0000,0.0000,0.0000
62.500,470.7917,-0.6191,263.2063,0.2510,3.8000,-0.4500,7.9195,185.3642,2.3256,0.0000,0.0000,0.0000
62.612,470.5517,-0.4236,263.1849,0.2510,3.8000,-0.4500,7.9330,185.3648,2.6542,0.0000,0.0000,0.0000
62.722,470.3560,-0.2503,263.1721,0.2510,3.8000,-0.4500,7.9242,185.3643,3.0908,0.0000,0.0000,0.0000
62.835,470.1250,-0.0358,263.1653,0.2510,3.8000,-0.4500,7.8943,185.3626,3.5136,0.0000,0.0000,0.0000
62.945,469.9350,0.1476,263.1671,0.2510,3.8000,-0.4500,7.8527,185.3599,3.7736,0.0000,0.0000,0.0000
63.056,469.7120,0.3755,263.1777,0.2510,3.8000,-0.4500,7.7616,185.3535,4.1939,0.0000,0.0000,0.0000
63.167,469.5283,0.5681,263.1942,0.2510,3.8000,-0.4500,7.6795,185.3472,4.4383,0.0000,0.0000,0.0000
63.278,469.3113,0.7986,263.1820,0.2510,3.8000,-0.4500,7.5513,185.3368,4.7458,0.0000,0.0000,0.0000
63.389,469.0971,1.0309,263.1935,0.2510,3.8000,-0.4500,7.4354,185.3269,4.9603,0.0000,0.0000,0.0000
63.501,468.9217,1.2275,263.2213,0.2510,3.8000,-0.4500,7.2347,185.3088,5.2310,0.0000,0.0000,0.0000
63.611,468.7132,1.4630,263.2709,0.2510,3.8000,-0.4500,7.0103,185.2877,5.4679,0.0000,0.0000,0.0000
63.722,468.5412,1.6576,263.3235,0.2510,3.8000,-0.4500,6.7364,185.2608,5.6636,0.0000,0.0000,0.0000
63.833,468.3352,1.8814,263.3161,0.2510,3.8000,-0.4500,6.4451,185.2312,5.8201,0.0000,0.0000,0.0000
63.944,468.1638,2.0561,263.2453,0.2510,3.8000,-0.4500,6.1223,185.1978,5.9341,0.0000,0.0000,0.0000
64.057,467.9580,2.2551,263.1174,0.2510,3.8000,-0.4500,5.7221,185.1556,6.0356,0.0000,0.0000,0.0000
64.167,467.7863,2.4137,262.9896,0.2510,3.8000,-0.4500,5.4624,185.1279,6.0640,0.0000,0.0000,0.0000
64.278,467.5797,2.5944,262.8253,0.2510,3.8000,-0.4500,4.9359,185.0716,6.0826,0.0000,0.0000,0.0000
64.389,467.3722,2.7640,262.6538,0.2510,3.8000,-0.4500,4.5251,185.0278,6.0557,0.0000,0.0000,0.0000
64.500,467.1843,2.8083,262.5161,0.2510,3.8000,-0.4500,4.3349,185.0082,5.4964,0.0000,0.0000,0.0000
64.610,466.9359,2.8242,262.3628,0.2510,3.8000,-0.4500,4.0976,184.9897,3.1528,0.0000,0.0000,0.0000
64.722,466.7112,2.7942,262.2630,0.2510,3.8000,-0.4500,3.9267,184.9839,0.3392,0.0000,0.0000,0.0000
64.833,466.4374,2.6967,262.1743,0.2510,3.8000,-0.4500,3.9220,184.9836,357.6233,0.0000,0.0000,0.0000
64.944,466.2148,2.6356,262.0950,0.2510,3.8000,-0.4500,3.9398,184.9827,356.5052,0.0000,0.0000,0.0000
65.069,465.9104,2.5778,261.9578,0.2510,3.8000,-0.4500,3.9426,184.9825,356.2728,0.0000,0.0000,0.0000
65.180,465.6954,2.5447,261.8314,0.2510,3.8000,-0.4500,3.9426,184.9825,356.2728,0.0000,0.0000,0.0000
65.292,465.4403,2.5121,261.6402,0.2510,3.8000,-0.4500,3.9426,184.9825,356.2728,0.0000,0.0000,0.0000
65.404,465.2303,2.4914,261.4518,0.2510,3.8000,-0.4500,3.9426,184.9825,356.2728,0.0000,0.0000,0.0000
65.514,464.9833,2.4827,261.1989,0.2510,3.8000,-0.4500,3.9435,184.9824,356.7192,0.0000,0.0000,0.0000
65.625,464.7792,2.4836,260.9752,0.2510,3.8000,-0.4500,3.9548,184.9818,357.1588,0.0000,0.0000,0.0000
65.736,464.5342,2.4885,260.7003,0.2510,3.8000,-0.4500,3.9681,184.9812,357.4197,0.0000,0.0000,0.0000
65.847,464.3323,2.5041,260.4678,0.2510,3.8000,-0.4500,3.9968,184.9800,357.8761,0.0000,0.0000,0.0000
65.958,464.0903,2.5274,260.1860,0.2510,3.8000,-0.4500,4.0204,184.9792,358.2173,0.0000,0.0000,0.0000
66.069,463.8511,2.5627,259.8966,0.2510,3.8000,-0.4500,4.0578,184.9782,358.7333,0.0000,0.0000,0.0000
66.180,463.6523,2.5955,259.6504,0.2510,3.8000,-0.4500,4.0762,184.9778,358.9905,0.0000,0.0000,0.0000
66.292,463.4170,2.6463,259.3478,0.2510,3.8000,-0.4500,4.1123,184.9774,359.5076,0.0000,0.0000,0.0000
66.402,463.2216,2.6915,259.0889,0.2510,3.8000,-0.4500,4.1287,184.9773,359.7601,0.0000,0.0000,0.0000
66.513,462.9888,2.7517,258.7700,0.2510,3.8000,-0.4500,4.1444,184.9772,0.0112,0.0000,0.0000,0.0000
66.624,462.7980,2.8115,258.4983,0.2510,3.8000,-0.4500,4.1684,184.9773,0.4467,0.0000,0.0000,0.0000
66.735,462.5696,2.8867,258.1709,0.2510,3.8000,-0.4500,4.1840,184.9775,0.7892,0.0000,0.0000,0.0000
66.846,462.3798,2.9524,257.8988,0.2510,3.8000,-0.4500,4.1904,184.9776,0.9530,0.0000,0.0000,0.0000
66.961,462.1550,3.0411,257.5730,0.2510,3.8000,-0.4500,4.1979,184.9778,1.3747,0.0000,0.0000,0.0000
67.068,461.9675,3.1162,257.3029,0.2510,3.8000,-0.4500,4.1968,184.9777,1.5376,0.0000,0.0000,0.0000
67.180,461.7443,3.2120,256.9794,0.2510,3.8000,-0.4500,4.1902,184.9776,1.7853,0.0000,0.0000,0.0000
67.291,461.5219,3.3111,256.6565,0.2510,3.8000,-0.4500,4.1795,184.9772,1.9515,0.0000,0.0000,0.0000
67.402,461.3377,3.3970,256.3894,0.2510,3.8000,-0.4500,4.1663,184.9767,2.1177,0.0000,0.0000,0.0000
67.512,461.1176,3.5040,256.0739,0.2510,3.8000,-0.4500,4.1306,184.9753,2.3660,0.0000,0.0000,0.0000
67.624,460.9333,3.5921,255.8151,0.2510,3.8000,-0.4500,4.1306,184.9753,2.3660,0.0000,0.0000,0.0000
67.735,460.7121,3.7030,255.5310,0.2510,3.8000,-0.4500,4.0917,184.9736,2.5247,0.0000,0.0000,0.0000
67.847,460.5229,3.7998,255.3697,0.2510,3.8000,-0.4500,4.0664,184.9725,2.6019,0.0000,0.0000,0.0000
67.956,460.2944,3.9247,255.2963,0.2510,3.8000,-0.4500,3.9965,184.9692,2.7477,0.0000,0.0000,0.0000
68.068,460.0675,4.0546,255.3268,0.2510,3.8000,-0.4500,3.8969,184.9643,2.8779,0.0000,0.0000,0.0000
68.180,459.8804,4.1635,255.4145,0.2510,3.8000,-0.4500,3.8325,184.9610,2.9324,0.0000,0.0000,0.0000
68.290,459.6590,4.2934,255.5771,0.2510,3.8000,-0.4500,3.6973,184.9540,3.0349,0.0000,0.0000,0.0000
68.401,459.4765,4.3975,255.7480,0.2510,3.8000,-0.4500,3.3787,184.9367,3.1601,0.0000,0.0000,0.0000
68.512,459.2581,4.5147,255.9814,0.2510,3.8000,-0.4500,3.0512,184.9184,3.2078,0.0000,0.0000,0.0000
68.626,459.0759,4.6047,256.1927,0.2510,3.8000,-0.4500,2.7971,184.9042,3.1898,0.0000,0.0000,0.0000
68.735,458.8565,4.7000,256.4614,0.2510,3.8000,-0.4500,2.2940,184.8765,3.0867,0.0000,0.0000,0.0000
68.845,458.6733,4.7727,256.6915,0.2510,3.8000,-0.4500,2.1351,184.8680,3.0301,0.0000,0.0000,0.0000
68.957,458.4513,4.8424,256.9770,0.2510,3.8000,-0.4500,1.6292,184.8422,2.7915,0.0000,0.0000,0.0000
69.068,458.2276,4.8976,257.2677,0.2510,3.8000,-0.4500,1.1629,184.8206,2.5207,0.0000,0.0000,0.0000
69.180,458.0398,4.9318,257.5123,0.2510,3.8000,-0.4500,0.8029,184.8055,2.2769,0.0000,0.0000,0.0000
69.291,457.8128,4.9580,257.8080,0.2510,3.8000,-0.4500,0.3868,184.7900,1.9607,0.0000,0.0000,0.0000
69.402,457.6219,4.9668,258.0554,0.2510,3.8000,-0.4500,0.0445,184.7792,1.6768,0.0000,0.0000,0.0000
69.513,457.3912,4.9614,258.3531,0.2510,3.8000,-0.4500,359.6348,184.7685,1.3128,0.0000,0.0000,0.0000
69.638,457.1586,4.9380,258.6509,0.2510,3.8000,-0.4500,359.2254,184.7605,0.9262,0.0000,0.0000,0.0000
69.752,456.9244,4.8966,258.9483,0.2510,3.8000,-0.4500,358.8172,184.7553,0.5204,0.0000,0.0000,0.0000
69.862,456.7280,4.8481,259.1959,0.2510,3.8000,-0.4500,358.4793,184.7533,0.1706,0.0000,0.0000,0.0000
69.971,456.4914,4.7734,259.4929,0.2510,3.8000,-0.4500,358.0781,184.7535,359.7404,0.0000,0.0000,0.0000
70.082,456.2934,4.6974,259.7403,0.2510,3.8000,-0.4500,357.7488,184.7561,359.3764,0.0000,0.0000,0.0000
70.192,456.0551,4.5901,260.0371,0.2510,3.8000,-0.4500,357.3614,184.7618,358.9367,0.0000,0.0000,0.0000
70.304,455.8563,4.4875,260.2846,0.2510,3.8000,-0.4500,357.0463,184.7686,358.5710,0.0000,0.0000,0.0000
70.415,455.6174,4.3490,260.5819,0.2510,3.8000,-0.4500,356.6791,184.7792,358.1367,0.0000,0.0000,0.0000
70.526,455.4185,4.2213,260.8302,0.2510,3.8000,-0.4500,356.3833,184.7898,357.7816,0.0000,0.0000,0.0000
70.638,455.1802,4.0542,261.1287,0.2510,3.8000,-0.4500,356.0420,184.8042,357.3675,0.0000,0.0000,0.0000
70.748,454.9424,3.8726,261.4278,0.2510,3.8000,-0.4500,355.7169,184.8204,356.9701,0.0000,0.0000,0.0000
70.860,454.7451,3.7123,261.6775,0.2510,3.8000,-0.4500,355.5019,184.8323,356.7066,0.0000,0.0000,0.0000
70.971,454.5091,3.5093,261.9777,0.2510,3.8000,-0.4500,355.2901,184.8450,356.4476,0.0000,0.0000,0.0000
71.083,454.3125,3.3294,262.2285,0.2510,3.8000,-0.4500,355.0631,184.8597,356.1728,0.0000,0.0000,0.0000
71.193,454.0778,3.1052,262.5298,0.2510,3.8000,-0.4500,354.8428,184.8750,355.9085,0.0000,0.0000,0.0000
71.305,453.8824,2.9098,262.7817,0.2510,3.8000,-0.4500,354.6252,184.8911,355.6546,0.0000,0.0000,0.0000
71.415,453.6492,2.6700,263.0840,0.2510,3.8000,-0.4500,354.4580,184.9042,355.4665,0.0000,0.0000,0.0000
71.527,453.4557,2.4655,263.3360,0.2510,3.8000,-0.4500,354.3499,184.9129,355.3481,0.0000,0.0000,0.0000
71.638,453.2238,2.2144,263.6391,0.2510,3.8000,-0.4500,354.2290,184.9229,355.2258,0.0000,0.0000,0.0000
71.749,452.9925,1.9585,263.9391,0.2510,3.8000,-0.4500,354.1093,184.9331,355.1075,0.0000,0.0000,0.0000
71.860,452.7997,1.7452,264.1837,0.2510,3.8000,-0.4500,354.1093,184.9331,355.1075,0.0000,0.0000,0.0000
71.970,452.5675,1.4829,264.4715,0.2510,3.8000,-0.4500,353.9093,184.9506,354.9499,0.0000,0.0000,0.0000
72.082,452.3743,1.2673,264.7047,0.2510,3.8000,-0.4500,353.9093,184.9506,354.9499,0.0000,0.0000,0.0000
72.193,452.1414,1.0093,264.9718,0.2510,3.8000,-0.4500,353.9093,184.9506,354.9499,0.0000,0.0000,0.0000
72.305,451.9464,0.7946,265.1839,0.2510,3.8000,-0.4500,353.8358,184.9572,354.9179,0.0000,0.0000,0.0000
72.416,451.7115,0.5406,265.4259,0.2510,3.8000,-0.4500,353.8358,184.9572,354.9179,0.0000,0.0000,0.0000
72.527,451.5145,0.3318,265.6107,0.2510,3.8000,-0.4500,353.7535,184.9645,354.9108,0.0000,0.0000,0.0000
72.638,451.2761,0.0871,265.8096,0.2510,3.8000,-0.4500,353.6725,184.9718,354.9146,0.0000,0.0000,0.0000
72.748,451.0365,-0.1514,265.9892,0.2510,3.8000,-0.4500,353.4408,184.9924,354.9962,0.0000,0.0000,0.0000
72.860,450.8356,-0.3437,266.1226,0.2510,3.8000,-0.4500,353.2361,185.0102,355.1350,0.0000,0.0000,0.0000
72.973,450.5919,-0.5635,266.2142,0.2510,3.8000,-0.4500,353.1207,185.0199,355.2520,0.0000,0.0000,0.0000
73.084,450.3875,-0.7319,266.2178,0.2510,3.8000,-0.4500,352.9577,185.0333,355.4430,0.0000,0.0000,0.0000
73.193,450.1418,-0.9204,266.1759,0.2510,3.8000,-0.4500,352.7191,185.0518,355.7987,0.0000,0.0000,0.0000
73.305,449.9357,-1.0708,266.1181,0.2510,3.8000,-0.4500,352.5899,185.0611,356.0115,0.0000,0.0000,0.0000
73.416,449.6885,-1.2431,266.0352,0.2510,3.8000,-0.4500,352.3814,185.0751,356.3712,0.0000,0.0000,0.0000
73.526,449.4817,-1.3829,265.9601,0.2510,3.8000,-0.4500,352.2575,185.0828,356.5872,0.0000,0.0000,0.0000
73.637,449.2338,-1.5448,265.8688,0.2510,3.8000,-0.4500,352.0483,185.0947,356.9470,0.0000,0.0000,0.0000
73.749,448.9855,-1.7037,265.7787,0.2510,3.8000,-0.4500,351.8688,185.1039,357.2427,0.0000,0.0000,0.0000
73.859,448.7782,-1.8340,265.7042,0.2510,3.8000,-0.4500,351.7354,185.1101,357.4568,0.0000,0.0000,0.0000
73.970,448.5314,-1.9850,265.6042,0.2510,3.8000,-0.4500,351.5006,185.1199,357.8105,0.0000,0.0000,0.0000
74.082,448.3261,-2.1085,265.5064,0.2510,3.8000,-0.4500,351.4022,185.1236,357.9494,0.0000,0.0000,0.0000
74.197,448.0814,-2.2518,265.3744,0.2510,3.8000,-0.4500,351.2535,185.1287,358.1539,0.0000,0.0000,0.0000
74.318,447.8382,-2.3914,265.2291,0.2510,3.8000,-0.4500,351.1015,185.1334,358.3449,0.0000,0.0000,0.0000
74.429,447.5957,-2.5292,265.0731,0.2510,3.8000,-0.4500,350.9932,185.1365,358.4682,0.0000,0.0000,0.0000
74.540,447.3950,-2.6427,264.9379,0.2510,3.8000,-0.4500,350.8176,185.1410,358.6398,0.0000,0.0000,0.0000
74.651,447.1528,-2.7804,264.7704,0.2510,3.8000,-0.4500,350.8176,185.1410,358.6398,0.0000,0.0000,0.0000
74.762,446.9521,-2.8954,264.6303,0.2510,3.8000,-0.4500,350.6768,185.1443,358.7307,0.0000,0.0000,0.0000
74.873,446.7109,-3.0345,264.4603,0.2510,3.8000,-0.4500,350.6070,185.1458,358.7740,0.0000,0.0000,0.0000
74.985,446.5099,-3.1512,264.3190,0.2510,3.8000,-0.4500,350.5368,185.1473,358.8104,0.0000,0.0000,0.0000
75.096,446.2691,-3.2918,264.1512,0.2510,3.8000,-0.4500,350.3158,185.1517,358.9211,0.0000,0.0000,0.0000
75.207,446.0676,-3.4090,264.0112,0.2510,3.8000,-0.4500,350.3158,185.1517,358.9211,0.0000,0.0000,0.0000
75.318,445.8263,-3.5491,263.8449,0.2510,3.8000,-0.4500,350.2466,185.1530,358.9600,0.0000,0.0000,0.0000
75.429,445.5853,-3.6877,263.6807,0.2510,3.8000,-0.4500,350.1085,185.1555,359.0473,0.0000,0.0000,0.0000
75.541,445.3840,-3.8024,263.5444,0.2510,3.8000,-0.4500,350.1085,185.1555,359.0473,0.0000,0.0000,0.0000
75.651,445.1436,-3.9367,263.3839,0.2510,3.8000,-0.4500,349.9202,185.1584,359.2050,0.0000,0.0000,0.0000
75.762,444.9426,-4.0473,263.2504,0.2510,3.8000,-0.4500,349.9202,185.1584,359.2050,0.0000,0.0000,0.0000
75.873,444.7032,-4.1742,263.0935,0.2510,3.8000,-0.4500,349.7224,185.1607,359.4704,0.0000,0.0000,0.0000
75.985,444.5024,-4.2794,262.9624,0.2510,3.8000,-0.4500,349.7225,185.1607,359.4704,0.0000,0.0000,0.0000
76.096,444.2633,-4.3985,262.8076,0.2510,3.8000,-0.4500,349.6287,185.1614,359.6952,0.0000,0.0000,0.0000
76.207,444.0636,-4.4956,262.6791,0.2510,3.8000,-0.4500,349.6035,185.1616,359.7716,0.0000,0.0000,0.0000
76.318,443.8257,-4.6038,262.5273,0.2510,3.8000,-0.4500,349.5373,185.1617,0.1000,0.0000,0.0000,0.0000
76.430,443.5871,-4.7087,262.3761,0.2510,3.8000,-0.4500,349.5271,185.1616,0.2675,0.0000,0.0000,0.0000
76.540,443.3884,-4.7926,262.2505,0.2510,3.8000,-0.4500,349.5237,185.1616,0.3516,0.0000,0.0000,0.0000
76.650,443.1522,-4.8832,262.1010,0.2510,3.8000,-0.4500,349.5398,185.1618,0.6975,0.0000,0.0000,0.0000
76.762,442.9562,-4.9528,261.9765,0.2510,3.8000,-0.4500,349.5819,185.1624,1.0266,0.0000,0.0000,0.0000
76.872,442.7195,-5.0357,261.8260,0.2510,3.8000,-0.4500,349.5989,185.1627,1.1107,0.0000,0.0000,0.0000
76.982,442.5250,-5.0946,261.7009,0.2510,3.8000,-0.4500,349.6733,185.1644,1.4484,0.0000,0.0000,0.0000
77.094,442.2912,-5.1621,261.5500,0.2510,3.8000,-0.4500,349.7371,185.1662,1.6859,0.0000,0.0000,0.0000
77.206,442.0968,-5.2138,261.4236,0.2510,3.8000,-0.4500,349.7826,185.1676,1.8395,0.0000,0.0000,0.0000
77.317,441.8651,-5.2686,261.2709,0.2510,3.8000,-0.4500,349.8581,185.1702,2.0750,0.0000,0.0000,0.0000
77.428,441.6737,-5.3068,261.1430,0.2510,3.8000,-0.4500,349.9662,185.1745,2.3852,0.0000,0.0000,0.0000
77.539,441.4441,-5.3493,260.9884,0.2510,3.8000,-0.4500,350.0536,185.1784,2.6184,0.0000,0.0000,0.0000
77.650,441.2151,-5.3869,260.8325,0.2510,3.8000,-0.4500,350.1110,185.1812,2.7679,0.0000,0.0000,0.0000
77.761,441.0261,-5.4112,260.7025,0.2510,3.8000,-0.4500,350.2071,185.1861,3.0080,0.0000,0.0000,0.0000
77.872,440.7993,-5.4378,260.5464,0.2510,3.8000,-0.4500,350.2704,185.1895,3.1634,0.0000,0.0000,0.0000
77.983,440.6120,-5.4535,260.4159,0.2510,3.8000,-0.4500,350.3655,185.1951,3.3935,0.0000,0.0000,0.0000
78.097,440.3872,-5.4702,260.2592,0.2510,3.8000,-0.4500,350.4290,185.1990,3.5446,0.0000,0.0000,0.0000
78.205,440.2010,-5.4797,260.1292,0.2510,3.8000,-0.4500,350.4957,185.2032,3.7020,0.0000,0.0000,0.0000
78.316,439.9782,-5.4877,259.9730,0.2510,3.8000,-0.4500,350.5607,185.2076,3.8555,0.0000,0.0000,0.0000
78.428,439.7935,-5.4905,259.8430,0.2510,3.8000,-0.4500,350.6258,185.2121,4.0095,0.0000,0.0000,0.0000
78.540,439.5724,-5.4912,259.6878,0.2510,3.8000,-0.4500,350.6892,185.2167,4.1594,0.0000,0.0000,0.0000
78.651,439.3514,-5.4899,259.5336,0.2510,3.8000,-0.4500,350.7209,185.2191,4.2355,0.0000,0.0000,0.0000
78.761,439.1686,-5.4847,259.4053,0.2510,3.8000,-0.4500,350.7838,185.2239,4.3874,0.0000,0.0000,0.0000
78.886,438.9485,-5.4795,259.2510,0.2510,3.8000,-0.4500,350.7838,185.2239,4.3874,0.0000,0.0000,0.0000
78.997,438.7304,-5.4686,259.0957,0.2510,3.8000,-0.4500,350.8448,185.2287,4.5393,0.0000,0.0000,0.0000
79.109,438.5125,-5.4569,258.9390,0.2510,3.8000,-0.4500,350.8741,185.2311,4.6150,0.0000,0.0000,0.0000
79.220,438.3314,-5.4454,258.8071,0.2510,3.8000,-0.4500,350.9026,185.2334,4.6896,0.0000,0.0000,0.0000
79.331,438.1129,-5.4334,258.6723,0.2510,3.8000,-0.4500,350.9026,185.2334,4.6896,0.0000,0.0000,0.0000
79.442,437.9297,-5.4328,258.6593,0.2510,3.8000,-0.4500,350.9300,185.2357,4.7652,0.0000,0.0000,0.0000
79.553,437.7079,-5.4468,258.7343,0.2510,3.8000,-0.4500,350.9300,185.2357,4.7652,0.0000,0.0000,0.0000
79.664,437.5236,-5.4643,258.8470,0.2510,3.8000,-0.4500,350.9644,185.2386,4.8377,0.0000,0.0000,0.0000
79.775,437.3028,-5.4944,259.0338,0.2510,3.8000,-0.4500,350.9644,185.2386,4.8377,0.0000,0.0000,0.0000
79.888,437.1201,-5.5246,259.2245,0.2510,3.8000,-0.4500,350.9644,185.2386,4.8377,0.0000,0.0000,0.0000
79.997,436.9021,-5.5648,259.4842,0.2510,3.8000,-0.4500,350.9644,185.2386,4.8377,0.0000,0.0000,0.0000
80.109,436.6862,-5.6052,259.7705,0.2510,3.8000,-0.4500,351.0824,185.2489,4.9483,0.0000,0.0000,0.0000
80.220,436.5063,-5.6426,260.0254,0.2510,3.8000,-0.4500,351.0824,185.2489,4.9483,0.0000,0.0000,0.0000
80.331,436.2917,-5.6854,260.3442,0.2510,3.8000,-0.4500,351.2290,185.2618,5.0147,0.0000,0.0000,0.0000
80.442,436.1130,-5.7216,260.6181,0.2510,3.8000,-0.4500,351.3118,185.2691,5.0329,0.0000,0.0000,0.0000
80.553,435.8990,-5.7619,260.9523,0.2510,3.8000,-0.4500,351.5597,185.2913,5.0769,0.0000,0.0000,0.0000
80.664,435.7206,-5.7954,261.2351,0.2510,3.8000,-0.4500,351.6458,185.2991,5.0778,0.0000,0.0000,0.0000
80.775,435.5067,-5.8307,261.5760,0.2510,3.8000,-0.4500,351.9872,185.3297,5.0713,0.0000,0.0000,0.0000
80.886,435.3287,-5.8577,261.8618,0.2510,3.8000,-0.4500,352.2267,185.3511,5.0530,0.0000,0.0000,0.0000
80.998,435.1153,-5.8860,262.2060,0.2510,3.8000,-0.4500,352.4719,185.3729,5.0298,0.0000,0.0000,0.0000
81.109,434.9022,-5.9073,262.5499,0.2510,3.8000,-0.4500,352.8855,185.4095,4.9928,0.0000,0.0000,0.0000
81.220,434.7252,-5.9218,262.8384,0.2510,3.8000,-0.4500,352.9703,185.4170,4.9880,0.0000,0.0000,0.0000
81.331,434.5134,-5.9287,263.1825,0.2510,3.8000,-0.4500,353.4921,185.4627,4.9695,0.0000,0.0000,0.0000
81.442,434.3376,-5.9290,263.4691,0.2510,3.8000,-0.4500,353.7471,185.4851,4.9732,0.0000,0.0000,0.0000
81.553,434.1270,-5.9177,263.7999,0.2510,3.8000,-0.4500,354.2485,185.5290,4.9992,0.0000,0.0000,0.0000
81.664,433.9512,-5.9015,264.0641,0.2510,3.8000,-0.4500,354.4142,185.5436,5.0160,0.0000,0.0000,0.0000
81.775,433.7408,-5.8666,264.3632,0.2510,3.8000,-0.4500,354.9639,185.5924,5.0947,0.0000,0.0000,0.0000
81.886,433.5642,-5.8267,264.5804,0.2510,3.8000,-0.4500,355.4037,185.6321,5.1755,0.0000,0.0000,0.0000
81.997,433.3513,-5.7620,264.7083,0.2510,3.8000,-0.4500,355.8981,185.6775,5.2891,0.0000,0.0000,0.0000
82.109,433.1395,-5.6808,264.6995,0.2510,3.8000,-0.4500,356.2885,185.7141,5.4046,0.0000,0.0000,0.0000
82.220,432.9663,-5.6038,264.6032,0.2510,3.8000,-0.4500,356.5152,185.7357,5.4829,0.0000,0.0000,0.0000
82.331,432.7668,-5.4984,264.3624,0.2510,3.8000,-0.4500,356.8925,185.7725,5.6370,0.0000,0.0000,0.0000
82.442,432.6066,-5.4043,264.0734,0.2510,3.8000,-0.4500,357.1167,185.7949,5.7465,0.0000,0.0000,0.0000
82.553,432.4195,-5.2865,263.6498,0.2510,3.8000,-0.4500,357.2623,185.8096,5.8217,0.0000,0.0000,0.0000
82.665,432.2684,-5.1794,263.2530,0.2510,3.8000,-0.4500,357.6190,185.8467,6.0346,0.0000,0.0000,0.0000
82.775,432.0883,-5.0531,262.7474,0.2510,3.8000,-0.4500,357.6889,185.8541,6.0807,0.0000,0.0000,0.0000
82.887,431.9415,-4.9404,262.3076,0.2510,3.8000,-0.4500,357.9680,185.8843,6.2678,0.0000,0.0000,0.0000
82.998,431.7657,-4.8053,261.7690,0.2510,3.8000,-0.4500,358.1068,185.8997,6.3631,0.0000,0.0000,0.0000
83.109,431.5914,-4.6667,261.2234,0.2510,3.8000,-0.4500,358.2455,185.9153,6.4581,0.0000,0.0000,0.0000
83.220,431.4482,-4.5453,260.7652,0.2510,3.8000,-0.4500,358.5357,185.9486,6.6500,0.0000,0.0000,0.0000
83.330,431.2765,-4.3992,260.2144,0.2510,3.8000,-0.4500,358.7421,185.9729,6.7804,0.0000,0.0000,0.0000
83.456,431.1055,-4.2499,259.6662,0.2510,3.8000,-0.4500,358.9566,185.9986,6.9056,0.0000,0.0000,0.0000
83.567,430.9628,-4.1249,259.2130,0.2510,3.8000,-0.4500,359.0275,186.0073,6.9460,0.0000,0.0000,0.0000
83.678,430.7937,-3.9672,258.6706,0.2510,3.8000,-0.4500,359.4097,186.0545,7.1409,0.0000,0.0000,0.0000
83.790,430.6236,-3.8103,258.1381,0.2510,3.8000,-0.4500,359.5618,186.0736,7.2096,0.0000,0.0000,0.0000
83.900,430.4823,-3.6755,257.7029,0.2510,3.8000,-0.4500,359.7888,186.1026,7.3065,0.0000,0.0000,0.0000
84.012,430.3125,-3.5114,257.1908,0.2510,3.8000,-0.4500,0.0315,186.1339,7.3982,0.0000,0.0000,0.0000
84.122,430.1710,-3.3719,256.7745,0.2510,3.8000,-0.4500,0.2655,186.1645,7.4823,0.0000,0.0000,0.0000
84.234,430.0002,-3.2016,256.2950,0.2510,3.8000,-0.4500,0.5106,186.1968,7.5581,0.0000,0.0000,0.0000
84.345,429.8575,-3.0564,255.9095,0.2510,3.8000,-0.4500,0.7500,186.2287,7.6287,0.0000,0.0000,0.0000
84.456,429.6843,-2.8775,255.4837,0.2510,3.8000,-0.4500,1.0747,186.2725,7.7130,0.0000,0.0000,0.0000
84.567,429.5358,-2.7229,255.2333,0.2510,3.8000,-0.4500,1.2324,186.2939,7.7522,0.0000,0.0000,0.0000
84.679,429.3579,-2.5175,255.1520,0.2510,3.8000,-0.4500,1.7304,186.3622,7.8649,0.0000,0.0000,0.0000
84.790,429.1832,-2.2936,255.2340,0.2510,3.8000,-0.4500,2.2250,186.4310,7.9719,0.0000,0.0000,0.0000
84.900,429.0409,-2.0927,255.3835,0.2510,3.8000,-0.4500,2.6335,186.4886,8.0622,0.0000,0.0000,0.0000
85.011,428.8747,-1.8351,255.6248,0.2510,3.8000,-0.4500,3.1286,186.5594,8.1852,0.0000,0.0000,0.0000
85.123,428.7397,-1.6070,255.8582,0.2510,3.8000,-0.4500,3.5426,186.6195,8.3086,0.0000,0.0000,0.0000
85.234,428.5819,-1.3181,256.1609,0.2510,3.8000,-0.4500,4.0305,186.6916,8.4861,0.0000,0.0000,0.0000
85.345,428.4538,-1.0655,256.4238,0.2510,3.8000,-0.4500,4.4213,186.7507,8.6567,0.0000,0.0000,0.0000
85.456,428.3037,-0.7505,256.7469,0.2510,3.8000,-0.4500,4.7912,186.8078,8.8454,0.0000,0.0000,0.0000
85.567,428.1794,-0.4847,256.8996,0.2510,3.8000,-0.4500,5.1513,186.8647,9.0599,0.0000,0.0000,0.0000
85.678,428.0322,-0.1976,256.7343,0.2510,3.8000,-0.4500,5.4173,186.9077,9.2537,0.0000,0.0000,0.0000
85.789,427.8891,0.0545,256.2763,0.2510,3.8000,-0.4500,5.5362,186.9274,9.3688,0.0000,0.0000,0.0000
85.900,427.7721,0.2492,255.7736,0.2510,3.8000,-0.4500,5.6466,186.9458,9.4896,0.0000,0.0000,0.0000
86.011,427.6284,0.4838,255.2029,0.2510,3.8000,-0.4500,5.7406,186.9617,9.6198,0.0000,0.0000,0.0000
86.122,427.5055,0.6943,254.8216,0.2510,3.8000,-0.4500,5.8668,186.9834,9.8306,0.0000,0.0000,0.0000
86.233,427.3595,0.9784,254.6116,0.2510,3.8000,-0.4500,5.9812,187.0036,10.0469,0.0000,0.0000,0.0000
86.345,427.2425,1.2423,254.6048,0.2510,3.8000,-0.4500,6.0585,187.0174,10.1956,0.0000,0.0000,0.0000
86.456,427.1092,1.5847,254.7237,0.2510,3.8000,-0.4500,6.1741,187.0386,10.4139,0.0000,0.0000,0.0000
86.567,427.0010,1.8817,254.8927,0.2510,3.8000,-0.4500,6.1741,187.0386,10.4139,0.0000,0.0000,0.0000
86.678,426.8781,2.2549,255.1448,0.2510,3.8000,-0.4500,6.2892,187.0601,10.6323,0.0000,0.0000,0.0000
86.789,426.7565,2.6321,255.4329,0.2510,3.8000,-0.4500,6.2892,187.0601,10.6323,0.0000,0.0000,0.0000
86.900,426.6573,2.9510,255.6883,0.2510,3.8000,-0.4500,6.3154,187.0650,10.7076,0.0000,0.0000,0.0000
87.011,426.5385,3.3316,256.0071,0.2510,3.8000,-0.4500,6.3154,187.0650,10.7076,0.0000,0.0000,0.0000
87.122,426.4395,3.6465,256.2797,0.2510,3.8000,-0.4500,6.3154,187.0650,10.7076,0.0000,0.0000,0.0000
87.234,426.3202,4.0194,256.6124,0.2510,3.8000,-0.4500,6.3154,187.0650,10.7076,0.0000,0.0000,0.0000
87.346,426.2197,4.3242,256.8932,0.2510,3.8000,-0.4500,6.3154,187.0650,10.7076,0.0000,0.0000,0.0000
87.456,426.1001,4.6822,257.2355,0.2510,3.8000,-0.4500,5.9841,187.0012,10.9402,0.0000,0.0000,0.0000
87.568,425.9981,4.9699,257.5245,0.2510,3.8000,-0.4500,5.8272,186.9707,10.9804,0.0000,0.0000,0.0000
87.678,425.8721,5.2990,257.8753,0.2510,3.8000,-0.4500,5.2783,186.8637,10.9558,0.0000,0.0000,0.0000
87.789,425.7387,5.6088,258.1994,0.2510,3.8000,-0.4500,4.7284,186.7575,10.8088,0.0000,0.0000,0.0000
87.901,425.6208,5.8510,258.4431,0.2510,3.8000,-0.4500,4.2716,186.6707,10.6190,0.0000,0.0000,0.0000
88.028,425.4716,6.1217,258.7132,0.2510,3.8000,-0.4500,3.7112,186.5668,10.3306,0.0000,0.0000,0.0000
88.136,425.3146,6.3704,258.9717,0.2510,3.8000,-0.4500,3.1275,186.4620,9.9858,0.0000,0.0000,0.0000
88.247,425.1781,6.5600,259.1854,0.2510,3.8000,-0.4500,2.6190,186.3739,9.6584,0.0000,0.0000,0.0000
88.359,425.0075,6.7652,259.4425,0.2510,3.8000,-0.4500,1.9795,186.2674,9.2189,0.0000,0.0000,0.0000
88.469,424.8290,6.9442,259.6989,0.2510,3.8000,-0.4500,1.3072,186.1612,8.7293,0.0000,0.0000,0.0000
88.581,424.6740,7.0723,259.9099,0.2510,3.8000,-0.4500,0.7233,186.0738,8.2839,0.0000,0.0000,0.0000
88.692,424.4804,7.1995,260.1583,0.2510,3.8000,-0.4500,-0.0028,185.9718,7.7061,0.0000,0.0000,0.0000
88.803,424.3127,7.2827,260.3588,0.2510,3.8000,-0.4500,359.3742,185.8904,7.1903,0.0000,0.0000,0.0000
88.913,424.1036,7.3544,260.5886,0.2510,3.8000,-0.4500,358.6098,185.7983,6.5328,0.0000,0.0000,0.0000
89.025,423.9231,7.3904,260.7697,0.2510,3.8000,-0.4500,357.9630,185.7275,5.9556,0.0000,0.0000,0.0000
89.136,423.6996,7.4048,260.9734,0.2510,3.8000,-0.4500,357.1803,185.6508,5.2316,0.0000,0.0000,0.0000
89.248,423.5077,7.3929,261.1307,0.2510,3.8000,-0.4500,356.5266,185.5944,4.6057,0.0000,0.0000,0.0000
89.358,423.2713,7.3502,261.3029,0.2510,3.8000,-0.4500,355.7457,185.5366,3.8325,0.0000,0.0000,0.0000
89.470,423.0291,7.2773,261.4561,0.2510,3.8000,-0.4500,354.9739,185.4901,3.0408,0.0000,0.0000,0.0000
89.581,422.8232,7.1941,261.5686,0.2510,3.8000,-0.4500,354.3418,185.4601,2.3717,0.0000,0.0000,0.0000
89.692,422.5721,7.0682,261.6844,0.2510,3.8000,-0.4500,353.6009,185.4344,1.5634,0.0000,0.0000,0.0000
89.803,422.3600,6.9426,261.7643,0.2510,3.8000,-0.4500,353.0015,185.4215,0.8899,0.0000,0.0000,0.0000
89.913,422.1025,6.7684,261.8398,0.2510,3.8000,-0.4500,352.3077,185.4155,0.0878,0.0000,0.0000,0.0000
90.025,421.8860,6.6048,261.8849,0.2510,3.8000,-0.4500,351.7533,185.4179,359.4290,0.0000,0.0000,0.0000
90.137,421.6248,6.3881,261.9192,0.2510,3.8000,-0.4500,351.1198,185.4286,358.6557,0.0000,0.0000,0.0000
90.248,421.4069,6.1907,261.9391,0.2510,3.8000,-0.4500,350.6197,185.4432,358.0298,0.0000,0.0000,0.0000
90.359,421.1468,5.9329,261.9626,0.2510,3.8000,-0.4500,350.0529,185.4666,357.3053,0.0000,0.0000,0.0000
90.470,420.8891,5.6526,261.9917,0.2510,3.8000,-0.4500,349.5205,185.4953,356.6145,0.0000,0.0000,0.0000
90.581,420.6767,5.4061,261.9926,0.2510,3.8000,-0.4500,349.1030,185.5225,356.0680,0.0000,0.0000,0.0000
90.692,420.4246,5.1030,261.9503,0.2510,3.8000,-0.4500,348.6399,185.5575,355.4526,0.0000,0.0000,0.0000
90.804,420.2167,4.8445,261.8884,0.2510,3.8000,-0.4500,348.2902,185.5874,354.9772,0.0000,0.0000,0.0000
90.914,419.9702,4.5278,261.7898,0.2510,3.8000,-0.4500,347.9155,185.6228,354.4543,0.0000,0.0000,0.0000
91.025,419.7671,4.2589,261.6908,0.2510,3.8000,-0.4500,347.6391,185.6512,354.0594,0.0000,0.0000,0.0000
91.137,419.5261,3.9333,261.5550,0.2510,3.8000,-0.4500,347.3940,185.6781,353.7028,0.0000,0.0000,0.0000
91.247,419.3270,3.6597,261.4307,0.2510,3.8000,-0.4500,347.2530,185.6944,353.4944,0.0000,0.0000,0.0000
91.359,419.0905,3.3164,261.3330,0.2510,3.8000,-0.4500,347.0641,185.7169,353.2142,0.0000,0.0000,0.0000
91.470,418.8582,2.9447,261.3311,0.2510,3.8000,-0.4500,346.9185,185.7350,353.0070,0.0000,0.0000,0.0000
91.581,418.6676,2.6235,261.3706,0.2510,3.8000,-0.4500,346.9185,185.7350,353.0070,0.0000,0.0000,0.0000
91.692,418.4399,2.2206,261.4465,0.2510,3.8000,-0.4500,346.7604,185.7552,352.8087,0.0000,0.0000,0.0000
91.805,418.2524,1.8826,261.5257,0.2510,3.8000,-0.4500,346.7604,185.7552,352.8087,0.0000,0.0000,0.0000
91.914,418.0281,1.4729,261.6341,0.2510,3.8000,-0.4500,346.7604,185.7552,352.8087,0.0000,0.0000,0.0000
92.025,417.8417,1.1310,261.7327,0.2510,3.8000,-0.4500,346.7604,185.7552,352.8087,0.0000,0.0000,0.0000
92.137,417.6191,0.7222,261.8678,0.2510,3.8000,-0.4500,346.7604,185.7552,352.8087,0.0000,0.0000,0.0000
92.247,417.4350,0.3836,261.9968,0.2510,3.8000,-0.4500,346.7604,185.7552,352.8087,0.0000,0.0000,0.0000
92.360,417.2153,-0.0177,262.1703,0.2510,3.8000,-0.4500,346.7604,185.7552,352.8087,0.0000,0.0000,0.0000
92.470,416.9975,-0.4119,262.3681,0.2510,3.8000,-0.4500,346.7604,185.7552,352.8087,0.0000,0.0000,0.0000
92.584,416.8183,-0.7286,262.5545,0.2510,3.8000,-0.4500,346.8324,185.7460,353.0670,0.0000,0.0000,0.0000
92.706,416.6031,-1.0930,262.7993,0.2510,3.8000,-0.4500,347.0574,185.7192,353.6236,0.0000,0.0000,0.0000
92.818,416.3858,-1.4420,263.0608,0.2510,3.8000,-0.4500,347.3580,185.6863,354.1738,0.0000,0.0000,0.0000
92.928,416.2029,-1.7182,263.2880,0.2510,3.8000,-0.4500,347.6559,185.6564,354.6403,0.0000,0.0000,0.0000
93.039,415.9811,-2.0290,263.5687,0.2510,3.8000,-0.4500,348.0651,185.6193,355.2281,0.0000,0.0000,0.0000
93.150,415.7571,-2.3137,263.8557,0.2510,3.8000,-0.4500,348.5282,185.5825,355.8549,0.0000,0.0000,0.0000
93.263,415.5690,-2.5292,264.0981,0.2510,3.8000,-0.4500,348.9529,185.5532,356.4075,0.0000,0.0000,0.0000
93.372,415.3415,-2.7603,264.3917,0.2510,3.8000,-0.4500,349.5066,185.5213,357.1036,0.0000,0.0000,0.0000
93.485,415.1511,-2.9289,264.6381,0.2510,3.8000,-0.4500,350.0022,185.4985,357.7073,0.0000,0.0000,0.0000
93.595,414.9221,-3.1014,264.9353,0.2510,3.8000,-0.4500,350.6345,185.4770,358.4540,0.0000,0.0000,0.0000
93.706,414.7314,-3.2200,265.1842,0.2510,3.8000,-0.4500,351.1897,185.4650,359.0898,0.0000,0.0000,0.0000
93.817,414.5033,-3.3318,265.4845,0.2510,3.8000,-0.4500,351.8859,185.4586,359.8619,0.0000,0.0000,0.0000
93.929,414.2769,-3.4105,265.7866,0.2510,3.8000,-0.4500,352.6100,185.4618,0.6367,0.0000,0.0000,0.0000
94.041,414.0901,-3.4510,266.0398,0.2510,3.8000,-0.4500,353.2313,185.4722,1.2784,0.0000,0.0000,0.0000
94.151,413.8689,-3.4699,266.3459,0.2510,3.8000,-0.4500,353.9940,185.4945,2.0366,0.0000,0.0000,0.0000
94.261,413.6876,-3.4615,266.6031,0.2510,3.8000,-0.4500,354.6404,185.5211,2.6532,0.0000,0.0000,0.0000
94.372,413.4741,-3.4235,266.9149,0.2510,3.8000,-0.4500,355.4249,185.5626,3.3681,0.0000,0.0000,0.0000
94.485,413.2999,-3.3693,267.1775,0.2510,3.8000,-0.4500,356.0827,185.6047,3.9380,0.0000,0.0000,0.0000
94.594,413.0956,-3.2784,267.4953,0.2510,3.8000,-0.4500,356.8728,185.6637,4.5847,0.0000,0.0000,0.0000
94.706,412.9295,-3.1823,267.7622,0.2510,3.8000,-0.4500,357.5288,185.7193,5.0881,0.0000,0.0000,0.0000
94.818,412.7351,-3.0439,268.0845,0.2510,3.8000,-0.4500,358.3093,185.7927,5.6441,0.0000,0.0000,0.0000
94.928,412.5771,-2.9107,268.3541,0.2510,3.8000,-0.4500,358.9510,185.8586,6.0634,0.0000,0.0000,0.0000
95.040,412.3920,-2.7310,268.6768,0.2510,3.8000,-0.4500,359.7074,185.9420,6.5090,0.0000,0.0000,0.0000
95.152,412.2111,-2.5318,268.9976,0.2510,3.8000,-0.4500,0.4444,186.0286,6.8879,0.0000,0.0000,0.0000
95.262,412.0634,-2.3517,269.2631,0.2510,3.8000,-0.4500,1.0398,186.1020,7.1564,0.0000,0.0000,0.0000
95.373,411.8896,-2.1196,269.5777,0.2510,3.8000,-0.4500,1.7271,186.1900,7.4401,0.0000,0.0000,0.0000
95.484,411.7476,-1.9134,269.8357,0.2510,3.8000,-0.4500,2.2737,186.2625,7.6641,0.0000,0.0000,0.0000
95.595,411.5809,-1.6506,270.1406,0.2510,3.8000,-0.4500,2.8937,186.3475,7.9370,0.0000,0.0000,0.0000
95.706,411.4451,-1.4195,270.3901,0.2510,3.8000,-0.4500,3.3775,186.4161,8.1737,0.0000,0.0000,0.0000
95.817,411.2860,-1.1282,270.6837,0.2510,3.8000,-0.4500,3.9161,186.4950,8.4693,0.0000,0.0000,0.0000
95.928,411.1567,-0.8747,270.9242,0.2510,3.8000,-0.4500,4.3286,186.5575,8.7226,0.0000,0.0000,0.0000
96.039,411.0057,-0.5582,271.2100,0.2510,3.8000,-0.4500,4.7791,186.6281,9.0300,0.0000,0.0000,0.0000
96.151,410.8589,-0.2303,271.4955,0.2510,3.8000,-0.4500,5.1171,186.6828,9.2852,0.0000,0.0000,0.0000
96.262,410.7398,0.0515,271.7337,0.2510,3.8000,-0.4500,5.3716,186.7250,9.4982,0.0000,0.0000,0.0000
96.373,410.6005,0.3984,272.0193,0.2510,3.8000,-0.4500,5.6193,186.7671,9.7203,0.0000,0.0000,0.0000
96.484,410.4870,0.6943,272.2555,0.2510,3.8000,-0.4500,5.7974,186.7981,9.8983,0.0000,0.0000,0.0000
96.595,410.3538,1.0553,272.5361,0.2510,3.8000,-0.4500,5.9704,186.8287,10.0814,0.0000,0.0000,0.0000
96.706,410.2454,1.3617,272.7680,0.2510,3.8000,-0.4500,6.1284,186.8573,10.2712,0.0000,0.0000,0.0000
96.817,410.1166,1.7321,273.0460,0.2510,3.8000,-0.4500,6.2249,186.8750,10.4066,0.0000,0.0000,0.0000
96.929,409.9898,2.1046,273.3240,0.2510,3.8000,-0.4500,6.2714,186.8836,10.4741,0.0000,0.0000,0.0000
97.040,409.8853,2.4176,273.5559,0.2510,3.8000,-0.4500,6.3097,186.8907,10.5476,0.0000,0.0000,0.0000
97.151,409.7616,2.7955,273.8344,0.2510,3.8000,-0.4500,6.3464,186.8976,10.6215,0.0000,0.0000,0.0000
97.276,409.6402,3.1771,274.1024,0.2510,3.8000,-0.4500,6.4180,186.9112,10.7659,0.0000,0.0000,0.0000
97.387,409.5350,3.4766,274.1435,0.2510,3.8000,-0.4500,6.4180,186.9112,10.7659,0.0000,0.0000,0.0000
97.500,409.4100,3.7980,273.8812,0.2510,3.8000,-0.4500,6.5113,186.9292,10.9016,0.0000,0.0000,0.0000
97.609,409.2853,4.0759,273.3622,0.2510,3.8000,-0.4500,6.5113,186.9292,10.9016,0.0000,0.0000,0.0000
97.720,409.1811,4.2869,272.8234,0.2510,3.8000,-0.4500,6.5113,186.9292,10.9016,0.0000,0.0000,0.0000
97.831,409.0518,4.5355,272.2007,0.2510,3.8000,-0.4500,6.5113,186.9292,10.9016,0.0000,0.0000,0.0000
97.943,408.9391,4.7506,271.7619,0.2510,3.8000,-0.4500,6.5113,186.9292,10.9016,0.0000,0.0000,0.0000
98.053,408.7991,5.0205,271.3422,0.2510,3.8000,-0.4500,6.5113,186.9292,10.9016,0.0000,0.0000,0.0000
98.165,408.6835,5.2697,271.1906,0.2510,3.8000,-0.4500,6.5113,186.9292,10.9016,0.0000,0.0000,0.0000
98.276,408.5470,5.5931,271.1794,0.2510,3.8000,-0.4500,6.5113,186.9292,10.9016,0.0000,0.0000,0.0000
98.388,408.4341,5.8741,271.2545,0.2510,3.8000,-0.4500,6.5113,186.9292,10.9016,0.0000,0.0000,0.0000
98.498,408.2960,6.2153,271.4004,0.2510,3.8000,-0.4500,6.7573,186.9764,10.6810,0.0000,0.0000,0.0000
98.609,408.1536,6.5536,271.5789,0.2510,3.8000,-0.4500,6.9235,187.0076,10.3950,0.0000,0.0000,0.0000
98.721,408.0293,6.8274,271.7398,0.2510,3.8000,-0.4500,7.0339,187.0276,9.9874,0.0000,0.0000,0.0000
98.832,407.8735,7.1443,271.9373,0.2510,3.8000,-0.4500,7.0596,187.0322,9.4726,0.0000,0.0000,0.0000
98.942,407.7374,7.3959,272.0997,0.2510,3.8000,-0.4500,7.0087,187.0238,9.0232,0.0000,0.0000,0.0000
99.053,407.5657,7.6798,272.2885,0.2510,3.8000,-0.4500,6.8783,187.0037,8.4431,0.0000,0.0000,0.0000
99.164,407.4155,7.8993,272.4405,0.2510,3.8000,-0.4500,6.7181,186.9805,7.9168,0.0000,0.0000,0.0000
99.276,407.2266,8.1402,272.6207,0.2510,3.8000,-0.4500,6.4670,186.9470,7.2289,0.0000,0.0000,0.0000
99.387,407.0621,8.3208,272.7711,0.2510,3.8000,-0.4500,6.2089,186.9155,6.6073,0.0000,0.0000,0.0000
99.498,406.8562,8.5112,272.9518,0.2510,3.8000,-0.4500,5.8400,186.8752,5.8042,0.0000,0.0000,0.0000
99.609,406.6410,8.6704,273.1307,0.2510,3.8000,-0.4500,5.4063,186.8343,4.9408,0.0000,0.0000,0.0000
99.720,406.4549,8.7774,273.2770,0.2510,3.8000,-0.4500,4.9961,186.8014,4.1782,0.0000,0.0000,0.0000
99.830,406.2238,8.8731,273.4485,0.2510,3.8000,-0.4500,4.4470,186.7659,3.2165,0.0000,0.0000,0.0000
99.943,406.0251,8.9243,273.5854,0.2510,3.8000,-0.4500,3.9447,186.7413,2.3808,0.0000,0.0000,0.0000
100.054,405.7802,8.9501,273.7393,0.2510,3.8000,-0.4500,3.2923,186.7201,1.3443,0.0000,0.0000,0.0000
100.165,405.5714,8.9413,273.8593,0.2510,3.8000,-0.4500,2.7118,186.7109,0.4589,0.0000,0.0000,0.0000
100.276,405.3171,8.8942,273.9970,0.2510,3.8000,-0.4500,1.9771,186.7120,359.3791,0.0000,0.0000,0.0000
100.387,405.1031,8.8246,274.1109,0.2510,3.8000,-0.4500,1.3378,186.7240,358.4716,0.0000,0.0000,0.0000
100.499,404.8460,8.7046,274.2514,0.2510,3.8000,-0.4500,0.5433,186.7529,357.3814,0.0000,0.0000,0.0000
100.608,404.6325,8.5745,274.3743,0.2510,3.8000,-0.4500,359.8628,186.7894,356.4785,0.0000,0.0000,0.0000
100.720,404.3788,8.3827,274.5311,0.2510,3.8000,-0.4500,359.0293,186.8485,355.4094,0.0000,0.0000,0.0000
100.833,404.1293,8.1525,274.7000,0.2510,3.8000,-0.4500,358.1841,186.9242,354.3653,0.0000,0.0000,0.0000
100.942,403.9256,7.9323,274.8508,0.2510,3.8000,-0.4500,357.4760,186.9995,353.5212,0.0000,0.0000,0.0000
101.054,403.6873,7.6350,275.0443,0.2510,3.8000,-0.4500,356.6283,187.1032,352.5475,0.0000,0.0000,0.0000
101.164,403.4944,7.3608,275.2146,0.2510,3.8000,-0.4500,355.9290,187.1997,351.7750,0.0000,0.0000,0.0000
101.276,403.2703,7.0024,275.4290,0.2510,3.8000,-0.4500,355.1054,187.3256,350.9024,0.0000,0.0000,0.0000
101.388,403.0898,6.6807,275.6158,0.2510,3.8000,-0.4500,354.4375,187.4371,350.2262,0.0000,0.0000,0.0000
101.498,402.8809,6.2693,275.8492,0.2510,3.8000,-0.4500,353.6647,187.5762,349.4823,0.0000,0.0000,0.0000
101.609,402.6805,5.8328,276.0921,0.2510,3.8000,-0.4500,352.9294,187.7182,348.8181,0.0000,0.0000,0.0000
101.720,402.5195,5.4522,276.3011,0.2510,3.8000,-0.4500,352.3494,187.8364,348.3294,0.0000,0.0000,0.0000
101.832,402.3333,4.9779,276.5580,0.2510,3.8000,-0.4500,351.6979,187.9753,347.8249,0.0000,0.0000,0.0000
101.942,402.1830,4.5706,276.7759,0.2510,3.8000,-0.4500,351.1953,188.0867,347.4754,0.0000,0.0000,0.0000
102.053,402.0078,4.0700,277.0412,0.2510,3.8000,-0.4500,350.6440,188.2124,347.1439,0.0000,0.0000,0.0000
102.164,401.8651,3.6454,277.2643,0.2510,3.8000,-0.4500,350.2302,188.3090,346.9424,0.0000,0.0000,0.0000
102.277,401.6962,3.1344,277.5322,0.2510,3.8000,-0.4500,350.0767,188.3452,346.8810,0.0000,0.0000,0.0000
102.387,401.5572,2.7015,277.7578,0.2510,3.8000,-0.4500,349.6640,188.4433,346.8019,0.0000,0.0000,0.0000
102.499,401.3900,2.1857,278.0258,0.2510,3.8000,-0.4500,349.5872,188.4616,346.8002,0.0000,0.0000,0.0000
102.609,401.2230,1.6718,278.2917,0.2510,3.8000,-0.4500,349.2780,188.5352,346.8771,0.0000,0.0000,0.0000
102.720,401.0819,1.2500,278.5085,0.2510,3.8000,-0.4500,349.0736,188.5835,347.0000,0.0000,0.0000,0.0000
102.831,400.9100,0.7554,278.7637,0.2510,3.8000,-0.4500,348.8668,188.6316,347.2730,0.0000,0.0000,0.0000
102.942,400.7632,0.3561,278.9719,0.2510,3.8000,-0.4500,348.6939,188.6709,347.6719,0.0000,0.0000,0.0000
103.053,400.5809,-0.1065,279.2142,0.2510,3.8000,-0.4500,348.6178,188.6876,348.2036,0.0000,0.0000,0.0000
103.164,400.4236,-0.4761,279.4098,0.2510,3.8000,-0.4500,348.6405,188.6829,348.6958,0.0000,0.0000,0.0000
103.276,400.2284,-0.8974,279.6373,0.2510,3.8000,-0.4500,348.7479,188.6617,349.3531,0.0000,0.0000,0.0000
103.387,400.0601,-1.2280,279.8205,0.2510,3.8000,-0.4500,348.8936,188.6346,349.9581,0.0000,0.0000,0.0000
103.498,399.8513,-1.5978,280.0320,0.2510,3.8000,-0.4500,349.1288,188.5939,350.7505,0.0000,0.0000,0.0000
103.609,399.6353,-1.9357,280.2334,0.2510,3.8000,-0.4500,349.4251,188.5472,351.6099,0.0000,0.0000,0.0000
103.720,399.4500,-2.1913,280.3928,0.2510,3.8000,-0.4500,349.7154,188.5057,352.3717,0.0000,0.0000,0.0000
103.832,399.2217,-2.4654,280.5728,0.2510,3.8000,-0.4500,350.1118,188.4552,353.3328,0.0000,0.0000,0.0000
103.943,399.0273,-2.6657,280.7124,0.2510,3.8000,-0.4500,350.4791,188.4145,354.1657,0.0000,0.0000,0.0000
104.054,398.7896,-2.8716,280.8663,0.2510,3.8000,-0.4500,350.9594,188.3692,355.1938,0.0000,0.0000,0.0000
104.165,398.5886,-3.0143,280.9826,0.2510,3.8000,-0.4500,351.3888,188.3360,356.0665,0.0000,0.0000,0.0000
104.276,398.3451,-3.1509,281.1072,0.2510,3.8000,-0.4500,351.9340,188.3033,357.1219,0.0000,0.0000,0.0000
104.387,398.1410,-3.2365,281.1988,0.2510,3.8000,-0.4500,352.4088,188.2829,357.9995,0.0000,0.0000,0.0000
104.499,397.8959,-3.3068,281.2957,0.2510,3.8000,-0.4500,352.9980,188.2675,359.0397,0.0000,0.0000,0.0000
104.609,397.6522,-3.3435,281.3834,0.2510,3.8000,-0.4500,353.6036,188.2628,0.0545,0.0000,0.0000,0.0000
104.720,397.4513,-3.3501,281.4546,0.2510,3.8000,-0.4500,354.1178,188.2670,0.8728,0.0000,0.0000,0.0000
104.831,397.2141,-3.3312,281.5442,0.2510,3.8000,-0.4500,354.7438,188.2818,1.8133,0.0000,0.0000,0.0000
104.942,397.0204,-3.2946,281.6257,0.2510,3.8000,-0.4500,355.2719,188.3021,2.5564,0.0000,0.0000,0.0000
105.055,396.7930,-3.2272,281.7344,0.2510,3.8000,-0.4500,355.9119,188.3355,3.3923,0.0000,0.0000,0.0000
105.164,396.6082,-3.1527,281.8354,0.2510,3.8000,-0.4500,356.4500,188.3705,4.0373,0.0000,0.0000,0.0000
105.276,396.3922,-3.0430,281.9693,0.2510,3.8000,-0.4500,357.1001,188.4206,4.7429,0.0000,0.0000,0.0000
105.387,396.2167,-2.9358,282.0905,0.2510,3.8000,-0.4500,357.6443,188.4684,5.2696,0.0000,0.0000,0.0000
105.498,396.0111,-2.7899,282.2466,0.2510,3.8000,-0.4500,358.2982,188.5320,5.8227,0.0000,0.0000,0.0000
105.609,395.8104,-2.6270,282.4125,0.2510,3.8000,-0.4500,358.9515,188.6014,6.2852,0.0000,0.0000,0.0000
105.720,395.6463,-2.4795,282.5566,0.2510,3.8000,-0.4500,359.4931,188.6626,6.6007,0.0000,0.0000,0.0000
105.833,395.4526,-2.2901,282.7337,0.2510,3.8000,-0.4500,0.1364,188.7388,6.8997,0.0000,0.0000,0.0000
105.943,395.2931,-2.1231,282.8829,0.2510,3.8000,-0.4500,0.6644,188.8036,7.0880,0.0000,0.0000,0.0000
106.053,395.1035,-1.9133,283.0623,0.2510,3.8000,-0.4500,1.2844,188.8817,7.2470,0.0000,0.0000,0.0000
106.165,394.9463,-1.7316,283.2108,0.2510,3.8000,-0.4500,1.7872,188.9460,7.3269,0.0000,0.0000,0.0000
106.276,394.7580,-1.5073,283.3864,0.2510,3.8000,-0.4500,2.3708,189.0213,7.3622,0.0000,0.0000,0.0000
106.387,394.6008,-1.3165,283.5298,0.2510,3.8000,-0.4500,2.8390,189.0818,7.3430,0.0000,0.0000,0.0000
106.501,394.4112,-1.0842,283.6971,0.2510,3.8000,-0.4500,3.3772,189.1510,7.2640,0.0000,0.0000,0.0000
106.612,394.2196,-0.8502,283.8586,0.2510,3.8000,-0.4500,3.8881,189.2157,7.1269,0.0000,0.0000,0.0000
106.723,394.0581,-0.6552,283.9879,0.2510,3.8000,-0.4500,4.2920,189.2657,6.9706,0.0000,0.0000,0.0000
106.835,393.8614,-0.4225,284.1360,0.2510,3.8000,-0.4500,4.7496,189.3210,6.7358,0.0000,0.0000,0.0000
106.947,393.6945,-0.2310,284.2521,0.2510,3.8000,-0.4500,5.1080,189.3627,6.5034,0.0000,0.0000,0.0000
107.069,393.4560,0.0317,284.4018,0.2510,3.8000,-0.4500,5.5740,189.4146,6.1266,0.0000,0.0000,0.0000
107.182,393.2818,0.2142,284.4996,0.2510,3.8000,-0.4500,5.8809,189.4469,5.8240,0.0000,0.0000,0.0000
107.288,393.1041,0.3917,284.5901,0.2510,3.8000,-0.4500,6.1663,189.4754,5.4962,0.0000,0.0000,0.0000
107.400,392.8863,0.5970,284.6895,0.2510,3.8000,-0.4500,6.4803,189.5046,5.0734,0.0000,0.0000,0.0000
107.512,392.6633,0.7929,284.7790,0.2510,3.8000,-0.4500,6.7634,189.5288,4.6224,0.0000,0.0000,0.0000
107.622,392.4735,0.9483,284.8462,0.2510,3.8000,-0.4500,6.9759,189.5454,4.2282,0.0000,0.0000,0.0000
107.734,392.2412,1.1247,284.9184,0.2510,3.8000,-0.4500,7.2027,189.5613,3.7366,0.0000,0.0000,0.0000
107.845,392.0438,1.2627,284.9718,0.2510,3.8000,-0.4500,7.3680,189.5716,3.3141,0.0000,0.0000,0.0000
107.955,391.8022,1.4170,285.0269,0.2510,3.8000,-0.4500,7.5375,189.5807,2.7952,0.0000,0.0000,0.0000
108.067,391.5968,1.5353,285.0616,0.2510,3.8000,-0.4500,7.6555,189.5861,2.3553,0.0000,0.0000,0.0000
108.180,391.3457,1.6649,285.0891,0.2510,3.8000,-0.4500,7.7823,189.5908,1.8239,0.0000,0.0000,0.0000
108.289,391.0899,1.7821,285.1021,0.2510,3.8000,-0.4500,7.9187,189.5945,1.2956,0.0000,0.0000,0.0000
108.400,390.8733,1.8711,285.1023,0.2510,3.8000,-0.4500,8.0527,189.5971,0.8625,0.0000,0.0000,0.0000
108.511,390.6100,1.9686,285.0944,0.2510,3.8000,-0.4500,8.2429,189.5991,0.3555,0.0000,0.0000,0.0000
108.622,390.3882,2.0434,285.0862,0.2510,3.8000,-0.4500,8.4262,189.5995,359.9460,0.0000,0.0000,0.0000
108.733,390.1204,2.1274,285.0794,0.2510,3.8000,-0.4500,8.6744,189.5982,359.4730,0.0000,0.0000,0.0000
108.845,389.8958,2.1937,285.0790,0.2510,3.8000,-0.4500,8.9029,189.5953,359.0961,0.0000,0.0000,0.0000
108.956,389.6253,2.2701,285.0869,0.2510,3.8000,-0.4500,9.2013,189.5894,358.6670,0.0000,0.0000,0.0000
109.067,389.3991,2.3321,285.0983,0.2510,3.8000,-0.4500,9.4684,189.5823,358.3304,0.0000,0.0000,0.0000
109.178,389.1273,2.3974,285.0597,0.2510,3.8000,-0.4500,9.8069,189.5711,357.9533,0.0000,0.0000,0.0000
109.289,388.8559,2.4514,284.9705,0.2510,3.8000,-0.4500,10.1125,189.5592,357.6492,0.0000,0.0000,0.0000
109.400,388.6293,2.4891,284.8709,0.2510,3.8000,-0.4500,10.4229,189.5455,357.3610,0.0000,0.0000,0.0000
109.511,388.3585,2.5296,284.7321,0.2510,3.8000,-0.4500,10.6332,189.5353,357.1841,0.0000,0.0000,0.0000
109.622,388.1315,2.5587,284.6161,0.2510,3.8000,-0.4500,10.9912,189.5164,356.8988,0.0000,0.0000,0.0000
109.734,387.8585,2.6077,284.5626,0.2510,3.8000,-0.4500,11.2638,189.5009,356.7020,0.0000,0.0000,0.0000
109.846,387.6290,2.6594,284.5668,0.2510,3.8000,-0.4500,11.6281,189.4787,356.4807,0.0000,0.0000,0.0000
109.957,387.3532,2.7327,284.6072,0.2510,3.8000,-0.4500,11.8520,189.4644,356.3672,0.0000,0.0000,0.0000
110.067,387.1216,2.8011,284.6561,0.2510,3.8000,-0.4500,12.2683,189.4368,356.1990,0.0000,0.0000,0.0000
110.178,386.8432,2.8908,284.7279,0.2510,3.8000,-0.4500,12.5941,189.4143,356.0954,0.0000,0.0000,0.0000
110.289,386.5639,2.9880,284.8073,0.2510,3.8000,-0.4500,12.9241,189.3909,356.0144,0.0000,0.0000,0.0000
110.401,386.3303,3.0748,284.8763,0.2510,3.8000,-0.4500,13.2690,189.3661,355.9616,0.0000,0.0000,0.0000
110.513,386.0495,3.1844,284.9614,0.2510,3.8000,-0.4500,13.5996,189.3420,355.9294,0.0000,0.0000,0.0000
110.622,385.8149,3.2808,285.0322,0.2510,3.8000,-0.4500,13.9281,189.3179,355.9225,0.0000,0.0000,0.0000
110.734,385.5332,3.4004,285.1183,0.2510,3.8000,-0.4500,14.0878,189.3062,355.9290,0.0000,0.0000,0.0000
110.845,385.2979,3.5053,285.1879,0.2510,3.8000,-0.4500,14.3332,189.2882,355.9528,0.0000,0.0000,0.0000
110.956,385.0152,3.6360,285.2697,0.2510,3.8000,-0.4500,14.5804,189.2702,355.9965,0.0000,0.0000,0.0000
111.067,384.7795,3.7477,285.3371,0.2510,3.8000,-0.4500,14.6586,189.2646,356.0133,0.0000,0.0000,0.0000
111.178,384.4965,3.8879,285.4142,0.2510,3.8000,-0.4500,14.8931,189.2478,356.0871,0.0000,0.0000,0.0000
111.289,384.2134,4.0316,285.4891,0.2510,3.8000,-0.4500,15.0441,189.2372,356.1452,0.0000,0.0000,0.0000
111.400,383.9774,4.1542,285.5502,0.2510,3.8000,-0.4500,15.1137,189.2324,356.1860,0.0000,0.0000,0.0000
111.511,383.6945,4.3040,285.6214,0.2510,3.8000,-0.4500,15.1828,189.2276,356.2281,0.0000,0.0000,0.0000
111.623,383.4587,4.4302,285.6799,0.2510,3.8000,-0.4500,15.1828,189.2276,356.2282,0.0000,0.0000,0.0000
111.734,383.1780,4.5748,285.6747,0.2510,3.8000,-0.4500,15.2961,189.2200,356.3502,0.0000,0.0000,0.0000
111.848,382.9484,4.6682,285.5659,0.2510,3.8000,-0.4500,15.2961,189.2200,356.3502,0.0000,0.0000,0.0000
111.970,382.6347,4.7732,285.3000,0.2510,3.8000,-0.4500,15.3480,189.2167,356.5056,0.0000,0.0000,0.0000
112.082,382.4155,4.8338,285.0534,0.2510,3.8000,-0.4500,15.3624,189.2158,356.6662,0.0000,0.0000,0.0000
112.192,382.1574,4.8908,284.7022,0.2510,3.8000,-0.4500,15.3503,189.2165,356.7480,0.0000,0.0000,0.0000
112.303,381.9474,4.9315,284.3691,0.2510,3.8000,-0.4500,15.2987,189.2194,356.9903,0.0000,0.0000,0.0000
112.414,381.6988,4.9701,283.9323,0.2510,3.8000,-0.4500,15.2230,189.2234,357.1426,0.0000,0.0000,0.0000
112.525,381.4975,4.9960,283.5194,0.2510,3.8000,-0.4500,15.0461,189.2321,357.4368,0.0000,0.0000,0.0000
112.636,381.2619,5.0114,282.9541,0.2510,3.8000,-0.4500,14.8807,189.2395,357.6389,0.0000,0.0000,0.0000
112.747,381.0709,5.0160,282.4346,0.2510,3.8000,-0.4500,14.6559,189.2485,357.8919,0.0000,0.0000,0.0000
112.859,380.8441,5.0163,281.7861,0.2510,3.8000,-0.4500,14.4226,189.2569,358.1266,0.0000,0.0000,0.0000
112.969,380.6170,5.0220,281.1523,0.2510,3.8000,-0.4500,14.1801,189.2645,358.3580,0.0000,0.0000,0.0000
113.081,380.4269,5.0350,280.6465,0.2510,3.8000,-0.4500,13.9284,189.2715,358.5866,0.0000,0.0000,0.0000
113.192,380.1961,5.0631,280.0859,0.2510,3.8000,-0.4500,13.5946,189.2791,358.8673,0.0000,0.0000,0.0000
113.304,379.9974,5.1053,279.7010,0.2510,3.8000,-0.4500,13.3243,189.2841,359.0774,0.0000,0.0000,0.0000
113.416,379.7510,5.1816,279.3462,0.2510,3.8000,-0.4500,12.8924,189.2901,359.3666,0.0000,0.0000,0.0000
113.525,379.5399,5.2633,279.1362,0.2510,3.8000,-0.4500,12.5139,189.2936,359.5749,0.0000,0.0000,0.0000
113.636,379.2848,5.3868,279.0238,0.2510,3.8000,-0.4500,12.0246,189.2964,359.7830,0.0000,0.0000,0.0000
113.747,379.0748,5.5073,279.0363,0.2510,3.8000,-0.4500,11.5716,189.2976,359.9197,0.0000,0.0000,0.0000
113.859,378.8273,5.6638,279.1532,0.2510,3.8000,-0.4500,10.9594,189.2977,0.0364,0.0000,0.0000,0.0000
113.970,378.5842,5.8229,279.3515,0.2510,3.8000,-0.4500,10.2671,189.2968,0.1000,0.0000,0.0000,0.0000
114.081,378.3841,5.9505,279.5609,0.2510,3.8000,-0.4500,9.6294,189.2956,0.1133,0.0000,0.0000,0.0000
114.192,378.1466,6.0913,279.8500,0.2510,3.8000,-0.4500,8.7961,189.2941,0.0848,0.0000,0.0000,0.0000
114.303,377.9501,6.1946,280.1140,0.2510,3.8000,-0.4500,8.0499,189.2933,0.0264,0.0000,0.0000,0.0000
114.415,377.7157,6.2980,280.4508,0.2510,3.8000,-0.4500,7.0994,189.2937,359.9182,0.0000,0.0000,0.0000
114.525,377.5211,6.3650,280.7445,0.2510,3.8000,-0.4500,6.2674,189.2958,359.7985,0.0000,0.0000,0.0000
114.634,377.2882,6.4204,281.1093,0.2510,3.8000,-0.4500,5.2291,189.3010,359.6214,0.0000,0.0000,0.0000
114.746,377.0946,6.4448,281.4218,0.2510,3.8000,-0.4500,4.3368,189.3083,359.4475,0.0000,0.0000,0.0000
114.857,376.8625,6.4466,281.8055,0.2510,3.8000,-0.4500,3.2419,189.3211,359.2080,0.0000,0.0000,0.0000
114.968,376.6693,6.4247,282.1286,0.2510,3.8000,-0.4500,2.3160,189.3357,358.9833,0.0000,0.0000,0.0000
115.079,376.4359,6.3698,282.4963,0.2510,3.8000,-0.4500,1.1991,189.3584,358.6848,0.0000,0.0000,0.0000
115.190,376.2000,6.2850,282.8303,0.2510,3.8000,-0.4500,0.0914,189.3869,358.3591,0.0000,0.0000,0.0000
115.301,376.0015,6.1928,283.0816,0.2510,3.8000,-0.4500,359.1873,189.4151,358.0694,0.0000,0.0000,0.0000
115.413,375.7571,6.0603,283.2940,0.2510,3.8000,-0.4500,358.1376,189.4538,357.7015,0.0000,0.0000,0.0000
115.524,375.5506,5.9384,283.3567,0.2510,3.8000,-0.4500,357.3086,189.4894,357.3841,0.0000,0.0000,0.0000
115.635,375.3045,5.7842,283.3110,0.2510,3.8000,-0.4500,356.3894,189.5345,357.0002,0.0000,0.0000,0.0000
115.747,375.1032,5.6528,283.1720,0.2510,3.8000,-0.4500,355.6924,189.5730,356.6837,0.0000,0.0000,0.0000
115.857,374.8687,5.4978,282.8741,0.2510,3.8000,-0.4500,354.9409,189.6191,356.3193,0.0000,0.0000,0.0000
115.969,374.6404,5.3481,282.4615,0.2510,3.8000,-0.4500,354.2799,189.6637,355.9841,0.0000,0.0000,0.0000
116.080,374.4540,5.2271,282.0525,0.2510,3.8000,-0.4500,353.7912,189.6993,355.7304,0.0000,0.0000,0.0000
116.191,374.2336,5.0859,281.4976,0.2510,3.8000,-0.4500,353.2684,189.7399,355.4542,0.0000,0.0000,0.0000
116.301,374.0521,4.9709,280.9955,0.2510,3.8000,-0.4500,352.8778,189.7719,355.2444,0.0000,0.0000,0.0000
116.413,373.8362,4.8365,280.3596,0.2510,3.8000,-0.4500,352.5889,189.7965,355.0862,0.0000,0.0000,0.0000
116.539,373.6214,4.7002,279.6957,0.2510,3.8000,-0.4500,352.2062,189.8305,354.8703,0.0000,0.0000,0.0000
116.650,373.4079,4.5661,279.0096,0.2510,3.8000,-0.4500,351.9872,189.8506,354.7434,0.0000,0.0000,0.0000
116.760,373.2303,4.4507,278.4277,0.2510,3.8000,-0.4500,351.6931,189.8784,354.5671,0.0000,0.0000,0.0000
116.871,373.0175,4.3111,277.7227,0.2510,3.8000,-0.4500,351.4064,189.9064,354.3864,0.0000,0.0000,0.0000
116.983,372.8405,4.1945,277.1325,0.2510,3.8000,-0.4500,351.2711,189.9199,354.2979,0.0000,0.0000,0.0000
117.093,372.6280,4.0504,276.4237,0.2510,3.8000,-0.4500,351.0666,189.9409,354.1563,0.0000,0.0000,0.0000
117.205,372.4511,3.9283,275.8336,0.2510,3.8000,-0.4500,350.9325,189.9549,354.0591,0.0000,0.0000,0.0000
117.316,372.2387,3.7790,275.1276,0.2510,3.8000,-0.4500,350.8020,189.9687,353.9593,0.0000,0.0000,0.0000
117.427,372.0616,3.6515,274.5411,0.2510,3.8000,-0.4500,350.6746,189.9825,353.8549,0.0000,0.0000,0.0000
117.538,371.8490,3.4960,273.8391,0.2510,3.8000,-0.4500,350.5522,189.9960,353.7467,0.0000,0.0000,0.0000
117.649,371.6366,3.3407,273.1390,0.2510,3.8000,-0.4500,350.5522,189.9960,353.7467,0.0000,0.0000,0.0000
117.760,371.4592,3.2059,272.5573,0.2510,3.8000,-0.4500,350.4345,190.0092,353.6264,0.0000,0.0000,0.0000
117.872,371.2466,3.0463,271.8600,0.2510,3.8000,-0.4500,350.4345,190.0092,353.6264,0.0000,0.0000,0.0000
117.983,371.0689,2.9087,271.2796,0.2510,3.8000,-0.4500,350.3387,190.0202,353.4930,0.0000,0.0000,0.0000
118.094,370.8562,2.7465,270.5832,0.2510,3.8000,-0.4500,350.3387,190.0202,353.4930,0.0000,0.0000,0.0000
118.205,370.6788,2.6106,270.0030,0.2510,3.8000,-0.4500,350.3387,190.0202,353.4930,0.0000,0.0000,0.0000
118.316,370.4658,2.4468,269.3078,0.2510,3.8000,-0.4500,350.3387,190.0202,353.4930,0.0000,0.0000,0.0000
118.427,370.2880,2.3100,268.7298,0.2510,3.8000,-0.4500,350.3387,190.0202,353.4930,0.0000,0.0000,0.0000
118.538,370.0745,2.1458,268.0373,0.2510,3.8000,-0.4500,350.3387,190.0202,353.4930,0.0000,0.0000,0.0000
118.649,369.8607,1.9818,267.3464,0.2510,3.8000,-0.4500,350.3387,190.0202,353.4930,0.0000,0.0000,0.0000
118.760,369.6824,1.8455,266.7720,0.2510,3.8000,-0.4500,350.3387,190.0202,353.4930,0.0000,0.0000,0.0000
118.871,369.4668,1.6810,266.0828,0.2510,3.8000,-0.4500,350.5790,189.9919,353.2621,0.0000,0.0000,0.0000
118.983,369.2878,1.5456,265.5214,0.2510,3.8000,-0.4500,350.6539,189.9829,353.2290,0.0000,0.0000,0.0000
119.094,369.0707,1.3805,264.8835,0.2510,3.8000,-0.4500,350.9700,189.9445,353.1305,0.0000,0.0000,0.0000
119.205,368.8888,1.2407,264.3854,0.2510,3.8000,-0.4500,351.2177,189.9143,353.1070,0.0000,0.0000,0.0000
119.315,368.6667,1.0710,263.8530,0.2510,3.8000,-0.4500,351.7251,189.8524,353.1458,0.0000,0.0000,0.0000
119.426,368.4753,0.9158,263.5312,0.2510,3.8000,-0.4500,351.8992,189.8313,353.1926,0.0000,0.0000,0.0000
119.538,368.2409,0.7135,263.3631,0.2510,3.8000,-0.4500,352.4328,189.7679,353.3923,0.0000,0.0000,0.0000
119.649,368.0073,0.4978,263.3886,0.2510,3.8000,-0.4500,352.9302,189.7110,353.6812,0.0000,0.0000,0.0000
119.761,367.8145,0.3179,263.5164,0.2510,3.8000,-0.4500,353.3327,189.6672,353.9973,0.0000,0.0000,0.0000
119.872,367.5853,0.1119,263.7599,0.2510,3.8000,-0.4500,353.8266,189.6169,354.4676,0.0000,0.0000,0.0000
119.982,367.3953,-0.0452,264.0139,0.2510,3.8000,-0.4500,354.2583,189.5766,354.9290,0.0000,0.0000,0.0000
