time_sec,world_x,world_y,world_z,local_x,local_y,local_z,world_rot_x,world_rot_y,world_rot_z,local_rot_x,local_rot_y,local_rot_z
0.000,598.8699,5.2478,250.4535,0.2510,3.8000,-0.4500,0.0000,180.0000,0.0000,0.0000,0.0000,0.0000
0.000,598.8699,5.2478,250.4535,0.2510,3.8000,-0.4500,0.0000,180.0000,0.0000,0.0000,0.0000,0.0000
0.108,598.6557,5.0566,250.4581,0.2510,3.8000,-0.4500,0.0000,180.0000,0.0000,0.0000,0.0000,0.0000
0.221,598.2777,4.7300,250.4630,0.2510,3.8000,-0.4500,0.0000,180.0000,0.0000,0.0000,0.0000,0.0000
0.346,597.7819,4.3091,250.4674,0.2510,3.8000,-0.4500,0.0000,180.0000,0.0000,0.0000,0.0000,0.0000
0.472,597.0723,3.7129,250.4719,0.2510,3.8000,-0.4500,0.0000,180.0000,0.0000,0.0000,0.0000,0.0000
0.582,596.4890,3.2258,250.4747,0.2510,3.8000,-0.4500,0.0000,180.0000,0.0000,0.0000,0.0000,0.0000
0.696,595.7152,2.5814,250.4850,0.2510,3.8000,-0.4500,0.0000,180.0000,0.0000,0.0000,0.0000,0.0000
0.805,595.0169,1.9998,250.5187,0.2510,3.8000,-0.4500,0.0000,180.0000,0.0000,0.0000,0.0000,0.0000
0.916,594.1235,1.2539,250.6044,0.2510,3.8000,-0.4500,0.0000,180.0000,0.0000,0.0000,0.0000,0.0000
1.041,593.1771,0.4615,250.7443,0.2510,3.8000,-0.4500,0.0000,180.0000,0.0000,0.0000,0.0000,0.0000
1.167,592.1979,-0.3605,250.9352,0.2510,3.8000,-0.4500,0.0000,180.0000,0.0000,0.0000,0.0000,0.0000
1.278,591.4719,-0.9974,251.1163,0.2510,3.8000,-0.4500,359.2155,180.0000,0.0035,0.0000,0.0000,0.0000
1.389,591.0431,-1.2890,251.2548,0.2510,3.8000,-0.4500,358.1479,179.9999,0.0084,0.0000,0.0000,0.0000
1.514,590.5870,-1.3997,251.4374,0.2510,3.8000,-0.4500,357.2827,179.9997,0.0123,0.0000,0.0000,0.0000
1.628,590.3179,-1.3532,251.5620,0.2510,3.8000,-0.4500,357.2827,179.9997,0.0123,0.0000,0.0000,0.0000
1.737,590.0279,-1.2579,251.7092,0.2510,3.8000,-0.4500,357.2827,179.9997,0.0122,0.0000,0.0000,0.0000
1.862,589.7577,-1.1824,251.8525,0.2510,3.8000,-0.4500,357.2827,179.9997,0.0122,0.0000,0.0000,0.0000
1.972,589.4982,-1.1574,251.9927,0.2510,3.8000,-0.4500,357.2827,179.9997,0.0122,0.0000,0.0000,0.0000
2.084,589.2867,-1.1773,252.1098,0.2510,3.8000,-0.4500,357.2827,179.9997,0.0122,0.0000,0.0000,0.0000
2.194,589.0359,-1.2382,252.2522,0.2510,3.8000,-0.4500,357.2827,179.9997,0.0122,0.0000,0.0000,0.0000
2.295,588.8287,-1.3073,252.3727,0.2510,3.8000,-0.4500,357.2827,179.9997,0.0122,0.0000,0.0000,0.0000
2.403,588.6223,-1.3824,252.4947,0.2510,3.8000,-0.4500,357.2827,179.9997,0.0122,0.0000,0.0000,0.0000
2.528,588.3753,-1.4708,252.6431,0.2510,3.8000,-0.4500,357.2827,179.9997,0.0122,0.0000,0.0000,0.0000
2.654,588.0876,-1.5641,252.8183,0.2510,3.8000,-0.4500,357.2827,179.9997,0.0122,0.0000,0.0000,0.0000
2.766,587.8822,-1.6233,252.9445,0.2510,3.8000,-0.4500,357.2827,179.9997,0.0122,0.0000,0.0000,0.0000
2.889,587.6357,-1.6880,253.0966,0.2510,3.8000,-0.4500,357.2827,179.9997,0.0122,0.0000,0.0000,0.0000
3.000,587.3893,-1.7484,253.2503,0.2510,3.8000,-0.4500,357.2827,179.9997,0.0122,0.0000,0.0000,0.0000
3.125,587.1430,-1.8074,253.4068,0.2510,3.8000,-0.4500,357.2827,179.9997,0.0122,0.0000,0.0000,0.0000
3.250,586.8969,-1.8667,253.5657,0.2510,3.8000,-0.4500,357.2827,179.9997,0.0122,0.0000,0.0000,0.0000
3.361,586.6508,-1.9269,253.7263,0.2510,3.8000,-0.4500,357.2827,179.9997,0.0122,0.0000,0.0000,0.0000
3.486,586.4047,-1.9880,253.8881,0.2510,3.8000,-0.4500,357.2827,179.9997,0.0122,0.0000,0.0000,0.0000
3.611,586.1583,-2.0495,254.0504,0.2510,3.8000,-0.4500,357.2827,179.9997,0.0122,0.0000,0.0000,0.0000
3.737,585.8705,-2.1209,254.2388,0.2510,3.8000,-0.4500,357.2827,179.9997,0.0122,0.0000,0.0000,0.0000
3.848,585.6635,-2.1709,254.3575,0.2510,3.8000,-0.4500,357.2827,179.9997,0.0122,0.0000,0.0000,0.0000
3.959,585.4119,-2.2288,254.4671,0.2510,3.8000,-0.4500,357.2827,179.9997,0.0122,0.0000,0.0000,0.0000
4.070,585.1989,-2.2768,254.5315,0.2510,3.8000,-0.4500,357.3778,179.9996,359.8760,0.0000,0.0000,0.0000
4.181,584.9414,-2.3312,254.5844,0.2510,3.8000,-0.4500,357.4287,179.9995,359.8134,0.0000,0.0000,0.0000
4.306,584.6821,-2.3838,254.6187,0.2510,3.8000,-0.4500,357.4850,179.9992,359.7524,0.0000,0.0000,0.0000
4.430,584.4216,-2.4354,254.6406,0.2510,3.8000,-0.4500,357.5978,179.9986,359.6338,0.0000,0.0000,0.0000
4.545,584.1620,-2.4841,254.6436,0.2510,3.8000,-0.4500,357.5978,179.9986,359.6338,0.0000,0.0000,0.0000
4.653,583.9125,-2.5285,254.5074,0.2510,3.8000,-0.4500,357.6642,179.9982,359.5829,0.0000,0.0000,0.0000
4.778,583.6766,-2.5665,254.1844,0.2510,3.8000,-0.4500,357.8031,179.9970,359.4900,0.0000,0.0000,0.0000
4.903,583.4515,-2.5986,253.7174,0.2510,3.8000,-0.4500,357.8031,179.9970,359.4900,0.0000,0.0000,0.0000
5.028,583.2330,-2.6264,253.1520,0.2510,3.8000,-0.4500,357.8031,179.9971,359.4900,0.0000,0.0000,0.0000
5.153,582.9832,-2.6549,252.4158,0.2510,3.8000,-0.4500,357.8031,179.9971,359.4900,0.0000,0.0000,0.0000
5.278,582.7711,-2.6766,251.7464,0.2510,3.8000,-0.4500,357.8031,179.9971,359.4900,0.0000,0.0000,0.0000
5.378,582.5954,-2.6930,251.1729,0.2510,3.8000,-0.4500,357.8031,179.9971,359.4900,0.0000,0.0000,0.0000
5.486,582.4205,-2.7080,250.5904,0.2510,3.8000,-0.4500,357.8031,179.9971,359.4900,0.0000,0.0000,0.0000
5.611,582.2113,-2.7242,249.8842,0.2510,3.8000,-0.4500,357.8031,179.9971,359.4900,0.0000,0.0000,0.0000
5.723,582.0027,-2.7383,249.1733,0.2510,3.8000,-0.4500,357.8031,179.9971,359.4900,0.0000,0.0000,0.0000
5.834,581.7949,-2.7482,248.4587,0.2510,3.8000,-0.4500,357.9598,179.9958,359.5273,0.0000,0.0000,0.0000
5.947,581.6217,-2.7564,247.8629,0.2510,3.8000,-0.4500,357.9598,179.9958,359.5273,0.0000,0.0000,0.0000
6.056,581.4145,-2.7640,247.1470,0.2510,3.8000,-0.4500,357.9598,179.9958,359.5273,0.0000,0.0000,0.0000
6.167,581.2428,-2.7656,246.5492,0.2510,3.8000,-0.4500,358.1035,179.9947,359.6166,0.0000,0.0000,0.0000
6.292,581.0024,-2.7674,245.7127,0.2510,3.8000,-0.4500,358.1725,179.9943,359.6617,0.0000,0.0000,0.0000
6.417,580.7944,-2.7662,245.0369,0.2510,3.8000,-0.4500,358.2326,179.9939,359.7160,0.0000,0.0000,0.0000
6.542,580.5758,-2.7634,244.5349,0.2510,3.8000,-0.4500,358.3496,179.9935,359.8297,0.0000,0.0000,0.0000
6.667,580.3426,-2.7607,244.2502,0.2510,3.8000,-0.4500,358.4615,179.9932,359.9486,0.0000,0.0000,0.0000
6.780,580.1042,-2.7533,244.1506,0.2510,3.8000,-0.4500,358.6934,179.9935,0.1902,0.0000,0.0000,0.0000
6.890,579.9050,-2.7464,244.1725,0.2510,3.8000,-0.4500,358.8089,179.9940,0.3028,0.0000,0.0000,0.0000
7.001,579.6683,-2.7305,244.2847,0.2510,3.8000,-0.4500,359.0588,179.9958,0.5264,0.0000,0.0000,0.0000
7.112,579.4722,-2.7140,244.4267,0.2510,3.8000,-0.4500,359.1817,179.9971,0.6289,0.0000,0.0000,0.0000
7.225,579.2392,-2.6858,244.6337,0.2510,3.8000,-0.4500,359.3793,179.9995,0.7839,0.0000,0.0000,0.0000
7.336,579.0085,-2.6464,244.8652,0.2510,3.8000,-0.4500,359.7126,180.0048,1.0338,0.0000,0.0000,0.0000
7.445,578.8172,-2.6099,245.0809,0.2510,3.8000,-0.4500,359.8468,180.0074,1.1296,0.0000,0.0000,0.0000
7.569,578.5914,-2.5568,245.3740,0.2510,3.8000,-0.4500,0.0521,180.0117,1.2743,0.0000,0.0000,0.0000
7.681,578.3695,-2.4931,245.6988,0.2510,3.8000,-0.4500,0.3313,180.0184,1.4679,0.0000,0.0000,0.0000
7.794,578.1501,-2.4203,246.0465,0.2510,3.8000,-0.4500,0.6019,180.0257,1.6534,0.0000,0.0000,0.0000
7.903,577.9682,-2.3559,246.3493,0.2510,3.8000,-0.4500,0.6696,180.0277,1.6996,0.0000,0.0000,0.0000
8.014,577.7529,-2.2654,246.7199,0.2510,3.8000,-0.4500,1.0255,180.0390,1.9426,0.0000,0.0000,0.0000
8.139,577.5387,-2.1698,247.0978,0.2510,3.8000,-0.4500,1.2322,180.0463,2.0849,0.0000,0.0000,0.0000
8.264,577.3254,-2.0681,247.4797,0.2510,3.8000,-0.4500,1.3688,180.0514,2.1798,0.0000,0.0000,0.0000
8.389,577.1130,-1.9598,247.8635,0.2510,3.8000,-0.4500,1.5038,180.0566,2.2743,0.0000,0.0000,0.0000
8.514,576.8674,-1.8236,248.3116,0.2510,3.8000,-0.4500,1.7794,180.0681,2.4713,0.0000,0.0000,0.0000
8.639,576.6567,-1.7062,248.6978,0.2510,3.8000,-0.4500,1.7794,180.0681,2.4713,0.0000,0.0000,0.0000
8.764,576.4476,-1.5819,249.0830,0.2510,3.8000,-0.4500,1.9128,180.0739,2.5700,0.0000,0.0000,0.0000
8.888,576.2391,-1.4544,249.4684,0.2510,3.8000,-0.4500,2.0429,180.0798,2.6690,0.0000,0.0000,0.0000
9.000,576.0307,-1.3271,249.8600,0.2510,3.8000,-0.4500,2.0429,180.0798,2.6690,0.0000,0.0000,0.0000
9.125,575.8234,-1.1981,250.2606,0.2510,3.8000,-0.4500,2.0429,180.0799,2.6690,0.0000,0.0000,0.0000
9.250,575.6168,-1.0682,250.6694,0.2510,3.8000,-0.4500,2.0429,180.0799,2.6690,0.0000,0.0000,0.0000
9.364,575.4109,-0.9385,251.0845,0.2510,3.8000,-0.4500,2.0429,180.0799,2.6690,0.0000,0.0000,0.0000
9.475,575.2053,-0.8100,251.5040,0.2510,3.8000,-0.4500,2.0429,180.0799,2.6690,0.0000,0.0000,0.0000
9.583,575.0338,-0.7045,251.8559,0.2510,3.8000,-0.4500,2.0429,180.0799,2.6690,0.0000,0.0000,0.0000
9.708,574.8278,-0.5808,252.2802,0.2510,3.8000,-0.4500,2.0429,180.0799,2.6690,0.0000,0.0000,0.0000
9.820,574.6218,-0.4611,252.7061,0.2510,3.8000,-0.4500,2.0429,180.0798,2.6690,0.0000,0.0000,0.0000
9.945,574.4146,-0.3462,253.1230,0.2510,3.8000,-0.4500,2.0429,180.0798,2.6690,0.0000,0.0000,0.0000
10.055,574.2038,-0.2379,253.5013,0.2510,3.8000,-0.4500,2.0429,180.0798,2.6690,0.0000,0.0000,0.0000
10.180,573.9893,-0.1367,253.8368,0.2510,3.8000,-0.4500,2.0429,180.0798,2.6690,0.0000,0.0000,0.0000
10.292,573.7717,-0.0428,254.1375,0.2510,3.8000,-0.4500,2.0429,180.0798,2.6690,0.0000,0.0000,0.0000
10.416,573.5512,0.0440,254.4135,0.2510,3.8000,-0.4500,2.0429,180.0798,2.6690,0.0000,0.0000,0.0000
10.527,573.3658,0.1110,254.6309,0.2510,3.8000,-0.4500,2.0429,180.0798,2.6690,0.0000,0.0000,0.0000
10.652,573.1035,0.1939,254.9241,0.2510,3.8000,-0.4500,1.9055,180.0735,2.5760,0.0000,0.0000,0.0000
10.754,572.9146,0.2466,255.1284,0.2510,3.8000,-0.4500,1.7695,180.0676,2.4801,0.0000,0.0000,0.0000
10.865,572.7242,0.2929,255.3304,0.2510,3.8000,-0.4500,1.5711,180.0592,2.3174,0.0000,0.0000,0.0000
10.976,572.4949,0.3444,255.5693,0.2510,3.8000,-0.4500,1.4477,180.0544,2.2065,0.0000,0.0000,0.0000
11.087,572.3023,0.3800,255.7675,0.2510,3.8000,-0.4500,1.2644,180.0476,2.0231,0.0000,0.0000,0.0000
11.198,572.0705,0.4192,256.0032,0.2510,3.8000,-0.4500,1.1503,180.0437,1.9038,0.0000,0.0000,0.0000
11.309,571.8763,0.4461,256.1989,0.2510,3.8000,-0.4500,1.0414,180.0402,1.7671,0.0000,0.0000,0.0000
11.420,571.6416,0.4720,256.4267,0.2510,3.8000,-0.4500,0.8866,180.0357,1.5633,0.0000,0.0000,0.0000
11.529,571.4431,0.4894,256.5195,0.2510,3.8000,-0.4500,0.7986,180.0334,1.4195,0.0000,0.0000,0.0000
11.653,571.1719,0.5073,256.3812,0.2510,3.8000,-0.4500,0.7152,180.0314,1.2759,0.0000,0.0000,0.0000
11.763,570.9832,0.5111,256.1216,0.2510,3.8000,-0.4500,0.5782,180.0287,0.9729,0.0000,0.0000,0.0000
11.875,570.7641,0.5183,255.6850,0.2510,3.8000,-0.4500,0.5782,180.0287,0.9729,0.0000,0.0000,0.0000
11.975,570.5831,0.5160,255.2515,0.2510,3.8000,-0.4500,0.4932,180.0274,0.7401,0.0000,0.0000,0.0000
12.083,570.4041,0.5122,254.7759,0.2510,3.8000,-0.4500,0.4402,180.0268,0.5864,0.0000,0.0000,0.0000
12.208,570.1901,0.5029,254.1697,0.2510,3.8000,-0.4500,0.3678,180.0262,0.3489,0.0000,0.0000,0.0000
12.308,570.0135,0.4959,253.6454,0.2510,3.8000,-0.4500,0.3678,180.0262,0.3489,0.0000,0.0000,0.0000
12.416,569.7997,0.4775,253.0027,0.2510,3.8000,-0.4500,0.2775,180.0260,0.0206,0.0000,0.0000,0.0000
12.528,569.6234,0.4646,252.4535,0.2510,3.8000,-0.4500,0.2775,180.0260,0.0206,0.0000,0.0000,0.0000
12.653,569.3754,0.4356,251.6632,0.2510,3.8000,-0.4500,0.1960,180.0262,359.6937,0.0000,0.0000,0.0000
12.777,569.1635,0.4092,250.9697,0.2510,3.8000,-0.4500,0.1584,180.0264,359.5330,0.0000,0.0000,0.0000
12.888,568.9874,0.3854,250.3839,0.2510,3.8000,-0.4500,0.1400,180.0266,359.4533,0.0000,0.0000,0.0000
13.013,568.7398,0.3454,249.5563,0.2510,3.8000,-0.4500,0.0865,180.0272,359.2105,0.0000,0.0000,0.0000
13.138,568.5274,0.3084,248.8424,0.2510,3.8000,-0.4500,0.0524,180.0277,359.0486,0.0000,0.0000,0.0000
13.263,568.3153,0.2698,248.1260,0.2510,3.8000,-0.4500,0.0356,180.0280,358.9687,0.0000,0.0000,0.0000
13.374,568.1023,0.2266,247.4082,0.2510,3.8000,-0.4500,0.0025,180.0286,358.8064,0.0000,0.0000,0.0000
13.486,567.9246,0.1893,246.8093,0.2510,3.8000,-0.4500,359.9859,180.0290,358.7235,0.0000,0.0000,0.0000
13.611,567.7108,0.1410,246.0903,0.2510,3.8000,-0.4500,359.9530,180.0298,358.5591,0.0000,0.0000,0.0000
13.735,567.4617,0.0837,245.2542,0.2510,3.8000,-0.4500,359.9373,180.0302,358.4808,0.0000,0.0000,0.0000
13.847,567.2828,0.0404,244.6701,0.2510,3.8000,-0.4500,359.9215,180.0306,358.4021,0.0000,0.0000,0.0000
13.972,567.0299,-0.0251,243.8799,0.2510,3.8000,-0.4500,359.8710,180.0322,358.1600,0.0000,0.0000,0.0000
14.085,566.8493,-0.0700,243.3324,0.2510,3.8000,-0.4500,359.8710,180.0322,358.1600,0.0000,0.0000,0.0000
14.194,566.6312,-0.1252,242.6900,0.2510,3.8000,-0.4500,359.8710,180.0322,358.1600,0.0000,0.0000,0.0000
14.305,566.4487,-0.1720,242.1633,0.2510,3.8000,-0.4500,359.8710,180.0322,358.1600,0.0000,0.0000,0.0000
14.418,566.2290,-0.2289,241.5384,0.2510,3.8000,-0.4500,359.8710,180.0322,358.1600,0.0000,0.0000,0.0000
14.527,566.0457,-0.2782,241.0218,0.2510,3.8000,-0.4500,359.8484,180.0329,358.0813,0.0000,0.0000,0.0000
14.638,565.8257,-0.3353,240.4048,0.2510,3.8000,-0.4500,359.8484,180.0329,358.0813,0.0000,0.0000,0.0000
14.763,565.6059,-0.3920,239.7899,0.2510,3.8000,-0.4500,359.8484,180.0329,358.0813,0.0000,0.0000,0.0000
14.888,565.3858,-0.4479,239.1763,0.2510,3.8000,-0.4500,359.8484,180.0329,358.0813,0.0000,0.0000,0.0000
15.013,565.1273,-0.5118,238.4922,0.2510,3.8000,-0.4500,359.8484,180.0329,358.0813,0.0000,0.0000,0.0000
15.125,564.9382,-0.5569,238.0745,0.2510,3.8000,-0.4500,359.8484,180.0329,358.0813,0.0000,0.0000,0.0000
15.235,564.7051,-0.6106,237.6660,0.2510,3.8000,-0.4500,359.8484,180.0329,358.0813,0.0000,0.0000,0.0000
15.346,564.5061,-0.6549,237.3933,0.2510,3.8000,-0.4500,359.8484,180.0329,358.0813,0.0000,0.0000,0.0000
15.471,564.2632,-0.7073,237.1270,0.2510,3.8000,-0.4500,359.8484,180.0329,358.0813,0.0000,0.0000,0.0000
15.582,564.0173,-0.7585,236.9073,0.2510,3.8000,-0.4500,359.8484,180.0329,358.0813,0.0000,0.0000,0.0000
15.707,563.7695,-0.8082,236.7176,0.2510,3.8000,-0.4500,359.8484,180.0329,358.0813,0.0000,0.0000,0.0000
15.833,563.4793,-0.8640,236.5196,0.2510,3.8000,-0.4500,359.8484,180.0329,358.0813,0.0000,0.0000,0.0000
15.943,563.2723,-0.9022,236.3892,0.2510,3.8000,-0.4500,359.6241,180.0403,358.1804,0.0000,0.0000,0.0000
16.068,563.0230,-0.9458,236.2379,0.2510,3.8000,-0.4500,359.5560,180.0424,358.2224,0.0000,0.0000,0.0000
16.193,562.7330,-0.9929,236.0683,0.2510,3.8000,-0.4500,359.3564,180.0483,358.3782,0.0000,0.0000,0.0000
16.318,562.4848,-1.0308,235.9261,0.2510,3.8000,-0.4500,359.2405,180.0515,358.4910,0.0000,0.0000,0.0000
16.443,562.2369,-1.0654,235.7868,0.2510,3.8000,-0.4500,359.0757,180.0556,358.6759,0.0000,0.0000,0.0000
16.568,561.9891,-1.0983,235.6492,0.2510,3.8000,-0.4500,358.9757,180.0578,358.7996,0.0000,0.0000,0.0000
16.693,561.7007,-1.1338,235.4907,0.2510,3.8000,-0.4500,358.8799,180.0597,358.9312,0.0000,0.0000,0.0000
16.804,561.4950,-1.1560,235.3857,0.2510,3.8000,-0.4500,358.7390,180.0621,359.1391,0.0000,0.0000,0.0000
16.929,561.2451,-1.1827,235.2919,0.2510,3.8000,-0.4500,358.6483,180.0633,359.2806,0.0000,0.0000,0.0000
17.054,560.9501,-1.2133,235.2347,0.2510,3.8000,-0.4500,358.5591,180.0643,359.4219,0.0000,0.0000,0.0000
17.165,560.7389,-1.2342,235.2250,0.2510,3.8000,-0.4500,358.4700,180.0651,359.5644,0.0000,0.0000,0.0000
17.290,560.4850,-1.2590,235.2349,0.2510,3.8000,-0.4500,358.3835,180.0656,359.7027,0.0000,0.0000,0.0000
17.415,560.1897,-1.2865,235.2663,0.2510,3.8000,-0.4500,358.2512,180.0661,359.9117,0.0000,0.0000,0.0000
17.540,559.9374,-1.3096,235.3056,0.2510,3.8000,-0.4500,358.1584,180.0661,0.0550,0.0000,0.0000,0.0000
17.666,559.6853,-1.3328,235.3534,0.2510,3.8000,-0.4500,358.1123,180.0660,0.1258,0.0000,0.0000,0.0000
17.791,559.4348,-1.3544,235.4080,0.2510,3.8000,-0.4500,358.0214,180.0657,0.2631,0.0000,0.0000,0.0000
17.915,559.1432,-1.3791,235.4771,0.2510,3.8000,-0.4500,357.9306,180.0652,0.3981,0.0000,0.0000,0.0000
18.040,558.8940,-1.3992,235.5398,0.2510,3.8000,-0.4500,357.8390,180.0645,0.5318,0.0000,0.0000,0.0000
18.140,558.6862,-1.4160,235.5936,0.2510,3.8000,-0.4500,357.7934,180.0640,0.5976,0.0000,0.0000,0.0000
18.249,558.4788,-1.4323,235.6486,0.2510,3.8000,-0.4500,357.7464,180.0635,0.6649,0.0000,0.0000,0.0000
18.373,558.1898,-1.4531,235.7278,0.2510,3.8000,-0.4500,357.6019,180.0616,0.8704,0.0000,0.0000,0.0000
18.474,557.9828,-1.4692,235.7849,0.2510,3.8000,-0.4500,357.6019,180.0616,0.8704,0.0000,0.0000,0.0000
18.584,557.7761,-1.4849,235.8428,0.2510,3.8000,-0.4500,357.6019,180.0616,0.8704,0.0000,0.0000,0.0000
18.706,557.5290,-1.5015,235.9138,0.2510,3.8000,-0.4500,357.5074,180.0600,1.0053,0.0000,0.0000,0.0000
18.818,557.2813,-1.5192,235.9852,0.2510,3.8000,-0.4500,357.5074,180.0600,1.0053,0.0000,0.0000,0.0000
18.929,557.0756,-1.5327,236.0456,0.2510,3.8000,-0.4500,357.4617,180.0592,1.0726,0.0000,0.0000,0.0000
19.054,556.7872,-1.5519,236.1291,0.2510,3.8000,-0.4500,357.4617,180.0592,1.0726,0.0000,0.0000,0.0000
19.179,556.5405,-1.5666,236.1994,0.2510,3.8000,-0.4500,357.4173,180.0583,1.1419,0.0000,0.0000,0.0000
19.304,556.2933,-1.5813,236.2681,0.2510,3.8000,-0.4500,357.4173,180.0583,1.1419,0.0000,0.0000,0.0000
19.429,556.0461,-1.5952,236.3358,0.2510,3.8000,-0.4500,357.4173,180.0583,1.1419,0.0000,0.0000,0.0000
19.554,555.7582,-1.6092,236.4142,0.2510,3.8000,-0.4500,357.3788,180.0575,1.2139,0.0000,0.0000,0.0000
19.679,555.5112,-1.6209,236.4811,0.2510,3.8000,-0.4500,357.3788,180.0575,1.2139,0.0000,0.0000,0.0000
19.804,555.2644,-1.6315,236.5478,0.2510,3.8000,-0.4500,357.3788,180.0575,1.2139,0.0000,0.0000,0.0000
19.929,555.0178,-1.6410,236.6142,0.2510,3.8000,-0.4500,357.3788,180.0575,1.2139,0.0000,0.0000,0.0000
20.054,554.7303,-1.6504,236.6915,0.2510,3.8000,-0.4500,357.3788,180.0575,1.2139,0.0000,0.0000,0.0000
20.165,554.5249,-1.6560,236.7466,0.2510,3.8000,-0.4500,357.3788,180.0575,1.2139,0.0000,0.0000,0.0000
20.290,554.2784,-1.6614,236.8124,0.2510,3.8000,-0.4500,357.3788,180.0575,1.2139,0.0000,0.0000,0.0000
20.401,554.0318,-1.6653,236.8777,0.2510,3.8000,-0.4500,357.3788,180.0575,1.2139,0.0000,0.0000,0.0000
20.526,553.7845,-1.6674,236.9395,0.2510,3.8000,-0.4500,357.3788,180.0575,1.2139,0.0000,0.0000,0.0000
20.626,553.5782,-1.6678,236.9874,0.2510,3.8000,-0.4500,357.3788,180.0575,1.2139,0.0000,0.0000,0.0000
20.735,553.3303,-1.6665,237.0410,0.2510,3.8000,-0.4500,357.3788,180.0575,1.2139,0.0000,0.0000,0.0000
20.860,553.0824,-1.6632,237.0915,0.2510,3.8000,-0.4500,357.3788,180.0575,1.2139,0.0000,0.0000,0.0000
20.970,552.8768,-1.6546,237.1310,0.2510,3.8000,-0.4500,357.5615,180.0617,1.3890,0.0000,0.0000,0.0000
21.095,552.5875,-1.6467,237.1875,0.2510,3.8000,-0.4500,357.5615,180.0617,1.3890,0.0000,0.0000,0.0000
21.220,552.3403,-1.6354,237.2343,0.2510,3.8000,-0.4500,357.7041,180.0652,1.4624,0.0000,0.0000,0.0000
21.345,552.0927,-1.6226,237.2807,0.2510,3.8000,-0.4500,357.8646,180.0694,1.5100,0.0000,0.0000,0.0000
21.470,551.8448,-1.6091,237.3276,0.2510,3.8000,-0.4500,357.9442,180.0715,1.5313,0.0000,0.0000,0.0000
21.595,551.5554,-1.5897,237.3813,0.2510,3.8000,-0.4500,358.1956,180.0783,1.5541,0.0000,0.0000,0.0000
21.720,551.3065,-1.5724,237.4280,0.2510,3.8000,-0.4500,358.2796,180.0806,1.5583,0.0000,0.0000,0.0000
21.845,551.0577,-1.5528,237.4738,0.2510,3.8000,-0.4500,358.4453,180.0851,1.5521,0.0000,0.0000,0.0000
21.956,550.8085,-1.5308,237.5179,0.2510,3.8000,-0.4500,358.7774,180.0940,1.5148,0.0000,0.0000,0.0000
22.081,550.5592,-1.5087,237.5625,0.2510,3.8000,-0.4500,358.8572,180.0961,1.4991,0.0000,0.0000,0.0000
22.195,550.3091,-1.4841,237.6044,0.2510,3.8000,-0.4500,359.1916,180.1046,1.4198,0.0000,0.0000,0.0000
22.303,550.1011,-1.4635,237.6397,0.2510,3.8000,-0.4500,359.1916,180.1046,1.4198,0.0000,0.0000,0.0000
22.428,549.8510,-1.4369,237.6792,0.2510,3.8000,-0.4500,359.4336,180.1104,1.3460,0.0000,0.0000,0.0000
22.553,549.5587,-1.4047,237.7234,0.2510,3.8000,-0.4500,359.5873,180.1140,1.2939,0.0000,0.0000,0.0000
22.653,549.3490,-1.3807,237.7524,0.2510,3.8000,-0.4500,359.8184,180.1190,1.2061,0.0000,0.0000,0.0000
22.762,549.1391,-1.3562,237.7802,0.2510,3.8000,-0.4500,359.9685,180.1221,1.1451,0.0000,0.0000,0.0000
22.875,548.8865,-1.3261,237.8115,0.2510,3.8000,-0.4500,0.1245,180.1252,1.0755,0.0000,0.0000,0.0000
23.001,548.6336,-1.2952,237.8403,0.2510,3.8000,-0.4500,0.2768,180.1279,1.0061,0.0000,0.0000,0.0000
23.104,548.4223,-1.2690,237.8622,0.2510,3.8000,-0.4500,0.4295,180.1305,0.9303,0.0000,0.0000,0.0000
23.205,548.2107,-1.2425,237.8822,0.2510,3.8000,-0.4500,0.5784,180.1328,0.8551,0.0000,0.0000,0.0000
23.331,547.9562,-1.2103,237.9041,0.2510,3.8000,-0.4500,0.7257,180.1349,0.7755,0.0000,0.0000,0.0000
23.431,547.7442,-1.1831,237.9207,0.2510,3.8000,-0.4500,0.7981,180.1359,0.7353,0.0000,0.0000,0.0000
23.539,547.4884,-1.1503,237.9375,0.2510,3.8000,-0.4500,1.0132,180.1384,0.6134,0.0000,0.0000,0.0000
23.664,547.2328,-1.1168,237.9529,0.2510,3.8000,-0.4500,1.0132,180.1384,0.6134,0.0000,0.0000,0.0000
23.790,546.9763,-1.0833,237.9652,0.2510,3.8000,-0.4500,1.1566,180.1398,0.5289,0.0000,0.0000,0.0000
23.914,546.6763,-1.0438,237.9765,0.2510,3.8000,-0.4500,1.3691,180.1416,0.4026,0.0000,0.0000,0.0000
24.039,546.4195,-1.0089,237.9851,0.2510,3.8000,-0.4500,1.3691,180.1416,0.4026,0.0000,0.0000,0.0000
24.164,546.1616,-0.9737,237.9908,0.2510,3.8000,-0.4500,1.5815,180.1428,0.2820,0.0000,0.0000,0.0000
24.290,545.9038,-0.9373,237.9961,0.2510,3.8000,-0.4500,1.5815,180.1428,0.2820,0.0000,0.0000,0.0000
24.415,545.6028,-0.8936,238.0004,0.2510,3.8000,-0.4500,1.6543,180.1432,0.2477,0.0000,0.0000,0.0000
24.525,545.3876,-0.8616,238.0023,0.2510,3.8000,-0.4500,1.7259,180.1434,0.2160,0.0000,0.0000,0.0000
24.651,545.1295,-0.8224,238.0044,0.2510,3.8000,-0.4500,1.7259,180.1434,0.2160,0.0000,0.0000,0.0000
24.761,544.8713,-0.7829,238.0058,0.2510,3.8000,-0.4500,1.7259,180.1434,0.2160,0.0000,0.0000,0.0000
24.873,544.6129,-0.7435,238.0063,0.2510,3.8000,-0.4500,1.8011,180.1437,0.1842,0.0000,0.0000,0.0000
24.983,544.3974,-0.7111,238.0067,0.2510,3.8000,-0.4500,1.8012,180.1437,0.1842,0.0000,0.0000,0.0000
25.108,544.1382,-0.6732,238.0058,0.2510,3.8000,-0.4500,1.9495,180.1441,0.1086,0.0000,0.0000,0.0000
25.219,543.8793,-0.6366,238.0055,0.2510,3.8000,-0.4500,1.9495,180.1441,0.1086,0.0000,0.0000,0.0000
25.344,543.6196,-0.6020,238.0045,0.2510,3.8000,-0.4500,2.0147,180.1442,0.0594,0.0000,0.0000,0.0000
25.469,543.3596,-0.5697,238.0034,0.2510,3.8000,-0.4500,2.0746,180.1442,0.0023,0.0000,0.0000,0.0000
25.594,543.0554,-0.5356,238.0016,0.2510,3.8000,-0.4500,2.1824,180.1441,359.8773,0.0000,0.0000,0.0000
25.708,542.8380,-0.5131,238.0006,0.2510,3.8000,-0.4500,2.2330,180.1440,359.8157,0.0000,0.0000,0.0000
25.817,542.5773,-0.4877,238.0004,0.2510,3.8000,-0.4500,2.2330,180.1440,359.8157,0.0000,0.0000,0.0000
25.928,542.3593,-0.4696,238.0003,0.2510,3.8000,-0.4500,2.2696,180.1438,359.7441,0.0000,0.0000,0.0000
26.053,542.0538,-0.4474,238.0014,0.2510,3.8000,-0.4500,2.3023,180.1437,359.6700,0.0000,0.0000,0.0000
26.178,541.7905,-0.4343,238.0034,0.2510,3.8000,-0.4500,2.3788,180.1431,359.4270,0.0000,0.0000,0.0000
26.302,541.5286,-0.4204,238.0083,0.2510,3.8000,-0.4500,2.3788,180.1431,359.4270,0.0000,0.0000,0.0000
26.428,541.2661,-0.4107,238.0152,0.2510,3.8000,-0.4500,2.3941,180.1429,359.3474,0.0000,0.0000,0.0000
26.553,540.9589,-0.4042,238.0266,0.2510,3.8000,-0.4500,2.4174,180.1426,359.1828,0.0000,0.0000,0.0000
26.664,540.7390,-0.4028,238.0369,0.2510,3.8000,-0.4500,2.4284,180.1424,359.0141,0.0000,0.0000,0.0000
26.789,540.4760,-0.4001,238.0519,0.2510,3.8000,-0.4500,2.4284,180.1424,359.0141,0.0000,0.0000,0.0000
26.914,540.1682,-0.4030,238.0731,0.2510,3.8000,-0.4500,2.4307,180.1424,358.8460,0.0000,0.0000,0.0000
27.039,539.9039,-0.4086,238.0943,0.2510,3.8000,-0.4500,2.4259,180.1425,358.6782,0.0000,0.0000,0.0000
27.164,539.6399,-0.4148,238.1189,0.2510,3.8000,-0.4500,2.4231,180.1425,358.5966,0.0000,0.0000,0.0000
27.275,539.3764,-0.4216,238.1465,0.2510,3.8000,-0.4500,2.4231,180.1425,358.5967,0.0000,0.0000,0.0000
27.400,539.1119,-0.4334,238.1761,0.2510,3.8000,-0.4500,2.4086,180.1429,358.4284,0.0000,0.0000,0.0000
27.525,538.8482,-0.4453,238.2084,0.2510,3.8000,-0.4500,2.4012,180.1431,358.3470,0.0000,0.0000,0.0000
27.650,538.5849,-0.4573,238.2433,0.2510,3.8000,-0.4500,2.4012,180.1431,358.3470,0.0000,0.0000,0.0000
27.762,538.3215,-0.4706,238.2796,0.2510,3.8000,-0.4500,2.4012,180.1431,358.3470,0.0000,0.0000,0.0000
27.872,538.0569,-0.4883,238.3175,0.2510,3.8000,-0.4500,2.3785,180.1438,358.1851,0.0000,0.0000,0.0000
27.983,537.8374,-0.5012,238.3503,0.2510,3.8000,-0.4500,2.3785,180.1438,358.1851,0.0000,0.0000,0.0000
28.094,537.5739,-0.5175,238.3912,0.2510,3.8000,-0.4500,2.3785,180.1438,358.1851,0.0000,0.0000,0.0000
28.219,537.3105,-0.5346,238.4329,0.2510,3.8000,-0.4500,2.3785,180.1438,358.1851,0.0000,0.0000,0.0000
28.344,537.0468,-0.5522,238.4751,0.2510,3.8000,-0.4500,2.3785,180.1438,358.1851,0.0000,0.0000,0.0000
28.470,536.7828,-0.5704,238.5176,0.2510,3.8000,-0.4500,2.3785,180.1438,358.1851,0.0000,0.0000,0.0000
28.594,536.4750,-0.5920,238.5675,0.2510,3.8000,-0.4500,2.3785,180.1438,358.1851,0.0000,0.0000,0.0000
28.719,536.2111,-0.6108,238.6104,0.2510,3.8000,-0.4500,2.3785,180.1438,358.1851,0.0000,0.0000,0.0000
28.844,535.9486,-0.6294,238.6661,0.2510,3.8000,-0.4500,2.3785,180.1438,358.1851,0.0000,0.0000,0.0000
28.969,535.6943,-0.6450,238.8178,0.2510,3.8000,-0.4500,2.3785,180.1438,358.1851,0.0000,0.0000,0.0000
29.094,535.4097,-0.6571,239.1497,0.2510,3.8000,-0.4500,2.3785,180.1438,358.1851,0.0000,0.0000,0.0000
29.205,535.2123,-0.6624,239.4675,0.2510,3.8000,-0.4500,2.3785,180.1438,358.1851,0.0000,0.0000,0.0000
29.316,534.9796,-0.6660,239.9112,0.2510,3.8000,-0.4500,2.3785,180.1438,358.1851,0.0000,0.0000,0.0000
29.441,534.7501,-0.6677,240.4002,0.2510,3.8000,-0.4500,2.3785,180.1438,358.1851,0.0000,0.0000,0.0000
29.566,534.5224,-0.6682,240.9169,0.2510,3.8000,-0.4500,2.3785,180.1438,358.1851,0.0000,0.0000,0.0000
29.691,534.2960,-0.6684,241.4493,0.2510,3.8000,-0.4500,2.3785,180.1438,358.1851,0.0000,0.0000,0.0000
29.792,534.1078,-0.6684,241.9001,0.2510,3.8000,-0.4500,2.3785,180.1438,358.1851,0.0000,0.0000,0.0000
29.900,533.8823,-0.6686,242.4458,0.2510,3.8000,-0.4500,2.3785,180.1439,358.1851,0.0000,0.0000,0.0000
30.024,533.6570,-0.6692,242.9948,0.2510,3.8000,-0.4500,2.3785,180.1439,358.1851,0.0000,0.0000,0.0000
30.151,533.4315,-0.6717,243.5459,0.2510,3.8000,-0.4500,2.3424,180.1450,358.1134,0.0000,0.0000,0.0000
30.263,533.2062,-0.6731,244.0978,0.2510,3.8000,-0.4500,2.3424,180.1450,358.1134,0.0000,0.0000,0.0000
30.372,532.9810,-0.6750,244.6503,0.2510,3.8000,-0.4500,2.3424,180.1451,358.1134,0.0000,0.0000,0.0000
30.497,532.7560,-0.6775,245.2032,0.2510,3.8000,-0.4500,2.3424,180.1450,358.1134,0.0000,0.0000,0.0000
30.622,532.5309,-0.6806,245.7562,0.2510,3.8000,-0.4500,2.3424,180.1450,358.1134,0.0000,0.0000,0.0000
30.747,532.3054,-0.6858,246.3097,0.2510,3.8000,-0.4500,2.3061,180.1462,358.0408,0.0000,0.0000,0.0000
30.872,532.0427,-0.6908,246.9553,0.2510,3.8000,-0.4500,2.3061,180.1462,358.0408,0.0000,0.0000,0.0000
30.983,531.8550,-0.6949,247.4165,0.2510,3.8000,-0.4500,2.3061,180.1462,358.0408,0.0000,0.0000,0.0000
31.108,531.6290,-0.7021,247.9703,0.2510,3.8000,-0.4500,2.2726,180.1474,357.9656,0.0000,0.0000,0.0000
31.233,531.3658,-0.7108,248.6165,0.2510,3.8000,-0.4500,2.2397,180.1486,357.8912,0.0000,0.0000,0.0000
31.344,531.1782,-0.7164,249.0780,0.2510,3.8000,-0.4500,2.2397,180.1486,357.8912,0.0000,0.0000,0.0000
31.469,530.9528,-0.7236,249.6319,0.2510,3.8000,-0.4500,2.2397,180.1486,357.8912,0.0000,0.0000,0.0000
31.594,530.6899,-0.7325,250.2798,0.2510,3.8000,-0.4500,2.2397,180.1486,357.8912,0.0000,0.0000,0.0000
31.719,530.4647,-0.7403,250.8401,0.2510,3.8000,-0.4500,2.2397,180.1486,357.8912,0.0000,0.0000,0.0000
31.844,530.2396,-0.7481,251.4051,0.2510,3.8000,-0.4500,2.2397,180.1486,357.8912,0.0000,0.0000,0.0000
31.956,530.0144,-0.7573,251.9741,0.2510,3.8000,-0.4500,2.2175,180.1494,357.8120,0.0000,0.0000,0.0000
32.069,529.8269,-0.7636,252.4502,0.2510,3.8000,-0.4500,2.2175,180.1494,357.8120,0.0000,0.0000,0.0000
32.177,529.6019,-0.7709,253.0233,0.2510,3.8000,-0.4500,2.2175,180.1494,357.8120,0.0000,0.0000,0.0000
32.302,529.3770,-0.7778,253.5976,0.2510,3.8000,-0.4500,2.2175,180.1494,357.8120,0.0000,0.0000,0.0000
32.427,529.1454,-0.7868,254.0556,0.2510,3.8000,-0.4500,2.2175,180.1494,357.8120,0.0000,0.0000,0.0000
32.552,528.8713,-0.8121,254.1248,0.2510,3.8000,-0.4500,2.2175,180.1494,357.8120,0.0000,0.0000,0.0000
32.667,528.6813,-0.8400,253.8955,0.2510,3.8000,-0.4500,2.2175,180.1494,357.8120,0.0000,0.0000,0.0000
32.776,528.4594,-0.8804,253.4169,0.2510,3.8000,-0.4500,2.2175,180.1494,357.8120,0.0000,0.0000,0.0000
32.886,528.2778,-0.9174,252.9109,0.2510,3.8000,-0.4500,2.2175,180.1494,357.8120,0.0000,0.0000,0.0000
33.010,528.0626,-0.9635,252.2286,0.2510,3.8000,-0.4500,2.2175,180.1494,357.8120,0.0000,0.0000,0.0000
33.135,527.8135,-1.0170,251.3754,0.2510,3.8000,-0.4500,2.2175,180.1495,357.8120,0.0000,0.0000,0.0000
33.260,527.6012,-1.0614,250.6194,0.2510,3.8000,-0.4500,2.2175,180.1495,357.8120,0.0000,0.0000,0.0000
33.385,527.3893,-1.1038,249.8566,0.2510,3.8000,-0.4500,2.2175,180.1494,357.8120,0.0000,0.0000,0.0000
33.511,527.1776,-1.1440,249.0955,0.2510,3.8000,-0.4500,2.2175,180.1494,357.8120,0.0000,0.0000,0.0000
33.635,526.9305,-1.1884,248.2129,0.2510,3.8000,-0.4500,2.2175,180.1494,357.8120,0.0000,0.0000,0.0000
33.760,526.7184,-1.2244,247.4611,0.2510,3.8000,-0.4500,2.2175,180.1495,357.8120,0.0000,0.0000,0.0000
33.885,526.5068,-1.2589,246.7125,0.2510,3.8000,-0.4500,2.2175,180.1495,357.8120,0.0000,0.0000,0.0000
34.010,526.2955,-1.2923,245.9666,0.2510,3.8000,-0.4500,2.1390,180.1525,357.8402,0.0000,0.0000,0.0000
34.121,526.0844,-1.3249,245.2202,0.2510,3.8000,-0.4500,2.0595,180.1554,357.8726,0.0000,0.0000,0.0000
34.247,525.8741,-1.3571,244.4729,0.2510,3.8000,-0.4500,1.9040,180.1611,357.9366,0.0000,0.0000,0.0000
34.357,525.6632,-1.3893,243.7231,0.2510,3.8000,-0.4500,1.9040,180.1611,357.9366,0.0000,0.0000,0.0000
34.467,525.4876,-1.4162,243.0975,0.2510,3.8000,-0.4500,1.9040,180.1611,357.9366,0.0000,0.0000,0.0000
34.592,525.2421,-1.4542,242.2215,0.2510,3.8000,-0.4500,1.8258,180.1639,357.9634,0.0000,0.0000,0.0000
34.717,525.0316,-1.4869,241.4697,0.2510,3.8000,-0.4500,1.8258,180.1639,357.9634,0.0000,0.0000,0.0000
34.843,524.8213,-1.5201,240.7217,0.2510,3.8000,-0.4500,1.6691,180.1694,358.0111,0.0000,0.0000,0.0000
34.953,524.6044,-1.5518,240.0813,0.2510,3.8000,-0.4500,1.6691,180.1694,358.0111,0.0000,0.0000,0.0000
35.078,524.3730,-1.5808,239.6477,0.2510,3.8000,-0.4500,1.6691,180.1694,358.0111,0.0000,0.0000,0.0000
35.189,524.1707,-1.6027,239.4522,0.2510,3.8000,-0.4500,1.6691,180.1694,358.0111,0.0000,0.0000,0.0000
35.301,523.9242,-1.6261,239.3820,0.2510,3.8000,-0.4500,1.6691,180.1694,358.0111,0.0000,0.0000,0.0000
35.426,523.6773,-1.6465,239.4360,0.2510,3.8000,-0.4500,1.6691,180.1694,358.0111,0.0000,0.0000,0.0000
35.536,523.4315,-1.6640,239.5719,0.2510,3.8000,-0.4500,1.6691,180.1694,358.0111,0.0000,0.0000,0.0000
35.661,523.1870,-1.6787,239.7596,0.2510,3.8000,-0.4500,1.6691,180.1694,358.0111,0.0000,0.0000,0.0000
35.761,522.9841,-1.6888,239.9423,0.2510,3.8000,-0.4500,1.6691,180.1694,358.0111,0.0000,0.0000,0.0000
35.870,522.7819,-1.6970,240.1412,0.2510,3.8000,-0.4500,1.6691,180.1694,358.0111,0.0000,0.0000,0.0000
35.983,522.5402,-1.7040,240.3936,0.2510,3.8000,-0.4500,1.6691,180.1694,358.0111,0.0000,0.0000,0.0000
36.092,522.2986,-1.7082,240.6553,0.2510,3.8000,-0.4500,1.6691,180.1694,358.0111,0.0000,0.0000,0.0000
36.221,522.0576,-1.7094,240.9223,0.2510,3.8000,-0.4500,1.6691,180.1694,358.0111,0.0000,0.0000,0.0000
36.330,521.8570,-1.7082,241.1472,0.2510,3.8000,-0.4500,1.6691,180.1694,358.0111,0.0000,0.0000,0.0000
36.439,521.6165,-1.7040,241.4194,0.2510,3.8000,-0.4500,1.6691,180.1694,358.0111,0.0000,0.0000,0.0000
36.551,521.4166,-1.6983,241.6521,0.2510,3.8000,-0.4500,1.6691,180.1694,358.0111,0.0000,0.0000,0.0000
36.675,521.1378,-1.6867,241.9899,0.2510,3.8000,-0.4500,1.6691,180.1694,358.0111,0.0000,0.0000,0.0000
36.800,520.8998,-1.6737,242.2886,0.2510,3.8000,-0.4500,1.6691,180.1694,358.0111,0.0000,0.0000,0.0000
36.925,520.6636,-1.6552,242.5931,0.2510,3.8000,-0.4500,1.6752,180.1692,358.1783,0.0000,0.0000,0.0000
37.037,520.4269,-1.6375,242.9015,0.2510,3.8000,-0.4500,1.6752,180.1692,358.1783,0.0000,0.0000,0.0000
37.147,520.2305,-1.6198,243.1601,0.2510,3.8000,-0.4500,1.6812,180.1690,358.2597,0.0000,0.0000,0.0000
37.273,519.9562,-1.5926,243.5239,0.2510,3.8000,-0.4500,1.6918,180.1687,358.4253,0.0000,0.0000,0.0000
37.397,519.7207,-1.5707,243.8367,0.2510,3.8000,-0.4500,1.6918,180.1687,358.4253,0.0000,0.0000,0.0000
37.522,519.4850,-1.5483,244.1500,0.2510,3.8000,-0.4500,1.6918,180.1687,358.4253,0.0000,0.0000,0.0000
37.648,519.2514,-1.5215,244.4636,0.2510,3.8000,-0.4500,1.6788,180.1691,358.6752,0.0000,0.0000,0.0000
37.761,519.0167,-1.4993,244.7771,0.2510,3.8000,-0.4500,1.6788,180.1691,358.6752,0.0000,0.0000,0.0000
37.870,518.8210,-1.4815,245.0381,0.2510,3.8000,-0.4500,1.6788,180.1691,358.6752,0.0000,0.0000,0.0000
37.981,518.5867,-1.4600,245.3469,0.2510,3.8000,-0.4500,1.6517,180.1696,358.7525,0.0000,0.0000,0.0000
38.106,518.3517,-1.4411,245.6495,0.2510,3.8000,-0.4500,1.6517,180.1696,358.7525,0.0000,0.0000,0.0000
38.230,518.1172,-1.4216,245.9469,0.2510,3.8000,-0.4500,1.5802,180.1711,358.9008,0.0000,0.0000,0.0000
38.355,517.8425,-1.4031,246.2885,0.2510,3.8000,-0.4500,1.5802,180.1711,358.9008,0.0000,0.0000,0.0000
38.466,517.6462,-1.3905,246.5306,0.2510,3.8000,-0.4500,1.5336,180.1720,358.9668,0.0000,0.0000,0.0000
38.592,517.3715,-1.3752,246.8677,0.2510,3.8000,-0.4500,1.4801,180.1729,359.0286,0.0000,0.0000,0.0000
38.717,517.1364,-1.3643,247.1559,0.2510,3.8000,-0.4500,1.4210,180.1739,359.0853,0.0000,0.0000,0.0000
38.828,516.9401,-1.3575,247.3954,0.2510,3.8000,-0.4500,1.4210,180.1739,359.0853,0.0000,0.0000,0.0000
38.953,516.6661,-1.3506,247.7317,0.2510,3.8000,-0.4500,1.2872,180.1759,359.1848,0.0000,0.0000,0.0000
39.064,516.4704,-1.3487,247.9723,0.2510,3.8000,-0.4500,1.1403,180.1779,359.2589,0.0000,0.0000,0.0000
39.189,516.2347,-1.3500,248.2578,0.2510,3.8000,-0.4500,1.1403,180.1779,359.2589,0.0000,0.0000,0.0000
39.314,515.9587,-1.3570,248.5800,0.2510,3.8000,-0.4500,0.9855,180.1799,359.3092,0.0000,0.0000,0.0000
39.439,515.7214,-1.3688,248.8464,0.2510,3.8000,-0.4500,0.7391,180.1828,359.3497,0.0000,0.0000,0.0000
39.564,515.4828,-1.3851,249.1049,0.2510,3.8000,-0.4500,0.5779,180.1846,359.3675,0.0000,0.0000,0.0000
39.689,515.2440,-1.4068,249.3584,0.2510,3.8000,-0.4500,0.4102,180.1864,359.3617,0.0000,0.0000,0.0000
39.802,515.0049,-1.4330,249.6081,0.2510,3.8000,-0.4500,0.3267,180.1874,359.3574,0.0000,0.0000,0.0000
39.911,514.8051,-1.4607,249.8159,0.2510,3.8000,-0.4500,0.0745,180.1903,359.3271,0.0000,0.0000,0.0000
40.023,514.5650,-1.4976,250.0636,0.2510,3.8000,-0.4500,359.9143,180.1922,359.3005,0.0000,0.0000,0.0000
40.147,514.3245,-1.5399,250.3109,0.2510,3.8000,-0.4500,359.7555,180.1942,359.2684,0.0000,0.0000,0.0000
40.272,514.0436,-1.5976,250.6002,0.2510,3.8000,-0.4500,359.4358,180.1985,359.1929,0.0000,0.0000,0.0000
40.397,513.8028,-1.6521,250.8461,0.2510,3.8000,-0.4500,359.1989,180.2019,359.1301,0.0000,0.0000,0.0000
40.509,513.6019,-1.6985,251.0472,0.2510,3.8000,-0.4500,359.1989,180.2019,359.1301,0.0000,0.0000,0.0000
40.633,513.3199,-1.7705,251.3262,0.2510,3.8000,-0.4500,359.0428,180.2043,359.0872,0.0000,0.0000,0.0000
40.745,513.1183,-1.8257,251.5240,0.2510,3.8000,-0.4500,358.8826,180.2070,359.0432,0.0000,0.0000,0.0000
40.869,512.8763,-1.8955,251.7601,0.2510,3.8000,-0.4500,358.6425,180.2111,358.9796,0.0000,0.0000,0.0000
40.969,512.6747,-1.9532,251.9549,0.2510,3.8000,-0.4500,358.6425,180.2111,358.9796,0.0000,0.0000,0.0000
41.077,512.4327,-2.0245,252.1884,0.2510,3.8000,-0.4500,358.6425,180.2111,358.9796,0.0000,0.0000,0.0000
41.203,512.1903,-2.1001,252.4232,0.2510,3.8000,-0.4500,358.4000,180.2156,358.9276,0.0000,0.0000,0.0000
41.314,511.9483,-2.1736,252.6565,0.2510,3.8000,-0.4500,358.4000,180.2156,358.9276,0.0000,0.0000,0.0000
41.425,511.7466,-2.2348,252.8509,0.2510,3.8000,-0.4500,358.4000,180.2156,358.9276,0.0000,0.0000,0.0000
41.550,511.5045,-2.3075,253.0844,0.2510,3.8000,-0.4500,358.4000,180.2156,358.9276,0.0000,0.0000,0.0000
41.661,511.2627,-2.3787,253.3179,0.2510,3.8000,-0.4500,358.4000,180.2156,358.9276,0.0000,0.0000,0.0000
41.786,511.0210,-2.4474,253.5514,0.2510,3.8000,-0.4500,358.4000,180.2156,358.9276,0.0000,0.0000,0.0000
41.911,510.7796,-2.5128,253.7850,0.2510,3.8000,-0.4500,358.4000,180.2156,358.9276,0.0000,0.0000,0.0000
42.025,510.5386,-2.5741,254.0184,0.2510,3.8000,-0.4500,358.4000,180.2156,358.9276,0.0000,0.0000,0.0000
42.135,510.2975,-2.6305,254.2494,0.2510,3.8000,-0.4500,358.4000,180.2156,358.9276,0.0000,0.0000,0.0000
42.244,510.0947,-2.6714,254.3527,0.2510,3.8000,-0.4500,358.4000,180.2156,358.9276,0.0000,0.0000,0.0000
42.369,509.8577,-2.7089,254.2591,0.2510,3.8000,-0.4500,358.4000,180.2156,358.9276,0.0000,0.0000,0.0000
42.494,509.5934,-2.7369,253.8875,0.2510,3.8000,-0.4500,358.3952,180.2157,359.0081,0.0000,0.0000,0.0000
42.619,509.3756,-2.7482,253.4162,0.2510,3.8000,-0.4500,358.4000,180.2156,359.2542,0.0000,0.0000,0.0000
42.730,509.1965,-2.7562,252.9548,0.2510,3.8000,-0.4500,358.4000,180.2156,359.2542,0.0000,0.0000,0.0000
42.855,508.9511,-2.7567,252.2436,0.2510,3.8000,-0.4500,358.4486,180.2150,359.5003,0.0000,0.0000,0.0000
42.980,508.7423,-2.7552,251.5979,0.2510,3.8000,-0.4500,358.4671,180.2149,359.5814,0.0000,0.0000,0.0000
43.091,508.5700,-2.7494,251.0448,0.2510,3.8000,-0.4500,358.5168,180.2146,359.7403,0.0000,0.0000,0.0000
43.216,508.3304,-2.7390,250.2396,0.2510,3.8000,-0.4500,358.5731,180.2144,359.8924,0.0000,0.0000,0.0000
43.330,508.1610,-2.7296,249.6343,0.2510,3.8000,-0.4500,358.6034,180.2144,359.9673,0.0000,0.0000,0.0000
43.438,507.9583,-2.7162,248.8975,0.2510,3.8000,-0.4500,358.6370,180.2144,0.0415,0.0000,0.0000,0.0000
43.538,507.7902,-2.7014,248.2878,0.2510,3.8000,-0.4500,358.7094,180.2146,0.1899,0.0000,0.0000,0.0000
43.647,507.6212,-2.6869,247.6875,0.2510,3.8000,-0.4500,358.7503,180.2147,0.2619,0.0000,0.0000,0.0000
43.772,507.3848,-2.6634,246.8627,0.2510,3.8000,-0.4500,358.8332,180.2152,0.4039,0.0000,0.0000,0.0000
43.897,507.1820,-2.6411,246.1673,0.2510,3.8000,-0.4500,358.9292,180.2160,0.5357,0.0000,0.0000,0.0000
44.022,506.9783,-2.6201,245.4797,0.2510,3.8000,-0.4500,358.9292,180.2160,0.5357,0.0000,0.0000,0.0000
44.133,506.7755,-2.5945,244.7964,0.2510,3.8000,-0.4500,359.0375,180.2171,0.6599,0.0000,0.0000,0.0000
44.258,506.5727,-2.5677,244.1159,0.2510,3.8000,-0.4500,359.1569,180.2186,0.7733,0.0000,0.0000,0.0000
44.383,506.3692,-2.5426,243.4379,0.2510,3.8000,-0.4500,359.1569,180.2186,0.7733,0.0000,0.0000,0.0000
44.508,506.1676,-2.5136,242.7368,0.2510,3.8000,-0.4500,359.2860,180.2205,0.8740,0.0000,0.0000,0.0000
44.633,505.9335,-2.4788,241.8978,0.2510,3.8000,-0.4500,359.4248,180.2227,0.9636,0.0000,0.0000,0.0000
44.744,505.7650,-2.4535,241.3239,0.2510,3.8000,-0.4500,359.4930,180.2239,1.0067,0.0000,0.0000,0.0000
44.869,505.5605,-2.4205,240.6819,0.2510,3.8000,-0.4500,359.6315,180.2264,1.0886,0.0000,0.0000,0.0000
44.994,505.3184,-2.3791,239.9953,0.2510,3.8000,-0.4500,359.7726,180.2292,1.1724,0.0000,0.0000,0.0000
45.105,505.1439,-2.3475,239.5362,0.2510,3.8000,-0.4500,359.8428,180.2307,1.2152,0.0000,0.0000,0.0000
45.230,504.9330,-2.3069,239.0117,0.2510,3.8000,-0.4500,359.9133,180.2322,1.2584,0.0000,0.0000,0.0000
45.343,504.7147,-2.2586,238.6100,0.2510,3.8000,-0.4500,0.1281,180.2372,1.3966,0.0000,0.0000,0.0000
45.452,504.4896,-2.2007,238.4614,0.2510,3.8000,-0.4500,0.4052,180.2444,1.5819,0.0000,0.0000,0.0000
45.552,504.3040,-2.1461,238.5193,0.2510,3.8000,-0.4500,0.5453,180.2484,1.6747,0.0000,0.0000,0.0000
45.660,504.1230,-2.0809,238.7024,0.2510,3.8000,-0.4500,0.8230,180.2569,1.8554,0.0000,0.0000,0.0000
45.785,503.9102,-1.9937,239.0419,0.2510,3.8000,-0.4500,1.0393,180.2642,1.9879,0.0000,0.0000,0.0000
45.910,503.7021,-1.8943,239.4672,0.2510,3.8000,-0.4500,1.2537,180.2719,2.1162,0.0000,0.0000,0.0000
46.035,503.4642,-1.7618,240.0274,0.2510,3.8000,-0.4500,1.6272,180.2864,2.3261,0.0000,0.0000,0.0000
46.146,503.2958,-1.6603,240.4541,0.2510,3.8000,-0.4500,1.7802,180.2927,2.4080,0.0000,0.0000,0.0000
46.271,503.0964,-1.5281,240.9826,0.2510,3.8000,-0.4500,2.0789,180.3057,2.5652,0.0000,0.0000,0.0000
46.396,502.8652,-1.3656,241.6143,0.2510,3.8000,-0.4500,2.3066,180.3161,2.6777,0.0000,0.0000,0.0000
46.521,502.6681,-1.2210,242.1631,0.2510,3.8000,-0.4500,2.3809,180.3196,2.7140,0.0000,0.0000,0.0000
46.632,502.4721,-1.0699,242.7148,0.2510,3.8000,-0.4500,2.5316,180.3269,2.7835,0.0000,0.0000,0.0000
46.757,502.2767,-0.9149,243.2680,0.2510,3.8000,-0.4500,2.6868,180.3345,2.8495,0.0000,0.0000,0.0000
46.882,502.0814,-0.7596,243.8230,0.2510,3.8000,-0.4500,2.6868,180.3345,2.8495,0.0000,0.0000,0.0000
47.007,501.8865,-0.6021,244.3782,0.2510,3.8000,-0.4500,2.7651,180.3384,2.8760,0.0000,0.0000,0.0000
47.133,501.6588,-0.4198,245.0268,0.2510,3.8000,-0.4500,2.7651,180.3384,2.8760,0.0000,0.0000,0.0000
47.243,501.4960,-0.2911,245.4905,0.2510,3.8000,-0.4500,2.7651,180.3384,2.8760,0.0000,0.0000,0.0000
47.371,501.3003,-0.1393,246.0474,0.2510,3.8000,-0.4500,2.7651,180.3384,2.8760,0.0000,0.0000,0.0000
47.481,501.1042,0.0083,246.6049,0.2510,3.8000,-0.4500,2.7651,180.3384,2.8760,0.0000,0.0000,0.0000
47.590,500.9402,0.1271,247.0699,0.2510,3.8000,-0.4500,2.7651,180.3384,2.8760,0.0000,0.0000,0.0000
47.715,500.7097,0.2855,247.7217,0.2510,3.8000,-0.4500,2.7651,180.3384,2.8760,0.0000,0.0000,0.0000
47.840,500.5111,0.4129,248.2811,0.2510,3.8000,-0.4500,2.7651,180.3384,2.8760,0.0000,0.0000,0.0000
47.965,500.3115,0.5314,248.8410,0.2510,3.8000,-0.4500,2.7651,180.3384,2.8760,0.0000,0.0000,0.0000
48.091,500.1092,0.6371,249.4021,0.2510,3.8000,-0.4500,2.7282,180.3366,2.7061,0.0000,0.0000,0.0000
48.215,499.8701,0.7442,250.0585,0.2510,3.8000,-0.4500,2.6173,180.3317,2.3776,0.0000,0.0000,0.0000
48.340,499.6626,0.8215,250.6230,0.2510,3.8000,-0.4500,2.4105,180.3238,2.0013,0.0000,0.0000,0.0000
48.466,499.4541,0.8888,251.1883,0.2510,3.8000,-0.4500,2.2075,180.3172,1.7217,0.0000,0.0000,0.0000
48.591,499.2444,0.9459,251.7519,0.2510,3.8000,-0.4500,2.0526,180.3128,1.5225,0.0000,0.0000,0.0000
48.704,499.0315,0.9861,252.3128,0.2510,3.8000,-0.4500,1.7193,180.3051,1.1264,0.0000,0.0000,0.0000
48.813,498.8187,1.0207,252.8683,0.2510,3.8000,-0.4500,1.6132,180.3032,1.0017,0.0000,0.0000,0.0000
48.938,498.6025,1.0368,253.4228,0.2510,3.8000,-0.4500,1.2722,180.2984,0.5911,0.0000,0.0000,0.0000
49.063,498.3868,1.0485,253.9739,0.2510,3.8000,-0.4500,1.1672,180.2974,0.4608,0.0000,0.0000,0.0000
49.174,498.1677,1.0429,254.5256,0.2510,3.8000,-0.4500,0.8564,180.2961,0.0367,0.0000,0.0000,0.0000
49.287,497.9862,1.0375,254.9834,0.2510,3.8000,-0.4500,0.8094,180.2961,359.9690,0.0000,0.0000,0.0000
49.396,497.7655,1.0162,255.5315,0.2510,3.8000,-0.4500,0.5888,180.2969,359.6020,0.0000,0.0000,0.0000
49.496,497.5813,0.9935,255.9842,0.2510,3.8000,-0.4500,0.4684,180.2980,359.3771,0.0000,0.0000,0.0000
49.604,497.3964,0.9646,256.4336,0.2510,3.8000,-0.4500,0.3542,180.2994,359.1577,0.0000,0.0000,0.0000
49.729,497.1729,0.9192,256.9698,0.2510,3.8000,-0.4500,0.1666,180.3028,358.7944,0.0000,0.0000,0.0000
49.854,496.9124,0.8586,257.5920,0.2510,3.8000,-0.4500,0.0457,180.3056,358.5715,0.0000,0.0000,0.0000
49.979,496.6884,0.7956,258.1241,0.2510,3.8000,-0.4500,359.9226,180.3089,358.3534,0.0000,0.0000,0.0000
50.104,496.4632,0.7199,258.6564,0.2510,3.8000,-0.4500,359.7041,180.3159,357.9948,0.0000,0.0000,0.0000
50.229,496.2387,0.6396,259.1860,0.2510,3.8000,-0.4500,359.6090,180.3193,357.8536,0.0000,0.0000,0.0000
50.354,495.9759,0.5320,259.7996,0.2510,3.8000,-0.4500,359.4184,180.3269,357.5806,0.0000,0.0000,0.0000
50.479,495.7503,0.4311,260.3223,0.2510,3.8000,-0.4500,359.2567,180.3340,357.3769,0.0000,0.0000,0.0000
50.604,495.5252,0.3241,260.8425,0.2510,3.8000,-0.4500,359.1501,180.3391,357.2467,0.0000,0.0000,0.0000
50.730,495.2993,0.2070,261.3624,0.2510,3.8000,-0.4500,358.9197,180.3507,356.9980,0.0000,0.0000,0.0000
50.840,495.0747,0.0899,261.8803,0.2510,3.8000,-0.4500,358.9197,180.3507,356.9980,0.0000,0.0000,0.0000
50.965,494.8494,-0.0367,262.3993,0.2510,3.8000,-0.4500,358.7410,180.3603,356.8306,0.0000,0.0000,0.0000
51.090,494.6248,-0.1643,262.9178,0.2510,3.8000,-0.4500,358.6777,180.3638,356.7812,0.0000,0.0000,0.0000
51.201,494.4002,-0.2947,263.4365,0.2510,3.8000,-0.4500,358.6141,180.3674,356.7323,0.0000,0.0000,0.0000
51.326,494.1759,-0.4251,263.9552,0.2510,3.8000,-0.4500,358.6141,180.3674,356.7324,0.0000,0.0000,0.0000
51.451,493.9516,-0.5555,264.4742,0.2510,3.8000,-0.4500,358.6141,180.3674,356.7324,0.0000,0.0000,0.0000
51.576,493.6901,-0.7060,265.0797,0.2510,3.8000,-0.4500,358.6141,180.3675,356.7323,0.0000,0.0000,0.0000
51.701,493.4656,-0.8316,265.5929,0.2510,3.8000,-0.4500,358.6141,180.3675,356.7323,0.0000,0.0000,0.0000
51.826,493.2407,-0.9525,266.0962,0.2510,3.8000,-0.4500,358.6141,180.3675,356.7323,0.0000,0.0000,0.0000
51.951,493.0153,-1.0673,266.5903,0.2510,3.8000,-0.4500,358.6140,180.3675,356.7323,0.0000,0.0000,0.0000
52.076,492.7521,-1.1921,267.1583,0.2510,3.8000,-0.4500,358.6140,180.3675,356.7323,0.0000,0.0000,0.0000
52.202,492.5264,-1.2900,267.6402,0.2510,3.8000,-0.4500,358.6140,180.3675,356.7323,0.0000,0.0000,0.0000
52.315,492.3025,-1.3737,268.1198,0.2510,3.8000,-0.4500,358.4915,180.3741,357.0527,0.0000,0.0000,0.0000
52.423,492.1156,-1.4354,268.5170,0.2510,3.8000,-0.4500,358.4789,180.3748,357.3015,0.0000,0.0000,0.0000
52.548,491.8910,-1.5000,268.9900,0.2510,3.8000,-0.4500,358.5012,180.3738,357.5500,0.0000,0.0000,0.0000
52.673,491.6230,-1.5552,269.4398,0.2510,3.8000,-0.4500,358.6588,180.3678,358.0400,0.0000,0.0000,0.0000
52.785,491.4225,-1.5841,269.6252,0.2510,3.8000,-0.4500,358.8029,180.3632,358.3449,0.0000,0.0000,0.0000
52.895,491.1777,-1.6102,269.6960,0.2510,3.8000,-0.4500,358.9216,180.3600,358.5635,0.0000,0.0000,0.0000
53.020,490.9345,-1.6240,269.6412,0.2510,3.8000,-0.4500,359.0938,180.3562,358.8526,0.0000,0.0000,0.0000
53.133,490.6944,-1.6270,269.4994,0.2510,3.8000,-0.4500,359.3235,180.3523,359.2090,0.0000,0.0000,0.0000
53.245,490.4953,-1.6271,269.3377,0.2510,3.8000,-0.4500,359.4167,180.3511,359.3467,0.0000,0.0000,0.0000
53.354,490.2587,-1.6197,269.1089,0.2510,3.8000,-0.4500,359.5578,180.3497,359.5508,0.0000,0.0000,0.0000
53.479,490.0239,-1.6061,268.8560,0.2510,3.8000,-0.4500,359.7015,180.3489,359.7527,0.0000,0.0000,0.0000
53.604,489.7912,-1.5849,268.5882,0.2510,3.8000,-0.4500,359.9003,180.3485,0.0198,0.0000,0.0000,0.0000
53.704,489.5970,-1.5668,268.3587,0.2510,3.8000,-0.4500,359.9524,180.3485,0.0865,0.0000,0.0000,0.0000
53.815,489.3659,-1.5375,268.0772,0.2510,3.8000,-0.4500,0.1108,180.3490,0.2867,0.0000,0.0000,0.0000
53.937,489.1357,-1.5035,267.7920,0.2510,3.8000,-0.4500,0.2730,180.3501,0.4797,0.0000,0.0000,0.0000
54.062,488.9052,-1.4683,267.5049,0.2510,3.8000,-0.4500,0.3308,180.3506,0.5441,0.0000,0.0000,0.0000
54.162,488.7148,-1.4326,267.2634,0.2510,3.8000,-0.4500,0.5046,180.3526,0.7340,0.0000,0.0000,0.0000
54.273,488.4857,-1.3907,266.9735,0.2510,3.8000,-0.4500,0.5634,180.3533,0.7923,0.0000,0.0000,0.0000
54.384,488.2954,-1.3530,266.7309,0.2510,3.8000,-0.4500,0.6231,180.3542,0.8507,0.0000,0.0000,0.0000
54.493,488.0680,-1.3028,266.4381,0.2510,3.8000,-0.4500,0.8088,180.3572,1.0174,0.0000,0.0000,0.0000
54.618,487.8398,-1.2544,266.1458,0.2510,3.8000,-0.4500,0.8088,180.3572,1.0174,0.0000,0.0000,0.0000
54.743,487.6123,-1.2027,265.8523,0.2510,3.8000,-0.4500,0.8730,180.3584,1.0667,0.0000,0.0000,0.0000
54.854,487.3857,-1.1467,265.5570,0.2510,3.8000,-0.4500,1.0845,180.3626,1.2072,0.0000,0.0000,0.0000
54.979,487.1582,-1.0936,265.2625,0.2510,3.8000,-0.4500,1.0845,180.3626,1.2072,0.0000,0.0000,0.0000
55.104,486.9312,-1.0387,264.9669,0.2510,3.8000,-0.4500,1.1600,180.3642,1.2398,0.0000,0.0000,0.0000
55.229,486.7043,-0.9826,264.6703,0.2510,3.8000,-0.4500,1.3167,180.3677,1.2904,0.0000,0.0000,0.0000
55.340,486.4768,-0.9287,264.3742,0.2510,3.8000,-0.4500,1.3167,180.3677,1.2904,0.0000,0.0000,0.0000
55.465,486.2492,-0.8754,264.0776,0.2510,3.8000,-0.4500,1.3167,180.3677,1.2904,0.0000,0.0000,0.0000
55.576,486.0213,-0.8203,263.7783,0.2510,3.8000,-0.4500,1.6508,180.3752,1.2924,0.0000,0.0000,0.0000
55.701,485.7930,-0.7691,263.4810,0.2510,3.8000,-0.4500,1.6508,180.3752,1.2924,0.0000,0.0000,0.0000
55.826,485.5642,-0.7194,263.1833,0.2510,3.8000,-0.4500,1.6508,180.3752,1.2924,0.0000,0.0000,0.0000
55.951,485.3346,-0.6714,262.8844,0.2510,3.8000,-0.4500,1.8020,180.3786,1.2336,0.0000,0.0000,0.0000
56.076,485.0663,-0.6185,262.5363,0.2510,3.8000,-0.4500,1.8721,180.3801,1.1934,0.0000,0.0000,0.0000
56.188,484.8737,-0.5830,262.2870,0.2510,3.8000,-0.4500,2.0068,180.3828,1.1040,0.0000,0.0000,0.0000
56.298,484.6420,-0.5432,261.9881,0.2510,3.8000,-0.4500,2.1271,180.3849,0.9910,0.0000,0.0000,0.0000
56.423,484.4100,-0.5058,261.6898,0.2510,3.8000,-0.4500,2.1850,180.3859,0.9339,0.0000,0.0000,0.0000
56.548,484.1764,-0.4732,261.3910,0.2510,3.8000,-0.4500,2.3335,180.3881,0.7293,0.0000,0.0000,0.0000
56.673,483.9041,-0.4371,261.0434,0.2510,3.8000,-0.4500,2.3791,180.3886,0.6626,0.0000,0.0000,0.0000
56.798,483.6692,-0.4111,260.7457,0.2510,3.8000,-0.4500,2.4534,180.3894,0.5138,0.0000,0.0000,0.0000
56.909,483.4727,-0.3926,260.4978,0.2510,3.8000,-0.4500,2.5182,180.3899,0.3539,0.0000,0.0000,0.0000
57.034,483.1969,-0.3699,260.1510,0.2510,3.8000,-0.4500,2.5779,180.3902,0.1973,0.0000,0.0000,0.0000
57.159,482.9593,-0.3562,259.8515,0.2510,3.8000,-0.4500,2.6427,180.3903,359.9503,0.0000,0.0000,0.0000
57.270,482.7674,-0.3469,259.5249,0.2510,3.8000,-0.4500,2.6427,180.3903,359.9503,0.0000,0.0000,0.0000
57.384,482.5443,-0.3517,258.9746,0.2510,3.8000,-0.4500,2.7031,180.3901,359.6195,0.0000,0.0000,0.0000
57.492,482.3293,-0.3606,258.3175,0.2510,3.8000,-0.4500,2.7031,180.3901,359.6195,0.0000,0.0000,0.0000
57.603,482.1510,-0.3757,257.7340,0.2510,3.8000,-0.4500,2.7237,180.3900,359.4550,0.0000,0.0000,0.0000
57.728,481.9372,-0.3989,257.0211,0.2510,3.8000,-0.4500,2.7481,180.3897,359.2013,0.0000,0.0000,0.0000
57.854,481.6882,-0.4282,256.1910,0.2510,3.8000,-0.4500,2.7591,180.3895,359.0356,0.0000,0.0000,0.0000
57.978,481.4745,-0.4552,255.4851,0.2510,3.8000,-0.4500,2.7641,180.3894,358.9541,0.0000,0.0000,0.0000
58.103,481.2596,-0.4862,254.7848,0.2510,3.8000,-0.4500,2.7693,180.3893,358.7899,0.0000,0.0000,0.0000
58.229,481.0452,-0.5186,254.0775,0.2510,3.8000,-0.4500,2.7702,180.3893,358.7045,0.0000,0.0000,0.0000
58.340,480.8293,-0.5566,253.3753,0.2510,3.8000,-0.4500,2.7716,180.3893,358.4554,0.0000,0.0000,0.0000
58.451,480.6452,-0.5836,252.8722,0.2510,3.8000,-0.4500,2.7716,180.3893,358.4554,0.0000,0.0000,0.0000
58.575,480.3733,-0.6193,252.3530,0.2510,3.8000,-0.4500,2.7639,180.3895,358.2914,0.0000,0.0000,0.0000
58.700,480.1292,-0.6445,252.0568,0.2510,3.8000,-0.4500,2.7595,180.3896,358.2108,0.0000,0.0000,0.0000
58.825,479.8773,-0.6659,251.8601,0.2510,3.8000,-0.4500,2.7595,180.3896,358.2108,0.0000,0.0000,0.0000
58.937,479.6192,-0.6895,251.7283,0.2510,3.8000,-0.4500,2.7383,180.3903,358.0443,0.0000,0.0000,0.0000
59.061,479.3590,-0.7091,251.6674,0.2510,3.8000,-0.4500,2.7383,180.3903,358.0443,0.0000,0.0000,0.0000
59.187,479.0959,-0.7331,251.6581,0.2510,3.8000,-0.4500,2.6885,180.3921,357.8028,0.0000,0.0000,0.0000
59.300,478.8336,-0.7528,251.6779,0.2510,3.8000,-0.4500,2.6885,180.3921,357.8028,0.0000,0.0000,0.0000
59.411,478.6146,-0.7700,251.7076,0.2510,3.8000,-0.4500,2.6885,180.3921,357.8028,0.0000,0.0000,0.0000
59.520,478.3516,-0.7914,251.7520,0.2510,3.8000,-0.4500,2.6885,180.3921,357.8028,0.0000,0.0000,0.0000
59.645,478.0886,-0.8137,251.8020,0.2510,3.8000,-0.4500,2.6885,180.3921,357.8028,0.0000,0.0000,0.0000
59.770,477.8256,-0.8365,251.8567,0.2510,3.8000,-0.4500,2.6885,180.3921,357.8028,0.0000,0.0000,0.0000
59.895,477.5202,-0.8629,251.9380,0.2510,3.8000,-0.4500,2.6885,180.3921,357.8028,0.0000,0.0000,0.0000
60.019,477.2602,-0.8846,252.0267,0.2510,3.8000,-0.4500,2.6885,180.3921,357.8028,0.0000,0.0000,0.0000
60.145,477.0015,-0.9051,252.1306,0.2510,3.8000,-0.4500,2.6885,180.3921,357.8028,0.0000,0.0000,0.0000
60.270,476.7439,-0.9240,252.2458,0.2510,3.8000,-0.4500,2.6885,180.3921,357.8028,0.0000,0.0000,0.0000
60.395,476.4444,-0.9439,252.3899,0.2510,3.8000,-0.4500,2.6885,180.3921,357.8028,0.0000,0.0000,0.0000
60.506,476.2310,-0.9563,252.4968,0.2510,3.8000,-0.4500,2.6885,180.3921,357.8028,0.0000,0.0000,0.0000
60.631,475.9754,-0.9691,252.6278,0.2510,3.8000,-0.4500,2.6885,180.3921,357.8028,0.0000,0.0000,0.0000
60.756,475.6780,-0.9806,252.7851,0.2510,3.8000,-0.4500,2.6885,180.3921,357.8028,0.0000,0.0000,0.0000
60.884,475.4244,-0.9868,252.9312,0.2510,3.8000,-0.4500,2.6885,180.3921,357.8028,0.0000,0.0000,0.0000
60.994,475.1722,-0.9890,253.0899,0.2510,3.8000,-0.4500,2.6885,180.3921,357.8028,0.0000,0.0000,0.0000
61.103,474.9631,-0.9878,253.2303,0.2510,3.8000,-0.4500,2.6885,180.3921,357.8028,0.0000,0.0000,0.0000
61.228,474.7130,-0.9823,253.4059,0.2510,3.8000,-0.4500,2.6885,180.3921,357.8028,0.0000,0.0000,0.0000
61.353,474.4229,-0.9693,253.6174,0.2510,3.8000,-0.4500,2.6394,180.3940,357.8698,0.0000,0.0000,0.0000
61.464,474.2169,-0.9549,253.7712,0.2510,3.8000,-0.4500,2.5490,180.3972,358.0108,0.0000,0.0000,0.0000
61.589,473.9702,-0.9330,253.9566,0.2510,3.8000,-0.4500,2.4854,180.3994,358.1705,0.0000,0.0000,0.0000
61.714,473.6831,-0.9015,254.1731,0.2510,3.8000,-0.4500,2.4294,180.4011,358.3288,0.0000,0.0000,0.0000
61.825,473.4799,-0.8712,254.3272,0.2510,3.8000,-0.4500,2.3727,180.4026,358.6559,0.0000,0.0000,0.0000
61.950,473.2343,-0.8365,254.5110,0.2510,3.8000,-0.4500,2.3727,180.4026,358.6559,0.0000,0.0000,0.0000
62.075,472.9514,-0.7819,254.7241,0.2510,3.8000,-0.4500,2.3632,180.4028,359.0840,0.0000,0.0000,0.0000
62.200,472.7079,-0.7343,254.9054,0.2510,3.8000,-0.4500,2.3690,180.4027,359.1665,0.0000,0.0000,0.0000
62.301,472.5066,-0.6873,255.0530,0.2510,3.8000,-0.4500,2.3899,180.4024,359.4146,0.0000,0.0000,0.0000
62.410,472.3039,-0.6400,255.1899,0.2510,3.8000,-0.4500,2.4014,180.4023,359.4979,0.0000,0.0000,0.0000
62.521,472.0612,-0.5764,255.3371,0.2510,3.8000,-0.4500,2.4382,180.4021,359.7480,0.0000,0.0000,0.0000
62.630,471.8583,-0.5209,255.4474,0.2510,3.8000,-0.4500,2.4678,180.4020,359.9149,0.0000,0.0000,0.0000
62.755,471.5737,-0.4397,255.5879,0.2510,3.8000,-0.4500,2.4974,180.4020,0.0787,0.0000,0.0000,0.0000
62.881,471.3309,-0.3638,255.6992,0.2510,3.8000,-0.4500,2.5430,180.4022,0.3223,0.0000,0.0000,0.0000
63.005,471.0880,-0.2858,255.8056,0.2510,3.8000,-0.4500,2.5717,180.4024,0.4834,0.0000,0.0000,0.0000
63.105,470.8856,-0.2191,255.8920,0.2510,3.8000,-0.4500,2.5849,180.4025,0.5659,0.0000,0.0000,0.0000
63.215,470.6439,-0.1350,255.9937,0.2510,3.8000,-0.4500,2.6099,180.4028,0.7313,0.0000,0.0000,0.0000
63.325,470.4423,-0.0639,256.0729,0.2510,3.8000,-0.4500,2.6196,180.4029,0.8115,0.0000,0.0000,0.0000
63.451,470.1999,0.0241,256.1490,0.2510,3.8000,-0.4500,2.6343,180.4031,0.9776,0.0000,0.0000,0.0000
63.554,469.9562,0.1129,256.2050,0.2510,3.8000,-0.4500,2.6390,180.4032,1.1415,0.0000,0.0000,0.0000
63.670,469.7518,0.1851,256.2410,0.2510,3.8000,-0.4500,2.6390,180.4032,1.1415,0.0000,0.0000,0.0000
63.781,469.5066,0.2736,256.2758,0.2510,3.8000,-0.4500,2.6356,180.4031,1.2207,0.0000,0.0000,0.0000
63.906,469.2615,0.3622,256.3056,0.2510,3.8000,-0.4500,2.6269,180.4030,1.3004,0.0000,0.0000,0.0000
64.031,469.0166,0.4505,256.3332,0.2510,3.8000,-0.4500,2.6070,180.4025,1.3820,0.0000,0.0000,0.0000
64.157,468.7311,0.5525,256.3654,0.2510,3.8000,-0.4500,2.5861,180.4020,1.4630,0.0000,0.0000,0.0000
64.282,468.4863,0.6374,256.3938,0.2510,3.8000,-0.4500,2.5861,180.4020,1.4630,0.0000,0.0000,0.0000
64.394,468.2425,0.7223,256.4237,0.2510,3.8000,-0.4500,2.5000,180.3997,1.6077,0.0000,0.0000,0.0000
64.504,468.0387,0.7896,256.4499,0.2510,3.8000,-0.4500,2.5000,180.3997,1.6077,0.0000,0.0000,0.0000
64.615,467.7922,0.8277,256.4844,0.2510,3.8000,-0.4500,2.5001,180.3997,1.6077,0.0000,0.0000,0.0000
64.739,467.5367,0.8438,256.5220,0.2510,3.8000,-0.4500,2.1549,180.3918,0.8381,0.0000,0.0000,0.0000
64.864,467.2723,0.8282,256.5476,0.2510,3.8000,-0.4500,1.9199,180.3907,359.5878,0.0000,0.0000,0.0000
64.990,467.0072,0.7984,256.5470,0.2510,3.8000,-0.4500,1.7951,180.3925,358.7113,0.0000,0.0000,0.0000
65.100,466.7465,0.7825,256.5198,0.2510,3.8000,-0.4500,1.7816,180.3929,358.6206,0.0000,0.0000,0.0000
65.226,466.4865,0.7696,256.4750,0.2510,3.8000,-0.4500,1.7816,180.3929,358.6206,0.0000,0.0000,0.0000
65.326,466.2702,0.7608,256.4290,0.2510,3.8000,-0.4500,1.7816,180.3929,358.6206,0.0000,0.0000,0.0000
65.434,466.0111,0.7533,256.3671,0.2510,3.8000,-0.4500,1.7816,180.3929,358.6206,0.0000,0.0000,0.0000
65.559,465.7524,0.7493,256.3006,0.2510,3.8000,-0.4500,1.7816,180.3929,358.6206,0.0000,0.0000,0.0000
65.684,465.4942,0.7489,256.2314,0.2510,3.8000,-0.4500,1.7816,180.3929,358.6206,0.0000,0.0000,0.0000
65.809,465.2365,0.7520,256.1606,0.2510,3.8000,-0.4500,1.7816,180.3929,358.6206,0.0000,0.0000,0.0000
65.934,464.9365,0.7600,256.0779,0.2510,3.8000,-0.4500,1.7816,180.3929,358.6206,0.0000,0.0000,0.0000
66.045,464.7224,0.7685,256.0192,0.2510,3.8000,-0.4500,1.7816,180.3929,358.6206,0.0000,0.0000,0.0000
66.170,464.4659,0.7816,255.9493,0.2510,3.8000,-0.4500,1.7816,180.3929,358.6206,0.0000,0.0000,0.0000
66.295,464.1689,0.8053,255.8687,0.2510,3.8000,-0.4500,1.7523,180.3935,358.8701,0.0000,0.0000,0.0000
66.408,463.9569,0.8246,255.8127,0.2510,3.8000,-0.4500,1.7371,180.3938,359.0315,0.0000,0.0000,0.0000
66.519,463.7016,0.8474,255.7471,0.2510,3.8000,-0.4500,1.7371,180.3938,359.0315,0.0000,0.0000,0.0000
66.628,463.4903,0.8716,255.6937,0.2510,3.8000,-0.4500,1.7238,180.3940,359.1989,0.0000,0.0000,0.0000
66.754,463.1950,0.9092,255.6218,0.2510,3.8000,-0.4500,1.7050,180.3942,359.4496,0.0000,0.0000,0.0000
66.879,462.9408,0.9407,255.5641,0.2510,3.8000,-0.4500,1.7050,180.3942,359.4496,0.0000,0.0000,0.0000
67.003,462.6884,0.9790,255.5097,0.2510,3.8000,-0.4500,1.6849,180.3943,359.6966,0.0000,0.0000,0.0000
67.117,462.4347,1.0153,255.4583,0.2510,3.8000,-0.4500,1.6849,180.3943,359.6966,0.0000,0.0000,0.0000
67.226,462.2252,1.0512,255.4170,0.2510,3.8000,-0.4500,1.6578,180.3944,359.9442,0.0000,0.0000,0.0000
67.337,461.9722,1.0908,255.3688,0.2510,3.8000,-0.4500,1.6578,180.3944,359.9442,0.0000,0.0000,0.0000
67.462,461.7205,1.1343,255.3217,0.2510,3.8000,-0.4500,1.6313,180.3944,0.1051,0.0000,0.0000,0.0000
67.587,461.4694,1.1768,255.3137,0.2510,3.8000,-0.4500,1.6313,180.3944,0.1051,0.0000,0.0000,0.0000
67.698,461.2266,1.2236,255.4188,0.2510,3.8000,-0.4500,1.6113,180.3944,0.1847,0.0000,0.0000,0.0000
67.823,460.9920,1.2728,255.6349,0.2510,3.8000,-0.4500,1.5905,180.3943,0.2639,0.0000,0.0000,0.0000
67.923,460.8010,1.3138,255.8808,0.2510,3.8000,-0.4500,1.5905,180.3943,0.2639,0.0000,0.0000,0.0000
68.034,460.5771,1.3652,256.2326,0.2510,3.8000,-0.4500,1.5212,180.3939,0.4129,0.0000,0.0000,0.0000
68.142,460.3919,1.4053,256.5576,0.2510,3.8000,-0.4500,1.5212,180.3939,0.4129,0.0000,0.0000,0.0000
68.267,460.1720,1.4525,256.9731,0.2510,3.8000,-0.4500,1.4747,180.3935,0.4771,0.0000,0.0000,0.0000
68.378,459.9514,1.4963,257.3788,0.2510,3.8000,-0.4500,1.4152,180.3930,0.5343,0.0000,0.0000,0.0000
68.502,459.7230,1.5351,257.6876,0.2510,3.8000,-0.4500,1.4152,180.3930,0.5343,0.0000,0.0000,0.0000
68.627,459.4857,1.5698,257.8789,0.2510,3.8000,-0.4500,1.2790,180.3916,0.6303,0.0000,0.0000,0.0000
68.753,459.2007,1.6039,257.9734,0.2510,3.8000,-0.4500,1.1298,180.3899,0.6901,0.0000,0.0000,0.0000
68.878,458.9540,1.6289,257.9776,0.2510,3.8000,-0.4500,1.1298,180.3899,0.6901,0.0000,0.0000,0.0000
69.003,458.7070,1.6502,257.9367,0.2510,3.8000,-0.4500,1.1298,180.3899,0.6901,0.0000,0.0000,0.0000
69.128,458.4601,1.6669,257.8683,0.2510,3.8000,-0.4500,0.9631,180.3879,0.7053,0.0000,0.0000,0.0000
69.253,458.1724,1.6823,257.7644,0.2510,3.8000,-0.4500,0.8817,180.3869,0.7008,0.0000,0.0000,0.0000
69.364,457.9667,1.6881,257.6811,0.2510,3.8000,-0.4500,0.6373,180.3840,0.6608,0.0000,0.0000,0.0000
69.475,457.7203,1.6948,257.5722,0.2510,3.8000,-0.4500,0.6373,180.3840,0.6608,0.0000,0.0000,0.0000
69.600,457.4731,1.6942,257.4596,0.2510,3.8000,-0.4500,0.4077,180.3815,0.5772,0.0000,0.0000,0.0000
69.725,457.2259,1.6904,257.3437,0.2510,3.8000,-0.4500,0.2619,180.3801,0.5017,0.0000,0.0000,0.0000
69.850,456.9785,1.6837,257.2258,0.2510,3.8000,-0.4500,0.1905,180.3795,0.4633,0.0000,0.0000,0.0000
69.961,456.7304,1.6713,257.1078,0.2510,3.8000,-0.4500,0.0509,180.3785,0.3710,0.0000,0.0000,0.0000
70.086,456.4815,1.6534,256.9904,0.2510,3.8000,-0.4500,359.8513,180.3774,0.2276,0.0000,0.0000,0.0000
70.211,456.2325,1.6325,256.8737,0.2510,3.8000,-0.4500,359.7250,180.3770,0.1264,0.0000,0.0000,0.0000
70.336,455.9414,1.6033,256.7382,0.2510,3.8000,-0.4500,359.5980,180.3769,0.0182,0.0000,0.0000,0.0000
70.447,455.7333,1.5795,256.6420,0.2510,3.8000,-0.4500,359.5356,180.3769,359.9631,0.0000,0.0000,0.0000
70.572,455.4409,1.5407,256.5083,0.2510,3.8000,-0.4500,359.4120,180.3771,359.8531,0.0000,0.0000,0.0000
70.697,455.1897,1.5015,256.3946,0.2510,3.8000,-0.4500,359.2339,180.3778,359.6889,0.0000,0.0000,0.0000
70.822,454.9388,1.4613,256.2806,0.2510,3.8000,-0.4500,359.1749,180.3782,359.6337,0.0000,0.0000,0.0000
70.947,454.6872,1.4162,256.1680,0.2510,3.8000,-0.4500,359.0533,180.3791,359.5201,0.0000,0.0000,0.0000
71.072,454.3934,1.3598,256.0376,0.2510,3.8000,-0.4500,358.9309,180.3802,359.4070,0.0000,0.0000,0.0000
71.197,454.1419,1.3106,255.9259,0.2510,3.8000,-0.4500,358.9309,180.3802,359.4070,0.0000,0.0000,0.0000
71.322,453.8894,1.2556,255.8153,0.2510,3.8000,-0.4500,358.8055,180.3816,359.2944,0.0000,0.0000,0.0000
71.435,453.6370,1.1996,255.7047,0.2510,3.8000,-0.4500,358.7410,180.3824,359.2393,0.0000,0.0000,0.0000
71.547,453.4267,1.1510,255.6126,0.2510,3.8000,-0.4500,358.6765,180.3833,359.1844,0.0000,0.0000,0.0000
71.656,453.1740,1.0898,255.5025,0.2510,3.8000,-0.4500,358.5466,180.3853,359.0818,0.0000,0.0000,0.0000
71.780,452.9219,1.0297,255.3916,0.2510,3.8000,-0.4500,358.5466,180.3853,359.0818,0.0000,0.0000,0.0000
71.906,452.6694,0.9670,255.2811,0.2510,3.8000,-0.4500,358.4795,180.3864,359.0357,0.0000,0.0000,0.0000
72.030,452.4170,0.9032,255.1707,0.2510,3.8000,-0.4500,358.4134,180.3875,358.9915,0.0000,0.0000,0.0000
72.144,452.1647,0.8400,255.0600,0.2510,3.8000,-0.4500,358.4134,180.3875,358.9915,0.0000,0.0000,0.0000
72.255,451.9124,0.7764,254.9493,0.2510,3.8000,-0.4500,358.4134,180.3875,358.9915,0.0000,0.0000,0.0000
72.364,451.7021,0.7221,254.8576,0.2510,3.8000,-0.4500,358.3400,180.3889,358.9576,0.0000,0.0000,0.0000
72.475,451.4500,0.6586,254.7468,0.2510,3.8000,-0.4500,358.3400,180.3889,358.9576,0.0000,0.0000,0.0000
72.586,451.2402,0.6060,254.6544,0.2510,3.8000,-0.4500,358.3400,180.3889,358.9576,0.0000,0.0000,0.0000
72.711,450.9886,0.5426,254.5439,0.2510,3.8000,-0.4500,358.2622,180.3903,358.9393,0.0000,0.0000,0.0000
72.836,450.6953,0.4708,254.4143,0.2510,3.8000,-0.4500,358.2622,180.3903,358.9393,0.0000,0.0000,0.0000
72.947,450.4858,0.4206,254.3218,0.2510,3.8000,-0.4500,358.2622,180.3903,358.9393,0.0000,0.0000,0.0000
73.072,450.1931,0.3514,254.1927,0.2510,3.8000,-0.4500,358.1826,180.3918,358.9460,0.0000,0.0000,0.0000
73.198,449.9423,0.2942,254.0818,0.2510,3.8000,-0.4500,358.1826,180.3918,358.9460,0.0000,0.0000,0.0000
73.308,449.7337,0.2478,253.9886,0.2510,3.8000,-0.4500,358.1826,180.3918,358.9460,0.0000,0.0000,0.0000
73.433,449.4424,0.1850,253.8559,0.2510,3.8000,-0.4500,358.1065,180.3931,358.9708,0.0000,0.0000,0.0000
73.544,449.2346,0.1419,253.7591,0.2510,3.8000,-0.4500,358.1065,180.3931,358.9708,0.0000,0.0000,0.0000
73.669,448.9861,0.0924,253.6424,0.2510,3.8000,-0.4500,357.9644,180.3956,359.0593,0.0000,0.0000,0.0000
73.794,448.6961,0.0367,253.5040,0.2510,3.8000,-0.4500,357.9644,180.3956,359.0593,0.0000,0.0000,0.0000
73.905,448.4896,-0.0011,253.4051,0.2510,3.8000,-0.4500,357.9047,180.3965,359.1155,0.0000,0.0000,0.0000
74.030,448.2415,-0.0455,253.2856,0.2510,3.8000,-0.4500,357.9047,180.3965,359.1155,0.0000,0.0000,0.0000
74.155,447.9535,-0.0939,253.1441,0.2510,3.8000,-0.4500,357.7975,180.3981,359.2381,0.0000,0.0000,0.0000
74.266,447.7477,-0.1282,253.0397,0.2510,3.8000,-0.4500,357.7975,180.3981,359.2381,0.0000,0.0000,0.0000
74.391,447.5013,-0.1683,252.9115,0.2510,3.8000,-0.4500,357.7975,180.3981,359.2381,0.0000,0.0000,0.0000
74.502,447.2552,-0.2077,252.7808,0.2510,3.8000,-0.4500,357.7975,180.3981,359.2381,0.0000,0.0000,0.0000
74.613,447.0093,-0.2465,252.6483,0.2510,3.8000,-0.4500,357.7975,180.3981,359.2381,0.0000,0.0000,0.0000
74.713,446.8049,-0.2779,252.5374,0.2510,3.8000,-0.4500,357.7518,180.3987,359.3087,0.0000,0.0000,0.0000
74.823,446.6006,-0.3093,252.4261,0.2510,3.8000,-0.4500,357.7068,180.3992,359.3781,0.0000,0.0000,0.0000
74.936,446.3549,-0.3483,252.2930,0.2510,3.8000,-0.4500,357.7068,180.3992,359.3781,0.0000,0.0000,0.0000
75.045,446.1500,-0.3811,252.1832,0.2510,3.8000,-0.4500,357.7068,180.3992,359.3781,0.0000,0.0000,0.0000
75.168,445.9041,-0.4208,252.0529,0.2510,3.8000,-0.4500,357.7068,180.3992,359.3781,0.0000,0.0000,0.0000
75.293,445.6173,-0.4675,251.9025,0.2510,3.8000,-0.4500,357.7068,180.3992,359.3781,0.0000,0.0000,0.0000
75.419,445.3712,-0.5078,251.7746,0.2510,3.8000,-0.4500,357.7068,180.3992,359.3781,0.0000,0.0000,0.0000
75.543,445.1256,-0.5476,251.6477,0.2510,3.8000,-0.4500,357.6538,180.3997,359.4403,0.0000,0.0000,0.0000
75.654,444.8796,-0.5881,251.5211,0.2510,3.8000,-0.4500,357.6538,180.3997,359.4403,0.0000,0.0000,0.0000
75.766,444.6754,-0.6204,251.4167,0.2510,3.8000,-0.4500,357.5421,180.4007,359.5634,0.0000,0.0000,0.0000
75.891,444.4293,-0.6606,251.2912,0.2510,3.8000,-0.4500,357.5421,180.4007,359.5634,0.0000,0.0000,0.0000
76.015,444.1424,-0.7069,251.1454,0.2510,3.8000,-0.4500,357.5421,180.4007,359.5634,0.0000,0.0000,0.0000
76.140,443.8970,-0.7454,251.0213,0.2510,3.8000,-0.4500,357.4863,180.4011,359.6254,0.0000,0.0000,0.0000
76.265,443.6527,-0.7818,250.8983,0.2510,3.8000,-0.4500,357.3256,180.4019,359.8126,0.0000,0.0000,0.0000
76.391,443.4073,-0.8192,250.7745,0.2510,3.8000,-0.4500,357.3256,180.4019,359.8126,0.0000,0.0000,0.0000
76.515,443.1212,-0.8615,250.6306,0.2510,3.8000,-0.4500,357.3256,180.4019,359.8126,0.0000,0.0000,0.0000
76.640,442.8762,-0.8965,250.5077,0.2510,3.8000,-0.4500,357.3256,180.4019,359.8126,0.0000,0.0000,0.0000
76.766,442.6320,-0.9284,250.3861,0.2510,3.8000,-0.4500,357.2317,180.4021,359.9524,0.0000,0.0000,0.0000
76.890,442.3871,-0.9604,250.2642,0.2510,3.8000,-0.4500,357.2317,180.4021,359.9524,0.0000,0.0000,0.0000
77.015,442.1028,-0.9939,250.1231,0.2510,3.8000,-0.4500,357.1509,180.4020,0.0965,0.0000,0.0000,0.0000
77.140,441.8591,-1.0212,250.0022,0.2510,3.8000,-0.4500,357.1170,180.4020,0.1701,0.0000,0.0000,0.0000
77.266,441.6151,-1.0477,249.8827,0.2510,3.8000,-0.4500,357.1170,180.4020,0.1701,0.0000,0.0000,0.0000
77.391,441.3721,-1.0720,249.8449,0.2510,3.8000,-0.4500,357.0271,180.4015,0.4023,0.0000,0.0000,0.0000
77.504,441.1346,-1.1061,249.9688,0.2510,3.8000,-0.4500,357.0271,180.4015,0.4023,0.0000,0.0000,0.0000
77.615,440.9057,-1.1457,250.2396,0.2510,3.8000,-0.4500,357.0043,180.4014,0.4782,0.0000,0.0000,0.0000
77.724,440.7206,-1.1811,250.5491,0.2510,3.8000,-0.4500,356.9615,180.4009,0.6369,0.0000,0.0000,0.0000
77.835,440.5015,-1.2292,250.9892,0.2510,3.8000,-0.4500,356.9615,180.4009,0.6369,0.0000,0.0000,0.0000
77.960,440.2875,-1.2747,251.4791,0.2510,3.8000,-0.4500,356.9084,180.4002,0.8862,0.0000,0.0000,0.0000
78.085,440.0738,-1.3241,251.9993,0.2510,3.8000,-0.4500,356.9084,180.4002,0.8862,0.0000,0.0000,0.0000
78.210,439.8622,-1.3712,252.5400,0.2510,3.8000,-0.4500,356.8963,180.4001,0.9651,0.0000,0.0000,0.0000
78.321,439.6519,-1.4168,253.0953,0.2510,3.8000,-0.4500,356.8872,180.3999,1.0474,0.0000,0.0000,0.0000
78.433,439.4426,-1.4606,253.6604,0.2510,3.8000,-0.4500,356.8787,180.3997,1.1295,0.0000,0.0000,0.0000
78.543,439.2682,-1.4969,254.1360,0.2510,3.8000,-0.4500,356.8787,180.3997,1.1295,0.0000,0.0000,0.0000
78.655,439.0598,-1.5373,254.7107,0.2510,3.8000,-0.4500,356.8781,180.3997,1.2131,0.0000,0.0000,0.0000
78.779,438.8513,-1.5772,255.2878,0.2510,3.8000,-0.4500,356.8781,180.3997,1.2131,0.0000,0.0000,0.0000
78.905,438.6443,-1.6124,255.8661,0.2510,3.8000,-0.4500,356.8920,180.4000,1.3798,0.0000,0.0000,0.0000
79.029,438.4357,-1.6487,256.4357,0.2510,3.8000,-0.4500,356.8920,180.4000,1.3798,0.0000,0.0000,0.0000
79.154,438.1913,-1.6880,257.0790,0.2510,3.8000,-0.4500,356.8920,180.4000,1.3798,0.0000,0.0000,0.0000
79.279,437.9808,-1.7193,257.6143,0.2510,3.8000,-0.4500,356.8920,180.4000,1.3798,0.0000,0.0000,0.0000
79.404,437.7697,-1.7488,258.1385,0.2510,3.8000,-0.4500,356.8920,180.4000,1.3798,0.0000,0.0000,0.0000
79.515,437.5582,-1.7768,258.6550,0.2510,3.8000,-0.4500,356.8920,180.4000,1.3798,0.0000,0.0000,0.0000
79.640,437.3464,-1.8036,259.1664,0.2510,3.8000,-0.4500,356.8920,180.4000,1.3798,0.0000,0.0000,0.0000
79.766,437.1330,-1.8290,259.6568,0.2510,3.8000,-0.4500,356.8920,180.4000,1.3798,0.0000,0.0000,0.0000
79.876,436.9107,-1.8488,260.0256,0.2510,3.8000,-0.4500,356.8920,180.4000,1.3798,0.0000,0.0000,0.0000
80.001,436.6777,-1.8606,260.2320,0.2510,3.8000,-0.4500,356.8920,180.4000,1.3798,0.0000,0.0000,0.0000
80.126,436.4408,-1.8652,260.2956,0.2510,3.8000,-0.4500,356.8920,180.4000,1.3798,0.0000,0.0000,0.0000
80.252,436.1647,-1.8639,260.2426,0.2510,3.8000,-0.4500,356.8920,180.4000,1.3798,0.0000,0.0000,0.0000
80.362,435.9690,-1.8585,260.1489,0.2510,3.8000,-0.4500,356.9463,180.4014,1.4386,0.0000,0.0000,0.0000
80.474,435.7350,-1.8518,259.9980,0.2510,3.8000,-0.4500,356.9463,180.4014,1.4386,0.0000,0.0000,0.0000
80.598,435.5069,-1.8419,259.7494,0.2510,3.8000,-0.4500,356.9463,180.4014,1.4386,0.0000,0.0000,0.0000
80.723,435.2924,-1.8239,259.2937,0.2510,3.8000,-0.4500,356.9463,180.4014,1.4386,0.0000,0.0000,0.0000
80.835,435.0867,-1.7991,258.6953,0.2510,3.8000,-0.4500,356.9463,180.4013,1.4386,0.0000,0.0000,0.0000
80.959,434.8854,-1.7705,258.0311,0.2510,3.8000,-0.4500,356.9463,180.4013,1.4386,0.0000,0.0000,0.0000
81.084,434.6859,-1.7400,257.3446,0.2510,3.8000,-0.4500,356.9463,180.4014,1.4386,0.0000,0.0000,0.0000
81.186,434.5199,-1.7141,256.7702,0.2510,3.8000,-0.4500,356.9463,180.4014,1.4386,0.0000,0.0000,0.0000
81.302,434.3209,-1.6829,256.0840,0.2510,3.8000,-0.4500,356.9463,180.4014,1.4386,0.0000,0.0000,0.0000
81.418,434.1223,-1.6513,255.3911,0.2510,3.8000,-0.4500,356.9463,180.4014,1.4387,0.0000,0.0000,0.0000
81.531,433.9581,-1.6240,254.7909,0.2510,3.8000,-0.4500,356.9463,180.4014,1.4387,0.0000,0.0000,0.0000
81.639,433.7620,-1.5902,254.0514,0.2510,3.8000,-0.4500,356.9463,180.4014,1.4387,0.0000,0.0000,0.0000
81.765,433.5666,-1.5556,253.3034,0.2510,3.8000,-0.4500,356.9463,180.4014,1.4386,0.0000,0.0000,0.0000
81.889,433.3712,-1.5207,252.5544,0.2510,3.8000,-0.4500,356.9463,180.4014,1.4386,0.0000,0.0000,0.0000
81.990,433.2085,-1.4915,251.9318,0.2510,3.8000,-0.4500,356.9463,180.4013,1.4386,0.0000,0.0000,0.0000
82.101,433.0132,-1.4565,251.1868,0.2510,3.8000,-0.4500,356.9463,180.4013,1.4387,0.0000,0.0000,0.0000
82.213,432.8166,-1.4219,250.4657,0.2510,3.8000,-0.4500,356.9463,180.4013,1.4387,0.0000,0.0000,0.0000
82.324,432.6487,-1.3944,249.9430,0.2510,3.8000,-0.4500,356.9819,180.4022,1.5128,0.0000,0.0000,0.0000
82.435,432.4378,-1.3685,249.4485,0.2510,3.8000,-0.4500,356.9819,180.4022,1.5128,0.0000,0.0000,0.0000
82.546,432.2548,-1.3514,249.1402,0.2510,3.8000,-0.4500,356.9819,180.4022,1.5128,0.0000,0.0000,0.0000
82.657,432.0284,-1.3332,248.8681,0.2510,3.8000,-0.4500,357.0262,180.4034,1.5793,0.0000,0.0000,0.0000
82.765,431.8349,-1.3215,248.7002,0.2510,3.8000,-0.4500,357.0262,180.4034,1.5793,0.0000,0.0000,0.0000
82.889,431.5998,-1.3055,248.5456,0.2510,3.8000,-0.4500,357.1367,180.4066,1.6980,0.0000,0.0000,0.0000
83.014,431.3209,-1.2906,248.4316,0.2510,3.8000,-0.4500,357.1367,180.4066,1.6980,0.0000,0.0000,0.0000
83.139,431.0854,-1.2778,248.4785,0.2510,3.8000,-0.4500,357.2689,180.4106,1.7953,0.0000,0.0000,0.0000
83.251,430.8948,-1.2704,248.6387,0.2510,3.8000,-0.4500,357.3391,180.4129,1.8367,0.0000,0.0000,0.0000
83.361,430.6735,-1.2602,248.9501,0.2510,3.8000,-0.4500,357.5572,180.4201,1.9472,0.0000,0.0000,0.0000
83.474,430.4573,-1.2500,249.3551,0.2510,3.8000,-0.4500,357.7109,180.4254,2.0070,0.0000,0.0000,0.0000
83.584,430.2802,-1.2385,249.7398,0.2510,3.8000,-0.4500,357.8642,180.4309,2.0606,0.0000,0.0000,0.0000
83.709,430.0705,-1.2185,250.2372,0.2510,3.8000,-0.4500,358.1834,180.4426,2.1487,0.0000,0.0000,0.0000
83.834,429.8277,-1.1897,250.8502,0.2510,3.8000,-0.4500,358.3518,180.4490,2.1857,0.0000,0.0000,0.0000
83.945,429.6558,-1.1608,251.3007,0.2510,3.8000,-0.4500,358.6809,180.4617,2.2536,0.0000,0.0000,0.0000
84.070,429.4502,-1.1227,251.8543,0.2510,3.8000,-0.4500,358.7662,180.4651,2.2684,0.0000,0.0000,0.0000
84.195,429.2119,-1.0648,252.5078,0.2510,3.8000,-0.4500,359.1937,180.4823,2.3399,0.0000,0.0000,0.0000
84.320,429.0085,-1.0071,253.0730,0.2510,3.8000,-0.4500,359.5226,180.4959,2.3894,0.0000,0.0000,0.0000
84.431,428.8395,-0.9542,253.5464,0.2510,3.8000,-0.4500,359.6861,180.5027,2.4125,0.0000,0.0000,0.0000
84.542,428.6373,-0.8832,254.1151,0.2510,3.8000,-0.4500,359.9301,180.5131,2.4461,0.0000,0.0000,0.0000
84.667,428.4355,-0.8038,254.6833,0.2510,3.8000,-0.4500,0.2652,180.5275,2.4895,0.0000,0.0000,0.0000
84.778,428.2339,-0.7197,255.2520,0.2510,3.8000,-0.4500,0.3508,180.5313,2.5003,0.0000,0.0000,0.0000
84.903,428.0332,-0.6260,255.8174,0.2510,3.8000,-0.4500,0.6919,180.5463,2.5438,0.0000,0.0000,0.0000
85.028,427.8328,-0.5264,256.3818,0.2510,3.8000,-0.4500,0.9393,180.5573,2.5810,0.0000,0.0000,0.0000
85.153,427.5994,-0.4031,257.0395,0.2510,3.8000,-0.4500,1.1003,180.5647,2.6098,0.0000,0.0000,0.0000
85.253,427.4333,-0.3091,257.5078,0.2510,3.8000,-0.4500,1.2688,180.5724,2.6473,0.0000,0.0000,0.0000
85.362,427.2677,-0.2110,257.9752,0.2510,3.8000,-0.4500,1.4331,180.5801,2.6861,0.0000,0.0000,0.0000
85.487,427.0692,-0.0895,258.5330,0.2510,3.8000,-0.4500,1.5128,180.5838,2.7104,0.0000,0.0000,0.0000
85.600,426.8710,0.0385,259.0766,0.2510,3.8000,-0.4500,1.7488,180.5952,2.7882,0.0000,0.0000,0.0000
85.709,426.7050,0.1455,259.5202,0.2510,3.8000,-0.4500,1.7488,180.5952,2.7882,0.0000,0.0000,0.0000
85.834,426.4733,0.3024,260.1258,0.2510,3.8000,-0.4500,1.9769,180.6065,2.8976,0.0000,0.0000,0.0000
85.946,426.3072,0.4140,260.5523,0.2510,3.8000,-0.4500,1.9769,180.6065,2.8976,0.0000,0.0000,0.0000
86.070,426.1080,0.5494,261.0591,0.2510,3.8000,-0.4500,1.9769,180.6065,2.8976,0.0000,0.0000,0.0000
86.195,425.8757,0.7085,261.6454,0.2510,3.8000,-0.4500,1.9769,180.6065,2.8977,0.0000,0.0000,0.0000
86.321,425.6756,0.8443,262.1270,0.2510,3.8000,-0.4500,1.9769,180.6065,2.8977,0.0000,0.0000,0.0000
86.446,425.4720,0.9776,262.5580,0.2510,3.8000,-0.4500,1.9769,180.6065,2.8977,0.0000,0.0000,0.0000
86.559,425.2647,1.1072,262.9360,0.2510,3.8000,-0.4500,1.9769,180.6065,2.8977,0.0000,0.0000,0.0000
86.667,425.0896,1.2123,263.2187,0.2510,3.8000,-0.4500,1.9769,180.6065,2.8977,0.0000,0.0000,0.0000
86.792,424.8419,1.3548,263.5795,0.2510,3.8000,-0.4500,1.9769,180.6065,2.8977,0.0000,0.0000,0.0000
86.917,424.6277,1.4725,263.8677,0.2510,3.8000,-0.4500,1.9769,180.6065,2.8977,0.0000,0.0000,0.0000
87.042,424.4125,1.5859,264.1440,0.2510,3.8000,-0.4500,1.9769,180.6065,2.8977,0.0000,0.0000,0.0000
87.167,424.1963,1.6946,264.4109,0.2510,3.8000,-0.4500,1.9769,180.6065,2.8977,0.0000,0.0000,0.0000
87.293,423.9424,1.8146,264.7106,0.2510,3.8000,-0.4500,1.9769,180.6065,2.8977,0.0000,0.0000,0.0000
87.417,423.7245,1.9119,264.9612,0.2510,3.8000,-0.4500,1.8507,180.6000,3.0035,0.0000,0.0000,0.0000
87.542,423.5058,2.0017,265.2087,0.2510,3.8000,-0.4500,1.6115,180.5872,3.0991,0.0000,0.0000,0.0000
87.667,423.2859,2.0843,265.4536,0.2510,3.8000,-0.4500,1.5332,180.5830,3.1212,0.0000,0.0000,0.0000
87.792,423.0278,2.1682,265.7410,0.2510,3.8000,-0.4500,1.0996,180.5593,3.1304,0.0000,0.0000,0.0000
87.917,422.8051,2.2311,265.9867,0.2510,3.8000,-0.4500,0.8529,180.5459,3.0852,0.0000,0.0000,0.0000
88.042,422.5812,2.2849,266.2335,0.2510,3.8000,-0.4500,0.6105,180.5329,3.0185,0.0000,0.0000,0.0000
88.167,422.3554,2.3267,266.4823,0.2510,3.8000,-0.4500,0.2176,180.5127,2.8654,0.0000,0.0000,0.0000
88.292,422.0907,2.3646,266.7722,0.2510,3.8000,-0.4500,359.9173,180.4981,2.7115,0.0000,0.0000,0.0000
88.417,421.8621,2.3851,267.0213,0.2510,3.8000,-0.4500,359.6243,180.4846,2.5444,0.0000,0.0000,0.0000
88.543,421.6313,2.3922,267.2711,0.2510,3.8000,-0.4500,359.2082,180.4671,2.2756,0.0000,0.0000,0.0000
88.667,421.4006,2.3938,267.5184,0.2510,3.8000,-0.4500,359.0742,180.4619,2.1816,0.0000,0.0000,0.0000
88.792,421.1279,2.3744,267.8092,0.2510,3.8000,-0.4500,358.5792,180.4446,1.8121,0.0000,0.0000,0.0000
88.917,420.8940,2.3503,268.0573,0.2510,3.8000,-0.4500,358.3779,180.4385,1.6526,0.0000,0.0000,0.0000
89.042,420.6577,2.3103,268.3067,0.2510,3.8000,-0.4500,357.9766,180.4281,1.3220,0.0000,0.0000,0.0000
89.167,420.4215,2.2637,268.5547,0.2510,3.8000,-0.4500,357.7789,180.4238,1.1508,0.0000,0.0000,0.0000
89.292,420.1442,2.1931,268.8440,0.2510,3.8000,-0.4500,357.4556,180.4181,0.8633,0.0000,0.0000,0.0000
89.417,419.9058,2.1216,269.0912,0.2510,3.8000,-0.4500,357.2053,180.4148,0.6337,0.0000,0.0000,0.0000
89.542,419.6660,2.0381,269.3383,0.2510,3.8000,-0.4500,356.8941,180.4122,0.3371,0.0000,0.0000,0.0000
89.653,419.4267,1.9495,269.5821,0.2510,3.8000,-0.4500,356.7770,180.4116,0.2233,0.0000,0.0000,0.0000
89.765,419.2253,1.8632,269.7848,0.2510,3.8000,-0.4500,356.4722,180.4112,359.9170,0.0000,0.0000,0.0000
89.875,418.9851,1.7595,270.0244,0.2510,3.8000,-0.4500,356.4143,180.4113,359.8580,0.0000,0.0000,0.0000
90.000,418.7426,1.6411,270.2642,0.2510,3.8000,-0.4500,356.1117,180.4129,359.5380,0.0000,0.0000,0.0000
90.125,418.5012,1.5200,270.5021,0.2510,3.8000,-0.4500,355.9986,180.4140,359.4139,0.0000,0.0000,0.0000
90.250,418.2590,1.3906,270.7397,0.2510,3.8000,-0.4500,355.8284,180.4160,359.2241,0.0000,0.0000,0.0000
90.361,418.0168,1.2568,270.9765,0.2510,3.8000,-0.4500,355.7201,180.4176,359.0982,0.0000,0.0000,0.0000
90.474,417.7739,1.1161,271.2123,0.2510,3.8000,-0.4500,355.5549,180.4205,358.8979,0.0000,0.0000,0.0000
90.586,417.5722,0.9983,271.4075,0.2510,3.8000,-0.4500,355.5027,180.4215,358.8339,0.0000,0.0000,0.0000
90.694,417.3300,0.8555,271.6408,0.2510,3.8000,-0.4500,355.5027,180.4215,358.8339,0.0000,0.0000,0.0000
90.805,417.1277,0.7330,271.8347,0.2510,3.8000,-0.4500,355.4535,180.4226,358.7680,0.0000,0.0000,0.0000
90.930,416.8845,0.5833,272.0671,0.2510,3.8000,-0.4500,355.3586,180.4247,358.6317,0.0000,0.0000,0.0000
91.041,416.6418,0.4360,272.2991,0.2510,3.8000,-0.4500,355.3586,180.4247,358.6317,0.0000,0.0000,0.0000
91.166,416.3991,0.2891,272.5301,0.2510,3.8000,-0.4500,355.3586,180.4247,358.6317,0.0000,0.0000,0.0000
91.291,416.1557,0.1438,272.7543,0.2510,3.8000,-0.4500,355.3586,180.4247,358.6317,0.0000,0.0000,0.0000
91.417,415.8706,-0.0220,273.0054,0.2510,3.8000,-0.4500,355.3586,180.4247,358.6317,0.0000,0.0000,0.0000
91.542,415.6257,-0.1600,273.2134,0.2510,3.8000,-0.4500,355.3586,180.4247,358.6317,0.0000,0.0000,0.0000
91.653,415.3802,-0.2935,273.4166,0.2510,3.8000,-0.4500,355.3586,180.4247,358.6317,0.0000,0.0000,0.0000
91.764,415.1759,-0.4007,273.5833,0.2510,3.8000,-0.4500,355.3586,180.4247,358.6317,0.0000,0.0000,0.0000
91.889,414.9306,-0.5239,273.7815,0.2510,3.8000,-0.4500,355.3586,180.4247,358.6317,0.0000,0.0000,0.0000
92.014,414.6439,-0.6593,274.0064,0.2510,3.8000,-0.4500,355.3586,180.4247,358.6317,0.0000,0.0000,0.0000
92.138,414.3974,-0.7667,274.1853,0.2510,3.8000,-0.4500,355.3586,180.4247,358.6317,0.0000,0.0000,0.0000
92.264,414.1500,-0.8635,274.3496,0.2510,3.8000,-0.4500,355.5292,180.4207,358.6628,0.0000,0.0000,0.0000
92.388,413.9022,-0.9504,274.5031,0.2510,3.8000,-0.4500,355.7811,180.4149,358.7245,0.0000,0.0000,0.0000
92.513,413.6129,-1.0389,274.6723,0.2510,3.8000,-0.4500,356.0902,180.4083,358.8581,0.0000,0.0000,0.0000
92.638,413.3658,-1.1007,274.8108,0.2510,3.8000,-0.4500,356.5359,180.4004,359.1129,0.0000,0.0000,0.0000
92.764,413.1177,-1.1583,274.9469,0.2510,3.8000,-0.4500,356.6766,180.3984,359.2105,0.0000,0.0000,0.0000
92.888,412.8703,-1.2016,275.0723,0.2510,3.8000,-0.4500,357.0222,180.3943,359.4611,0.0000,0.0000,0.0000
93.014,412.5805,-1.2404,275.2008,0.2510,3.8000,-0.4500,357.3552,180.3920,359.7219,0.0000,0.0000,0.0000
93.138,412.3310,-1.2647,275.2982,0.2510,3.8000,-0.4500,357.5458,180.3913,359.8755,0.0000,0.0000,0.0000
93.253,412.0824,-1.2759,275.3858,0.2510,3.8000,-0.4500,357.8791,180.3913,0.1502,0.0000,0.0000,0.0000
93.363,411.8751,-1.2797,275.4544,0.2510,3.8000,-0.4500,358.0713,180.3921,0.3099,0.0000,0.0000,0.0000
93.472,411.6681,-1.2769,275.5200,0.2510,3.8000,-0.4500,358.2631,180.3934,0.4695,0.0000,0.0000,0.0000
93.583,411.4208,-1.2630,275.5956,0.2510,3.8000,-0.4500,358.5911,180.3969,0.7414,0.0000,0.0000,0.0000
93.693,411.1736,-1.2433,275.6705,0.2510,3.8000,-0.4500,358.7826,180.3996,0.8985,0.0000,0.0000,0.0000
93.793,410.9687,-1.2195,275.7325,0.2510,3.8000,-0.4500,358.9766,180.4030,1.0560,0.0000,0.0000,0.0000
93.901,410.7649,-1.1884,275.7941,0.2510,3.8000,-0.4500,359.2392,180.4083,1.2643,0.0000,0.0000,0.0000
94.027,410.5202,-1.1479,275.8700,0.2510,3.8000,-0.4500,359.3706,180.4113,1.3660,0.0000,0.0000,0.0000
94.151,410.2771,-1.0982,275.9462,0.2510,3.8000,-0.4500,359.5768,180.4165,1.5219,0.0000,0.0000,0.0000
94.277,409.9950,-1.0306,276.0362,0.2510,3.8000,-0.4500,359.8524,180.4243,1.7214,0.0000,0.0000,0.0000
94.401,409.7545,-0.9650,276.1132,0.2510,3.8000,-0.4500,0.1270,180.4330,1.9064,0.0000,0.0000,0.0000
94.513,409.5133,-0.8963,276.1818,0.2510,3.8000,-0.4500,0.2665,180.4378,1.9942,0.0000,0.0000,0.0000
94.624,409.3124,-0.8349,276.2147,0.2510,3.8000,-0.4500,0.4092,180.4428,2.0794,0.0000,0.0000,0.0000
94.737,409.0720,-0.7562,276.2079,0.2510,3.8000,-0.4500,0.7042,180.4539,2.2345,0.0000,0.0000,0.0000
94.848,408.8712,-0.6924,276.1801,0.2510,3.8000,-0.4500,0.7042,180.4539,2.2345,0.0000,0.0000,0.0000
94.957,408.6313,-0.6098,276.1283,0.2510,3.8000,-0.4500,0.9345,180.4631,2.3322,0.0000,0.0000,0.0000
95.083,408.3911,-0.5278,276.0661,0.2510,3.8000,-0.4500,0.9345,180.4631,2.3322,0.0000,0.0000,0.0000
95.207,408.1524,-0.4396,275.9945,0.2510,3.8000,-0.4500,1.1614,180.4725,2.4237,0.0000,0.0000,0.0000
95.332,407.8745,-0.3357,275.9009,0.2510,3.8000,-0.4500,1.2354,180.4757,2.4558,0.0000,0.0000,0.0000
95.457,407.6379,-0.2421,275.8083,0.2510,3.8000,-0.4500,1.3860,180.4822,2.5251,0.0000,0.0000,0.0000
95.583,407.4027,-0.1457,275.7061,0.2510,3.8000,-0.4500,1.5302,180.4887,2.5993,0.0000,0.0000,0.0000
95.693,407.1682,-0.0477,275.5965,0.2510,3.8000,-0.4500,1.5997,180.4919,2.6399,0.0000,0.0000,0.0000
95.818,406.9348,0.0531,275.4814,0.2510,3.8000,-0.4500,1.6687,180.4951,2.6828,0.0000,0.0000,0.0000
95.943,406.7030,0.1593,275.3614,0.2510,3.8000,-0.4500,1.8736,180.5049,2.8257,0.0000,0.0000,0.0000
96.068,406.4709,0.2637,275.2395,0.2510,3.8000,-0.4500,1.8736,180.5049,2.8257,0.0000,0.0000,0.0000
96.193,406.2007,0.3883,275.0971,0.2510,3.8000,-0.4500,1.8736,180.5049,2.8257,0.0000,0.0000,0.0000
96.318,405.9703,0.5002,274.9748,0.2510,3.8000,-0.4500,2.0013,180.5114,2.9370,0.0000,0.0000,0.0000
96.443,405.7396,0.6109,274.8539,0.2510,3.8000,-0.4500,2.0013,180.5114,2.9370,0.0000,0.0000,0.0000
96.568,405.5091,0.7231,274.7333,0.2510,3.8000,-0.4500,2.0013,180.5114,2.9370,0.0000,0.0000,0.0000
96.692,405.2410,0.8564,274.5921,0.2510,3.8000,-0.4500,2.0605,180.5145,2.9963,0.0000,0.0000,0.0000
96.807,405.0493,0.9512,274.4914,0.2510,3.8000,-0.4500,2.0605,180.5145,2.9963,0.0000,0.0000,0.0000
96.915,404.8192,1.0653,274.3711,0.2510,3.8000,-0.4500,2.0605,180.5145,2.9963,0.0000,0.0000,0.0000
97.040,404.5893,1.1795,274.2521,0.2510,3.8000,-0.4500,2.0605,180.5145,2.9963,0.0000,0.0000,0.0000
97.165,404.3598,1.2950,274.1335,0.2510,3.8000,-0.4500,2.1167,180.5174,3.0553,0.0000,0.0000,0.0000
97.290,404.1298,1.4088,274.0158,0.2510,3.8000,-0.4500,2.1167,180.5174,3.0553,0.0000,0.0000,0.0000
97.415,403.8612,1.5407,273.8789,0.2510,3.8000,-0.4500,2.1167,180.5174,3.0553,0.0000,0.0000,0.0000
97.540,403.6307,1.6528,273.7618,0.2510,3.8000,-0.4500,2.1167,180.5174,3.0553,0.0000,0.0000,0.0000
97.665,403.4001,1.7635,273.6451,0.2510,3.8000,-0.4500,2.1167,180.5174,3.0553,0.0000,0.0000,0.0000
97.776,403.1689,1.8724,273.5287,0.2510,3.8000,-0.4500,2.1167,180.5174,3.0553,0.0000,0.0000,0.0000
97.901,402.9372,1.9791,273.4130,0.2510,3.8000,-0.4500,2.1167,180.5174,3.0553,0.0000,0.0000,0.0000
98.026,402.7050,2.0831,273.2978,0.2510,3.8000,-0.4500,2.1167,180.5174,3.0553,0.0000,0.0000,0.0000
98.151,402.4720,2.1840,273.1831,0.2510,3.8000,-0.4500,2.1167,180.5174,3.0553,0.0000,0.0000,0.0000
98.276,402.1993,2.2970,273.0497,0.2510,3.8000,-0.4500,2.1167,180.5174,3.0553,0.0000,0.0000,0.0000
98.375,402.0038,2.3741,272.9549,0.2510,3.8000,-0.4500,2.1167,180.5174,3.0553,0.0000,0.0000,0.0000
98.484,401.8077,2.4480,272.8605,0.2510,3.8000,-0.4500,2.1167,180.5174,3.0553,0.0000,0.0000,0.0000
98.609,401.5695,2.5290,272.7489,0.2510,3.8000,-0.4500,2.2418,180.5239,2.8336,0.0000,0.0000,0.0000
98.720,401.3300,2.6049,272.6430,0.2510,3.8000,-0.4500,2.2862,180.5260,2.6709,0.0000,0.0000,0.0000
98.845,401.0881,2.6733,272.5430,0.2510,3.8000,-0.4500,2.3239,180.5277,2.4281,0.0000,0.0000,0.0000
98.956,400.8442,2.7344,272.4496,0.2510,3.8000,-0.4500,2.3107,180.5272,2.1704,0.0000,0.0000,0.0000
99.081,400.5984,2.7883,272.3633,0.2510,3.8000,-0.4500,2.2708,180.5258,1.9179,0.0000,0.0000,0.0000
99.206,400.3499,2.8330,272.2847,0.2510,3.8000,-0.4500,2.1914,180.5233,1.5936,0.0000,0.0000,0.0000
99.331,400.0995,2.8692,272.2144,0.2510,3.8000,-0.4500,2.0687,180.5203,1.2730,0.0000,0.0000,0.0000
99.456,399.8050,2.9019,272.1442,0.2510,3.8000,-0.4500,1.9336,180.5176,0.9702,0.0000,0.0000,0.0000
99.581,399.5495,2.9174,272.0948,0.2510,3.8000,-0.4500,1.7359,180.5150,0.5966,0.0000,0.0000,0.0000
99.707,399.2927,2.9247,272.0537,0.2510,3.8000,-0.4500,1.5536,180.5135,0.2955,0.0000,0.0000,0.0000
99.831,399.0342,2.9222,272.0198,0.2510,3.8000,-0.4500,1.3694,180.5130,0.0076,0.0000,0.0000,0.0000
99.944,398.7737,2.9076,271.9916,0.2510,3.8000,-0.4500,1.1146,180.5138,359.6464,0.0000,0.0000,0.0000
100.054,398.5128,2.8845,271.9651,0.2510,3.8000,-0.4500,0.9129,180.5155,359.3738,0.0000,0.0000,0.0000
100.167,398.2946,2.8560,271.9433,0.2510,3.8000,-0.4500,0.6930,180.5185,359.0980,0.0000,0.0000,0.0000
100.289,398.0327,2.8136,271.9146,0.2510,3.8000,-0.4500,0.4727,180.5225,358.8313,0.0000,0.0000,0.0000
100.415,397.7264,2.7488,271.8772,0.2510,3.8000,-0.4500,0.1173,180.5310,358.4313,0.0000,0.0000,0.0000
100.540,397.4648,2.6863,271.8386,0.2510,3.8000,-0.4500,359.9465,180.5359,358.2462,0.0000,0.0000,0.0000
100.665,397.2025,2.6096,271.7959,0.2510,3.8000,-0.4500,359.5848,180.5482,357.8804,0.0000,0.0000,0.0000
100.789,396.9417,2.5287,271.7463,0.2510,3.8000,-0.4500,359.4026,180.5552,357.7066,0.0000,0.0000,0.0000
100.915,396.6376,2.4229,271.6815,0.2510,3.8000,-0.4500,359.1577,180.5655,357.4826,0.0000,0.0000,0.0000
101.039,396.3773,2.3230,271.6205,0.2510,3.8000,-0.4500,358.9019,180.5772,357.2648,0.0000,0.0000,0.0000
101.164,396.1176,2.2159,271.5548,0.2510,3.8000,-0.4500,358.6344,180.5905,357.0536,0.0000,0.0000,0.0000
101.290,395.8583,2.1028,271.4843,0.2510,3.8000,-0.4500,358.3640,180.6049,356.8579,0.0000,0.0000,0.0000
101.414,395.5572,1.9675,271.3960,0.2510,3.8000,-0.4500,358.2203,180.6129,356.7658,0.0000,0.0000,0.0000
101.539,395.2997,1.8460,271.3165,0.2510,3.8000,-0.4500,358.0767,180.6211,356.6766,0.0000,0.0000,0.0000
101.665,395.0421,1.7180,271.2353,0.2510,3.8000,-0.4500,357.7751,180.6391,356.5200,0.0000,0.0000,0.0000
101.775,394.7856,1.5922,271.1492,0.2510,3.8000,-0.4500,357.7751,180.6391,356.5200,0.0000,0.0000,0.0000
101.875,394.5717,1.4820,271.0775,0.2510,3.8000,-0.4500,357.5372,180.6537,356.4326,0.0000,0.0000,0.0000
101.983,394.3584,1.3732,271.0030,0.2510,3.8000,-0.4500,357.4609,180.6585,356.4067,0.0000,0.0000,0.0000
102.109,394.1029,1.2430,270.9119,0.2510,3.8000,-0.4500,357.4609,180.6585,356.4067,0.0000,0.0000,0.0000
102.234,393.8050,1.0894,270.8057,0.2510,3.8000,-0.4500,357.2946,180.6690,356.3887,0.0000,0.0000,0.0000
102.345,393.5924,0.9810,270.7293,0.2510,3.8000,-0.4500,357.2130,180.6741,356.3939,0.0000,0.0000,0.0000
102.470,393.3378,0.8522,270.6379,0.2510,3.8000,-0.4500,357.0526,180.6842,356.4246,0.0000,0.0000,0.0000
102.595,393.0406,0.7057,270.5306,0.2510,3.8000,-0.4500,357.0526,180.6842,356.4246,0.0000,0.0000,0.0000
102.720,392.7866,0.5836,270.4401,0.2510,3.8000,-0.4500,356.9091,180.6931,356.4994,0.0000,0.0000,0.0000
102.831,392.5749,0.4849,270.3653,0.2510,3.8000,-0.4500,356.8456,180.6970,356.5486,0.0000,0.0000,0.0000
102.956,392.2794,0.3534,270.2631,0.2510,3.8000,-0.4500,356.6832,180.7065,356.7400,0.0000,0.0000,0.0000
103.080,392.0256,0.2459,270.1783,0.2510,3.8000,-0.4500,356.5900,180.7117,356.8752,0.0000,0.0000,0.0000
103.206,391.7726,0.1458,270.0970,0.2510,3.8000,-0.4500,356.5069,180.7161,357.1197,0.0000,0.0000,0.0000
103.332,391.4762,0.0346,270.0075,0.2510,3.8000,-0.4500,356.4626,180.7183,357.2802,0.0000,0.0000,0.0000
103.442,391.2656,-0.0356,269.9477,0.2510,3.8000,-0.4500,356.4338,180.7196,357.6164,0.0000,0.0000,0.0000
103.567,391.0119,-0.1162,269.8804,0.2510,3.8000,-0.4500,356.4419,180.7193,357.8666,0.0000,0.0000,0.0000
103.692,390.7159,-0.2007,269.8091,0.2510,3.8000,-0.4500,356.4824,180.7179,358.1945,0.0000,0.0000,0.0000
103.817,390.4624,-0.2643,269.7543,0.2510,3.8000,-0.4500,356.5557,180.7158,358.5272,0.0000,0.0000,0.0000
103.942,390.2081,-0.3226,269.7057,0.2510,3.8000,-0.4500,356.6228,180.7142,358.7634,0.0000,0.0000,0.0000
104.067,389.9544,-0.3722,269.6626,0.2510,3.8000,-0.4500,356.7310,180.7122,359.0724,0.0000,0.0000,0.0000
104.192,389.6577,-0.4236,269.6192,0.2510,3.8000,-0.4500,356.8284,180.7108,359.3021,0.0000,0.0000,0.0000
104.317,389.4039,-0.4595,269.5864,0.2510,3.8000,-0.4500,356.9396,180.7097,359.5302,0.0000,0.0000,0.0000
104.442,389.1503,-0.4889,269.5571,0.2510,3.8000,-0.4500,357.0614,180.7089,359.7483,0.0000,0.0000,0.0000
104.566,388.8961,-0.5153,269.5305,0.2510,3.8000,-0.4500,357.1044,180.7087,359.8203,0.0000,0.0000,0.0000
104.691,388.6443,-0.5295,269.5041,0.2510,3.8000,-0.4500,357.3546,180.7087,0.1698,0.0000,0.0000,0.0000
104.791,388.4328,-0.5441,269.4842,0.2510,3.8000,-0.4500,357.3546,180.7087,0.1698,0.0000,0.0000,0.0000
104.900,388.1808,-0.5510,269.4607,0.2510,3.8000,-0.4500,357.5885,180.7099,0.4088,0.0000,0.0000,0.0000
105.025,387.9280,-0.5580,269.4391,0.2510,3.8000,-0.4500,357.6521,180.7104,0.4603,0.0000,0.0000,0.0000
105.150,387.6757,-0.5593,269.4173,0.2510,3.8000,-0.4500,357.7818,180.7116,0.5619,0.0000,0.0000,0.0000
105.275,387.3817,-0.5551,269.3908,0.2510,3.8000,-0.4500,357.9901,180.7138,0.6938,0.0000,0.0000,0.0000
105.399,387.1299,-0.5483,269.3668,0.2510,3.8000,-0.4500,358.1344,180.7157,0.7712,0.0000,0.0000,0.0000
105.514,386.8784,-0.5384,269.3405,0.2510,3.8000,-0.4500,358.2811,180.7178,0.8396,0.0000,0.0000,0.0000
105.625,386.6700,-0.5274,269.3071,0.2510,3.8000,-0.4500,358.4393,180.7202,0.8965,0.0000,0.0000,0.0000
105.739,386.4221,-0.5134,269.2417,0.2510,3.8000,-0.4500,358.5178,180.7214,0.9232,0.0000,0.0000,0.0000
105.840,386.2175,-0.4989,269.1655,0.2510,3.8000,-0.4500,358.6774,180.7240,0.9615,0.0000,0.0000,0.0000
105.942,386.0139,-0.4844,269.0743,0.2510,3.8000,-0.4500,358.7589,180.7254,0.9740,0.0000,0.0000,0.0000
106.052,385.7710,-0.4653,268.9490,0.2510,3.8000,-0.4500,358.9238,180.7282,0.9917,0.0000,0.0000,0.0000
106.164,385.5692,-0.4488,268.8354,0.2510,3.8000,-0.4500,359.0892,180.7311,0.9910,0.0000,0.0000,0.0000
106.274,385.3273,-0.4299,268.6925,0.2510,3.8000,-0.4500,359.1710,180.7325,0.9830,0.0000,0.0000,0.0000
106.399,385.0861,-0.4111,268.5398,0.2510,3.8000,-0.4500,359.2529,180.7339,0.9738,0.0000,0.0000,0.0000
106.524,384.8456,-0.3924,268.3659,0.2510,3.8000,-0.4500,359.4934,180.7379,0.9166,0.0000,0.0000,0.0000
106.649,384.6065,-0.3755,268.1726,0.2510,3.8000,-0.4500,359.5695,180.7391,0.8873,0.0000,0.0000,0.0000
106.760,384.3681,-0.3599,267.9627,0.2510,3.8000,-0.4500,359.7182,180.7413,0.8203,0.0000,0.0000,0.0000
106.871,384.1699,-0.3481,267.7795,0.2510,3.8000,-0.4500,359.7906,180.7423,0.7838,0.0000,0.0000,0.0000
106.982,383.9317,-0.3362,267.5519,0.2510,3.8000,-0.4500,-0.0027,180.7449,0.6484,0.0000,0.0000,0.0000
107.107,383.6942,-0.3255,267.3206,0.2510,3.8000,-0.4500,-0.0027,180.7449,0.6484,0.0000,0.0000,0.0000
107.222,383.4552,-0.3182,267.0846,0.2510,3.8000,-0.4500,0.1855,180.7468,0.4865,0.0000,0.0000,0.0000
107.332,383.2161,-0.3130,266.8466,0.2510,3.8000,-0.4500,0.3012,180.7477,0.3635,0.0000,0.0000,0.0000
107.441,383.0168,-0.3100,266.6471,0.2510,3.8000,-0.4500,0.3575,180.7480,0.3019,0.0000,0.0000,0.0000
107.552,382.7765,-0.3099,266.4058,0.2510,3.8000,-0.4500,0.5123,180.7485,0.1057,0.0000,0.0000,0.0000
107.677,382.5367,-0.3108,266.1642,0.2510,3.8000,-0.4500,0.5594,180.7486,0.0378,0.0000,0.0000,0.0000
107.788,382.3358,-0.3144,265.9621,0.2510,3.8000,-0.4500,0.6525,180.7485,359.9010,0.0000,0.0000,0.0000
107.913,382.0538,-0.3225,265.6784,0.2510,3.8000,-0.4500,0.7809,180.7481,359.6909,0.0000,0.0000,0.0000
108.038,381.8102,-0.3303,265.4586,0.2510,3.8000,-0.4500,0.8209,180.7479,359.6203,0.0000,0.0000,0.0000
108.163,381.5592,-0.3398,265.3184,0.2510,3.8000,-0.4500,0.8998,180.7472,359.4786,0.0000,0.0000,0.0000
108.263,381.3466,-0.3482,265.2692,0.2510,3.8000,-0.4500,0.9808,180.7464,359.3315,0.0000,0.0000,0.0000
108.372,381.0917,-0.3567,265.2773,0.2510,3.8000,-0.4500,1.0203,180.7459,359.2603,0.0000,0.0000,0.0000
108.485,380.8792,-0.3646,265.3240,0.2510,3.8000,-0.4500,1.1011,180.7448,359.1194,0.0000,0.0000,0.0000
108.593,380.6251,-0.3735,265.4136,0.2510,3.8000,-0.4500,1.1875,180.7433,358.9780,0.0000,0.0000,0.0000
108.705,380.4142,-0.3801,265.5069,0.2510,3.8000,-0.4500,1.2350,180.7425,358.9063,0.0000,0.0000,0.0000
108.830,380.1611,-0.3886,265.6345,0.2510,3.8000,-0.4500,1.3308,180.7405,358.7639,0.0000,0.0000,0.0000
108.955,379.8667,-0.3981,265.8073,0.2510,3.8000,-0.4500,1.4835,180.7369,358.5624,0.0000,0.0000,0.0000
109.065,379.6582,-0.4025,265.9455,0.2510,3.8000,-0.4500,1.4835,180.7369,358.5624,0.0000,0.0000,0.0000
109.191,379.4073,-0.4088,266.1220,0.2510,3.8000,-0.4500,1.6484,180.7325,358.3755,0.0000,0.0000,0.0000
109.315,379.1165,-0.4125,266.3402,0.2510,3.8000,-0.4500,1.6484,180.7325,358.3755,0.0000,0.0000,0.0000
109.441,378.8670,-0.4148,266.5328,0.2510,3.8000,-0.4500,1.7072,180.7308,358.3190,0.0000,0.0000,0.0000
109.565,378.6169,-0.4168,266.7280,0.2510,3.8000,-0.4500,1.8947,180.7251,358.1563,0.0000,0.0000,0.0000
109.690,378.3688,-0.4156,266.9381,0.2510,3.8000,-0.4500,1.8947,180.7251,358.1563,0.0000,0.0000,0.0000
109.816,378.0815,-0.4110,267.2142,0.2510,3.8000,-0.4500,1.8947,180.7251,358.1563,0.0000,0.0000,0.0000
109.926,377.8773,-0.4060,267.4293,0.2510,3.8000,-0.4500,1.9645,180.7228,358.1133,0.0000,0.0000,0.0000
110.052,377.6339,-0.3975,267.7032,0.2510,3.8000,-0.4500,1.9645,180.7228,358.1133,0.0000,0.0000,0.0000
110.176,377.3508,-0.3854,268.0371,0.2510,3.8000,-0.4500,1.9645,180.7228,358.1133,0.0000,0.0000,0.0000
110.276,377.1493,-0.3754,268.2817,0.2510,3.8000,-0.4500,1.9645,180.7228,358.1133,0.0000,0.0000,0.0000
110.385,376.9480,-0.3638,268.5296,0.2510,3.8000,-0.4500,1.9645,180.7228,358.1133,0.0000,0.0000,0.0000
110.496,376.7068,-0.3474,268.8303,0.2510,3.8000,-0.4500,1.9645,180.7228,358.1133,0.0000,0.0000,0.0000
110.621,376.4657,-0.3265,269.1330,0.2510,3.8000,-0.4500,2.1337,180.7171,358.0829,0.0000,0.0000,0.0000
110.736,376.2252,-0.3021,269.4391,0.2510,3.8000,-0.4500,2.1337,180.7171,358.0829,0.0000,0.0000,0.0000
110.857,375.9849,-0.2707,269.7444,0.2510,3.8000,-0.4500,2.3921,180.7085,358.0882,0.0000,0.0000,0.0000
110.982,375.7449,-0.2333,270.0501,0.2510,3.8000,-0.4500,2.6385,180.7004,358.1342,0.0000,0.0000,0.0000
111.107,375.5052,-0.1927,270.3574,0.2510,3.8000,-0.4500,2.6385,180.7004,358.1342,0.0000,0.0000,0.0000
111.219,375.2662,-0.1419,270.6612,0.2510,3.8000,-0.4500,2.9581,180.6902,358.2430,0.0000,0.0000,0.0000
111.329,375.0666,-0.0986,270.9128,0.2510,3.8000,-0.4500,2.9581,180.6902,358.2430,0.0000,0.0000,0.0000
111.454,374.7879,-0.0264,271.2525,0.2510,3.8000,-0.4500,3.2662,180.6812,358.3950,0.0000,0.0000,0.0000
111.579,374.5487,0.0411,271.5352,0.2510,3.8000,-0.4500,3.4842,180.6753,358.5281,0.0000,0.0000,0.0000
111.704,374.3093,0.1126,271.8119,0.2510,3.8000,-0.4500,3.6189,180.6720,358.6194,0.0000,0.0000,0.0000
111.815,374.0700,0.1880,272.0840,0.2510,3.8000,-0.4500,3.6867,180.6703,358.6718,0.0000,0.0000,0.0000
111.940,373.8311,0.2699,272.3519,0.2510,3.8000,-0.4500,3.8216,180.6673,358.7786,0.0000,0.0000,0.0000
112.065,373.5931,0.3577,272.6156,0.2510,3.8000,-0.4500,4.0065,180.6637,358.9452,0.0000,0.0000,0.0000
112.191,373.3544,0.4464,272.8695,0.2510,3.8000,-0.4500,4.0624,180.6627,359.0052,0.0000,0.0000,0.0000
112.302,373.1151,0.5378,273.1097,0.2510,3.8000,-0.4500,4.1181,180.6617,359.0661,0.0000,0.0000,0.0000
112.427,372.8760,0.6331,273.3381,0.2510,3.8000,-0.4500,4.2192,180.6602,359.1970,0.0000,0.0000,0.0000
112.538,372.6369,0.7303,273.5580,0.2510,3.8000,-0.4500,4.3037,180.6591,359.3380,0.0000,0.0000,0.0000
112.663,372.3972,0.8260,273.7729,0.2510,3.8000,-0.4500,4.3037,180.6591,359.3380,0.0000,0.0000,0.0000
112.788,372.1586,0.9261,273.9835,0.2510,3.8000,-0.4500,4.3600,180.6585,359.4946,0.0000,0.0000,0.0000
112.912,371.8796,1.0398,274.2270,0.2510,3.8000,-0.4500,4.3600,180.6585,359.4946,0.0000,0.0000,0.0000
113.037,371.6418,1.1403,274.4323,0.2510,3.8000,-0.4500,4.3790,180.6584,359.6564,0.0000,0.0000,0.0000
113.163,371.4032,1.2368,274.6326,0.2510,3.8000,-0.4500,4.3790,180.6584,359.6564,0.0000,0.0000,0.0000
113.287,371.1650,1.3331,274.8283,0.2510,3.8000,-0.4500,4.3647,180.6585,359.7379,0.0000,0.0000,0.0000
113.399,370.9276,1.4284,275.0206,0.2510,3.8000,-0.4500,4.3169,180.6586,359.8971,0.0000,0.0000,0.0000
113.510,370.7299,1.5056,275.1797,0.2510,3.8000,-0.4500,4.2284,180.6587,0.0415,0.0000,0.0000,0.0000
113.621,370.4923,1.5939,275.3696,0.2510,3.8000,-0.4500,4.1707,180.6586,0.1060,0.0000,0.0000,0.0000
113.746,370.2558,1.6796,275.5602,0.2510,3.8000,-0.4500,3.9897,180.6580,0.2886,0.0000,0.0000,0.0000
113.871,370.0193,1.7599,275.7516,0.2510,3.8000,-0.4500,3.7690,180.6566,0.4221,0.0000,0.0000,0.0000
113.982,369.7825,1.8348,275.9438,0.2510,3.8000,-0.4500,3.6222,180.6554,0.4996,0.0000,0.0000,0.0000
114.107,369.5461,1.9031,276.1391,0.2510,3.8000,-0.4500,3.2189,180.6514,0.6213,0.0000,0.0000,0.0000
114.232,369.2696,1.9747,276.3675,0.2510,3.8000,-0.4500,2.9656,180.6486,0.6585,0.0000,0.0000,0.0000
114.357,369.0325,2.0283,276.5653,0.2510,3.8000,-0.4500,2.7183,180.6457,0.6822,0.0000,0.0000,0.0000
114.482,368.7950,2.0734,276.7651,0.2510,3.8000,-0.4500,2.3873,180.6417,0.6826,0.0000,0.0000,0.0000
114.606,368.5565,2.1097,276.9601,0.2510,3.8000,-0.4500,2.0529,180.6378,0.6589,0.0000,0.0000,0.0000
114.732,368.2764,2.1390,277.1762,0.2510,3.8000,-0.4500,1.5388,180.6322,0.5761,0.0000,0.0000,0.0000
114.857,368.0351,2.1559,277.3507,0.2510,3.8000,-0.4500,1.2976,180.6299,0.5221,0.0000,0.0000,0.0000
114.968,367.8326,2.1600,277.4930,0.2510,3.8000,-0.4500,0.8904,180.6266,0.4089,0.0000,0.0000,0.0000
115.093,367.5481,2.1561,277.6864,0.2510,3.8000,-0.4500,0.4898,180.6242,0.2748,0.0000,0.0000,0.0000
115.206,367.3443,2.1457,277.8223,0.2510,3.8000,-0.4500,0.2564,180.6232,0.1882,0.0000,0.0000,0.0000
115.315,367.0990,2.1236,277.9846,0.2510,3.8000,-0.4500,359.9458,180.6226,0.0653,0.0000,0.0000,0.0000
115.440,366.8527,2.0900,278.1471,0.2510,3.8000,-0.4500,359.5446,180.6227,359.8915,0.0000,0.0000,0.0000
115.551,366.6473,2.0561,278.2815,0.2510,3.8000,-0.4500,359.3156,180.6233,359.7885,0.0000,0.0000,0.0000
115.676,366.3578,1.9967,278.4557,0.2510,3.8000,-0.4500,358.9424,180.6253,359.6110,0.0000,0.0000,0.0000
115.789,366.1489,1.9465,278.5619,0.2510,3.8000,-0.4500,358.6370,180.6278,359.4593,0.0000,0.0000,0.0000
115.898,365.8965,1.8815,278.6692,0.2510,3.8000,-0.4500,358.4177,180.6301,359.3476,0.0000,0.0000,0.0000
116.010,365.6846,1.8208,278.7467,0.2510,3.8000,-0.4500,358.1856,180.6329,359.2260,0.0000,0.0000,0.0000
116.134,365.3867,1.7296,278.8420,0.2510,3.8000,-0.4500,357.9604,180.6362,359.1062,0.0000,0.0000,0.0000
116.248,365.1731,1.6581,278.9049,0.2510,3.8000,-0.4500,357.7361,180.6400,358.9848,0.0000,0.0000,0.0000
116.356,364.9163,1.5678,278.9770,0.2510,3.8000,-0.4500,357.5168,180.6441,358.8643,0.0000,0.0000,0.0000
116.481,364.6592,1.4723,279.0474,0.2510,3.8000,-0.4500,357.3004,180.6486,358.7444,0.0000,0.0000,0.0000
116.606,364.4027,1.3763,279.1163,0.2510,3.8000,-0.4500,357.3004,180.6486,358.7444,0.0000,0.0000,0.0000
116.731,364.1456,1.2738,279.1844,0.2510,3.8000,-0.4500,357.1560,180.6519,358.6644,0.0000,0.0000,0.0000
116.856,363.8487,1.1544,279.1691,0.2510,3.8000,-0.4500,356.9396,180.6572,358.5455,0.0000,0.0000,0.0000
116.981,363.6034,1.0626,279.0099,0.2510,3.8000,-0.4500,356.9396,180.6571,358.5455,0.0000,0.0000,0.0000
117.106,363.3659,0.9785,278.7303,0.2510,3.8000,-0.4500,356.9396,180.6572,358.5455,0.0000,0.0000,0.0000
117.232,363.0958,0.8885,278.2940,0.2510,3.8000,-0.4500,356.9396,180.6572,358.5455,0.0000,0.0000,0.0000
117.356,362.8682,0.8166,277.8592,0.2510,3.8000,-0.4500,356.9396,180.6572,358.5455,0.0000,0.0000,0.0000
117.481,362.6426,0.7480,277.3901,0.2510,3.8000,-0.4500,356.9396,180.6571,358.5455,0.0000,0.0000,0.0000
117.592,362.4184,0.6818,276.8996,0.2510,3.8000,-0.4500,356.9396,180.6572,358.5454,0.0000,0.0000,0.0000
117.721,362.1950,0.6174,276.3962,0.2510,3.8000,-0.4500,356.9396,180.6572,358.5454,0.0000,0.0000,0.0000
117.831,362.0093,0.5649,275.9706,0.2510,3.8000,-0.4500,356.9396,180.6572,358.5454,0.0000,0.0000,0.0000
117.942,361.7869,0.5033,275.4555,0.2510,3.8000,-0.4500,356.9396,180.6572,358.5454,0.0000,0.0000,0.0000
118.051,361.6015,0.4532,275.0237,0.2510,3.8000,-0.4500,356.9396,180.6572,358.5454,0.0000,0.0000,0.0000
118.175,361.3425,0.3853,274.4170,0.2510,3.8000,-0.4500,356.9396,180.6572,358.5454,0.0000,0.0000,0.0000
118.276,361.1574,0.3383,273.9832,0.2510,3.8000,-0.4500,356.9396,180.6572,358.5454,0.0000,0.0000,0.0000
118.384,360.9724,0.2929,273.5504,0.2510,3.8000,-0.4500,356.9396,180.6572,358.5454,0.0000,0.0000,0.0000
118.509,360.7503,0.2403,273.0323,0.2510,3.8000,-0.4500,356.9396,180.6572,358.5454,0.0000,0.0000,0.0000
118.620,360.5282,0.1901,272.5153,0.2510,3.8000,-0.4500,356.9396,180.6572,358.5454,0.0000,0.0000,0.0000
118.745,360.3063,0.1425,271.9990,0.2510,3.8000,-0.4500,356.9396,180.6572,358.5454,0.0000,0.0000,0.0000
118.870,360.0846,0.0976,271.4830,0.2510,3.8000,-0.4500,356.9396,180.6572,358.5454,0.0000,0.0000,0.0000
118.995,359.8261,0.0534,270.8787,0.2510,3.8000,-0.4500,357.3618,180.6467,358.6138,0.0000,0.0000,0.0000
119.095,359.6412,0.0210,270.4510,0.2510,3.8000,-0.4500,357.3618,180.6467,358.6138,0.0000,0.0000,0.0000
119.203,359.4545,-0.0071,270.0535,0.2510,3.8000,-0.4500,357.6041,180.6409,358.6707,0.0000,0.0000,0.0000
119.328,359.2259,-0.0389,269.6483,0.2510,3.8000,-0.4500,357.9266,180.6337,358.7606,0.0000,0.0000,0.0000
119.453,358.9522,-0.0760,269.2713,0.2510,3.8000,-0.4500,358.0833,180.6304,358.8124,0.0000,0.0000,0.0000
119.579,358.7134,-0.1027,269.0078,0.2510,3.8000,-0.4500,358.3179,180.6257,358.8946,0.0000,0.0000,0.0000
119.704,358.4722,-0.1236,268.7813,0.2510,3.8000,-0.4500,358.6330,180.6199,359.0227,0.0000,0.0000,0.0000
119.828,358.2289,-0.1420,268.5806,0.2510,3.8000,-0.4500,358.7812,180.6175,359.0854,0.0000,0.0000,0.0000
119.940,357.9851,-0.1524,268.3943,0.2510,3.8000,-0.4500,359.0811,180.6131,359.2239,0.0000,0.0000,0.0000
