time_sec,world_x,world_y,world_z,local_x,local_y,local_z,world_rot_x,world_rot_y,world_rot_z,local_rot_x,local_rot_y,local_rot_z
0.000,598.8349,5.2159,250.4544,0.2510,3.8000,-0.4500,0.0000,180.0000,0.0000,0.0000,0.0000,0.0000
0.000,598.8349,5.2159,250.4544,0.2510,3.8000,-0.4500,0.0000,180.0000,0.0000,0.0000,0.0000,0.0000
0.127,598.5438,4.9589,250.4605,0.2510,3.8000,-0.4500,0.0000,180.0000,0.0000,0.0000,0.0000,0.0000
0.237,598.1249,4.5996,250.4659,0.2510,3.8000,-0.4500,0.0000,180.0000,0.0000,0.0000,0.0000,0.0000
0.349,597.5930,4.1497,250.4707,0.2510,3.8000,-0.4500,0.0000,180.0000,0.0000,0.0000,0.0000,0.0000
0.460,597.0726,3.7129,250.4751,0.2510,3.8000,-0.4500,0.0000,180.0000,0.0000,0.0000,0.0000,0.0000
0.573,596.3661,3.1227,250.4850,0.2510,3.8000,-0.4500,0.0000,180.0000,0.0000,0.0000,0.0000,0.0000
0.682,595.7164,2.5814,250.4988,0.2510,3.8000,-0.4500,0.0000,180.0000,0.0000,0.0000,0.0000,0.0000
0.793,594.8713,1.8789,250.5228,0.2510,3.8000,-0.4500,0.0000,180.0000,0.0000,0.0000,0.0000,0.0000
0.905,594.1183,1.2539,250.5491,0.2510,3.8000,-0.4500,0.0000,180.0000,0.0000,0.0000,0.0000,0.0000
1.016,593.1625,0.4615,250.5878,0.2510,3.8000,-0.4500,0.0000,180.0000,0.0000,0.0000,0.0000,0.0000
1.127,592.3270,-0.2305,250.6256,0.2510,3.8000,-0.4500,0.0000,180.0000,0.0000,0.0000,0.0000,0.0000
1.238,591.2827,-1.0949,250.6771,0.2510,3.8000,-0.4500,0.0000,180.0000,0.0000,0.0000,0.0000,0.0000
1.349,590.1976,-1.9923,250.7347,0.2510,3.8000,-0.4500,0.0000,180.0000,0.0000,0.0000,0.0000,0.0000
1.461,589.4041,-2.7059,250.7917,0.2510,3.8000,-0.4500,358.8495,180.0000,0.0035,0.0000,0.0000,0.0000
1.572,588.7571,-3.3393,250.8818,0.2510,3.8000,-0.4500,354.8767,179.9993,0.0132,0.0000,0.0000,0.0000
1.683,588.3635,-3.6190,250.9671,0.2510,3.8000,-0.4500,352.6174,179.9988,0.0142,0.0000,0.0000,0.0000
1.794,587.9875,-3.7529,251.0821,0.2510,3.8000,-0.4500,351.2130,179.9985,0.0066,0.0000,0.0000,0.0000
1.906,587.7202,-3.7810,251.1834,0.2510,3.8000,-0.4500,350.7466,179.9985,-0.0030,0.0000,0.0000,0.0000
2.016,587.4297,-3.7980,251.3034,0.2510,3.8000,-0.4500,350.7466,179.9985,-0.0029,0.0000,0.0000,0.0000
2.128,587.1576,-3.8540,251.4178,0.2510,3.8000,-0.4500,350.7466,179.9985,-0.0030,0.0000,0.0000,0.0000
2.239,586.9386,-3.9448,251.5067,0.2510,3.8000,-0.4500,350.7466,179.9985,-0.0030,0.0000,0.0000,0.0000
2.351,586.6809,-4.1027,251.6060,0.2510,3.8000,-0.4500,350.7466,179.9985,-0.0030,0.0000,0.0000,0.0000
2.462,586.4685,-4.2633,251.6844,0.2510,3.8000,-0.4500,350.7466,179.9985,-0.0029,0.0000,0.0000,0.0000
2.572,586.2153,-4.4742,251.7759,0.2510,3.8000,-0.4500,350.7466,179.9985,-0.0029,0.0000,0.0000,0.0000
2.684,586.0049,-4.6541,251.8518,0.2510,3.8000,-0.4500,350.7466,179.9985,-0.0030,0.0000,0.0000,0.0000
2.796,585.7529,-4.8658,251.9441,0.2510,3.8000,-0.4500,350.7466,179.9985,-0.0030,0.0000,0.0000,0.0000
2.906,585.5427,-5.0357,252.0225,0.2510,3.8000,-0.4500,350.7466,179.9985,-0.0030,0.0000,0.0000,0.0000
3.017,585.2904,-5.2315,252.1182,0.2510,3.8000,-0.4500,350.7466,179.9985,-0.0030,0.0000,0.0000,0.0000
3.128,585.0377,-5.4206,252.2150,0.2510,3.8000,-0.4500,350.7466,179.9985,-0.0030,0.0000,0.0000,0.0000
3.240,584.8260,-5.5779,252.2956,0.2510,3.8000,-0.4500,350.7606,179.9985,359.8355,0.0000,0.0000,0.0000
3.350,584.5718,-5.7656,252.3917,0.2510,3.8000,-0.4500,350.8290,179.9981,359.5961,0.0000,0.0000,0.0000
3.462,584.3599,-5.9220,252.4707,0.2510,3.8000,-0.4500,350.9411,179.9971,359.3738,0.0000,0.0000,0.0000
3.573,584.1068,-6.1083,252.5653,0.2510,3.8000,-0.4500,351.0394,179.9959,359.2329,0.0000,0.0000,0.0000
3.685,583.8954,-6.2650,252.6434,0.2510,3.8000,-0.4500,351.1939,179.9935,359.0315,0.0000,0.0000,0.0000
3.794,583.6418,-6.4525,252.7371,0.2510,3.8000,-0.4500,351.4322,179.9889,358.7916,0.0000,0.0000,0.0000
3.906,583.4312,-6.6073,252.8167,0.2510,3.8000,-0.4500,351.5549,179.9862,358.6826,0.0000,0.0000,0.0000
4.017,583.1781,-6.7921,252.9130,0.2510,3.8000,-0.4500,351.8149,179.9797,358.4773,0.0000,0.0000,0.0000
4.128,582.9251,-6.9739,253.0112,0.2510,3.8000,-0.4500,352.1084,179.9713,358.2880,0.0000,0.0000,0.0000
4.241,582.7147,-7.1227,253.0956,0.2510,3.8000,-0.4500,352.3256,179.9645,358.1603,0.0000,0.0000,0.0000
4.351,582.4623,-7.2968,253.1989,0.2510,3.8000,-0.4500,352.6292,179.9542,358.0178,0.0000,0.0000,0.0000
4.475,582.2103,-7.4653,253.3048,0.2510,3.8000,-0.4500,352.9381,179.9431,357.9005,0.0000,0.0000,0.0000
4.587,581.9999,-7.5998,253.3938,0.2510,3.8000,-0.4500,353.3417,179.9279,357.7960,0.0000,0.0000,0.0000
4.698,581.7479,-7.7544,253.5028,0.2510,3.8000,-0.4500,353.6683,179.9150,357.7455,0.0000,0.0000,0.0000
4.809,581.4958,-7.8991,253.6120,0.2510,3.8000,-0.4500,354.0873,179.8983,357.7191,0.0000,0.0000,0.0000
4.920,581.2856,-8.0115,253.7032,0.2510,3.8000,-0.4500,354.4419,179.8842,357.7355,0.0000,0.0000,0.0000
5.031,581.0334,-8.1344,253.8121,0.2510,3.8000,-0.4500,354.9740,179.8633,357.7995,0.0000,0.0000,0.0000
5.142,580.8232,-8.2270,253.9026,0.2510,3.8000,-0.4500,355.3982,179.8473,357.8866,0.0000,0.0000,0.0000
5.253,580.5708,-8.3251,254.0102,0.2510,3.8000,-0.4500,355.8997,179.8293,358.0299,0.0000,0.0000,0.0000
5.364,580.3604,-8.3950,254.0986,0.2510,3.8000,-0.4500,356.3223,179.8153,358.1809,0.0000,0.0000,0.0000
5.475,580.1080,-8.4636,254.2024,0.2510,3.8000,-0.4500,356.8416,179.7997,358.3993,0.0000,0.0000,0.0000
5.587,579.8978,-8.5074,254.2866,0.2510,3.8000,-0.4500,357.2862,179.7881,358.6116,0.0000,0.0000,0.0000
5.697,579.6460,-8.5430,254.3842,0.2510,3.8000,-0.4500,357.8338,179.7762,358.9017,0.0000,0.0000,0.0000
5.808,579.3948,-8.5594,254.4775,0.2510,3.8000,-0.4500,358.3950,179.7670,359.2287,0.0000,0.0000,0.0000
5.919,579.1861,-8.5578,254.5519,0.2510,3.8000,-0.4500,358.8712,179.7618,359.5277,0.0000,0.0000,0.0000
6.031,578.9369,-8.5373,254.6371,0.2510,3.8000,-0.4500,359.4506,179.7590,359.9162,0.0000,0.0000,0.0000
6.142,578.7306,-8.5044,254.7050,0.2510,3.8000,-0.4500,359.9378,179.7597,0.2626,0.0000,0.0000,0.0000
6.253,578.4848,-8.4457,254.7833,0.2510,3.8000,-0.4500,0.5253,179.7646,0.7025,0.0000,0.0000,0.0000
6.364,578.2822,-8.3807,254.8465,0.2510,3.8000,-0.4500,1.0149,179.7723,1.0868,0.0000,0.0000,0.0000
6.475,578.0419,-8.2833,254.9215,0.2510,3.8000,-0.4500,1.6000,179.7858,1.5658,0.0000,0.0000,0.0000
6.586,577.8448,-8.1861,254.9847,0.2510,3.8000,-0.4500,2.0833,179.8008,1.9771,0.0000,0.0000,0.0000
6.697,577.6120,-8.0503,255.0624,0.2510,3.8000,-0.4500,2.6559,179.8230,2.4813,0.0000,0.0000,0.0000
6.809,577.3840,-7.8938,255.1430,0.2510,3.8000,-0.4500,3.2173,179.8499,2.9933,0.0000,0.0000,0.0000
6.920,577.1981,-7.7479,255.2131,0.2510,3.8000,-0.4500,3.6742,179.8755,3.4225,0.0000,0.0000,0.0000
7.031,576.9800,-7.5549,255.3012,0.2510,3.8000,-0.4500,4.2063,179.9099,3.9371,0.0000,0.0000,0.0000
7.143,576.8028,-7.3795,255.3787,0.2510,3.8000,-0.4500,4.6339,179.9409,4.3625,0.0000,0.0000,0.0000
7.253,576.5958,-7.1521,255.4772,0.2510,3.8000,-0.4500,5.1249,179.9807,4.8653,0.0000,0.0000,0.0000
7.365,576.4281,-6.9494,255.5642,0.2510,3.8000,-0.4500,5.5133,180.0153,5.2752,0.0000,0.0000,0.0000
7.475,576.2328,-6.6909,255.6743,0.2510,3.8000,-0.4500,5.9516,180.0578,5.7527,0.0000,0.0000,0.0000
7.586,576.0748,-6.4638,255.7709,0.2510,3.8000,-0.4500,6.2913,180.0934,6.1361,0.0000,0.0000,0.0000
7.698,575.8909,-6.1784,255.8927,0.2510,3.8000,-0.4500,6.6656,180.1353,6.5757,0.0000,0.0000,0.0000
7.808,575.7131,-5.8800,256.0214,0.2510,3.8000,-0.4500,7.0008,180.1755,6.9901,0.0000,0.0000,0.0000
7.920,575.5687,-5.6236,256.1342,0.2510,3.8000,-0.4500,7.2039,180.2010,7.2562,0.0000,0.0000,0.0000
8.031,575.3997,-5.3072,256.2754,0.2510,3.8000,-0.4500,7.3997,180.2267,7.5304,0.0000,0.0000,0.0000
8.142,575.2617,-5.0384,256.3976,0.2510,3.8000,-0.4500,7.4942,180.2394,7.6689,0.0000,0.0000,0.0000
8.253,575.1012,-4.7045,256.5471,0.2510,3.8000,-0.4500,7.7150,180.2701,8.0329,0.0000,0.0000,0.0000
8.378,574.9422,-4.3709,256.7006,0.2510,3.8000,-0.4500,7.7531,180.2755,8.1015,0.0000,0.0000,0.0000
8.489,574.7868,-4.0304,256.8518,0.2510,3.8000,-0.4500,7.8532,180.2901,8.3302,0.0000,0.0000,0.0000
8.600,574.6569,-3.7487,256.9782,0.2510,3.8000,-0.4500,7.8532,180.2901,8.3302,0.0000,0.0000,0.0000
8.712,574.5033,-3.4072,257.1289,0.2510,3.8000,-0.4500,7.8855,180.2949,8.4881,0.0000,0.0000,0.0000
8.822,574.3752,-3.1258,257.2556,0.2510,3.8000,-0.4500,7.8855,180.2950,8.4881,0.0000,0.0000,0.0000
8.937,574.2213,-2.7910,257.3871,0.2510,3.8000,-0.4500,7.8855,180.2949,8.4881,0.0000,0.0000,0.0000
9.058,574.0652,-2.4780,257.3452,0.2510,3.8000,-0.4500,7.8549,180.2903,8.5615,0.0000,0.0000,0.0000
9.170,573.9070,-2.1873,257.1711,0.2510,3.8000,-0.4500,7.8079,180.2831,8.6249,0.0000,0.0000,0.0000
9.281,573.7748,-1.9581,256.9625,0.2510,3.8000,-0.4500,7.7586,180.2755,8.6861,0.0000,0.0000,0.0000
9.394,573.6152,-1.6953,256.6638,0.2510,3.8000,-0.4500,7.6839,180.2640,8.7229,0.0000,0.0000,0.0000
9.503,573.4823,-1.4844,256.3907,0.2510,3.8001,-0.4500,7.4546,180.2283,8.8147,0.0000,0.0000,0.0000
9.615,573.3214,-1.2401,256.0408,0.2510,3.8000,-0.4500,7.2939,180.2032,8.8234,0.0000,0.0000,0.0000
9.725,573.1863,-1.0452,255.7328,0.2510,3.8000,-0.4500,6.9725,180.1530,8.7846,0.0000,0.0000,0.0000
9.836,573.0239,-0.8176,255.3434,0.2510,3.8000,-0.4500,6.8185,180.1291,8.7367,0.0000,0.0000,0.0000
9.947,572.8859,-0.6385,255.0101,0.2510,3.8000,-0.4500,6.4363,180.0705,8.5496,0.0000,0.0000,0.0000
10.058,572.7197,-0.4266,254.5999,0.2510,3.8000,-0.4500,6.3002,180.0500,8.4657,0.0000,0.0000,0.0000
10.170,572.5482,-0.2292,254.1907,0.2510,3.8000,-0.4500,5.8821,179.9887,8.1191,0.0000,0.0000,0.0000
10.281,572.4009,-0.0693,253.8795,0.2510,3.8000,-0.4500,5.5723,179.9451,7.8213,0.0000,0.0000,0.0000
10.393,572.2188,0.1212,253.5653,0.2510,3.8000,-0.4500,5.3472,179.9146,7.5770,0.0000,0.0000,0.0000
10.503,572.0616,0.2777,253.4445,0.2510,3.8000,-0.4500,5.0471,179.8754,7.2252,0.0000,0.0000,0.0000
10.614,571.8685,0.4642,253.4404,0.2510,3.8000,-0.4500,4.6757,179.8296,6.7827,0.0000,0.0000,0.0000
10.725,571.7037,0.6127,253.5051,0.2510,3.8000,-0.4500,4.3525,179.7921,6.3991,0.0000,0.0000,0.0000
10.836,571.5006,0.7778,253.6276,0.2510,3.8000,-0.4500,3.9451,179.7481,5.9144,0.0000,0.0000,0.0000
10.945,571.3270,0.9019,253.7505,0.2510,3.8000,-0.4500,3.5938,179.7129,5.4884,0.0000,0.0000,0.0000
11.056,571.1131,1.0332,253.9099,0.2510,3.8000,-0.4500,3.1676,179.6739,4.9518,0.0000,0.0000,0.0000
11.167,570.9305,1.1271,254.0464,0.2510,3.8000,-0.4500,2.8171,179.6449,4.4857,0.0000,0.0000,0.0000
11.278,570.7061,1.2212,254.2095,0.2510,3.8000,-0.4500,2.4118,179.6151,3.9069,0.0000,0.0000,0.0000
11.389,570.4763,1.2952,254.3684,0.2510,3.8000,-0.4500,2.0333,179.5912,3.3104,0.0000,0.0000,0.0000
11.500,570.2810,1.3423,254.4954,0.2510,3.8000,-0.4500,1.7455,179.5758,2.8026,0.0000,0.0000,0.0000
11.611,570.0421,1.3821,254.6376,0.2510,3.8000,-0.4500,1.4408,179.5625,2.1833,0.0000,0.0000,0.0000
11.722,569.8394,1.4023,254.7468,0.2510,3.8000,-0.4500,1.2262,179.5553,1.6614,0.0000,0.0000,0.0000
11.833,569.5927,1.4121,254.8675,0.2510,3.8000,-0.4500,1.0207,179.5504,1.0310,0.0000,0.0000,0.0000
11.945,569.3841,1.4084,254.9607,0.2510,3.8000,-0.4500,0.8837,179.5485,0.5045,0.0000,0.0000,0.0000
12.055,569.1312,1.3894,255.0657,0.2510,3.8000,-0.4500,0.7312,179.5480,359.8737,0.0000,0.0000,0.0000
12.167,568.9180,1.3609,255.1446,0.2510,3.8000,-0.4500,0.5961,179.5489,359.3506,0.0000,0.0000,0.0000
12.278,568.6596,1.3112,255.2273,0.2510,3.8000,-0.4500,0.4137,179.5520,358.7283,0.0000,0.0000,0.0000
12.390,568.3990,1.2442,255.3019,0.2510,3.8000,-0.4500,0.2056,179.5578,358.1144,0.0000,0.0000,0.0000
12.500,568.1812,1.1752,255.3631,0.2510,3.8000,-0.4500,0.0128,179.5650,357.6115,0.0000,0.0000,0.0000
12.611,567.9196,1.0766,255.4406,0.2510,3.8000,-0.4500,359.7594,179.5769,357.0208,0.0000,0.0000,0.0000
12.722,567.7022,0.9813,255.5115,0.2510,3.8000,-0.4500,359.5313,179.5897,356.5418,0.0000,0.0000,0.0000
12.834,567.4423,0.8512,255.6072,0.2510,3.8000,-0.4500,359.2392,179.6088,355.9857,0.0000,0.0000,0.0000
12.944,567.2271,0.7301,255.6968,0.2510,3.8000,-0.4500,358.9821,179.6279,355.5406,0.0000,0.0000,0.0000
13.055,566.9708,0.5697,255.8164,0.2510,3.8000,-0.4500,358.6595,179.6545,355.0315,0.0000,0.0000,0.0000
13.166,566.7589,0.4238,255.9262,0.2510,3.8000,-0.4500,358.3814,179.6797,354.6308,0.0000,0.0000,0.0000
13.278,566.5070,0.2350,256.0695,0.2510,3.8000,-0.4500,358.0392,179.7133,354.1813,0.0000,0.0000,0.0000
13.389,566.2581,0.0318,256.2249,0.2510,3.8000,-0.4500,357.6917,179.7500,353.7693,0.0000,0.0000,0.0000
13.503,566.0528,-0.1478,256.3630,0.2510,3.8000,-0.4500,357.4009,179.7826,353.4571,0.0000,0.0000,0.0000
13.611,565.8087,-0.3722,256.5377,0.2510,3.8000,-0.4500,357.1525,179.8116,353.2192,0.0000,0.0000,0.0000
13.722,565.6068,-0.5710,256.6903,0.2510,3.8000,-0.4500,356.8266,179.8513,352.9343,0.0000,0.0000,0.0000
13.833,565.3671,-0.8149,256.8796,0.2510,3.8000,-0.4500,356.6156,179.8778,352.7759,0.0000,0.0000,0.0000
13.946,565.1686,-1.0276,257.0426,0.2510,3.8000,-0.4500,356.3340,179.9140,352.5806,0.0000,0.0000,0.0000
14.054,564.9324,-1.2879,257.2433,0.2510,3.8000,-0.4500,356.1092,179.9436,352.4556,0.0000,0.0000,0.0000
14.166,564.7370,-1.5097,257.4138,0.2510,3.8000,-0.4500,355.9597,179.9636,352.3786,0.0000,0.0000,0.0000
14.278,564.5036,-1.7815,257.6224,0.2510,3.8000,-0.4500,355.7315,179.9944,352.2894,0.0000,0.0000,0.0000
14.389,564.2712,-2.0576,257.8343,0.2510,3.8000,-0.4500,355.4904,180.0273,352.2262,0.0000,0.0000,0.0000
14.499,564.0784,-2.2883,258.0118,0.2510,3.8000,-0.4500,355.4099,180.0383,352.2109,0.0000,0.0000,0.0000
14.611,563.8475,-2.5684,258.2274,0.2510,3.8000,-0.4500,355.0745,180.0844,352.2115,0.0000,0.0000,0.0000
14.722,563.6550,-2.7997,258.4034,0.2510,3.8000,-0.4500,355.0745,180.0844,352.2115,0.0000,0.0000,0.0000
14.834,563.4234,-3.0683,258.4903,0.2510,3.8000,-0.4500,354.8312,180.1176,352.2803,0.0000,0.0000,0.0000
14.943,563.2288,-3.2773,258.4551,0.2510,3.8000,-0.4500,354.6101,180.1475,352.4009,0.0000,0.0000,0.0000
15.055,562.9932,-3.5156,258.3424,0.2510,3.8000,-0.4500,354.4815,180.1646,352.4989,0.0000,0.0000,0.0000
15.166,562.7965,-3.7042,258.2177,0.2510,3.8000,-0.4500,354.2596,180.1935,352.7480,0.0000,0.0000,0.0000
15.277,562.5592,-3.9220,258.0488,0.2510,3.8000,-0.4500,354.0895,180.2149,353.0204,0.0000,0.0000,0.0000
15.388,562.3206,-4.1312,257.8696,0.2510,3.8000,-0.4500,353.9553,180.2310,353.3192,0.0000,0.0000,0.0000
15.500,562.1213,-4.2987,257.7173,0.2510,3.8000,-0.4500,353.8469,180.2435,353.6424,0.0000,0.0000,0.0000
15.611,561.8809,-4.4940,257.5347,0.2510,3.8000,-0.4500,353.7603,180.2530,353.9705,0.0000,0.0000,0.0000
15.722,561.6800,-4.6506,257.3853,0.2510,3.8000,-0.4500,353.6874,180.2605,354.2997,0.0000,0.0000,0.0000
15.833,561.4377,-4.8331,257.2112,0.2510,3.8000,-0.4500,353.6279,180.2663,354.6388,0.0000,0.0000,0.0000
15.943,561.2354,-4.9774,257.0735,0.2510,3.8000,-0.4500,353.5618,180.2723,355.0716,0.0000,0.0000,0.0000
16.054,560.9905,-5.1477,256.9189,0.2510,3.8000,-0.4500,353.5186,180.2759,355.4022,0.0000,0.0000,0.0000
16.166,560.7863,-5.2821,256.7998,0.2510,3.8000,-0.4500,353.4707,180.2796,355.8259,0.0000,0.0000,0.0000
16.277,560.5392,-5.4401,256.6682,0.2510,3.8000,-0.4500,353.4388,180.2819,356.1490,0.0000,0.0000,0.0000
16.388,560.2919,-5.5880,256.5487,0.2510,3.8000,-0.4500,353.3981,180.2845,356.6518,0.0000,0.0000,0.0000
16.499,560.0842,-5.7086,256.4583,0.2510,3.8000,-0.4500,353.3817,180.2854,356.9087,0.0000,0.0000,0.0000
16.624,559.8351,-5.8438,256.3650,0.2510,3.8000,-0.4500,353.3554,180.2867,357.4146,0.0000,0.0000,0.0000
16.736,559.5837,-5.9773,256.2992,0.2510,3.8000,-0.4500,353.3482,180.2870,357.6768,0.0000,0.0000,0.0000
16.847,559.3750,-6.0836,256.2926,0.2510,3.8000,-0.4500,353.3431,180.2872,358.1107,0.0000,0.0000,0.0000
16.959,559.1228,-6.2123,256.3166,0.2510,3.8000,-0.4500,353.3489,180.2871,358.3628,0.0000,0.0000,0.0000
17.069,558.8715,-6.3304,256.3583,0.2510,3.8000,-0.4500,353.3780,180.2864,358.8711,0.0000,0.0000,0.0000
17.179,558.6604,-6.4276,256.3972,0.2510,3.8000,-0.4500,353.3962,180.2860,359.0378,0.0000,0.0000,0.0000
17.306,558.4081,-6.5326,256.4445,0.2510,3.8000,-0.4500,353.4518,180.2853,359.4530,0.0000,0.0000,0.0000
17.416,558.1551,-6.6300,256.4890,0.2510,3.8000,-0.4500,353.5139,180.2849,359.7774,0.0000,0.0000,0.0000
17.528,557.9017,-6.7196,256.5309,0.2510,3.8000,-0.4500,353.5694,180.2848,0.0204,0.0000,0.0000,0.0000
17.640,557.6924,-6.7830,256.5645,0.2510,3.8000,-0.4500,353.6829,180.2853,0.4312,0.0000,0.0000,0.0000
17.763,557.4401,-6.8556,256.6051,0.2510,3.8000,-0.4500,353.7651,180.2861,0.6734,0.0000,0.0000,0.0000
17.875,557.1892,-6.9176,256.6468,0.2510,3.8000,-0.4500,353.8825,180.2878,0.9842,0.0000,0.0000,0.0000
17.985,556.9808,-6.9632,256.6841,0.2510,3.8000,-0.4500,353.9794,180.2896,1.2085,0.0000,0.0000,0.0000
18.097,556.7327,-7.0071,256.7325,0.2510,3.8000,-0.4500,354.1741,180.2944,1.5883,0.0000,0.0000,0.0000
18.209,556.4857,-7.0442,256.7871,0.2510,3.8000,-0.4500,354.3416,180.2995,1.8717,0.0000,0.0000,0.0000
18.319,556.2805,-7.0704,256.8381,0.2510,3.8000,-0.4500,354.4300,180.3025,2.0080,0.0000,0.0000,0.0000
18.431,556.0378,-7.0875,256.9048,0.2510,3.8000,-0.4500,354.7372,180.3145,2.4184,0.0000,0.0000,0.0000
18.542,555.8352,-7.0997,256.9669,0.2510,3.8000,-0.4500,354.8395,180.3189,2.5424,0.0000,0.0000,0.0000
18.652,555.5953,-7.1014,257.0471,0.2510,3.8000,-0.4500,355.1319,180.3328,2.8525,0.0000,0.0000,0.0000
18.764,555.3975,-7.0941,257.1191,0.2510,3.8000,-0.4500,355.4388,180.3489,3.1434,0.0000,0.0000,0.0000
18.874,555.1609,-7.0794,257.2124,0.2510,3.8000,-0.4500,355.6997,180.3638,3.3605,0.0000,0.0000,0.0000
18.985,554.9651,-7.0597,257.2954,0.2510,3.8000,-0.4500,355.8987,180.3758,3.5160,0.0000,0.0000,0.0000
19.096,554.7332,-7.0227,257.3995,0.2510,3.8000,-0.4500,356.3270,180.4033,3.8139,0.0000,0.0000,0.0000
19.222,554.5031,-6.9768,257.5103,0.2510,3.8000,-0.4500,356.6804,180.4276,4.0373,0.0000,0.0000,0.0000
19.334,554.2755,-6.9186,257.6263,0.2510,3.8000,-0.4500,357.1153,180.4593,4.2842,0.0000,0.0000,0.0000
19.444,554.0870,-6.8639,257.7275,0.2510,3.8000,-0.4500,357.3517,180.4773,4.4055,0.0000,0.0000,0.0000
19.555,553.8638,-6.7845,257.8516,0.2510,3.8000,-0.4500,357.8395,180.5159,4.6411,0.0000,0.0000,0.0000
19.666,553.6797,-6.7098,257.9582,0.2510,3.8000,-0.4500,358.2315,180.5484,4.8157,0.0000,0.0000,0.0000
19.777,553.4600,-6.6119,258.0901,0.2510,3.8000,-0.4500,358.5703,180.5773,4.9528,0.0000,0.0000,0.0000
19.889,553.2430,-6.4997,258.2233,0.2510,3.8000,-0.4500,359.0882,180.6231,5.1490,0.0000,0.0000,0.0000
19.999,553.0640,-6.3979,258.3362,0.2510,3.8000,-0.4500,359.5020,180.6610,5.2934,0.0000,0.0000,0.0000
20.110,552.8511,-6.2666,258.4741,0.2510,3.8000,-0.4500,359.9091,180.6991,5.4234,0.0000,0.0000,0.0000
20.222,552.6755,-6.1477,258.5895,0.2510,3.8000,-0.4500,0.3337,180.7399,5.5470,0.0000,0.0000,0.0000
20.333,552.4666,-5.9952,258.7283,0.2510,3.8000,-0.4500,0.8339,180.7891,5.6790,0.0000,0.0000,0.0000
20.444,552.2936,-5.8612,258.8393,0.2510,3.8000,-0.4500,1.1629,180.8221,5.7563,0.0000,0.0000,0.0000
20.556,552.0875,-5.6936,258.8632,0.2510,3.8000,-0.4500,1.6680,180.8735,5.8616,0.0000,0.0000,0.0000
20.679,551.8821,-5.5248,258.7941,0.2510,3.8000,-0.4500,1.9982,180.9076,5.9208,0.0000,0.0000,0.0000
20.792,551.6779,-5.3521,258.6722,0.2510,3.8000,-0.4500,2.4038,180.9499,5.9828,0.0000,0.0000,0.0000
20.901,551.5079,-5.2070,258.5483,0.2510,3.8000,-0.4500,2.6497,180.9757,6.0099,0.0000,0.0000,0.0000
21.029,551.2701,-5.0008,258.3543,0.2510,3.8000,-0.4500,2.9783,181.0105,6.0333,0.0000,0.0000,0.0000
21.139,551.1007,-4.8513,258.2065,0.2510,3.8000,-0.4500,3.2281,181.0369,6.0405,0.0000,0.0000,0.0000
21.249,550.8972,-4.6694,258.0221,0.2510,3.8000,-0.4500,3.6434,181.0809,6.0232,0.0000,0.0000,0.0000
21.360,550.7275,-4.5180,257.8667,0.2510,3.8000,-0.4500,3.7226,181.0893,6.0174,0.0000,0.0000,0.0000
21.471,550.5233,-4.3334,257.6754,0.2510,3.8000,-0.4500,4.1526,181.1344,5.9448,0.0000,0.0000,0.0000
21.582,550.3530,-4.1801,257.5164,0.2510,3.8000,-0.4500,4.2343,181.1429,5.9281,0.0000,0.0000,0.0000
21.694,550.1470,-3.9947,257.3218,0.2510,3.8000,-0.4500,4.7234,181.1933,5.7780,0.0000,0.0000,0.0000
21.804,549.9751,-3.8407,257.1618,0.2510,3.8000,-0.4500,4.7979,181.2008,5.7512,0.0000,0.0000,0.0000
21.917,549.7668,-3.6569,256.9682,0.2510,3.8000,-0.4500,5.1864,181.2395,5.5608,0.0000,0.0000,0.0000
22.027,549.5931,-3.5000,256.8726,0.2510,3.8000,-0.4500,5.3300,181.2534,5.4822,0.0000,0.0000,0.0000
22.138,549.3830,-3.3028,256.8504,0.2510,3.8000,-0.4500,5.6865,181.2870,5.2429,0.0000,0.0000,0.0000
22.263,549.1724,-3.0985,256.8844,0.2510,3.8000,-0.4500,5.8859,181.3052,5.0953,0.0000,0.0000,0.0000
22.374,548.9595,-2.8919,256.9479,0.2510,3.8000,-0.4500,6.2115,181.3336,4.8250,0.0000,0.0000,0.0000
22.485,548.7813,-2.7188,257.0136,0.2510,3.8000,-0.4500,6.3978,181.3491,4.6463,0.0000,0.0000,0.0000
22.610,548.5287,-2.4779,257.1136,0.2510,3.8000,-0.4500,6.6860,181.3719,4.3458,0.0000,0.0000,0.0000
22.721,548.3467,-2.3081,257.1872,0.2510,3.8000,-0.4500,6.8463,181.3839,4.1416,0.0000,0.0000,0.0000
22.833,548.1251,-2.1087,257.2773,0.2510,3.8000,-0.4500,7.0916,181.4011,3.7985,0.0000,0.0000,0.0000
22.943,547.9396,-1.9447,257.3572,0.2510,3.8000,-0.4500,7.2174,181.4093,3.5840,0.0000,0.0000,0.0000
23.054,547.7151,-1.7521,257.4584,0.2510,3.8000,-0.4500,7.3696,181.4185,3.2913,0.0000,0.0000,0.0000
23.166,547.5264,-1.5947,257.5461,0.2510,3.8000,-0.4500,7.4703,181.4241,3.0685,0.0000,0.0000,0.0000
23.278,547.2975,-1.4115,257.6537,0.2510,3.8000,-0.4500,7.5897,181.4303,2.7510,0.0000,0.0000,0.0000
23.388,547.0668,-1.2326,257.7619,0.2510,3.8000,-0.4500,7.6651,181.4338,2.5127,0.0000,0.0000,0.0000
23.499,546.8716,-1.0903,257.8494,0.2510,3.8000,-0.4500,7.7535,181.4375,2.1790,0.0000,0.0000,0.0000
23.610,546.6358,-0.9231,257.9480,0.2510,3.8000,-0.4500,7.8045,181.4393,1.9351,0.0000,0.0000,0.0000
23.721,546.4366,-0.7893,258.0251,0.2510,3.8000,-0.4500,7.8489,181.4407,1.6893,0.0000,0.0000,0.0000
23.832,546.1961,-0.6336,258.1125,0.2510,3.8000,-0.4500,7.8818,181.4416,1.4392,0.0000,0.0000,0.0000
23.943,545.9949,-0.5057,258.1817,0.2510,3.8000,-0.4500,7.8917,181.4419,1.3575,0.0000,0.0000,0.0000
24.055,545.7509,-0.3587,258.2615,0.2510,3.8000,-0.4500,7.9146,181.4424,1.1089,0.0000,0.0000,0.0000
24.165,545.5477,-0.2353,258.3237,0.2510,3.8000,-0.4500,7.9146,181.4424,1.1089,0.0000,0.0000,0.0000
24.277,545.3023,-0.0911,258.3940,0.2510,3.8000,-0.4500,7.9199,181.4425,1.0287,0.0000,0.0000,0.0000
24.401,545.0565,0.0521,258.4604,0.2510,3.8000,-0.4500,7.9199,181.4425,1.0287,0.0000,0.0000,0.0000
24.513,544.8093,0.1919,258.5243,0.2510,3.8000,-0.4500,7.9236,181.4425,0.9485,0.0000,0.0000,0.0000
24.623,544.6027,0.3061,258.5764,0.2510,3.8000,-0.4500,7.9256,181.4426,0.8677,0.0000,0.0000,0.0000
24.735,544.3532,0.4386,258.6354,0.2510,3.8000,-0.4500,7.9274,181.4426,0.7035,0.0000,0.0000,0.0000
24.846,544.1428,0.5417,258.6809,0.2510,3.8000,-0.4500,7.9221,181.4425,0.3713,0.0000,0.0000,0.0000
24.957,543.8901,0.6637,258.7304,0.2510,3.8000,-0.4500,7.9156,181.4425,0.2028,0.0000,0.0000,0.0000
25.068,543.6353,0.7772,258.7769,0.2510,3.8000,-0.4500,7.9035,181.4425,359.9501,0.0000,0.0000,0.0000
25.180,543.4201,0.8623,258.8151,0.2510,3.8000,-0.4500,7.8777,181.4426,359.5288,0.0000,0.0000,0.0000
25.292,543.1627,0.9629,258.8598,0.2510,3.8000,-0.4500,7.8646,181.4427,359.3535,0.0000,0.0000,0.0000
25.401,542.9449,1.0350,258.8984,0.2510,3.8000,-0.4500,7.8299,181.4433,358.9128,0.0000,0.0000,0.0000
25.512,542.6837,1.1183,258.9459,0.2510,3.8000,-0.4500,7.8078,181.4437,358.6559,0.0000,0.0000,0.0000
25.623,542.4637,1.1768,258.9886,0.2510,3.8000,-0.4500,7.7681,181.4449,358.2161,0.0000,0.0000,0.0000
25.734,542.1997,1.2425,259.0437,0.2510,3.8000,-0.4500,7.7365,181.4459,357.8831,0.0000,0.0000,0.0000
25.845,541.9780,1.2877,259.0946,0.2510,3.8000,-0.4500,7.6950,181.4476,357.4615,0.0000,0.0000,0.0000
25.956,541.7125,1.3383,259.1606,0.2510,3.8000,-0.4500,7.6674,181.4489,357.1929,0.0000,0.0000,0.0000
26.068,541.4446,1.3751,259.2331,0.2510,3.8000,-0.4500,7.6123,181.4519,356.6640,0.0000,0.0000,0.0000
26.179,541.2224,1.4043,259.2982,0.2510,3.8000,-0.4500,7.5945,181.4530,356.4968,0.0000,0.0000,0.0000
26.291,540.9533,1.4257,259.3841,0.2510,3.8000,-0.4500,7.5379,181.4568,355.9716,0.0000,0.0000,0.0000
26.401,540.7298,1.4410,259.4619,0.2510,3.8000,-0.4500,7.5114,181.4587,355.7280,0.0000,0.0000,0.0000
26.512,540.4606,1.4500,259.5635,0.2510,3.8000,-0.4500,7.4655,181.4623,355.3072,0.0000,0.0000,0.0000
26.624,540.2372,1.4555,259.6543,0.2510,3.8000,-0.4500,7.4478,181.4638,355.1434,0.0000,0.0000,0.0000
26.734,539.9684,1.4532,259.7710,0.2510,3.8000,-0.4500,7.4118,181.4670,354.8060,0.0000,0.0000,0.0000
26.846,539.7446,1.4470,259.8742,0.2510,3.8000,-0.4500,7.3857,181.4695,354.5554,0.0000,0.0000,0.0000
26.956,539.4757,1.4335,260.0055,0.2510,3.8000,-0.4500,7.3530,181.4727,354.2257,0.0000,0.0000,0.0000
27.071,539.2076,1.4163,260.1441,0.2510,3.8000,-0.4500,7.3304,181.4750,353.9830,0.0000,0.0000,0.0000
27.191,538.9395,1.3942,260.2900,0.2510,3.8000,-0.4500,7.3097,181.4773,353.7345,0.0000,0.0000,0.0000
27.305,538.7164,1.3732,260.4164,0.2510,3.8000,-0.4500,7.2978,181.4786,353.5745,0.0000,0.0000,0.0000
27.414,538.4488,1.3449,260.5731,0.2510,3.8000,-0.4500,7.2870,181.4799,353.4133,0.0000,0.0000,0.0000
27.525,538.2253,1.3165,260.7077,0.2510,3.8000,-0.4500,7.2759,181.4812,353.1613,0.0000,0.0000,0.0000
27.638,537.9586,1.2852,260.8728,0.2510,3.8000,-0.4500,7.2758,181.4812,353.1613,0.0000,0.0000,0.0000
27.747,537.7354,1.2526,261.0144,0.2510,3.8000,-0.4500,7.2723,181.4816,352.9086,0.0000,0.0000,0.0000
27.858,537.4687,1.2131,261.1495,0.2510,3.8000,-0.4500,7.2745,181.4814,352.8256,0.0000,0.0000,0.0000
27.969,537.2047,1.1524,261.1235,0.2510,3.8000,-0.4500,7.2801,181.4806,352.6604,0.0000,0.0000,0.0000
28.080,536.9875,1.0898,261.0152,0.2510,3.8000,-0.4500,7.2889,181.4795,352.5779,0.0000,0.0000,0.0000
28.207,536.7291,1.0011,260.8203,0.2510,3.8000,-0.4500,7.3183,181.4755,352.3353,0.0000,0.0000,0.0000
28.316,536.4741,0.9078,260.5797,0.2510,3.8000,-0.4500,7.3183,181.4755,352.3353,0.0000,0.0000,0.0000
28.428,536.2195,0.8046,260.3095,0.2510,3.8000,-0.4500,7.3750,181.4677,352.0990,0.0000,0.0000,0.0000
28.539,536.0105,0.7174,260.0578,0.2510,3.8000,-0.4500,7.3750,181.4677,352.0990,0.0000,0.0000,0.0000
28.650,535.7617,0.6063,259.7236,0.2510,3.8000,-0.4500,7.4003,181.4642,352.0182,0.0000,0.0000,0.0000
28.761,535.5559,0.5088,259.4233,0.2510,3.8000,-0.4500,7.4511,181.4569,351.8589,0.0000,0.0000,0.0000
28.872,535.3115,0.3912,259.0432,0.2510,3.8000,-0.4500,7.4511,181.4569,351.8589,0.0000,0.0000,0.0000
28.984,535.1085,0.2897,258.7152,0.2510,3.8000,-0.4500,7.4785,181.4529,351.7828,0.0000,0.0000,0.0000
29.094,534.8657,0.1661,258.3137,0.2510,3.8000,-0.4500,7.5056,181.4490,351.7082,0.0000,0.0000,0.0000
29.205,534.6638,0.0630,257.9778,0.2510,3.8000,-0.4500,7.5056,181.4490,351.7082,0.0000,0.0000,0.0000
29.316,534.4206,-0.0638,257.5762,0.2510,3.8000,-0.4500,7.5605,181.4408,351.5540,0.0000,0.0000,0.0000
29.427,534.2186,-0.1680,257.2429,0.2510,3.8000,-0.4500,7.5605,181.4408,351.5540,0.0000,0.0000,0.0000
29.539,533.9760,-0.2935,256.8443,0.2510,3.8000,-0.4500,7.5605,181.4408,351.5540,0.0000,0.0000,0.0000
29.650,533.7332,-0.4195,256.4476,0.2510,3.8000,-0.4500,7.5605,181.4408,351.5540,0.0000,0.0000,0.0000
29.762,533.5300,-0.5242,256.1257,0.2510,3.8000,-0.4500,7.5605,181.4408,351.5540,0.0000,0.0000,0.0000
29.886,533.2849,-0.6486,255.7560,0.2510,3.8000,-0.4500,7.5605,181.4408,351.5540,0.0000,0.0000,0.0000
29.997,533.0383,-0.7715,255.4028,0.2510,3.8000,-0.4500,7.5605,181.4408,351.5540,0.0000,0.0000,0.0000
30.108,532.8320,-0.8731,255.1179,0.2510,3.8000,-0.4500,7.5605,181.4408,351.5540,0.0000,0.0000,0.0000
30.219,532.5837,-0.9944,254.7842,0.2510,3.8000,-0.4500,7.5605,181.4408,351.5540,0.0000,0.0000,0.0000
30.331,532.3341,-1.1147,254.4668,0.2510,3.8000,-0.4500,7.5605,181.4408,351.5540,0.0000,0.0000,0.0000
30.442,532.1232,-1.2079,254.2962,0.2510,3.8000,-0.4500,7.5605,181.4408,351.5540,0.0000,0.0000,0.0000
30.554,531.8654,-1.2983,254.2761,0.2510,3.8000,-0.4500,7.5605,181.4408,351.5540,0.0000,0.0000,0.0000
30.664,531.6486,-1.3622,254.3515,0.2510,3.8000,-0.4500,7.5605,181.4408,351.5540,0.0000,0.0000,0.0000
30.774,531.3870,-1.4319,254.5076,0.2510,3.8000,-0.4500,7.5322,181.4451,351.4806,0.0000,0.0000,0.0000
30.886,531.1687,-1.4845,254.6714,0.2510,3.8000,-0.4500,7.5322,181.4451,351.4806,0.0000,0.0000,0.0000
30.997,530.9065,-1.5468,254.8927,0.2510,3.8000,-0.4500,7.5009,181.4498,351.4078,0.0000,0.0000,0.0000
31.109,530.6447,-1.6064,255.1305,0.2510,3.8000,-0.4500,7.5009,181.4498,351.4078,0.0000,0.0000,0.0000
31.219,530.4264,-1.6579,255.3371,0.2510,3.8000,-0.4500,7.4674,181.4550,351.3342,0.0000,0.0000,0.0000
31.330,530.1649,-1.7197,255.5913,0.2510,3.8000,-0.4500,7.4342,181.4601,351.2614,0.0000,0.0000,0.0000
31.441,529.9472,-1.7705,255.8066,0.2510,3.8000,-0.4500,7.4342,181.4601,351.2614,0.0000,0.0000,0.0000
31.553,529.6862,-1.8320,256.0674,0.2510,3.8000,-0.4500,7.4342,181.4601,351.2614,0.0000,0.0000,0.0000
31.678,529.4250,-1.8944,256.3244,0.2510,3.8000,-0.4500,7.4342,181.4601,351.2614,0.0000,0.0000,0.0000
31.789,529.1632,-1.9580,256.5740,0.2510,3.8000,-0.4500,7.4342,181.4601,351.2614,0.0000,0.0000,0.0000
31.901,528.9449,-2.0116,256.7769,0.2510,3.8000,-0.4500,7.4342,181.4601,351.2614,0.0000,0.0000,0.0000
32.010,528.6824,-2.0760,257.0160,0.2510,3.8000,-0.4500,7.4342,181.4601,351.2614,0.0000,0.0000,0.0000
32.122,528.4635,-2.1292,257.2126,0.2510,3.8000,-0.4500,7.4342,181.4601,351.2614,0.0000,0.0000,0.0000
32.233,528.2007,-2.1923,257.4454,0.2510,3.8000,-0.4500,7.4342,181.4601,351.2614,0.0000,0.0000,0.0000
32.344,527.9814,-2.2439,257.6356,0.2510,3.8000,-0.4500,7.4342,181.4601,351.2614,0.0000,0.0000,0.0000
32.455,527.7181,-2.3042,257.8607,0.2510,3.8000,-0.4500,7.4342,181.4601,351.2614,0.0000,0.0000,0.0000
32.580,527.4547,-2.3623,258.0837,0.2510,3.8000,-0.4500,7.4342,181.4601,351.2614,0.0000,0.0000,0.0000
32.692,527.1910,-2.4175,258.3058,0.2510,3.8000,-0.4500,7.4342,181.4601,351.2614,0.0000,0.0000,0.0000
32.803,526.9715,-2.4617,258.4673,0.2510,3.8000,-0.4500,7.4342,181.4601,351.2614,0.0000,0.0000,0.0000
32.913,526.7108,-2.5292,258.4837,0.2510,3.8000,-0.4500,7.4342,181.4601,351.2614,0.0000,0.0000,0.0000
33.026,526.4955,-2.5949,258.3971,0.2510,3.8000,-0.4500,7.4342,181.4601,351.2614,0.0000,0.0000,0.0000
33.135,526.2388,-2.6793,258.2267,0.2510,3.8000,-0.4500,7.4342,181.4601,351.2614,0.0000,0.0000,0.0000
33.247,526.0268,-2.7476,258.0540,0.2510,3.8000,-0.4500,7.2334,181.4907,351.5366,0.0000,0.0000,0.0000
33.358,525.7715,-2.8322,257.8269,0.2510,3.8000,-0.4500,7.1927,181.4968,351.6080,0.0000,0.0000,0.0000
33.469,525.5168,-2.9122,257.5887,0.2510,3.8000,-0.4500,7.0776,181.5137,351.8296,0.0000,0.0000,0.0000
33.580,525.3052,-2.9761,257.3826,0.2510,3.8000,-0.4500,6.9817,181.5274,352.0583,0.0000,0.0000,0.0000
33.691,525.0507,-3.0533,257.1270,0.2510,3.8000,-0.4500,6.9519,181.5315,352.1323,0.0000,0.0000,0.0000
33.802,524.8393,-3.1145,256.9082,0.2510,3.8000,-0.4500,6.8984,181.5389,352.2868,0.0000,0.0000,0.0000
33.913,524.5855,-3.1882,256.6413,0.2510,3.8000,-0.4500,6.8725,181.5424,352.3626,0.0000,0.0000,0.0000
34.024,524.3741,-3.2498,256.4167,0.2510,3.8000,-0.4500,6.8725,181.5424,352.3626,0.0000,0.0000,0.0000
34.138,524.1207,-3.3237,256.1461,0.2510,3.8000,-0.4500,6.8725,181.5424,352.3627,0.0000,0.0000,0.0000
34.247,523.9096,-3.3856,255.9213,0.2510,3.8000,-0.4500,6.8725,181.5424,352.3626,0.0000,0.0000,0.0000
34.358,523.6561,-3.4604,255.6531,0.2510,3.8000,-0.4500,6.8725,181.5424,352.3627,0.0000,0.0000,0.0000
34.469,523.4028,-3.5358,255.3863,0.2510,3.8000,-0.4500,6.8725,181.5424,352.3627,0.0000,0.0000,0.0000
34.580,523.1913,-3.5988,255.1648,0.2510,3.8000,-0.4500,6.8725,181.5424,352.3626,0.0000,0.0000,0.0000
34.691,522.9374,-3.6740,254.8997,0.2510,3.8000,-0.4500,6.8725,181.5424,352.3626,0.0000,0.0000,0.0000
34.801,522.7260,-3.7359,254.6797,0.2510,3.8000,-0.4500,6.8725,181.5424,352.3626,0.0000,0.0000,0.0000
34.927,522.4717,-3.8087,254.4175,0.2510,3.8000,-0.4500,6.8725,181.5424,352.3626,0.0000,0.0000,0.0000
35.038,522.2168,-3.8793,254.1567,0.2510,3.8000,-0.4500,6.8725,181.5424,352.3626,0.0000,0.0000,0.0000
35.149,521.9628,-3.9445,253.8968,0.2510,3.8000,-0.4500,6.8508,181.5453,352.5230,0.0000,0.0000,0.0000
35.260,521.7502,-3.9988,253.6818,0.2510,3.8000,-0.4500,6.8508,181.5453,352.5230,0.0000,0.0000,0.0000
35.374,521.4957,-4.0563,253.4255,0.2510,3.8000,-0.4500,6.8352,181.5474,352.7701,0.0000,0.0000,0.0000
35.482,521.2825,-4.1034,253.2148,0.2510,3.8000,-0.4500,6.8328,181.5477,352.8511,0.0000,0.0000,0.0000
35.593,521.0272,-4.1533,252.9655,0.2510,3.8000,-0.4500,6.8281,181.5483,353.0927,0.0000,0.0000,0.0000
35.704,520.8134,-4.1935,252.7614,0.2510,3.8000,-0.4500,6.8270,181.5484,353.1768,0.0000,0.0000,0.0000
35.815,520.5569,-4.2347,252.5198,0.2510,3.8000,-0.4500,6.8233,181.5488,353.4296,0.0000,0.0000,0.0000
35.929,520.3002,-4.2708,252.2825,0.2510,3.8000,-0.4500,6.8126,181.5500,353.6885,0.0000,0.0000,0.0000
36.038,520.0853,-4.2976,252.0935,0.2510,3.8000,-0.4500,6.8027,181.5511,353.8541,0.0000,0.0000,0.0000
36.152,519.8253,-4.3171,251.9810,0.2510,3.8000,-0.4500,6.7887,181.5526,354.0171,0.0000,0.0000,0.0000
36.261,519.6078,-4.3152,251.9807,0.2510,3.8000,-0.4500,6.7480,181.5568,354.3578,0.0000,0.0000,0.0000
36.371,519.3444,-4.3068,252.0412,0.2510,3.8000,-0.4500,6.7374,181.5579,354.4380,0.0000,0.0000,0.0000
36.482,519.1255,-4.2902,252.1204,0.2510,3.8000,-0.4500,6.6901,181.5624,354.6848,0.0000,0.0000,0.0000
36.594,518.8622,-4.2671,252.2332,0.2510,3.8000,-0.4500,6.6539,181.5657,354.8438,0.0000,0.0000,0.0000
36.705,518.6434,-4.2437,252.3350,0.2510,3.8000,-0.4500,6.5749,181.5727,355.0813,0.0000,0.0000,0.0000
36.816,518.3807,-4.2160,252.4604,0.2510,3.8000,-0.4500,6.5151,181.5778,355.2369,0.0000,0.0000,0.0000
36.927,518.1631,-4.1902,252.5661,0.2510,3.8000,-0.4500,6.3479,181.5914,355.5365,0.0000,0.0000,0.0000
37.038,517.9014,-4.1629,252.6930,0.2510,3.8000,-0.4500,6.2609,181.5981,355.6739,0.0000,0.0000,0.0000
37.149,517.6415,-4.1345,252.8232,0.2510,3.8000,-0.4500,5.9789,181.6188,355.9909,0.0000,0.0000,0.0000
37.260,517.4244,-4.1138,252.9320,0.2510,3.8000,-0.4500,5.9230,181.6227,356.0487,0.0000,0.0000,0.0000
37.371,517.1658,-4.0877,253.0649,0.2510,3.8000,-0.4500,5.6123,181.6435,356.3251,0.0000,0.0000,0.0000
37.482,516.9491,-4.0687,253.1742,0.2510,3.8000,-0.4500,5.6123,181.6435,356.3251,0.0000,0.0000,0.0000
37.593,516.6911,-4.0451,253.3061,0.2510,3.8000,-0.4500,5.3550,181.6596,356.5286,0.0000,0.0000,0.0000
37.704,516.4753,-4.0280,253.4104,0.2510,3.8000,-0.4500,5.2848,181.6639,356.5773,0.0000,0.0000,0.0000
37.816,516.2169,-4.0092,253.5289,0.2510,3.8000,-0.4500,5.0699,181.6765,356.7214,0.0000,0.0000,0.0000
37.927,516.0017,-3.9960,253.6227,0.2510,3.8000,-0.4500,4.7758,181.6930,356.8853,0.0000,0.0000,0.0000
38.038,515.7425,-3.9846,253.7284,0.2510,3.8000,-0.4500,4.6271,181.7010,356.9526,0.0000,0.0000,0.0000
38.149,515.4836,-3.9782,253.8310,0.2510,3.8000,-0.4500,4.3180,181.7172,357.0650,0.0000,0.0000,0.0000
38.260,515.2679,-3.9776,253.9137,0.2510,3.8000,-0.4500,4.0677,181.7299,357.1282,0.0000,0.0000,0.0000
38.372,515.0090,-3.9828,254.0095,0.2510,3.8000,-0.4500,3.8215,181.7422,357.1770,0.0000,0.0000,0.0000
38.482,514.7933,-3.9945,254.0890,0.2510,3.8000,-0.4500,3.3882,181.7634,357.2180,0.0000,0.0000,0.0000
38.608,514.5344,-4.0147,254.1812,0.2510,3.8000,-0.4500,3.1354,181.7757,357.2282,0.0000,0.0000,0.0000
38.719,514.2755,-4.0469,254.2753,0.2510,3.8000,-0.4500,2.5813,181.8027,357.2025,0.0000,0.0000,0.0000
38.829,514.0166,-4.0896,254.3696,0.2510,3.8000,-0.4500,2.0440,181.8292,357.1494,0.0000,0.0000,0.0000
38.941,513.8007,-4.1335,254.4470,0.2510,3.8000,-0.4500,1.6170,181.8507,357.0887,0.0000,0.0000,0.0000
39.052,513.5418,-4.1971,254.5383,0.2510,3.8000,-0.4500,1.1082,181.8769,356.9996,0.0000,0.0000,0.0000
39.163,513.3263,-4.2596,254.6141,0.2510,3.8000,-0.4500,0.6769,181.8999,356.9142,0.0000,0.0000,0.0000
39.274,513.0680,-4.3464,254.7061,0.2510,3.8000,-0.4500,0.1459,181.9290,356.8007,0.0000,0.0000,0.0000
39.385,512.8531,-4.4286,254.7842,0.2510,3.8000,-0.4500,359.6927,181.9547,356.6987,0.0000,0.0000,0.0000
39.497,512.5958,-4.5394,254.8708,0.2510,3.8000,-0.4500,359.1388,181.9873,356.5699,0.0000,0.0000,0.0000
39.608,512.3391,-4.6607,254.8877,0.2510,3.8000,-0.4500,358.5784,182.0215,356.4416,0.0000,0.0000,0.0000
39.719,512.1258,-4.7681,254.8610,0.2510,3.8000,-0.4500,358.1104,182.0511,356.3469,0.0000,0.0000,0.0000
39.830,511.8708,-4.9040,254.7995,0.2510,3.8000,-0.4500,357.5522,182.0872,356.2549,0.0000,0.0000,0.0000
39.941,511.6592,-5.0226,254.7330,0.2510,3.8000,-0.4500,357.0934,182.1175,356.1964,0.0000,0.0000,0.0000
40.051,511.4060,-5.1711,254.6417,0.2510,3.8000,-0.4500,356.5546,182.1536,356.1461,0.0000,0.0000,0.0000
40.162,511.1964,-5.2992,254.5506,0.2510,3.8000,-0.4500,356.1187,182.1832,356.1194,0.0000,0.0000,0.0000
40.274,510.9478,-5.4545,254.4056,0.2510,3.8000,-0.4500,355.6974,182.2119,356.1072,0.0000,0.0000,0.0000
40.385,510.7434,-5.5852,254.2555,0.2510,3.8000,-0.4500,355.2746,182.2407,356.1157,0.0000,0.0000,0.0000
40.496,510.5006,-5.7414,254.0459,0.2510,3.8000,-0.4500,354.8626,182.2687,356.1454,0.0000,0.0000,0.0000
40.607,510.2998,-5.8716,253.8541,0.2510,3.8000,-0.4500,354.4614,182.2957,356.1988,0.0000,0.0000,0.0000
40.733,510.0201,-6.0515,253.5672,0.2510,3.8000,-0.4500,354.1994,182.3130,356.2578,0.0000,0.0000,0.0000
40.843,509.8215,-6.1804,253.3578,0.2510,3.8000,-0.4500,353.7781,182.3404,356.3710,0.0000,0.0000,0.0000
40.955,509.5829,-6.3335,253.1030,0.2510,3.8000,-0.4500,353.5439,182.3551,356.4574,0.0000,0.0000,0.0000
41.065,509.3845,-6.4602,252.8910,0.2510,3.8000,-0.4500,353.3186,182.3690,356.5559,0.0000,0.0000,0.0000
41.176,509.1463,-6.6107,252.6369,0.2510,3.8000,-0.4500,353.1724,182.3777,356.6342,0.0000,0.0000,0.0000
41.287,508.9486,-6.7340,252.4274,0.2510,3.8000,-0.4500,352.8871,182.3942,356.8168,0.0000,0.0000,0.0000
41.399,508.7107,-6.8794,252.1781,0.2510,3.8000,-0.4500,352.7619,182.4011,356.9287,0.0000,0.0000,0.0000
41.510,508.4726,-7.0213,251.9347,0.2510,3.8000,-0.4500,352.6458,182.4072,357.0522,0.0000,0.0000,0.0000
41.620,508.2750,-7.1344,251.7377,0.2510,3.8000,-0.4500,352.4445,182.4172,357.3228,0.0000,0.0000,0.0000
41.732,508.0362,-7.2682,251.5049,0.2510,3.8000,-0.4500,352.4114,182.4188,357.3972,0.0000,0.0000,0.0000
41.843,507.8391,-7.3702,251.3158,0.2510,3.8000,-0.4500,352.2856,182.4241,357.7943,0.0000,0.0000,0.0000
41.954,507.6001,-7.4918,251.0913,0.2510,3.8000,-0.4500,352.2814,182.4243,357.8792,0.0000,0.0000,0.0000
42.065,507.4029,-7.5811,250.9113,0.2510,3.8000,-0.4500,352.2953,182.4239,358.3120,0.0000,0.0000,0.0000
42.176,507.1636,-7.6860,250.7054,0.2510,3.8000,-0.4500,352.3319,182.4229,358.5480,0.0000,0.0000,0.0000
42.287,506.9649,-7.7637,250.5418,0.2510,3.8000,-0.4500,352.4600,182.4200,358.8783,0.0000,0.0000,0.0000
42.400,506.7267,-7.8460,250.3532,0.2510,3.8000,-0.4500,352.7021,182.4162,359.3474,0.0000,0.0000,0.0000
42.510,506.4882,-7.9182,250.1710,0.2510,3.8000,-0.4500,352.9841,182.4141,359.7574,0.0000,0.0000,0.0000
42.620,506.2888,-7.9710,250.0284,0.2510,3.8000,-0.4500,353.2084,182.4137,0.0214,0.0000,0.0000,0.0000
42.732,506.0463,-8.0243,249.9102,0.2510,3.8000,-0.4500,353.5887,182.4151,0.4154,0.0000,0.0000,0.0000
42.844,505.8419,-8.0628,249.8712,0.2510,3.8000,-0.4500,353.9420,182.4187,0.7345,0.0000,0.0000,0.0000
42.954,505.5973,-8.0992,249.8865,0.2510,3.8000,-0.4500,354.4217,182.4265,1.1135,0.0000,0.0000,0.0000
43.065,505.3953,-8.1187,249.9386,0.2510,3.8000,-0.4500,354.8733,182.4366,1.4307,0.0000,0.0000,0.0000
43.176,505.1556,-8.1260,250.0349,0.2510,3.8000,-0.4500,355.4766,182.4538,1.8146,0.0000,0.0000,0.0000
43.287,504.9586,-8.1171,250.1368,0.2510,3.8000,-0.4500,356.0259,182.4728,2.1361,0.0000,0.0000,0.0000
43.398,504.7260,-8.0869,250.2827,0.2510,3.8000,-0.4500,356.7336,182.5017,2.5208,0.0000,0.0000,0.0000
43.510,504.4973,-8.0345,250.4485,0.2510,3.8000,-0.4500,357.4863,182.5374,2.9005,0.0000,0.0000,0.0000
43.620,504.3099,-7.9732,250.5974,0.2510,3.8000,-0.4500,358.1417,182.5724,3.2094,0.0000,0.0000,0.0000
43.732,504.0885,-7.8786,250.7847,0.2510,3.8000,-0.4500,358.9536,182.6205,3.5665,0.0000,0.0000,0.0000
43.844,503.9069,-7.7824,250.9452,0.2510,3.8000,-0.4500,359.6449,182.6653,3.8491,0.0000,0.0000,0.0000
43.953,503.6921,-7.6469,251.1381,0.2510,3.8000,-0.4500,0.4842,182.7242,4.1657,0.0000,0.0000,0.0000
44.064,503.5155,-7.5179,251.2963,0.2510,3.8000,-0.4500,1.1853,182.7768,4.4078,0.0000,0.0000,0.0000
44.176,503.3063,-7.3445,251.4822,0.2510,3.8000,-0.4500,2.0206,182.8432,4.6749,0.0000,0.0000,0.0000
44.301,503.1004,-7.1509,251.6638,0.2510,3.8000,-0.4500,2.8417,182.9122,4.9322,0.0000,0.0000,0.0000
44.412,502.8981,-6.9372,251.8413,0.2510,3.8000,-0.4500,3.6416,182.9832,5.2018,0.0000,0.0000,0.0000
44.523,502.7325,-6.7436,251.9835,0.2510,3.8000,-0.4500,4.2876,183.0435,5.4460,0.0000,0.0000,0.0000
44.634,502.5365,-6.4943,252.1369,0.2510,3.8000,-0.4500,5.0327,183.1169,5.7639,0.0000,0.0000,0.0000
44.745,502.3757,-6.2734,252.2502,0.2510,3.8000,-0.4500,5.6234,183.1782,6.0458,0.0000,0.0000,0.0000
44.856,502.1863,-5.9932,252.3733,0.2510,3.8000,-0.4500,6.2915,183.2514,6.3979,0.0000,0.0000,0.0000
44.968,502.0014,-5.6970,252.4872,0.2510,3.8000,-0.4500,6.9127,183.3235,6.7573,0.0000,0.0000,0.0000
45.078,501.8510,-5.4387,252.5780,0.2510,3.8000,-0.4500,7.3938,183.3822,7.0570,0.0000,0.0000,0.0000
45.191,501.6750,-5.1157,252.6844,0.2510,3.8000,-0.4500,7.9267,183.4504,7.4104,0.0000,0.0000,0.0000
45.301,501.5323,-4.8365,252.7720,0.2510,3.8000,-0.4500,8.3332,183.5049,7.6952,0.0000,0.0000,0.0000
45.411,501.3655,-4.4904,252.8771,0.2510,3.8000,-0.4500,8.7752,183.5665,8.0199,0.0000,0.0000,0.0000
45.536,501.2025,-4.1357,252.9843,0.2510,3.8000,-0.4500,9.0417,183.6050,8.2233,0.0000,0.0000,0.0000
45.647,501.0695,-3.8325,253.0748,0.2510,3.8000,-0.4500,9.2547,183.6366,8.3932,0.0000,0.0000,0.0000
45.759,500.9139,-3.4606,253.1835,0.2510,3.8000,-0.4500,9.5281,183.6780,8.6149,0.0000,0.0000,0.0000
45.870,500.7610,-3.0828,253.2956,0.2510,3.8000,-0.4500,9.7228,183.7082,8.7788,0.0000,0.0000,0.0000
45.994,500.6099,-2.7025,253.4118,0.2510,3.8000,-0.4500,9.7856,183.7180,8.8320,0.0000,0.0000,0.0000
46.106,500.4847,-2.3836,253.5116,0.2510,3.8000,-0.4500,9.7856,183.7180,8.8320,0.0000,0.0000,0.0000
46.218,500.3362,-1.9981,253.6326,0.2510,3.8000,-0.4500,9.8475,183.7278,8.8864,0.0000,0.0000,0.0000
46.329,500.1877,-1.6139,253.7569,0.2510,3.8000,-0.4500,9.8475,183.7278,8.8864,0.0000,0.0000,0.0000
46.440,500.0639,-1.2953,253.8625,0.2510,3.8000,-0.4500,9.8475,183.7278,8.8864,0.0000,0.0000,0.0000
46.551,499.9147,-0.9166,253.9914,0.2510,3.8000,-0.4500,9.8475,183.7278,8.8864,0.0000,0.0000,0.0000
46.662,499.7895,-0.6052,254.1008,0.2510,3.8000,-0.4500,9.8475,183.7278,8.8865,0.0000,0.0000,0.0000
46.773,499.6378,-0.2390,254.2345,0.2510,3.8000,-0.4500,9.8475,183.7278,8.8864,0.0000,0.0000,0.0000
46.884,499.5096,0.0590,254.3480,0.2510,3.8000,-0.4500,9.8475,183.7278,8.8865,0.0000,0.0000,0.0000
46.995,499.3534,0.4063,254.4872,0.2510,3.8000,-0.4500,9.8475,183.7278,8.8865,0.0000,0.0000,0.0000
47.106,499.2182,0.6802,254.6091,0.2510,3.8000,-0.4500,9.5801,183.6861,8.6254,0.0000,0.0000,0.0000
47.218,499.0496,0.9937,254.7594,0.2510,3.8000,-0.4500,9.1466,183.6211,8.1981,0.0000,0.0000,0.0000
47.329,498.8749,1.2909,254.9102,0.2510,3.8000,-0.4500,8.7140,183.5597,7.7641,0.0000,0.0000,0.0000
47.440,498.7242,1.5244,255.0351,0.2510,3.8000,-0.4500,8.3456,183.5101,7.3875,0.0000,0.0000,0.0000
47.550,498.5369,1.7857,255.1835,0.2510,3.8000,-0.4500,7.8839,183.4517,6.9059,0.0000,0.0000,0.0000
47.662,498.3751,1.9866,255.3052,0.2510,3.8000,-0.4500,7.4799,183.4038,6.4759,0.0000,0.0000,0.0000
47.773,498.1737,2.2059,255.4482,0.2510,3.8000,-0.4500,6.9730,183.3483,5.9243,0.0000,0.0000,0.0000
47.884,498.0002,2.3698,255.5641,0.2510,3.8000,-0.4500,6.5348,183.3044,5.4361,0.0000,0.0000,0.0000
47.995,497.7849,2.5431,255.6973,0.2510,3.8000,-0.4500,5.9944,183.2556,4.8181,0.0000,0.0000,0.0000
48.106,497.5999,2.6676,255.8020,0.2510,3.8000,-0.4500,5.5360,183.2189,4.2790,0.0000,0.0000,0.0000
48.217,497.3712,2.7926,255.9192,0.2510,3.8000,-0.4500,4.9819,183.1806,3.6067,0.0000,0.0000,0.0000
48.328,497.1356,2.8911,256.0265,0.2510,3.8000,-0.4500,4.4296,183.1490,2.9109,0.0000,0.0000,0.0000
48.439,496.9346,2.9529,256.1082,0.2510,3.8000,-0.4500,3.9755,183.1282,2.3164,0.0000,0.0000,0.0000
48.550,496.6882,3.0033,256.1971,0.2510,3.8000,-0.4500,3.4431,183.1100,1.5895,0.0000,0.0000,0.0000
48.661,496.4789,3.0258,256.2642,0.2510,3.8000,-0.4500,3.0142,183.1004,0.9757,0.0000,0.0000,0.0000
48.773,496.2241,3.0300,256.3378,0.2510,3.8000,-0.4500,2.5218,183.0951,0.2336,0.0000,0.0000,0.0000
48.886,496.0091,3.0152,256.3954,0.2510,3.8000,-0.4500,2.1338,183.0956,359.6134,0.0000,0.0000,0.0000
48.995,495.7491,2.9764,256.4635,0.2510,3.8000,-0.4500,1.6993,183.1013,358.8708,0.0000,0.0000,0.0000
49.105,495.5311,2.9273,256.5223,0.2510,3.8000,-0.4500,1.3662,183.1097,358.2559,0.0000,0.0000,0.0000
49.217,495.2691,2.8488,256.5995,0.2510,3.8000,-0.4500,0.9982,183.1232,357.5254,0.0000,0.0000,0.0000
49.328,495.0075,2.7491,256.6880,0.2510,3.8000,-0.4500,0.6470,183.1406,356.8047,0.0000,0.0000,0.0000
49.439,494.7903,2.6496,256.7720,0.2510,3.8000,-0.4500,0.3546,183.1584,356.2131,0.0000,0.0000,0.0000
49.550,494.5315,2.5106,256.8865,0.2510,3.8000,-0.4500,-0.0047,183.1844,355.5161,0.0000,0.0000,0.0000
49.661,494.3176,2.3782,256.9938,0.2510,3.8000,-0.4500,359.6861,183.2102,354.9485,0.0000,0.0000,0.0000
49.775,494.0636,2.2000,257.1379,0.2510,3.8000,-0.4500,359.3018,183.2465,354.2863,0.0000,0.0000,0.0000
49.884,493.8546,2.0354,257.2703,0.2510,3.8000,-0.4500,358.9711,183.2811,353.7533,0.0000,0.0000,0.0000
49.995,493.6071,1.8190,257.4436,0.2510,3.8000,-0.4500,358.5630,183.3281,353.1403,0.0000,0.0000,0.0000
50.106,493.4039,1.6235,257.5992,0.2510,3.8000,-0.4500,358.2155,183.3714,352.6550,0.0000,0.0000,0.0000
50.218,493.1641,1.3714,257.7986,0.2510,3.8000,-0.4500,357.7928,183.4280,352.1080,0.0000,0.0000,0.0000
50.328,492.9285,1.1015,258.0102,0.2510,3.8000,-0.4500,357.3682,183.4888,351.6044,0.0000,0.0000,0.0000
50.439,492.7354,0.8640,258.1951,0.2510,3.8000,-0.4500,357.0163,183.5421,351.2219,0.0000,0.0000,0.0000
50.550,492.5075,0.5651,258.4262,0.2510,3.8000,-0.4500,356.6011,183.6078,350.8120,0.0000,0.0000,0.0000
50.661,492.3207,0.3058,258.6255,0.2510,3.8000,-0.4500,356.2648,183.6632,350.5148,0.0000,0.0000,0.0000
50.773,492.0998,-0.0144,258.8715,0.2510,3.8000,-0.4500,355.9348,183.7193,350.2601,0.0000,0.0000,0.0000
50.884,491.9179,-0.2862,259.0809,0.2510,3.8000,-0.4500,355.7960,183.7433,350.1683,0.0000,0.0000,0.0000
50.995,491.7017,-0.6237,259.3372,0.2510,3.8000,-0.4500,355.4256,183.8084,349.9597,0.0000,0.0000,0.0000
51.119,491.4872,-0.9628,259.5959,0.2510,3.8000,-0.4500,355.2735,183.8355,349.9039,0.0000,0.0000,0.0000
51.230,491.2738,-1.3061,259.8573,0.2510,3.8000,-0.4500,355.0380,183.8777,349.8466,0.0000,0.0000,0.0000
51.342,491.0962,-1.5903,260.0753,0.2510,3.8000,-0.4500,355.0380,183.8777,349.8466,0.0000,0.0000,0.0000
51.453,490.8837,-1.9312,260.3393,0.2510,3.8000,-0.4500,354.7916,183.9219,349.8771,0.0000,0.0000,0.0000
51.564,490.7060,-2.2103,260.5570,0.2510,3.8000,-0.4500,354.6476,183.9477,349.9451,0.0000,0.0000,0.0000
51.675,490.4901,-2.5245,260.6618,0.2510,3.8000,-0.4500,354.4128,183.9891,350.1699,0.0000,0.0000,0.0000
51.786,490.3057,-2.7621,260.6159,0.2510,3.8000,-0.4500,354.2917,184.0099,350.3965,0.0000,0.0000,0.0000
51.897,490.0807,-3.0218,260.4776,0.2510,3.8000,-0.4500,354.1450,184.0343,350.8932,0.0000,0.0000,0.0000
52.008,489.8515,-3.2613,260.2943,0.2510,3.8000,-0.4500,354.1121,184.0395,351.4069,0.0000,0.0000,0.0000
52.119,489.6575,-3.4472,260.1278,0.2510,3.8000,-0.4500,354.1437,184.0349,351.8521,0.0000,0.0000,0.0000
52.245,489.4219,-3.6550,259.9250,0.2510,3.8000,-0.4500,354.2310,184.0228,352.4149,0.0000,0.0000,0.0000
52.355,489.1835,-3.8464,259.7277,0.2510,3.8000,-0.4500,354.3609,184.0061,353.0117,0.0000,0.0000,0.0000
52.466,488.9829,-3.9933,259.5712,0.2510,3.8000,-0.4500,354.4980,183.9899,353.5340,0.0000,0.0000,0.0000
52.578,488.7400,-4.1539,259.3958,0.2510,3.8000,-0.4500,354.6953,183.9686,354.1876,0.0000,0.0000,0.0000
52.689,488.4949,-4.2967,259.2358,0.2510,3.8000,-0.4500,354.9272,183.9463,354.8658,0.0000,0.0000,0.0000
52.800,488.2891,-4.4016,259.1154,0.2510,3.8000,-0.4500,355.1462,183.9277,355.4454,0.0000,0.0000,0.0000
52.911,488.0406,-4.5101,258.9875,0.2510,3.8000,-0.4500,355.4389,183.9061,356.1528,0.0000,0.0000,0.0000
53.022,487.8324,-4.5857,258.8953,0.2510,3.8000,-0.4500,355.7069,183.8895,356.7473,0.0000,0.0000,0.0000
53.133,487.5815,-4.6581,258.8018,0.2510,3.8000,-0.4500,356.0560,183.8718,357.4602,0.0000,0.0000,0.0000
53.244,487.3718,-4.7031,258.7398,0.2510,3.8000,-0.4500,356.3686,183.8595,358.0485,0.0000,0.0000,0.0000
53.356,487.1199,-4.7401,258.7123,0.2510,3.8000,-0.4500,356.7686,183.8483,358.7411,0.0000,0.0000,0.0000
53.467,486.9099,-4.7560,258.7144,0.2510,3.8000,-0.4500,357.1238,183.8423,359.3029,0.0000,0.0000,0.0000
53.577,486.6585,-4.7567,258.7291,0.2510,3.8000,-0.4500,357.5744,183.8394,359.9518,0.0000,0.0000,0.0000
53.689,486.4087,-4.7380,258.7520,0.2510,3.8000,-0.4500,358.0465,183.8416,0.5641,0.0000,0.0000,0.0000
53.800,486.2025,-4.7082,258.7801,0.2510,3.8000,-0.4500,358.4522,183.8473,1.0398,0.0000,0.0000,0.0000
53.912,485.9581,-4.6567,258.8252,0.2510,3.8000,-0.4500,358.9508,183.8587,1.5632,0.0000,0.0000,0.0000
54.036,485.7168,-4.5889,258.8814,0.2510,3.8000,-0.4500,359.4596,183.8747,2.0294,0.0000,0.0000,0.0000
54.147,485.5180,-4.5210,258.9352,0.2510,3.8000,-0.4500,359.8896,183.8912,2.3711,0.0000,0.0000,0.0000
54.258,485.2820,-4.4269,259.0067,0.2510,3.8000,-0.4500,0.4110,183.9145,2.7228,0.0000,0.0000,0.0000
54.369,485.0485,-4.3204,259.0840,0.2510,3.8000,-0.4500,0.9364,183.9408,3.0096,0.0000,0.0000,0.0000
54.480,484.8554,-4.2231,259.1516,0.2510,3.8000,-0.4500,1.3757,183.9647,3.1998,0.0000,0.0000,0.0000
54.592,484.6251,-4.0971,259.2353,0.2510,3.8000,-0.4500,1.9030,183.9950,3.3715,0.0000,0.0000,0.0000
54.702,484.4341,-3.9854,259.3061,0.2510,3.8000,-0.4500,2.3407,184.0212,3.4696,0.0000,0.0000,0.0000
54.827,484.2056,-3.8442,259.3911,0.2510,3.8000,-0.4500,2.8613,184.0531,3.5360,0.0000,0.0000,0.0000
54.938,483.9772,-3.6965,259.4753,0.2510,3.8000,-0.4500,3.3737,184.0849,3.5496,0.0000,0.0000,0.0000
55.049,483.7487,-3.5436,259.5576,0.2510,3.8000,-0.4500,3.8749,184.1160,3.5135,0.0000,0.0000,0.0000
55.161,483.5580,-3.4135,259.6248,0.2510,3.8000,-0.4500,4.2013,184.1359,3.4631,0.0000,0.0000,0.0000
55.272,483.3279,-3.2544,259.7018,0.2510,3.8000,-0.4500,4.7011,184.1658,3.3375,0.0000,0.0000,0.0000
55.383,483.1352,-3.1209,259.7632,0.2510,3.8000,-0.4500,5.0262,184.1845,3.2296,0.0000,0.0000,0.0000
55.495,482.9020,-2.9603,259.8319,0.2510,3.8000,-0.4500,5.5046,184.2108,3.0200,0.0000,0.0000,0.0000
55.606,482.7061,-2.8274,259.8851,0.2510,3.8000,-0.4500,5.8798,184.2300,2.8166,0.0000,0.0000,0.0000
55.717,482.4695,-2.6694,259.9449,0.2510,3.8000,-0.4500,6.1593,184.2434,2.6343,0.0000,0.0000,0.0000
55.828,482.2697,-2.5409,259.9901,0.2510,3.8000,-0.4500,6.5160,184.2590,2.3537,0.0000,0.0000,0.0000
55.938,482.0272,-2.3909,260.0392,0.2510,3.8000,-0.4500,6.9048,184.2739,1.9949,0.0000,0.0000,0.0000
56.050,481.7817,-2.2463,260.0832,0.2510,3.8000,-0.4500,7.2391,184.2846,1.6224,0.0000,0.0000,0.0000
56.161,481.5752,-2.1301,260.1164,0.2510,3.8000,-0.4500,7.4419,184.2899,1.3501,0.0000,0.0000,0.0000
56.272,481.3240,-1.9987,260.1515,0.2510,3.8000,-0.4500,7.7208,184.2955,0.9170,0.0000,0.0000,0.0000
56.382,481.1123,-1.8954,260.1780,0.2510,3.8000,-0.4500,7.9206,184.2981,0.5486,0.0000,0.0000,0.0000
56.494,480.8560,-1.7787,260.2076,0.2510,3.8000,-0.4500,8.0956,184.2992,0.1575,0.0000,0.0000,0.0000
56.605,480.6398,-1.6897,260.2318,0.2510,3.8000,-0.4500,8.2506,184.2991,359.7460,0.0000,0.0000,0.0000
56.716,480.3781,-1.5917,260.2623,0.2510,3.8000,-0.4500,8.4015,184.2978,359.2524,0.0000,0.0000,0.0000
56.841,480.1143,-1.5036,260.2968,0.2510,3.8000,-0.4500,8.5164,184.2958,358.7593,0.0000,0.0000,0.0000
56.954,479.8487,-1.4256,260.3375,0.2510,3.8000,-0.4500,8.5987,184.2937,358.2641,0.0000,0.0000,0.0000
57.064,479.6266,-1.3674,260.3772,0.2510,3.8000,-0.4500,8.6356,184.2924,357.9169,0.0000,0.0000,0.0000
57.186,479.3582,-1.3090,260.4333,0.2510,3.8000,-0.4500,8.6683,184.2911,357.3862,0.0000,0.0000,0.0000
57.298,479.0891,-1.2609,260.4999,0.2510,3.8000,-0.4500,8.6716,184.2910,356.8716,0.0000,0.0000,0.0000
57.423,478.8198,-1.2216,260.5780,0.2510,3.8000,-0.4500,8.6523,184.2921,356.4544,0.0000,0.0000,0.0000
57.533,478.5496,-1.1948,260.6685,0.2510,3.8000,-0.4500,8.6002,184.2956,355.9382,0.0000,0.0000,0.0000
57.645,478.3244,-1.1803,260.7535,0.2510,3.8000,-0.4500,8.5388,184.3003,355.5225,0.0000,0.0000,0.0000
57.756,478.0547,-1.1710,260.8669,0.2510,3.8000,-0.4500,8.4560,184.3071,355.1110,0.0000,0.0000,0.0000
57.867,477.8302,-1.1706,260.9709,0.2510,3.8000,-0.4500,8.3789,184.3141,354.7907,0.0000,0.0000,0.0000
57.979,477.5611,-1.1802,261.1070,0.2510,3.8000,-0.4500,8.2564,184.3258,354.3818,0.0000,0.0000,0.0000
58.090,477.2932,-1.1961,261.2542,0.2510,3.8000,-0.4500,8.1769,184.3339,354.1444,0.0000,0.0000,0.0000
58.200,477.0697,-1.2209,261.3864,0.2510,3.8000,-0.4500,8.0132,184.3514,353.7380,0.0000,0.0000,0.0000
58.312,476.8031,-1.2537,261.5539,0.2510,3.8000,-0.4500,7.9087,184.3632,353.5078,0.0000,0.0000,0.0000
58.423,476.5811,-1.2897,261.7018,0.2510,3.8000,-0.4500,7.7525,184.3816,353.2056,0.0000,0.0000,0.0000
58.533,476.3161,-1.3368,261.8871,0.2510,3.8000,-0.4500,7.6246,184.3972,352.9940,0.0000,0.0000,0.0000
58.644,476.0958,-1.3821,262.0481,0.2510,3.8000,-0.4500,7.4882,184.4144,352.7894,0.0000,0.0000,0.0000
58.756,475.8326,-1.4394,262.2477,0.2510,3.8000,-0.4500,7.3869,184.4274,352.6630,0.0000,0.0000,0.0000
58.867,475.6135,-1.4929,262.4200,0.2510,3.8000,-0.4500,7.2264,184.4485,352.4794,0.0000,0.0000,0.0000
58.978,475.3517,-1.5568,262.6311,0.2510,3.8000,-0.4500,7.1659,184.4566,352.4278,0.0000,0.0000,0.0000
59.090,475.0905,-1.6235,262.8466,0.2510,3.8000,-0.4500,7.1034,184.4650,352.3778,0.0000,0.0000,0.0000
59.200,474.8732,-1.6805,263.0287,0.2510,3.8000,-0.4500,7.0350,184.4742,352.3353,0.0000,0.0000,0.0000
59.312,474.6128,-1.7489,263.2497,0.2510,3.8000,-0.4500,6.9635,184.4840,352.2993,0.0000,0.0000,0.0000
59.430,474.3527,-1.8162,263.4720,0.2510,3.8000,-0.4500,6.8865,184.4945,352.2776,0.0000,0.0000,0.0000
59.546,474.1362,-1.8709,263.6582,0.2510,3.8000,-0.4500,6.7253,184.5165,352.2746,0.0000,0.0000,0.0000
59.658,473.8760,-1.9318,263.8802,0.2510,3.8000,-0.4500,6.7253,184.5165,352.2746,0.0000,0.0000,0.0000
59.770,473.6165,-1.9876,264.1027,0.2510,3.8000,-0.4500,6.5740,184.5371,352.3416,0.0000,0.0000,0.0000
59.881,473.4006,-2.0276,264.2871,0.2510,3.8000,-0.4500,6.3801,184.5630,352.5089,0.0000,0.0000,0.0000
59.992,473.1412,-2.0672,264.5045,0.2510,3.8000,-0.4500,6.1936,184.5873,352.7777,0.0000,0.0000,0.0000
60.103,472.9248,-2.0926,264.6815,0.2510,3.8000,-0.4500,6.1056,184.5983,353.0254,0.0000,0.0000,0.0000
60.215,472.6654,-2.1104,264.8868,0.2510,3.8000,-0.4500,6.0044,184.6104,353.5266,0.0000,0.0000,0.0000
60.325,472.4478,-2.1195,265.0506,0.2510,3.8000,-0.4500,5.9995,184.6109,353.7859,0.0000,0.0000,0.0000
60.437,472.1874,-2.1155,265.2374,0.2510,3.8000,-0.4500,6.0312,184.6077,354.3177,0.0000,0.0000,0.0000
60.548,471.9264,-2.0993,265.4119,0.2510,3.8000,-0.4500,6.1059,184.6006,354.8324,0.0000,0.0000,0.0000
60.659,471.7086,-2.0756,265.5470,0.2510,3.8000,-0.4500,6.1942,184.5929,355.2572,0.0000,0.0000,0.0000
60.770,471.4471,-2.0344,265.6963,0.2510,3.8000,-0.4500,6.3267,184.5824,355.7736,0.0000,0.0000,0.0000
60.881,471.2293,-1.9890,265.8097,0.2510,3.8000,-0.4500,6.4554,184.5734,356.2135,0.0000,0.0000,0.0000
60.994,470.9684,-1.9210,265.9324,0.2510,3.8000,-0.4500,6.6257,184.5628,356.7534,0.0000,0.0000,0.0000
61.103,470.7516,-1.8530,266.0235,0.2510,3.8000,-0.4500,6.7762,184.5549,357.2120,0.0000,0.0000,0.0000
61.214,470.4924,-1.7581,266.1198,0.2510,3.8000,-0.4500,6.9610,184.5467,357.7700,0.0000,0.0000,0.0000
61.325,470.2774,-1.6680,266.1895,0.2510,3.8000,-0.4500,7.1142,184.5413,358.2391,0.0000,0.0000,0.0000
61.437,470.0210,-1.5471,266.2610,0.2510,3.8000,-0.4500,7.2921,184.5367,358.8037,0.0000,0.0000,0.0000
61.548,469.7666,-1.4127,266.3203,0.2510,3.8000,-0.4500,7.4586,184.5340,359.3667,0.0000,0.0000,0.0000
61.659,469.5563,-1.2907,266.3613,0.2510,3.8000,-0.4500,7.5854,184.5331,359.8322,0.0000,0.0000,0.0000
61.770,469.3065,-1.1331,266.4023,0.2510,3.8000,-0.4500,7.7197,184.5333,0.3834,0.0000,0.0000,0.0000
61.881,469.1007,-0.9928,266.4311,0.2510,3.8000,-0.4500,7.8145,184.5343,0.8342,0.0000,0.0000,0.0000
61.992,468.8568,-0.8141,266.4619,0.2510,3.8000,-0.4500,7.9053,184.5361,1.3621,0.0000,0.0000,0.0000
62.104,468.6561,-0.6570,266.4861,0.2510,3.8000,-0.4500,7.9601,184.5376,1.7891,0.0000,0.0000,0.0000
62.214,468.4177,-0.4622,266.5158,0.2510,3.8000,-0.4500,7.9880,184.5385,2.1247,0.0000,0.0000,0.0000
62.326,468.2230,-0.2897,266.5411,0.2510,3.8000,-0.4500,8.0003,184.5390,2.5741,0.0000,0.0000,0.0000
62.437,467.9924,-0.0768,266.5746,0.2510,3.8000,-0.4500,7.9885,184.5384,2.9998,0.0000,0.0000,0.0000
62.547,467.8025,0.1045,266.6062,0.2510,3.8000,-0.4500,7.9664,184.5372,3.2458,0.0000,0.0000,0.0000
62.672,467.5423,0.3683,266.6566,0.2510,3.8000,-0.4500,7.8753,184.5316,3.7440,0.0000,0.0000,0.0000
62.783,467.3591,0.5603,266.6981,0.2510,3.8000,-0.4500,7.7785,184.5249,4.0620,0.0000,0.0000,0.0000
62.894,467.1419,0.7928,266.7542,0.2510,3.8000,-0.4500,7.6456,184.5150,4.3699,0.0000,0.0000,0.0000
63.019,466.9273,1.0262,266.8176,0.2510,3.8000,-0.4500,7.5237,184.5054,4.5834,0.0000,0.0000,0.0000
63.131,466.7155,1.2600,266.8887,0.2510,3.8000,-0.4500,7.3779,184.4933,4.7899,0.0000,0.0000,0.0000
63.242,466.5418,1.4554,266.9549,0.2510,3.8000,-0.4500,7.0695,184.4664,5.0983,0.0000,0.0000,0.0000
63.367,466.3346,1.6858,267.0423,0.2510,3.8000,-0.4500,6.7389,184.4359,5.3395,0.0000,0.0000,0.0000
63.478,466.1279,1.9107,267.1378,0.2510,3.8000,-0.4500,6.5001,184.4132,5.4482,0.0000,0.0000,0.0000
63.590,465.9226,2.1290,267.2435,0.2510,3.8000,-0.4500,6.0014,184.3646,5.6116,0.0000,0.0000,0.0000
63.701,465.7516,2.3041,267.3381,0.2510,3.8000,-0.4500,5.5968,184.3243,5.6812,0.0000,0.0000,0.0000
63.812,465.5457,2.5057,267.4578,0.2510,3.8000,-0.4500,5.2685,184.2915,5.6955,0.0000,0.0000,0.0000
63.923,465.3731,2.6631,267.5639,0.2510,3.8000,-0.4500,4.7962,184.2443,5.6613,0.0000,0.0000,0.0000
64.035,465.1643,2.8394,267.6969,0.2510,3.8000,-0.4500,4.2147,184.1869,5.5686,0.0000,0.0000,0.0000
64.145,464.9858,2.9493,267.8131,0.2510,3.8000,-0.4500,3.7529,184.1422,5.4136,0.0000,0.0000,0.0000
64.256,464.7518,2.9897,267.9578,0.2510,3.8000,-0.4500,3.3729,184.1093,4.1614,0.0000,0.0000,0.0000
64.367,464.5399,2.9957,268.0712,0.2510,3.8000,-0.4500,3.0843,184.0933,2.0391,0.0000,0.0000,0.0000
64.478,464.2715,2.9320,268.1877,0.2510,3.8000,-0.4500,2.8118,184.0898,359.1281,0.0000,0.0000,0.0000
64.589,464.0057,2.8574,268.2868,0.2510,3.8000,-0.4500,2.6890,184.0936,357.3920,0.0000,0.0000,0.0000
64.702,463.7882,2.8144,268.3688,0.2510,3.8000,-0.4500,2.6280,184.0967,356.8982,0.0000,0.0000,0.0000
64.811,463.5299,2.7804,268.4710,0.2510,3.8000,-0.4500,2.6280,184.0967,356.8982,0.0000,0.0000,0.0000
64.922,463.3146,2.7594,268.5587,0.2510,3.8000,-0.4500,2.6280,184.0967,356.8983,0.0000,0.0000,0.0000
65.034,463.0569,2.7453,268.6649,0.2510,3.8000,-0.4500,2.5965,184.0984,356.9796,0.0000,0.0000,0.0000
65.144,462.8450,2.7482,268.7525,0.2510,3.8000,-0.4500,2.4435,184.1059,357.4395,0.0000,0.0000,0.0000
65.255,462.5911,2.7619,268.8517,0.2510,3.8000,-0.4500,2.3042,184.1115,357.9908,0.0000,0.0000,0.0000
65.366,462.3798,2.7810,268.9279,0.2510,3.8000,-0.4500,2.2200,184.1141,358.4258,0.0000,0.0000,0.0000
65.478,462.1269,2.8128,269.0113,0.2510,3.8000,-0.4500,2.1406,184.1160,358.9285,0.0000,0.0000,0.0000
65.590,461.8740,2.8514,269.0865,0.2510,3.8000,-0.4500,2.0939,184.1167,359.2692,0.0000,0.0000,0.0000
65.699,461.6655,2.8933,269.1432,0.2510,3.8000,-0.4500,2.0345,184.1172,359.7283,0.0000,0.0000,0.0000
65.811,461.4164,2.9512,269.2048,0.2510,3.8000,-0.4500,1.9679,184.1172,0.2509,0.0000,0.0000,0.0000
65.921,461.2090,3.0026,269.2521,0.2510,3.8000,-0.4500,1.9363,184.1170,0.4964,0.0000,0.0000,0.0000
66.032,460.9633,3.0753,269.3063,0.2510,3.8000,-0.4500,1.8664,184.1161,1.0090,0.0000,0.0000,0.0000
66.145,460.7591,3.1388,269.3513,0.2510,3.8000,-0.4500,1.8305,184.1154,1.2564,0.0000,0.0000,0.0000
66.255,460.5170,3.2235,269.4068,0.2510,3.8000,-0.4500,1.7585,184.1135,1.6893,0.0000,0.0000,0.0000
66.367,460.3159,3.2959,269.4556,0.2510,3.8000,-0.4500,1.7285,184.1126,1.8565,0.0000,0.0000,0.0000
66.477,460.0781,3.3911,269.5179,0.2510,3.8000,-0.4500,1.6391,184.1094,2.2739,0.0000,0.0000,0.0000
66.602,459.8415,3.4882,269.5855,0.2510,3.8000,-0.4500,1.5787,184.1068,2.5122,0.0000,0.0000,0.0000
66.715,459.6070,3.5888,269.6586,0.2510,3.8000,-0.4500,1.5085,184.1036,2.7472,0.0000,0.0000,0.0000
66.825,459.4133,3.6752,269.7237,0.2510,3.8000,-0.4500,1.4175,184.0991,2.9865,0.0000,0.0000,0.0000
66.936,459.1811,3.7772,269.8065,0.2510,3.8000,-0.4500,1.3862,184.0974,3.0636,0.0000,0.0000,0.0000
67.047,458.9898,3.8646,269.8794,0.2510,3.8000,-0.4500,1.2654,184.0907,3.2861,0.0000,0.0000,0.0000
67.158,458.7599,3.9664,269.9707,0.2510,3.8000,-0.4500,1.2216,184.0882,3.3538,0.0000,0.0000,0.0000
67.269,458.5319,4.0676,270.0669,0.2510,3.8000,-0.4500,1.0581,184.0783,3.5436,0.0000,0.0000,0.0000
67.381,458.3411,4.1482,270.1494,0.2510,3.8000,-0.4500,1.0581,184.0783,3.5436,0.0000,0.0000,0.0000
67.491,458.1134,4.2420,270.2526,0.2510,3.8000,-0.4500,0.8392,184.0645,3.6777,0.0000,0.0000,0.0000
67.602,457.9232,4.3160,270.3404,0.2510,3.8000,-0.4500,0.7672,184.0598,3.7163,0.0000,0.0000,0.0000
67.714,457.6945,4.3984,270.4485,0.2510,3.8000,-0.4500,0.5992,184.0489,3.7435,0.0000,0.0000,0.0000
67.829,457.4651,4.4737,270.5589,0.2510,3.8000,-0.4500,0.4321,184.0379,3.7596,0.0000,0.0000,0.0000
67.949,457.2343,4.5384,270.6721,0.2510,3.8000,-0.4500,0.1063,184.0166,3.7037,0.0000,0.0000,0.0000
68.060,457.0407,4.5851,270.7672,0.2510,3.8000,-0.4500,359.8715,184.0016,3.6230,0.0000,0.0000,0.0000
68.172,456.8059,4.6300,270.8354,0.2510,3.8000,-0.4500,359.5023,183.9789,3.4068,0.0000,0.0000,0.0000
68.283,456.6099,4.6634,270.8269,0.2510,3.8000,-0.4500,359.3675,183.9710,3.3118,0.0000,0.0000,0.0000
68.394,456.3724,4.6894,270.7658,0.2510,3.8000,-0.4500,358.9916,183.9504,2.9531,0.0000,0.0000,0.0000
68.505,456.1754,4.7084,270.6839,0.2510,3.8000,-0.4500,358.8784,183.9446,2.8299,0.0000,0.0000,0.0000
68.615,455.9362,4.7157,270.5639,0.2510,3.8000,-0.4500,358.5477,183.9295,2.3981,0.0000,0.0000,0.0000
68.729,455.6967,4.7130,270.4228,0.2510,3.8000,-0.4500,358.2555,183.9183,1.9734,0.0000,0.0000,0.0000
68.838,455.4998,4.7081,270.2701,0.2510,3.8000,-0.4500,358.1648,183.9153,1.8300,0.0000,0.0000,0.0000
68.963,455.2639,4.6871,270.0383,0.2510,3.8000,-0.4500,357.8767,183.9073,1.3488,0.0000,0.0000,0.0000
69.075,455.0302,4.6578,269.7613,0.2510,3.8000,-0.4500,357.6165,183.9022,0.8920,0.0000,0.0000,0.0000
69.185,454.8375,4.6300,269.5048,0.2510,3.8000,-0.4500,357.4936,183.9005,0.6668,0.0000,0.0000,0.0000
69.298,454.6050,4.5837,269.1774,0.2510,3.8000,-0.4500,357.2419,183.8986,0.1960,0.0000,0.0000,0.0000
69.417,454.3735,4.5315,268.8374,0.2510,3.8000,-0.4500,357.0844,183.8985,359.8975,0.0000,0.0000,0.0000
69.531,454.1400,4.4655,268.4953,0.2510,3.8000,-0.4500,356.8382,183.8999,359.4296,0.0000,0.0000,0.0000
69.640,453.9453,4.4044,268.2106,0.2510,3.8000,-0.4500,356.6776,183.9020,359.1263,0.0000,0.0000,0.0000
69.753,453.7105,4.3201,267.8705,0.2510,3.8000,-0.4500,356.4394,183.9065,358.6834,0.0000,0.0000,0.0000
69.865,453.5150,4.2453,267.5875,0.2510,3.8000,-0.4500,356.3181,183.9096,358.4622,0.0000,0.0000,0.0000
69.975,453.2789,4.1424,267.2494,0.2510,3.8000,-0.4500,356.0659,183.9174,358.0114,0.0000,0.0000,0.0000
70.088,453.0431,4.0333,266.9145,0.2510,3.8000,-0.4500,355.8974,183.9237,357.7199,0.0000,0.0000,0.0000
70.197,452.8461,3.9358,266.6386,0.2510,3.8000,-0.4500,355.7693,183.9290,357.5024,0.0000,0.0000,0.0000
70.308,452.6090,3.8082,266.3111,0.2510,3.8000,-0.4500,355.5500,183.9393,357.1436,0.0000,0.0000,0.0000
70.419,452.4115,3.6973,266.0396,0.2510,3.8000,-0.4500,355.4133,183.9464,356.9283,0.0000,0.0000,0.0000
70.530,452.1740,3.5548,265.7149,0.2510,3.8000,-0.4500,355.1835,183.9595,356.5812,0.0000,0.0000,0.0000
70.642,451.9766,3.4336,265.4485,0.2510,3.8000,-0.4500,355.0863,183.9655,356.4427,0.0000,0.0000,0.0000
70.753,451.7381,3.2795,265.1494,0.2510,3.8000,-0.4500,354.9395,183.9749,356.2383,0.0000,0.0000,0.0000
70.864,451.5375,3.1419,264.9197,0.2510,3.8000,-0.4500,354.7334,183.9890,355.9737,0.0000,0.0000,0.0000
70.975,451.2968,2.9741,264.6618,0.2510,3.8000,-0.4500,354.6289,183.9965,355.8493,0.0000,0.0000,0.0000
71.086,451.0953,2.8284,264.4582,0.2510,3.8000,-0.4500,354.5178,184.0047,355.7258,0.0000,0.0000,0.0000
71.198,450.8528,2.6458,264.2230,0.2510,3.8000,-0.4500,354.2864,184.0226,355.4916,0.0000,0.0000,0.0000
71.309,450.6113,2.4648,263.9922,0.2510,3.8000,-0.4500,354.2864,184.0226,355.4916,0.0000,0.0000,0.0000
71.421,450.4095,2.3099,263.8032,0.2510,3.8000,-0.4500,354.2182,184.0280,355.4391,0.0000,0.0000,0.0000
71.531,450.1674,2.1205,263.5782,0.2510,3.8000,-0.4500,354.0806,184.0392,355.3366,0.0000,0.0000,0.0000
71.643,449.9653,1.9621,263.3991,0.2510,3.8000,-0.4500,354.0097,184.0450,355.2970,0.0000,0.0000,0.0000
71.754,449.7203,1.7681,263.2185,0.2510,3.8000,-0.4500,353.9316,184.0515,355.2654,0.0000,0.0000,0.0000
71.865,449.5146,1.6018,263.0964,0.2510,3.8000,-0.4500,353.7761,184.0645,355.2076,0.0000,0.0000,0.0000
71.976,449.2675,1.3947,263.0474,0.2510,3.8000,-0.4500,353.7761,184.0645,355.2076,0.0000,0.0000,0.0000
72.088,449.0212,1.1751,263.0813,0.2510,3.8000,-0.4500,353.5309,184.0852,355.2106,0.0000,0.0000,0.0000
72.198,448.8160,0.9896,263.1434,0.2510,3.8000,-0.4500,353.5309,184.0852,355.2106,0.0000,0.0000,0.0000
72.309,448.5709,0.7648,263.2441,0.2510,3.8000,-0.4500,353.4528,184.0918,355.2417,0.0000,0.0000,0.0000
72.424,448.3673,0.5778,263.3417,0.2510,3.8000,-0.4500,353.2269,184.1105,355.3467,0.0000,0.0000,0.0000
72.535,448.1227,0.3558,263.4663,0.2510,3.8000,-0.4500,353.1650,184.1155,355.3987,0.0000,0.0000,0.0000
72.646,447.9193,0.1741,263.5748,0.2510,3.8000,-0.4500,353.0447,184.1252,355.5143,0.0000,0.0000,0.0000
72.760,447.6756,-0.0377,263.7071,0.2510,3.8000,-0.4500,352.8407,184.1408,355.7827,0.0000,0.0000,0.0000
72.867,447.4723,-0.2096,263.8166,0.2510,3.8000,-0.4500,352.7233,184.1493,356.0039,0.0000,0.0000,0.0000
72.992,447.1866,-0.4428,263.9669,0.2510,3.8000,-0.4500,352.5937,184.1581,356.3116,0.0000,0.0000,0.0000
73.118,446.9411,-0.6349,264.0917,0.2510,3.8000,-0.4500,352.4890,184.1646,356.6234,0.0000,0.0000,0.0000
73.224,446.7361,-0.7900,264.1924,0.2510,3.8000,-0.4500,352.4245,184.1683,356.8683,0.0000,0.0000,0.0000
73.336,446.4902,-0.9691,264.3098,0.2510,3.8000,-0.4500,352.3180,184.1738,357.2716,0.0000,0.0000,0.0000
73.448,446.2422,-1.1469,264.4216,0.2510,3.8000,-0.4500,352.2677,184.1762,357.4289,0.0000,0.0000,0.0000
73.559,446.0359,-1.2902,264.5110,0.2510,3.8000,-0.4500,352.1824,184.1799,357.6703,0.0000,0.0000,0.0000
73.670,445.7884,-1.4576,264.6129,0.2510,3.8000,-0.4500,352.0045,184.1865,358.0611,0.0000,0.0000,0.0000
73.781,445.5801,-1.5985,264.6916,0.2510,3.8000,-0.4500,351.9679,184.1878,358.1338,0.0000,0.0000,0.0000
73.893,445.3310,-1.7636,264.7824,0.2510,3.8000,-0.4500,351.7886,184.1932,358.4167,0.0000,0.0000,0.0000
74.004,445.1232,-1.9013,264.8548,0.2510,3.8000,-0.4500,351.6328,184.1973,358.6118,0.0000,0.0000,0.0000
74.114,444.8726,-2.0684,264.9376,0.2510,3.8000,-0.4500,351.5253,184.1998,358.7343,0.0000,0.0000,0.0000
74.226,444.6638,-2.2091,265.0039,0.2510,3.8000,-0.4500,351.3978,184.2026,358.8393,0.0000,0.0000,0.0000
74.337,444.4131,-2.3801,265.0801,0.2510,3.8000,-0.4500,351.1819,184.2067,358.9722,0.0000,0.0000,0.0000
74.448,444.1613,-2.5541,265.1518,0.2510,3.8000,-0.4500,351.1064,184.2081,359.0056,0.0000,0.0000,0.0000
74.560,443.9516,-2.7012,265.2103,0.2510,3.8000,-0.4500,350.9522,184.2107,359.0669,0.0000,0.0000,0.0000
74.670,443.6995,-2.8797,265.2784,0.2510,3.8000,-0.4500,350.7984,184.2132,359.1205,0.0000,0.0000,0.0000
74.781,443.4893,-3.0299,265.3344,0.2510,3.8000,-0.4500,350.6454,184.2155,359.1700,0.0000,0.0000,0.0000
74.892,443.2368,-3.2105,265.4004,0.2510,3.8000,-0.4500,350.4918,184.2177,359.2202,0.0000,0.0000,0.0000
75.004,443.0262,-3.3608,265.4546,0.2510,3.8000,-0.4500,350.4918,184.2177,359.2202,0.0000,0.0000,0.0000
75.115,442.7742,-3.5409,265.5192,0.2510,3.8000,-0.4500,350.2555,184.2207,359.3192,0.0000,0.0000,0.0000
75.228,442.5207,-3.7168,265.5685,0.2510,3.8000,-0.4500,350.1111,184.2224,359.4043,0.0000,0.0000,0.0000
75.337,442.3082,-3.8590,265.5938,0.2510,3.8000,-0.4500,350.0412,184.2231,359.4478,0.0000,0.0000,0.0000
75.448,442.0536,-4.0230,265.6092,0.2510,3.8000,-0.4500,349.9195,184.2241,359.5623,0.0000,0.0000,0.0000
75.560,441.8416,-4.1550,265.6118,0.2510,3.8000,-0.4500,349.8613,184.2245,359.6207,0.0000,0.0000,0.0000
75.670,441.5887,-4.3057,265.6074,0.2510,3.8000,-0.4500,349.7264,184.2252,359.8330,0.0000,0.0000,0.0000
75.782,441.3779,-4.4274,265.5969,0.2510,3.8000,-0.4500,349.6937,184.2253,359.9070,0.0000,0.0000,0.0000
75.894,441.1262,-4.5659,265.5772,0.2510,3.8000,-0.4500,349.6335,184.2253,0.0575,0.0000,0.0000,0.0000
76.005,440.9186,-4.6725,265.5562,0.2510,3.8000,-0.4500,349.5706,184.2251,0.3816,0.0000,0.0000,0.0000
76.115,440.6689,-4.7969,265.5246,0.2510,3.8000,-0.4500,349.5636,184.2250,0.5441,0.0000,0.0000,0.0000
76.226,440.4619,-4.8941,265.4949,0.2510,3.8000,-0.4500,349.5710,184.2251,0.7151,0.0000,0.0000,0.0000
76.339,440.2147,-5.0027,265.4552,0.2510,3.8000,-0.4500,349.5952,184.2255,0.9657,0.0000,0.0000,0.0000
76.447,440.0104,-5.0849,265.4196,0.2510,3.8000,-0.4500,349.6578,184.2267,1.2953,0.0000,0.0000,0.0000
76.559,439.7647,-5.1804,265.3729,0.2510,3.8000,-0.4500,349.7028,184.2278,1.4581,0.0000,0.0000,0.0000
76.670,439.5207,-5.2664,265.3226,0.2510,3.8000,-0.4500,349.7776,184.2299,1.6994,0.0000,0.0000,0.0000
76.781,439.3192,-5.3297,265.2776,0.2510,3.8000,-0.4500,349.8903,184.2337,2.0125,0.0000,0.0000,0.0000
76.892,439.0773,-5.4024,265.2194,0.2510,3.8000,-0.4500,349.9575,184.2361,2.1711,0.0000,0.0000,0.0000
77.004,438.8775,-5.4548,265.1679,0.2510,3.8000,-0.4500,350.0604,184.2403,2.4064,0.0000,0.0000,0.0000
77.115,438.6395,-5.5101,265.1020,0.2510,3.8000,-0.4500,350.2067,184.2470,2.7115,0.0000,0.0000,0.0000
77.226,438.4408,-5.5542,265.0434,0.2510,3.8000,-0.4500,350.2426,184.2487,2.7845,0.0000,0.0000,0.0000
77.337,438.2054,-5.5958,264.9690,0.2510,3.8000,-0.4500,350.3995,184.2569,3.0845,0.0000,0.0000,0.0000
77.448,437.9711,-5.6322,264.8903,0.2510,3.8000,-0.4500,350.5207,184.2637,3.3056,0.0000,0.0000,0.0000
77.558,437.7761,-5.6599,264.8213,0.2510,3.8000,-0.4500,350.5604,184.2661,3.3774,0.0000,0.0000,0.0000
77.670,437.5446,-5.6846,264.7346,0.2510,3.8000,-0.4500,350.6848,184.2738,3.5948,0.0000,0.0000,0.0000
77.783,437.3528,-5.7001,264.6595,0.2510,3.8000,-0.4500,350.8104,184.2820,3.8095,0.0000,0.0000,0.0000
77.892,437.1226,-5.7178,264.5657,0.2510,3.8000,-0.4500,350.8524,184.2849,3.8801,0.0000,0.0000,0.0000
78.004,436.9330,-5.7254,264.4849,0.2510,3.8000,-0.4500,350.9789,184.2938,4.0913,0.0000,0.0000,0.0000
78.115,436.7046,-5.7360,264.3848,0.2510,3.8000,-0.4500,350.9789,184.2938,4.0913,0.0000,0.0000,0.0000
78.226,436.5168,-5.7370,264.2990,0.2510,3.8000,-0.4500,351.1079,184.3034,4.3032,0.0000,0.0000,0.0000
78.337,436.2903,-5.7405,264.1933,0.2510,3.8000,-0.4500,351.1079,184.3034,4.3032,0.0000,0.0000,0.0000
78.448,436.0657,-5.7378,264.0852,0.2510,3.8000,-0.4500,351.1929,184.3100,4.4420,0.0000,0.0000,0.0000
78.559,435.8784,-5.7359,263.9936,0.2510,3.8000,-0.4500,351.1929,184.3100,4.4420,0.0000,0.0000,0.0000
78.670,435.6554,-5.7283,263.8818,0.2510,3.8000,-0.4500,351.2799,184.3169,4.5840,0.0000,0.0000,0.0000
78.782,435.4691,-5.7230,263.7872,0.2510,3.8000,-0.4500,351.2799,184.3169,4.5840,0.0000,0.0000,0.0000
78.893,435.2466,-5.7135,263.6721,0.2510,3.8000,-0.4500,351.3214,184.3203,4.6518,0.0000,0.0000,0.0000
79.003,435.0611,-5.7058,263.5753,0.2510,3.8000,-0.4500,351.3214,184.3203,4.6518,0.0000,0.0000,0.0000
79.114,434.8394,-5.6940,263.4586,0.2510,3.8000,-0.4500,351.3645,184.3239,4.7224,0.0000,0.0000,0.0000
79.225,434.6543,-5.6847,263.3608,0.2510,3.8000,-0.4500,351.3645,184.3239,4.7224,0.0000,0.0000,0.0000
79.337,434.4324,-5.6730,263.2427,0.2510,3.8000,-0.4500,351.3645,184.3239,4.7224,0.0000,0.0000,0.0000
79.448,434.2114,-5.6593,263.1241,0.2510,3.8000,-0.4500,351.4077,184.3275,4.7917,0.0000,0.0000,0.0000
79.559,434.0268,-5.6487,263.0249,0.2510,3.8000,-0.4500,351.4077,184.3275,4.7917,0.0000,0.0000,0.0000
79.670,433.8055,-5.6359,262.9056,0.2510,3.8000,-0.4500,351.4077,184.3275,4.7917,0.0000,0.0000,0.0000
79.781,433.6210,-5.6250,262.8063,0.2510,3.8000,-0.4500,351.4077,184.3275,4.7917,0.0000,0.0000,0.0000
79.892,433.3996,-5.6117,262.6871,0.2510,3.8000,-0.4500,351.4077,184.3275,4.7917,0.0000,0.0000,0.0000
80.004,433.2152,-5.6004,262.5880,0.2510,3.8000,-0.4500,351.4077,184.3275,4.7917,0.0000,0.0000,0.0000
80.114,432.9939,-5.5866,262.4692,0.2510,3.8000,-0.4500,351.4077,184.3275,4.7917,0.0000,0.0000,0.0000
80.226,432.8106,-5.5716,262.3694,0.2510,3.8000,-0.4500,351.5106,184.3363,4.9177,0.0000,0.0000,0.0000
80.337,432.5894,-5.5566,262.2491,0.2510,3.8000,-0.4500,351.5106,184.3363,4.9177,0.0000,0.0000,0.0000
80.448,432.3684,-5.5406,262.1281,0.2510,3.8000,-0.4500,351.5105,184.3363,4.9177,0.0000,0.0000,0.0000
80.559,432.1844,-5.5265,262.0269,0.2510,3.8000,-0.4500,351.5105,184.3363,4.9177,0.0000,0.0000,0.0000
80.670,431.9651,-5.5039,261.9043,0.2510,3.8000,-0.4500,351.6996,184.3530,5.0717,0.0000,0.0000,0.0000
80.781,431.7815,-5.4879,261.8164,0.2510,3.8000,-0.4500,351.6996,184.3530,5.0717,0.0000,0.0000,0.0000
80.892,431.5604,-5.4774,261.8235,0.2510,3.8000,-0.4500,351.7690,184.3593,5.1128,0.0000,0.0000,0.0000
81.003,431.3761,-5.4734,261.8928,0.2510,3.8000,-0.4500,351.9127,184.3724,5.1908,0.0000,0.0000,0.0000
81.114,431.1551,-5.4693,262.0179,0.2510,3.8000,-0.4500,352.2176,184.4007,5.3118,0.0000,0.0000,0.0000
81.225,430.9705,-5.4668,262.1435,0.2510,3.8000,-0.4500,352.3788,184.4159,5.3583,0.0000,0.0000,0.0000
81.336,430.7495,-5.4599,262.3082,0.2510,3.8000,-0.4500,352.6210,184.4389,5.4216,0.0000,0.0000,0.0000
81.448,430.5297,-5.4445,262.4809,0.2510,3.8000,-0.4500,353.1132,184.4865,5.5216,0.0000,0.0000,0.0000
81.558,430.3469,-5.4291,262.6307,0.2510,3.8000,-0.4500,353.2690,184.5017,5.5509,0.0000,0.0000,0.0000
81.684,430.1292,-5.3991,262.8131,0.2510,3.8000,-0.4500,353.7727,184.5513,5.6430,0.0000,0.0000,0.0000
81.794,429.9126,-5.3618,262.9999,0.2510,3.8000,-0.4500,354.0992,184.5840,5.7050,0.0000,0.0000,0.0000
81.906,429.7337,-5.3207,263.1565,0.2510,3.8000,-0.4500,354.5296,184.6275,5.7933,0.0000,0.0000,0.0000
82.017,429.5206,-5.2612,263.3461,0.2510,3.8000,-0.4500,355.0479,184.6808,5.9071,0.0000,0.0000,0.0000
82.142,429.3094,-5.1899,263.5367,0.2510,3.8000,-0.4500,355.5526,184.7337,6.0262,0.0000,0.0000,0.0000
82.254,429.1002,-5.1060,263.7274,0.2510,3.8000,-0.4500,356.0600,184.7880,6.1530,0.0000,0.0000,0.0000
82.365,428.9275,-5.0260,263.8866,0.2510,3.8000,-0.4500,356.4927,184.8352,6.2657,0.0000,0.0000,0.0000
82.476,428.7224,-4.9175,264.0773,0.2510,3.8000,-0.4500,357.0275,184.8947,6.4092,0.0000,0.0000,0.0000
82.586,428.5533,-4.8164,264.2362,0.2510,3.8000,-0.4500,357.4861,184.9468,6.5348,0.0000,0.0000,0.0000
82.698,428.3529,-4.6819,264.4265,0.2510,3.8000,-0.4500,358.0505,185.0123,6.6913,0.0000,0.0000,0.0000
82.808,428.1551,-4.5331,264.6161,0.2510,3.8000,-0.4500,358.6277,185.0808,6.8525,0.0000,0.0000,0.0000
82.934,427.9600,-4.3699,264.8047,0.2510,3.8000,-0.4500,359.2140,185.1521,7.0162,0.0000,0.0000,0.0000
83.045,427.7995,-4.2230,264.9611,0.2510,3.8000,-0.4500,359.7069,185.2134,7.1530,0.0000,0.0000,0.0000
83.156,427.6094,-4.0340,265.1476,0.2510,3.8000,-0.4500,0.3001,185.2887,7.3157,0.0000,0.0000,0.0000
83.267,427.4532,-3.8658,265.3017,0.2510,3.8000,-0.4500,0.7931,185.3526,7.4486,0.0000,0.0000,0.0000
83.378,427.2679,-3.6521,265.4846,0.2510,3.8000,-0.4500,1.3794,185.4301,7.6032,0.0000,0.0000,0.0000
83.489,427.0852,-3.4257,265.6647,0.2510,3.8000,-0.4500,1.9558,185.5078,7.7507,0.0000,0.0000,0.0000
83.600,426.9348,-3.2279,265.8125,0.2510,3.8000,-0.4500,2.4255,185.5723,7.8669,0.0000,0.0000,0.0000
83.711,426.7563,-2.9802,265.9872,0.2510,3.8000,-0.4500,2.9728,185.6486,7.9971,0.0000,0.0000,0.0000
83.823,426.6093,-2.7657,266.1305,0.2510,3.8000,-0.4500,3.4126,185.7109,8.0971,0.0000,0.0000,0.0000
83.933,426.4345,-2.4994,266.2921,0.2510,3.8000,-0.4500,3.9175,185.7834,8.2062,0.0000,0.0000,0.0000
84.045,426.2886,-2.2809,266.3136,0.2510,3.8000,-0.4500,4.1590,185.8184,8.2559,0.0000,0.0000,0.0000
84.156,426.1130,-2.0248,266.2147,0.2510,3.8000,-0.4500,4.5661,185.8779,8.3354,0.0000,0.0000,0.0000
84.267,425.9660,-1.8164,266.0738,0.2510,3.8000,-0.4500,4.7341,185.9026,8.3663,0.0000,0.0000,0.0000
84.378,425.7895,-1.5689,265.8640,0.2510,3.8000,-0.4500,4.9017,185.9274,8.3968,0.0000,0.0000,0.0000
84.502,425.6135,-1.3195,265.6272,0.2510,3.8000,-0.4500,5.2439,185.9783,8.4611,0.0000,0.0000,0.0000
84.613,425.4378,-1.0705,265.3763,0.2510,3.8000,-0.4500,5.3989,186.0015,8.4964,0.0000,0.0000,0.0000
84.724,425.2921,-0.8602,265.1593,0.2510,3.8000,-0.4500,5.5615,186.0260,8.5509,0.0000,0.0000,0.0000
84.836,425.1186,-0.6050,264.8918,0.2510,3.8000,-0.4500,5.7192,186.0499,8.6097,0.0000,0.0000,0.0000
84.947,424.9754,-0.3884,264.6645,0.2510,3.8000,-0.4500,5.8629,186.0719,8.6932,0.0000,0.0000,0.0000
85.060,424.8053,-0.1246,264.3870,0.2510,3.8000,-0.4500,6.0040,186.0937,8.7872,0.0000,0.0000,0.0000
85.170,424.6384,0.1468,264.1035,0.2510,3.8000,-0.4500,6.2510,186.1326,9.0222,0.0000,0.0000,0.0000
85.280,424.5000,0.3732,263.8645,0.2510,3.8000,-0.4500,6.3016,186.1407,9.0885,0.0000,0.0000,0.0000
85.393,424.3375,0.6514,263.5715,0.2510,3.8000,-0.4500,6.4465,186.1643,9.2930,0.0000,0.0000,0.0000
85.502,424.2029,0.8842,263.3243,0.2510,3.8000,-0.4500,6.4852,186.1707,9.3717,0.0000,0.0000,0.0000
85.613,424.0462,1.1708,263.0212,0.2510,3.8000,-0.4500,6.6271,186.1947,9.6874,0.0000,0.0000,0.0000
85.724,423.9157,1.4085,262.7654,0.2510,3.8000,-0.4500,6.6507,186.1988,9.7657,0.0000,0.0000,0.0000
85.835,423.7628,1.6989,262.4537,0.2510,3.8000,-0.4500,6.7109,186.2093,10.0006,0.0000,0.0000,0.0000
85.947,423.6353,1.9393,262.1923,0.2510,3.8000,-0.4500,6.7109,186.2093,10.0006,0.0000,0.0000,0.0000
86.058,423.4864,2.2343,261.8753,0.2510,3.8000,-0.4500,6.7410,186.2147,10.2547,0.0000,0.0000,0.0000
86.169,423.3375,2.5279,261.5558,0.2510,3.8000,-0.4500,6.7407,186.2147,10.3369,0.0000,0.0000,0.0000
86.282,423.2159,2.7745,261.2870,0.2510,3.8000,-0.4500,6.7370,186.2140,10.4995,0.0000,0.0000,0.0000
86.391,423.0692,3.0681,260.9706,0.2510,3.8000,-0.4500,6.7370,186.2140,10.4995,0.0000,0.0000,0.0000
86.503,422.9507,3.3271,260.8445,0.2510,3.8000,-0.4500,6.7144,186.2097,10.5771,0.0000,0.0000,0.0000
86.615,422.8136,3.6572,260.8524,0.2510,3.8000,-0.4500,6.6863,186.2044,10.6508,0.0000,0.0000,0.0000
86.724,422.7018,3.9406,260.9424,0.2510,3.8000,-0.4500,6.6863,186.2044,10.6508,0.0000,0.0000,0.0000
86.835,422.5724,4.2867,261.1143,0.2510,3.8000,-0.4500,6.4551,186.1602,10.8794,0.0000,0.0000,0.0000
86.946,422.4644,4.5722,261.2922,0.2510,3.8000,-0.4500,6.3053,186.1311,10.9362,0.0000,0.0000,0.0000
87.058,422.3351,4.9081,261.5372,0.2510,3.8000,-0.4500,5.8946,186.0510,11.0071,0.0000,0.0000,0.0000
87.169,422.2037,5.2320,261.8109,0.2510,3.8000,-0.4500,5.3922,185.9530,10.9501,0.0000,0.0000,0.0000
87.280,422.0918,5.4913,262.0564,0.2510,3.8000,-0.4500,4.9709,185.8716,10.8285,0.0000,0.0000,0.0000
87.391,421.9536,5.7874,262.3666,0.2510,3.8000,-0.4500,4.4525,185.7730,10.6161,0.0000,0.0000,0.0000
87.503,421.8344,6.0191,262.6346,0.2510,3.8000,-0.4500,3.9957,185.6880,10.3927,0.0000,0.0000,0.0000
87.613,421.6857,6.2774,262.9644,0.2510,3.8000,-0.4500,3.4081,185.5817,10.0740,0.0000,0.0000,0.0000
87.725,421.5565,6.4743,263.2436,0.2510,3.8000,-0.4500,2.8835,185.4898,9.7676,0.0000,0.0000,0.0000
87.835,421.3945,6.6869,263.5818,0.2510,3.8000,-0.4500,2.2130,185.3768,9.3521,0.0000,0.0000,0.0000
87.947,421.2535,6.8428,263.8651,0.2510,3.8000,-0.4500,1.6221,185.2814,8.9664,0.0000,0.0000,0.0000
88.058,421.0766,7.0030,264.2049,0.2510,3.8000,-0.4500,0.8781,185.1674,8.4571,0.0000,0.0000,0.0000
88.169,420.8913,7.1322,264.5431,0.2510,3.8000,-0.4500,0.1006,185.0556,7.8987,0.0000,0.0000,0.0000
88.280,420.7304,7.2151,264.8221,0.2510,3.8000,-0.4500,359.4309,184.9657,7.3974,0.0000,0.0000,0.0000
88.391,420.5298,7.2840,265.1518,0.2510,3.8000,-0.4500,358.6060,184.8632,6.7553,0.0000,0.0000,0.0000
88.502,420.3565,7.3152,265.4214,0.2510,3.8000,-0.4500,357.9053,184.7837,6.1888,0.0000,0.0000,0.0000
88.613,420.1417,7.3209,265.7372,0.2510,3.8000,-0.4500,357.0540,184.6966,5.4753,0.0000,0.0000,0.0000
88.724,419.9574,7.2990,265.9932,0.2510,3.8000,-0.4500,356.3403,184.6319,4.8560,0.0000,0.0000,0.0000
88.835,419.7304,7.2408,266.2903,0.2510,3.8000,-0.4500,355.4847,184.5648,4.0880,0.0000,0.0000,0.0000
88.946,419.5368,7.1665,266.5242,0.2510,3.8000,-0.4500,354.7770,184.5181,3.4317,0.0000,0.0000,0.0000
89.058,419.2997,7.0474,266.7851,0.2510,3.8000,-0.4500,353.9413,184.4736,2.6309,0.0000,0.0000,0.0000
89.168,419.0584,6.8972,267.0252,0.2510,3.8000,-0.4500,353.1279,184.4418,1.8226,0.0000,0.0000,0.0000
89.279,418.8548,6.7492,267.2110,0.2510,3.8000,-0.4500,352.4715,184.4246,1.1487,0.0000,0.0000,0.0000
89.390,418.6085,6.5449,267.4190,0.2510,3.8000,-0.4500,351.7136,184.4146,0.3459,0.0000,0.0000,0.0000
89.501,418.4023,6.3536,267.5807,0.2510,3.8000,-0.4500,351.1093,184.4144,359.6864,0.0000,0.0000,0.0000
89.612,418.1541,6.1007,267.7595,0.2510,3.8000,-0.4500,350.4196,184.4229,358.9126,0.0000,0.0000,0.0000
89.724,417.9474,5.8717,267.8969,0.2510,3.8000,-0.4500,349.8769,184.4364,358.2867,0.0000,0.0000,0.0000
89.834,417.7003,5.5761,268.0509,0.2510,3.8000,-0.4500,349.2661,184.4589,357.5639,0.0000,0.0000,0.0000
89.946,417.4956,5.3136,268.1729,0.2510,3.8000,-0.4500,348.7921,184.4818,356.9891,0.0000,0.0000,0.0000
90.056,417.2520,4.9802,268.3146,0.2510,3.8000,-0.4500,348.2665,184.5131,356.3367,0.0000,0.0000,0.0000
90.169,417.0112,4.6285,268.4524,0.2510,3.8000,-0.4500,347.7887,184.5470,355.7296,0.0000,0.0000,0.0000
90.279,416.8128,4.3229,268.5652,0.2510,3.8000,-0.4500,347.4278,184.5760,355.2615,0.0000,0.0000,0.0000
90.390,416.5777,3.9424,268.6996,0.2510,3.8000,-0.4500,347.0400,184.6108,354.7485,0.0000,0.0000,0.0000
90.501,416.3842,3.6158,268.8121,0.2510,3.8000,-0.4500,346.7555,184.6386,354.3639,0.0000,0.0000,0.0000
90.612,416.1555,3.2182,268.9490,0.2510,3.8000,-0.4500,346.6017,184.6545,354.1527,0.0000,0.0000,0.0000
90.724,415.9655,2.8744,269.0648,0.2510,3.8000,-0.4500,346.3510,184.6817,353.7979,0.0000,0.0000,0.0000
90.835,415.7411,2.4628,269.2060,0.2510,3.8000,-0.4500,346.3040,184.6870,353.7305,0.0000,0.0000,0.0000
90.947,415.5541,2.1113,269.3252,0.2510,3.8000,-0.4500,346.1644,184.7031,353.5206,0.0000,0.0000,0.0000
91.056,415.3315,1.6920,269.4706,0.2510,3.8000,-0.4500,346.1644,184.7031,353.5206,0.0000,0.0000,0.0000
91.167,415.1460,1.3414,269.5931,0.2510,3.8000,-0.4500,346.1644,184.7031,353.5206,0.0000,0.0000,0.0000
91.279,414.9232,0.9217,269.7415,0.2510,3.8000,-0.4500,346.1644,184.7031,353.5206,0.0000,0.0000,0.0000
91.388,414.7002,0.5055,269.8907,0.2510,3.8000,-0.4500,346.1644,184.7031,353.5206,0.0000,0.0000,0.0000
91.500,414.5137,0.1640,270.0150,0.2510,3.8000,-0.4500,346.1644,184.7031,353.5206,0.0000,0.0000,0.0000
91.612,414.2892,-0.2377,270.1642,0.2510,3.8000,-0.4500,346.1644,184.7031,353.5206,0.0000,0.0000,0.0000
91.722,414.1017,-0.5639,270.2888,0.2510,3.8000,-0.4500,346.1644,184.7031,353.5206,0.0000,0.0000,0.0000
91.834,413.8760,-0.9434,270.4397,0.2510,3.8000,-0.4500,346.1644,184.7031,353.5206,0.0000,0.0000,0.0000
91.944,413.6877,-1.2420,270.5666,0.2510,3.8000,-0.4500,346.4774,184.6671,353.7232,0.0000,0.0000,0.0000
92.056,413.4602,-1.5824,270.7218,0.2510,3.8000,-0.4500,346.9591,184.6143,354.1098,0.0000,0.0000,0.0000
92.167,413.2688,-1.8516,270.8530,0.2510,3.8000,-0.4500,347.3449,184.5747,354.4737,0.0000,0.0000,0.0000
92.279,413.0367,-2.1549,271.0108,0.2510,3.8000,-0.4500,347.8112,184.5305,354.9532,0.0000,0.0000,0.0000
92.389,412.8020,-2.4345,271.1679,0.2510,3.8000,-0.4500,348.3018,184.4885,355.4787,0.0000,0.0000,0.0000
92.501,412.6045,-2.6475,271.2976,0.2510,3.8000,-0.4500,348.7368,184.4552,355.9504,0.0000,0.0000,0.0000
92.612,412.3655,-2.8779,271.4513,0.2510,3.8000,-0.4500,349.2923,184.4182,356.5540,0.0000,0.0000,0.0000
92.723,412.1650,-3.0483,271.5784,0.2510,3.8000,-0.4500,349.7827,184.3905,357.0848,0.0000,0.0000,0.0000
92.834,411.9233,-3.2260,271.7303,0.2510,3.8000,-0.4500,350.4019,184.3621,357.7506,0.0000,0.0000,0.0000
92.945,411.7216,-3.3515,271.8564,0.2510,3.8000,-0.4500,350.9413,184.3434,358.3255,0.0000,0.0000,0.0000
93.056,411.4796,-3.4745,272.0071,0.2510,3.8000,-0.4500,351.6132,184.3277,359.0336,0.0000,0.0000,0.0000
93.167,411.2785,-3.5539,272.1326,0.2510,3.8000,-0.4500,352.1910,184.3210,359.6344,0.0000,0.0000,0.0000
93.279,411.0387,-3.6218,272.2839,0.2510,3.8000,-0.4500,352.9023,184.3210,0.3622,0.0000,0.0000,0.0000
93.389,410.8011,-3.6601,272.4373,0.2510,3.8000,-0.4500,353.6292,184.3303,1.0906,0.0000,0.0000,0.0000
93.501,410.6057,-3.6697,272.5678,0.2510,3.8000,-0.4500,354.2440,184.3453,1.6931,0.0000,0.0000,0.0000
93.611,410.3747,-3.6552,272.7284,0.2510,3.8000,-0.4500,354.9896,184.3721,2.4047,0.0000,0.0000,0.0000
93.723,410.1854,-3.6221,272.8664,0.2510,3.8000,-0.4500,355.6147,184.4016,2.9833,0.0000,0.0000,0.0000
93.834,409.9628,-3.5578,273.0375,0.2510,3.8000,-0.4500,356.3664,184.4454,3.6546,0.0000,0.0000,0.0000
93.945,409.7814,-3.4845,273.1851,0.2510,3.8000,-0.4500,356.9915,184.4883,4.1904,0.0000,0.0000,0.0000
94.056,409.5687,-3.3741,273.3683,0.2510,3.8000,-0.4500,357.7375,184.5471,4.7995,0.0000,0.0000,0.0000
94.167,409.3958,-3.2643,273.5259,0.2510,3.8000,-0.4500,358.3530,184.6014,5.2747,0.0000,0.0000,0.0000
94.280,409.1933,-3.1123,273.7206,0.2510,3.8000,-0.4500,359.0816,184.6721,5.8012,0.0000,0.0000,0.0000
94.389,408.9962,-2.9398,273.9210,0.2510,3.8000,-0.4500,359.7963,184.7477,6.2749,0.0000,0.0000,0.0000
94.501,408.8359,-2.7818,274.0914,0.2510,3.8000,-0.4500,0.3789,184.8136,6.6256,0.0000,0.0000,0.0000
94.611,408.6477,-2.5766,274.2989,0.2510,3.8000,-0.4500,1.0600,184.8950,6.9896,0.0000,0.0000,0.0000
94.723,408.4940,-2.3937,274.4734,0.2510,3.8000,-0.4500,1.6099,184.9637,7.2440,0.0000,0.0000,0.0000
94.833,408.3131,-2.1605,274.6839,0.2510,3.8000,-0.4500,2.2448,185.0459,7.4996,0.0000,0.0000,0.0000
94.944,408.1651,-1.9554,274.8595,0.2510,3.8000,-0.4500,2.7506,185.1134,7.6882,0.0000,0.0000,0.0000
95.056,407.9908,-1.6964,275.0699,0.2510,3.8000,-0.4500,3.3259,185.1923,7.9103,0.0000,0.0000,0.0000
95.166,407.8486,-1.4698,275.2449,0.2510,3.8000,-0.4500,3.7763,185.2558,8.1042,0.0000,0.0000,0.0000
95.278,407.6817,-1.1854,275.4546,0.2510,3.8000,-0.4500,4.2793,185.3287,8.3527,0.0000,0.0000,0.0000
95.390,407.5191,-0.8876,275.6642,0.2510,3.8000,-0.4500,4.7396,185.3975,8.6168,0.0000,0.0000,0.0000
95.500,407.3865,-0.6314,275.8398,0.2510,3.8000,-0.4500,5.0220,185.4409,8.8001,0.0000,0.0000,0.0000
95.611,407.2315,-0.3126,276.0506,0.2510,3.8000,-0.4500,5.3628,185.4946,9.0480,0.0000,0.0000,0.0000
95.722,407.1054,-0.0386,276.2269,0.2510,3.8000,-0.4500,5.6271,185.5374,9.2634,0.0000,0.0000,0.0000
95.833,406.9573,0.2969,276.4402,0.2510,3.8000,-0.4500,5.8156,185.5686,9.4277,0.0000,0.0000,0.0000
95.944,406.8381,0.5869,276.6174,0.2510,3.8000,-0.4500,6.1125,185.6189,9.7216,0.0000,0.0000,0.0000
96.057,406.6960,0.9354,276.8344,0.2510,3.8000,-0.4500,6.1691,185.6287,9.7866,0.0000,0.0000,0.0000
96.167,406.5821,1.2354,277.0143,0.2510,3.8000,-0.4500,6.3890,185.6674,10.0509,0.0000,0.0000,0.0000
96.278,406.4450,1.5938,277.2350,0.2510,3.8000,-0.4500,6.3890,185.6674,10.0509,0.0000,0.0000,0.0000
96.389,406.3134,1.9624,277.4548,0.2510,3.8000,-0.4500,6.5706,185.7003,10.3324,0.0000,0.0000,0.0000
96.501,406.2032,2.2670,277.6411,0.2510,3.8000,-0.4500,6.5706,185.7003,10.3324,0.0000,0.0000,0.0000
96.614,406.0729,2.6368,277.8650,0.2510,3.8000,-0.4500,6.6045,185.7065,10.4084,0.0000,0.0000,0.0000
96.722,405.9673,2.9502,278.0507,0.2510,3.8000,-0.4500,6.7079,185.7259,10.6355,0.0000,0.0000,0.0000
96.834,405.8401,3.3236,278.2762,0.2510,3.8000,-0.4500,6.7079,185.7259,10.6355,0.0000,0.0000,0.0000
96.945,405.7348,3.6371,278.4650,0.2510,3.8000,-0.4500,6.7079,185.7259,10.6355,0.0000,0.0000,0.0000
97.069,405.5888,4.0800,278.7260,0.2510,3.8000,-0.4500,6.7548,185.7347,10.7022,0.0000,0.0000,0.0000
97.180,405.4848,4.3974,278.9083,0.2510,3.8000,-0.4500,6.8141,185.7461,10.7598,0.0000,0.0000,0.0000
97.291,405.3599,4.7777,279.1228,0.2510,3.8000,-0.4500,6.8744,185.7576,10.8130,0.0000,0.0000,0.0000
97.402,405.2548,5.0928,279.2999,0.2510,3.8000,-0.4500,6.8744,185.7576,10.8130,0.0000,0.0000,0.0000
97.514,405.1276,5.4685,279.5105,0.2510,3.8000,-0.4500,6.8744,185.7576,10.8130,0.0000,0.0000,0.0000
97.624,405.0204,5.7783,279.6850,0.2510,3.8000,-0.4500,6.8744,185.7576,10.8130,0.0000,0.0000,0.0000
97.736,404.8890,6.1445,279.8914,0.2510,3.8000,-0.4500,7.0219,185.7859,10.7465,0.0000,0.0000,0.0000
97.847,404.7768,6.4432,280.0607,0.2510,3.8000,-0.4500,7.0910,185.7991,10.7073,0.0000,0.0000,0.0000
97.958,404.6353,6.7881,280.2613,0.2510,3.8000,-0.4500,7.2952,185.8374,10.3372,0.0000,0.0000,0.0000
98.069,404.4865,7.1190,280.4577,0.2510,3.8000,-0.4500,7.3672,185.8505,9.9254,0.0000,0.0000,0.0000
98.180,404.3558,7.3808,280.6184,0.2510,3.8000,-0.4500,7.3220,185.8428,9.4727,0.0000,0.0000,0.0000
98.291,404.1912,7.6779,280.8063,0.2510,3.8000,-0.4500,7.1662,185.8175,8.8994,0.0000,0.0000,0.0000
98.403,404.0469,7.9090,280.9588,0.2510,3.8000,-0.4500,6.9700,185.7874,8.3901,0.0000,0.0000,0.0000
98.514,403.8649,8.1645,281.1364,0.2510,3.8000,-0.4500,6.6662,185.7442,7.7288,0.0000,0.0000,0.0000
98.625,403.7055,8.3566,281.2796,0.2510,3.8000,-0.4500,6.3601,185.7040,7.1310,0.0000,0.0000,0.0000
98.750,403.4703,8.5910,281.4718,0.2510,3.8000,-0.4500,5.8537,185.6445,6.2205,0.0000,0.0000,0.0000
98.862,403.2937,8.7317,281.6024,0.2510,3.8000,-0.4500,5.4380,185.6015,5.5190,0.0000,0.0000,0.0000
98.973,403.0727,8.8688,281.7507,0.2510,3.8000,-0.4500,4.8819,185.5520,4.6244,0.0000,0.0000,0.0000
99.083,402.8813,8.9554,281.8666,0.2510,3.8000,-0.4500,4.3731,185.5143,3.8385,0.0000,0.0000,0.0000
99.194,402.6436,9.0247,281.9959,0.2510,3.8000,-0.4500,3.7120,185.4755,2.8529,0.0000,0.0000,0.0000
99.306,402.4395,9.0528,282.0952,0.2510,3.8000,-0.4500,3.1225,185.4505,2.0013,0.0000,0.0000,0.0000
99.416,402.1885,9.0501,282.2049,0.2510,3.8000,-0.4500,2.3744,185.4313,0.9508,0.0000,0.0000,0.0000
99.527,401.9755,9.0174,282.2899,0.2510,3.8000,-0.4500,1.7217,185.4255,0.0577,0.0000,0.0000,0.0000
99.638,401.7167,8.9415,282.3871,0.2510,3.8000,-0.4500,0.9096,185.4324,358.9731,0.0000,0.0000,0.0000
99.750,401.4563,8.8259,282.4844,0.2510,3.8000,-0.4500,0.0727,185.4554,357.8834,0.0000,0.0000,0.0000
99.861,401.2396,8.6994,282.5699,0.2510,3.8000,-0.4500,359.3612,185.4874,356.9781,0.0000,0.0000,0.0000
99.972,400.9817,8.5117,282.6820,0.2510,3.8000,-0.4500,358.4959,185.5413,355.9030,0.0000,0.0000,0.0000
100.083,400.7697,8.3259,282.7860,0.2510,3.8000,-0.4500,357.7696,185.5989,355.0222,0.0000,0.0000,0.0000
100.194,400.5203,8.0681,282.9250,0.2510,3.8000,-0.4500,356.8974,185.6830,353.9912,0.0000,0.0000,0.0000
100.305,400.3175,7.8251,283.0533,0.2510,3.8000,-0.4500,356.1749,185.7645,353.1600,0.0000,0.0000,0.0000
100.419,400.0811,7.5010,283.2220,0.2510,3.8000,-0.4500,355.3197,185.8747,352.2038,0.0000,0.0000,0.0000
100.542,399.8531,7.1433,283.4061,0.2510,3.8000,-0.4500,354.4846,185.9962,351.3008,0.0000,0.0000,0.0000
100.653,399.6339,6.7542,283.6044,0.2510,3.8000,-0.4500,353.6774,186.1266,350.4596,0.0000,0.0000,0.0000
100.763,399.4582,6.4076,283.7793,0.2510,3.8000,-0.4500,353.0314,186.2397,349.8112,0.0000,0.0000,0.0000
100.875,399.2555,5.9681,283.9995,0.2510,3.8000,-0.4500,352.2941,186.3781,349.1026,0.0000,0.0000,0.0000
100.986,399.0931,5.5841,284.1903,0.2510,3.8000,-0.4500,351.7159,186.4933,348.5740,0.0000,0.0000,0.0000
101.097,398.9058,5.1046,284.4268,0.2510,3.8000,-0.4500,351.0700,186.6287,348.0186,0.0000,0.0000,0.0000
101.207,398.7551,4.6919,284.6291,0.2510,3.8000,-0.4500,350.5752,186.7368,347.6243,0.0000,0.0000,0.0000
101.319,398.5801,4.1838,284.8770,0.2510,3.8000,-0.4500,350.0370,186.8586,347.2366,0.0000,0.0000,0.0000
101.430,398.4104,3.6652,285.1291,0.2510,3.8000,-0.4500,349.5629,186.9691,346.9445,0.0000,0.0000,0.0000
101.541,398.2714,3.2307,285.3416,0.2510,3.8000,-0.4500,349.4150,187.0041,346.8733,0.0000,0.0000,0.0000
101.652,398.1068,2.7027,285.5996,0.2510,3.8000,-0.4500,349.1839,187.0591,346.7872,0.0000,0.0000,0.0000
101.763,397.9705,2.2619,285.8160,0.2510,3.8000,-0.4500,349.1059,187.0778,346.7720,0.0000,0.0000,0.0000
101.874,397.8072,1.7335,286.0775,0.2510,3.8000,-0.4500,348.9463,187.1160,346.7602,0.0000,0.0000,0.0000
101.986,397.6708,1.2972,286.2967,0.2510,3.8000,-0.4500,348.7989,187.1513,346.8047,0.0000,0.0000,0.0000
102.096,397.5055,0.7818,286.5602,0.2510,3.8000,-0.4500,348.6024,187.1981,346.9366,0.0000,0.0000,0.0000
102.208,397.3377,0.2819,286.8242,0.2510,3.8000,-0.4500,348.4063,187.2439,347.3048,0.0000,0.0000,0.0000
102.319,397.1934,-0.1209,287.0419,0.2510,3.8000,-0.4500,348.3273,187.2618,347.7288,0.0000,0.0000,0.0000
102.432,397.0139,-0.5862,287.2990,0.2510,3.8000,-0.4500,348.3711,187.2524,348.2865,0.0000,0.0000,0.0000
102.540,396.8588,-0.9563,287.5092,0.2510,3.8000,-0.4500,348.4948,187.2269,348.7997,0.0000,0.0000,0.0000
102.653,396.6657,-1.3767,287.7566,0.2510,3.8000,-0.4500,348.7245,187.1820,349.4814,0.0000,0.0000,0.0000
102.763,396.4989,-1.7050,287.9578,0.2510,3.8000,-0.4500,348.9737,187.1363,350.1059,0.0000,0.0000,0.0000
102.874,396.2917,-2.0696,288.1926,0.2510,3.8000,-0.4500,349.3346,187.0749,350.9207,0.0000,0.0000,0.0000
102.986,396.1133,-2.3472,288.3820,0.2510,3.8000,-0.4500,349.6832,187.0206,351.6502,0.0000,0.0000,0.0000
103.096,395.8926,-2.6472,288.6005,0.2510,3.8000,-0.4500,350.1544,186.9543,352.5797,0.0000,0.0000,0.0000
103.207,395.7038,-2.8682,288.7743,0.2510,3.8000,-0.4500,350.5876,186.9003,353.3930,0.0000,0.0000,0.0000
103.320,395.4720,-3.0976,288.9718,0.2510,3.8000,-0.4500,351.1508,186.8394,354.4066,0.0000,0.0000,0.0000
103.430,395.2357,-3.2872,289.1562,0.2510,3.8000,-0.4500,351.7552,186.7852,355.4510,0.0000,0.0000,0.0000
103.541,395.0362,-3.4148,289.2994,0.2510,3.8000,-0.4500,352.2857,186.7467,356.3364,0.0000,0.0000,0.0000
103.653,394.7949,-3.5318,289.4590,0.2510,3.8000,-0.4500,352.9477,186.7103,357.4064,0.0000,0.0000,0.0000
103.764,394.5933,-3.6000,289.5823,0.2510,3.8000,-0.4500,353.5160,186.6888,358.2959,0.0000,0.0000,0.0000
103.875,394.3520,-3.6478,289.7209,0.2510,3.8000,-0.4500,354.2118,186.6745,359.3505,0.0000,0.0000,0.0000
103.986,394.1524,-3.6606,289.8308,0.2510,3.8000,-0.4500,354.7992,186.6722,0.2109,0.0000,0.0000,0.0000
104.097,393.9159,-3.6452,289.9596,0.2510,3.8000,-0.4500,355.5088,186.6811,1.2119,0.0000,0.0000,0.0000
104.208,393.6841,-3.5984,290.0887,0.2510,3.8000,-0.4500,356.2197,186.7022,2.1693,0.0000,0.0000,0.0000
104.319,393.4940,-3.5365,290.1887,0.2510,3.8000,-0.4500,356.8102,186.7286,2.9272,0.0000,0.0000,0.0000
104.430,393.2703,-3.4364,290.2387,0.2510,3.8000,-0.4500,357.5094,186.7696,3.7797,0.0000,0.0000,0.0000
104.541,393.0887,-3.3345,290.2139,0.2510,3.8000,-0.4500,358.0707,186.8100,4.4325,0.0000,0.0000,0.0000
104.652,392.8771,-3.1947,290.1255,0.2510,3.8000,-0.4500,358.7061,186.8632,5.1373,0.0000,0.0000,0.0000
104.764,392.7054,-3.0663,290.0157,0.2510,3.8000,-0.4500,359.2015,186.9100,5.6557,0.0000,0.0000,0.0000
104.874,392.5044,-2.9009,289.8530,0.2510,3.8000,-0.4500,359.7589,186.9679,6.1944,0.0000,0.0000,0.0000
104.989,392.3079,-2.7255,289.6654,0.2510,3.8000,-0.4500,0.2819,187.0268,6.6422,0.0000,0.0000,0.0000
105.098,392.1469,-2.5734,289.4947,0.2510,3.8000,-0.4500,0.6963,187.0762,6.9461,0.0000,0.0000,0.0000
105.208,391.9560,-2.3853,289.2763,0.2510,3.8000,-0.4500,1.1722,187.1355,7.2285,0.0000,0.0000,0.0000
105.319,391.7981,-2.2262,289.0861,0.2510,3.8000,-0.4500,1.4780,187.1747,7.3692,0.0000,0.0000,0.0000
105.430,391.6098,-2.0314,288.8501,0.2510,3.8000,-0.4500,1.8751,187.2265,7.4903,0.0000,0.0000,0.0000
105.541,391.4534,-1.8663,288.6479,0.2510,3.8000,-0.4500,2.2802,187.2801,7.5660,0.0000,0.0000,0.0000
105.653,391.2653,-1.6697,288.4037,0.2510,3.8000,-0.4500,2.4600,187.3040,7.5695,0.0000,0.0000,0.0000
105.763,391.1082,-1.5028,288.1955,0.2510,3.8000,-0.4500,2.9159,187.3646,7.5485,0.0000,0.0000,0.0000
105.875,390.9185,-1.3045,287.9456,0.2510,3.8000,-0.4500,3.2451,187.4082,7.5000,0.0000,0.0000,0.0000
105.986,390.7589,-1.1405,287.7370,0.2510,3.8000,-0.4500,3.5745,187.4513,7.3933,0.0000,0.0000,0.0000
106.096,390.5647,-0.9458,287.4872,0.2510,3.8000,-0.4500,4.0387,187.5109,7.1889,0.0000,0.0000,0.0000
106.207,390.4017,-0.7857,287.2831,0.2510,3.8000,-0.4500,4.1813,187.5288,7.1044,0.0000,0.0000,0.0000
106.321,390.2018,-0.5981,287.0398,0.2510,3.8000,-0.4500,4.6225,187.5827,6.7820,0.0000,0.0000,0.0000
106.430,389.9983,-0.4151,286.8023,0.2510,3.8000,-0.4500,5.0103,187.6279,6.4366,0.0000,0.0000,0.0000
106.541,389.8258,-0.2665,286.6099,0.2510,3.8000,-0.4500,5.2930,187.6592,6.1363,0.0000,0.0000,0.0000
106.652,389.6160,-0.0923,286.3868,0.2510,3.8000,-0.4500,5.5122,187.6823,5.8625,0.0000,0.0000,0.0000
106.763,389.4369,0.0469,286.2069,0.2510,3.8000,-0.4500,5.7878,187.7098,5.4816,0.0000,0.0000,0.0000
106.874,389.2177,0.2078,286.0001,0.2510,3.8000,-0.4500,6.0885,187.7376,5.0189,0.0000,0.0000,0.0000
106.986,389.0316,0.3366,285.8359,0.2510,3.8000,-0.4500,6.3158,187.7569,4.6299,0.0000,0.0000,0.0000
107.096,388.8039,0.4845,285.6491,0.2510,3.8000,-0.4500,6.5683,187.7765,4.1533,0.0000,0.0000,0.0000
107.207,388.6105,0.6017,285.5017,0.2510,3.8000,-0.4500,6.7655,187.7902,3.7460,0.0000,0.0000,0.0000
107.319,388.3743,0.7349,285.3354,0.2510,3.8000,-0.4500,6.9883,187.8039,3.2451,0.0000,0.0000,0.0000
107.430,388.1335,0.8597,285.1808,0.2510,3.8000,-0.4500,7.1963,187.8149,2.7332,0.0000,0.0000,0.0000
107.542,387.9294,0.9570,285.0606,0.2510,3.8000,-0.4500,7.3583,187.8221,2.3000,0.0000,0.0000,0.0000
107.651,387.6807,1.0654,284.9254,0.2510,3.8000,-0.4500,7.5382,187.8285,1.7751,0.0000,0.0000,0.0000
107.762,387.4705,1.1486,284.8194,0.2510,3.8000,-0.4500,7.6753,187.8323,1.3357,0.0000,0.0000,0.0000
107.874,387.2151,1.2392,284.6982,0.2510,3.8000,-0.4500,7.8232,187.8351,0.8086,0.0000,0.0000,0.0000
107.998,386.9566,1.3196,284.5820,0.2510,3.8000,-0.4500,7.9512,187.8363,0.2846,0.0000,0.0000,0.0000
108.110,386.6956,1.3895,284.4683,0.2510,3.8000,-0.4500,8.0586,187.8364,359.7667,0.0000,0.0000,0.0000
108.221,386.4765,1.4397,284.3734,0.2510,3.8000,-0.4500,8.1384,187.8358,359.3429,0.0000,0.0000,0.0000
108.332,386.2120,1.4910,284.2569,0.2510,3.8000,-0.4500,8.2394,187.8342,358.8481,0.0000,0.0000,0.0000
108.457,385.9472,1.5353,284.1353,0.2510,3.8000,-0.4500,8.3235,187.8322,358.5183,0.0000,0.0000,0.0000
108.568,385.6801,1.5681,284.0081,0.2510,3.8000,-0.4500,8.4877,187.8271,358.0005,0.0000,0.0000,0.0000
108.680,385.4572,1.5900,283.8961,0.2510,3.8000,-0.4500,8.6412,187.8212,357.6048,0.0000,0.0000,0.0000
108.790,385.1902,1.6121,283.7536,0.2510,3.8000,-0.4500,8.7866,187.8146,357.3019,0.0000,0.0000,0.0000
108.902,384.9666,1.6240,283.6284,0.2510,3.8000,-0.4500,8.9929,187.8040,356.9296,0.0000,0.0000,0.0000
109.012,384.6989,1.6354,283.4699,0.2510,3.8000,-0.4500,9.1824,187.7933,356.6451,0.0000,0.0000,0.0000
109.124,384.4757,1.6417,283.3312,0.2510,3.8000,-0.4500,9.3307,187.7842,356.4415,0.0000,0.0000,0.0000
109.234,384.2072,1.6447,283.1567,0.2510,3.8000,-0.4500,9.6026,187.7663,356.1237,0.0000,0.0000,0.0000
109.346,383.9842,1.6465,283.0055,0.2510,3.8000,-0.4500,9.7228,187.7579,356.0038,0.0000,0.0000,0.0000
109.457,383.7149,1.6446,282.8162,0.2510,3.8000,-0.4500,10.1265,187.7279,355.6506,0.0000,0.0000,0.0000
109.568,383.4473,1.6435,282.6199,0.2510,3.8000,-0.4500,10.2616,187.7174,355.5516,0.0000,0.0000,0.0000
109.679,383.2229,1.6411,282.4498,0.2510,3.8000,-0.4500,10.6289,187.6875,355.3231,0.0000,0.0000,0.0000
109.790,382.9547,1.6396,282.2404,0.2510,3.8000,-0.4500,10.8558,187.6684,355.2131,0.0000,0.0000,0.0000
109.902,382.7312,1.6390,282.0614,0.2510,3.8000,-0.4500,11.0108,187.6551,355.1493,0.0000,0.0000,0.0000
110.012,382.4625,1.6401,281.8405,0.2510,3.8000,-0.4500,11.3320,187.6270,355.0417,0.0000,0.0000,0.0000
110.123,382.2387,1.6428,281.6528,0.2510,3.8000,-0.4500,11.5068,187.6115,355.0072,0.0000,0.0000,0.0000
110.235,381.9696,1.6493,281.4223,0.2510,3.8000,-0.4500,11.8527,187.5805,354.9544,0.0000,0.0000,0.0000
110.346,381.7453,1.6577,281.2285,0.2510,3.8000,-0.4500,12.0983,187.5583,354.9466,0.0000,0.0000,0.0000
110.456,381.4739,1.6875,281.1000,0.2510,3.8000,-0.4500,12.3442,187.5361,354.9587,0.0000,0.0000,0.0000
110.567,381.2445,1.7399,281.0786,0.2510,3.8000,-0.4500,12.7587,187.4988,355.0235,0.0000,0.0000,0.0000
110.679,380.9673,1.8230,281.1104,0.2510,3.8000,-0.4500,13.0006,187.4774,355.0913,0.0000,0.0000,0.0000
110.790,380.6881,1.9270,281.1711,0.2510,3.8000,-0.4500,13.3969,187.4429,355.2307,0.0000,0.0000,0.0000
110.901,380.4547,2.0240,281.2331,0.2510,3.8000,-0.4500,13.6186,187.4241,355.3344,0.0000,0.0000,0.0000
111.026,380.1745,2.1541,281.3155,0.2510,3.8000,-0.4500,13.9812,187.3942,355.5329,0.0000,0.0000,0.0000
111.138,379.8950,2.2963,281.4165,0.2510,3.8000,-0.4500,14.1927,187.3775,355.6821,0.0000,0.0000,0.0000
111.248,379.6169,2.4534,281.5331,0.2510,3.8000,-0.4500,14.4584,187.3573,355.8882,0.0000,0.0000,0.0000
111.359,379.3860,2.5939,281.6403,0.2510,3.8000,-0.4500,14.6386,187.3442,356.0650,0.0000,0.0000,0.0000
111.470,379.1102,2.7715,281.7764,0.2510,3.8000,-0.4500,14.8056,187.3326,356.2444,0.0000,0.0000,0.0000
111.595,378.8355,2.9593,281.9193,0.2510,3.8000,-0.4500,14.9480,187.3232,356.4514,0.0000,0.0000,0.0000
111.707,378.6082,3.1240,282.0458,0.2510,3.8000,-0.4500,15.0672,187.3157,356.6672,0.0000,0.0000,0.0000
111.818,378.3371,3.3288,282.2067,0.2510,3.8000,-0.4500,15.1485,187.3110,356.8994,0.0000,0.0000,0.0000
111.943,378.0674,3.5392,282.3748,0.2510,3.8000,-0.4500,15.1744,187.3096,357.0634,0.0000,0.0000,0.0000
112.054,377.7995,3.7544,282.5471,0.2510,3.8000,-0.4500,15.1851,187.3090,357.2257,0.0000,0.0000,0.0000
112.166,377.5786,3.9392,282.6915,0.2510,3.8000,-0.4500,15.1280,187.3117,357.5587,0.0000,0.0000,0.0000
112.275,377.3139,4.1573,282.8629,0.2510,3.8000,-0.4500,15.0645,187.3144,357.7107,0.0000,0.0000,0.0000
112.387,377.0956,4.3400,283.0020,0.2510,3.8000,-0.4500,14.8889,187.3212,358.0045,0.0000,0.0000,0.0000
112.498,376.8345,4.5545,283.1654,0.2510,3.8000,-0.4500,14.6455,187.3294,358.2526,0.0000,0.0000,0.0000
112.608,376.5760,4.7648,283.3274,0.2510,3.8000,-0.4500,14.2154,187.3416,358.5664,0.0000,0.0000,0.0000
112.720,376.3616,4.9349,283.4622,0.2510,3.8000,-0.4500,13.8362,187.3507,358.7613,0.0000,0.0000,0.0000
112.830,376.1057,5.1322,283.6250,0.2510,3.8000,-0.4500,13.3483,187.3607,358.9392,0.0000,0.0000,0.0000
112.942,375.8930,5.2893,283.7554,0.2510,3.8000,-0.4500,12.9058,187.3687,359.0564,0.0000,0.0000,0.0000
113.053,375.6376,5.4657,283.8944,0.2510,3.8000,-0.4500,12.3269,187.3778,359.1711,0.0000,0.0000,0.0000
113.166,375.4243,5.6017,283.9960,0.2510,3.8000,-0.4500,11.8054,187.3851,359.2505,0.0000,0.0000,0.0000
113.275,375.1684,5.7521,284.1056,0.2510,3.8000,-0.4500,11.1353,187.3936,359.3297,0.0000,0.0000,0.0000
113.386,374.9551,5.8668,284.1905,0.2510,3.8000,-0.4500,10.5419,187.4004,359.3830,0.0000,0.0000,0.0000
113.497,374.6997,5.9917,284.2887,0.2510,3.8000,-0.4500,9.7903,187.4082,359.4319,0.0000,0.0000,0.0000
113.608,374.4445,6.1022,284.3834,0.2510,3.8000,-0.4500,8.9977,187.4160,359.4633,0.0000,0.0000,0.0000
113.720,374.2321,6.1827,284.4595,0.2510,3.8000,-0.4500,8.3082,187.4224,359.4756,0.0000,0.0000,0.0000
113.830,373.9772,6.2650,284.5490,0.2510,3.8000,-0.4500,7.4495,187.4303,359.4732,0.0000,0.0000,0.0000
113.943,373.7650,6.3213,284.6237,0.2510,3.8000,-0.4500,6.7102,187.4373,359.4562,0.0000,0.0000,0.0000
114.067,373.5106,6.3735,284.7150,0.2510,3.8000,-0.4500,5.7984,187.4463,359.4167,0.0000,0.0000,0.0000
114.178,373.2565,6.4083,284.8098,0.2510,3.8000,-0.4500,4.8633,187.4563,359.3547,0.0000,0.0000,0.0000
114.289,373.0031,6.4247,284.9098,0.2510,3.8000,-0.4500,3.9092,187.4678,359.2680,0.0000,0.0000,0.0000
114.400,372.7920,6.4236,284.9974,0.2510,3.8000,-0.4500,3.1027,187.4787,359.1750,0.0000,0.0000,0.0000
114.511,372.5391,6.4039,285.1073,0.2510,3.8000,-0.4500,2.1258,187.4940,359.0363,0.0000,0.0000,0.0000
114.621,372.3285,6.3713,285.2026,0.2510,3.8000,-0.4500,1.3079,187.5087,358.8961,0.0000,0.0000,0.0000
114.747,372.0759,6.3119,285.3208,0.2510,3.8000,-0.4500,0.3269,187.5293,358.6955,0.0000,0.0000,0.0000
114.857,371.8234,6.2297,285.4422,0.2510,3.8000,-0.4500,359.3524,187.5535,358.4560,0.0000,0.0000,0.0000
114.969,371.5709,6.1237,285.5657,0.2510,3.8000,-0.4500,358.3908,187.5817,358.1734,0.0000,0.0000,0.0000
115.080,371.3605,6.0167,285.6700,0.2510,3.8000,-0.4500,357.6040,187.6086,357.9019,0.0000,0.0000,0.0000
115.191,371.1083,5.8655,285.7967,0.2510,3.8000,-0.4500,356.6818,187.6453,357.5331,0.0000,0.0000,0.0000
115.303,370.8987,5.7207,285.9034,0.2510,3.8000,-0.4500,355.9352,187.6797,357.1960,0.0000,0.0000,0.0000
115.415,370.6479,5.5247,286.0329,0.2510,3.8000,-0.4500,355.0699,187.7254,356.7688,0.0000,0.0000,0.0000
115.524,370.4398,5.3436,286.1420,0.2510,3.8000,-0.4500,354.3771,187.7669,356.4038,0.0000,0.0000,0.0000
115.635,370.1914,5.1057,286.2745,0.2510,3.8000,-0.4500,353.5842,187.8201,355.9655,0.0000,0.0000,0.0000
115.747,369.9859,4.8917,286.3864,0.2510,3.8000,-0.4500,352.9588,187.8665,355.6068,0.0000,0.0000,0.0000
115.857,369.7412,4.6171,286.5223,0.2510,3.8000,-0.4500,352.2550,187.9236,355.1923,0.0000,0.0000,0.0000
115.969,369.4987,4.3251,286.6601,0.2510,3.8000,-0.4500,351.6066,187.9809,354.8029,0.0000,0.0000,0.0000
116.080,369.2982,4.0700,286.7766,0.2510,3.8000,-0.4500,351.1115,188.0277,354.5031,0.0000,0.0000,0.0000
116.191,369.0598,3.7515,286.9180,0.2510,3.8000,-0.4500,350.5750,188.0816,354.1792,0.0000,0.0000,0.0000
116.303,368.8625,3.4776,287.0375,0.2510,3.8000,-0.4500,350.1780,188.1235,353.9435,0.0000,0.0000,0.0000
116.413,368.6275,3.1446,287.1797,0.2510,3.8000,-0.4500,349.9570,188.1476,353.8174,0.0000,0.0000,0.0000
116.524,368.4318,2.8615,287.2926,0.2510,3.8000,-0.4500,349.7323,188.1725,353.6946,0.0000,0.0000,0.0000
116.637,368.1968,2.5193,287.4211,0.2510,3.8000,-0.4500,349.5099,188.1977,353.5879,0.0000,0.0000,0.0000
116.747,368.0009,2.2366,287.5229,0.2510,3.8000,-0.4500,349.5099,188.1977,353.5879,0.0000,0.0000,0.0000
116.857,367.7655,1.8981,287.6422,0.2510,3.8000,-0.4500,349.5099,188.1977,353.5879,0.0000,0.0000,0.0000
116.969,367.5298,1.5626,287.7555,0.2510,3.8000,-0.4500,349.5099,188.1977,353.5879,0.0000,0.0000,0.0000
117.080,367.3323,1.2986,287.7765,0.2510,3.8000,-0.4500,349.5099,188.1977,353.5880,0.0000,0.0000,0.0000
117.205,367.0956,1.0097,287.6999,0.2510,3.8000,-0.4500,349.5099,188.1977,353.5880,0.0000,0.0000,0.0000
117.332,366.8214,0.7072,287.5042,0.2510,3.8000,-0.4500,349.5099,188.1977,353.5879,0.0000,0.0000,0.0000
117.441,366.6274,0.5121,287.3168,0.2510,3.8000,-0.4500,349.4848,188.2006,353.6706,0.0000,0.0000,0.0000
117.553,366.3966,0.3013,287.0589,0.2510,3.8000,-0.4500,349.4279,188.2069,354.1055,0.0000,0.0000,0.0000
117.664,366.2043,0.1407,286.8230,0.2510,3.8000,-0.4500,349.5098,188.1986,354.5168,0.0000,0.0000,0.0000
117.774,365.9737,-0.0375,286.5115,0.2510,3.8000,-0.4500,349.6863,188.1821,354.9091,0.0000,0.0000,0.0000
117.885,365.7824,-0.1717,286.2317,0.2510,3.8000,-0.4500,349.9171,188.1620,355.2914,0.0000,0.0000,0.0000
117.997,365.5534,-0.3182,285.8781,0.2510,3.8000,-0.4500,350.2313,188.1370,355.7314,0.0000,0.0000,0.0000
118.108,365.3249,-0.4497,285.5118,0.2510,3.8000,-0.4500,350.5751,188.1123,356.1662,0.0000,0.0000,0.0000
118.218,365.1350,-0.5481,285.2005,0.2510,3.8000,-0.4500,350.8814,188.0925,356.5326,0.0000,0.0000,0.0000
118.330,364.9074,-0.6532,284.8250,0.2510,3.8000,-0.4500,351.2709,188.0702,356.9814,0.0000,0.0000,0.0000
118.441,364.7182,-0.7302,284.5143,0.2510,3.8000,-0.4500,351.6127,188.0531,357.3637,0.0000,0.0000,0.0000
118.555,364.4912,-0.8101,284.1456,0.2510,3.8000,-0.4500,352.0421,188.0349,357.8324,0.0000,0.0000,0.0000
118.663,364.3025,-0.8659,283.8415,0.2510,3.8000,-0.4500,352.4146,188.0220,358.2303,0.0000,0.0000,0.0000
118.773,364.0768,-0.9198,283.4794,0.2510,3.8000,-0.4500,352.8772,188.0096,358.7144,0.0000,0.0000,0.0000
118.885,363.8893,-0.9537,283.1796,0.2510,3.8000,-0.4500,353.2738,188.0020,359.1212,0.0000,0.0000,0.0000
118.996,363.6648,-0.9817,282.8324,0.2510,3.8000,-0.4500,353.7602,187.9966,359.6109,0.0000,0.0000,0.0000
119.107,363.4774,-0.9951,282.5600,0.2510,3.8000,-0.4500,354.1731,187.9953,0.0194,0.0000,0.0000,0.0000
119.232,363.2153,-0.9984,282.2026,0.2510,3.8000,-0.4500,354.7603,187.9984,0.5915,0.0000,0.0000,0.0000
119.344,363.0286,-0.9892,281.9598,0.2510,3.8000,-0.4500,355.1841,188.0043,0.9985,0.0000,0.0000,0.0000
119.468,362.7686,-0.9600,281.6315,0.2510,3.8000,-0.4500,355.7789,188.0177,1.5613,0.0000,0.0000,0.0000
119.580,362.5819,-0.9281,281.4297,0.2510,3.8000,-0.4500,356.2019,188.0307,1.9549,0.0000,0.0000,0.0000
119.690,362.3542,-0.8803,281.3132,0.2510,3.8000,-0.4500,356.7065,188.0500,2.4218,0.0000,0.0000,0.0000
119.802,362.1659,-0.8313,281.3226,0.2510,3.8000,-0.4500,357.1248,188.0692,2.8171,0.0000,0.0000,0.0000
119.913,361.9446,-0.7586,281.4334,0.2510,3.8000,-0.4500,357.6205,188.0957,3.3054,0.0000,0.0000,0.0000
120.024,361.7649,-0.6851,281.5863,0.2510,3.8000,-0.4500,358.0228,188.1204,3.7201,0.0000,0.0000,0.0000
