time_sec,world_x,world_y,world_z,local_x,local_y,local_z,world_rot_x,world_rot_y,world_rot_z,local_rot_x,local_rot_y,local_rot_z
0.000,598.8349,5.2159,250.4544,0.2510,3.8000,-0.4500,0.0000,180.0000,0.0000,0.0000,0.0000,0.0000
0.000,598.8349,5.2159,250.4544,0.2510,3.8000,-0.4500,0.0000,180.0000,0.0000,0.0000,0.0000,0.0000
0.107,598.6016,5.0092,250.4596,0.2510,3.8000,-0.4500,0.0000,180.0000,0.0000,0.0000,0.0000,0.0000
0.207,598.2778,4.7300,250.4642,0.2510,3.8000,-0.4500,0.0000,180.0000,0.0000,0.0000,0.0000,0.0000
0.320,597.7820,4.3091,250.4692,0.2510,3.8000,-0.4500,0.0000,180.0000,0.0000,0.0000,0.0000,0.0000
0.431,597.2886,3.8939,250.4729,0.2510,3.8000,-0.4500,0.0000,180.0000,0.0000,0.0000,0.0000,0.0000
0.542,596.6107,3.3270,250.4769,0.2510,3.8000,-0.4500,0.0000,180.0000,0.0000,0.0000,0.0000,0.0000
0.653,595.8491,2.6930,250.4805,0.2510,3.8000,-0.4500,0.0000,180.0000,0.0000,0.0000,0.0000,0.0000
0.764,595.1573,2.1191,250.4831,0.2510,3.8000,-0.4500,0.0000,180.0000,0.0000,0.0000,0.0000,0.0000
0.889,594.2665,1.3816,250.4860,0.2510,3.8000,-0.4500,0.0000,180.0000,0.0000,0.0000,0.0000,0.0000
1.014,593.1530,0.4615,250.4914,0.2510,3.8000,-0.4500,0.0000,180.0000,0.0000,0.0000,0.0000,0.0000
1.127,592.3145,-0.2305,250.4986,0.2510,3.8000,-0.4500,0.0000,180.0000,0.0000,0.0000,0.0000,0.0000
1.237,591.5194,-0.9041,250.5130,0.2510,3.8000,-0.4500,359.4534,180.0000,0.0022,0.0000,0.0000,0.0000
1.349,591.0549,-1.2263,250.5340,0.2510,3.8000,-0.4500,358.3470,179.9999,0.0066,0.0000,0.0000,0.0000
1.460,590.6285,-1.3578,250.5635,0.2510,3.8000,-0.4500,357.4832,179.9998,0.0099,0.0000,0.0000,0.0000
1.571,590.3353,-1.3297,250.5891,0.2510,3.8000,-0.4500,357.3064,179.9997,0.0104,0.0000,0.0000,0.0000
1.682,590.0246,-1.2294,250.6207,0.2510,3.8000,-0.4500,357.3064,179.9997,0.0104,0.0000,0.0000,0.0000
1.793,589.7386,-1.1334,250.6512,0.2510,3.8000,-0.4500,357.3064,179.9997,0.0104,0.0000,0.0000,0.0000
1.904,589.5107,-1.0880,250.6745,0.2510,3.8000,-0.4500,357.3064,179.9997,0.0104,0.0000,0.0000,0.0000
2.015,589.2441,-1.0848,250.6993,0.2510,3.8000,-0.4500,357.3064,179.9997,0.0105,0.0000,0.0000,0.0000
2.127,589.0251,-1.1186,250.7178,0.2510,3.8000,-0.4500,357.3064,179.9997,0.0105,0.0000,0.0000,0.0000
2.238,588.7644,-1.1877,250.7383,0.2510,3.8000,-0.4500,357.3064,179.9997,0.0105,0.0000,0.0000,0.0000
2.349,588.5482,-1.2564,250.7547,0.2510,3.8000,-0.4500,357.3064,179.9997,0.0105,0.0000,0.0000,0.0000
2.460,588.2894,-1.3400,250.7744,0.2510,3.8000,-0.4500,357.3064,179.9997,0.0105,0.0000,0.0000,0.0000
2.571,588.0739,-1.4050,250.7910,0.2510,3.8000,-0.4500,357.3064,179.9997,0.0104,0.0000,0.0000,0.0000
2.682,587.8155,-1.4749,250.8113,0.2510,3.8000,-0.4500,357.3064,179.9997,0.0105,0.0000,0.0000,0.0000
2.794,587.5573,-1.5369,250.8320,0.2510,3.8000,-0.4500,357.3064,179.9997,0.0105,0.0000,0.0000,0.0000
2.905,587.3419,-1.5844,250.8495,0.2510,3.8000,-0.4500,357.3064,179.9997,0.0105,0.0000,0.0000,0.0000
3.016,587.0834,-1.6390,250.8706,0.2510,3.8000,-0.4500,357.3064,179.9997,0.0105,0.0000,0.0000,0.0000
3.127,586.8679,-1.6842,250.8882,0.2510,3.8000,-0.4500,357.3064,179.9997,0.0105,0.0000,0.0000,0.0000
3.238,586.6094,-1.7395,250.9095,0.2510,3.8000,-0.4500,357.3064,179.9997,0.0105,0.0000,0.0000,0.0000
3.350,586.3939,-1.7867,250.9272,0.2510,3.8000,-0.4500,357.3064,179.9997,0.0105,0.0000,0.0000,0.0000
3.460,586.1350,-1.8448,250.9485,0.2510,3.8000,-0.4500,357.3064,179.9997,0.0105,0.0000,0.0000,0.0000
3.572,585.9193,-1.8939,250.9661,0.2510,3.8000,-0.4500,357.3064,179.9997,0.0105,0.0000,0.0000,0.0000
3.683,585.6602,-1.9535,250.9871,0.2510,3.8000,-0.4500,357.3064,179.9997,0.0105,0.0000,0.0000,0.0000
3.794,585.4009,-2.0131,251.0079,0.2510,3.8000,-0.4500,357.3064,179.9997,0.0105,0.0000,0.0000,0.0000
3.905,585.1849,-2.0626,251.0251,0.2510,3.8000,-0.4500,357.3064,179.9997,0.0105,0.0000,0.0000,0.0000
4.017,584.9252,-2.1216,251.0456,0.2510,3.8000,-0.4500,357.3064,179.9997,0.0105,0.0000,0.0000,0.0000
4.127,584.7089,-2.1703,251.0625,0.2510,3.8000,-0.4500,357.3064,179.9997,0.0105,0.0000,0.0000,0.0000
4.252,584.4490,-2.2281,251.0825,0.2510,3.8000,-0.4500,357.3064,179.9997,0.0105,0.0000,0.0000,0.0000
4.366,584.1890,-2.2852,251.1023,0.2510,3.8000,-0.4500,357.3064,179.9997,0.0105,0.0000,0.0000,0.0000
4.478,583.9288,-2.3414,251.1219,0.2510,3.8000,-0.4500,357.3064,179.9997,0.0105,0.0000,0.0000,0.0000
4.588,583.7119,-2.3873,251.1379,0.2510,3.8000,-0.4500,357.3064,179.9997,0.0105,0.0000,0.0000,0.0000
4.823,583.1902,-2.4945,251.1752,0.2510,3.8000,-0.4500,357.4012,179.9996,359.8732,0.0000,0.0000,0.0000
4.927,582.9728,-2.5368,251.1905,0.2510,3.8000,-0.4500,357.4552,179.9995,359.8090,0.0000,0.0000,0.0000
5.029,582.7562,-2.5767,251.2102,0.2510,3.8000,-0.4500,357.4552,179.9995,359.8090,0.0000,0.0000,0.0000
5.137,582.4979,-2.6229,251.2568,0.2510,3.8000,-0.4500,357.6008,179.9989,359.7150,0.0000,0.0000,0.0000
5.262,582.2429,-2.6663,251.3334,0.2510,3.8000,-0.4500,357.7430,179.9981,359.6313,0.0000,0.0000,0.0000
5.373,582.0325,-2.6997,251.4171,0.2510,3.8000,-0.4500,357.7430,179.9981,359.6313,0.0000,0.0000,0.0000
5.484,581.7816,-2.7354,251.5334,0.2510,3.8000,-0.4500,357.9033,179.9970,359.5966,0.0000,0.0000,0.0000
5.596,581.5323,-2.7656,251.6617,0.2510,3.8000,-0.4500,358.1507,179.9952,359.5716,0.0000,0.0000,0.0000
5.708,581.3251,-2.7873,251.7755,0.2510,3.8000,-0.4500,358.2338,179.9946,359.5769,0.0000,0.0000,0.0000
5.818,581.0771,-2.8074,251.9164,0.2510,3.8000,-0.4500,358.4014,179.9933,359.5918,0.0000,0.0000,0.0000
5.931,580.8714,-2.8167,252.0348,0.2510,3.8000,-0.4500,358.7377,179.9912,359.6666,0.0000,0.0000,0.0000
6.043,580.6249,-2.8245,252.1802,0.2510,3.8000,-0.4500,358.8968,179.9903,359.7190,0.0000,0.0000,0.0000
6.166,580.3790,-2.8255,252.3268,0.2510,3.8000,-0.4500,359.0528,179.9896,359.7747,0.0000,0.0000,0.0000
6.278,580.1342,-2.8169,252.4729,0.2510,3.8000,-0.4500,359.3536,179.9888,359.9102,0.0000,0.0000,0.0000
6.389,579.9304,-2.8055,252.5952,0.2510,3.8000,-0.4500,359.5060,179.9887,359.9927,0.0000,0.0000,0.0000
6.500,579.6868,-2.7843,252.7413,0.2510,3.8000,-0.4500,359.7299,179.9889,0.1191,0.0000,0.0000,0.0000
6.611,579.4845,-2.7588,252.8620,0.2510,3.8000,-0.4500,0.0141,179.9899,0.2995,0.0000,0.0000,0.0000
6.722,579.2416,-2.7250,253.0076,0.2510,3.8000,-0.4500,0.1551,179.9908,0.3970,0.0000,0.0000,0.0000
6.833,579.0001,-2.6823,253.1521,0.2510,3.8000,-0.4500,0.3620,179.9925,0.5438,0.0000,0.0000,0.0000
6.958,578.7602,-2.6293,253.2950,0.2510,3.8000,-0.4500,0.6902,179.9963,0.7955,0.0000,0.0000,0.0000
7.070,578.5597,-2.5854,253.4156,0.2510,3.8000,-0.4500,0.6902,179.9963,0.7955,0.0000,0.0000,0.0000
7.195,578.2821,-2.5065,253.5811,0.2510,3.8000,-0.4500,1.0865,180.0029,1.1278,0.0000,0.0000,0.0000
7.307,578.0831,-2.4507,253.7011,0.2510,3.8000,-0.4500,1.0865,180.0029,1.1278,0.0000,0.0000,0.0000
7.419,577.8466,-2.3717,253.8430,0.2510,3.8000,-0.4500,1.3402,180.0084,1.3572,0.0000,0.0000,0.0000
7.528,577.6495,-2.3043,253.9623,0.2510,3.8000,-0.4500,1.4023,180.0099,1.4161,0.0000,0.0000,0.0000
7.654,577.3756,-2.2005,254.1285,0.2510,3.8000,-0.4500,1.5879,180.0148,1.5939,0.0000,0.0000,0.0000
7.765,577.1812,-2.1204,254.2469,0.2510,3.8000,-0.4500,1.7641,180.0200,1.7716,0.0000,0.0000,0.0000
7.876,576.9484,-2.0220,254.3901,0.2510,3.8000,-0.4500,1.8761,180.0236,1.8896,0.0000,0.0000,0.0000
8.001,576.7160,-1.9201,254.5340,0.2510,3.8000,-0.4500,1.9334,180.0255,1.9529,0.0000,0.0000,0.0000
8.112,576.5236,-1.8303,254.6535,0.2510,3.8000,-0.4500,2.0471,180.0295,2.0800,0.0000,0.0000,0.0000
8.226,576.2922,-1.7214,254.7890,0.2510,3.8000,-0.4500,2.0997,180.0314,2.1423,0.0000,0.0000,0.0000
8.334,576.0599,-1.6087,254.9014,0.2510,3.8000,-0.4500,2.2043,180.0355,2.2722,0.0000,0.0000,0.0000
8.448,575.8649,-1.5161,254.9797,0.2510,3.8000,-0.4500,2.2043,180.0355,2.2722,0.0000,0.0000,0.0000
8.570,575.6302,-1.4023,255.0587,0.2510,3.8000,-0.4500,2.2530,180.0374,2.3402,0.0000,0.0000,0.0000
8.682,575.3951,-1.2877,255.1276,0.2510,3.8000,-0.4500,2.2981,180.0393,2.4097,0.0000,0.0000,0.0000
8.806,575.1599,-1.1725,255.1910,0.2510,3.8000,-0.4500,2.3423,180.0412,2.4788,0.0000,0.0000,0.0000
8.932,574.9241,-1.0588,255.2522,0.2510,3.8000,-0.4500,2.3423,180.0412,2.4788,0.0000,0.0000,0.0000
9.057,574.6494,-0.9273,255.2994,0.2510,3.8000,-0.4500,2.3423,180.0412,2.4788,0.0000,0.0000,0.0000
9.183,574.4159,-0.8190,255.2569,0.2510,3.8000,-0.4500,2.3423,180.0412,2.4788,0.0000,0.0000,0.0000
9.293,574.1863,-0.7158,255.1356,0.2510,3.8000,-0.4500,2.3423,180.0412,2.4788,0.0000,0.0000,0.0000
9.404,573.9977,-0.6334,254.9862,0.2510,3.8000,-0.4500,2.3423,180.0412,2.4788,0.0000,0.0000,0.0000
9.529,573.7738,-0.5384,254.7649,0.2510,3.8000,-0.4500,2.3423,180.0412,2.4788,0.0000,0.0000,0.0000
9.641,573.5518,-0.4472,254.5128,0.2510,3.8000,-0.4500,2.3423,180.0412,2.4788,0.0000,0.0000,0.0000
9.752,573.3676,-0.3737,254.2874,0.2510,3.8000,-0.4500,2.3423,180.0412,2.4788,0.0000,0.0000,0.0000
9.863,573.1470,-0.2885,254.0054,0.2510,3.8000,-0.4500,2.3423,180.0412,2.4788,0.0000,0.0000,0.0000
9.974,572.9261,-0.2063,253.7232,0.2510,3.8000,-0.4500,2.3423,180.0412,2.4788,0.0000,0.0000,0.0000
10.085,572.7393,-0.1393,253.5179,0.2510,3.8000,-0.4500,2.3423,180.0412,2.4788,0.0000,0.0000,0.0000
10.209,572.5103,-0.0603,253.3225,0.2510,3.8000,-0.4500,2.3423,180.0412,2.4788,0.0000,0.0000,0.0000
10.310,572.3160,0.0038,253.1957,0.2510,3.8000,-0.4500,2.3423,180.0412,2.4788,0.0000,0.0000,0.0000
10.418,572.0800,0.0777,253.0733,0.2510,3.8000,-0.4500,2.3423,180.0412,2.4788,0.0000,0.0000,0.0000
10.543,571.8416,0.1475,252.9713,0.2510,3.8000,-0.4500,2.3423,180.0412,2.4788,0.0000,0.0000,0.0000
10.654,571.6006,0.2092,252.8836,0.2510,3.8000,-0.4500,2.1054,180.0312,2.3893,0.0000,0.0000,0.0000
10.766,571.3985,0.2568,252.8166,0.2510,3.8000,-0.4500,1.9607,180.0252,2.3093,0.0000,0.0000,0.0000
10.879,571.1542,0.3079,252.7426,0.2510,3.8000,-0.4500,1.7493,180.0169,2.1726,0.0000,0.0000,0.0000
10.987,570.9498,0.3464,252.6846,0.2510,3.8000,-0.4500,1.6223,180.0122,2.0652,0.0000,0.0000,0.0000
11.101,570.7029,0.3863,252.6199,0.2510,3.8000,-0.4500,1.4404,180.0059,1.8955,0.0000,0.0000,0.0000
11.224,570.4548,0.4214,252.5596,0.2510,3.8000,-0.4500,1.3262,180.0023,1.7720,0.0000,0.0000,0.0000
11.350,570.2044,0.4475,252.5051,0.2510,3.8000,-0.4500,1.1145,179.9962,1.5191,0.0000,0.0000,0.0000
11.460,569.9536,0.4705,252.4553,0.2510,3.8000,-0.4500,1.0191,179.9937,1.3885,0.0000,0.0000,0.0000
11.571,569.7429,0.4830,252.4183,0.2510,3.8000,-0.4500,0.8806,179.9906,1.1860,0.0000,0.0000,0.0000
11.682,569.4890,0.4933,252.3785,0.2510,3.8000,-0.4500,0.7513,179.9882,0.9687,0.0000,0.0000,0.0000
11.794,569.2343,0.5011,252.3437,0.2510,3.8000,-0.4500,0.7100,179.9875,0.8972,0.0000,0.0000,0.0000
11.905,569.0201,0.4998,252.3191,0.2510,3.8000,-0.4500,0.5957,179.9860,0.6709,0.0000,0.0000,0.0000
12.016,568.7623,0.4943,252.2944,0.2510,3.8000,-0.4500,0.4947,179.9850,0.4443,0.0000,0.0000,0.0000
12.127,568.5461,0.4851,252.2778,0.2510,3.8000,-0.4500,0.4092,179.9845,0.2145,0.0000,0.0000,0.0000
12.238,568.2871,0.4736,252.2656,0.2510,3.8000,-0.4500,0.3844,179.9844,0.1348,0.0000,0.0000,0.0000
12.350,568.0707,0.4568,252.2788,0.2510,3.8000,-0.4500,0.3126,179.9844,359.8948,0.0000,0.0000,0.0000
12.461,567.8137,0.4345,252.3289,0.2510,3.8000,-0.4500,0.2677,179.9845,359.7314,0.0000,0.0000,0.0000
12.571,567.6008,0.4116,252.3958,0.2510,3.8000,-0.4500,0.2234,179.9848,359.5702,0.0000,0.0000,0.0000
12.683,567.3467,0.3785,252.4990,0.2510,3.8000,-0.4500,0.1542,179.9855,359.3344,0.0000,0.0000,0.0000
12.794,567.0944,0.3432,252.6194,0.2510,3.8000,-0.4500,0.1308,179.9858,359.2575,0.0000,0.0000,0.0000
12.919,566.8409,0.2976,252.7519,0.2510,3.8000,-0.4500,0.0187,179.9875,358.9402,0.0000,0.0000,0.0000
13.030,566.6315,0.2609,252.8677,0.2510,3.8000,-0.4500,0.0187,179.9875,358.9402,0.0000,0.0000,0.0000
13.156,566.3362,0.1969,253.0368,0.2510,3.8000,-0.4500,359.8831,179.9904,358.6310,0.0000,0.0000,0.0000
13.268,566.1266,0.1516,253.1599,0.2510,3.8000,-0.4500,359.8831,179.9904,358.6310,0.0000,0.0000,0.0000
13.390,565.8738,0.0879,253.3105,0.2510,3.8000,-0.4500,359.7643,179.9935,358.4108,0.0000,0.0000,0.0000
13.515,565.5791,0.0086,253.4885,0.2510,3.8000,-0.4500,359.6266,179.9975,358.1981,0.0000,0.0000,0.0000
13.626,565.3694,-0.0481,253.6163,0.2510,3.8000,-0.4500,359.6266,179.9975,358.1981,0.0000,0.0000,0.0000
13.752,565.1169,-0.1229,253.7716,0.2510,3.8000,-0.4500,359.5217,180.0010,358.0652,0.0000,0.0000,0.0000
13.863,564.8653,-0.1981,253.9274,0.2510,3.8000,-0.4500,359.5217,180.0010,358.0652,0.0000,0.0000,0.0000
13.974,564.6125,-0.2811,254.0855,0.2510,3.8000,-0.4500,359.3478,180.0071,357.8779,0.0000,0.0000,0.0000
14.086,564.4028,-0.3484,254.2174,0.2510,3.8000,-0.4500,359.3478,180.0071,357.8779,0.0000,0.0000,0.0000
14.210,564.1512,-0.4327,254.3769,0.2510,3.8000,-0.4500,359.2867,180.0094,357.8262,0.0000,0.0000,0.0000
14.321,563.8995,-0.5201,254.5379,0.2510,3.8000,-0.4500,359.1479,180.0148,357.7332,0.0000,0.0000,0.0000
14.447,563.6483,-0.6061,254.6988,0.2510,3.8000,-0.4500,359.1479,180.0148,357.7332,0.0000,0.0000,0.0000
14.558,563.3970,-0.6930,254.8605,0.2510,3.8000,-0.4500,359.1479,180.0148,357.7332,0.0000,0.0000,0.0000
14.682,563.1462,-0.7814,255.0232,0.2510,3.8000,-0.4500,359.0722,180.0178,357.7025,0.0000,0.0000,0.0000
14.808,562.8956,-0.8704,255.1870,0.2510,3.8000,-0.4500,358.9129,180.0243,357.6674,0.0000,0.0000,0.0000
14.932,562.6455,-0.9572,255.3503,0.2510,3.8000,-0.4500,358.9129,180.0243,357.6674,0.0000,0.0000,0.0000
15.043,562.3957,-1.0431,255.5140,0.2510,3.8000,-0.4500,358.9129,180.0243,357.6674,0.0000,0.0000,0.0000
15.168,562.1461,-1.1284,255.6786,0.2510,3.8000,-0.4500,358.8316,180.0276,357.6760,0.0000,0.0000,0.0000
15.280,561.8967,-1.2121,255.8433,0.2510,3.8000,-0.4500,358.7520,180.0308,357.6944,0.0000,0.0000,0.0000
15.391,561.6890,-1.2804,255.9799,0.2510,3.8000,-0.4500,358.6757,180.0339,357.7205,0.0000,0.0000,0.0000
15.516,561.3983,-1.3733,256.1613,0.2510,3.8000,-0.4500,358.5307,180.0395,357.7923,0.0000,0.0000,0.0000
15.627,561.1896,-1.4377,256.2809,0.2510,3.8000,-0.4500,358.5307,180.0395,357.7923,0.0000,0.0000,0.0000
15.740,560.9394,-1.5117,256.4163,0.2510,3.8000,-0.4500,358.4020,180.0444,357.8949,0.0000,0.0000,0.0000
15.849,560.7307,-1.5708,256.5233,0.2510,3.8000,-0.4500,358.2899,180.0484,358.0163,0.0000,0.0000,0.0000
15.974,560.4377,-1.6513,256.6661,0.2510,3.8000,-0.4500,358.2417,180.0500,358.0823,0.0000,0.0000,0.0000
16.088,560.2285,-1.7061,256.7647,0.2510,3.8000,-0.4500,358.1968,180.0515,358.1531,0.0000,0.0000,0.0000
16.196,559.9779,-1.7685,256.8806,0.2510,3.8000,-0.4500,358.1152,180.0540,358.2953,0.0000,0.0000,0.0000
16.321,559.7269,-1.8289,256.9937,0.2510,3.8000,-0.4500,358.0815,180.0550,358.3711,0.0000,0.0000,0.0000
16.433,559.5179,-1.8769,257.0865,0.2510,3.8000,-0.4500,358.0486,180.0559,358.4474,0.0000,0.0000,0.0000
16.546,559.2676,-1.9307,257.1948,0.2510,3.8000,-0.4500,357.9963,180.0573,358.6032,0.0000,0.0000,0.0000
16.668,559.0150,-1.9816,257.2612,0.2510,3.8000,-0.4500,357.9750,180.0578,358.6813,0.0000,0.0000,0.0000
16.793,558.7635,-2.0257,257.2616,0.2510,3.8000,-0.4500,357.9404,180.0585,358.8488,0.0000,0.0000,0.0000
16.907,558.5139,-2.0648,257.2073,0.2510,3.8000,-0.4500,357.9095,180.0591,359.0099,0.0000,0.0000,0.0000
17.016,558.2654,-2.1020,257.1134,0.2510,3.8000,-0.4500,357.9095,180.0591,359.0099,0.0000,0.0000,0.0000
17.141,558.0203,-2.1311,256.9932,0.2510,3.8000,-0.4500,357.8862,180.0595,359.2538,0.0000,0.0000,0.0000
17.254,557.7748,-2.1607,256.8557,0.2510,3.8000,-0.4500,357.8862,180.0595,359.2538,0.0000,0.0000,0.0000
17.364,557.5722,-2.1801,256.7330,0.2510,3.8000,-0.4500,357.8810,180.0595,359.4204,0.0000,0.0000,0.0000
17.465,557.3693,-2.2003,256.6037,0.2510,3.8000,-0.4500,357.8810,180.0595,359.4204,0.0000,0.0000,0.0000
17.586,557.1286,-2.2187,256.4308,0.2510,3.8000,-0.4500,357.8824,180.0595,359.5852,0.0000,0.0000,0.0000
17.710,556.8900,-2.2335,256.2338,0.2510,3.8000,-0.4500,357.8900,180.0595,359.7540,0.0000,0.0000,0.0000
17.835,556.6138,-2.2487,255.9787,0.2510,3.8000,-0.4500,357.8943,180.0595,359.8363,0.0000,0.0000,0.0000
17.946,556.4171,-2.2580,255.7847,0.2510,3.8000,-0.4500,357.8943,180.0594,359.8363,0.0000,0.0000,0.0000
18.070,556.1833,-2.2636,255.5431,0.2510,3.8000,-0.4500,357.9111,180.0594,0.0035,0.0000,0.0000,0.0000
18.195,555.9120,-2.2656,255.2535,0.2510,3.8000,-0.4500,357.9465,180.0595,0.2522,0.0000,0.0000,0.0000
18.307,555.7172,-2.2683,255.0435,0.2510,3.8000,-0.4500,357.9465,180.0595,0.2522,0.0000,0.0000,0.0000
18.432,555.4849,-2.2676,254.7894,0.2510,3.8000,-0.4500,357.9623,180.0596,0.3313,0.0000,0.0000,0.0000
18.542,555.2530,-2.2646,254.5336,0.2510,3.8000,-0.4500,357.9808,180.0597,0.4118,0.0000,0.0000,0.0000
18.667,555.0216,-2.2592,254.2770,0.2510,3.8000,-0.4500,357.9997,180.0598,0.4920,0.0000,0.0000,0.0000
18.779,554.7914,-2.2500,254.0195,0.2510,3.8000,-0.4500,358.0454,180.0603,0.6475,0.0000,0.0000,0.0000
18.879,554.5990,-2.2432,253.8047,0.2510,3.8000,-0.4500,358.0454,180.0603,0.6475,0.0000,0.0000,0.0000
18.988,554.4072,-2.2333,253.5896,0.2510,3.8000,-0.4500,358.0744,180.0606,0.7246,0.0000,0.0000,0.0000
19.098,554.1776,-2.2181,253.3309,0.2510,3.8000,-0.4500,358.1331,180.0615,0.8759,0.0000,0.0000,0.0000
19.223,553.9475,-2.2039,253.0721,0.2510,3.8000,-0.4500,358.1331,180.0615,0.8759,0.0000,0.0000,0.0000
19.334,553.7182,-2.1859,252.8128,0.2510,3.8000,-0.4500,358.1720,180.0621,0.9485,0.0000,0.0000,0.0000
19.446,553.5273,-2.1691,252.5964,0.2510,3.8000,-0.4500,358.2129,180.0628,1.0193,0.0000,0.0000,0.0000
19.556,553.2983,-2.1475,252.3363,0.2510,3.8000,-0.4500,358.2559,180.0636,1.0871,0.0000,0.0000,0.0000
19.669,553.1072,-2.1291,252.1195,0.2510,3.8000,-0.4500,358.2559,180.0636,1.0871,0.0000,0.0000,0.0000
19.781,552.8790,-2.1023,251.8587,0.2510,3.8000,-0.4500,358.3571,180.0656,1.2207,0.0000,0.0000,0.0000
19.889,552.6892,-2.0781,251.6414,0.2510,3.8000,-0.4500,358.4651,180.0680,1.3403,0.0000,0.0000,0.0000
20.000,552.4607,-2.0510,251.3818,0.2510,3.8000,-0.4500,358.4651,180.0680,1.3403,0.0000,0.0000,0.0000
20.125,552.2325,-2.0207,251.1220,0.2510,3.8000,-0.4500,358.5254,180.0695,1.3939,0.0000,0.0000,0.0000
20.250,552.0049,-1.9874,250.8619,0.2510,3.8000,-0.4500,358.6581,180.0728,1.4952,0.0000,0.0000,0.0000
20.350,551.8154,-1.9594,250.6452,0.2510,3.8000,-0.4500,358.7232,180.0745,1.5434,0.0000,0.0000,0.0000
20.473,551.5876,-1.9261,250.3852,0.2510,3.8000,-0.4500,358.7232,180.0745,1.5434,0.0000,0.0000,0.0000
20.584,551.3605,-1.8876,250.1236,0.2510,3.8000,-0.4500,358.9410,180.0806,1.6565,0.0000,0.0000,0.0000
20.684,551.1707,-1.8577,249.9063,0.2510,3.8000,-0.4500,358.9410,180.0806,1.6565,0.0000,0.0000,0.0000
20.806,550.9429,-1.8207,249.6451,0.2510,3.8000,-0.4500,358.9410,180.0806,1.6565,0.0000,0.0000,0.0000
20.931,550.7158,-1.7793,249.3817,0.2510,3.8000,-0.4500,359.1837,180.0878,1.7318,0.0000,0.0000,0.0000
21.042,550.4880,-1.7402,249.1194,0.2510,3.8000,-0.4500,359.1837,180.0878,1.7318,0.0000,0.0000,0.0000
21.154,550.2604,-1.6986,248.8555,0.2510,3.8000,-0.4500,359.3435,180.0927,1.7587,0.0000,0.0000,0.0000
21.267,550.0707,-1.6632,248.6349,0.2510,3.8000,-0.4500,359.5050,180.0977,1.7747,0.0000,0.0000,0.0000
21.378,549.8425,-1.6222,248.3710,0.2510,3.8000,-0.4500,359.5050,180.0977,1.7747,0.0000,0.0000,0.0000
21.502,549.6144,-1.5794,248.1056,0.2510,3.8000,-0.4500,359.6674,180.1027,1.7740,0.0000,0.0000,0.0000
21.612,549.4240,-1.5436,247.8839,0.2510,3.8000,-0.4500,359.8303,180.1078,1.7599,0.0000,0.0000,0.0000
21.736,549.1572,-1.4939,247.5734,0.2510,3.8000,-0.4500,359.9932,180.1127,1.7333,0.0000,0.0000,0.0000
21.847,548.9664,-1.4586,247.3515,0.2510,3.8000,-0.4500,0.0727,180.1151,1.7192,0.0000,0.0000,0.0000
21.959,548.7372,-1.4166,247.0851,0.2510,3.8000,-0.4500,0.1509,180.1175,1.6976,0.0000,0.0000,0.0000
22.083,548.5078,-1.3749,246.8183,0.2510,3.8000,-0.4500,0.2291,180.1198,1.6746,0.0000,0.0000,0.0000
22.194,548.2773,-1.3335,246.5502,0.2510,3.8000,-0.4500,0.4675,180.1266,1.5859,0.0000,0.0000,0.0000
22.306,548.0856,-1.2997,246.3279,0.2510,3.8000,-0.4500,0.4675,180.1266,1.5858,0.0000,0.0000,0.0000
22.431,547.8533,-1.2596,246.0760,0.2510,3.8000,-0.4500,0.6910,180.1325,1.4798,0.0000,0.0000,0.0000
22.558,547.5779,-1.2124,245.8391,0.2510,3.8000,-0.4500,0.7650,180.1344,1.4368,0.0000,0.0000,0.0000
22.667,547.3771,-1.1783,245.7051,0.2510,3.8000,-0.4500,0.9122,180.1380,1.3496,0.0000,0.0000,0.0000
22.781,547.1331,-1.1371,245.5749,0.2510,3.8000,-0.4500,1.0484,180.1411,1.2609,0.0000,0.0000,0.0000
22.889,546.9279,-1.1025,245.4849,0.2510,3.8000,-0.4500,1.1153,180.1426,1.2141,0.0000,0.0000,0.0000
23.003,546.6800,-1.0611,245.3914,0.2510,3.8000,-0.4500,1.2480,180.1453,1.1172,0.0000,0.0000,0.0000
23.112,546.4722,-1.0270,245.3217,0.2510,3.8000,-0.4500,1.3768,180.1477,1.0181,0.0000,0.0000,0.0000
23.223,546.2224,-0.9858,245.2462,0.2510,3.8000,-0.4500,1.4394,180.1488,0.9688,0.0000,0.0000,0.0000
23.334,545.9701,-0.9454,245.1973,0.2510,3.8000,-0.4500,1.6274,180.1517,0.8096,0.0000,0.0000,0.0000
23.446,545.7598,-0.9099,245.1885,0.2510,3.8000,-0.4500,1.6274,180.1517,0.8096,0.0000,0.0000,0.0000
23.556,545.5079,-0.8669,245.2081,0.2510,3.8000,-0.4500,1.6882,180.1525,0.7551,0.0000,0.0000,0.0000
23.669,545.2979,-0.8310,245.2431,0.2510,3.8000,-0.4500,1.8113,180.1540,0.6435,0.0000,0.0000,0.0000
23.780,545.0474,-0.7862,245.3016,0.2510,3.8000,-0.4500,1.8113,180.1540,0.6435,0.0000,0.0000,0.0000
23.888,544.8386,-0.7490,245.3588,0.2510,3.8000,-0.4500,1.8728,180.1547,0.5876,0.0000,0.0000,0.0000
24.016,544.5468,-0.6961,245.4473,0.2510,3.8000,-0.4500,1.9340,180.1553,0.5320,0.0000,0.0000,0.0000
24.125,544.3387,-0.6575,245.5144,0.2510,3.8000,-0.4500,1.9340,180.1553,0.5320,0.0000,0.0000,0.0000
24.250,544.0893,-0.6108,245.5972,0.2510,3.8000,-0.4500,1.9340,180.1553,0.5320,0.0000,0.0000,0.0000
24.361,543.8390,-0.5647,245.6806,0.2510,3.8000,-0.4500,2.0620,180.1563,0.4277,0.0000,0.0000,0.0000
24.486,543.5892,-0.5178,245.7656,0.2510,3.8000,-0.4500,2.0620,180.1563,0.4277,0.0000,0.0000,0.0000
24.598,543.3395,-0.4714,245.8510,0.2510,3.8000,-0.4500,2.0620,180.1563,0.4276,0.0000,0.0000,0.0000
24.709,543.1312,-0.4335,245.9224,0.2510,3.8000,-0.4500,2.0620,180.1563,0.4276,0.0000,0.0000,0.0000
24.820,542.8805,-0.3898,246.0079,0.2510,3.8000,-0.4500,2.1196,180.1567,0.3693,0.0000,0.0000,0.0000
24.931,542.6718,-0.3542,246.0794,0.2510,3.8000,-0.4500,2.1196,180.1567,0.3693,0.0000,0.0000,0.0000
25.057,542.3781,-0.3083,246.1790,0.2510,3.8000,-0.4500,2.2233,180.1573,0.2390,0.0000,0.0000,0.0000
25.181,542.1263,-0.2711,246.2646,0.2510,3.8000,-0.4500,2.2648,180.1574,0.1685,0.0000,0.0000,0.0000
25.306,541.8737,-0.2377,246.3500,0.2510,3.8000,-0.4500,2.3385,180.1575,0.0208,0.0000,0.0000,0.0000
25.431,541.6218,-0.2050,246.4360,0.2510,3.8000,-0.4500,2.3385,180.1575,0.0208,0.0000,0.0000,0.0000
25.543,541.3682,-0.1774,246.5224,0.2510,3.8000,-0.4500,2.3950,180.1575,359.8670,0.0000,0.0000,0.0000
25.660,541.1149,-0.1516,246.6122,0.2510,3.8000,-0.4500,2.4171,180.1574,359.7883,0.0000,0.0000,0.0000
25.775,540.8605,-0.1312,246.7057,0.2510,3.8000,-0.4500,2.4735,180.1571,359.5479,0.0000,0.0000,0.0000
25.887,540.6497,-0.1133,246.7863,0.2510,3.8000,-0.4500,2.4735,180.1571,359.5479,0.0000,0.0000,0.0000
25.998,540.3959,-0.0957,246.8853,0.2510,3.8000,-0.4500,2.4856,180.1570,359.4680,0.0000,0.0000,0.0000
26.111,540.1828,-0.0865,246.9692,0.2510,3.8000,-0.4500,2.5145,180.1567,359.2130,0.0000,0.0000,0.0000
26.236,539.8857,-0.0724,247.0887,0.2510,3.8000,-0.4500,2.5202,180.1566,359.1310,0.0000,0.0000,0.0000
26.348,539.6731,-0.0652,247.1751,0.2510,3.8000,-0.4500,2.5253,180.1565,359.0490,0.0000,0.0000,0.0000
26.458,539.4174,-0.0602,247.2800,0.2510,3.8000,-0.4500,2.5317,180.1564,358.8872,0.0000,0.0000,0.0000
26.569,539.2043,-0.0572,247.3682,0.2510,3.8000,-0.4500,2.5333,180.1564,358.8053,0.0000,0.0000,0.0000
26.694,538.9055,-0.0569,247.4922,0.2510,3.8000,-0.4500,2.5343,180.1563,358.6401,0.0000,0.0000,0.0000
26.806,538.6918,-0.0568,247.5793,0.2510,3.8000,-0.4500,2.5343,180.1563,358.6401,0.0000,0.0000,0.0000
26.917,538.4335,-0.0633,247.6815,0.2510,3.8000,-0.4500,2.5301,180.1564,358.3959,0.0000,0.0000,0.0000
27.041,538.1763,-0.0678,247.7818,0.2510,3.8000,-0.4500,2.5301,180.1564,358.3959,0.0000,0.0000,0.0000
27.153,537.9609,-0.0746,247.8644,0.2510,3.8000,-0.4500,2.5271,180.1565,358.3153,0.0000,0.0000,0.0000
27.264,537.7033,-0.0828,247.9630,0.2510,3.8000,-0.4500,2.5271,180.1565,358.3153,0.0000,0.0000,0.0000
27.375,537.4440,-0.0972,248.0619,0.2510,3.8000,-0.4500,2.5152,180.1569,358.0694,0.0000,0.0000,0.0000
27.486,537.2289,-0.1066,248.1447,0.2510,3.8000,-0.4500,2.5152,180.1569,358.0694,0.0000,0.0000,0.0000
27.612,536.9707,-0.1193,248.2447,0.2510,3.8000,-0.4500,2.5152,180.1569,358.0693,0.0000,0.0000,0.0000
27.723,536.7122,-0.1331,248.3452,0.2510,3.8000,-0.4500,2.5152,180.1569,358.0693,0.0000,0.0000,0.0000
27.834,536.4531,-0.1496,248.4463,0.2510,3.8000,-0.4500,2.5090,180.1571,357.9874,0.0000,0.0000,0.0000
27.944,536.2375,-0.1627,248.5311,0.2510,3.8000,-0.4500,2.5090,180.1571,357.9874,0.0000,0.0000,0.0000
28.056,535.9782,-0.1807,248.6336,0.2510,3.8000,-0.4500,2.5020,180.1574,357.9065,0.0000,0.0000,0.0000
28.182,535.7197,-0.1979,248.7366,0.2510,3.8000,-0.4500,2.5020,180.1574,357.9065,0.0000,0.0000,0.0000
28.293,535.5042,-0.2126,248.8228,0.2510,3.8000,-0.4500,2.5020,180.1574,357.9065,0.0000,0.0000,0.0000
28.404,535.2457,-0.2307,248.9265,0.2510,3.8000,-0.4500,2.5020,180.1574,357.9065,0.0000,0.0000,0.0000
28.517,534.9866,-0.2506,249.0306,0.2510,3.8000,-0.4500,2.4923,180.1577,357.8256,0.0000,0.0000,0.0000
28.626,534.7712,-0.2662,249.1175,0.2510,3.8000,-0.4500,2.4924,180.1577,357.8256,0.0000,0.0000,0.0000
28.737,534.5126,-0.2851,249.2223,0.2510,3.8000,-0.4500,2.4924,180.1577,357.8256,0.0000,0.0000,0.0000
28.848,534.2972,-0.3010,249.3097,0.2510,3.8000,-0.4500,2.4924,180.1577,357.8256,0.0000,0.0000,0.0000
28.973,534.0386,-0.3202,249.4148,0.2510,3.8000,-0.4500,2.4924,180.1577,357.8257,0.0000,0.0000,0.0000
29.098,533.7370,-0.3427,249.5376,0.2510,3.8000,-0.4500,2.4924,180.1577,357.8257,0.0000,0.0000,0.0000
29.209,533.5215,-0.3589,249.6254,0.2510,3.8000,-0.4500,2.4924,180.1577,357.8257,0.0000,0.0000,0.0000
29.320,533.2630,-0.3785,249.7307,0.2510,3.8000,-0.4500,2.4924,180.1577,357.8257,0.0000,0.0000,0.0000
29.431,533.0475,-0.3948,249.8186,0.2510,3.8000,-0.4500,2.4924,180.1577,357.8257,0.0000,0.0000,0.0000
29.543,532.7890,-0.4146,249.9240,0.2510,3.8000,-0.4500,2.4924,180.1577,357.8257,0.0000,0.0000,0.0000
29.654,532.5305,-0.4345,250.0296,0.2510,3.8000,-0.4500,2.4924,180.1577,357.8257,0.0000,0.0000,0.0000
29.765,532.3150,-0.4513,250.1176,0.2510,3.8000,-0.4500,2.4924,180.1577,357.8257,0.0000,0.0000,0.0000
29.876,532.0565,-0.4715,250.2233,0.2510,3.8000,-0.4500,2.4924,180.1577,357.8257,0.0000,0.0000,0.0000
30.001,531.7979,-0.4921,250.3287,0.2510,3.8000,-0.4500,2.4924,180.1577,357.8257,0.0000,0.0000,0.0000
30.112,531.5825,-0.5094,250.4163,0.2510,3.8000,-0.4500,2.4924,180.1577,357.8257,0.0000,0.0000,0.0000
30.223,531.3239,-0.5305,250.5212,0.2510,3.8000,-0.4500,2.4924,180.1577,357.8257,0.0000,0.0000,0.0000
30.334,531.0654,-0.5519,250.6261,0.2510,3.8000,-0.4500,2.4924,180.1577,357.8257,0.0000,0.0000,0.0000
30.445,530.8499,-0.5701,250.7134,0.2510,3.8000,-0.4500,2.4924,180.1577,357.8256,0.0000,0.0000,0.0000
30.557,530.5914,-0.5923,250.8182,0.2510,3.8000,-0.4500,2.4924,180.1577,357.8256,0.0000,0.0000,0.0000
30.669,530.3759,-0.6110,250.9056,0.2510,3.8000,-0.4500,2.4924,180.1577,357.8256,0.0000,0.0000,0.0000
30.792,530.1174,-0.6339,251.0105,0.2510,3.8000,-0.4500,2.4923,180.1577,357.8256,0.0000,0.0000,0.0000
30.906,529.8588,-0.6573,251.1156,0.2510,3.8000,-0.4500,2.4923,180.1577,357.8256,0.0000,0.0000,0.0000
31.014,529.6003,-0.6809,251.2207,0.2510,3.8000,-0.4500,2.4923,180.1577,357.8256,0.0000,0.0000,0.0000
31.126,529.3845,-0.7025,251.3085,0.2510,3.8000,-0.4500,2.4464,180.1595,357.7595,0.0000,0.0000,0.0000
31.237,529.1259,-0.7268,251.4131,0.2510,3.8000,-0.4500,2.4464,180.1595,357.7595,0.0000,0.0000,0.0000
31.348,528.9105,-0.7473,251.5001,0.2510,3.8000,-0.4500,2.4464,180.1595,357.7595,0.0000,0.0000,0.0000
31.459,528.6519,-0.7721,251.6043,0.2510,3.8000,-0.4500,2.4464,180.1595,357.7595,0.0000,0.0000,0.0000
31.585,528.3934,-0.7971,251.7083,0.2510,3.8000,-0.4500,2.4464,180.1595,357.7595,0.0000,0.0000,0.0000
31.696,528.1348,-0.8221,251.8123,0.2510,3.8000,-0.4500,2.4464,180.1595,357.7595,0.0000,0.0000,0.0000
31.806,527.9194,-0.8430,251.8989,0.2510,3.8000,-0.4500,2.4464,180.1595,357.7595,0.0000,0.0000,0.0000
31.931,527.6610,-0.8678,252.0029,0.2510,3.8000,-0.4500,2.4464,180.1595,357.7595,0.0000,0.0000,0.0000
32.043,527.4028,-0.8924,252.1068,0.2510,3.8000,-0.4500,2.4464,180.1595,357.7595,0.0000,0.0000,0.0000
32.154,527.1447,-0.9167,252.2108,0.2510,3.8000,-0.4500,2.4464,180.1595,357.7595,0.0000,0.0000,0.0000
32.265,526.9295,-0.9365,252.2975,0.2510,3.8000,-0.4500,2.4464,180.1595,357.7595,0.0000,0.0000,0.0000
32.376,526.6716,-0.9598,252.4017,0.2510,3.8000,-0.4500,2.4464,180.1595,357.7595,0.0000,0.0000,0.0000
32.487,526.4568,-0.9786,252.4888,0.2510,3.8000,-0.4500,2.4464,180.1595,357.7595,0.0000,0.0000,0.0000
32.598,526.1991,-1.0005,252.5934,0.2510,3.8000,-0.4500,2.4464,180.1595,357.7595,0.0000,0.0000,0.0000
32.709,525.9846,-1.0180,252.6807,0.2510,3.8000,-0.4500,2.4464,180.1595,357.7595,0.0000,0.0000,0.0000
32.834,525.6842,-1.0414,252.8030,0.2510,3.8000,-0.4500,2.4464,180.1595,357.7595,0.0000,0.0000,0.0000
32.945,525.4700,-1.0572,252.8904,0.2510,3.8000,-0.4500,2.4464,180.1595,357.7595,0.0000,0.0000,0.0000
33.070,525.2129,-1.0752,252.9953,0.2510,3.8000,-0.4500,2.4464,180.1595,357.7595,0.0000,0.0000,0.0000
33.181,524.9561,-1.0921,253.1002,0.2510,3.8000,-0.4500,2.4464,180.1595,357.7595,0.0000,0.0000,0.0000
33.293,524.7422,-1.1054,253.1876,0.2510,3.8000,-0.4500,2.4464,180.1595,357.7595,0.0000,0.0000,0.0000
33.404,524.4852,-1.1204,253.2924,0.2510,3.8000,-0.4500,2.4464,180.1595,357.7595,0.0000,0.0000,0.0000
33.528,524.2285,-1.1344,253.3972,0.2510,3.8000,-0.4500,2.4464,180.1595,357.7595,0.0000,0.0000,0.0000
33.653,523.9290,-1.1498,253.5193,0.2510,3.8000,-0.4500,2.4464,180.1595,357.7595,0.0000,0.0000,0.0000
33.764,523.7152,-1.1604,253.6065,0.2510,3.8000,-0.4500,2.4464,180.1595,357.7595,0.0000,0.0000,0.0000
33.889,523.4589,-1.1727,253.7110,0.2510,3.8000,-0.4500,2.4464,180.1595,357.7595,0.0000,0.0000,0.0000
34.001,523.2026,-1.1851,253.8155,0.2510,3.8000,-0.4500,2.4464,180.1595,357.7594,0.0000,0.0000,0.0000
34.112,522.9888,-1.1954,253.9024,0.2510,3.8000,-0.4500,2.4464,180.1595,357.7594,0.0000,0.0000,0.0000
34.223,522.7319,-1.2081,254.0040,0.2510,3.8000,-0.4500,2.4464,180.1595,357.7594,0.0000,0.0000,0.0000
34.334,522.4745,-1.2212,254.1010,0.2510,3.8000,-0.4500,2.4464,180.1595,357.7594,0.0000,0.0000,0.0000
34.444,522.2596,-1.2321,254.1783,0.2510,3.8000,-0.4500,2.4464,180.1595,357.7594,0.0000,0.0000,0.0000
34.556,522.0015,-1.2451,254.2679,0.2510,3.8000,-0.4500,2.4464,180.1595,357.7594,0.0000,0.0000,0.0000
34.667,521.7860,-1.2556,254.3407,0.2510,3.8000,-0.4500,2.4464,180.1595,357.7594,0.0000,0.0000,0.0000
34.791,521.5275,-1.2677,254.4264,0.2510,3.8000,-0.4500,2.4464,180.1595,357.7594,0.0000,0.0000,0.0000
34.903,521.2687,-1.2788,254.5110,0.2510,3.8000,-0.4500,2.4464,180.1595,357.7594,0.0000,0.0000,0.0000
35.014,521.0098,-1.2888,254.5947,0.2510,3.8000,-0.4500,2.4464,180.1595,357.7594,0.0000,0.0000,0.0000
35.125,520.7942,-1.2963,254.6641,0.2510,3.8000,-0.4500,2.4464,180.1595,357.7594,0.0000,0.0000,0.0000
35.236,520.5356,-1.3040,254.7469,0.2510,3.8000,-0.4500,2.4464,180.1595,357.7594,0.0000,0.0000,0.0000
35.347,520.3202,-1.3093,254.8157,0.2510,3.8000,-0.4500,2.4464,180.1595,357.7594,0.0000,0.0000,0.0000
35.472,520.0615,-1.3145,254.8979,0.2510,3.8000,-0.4500,2.4464,180.1595,357.7594,0.0000,0.0000,0.0000
35.583,519.8029,-1.3182,254.9801,0.2510,3.8000,-0.4500,2.4464,180.1595,357.7594,0.0000,0.0000,0.0000
35.709,519.5443,-1.3205,255.0621,0.2510,3.8000,-0.4500,2.4464,180.1595,357.7594,0.0000,0.0000,0.0000
35.833,519.2860,-1.3215,255.1439,0.2510,3.8000,-0.4500,2.4464,180.1595,357.7594,0.0000,0.0000,0.0000
35.945,519.0278,-1.3212,255.2257,0.2510,3.8000,-0.4500,2.4464,180.1595,357.7594,0.0000,0.0000,0.0000
36.056,518.7698,-1.3198,255.3065,0.2510,3.8000,-0.4500,2.4464,180.1595,357.7594,0.0000,0.0000,0.0000
36.167,518.5546,-1.3181,255.3695,0.2510,3.8000,-0.4500,2.4464,180.1595,357.7594,0.0000,0.0000,0.0000
36.278,518.2962,-1.3155,255.4389,0.2510,3.8000,-0.4500,2.4464,180.1595,357.7594,0.0000,0.0000,0.0000
36.405,518.0373,-1.3125,255.5029,0.2510,3.8000,-0.4500,2.4464,180.1595,357.7594,0.0000,0.0000,0.0000
36.515,517.7784,-1.3093,255.5635,0.2510,3.8000,-0.4500,2.4464,180.1595,357.7594,0.0000,0.0000,0.0000
36.625,517.5626,-1.3065,255.6124,0.2510,3.8000,-0.4500,2.4464,180.1595,357.7594,0.0000,0.0000,0.0000
36.737,517.3037,-1.3032,255.6698,0.2510,3.8000,-0.4500,2.4464,180.1595,357.7594,0.0000,0.0000,0.0000
36.847,517.0888,-1.2986,255.7177,0.2510,3.8000,-0.4500,2.3564,180.1629,357.9026,0.0000,0.0000,0.0000
36.958,516.8300,-1.2952,255.7730,0.2510,3.8000,-0.4500,2.3564,180.1629,357.9026,0.0000,0.0000,0.0000
37.070,516.6154,-1.2907,255.8187,0.2510,3.8000,-0.4500,2.2622,180.1662,358.0383,0.0000,0.0000,0.0000
37.181,516.3569,-1.2872,255.8692,0.2510,3.8000,-0.4500,2.2622,180.1662,358.0382,0.0000,0.0000,0.0000
37.292,516.1415,-1.2851,255.8796,0.2510,3.8000,-0.4500,2.2622,180.1662,358.0383,0.0000,0.0000,0.0000
37.417,515.8422,-1.2823,255.8390,0.2510,3.8000,-0.4500,2.1603,180.1696,358.1696,0.0000,0.0000,0.0000
37.527,515.6295,-1.2824,255.7784,0.2510,3.8000,-0.4500,2.1603,180.1696,358.1696,0.0000,0.0000,0.0000
37.639,515.3763,-1.2821,255.6818,0.2510,3.8000,-0.4500,2.0516,180.1729,358.2939,0.0000,0.0000,0.0000
37.750,515.1656,-1.2837,255.5869,0.2510,3.8000,-0.4500,2.0516,180.1729,358.2939,0.0000,0.0000,0.0000
37.861,514.9146,-1.2852,255.4627,0.2510,3.8000,-0.4500,1.9345,180.1763,358.4088,0.0000,0.0000,0.0000
37.987,514.6638,-1.2881,255.3309,0.2510,3.8000,-0.4500,1.8715,180.1780,358.4622,0.0000,0.0000,0.0000
38.098,514.4134,-1.2921,255.1941,0.2510,3.8000,-0.4500,1.8080,180.1797,358.5142,0.0000,0.0000,0.0000
38.209,514.2059,-1.2964,255.0692,0.2510,3.8000,-0.4500,1.7372,180.1815,358.5629,0.0000,0.0000,0.0000
38.319,513.9589,-1.3027,254.8991,0.2510,3.8000,-0.4500,1.5954,180.1850,358.6577,0.0000,0.0000,0.0000
38.444,513.7136,-1.3111,254.7086,0.2510,3.8000,-0.4500,1.5196,180.1867,358.6978,0.0000,0.0000,0.0000
38.555,513.4700,-1.3210,254.5037,0.2510,3.8000,-0.4500,1.3675,180.1901,358.7759,0.0000,0.0000,0.0000
38.667,513.2680,-1.3308,254.3260,0.2510,3.8000,-0.4500,1.1396,180.1947,358.8715,0.0000,0.0000,0.0000
38.778,513.0255,-1.3439,254.1049,0.2510,3.8000,-0.4500,1.1396,180.1947,358.8715,0.0000,0.0000,0.0000
38.889,512.8243,-1.3569,253.9198,0.2510,3.8000,-0.4500,0.8248,180.2007,358.9727,0.0000,0.0000,0.0000
39.016,512.5424,-1.3764,253.6551,0.2510,3.8000,-0.4500,0.8248,180.2007,358.9727,0.0000,0.0000,0.0000
39.121,512.3414,-1.3927,253.4669,0.2510,3.8000,-0.4500,0.5793,180.2049,359.0301,0.0000,0.0000,0.0000
39.234,512.1000,-1.4140,253.2399,0.2510,3.8000,-0.4500,0.4150,180.2077,359.0613,0.0000,0.0000,0.0000
39.346,511.8991,-1.4330,253.0504,0.2510,3.8000,-0.4500,0.3336,180.2090,359.0761,0.0000,0.0000,0.0000
39.446,511.6982,-1.4541,252.8617,0.2510,3.8000,-0.4500,0.1696,180.2116,359.1008,0.0000,0.0000,0.0000
39.555,511.4572,-1.4817,252.6362,0.2510,3.8000,-0.4500,359.9177,180.2155,359.1324,0.0000,0.0000,0.0000
39.680,511.2158,-1.5108,252.4102,0.2510,3.8000,-0.4500,359.8323,180.2168,359.1409,0.0000,0.0000,0.0000
39.791,511.0150,-1.5378,252.2234,0.2510,3.8000,-0.4500,359.5778,180.2206,359.1652,0.0000,0.0000,0.0000
39.904,510.7737,-1.5710,251.9986,0.2510,3.8000,-0.4500,359.4931,180.2218,359.1717,0.0000,0.0000,0.0000
40.013,510.5728,-1.6009,251.8123,0.2510,3.8000,-0.4500,359.3227,180.2242,359.1844,0.0000,0.0000,0.0000
40.124,510.3319,-1.6396,251.5902,0.2510,3.8000,-0.4500,358.9907,180.2289,359.2065,0.0000,0.0000,0.0000
40.249,510.0910,-1.6781,251.3664,0.2510,3.8000,-0.4500,358.9907,180.2289,359.2065,0.0000,0.0000,0.0000
40.360,509.8502,-1.7201,251.1449,0.2510,3.8000,-0.4500,358.7406,180.2323,359.2230,0.0000,0.0000,0.0000
40.485,509.6093,-1.7626,250.9228,0.2510,3.8000,-0.4500,358.6585,180.2334,359.2290,0.0000,0.0000,0.0000
40.597,509.3684,-1.8066,250.7012,0.2510,3.8000,-0.4500,358.5759,180.2345,359.2352,0.0000,0.0000,0.0000
40.709,509.1680,-1.8455,250.5181,0.2510,3.8000,-0.4500,358.3241,180.2378,359.2575,0.0000,0.0000,0.0000
40.819,508.9272,-1.8911,250.2969,0.2510,3.8000,-0.4500,358.3241,180.2378,359.2575,0.0000,0.0000,0.0000
40.930,508.7267,-1.9308,250.1141,0.2510,3.8000,-0.4500,358.1579,180.2400,359.2782,0.0000,0.0000,0.0000
41.042,508.4862,-1.9783,249.8940,0.2510,3.8000,-0.4500,358.0762,180.2410,359.2890,0.0000,0.0000,0.0000
41.152,508.2859,-2.0181,249.7111,0.2510,3.8000,-0.4500,357.9977,180.2419,359.3027,0.0000,0.0000,0.0000
41.264,508.0455,-2.0655,249.4913,0.2510,3.8000,-0.4500,357.9977,180.2419,359.3027,0.0000,0.0000,0.0000
41.375,507.8054,-2.1130,249.2722,0.2510,3.8000,-0.4500,357.9174,180.2429,359.3207,0.0000,0.0000,0.0000
41.486,507.6057,-2.1524,249.0905,0.2510,3.8000,-0.4500,357.7592,180.2447,359.3665,0.0000,0.0000,0.0000
41.597,507.3655,-2.1984,248.8715,0.2510,3.8000,-0.4500,357.7592,180.2447,359.3665,0.0000,0.0000,0.0000
41.708,507.1656,-2.2358,248.6892,0.2510,3.8000,-0.4500,357.7592,180.2447,359.3665,0.0000,0.0000,0.0000
41.819,506.9258,-2.2795,248.4705,0.2510,3.8000,-0.4500,357.7592,180.2447,359.3665,0.0000,0.0000,0.0000
41.929,506.7262,-2.3146,248.2884,0.2510,3.8000,-0.4500,357.7592,180.2447,359.3665,0.0000,0.0000,0.0000
42.041,506.4872,-2.3546,248.0703,0.2510,3.8000,-0.4500,357.6922,180.2454,359.4126,0.0000,0.0000,0.0000
42.152,506.2880,-2.3865,247.8882,0.2510,3.8000,-0.4500,357.6922,180.2454,359.4126,0.0000,0.0000,0.0000
42.264,506.0492,-2.4225,247.6697,0.2510,3.8000,-0.4500,357.6922,180.2454,359.4126,0.0000,0.0000,0.0000
42.375,505.8107,-2.4556,247.4512,0.2510,3.8000,-0.4500,357.6922,180.2454,359.4126,0.0000,0.0000,0.0000
42.485,505.6125,-2.4800,247.2692,0.2510,3.8000,-0.4500,357.6541,180.2458,359.4846,0.0000,0.0000,0.0000
42.597,505.3744,-2.5074,247.0504,0.2510,3.8000,-0.4500,357.6541,180.2458,359.4846,0.0000,0.0000,0.0000
42.721,505.1377,-2.5289,246.8318,0.2510,3.8000,-0.4500,357.6236,180.2460,359.6467,0.0000,0.0000,0.0000
42.833,504.9398,-2.5461,246.6492,0.2510,3.8000,-0.4500,357.6236,180.2460,359.6467,0.0000,0.0000,0.0000
42.943,504.7035,-2.5604,246.4299,0.2510,3.8000,-0.4500,357.6395,180.2460,359.8076,0.0000,0.0000,0.0000
43.057,504.4674,-2.5708,246.2102,0.2510,3.8000,-0.4500,357.6898,180.2458,359.9617,0.0000,0.0000,0.0000
43.167,504.2701,-2.5790,246.0270,0.2510,3.8000,-0.4500,357.6898,180.2459,359.9617,0.0000,0.0000,0.0000
43.291,504.0351,-2.5803,245.8062,0.2510,3.8000,-0.4500,357.8145,180.2460,0.1804,0.0000,0.0000,0.0000
43.416,503.7609,-2.5776,245.5478,0.2510,3.8000,-0.4500,357.9864,180.2469,0.3763,0.0000,0.0000,0.0000
43.527,503.5648,-2.5742,245.3632,0.2510,3.8000,-0.4500,358.0438,180.2473,0.4375,0.0000,0.0000,0.0000
43.638,503.3307,-2.5626,245.1398,0.2510,3.8000,-0.4500,358.3052,180.2498,0.6468,0.0000,0.0000,0.0000
43.739,503.1348,-2.5548,244.9544,0.2510,3.8000,-0.4500,358.3052,180.2498,0.6468,0.0000,0.0000,0.0000
43.847,502.9402,-2.5391,244.7667,0.2510,3.8000,-0.4500,358.5915,180.2534,0.8175,0.0000,0.0000,0.0000
43.957,502.7057,-2.5220,244.5423,0.2510,3.8000,-0.4500,358.6646,180.2545,0.8528,0.0000,0.0000,0.0000
44.084,502.4719,-2.5000,244.3166,0.2510,3.8000,-0.4500,358.8132,180.2568,0.9218,0.0000,0.0000,0.0000
44.194,502.2386,-2.4730,244.0895,0.2510,3.8000,-0.4500,359.0432,180.2607,1.0131,0.0000,0.0000,0.0000
44.306,502.0445,-2.4469,243.8992,0.2510,3.8000,-0.4500,359.2760,180.2650,1.1010,0.0000,0.0000,0.0000
44.416,501.8118,-2.4123,243.6703,0.2510,3.8000,-0.4500,359.5078,180.2696,1.1900,0.0000,0.0000,0.0000
44.527,501.6180,-2.3816,243.4796,0.2510,3.8000,-0.4500,359.5857,180.2713,1.2219,0.0000,0.0000,0.0000
44.638,501.3864,-2.3369,243.2483,0.2510,3.8000,-0.4500,359.8939,180.2782,1.3537,0.0000,0.0000,0.0000
44.764,501.1551,-2.2896,243.0170,0.2510,3.8000,-0.4500,0.0463,180.2819,1.4274,0.0000,0.0000,0.0000
44.874,500.9244,-2.2371,242.7844,0.2510,3.8000,-0.4500,0.1970,180.2857,1.5020,0.0000,0.0000,0.0000
44.985,500.7335,-2.1866,242.5886,0.2510,3.8000,-0.4500,0.4867,180.2937,1.6607,0.0000,0.0000,0.0000
45.097,500.5038,-2.1259,242.3543,0.2510,3.8000,-0.4500,0.5607,180.2959,1.7049,0.0000,0.0000,0.0000
45.208,500.3139,-2.0685,242.1569,0.2510,3.8000,-0.4500,0.7827,180.3028,1.8399,0.0000,0.0000,0.0000
45.319,500.0864,-1.9961,241.9191,0.2510,3.8000,-0.4500,0.9944,180.3098,1.9771,0.0000,0.0000,0.0000
45.430,499.8970,-1.9341,241.7206,0.2510,3.8000,-0.4500,1.0638,180.3122,2.0228,0.0000,0.0000,0.0000
45.541,499.6711,-1.8531,241.4802,0.2510,3.8000,-0.4500,1.2726,180.3199,2.1660,0.0000,0.0000,0.0000
45.666,499.4456,-1.7690,241.2389,0.2510,3.8000,-0.4500,1.4078,180.3251,2.2613,0.0000,0.0000,0.0000
45.778,499.2215,-1.6796,240.9954,0.2510,3.8000,-0.4500,1.6108,180.3334,2.4061,0.0000,0.0000,0.0000
45.888,499.0344,-1.6056,240.7927,0.2510,3.8000,-0.4500,1.6108,180.3334,2.4061,0.0000,0.0000,0.0000
45.999,498.8116,-1.5095,240.5468,0.2510,3.8000,-0.4500,1.8156,180.3423,2.5545,0.0000,0.0000,0.0000
46.111,498.6262,-1.4277,240.3411,0.2510,3.8000,-0.4500,1.9496,180.3483,2.6512,0.0000,0.0000,0.0000
46.221,498.4040,-1.3290,240.0938,0.2510,3.8000,-0.4500,2.0160,180.3514,2.6985,0.0000,0.0000,0.0000
46.333,498.2191,-1.2447,239.8867,0.2510,3.8000,-0.4500,2.0825,180.3546,2.7457,0.0000,0.0000,0.0000
46.444,497.9976,-1.1419,239.6374,0.2510,3.8000,-0.4500,2.1502,180.3579,2.7923,0.0000,0.0000,0.0000
46.555,497.7766,-1.0374,239.3872,0.2510,3.8000,-0.4500,2.2202,180.3613,2.8386,0.0000,0.0000,0.0000
46.666,497.5927,-0.9491,239.1779,0.2510,3.8000,-0.4500,2.2898,180.3648,2.8844,0.0000,0.0000,0.0000
46.777,497.3719,-0.8441,238.9268,0.2510,3.8000,-0.4500,2.2898,180.3648,2.8844,0.0000,0.0000,0.0000
46.888,497.1879,-0.7561,238.7171,0.2510,3.8000,-0.4500,2.2898,180.3648,2.8844,0.0000,0.0000,0.0000
47.013,496.9675,-0.6493,238.4647,0.2510,3.8000,-0.4500,2.3610,180.3684,2.9236,0.0000,0.0000,0.0000
47.124,496.7466,-0.5442,238.2132,0.2510,3.8000,-0.4500,2.3610,180.3684,2.9236,0.0000,0.0000,0.0000
47.235,496.5256,-0.4398,237.9633,0.2510,3.8000,-0.4500,2.3610,180.3684,2.9236,0.0000,0.0000,0.0000
47.362,496.3043,-0.3365,237.7153,0.2510,3.8000,-0.4500,2.3610,180.3685,2.9236,0.0000,0.0000,0.0000
47.472,496.1193,-0.2517,237.5098,0.2510,3.8000,-0.4500,2.3610,180.3684,2.9236,0.0000,0.0000,0.0000
47.583,495.8971,-0.1517,237.2644,0.2510,3.8000,-0.4500,2.3610,180.3684,2.9236,0.0000,0.0000,0.0000
47.693,495.6745,-0.0542,237.0199,0.2510,3.8000,-0.4500,2.3610,180.3684,2.9236,0.0000,0.0000,0.0000
47.805,495.4885,0.0249,236.8167,0.2510,3.8000,-0.4500,2.3610,180.3684,2.9236,0.0000,0.0000,0.0000
47.929,495.2648,0.1169,236.5734,0.2510,3.8000,-0.4500,2.3610,180.3684,2.9236,0.0000,0.0000,0.0000
48.055,495.0030,0.2196,236.2903,0.2510,3.8000,-0.4500,2.3610,180.3684,2.9236,0.0000,0.0000,0.0000
48.180,494.7779,0.3033,236.0483,0.2510,3.8000,-0.4500,2.3610,180.3684,2.9236,0.0000,0.0000,0.0000
48.292,494.5888,0.3701,235.8580,0.2510,3.8000,-0.4500,2.3610,180.3684,2.9236,0.0000,0.0000,0.0000
48.402,494.3571,0.4481,235.6877,0.2510,3.8000,-0.4500,2.3610,180.3684,2.9236,0.0000,0.0000,0.0000
48.513,494.1592,0.5081,235.6283,0.2510,3.8000,-0.4500,2.3762,180.3692,2.6758,0.0000,0.0000,0.0000
48.638,493.8817,0.5921,235.6404,0.2510,3.8000,-0.4500,2.3521,180.3681,2.5108,0.0000,0.0000,0.0000
48.763,493.6429,0.6587,235.7080,0.2510,3.8000,-0.4500,2.3157,180.3665,2.3434,0.0000,0.0000,0.0000
48.869,493.4414,0.7040,235.7906,0.2510,3.8000,-0.4500,2.1602,180.3607,1.9387,0.0000,0.0000,0.0000
48.981,493.2014,0.7584,235.9073,0.2510,3.8000,-0.4500,2.0877,180.3584,1.7933,0.0000,0.0000,0.0000
49.094,492.9600,0.8033,236.0368,0.2510,3.8000,-0.4500,1.9613,180.3547,1.5774,0.0000,0.0000,0.0000
49.221,492.7168,0.8365,236.1752,0.2510,3.8000,-0.4500,1.7213,180.3488,1.2297,0.0000,0.0000,0.0000
49.346,492.4737,0.8642,236.3188,0.2510,3.8000,-0.4500,1.5711,180.3458,1.0361,0.0000,0.0000,0.0000
49.457,492.2296,0.8828,236.4666,0.2510,3.8000,-0.4500,1.4103,180.3432,0.8412,0.0000,0.0000,0.0000
49.584,491.9835,0.8877,236.6185,0.2510,3.8000,-0.4500,1.0698,180.3394,0.4575,0.0000,0.0000,0.0000
49.686,491.7790,0.8897,236.7454,0.2510,3.8000,-0.4500,0.9567,180.3386,0.3379,0.0000,0.0000,0.0000
49.801,491.5327,0.8831,236.8993,0.2510,3.8000,-0.4500,0.7827,180.3378,0.1588,0.0000,0.0000,0.0000
49.913,491.2849,0.8647,237.0551,0.2510,3.8000,-0.4500,0.4844,180.3378,359.8636,0.0000,0.0000,0.0000
50.015,491.0786,0.8462,237.1848,0.2510,3.8000,-0.4500,0.3628,180.3382,359.7491,0.0000,0.0000,0.0000
50.122,490.8717,0.8205,237.3157,0.2510,3.8000,-0.4500,0.1800,180.3392,359.5797,0.0000,0.0000,0.0000
50.248,490.6228,0.7818,237.4739,0.2510,3.8000,-0.4500,359.9265,180.3416,359.3542,0.0000,0.0000,0.0000
50.359,490.3739,0.7372,237.6327,0.2510,3.8000,-0.4500,359.7373,180.3440,359.1921,0.0000,0.0000,0.0000
50.484,490.1250,0.6870,237.7921,0.2510,3.8000,-0.4500,359.6127,180.3459,359.0880,0.0000,0.0000,0.0000
50.595,489.8751,0.6275,237.9535,0.2510,3.8000,-0.4500,359.3597,180.3504,358.8845,0.0000,0.0000,0.0000
50.707,489.6679,0.5780,238.0875,0.2510,3.8000,-0.4500,359.3597,180.3504,358.8845,0.0000,0.0000,0.0000
50.818,489.4177,0.5079,238.2509,0.2510,3.8000,-0.4500,359.0962,180.3560,358.6852,0.0000,0.0000,0.0000
50.928,489.2100,0.4492,238.3869,0.2510,3.8000,-0.4500,359.0309,180.3575,358.6384,0.0000,0.0000,0.0000
51.053,488.9606,0.3751,238.5509,0.2510,3.8000,-0.4500,358.9650,180.3591,358.5915,0.0000,0.0000,0.0000
51.167,488.7109,0.2961,238.7154,0.2510,3.8000,-0.4500,358.8282,180.3626,358.5000,0.0000,0.0000,0.0000
51.290,488.4611,0.2156,238.8788,0.2510,3.8000,-0.4500,358.7585,180.3644,358.4545,0.0000,0.0000,0.0000
51.415,488.1696,0.1183,239.0692,0.2510,3.8000,-0.4500,358.6219,180.3682,358.3726,0.0000,0.0000,0.0000
51.528,487.9614,0.0491,239.2043,0.2510,3.8000,-0.4500,358.6219,180.3682,358.3726,0.0000,0.0000,0.0000
51.637,487.7117,-0.0349,239.3665,0.2510,3.8000,-0.4500,358.6219,180.3682,358.3726,0.0000,0.0000,0.0000
51.748,487.5034,-0.1079,239.5026,0.2510,3.8000,-0.4500,358.4695,180.3726,358.3082,0.0000,0.0000,0.0000
51.860,487.2539,-0.1930,239.6649,0.2510,3.8000,-0.4500,358.4695,180.3726,358.3082,0.0000,0.0000,0.0000
51.970,487.0461,-0.2640,239.8004,0.2510,3.8000,-0.4500,358.4695,180.3726,358.3082,0.0000,0.0000,0.0000
52.082,486.7969,-0.3496,239.9637,0.2510,3.8000,-0.4500,358.3913,180.3749,358.2934,0.0000,0.0000,0.0000
52.207,486.5480,-0.4335,240.1268,0.2510,3.8000,-0.4500,358.3913,180.3750,358.2934,0.0000,0.0000,0.0000
52.318,486.2995,-0.5169,240.2910,0.2510,3.8000,-0.4500,358.2306,180.3797,358.3062,0.0000,0.0000,0.0000
52.429,486.0927,-0.5841,240.4272,0.2510,3.8000,-0.4500,358.2306,180.3797,358.3062,0.0000,0.0000,0.0000
52.540,485.8447,-0.6626,240.5907,0.2510,3.8000,-0.4500,358.2306,180.3797,358.3062,0.0000,0.0000,0.0000
52.667,485.5974,-0.7381,240.7553,0.2510,3.8000,-0.4500,358.0858,180.3839,358.3815,0.0000,0.0000,0.0000
52.777,485.3499,-0.8104,240.9187,0.2510,3.8000,-0.4500,358.0858,180.3839,358.3815,0.0000,0.0000,0.0000
52.888,485.1447,-0.8668,241.0556,0.2510,3.8000,-0.4500,357.9699,180.3871,358.4938,0.0000,0.0000,0.0000
53.000,484.8981,-0.9312,241.2172,0.2510,3.8000,-0.4500,357.9268,180.3882,358.5635,0.0000,0.0000,0.0000
53.110,484.6922,-0.9822,241.3480,0.2510,3.8000,-0.4500,357.9268,180.3882,358.5635,0.0000,0.0000,0.0000
53.210,484.4878,-1.0266,241.4760,0.2510,3.8000,-0.4500,357.8285,180.3905,358.8000,0.0000,0.0000,0.0000
53.319,484.2406,-1.0795,241.6244,0.2510,3.8000,-0.4500,357.8285,180.3905,358.8000,0.0000,0.0000,0.0000
53.430,484.0362,-1.1159,241.7457,0.2510,3.8000,-0.4500,357.7925,180.3911,359.0482,0.0000,0.0000,0.0000
53.554,483.7485,-1.1656,241.9119,0.2510,3.8000,-0.4500,357.7977,180.3911,359.1313,0.0000,0.0000,0.0000
53.665,483.5439,-1.1953,242.0288,0.2510,3.8000,-0.4500,357.8139,180.3908,359.2947,0.0000,0.0000,0.0000
53.790,483.2977,-1.2289,242.1676,0.2510,3.8000,-0.4500,357.8362,180.3906,359.3737,0.0000,0.0000,0.0000
53.902,483.0522,-1.2568,242.3049,0.2510,3.8000,-0.4500,357.8940,180.3900,359.5293,0.0000,0.0000,0.0000
54.013,482.8470,-1.2798,242.4188,0.2510,3.8000,-0.4500,357.8940,180.3900,359.5293,0.0000,0.0000,0.0000
54.123,482.6022,-1.2994,242.5541,0.2510,3.8000,-0.4500,358.0271,180.3892,359.7379,0.0000,0.0000,0.0000
54.249,482.3560,-1.3205,242.6892,0.2510,3.8000,-0.4500,358.0271,180.3892,359.7379,0.0000,0.0000,0.0000
54.360,482.1107,-1.3356,242.8229,0.2510,3.8000,-0.4500,358.1560,180.3887,359.8457,0.0000,0.0000,0.0000
54.471,481.9060,-1.3469,242.9340,0.2510,3.8000,-0.4500,358.2209,180.3885,359.8966,0.0000,0.0000,0.0000
54.582,481.6603,-1.3584,243.0668,0.2510,3.8000,-0.4500,358.2978,180.3884,359.9332,0.0000,0.0000,0.0000
54.694,481.4147,-1.3661,243.1985,0.2510,3.8000,-0.4500,358.4537,180.3884,0.0021,0.0000,0.0000,0.0000
54.819,481.1688,-1.3716,243.3296,0.2510,3.8000,-0.4500,358.6124,180.3884,0.0438,0.0000,0.0000,0.0000
54.930,480.9638,-1.3733,243.4371,0.2510,3.8000,-0.4500,358.8579,180.3887,0.0886,0.0000,0.0000,0.0000
55.041,480.7171,-1.3757,243.5652,0.2510,3.8000,-0.4500,358.9406,180.3889,0.0912,0.0000,0.0000,0.0000
55.152,480.5113,-1.3752,243.6694,0.2510,3.8000,-0.4500,359.1077,180.3891,0.0932,0.0000,0.0000,0.0000
55.277,480.2226,-1.3723,243.8129,0.2510,3.8000,-0.4500,359.3593,180.3895,0.0727,0.0000,0.0000,0.0000
55.388,480.0161,-1.3688,243.9141,0.2510,3.8000,-0.4500,359.5271,180.3896,0.0458,0.0000,0.0000,0.0000
55.513,479.7265,-1.3623,244.0546,0.2510,3.8000,-0.4500,359.6912,180.3898,0.0165,0.0000,0.0000,0.0000
55.625,479.5191,-1.3559,244.1532,0.2510,3.8000,-0.4500,359.9348,180.3897,359.9541,0.0000,0.0000,0.0000
55.750,479.2702,-1.3475,244.2715,0.2510,3.8000,-0.4500,0.0933,180.3895,359.9055,0.0000,0.0000,0.0000
55.861,479.0210,-1.3377,244.3890,0.2510,3.8000,-0.4500,0.2468,180.3892,359.8551,0.0000,0.0000,0.0000
55.971,478.8127,-1.3287,244.4857,0.2510,3.8000,-0.4500,0.4825,180.3884,359.7633,0.0000,0.0000,0.0000
56.083,478.5630,-1.3172,244.6024,0.2510,3.8000,-0.4500,0.5584,180.3881,359.7328,0.0000,0.0000,0.0000
56.194,478.3123,-1.3051,244.7175,0.2510,3.8000,-0.4500,0.7896,180.3868,359.6253,0.0000,0.0000,0.0000
56.305,478.1033,-1.2946,244.8132,0.2510,3.8000,-0.4500,0.9366,180.3857,359.5504,0.0000,0.0000,0.0000
56.419,477.8522,-1.2816,244.9283,0.2510,3.8000,-0.4500,1.0107,180.3851,359.5092,0.0000,0.0000,0.0000
56.526,477.6421,-1.2710,245.0229,0.2510,3.8000,-0.4500,1.2289,180.3830,359.3847,0.0000,0.0000,0.0000
56.638,477.3906,-1.2577,245.1379,0.2510,3.8000,-0.4500,1.2289,180.3830,359.3847,0.0000,0.0000,0.0000
56.749,477.1795,-1.2479,245.2315,0.2510,3.8000,-0.4500,1.5109,180.3795,359.1940,0.0000,0.0000,0.0000
56.860,476.9271,-1.2352,245.3451,0.2510,3.8000,-0.4500,1.5109,180.3795,359.1940,0.0000,0.0000,0.0000
56.971,476.7155,-1.2264,245.4376,0.2510,3.8000,-0.4500,1.7049,180.3765,359.0401,0.0000,0.0000,0.0000
57.072,476.5046,-1.2169,245.5305,0.2510,3.8000,-0.4500,1.7049,180.3765,359.0401,0.0000,0.0000,0.0000
57.181,476.2504,-1.2075,245.6405,0.2510,3.8000,-0.4500,1.8256,180.3744,358.9304,0.0000,0.0000,0.0000
57.291,476.0385,-1.2003,245.7321,0.2510,3.8000,-0.4500,1.8829,180.3733,358.8732,0.0000,0.0000,0.0000
57.402,475.7834,-1.1935,245.8416,0.2510,3.8000,-0.4500,1.9970,180.3709,358.7482,0.0000,0.0000,0.0000
57.513,475.5283,-1.1875,245.9515,0.2510,3.8000,-0.4500,2.0520,180.3697,358.6866,0.0000,0.0000,0.0000
57.624,475.3158,-1.1832,246.0436,0.2510,3.8000,-0.4500,2.0520,180.3697,358.6866,0.0000,0.0000,0.0000
57.735,475.0598,-1.1812,246.1539,0.2510,3.8000,-0.4500,2.1503,180.3673,358.5528,0.0000,0.0000,0.0000
57.847,474.8465,-1.1804,246.2464,0.2510,3.8000,-0.4500,2.1948,180.3661,358.4835,0.0000,0.0000,0.0000
57.959,474.5902,-1.1810,246.3579,0.2510,3.8000,-0.4500,2.2368,180.3650,358.4099,0.0000,0.0000,0.0000
58.082,474.3337,-1.1834,246.4701,0.2510,3.8000,-0.4500,2.2780,180.3638,358.3363,0.0000,0.0000,0.0000
58.207,474.0765,-1.1889,246.5828,0.2510,3.8000,-0.4500,2.3464,180.3617,358.1863,0.0000,0.0000,0.0000
58.318,473.8200,-1.1940,246.6969,0.2510,3.8000,-0.4500,2.3464,180.3617,358.1863,0.0000,0.0000,0.0000
58.429,473.6057,-1.2007,246.7924,0.2510,3.8000,-0.4500,2.3729,180.3609,358.1110,0.0000,0.0000,0.0000
58.541,473.3488,-1.2089,246.9077,0.2510,3.8000,-0.4500,2.3729,180.3609,358.1110,0.0000,0.0000,0.0000
58.652,473.1343,-1.2181,247.0042,0.2510,3.8000,-0.4500,2.3940,180.3602,358.0333,0.0000,0.0000,0.0000
58.777,472.8344,-1.2309,247.1402,0.2510,3.8000,-0.4500,2.3940,180.3602,358.0333,0.0000,0.0000,0.0000
58.888,472.6202,-1.2411,247.2378,0.2510,3.8000,-0.4500,2.3940,180.3602,358.0333,0.0000,0.0000,0.0000
58.999,472.3626,-1.2555,247.3553,0.2510,3.8000,-0.4500,2.4074,180.3597,357.9539,0.0000,0.0000,0.0000
59.123,472.1055,-1.2693,247.4734,0.2510,3.8000,-0.4500,2.4074,180.3597,357.9539,0.0000,0.0000,0.0000
59.234,471.8482,-1.2836,247.5918,0.2510,3.8000,-0.4500,2.4074,180.3597,357.9539,0.0000,0.0000,0.0000
59.345,471.6339,-1.2956,247.6906,0.2510,3.8000,-0.4500,2.4074,180.3597,357.9539,0.0000,0.0000,0.0000
59.470,471.3768,-1.3099,247.8093,0.2510,3.8000,-0.4500,2.4074,180.3597,357.9539,0.0000,0.0000,0.0000
59.570,471.1624,-1.3216,247.9082,0.2510,3.8000,-0.4500,2.4074,180.3597,357.9539,0.0000,0.0000,0.0000
59.692,470.9052,-1.3349,248.0269,0.2510,3.8000,-0.4500,2.4074,180.3597,357.9539,0.0000,0.0000,0.0000
59.818,470.6054,-1.3490,248.1655,0.2510,3.8000,-0.4500,2.4074,180.3597,357.9538,0.0000,0.0000,0.0000
59.929,470.3915,-1.3578,248.2645,0.2510,3.8000,-0.4500,2.4074,180.3597,357.9538,0.0000,0.0000,0.0000
60.054,470.0922,-1.3680,248.4030,0.2510,3.8000,-0.4500,2.4074,180.3597,357.9538,0.0000,0.0000,0.0000
60.165,469.8786,-1.3733,248.5020,0.2510,3.8000,-0.4500,2.4074,180.3597,357.9538,0.0000,0.0000,0.0000
60.289,469.6227,-1.3774,248.6205,0.2510,3.8000,-0.4500,2.4074,180.3597,357.9538,0.0000,0.0000,0.0000
60.401,469.3667,-1.3786,248.7377,0.2510,3.8000,-0.4500,2.4074,180.3597,357.9538,0.0000,0.0000,0.0000
60.526,469.1111,-1.3765,248.8530,0.2510,3.8000,-0.4500,2.4074,180.3597,357.9538,0.0000,0.0000,0.0000
60.637,468.8558,-1.3709,248.9664,0.2510,3.8000,-0.4500,2.4074,180.3597,357.9538,0.0000,0.0000,0.0000
60.748,468.6432,-1.3633,249.0598,0.2510,3.8000,-0.4500,2.4074,180.3597,357.9538,0.0000,0.0000,0.0000
60.859,468.3885,-1.3505,249.1710,0.2510,3.8000,-0.4500,2.4074,180.3597,357.9538,0.0000,0.0000,0.0000
60.971,468.1766,-1.3364,249.2630,0.2510,3.8000,-0.4500,2.4074,180.3597,357.9538,0.0000,0.0000,0.0000
61.081,467.9249,-1.3097,249.3725,0.2510,3.8000,-0.4500,2.3887,180.3603,358.2841,0.0000,0.0000,0.0000
61.193,467.7143,-1.2872,249.4622,0.2510,3.8000,-0.4500,2.3877,180.3604,358.3656,0.0000,0.0000,0.0000
61.304,467.4636,-1.2518,249.5680,0.2510,3.8000,-0.4500,2.3891,180.3603,358.6940,0.0000,0.0000,0.0000
61.429,467.2119,-1.2158,249.6716,0.2510,3.8000,-0.4500,2.3921,180.3602,358.7769,0.0000,0.0000,0.0000
61.554,466.9206,-1.1632,249.7895,0.2510,3.8000,-0.4500,2.4075,180.3600,359.1092,0.0000,0.0000,0.0000
61.679,466.6711,-1.1151,249.8884,0.2510,3.8000,-0.4500,2.4172,180.3598,359.2700,0.0000,0.0000,0.0000
61.804,466.4229,-1.0601,249.9854,0.2510,3.8000,-0.4500,2.4365,180.3596,359.5312,0.0000,0.0000,0.0000
61.915,466.1749,-1.0019,250.0810,0.2510,3.8000,-0.4500,2.4493,180.3595,359.6983,0.0000,0.0000,0.0000
62.026,465.9696,-0.9478,250.1595,0.2510,3.8000,-0.4500,2.4696,180.3595,359.9417,0.0000,0.0000,0.0000
62.137,465.7235,-0.8808,250.2531,0.2510,3.8000,-0.4500,2.4843,180.3595,0.1113,0.0000,0.0000,0.0000
62.262,465.4784,-0.8093,250.3460,0.2510,3.8000,-0.4500,2.4987,180.3595,0.2778,0.0000,0.0000,0.0000
62.373,465.2756,-0.7443,250.4229,0.2510,3.8000,-0.4500,2.5207,180.3597,0.5297,0.0000,0.0000,0.0000
62.485,465.0318,-0.6663,250.5147,0.2510,3.8000,-0.4500,2.5278,180.3598,0.6111,0.0000,0.0000,0.0000
62.609,464.7894,-0.5828,250.6057,0.2510,3.8000,-0.4500,2.5426,180.3599,0.7754,0.0000,0.0000,0.0000
62.734,464.5082,-0.4793,250.7115,0.2510,3.8000,-0.4500,2.5661,180.3603,1.0256,0.0000,0.0000,0.0000
62.847,464.3076,-0.4043,250.7874,0.2510,3.8000,-0.4500,2.5738,180.3604,1.1056,0.0000,0.0000,0.0000
62.971,464.0681,-0.3099,250.8786,0.2510,3.8000,-0.4500,2.5901,180.3608,1.2736,0.0000,0.0000,0.0000
63.082,463.8297,-0.2127,250.9704,0.2510,3.8000,-0.4500,2.6053,180.3611,1.4424,0.0000,0.0000,0.0000
63.195,463.5915,-0.1146,251.0632,0.2510,3.8000,-0.4500,2.6125,180.3613,1.5249,0.0000,0.0000,0.0000
63.303,463.3931,-0.0326,251.1414,0.2510,3.8000,-0.4500,2.6125,180.3613,1.5249,0.0000,0.0000,0.0000
63.428,463.1566,0.0702,251.2357,0.2510,3.8000,-0.4500,2.6208,180.3616,1.6928,0.0000,0.0000,0.0000
63.554,462.8800,0.1877,251.3471,0.2510,3.8000,-0.4500,2.6208,180.3616,1.6928,0.0000,0.0000,0.0000
63.665,462.6833,0.2733,251.4272,0.2510,3.8000,-0.4500,2.6176,180.3615,1.7745,0.0000,0.0000,0.0000
63.779,462.4471,0.3741,251.5247,0.2510,3.8000,-0.4500,2.6176,180.3615,1.7745,0.0000,0.0000,0.0000
63.887,462.2486,0.4192,251.6086,0.2510,3.8000,-0.4500,2.6176,180.3615,1.7745,0.0000,0.0000,0.0000
63.998,462.0028,0.4563,251.7111,0.2510,3.8000,-0.4500,2.5705,180.3602,1.1969,0.0000,0.0000,0.0000
64.109,461.7885,0.4645,251.7963,0.2510,3.8000,-0.4500,2.5158,180.3596,0.0079,0.0000,0.0000,0.0000
64.220,461.5279,0.4356,251.8976,0.2510,3.8000,-0.4500,2.4718,180.3601,358.7088,0.0000,0.0000,0.0000
64.344,461.2697,0.4178,251.9992,0.2510,3.8000,-0.4500,2.4485,180.3607,358.1266,0.0000,0.0000,0.0000
64.457,461.0140,0.4111,252.1030,0.2510,3.8000,-0.4500,2.4485,180.3607,358.1266,0.0000,0.0000,0.0000
64.568,460.8005,0.4072,252.1909,0.2510,3.8000,-0.4500,2.4485,180.3607,358.1266,0.0000,0.0000,0.0000
64.692,460.5443,0.4053,252.2972,0.2510,3.8000,-0.4500,2.4485,180.3607,358.1266,0.0000,0.0000,0.0000
64.804,460.2884,0.4070,252.4043,0.2510,3.8000,-0.4500,2.4485,180.3607,358.1266,0.0000,0.0000,0.0000
64.916,460.0327,0.4124,252.5121,0.2510,3.8000,-0.4500,2.4485,180.3607,358.1266,0.0000,0.0000,0.0000
65.040,459.7775,0.4212,252.6204,0.2510,3.8000,-0.4500,2.4485,180.3607,358.1266,0.0000,0.0000,0.0000
65.151,459.5650,0.4313,252.7109,0.2510,3.8000,-0.4500,2.4485,180.3607,358.1266,0.0000,0.0000,0.0000
65.262,459.3105,0.4463,252.8197,0.2510,3.8000,-0.4500,2.4485,180.3607,358.1266,0.0000,0.0000,0.0000
65.373,459.0566,0.4647,252.9285,0.2510,3.8000,-0.4500,2.4485,180.3607,358.1266,0.0000,0.0000,0.0000
65.485,458.8453,0.4826,253.0193,0.2510,3.8000,-0.4500,2.4485,180.3607,358.1266,0.0000,0.0000,0.0000
65.595,458.5938,0.5112,253.1278,0.2510,3.8000,-0.4500,2.4169,180.3617,358.3758,0.0000,0.0000,0.0000
65.707,458.3848,0.5383,253.2176,0.2510,3.8000,-0.4500,2.3901,180.3624,358.6217,0.0000,0.0000,0.0000
65.818,458.1328,0.5688,253.3246,0.2510,3.8000,-0.4500,2.3901,180.3624,358.6217,0.0000,0.0000,0.0000
65.930,457.9247,0.6008,253.4133,0.2510,3.8000,-0.4500,2.3660,180.3629,358.8675,0.0000,0.0000,0.0000
66.041,457.6743,0.6385,253.5190,0.2510,3.8000,-0.4500,2.3582,180.3631,358.9490,0.0000,0.0000,0.0000
66.164,457.4256,0.6820,253.6238,0.2510,3.8000,-0.4500,2.3340,180.3635,359.1965,0.0000,0.0000,0.0000
66.289,457.1765,0.7254,253.7277,0.2510,3.8000,-0.4500,2.3252,180.3636,359.2776,0.0000,0.0000,0.0000
66.400,456.9276,0.7713,253.8308,0.2510,3.8000,-0.4500,2.3162,180.3637,359.3593,0.0000,0.0000,0.0000
66.512,456.7214,0.8128,253.9164,0.2510,3.8000,-0.4500,2.2960,180.3639,359.5228,0.0000,0.0000,0.0000
66.623,456.4742,0.8640,254.0190,0.2510,3.8000,-0.4500,2.2715,180.3641,359.6861,0.0000,0.0000,0.0000
66.735,456.2272,0.9154,254.1217,0.2510,3.8000,-0.4500,2.2589,180.3641,359.7665,0.0000,0.0000,0.0000
66.846,456.0213,0.9583,254.2075,0.2510,3.8000,-0.4500,2.2589,180.3641,359.7665,0.0000,0.0000,0.0000
66.946,455.8174,1.0059,254.2937,0.2510,3.8000,-0.4500,2.2045,180.3642,0.0148,0.0000,0.0000,0.0000
67.064,455.5712,1.0590,254.3971,0.2510,3.8000,-0.4500,2.2045,180.3642,0.0148,0.0000,0.0000,0.0000
67.166,455.3668,1.1047,254.4836,0.2510,3.8000,-0.4500,2.1809,180.3642,0.0914,0.0000,0.0000,0.0000
67.275,455.1212,1.1583,254.5876,0.2510,3.8000,-0.4500,2.1809,180.3642,0.0914,0.0000,0.0000,0.0000
67.387,454.9178,1.2050,254.6748,0.2510,3.8000,-0.4500,2.1215,180.3640,0.2442,0.0000,0.0000,0.0000
67.512,454.6728,1.2577,254.7795,0.2510,3.8000,-0.4500,2.1215,180.3640,0.2442,0.0000,0.0000,0.0000
67.623,454.4288,1.3113,254.8850,0.2510,3.8000,-0.4500,2.0377,180.3636,0.3826,0.0000,0.0000,0.0000
67.723,454.2249,1.3533,254.9729,0.2510,3.8000,-0.4500,2.0377,180.3636,0.3826,0.0000,0.0000,0.0000
67.845,453.9805,1.4021,255.0789,0.2510,3.8000,-0.4500,2.0378,180.3636,0.3826,0.0000,0.0000,0.0000
67.971,453.7359,1.4488,255.1853,0.2510,3.8000,-0.4500,2.0378,180.3636,0.3826,0.0000,0.0000,0.0000
68.082,453.4921,1.4939,255.2931,0.2510,3.8000,-0.4500,1.9138,180.3626,0.4912,0.0000,0.0000,0.0000
68.192,453.2882,1.5286,255.3827,0.2510,3.8000,-0.4500,1.9138,180.3626,0.4912,0.0000,0.0000,0.0000
68.304,453.0438,1.5672,255.4913,0.2510,3.8000,-0.4500,1.8357,180.3619,0.5252,0.0000,0.0000,0.0000
68.429,452.7992,1.6022,255.6006,0.2510,3.8000,-0.4500,1.7572,180.3612,0.5578,0.0000,0.0000,0.0000
68.540,452.5542,1.6328,255.7111,0.2510,3.8000,-0.4500,1.5943,180.3595,0.5901,0.0000,0.0000,0.0000
68.641,452.3499,1.6552,255.8034,0.2510,3.8000,-0.4500,1.5128,180.3587,0.6021,0.0000,0.0000,0.0000
68.749,452.1451,1.6737,255.8967,0.2510,3.8000,-0.4500,1.3468,180.3569,0.5978,0.0000,0.0000,0.0000
68.861,451.8990,1.6927,256.0083,0.2510,3.8000,-0.4500,1.2651,180.3561,0.5935,0.0000,0.0000,0.0000
68.987,451.6522,1.7048,256.1215,0.2510,3.8000,-0.4500,1.0220,180.3537,0.5413,0.0000,0.0000,0.0000
69.100,451.4050,1.7126,256.2345,0.2510,3.8000,-0.4500,0.8678,180.3523,0.4898,0.0000,0.0000,0.0000
69.209,451.1984,1.7147,256.3292,0.2510,3.8000,-0.4500,0.7176,180.3511,0.4292,0.0000,0.0000,0.0000
69.319,450.9502,1.7128,256.4430,0.2510,3.8000,-0.4500,0.5698,180.3501,0.3584,0.0000,0.0000,0.0000
69.431,450.7431,1.7080,256.5376,0.2510,3.8000,-0.4500,0.4971,180.3496,0.3223,0.0000,0.0000,0.0000
69.541,450.4935,1.6936,256.6529,0.2510,3.8000,-0.4500,0.2089,180.3484,0.1544,0.0000,0.0000,0.0000
69.666,450.2445,1.6792,256.7666,0.2510,3.8000,-0.4500,0.2089,180.3484,0.1544,0.0000,0.0000,0.0000
69.793,449.9525,1.6517,256.9011,0.2510,3.8000,-0.4500,0.0028,180.3481,0.0188,0.0000,0.0000,0.0000
69.903,449.7437,1.6279,256.9973,0.2510,3.8000,-0.4500,359.8703,180.3482,359.9268,0.0000,0.0000,0.0000
70.014,449.4927,1.5953,257.1130,0.2510,3.8000,-0.4500,359.7396,180.3485,359.8332,0.0000,0.0000,0.0000
70.124,449.2829,1.5624,257.2104,0.2510,3.8000,-0.4500,359.5379,180.3493,359.6850,0.0000,0.0000,0.0000
70.235,449.0318,1.5222,257.3265,0.2510,3.8000,-0.4500,359.4710,180.3497,359.6353,0.0000,0.0000,0.0000
70.346,448.8217,1.4822,257.4245,0.2510,3.8000,-0.4500,359.2729,180.3512,359.4878,0.0000,0.0000,0.0000
70.457,448.5703,1.4353,257.5412,0.2510,3.8000,-0.4500,359.2729,180.3512,359.4878,0.0000,0.0000,0.0000
70.584,448.3183,1.3817,257.6594,0.2510,3.8000,-0.4500,359.1411,180.3525,359.3911,0.0000,0.0000,0.0000
70.694,448.0660,1.3242,257.7780,0.2510,3.8000,-0.4500,359.0067,180.3541,359.2948,0.0000,0.0000,0.0000
70.820,447.8136,1.2634,257.8973,0.2510,3.8000,-0.4500,358.8726,180.3558,359.2021,0.0000,0.0000,0.0000
70.930,447.6037,1.2127,257.9966,0.2510,3.8000,-0.4500,358.8726,180.3558,359.2021,0.0000,0.0000,0.0000
71.041,447.3513,1.1466,258.1171,0.2510,3.8000,-0.4500,358.7351,180.3578,359.1130,0.0000,0.0000,0.0000
71.150,447.1412,1.0905,258.2177,0.2510,3.8000,-0.4500,358.6647,180.3590,359.0715,0.0000,0.0000,0.0000
71.277,446.8470,1.0104,258.3589,0.2510,3.8000,-0.4500,358.5923,180.3602,359.0321,0.0000,0.0000,0.0000
71.387,446.6370,0.9526,258.4600,0.2510,3.8000,-0.4500,358.5923,180.3602,359.0321,0.0000,0.0000,0.0000
71.498,446.3846,0.8796,258.5825,0.2510,3.8000,-0.4500,358.4404,180.3628,358.9612,0.0000,0.0000,0.0000
71.609,446.1747,0.8202,258.6843,0.2510,3.8000,-0.4500,358.4404,180.3628,358.9612,0.0000,0.0000,0.0000
71.721,445.9228,0.7484,258.8067,0.2510,3.8000,-0.4500,358.4404,180.3628,358.9612,0.0000,0.0000,0.0000
71.844,445.6709,0.6753,258.9299,0.2510,3.8000,-0.4500,358.3620,180.3643,358.9386,0.0000,0.0000,0.0000
71.958,445.4193,0.6035,259.0529,0.2510,3.8000,-0.4500,358.3620,180.3643,358.9385,0.0000,0.0000,0.0000
72.082,445.1678,0.5304,259.1772,0.2510,3.8000,-0.4500,358.2015,180.3673,358.9199,0.0000,0.0000,0.0000
72.208,444.9166,0.4598,259.3006,0.2510,3.8000,-0.4500,358.2015,180.3673,358.9199,0.0000,0.0000,0.0000
72.318,444.6656,0.3903,259.4248,0.2510,3.8000,-0.4500,358.2015,180.3673,358.9199,0.0000,0.0000,0.0000
72.444,444.4149,0.3220,259.5498,0.2510,3.8000,-0.4500,358.2015,180.3673,358.9198,0.0000,0.0000,0.0000
72.554,444.1648,0.2549,259.6759,0.2510,3.8000,-0.4500,358.1249,180.3687,358.9415,0.0000,0.0000,0.0000
72.665,443.9565,0.2005,259.7809,0.2510,3.8000,-0.4500,358.1249,180.3687,358.9415,0.0000,0.0000,0.0000
72.776,443.7071,0.1369,259.9077,0.2510,3.8000,-0.4500,358.0522,180.3700,358.9805,0.0000,0.0000,0.0000
72.900,443.4576,0.0750,260.0342,0.2510,3.8000,-0.4500,358.0522,180.3700,358.9805,0.0000,0.0000,0.0000
73.026,443.2089,0.0156,260.1616,0.2510,3.8000,-0.4500,357.9185,180.3723,359.0792,0.0000,0.0000,0.0000
73.136,442.9599,-0.0427,260.2879,0.2510,3.8000,-0.4500,357.9185,180.3723,359.0792,0.0000,0.0000,0.0000
73.261,442.7111,-0.0991,260.4142,0.2510,3.8000,-0.4500,357.9185,180.3723,359.0792,0.0000,0.0000,0.0000
73.386,442.4635,-0.1527,260.5410,0.2510,3.8000,-0.4500,357.8076,180.3740,359.2038,0.0000,0.0000,0.0000
73.497,442.2153,-0.2061,260.6668,0.2510,3.8000,-0.4500,357.8076,180.3740,359.2038,0.0000,0.0000,0.0000
73.608,442.0091,-0.2489,260.7718,0.2510,3.8000,-0.4500,357.7616,180.3746,359.2702,0.0000,0.0000,0.0000
73.722,441.7610,-0.3007,260.8973,0.2510,3.8000,-0.4500,357.7616,180.3746,359.2702,0.0000,0.0000,0.0000
73.844,441.5136,-0.3516,261.0231,0.2510,3.8000,-0.4500,357.7163,180.3751,359.3370,0.0000,0.0000,0.0000
73.958,441.2659,-0.4037,261.1484,0.2510,3.8000,-0.4500,357.7163,180.3751,359.3370,0.0000,0.0000,0.0000
74.081,441.0182,-0.4566,261.2740,0.2510,3.8000,-0.4500,357.7163,180.3751,359.3370,0.0000,0.0000,0.0000
74.205,440.7711,-0.5099,261.4014,0.2510,3.8000,-0.4500,357.6615,180.3757,359.3990,0.0000,0.0000,0.0000
74.317,440.5238,-0.5649,261.5305,0.2510,3.8000,-0.4500,357.6615,180.3757,359.3990,0.0000,0.0000,0.0000
74.427,440.3185,-0.6106,261.6400,0.2510,3.8000,-0.4500,357.5418,180.3769,359.5141,0.0000,0.0000,0.0000
74.555,440.0300,-0.6771,261.7936,0.2510,3.8000,-0.4500,357.5418,180.3769,359.5141,0.0000,0.0000,0.0000
74.680,439.7832,-0.7345,261.9265,0.2510,3.8000,-0.4500,357.4787,180.3774,359.5659,0.0000,0.0000,0.0000
74.790,439.5779,-0.7828,262.0379,0.2510,3.8000,-0.4500,357.4157,180.3778,359.6174,0.0000,0.0000,0.0000
74.901,439.3312,-0.8415,262.1712,0.2510,3.8000,-0.4500,357.4157,180.3778,359.6174,0.0000,0.0000,0.0000
75.012,439.1260,-0.8902,262.2831,0.2510,3.8000,-0.4500,357.3513,180.3782,359.6678,0.0000,0.0000,0.0000
75.124,438.8794,-0.9489,262.4169,0.2510,3.8000,-0.4500,357.3513,180.3782,359.6678,0.0000,0.0000,0.0000
75.234,438.6340,-1.0060,262.5521,0.2510,3.8000,-0.4500,357.1600,180.3791,359.8237,0.0000,0.0000,0.0000
75.345,438.4288,-1.0541,262.6638,0.2510,3.8000,-0.4500,357.1600,180.3791,359.8237,0.0000,0.0000,0.0000
75.471,438.1827,-1.1110,262.7979,0.2510,3.8000,-0.4500,357.1600,180.3791,359.8237,0.0000,0.0000,0.0000
75.582,437.9371,-1.1662,262.9325,0.2510,3.8000,-0.4500,357.1027,180.3792,359.8816,0.0000,0.0000,0.0000
75.692,437.7321,-1.2116,263.0444,0.2510,3.8000,-0.4500,357.1027,180.3792,359.8816,0.0000,0.0000,0.0000
75.818,437.4464,-1.2718,263.2021,0.2510,3.8000,-0.4500,356.9950,180.3793,0.0115,0.0000,0.0000,0.0000
75.928,437.2418,-1.3143,263.3129,0.2510,3.8000,-0.4500,356.9950,180.3793,0.0115,0.0000,0.0000,0.0000
76.039,436.9948,-1.3616,263.4221,0.2510,3.8000,-0.4500,356.9509,180.3793,0.0803,0.0000,0.0000,0.0000
76.151,436.7866,-1.3971,263.4796,0.2510,3.8000,-0.4500,356.9126,180.3792,0.1554,0.0000,0.0000,0.0000
76.261,436.5360,-1.4343,263.5103,0.2510,3.8000,-0.4500,356.8401,180.3789,0.3038,0.0000,0.0000,0.0000
76.373,436.3267,-1.4636,263.5103,0.2510,3.8000,-0.4500,356.8401,180.3789,0.3038,0.0000,0.0000,0.0000
76.484,436.0763,-1.4952,263.4885,0.2510,3.8000,-0.4500,356.8401,180.3789,0.3038,0.0000,0.0000,0.0000
76.594,435.8279,-1.5208,263.4510,0.2510,3.8000,-0.4500,356.7993,180.3786,0.4626,0.0000,0.0000,0.0000
76.709,435.6205,-1.5418,263.4116,0.2510,3.8000,-0.4500,356.7993,180.3786,0.4626,0.0000,0.0000,0.0000
76.817,435.3735,-1.5618,263.3583,0.2510,3.8000,-0.4500,356.7789,180.3784,0.6273,0.0000,0.0000,0.0000
76.942,435.1259,-1.5821,263.3003,0.2510,3.8000,-0.4500,356.7789,180.3784,0.6273,0.0000,0.0000,0.0000
77.068,434.8799,-1.5971,263.2397,0.2510,3.8000,-0.4500,356.7747,180.3784,0.7924,0.0000,0.0000,0.0000
77.179,434.6343,-1.6124,263.1650,0.2510,3.8000,-0.4500,356.7747,180.3784,0.7924,0.0000,0.0000,0.0000
77.289,434.4337,-1.6204,263.0641,0.2510,3.8000,-0.4500,356.7790,180.3784,0.8741,0.0000,0.0000,0.0000
77.400,434.1977,-1.6259,262.8904,0.2510,3.8000,-0.4500,356.7857,180.3786,0.9554,0.0000,0.0000,0.0000
77.512,434.0044,-1.6268,262.7084,0.2510,3.8000,-0.4500,356.7939,180.3787,1.0349,0.0000,0.0000,0.0000
77.623,433.7746,-1.6264,262.4577,0.2510,3.8000,-0.4500,356.7938,180.3787,1.0349,0.0000,0.0000,0.0000
77.751,433.5481,-1.6200,262.1829,0.2510,3.8000,-0.4500,356.8152,180.3791,1.1963,0.0000,0.0000,0.0000
77.873,433.3222,-1.6143,261.8923,0.2510,3.8000,-0.4500,356.8152,180.3791,1.1963,0.0000,0.0000,0.0000
77.997,433.0598,-1.6054,261.5420,0.2510,3.8000,-0.4500,356.8152,180.3791,1.1963,0.0000,0.0000,0.0000
78.109,432.8722,-1.5969,261.3042,0.2510,3.8000,-0.4500,356.8277,180.3794,1.2783,0.0000,0.0000,0.0000
78.220,432.6425,-1.5898,261.0684,0.2510,3.8000,-0.4500,356.8277,180.3794,1.2783,0.0000,0.0000,0.0000
78.320,432.4488,-1.5824,260.9160,0.2510,3.8000,-0.4500,356.8532,180.3800,1.4443,0.0000,0.0000,0.0000
78.428,432.2512,-1.5792,260.7961,0.2510,3.8000,-0.4500,356.8532,180.3800,1.4443,0.0000,0.0000,0.0000
78.555,431.9714,-1.5762,260.6675,0.2510,3.8000,-0.4500,356.8532,180.3800,1.4443,0.0000,0.0000,0.0000
78.665,431.7701,-1.5746,260.5945,0.2510,3.8000,-0.4500,356.8532,180.3800,1.4443,0.0000,0.0000,0.0000
78.791,431.5274,-1.5730,260.5199,0.2510,3.8000,-0.4500,356.8532,180.3800,1.4443,0.0000,0.0000,0.0000
78.901,431.2846,-1.5700,260.4541,0.2510,3.8000,-0.4500,356.8656,180.3803,1.5237,0.0000,0.0000,0.0000
79.012,431.0815,-1.5687,260.4033,0.2510,3.8000,-0.4500,356.8656,180.3803,1.5237,0.0000,0.0000,0.0000
79.123,430.8376,-1.5671,260.3451,0.2510,3.8000,-0.4500,356.8656,180.3803,1.5237,0.0000,0.0000,0.0000
79.234,430.5935,-1.5654,260.2887,0.2510,3.8000,-0.4500,356.8656,180.3803,1.5237,0.0000,0.0000,0.0000
79.346,430.3900,-1.5639,260.2425,0.2510,3.8000,-0.4500,356.8656,180.3803,1.5237,0.0000,0.0000,0.0000
79.456,430.1458,-1.5622,260.1878,0.2510,3.8000,-0.4500,356.8656,180.3803,1.5237,0.0000,0.0000,0.0000
79.567,429.9420,-1.5609,260.1424,0.2510,3.8000,-0.4500,356.8656,180.3803,1.5237,0.0000,0.0000,0.0000
79.691,429.6976,-1.5593,260.0881,0.2510,3.8000,-0.4500,356.8656,180.3803,1.5237,0.0000,0.0000,0.0000
79.802,429.4532,-1.5578,260.0340,0.2510,3.8000,-0.4500,356.8656,180.3803,1.5237,0.0000,0.0000,0.0000
79.914,429.2088,-1.5565,259.9800,0.2510,3.8000,-0.4500,356.8656,180.3803,1.5237,0.0000,0.0000,0.0000
80.039,428.9645,-1.5552,259.9261,0.2510,3.8000,-0.4500,356.8656,180.3803,1.5236,0.0000,0.0000,0.0000
80.151,428.7609,-1.5541,259.8811,0.2510,3.8000,-0.4500,356.8656,180.3803,1.5236,0.0000,0.0000,0.0000
80.261,428.5164,-1.5528,259.8271,0.2510,3.8000,-0.4500,356.8656,180.3803,1.5236,0.0000,0.0000,0.0000
80.386,428.2718,-1.5513,259.7729,0.2510,3.8000,-0.4500,356.8656,180.3803,1.5236,0.0000,0.0000,0.0000
80.511,428.0273,-1.5497,259.7187,0.2510,3.8000,-0.4500,356.8656,180.3803,1.5236,0.0000,0.0000,0.0000
80.622,427.7829,-1.5477,259.6646,0.2510,3.8000,-0.4500,356.8656,180.3803,1.5236,0.0000,0.0000,0.0000
80.734,427.5384,-1.5453,259.6105,0.2510,3.8000,-0.4500,356.8656,180.3803,1.5235,0.0000,0.0000,0.0000
80.860,427.2938,-1.5423,259.5562,0.2510,3.8000,-0.4500,356.8656,180.3803,1.5235,0.0000,0.0000,0.0000
80.986,427.0493,-1.5386,259.5017,0.2510,3.8000,-0.4500,356.8656,180.3803,1.5235,0.0000,0.0000,0.0000
81.095,426.8048,-1.5340,259.4471,0.2510,3.8000,-0.4500,356.8656,180.3803,1.5235,0.0000,0.0000,0.0000
81.206,426.6011,-1.5293,259.4015,0.2510,3.8000,-0.4500,356.8656,180.3803,1.5235,0.0000,0.0000,0.0000
81.317,426.3571,-1.5211,259.3462,0.2510,3.8000,-0.4500,356.9177,180.3817,1.5877,0.0000,0.0000,0.0000
81.427,426.1538,-1.5131,259.2993,0.2510,3.8000,-0.4500,356.9741,180.3833,1.6462,0.0000,0.0000,0.0000
81.553,425.9096,-1.5037,259.2427,0.2510,3.8000,-0.4500,356.9741,180.3833,1.6462,0.0000,0.0000,0.0000
81.664,425.6663,-1.4898,259.1845,0.2510,3.8000,-0.4500,357.1051,180.3872,1.7519,0.0000,0.0000,0.0000
81.775,425.4225,-1.4769,259.1259,0.2510,3.8000,-0.4500,357.1051,180.3872,1.7519,0.0000,0.0000,0.0000
81.886,425.2199,-1.4619,259.0753,0.2510,3.8000,-0.4500,357.2518,180.3918,1.8405,0.0000,0.0000,0.0000
81.996,424.9766,-1.4439,259.0140,0.2510,3.8000,-0.4500,357.3238,180.3942,1.8787,0.0000,0.0000,0.0000
82.109,424.7742,-1.4258,258.9612,0.2510,3.8000,-0.4500,357.4702,180.3991,1.9484,0.0000,0.0000,0.0000
82.233,424.4908,-1.3986,258.8859,0.2510,3.8000,-0.4500,357.6284,180.4045,2.0079,0.0000,0.0000,0.0000
82.344,424.2885,-1.3776,258.8313,0.2510,3.8000,-0.4500,357.7065,180.4073,2.0364,0.0000,0.0000,0.0000
82.455,424.0461,-1.3492,258.7641,0.2510,3.8000,-0.4500,357.8660,180.4130,2.0840,0.0000,0.0000,0.0000
82.566,423.8444,-1.3232,258.7067,0.2510,3.8000,-0.4500,358.0232,180.4188,2.1288,0.0000,0.0000,0.0000
82.678,423.6023,-1.2908,258.6374,0.2510,3.8000,-0.4500,358.1039,180.4218,2.1477,0.0000,0.0000,0.0000
82.804,423.3607,-1.2546,258.5663,0.2510,3.8000,-0.4500,358.2661,180.4280,2.1848,0.0000,0.0000,0.0000
82.915,423.1192,-1.2155,258.4939,0.2510,3.8000,-0.4500,358.4294,180.4342,2.2175,0.0000,0.0000,0.0000
83.040,422.8781,-1.1726,258.4199,0.2510,3.8000,-0.4500,358.6763,180.4439,2.2626,0.0000,0.0000,0.0000
83.151,422.6772,-1.1359,258.3581,0.2510,3.8000,-0.4500,358.7562,180.4471,2.2759,0.0000,0.0000,0.0000
83.262,422.4365,-1.0885,258.2824,0.2510,3.8000,-0.4500,358.9180,180.4536,2.3017,0.0000,0.0000,0.0000
83.386,422.1959,-1.0381,258.2053,0.2510,3.8000,-0.4500,359.0811,180.4601,2.3265,0.0000,0.0000,0.0000
83.511,421.9556,-0.9847,258.1271,0.2510,3.8000,-0.4500,359.2451,180.4668,2.3498,0.0000,0.0000,0.0000
83.623,421.7156,-0.9275,258.0471,0.2510,3.8000,-0.4500,359.4924,180.4771,2.3835,0.0000,0.0000,0.0000
83.748,421.4757,-0.8692,257.9669,0.2510,3.8000,-0.4500,359.5742,180.4805,2.3942,0.0000,0.0000,0.0000
83.861,421.2362,-0.8070,257.8852,0.2510,3.8000,-0.4500,359.7382,180.4874,2.4156,0.0000,0.0000,0.0000
83.983,420.9969,-0.7417,257.8024,0.2510,3.8000,-0.4500,359.9030,180.4944,2.4384,0.0000,0.0000,0.0000
84.095,420.7579,-0.6732,257.7184,0.2510,3.8000,-0.4500,0.0677,180.5014,2.4624,0.0000,0.0000,0.0000
84.206,420.5591,-0.6132,257.6474,0.2510,3.8000,-0.4500,0.2322,180.5085,2.4944,0.0000,0.0000,0.0000
84.317,420.3207,-0.5390,257.5618,0.2510,3.8000,-0.4500,0.3155,180.5122,2.5144,0.0000,0.0000,0.0000
84.428,420.1227,-0.4733,257.4889,0.2510,3.8000,-0.4500,0.4812,180.5195,2.5562,0.0000,0.0000,0.0000
84.553,419.8855,-0.3912,257.4004,0.2510,3.8000,-0.4500,0.6379,180.5266,2.6068,0.0000,0.0000,0.0000
84.678,419.6095,-0.2910,257.2953,0.2510,3.8000,-0.4500,0.7917,180.5336,2.6631,0.0000,0.0000,0.0000
84.789,419.4129,-0.2167,257.2190,0.2510,3.8000,-0.4500,0.8672,180.5372,2.6943,0.0000,0.0000,0.0000
84.901,419.1776,-0.1233,257.1253,0.2510,3.8000,-0.4500,1.0179,180.5444,2.7622,0.0000,0.0000,0.0000
85.012,418.9824,-0.0422,257.0457,0.2510,3.8000,-0.4500,1.1646,180.5515,2.8366,0.0000,0.0000,0.0000
85.123,418.7483,0.0564,256.9492,0.2510,3.8000,-0.4500,1.2380,180.5552,2.8771,0.0000,0.0000,0.0000
85.234,418.5153,0.1593,256.8500,0.2510,3.8000,-0.4500,1.3830,180.5626,2.9587,0.0000,0.0000,0.0000
85.344,418.3214,0.2463,256.7661,0.2510,3.8000,-0.4500,1.4539,180.5663,3.0017,0.0000,0.0000,0.0000
85.470,418.0892,0.3529,256.6638,0.2510,3.8000,-0.4500,1.5250,180.5700,3.0448,0.0000,0.0000,0.0000
85.580,417.8579,0.4631,256.5595,0.2510,3.8000,-0.4500,1.6688,180.5778,3.1347,0.0000,0.0000,0.0000
85.692,417.6655,0.5554,256.4712,0.2510,3.8000,-0.4500,1.7386,180.5816,3.1784,0.0000,0.0000,0.0000
85.818,417.3960,0.6847,256.3463,0.2510,3.8000,-0.4500,1.7386,180.5816,3.1784,0.0000,0.0000,0.0000
85.928,417.2036,0.7780,256.2562,0.2510,3.8000,-0.4500,1.7386,180.5816,3.1784,0.0000,0.0000,0.0000
86.039,416.9734,0.8919,256.1467,0.2510,3.8000,-0.4500,1.8090,180.5856,3.2197,0.0000,0.0000,0.0000
86.150,416.7815,0.9860,256.0553,0.2510,3.8000,-0.4500,1.8090,180.5856,3.2197,0.0000,0.0000,0.0000
86.275,416.5126,1.1179,255.9267,0.2510,3.8000,-0.4500,1.8090,180.5856,3.2197,0.0000,0.0000,0.0000
86.388,416.3205,1.2119,255.8346,0.2510,3.8000,-0.4500,1.8090,180.5856,3.2197,0.0000,0.0000,0.0000
86.510,416.0898,1.3239,255.7240,0.2510,3.8000,-0.4500,1.8090,180.5856,3.2197,0.0000,0.0000,0.0000
86.635,415.8204,1.4529,255.5949,0.2510,3.8000,-0.4500,1.8090,180.5856,3.2197,0.0000,0.0000,0.0000
86.746,415.6279,1.5448,255.5019,0.2510,3.8000,-0.4500,1.8879,180.5900,3.2356,0.0000,0.0000,0.0000
86.872,415.3965,1.6520,255.3910,0.2510,3.8000,-0.4500,1.8879,180.5900,3.2356,0.0000,0.0000,0.0000
86.998,415.1259,1.7740,255.2709,0.2510,3.8000,-0.4500,1.8879,180.5900,3.2356,0.0000,0.0000,0.0000
87.124,414.8935,1.8782,255.2450,0.2510,3.8000,-0.4500,1.8879,180.5900,3.2356,0.0000,0.0000,0.0000
87.233,414.6619,1.9817,255.2846,0.2510,3.8000,-0.4500,1.8879,180.5900,3.2356,0.0000,0.0000,0.0000
87.344,414.4695,2.0662,255.3528,0.2510,3.8000,-0.4500,1.8879,180.5900,3.2356,0.0000,0.0000,0.0000
87.455,414.2392,2.1643,255.4640,0.2510,3.8000,-0.4500,1.8879,180.5900,3.2356,0.0000,0.0000,0.0000
87.582,414.0085,2.2565,255.5964,0.2510,3.8000,-0.4500,1.9196,180.5918,3.1573,0.0000,0.0000,0.0000
87.692,413.8151,2.3275,255.7167,0.2510,3.8000,-0.4500,1.9743,180.5948,2.9981,0.0000,0.0000,0.0000
87.803,413.5831,2.4078,255.8687,0.2510,3.8000,-0.4500,1.9801,180.5950,2.9167,0.0000,0.0000,0.0000
87.915,413.3473,2.4742,256.0258,0.2510,3.8000,-0.4500,1.9269,180.5926,2.4884,0.0000,0.0000,0.0000
88.038,413.1118,2.5352,256.1845,0.2510,3.8000,-0.4500,1.8377,180.5889,2.2534,0.0000,0.0000,0.0000
88.149,412.9145,2.5802,256.3170,0.2510,3.8000,-0.4500,1.7704,180.5863,2.1027,0.0000,0.0000,0.0000
88.261,412.6747,2.6214,256.4729,0.2510,3.8000,-0.4500,1.5402,180.5786,1.7350,0.0000,0.0000,0.0000
88.371,412.4745,2.6519,256.5955,0.2510,3.8000,-0.4500,1.4458,180.5759,1.6007,0.0000,0.0000,0.0000
88.483,412.2310,2.6750,256.7363,0.2510,3.8000,-0.4500,1.1673,180.5690,1.2577,0.0000,0.0000,0.0000
88.608,411.9868,2.6916,256.8695,0.2510,3.8000,-0.4500,1.0038,180.5656,1.0673,0.0000,0.0000,0.0000
88.721,411.7396,2.6933,256.9991,0.2510,3.8000,-0.4500,0.6579,180.5603,0.6955,0.0000,0.0000,0.0000
88.844,411.4922,2.6894,257.1242,0.2510,3.8000,-0.4500,0.4813,180.5584,0.5146,0.0000,0.0000,0.0000
88.969,411.2426,2.6707,257.2485,0.2510,3.8000,-0.4500,0.1221,180.5563,0.1568,0.0000,0.0000,0.0000
89.080,410.9927,2.6450,257.3707,0.2510,3.8000,-0.4500,359.8874,180.5562,359.9312,0.0000,0.0000,0.0000
89.205,410.7424,2.6101,257.4924,0.2510,3.8000,-0.4500,359.6943,180.5567,359.7506,0.0000,0.0000,0.0000
89.316,410.4904,2.5624,257.6151,0.2510,3.8000,-0.4500,359.3787,180.5589,359.4604,0.0000,0.0000,0.0000
89.426,410.2807,2.5169,257.7184,0.2510,3.8000,-0.4500,359.1893,180.5609,359.2918,0.0000,0.0000,0.0000
89.541,410.0289,2.4543,257.8454,0.2510,3.8000,-0.4500,358.9975,180.5636,359.1242,0.0000,0.0000,0.0000
89.648,409.8182,2.3912,257.9551,0.2510,3.8000,-0.4500,358.6677,180.5695,358.8446,0.0000,0.0000,0.0000
89.763,409.5664,2.3118,258.0886,0.2510,3.8000,-0.4500,358.4714,180.5737,358.6849,0.0000,0.0000,0.0000
89.885,409.3148,2.2253,258.2247,0.2510,3.8000,-0.4500,358.3418,180.5768,358.5811,0.0000,0.0000,0.0000
89.997,409.0622,2.1250,258.3650,0.2510,3.8000,-0.4500,357.9377,180.5879,358.2746,0.0000,0.0000,0.0000
90.124,408.8112,2.0259,258.5052,0.2510,3.8000,-0.4500,357.9377,180.5879,358.2745,0.0000,0.0000,0.0000
90.234,408.5590,1.9127,258.6497,0.2510,3.8000,-0.4500,357.5818,180.5994,358.0292,0.0000,0.0000,0.0000
90.344,408.3502,1.8196,258.7705,0.2510,3.8000,-0.4500,357.5818,180.5994,358.0293,0.0000,0.0000,0.0000
90.454,408.0987,1.6974,258.9189,0.2510,3.8000,-0.4500,357.2910,180.6098,357.8500,0.0000,0.0000,0.0000
90.569,407.8899,1.5952,259.0432,0.2510,3.8000,-0.4500,357.2203,180.6125,357.8109,0.0000,0.0000,0.0000
90.680,407.6393,1.4679,259.1942,0.2510,3.8000,-0.4500,357.0739,180.6182,357.7357,0.0000,0.0000,0.0000
90.792,407.4309,1.3601,259.3209,0.2510,3.8000,-0.4500,356.9990,180.6212,357.6995,0.0000,0.0000,0.0000
90.902,407.1808,1.2288,259.4739,0.2510,3.8000,-0.4500,356.9224,180.6243,357.6682,0.0000,0.0000,0.0000
91.014,406.9309,1.0948,259.6285,0.2510,3.8000,-0.4500,356.7658,180.6308,357.6150,0.0000,0.0000,0.0000
91.125,406.7231,0.9842,259.7575,0.2510,3.8000,-0.4500,356.7658,180.6308,357.6150,0.0000,0.0000,0.0000
91.236,406.4738,0.8507,259.9139,0.2510,3.8000,-0.4500,356.6837,180.6342,357.6039,0.0000,0.0000,0.0000
91.344,406.2663,0.7399,260.0447,0.2510,3.8000,-0.4500,356.6020,180.6377,357.5942,0.0000,0.0000,0.0000
91.454,406.0174,0.6094,260.2021,0.2510,3.8000,-0.4500,356.6020,180.6377,357.5942,0.0000,0.0000,0.0000
91.579,405.7688,0.4812,260.3598,0.2510,3.8000,-0.4500,356.6020,180.6377,357.5942,0.0000,0.0000,0.0000
91.691,405.5620,0.3766,260.4921,0.2510,3.8000,-0.4500,356.5280,180.6408,357.6221,0.0000,0.0000,0.0000
91.802,405.3139,0.2546,260.6502,0.2510,3.8000,-0.4500,356.5280,180.6408,357.6221,0.0000,0.0000,0.0000
91.912,405.1077,0.1569,260.7825,0.2510,3.8000,-0.4500,356.4660,180.6433,357.6752,0.0000,0.0000,0.0000
92.037,404.8195,0.0270,260.9672,0.2510,3.8000,-0.4500,356.3680,180.6472,357.8144,0.0000,0.0000,0.0000
92.149,404.6136,-0.0612,261.0982,0.2510,3.8000,-0.4500,356.3235,180.6489,357.8848,0.0000,0.0000,0.0000
92.260,404.3676,-0.1587,261.2547,0.2510,3.8000,-0.4500,356.2598,180.6511,358.1303,0.0000,0.0000,0.0000
92.385,404.1213,-0.2503,261.4095,0.2510,3.8000,-0.4500,356.2499,180.6514,358.2977,0.0000,0.0000,0.0000
92.499,403.8756,-0.3331,261.5627,0.2510,3.8000,-0.4500,356.2644,180.6510,358.5454,0.0000,0.0000,0.0000
92.607,403.6711,-0.3954,261.6889,0.2510,3.8000,-0.4500,356.3133,180.6499,358.7898,0.0000,0.0000,0.0000
92.718,403.4249,-0.4655,261.8379,0.2510,3.8000,-0.4500,356.3594,180.6490,358.9454,0.0000,0.0000,0.0000
92.829,403.2200,-0.5172,261.9601,0.2510,3.8000,-0.4500,356.4180,180.6480,359.1017,0.0000,0.0000,0.0000
92.955,402.9346,-0.5761,262.1279,0.2510,3.8000,-0.4500,356.6126,180.6456,359.4958,0.0000,0.0000,0.0000
93.079,402.6896,-0.6204,262.2698,0.2510,3.8000,-0.4500,356.7406,180.6447,359.7086,0.0000,0.0000,0.0000
93.180,402.4860,-0.6503,262.3868,0.2510,3.8000,-0.4500,356.8818,180.6443,359.9171,0.0000,0.0000,0.0000
93.288,402.2823,-0.6764,262.5034,0.2510,3.8000,-0.4500,356.9782,180.6442,0.0507,0.0000,0.0000,0.0000
93.413,402.0390,-0.6981,262.6418,0.2510,3.8000,-0.4500,357.1921,180.6449,0.3097,0.0000,0.0000,0.0000
93.513,401.8359,-0.7126,262.7560,0.2510,3.8000,-0.4500,357.3013,180.6456,0.4290,0.0000,0.0000,0.0000
93.623,401.5934,-0.7210,262.8905,0.2510,3.8000,-0.4500,357.5374,180.6479,0.6618,0.0000,0.0000,0.0000
93.735,401.3510,-0.7241,263.0234,0.2510,3.8000,-0.4500,357.7276,180.6503,0.8244,0.0000,0.0000,0.0000
93.843,401.1487,-0.7238,263.1337,0.2510,3.8000,-0.4500,357.7905,180.6513,0.8761,0.0000,0.0000,0.0000
93.968,400.9078,-0.7124,263.2639,0.2510,3.8000,-0.4500,358.1332,180.6572,1.1144,0.0000,0.0000,0.0000
94.079,400.6658,-0.7014,263.3957,0.2510,3.8000,-0.4500,358.1332,180.6572,1.1144,0.0000,0.0000,0.0000
94.190,400.4661,-0.6806,263.5031,0.2510,3.8000,-0.4500,358.5008,180.6651,1.3342,0.0000,0.0000,0.0000
94.316,400.1858,-0.6505,263.6552,0.2510,3.8000,-0.4500,358.6495,180.6687,1.4202,0.0000,0.0000,0.0000
94.427,399.9869,-0.6200,263.7621,0.2510,3.8000,-0.4500,358.9384,180.6763,1.5873,0.0000,0.0000,0.0000
94.538,399.7478,-0.5820,263.8919,0.2510,3.8000,-0.4500,359.0115,180.6783,1.6304,0.0000,0.0000,0.0000
94.662,399.5106,-0.5330,264.0199,0.2510,3.8000,-0.4500,359.3060,180.6872,1.8058,0.0000,0.0000,0.0000
94.787,399.2740,-0.4784,264.1485,0.2510,3.8000,-0.4500,359.5275,180.6944,1.9423,0.0000,0.0000,0.0000
94.913,399.0379,-0.4182,264.2778,0.2510,3.8000,-0.4500,359.6707,180.6994,2.0314,0.0000,0.0000,0.0000
95.041,398.7643,-0.3374,264.4283,0.2510,3.8000,-0.4500,359.9496,180.7097,2.2098,0.0000,0.0000,0.0000
95.149,398.5694,-0.2753,264.5357,0.2510,3.8000,-0.4500,0.0895,180.7152,2.3004,0.0000,0.0000,0.0000
95.275,398.2977,-0.1809,264.6851,0.2510,3.8000,-0.4500,0.2954,180.7237,2.4352,0.0000,0.0000,0.0000
95.385,398.1046,-0.1073,264.7910,0.2510,3.8000,-0.4500,0.5029,180.7328,2.5714,0.0000,0.0000,0.0000
95.498,397.8737,-0.0147,264.9180,0.2510,3.8000,-0.4500,0.7106,180.7424,2.7066,0.0000,0.0000,0.0000
95.607,397.6815,0.0644,265.0245,0.2510,3.8000,-0.4500,0.7805,180.7457,2.7511,0.0000,0.0000,0.0000
95.707,397.4897,0.1468,265.1313,0.2510,3.8000,-0.4500,0.8512,180.7491,2.7960,0.0000,0.0000,0.0000
95.818,397.2611,0.2520,265.2586,0.2510,3.8000,-0.4500,1.0662,180.7599,2.9285,0.0000,0.0000,0.0000
95.926,397.0710,0.3419,265.3656,0.2510,3.8000,-0.4500,1.2084,180.7673,3.0105,0.0000,0.0000,0.0000
96.051,396.8425,0.4498,265.4958,0.2510,3.8000,-0.4500,1.2084,180.7673,3.0105,0.0000,0.0000,0.0000
96.162,396.6153,0.5630,265.6252,0.2510,3.8000,-0.4500,1.3547,180.7751,3.0871,0.0000,0.0000,0.0000
96.263,396.4260,0.6581,265.7339,0.2510,3.8000,-0.4500,1.4283,180.7790,3.1214,0.0000,0.0000,0.0000
96.372,396.2369,0.7545,265.8429,0.2510,3.8000,-0.4500,1.5049,180.7832,3.1522,0.0000,0.0000,0.0000
96.496,395.9724,0.8901,265.9959,0.2510,3.8000,-0.4500,1.5815,180.7875,3.1821,0.0000,0.0000,0.0000
96.607,395.7834,0.9867,266.1058,0.2510,3.8000,-0.4500,1.5815,180.7875,3.1821,0.0000,0.0000,0.0000
96.732,395.5564,1.1042,266.2343,0.2510,3.8000,-0.4500,1.7435,180.7965,3.2098,0.0000,0.0000,0.0000
96.843,395.3285,1.2192,266.3572,0.2510,3.8000,-0.4500,1.7435,180.7965,3.2098,0.0000,0.0000,0.0000
96.953,395.0996,1.3328,266.4740,0.2510,3.8000,-0.4500,1.7435,180.7965,3.2098,0.0000,0.0000,0.0000
97.068,394.9082,1.4264,266.5668,0.2510,3.8000,-0.4500,1.8212,180.8009,3.1976,0.0000,0.0000,0.0000
97.193,394.6779,1.5362,266.6751,0.2510,3.8000,-0.4500,1.8212,180.8009,3.1976,0.0000,0.0000,0.0000
97.302,394.4464,1.6434,266.7806,0.2510,3.8000,-0.4500,1.8964,180.8051,3.1598,0.0000,0.0000,0.0000
97.413,394.2136,1.7473,266.8831,0.2510,3.8000,-0.4500,2.0415,180.8130,3.0801,0.0000,0.0000,0.0000
97.523,394.0194,1.8315,266.9680,0.2510,3.8000,-0.4500,2.0415,180.8130,3.0801,0.0000,0.0000,0.0000
97.624,393.8234,1.9120,267.0500,0.2510,3.8000,-0.4500,2.1542,180.8189,2.9531,0.0000,0.0000,0.0000
97.732,393.6263,1.9894,267.1281,0.2510,3.8000,-0.4500,2.2480,180.8237,2.8172,0.0000,0.0000,0.0000
97.843,393.3883,2.0783,267.2161,0.2510,3.8000,-0.4500,2.3258,180.8274,2.6714,0.0000,0.0000,0.0000
97.954,393.1481,2.1613,267.2984,0.2510,3.8000,-0.4500,2.4176,180.8315,2.4378,0.0000,0.0000,0.0000
98.065,392.9480,2.2296,267.3629,0.2510,3.8000,-0.4500,2.4176,180.8315,2.4378,0.0000,0.0000,0.0000
98.191,392.7033,2.3006,267.4358,0.2510,3.8000,-0.4500,2.5145,180.8353,2.0290,0.0000,0.0000,0.0000
98.301,392.4593,2.3712,267.5038,0.2510,3.8000,-0.4500,2.5245,180.8356,1.9464,0.0000,0.0000,0.0000
98.402,392.2526,2.4212,267.5571,0.2510,3.8000,-0.4500,2.5551,180.8366,1.6162,0.0000,0.0000,0.0000
98.513,392.0471,2.4725,267.6069,0.2510,3.8000,-0.4500,2.5551,180.8366,1.6162,0.0000,0.0000,0.0000
98.623,391.7966,2.5219,267.6639,0.2510,3.8000,-0.4500,2.5462,180.8364,1.2712,0.0000,0.0000,0.0000
98.732,391.5868,2.5583,267.7086,0.2510,3.8000,-0.4500,2.5218,180.8359,1.0183,0.0000,0.0000,0.0000
98.833,391.3754,2.5881,267.7509,0.2510,3.8000,-0.4500,2.4704,180.8351,0.6913,0.0000,0.0000,0.0000
98.943,391.1224,2.6227,267.7981,0.2510,3.8000,-0.4500,2.4560,180.8350,0.6136,0.0000,0.0000,0.0000
99.065,390.8657,2.6428,267.8441,0.2510,3.8000,-0.4500,2.3416,180.8342,0.2008,0.0000,0.0000,0.0000
99.177,390.6087,2.6576,267.8882,0.2510,3.8000,-0.4500,2.2510,180.8341,359.9514,0.0000,0.0000,0.0000
99.289,390.3936,2.6628,267.9252,0.2510,3.8000,-0.4500,2.1561,180.8343,359.7108,0.0000,0.0000,0.0000
99.415,390.0911,2.6587,267.9803,0.2510,3.8000,-0.4500,1.9758,180.8358,359.3321,0.0000,0.0000,0.0000
99.525,389.8750,2.6495,268.0230,0.2510,3.8000,-0.4500,1.8553,180.8375,359.1151,0.0000,0.0000,0.0000
99.650,389.6154,2.6311,268.0785,0.2510,3.8000,-0.4500,1.7247,180.8398,358.8996,0.0000,0.0000,0.0000
99.763,389.3548,2.6003,268.1396,0.2510,3.8000,-0.4500,1.4846,180.8451,358.5447,0.0000,0.0000,0.0000
99.871,389.1385,2.5714,268.1937,0.2510,3.8000,-0.4500,1.3853,180.8478,358.4135,0.0000,0.0000,0.0000
99.983,388.8778,2.5240,268.2642,0.2510,3.8000,-0.4500,1.1116,180.8562,358.0797,0.0000,0.0000,0.0000
100.083,388.6612,2.4797,268.3264,0.2510,3.8000,-0.4500,0.9386,180.8622,357.8919,0.0000,0.0000,0.0000
100.194,388.4016,2.4194,268.4056,0.2510,3.8000,-0.4500,0.7616,180.8690,357.7117,0.0000,0.0000,0.0000
100.303,388.1848,2.3589,268.4767,0.2510,3.8000,-0.4500,0.4521,180.8822,357.4255,0.0000,0.0000,0.0000
100.415,387.9261,2.2847,268.5651,0.2510,3.8000,-0.4500,0.3203,180.8882,357.3187,0.0000,0.0000,0.0000
100.539,387.6675,2.2011,268.6588,0.2510,3.8000,-0.4500,0.1194,180.8979,357.1620,0.0000,0.0000,0.0000
100.663,387.4088,2.1073,268.7580,0.2510,3.8000,-0.4500,359.7632,180.9164,356.9222,0.0000,0.0000,0.0000
100.774,387.1515,2.0109,268.8601,0.2510,3.8000,-0.4500,359.6163,180.9243,356.8380,0.0000,0.0000,0.0000
100.885,386.9374,1.9253,268.9483,0.2510,3.8000,-0.4500,359.4684,180.9326,356.7567,0.0000,0.0000,0.0000
100.996,386.6808,1.8156,269.0582,0.2510,3.8000,-0.4500,359.1626,180.9503,356.6171,0.0000,0.0000,0.0000
101.121,386.4249,1.7046,269.1699,0.2510,3.8000,-0.4500,359.0805,180.9552,356.5891,0.0000,0.0000,0.0000
101.246,386.1693,1.5862,269.2861,0.2510,3.8000,-0.4500,358.7531,180.9750,356.4881,0.0000,0.0000,0.0000
101.372,385.9146,1.4678,269.4048,0.2510,3.8000,-0.4500,358.6702,180.9801,356.4749,0.0000,0.0000,0.0000
101.483,385.6604,1.3453,269.5276,0.2510,3.8000,-0.4500,358.4214,180.9955,356.4425,0.0000,0.0000,0.0000
101.593,385.4489,1.2440,269.6307,0.2510,3.8000,-0.4500,358.4214,180.9955,356.4425,0.0000,0.0000,0.0000
101.718,385.1536,1.0995,269.7788,0.2510,3.8000,-0.4500,358.1650,181.0114,356.4588,0.0000,0.0000,0.0000
101.843,384.9012,0.9764,269.9069,0.2510,3.8000,-0.4500,357.9228,181.0263,356.5138,0.0000,0.0000,0.0000
101.968,384.6487,0.8554,270.0342,0.2510,3.8000,-0.4500,357.8475,181.0309,356.5463,0.0000,0.0000,0.0000
102.095,384.3550,0.7172,270.1836,0.2510,3.8000,-0.4500,357.6285,181.0439,356.6696,0.0000,0.0000,0.0000
102.205,384.1451,0.6210,270.2889,0.2510,3.8000,-0.4500,357.5645,181.0476,356.7204,0.0000,0.0000,0.0000
102.331,383.8940,0.5103,270.4150,0.2510,3.8000,-0.4500,357.3832,181.0577,356.9025,0.0000,0.0000,0.0000
102.441,383.6432,0.4049,270.5390,0.2510,3.8000,-0.4500,357.2383,181.0653,357.1178,0.0000,0.0000,0.0000
102.565,383.3912,0.3028,270.6596,0.2510,3.8000,-0.4500,357.1944,181.0675,357.1897,0.0000,0.0000,0.0000
102.679,383.1409,0.2100,270.7782,0.2510,3.8000,-0.4500,357.0685,181.0733,357.5066,0.0000,0.0000,0.0000
102.787,382.9322,0.1374,270.8741,0.2510,3.8000,-0.4500,357.0117,181.0757,357.7529,0.0000,0.0000,0.0000
102.899,382.6809,0.0542,270.9856,0.2510,3.8000,-0.4500,356.9891,181.0766,357.9164,0.0000,0.0000,0.0000
103.010,382.4721,-0.0081,271.0758,0.2510,3.8000,-0.4500,356.9710,181.0772,358.1678,0.0000,0.0000,0.0000
103.122,382.2215,-0.0770,271.1807,0.2510,3.8000,-0.4500,356.9833,181.0768,358.4285,0.0000,0.0000,0.0000
103.232,382.0123,-0.1300,271.2657,0.2510,3.8000,-0.4500,356.9967,181.0765,358.5966,0.0000,0.0000,0.0000
103.357,381.7209,-0.1929,271.3813,0.2510,3.8000,-0.4500,357.0761,181.0748,359.0078,0.0000,0.0000,0.0000
103.469,381.5110,-0.2380,271.4617,0.2510,3.8000,-0.4500,357.0761,181.0748,359.0078,0.0000,0.0000,0.0000
103.593,381.2616,-0.2800,271.5559,0.2510,3.8000,-0.4500,357.1821,181.0733,359.3242,0.0000,0.0000,0.0000
103.718,380.9691,-0.3275,271.6638,0.2510,3.8000,-0.4500,357.2191,181.0729,359.4013,0.0000,0.0000,0.0000
103.829,380.7617,-0.3531,271.7393,0.2510,3.8000,-0.4500,357.3350,181.0719,359.6284,0.0000,0.0000,0.0000
103.954,380.4705,-0.3867,271.8437,0.2510,3.8000,-0.4500,357.4310,181.0714,359.7661,0.0000,0.0000,0.0000
104.065,380.2625,-0.4074,271.9178,0.2510,3.8000,-0.4500,357.4811,181.0712,359.8314,0.0000,0.0000,0.0000
104.191,380.0135,-0.4266,272.0055,0.2510,3.8000,-0.4500,357.5917,181.0710,359.9568,0.0000,0.0000,0.0000
104.302,379.7648,-0.4411,272.0927,0.2510,3.8000,-0.4500,357.7102,181.0710,0.0794,0.0000,0.0000,0.0000
104.414,379.5167,-0.4500,272.1790,0.2510,3.8000,-0.4500,357.8972,181.0716,0.2418,0.0000,0.0000,0.0000
104.538,379.2682,-0.4577,272.2657,0.2510,3.8000,-0.4500,357.9660,181.0719,0.2902,0.0000,0.0000,0.0000
104.649,379.0616,-0.4596,272.3371,0.2510,3.8000,-0.4500,358.1053,181.0727,0.3851,0.0000,0.0000,0.0000
104.761,378.8136,-0.4593,272.4228,0.2510,3.8000,-0.4500,358.2505,181.0738,0.4658,0.0000,0.0000,0.0000
104.871,378.6069,-0.4576,272.4943,0.2510,3.8000,-0.4500,358.3266,181.0744,0.5009,0.0000,0.0000,0.0000
104.971,378.4004,-0.4527,272.5648,0.2510,3.8000,-0.4500,358.4790,181.0759,0.5681,0.0000,0.0000,0.0000
105.082,378.1523,-0.4453,272.6472,0.2510,3.8000,-0.4500,358.6358,181.0775,0.6163,0.0000,0.0000,0.0000
105.191,377.9449,-0.4392,272.7128,0.2510,3.8000,-0.4500,358.6358,181.0775,0.6163,0.0000,0.0000,0.0000
105.316,377.6544,-0.4260,272.7975,0.2510,3.8000,-0.4500,358.8872,181.0803,0.6597,0.0000,0.0000,0.0000
105.441,377.4049,-0.4150,272.8671,0.2510,3.8000,-0.4500,358.9677,181.0812,0.6637,0.0000,0.0000,0.0000
105.566,377.1550,-0.4027,272.9336,0.2510,3.8000,-0.4500,359.1352,181.0831,0.6583,0.0000,0.0000,0.0000
105.690,376.9046,-0.3906,272.9987,0.2510,3.8000,-0.4500,359.2147,181.0841,0.6514,0.0000,0.0000,0.0000
105.816,376.6119,-0.3764,273.0725,0.2510,3.8000,-0.4500,359.3724,181.0858,0.6208,0.0000,0.0000,0.0000
105.929,376.4020,-0.3666,273.1234,0.2510,3.8000,-0.4500,359.6078,181.0882,0.5435,0.0000,0.0000,0.0000
106.038,376.1504,-0.3559,273.1854,0.2510,3.8000,-0.4500,359.6078,181.0882,0.5435,0.0000,0.0000,0.0000
106.149,375.9391,-0.3480,273.2343,0.2510,3.8000,-0.4500,359.9066,181.0907,0.3887,0.0000,0.0000,0.0000
106.260,375.6865,-0.3390,273.2947,0.2510,3.8000,-0.4500,359.9066,181.0907,0.3887,0.0000,0.0000,0.0000
106.385,375.4322,-0.3324,273.3528,0.2510,3.8000,-0.4500,0.1108,181.0918,0.2389,0.0000,0.0000,0.0000
106.498,375.1779,-0.3266,273.4113,0.2510,3.8000,-0.4500,0.1751,181.0920,0.1827,0.0000,0.0000,0.0000
106.610,374.9648,-0.3240,273.4584,0.2510,3.8000,-0.4500,0.3631,181.0923,0.0122,0.0000,0.0000,0.0000
106.718,374.7096,-0.3212,273.5156,0.2510,3.8000,-0.4500,0.4208,181.0923,359.9511,0.0000,0.0000,0.0000
106.843,374.4529,-0.3212,273.5715,0.2510,3.8000,-0.4500,0.5905,181.0919,359.7663,0.0000,0.0000,0.0000
106.968,374.1957,-0.3231,273.6272,0.2510,3.8000,-0.4500,0.7463,181.0910,359.5774,0.0000,0.0000,0.0000
107.080,373.9388,-0.3252,273.6836,0.2510,3.8000,-0.4500,0.7961,181.0906,359.5135,0.0000,0.0000,0.0000
107.190,373.7242,-0.3282,273.7303,0.2510,3.8000,-0.4500,0.8463,181.0901,359.4484,0.0000,0.0000,0.0000
107.301,373.4653,-0.3344,273.7852,0.2510,3.8000,-0.4500,0.9964,181.0885,359.2494,0.0000,0.0000,0.0000
107.426,373.2063,-0.3412,273.8397,0.2510,3.8000,-0.4500,1.0950,181.0871,359.1165,0.0000,0.0000,0.0000
107.538,372.9469,-0.3492,273.8939,0.2510,3.8000,-0.4500,1.1969,181.0854,358.9799,0.0000,0.0000,0.0000
107.649,372.7303,-0.3567,273.9392,0.2510,3.8000,-0.4500,1.2955,181.0835,358.8491,0.0000,0.0000,0.0000
107.760,372.4712,-0.3645,273.9948,0.2510,3.8000,-0.4500,1.2955,181.0835,358.8491,0.0000,0.0000,0.0000
107.872,372.2537,-0.3737,274.0407,0.2510,3.8000,-0.4500,1.4495,181.0801,358.6540,0.0000,0.0000,0.0000
107.982,371.9935,-0.3829,274.0975,0.2510,3.8000,-0.4500,1.5019,181.0789,358.5916,0.0000,0.0000,0.0000
108.093,371.7333,-0.3921,274.1561,0.2510,3.8000,-0.4500,1.5585,181.0774,358.5276,0.0000,0.0000,0.0000
108.217,371.4727,-0.4017,274.2190,0.2510,3.8000,-0.4500,1.6711,181.0744,358.4019,0.0000,0.0000,0.0000
108.343,371.2127,-0.4100,274.2871,0.2510,3.8000,-0.4500,1.7274,181.0728,358.3454,0.0000,0.0000,0.0000
108.455,370.9529,-0.4174,274.3590,0.2510,3.8000,-0.4500,1.7881,181.0710,358.2895,0.0000,0.0000,0.0000
108.568,370.7364,-0.4229,274.4212,0.2510,3.8000,-0.4500,1.8486,181.0692,358.2359,0.0000,0.0000,0.0000
108.679,370.4771,-0.4280,274.4983,0.2510,3.8000,-0.4500,1.8486,181.0692,358.2359,0.0000,0.0000,0.0000
108.789,370.2605,-0.4320,274.5627,0.2510,3.8000,-0.4500,1.9800,181.0650,358.1376,0.0000,0.0000,0.0000
108.901,370.0013,-0.4349,274.6421,0.2510,3.8000,-0.4500,1.9800,181.0650,358.1376,0.0000,0.0000,0.0000
109.009,369.7852,-0.4364,274.7088,0.2510,3.8000,-0.4500,1.9800,181.0650,358.1376,0.0000,0.0000,0.0000
109.120,369.5261,-0.4369,274.7890,0.2510,3.8000,-0.4500,1.9800,181.0650,358.1376,0.0000,0.0000,0.0000
109.245,369.2670,-0.4362,274.8694,0.2510,3.8000,-0.4500,1.9800,181.0650,358.1376,0.0000,0.0000,0.0000
109.356,369.0081,-0.4342,274.9499,0.2510,3.8000,-0.4500,1.9800,181.0650,358.1376,0.0000,0.0000,0.0000
109.468,368.7924,-0.4313,275.0169,0.2510,3.8000,-0.4500,1.9800,181.0650,358.1376,0.0000,0.0000,0.0000
109.593,368.5336,-0.4257,275.0973,0.2510,3.8000,-0.4500,1.9800,181.0650,358.1376,0.0000,0.0000,0.0000
109.706,368.2751,-0.4173,275.1774,0.2510,3.8000,-0.4500,1.9800,181.0650,358.1376,0.0000,0.0000,0.0000
109.814,368.0166,-0.4044,275.2562,0.2510,3.8000,-0.4500,2.1461,181.0596,358.1369,0.0000,0.0000,0.0000
109.928,367.8014,-0.3910,275.3220,0.2510,3.8000,-0.4500,2.2280,181.0570,358.1414,0.0000,0.0000,0.0000
110.037,367.5435,-0.3709,275.4004,0.2510,3.8000,-0.4500,2.3086,181.0544,358.1609,0.0000,0.0000,0.0000
110.151,367.3287,-0.3506,275.4651,0.2510,3.8000,-0.4500,2.3888,181.0518,358.1834,0.0000,0.0000,0.0000
110.262,367.0717,-0.3193,275.5406,0.2510,3.8000,-0.4500,2.6272,181.0444,358.2808,0.0000,0.0000,0.0000
110.384,366.8148,-0.2841,275.6153,0.2510,3.8000,-0.4500,2.7733,181.0401,358.3607,0.0000,0.0000,0.0000
110.484,366.6009,-0.2515,275.6766,0.2510,3.8000,-0.4500,2.8455,181.0381,358.4080,0.0000,0.0000,0.0000
110.606,366.3452,-0.2038,275.7467,0.2510,3.8000,-0.4500,3.1225,181.0309,358.5997,0.0000,0.0000,0.0000
110.720,366.0888,-0.1564,275.8165,0.2510,3.8000,-0.4500,3.1225,181.0309,358.5997,0.0000,0.0000,0.0000
110.828,365.8765,-0.1085,275.8717,0.2510,3.8000,-0.4500,3.3122,181.0265,358.7674,0.0000,0.0000,0.0000
110.928,365.6642,-0.0583,275.9258,0.2510,3.8000,-0.4500,3.4329,181.0240,358.8874,0.0000,0.0000,0.0000
111.039,365.4092,0.0043,275.9892,0.2510,3.8000,-0.4500,3.4922,181.0229,358.9475,0.0000,0.0000,0.0000
111.148,365.1984,0.0650,276.0389,0.2510,3.8000,-0.4500,3.7122,181.0193,359.1971,0.0000,0.0000,0.0000
111.273,364.9441,0.1350,276.0984,0.2510,3.8000,-0.4500,3.7122,181.0193,359.1971,0.0000,0.0000,0.0000
111.387,364.6920,0.2155,276.1544,0.2510,3.8000,-0.4500,3.9075,181.0170,359.4667,0.0000,0.0000,0.0000
111.496,364.4389,0.2941,276.2102,0.2510,3.8000,-0.4500,3.9075,181.0170,359.4667,0.0000,0.0000,0.0000
111.621,364.1877,0.3813,276.2633,0.2510,3.8000,-0.4500,4.0365,181.0161,359.6872,0.0000,0.0000,0.0000
111.732,363.9778,0.4525,276.3074,0.2510,3.8000,-0.4500,4.0365,181.0161,359.6872,0.0000,0.0000,0.0000
111.858,363.6861,0.5608,276.3669,0.2510,3.8000,-0.4500,4.1416,181.0157,359.9189,0.0000,0.0000,0.0000
111.969,363.4772,0.6368,276.4095,0.2510,3.8000,-0.4500,4.1416,181.0157,359.9189,0.0000,0.0000,0.0000
112.095,363.1872,0.7506,276.4677,0.2510,3.8000,-0.4500,4.2120,181.0157,0.1584,0.0000,0.0000,0.0000
112.205,362.9795,0.8299,276.5097,0.2510,3.8000,-0.4500,4.2120,181.0157,0.1584,0.0000,0.0000,0.0000
112.330,362.7312,0.9277,276.5598,0.2510,3.8000,-0.4500,4.2207,181.0158,0.2391,0.0000,0.0000,0.0000
112.444,362.4839,1.0276,276.6099,0.2510,3.8000,-0.4500,4.2184,181.0158,0.4074,0.0000,0.0000,0.0000
112.553,362.2776,1.1086,276.6521,0.2510,3.8000,-0.4500,4.2184,181.0158,0.4074,0.0000,0.0000,0.0000
112.663,362.0310,1.2068,276.7032,0.2510,3.8000,-0.4500,4.1983,181.0156,0.4905,0.0000,0.0000,0.0000
112.787,361.7854,1.3053,276.7555,0.2510,3.8000,-0.4500,4.1536,181.0152,0.6531,0.0000,0.0000,0.0000
112.912,361.5391,1.3998,276.8087,0.2510,3.8000,-0.4500,4.1536,181.0152,0.6531,0.0000,0.0000,0.0000
113.037,361.2532,1.5091,276.8724,0.2510,3.8000,-0.4500,4.0649,181.0140,0.7935,0.0000,0.0000,0.0000
113.149,361.0497,1.5854,276.9199,0.2510,3.8000,-0.4500,3.8891,181.0113,0.9716,0.0000,0.0000,0.0000
113.260,360.8043,1.6717,276.9774,0.2510,3.8000,-0.4500,3.8891,181.0113,0.9716,0.0000,0.0000,0.0000
113.385,360.5601,1.7545,277.0387,0.2510,3.8000,-0.4500,3.5964,181.0059,1.1357,0.0000,0.0000,0.0000
113.496,360.3152,1.8316,277.1013,0.2510,3.8000,-0.4500,3.4342,181.0026,1.1807,0.0000,0.0000,0.0000
113.620,360.0700,1.9023,277.1665,0.2510,3.8000,-0.4500,3.1856,180.9974,1.2222,0.0000,0.0000,0.0000
113.731,359.8655,1.9565,277.2222,0.2510,3.8000,-0.4500,3.0206,180.9938,1.2363,0.0000,0.0000,0.0000
113.843,359.6195,2.0145,277.2912,0.2510,3.8000,-0.4500,2.7736,180.9885,1.2213,0.0000,0.0000,0.0000
113.943,359.4137,2.0545,277.3514,0.2510,3.8000,-0.4500,2.3514,180.9797,1.1516,0.0000,0.0000,0.0000
114.051,359.2079,2.0925,277.4102,0.2510,3.8000,-0.4500,2.2728,180.9782,1.1307,0.0000,0.0000,0.0000
114.176,358.9180,2.1311,277.4965,0.2510,3.8000,-0.4500,1.7895,180.9693,0.9749,0.0000,0.0000,0.0000
114.294,358.6687,2.1556,277.5703,0.2510,3.8000,-0.4500,1.4834,180.9644,0.8489,0.0000,0.0000,0.0000
114.411,358.4604,2.1694,277.6321,0.2510,3.8000,-0.4500,1.2589,180.9612,0.7482,0.0000,0.0000,0.0000
114.511,358.2513,2.1751,277.6947,0.2510,3.8000,-0.4500,0.9518,180.9576,0.5956,0.0000,0.0000,0.0000
114.634,357.9577,2.1740,277.7818,0.2510,3.8000,-0.4500,0.6490,180.9549,0.4347,0.0000,0.0000,0.0000
114.746,357.7468,2.1622,277.8452,0.2510,3.8000,-0.4500,0.2694,180.9527,0.2211,0.0000,0.0000,0.0000
114.870,357.4936,2.1419,277.9205,0.2510,3.8000,-0.4500,359.9808,180.9521,0.0497,0.0000,0.0000,0.0000
114.995,357.1975,2.1068,278.0087,0.2510,3.8000,-0.4500,359.6870,180.9523,359.8681,0.0000,0.0000,0.0000
115.106,356.9851,2.0722,278.0727,0.2510,3.8000,-0.4500,359.3969,180.9534,359.6843,0.0000,0.0000,0.0000
115.231,356.7300,2.0236,278.1498,0.2510,3.8000,-0.4500,359.1228,180.9553,359.5052,0.0000,0.0000,0.0000
115.346,356.4745,1.9659,278.2281,0.2510,3.8000,-0.4500,358.8423,180.9582,359.3174,0.0000,0.0000,0.0000
115.453,356.2188,1.9012,278.3071,0.2510,3.8000,-0.4500,358.6385,180.9609,359.1786,0.0000,0.0000,0.0000
115.578,355.9626,1.8269,278.3880,0.2510,3.8000,-0.4500,358.3610,180.9653,358.9860,0.0000,0.0000,0.0000
115.692,355.7491,1.7599,278.4563,0.2510,3.8000,-0.4500,358.1588,180.9692,358.8433,0.0000,0.0000,0.0000
115.815,355.4507,1.6612,278.5533,0.2510,3.8000,-0.4500,358.0251,180.9720,358.7479,0.0000,0.0000,0.0000
115.926,355.2370,1.5833,278.6245,0.2510,3.8000,-0.4500,357.8211,180.9767,358.6010,0.0000,0.0000,0.0000
116.051,354.9815,1.4901,278.7101,0.2510,3.8000,-0.4500,357.8211,180.9767,358.6010,0.0000,0.0000,0.0000
116.175,354.6819,1.3684,278.8138,0.2510,3.8000,-0.4500,357.4745,180.9859,358.3466,0.0000,0.0000,0.0000
116.301,354.4265,1.2665,278.9028,0.2510,3.8000,-0.4500,357.4745,180.9859,358.3466,0.0000,0.0000,0.0000
116.426,354.1709,1.1621,278.9930,0.2510,3.8000,-0.4500,357.4745,180.9859,358.3465,0.0000,0.0000,0.0000
116.540,353.9148,1.0533,279.0848,0.2510,3.8000,-0.4500,357.3409,180.9899,358.2464,0.0000,0.0000,0.0000
116.649,353.7021,0.9645,279.1612,0.2510,3.8000,-0.4500,357.3409,180.9899,358.2464,0.0000,0.0000,0.0000
116.774,353.4039,0.8405,279.2691,0.2510,3.8000,-0.4500,357.3409,180.9899,358.2464,0.0000,0.0000,0.0000
116.887,353.1910,0.7530,279.3465,0.2510,3.8000,-0.4500,357.3409,180.9899,358.2464,0.0000,0.0000,0.0000
117.009,352.9355,0.6498,279.4392,0.2510,3.8000,-0.4500,357.3409,180.9899,358.2464,0.0000,0.0000,0.0000
117.120,352.6797,0.5498,279.5303,0.2510,3.8000,-0.4500,357.3409,180.9899,358.2464,0.0000,0.0000,0.0000
117.231,352.4663,0.4695,279.6044,0.2510,3.8000,-0.4500,357.3409,180.9899,358.2464,0.0000,0.0000,0.0000
117.342,352.2103,0.3774,279.6913,0.2510,3.8000,-0.4500,357.3409,180.9899,358.2464,0.0000,0.0000,0.0000
117.456,351.9543,0.2905,279.7767,0.2510,3.8000,-0.4500,357.3409,180.9899,358.2464,0.0000,0.0000,0.0000
117.564,351.7411,0.2227,279.8469,0.2510,3.8000,-0.4500,357.3409,180.9899,358.2464,0.0000,0.0000,0.0000
117.676,351.4854,0.1471,279.9302,0.2510,3.8000,-0.4500,357.3409,180.9899,358.2464,0.0000,0.0000,0.0000
117.801,351.2299,0.0785,280.0129,0.2510,3.8000,-0.4500,357.3409,180.9899,358.2464,0.0000,0.0000,0.0000
117.912,351.0170,0.0270,280.0694,0.2510,3.8000,-0.4500,357.3409,180.9899,358.2463,0.0000,0.0000,0.0000
118.037,350.7233,-0.0251,280.0465,0.2510,3.8000,-0.4500,357.7612,180.9782,358.5557,0.0000,0.0000,0.0000
118.153,350.4764,-0.0642,279.9242,0.2510,3.8000,-0.4500,357.8925,180.9750,358.6497,0.0000,0.0000,0.0000
118.260,350.2752,-0.0872,279.7603,0.2510,3.8000,-0.4500,358.1630,180.9690,358.8362,0.0000,0.0000,0.0000
118.384,350.0366,-0.1136,279.5114,0.2510,3.8000,-0.4500,358.2292,180.9677,358.8802,0.0000,0.0000,0.0000
118.509,349.8021,-0.1285,279.2205,0.2510,3.8000,-0.4500,358.5901,180.9614,359.1052,0.0000,0.0000,0.0000
118.620,349.5685,-0.1436,278.9052,0.2510,3.8000,-0.4500,358.6656,180.9602,359.1480,0.0000,0.0000,0.0000
118.746,349.3372,-0.1501,278.5723,0.2510,3.8000,-0.4500,358.9689,180.9561,359.3168,0.0000,0.0000,0.0000
118.870,349.1063,-0.1541,278.2297,0.2510,3.8000,-0.4500,359.1872,180.9538,359.4295,0.0000,0.0000,0.0000
118.995,348.8380,-0.1532,277.8218,0.2510,3.8000,-0.4500,359.4865,180.9512,359.5735,0.0000,0.0000,0.0000
119.106,348.6462,-0.1529,277.5286,0.2510,3.8000,-0.4500,359.4865,180.9512,359.5735,0.0000,0.0000,0.0000
119.231,348.4170,-0.1459,277.1728,0.2510,3.8000,-0.4500,359.7135,180.9497,359.6742,0.0000,0.0000,0.0000
119.342,348.1880,-0.1368,276.8157,0.2510,3.8000,-0.4500,359.8627,180.9489,359.7367,0.0000,0.0000,0.0000
119.453,347.9593,-0.1236,276.4566,0.2510,3.8000,-0.4500,0.0945,180.9480,359.8273,0.0000,0.0000,0.0000
119.578,347.7308,-0.1078,276.0965,0.2510,3.8000,-0.4500,0.3287,180.9475,359.9101,0.0000,0.0000,0.0000
119.690,347.5400,-0.0955,275.7970,0.2510,3.8000,-0.4500,0.3287,180.9475,359.9101,0.0000,0.0000,0.0000
119.803,347.3120,-0.0744,275.4346,0.2510,3.8000,-0.4500,0.6538,180.9473,0.0076,0.0000,0.0000,0.0000
119.914,347.0834,-0.0558,275.0738,0.2510,3.8000,-0.4500,0.6538,180.9473,0.0076,0.0000,0.0000,0.0000
120.023,346.8934,-0.0362,274.7709,0.2510,3.8000,-0.4500,0.9007,180.9474,0.0624,0.0000,0.0000,0.0000
