time_sec,world_x,world_y,world_z,local_x,local_y,local_z,world_rot_x,world_rot_y,world_rot_z,local_rot_x,local_rot_y,local_rot_z
0.000,598.8349,5.2159,250.4544,0.2510,3.8000,-0.4500,0.0000,180.0000,0.0000,0.0000,0.0000,0.0000
0.000,598.8349,5.2159,250.4544,0.2510,3.8000,-0.4500,0.0000,180.0000,0.0000,0.0000,0.0000,0.0000
0.121,598.5438,4.9589,250.4605,0.2510,3.8000,-0.4500,0.0000,180.0000,0.0000,0.0000,0.0000,0.0000
0.233,598.2030,4.6661,250.4652,0.2510,3.8000,-0.4500,0.0000,180.0000,0.0000,0.0000,0.0000,0.0000
0.360,597.5941,4.1497,250.4819,0.2510,3.8000,-0.4500,0.0000,180.0000,0.0000,0.0000,0.0000,0.0000
0.470,597.0759,3.7129,250.5097,0.2510,3.8000,-0.4500,0.0000,180.0000,0.0000,0.0000,0.0000,0.0000
0.595,596.3737,3.1227,250.5654,0.2510,3.8000,-0.4500,0.0000,180.0000,0.0000,0.0000,0.0000,0.0000
0.721,595.4569,2.3534,250.6623,0.2510,3.8000,-0.4500,0.0000,180.0000,0.0000,0.0000,0.0000,0.0000
0.832,594.7452,1.7567,250.7520,0.2510,3.8000,-0.4500,0.0000,180.0000,0.0000,0.0000,0.0000,0.0000
0.943,593.8359,0.9947,250.8807,0.2510,3.8000,-0.4500,0.0000,180.0000,0.0000,0.0000,0.0000,0.0000
1.054,593.0367,0.3253,251.0039,0.2510,3.8000,-0.4500,0.0000,180.0000,0.0000,0.0000,0.0000,0.0000
1.179,591.8618,-0.6583,251.1978,0.2510,3.8000,-0.4500,0.0000,180.0000,0.0000,0.0000,0.0000,0.0000
1.305,590.9969,-1.4290,251.3559,0.2510,3.8000,-0.4500,359.0953,180.0000,0.0042,0.0000,0.0000,0.0000
1.417,590.5018,-1.8161,251.4651,0.2510,3.8000,-0.4500,357.4384,179.9997,0.0117,0.0000,0.0000,0.0000
1.527,590.0565,-1.9968,251.5797,0.2510,3.8000,-0.4500,356.1487,179.9994,0.0167,0.0000,0.0000,0.0000
1.652,589.7012,-1.9847,251.6844,0.2510,3.8000,-0.4500,355.6013,179.9993,0.0174,0.0000,0.0000,0.0000
1.764,589.3937,-1.8998,251.7811,0.2510,3.8000,-0.4500,355.6013,179.9993,0.0174,0.0000,0.0000,0.0000
1.876,589.1573,-1.8377,251.8566,0.2510,3.8000,-0.4500,355.6013,179.9993,0.0174,0.0000,0.0000,0.0000
1.986,588.8870,-1.8105,251.9404,0.2510,3.8000,-0.4500,355.6013,179.9993,0.0174,0.0000,0.0000,0.0000
2.112,588.6245,-1.8436,252.0172,0.2510,3.8000,-0.4500,355.6013,179.9993,0.0174,0.0000,0.0000,0.0000
2.237,588.3660,-1.9251,252.0882,0.2510,3.8000,-0.4500,355.6013,179.9993,0.0174,0.0000,0.0000,0.0000
2.348,588.1097,-2.0348,252.1555,0.2510,3.8000,-0.4500,355.6013,179.9993,0.0174,0.0000,0.0000,0.0000
2.460,587.8540,-2.1537,252.2170,0.2510,3.8000,-0.4500,355.6013,179.9993,0.0174,0.0000,0.0000,0.0000
2.572,587.6403,-2.2497,252.2565,0.2510,3.8000,-0.4500,355.6013,179.9993,0.0174,0.0000,0.0000,0.0000
2.696,587.3826,-2.3556,252.2878,0.2510,3.8000,-0.4500,355.6013,179.9993,0.0174,0.0000,0.0000,0.0000
2.807,587.1255,-2.4499,252.2926,0.2510,3.8000,-0.4500,355.6013,179.9993,0.0174,0.0000,0.0000,0.0000
2.932,586.8732,-2.5320,252.2346,0.2510,3.8000,-0.4500,355.6013,179.9993,0.0174,0.0000,0.0000,0.0000
3.043,586.6260,-2.6044,252.1094,0.2510,3.8000,-0.4500,355.6013,179.9992,0.0174,0.0000,0.0000,0.0000
3.154,586.4240,-2.6600,251.9543,0.2510,3.8000,-0.4500,355.6013,179.9992,0.0174,0.0000,0.0000,0.0000
3.265,586.1879,-2.7210,251.6809,0.2510,3.8000,-0.4500,355.6013,179.9992,0.0174,0.0000,0.0000,0.0000
3.377,585.9961,-2.7678,251.3853,0.2510,3.8000,-0.4500,355.6013,179.9992,0.0174,0.0000,0.0000,0.0000
3.487,585.7700,-2.8207,250.9696,0.2510,3.8000,-0.4500,355.6013,179.9993,0.0174,0.0000,0.0000,0.0000
3.612,585.5467,-2.8720,250.5131,0.2510,3.8000,-0.4500,355.6013,179.9993,0.0174,0.0000,0.0000,0.0000
3.738,585.2878,-2.9312,249.9534,0.2510,3.8000,-0.4500,355.6013,179.9993,0.0174,0.0000,0.0000,0.0000
3.850,585.1035,-2.9735,249.5431,0.2510,3.8000,-0.4500,355.6013,179.9993,0.0174,0.0000,0.0000,0.0000
3.975,584.8829,-3.0240,249.0379,0.2510,3.8000,-0.4500,355.6013,179.9993,0.0174,0.0000,0.0000,0.0000
4.086,584.6631,-3.0740,248.5194,0.2510,3.8000,-0.4500,355.6013,179.9993,0.0174,0.0000,0.0000,0.0000
4.196,584.4803,-3.1154,248.0791,0.2510,3.8000,-0.4500,355.6013,179.9993,0.0174,0.0000,0.0000,0.0000
4.321,584.2258,-3.1723,247.4386,0.2510,3.8000,-0.4500,355.6013,179.9993,0.0174,0.0000,0.0000,0.0000
4.432,584.0453,-3.2114,246.9591,0.2510,3.8000,-0.4500,355.6013,179.9993,0.0174,0.0000,0.0000,0.0000
4.556,583.8290,-3.2581,246.3645,0.2510,3.8000,-0.4500,355.5998,179.9993,359.9373,0.0000,0.0000,0.0000
4.656,583.6492,-3.2956,245.8722,0.2510,3.8000,-0.4500,355.5998,179.9993,359.9373,0.0000,0.0000,0.0000
4.765,583.4323,-3.3416,245.3028,0.2510,3.8000,-0.4500,355.5998,179.9993,359.9373,0.0000,0.0000,0.0000
4.876,583.2504,-3.3811,244.8487,0.2510,3.8000,-0.4500,355.5998,179.9993,359.9373,0.0000,0.0000,0.0000
4.990,583.0289,-3.4307,244.3513,0.2510,3.8000,-0.4500,355.5998,179.9993,359.9373,0.0000,0.0000,0.0000
5.112,582.8013,-3.4858,243.9445,0.2510,3.8000,-0.4500,355.5998,179.9993,359.9373,0.0000,0.0000,0.0000
5.226,582.5674,-3.5461,243.6248,0.2510,3.8000,-0.4500,355.5998,179.9993,359.9373,0.0000,0.0000,0.0000
5.335,582.3685,-3.5992,243.4136,0.2510,3.8000,-0.4500,355.5998,179.9993,359.9373,0.0000,0.0000,0.0000
5.446,582.1255,-3.6649,243.2146,0.2510,3.8000,-0.4500,355.5998,179.9993,359.9373,0.0000,0.0000,0.0000
5.557,581.9203,-3.7198,243.0833,0.2510,3.8000,-0.4500,355.5998,179.9993,359.9373,0.0000,0.0000,0.0000
5.682,581.6304,-3.7949,242.9362,0.2510,3.8000,-0.4500,355.5998,179.9993,359.9373,0.0000,0.0000,0.0000
5.807,581.3803,-3.8559,242.8333,0.2510,3.8000,-0.4500,355.5998,179.9993,359.9373,0.0000,0.0000,0.0000
5.931,581.1292,-3.9107,242.7424,0.2510,3.8000,-0.4500,355.8490,179.9990,359.9123,0.0000,0.0000,0.0000
6.032,580.9199,-3.9529,242.6745,0.2510,3.8000,-0.4500,355.9320,179.9989,359.9184,0.0000,0.0000,0.0000
6.154,580.6691,-3.9962,242.5972,0.2510,3.8000,-0.4500,356.1800,179.9986,359.9493,0.0000,0.0000,0.0000
6.267,580.4186,-4.0308,242.5229,0.2510,3.8000,-0.4500,356.5038,179.9986,0.0538,0.0000,0.0000,0.0000
6.390,580.1685,-4.0591,242.4524,0.2510,3.8000,-0.4500,356.7326,179.9990,0.1508,0.0000,0.0000,0.0000
6.515,579.9182,-4.0796,242.3905,0.2510,3.8000,-0.4500,356.9556,179.9998,0.2614,0.0000,0.0000,0.0000
6.626,579.6684,-4.0880,242.3374,0.2510,3.8000,-0.4500,357.3929,180.0027,0.5192,0.0000,0.0000,0.0000
6.752,579.4173,-4.0931,242.2956,0.2510,3.8000,-0.4500,357.5418,180.0042,0.6169,0.0000,0.0000,0.0000
6.865,579.1674,-4.0837,242.2740,0.2510,3.8000,-0.4500,357.9817,180.0101,0.9135,0.0000,0.0000,0.0000
6.987,578.9175,-4.0686,242.2813,0.2510,3.8000,-0.4500,358.2517,180.0148,1.1016,0.0000,0.0000,0.0000
7.098,578.6693,-4.0453,242.3103,0.2510,3.8000,-0.4500,358.4542,180.0190,1.2441,0.0000,0.0000,0.0000
7.210,578.4647,-4.0139,242.3454,0.2510,3.8000,-0.4500,358.8206,180.0278,1.5032,0.0000,0.0000,0.0000
7.336,578.2206,-3.9684,242.3988,0.2510,3.8000,-0.4500,359.1721,180.0378,1.7516,0.0000,0.0000,0.0000
7.446,577.9781,-3.9122,242.4557,0.2510,3.8000,-0.4500,359.5164,180.0490,1.9943,0.0000,0.0000,0.0000
7.557,577.7768,-3.8588,242.5025,0.2510,3.8000,-0.4500,359.7222,180.0564,2.1393,0.0000,0.0000,0.0000
7.670,577.5374,-3.7814,242.5511,0.2510,3.8000,-0.4500,0.1433,180.0733,2.4360,0.0000,0.0000,0.0000
7.793,577.2996,-3.6988,242.5436,0.2510,3.8000,-0.4500,0.3446,180.0821,2.5779,0.0000,0.0000,0.0000
7.904,577.0673,-3.6038,242.4704,0.2510,3.8000,-0.4500,0.7627,180.1020,2.8768,0.0000,0.0000,0.0000
8.029,576.8383,-3.5062,242.3449,0.2510,3.8000,-0.4500,0.9653,180.1124,3.0243,0.0000,0.0000,0.0000
8.142,576.6147,-3.4014,242.1654,0.2510,3.8000,-0.4500,1.2343,180.1271,3.2225,0.0000,0.0000,0.0000
8.252,576.4320,-3.3123,241.9753,0.2510,3.8000,-0.4500,1.3655,180.1346,3.3201,0.0000,0.0000,0.0000
8.363,576.2175,-3.1979,241.7064,0.2510,3.8000,-0.4500,1.7052,180.1551,3.5752,0.0000,0.0000,0.0000
8.475,576.0405,-3.1042,241.4552,0.2510,3.8000,-0.4500,1.7702,180.1592,3.6240,0.0000,0.0000,0.0000
8.599,575.7975,-2.9673,241.0618,0.2510,3.8000,-0.4500,1.9757,180.1725,3.7773,0.0000,0.0000,0.0000
8.710,575.6267,-2.8661,240.7572,0.2510,3.8000,-0.4500,2.1796,180.1862,3.9267,0.0000,0.0000,0.0000
8.834,575.4218,-2.7456,240.3872,0.2510,3.8000,-0.4500,2.2477,180.1909,3.9749,0.0000,0.0000,0.0000
8.946,575.2157,-2.6188,240.0513,0.2510,3.8000,-0.4500,2.3867,180.2007,4.0708,0.0000,0.0000,0.0000
9.056,575.0422,-2.5086,239.8037,0.2510,3.8000,-0.4500,2.5259,180.2107,4.1629,0.0000,0.0000,0.0000
9.170,574.8314,-2.3718,239.5466,0.2510,3.8000,-0.4500,2.6629,180.2208,4.2473,0.0000,0.0000,0.0000
9.293,574.6169,-2.2304,239.3383,0.2510,3.8000,-0.4500,2.7327,180.2260,4.2870,0.0000,0.0000,0.0000
9.404,574.4009,-2.0810,239.2135,0.2510,3.8000,-0.4500,2.8792,180.2371,4.3627,0.0000,0.0000,0.0000
9.516,574.2206,-1.9491,239.1915,0.2510,3.8000,-0.4500,3.0260,180.2484,4.4275,0.0000,0.0000,0.0000
9.640,573.9678,-1.7602,239.2322,0.2510,3.8000,-0.4500,3.0260,180.2484,4.4275,0.0000,0.0000,0.0000
9.751,573.7877,-1.6200,239.2890,0.2510,3.8000,-0.4500,3.1803,180.2604,4.4728,0.0000,0.0000,0.0000
9.865,573.5713,-1.4524,239.3759,0.2510,3.8000,-0.4500,3.1803,180.2604,4.4728,0.0000,0.0000,0.0000
9.972,573.3909,-1.3125,239.4552,0.2510,3.8000,-0.4500,3.1803,180.2604,4.4728,0.0000,0.0000,0.0000
10.086,573.1740,-1.1451,239.5526,0.2510,3.8000,-0.4500,3.2588,180.2666,4.4758,0.0000,0.0000,0.0000
10.194,572.9923,-1.0079,239.6349,0.2510,3.8000,-0.4500,3.2588,180.2666,4.4758,0.0000,0.0000,0.0000
10.305,572.7736,-0.8471,239.7105,0.2510,3.8000,-0.4500,3.2588,180.2666,4.4758,0.0000,0.0000,0.0000
10.417,572.5900,-0.7208,239.6991,0.2510,3.8000,-0.4500,3.2588,180.2666,4.4758,0.0000,0.0000,0.0000
10.542,572.3311,-0.5553,239.6129,0.2510,3.8000,-0.4500,3.3214,180.2715,4.4270,0.0000,0.0000,0.0000
10.653,572.1443,-0.4436,239.5601,0.2510,3.8000,-0.4500,3.4204,180.2791,4.2991,0.0000,0.0000,0.0000
10.764,571.9199,-0.3101,239.5681,0.2510,3.8000,-0.4500,3.4500,180.2813,4.2206,0.0000,0.0000,0.0000
10.876,571.7305,-0.2043,239.6096,0.2510,3.8000,-0.4500,3.5152,180.2859,3.9799,0.0000,0.0000,0.0000
10.987,571.5025,-0.0808,239.6827,0.2510,3.8000,-0.4500,3.5236,180.2865,3.8143,0.0000,0.0000,0.0000
11.111,571.2709,0.0323,239.7698,0.2510,3.8000,-0.4500,3.4895,180.2844,3.4702,0.0000,0.0000,0.0000
11.222,571.0368,0.1351,239.8631,0.2510,3.8000,-0.4500,3.3708,180.2776,3.0586,0.0000,0.0000,0.0000
11.347,570.8010,0.2303,239.9571,0.2510,3.8000,-0.4500,3.2463,180.2713,2.7517,0.0000,0.0000,0.0000
11.472,570.5627,0.3148,240.0494,0.2510,3.8000,-0.4500,3.0903,180.2642,2.4379,0.0000,0.0000,0.0000
11.597,570.3219,0.3888,240.1384,0.2510,3.8000,-0.4500,2.9303,180.2578,2.1392,0.0000,0.0000,0.0000
11.708,570.0779,0.4496,240.2241,0.2510,3.8000,-0.4500,2.7052,180.2502,1.7565,0.0000,0.0000,0.0000
11.833,569.8315,0.4994,240.3055,0.2510,3.8000,-0.4500,2.4833,180.2441,1.3913,0.0000,0.0000,0.0000
11.934,569.6244,0.5327,240.3700,0.2510,3.8000,-0.4500,2.3090,180.2403,1.1101,0.0000,0.0000,0.0000
12.056,569.3744,0.5633,240.4439,0.2510,3.8000,-0.4500,2.1307,180.2372,0.8253,0.0000,0.0000,0.0000
12.180,569.0795,0.5822,240.5278,0.2510,3.8000,-0.4500,1.8515,180.2343,0.3785,0.0000,0.0000,0.0000
12.294,568.8676,0.5871,240.5861,0.2510,3.8000,-0.4500,1.6721,180.2336,0.0887,0.0000,0.0000,0.0000
12.402,568.6119,0.5827,240.6554,0.2510,3.8000,-0.4500,1.4535,180.2339,359.7311,0.0000,0.0000,0.0000
12.528,568.3553,0.5692,240.7243,0.2510,3.8000,-0.4500,1.2742,180.2352,359.4302,0.0000,0.0000,0.0000
12.638,568.0980,0.5457,240.7940,0.2510,3.8000,-0.4500,1.1029,180.2374,359.1381,0.0000,0.0000,0.0000
12.738,567.8828,0.5190,240.8530,0.2510,3.8000,-0.4500,0.9713,180.2396,358.9043,0.0000,0.0000,0.0000
12.861,567.6235,0.4780,240.9234,0.2510,3.8000,-0.4500,0.8025,180.2433,358.5976,0.0000,0.0000,0.0000
12.972,567.4066,0.4364,240.9819,0.2510,3.8000,-0.4500,0.6468,180.2475,358.2977,0.0000,0.0000,0.0000
13.096,567.1467,0.3820,241.0524,0.2510,3.8000,-0.4500,0.5352,180.2511,358.0674,0.0000,0.0000,0.0000
13.221,566.8433,0.3105,241.1387,0.2510,3.8000,-0.4500,0.4306,180.2548,357.8342,0.0000,0.0000,0.0000
13.333,566.6267,0.2545,241.2042,0.2510,3.8000,-0.4500,0.3644,180.2574,357.6776,0.0000,0.0000,0.0000
13.446,566.3663,0.1814,241.2872,0.2510,3.8000,-0.4500,0.2779,180.2611,357.4367,0.0000,0.0000,0.0000
13.555,566.1500,0.1181,241.3604,0.2510,3.8000,-0.4500,0.2296,180.2633,357.2835,0.0000,0.0000,0.0000
13.668,565.8910,0.0405,241.4526,0.2510,3.8000,-0.4500,0.2082,180.2643,357.2015,0.0000,0.0000,0.0000
13.791,565.6314,-0.0425,241.5495,0.2510,3.8000,-0.4500,0.1655,180.2665,357.0374,0.0000,0.0000,0.0000
13.891,565.4155,-0.1134,241.6333,0.2510,3.8000,-0.4500,0.1409,180.2678,356.9560,0.0000,0.0000,0.0000
14.000,565.1567,-0.2013,241.7370,0.2510,3.8000,-0.4500,0.1156,180.2691,356.8745,0.0000,0.0000,0.0000
14.124,564.8979,-0.2939,241.8440,0.2510,3.8000,-0.4500,0.0532,180.2726,356.7218,0.0000,0.0000,0.0000
14.249,564.6400,-0.3860,241.9537,0.2510,3.8000,-0.4500,0.0532,180.2726,356.7218,0.0000,0.0000,0.0000
14.374,564.3818,-0.4836,242.0662,0.2510,3.8000,-0.4500,359.9548,180.2784,356.5853,0.0000,0.0000,0.0000
14.486,564.1246,-0.5798,242.1805,0.2510,3.8000,-0.4500,359.9548,180.2784,356.5853,0.0000,0.0000,0.0000
14.610,563.8672,-0.6801,242.2975,0.2510,3.8000,-0.4500,359.8195,180.2866,356.4926,0.0000,0.0000,0.0000
14.722,563.6107,-0.7785,242.4153,0.2510,3.8000,-0.4500,359.8195,180.2866,356.4926,0.0000,0.0000,0.0000
14.832,563.3970,-0.8618,242.5151,0.2510,3.8000,-0.4500,359.7391,180.2915,356.4713,0.0000,0.0000,0.0000
14.944,563.1411,-0.9631,242.6367,0.2510,3.8000,-0.4500,359.4925,180.3068,356.4384,0.0000,0.0000,0.0000
15.055,562.9282,-1.0452,242.7377,0.2510,3.8000,-0.4500,359.4925,180.3068,356.4384,0.0000,0.0000,0.0000
15.166,562.6740,-1.1444,242.8615,0.2510,3.8000,-0.4500,359.1653,180.3270,356.5088,0.0000,0.0000,0.0000
15.291,562.4199,-1.2411,242.9844,0.2510,3.8000,-0.4500,359.0139,180.3361,356.5790,0.0000,0.0000,0.0000
15.391,562.2086,-1.3205,243.0868,0.2510,3.8000,-0.4500,358.8673,180.3448,356.6591,0.0000,0.0000,0.0000
15.498,561.9559,-1.4133,243.2098,0.2510,3.8000,-0.4500,358.5877,180.3606,356.8652,0.0000,0.0000,0.0000
15.599,561.7448,-1.4893,243.3105,0.2510,3.8000,-0.4500,358.4585,180.3676,356.9836,0.0000,0.0000,0.0000
15.710,561.5346,-1.5632,243.4100,0.2510,3.8000,-0.4500,358.2725,180.3771,357.1644,0.0000,0.0000,0.0000
15.819,561.2826,-1.6494,243.5269,0.2510,3.8000,-0.4500,358.0536,180.3875,357.4110,0.0000,0.0000,0.0000
15.944,561.0305,-1.7334,243.6404,0.2510,3.8000,-0.4500,357.8961,180.3943,357.6129,0.0000,0.0000,0.0000
16.070,560.7785,-1.8148,243.7501,0.2510,3.8000,-0.4500,357.7488,180.4002,357.8101,0.0000,0.0000,0.0000
16.193,560.5272,-1.8924,243.8568,0.2510,3.8000,-0.4500,357.5559,180.4071,358.0943,0.0000,0.0000,0.0000
16.319,560.2330,-1.9799,243.9730,0.2510,3.8000,-0.4500,357.3777,180.4126,358.3726,0.0000,0.0000,0.0000
16.430,560.0214,-2.0407,244.0273,0.2510,3.8000,-0.4500,357.3348,180.4138,358.4413,0.0000,0.0000,0.0000
16.556,559.7688,-2.1047,244.0454,0.2510,3.8000,-0.4500,357.1205,180.4190,358.8069,0.0000,0.0000,0.0000
16.669,559.5150,-2.1672,244.0262,0.2510,3.8000,-0.4500,357.0804,180.4198,358.8772,0.0000,0.0000,0.0000
16.790,559.2656,-2.2202,243.9717,0.2510,3.8000,-0.4500,356.8777,180.4231,359.2600,0.0000,0.0000,0.0000
16.915,559.0176,-2.2708,243.8795,0.2510,3.8000,-0.4500,356.8036,180.4240,359.4079,0.0000,0.0000,0.0000
17.016,558.8129,-2.3086,243.7808,0.2510,3.8000,-0.4500,356.7314,180.4246,359.5558,0.0000,0.0000,0.0000
17.126,558.5690,-2.3488,243.6607,0.2510,3.8000,-0.4500,356.5881,180.4253,359.8612,0.0000,0.0000,0.0000
17.235,558.3632,-2.3840,243.5735,0.2510,3.8000,-0.4500,356.5881,180.4253,359.8612,0.0000,0.0000,0.0000
17.335,558.1580,-2.4150,243.5023,0.2510,3.8000,-0.4500,356.4857,180.4254,0.0885,0.0000,0.0000,0.0000
17.444,557.9103,-2.4516,243.4388,0.2510,3.8000,-0.4500,356.3827,180.4250,0.3230,0.0000,0.0000,0.0000
17.557,557.7012,-2.4833,243.4094,0.2510,3.8000,-0.4500,356.3496,180.4248,0.3988,0.0000,0.0000,0.0000
17.680,557.4086,-2.5257,243.4046,0.2510,3.8000,-0.4500,356.2521,180.4239,0.6280,0.0000,0.0000,0.0000
17.790,557.1990,-2.5578,243.4198,0.2510,3.8000,-0.4500,356.2521,180.4239,0.6280,0.0000,0.0000,0.0000
17.915,556.9497,-2.5921,243.4541,0.2510,3.8000,-0.4500,356.1560,180.4227,0.8649,0.0000,0.0000,0.0000
18.015,556.7419,-2.6213,243.4915,0.2510,3.8000,-0.4500,356.1261,180.4222,0.9428,0.0000,0.0000,0.0000
18.126,556.4935,-2.6542,243.5446,0.2510,3.8000,-0.4500,356.0679,180.4212,1.0981,0.0000,0.0000,0.0000
18.235,556.2869,-2.6809,243.5939,0.2510,3.8000,-0.4500,356.0418,180.4206,1.1772,0.0000,0.0000,0.0000
18.347,556.0395,-2.7115,243.6580,0.2510,3.8000,-0.4500,356.0161,180.4201,1.2566,0.0000,0.0000,0.0000
18.457,555.8346,-2.7340,243.7148,0.2510,3.8000,-0.4500,355.9734,180.4191,1.4195,0.0000,0.0000,0.0000
18.568,555.5883,-2.7620,243.7856,0.2510,3.8000,-0.4500,355.9734,180.4191,1.4195,0.0000,0.0000,0.0000
18.682,555.3439,-2.7852,243.8594,0.2510,3.8000,-0.4500,355.9470,180.4184,1.5869,0.0000,0.0000,0.0000
18.805,555.0987,-2.8087,243.9353,0.2510,3.8000,-0.4500,355.9470,180.4184,1.5869,0.0000,0.0000,0.0000
18.916,554.8954,-2.8250,244.0000,0.2510,3.8000,-0.4500,355.9450,180.4183,1.6697,0.0000,0.0000,0.0000
19.030,554.6512,-2.8439,244.0788,0.2510,3.8000,-0.4500,355.9451,180.4183,1.6697,0.0000,0.0000,0.0000
19.141,554.4087,-2.8571,244.1591,0.2510,3.8000,-0.4500,355.9584,180.4187,1.8349,0.0000,0.0000,0.0000
19.252,554.2059,-2.8685,244.2272,0.2510,3.8000,-0.4500,355.9584,180.4187,1.8349,0.0000,0.0000,0.0000
19.360,553.9641,-2.8762,244.3097,0.2510,3.8000,-0.4500,356.0121,180.4205,1.9928,0.0000,0.0000,0.0000
19.471,553.7617,-2.8830,244.3798,0.2510,3.8000,-0.4500,356.0121,180.4205,1.9928,0.0000,0.0000,0.0000
19.587,553.5204,-2.8849,244.4645,0.2510,3.8000,-0.4500,356.0996,180.4237,2.1360,0.0000,0.0000,0.0000
19.707,553.2791,-2.8852,244.5507,0.2510,3.8000,-0.4500,356.1536,180.4258,2.1993,0.0000,0.0000,0.0000
19.819,553.0383,-2.8805,244.6377,0.2510,3.8000,-0.4500,356.2746,180.4306,2.3178,0.0000,0.0000,0.0000
19.930,552.8377,-2.8749,244.7117,0.2510,3.8000,-0.4500,356.3362,180.4331,2.3699,0.0000,0.0000,0.0000
20.055,552.5983,-2.8625,244.8012,0.2510,3.8000,-0.4500,356.5497,180.4422,2.5053,0.0000,0.0000,0.0000
20.166,552.3583,-2.8491,244.8931,0.2510,3.8000,-0.4500,356.6279,180.4456,2.5404,0.0000,0.0000,0.0000
20.277,552.1590,-2.8336,244.9702,0.2510,3.8000,-0.4500,356.7872,180.4528,2.6076,0.0000,0.0000,0.0000
20.391,551.9202,-2.8109,245.0638,0.2510,3.8000,-0.4500,357.0237,180.4638,2.6847,0.0000,0.0000,0.0000
20.499,551.6816,-2.7836,245.1578,0.2510,3.8000,-0.4500,357.3564,180.4796,2.7526,0.0000,0.0000,0.0000
20.610,551.4827,-2.7602,245.2379,0.2510,3.8000,-0.4500,357.4385,180.4835,2.7632,0.0000,0.0000,0.0000
20.735,551.2446,-2.7268,245.3336,0.2510,3.8000,-0.4500,357.6867,180.4956,2.7903,0.0000,0.0000,0.0000
20.846,551.0063,-2.6888,245.4291,0.2510,3.8000,-0.4500,358.0178,180.5118,2.8038,0.0000,0.0000,0.0000
20.971,550.7684,-2.6484,245.5254,0.2510,3.8000,-0.4500,358.1922,180.5203,2.8005,0.0000,0.0000,0.0000
21.071,550.5698,-2.6103,245.6024,0.2510,3.8000,-0.4500,358.5322,180.5369,2.7879,0.0000,0.0000,0.0000
21.179,550.3316,-2.5628,245.6924,0.2510,3.8000,-0.4500,358.6946,180.5448,2.7742,0.0000,0.0000,0.0000
21.291,550.1326,-2.5198,245.7635,0.2510,3.8000,-0.4500,358.9459,180.5569,2.7461,0.0000,0.0000,0.0000
21.402,549.8932,-2.4658,245.8462,0.2510,3.8000,-0.4500,359.1132,180.5649,2.7246,0.0000,0.0000,0.0000
21.527,549.6536,-2.4073,245.9238,0.2510,3.8000,-0.4500,359.5334,180.5847,2.6528,0.0000,0.0000,0.0000
21.653,549.4138,-2.3471,245.9997,0.2510,3.8000,-0.4500,359.7048,180.5926,2.6151,0.0000,0.0000,0.0000
21.763,549.1735,-2.2835,246.0712,0.2510,3.8000,-0.4500,0.0392,180.6076,2.5365,0.0000,0.0000,0.0000
21.888,548.9325,-2.2180,246.1401,0.2510,3.8000,-0.4500,0.2879,180.6185,2.4650,0.0000,0.0000,0.0000
22.013,548.6909,-2.1504,246.2055,0.2510,3.8000,-0.4500,0.5265,180.6286,2.3922,0.0000,0.0000,0.0000
22.138,548.4083,-2.0695,246.2773,0.2510,3.8000,-0.4500,0.8571,180.6421,2.2705,0.0000,0.0000,0.0000
22.263,548.1655,-1.9987,246.3359,0.2510,3.8000,-0.4500,1.0144,180.6482,2.2074,0.0000,0.0000,0.0000
22.374,547.9622,-1.9390,246.3813,0.2510,3.8000,-0.4500,1.2488,180.6570,2.1059,0.0000,0.0000,0.0000
22.485,547.7173,-1.8667,246.4324,0.2510,3.8000,-0.4500,1.5535,180.6679,1.9568,0.0000,0.0000,0.0000
22.598,547.4719,-1.7940,246.4810,0.2510,3.8000,-0.4500,1.7015,180.6728,1.8762,0.0000,0.0000,0.0000
22.721,547.2258,-1.7210,246.5258,0.2510,3.8000,-0.4500,1.8473,180.6775,1.7945,0.0000,0.0000,0.0000
22.821,547.0196,-1.6607,246.5603,0.2510,3.8000,-0.4500,2.0584,180.6839,1.6631,0.0000,0.0000,0.0000
22.944,546.7715,-1.5886,246.5998,0.2510,3.8000,-0.4500,2.2647,180.6896,1.5248,0.0000,0.0000,0.0000
23.054,546.5640,-1.5291,246.6309,0.2510,3.8000,-0.4500,2.4604,180.6946,1.3825,0.0000,0.0000,0.0000
23.154,546.3566,-1.4691,246.6614,0.2510,3.8000,-0.4500,2.4604,180.6946,1.3825,0.0000,0.0000,0.0000
23.279,546.0643,-1.3873,246.6989,0.2510,3.8000,-0.4500,2.6575,180.6991,1.2246,0.0000,0.0000,0.0000
23.402,545.8124,-1.3185,246.7266,0.2510,3.8000,-0.4500,2.8448,180.7028,1.0634,0.0000,0.0000,0.0000
23.512,545.6024,-1.2614,246.7475,0.2510,3.8000,-0.4500,2.9068,180.7039,1.0055,0.0000,0.0000,0.0000
23.639,545.3070,-1.1829,246.7734,0.2510,3.8000,-0.4500,3.0305,180.7060,0.8889,0.0000,0.0000,0.0000
23.749,545.0955,-1.1273,246.7905,0.2510,3.8000,-0.4500,3.0891,180.7069,0.8309,0.0000,0.0000,0.0000
23.860,544.8409,-1.0617,246.8092,0.2510,3.8000,-0.4500,3.2068,180.7085,0.7124,0.0000,0.0000,0.0000
23.971,544.6287,-1.0070,246.8248,0.2510,3.8000,-0.4500,3.2629,180.7091,0.6550,0.0000,0.0000,0.0000
24.082,544.3740,-0.9411,246.8437,0.2510,3.8000,-0.4500,3.3199,180.7097,0.5978,0.0000,0.0000,0.0000
24.193,544.1618,-0.8856,246.8599,0.2510,3.8000,-0.4500,3.3199,180.7097,0.5978,0.0000,0.0000,0.0000
24.318,543.8649,-0.8079,246.8840,0.2510,3.8000,-0.4500,3.3199,180.7097,0.5978,0.0000,0.0000,0.0000
24.432,543.6522,-0.7529,246.9018,0.2510,3.8000,-0.4500,3.3809,180.7104,0.5412,0.0000,0.0000,0.0000
24.540,543.3971,-0.6869,246.9247,0.2510,3.8000,-0.4500,3.3809,180.7104,0.5412,0.0000,0.0000,0.0000
24.652,543.1840,-0.6340,246.9441,0.2510,3.8000,-0.4500,3.4968,180.7113,0.4212,0.0000,0.0000,0.0000
24.765,542.9290,-0.5708,246.9700,0.2510,3.8000,-0.4500,3.4968,180.7113,0.4212,0.0000,0.0000,0.0000
24.876,542.7159,-0.5206,246.9926,0.2510,3.8000,-0.4500,3.5454,180.7117,0.3555,0.0000,0.0000,0.0000
24.998,542.4168,-0.4547,247.0264,0.2510,3.8000,-0.4500,3.6298,180.7121,0.2102,0.0000,0.0000,0.0000
25.109,542.2023,-0.4110,247.0518,0.2510,3.8000,-0.4500,3.7054,180.7123,0.0599,0.0000,0.0000,0.0000
25.221,541.9446,-0.3618,247.0839,0.2510,3.8000,-0.4500,3.7590,180.7122,359.9016,0.0000,0.0000,0.0000
25.346,541.6872,-0.3154,247.1175,0.2510,3.8000,-0.4500,3.7839,180.7122,359.8227,0.0000,0.0000,0.0000
25.456,541.4703,-0.2841,247.1464,0.2510,3.8000,-0.4500,3.8513,180.7118,359.4948,0.0000,0.0000,0.0000
25.557,541.2551,-0.2506,247.1765,0.2510,3.8000,-0.4500,3.8513,180.7118,359.4948,0.0000,0.0000,0.0000
25.678,540.9513,-0.2129,247.2206,0.2510,3.8000,-0.4500,3.8774,180.7115,359.2451,0.0000,0.0000,0.0000
25.790,540.7339,-0.1896,247.2543,0.2510,3.8000,-0.4500,3.8906,180.7113,359.0769,0.0000,0.0000,0.0000
25.915,540.4724,-0.1667,247.2974,0.2510,3.8000,-0.4500,3.8996,180.7112,358.8160,0.0000,0.0000,0.0000
26.040,540.1680,-0.1416,247.3518,0.2510,3.8000,-0.4500,3.9018,180.7111,358.7316,0.0000,0.0000,0.0000
26.151,539.9486,-0.1323,247.3945,0.2510,3.8000,-0.4500,3.9008,180.7111,358.3916,0.0000,0.0000,0.0000
26.276,539.6865,-0.1206,247.4498,0.2510,3.8000,-0.4500,3.8971,180.7112,358.2260,0.0000,0.0000,0.0000
26.389,539.4246,-0.1116,247.5094,0.2510,3.8000,-0.4500,3.8950,180.7113,358.1439,0.0000,0.0000,0.0000
26.511,539.1622,-0.1079,247.5733,0.2510,3.8000,-0.4500,3.8888,180.7115,357.9786,0.0000,0.0000,0.0000
26.637,538.8983,-0.1113,247.6413,0.2510,3.8000,-0.4500,3.8722,180.7121,357.6369,0.0000,0.0000,0.0000
26.762,538.5921,-0.1140,247.7255,0.2510,3.8000,-0.4500,3.8673,180.7124,357.5545,0.0000,0.0000,0.0000
26.873,538.3727,-0.1208,247.7886,0.2510,3.8000,-0.4500,3.8566,180.7128,357.3864,0.0000,0.0000,0.0000
26.998,538.0659,-0.1327,247.8810,0.2510,3.8000,-0.4500,3.8451,180.7134,357.2234,0.0000,0.0000,0.0000
27.124,537.8029,-0.1449,247.9639,0.2510,3.8000,-0.4500,3.8393,180.7137,357.1424,0.0000,0.0000,0.0000
27.247,537.5396,-0.1613,248.0499,0.2510,3.8000,-0.4500,3.8265,180.7143,356.9834,0.0000,0.0000,0.0000
27.358,537.2767,-0.1787,248.1383,0.2510,3.8000,-0.4500,3.8194,180.7147,356.9020,0.0000,0.0000,0.0000
27.472,537.0572,-0.1952,248.2140,0.2510,3.8000,-0.4500,3.8123,180.7151,356.8217,0.0000,0.0000,0.0000
27.581,536.7942,-0.2164,248.3068,0.2510,3.8000,-0.4500,3.8046,180.7155,356.7416,0.0000,0.0000,0.0000
27.706,536.5309,-0.2394,248.4015,0.2510,3.8000,-0.4500,3.7960,180.7160,356.6594,0.0000,0.0000,0.0000
27.832,536.2675,-0.2640,248.4983,0.2510,3.8000,-0.4500,3.7874,180.7165,356.5777,0.0000,0.0000,0.0000
27.957,536.0049,-0.2883,248.5969,0.2510,3.8000,-0.4500,3.7874,180.7165,356.5777,0.0000,0.0000,0.0000
28.067,535.7411,-0.3166,248.6972,0.2510,3.8000,-0.4500,3.7678,180.7177,356.4190,0.0000,0.0000,0.0000
28.192,535.4782,-0.3429,248.7994,0.2510,3.8000,-0.4500,3.7678,180.7177,356.4190,0.0000,0.0000,0.0000
28.316,535.2149,-0.3699,248.9028,0.2510,3.8000,-0.4500,3.7678,180.7177,356.4190,0.0000,0.0000,0.0000
28.442,534.9077,-0.4022,249.0245,0.2510,3.8000,-0.4500,3.7678,180.7177,356.4190,0.0000,0.0000,0.0000
28.567,534.6444,-0.4304,249.1292,0.2510,3.8000,-0.4500,3.7678,180.7177,356.4190,0.0000,0.0000,0.0000
28.691,534.3811,-0.4590,249.2342,0.2510,3.8000,-0.4500,3.7678,180.7177,356.4190,0.0000,0.0000,0.0000
28.816,534.1179,-0.4878,249.3393,0.2510,3.8000,-0.4500,3.7678,180.7177,356.4190,0.0000,0.0000,0.0000
28.927,533.8554,-0.5168,249.4447,0.2510,3.8000,-0.4500,3.7678,180.7177,356.4190,0.0000,0.0000,0.0000
29.028,533.6368,-0.5411,249.5330,0.2510,3.8000,-0.4500,3.7678,180.7177,356.4190,0.0000,0.0000,0.0000
29.150,533.3746,-0.5704,249.6393,0.2510,3.8000,-0.4500,3.7678,180.7177,356.4190,0.0000,0.0000,0.0000
29.275,533.1117,-0.6013,249.7464,0.2510,3.8000,-0.4500,3.7462,180.7191,356.3446,0.0000,0.0000,0.0000
29.386,532.8494,-0.6308,249.8538,0.2510,3.8000,-0.4500,3.7462,180.7191,356.3446,0.0000,0.0000,0.0000
29.510,532.5872,-0.6605,249.9613,0.2510,3.8000,-0.4500,3.7462,180.7191,356.3446,0.0000,0.0000,0.0000
29.622,532.3248,-0.6905,250.0668,0.2510,3.8000,-0.4500,3.7462,180.7191,356.3446,0.0000,0.0000,0.0000
29.747,532.0616,-0.7212,250.1666,0.2510,3.8000,-0.4500,3.7462,180.7191,356.3446,0.0000,0.0000,0.0000
29.872,531.7984,-0.7524,250.2618,0.2510,3.8000,-0.4500,3.7462,180.7191,356.3446,0.0000,0.0000,0.0000
29.972,531.5789,-0.7798,250.3087,0.2510,3.8000,-0.4500,3.7462,180.7191,356.3446,0.0000,0.0000,0.0000
30.083,531.3162,-0.8175,250.2874,0.2510,3.8000,-0.4500,3.7462,180.7191,356.3446,0.0000,0.0000,0.0000
30.191,531.0979,-0.8516,250.2289,0.2510,3.8000,-0.4500,3.7462,180.7191,356.3446,0.0000,0.0000,0.0000
30.316,530.8370,-0.8947,250.1279,0.2510,3.8000,-0.4500,3.7462,180.7191,356.3446,0.0000,0.0000,0.0000
30.427,530.5771,-0.9395,250.0034,0.2510,3.8000,-0.4500,3.7462,180.7191,356.3446,0.0000,0.0000,0.0000
30.538,530.3181,-0.9854,249.8627,0.2510,3.8000,-0.4500,3.7462,180.7191,356.3446,0.0000,0.0000,0.0000
30.650,530.1026,-1.0243,249.7368,0.2510,3.8000,-0.4500,3.7462,180.7191,356.3446,0.0000,0.0000,0.0000
30.763,529.8444,-1.0739,249.5798,0.2510,3.8000,-0.4500,3.6115,180.7278,356.2570,0.0000,0.0000,0.0000
30.886,529.5876,-1.1212,249.4157,0.2510,3.8000,-0.4500,3.6115,180.7278,356.2570,0.0000,0.0000,0.0000
31.010,529.3311,-1.1686,249.2480,0.2510,3.8000,-0.4500,3.6115,180.7278,356.2570,0.0000,0.0000,0.0000
31.121,529.0739,-1.2167,249.0887,0.2510,3.8000,-0.4500,3.5367,180.7327,356.2332,0.0000,0.0000,0.0000
31.247,528.8157,-1.2632,248.9440,0.2510,3.8000,-0.4500,3.5367,180.7327,356.2332,0.0000,0.0000,0.0000
31.358,528.5565,-1.3099,248.8123,0.2510,3.8000,-0.4500,3.4583,180.7379,356.2188,0.0000,0.0000,0.0000
31.469,528.3398,-1.3491,248.7094,0.2510,3.8000,-0.4500,3.2957,180.7487,356.2090,0.0000,0.0000,0.0000
31.580,528.0798,-1.3947,248.5895,0.2510,3.8000,-0.4500,3.2171,180.7539,356.2057,0.0000,0.0000,0.0000
31.692,527.8632,-1.4319,248.4914,0.2510,3.8000,-0.4500,3.2171,180.7539,356.2057,0.0000,0.0000,0.0000
31.805,527.6033,-1.4764,248.3760,0.2510,3.8000,-0.4500,3.1384,180.7591,356.2190,0.0000,0.0000,0.0000
31.914,527.3866,-1.5128,248.2805,0.2510,3.8000,-0.4500,3.1384,180.7591,356.2190,0.0000,0.0000,0.0000
32.027,527.1269,-1.5562,248.1677,0.2510,3.8000,-0.4500,3.0599,180.7643,356.2377,0.0000,0.0000,0.0000
32.139,526.8677,-1.5987,248.0567,0.2510,3.8000,-0.4500,2.9039,180.7745,356.2925,0.0000,0.0000,0.0000
32.242,526.6516,-1.6334,247.9651,0.2510,3.8000,-0.4500,2.8282,180.7794,356.3213,0.0000,0.0000,0.0000
32.356,526.4352,-1.6674,247.8741,0.2510,3.8000,-0.4500,2.8282,180.7794,356.3213,0.0000,0.0000,0.0000
32.468,526.1758,-1.7065,247.7968,0.2510,3.8000,-0.4500,2.7568,180.7840,356.3591,0.0000,0.0000,0.0000
32.594,525.9172,-1.7413,247.7988,0.2510,3.8000,-0.4500,2.5517,180.7968,356.4891,0.0000,0.0000,0.0000
32.719,525.6142,-1.7793,247.8534,0.2510,3.8000,-0.4500,2.5517,180.7968,356.4891,0.0000,0.0000,0.0000
32.832,525.3981,-1.8048,247.9118,0.2510,3.8000,-0.4500,2.5517,180.7968,356.4891,0.0000,0.0000,0.0000
32.944,525.1387,-1.8338,247.9935,0.2510,3.8000,-0.4500,2.5517,180.7968,356.4891,0.0000,0.0000,0.0000
33.052,524.9232,-1.8563,248.0676,0.2510,3.8000,-0.4500,2.4932,180.8004,356.5450,0.0000,0.0000,0.0000
33.163,524.6642,-1.8827,248.1594,0.2510,3.8000,-0.4500,2.4932,180.8004,356.5450,0.0000,0.0000,0.0000
33.275,524.4487,-1.9037,248.2376,0.2510,3.8000,-0.4500,2.4932,180.8004,356.5450,0.0000,0.0000,0.0000
33.386,524.1908,-1.9273,248.3327,0.2510,3.8000,-0.4500,2.4411,180.8035,356.6094,0.0000,0.0000,0.0000
33.510,523.9321,-1.9508,248.4274,0.2510,3.8000,-0.4500,2.4411,180.8035,356.6095,0.0000,0.0000,0.0000
33.636,523.6735,-1.9736,248.5223,0.2510,3.8000,-0.4500,2.4411,180.8035,356.6095,0.0000,0.0000,0.0000
33.749,523.4152,-1.9960,248.6204,0.2510,3.8000,-0.4500,2.4411,180.8035,356.6095,0.0000,0.0000,0.0000
33.871,523.1572,-2.0182,248.7235,0.2510,3.8000,-0.4500,2.4411,180.8035,356.6094,0.0000,0.0000,0.0000
33.997,522.8996,-2.0407,248.8312,0.2510,3.8000,-0.4500,2.4411,180.8035,356.6094,0.0000,0.0000,0.0000
34.111,522.6423,-2.0637,248.9426,0.2510,3.8000,-0.4500,2.4411,180.8035,356.6095,0.0000,0.0000,0.0000
34.218,522.3848,-2.0872,249.0568,0.2510,3.8000,-0.4500,2.4411,180.8035,356.6094,0.0000,0.0000,0.0000
34.330,522.1706,-2.1072,249.1532,0.2510,3.8000,-0.4500,2.4411,180.8035,356.6095,0.0000,0.0000,0.0000
34.441,521.9133,-2.1312,249.2698,0.2510,3.8000,-0.4500,2.4411,180.8035,356.6095,0.0000,0.0000,0.0000
34.552,521.6984,-2.1510,249.3672,0.2510,3.8000,-0.4500,2.4411,180.8035,356.6095,0.0000,0.0000,0.0000
34.666,521.4406,-2.1741,249.4841,0.2510,3.8000,-0.4500,2.4411,180.8035,356.6095,0.0000,0.0000,0.0000
34.788,521.1824,-2.1960,249.6011,0.2510,3.8000,-0.4500,2.4411,180.8035,356.6095,0.0000,0.0000,0.0000
34.899,520.9244,-2.2163,249.7180,0.2510,3.8000,-0.4500,2.4411,180.8035,356.6095,0.0000,0.0000,0.0000
35.011,520.7095,-2.2318,249.8156,0.2510,3.8000,-0.4500,2.4411,180.8035,356.6095,0.0000,0.0000,0.0000
35.124,520.4512,-2.2484,249.9324,0.2510,3.8000,-0.4500,2.4411,180.8035,356.6095,0.0000,0.0000,0.0000
35.235,520.2361,-2.2604,250.0295,0.2510,3.8000,-0.4500,2.4411,180.8035,356.6095,0.0000,0.0000,0.0000
35.357,519.9779,-2.2724,250.1455,0.2510,3.8000,-0.4500,2.4411,180.8035,356.6095,0.0000,0.0000,0.0000
35.483,519.6765,-2.2829,250.2802,0.2510,3.8000,-0.4500,2.4411,180.8035,356.6095,0.0000,0.0000,0.0000
35.593,519.4614,-2.2881,250.3759,0.2510,3.8000,-0.4500,2.4411,180.8035,356.6095,0.0000,0.0000,0.0000
35.719,519.1606,-2.2904,250.5088,0.2510,3.8000,-0.4500,2.4966,180.8002,356.6706,0.0000,0.0000,0.0000
35.833,518.9458,-2.2892,250.6026,0.2510,3.8000,-0.4500,2.5511,180.7971,356.7320,0.0000,0.0000,0.0000
35.940,518.6884,-2.2855,250.7138,0.2510,3.8000,-0.4500,2.6022,180.7942,356.7964,0.0000,0.0000,0.0000
36.052,518.4745,-2.2771,250.8044,0.2510,3.8000,-0.4500,2.7420,180.7866,356.9968,0.0000,0.0000,0.0000
36.152,518.2596,-2.2716,250.8942,0.2510,3.8000,-0.4500,2.7420,180.7866,356.9968,0.0000,0.0000,0.0000
36.274,518.0019,-2.2630,251.0003,0.2510,3.8000,-0.4500,2.7420,180.7866,356.9968,0.0000,0.0000,0.0000
36.385,517.7452,-2.2490,251.1044,0.2510,3.8000,-0.4500,2.8104,180.7831,357.1517,0.0000,0.0000,0.0000
36.510,517.4883,-2.2350,251.2067,0.2510,3.8000,-0.4500,2.8389,180.7817,357.2257,0.0000,0.0000,0.0000
36.635,517.2311,-2.2212,251.3082,0.2510,3.8000,-0.4500,2.8389,180.7817,357.2257,0.0000,0.0000,0.0000
36.760,516.9329,-2.1989,251.4248,0.2510,3.8000,-0.4500,2.8801,180.7798,357.4761,0.0000,0.0000,0.0000
36.871,516.7191,-2.1858,251.5072,0.2510,3.8000,-0.4500,2.8801,180.7798,357.4761,0.0000,0.0000,0.0000
36.985,516.4639,-2.1671,251.6053,0.2510,3.8000,-0.4500,2.8694,180.7803,357.6367,0.0000,0.0000,0.0000
37.107,516.2091,-2.1487,251.7027,0.2510,3.8000,-0.4500,2.8273,180.7819,357.7989,0.0000,0.0000,0.0000
37.221,515.9537,-2.1332,251.7992,0.2510,3.8000,-0.4500,2.8273,180.7820,357.7989,0.0000,0.0000,0.0000
37.332,515.7421,-2.1185,251.8788,0.2510,3.8000,-0.4500,2.7599,180.7845,357.9539,0.0000,0.0000,0.0000
37.443,515.4884,-2.1012,251.9730,0.2510,3.8000,-0.4500,2.6293,180.7889,358.1718,0.0000,0.0000,0.0000
37.554,515.2763,-2.0897,252.0494,0.2510,3.8000,-0.4500,2.6293,180.7889,358.1718,0.0000,0.0000,0.0000
37.663,515.0222,-2.0750,252.1401,0.2510,3.8000,-0.4500,2.5224,180.7922,358.3043,0.0000,0.0000,0.0000
37.789,514.7681,-2.0614,252.2289,0.2510,3.8000,-0.4500,2.4171,180.7952,358.4295,0.0000,0.0000,0.0000
37.899,514.5132,-2.0505,252.3154,0.2510,3.8000,-0.4500,2.4171,180.7952,358.4295,0.0000,0.0000,0.0000
38.010,514.3015,-2.0416,252.3870,0.2510,3.8000,-0.4500,2.2932,180.7984,358.5364,0.0000,0.0000,0.0000
38.136,514.0471,-2.0335,252.4703,0.2510,3.8000,-0.4500,2.2271,180.8001,358.5861,0.0000,0.0000,0.0000
38.262,513.7510,-2.0267,252.5656,0.2510,3.8000,-0.4500,2.0121,180.8052,358.7227,0.0000,0.0000,0.0000
38.374,513.5392,-2.0248,252.6318,0.2510,3.8000,-0.4500,1.9347,180.8069,358.7584,0.0000,0.0000,0.0000
38.486,513.2849,-2.0257,252.7110,0.2510,3.8000,-0.4500,1.7015,180.8117,358.8582,0.0000,0.0000,0.0000
38.598,513.0302,-2.0308,252.7890,0.2510,3.8000,-0.4500,1.5410,180.8148,358.9027,0.0000,0.0000,0.0000
38.709,512.8182,-2.0390,252.8545,0.2510,3.8000,-0.4500,1.2974,180.8194,358.9543,0.0000,0.0000,0.0000
38.820,512.5638,-2.0528,252.9328,0.2510,3.8000,-0.4500,1.1322,180.8224,358.9731,0.0000,0.0000,0.0000
38.930,512.3518,-2.0691,252.9993,0.2510,3.8000,-0.4500,0.8834,180.8268,358.9927,0.0000,0.0000,0.0000
39.042,512.0969,-2.0936,253.0794,0.2510,3.8000,-0.4500,0.6361,180.8311,358.9925,0.0000,0.0000,0.0000
39.154,511.8845,-2.1184,253.1469,0.2510,3.8000,-0.4500,0.4609,180.8342,358.9827,0.0000,0.0000,0.0000
39.260,511.6297,-2.1550,253.2299,0.2510,3.8000,-0.4500,0.1195,180.8404,358.9565,0.0000,0.0000,0.0000
39.385,511.3748,-2.1974,253.3128,0.2510,3.8000,-0.4500,359.8596,180.8452,358.9225,0.0000,0.0000,0.0000
39.498,511.1189,-2.2460,253.3894,0.2510,3.8000,-0.4500,359.6075,180.8500,358.8864,0.0000,0.0000,0.0000
39.607,510.9052,-2.2916,253.4469,0.2510,3.8000,-0.4500,359.3659,180.8548,358.8461,0.0000,0.0000,0.0000
39.720,510.6479,-2.3515,253.5087,0.2510,3.8000,-0.4500,359.1205,180.8598,358.8029,0.0000,0.0000,0.0000
39.845,510.3898,-2.4190,253.5634,0.2510,3.8000,-0.4500,358.7103,180.8687,358.7284,0.0000,0.0000,0.0000
39.969,510.1311,-2.4890,253.6006,0.2510,3.8000,-0.4500,358.5403,180.8725,358.6983,0.0000,0.0000,0.0000
40.080,509.8723,-2.5640,253.6077,0.2510,3.8000,-0.4500,358.2873,180.8783,358.6546,0.0000,0.0000,0.0000
40.191,509.6570,-2.6302,253.5954,0.2510,3.8000,-0.4500,357.9589,180.8862,358.6056,0.0000,0.0000,0.0000
40.304,509.4000,-2.7089,253.5576,0.2510,3.8000,-0.4500,357.8759,180.8882,358.5961,0.0000,0.0000,0.0000
40.427,509.1440,-2.7916,253.5031,0.2510,3.8000,-0.4500,357.6257,180.8944,358.5713,0.0000,0.0000,0.0000
40.552,508.8891,-2.8753,253.4365,0.2510,3.8000,-0.4500,357.4601,180.8986,358.5612,0.0000,0.0000,0.0000
40.677,508.6347,-2.9606,253.3633,0.2510,3.8000,-0.4500,357.2935,180.9028,358.5554,0.0000,0.0000,0.0000
40.789,508.3808,-3.0470,253.2867,0.2510,3.8000,-0.4500,357.1274,180.9070,358.5595,0.0000,0.0000,0.0000
40.913,508.1270,-3.1336,253.2091,0.2510,3.8000,-0.4500,357.0475,180.9090,358.5638,0.0000,0.0000,0.0000
41.038,507.8312,-3.2353,253.1209,0.2510,3.8000,-0.4500,356.8806,180.9131,358.5864,0.0000,0.0000,0.0000
41.162,507.5772,-3.3214,253.0485,0.2510,3.8000,-0.4500,356.8806,180.9131,358.5864,0.0000,0.0000,0.0000
41.288,507.3224,-3.4080,253.0008,0.2510,3.8000,-0.4500,356.7187,180.9171,358.6311,0.0000,0.0000,0.0000
41.399,507.0666,-3.4953,252.9969,0.2510,3.8000,-0.4500,356.7187,180.9171,358.6311,0.0000,0.0000,0.0000
41.511,506.8536,-3.5679,253.0186,0.2510,3.8000,-0.4500,356.7187,180.9171,358.6311,0.0000,0.0000,0.0000
41.635,506.5997,-3.6528,253.0685,0.2510,3.8000,-0.4500,356.5927,180.9200,358.7374,0.0000,0.0000,0.0000
41.747,506.3463,-3.7351,253.1367,0.2510,3.8000,-0.4500,356.5348,180.9212,358.7908,0.0000,0.0000,0.0000
41.857,506.1357,-3.8007,253.2032,0.2510,3.8000,-0.4500,356.5348,180.9212,358.7908,0.0000,0.0000,0.0000
41.969,505.8839,-3.8744,253.2909,0.2510,3.8000,-0.4500,356.5348,180.9212,358.7908,0.0000,0.0000,0.0000
42.082,505.6341,-3.9372,253.3842,0.2510,3.8000,-0.4500,356.5226,180.9215,359.0394,0.0000,0.0000,0.0000
42.205,505.3853,-3.9900,253.4793,0.2510,3.8000,-0.4500,356.6090,180.9203,359.3675,0.0000,0.0000,0.0000
42.329,505.1357,-4.0372,253.5750,0.2510,3.8000,-0.4500,356.6927,180.9195,359.5207,0.0000,0.0000,0.0000
42.454,504.8878,-4.0704,253.6701,0.2510,3.8000,-0.4500,356.9317,180.9182,359.8763,0.0000,0.0000,0.0000
42.580,504.5984,-4.0983,253.7795,0.2510,3.8000,-0.4500,357.2313,180.9184,0.1803,0.0000,0.0000,0.0000
42.690,504.3914,-4.1105,253.8510,0.2510,3.8000,-0.4500,357.4189,180.9193,0.3449,0.0000,0.0000,0.0000
42.816,504.1433,-4.1118,253.9227,0.2510,3.8000,-0.4500,357.8226,180.9228,0.6526,0.0000,0.0000,0.0000
42.941,503.8528,-4.1024,253.9914,0.2510,3.8000,-0.4500,358.1801,180.9276,0.8918,0.0000,0.0000,0.0000
43.052,503.6457,-4.0863,254.0339,0.2510,3.8000,-0.4500,358.4631,180.9325,1.0702,0.0000,0.0000,0.0000
43.177,503.3979,-4.0570,254.0814,0.2510,3.8000,-0.4500,358.8332,180.9401,1.2852,0.0000,0.0000,0.0000
43.287,503.1507,-4.0188,254.1282,0.2510,3.8000,-0.4500,359.1292,180.9472,1.4475,0.0000,0.0000,0.0000
43.412,502.9054,-3.9678,254.1744,0.2510,3.8000,-0.4500,359.5952,180.9599,1.6838,0.0000,0.0000,0.0000
43.523,502.6608,-3.9098,254.2235,0.2510,3.8000,-0.4500,359.8940,180.9691,1.8245,0.0000,0.0000,0.0000
43.649,502.4179,-3.8399,254.2734,0.2510,3.8000,-0.4500,0.3617,180.9848,2.0244,0.0000,0.0000,0.0000
43.760,502.1756,-3.7644,254.3268,0.2510,3.8000,-0.4500,0.6017,180.9935,2.1161,0.0000,0.0000,0.0000
43.871,501.9753,-3.6918,254.3710,0.2510,3.8000,-0.4500,1.0213,181.0096,2.2631,0.0000,0.0000,0.0000
43.996,501.7354,-3.5993,254.4266,0.2510,3.8000,-0.4500,1.3457,181.0227,2.3647,0.0000,0.0000,0.0000
44.120,501.4572,-3.4803,254.4925,0.2510,3.8000,-0.4500,1.7491,181.0397,2.4853,0.0000,0.0000,0.0000
44.220,501.2596,-3.3876,254.5399,0.2510,3.8000,-0.4500,2.0704,181.0540,2.5843,0.0000,0.0000,0.0000
44.329,501.0627,-3.2896,254.5882,0.2510,3.8000,-0.4500,2.3177,181.0653,2.6701,0.0000,0.0000,0.0000
44.454,500.8283,-3.1623,254.6457,0.2510,3.8000,-0.4500,2.7158,181.0844,2.8197,0.0000,0.0000,0.0000
44.564,500.5950,-3.0281,254.7057,0.2510,3.8000,-0.4500,2.9579,181.0966,2.9272,0.0000,0.0000,0.0000
44.690,500.3638,-2.8839,254.7672,0.2510,3.8000,-0.4500,3.2710,181.1130,3.0745,0.0000,0.0000,0.0000
44.815,500.1345,-2.7311,254.8312,0.2510,3.8000,-0.4500,3.5808,181.1302,3.2399,0.0000,0.0000,0.0000
44.925,499.9066,-2.5716,254.8985,0.2510,3.8000,-0.4500,3.7991,181.1428,3.3632,0.0000,0.0000,0.0000
45.050,499.6811,-2.4032,254.9683,0.2510,3.8000,-0.4500,4.0837,181.1600,3.5370,0.0000,0.0000,0.0000
45.174,499.4569,-2.2305,255.0423,0.2510,3.8000,-0.4500,4.2180,181.1684,3.6232,0.0000,0.0000,0.0000
45.286,499.2347,-2.0503,255.1180,0.2510,3.8000,-0.4500,4.4192,181.1814,3.7580,0.0000,0.0000,0.0000
45.411,499.0141,-1.8647,255.1954,0.2510,3.8000,-0.4500,4.6171,181.1947,3.8980,0.0000,0.0000,0.0000
45.536,498.7943,-1.6760,255.2749,0.2510,3.8000,-0.4500,4.7435,181.2034,3.9913,0.0000,0.0000,0.0000
45.636,498.6115,-1.5182,255.3430,0.2510,3.8000,-0.4500,4.7435,181.2034,3.9913,0.0000,0.0000,0.0000
45.744,498.3930,-1.3250,255.4251,0.2510,3.8000,-0.4500,4.8079,181.2080,4.0410,0.0000,0.0000,0.0000
45.856,498.2112,-1.1639,255.4948,0.2510,3.8000,-0.4500,4.8079,181.2080,4.0410,0.0000,0.0000,0.0000
45.969,497.9937,-0.9685,255.5787,0.2510,3.8000,-0.4500,4.8710,181.2125,4.0913,0.0000,0.0000,0.0000
46.078,497.7762,-0.7748,255.6640,0.2510,3.8000,-0.4500,4.8710,181.2125,4.0913,0.0000,0.0000,0.0000
46.188,497.5949,-0.6143,255.7360,0.2510,3.8000,-0.4500,4.8710,181.2125,4.0913,0.0000,0.0000,0.0000
46.288,497.4135,-0.4554,255.8087,0.2510,3.8000,-0.4500,4.8710,181.2125,4.0913,0.0000,0.0000,0.0000
46.399,497.1955,-0.2677,255.8966,0.2510,3.8000,-0.4500,4.8710,181.2125,4.0913,0.0000,0.0000,0.0000
46.512,497.0135,-0.1144,255.9705,0.2510,3.8000,-0.4500,4.8710,181.2125,4.0913,0.0000,0.0000,0.0000
46.627,496.7944,0.0648,256.0599,0.2510,3.8000,-0.4500,4.8710,181.2125,4.0913,0.0000,0.0000,0.0000
46.728,496.6111,0.2096,256.1352,0.2510,3.8000,-0.4500,4.8710,181.2125,4.0913,0.0000,0.0000,0.0000
46.841,496.3901,0.3771,256.2265,0.2510,3.8000,-0.4500,4.8710,181.2125,4.0913,0.0000,0.0000,0.0000
46.966,496.1681,0.5368,256.3192,0.2510,3.8000,-0.4500,4.8710,181.2125,4.0913,0.0000,0.0000,0.0000
47.091,495.9442,0.6864,256.4139,0.2510,3.8000,-0.4500,4.8120,181.2083,4.0324,0.0000,0.0000,0.0000
47.203,495.7157,0.8192,256.5122,0.2510,3.8000,-0.4500,4.4396,181.1832,3.6615,0.0000,0.0000,0.0000
47.316,495.5245,0.9252,256.5919,0.2510,3.8000,-0.4500,4.2629,181.1721,3.4855,0.0000,0.0000,0.0000
47.439,495.2534,1.0596,256.7012,0.2510,3.8000,-0.4500,3.9622,181.1545,3.1836,0.0000,0.0000,0.0000
47.550,495.0569,1.1436,256.7779,0.2510,3.8000,-0.4500,3.6552,181.1382,2.8707,0.0000,0.0000,0.0000
47.662,494.8192,1.2352,256.8663,0.2510,3.8000,-0.4500,3.3653,181.1245,2.5696,0.0000,0.0000,0.0000
47.786,494.5793,1.3159,256.9507,0.2510,3.8000,-0.4500,3.1366,181.1147,2.3277,0.0000,0.0000,0.0000
47.899,494.3359,1.3802,257.0341,0.2510,3.8000,-0.4500,2.7756,181.1012,1.9342,0.0000,0.0000,0.0000
48.011,494.1313,1.4242,257.1019,0.2510,3.8000,-0.4500,2.4853,181.0922,1.6100,0.0000,0.0000,0.0000
48.134,493.8846,1.4685,257.1802,0.2510,3.8000,-0.4500,2.2649,181.0865,1.3572,0.0000,0.0000,0.0000
48.259,493.5930,1.4994,257.2713,0.2510,3.8000,-0.4500,1.8605,181.0786,0.8755,0.0000,0.0000,0.0000
48.383,493.3411,1.5126,257.3484,0.2510,3.8000,-0.4500,1.5406,181.0748,0.4788,0.0000,0.0000,0.0000
48.509,493.0881,1.5150,257.4247,0.2510,3.8000,-0.4500,1.2885,181.0734,0.1513,0.0000,0.0000,0.0000
48.622,492.8341,1.5066,257.5022,0.2510,3.8000,-0.4500,1.0903,181.0733,359.8830,0.0000,0.0000,0.0000
48.730,492.6208,1.4873,257.5692,0.2510,3.8000,-0.4500,0.8367,181.0747,359.5218,0.0000,0.0000,0.0000
48.842,492.3651,1.4574,257.6513,0.2510,3.8000,-0.4500,0.6487,181.0767,359.2422,0.0000,0.0000,0.0000
48.953,492.1506,1.4212,257.7227,0.2510,3.8000,-0.4500,0.4254,181.0803,358.8831,0.0000,0.0000,0.0000
49.065,491.8936,1.3712,257.8108,0.2510,3.8000,-0.4500,0.2544,181.0841,358.5896,0.0000,0.0000,0.0000
49.175,491.6787,1.3203,257.8874,0.2510,3.8000,-0.4500,0.0871,181.0886,358.2947,0.0000,0.0000,0.0000
49.286,491.4211,1.2513,257.9828,0.2510,3.8000,-0.4500,359.9238,181.0939,358.0077,0.0000,0.0000,0.0000
49.397,491.2059,1.1844,258.0655,0.2510,3.8000,-0.4500,359.7481,181.1005,357.7098,0.0000,0.0000,0.0000
49.510,490.9486,1.0979,258.1682,0.2510,3.8000,-0.4500,359.6143,181.1061,357.4917,0.0000,0.0000,0.0000
49.619,490.6902,0.9963,258.2765,0.2510,3.8000,-0.4500,359.3287,181.1197,357.0558,0.0000,0.0000,0.0000
49.731,490.4768,0.9109,258.3699,0.2510,3.8000,-0.4500,359.2780,181.1224,356.9853,0.0000,0.0000,0.0000
49.856,490.2194,0.7917,258.4882,0.2510,3.8000,-0.4500,358.9635,181.1401,356.5656,0.0000,0.0000,0.0000
49.967,489.9638,0.6688,258.6112,0.2510,3.8000,-0.4500,358.8051,181.1499,356.3756,0.0000,0.0000,0.0000
50.091,489.7086,0.5374,258.7385,0.2510,3.8000,-0.4500,358.6318,181.1611,356.1846,0.0000,0.0000,0.0000
50.205,489.4546,0.3999,258.8693,0.2510,3.8000,-0.4500,358.5172,181.1689,356.0629,0.0000,0.0000,0.0000
50.314,489.2424,0.2764,258.9813,0.2510,3.8000,-0.4500,358.2674,181.1866,355.8302,0.0000,0.0000,0.0000
50.427,488.9892,0.1285,259.1136,0.2510,3.8000,-0.4500,358.2017,181.1914,355.7771,0.0000,0.0000,0.0000
50.539,488.7357,-0.0260,259.2441,0.2510,3.8000,-0.4500,358.0681,181.2014,355.6719,0.0000,0.0000,0.0000
50.661,488.4822,-0.1857,259.3739,0.2510,3.8000,-0.4500,357.8638,181.2171,355.5362,0.0000,0.0000,0.0000
50.785,488.2294,-0.3455,259.5021,0.2510,3.8000,-0.4500,357.7904,181.2229,355.5001,0.0000,0.0000,0.0000
50.912,487.9766,-0.5070,259.6295,0.2510,3.8000,-0.4500,357.7163,181.2288,355.4649,0.0000,0.0000,0.0000
51.036,487.7240,-0.6694,259.7345,0.2510,3.8000,-0.4500,357.5627,181.2410,355.4195,0.0000,0.0000,0.0000
51.150,487.4713,-0.8239,259.7418,0.2510,3.8000,-0.4500,357.5627,181.2410,355.4195,0.0000,0.0000,0.0000
51.258,487.2185,-0.9725,259.6889,0.2510,3.8000,-0.4500,357.5627,181.2410,355.4195,0.0000,0.0000,0.0000
51.371,487.0085,-1.0926,259.6192,0.2510,3.8000,-0.4500,357.4046,181.2537,355.4548,0.0000,0.0000,0.0000
51.480,486.7569,-1.2304,259.5075,0.2510,3.8000,-0.4500,357.4046,181.2537,355.4548,0.0000,0.0000,0.0000
51.591,486.5493,-1.3391,259.3941,0.2510,3.8000,-0.4500,357.2073,181.2691,355.5909,0.0000,0.0000,0.0000
51.716,486.3013,-1.4625,259.2352,0.2510,3.8000,-0.4500,357.1097,181.2766,355.7202,0.0000,0.0000,0.0000
51.827,486.0550,-1.5778,259.0520,0.2510,3.8000,-0.4500,357.0323,181.2823,355.8628,0.0000,0.0000,0.0000
51.953,485.8110,-1.6831,258.8433,0.2510,3.8000,-0.4500,356.9557,181.2877,356.0951,0.0000,0.0000,0.0000
52.077,485.5690,-1.7779,258.6140,0.2510,3.8000,-0.4500,356.9069,181.2909,356.4225,0.0000,0.0000,0.0000
52.189,485.3273,-1.8638,258.3847,0.2510,3.8000,-0.4500,356.9189,181.2902,356.7733,0.0000,0.0000,0.0000
52.314,485.0833,-1.9444,258.1783,0.2510,3.8000,-0.4500,356.9426,181.2889,357.0249,0.0000,0.0000,0.0000
52.427,484.8385,-2.0141,257.9984,0.2510,3.8000,-0.4500,357.0367,181.2844,357.4564,0.0000,0.0000,0.0000
52.535,484.6319,-2.0703,257.8691,0.2510,3.8000,-0.4500,357.0797,181.2825,357.6211,0.0000,0.0000,0.0000
52.636,484.4256,-2.1158,257.7585,0.2510,3.8000,-0.4500,357.2196,181.2772,358.0354,0.0000,0.0000,0.0000
52.744,484.1751,-2.1682,257.6476,0.2510,3.8000,-0.4500,357.3123,181.2742,358.2726,0.0000,0.0000,0.0000
52.855,483.9668,-2.2008,257.5698,0.2510,3.8000,-0.4500,357.4931,181.2694,358.6731,0.0000,0.0000,0.0000
52.969,483.7143,-2.2372,257.4955,0.2510,3.8000,-0.4500,357.6056,181.2670,358.8965,0.0000,0.0000,0.0000
53.092,483.4615,-2.2628,257.4379,0.2510,3.8000,-0.4500,357.7754,181.2642,359.1991,0.0000,0.0000,0.0000
53.203,483.2090,-2.2763,257.3937,0.2510,3.8000,-0.4500,358.0518,181.2614,359.6322,0.0000,0.0000,0.0000
53.328,482.9548,-2.2860,257.3632,0.2510,3.8000,-0.4500,358.2042,181.2607,359.8388,0.0000,0.0000,0.0000
53.440,482.7004,-2.2872,257.3431,0.2510,3.8000,-0.4500,358.3595,181.2605,0.0379,0.0000,0.0000,0.0000
53.552,482.4893,-2.2795,257.3311,0.2510,3.8000,-0.4500,358.5953,181.2612,0.2964,0.0000,0.0000,0.0000
53.664,482.2354,-2.2664,257.3192,0.2510,3.8000,-0.4500,358.7700,181.2624,0.4740,0.0000,0.0000,0.0000
53.772,482.0249,-2.2481,257.3080,0.2510,3.8000,-0.4500,359.0233,181.2650,0.6846,0.0000,0.0000,0.0000
53.883,481.7720,-2.2243,257.2928,0.2510,3.8000,-0.4500,359.1541,181.2666,0.7781,0.0000,0.0000,0.0000
53.994,481.5625,-2.1971,257.2864,0.2510,3.8000,-0.4500,359.4425,181.2710,0.9471,0.0000,0.0000,0.0000
54.105,481.3108,-2.1646,257.2939,0.2510,3.8000,-0.4500,359.5209,181.2723,0.9806,0.0000,0.0000,0.0000
54.233,481.0603,-2.1238,257.3090,0.2510,3.8000,-0.4500,359.8406,181.2782,1.1034,0.0000,0.0000,0.0000
54.355,480.8100,-2.0802,257.3315,0.2510,3.8000,-0.4500,0.0936,181.2832,1.1612,0.0000,0.0000,0.0000
54.466,480.5602,-2.0338,257.3610,0.2510,3.8000,-0.4500,0.2591,181.2866,1.1925,0.0000,0.0000,0.0000
54.591,480.3109,-1.9826,257.3945,0.2510,3.8000,-0.4500,0.5916,181.2936,1.2171,0.0000,0.0000,0.0000
54.692,480.1031,-1.9383,257.4261,0.2510,3.8000,-0.4500,0.8464,181.2990,1.2078,0.0000,0.0000,0.0000
54.802,479.8542,-1.8837,257.4687,0.2510,3.8000,-0.4500,1.0116,181.3024,1.1963,0.0000,0.0000,0.0000
54.926,479.6051,-1.8267,257.5137,0.2510,3.8000,-0.4500,1.2572,181.3075,1.1564,0.0000,0.0000,0.0000
55.038,479.3554,-1.7680,257.5590,0.2510,3.8000,-0.4500,1.5862,181.3139,1.0757,0.0000,0.0000,0.0000
55.147,479.1471,-1.7188,257.5970,0.2510,3.8000,-0.4500,1.7539,181.3170,1.0173,0.0000,0.0000,0.0000
55.271,478.8962,-1.6592,257.6402,0.2510,3.8000,-0.4500,2.0762,181.3223,0.8935,0.0000,0.0000,0.0000
55.371,478.6869,-1.6097,257.6755,0.2510,3.8000,-0.4500,2.2280,181.3246,0.8176,0.0000,0.0000,0.0000
55.479,478.4349,-1.5505,257.7160,0.2510,3.8000,-0.4500,2.3785,181.3267,0.7386,0.0000,0.0000,0.0000
55.580,478.2235,-1.5026,257.7471,0.2510,3.8000,-0.4500,2.6674,181.3299,0.5561,0.0000,0.0000,0.0000
55.688,478.0120,-1.4551,257.7778,0.2510,3.8000,-0.4500,2.8061,181.3312,0.4536,0.0000,0.0000,0.0000
55.799,477.7572,-1.3999,257.8130,0.2510,3.8000,-0.4500,3.0050,181.3325,0.2983,0.0000,0.0000,0.0000
55.914,477.5439,-1.3559,257.8418,0.2510,3.8000,-0.4500,3.1896,181.3331,0.1248,0.0000,0.0000,0.0000
56.024,477.2877,-1.3045,257.8763,0.2510,3.8000,-0.4500,3.3054,181.3333,0.0049,0.0000,0.0000,0.0000
56.132,477.0728,-1.2647,257.9045,0.2510,3.8000,-0.4500,3.4695,181.3330,359.8148,0.0000,0.0000,0.0000
56.258,476.7715,-1.2117,257.9447,0.2510,3.8000,-0.4500,3.6177,181.3323,359.6197,0.0000,0.0000,0.0000
56.369,476.5556,-1.1767,257.9740,0.2510,3.8000,-0.4500,3.7104,181.3316,359.4819,0.0000,0.0000,0.0000
56.480,476.2944,-1.1408,258.0096,0.2510,3.8000,-0.4500,3.9167,181.3291,359.1169,0.0000,0.0000,0.0000
56.605,476.0349,-1.1038,258.0475,0.2510,3.8000,-0.4500,3.9167,181.3291,359.1169,0.0000,0.0000,0.0000
56.719,475.7725,-1.0757,258.0864,0.2510,3.8000,-0.4500,4.0507,181.3266,358.7927,0.0000,0.0000,0.0000
56.827,475.5537,-1.0550,258.1208,0.2510,3.8000,-0.4500,4.1293,181.3248,358.5627,0.0000,0.0000,0.0000
56.953,475.2918,-1.0313,258.1651,0.2510,3.8000,-0.4500,4.1505,181.3243,358.4807,0.0000,0.0000,0.0000
57.063,475.0284,-1.0148,258.2126,0.2510,3.8000,-0.4500,4.2101,181.3225,358.2327,0.0000,0.0000,0.0000
57.188,474.7650,-1.0016,258.2642,0.2510,3.8000,-0.4500,4.2379,181.3217,358.0719,0.0000,0.0000,0.0000
57.299,474.5008,-0.9945,258.3198,0.2510,3.8000,-0.4500,4.2652,181.3207,357.8242,0.0000,0.0000,0.0000
57.409,474.2807,-0.9914,258.3694,0.2510,3.8000,-0.4500,4.2753,181.3203,357.6588,0.0000,0.0000,0.0000
57.534,474.0166,-0.9915,258.4330,0.2510,3.8000,-0.4500,4.2771,181.3202,357.4941,0.0000,0.0000,0.0000
57.645,473.7518,-0.9976,258.5015,0.2510,3.8000,-0.4500,4.2670,181.3207,357.2448,0.0000,0.0000,0.0000
57.757,473.5318,-1.0039,258.5622,0.2510,3.8000,-0.4500,4.2577,181.3211,357.1621,0.0000,0.0000,0.0000
57.885,473.2232,-1.0199,258.6524,0.2510,3.8000,-0.4500,4.2237,181.3229,356.9180,0.0000,0.0000,0.0000
58.006,472.9590,-1.0372,258.7345,0.2510,3.8000,-0.4500,4.1884,181.3248,356.7579,0.0000,0.0000,0.0000
58.132,472.6956,-1.0550,258.8200,0.2510,3.8000,-0.4500,4.1884,181.3248,356.7579,0.0000,0.0000,0.0000
58.242,472.4312,-1.0810,258.9100,0.2510,3.8000,-0.4500,4.1181,181.3290,356.5198,0.0000,0.0000,0.0000
58.368,472.1679,-1.1052,259.0031,0.2510,3.8000,-0.4500,4.1181,181.3290,356.5198,0.0000,0.0000,0.0000
58.492,471.9041,-1.1352,259.0996,0.2510,3.8000,-0.4500,4.0565,181.3328,356.3727,0.0000,0.0000,0.0000
58.618,471.5973,-1.1692,259.2155,0.2510,3.8000,-0.4500,4.0566,181.3328,356.3727,0.0000,0.0000,0.0000
58.731,471.3777,-1.1980,259.3007,0.2510,3.8000,-0.4500,3.9703,181.3384,356.2318,0.0000,0.0000,0.0000
58.854,471.1151,-1.2298,259.4044,0.2510,3.8000,-0.4500,3.9703,181.3384,356.2318,0.0000,0.0000,0.0000
58.979,470.8089,-1.2675,259.5285,0.2510,3.8000,-0.4500,3.9703,181.3384,356.2318,0.0000,0.0000,0.0000
59.091,470.5904,-1.2943,259.6185,0.2510,3.8000,-0.4500,3.9703,181.3384,356.2318,0.0000,0.0000,0.0000
59.203,470.3282,-1.3259,259.7273,0.2510,3.8000,-0.4500,3.9703,181.3384,356.2318,0.0000,0.0000,0.0000
59.326,470.0663,-1.3563,259.8370,0.2510,3.8000,-0.4500,3.9704,181.3384,356.2318,0.0000,0.0000,0.0000
59.437,469.8482,-1.3802,259.9289,0.2510,3.8000,-0.4500,3.9704,181.3384,356.2318,0.0000,0.0000,0.0000
59.548,469.5866,-1.4066,260.0396,0.2510,3.8000,-0.4500,3.9704,181.3384,356.2318,0.0000,0.0000,0.0000
59.673,469.3254,-1.4300,260.1505,0.2510,3.8000,-0.4500,3.9704,181.3384,356.2318,0.0000,0.0000,0.0000
59.798,469.0209,-1.4526,260.2802,0.2510,3.8000,-0.4500,3.9704,181.3384,356.2318,0.0000,0.0000,0.0000
59.911,468.8039,-1.4651,260.3734,0.2510,3.8000,-0.4500,3.8975,181.3432,356.2701,0.0000,0.0000,0.0000
60.034,468.5443,-1.4752,260.4849,0.2510,3.8000,-0.4500,3.7653,181.3517,356.3635,0.0000,0.0000,0.0000
60.159,468.2417,-1.4798,260.6127,0.2510,3.8000,-0.4500,3.6567,181.3585,356.4807,0.0000,0.0000,0.0000
60.273,468.0267,-1.4762,260.7023,0.2510,3.8000,-0.4500,3.5345,181.3658,356.6992,0.0000,0.0000,0.0000
60.381,467.7690,-1.4663,260.8073,0.2510,3.8000,-0.4500,3.4537,181.3703,356.9378,0.0000,0.0000,0.0000
60.507,467.5113,-1.4510,260.9089,0.2510,3.8000,-0.4500,3.4108,181.3726,357.0981,0.0000,0.0000,0.0000
60.619,467.2555,-1.4241,261.0061,0.2510,3.8000,-0.4500,3.3656,181.3747,357.5348,0.0000,0.0000,0.0000
60.742,466.9988,-1.3936,261.0940,0.2510,3.8000,-0.4500,3.3606,181.3749,357.7835,0.0000,0.0000,0.0000
60.853,466.7846,-1.3636,261.1587,0.2510,3.8000,-0.4500,3.3628,181.3749,357.9499,0.0000,0.0000,0.0000
60.964,466.5291,-1.3169,261.2262,0.2510,3.8000,-0.4500,3.3942,181.3739,358.3897,0.0000,0.0000,0.0000
61.075,466.3148,-1.2777,261.2750,0.2510,3.8000,-0.4500,3.4017,181.3737,358.4738,0.0000,0.0000,0.0000
61.201,466.0172,-1.2085,261.3322,0.2510,3.8000,-0.4500,3.4559,181.3724,358.9115,0.0000,0.0000,0.0000
61.312,465.8053,-1.1526,261.3658,0.2510,3.8000,-0.4500,3.5067,181.3716,359.2456,0.0000,0.0000,0.0000
61.437,465.5512,-1.0801,261.3986,0.2510,3.8000,-0.4500,3.5642,181.3710,359.5729,0.0000,0.0000,0.0000
61.562,465.2550,-0.9891,261.4272,0.2510,3.8000,-0.4500,3.6101,181.3708,359.8167,0.0000,0.0000,0.0000
61.662,465.0457,-0.9136,261.4418,0.2510,3.8000,-0.4500,3.6920,181.3708,0.2293,0.0000,0.0000,0.0000
61.770,464.8351,-0.8396,261.4539,0.2510,3.8000,-0.4500,3.7086,181.3709,0.3125,0.0000,0.0000,0.0000
61.881,464.5858,-0.7387,261.4643,0.2510,3.8000,-0.4500,3.7909,181.3716,0.7293,0.0000,0.0000,0.0000
62.006,464.3364,-0.6360,261.4742,0.2510,3.8000,-0.4500,3.8218,181.3721,0.8981,0.0000,0.0000,0.0000
62.120,464.0891,-0.5256,261.4843,0.2510,3.8000,-0.4500,3.8656,181.3728,1.1502,0.0000,0.0000,0.0000
62.242,463.8445,-0.4081,261.4969,0.2510,3.8000,-0.4500,3.9158,181.3740,1.4787,0.0000,0.0000,0.0000
62.353,463.6406,-0.3096,261.5106,0.2510,3.8000,-0.4500,3.9254,181.3743,1.5587,0.0000,0.0000,0.0000
62.465,463.3988,-0.1843,261.5302,0.2510,3.8000,-0.4500,3.9504,181.3750,1.8103,0.0000,0.0000,0.0000
62.575,463.1984,-0.0775,261.5500,0.2510,3.8000,-0.4500,3.9597,181.3753,1.9752,0.0000,0.0000,0.0000
62.687,462.9598,0.0547,261.5777,0.2510,3.8000,-0.4500,3.9609,181.3754,2.2262,0.0000,0.0000,0.0000
62.812,462.7219,0.1869,261.6104,0.2510,3.8000,-0.4500,3.9599,181.3753,2.3062,0.0000,0.0000,0.0000
62.937,462.4850,0.3211,261.6464,0.2510,3.8000,-0.4500,3.9492,181.3749,2.3883,0.0000,0.0000,0.0000
63.049,462.2499,0.4576,261.6852,0.2510,3.8000,-0.4500,3.9205,181.3736,2.5531,0.0000,0.0000,0.0000
63.159,462.0152,0.5931,261.7273,0.2510,3.8000,-0.4500,3.8988,181.3726,2.6301,0.0000,0.0000,0.0000
63.284,461.7820,0.7289,261.7728,0.2510,3.8000,-0.4500,3.8358,181.3696,2.7820,0.0000,0.0000,0.0000
63.395,461.5878,0.8401,261.8136,0.2510,3.8000,-0.4500,3.7955,181.3677,2.8494,0.0000,0.0000,0.0000
63.520,461.3161,0.9924,261.8746,0.2510,3.8000,-0.4500,3.7389,181.3648,2.9108,0.0000,0.0000,0.0000
63.645,461.0832,1.1095,261.9310,0.2510,3.8000,-0.4500,3.6805,181.3618,2.9710,0.0000,0.0000,0.0000
63.756,460.8835,1.1531,261.9840,0.2510,3.8000,-0.4500,3.5489,181.3552,2.7736,0.0000,0.0000,0.0000
63.867,460.6295,1.1792,262.0480,0.2510,3.8000,-0.4500,3.2017,181.3418,1.3831,0.0000,0.0000,0.0000
63.993,460.3620,1.1559,262.0970,0.2510,3.8000,-0.4500,2.9775,181.3399,359.3809,0.0000,0.0000,0.0000
64.103,460.0935,1.1131,262.1334,0.2510,3.8000,-0.4500,2.8676,181.3424,358.0232,0.0000,0.0000,0.0000
64.229,459.8292,1.0868,262.1745,0.2510,3.8000,-0.4500,2.8248,181.3441,357.5789,0.0000,0.0000,0.0000
64.340,459.5672,1.0717,262.2234,0.2510,3.8000,-0.4500,2.8248,181.3441,357.5789,0.0000,0.0000,0.0000
64.453,459.3489,1.0626,262.2677,0.2510,3.8000,-0.4500,2.8248,181.3441,357.5789,0.0000,0.0000,0.0000
64.561,459.0870,1.0566,262.3231,0.2510,3.8000,-0.4500,2.8248,181.3441,357.5789,0.0000,0.0000,0.0000
64.686,458.8255,1.0563,262.3798,0.2510,3.8000,-0.4500,2.8248,181.3441,357.5789,0.0000,0.0000,0.0000
64.798,458.5644,1.0617,262.4371,0.2510,3.8000,-0.4500,2.8248,181.3441,357.5789,0.0000,0.0000,0.0000
64.923,458.3039,1.0723,262.4948,0.2510,3.8000,-0.4500,2.8248,181.3441,357.5789,0.0000,0.0000,0.0000
65.047,458.0461,1.0935,262.5521,0.2510,3.8000,-0.4500,2.7507,181.3470,357.9139,0.0000,0.0000,0.0000
65.159,457.7890,1.1196,262.6066,0.2510,3.8000,-0.4500,2.6930,181.3489,358.2420,0.0000,0.0000,0.0000
65.270,457.5738,1.1418,262.6489,0.2510,3.8000,-0.4500,2.6811,181.3493,358.3260,0.0000,0.0000,0.0000
65.381,457.3174,1.1766,262.6950,0.2510,3.8000,-0.4500,2.6359,181.3505,358.6627,0.0000,0.0000,0.0000
65.494,457.1034,1.2072,262.7286,0.2510,3.8000,-0.4500,2.6162,181.3509,358.8305,0.0000,0.0000,0.0000
65.603,456.8467,1.2474,262.7630,0.2510,3.8000,-0.4500,2.5970,181.3513,358.9977,0.0000,0.0000,0.0000
65.720,456.5915,1.2947,262.7910,0.2510,3.8000,-0.4500,2.5587,181.3518,359.3386,0.0000,0.0000,0.0000
65.836,456.3777,1.3339,262.8086,0.2510,3.8000,-0.4500,2.5488,181.3519,359.4229,0.0000,0.0000,0.0000
65.949,456.1227,1.3868,262.8235,0.2510,3.8000,-0.4500,2.5185,181.3522,359.6761,0.0000,0.0000,0.0000
66.061,455.8679,1.4430,262.8324,0.2510,3.8000,-0.4500,2.4853,181.3523,359.9221,0.0000,0.0000,0.0000
66.172,455.6556,1.4915,262.8362,0.2510,3.8000,-0.4500,2.4608,181.3523,0.0823,0.0000,0.0000,0.0000
66.297,455.4006,1.5504,262.8380,0.2510,3.8000,-0.4500,2.4468,181.3522,0.1627,0.0000,0.0000,0.0000
66.408,455.1475,1.6143,262.8387,0.2510,3.8000,-0.4500,2.4004,181.3520,0.4052,0.0000,0.0000,0.0000
66.519,454.8936,1.6763,262.8393,0.2510,3.8000,-0.4500,2.4004,181.3520,0.4052,0.0000,0.0000,0.0000
66.644,454.6420,1.7436,262.8411,0.2510,3.8000,-0.4500,2.3384,181.3514,0.6444,0.0000,0.0000,0.0000
66.755,454.4317,1.7974,262.8442,0.2510,3.8000,-0.4500,2.3384,181.3514,0.6444,0.0000,0.0000,0.0000
66.867,454.1808,1.8647,262.8496,0.2510,3.8000,-0.4500,2.2809,181.3507,0.7974,0.0000,0.0000,0.0000
66.991,453.9296,1.9298,262.8549,0.2510,3.8000,-0.4500,2.2809,181.3507,0.7974,0.0000,0.0000,0.0000
67.117,453.6805,1.9971,262.8566,0.2510,3.8000,-0.4500,2.1633,181.3488,1.0186,0.0000,0.0000,0.0000
67.228,453.4304,2.0604,262.8651,0.2510,3.8000,-0.4500,2.1633,181.3488,1.0186,0.0000,0.0000,0.0000
67.339,453.1809,2.1228,262.8785,0.2510,3.8000,-0.4500,2.1090,181.3479,1.0774,0.0000,0.0000,0.0000
67.464,452.9313,2.1823,262.8950,0.2510,3.8000,-0.4500,2.1090,181.3479,1.0774,0.0000,0.0000,0.0000
67.588,452.6826,2.2398,262.9150,0.2510,3.8000,-0.4500,1.9797,181.3453,1.1742,0.0000,0.0000,0.0000
67.689,452.4749,2.2846,262.9332,0.2510,3.8000,-0.4500,1.9797,181.3453,1.1742,0.0000,0.0000,0.0000
67.798,452.2259,2.3348,262.9582,0.2510,3.8000,-0.4500,1.8302,181.3421,1.2388,0.0000,0.0000,0.0000
67.924,451.9764,2.3804,262.9848,0.2510,3.8000,-0.4500,1.7509,181.3404,1.2573,0.0000,0.0000,0.0000
68.026,451.7682,2.4140,263.0091,0.2510,3.8000,-0.4500,1.5819,181.3367,1.2739,0.0000,0.0000,0.0000
68.142,451.5180,2.4493,263.0393,0.2510,3.8000,-0.4500,1.4162,181.3330,1.2701,0.0000,0.0000,0.0000
68.254,451.3087,2.4729,263.0661,0.2510,3.8000,-0.4500,1.1647,181.3275,1.2215,0.0000,0.0000,0.0000
68.366,451.0574,2.4980,263.0971,0.2510,3.8000,-0.4500,1.0841,181.3258,1.2025,0.0000,0.0000,0.0000
68.491,450.8047,2.5133,263.1299,0.2510,3.8000,-0.4500,0.7780,181.3197,1.0780,0.0000,0.0000,0.0000
68.602,450.5515,2.5241,263.1606,0.2510,3.8000,-0.4500,0.6334,181.3171,1.0041,0.0000,0.0000,0.0000
68.728,450.2968,2.5251,263.1913,0.2510,3.8000,-0.4500,0.3448,181.3125,0.8232,0.0000,0.0000,0.0000
68.841,450.0412,2.5204,263.2194,0.2510,3.8000,-0.4500,0.1437,181.3098,0.6778,0.0000,0.0000,0.0000
68.949,449.8277,2.5116,263.2406,0.2510,3.8000,-0.4500,0.0143,181.3084,0.5775,0.0000,0.0000,0.0000
69.075,449.5702,2.4936,263.2638,0.2510,3.8000,-0.4500,359.8229,181.3068,0.4201,0.0000,0.0000,0.0000
69.185,449.3116,2.4683,263.2838,0.2510,3.8000,-0.4500,359.6362,181.3056,0.2567,0.0000,0.0000,0.0000
69.310,449.0522,2.4356,263.3009,0.2510,3.8000,-0.4500,359.4497,181.3051,0.0858,0.0000,0.0000,0.0000
69.421,448.7911,2.3928,263.3163,0.2510,3.8000,-0.4500,359.1436,181.3054,359.7953,0.0000,0.0000,0.0000
69.535,448.5738,2.3551,263.3278,0.2510,3.8000,-0.4500,359.0262,181.3060,359.6811,0.0000,0.0000,0.0000
69.646,448.3130,2.3041,263.3424,0.2510,3.8000,-0.4500,358.9094,181.3067,359.5668,0.0000,0.0000,0.0000
69.768,448.0510,2.2432,263.3599,0.2510,3.8000,-0.4500,358.6652,181.3091,359.3265,0.0000,0.0000,0.0000
69.880,447.7898,2.1788,263.3800,0.2510,3.8000,-0.4500,358.5476,181.3106,359.2113,0.0000,0.0000,0.0000
69.992,447.5712,2.1169,263.4005,0.2510,3.8000,-0.4500,358.3080,181.3144,358.9788,0.0000,0.0000,0.0000
70.109,447.3106,2.0442,263.4273,0.2510,3.8000,-0.4500,358.3080,181.3144,358.9788,0.0000,0.0000,0.0000
70.224,447.0491,1.9613,263.4589,0.2510,3.8000,-0.4500,358.1221,181.3180,358.8038,0.0000,0.0000,0.0000
70.336,446.8315,1.8890,263.4881,0.2510,3.8000,-0.4500,358.0010,181.3206,358.6927,0.0000,0.0000,0.0000
70.448,446.5705,1.7968,263.5267,0.2510,3.8000,-0.4500,357.8157,181.3251,358.5290,0.0000,0.0000,0.0000
70.560,446.3103,1.7032,263.5682,0.2510,3.8000,-0.4500,357.7511,181.3268,358.4758,0.0000,0.0000,0.0000
70.673,446.0931,1.6204,263.6054,0.2510,3.8000,-0.4500,357.6202,181.3304,358.3705,0.0000,0.0000,0.0000
70.782,445.8327,1.5186,263.6526,0.2510,3.8000,-0.4500,357.4879,181.3343,358.2730,0.0000,0.0000,0.0000
70.893,445.6165,1.4338,263.6932,0.2510,3.8000,-0.4500,357.4879,181.3343,358.2730,0.0000,0.0000,0.0000
71.018,445.3137,1.3109,263.7528,0.2510,3.8000,-0.4500,357.4205,181.3363,358.2285,0.0000,0.0000,0.0000
71.131,445.0974,1.2199,263.7972,0.2510,3.8000,-0.4500,357.2794,181.3408,358.1454,0.0000,0.0000,0.0000
71.254,444.8384,1.1126,263.8513,0.2510,3.8000,-0.4500,357.2794,181.3408,358.1454,0.0000,0.0000,0.0000
71.368,444.5792,1.0023,263.9026,0.2510,3.8000,-0.4500,357.1281,181.3458,358.0848,0.0000,0.0000,0.0000
71.476,444.3637,0.9136,263.9158,0.2510,3.8000,-0.4500,357.1281,181.3458,358.0848,0.0000,0.0000,0.0000
71.601,444.0621,0.7922,263.9027,0.2510,3.8000,-0.4500,357.1281,181.3458,358.0848,0.0000,0.0000,0.0000
71.713,443.8470,0.7072,263.8809,0.2510,3.8000,-0.4500,357.1281,181.3458,358.0848,0.0000,0.0000,0.0000
71.838,443.5462,0.5892,263.8401,0.2510,3.8000,-0.4500,356.9633,181.3513,358.0826,0.0000,0.0000,0.0000
71.950,443.3318,0.5079,263.8036,0.2510,3.8000,-0.4500,356.9633,181.3513,358.0826,0.0000,0.0000,0.0000
72.063,443.0753,0.4126,263.7541,0.2510,3.8000,-0.4500,356.9633,181.3513,358.0826,0.0000,0.0000,0.0000
72.172,442.8627,0.3352,263.7098,0.2510,3.8000,-0.4500,356.7334,181.3588,358.1797,0.0000,0.0000,0.0000
72.297,442.6074,0.2451,263.6500,0.2510,3.8000,-0.4500,356.7334,181.3588,358.1797,0.0000,0.0000,0.0000
72.421,442.3109,0.1443,263.5751,0.2510,3.8000,-0.4500,356.6712,181.3608,358.2326,0.0000,0.0000,0.0000
72.532,442.0999,0.0757,263.5212,0.2510,3.8000,-0.4500,356.5547,181.3643,358.3504,0.0000,0.0000,0.0000
72.657,441.8463,-0.0047,263.4579,0.2510,3.8000,-0.4500,356.5056,181.3657,358.4160,0.0000,0.0000,0.0000
72.771,441.5929,-0.0823,263.3979,0.2510,3.8000,-0.4500,356.4574,181.3670,358.4825,0.0000,0.0000,0.0000
72.882,441.3403,-0.1551,263.3415,0.2510,3.8000,-0.4500,356.3364,181.3700,358.6981,0.0000,0.0000,0.0000
72.990,441.1286,-0.2163,263.2964,0.2510,3.8000,-0.4500,356.3364,181.3700,358.6981,0.0000,0.0000,0.0000
73.104,440.8763,-0.2840,263.2452,0.2510,3.8000,-0.4500,356.2448,181.3719,358.9331,0.0000,0.0000,0.0000
73.213,440.6648,-0.3416,263.2035,0.2510,3.8000,-0.4500,356.2448,181.3719,358.9331,0.0000,0.0000,0.0000
73.337,440.4119,-0.4079,263.1540,0.2510,3.8000,-0.4500,356.2209,181.3723,359.0099,0.0000,0.0000,0.0000
73.452,440.1592,-0.4727,263.1046,0.2510,3.8000,-0.4500,356.1976,181.3727,359.0873,0.0000,0.0000,0.0000
73.561,439.9064,-0.5381,263.0549,0.2510,3.8000,-0.4500,356.1976,181.3727,359.0873,0.0000,0.0000,0.0000
73.674,439.6963,-0.5915,263.0132,0.2510,3.8000,-0.4500,356.1703,181.3731,359.1638,0.0000,0.0000,0.0000
73.782,439.4437,-0.6574,262.9624,0.2510,3.8000,-0.4500,356.1703,181.3731,359.1638,0.0000,0.0000,0.0000
73.896,439.2334,-0.7129,262.9199,0.2510,3.8000,-0.4500,356.1703,181.3731,359.1638,0.0000,0.0000,0.0000
74.005,438.9813,-0.7796,262.8690,0.2510,3.8000,-0.4500,356.1297,181.3737,359.2345,0.0000,0.0000,0.0000
74.131,438.7290,-0.8481,262.8179,0.2510,3.8000,-0.4500,356.1297,181.3737,359.2345,0.0000,0.0000,0.0000
74.256,438.4771,-0.9168,262.7675,0.2510,3.8000,-0.4500,356.0796,181.3743,359.3009,0.0000,0.0000,0.0000
74.368,438.2254,-0.9856,262.7180,0.2510,3.8000,-0.4500,355.9748,181.3755,359.4254,0.0000,0.0000,0.0000
74.478,437.9729,-1.0564,262.6687,0.2510,3.8000,-0.4500,355.9748,181.3755,359.4254,0.0000,0.0000,0.0000
74.602,437.7209,-1.1269,262.6205,0.2510,3.8000,-0.4500,355.9155,181.3760,359.4834,0.0000,0.0000,0.0000
74.727,437.4695,-1.1969,262.5727,0.2510,3.8000,-0.4500,355.7932,181.3770,359.5988,0.0000,0.0000,0.0000
74.837,437.2593,-1.2559,262.5320,0.2510,3.8000,-0.4500,355.7932,181.3770,359.5988,0.0000,0.0000,0.0000
74.962,436.9665,-1.3362,262.4761,0.2510,3.8000,-0.4500,355.6127,181.3780,359.7711,0.0000,0.0000,0.0000
75.074,436.7567,-1.3939,262.4347,0.2510,3.8000,-0.4500,355.6127,181.3780,359.7711,0.0000,0.0000,0.0000
75.184,436.5057,-1.4614,262.3849,0.2510,3.8000,-0.4500,355.5572,181.3782,359.8310,0.0000,0.0000,0.0000
75.309,436.2549,-1.5274,262.3348,0.2510,3.8000,-0.4500,355.5032,181.3783,359.8918,0.0000,0.0000,0.0000
75.423,436.0049,-1.5908,262.2849,0.2510,3.8000,-0.4500,355.4000,181.3784,0.0251,0.0000,0.0000,0.0000
75.532,435.7964,-1.6426,262.2430,0.2510,3.8000,-0.4500,355.3505,181.3784,0.0908,0.0000,0.0000,0.0000
75.642,435.5464,-1.7027,262.1931,0.2510,3.8000,-0.4500,355.3091,181.3783,0.1584,0.0000,0.0000,0.0000
75.754,435.3386,-1.7508,262.1517,0.2510,3.8000,-0.4500,355.2700,181.3781,0.2285,0.0000,0.0000,0.0000
75.865,435.0891,-1.8061,262.1024,0.2510,3.8000,-0.4500,355.2342,181.3780,0.3016,0.0000,0.0000,0.0000
75.990,434.8409,-1.8575,262.0536,0.2510,3.8000,-0.4500,355.1721,181.3776,0.4545,0.0000,0.0000,0.0000
76.101,434.5930,-1.9057,262.0048,0.2510,3.8000,-0.4500,355.1203,181.3771,0.6093,0.0000,0.0000,0.0000
76.227,434.3450,-1.9519,261.9555,0.2510,3.8000,-0.4500,355.1001,181.3768,0.6874,0.0000,0.0000,0.0000
76.339,434.0976,-1.9948,261.9063,0.2510,3.8000,-0.4500,355.0828,181.3766,0.7669,0.0000,0.0000,0.0000
76.449,433.8925,-2.0264,261.8650,0.2510,3.8000,-0.4500,355.0557,181.3762,0.9316,0.0000,0.0000,0.0000
76.573,433.6465,-2.0617,261.8142,0.2510,3.8000,-0.4500,355.0393,181.3759,1.0918,0.0000,0.0000,0.0000
76.699,433.3597,-2.1002,261.7532,0.2510,3.8000,-0.4500,355.0333,181.3758,1.1731,0.0000,0.0000,0.0000
76.823,433.1152,-2.1279,261.6993,0.2510,3.8000,-0.4500,355.0303,181.3758,1.3377,0.0000,0.0000,0.0000
76.934,432.9123,-2.1478,261.6530,0.2510,3.8000,-0.4500,355.0345,181.3759,1.5009,0.0000,0.0000,0.0000
77.047,432.6686,-2.1707,261.5954,0.2510,3.8000,-0.4500,355.0399,181.3760,1.5826,0.0000,0.0000,0.0000
77.156,432.4668,-2.1855,261.5460,0.2510,3.8000,-0.4500,355.0543,181.3764,1.7478,0.0000,0.0000,0.0000
77.267,432.2245,-2.2025,261.4842,0.2510,3.8000,-0.4500,355.0637,181.3767,1.8285,0.0000,0.0000,0.0000
77.393,431.9829,-2.2166,261.4200,0.2510,3.8000,-0.4500,355.0735,181.3770,1.9093,0.0000,0.0000,0.0000
77.505,431.7427,-2.2264,261.3535,0.2510,3.8000,-0.4500,355.0970,181.3779,2.0701,0.0000,0.0000,0.0000
77.614,431.5420,-2.2350,261.2963,0.2510,3.8000,-0.4500,355.0970,181.3779,2.0701,0.0000,0.0000,0.0000
77.726,431.3025,-2.2416,261.2259,0.2510,3.8000,-0.4500,355.1100,181.3783,2.1491,0.0000,0.0000,0.0000
77.851,431.0641,-2.2445,261.1536,0.2510,3.8000,-0.4500,355.1379,181.3794,2.3091,0.0000,0.0000,0.0000
77.975,430.8249,-2.2484,261.0794,0.2510,3.8000,-0.4500,355.1379,181.3794,2.3091,0.0000,0.0000,0.0000
78.100,430.5472,-2.2493,260.9911,0.2510,3.8000,-0.4500,355.1525,181.3800,2.3881,0.0000,0.0000,0.0000
78.225,430.3103,-2.2467,260.9143,0.2510,3.8000,-0.4500,355.1821,181.3813,2.5489,0.0000,0.0000,0.0000
78.351,430.0725,-2.2459,260.8364,0.2510,3.8000,-0.4500,355.1821,181.3813,2.5489,0.0000,0.0000,0.0000
78.474,429.8350,-2.2441,260.7581,0.2510,3.8000,-0.4500,355.1821,181.3813,2.5489,0.0000,0.0000,0.0000
78.600,429.5597,-2.2380,260.6664,0.2510,3.8000,-0.4500,355.2088,181.3826,2.7059,0.0000,0.0000,0.0000
78.711,429.3625,-2.2352,260.5998,0.2510,3.8000,-0.4500,355.2088,181.3826,2.7059,0.0000,0.0000,0.0000
78.836,429.1259,-2.2315,260.5194,0.2510,3.8000,-0.4500,355.2088,181.3826,2.7059,0.0000,0.0000,0.0000
78.947,428.8894,-2.2274,260.4385,0.2510,3.8000,-0.4500,355.2088,181.3826,2.7059,0.0000,0.0000,0.0000
79.060,428.6530,-2.2232,260.3576,0.2510,3.8000,-0.4500,355.2088,181.3826,2.7059,0.0000,0.0000,0.0000
79.171,428.4561,-2.2197,260.2900,0.2510,3.8000,-0.4500,355.2088,181.3826,2.7060,0.0000,0.0000,0.0000
79.293,428.2197,-2.2155,260.2089,0.2510,3.8000,-0.4500,355.2088,181.3826,2.7060,0.0000,0.0000,0.0000
79.418,427.9440,-2.2109,260.1148,0.2510,3.8000,-0.4500,355.2088,181.3826,2.7060,0.0000,0.0000,0.0000
79.530,427.7470,-2.2078,260.0481,0.2510,3.8000,-0.4500,355.2088,181.3826,2.7060,0.0000,0.0000,0.0000
79.656,427.5104,-2.2043,259.9685,0.2510,3.8000,-0.4500,355.2088,181.3826,2.7059,0.0000,0.0000,0.0000
79.770,427.2739,-2.2012,259.8896,0.2510,3.8000,-0.4500,355.2088,181.3826,2.7059,0.0000,0.0000,0.0000
79.878,427.0373,-2.1983,259.8112,0.2510,3.8000,-0.4500,355.2088,181.3826,2.7059,0.0000,0.0000,0.0000
80.003,426.8004,-2.1956,259.7333,0.2510,3.8000,-0.4500,355.2088,181.3826,2.7059,0.0000,0.0000,0.0000
80.116,426.6030,-2.1935,259.6688,0.2510,3.8000,-0.4500,355.2088,181.3826,2.7059,0.0000,0.0000,0.0000
80.241,426.3265,-2.1906,259.5792,0.2510,3.8000,-0.4500,355.2088,181.3826,2.7059,0.0000,0.0000,0.0000
80.365,426.0894,-2.1881,259.5028,0.2510,3.8000,-0.4500,355.2088,181.3826,2.7059,0.0000,0.0000,0.0000
80.477,425.8916,-2.1857,259.4392,0.2510,3.8000,-0.4500,355.2088,181.3826,2.7059,0.0000,0.0000,0.0000
80.586,425.6543,-2.1826,259.3626,0.2510,3.8000,-0.4500,355.2088,181.3826,2.7059,0.0000,0.0000,0.0000
80.698,425.4169,-2.1789,259.2858,0.2510,3.8000,-0.4500,355.2088,181.3826,2.7059,0.0000,0.0000,0.0000
80.808,425.2191,-2.1753,259.2219,0.2510,3.8000,-0.4500,355.2088,181.3826,2.7059,0.0000,0.0000,0.0000
80.933,424.9816,-2.1700,259.1451,0.2510,3.8000,-0.4500,355.2088,181.3826,2.7059,0.0000,0.0000,0.0000
81.044,424.7442,-2.1636,259.0685,0.2510,3.8000,-0.4500,355.2088,181.3826,2.7060,0.0000,0.0000,0.0000
81.169,424.5071,-2.1545,258.9917,0.2510,3.8000,-0.4500,355.2693,181.3854,2.7581,0.0000,0.0000,0.0000
81.282,424.2702,-2.1437,258.9146,0.2510,3.8000,-0.4500,355.3313,181.3885,2.8068,0.0000,0.0000,0.0000
81.391,424.0730,-2.1319,258.8492,0.2510,3.8000,-0.4500,355.4707,181.3954,2.8904,0.0000,0.0000,0.0000
81.505,423.8362,-2.1176,258.7706,0.2510,3.8000,-0.4500,355.5443,181.3992,2.9250,0.0000,0.0000,0.0000
81.614,423.6393,-2.1026,258.7037,0.2510,3.8000,-0.4500,355.6952,181.4070,2.9888,0.0000,0.0000,0.0000
81.739,423.3635,-2.0797,258.6086,0.2510,3.8000,-0.4500,355.8499,181.4152,3.0403,0.0000,0.0000,0.0000
81.851,423.1668,-2.0604,258.5393,0.2510,3.8000,-0.4500,356.0090,181.4237,3.0852,0.0000,0.0000,0.0000
81.975,422.9309,-2.0350,258.4550,0.2510,3.8000,-0.4500,356.1673,181.4323,3.1233,0.0000,0.0000,0.0000
82.086,422.6953,-2.0065,258.3693,0.2510,3.8000,-0.4500,356.3303,181.4413,3.1573,0.0000,0.0000,0.0000
82.197,422.4993,-1.9798,258.2964,0.2510,3.8000,-0.4500,356.4944,181.4504,3.1877,0.0000,0.0000,0.0000
82.309,422.2643,-1.9450,258.2070,0.2510,3.8000,-0.4500,356.6599,181.4596,3.2155,0.0000,0.0000,0.0000
82.419,422.0299,-1.9056,258.1149,0.2510,3.8000,-0.4500,356.9044,181.4735,3.2535,0.0000,0.0000,0.0000
82.544,421.7959,-1.8623,258.0203,0.2510,3.8000,-0.4500,357.1646,181.4884,3.2895,0.0000,0.0000,0.0000
82.669,421.5623,-1.8159,257.9234,0.2510,3.8000,-0.4500,357.3319,181.4980,3.3122,0.0000,0.0000,0.0000
82.781,421.3294,-1.7637,257.8228,0.2510,3.8000,-0.4500,357.6765,181.5181,3.3563,0.0000,0.0000,0.0000
82.891,421.1356,-1.7183,257.7375,0.2510,3.8000,-0.4500,357.8417,181.5279,3.3771,0.0000,0.0000,0.0000
83.006,420.9036,-1.6595,257.6309,0.2510,3.8000,-0.4500,358.0897,181.5426,3.4082,0.0000,0.0000,0.0000
83.113,420.7106,-1.6086,257.5393,0.2510,3.8000,-0.4500,358.1706,181.5474,3.4183,0.0000,0.0000,0.0000
83.225,420.4801,-1.5403,257.4240,0.2510,3.8000,-0.4500,358.5908,181.5727,3.4713,0.0000,0.0000,0.0000
83.325,420.2879,-1.4838,257.3277,0.2510,3.8000,-0.4500,358.5908,181.5727,3.4713,0.0000,0.0000,0.0000
83.450,420.0584,-1.4071,257.2063,0.2510,3.8000,-0.4500,359.0945,181.6036,3.5369,0.0000,0.0000,0.0000
83.575,419.8288,-1.3314,257.0859,0.2510,3.8000,-0.4500,359.0945,181.6036,3.5369,0.0000,0.0000,0.0000
83.701,419.5620,-1.2333,256.9420,0.2510,3.8000,-0.4500,359.5095,181.6294,3.5962,0.0000,0.0000,0.0000
83.804,419.3714,-1.1617,256.8405,0.2510,3.8000,-0.4500,359.5946,181.6348,3.6106,0.0000,0.0000,0.0000
83.906,419.1813,-1.0849,256.7381,0.2510,3.8000,-0.4500,359.8506,181.6510,3.6570,0.0000,0.0000,0.0000
84.030,418.9537,-0.9887,256.6161,0.2510,3.8000,-0.4500,0.0936,181.6667,3.7139,0.0000,0.0000,0.0000
84.156,418.7266,-0.8881,256.4947,0.2510,3.8000,-0.4500,0.2531,181.6771,3.7586,0.0000,0.0000,0.0000
84.267,418.5007,-0.7796,256.3720,0.2510,3.8000,-0.4500,0.5706,181.6983,3.8689,0.0000,0.0000,0.0000
84.380,418.2755,-0.6663,256.2499,0.2510,3.8000,-0.4500,0.8041,181.7143,3.9672,0.0000,0.0000,0.0000
84.489,418.0885,-0.5679,256.1480,0.2510,3.8000,-0.4500,0.9594,181.7251,4.0425,0.0000,0.0000,0.0000
84.614,417.8650,-0.4452,256.0245,0.2510,3.8000,-0.4500,1.1122,181.7360,4.1192,0.0000,0.0000,0.0000
84.725,417.6430,-0.3157,255.8992,0.2510,3.8000,-0.4500,1.3337,181.7522,4.2428,0.0000,0.0000,0.0000
84.839,417.4227,-0.1794,255.7713,0.2510,3.8000,-0.4500,1.6192,181.7738,4.4166,0.0000,0.0000,0.0000
84.961,417.2033,-0.0394,255.6410,0.2510,3.8000,-0.4500,1.8294,181.7903,4.5524,0.0000,0.0000,0.0000
85.087,416.9848,0.1039,255.5076,0.2510,3.8000,-0.4500,1.9664,181.8014,4.6435,0.0000,0.0000,0.0000
85.197,416.8035,0.2259,255.3941,0.2510,3.8000,-0.4500,2.0364,181.8071,4.6905,0.0000,0.0000,0.0000
85.311,416.5876,0.3781,255.2537,0.2510,3.8000,-0.4500,2.2419,181.8242,4.8286,0.0000,0.0000,0.0000
85.433,416.3720,0.5311,255.1105,0.2510,3.8000,-0.4500,2.3088,181.8299,4.8728,0.0000,0.0000,0.0000
85.558,416.1225,0.7157,254.9382,0.2510,3.8000,-0.4500,2.5154,181.8477,5.0060,0.0000,0.0000,0.0000
85.683,415.9086,0.8732,254.7885,0.2510,3.8000,-0.4500,2.5154,181.8477,5.0060,0.0000,0.0000,0.0000
85.794,415.7314,1.0084,254.6609,0.2510,3.8000,-0.4500,2.6603,181.8606,5.0878,0.0000,0.0000,0.0000
85.905,415.5189,1.1700,254.5063,0.2510,3.8000,-0.4500,2.7305,181.8668,5.1250,0.0000,0.0000,0.0000
86.031,415.3069,1.3335,254.3492,0.2510,3.8000,-0.4500,2.8768,181.8801,5.1869,0.0000,0.0000,0.0000
86.156,415.0946,1.4958,254.2169,0.2510,3.8000,-0.4500,2.8768,181.8801,5.1869,0.0000,0.0000,0.0000
86.281,414.8476,1.6932,254.1949,0.2510,3.8000,-0.4500,2.8768,181.8801,5.1870,0.0000,0.0000,0.0000
86.394,414.6714,1.8376,254.2317,0.2510,3.8000,-0.4500,2.8768,181.8801,5.1870,0.0000,0.0000,0.0000
86.504,414.4600,2.0140,254.3057,0.2510,3.8000,-0.4500,3.0402,181.8949,5.1981,0.0000,0.0000,0.0000
86.613,414.2836,2.1598,254.3834,0.2510,3.8000,-0.4500,3.0402,181.8949,5.1981,0.0000,0.0000,0.0000
86.725,414.0715,2.3336,254.4872,0.2510,3.8000,-0.4500,3.0402,181.8949,5.1981,0.0000,0.0000,0.0000
86.836,413.8937,2.4767,254.5777,0.2510,3.8000,-0.4500,3.1912,181.9086,5.1383,0.0000,0.0000,0.0000
86.961,413.6442,2.6727,254.7095,0.2510,3.8000,-0.4500,3.1912,181.9086,5.1384,0.0000,0.0000,0.0000
87.074,413.4636,2.8073,254.8038,0.2510,3.8000,-0.4500,3.3689,181.9244,4.9712,0.0000,0.0000,0.0000
87.183,413.2470,2.9655,254.9189,0.2510,3.8000,-0.4500,3.3689,181.9244,4.9712,0.0000,0.0000,0.0000
87.308,413.0261,3.1126,255.0341,0.2510,3.8000,-0.4500,3.4906,181.9347,4.6618,0.0000,0.0000,0.0000
87.420,412.8043,3.2538,255.1483,0.2510,3.8000,-0.4500,3.5072,181.9360,4.5020,0.0000,0.0000,0.0000
87.532,412.6158,3.3612,255.2430,0.2510,3.8000,-0.4500,3.4880,181.9346,4.1591,0.0000,0.0000,0.0000
87.641,412.3879,3.4822,255.3540,0.2510,3.8000,-0.4500,3.4077,181.9290,3.8358,0.0000,0.0000,0.0000
87.752,412.1960,3.5758,255.4439,0.2510,3.8000,-0.4500,3.3250,181.9236,3.5997,0.0000,0.0000,0.0000
87.877,411.9230,3.6901,255.5656,0.2510,3.8000,-0.4500,3.0827,181.9094,3.1226,0.0000,0.0000,0.0000
87.989,411.7257,3.7627,255.6481,0.2510,3.8000,-0.4500,2.9093,181.9003,2.8281,0.0000,0.0000,0.0000
88.099,411.4861,3.8376,255.7421,0.2510,3.8000,-0.4500,2.6615,181.8889,2.4623,0.0000,0.0000,0.0000
88.211,411.2841,3.8888,255.8167,0.2510,3.8000,-0.4500,2.4038,181.8786,2.1069,0.0000,0.0000,0.0000
88.322,411.0391,3.9383,255.9011,0.2510,3.8000,-0.4500,2.0955,181.8683,1.7070,0.0000,0.0000,0.0000
88.433,410.8335,3.9705,255.9670,0.2510,3.8000,-0.4500,1.8878,181.8626,1.4493,0.0000,0.0000,0.0000
88.557,410.5839,3.9939,256.0431,0.2510,3.8000,-0.4500,1.5496,181.8553,1.0456,0.0000,0.0000,0.0000
88.683,410.2900,4.0028,256.1292,0.2510,3.8000,-0.4500,1.1408,181.8495,0.5740,0.0000,0.0000,0.0000
88.811,410.0363,3.9948,256.2016,0.2510,3.8000,-0.4500,0.7879,181.8472,0.1802,0.0000,0.0000,0.0000
88.920,409.7813,3.9723,256.2748,0.2510,3.8000,-0.4500,0.4305,181.8473,359.7932,0.0000,0.0000,0.0000
89.029,409.5681,3.9423,256.3380,0.2510,3.8000,-0.4500,0.1282,181.8492,359.4751,0.0000,0.0000,0.0000
89.144,409.3117,3.8931,256.4173,0.2510,3.8000,-0.4500,359.7604,181.8538,359.0994,0.0000,0.0000,0.0000
89.253,409.0976,3.8412,256.4867,0.2510,3.8000,-0.4500,359.4505,181.8595,358.7926,0.0000,0.0000,0.0000
89.366,408.8407,3.7659,256.5743,0.2510,3.8000,-0.4500,359.0761,181.8685,358.4343,0.0000,0.0000,0.0000
89.488,408.5838,3.6768,256.6672,0.2510,3.8000,-0.4500,358.7008,181.8799,358.0891,0.0000,0.0000,0.0000
89.613,408.3275,3.5758,256.7651,0.2510,3.8000,-0.4500,358.3817,181.8914,357.8082,0.0000,0.0000,0.0000
89.725,408.0712,3.4602,256.8691,0.2510,3.8000,-0.4500,357.9856,181.9077,357.4744,0.0000,0.0000,0.0000
89.836,407.8584,3.3559,256.9599,0.2510,3.8000,-0.4500,357.7194,181.9200,357.2613,0.0000,0.0000,0.0000
89.946,407.6037,3.2197,257.0741,0.2510,3.8000,-0.4500,357.3848,181.9368,357.0060,0.0000,0.0000,0.0000
90.058,407.3501,3.0741,257.1936,0.2510,3.8000,-0.4500,357.1154,181.9513,356.8124,0.0000,0.0000,0.0000
90.168,407.1393,2.9438,257.2978,0.2510,3.8000,-0.4500,356.8334,181.9675,356.6230,0.0000,0.0000,0.0000
90.293,406.8874,2.7816,257.4266,0.2510,3.8000,-0.4500,356.6213,181.9803,356.4891,0.0000,0.0000,0.0000
90.406,406.6359,2.6083,257.5603,0.2510,3.8000,-0.4500,356.2570,182.0034,356.2808,0.0000,0.0000,0.0000
90.516,406.4273,2.4614,257.6734,0.2510,3.8000,-0.4500,356.1159,182.0126,356.2093,0.0000,0.0000,0.0000
90.641,406.1359,2.2484,257.8353,0.2510,3.8000,-0.4500,355.8974,182.0274,356.1092,0.0000,0.0000,0.0000
90.752,405.9283,2.0911,257.9537,0.2510,3.8000,-0.4500,355.6685,182.0432,356.0252,0.0000,0.0000,0.0000
90.863,405.6797,1.8997,258.0985,0.2510,3.8000,-0.4500,355.4280,182.0600,355.9609,0.0000,0.0000,0.0000
90.988,405.4319,1.7087,258.2444,0.2510,3.8000,-0.4500,355.4280,182.0600,355.9609,0.0000,0.0000,0.0000
91.113,405.1846,1.5146,258.3933,0.2510,3.8000,-0.4500,355.2659,182.0716,355.9409,0.0000,0.0000,0.0000
91.226,404.9378,1.3201,258.5446,0.2510,3.8000,-0.4500,355.0205,182.0890,355.9561,0.0000,0.0000,0.0000
91.349,404.6910,1.1286,258.6952,0.2510,3.8000,-0.4500,355.0205,182.0890,355.9561,0.0000,0.0000,0.0000
91.462,404.4450,0.9391,258.8485,0.2510,3.8000,-0.4500,354.8696,182.0997,356.0146,0.0000,0.0000,0.0000
91.571,404.2398,0.7839,258.9767,0.2510,3.8000,-0.4500,354.8696,182.0997,356.0146,0.0000,0.0000,0.0000
91.696,403.9951,0.6034,259.1337,0.2510,3.8000,-0.4500,354.6087,182.1174,356.2345,0.0000,0.0000,0.0000
91.810,403.7495,0.4277,259.2894,0.2510,3.8000,-0.4500,354.5652,182.1203,356.3045,0.0000,0.0000,0.0000
91.934,403.5044,0.2605,259.4454,0.2510,3.8000,-0.4500,354.4478,182.1277,356.5239,0.0000,0.0000,0.0000
92.038,403.2598,0.1032,259.6002,0.2510,3.8000,-0.4500,354.3737,182.1320,356.8495,0.0000,0.0000,0.0000
92.139,403.0549,-0.0229,259.7269,0.2510,3.8000,-0.4500,354.3572,182.1329,357.0149,0.0000,0.0000,0.0000
92.253,402.8511,-0.1377,259.8518,0.2510,3.8000,-0.4500,354.3734,182.1321,357.4360,0.0000,0.0000,0.0000
92.363,402.6050,-0.2694,259.9978,0.2510,3.8000,-0.4500,354.4317,182.1297,357.7598,0.0000,0.0000,0.0000
92.474,402.3995,-0.3716,260.1166,0.2510,3.8000,-0.4500,354.4950,182.1273,357.9962,0.0000,0.0000,0.0000
92.587,402.1534,-0.4820,260.2562,0.2510,3.8000,-0.4500,354.6319,182.1230,358.3886,0.0000,0.0000,0.0000
92.696,401.9476,-0.5674,260.3707,0.2510,3.8000,-0.4500,354.7275,182.1205,358.6167,0.0000,0.0000,0.0000
92.821,401.6601,-0.6723,260.5282,0.2510,3.8000,-0.4500,354.9111,182.1167,358.9950,0.0000,0.0000,0.0000
92.933,401.4556,-0.7352,260.6387,0.2510,3.8000,-0.4500,355.1235,182.1137,359.3698,0.0000,0.0000,0.0000
93.058,401.1684,-0.8153,260.7921,0.2510,3.8000,-0.4500,355.3019,182.1122,359.6539,0.0000,0.0000,0.0000
93.171,400.9649,-0.8594,260.9003,0.2510,3.8000,-0.4500,355.5583,182.1114,0.0154,0.0000,0.0000,0.0000
93.295,400.7198,-0.9076,261.0297,0.2510,3.8000,-0.4500,355.7103,182.1117,0.2151,0.0000,0.0000,0.0000
93.405,400.4767,-0.9402,261.1573,0.2510,3.8000,-0.4500,356.0528,182.1142,0.6049,0.0000,0.0000,0.0000
93.529,400.2332,-0.9677,261.2855,0.2510,3.8000,-0.4500,356.2339,182.1164,0.7855,0.0000,0.0000,0.0000
93.655,399.9913,-0.9826,261.4128,0.2510,3.8000,-0.4500,356.5526,182.1216,1.0716,0.0000,0.0000,0.0000
93.779,399.7096,-0.9908,261.5622,0.2510,3.8000,-0.4500,356.8392,182.1275,1.2834,0.0000,0.0000,0.0000
93.891,399.5091,-0.9889,261.6692,0.2510,3.8000,-0.4500,357.0520,182.1326,1.4314,0.0000,0.0000,0.0000
94.015,399.2698,-0.9760,261.7971,0.2510,3.8000,-0.4500,357.4197,182.1425,1.6664,0.0000,0.0000,0.0000
94.140,398.9909,-0.9529,261.9483,0.2510,3.8000,-0.4500,357.6313,182.1489,1.7992,0.0000,0.0000,0.0000
94.265,398.7545,-0.9169,262.0763,0.2510,3.8000,-0.4500,358.0921,182.1646,2.0893,0.0000,0.0000,0.0000
94.392,398.5187,-0.8738,262.2057,0.2510,3.8000,-0.4500,358.3781,182.1755,2.2730,0.0000,0.0000,0.0000
94.502,398.2852,-0.8176,262.3351,0.2510,3.8000,-0.4500,358.7975,182.1931,2.5509,0.0000,0.0000,0.0000
94.626,398.0526,-0.7536,262.4665,0.2510,3.8000,-0.4500,359.0740,182.2059,2.7401,0.0000,0.0000,0.0000
94.737,397.8599,-0.6924,262.5768,0.2510,3.8000,-0.4500,359.2906,182.2166,2.8913,0.0000,0.0000,0.0000
94.851,397.6307,-0.6089,262.7106,0.2510,3.8000,-0.4500,359.5742,182.2314,3.0912,0.0000,0.0000,0.0000
94.959,397.4038,-0.5138,262.8457,0.2510,3.8000,-0.4500,359.9203,182.2508,3.3387,0.0000,0.0000,0.0000
95.070,397.2158,-0.4287,262.9600,0.2510,3.8000,-0.4500,0.1242,182.2630,3.4851,0.0000,0.0000,0.0000
95.182,396.9927,-0.3155,263.0974,0.2510,3.8000,-0.4500,0.4740,182.2851,3.7361,0.0000,0.0000,0.0000
95.307,396.7714,-0.1934,263.2363,0.2510,3.8000,-0.4500,0.8100,182.3077,3.9743,0.0000,0.0000,0.0000
95.418,396.5510,-0.0665,263.3780,0.2510,3.8000,-0.4500,0.9523,182.3177,4.0725,0.0000,0.0000,0.0000
95.529,396.3695,0.0486,263.4954,0.2510,3.8000,-0.4500,1.2358,182.3384,4.2654,0.0000,0.0000,0.0000
95.654,396.1521,0.1897,263.6389,0.2510,3.8000,-0.4500,1.3785,182.3492,4.3577,0.0000,0.0000,0.0000
95.779,395.9012,0.3652,263.8066,0.2510,3.8000,-0.4500,1.6715,182.3719,4.5390,0.0000,0.0000,0.0000
95.890,395.7227,0.4942,263.9277,0.2510,3.8000,-0.4500,1.8158,182.3835,4.6241,0.0000,0.0000,0.0000
96.002,395.5099,0.6543,264.0738,0.2510,3.8000,-0.4500,2.0311,182.4012,4.7374,0.0000,0.0000,0.0000
96.113,395.3329,0.7892,264.1971,0.2510,3.8000,-0.4500,2.1030,182.4072,4.7724,0.0000,0.0000,0.0000
96.237,395.1217,0.9564,264.3446,0.2510,3.8000,-0.4500,2.3336,182.4266,4.8673,0.0000,0.0000,0.0000
96.363,394.8753,1.1519,264.5188,0.2510,3.8000,-0.4500,2.4101,182.4332,4.8903,0.0000,0.0000,0.0000
96.474,394.6998,1.2941,264.6425,0.2510,3.8000,-0.4500,2.5703,182.4469,4.9252,0.0000,0.0000,0.0000
96.587,394.4890,1.4641,264.7919,0.2510,3.8000,-0.4500,2.6487,182.4537,4.9404,0.0000,0.0000,0.0000
96.697,394.3130,1.6051,264.9170,0.2510,3.8000,-0.4500,2.6487,182.4537,4.9404,0.0000,0.0000,0.0000
96.821,394.0662,1.8027,265.0907,0.2510,3.8000,-0.4500,2.8094,182.4676,4.9294,0.0000,0.0000,0.0000
96.935,393.8893,1.9419,265.2149,0.2510,3.8000,-0.4500,2.8873,182.4743,4.9044,0.0000,0.0000,0.0000
97.043,393.6760,2.1067,265.3629,0.2510,3.8000,-0.4500,3.0384,182.4872,4.8449,0.0000,0.0000,0.0000
97.154,393.4973,2.2412,265.4861,0.2510,3.8000,-0.4500,3.1049,182.4928,4.7965,0.0000,0.0000,0.0000
97.265,393.2809,2.3985,265.6323,0.2510,3.8000,-0.4500,3.2915,182.5083,4.6417,0.0000,0.0000,0.0000
97.391,393.0625,2.5504,265.7774,0.2510,3.8000,-0.4500,3.4361,182.5198,4.4425,0.0000,0.0000,0.0000
97.503,392.8427,2.6977,265.9211,0.2510,3.8000,-0.4500,3.5137,182.5257,4.2915,0.0000,0.0000,0.0000
97.612,392.6577,2.8159,266.0389,0.2510,3.8000,-0.4500,3.5849,182.5310,4.1383,0.0000,0.0000,0.0000
97.724,392.4321,2.9491,266.1778,0.2510,3.8000,-0.4500,3.7101,182.5396,3.7456,0.0000,0.0000,0.0000
97.834,392.2434,3.0575,266.2911,0.2510,3.8000,-0.4500,3.7451,182.5419,3.5802,0.0000,0.0000,0.0000
97.959,391.9757,3.2000,266.4459,0.2510,3.8000,-0.4500,3.8029,182.5454,3.2487,0.0000,0.0000,0.0000
98.071,391.7817,3.2941,266.5538,0.2510,3.8000,-0.4500,3.8437,182.5476,2.9121,0.0000,0.0000,0.0000
98.195,391.5478,3.4028,266.6801,0.2510,3.8000,-0.4500,3.8635,182.5485,2.6638,0.0000,0.0000,0.0000
98.308,391.3099,3.5003,266.8036,0.2510,3.8000,-0.4500,3.8817,182.5493,2.2343,0.0000,0.0000,0.0000
98.418,391.0703,3.5904,266.9243,0.2510,3.8000,-0.4500,3.8768,182.5491,1.8794,0.0000,0.0000,0.0000
98.531,390.8683,3.6576,267.0232,0.2510,3.8000,-0.4500,3.8611,182.5487,1.5370,0.0000,0.0000,0.0000
98.640,390.6244,3.7301,267.1403,0.2510,3.8000,-0.4500,3.8214,182.5477,1.1854,0.0000,0.0000,0.0000
98.766,390.3771,3.7893,267.2572,0.2510,3.8000,-0.4500,3.7400,182.5464,0.6793,0.0000,0.0000,0.0000
98.876,390.1707,3.8332,267.3540,0.2510,3.8000,-0.4500,3.6818,182.5459,0.4322,0.0000,0.0000,0.0000
99.001,389.8784,3.8782,267.4909,0.2510,3.8000,-0.4500,3.5425,182.5454,359.9418,0.0000,0.0000,0.0000
99.128,389.6260,3.9021,267.6103,0.2510,3.8000,-0.4500,3.3685,182.5464,359.4690,0.0000,0.0000,0.0000
99.253,389.3727,3.9147,267.7319,0.2510,3.8000,-0.4500,3.1956,182.5486,359.0794,0.0000,0.0000,0.0000
99.356,389.1603,3.9137,267.8360,0.2510,3.8000,-0.4500,3.0017,182.5524,358.6956,0.0000,0.0000,0.0000
99.460,388.9048,3.9002,267.9649,0.2510,3.8000,-0.4500,2.7513,182.5590,358.2609,0.0000,0.0000,0.0000
99.571,388.6917,3.8786,268.0759,0.2510,3.8000,-0.4500,2.5268,182.5665,357.9153,0.0000,0.0000,0.0000
99.681,388.4363,3.8428,268.2135,0.2510,3.8000,-0.4500,2.3316,182.5741,357.6436,0.0000,0.0000,0.0000
99.792,388.2227,3.7985,268.3333,0.2510,3.8000,-0.4500,2.0395,182.5871,357.2759,0.0000,0.0000,0.0000
99.906,387.9666,3.7326,268.4827,0.2510,3.8000,-0.4500,1.6752,182.6058,356.8558,0.0000,0.0000,0.0000
100.017,387.7538,3.6672,268.6123,0.2510,3.8000,-0.4500,1.3696,182.6235,356.5358,0.0000,0.0000,0.0000
100.126,387.4990,3.5764,268.7739,0.2510,3.8000,-0.4500,0.9971,182.6472,356.1823,0.0000,0.0000,0.0000
100.251,387.2453,3.4722,268.9420,0.2510,3.8000,-0.4500,0.6155,182.6738,355.8578,0.0000,0.0000,0.0000
100.362,386.9928,3.3562,269.1160,0.2510,3.8000,-0.4500,0.2778,182.6990,355.6022,0.0000,0.0000,0.0000
100.473,386.7831,3.2486,269.2661,0.2510,3.8000,-0.4500,359.9255,182.7269,355.3600,0.0000,0.0000,0.0000
100.584,386.5327,3.1115,269.4508,0.2510,3.8000,-0.4500,359.6367,182.7508,355.1833,0.0000,0.0000,0.0000
100.684,386.3249,2.9862,269.6096,0.2510,3.8000,-0.4500,359.2484,182.7842,354.9729,0.0000,0.0000,0.0000
100.794,386.1180,2.8552,269.7712,0.2510,3.8000,-0.4500,358.9386,182.8119,354.8279,0.0000,0.0000,0.0000
100.918,385.8299,2.6621,270.0018,0.2510,3.8000,-0.4500,358.5560,182.8470,354.6779,0.0000,0.0000,0.0000
101.028,385.6251,2.5170,270.1700,0.2510,3.8000,-0.4500,358.2397,182.8768,354.5825,0.0000,0.0000,0.0000
101.154,385.3803,2.3375,270.3735,0.2510,3.8000,-0.4500,357.9154,182.9078,354.5146,0.0000,0.0000,0.0000
101.266,385.1363,2.1534,270.5781,0.2510,3.8000,-0.4500,357.6718,182.9313,354.4832,0.0000,0.0000,0.0000
101.389,384.8931,1.9645,270.7839,0.2510,3.8000,-0.4500,357.3410,182.9633,354.4723,0.0000,0.0000,0.0000
101.513,384.6505,1.7736,270.9883,0.2510,3.8000,-0.4500,357.0054,182.9957,354.5142,0.0000,0.0000,0.0000
101.638,384.3673,1.5510,271.2208,0.2510,3.8000,-0.4500,356.7717,183.0181,354.5713,0.0000,0.0000,0.0000
101.750,384.1654,1.3926,271.3843,0.2510,3.8000,-0.4500,356.4716,183.0463,354.6932,0.0000,0.0000,0.0000
101.850,383.9624,1.2366,271.5377,0.2510,3.8000,-0.4500,356.3321,183.0592,354.7812,0.0000,0.0000,0.0000
101.958,383.7174,1.0539,271.6917,0.2510,3.8000,-0.4500,356.1325,183.0772,354.9252,0.0000,0.0000,0.0000
102.069,383.5125,0.9128,271.7328,0.2510,3.8000,-0.4500,355.9085,183.0967,355.1680,0.0000,0.0000,0.0000
102.194,383.2643,0.7546,271.7070,0.2510,3.8000,-0.4500,355.7682,183.1084,355.3622,0.0000,0.0000,0.0000
102.319,382.9752,0.5871,271.6154,0.2510,3.8000,-0.4500,355.5959,183.1219,355.7401,0.0000,0.0000,0.0000
102.430,382.7686,0.4762,271.5243,0.2510,3.8000,-0.4500,355.5292,183.1267,355.9852,0.0000,0.0000,0.0000
102.542,382.5205,0.3514,271.4003,0.2510,3.8000,-0.4500,355.4775,183.1302,356.2305,0.0000,0.0000,0.0000
102.655,382.3146,0.2570,271.2933,0.2510,3.8000,-0.4500,355.4497,183.1320,356.5885,0.0000,0.0000,0.0000
102.766,382.0664,0.1501,271.1664,0.2510,3.8000,-0.4500,355.4440,183.1323,356.9334,0.0000,0.0000,0.0000
102.874,381.8588,0.0665,271.0688,0.2510,3.8000,-0.4500,355.4567,183.1317,357.1866,0.0000,0.0000,0.0000
102.986,381.6092,-0.0251,271.0056,0.2510,3.8000,-0.4500,355.5186,183.1289,357.6910,0.0000,0.0000,0.0000
103.110,381.3579,-0.1182,271.0166,0.2510,3.8000,-0.4500,355.5681,183.1270,357.9456,0.0000,0.0000,0.0000
103.222,381.1082,-0.2049,271.0790,0.2510,3.8000,-0.4500,355.6422,183.1246,358.2773,0.0000,0.0000,0.0000
103.333,380.9016,-0.2713,271.1582,0.2510,3.8000,-0.4500,355.7371,183.1220,358.6043,0.0000,0.0000,0.0000
103.444,380.6538,-0.3492,271.2758,0.2510,3.8000,-0.4500,355.7877,183.1208,358.7624,0.0000,0.0000,0.0000
103.569,380.4093,-0.4128,271.4086,0.2510,3.8000,-0.4500,355.9866,183.1174,359.2385,0.0000,0.0000,0.0000
103.682,380.1638,-0.4756,271.5514,0.2510,3.8000,-0.4500,356.0675,183.1164,359.3849,0.0000,0.0000,0.0000
103.792,379.9604,-0.5198,271.6746,0.2510,3.8000,-0.4500,356.1971,183.1153,359.5964,0.0000,0.0000,0.0000
103.917,379.7169,-0.5668,271.8258,0.2510,3.8000,-0.4500,356.3545,183.1145,359.8006,0.0000,0.0000,0.0000
104.028,379.4734,-0.6079,271.9794,0.2510,3.8000,-0.4500,356.4667,183.1142,359.9298,0.0000,0.0000,0.0000
104.153,379.2312,-0.6384,272.1340,0.2510,3.8000,-0.4500,356.7084,183.1144,0.1769,0.0000,0.0000,0.0000
104.263,378.9893,-0.6635,272.2906,0.2510,3.8000,-0.4500,356.8982,183.1153,0.3392,0.0000,0.0000,0.0000
104.389,378.7479,-0.6817,272.4481,0.2510,3.8000,-0.4500,357.0960,183.1167,0.4946,0.0000,0.0000,0.0000
104.514,378.5071,-0.6921,272.6035,0.2510,3.8000,-0.4500,357.3827,183.1197,0.6787,0.0000,0.0000,0.0000
104.626,378.2658,-0.6993,272.7572,0.2510,3.8000,-0.4500,357.5241,183.1214,0.7582,0.0000,0.0000,0.0000
104.752,378.0246,-0.7008,272.9077,0.2510,3.8000,-0.4500,357.6737,183.1235,0.8308,0.0000,0.0000,0.0000
104.862,377.7832,-0.6962,273.0511,0.2510,3.8000,-0.4500,357.9082,183.1271,0.9256,0.0000,0.0000,0.0000
104.965,377.5818,-0.6886,273.1648,0.2510,3.8000,-0.4500,358.1439,183.1311,0.9993,0.0000,0.0000,0.0000
105.067,377.3798,-0.6797,273.2746,0.2510,3.8000,-0.4500,358.3052,183.1339,1.0330,0.0000,0.0000,0.0000
105.169,377.1773,-0.6686,273.3795,0.2510,3.8000,-0.4500,358.4779,183.1371,1.0533,0.0000,0.0000,0.0000
105.277,376.9744,-0.6557,273.4790,0.2510,3.8000,-0.4500,358.6483,183.1402,1.0683,0.0000,0.0000,0.0000
105.402,376.6892,-0.6352,273.6099,0.2510,3.8000,-0.4500,358.9846,183.1465,1.0525,0.0000,0.0000,0.0000
105.528,376.4438,-0.6175,273.7149,0.2510,3.8000,-0.4500,359.1496,183.1495,1.0213,0.0000,0.0000,0.0000
105.641,376.1971,-0.5991,273.8094,0.2510,3.8000,-0.4500,359.3118,183.1523,0.9851,0.0000,0.0000,0.0000
105.750,375.9901,-0.5839,273.8801,0.2510,3.8000,-0.4500,359.5436,183.1561,0.9048,0.0000,0.0000,0.0000
105.875,375.7404,-0.5665,273.9579,0.2510,3.8000,-0.4500,359.7658,183.1595,0.8023,0.0000,0.0000,0.0000
105.999,375.4473,-0.5483,274.0406,0.2510,3.8000,-0.4500,0.0533,183.1630,0.6279,0.0000,0.0000,0.0000
106.125,375.1954,-0.5342,274.1073,0.2510,3.8000,-0.4500,0.1931,183.1645,0.5214,0.0000,0.0000,0.0000
106.249,374.9421,-0.5224,274.1704,0.2510,3.8000,-0.4500,0.3960,183.1660,0.3582,0.0000,0.0000,0.0000
106.360,374.6869,-0.5140,274.2314,0.2510,3.8000,-0.4500,0.7013,183.1671,0.0665,0.0000,0.0000,0.0000
106.474,374.4747,-0.5071,274.2825,0.2510,3.8000,-0.4500,0.7575,183.1672,0.0058,0.0000,0.0000,0.0000
106.597,374.2184,-0.5028,274.3429,0.2510,3.8000,-0.4500,0.9799,183.1667,359.7574,0.0000,0.0000,0.0000
106.709,373.9618,-0.5003,274.4059,0.2510,3.8000,-0.4500,1.1380,183.1658,359.5638,0.0000,0.0000,0.0000
106.819,373.7046,-0.5003,274.4712,0.2510,3.8000,-0.4500,1.2945,183.1643,359.3651,0.0000,0.0000,0.0000
106.930,373.4892,-0.5032,274.5269,0.2510,3.8000,-0.4500,1.4955,183.1617,359.1014,0.0000,0.0000,0.0000
107.055,373.2314,-0.5065,274.5968,0.2510,3.8000,-0.4500,1.5972,183.1599,358.9647,0.0000,0.0000,0.0000
107.166,372.9726,-0.5127,274.6687,0.2510,3.8000,-0.4500,1.7485,183.1569,358.7608,0.0000,0.0000,0.0000
107.291,372.7129,-0.5214,274.7424,0.2510,3.8000,-0.4500,1.9477,183.1521,358.4947,0.0000,0.0000,0.0000
107.416,372.4531,-0.5309,274.8185,0.2510,3.8000,-0.4500,2.1004,183.1479,358.2960,0.0000,0.0000,0.0000
107.541,372.1503,-0.5424,274.9104,0.2510,3.8000,-0.4500,2.2035,183.1447,358.1657,0.0000,0.0000,0.0000
107.652,371.9330,-0.5525,274.9774,0.2510,3.8000,-0.4500,2.3643,183.1392,357.9688,0.0000,0.0000,0.0000
107.766,371.6726,-0.5640,275.0608,0.2510,3.8000,-0.4500,2.4793,183.1350,357.8378,0.0000,0.0000,0.0000
107.874,371.4551,-0.5740,275.1322,0.2510,3.8000,-0.4500,2.5937,183.1306,357.7097,0.0000,0.0000,0.0000
107.999,371.1505,-0.5877,275.2351,0.2510,3.8000,-0.4500,2.7659,183.1234,357.5331,0.0000,0.0000,0.0000
108.124,370.8892,-0.5987,275.3258,0.2510,3.8000,-0.4500,2.8904,183.1179,357.4176,0.0000,0.0000,0.0000
108.248,370.6282,-0.6083,275.4189,0.2510,3.8000,-0.4500,2.9517,183.1151,357.3626,0.0000,0.0000,0.0000
108.358,370.3662,-0.6177,275.5128,0.2510,3.8000,-0.4500,3.1489,183.1057,357.2053,0.0000,0.0000,0.0000
108.470,370.1488,-0.6235,275.5936,0.2510,3.8000,-0.4500,3.1489,183.1057,357.2053,0.0000,0.0000,0.0000
108.596,369.8871,-0.6296,275.6909,0.2510,3.8000,-0.4500,3.2877,183.0988,357.1158,0.0000,0.0000,0.0000
108.706,369.6261,-0.6336,275.7901,0.2510,3.8000,-0.4500,3.2878,183.0988,357.1158,0.0000,0.0000,0.0000
108.830,369.3645,-0.6361,275.8891,0.2510,3.8000,-0.4500,3.4369,183.0912,357.0424,0.0000,0.0000,0.0000
108.942,369.1032,-0.6367,275.9894,0.2510,3.8000,-0.4500,3.4369,183.0912,357.0424,0.0000,0.0000,0.0000
109.053,368.8856,-0.6358,276.0732,0.2510,3.8000,-0.4500,3.4369,183.0912,357.0424,0.0000,0.0000,0.0000
109.164,368.6243,-0.6333,276.1736,0.2510,3.8000,-0.4500,3.4369,183.0912,357.0424,0.0000,0.0000,0.0000
109.265,368.4068,-0.6297,276.2571,0.2510,3.8000,-0.4500,3.4369,183.0912,357.0424,0.0000,0.0000,0.0000
109.375,368.1892,-0.6241,276.3402,0.2510,3.8000,-0.4500,3.4369,183.0912,357.0424,0.0000,0.0000,0.0000
109.485,367.9282,-0.6128,276.4384,0.2510,3.8000,-0.4500,3.5993,183.0828,357.0542,0.0000,0.0000,0.0000
109.609,367.6673,-0.5985,276.5368,0.2510,3.8000,-0.4500,3.5993,183.0828,357.0542,0.0000,0.0000,0.0000
109.734,367.4068,-0.5759,276.6323,0.2510,3.8000,-0.4500,3.8351,183.0708,357.1271,0.0000,0.0000,0.0000
109.846,367.1464,-0.5480,276.7267,0.2510,3.8000,-0.4500,3.9865,183.0633,357.1956,0.0000,0.0000,0.0000
109.970,366.8865,-0.5122,276.8182,0.2510,3.8000,-0.4500,4.2046,183.0528,357.3208,0.0000,0.0000,0.0000
110.095,366.6268,-0.4693,276.9068,0.2510,3.8000,-0.4500,4.4077,183.0435,357.4623,0.0000,0.0000,0.0000
110.220,366.3246,-0.4077,277.0039,0.2510,3.8000,-0.4500,4.7281,183.0300,357.7270,0.0000,0.0000,0.0000
110.332,366.1079,-0.3613,277.0683,0.2510,3.8000,-0.4500,4.7902,183.0276,357.7859,0.0000,0.0000,0.0000
110.446,365.8488,-0.2948,277.1350,0.2510,3.8000,-0.4500,5.0368,183.0185,358.0282,0.0000,0.0000,0.0000
110.554,365.6329,-0.2345,277.1836,0.2510,3.8000,-0.4500,5.2123,183.0127,358.2191,0.0000,0.0000,0.0000
110.679,365.3301,-0.1439,277.2395,0.2510,3.8000,-0.4500,5.3784,183.0078,358.4108,0.0000,0.0000,0.0000
110.793,365.1147,-0.0707,277.2693,0.2510,3.8000,-0.4500,5.5931,183.0023,358.6776,0.0000,0.0000,0.0000
110.915,364.8555,0.0203,277.2966,0.2510,3.8000,-0.4500,5.7423,182.9991,358.8837,0.0000,0.0000,0.0000
111.028,364.5964,0.1160,277.3152,0.2510,3.8000,-0.4500,5.8359,182.9974,359.0187,0.0000,0.0000,0.0000
111.137,364.3818,0.2043,277.3236,0.2510,3.8000,-0.4500,6.0163,182.9948,359.3124,0.0000,0.0000,0.0000
111.262,364.0804,0.3289,277.3283,0.2510,3.8000,-0.4500,6.0971,182.9939,359.4585,0.0000,0.0000,0.0000
111.362,363.8671,0.4266,277.3250,0.2510,3.8000,-0.4500,6.2459,182.9929,359.7599,0.0000,0.0000,0.0000
111.470,363.6526,0.5230,277.3185,0.2510,3.8000,-0.4500,6.2763,182.9928,359.8352,0.0000,0.0000,0.0000
111.596,363.3972,0.6459,277.3051,0.2510,3.8000,-0.4500,6.3634,182.9927,0.0643,0.0000,0.0000,0.0000
111.720,363.1003,0.7957,277.2840,0.2510,3.8000,-0.4500,6.4481,182.9930,0.3876,0.0000,0.0000,0.0000
111.845,362.8455,0.9230,277.2642,0.2510,3.8000,-0.4500,6.4481,182.9930,0.3876,0.0000,0.0000,0.0000
111.956,362.6354,1.0363,277.2459,0.2510,3.8000,-0.4500,6.4784,182.9933,0.6348,0.0000,0.0000,0.0000
112.081,362.3422,1.1963,277.2210,0.2510,3.8000,-0.4500,6.4828,182.9933,0.8795,0.0000,0.0000,0.0000
112.206,362.0907,1.3325,277.2017,0.2510,3.8000,-0.4500,6.4828,182.9933,0.8795,0.0000,0.0000,0.0000
112.331,361.8423,1.4746,277.1842,0.2510,3.8000,-0.4500,6.4429,182.9926,1.1345,0.0000,0.0000,0.0000
112.442,361.5951,1.6172,277.1698,0.2510,3.8000,-0.4500,6.3664,182.9909,1.3722,0.0000,0.0000,0.0000
112.554,361.3886,1.7335,277.1603,0.2510,3.8000,-0.4500,6.3664,182.9909,1.3722,0.0000,0.0000,0.0000
112.667,361.1440,1.8764,277.1530,0.2510,3.8000,-0.4500,6.2008,182.9865,1.6588,0.0000,0.0000,0.0000
112.776,360.9394,1.9915,277.1499,0.2510,3.8000,-0.4500,6.2008,182.9865,1.6588,0.0000,0.0000,0.0000
112.887,360.6966,2.1307,277.1512,0.2510,3.8000,-0.4500,5.8825,182.9764,1.9482,0.0000,0.0000,0.0000
113.012,360.4531,2.2646,277.1568,0.2510,3.8000,-0.4500,5.8114,182.9740,1.9891,0.0000,0.0000,0.0000
113.137,360.2109,2.3949,277.1690,0.2510,3.8000,-0.4500,5.5163,182.9633,2.1311,0.0000,0.0000,0.0000
113.262,359.9285,2.5398,277.1902,0.2510,3.8000,-0.4500,5.1961,182.9510,2.2135,0.0000,0.0000,0.0000
113.387,359.6864,2.6571,277.2139,0.2510,3.8000,-0.4500,4.9510,182.9415,2.2451,0.0000,0.0000,0.0000
113.498,359.4439,2.7653,277.2435,0.2510,3.8000,-0.4500,4.5289,182.9249,2.2377,0.0000,0.0000,0.0000
113.612,359.2413,2.8496,277.2705,0.2510,3.8000,-0.4500,4.2789,182.9151,2.2081,0.0000,0.0000,0.0000
113.722,358.9971,2.9396,277.3073,0.2510,3.8000,-0.4500,3.7792,182.8962,2.0953,0.0000,0.0000,0.0000
113.832,358.7930,3.0085,277.3381,0.2510,3.8000,-0.4500,3.5380,182.8876,2.0177,0.0000,0.0000,0.0000
113.944,358.5462,3.0780,277.3776,0.2510,3.8000,-0.4500,3.0457,182.8710,1.8271,0.0000,0.0000,0.0000
114.053,358.3393,3.1269,277.4103,0.2510,3.8000,-0.4500,2.6599,182.8592,1.6543,0.0000,0.0000,0.0000
114.178,358.0481,3.1818,277.4544,0.2510,3.8000,-0.4500,2.2002,182.8469,1.4213,0.0000,0.0000,0.0000
114.303,357.7963,3.2135,277.4908,0.2510,3.8000,-0.4500,1.7376,182.8364,1.1665,0.0000,0.0000,0.0000
114.429,357.5428,3.2316,277.5244,0.2510,3.8000,-0.4500,1.2862,182.8282,0.9010,0.0000,0.0000,0.0000
114.540,357.2875,3.2361,277.5544,0.2510,3.8000,-0.4500,0.8407,182.8223,0.6243,0.0000,0.0000,0.0000
114.654,357.0735,3.2291,277.5705,0.2510,3.8000,-0.4500,0.4717,182.8190,0.3853,0.0000,0.0000,0.0000
114.766,356.8162,3.2082,277.5674,0.2510,3.8000,-0.4500,0.0328,182.8172,0.0903,0.0000,0.0000,0.0000
114.877,356.6018,3.1807,277.5482,0.2510,3.8000,-0.4500,359.6732,182.8174,359.8400,0.0000,0.0000,0.0000
114.988,356.3448,3.1363,277.5092,0.2510,3.8000,-0.4500,359.2521,182.8197,359.5372,0.0000,0.0000,0.0000
115.099,356.0881,3.0798,277.4565,0.2510,3.8000,-0.4500,358.8452,182.8241,359.2345,0.0000,0.0000,0.0000
115.210,355.8748,3.0263,277.4044,0.2510,3.8000,-0.4500,358.6309,182.8272,359.0696,0.0000,0.0000,0.0000
115.321,355.6181,2.9480,277.3374,0.2510,3.8000,-0.4500,358.2005,182.8355,358.7319,0.0000,0.0000,0.0000
115.431,355.4044,2.8764,277.2780,0.2510,3.8000,-0.4500,357.9359,182.8418,358.5192,0.0000,0.0000,0.0000
115.539,355.1480,2.7819,277.2045,0.2510,3.8000,-0.4500,357.6666,182.8493,358.2961,0.0000,0.0000,0.0000
115.651,354.9333,2.6927,277.1493,0.2510,3.8000,-0.4500,357.3304,182.8602,358.0120,0.0000,0.0000,0.0000
115.762,354.6754,2.5814,277.0930,0.2510,3.8000,-0.4500,357.1401,182.8671,357.8471,0.0000,0.0000,0.0000
115.872,354.4599,2.4794,277.0803,0.2510,3.8000,-0.4500,356.9475,182.8746,357.6778,0.0000,0.0000,0.0000
115.984,354.2011,2.3444,277.1036,0.2510,3.8000,-0.4500,356.6285,182.8883,357.3928,0.0000,0.0000,0.0000
116.108,353.9442,2.2043,277.1558,0.2510,3.8000,-0.4500,356.5027,182.8942,357.2794,0.0000,0.0000,0.0000
116.233,353.6882,2.0559,277.2291,0.2510,3.8000,-0.4500,356.3778,182.9003,357.1667,0.0000,0.0000,0.0000
116.345,353.4327,1.8995,277.3177,0.2510,3.8000,-0.4500,356.1937,182.9097,356.9996,0.0000,0.0000,0.0000
116.456,353.2207,1.7676,277.3987,0.2510,3.8000,-0.4500,356.1341,182.9128,356.9451,0.0000,0.0000,0.0000
116.581,352.9244,1.5799,277.5196,0.2510,3.8000,-0.4500,356.0746,182.9160,356.8902,0.0000,0.0000,0.0000
116.706,352.6707,1.4186,277.6250,0.2510,3.8000,-0.4500,356.0746,182.9160,356.8902,0.0000,0.0000,0.0000
116.818,352.4163,1.2582,277.7249,0.2510,3.8000,-0.4500,356.0746,182.9160,356.8902,0.0000,0.0000,0.0000
116.928,352.2037,1.1262,277.8037,0.2510,3.8000,-0.4500,356.0746,182.9160,356.8902,0.0000,0.0000,0.0000
117.052,351.9481,0.9715,277.8795,0.2510,3.8000,-0.4500,356.0746,182.9160,356.8902,0.0000,0.0000,0.0000
117.153,351.7346,0.8493,277.8922,0.2510,3.8000,-0.4500,356.0746,182.9160,356.8902,0.0000,0.0000,0.0000
117.263,351.4782,0.7106,277.8680,0.2510,3.8000,-0.4500,356.0746,182.9160,356.8902,0.0000,0.0000,0.0000
117.375,351.2645,0.6010,277.8282,0.2510,3.8000,-0.4500,356.0746,182.9160,356.8902,0.0000,0.0000,0.0000
117.498,350.9658,0.4567,277.7521,0.2510,3.8000,-0.4500,356.0746,182.9160,356.8902,0.0000,0.0000,0.0000
117.609,350.7530,0.3604,277.6864,0.2510,3.8000,-0.4500,356.0746,182.9160,356.8902,0.0000,0.0000,0.0000
117.720,350.4980,0.2523,277.5985,0.2510,3.8000,-0.4500,356.0746,182.9160,356.8902,0.0000,0.0000,0.0000
117.833,350.2863,0.1739,277.5189,0.2510,3.8000,-0.4500,356.3959,182.8989,357.0332,0.0000,0.0000,0.0000
117.942,350.0323,0.0865,277.4222,0.2510,3.8000,-0.4500,356.7043,182.8833,357.1847,0.0000,0.0000,0.0000
118.067,349.7786,0.0096,277.3253,0.2510,3.8000,-0.4500,357.0837,182.8654,357.3994,0.0000,0.0000,0.0000
118.192,349.5242,-0.0611,277.2314,0.2510,3.8000,-0.4500,357.3016,182.8557,357.5282,0.0000,0.0000,0.0000
118.303,349.2704,-0.1177,277.1386,0.2510,3.8000,-0.4500,357.7567,182.8371,357.8112,0.0000,0.0000,0.0000
118.427,349.0158,-0.1679,277.0503,0.2510,3.8000,-0.4500,358.0436,182.8266,357.9926,0.0000,0.0000,0.0000
118.552,348.7610,-0.2066,276.9722,0.2510,3.8000,-0.4500,358.4229,182.8141,358.2356,0.0000,0.0000,0.0000
118.666,348.5052,-0.2347,276.9354,0.2510,3.8000,-0.4500,358.8567,182.8018,358.5149,0.0000,0.0000,0.0000
118.775,348.2912,-0.2536,276.9360,0.2510,3.8000,-0.4500,359.0633,182.7967,358.6499,0.0000,0.0000,0.0000
118.886,348.0352,-0.2642,276.9588,0.2510,3.8000,-0.4500,359.4330,182.7888,358.8950,0.0000,0.0000,0.0000
119.000,347.7798,-0.2660,276.9994,0.2510,3.8000,-0.4500,359.7162,182.7838,359.0846,0.0000,0.0000,0.0000
119.110,347.5682,-0.2573,277.0410,0.2510,3.8000,-0.4500,0.0723,182.7788,359.3243,0.0000,0.0000,0.0000
119.219,347.3144,-0.2420,277.0987,0.2510,3.8000,-0.4500,0.2844,182.7766,359.4666,0.0000,0.0000,0.0000
119.344,347.0620,-0.2146,277.1583,0.2510,3.8000,-0.4500,0.6427,182.7740,359.7047,0.0000,0.0000,0.0000
119.469,346.8099,-0.1803,277.2191,0.2510,3.8000,-0.4500,0.9241,182.7730,359.8864,0.0000,0.0000,0.0000
119.594,346.5581,-0.1412,277.2805,0.2510,3.8000,-0.4500,1.0602,182.7728,359.9729,0.0000,0.0000,0.0000
119.720,346.2657,-0.0837,277.3497,0.2510,3.8000,-0.4500,1.4219,182.7734,0.1892,0.0000,0.0000,0.0000
119.830,346.0567,-0.0413,277.3996,0.2510,3.8000,-0.4500,1.4938,182.7736,0.2287,0.0000,0.0000,0.0000
119.941,345.8067,0.0161,277.4575,0.2510,3.8000,-0.4500,1.7127,182.7747,0.3439,0.0000,0.0000,0.0000
