time_sec,world_x,world_y,world_z,local_x,local_y,local_z,world_rot_x,world_rot_y,world_rot_z,local_rot_x,local_rot_y,local_rot_z
0.000,598.8349,5.2159,250.4544,0.2510,3.8000,-0.4500,0.0000,180.0000,0.0000,0.0000,0.0000,0.0000
0.000,598.8349,5.2159,250.4544,0.2510,3.8000,-0.4500,0.0000,180.0000,0.0000,0.0000,0.0000,0.0000
0.119,598.5438,4.9589,250.4605,0.2510,3.8000,-0.4500,0.0000,180.0000,0.0000,0.0000,0.0000,0.0000
0.232,598.2030,4.6661,250.4651,0.2510,3.8000,-0.4500,0.0000,180.0000,0.0000,0.0000,0.0000,0.0000
0.345,597.6889,4.2305,250.4700,0.2510,3.8000,-0.4500,0.0000,180.0000,0.0000,0.0000,0.0000,0.0000
0.457,597.0726,3.7129,250.4743,0.2510,3.8000,-0.4500,0.0000,180.0000,0.0000,0.0000,0.0000,0.0000
0.568,596.4893,3.2258,250.4775,0.2510,3.8000,-0.4500,0.0000,180.0000,0.0000,0.0000,0.0000,0.0000
0.679,595.7147,2.5814,250.4804,0.2510,3.8000,-0.4500,0.0000,180.0000,0.0000,0.0000,0.0000,0.0000
0.790,595.0143,1.9998,250.4738,0.2510,3.8000,-0.4500,0.0000,180.0000,0.0000,0.0000,0.0000,0.0000
0.901,594.1163,1.2539,250.4434,0.2510,3.8000,-0.4500,0.0000,180.0000,0.0000,0.0000,0.0000,0.0000
1.012,593.3253,0.5966,250.3954,0.2510,3.8000,-0.4500,0.0000,180.0000,0.0000,0.0000,0.0000,0.0000
1.138,592.1749,-0.3605,250.2937,0.2510,3.8000,-0.4500,0.0000,180.0000,0.0000,0.0000,0.0000,0.0000
1.248,591.5438,-0.9015,250.2270,0.2510,3.8000,-0.4500,359.2260,180.0000,0.0029,0.0000,0.0000,0.0000
1.360,591.0069,-1.2535,250.1638,0.2510,3.8000,-0.4500,358.0083,179.9999,0.0074,0.0000,0.0000,0.0000
1.471,590.6644,-1.3382,250.1184,0.2510,3.8000,-0.4500,357.4064,179.9998,0.0095,0.0000,0.0000,0.0000
1.582,590.3226,-1.2867,250.0676,0.2510,3.8000,-0.4500,357.4064,179.9998,0.0095,0.0000,0.0000,0.0000
1.694,590.0704,-1.1948,250.0298,0.2510,3.8000,-0.4500,357.4064,179.9998,0.0095,0.0000,0.0000,0.0000
1.805,589.7893,-1.0935,249.9862,0.2510,3.8000,-0.4500,357.4064,179.9998,0.0095,0.0000,0.0000,0.0000
1.916,589.5211,-1.0394,249.9421,0.2510,3.8000,-0.4500,357.4064,179.9998,0.0095,0.0000,0.0000,0.0000
2.027,589.3029,-1.0374,249.9041,0.2510,3.8000,-0.4500,357.4064,179.9998,0.0095,0.0000,0.0000,0.0000
2.138,589.0447,-1.0776,249.8570,0.2510,3.8000,-0.4500,357.4064,179.9998,0.0095,0.0000,0.0000,0.0000
2.249,588.8312,-1.1339,249.8170,0.2510,3.8000,-0.4500,357.4064,179.9998,0.0095,0.0000,0.0000,0.0000
2.360,588.5760,-1.2132,249.7688,0.2510,3.8000,-0.4500,357.4064,179.9998,0.0095,0.0000,0.0000,0.0000
2.472,588.3638,-1.2797,249.7288,0.2510,3.8000,-0.4500,357.4064,179.9998,0.0095,0.0000,0.0000,0.0000
2.583,588.1098,-1.3532,249.6784,0.2510,3.8000,-0.4500,357.4064,179.9998,0.0095,0.0000,0.0000,0.0000
2.694,587.8986,-1.4074,249.6327,0.2510,3.8000,-0.4500,357.4064,179.9998,0.0095,0.0000,0.0000,0.0000
2.805,587.6456,-1.4651,249.5736,0.2510,3.8000,-0.4500,357.4064,179.9998,0.0095,0.0000,0.0000,0.0000
2.916,587.3929,-1.5175,249.5107,0.2510,3.8000,-0.4500,357.4064,179.9998,0.0095,0.0000,0.0000,0.0000
3.027,587.1827,-1.5593,249.4563,0.2510,3.8000,-0.4500,357.4064,179.9998,0.0095,0.0000,0.0000,0.0000
3.139,586.9304,-1.6095,249.3892,0.2510,3.8000,-0.4500,357.4064,179.9998,0.0095,0.0000,0.0000,0.0000
3.249,586.7201,-1.6522,249.3322,0.2510,3.8000,-0.4500,357.4064,179.9998,0.0095,0.0000,0.0000,0.0000
3.361,586.4678,-1.7052,249.2629,0.2510,3.8000,-0.4500,357.4064,179.9998,0.0095,0.0000,0.0000,0.0000
3.473,586.2576,-1.7504,249.2026,0.2510,3.8000,-0.4500,357.4064,179.9998,0.0095,0.0000,0.0000,0.0000
3.583,586.0058,-1.8056,249.1242,0.2510,3.8000,-0.4500,357.4064,179.9998,0.0095,0.0000,0.0000,0.0000
3.694,585.7963,-1.8520,249.0538,0.2510,3.8000,-0.4500,357.4064,179.9998,0.0095,0.0000,0.0000,0.0000
3.806,585.5452,-1.9077,248.9644,0.2510,3.8000,-0.4500,357.4064,179.9998,0.0095,0.0000,0.0000,0.0000
3.916,585.2944,-1.9632,248.8711,0.2510,3.8000,-0.4500,357.4064,179.9998,0.0095,0.0000,0.0000,0.0000
4.028,585.0853,-2.0093,248.7913,0.2510,3.8000,-0.4500,357.4064,179.9998,0.0095,0.0000,0.0000,0.0000
4.139,584.8345,-2.0643,248.6938,0.2510,3.8000,-0.4500,357.4064,179.9998,0.0095,0.0000,0.0000,0.0000
4.250,584.6254,-2.1100,248.6117,0.2510,3.8000,-0.4500,357.4064,179.9998,0.0095,0.0000,0.0000,0.0000
4.364,584.3746,-2.1646,248.5123,0.2510,3.8000,-0.4500,357.4064,179.9998,0.0095,0.0000,0.0000,0.0000
4.486,584.1235,-2.2188,248.4123,0.2510,3.8000,-0.4500,357.4064,179.9998,0.0095,0.0000,0.0000,0.0000
4.597,583.8723,-2.2724,248.3119,0.2510,3.8000,-0.4500,357.4064,179.9998,0.0095,0.0000,0.0000,0.0000
4.708,583.6630,-2.3164,248.2281,0.2510,3.8000,-0.4500,357.4064,179.9998,0.0095,0.0000,0.0000,0.0000
4.820,583.4117,-2.3683,248.1274,0.2510,3.8000,-0.4500,357.4064,179.9998,0.0095,0.0000,0.0000,0.0000
4.929,583.2024,-2.4105,248.0435,0.2510,3.8000,-0.4500,357.4064,179.9998,0.0095,0.0000,0.0000,0.0000
5.029,582.9930,-2.4515,247.9595,0.2510,3.8000,-0.4500,357.4064,179.9998,0.0095,0.0000,0.0000,0.0000
5.138,582.7418,-2.4989,247.8586,0.2510,3.8000,-0.4500,357.4064,179.9998,0.0095,0.0000,0.0000,0.0000
5.249,582.5325,-2.5367,247.7745,0.2510,3.8000,-0.4500,357.4064,179.9998,0.0095,0.0000,0.0000,0.0000
5.361,582.2814,-2.5796,247.6733,0.2510,3.8000,-0.4500,357.4064,179.9998,0.0095,0.0000,0.0000,0.0000
5.472,582.0723,-2.6131,247.5888,0.2510,3.8000,-0.4500,357.4064,179.9998,0.0095,0.0000,0.0000,0.0000
5.583,581.8215,-2.6504,247.4886,0.2510,3.8000,-0.4500,357.4064,179.9998,0.0095,0.0000,0.0000,0.0000
5.694,581.6124,-2.6788,247.4077,0.2510,3.8000,-0.4500,357.4064,179.9998,0.0095,0.0000,0.0000,0.0000
5.806,581.3608,-2.7089,247.3124,0.2510,3.8000,-0.4500,357.6434,179.9996,359.9293,0.0000,0.0000,0.0000
5.916,581.1098,-2.7354,247.2213,0.2510,3.8000,-0.4500,357.6434,179.9996,359.9293,0.0000,0.0000,0.0000
6.027,580.9008,-2.7522,247.1453,0.2510,3.8000,-0.4500,357.8911,179.9993,359.9279,0.0000,0.0000,0.0000
6.138,580.6501,-2.7695,247.0566,0.2510,3.8000,-0.4500,357.9724,179.9992,359.9322,0.0000,0.0000,0.0000
6.264,580.4001,-2.7795,246.9675,0.2510,3.8000,-0.4500,358.2201,179.9991,359.9930,0.0000,0.0000,0.0000
6.376,580.1508,-2.7838,246.8786,0.2510,3.8000,-0.4500,358.4565,179.9992,0.0804,0.0000,0.0000,0.0000
6.486,579.9430,-2.7848,246.8047,0.2510,3.8000,-0.4500,358.5321,179.9993,0.1107,0.0000,0.0000,0.0000
6.598,579.6950,-2.7785,246.7120,0.2510,3.8000,-0.4500,358.7525,180.0000,0.2237,0.0000,0.0000,0.0000
6.707,579.4891,-2.7679,246.6315,0.2510,3.8000,-0.4500,358.9637,180.0010,0.3487,0.0000,0.0000,0.0000
6.819,579.2428,-2.7504,246.5319,0.2510,3.8000,-0.4500,359.1679,180.0025,0.4825,0.0000,0.0000,0.0000
6.930,579.0376,-2.7333,246.4472,0.2510,3.8000,-0.4500,359.2342,180.0031,0.5288,0.0000,0.0000,0.0000
7.041,578.7934,-2.7029,246.3422,0.2510,3.8000,-0.4500,359.5124,180.0061,0.7338,0.0000,0.0000,0.0000
7.152,578.5905,-2.6736,246.2532,0.2510,3.8000,-0.4500,359.7076,180.0089,0.8852,0.0000,0.0000,0.0000
7.264,578.3466,-2.6365,246.1456,0.2510,3.8000,-0.4500,359.7706,180.0099,0.9347,0.0000,0.0000,0.0000
7.374,578.1455,-2.5964,246.0532,0.2510,3.8000,-0.4500,0.0294,180.0146,1.1463,0.0000,0.0000,0.0000
7.486,577.9041,-2.5455,245.9431,0.2510,3.8000,-0.4500,0.2207,180.0187,1.3068,0.0000,0.0000,0.0000
7.597,577.6624,-2.4915,245.8365,0.2510,3.8000,-0.4500,0.2830,180.0202,1.3593,0.0000,0.0000,0.0000
7.708,577.4628,-2.4373,245.7484,0.2510,3.8000,-0.4500,0.5479,180.0270,1.5860,0.0000,0.0000,0.0000
7.834,577.2222,-2.3728,245.6455,0.2510,3.8000,-0.4500,0.6108,180.0287,1.6400,0.0000,0.0000,0.0000
7.943,576.9841,-2.2970,245.5412,0.2510,3.8000,-0.4500,0.9301,180.0387,1.9151,0.0000,0.0000,0.0000
8.044,576.7847,-2.2360,245.4554,0.2510,3.8000,-0.4500,0.9301,180.0387,1.9151,0.0000,0.0000,0.0000
8.152,576.5870,-2.1672,245.3675,0.2510,3.8000,-0.4500,1.1228,180.0454,2.0805,0.0000,0.0000,0.0000
8.263,576.3495,-2.0842,245.2614,0.2510,3.8000,-0.4500,1.1852,180.0477,2.1341,0.0000,0.0000,0.0000
8.374,576.1528,-2.0101,245.1710,0.2510,3.8000,-0.4500,1.3112,180.0525,2.2412,0.0000,0.0000,0.0000
8.485,575.9174,-1.9182,245.0607,0.2510,3.8000,-0.4500,1.4364,180.0575,2.3468,0.0000,0.0000,0.0000
8.597,575.6833,-1.8212,244.9478,0.2510,3.8000,-0.4500,1.6302,180.0657,2.5076,0.0000,0.0000,0.0000
8.708,575.4877,-1.7415,244.8531,0.2510,3.8000,-0.4500,1.6302,180.0657,2.5076,0.0000,0.0000,0.0000
8.819,575.2545,-1.6405,244.7368,0.2510,3.8000,-0.4500,1.7616,180.0716,2.6130,0.0000,0.0000,0.0000
8.933,575.0604,-1.5555,244.6386,0.2510,3.8000,-0.4500,1.8259,180.0746,2.6643,0.0000,0.0000,0.0000
9.055,574.8274,-1.4533,244.5197,0.2510,3.8000,-0.4500,1.8259,180.0746,2.6643,0.0000,0.0000,0.0000
9.181,574.5565,-1.3309,244.3788,0.2510,3.8000,-0.4500,1.8894,180.0775,2.7122,0.0000,0.0000,0.0000
9.291,574.3634,-1.2422,244.2772,0.2510,3.8000,-0.4500,1.9567,180.0807,2.7594,0.0000,0.0000,0.0000
9.403,574.1319,-1.1355,244.1542,0.2510,3.8000,-0.4500,2.0236,180.0840,2.8059,0.0000,0.0000,0.0000
9.513,573.9387,-1.0475,244.0513,0.2510,3.8000,-0.4500,2.0236,180.0840,2.8059,0.0000,0.0000,0.0000
9.624,573.7069,-0.9423,243.9274,0.2510,3.8000,-0.4500,2.0236,180.0840,2.8059,0.0000,0.0000,0.0000
9.736,573.5162,-0.8559,243.7923,0.2510,3.8000,-0.4500,2.0236,180.0840,2.8059,0.0000,0.0000,0.0000
9.847,573.2987,-0.7603,243.4682,0.2510,3.8000,-0.4500,2.0236,180.0840,2.8059,0.0000,0.0000,0.0000
9.958,573.0925,-0.6750,242.9698,0.2510,3.8000,-0.4500,2.0236,180.0840,2.8059,0.0000,0.0000,0.0000
10.082,572.8937,-0.5983,242.3506,0.2510,3.8000,-0.4500,2.0236,180.0840,2.8059,0.0000,0.0000,0.0000
10.193,572.7312,-0.5391,241.7771,0.2510,3.8000,-0.4500,2.0236,180.0840,2.8059,0.0000,0.0000,0.0000
10.319,572.5060,-0.4618,240.9232,0.2510,3.8000,-0.4500,2.0236,180.0840,2.8059,0.0000,0.0000,0.0000
10.430,572.3462,-0.4097,240.2923,0.2510,3.8000,-0.4500,2.0236,180.0840,2.8059,0.0000,0.0000,0.0000
10.541,572.1545,-0.3500,239.5226,0.2510,3.8000,-0.4500,2.0236,180.0840,2.8059,0.0000,0.0000,0.0000
10.652,571.9947,-0.3024,238.8750,0.2510,3.8000,-0.4500,2.0236,180.0840,2.8059,0.0000,0.0000,0.0000
10.763,571.8026,-0.2478,238.0937,0.2510,3.8000,-0.4500,2.0236,180.0840,2.8059,0.0000,0.0000,0.0000
10.875,571.6418,-0.2045,237.4408,0.2510,3.8000,-0.4500,2.0236,180.0840,2.8059,0.0000,0.0000,0.0000
10.986,571.4478,-0.1571,236.6582,0.2510,3.8000,-0.4500,2.1153,180.0884,2.6647,0.0000,0.0000,0.0000
11.097,571.2531,-0.1118,235.8795,0.2510,3.8000,-0.4500,2.1581,180.0904,2.5941,0.0000,0.0000,0.0000
11.208,571.0894,-0.0781,235.2338,0.2510,3.8000,-0.4500,2.2158,180.0929,2.4361,0.0000,0.0000,0.0000
11.332,570.8928,-0.0392,234.4626,0.2510,3.8000,-0.4500,2.2423,180.0940,2.3573,0.0000,0.0000,0.0000
11.446,570.6936,-0.0078,233.6943,0.2510,3.8000,-0.4500,2.3020,180.0963,2.0338,0.0000,0.0000,0.0000
11.555,570.5290,0.0197,233.0558,0.2510,3.8000,-0.4500,2.3020,180.0963,2.0338,0.0000,0.0000,0.0000
11.680,570.2947,0.0479,232.1639,0.2510,3.8000,-0.4500,2.3185,180.0968,1.6915,0.0000,0.0000,0.0000
11.791,570.1279,0.0690,231.5363,0.2510,3.8000,-0.4500,2.3185,180.0969,1.6915,0.0000,0.0000,0.0000
11.903,569.9194,0.0889,230.8820,0.2510,3.8000,-0.4500,2.3109,180.0966,1.4362,0.0000,0.0000,0.0000
12.013,569.7354,0.1064,230.4754,0.2510,3.8000,-0.4500,2.2927,180.0962,1.1897,0.0000,0.0000,0.0000
12.124,569.5020,0.1301,230.1532,0.2510,3.8000,-0.4500,2.2594,180.0956,0.9457,0.0000,0.0000,0.0000
12.235,569.2999,0.1525,230.0014,0.2510,3.8000,-0.4500,2.2431,180.0954,0.8637,0.0000,0.0000,0.0000
12.346,569.0510,0.1735,229.9231,0.2510,3.8000,-0.4500,2.1660,180.0944,0.5317,0.0000,0.0000,0.0000
12.472,568.7996,0.1908,229.9201,0.2510,3.8000,-0.4500,2.0643,180.0938,0.2147,0.0000,0.0000,0.0000
12.583,568.5482,0.2062,229.9644,0.2510,3.8000,-0.4500,2.0027,180.0936,0.0581,0.0000,0.0000,0.0000
12.694,568.3378,0.2121,230.0249,0.2510,3.8000,-0.4500,1.9073,180.0937,359.8283,0.0000,0.0000,0.0000
12.805,568.0853,0.2140,230.1150,0.2510,3.8000,-0.4500,1.7957,180.0943,359.5987,0.0000,0.0000,0.0000
12.929,567.8322,0.2089,230.2170,0.2510,3.8000,-0.4500,1.6801,180.0953,359.3771,0.0000,0.0000,0.0000
13.040,567.5792,0.1985,230.3261,0.2510,3.8000,-0.4500,1.5985,180.0963,359.2311,0.0000,0.0000,0.0000
13.152,567.3674,0.1824,230.4211,0.2510,3.8000,-0.4500,1.4695,180.0983,359.0112,0.0000,0.0000,0.0000
13.277,567.0710,0.1544,230.5579,0.2510,3.8000,-0.4500,1.3373,180.1008,358.8001,0.0000,0.0000,0.0000
13.405,566.8162,0.1231,230.6784,0.2510,3.8000,-0.4500,1.1989,180.1040,358.5916,0.0000,0.0000,0.0000
13.528,566.5615,0.0877,230.8009,0.2510,3.8000,-0.4500,1.1018,180.1065,358.4532,0.0000,0.0000,0.0000
13.637,566.3069,0.0473,230.9255,0.2510,3.8000,-0.4500,1.0059,180.1092,358.3185,0.0000,0.0000,0.0000
13.749,566.0942,0.0095,231.0310,0.2510,3.8000,-0.4500,0.9060,180.1122,358.1877,0.0000,0.0000,0.0000
13.860,565.8397,-0.0373,231.1585,0.2510,3.8000,-0.4500,0.8564,180.1138,358.1234,0.0000,0.0000,0.0000
13.972,565.6274,-0.0794,231.2660,0.2510,3.8000,-0.4500,0.8025,180.1156,358.0591,0.0000,0.0000,0.0000
14.082,565.3722,-0.1338,231.3963,0.2510,3.8000,-0.4500,0.6949,180.1194,357.9334,0.0000,0.0000,0.0000
14.194,565.1602,-0.1782,231.5053,0.2510,3.8000,-0.4500,0.6949,180.1194,357.9334,0.0000,0.0000,0.0000
14.305,564.9052,-0.2344,231.6374,0.2510,3.8000,-0.4500,0.6393,180.1214,357.8767,0.0000,0.0000,0.0000
14.416,564.6504,-0.2901,231.7699,0.2510,3.8000,-0.4500,0.6393,180.1214,357.8767,0.0000,0.0000,0.0000
14.527,564.4380,-0.3365,231.8805,0.2510,3.8000,-0.4500,0.6393,180.1214,357.8767,0.0000,0.0000,0.0000
14.638,564.1833,-0.3917,232.0133,0.2510,3.8000,-0.4500,0.6393,180.1214,357.8767,0.0000,0.0000,0.0000
14.763,563.9288,-0.4457,232.1461,0.2510,3.8000,-0.4500,0.6393,180.1214,357.8767,0.0000,0.0000,0.0000
14.863,563.7170,-0.4897,232.2566,0.2510,3.8000,-0.4500,0.6393,180.1214,357.8767,0.0000,0.0000,0.0000
14.971,563.5051,-0.5327,232.3672,0.2510,3.8000,-0.4500,0.6393,180.1214,357.8767,0.0000,0.0000,0.0000
15.083,563.2513,-0.5829,232.4998,0.2510,3.8000,-0.4500,0.6393,180.1214,357.8766,0.0000,0.0000,0.0000
15.207,562.9974,-0.6317,232.6326,0.2510,3.8000,-0.4500,0.6393,180.1214,357.8766,0.0000,0.0000,0.0000
15.319,562.7439,-0.6790,232.7655,0.2510,3.8000,-0.4500,0.6393,180.1214,357.8766,0.0000,0.0000,0.0000
15.446,562.4913,-0.7261,232.9008,0.2510,3.8000,-0.4500,0.3056,180.1336,357.9504,0.0000,0.0000,0.0000
15.556,562.2385,-0.7705,233.0340,0.2510,3.8000,-0.4500,0.3056,180.1336,357.9504,0.0000,0.0000,0.0000
15.681,561.9872,-0.8127,233.1692,0.2510,3.8000,-0.4500,0.0879,180.1412,358.0760,0.0000,0.0000,0.0000
15.792,561.7776,-0.8469,233.2813,0.2510,3.8000,-0.4500,0.0223,180.1433,358.1238,0.0000,0.0000,0.0000
15.919,561.4858,-0.8915,233.4392,0.2510,3.8000,-0.4500,359.7650,180.1513,358.3432,0.0000,0.0000,0.0000
16.028,561.2772,-0.9234,233.5503,0.2510,3.8000,-0.4500,359.7650,180.1513,358.3432,0.0000,0.0000,0.0000
16.139,561.0280,-0.9586,233.6844,0.2510,3.8000,-0.4500,359.5952,180.1559,358.5201,0.0000,0.0000,0.0000
16.250,560.8210,-0.9862,233.7958,0.2510,3.8000,-0.4500,359.4308,180.1599,358.7072,0.0000,0.0000,0.0000
16.376,560.5313,-1.0239,233.9504,0.2510,3.8000,-0.4500,359.2752,180.1632,358.8973,0.0000,0.0000,0.0000
16.486,560.3248,-1.0498,234.0603,0.2510,3.8000,-0.4500,359.1738,180.1650,359.0266,0.0000,0.0000,0.0000
16.598,560.0773,-1.0791,234.1920,0.2510,3.8000,-0.4500,359.0211,180.1673,359.2254,0.0000,0.0000,0.0000
16.710,559.8708,-1.1037,234.3010,0.2510,3.8000,-0.4500,358.9720,180.1680,359.2896,0.0000,0.0000,0.0000
16.821,559.6247,-1.1300,234.4325,0.2510,3.8000,-0.4500,358.7722,180.1700,359.5547,0.0000,0.0000,0.0000
16.931,559.4186,-1.1537,234.5408,0.2510,3.8000,-0.4500,358.7722,180.1700,359.5547,0.0000,0.0000,0.0000
17.041,559.1729,-1.1789,234.6718,0.2510,3.8000,-0.4500,358.6208,180.1709,359.7551,0.0000,0.0000,0.0000
17.152,558.9677,-1.2002,234.7804,0.2510,3.8000,-0.4500,358.5683,180.1711,359.8240,0.0000,0.0000,0.0000
17.265,558.7228,-1.2237,234.9115,0.2510,3.8000,-0.4500,358.4114,180.1713,0.0291,0.0000,0.0000,0.0000
17.388,558.4786,-1.2466,235.0428,0.2510,3.8000,-0.4500,358.2586,180.1710,0.2254,0.0000,0.0000,0.0000
17.499,558.2332,-1.2710,235.1734,0.2510,3.8000,-0.4500,358.2586,180.1710,0.2254,0.0000,0.0000,0.0000
17.610,558.0311,-1.2880,235.2841,0.2510,3.8000,-0.4500,358.0485,180.1696,0.4893,0.0000,0.0000,0.0000
17.722,557.7867,-1.3114,235.4155,0.2510,3.8000,-0.4500,358.0485,180.1696,0.4893,0.0000,0.0000,0.0000
17.822,557.5842,-1.3292,235.5262,0.2510,3.8000,-0.4500,357.9421,180.1686,0.6195,0.0000,0.0000,0.0000
17.930,557.3815,-1.3474,235.6369,0.2510,3.8000,-0.4500,357.8897,180.1680,0.6835,0.0000,0.0000,0.0000
18.041,557.1384,-1.3690,235.7704,0.2510,3.8000,-0.4500,357.8356,180.1674,0.7485,0.0000,0.0000,0.0000
18.152,556.9363,-1.3866,235.8821,0.2510,3.8000,-0.4500,357.7812,180.1666,0.8136,0.0000,0.0000,0.0000
18.279,556.6541,-1.4106,236.0391,0.2510,3.8000,-0.4500,357.6780,180.1650,0.9367,0.0000,0.0000,0.0000
18.389,556.4523,-1.4284,236.1508,0.2510,3.8000,-0.4500,357.6780,180.1650,0.9367,0.0000,0.0000,0.0000
18.500,556.2109,-1.4480,236.2856,0.2510,3.8000,-0.4500,357.5723,180.1632,1.0628,0.0000,0.0000,0.0000
18.611,556.0096,-1.4646,236.3978,0.2510,3.8000,-0.4500,357.5211,180.1622,1.1244,0.0000,0.0000,0.0000
18.722,555.7679,-1.4849,236.5321,0.2510,3.8000,-0.4500,357.5211,180.1622,1.1244,0.0000,0.0000,0.0000
18.832,555.5665,-1.5014,236.6443,0.2510,3.8000,-0.4500,357.5211,180.1622,1.1244,0.0000,0.0000,0.0000
18.944,555.3260,-1.5193,236.7799,0.2510,3.8000,-0.4500,357.4183,180.1601,1.2556,0.0000,0.0000,0.0000
19.055,555.1249,-1.5350,236.8925,0.2510,3.8000,-0.4500,357.4183,180.1601,1.2556,0.0000,0.0000,0.0000
19.166,554.8839,-1.5532,237.0280,0.2510,3.8000,-0.4500,357.4183,180.1601,1.2556,0.0000,0.0000,0.0000
19.278,554.6429,-1.5707,237.1638,0.2510,3.8000,-0.4500,357.4183,180.1601,1.2556,0.0000,0.0000,0.0000
19.390,554.4421,-1.5846,237.2772,0.2510,3.8000,-0.4500,357.4183,180.1601,1.2556,0.0000,0.0000,0.0000
19.500,554.2014,-1.6004,237.4133,0.2510,3.8000,-0.4500,357.4183,180.1601,1.2556,0.0000,0.0000,0.0000
19.611,554.0009,-1.6127,237.5268,0.2510,3.8000,-0.4500,357.4183,180.1601,1.2556,0.0000,0.0000,0.0000
19.737,553.7202,-1.6284,237.6857,0.2510,3.8000,-0.4500,357.4183,180.1601,1.2556,0.0000,0.0000,0.0000
19.847,553.5197,-1.6386,237.7991,0.2510,3.8000,-0.4500,357.4183,180.1601,1.2556,0.0000,0.0000,0.0000
19.958,553.2791,-1.6494,237.9347,0.2510,3.8000,-0.4500,357.4183,180.1601,1.2557,0.0000,0.0000,0.0000
20.069,553.0778,-1.6568,238.0363,0.2510,3.8000,-0.4500,357.4183,180.1601,1.2557,0.0000,0.0000,0.0000
20.193,552.8336,-1.6628,238.1252,0.2510,3.8000,-0.4500,357.4183,180.1601,1.2557,0.0000,0.0000,0.0000
20.331,552.5466,-1.6650,238.1658,0.2510,3.8000,-0.4500,357.4183,180.1601,1.2557,0.0000,0.0000,0.0000
20.443,552.3000,-1.6635,238.1629,0.2510,3.8000,-0.4500,357.4183,180.1601,1.2557,0.0000,0.0000,0.0000
20.555,552.0946,-1.6603,238.1437,0.2510,3.8000,-0.4500,357.4183,180.1601,1.2557,0.0000,0.0000,0.0000
20.667,551.8480,-1.6547,238.1074,0.2510,3.8000,-0.4500,357.4183,180.1601,1.2557,0.0000,0.0000,0.0000
20.791,551.6016,-1.6473,238.0615,0.2510,3.8000,-0.4500,357.4183,180.1601,1.2557,0.0000,0.0000,0.0000
20.916,551.3162,-1.6338,237.9901,0.2510,3.8000,-0.4500,357.5528,180.1632,1.3547,0.0000,0.0000,0.0000
21.028,551.1135,-1.6221,237.9261,0.2510,3.8000,-0.4500,357.6905,180.1665,1.4409,0.0000,0.0000,0.0000
21.151,550.8704,-1.6100,237.8380,0.2510,3.8000,-0.4500,357.6905,180.1665,1.4409,0.0000,0.0000,0.0000
21.263,550.6284,-1.5944,237.7390,0.2510,3.8000,-0.4500,357.8577,180.1708,1.4815,0.0000,0.0000,0.0000
21.388,550.3868,-1.5779,237.6333,0.2510,3.8000,-0.4500,358.0200,180.1750,1.5153,0.0000,0.0000,0.0000
21.515,550.1451,-1.5609,237.5232,0.2510,3.8000,-0.4500,358.1812,180.1793,1.5199,0.0000,0.0000,0.0000
21.625,549.9012,-1.5445,237.4345,0.2510,3.8000,-0.4500,358.1812,180.1793,1.5199,0.0000,0.0000,0.0000
21.735,549.6962,-1.5286,237.4053,0.2510,3.8000,-0.4500,358.5252,180.1884,1.4864,0.0000,0.0000,0.0000
21.861,549.4091,-1.5082,237.4279,0.2510,3.8000,-0.4500,358.6066,180.1905,1.4710,0.0000,0.0000,0.0000
21.973,549.2045,-1.4924,237.4753,0.2510,3.8000,-0.4500,358.7704,180.1946,1.4381,0.0000,0.0000,0.0000
22.082,548.9594,-1.4721,237.5554,0.2510,3.8000,-0.4500,359.0232,180.2008,1.3714,0.0000,0.0000,0.0000
22.197,548.7151,-1.4506,237.6529,0.2510,3.8000,-0.4500,359.1830,180.2046,1.3269,0.0000,0.0000,0.0000
22.304,548.5114,-1.4313,237.7422,0.2510,3.8000,-0.4500,359.3393,180.2081,1.2759,0.0000,0.0000,0.0000
22.416,548.2669,-1.4066,237.8552,0.2510,3.8000,-0.4500,359.5771,180.2133,1.1925,0.0000,0.0000,0.0000
22.527,548.0635,-1.3849,237.9535,0.2510,3.8000,-0.4500,359.6562,180.2149,1.1625,0.0000,0.0000,0.0000
22.638,547.8189,-1.3573,238.0724,0.2510,3.8000,-0.4500,359.8913,180.2195,1.0706,0.0000,0.0000,0.0000
22.749,547.6153,-1.3332,238.1731,0.2510,3.8000,-0.4500,359.9676,180.2209,1.0396,0.0000,0.0000,0.0000
22.861,547.3703,-1.3030,238.2932,0.2510,3.8000,-0.4500,0.1988,180.2249,0.9409,0.0000,0.0000,0.0000
22.971,547.1656,-1.2768,238.3927,0.2510,3.8000,-0.4500,0.4286,180.2284,0.8367,0.0000,0.0000,0.0000
23.083,546.9205,-1.2444,238.5129,0.2510,3.8000,-0.4500,0.5024,180.2295,0.8027,0.0000,0.0000,0.0000
23.193,546.7154,-1.2167,238.6115,0.2510,3.8000,-0.4500,0.7289,180.2325,0.6925,0.0000,0.0000,0.0000
23.305,546.4694,-1.1824,238.7298,0.2510,3.8000,-0.4500,0.8736,180.2341,0.6198,0.0000,0.0000,0.0000
23.416,546.2233,-1.1471,238.8477,0.2510,3.8000,-0.4500,0.9469,180.2349,0.5821,0.0000,0.0000,0.0000
23.528,546.0176,-1.1171,238.9448,0.2510,3.8000,-0.4500,1.0930,180.2363,0.5065,0.0000,0.0000,0.0000
23.644,545.7709,-1.0801,239.0612,0.2510,3.8000,-0.4500,1.1672,180.2369,0.4676,0.0000,0.0000,0.0000
23.748,545.5646,-1.0487,239.1570,0.2510,3.8000,-0.4500,1.3155,180.2380,0.3898,0.0000,0.0000,0.0000
23.858,545.3176,-1.0100,239.2720,0.2510,3.8000,-0.4500,1.3849,180.2384,0.3537,0.0000,0.0000,0.0000
23.971,545.1116,-0.9770,239.3675,0.2510,3.8000,-0.4500,1.4589,180.2389,0.3167,0.0000,0.0000,0.0000
24.071,544.9051,-0.9431,239.4627,0.2510,3.8000,-0.4500,1.5331,180.2393,0.2799,0.0000,0.0000,0.0000
24.180,544.6573,-0.9012,239.5774,0.2510,3.8000,-0.4500,1.5331,180.2393,0.2799,0.0000,0.0000,0.0000
24.291,544.4504,-0.8653,239.6718,0.2510,3.8000,-0.4500,1.6900,180.2399,0.2143,0.0000,0.0000,0.0000
24.416,544.1611,-0.8138,239.8051,0.2510,3.8000,-0.4500,1.6900,180.2399,0.2143,0.0000,0.0000,0.0000
24.528,543.9545,-0.7764,239.9001,0.2510,3.8000,-0.4500,1.6900,180.2399,0.2143,0.0000,0.0000,0.0000
24.638,543.7059,-0.7310,240.0124,0.2510,3.8000,-0.4500,1.9272,180.2406,0.1253,0.0000,0.0000,0.0000
24.763,543.4579,-0.6860,240.1259,0.2510,3.8000,-0.4500,1.9272,180.2406,0.1253,0.0000,0.0000,0.0000
24.888,543.2097,-0.6417,240.2392,0.2510,3.8000,-0.4500,1.9272,180.2406,0.1253,0.0000,0.0000,0.0000
25.002,542.9614,-0.5987,240.3525,0.2510,3.8000,-0.4500,1.9272,180.2406,0.1253,0.0000,0.0000,0.0000
25.110,542.7539,-0.5643,240.4464,0.2510,3.8000,-0.4500,1.9955,180.2408,0.0782,0.0000,0.0000,0.0000
25.235,542.5048,-0.5248,240.5592,0.2510,3.8000,-0.4500,2.0586,180.2408,0.0261,0.0000,0.0000,0.0000
25.347,542.2556,-0.4871,240.6724,0.2510,3.8000,-0.4500,2.0586,180.2408,0.0261,0.0000,0.0000,0.0000
25.458,542.0050,-0.4532,240.7849,0.2510,3.8000,-0.4500,2.1708,180.2407,359.9079,0.0000,0.0000,0.0000
25.569,541.7964,-0.4259,240.8792,0.2510,3.8000,-0.4500,2.1708,180.2407,359.9079,0.0000,0.0000,0.0000
25.681,541.5450,-0.3977,240.9917,0.2510,3.8000,-0.4500,2.2573,180.2405,359.7647,0.0000,0.0000,0.0000
25.791,541.3360,-0.3749,241.0857,0.2510,3.8000,-0.4500,2.2573,180.2405,359.7647,0.0000,0.0000,0.0000
25.903,541.0832,-0.3537,241.1980,0.2510,3.8000,-0.4500,2.3509,180.2399,359.5317,0.0000,0.0000,0.0000
26.014,540.8736,-0.3355,241.2920,0.2510,3.8000,-0.4500,2.3509,180.2399,359.5317,0.0000,0.0000,0.0000
26.125,540.6205,-0.3190,241.4050,0.2510,3.8000,-0.4500,2.3913,180.2395,359.3716,0.0000,0.0000,0.0000
26.249,540.3676,-0.3044,241.5184,0.2510,3.8000,-0.4500,2.4062,180.2394,359.2921,0.0000,0.0000,0.0000
26.361,540.1135,-0.2942,241.6324,0.2510,3.8000,-0.4500,2.4296,180.2390,359.1281,0.0000,0.0000,0.0000
26.472,539.9023,-0.2856,241.7280,0.2510,3.8000,-0.4500,2.4296,180.2391,359.1281,0.0000,0.0000,0.0000
26.583,539.6474,-0.2806,241.8434,0.2510,3.8000,-0.4500,2.4437,180.2388,358.9618,0.0000,0.0000,0.0000
26.708,539.3922,-0.2784,241.9598,0.2510,3.8000,-0.4500,2.4509,180.2387,358.7941,0.0000,0.0000,0.0000
26.821,539.1373,-0.2773,242.0770,0.2510,3.8000,-0.4500,2.4521,180.2386,358.7122,0.0000,0.0000,0.0000
26.943,538.8821,-0.2786,242.1950,0.2510,3.8000,-0.4500,2.4522,180.2386,358.6297,0.0000,0.0000,0.0000
27.069,538.6266,-0.2821,242.3139,0.2510,3.8000,-0.4500,2.4507,180.2387,358.5452,0.0000,0.0000,0.0000
27.180,538.3707,-0.2893,242.4341,0.2510,3.8000,-0.4500,2.4474,180.2388,358.3790,0.0000,0.0000,0.0000
27.291,538.1580,-0.2942,242.5351,0.2510,3.8000,-0.4500,2.4474,180.2388,358.3790,0.0000,0.0000,0.0000
27.402,537.9028,-0.3017,242.6569,0.2510,3.8000,-0.4500,2.4474,180.2388,358.3790,0.0000,0.0000,0.0000
27.513,537.6893,-0.3107,242.7590,0.2510,3.8000,-0.4500,2.4428,180.2389,358.2951,0.0000,0.0000,0.0000
27.640,537.3898,-0.3258,242.9026,0.2510,3.8000,-0.4500,2.4317,180.2392,358.1294,0.0000,0.0000,0.0000
27.750,537.1761,-0.3357,243.0011,0.2510,3.8000,-0.4500,2.4317,180.2392,358.1294,0.0000,0.0000,0.0000
27.861,536.9183,-0.3492,243.1060,0.2510,3.8000,-0.4500,2.4317,180.2392,358.1294,0.0000,0.0000,0.0000
27.972,536.7018,-0.3631,243.1826,0.2510,3.8000,-0.4500,2.4238,180.2395,358.0490,0.0000,0.0000,0.0000
28.084,536.4417,-0.3793,243.2645,0.2510,3.8000,-0.4500,2.4238,180.2395,358.0490,0.0000,0.0000,0.0000
28.194,536.2242,-0.3937,243.3269,0.2510,3.8000,-0.4500,2.4239,180.2395,358.0490,0.0000,0.0000,0.0000
28.305,535.9630,-0.4117,243.3969,0.2510,3.8000,-0.4500,2.4239,180.2395,358.0490,0.0000,0.0000,0.0000
28.416,535.7010,-0.4317,243.4643,0.2510,3.8000,-0.4500,2.4129,180.2399,357.9704,0.0000,0.0000,0.0000
28.527,535.4831,-0.4476,243.5193,0.2510,3.8000,-0.4500,2.4129,180.2399,357.9704,0.0000,0.0000,0.0000
28.638,535.2295,-0.4702,243.4393,0.2510,3.8000,-0.4500,2.4129,180.2399,357.9704,0.0000,0.0000,0.0000
28.750,535.0313,-0.4967,243.1510,0.2510,3.8000,-0.4500,2.4129,180.2399,357.9704,0.0000,0.0000,0.0000
28.861,534.8046,-0.5358,242.6164,0.2510,3.8000,-0.4500,2.4129,180.2399,357.9704,0.0000,0.0000,0.0000
28.972,534.6208,-0.5717,242.0860,0.2510,3.8000,-0.4500,2.4129,180.2399,357.9704,0.0000,0.0000,0.0000
29.083,534.4030,-0.6163,241.4060,0.2510,3.8000,-0.4500,2.4129,180.2399,357.9704,0.0000,0.0000,0.0000
29.194,534.2226,-0.6535,240.8265,0.2510,3.8000,-0.4500,2.4129,180.2399,357.9704,0.0000,0.0000,0.0000
29.306,534.0065,-0.6973,240.1287,0.2510,3.8000,-0.4500,2.4130,180.2399,357.9704,0.0000,0.0000,0.0000
29.430,533.7906,-0.7396,239.4333,0.2510,3.8000,-0.4500,2.4129,180.2399,357.9704,0.0000,0.0000,0.0000
29.542,533.5760,-0.7808,238.7198,0.2510,3.8000,-0.4500,2.4129,180.2400,357.9704,0.0000,0.0000,0.0000
29.652,533.3961,-0.8138,238.1434,0.2510,3.8000,-0.4500,2.4129,180.2400,357.9704,0.0000,0.0000,0.0000
29.763,533.1732,-0.8492,237.5662,0.2510,3.8000,-0.4500,2.4129,180.2400,357.9704,0.0000,0.0000,0.0000
29.874,532.9798,-0.8744,237.2001,0.2510,3.8000,-0.4500,2.4129,180.2400,357.9704,0.0000,0.0000,0.0000
29.985,532.7388,-0.9004,236.8803,0.2510,3.8000,-0.4500,2.4129,180.2400,357.9704,0.0000,0.0000,0.0000
30.097,532.4907,-0.9227,236.6589,0.2510,3.8000,-0.4500,2.4129,180.2400,357.9704,0.0000,0.0000,0.0000
30.208,532.2798,-0.9391,236.5412,0.2510,3.8000,-0.4500,2.4129,180.2400,357.9704,0.0000,0.0000,0.0000
30.319,532.0241,-0.9564,236.4900,0.2510,3.8000,-0.4500,2.3302,180.2429,357.9798,0.0000,0.0000,0.0000
30.430,531.8105,-0.9688,236.4989,0.2510,3.8000,-0.4500,2.3302,180.2429,357.9797,0.0000,0.0000,0.0000
30.542,531.5551,-0.9832,236.5521,0.2510,3.8000,-0.4500,2.1644,180.2487,358.0123,0.0000,0.0000,0.0000
30.652,531.3425,-0.9941,236.6184,0.2510,3.8000,-0.4500,2.1644,180.2487,358.0123,0.0000,0.0000,0.0000
30.763,531.0880,-1.0071,236.7160,0.2510,3.8000,-0.4500,2.0847,180.2514,358.0348,0.0000,0.0000,0.0000
30.874,530.8765,-1.0181,236.8076,0.2510,3.8000,-0.4500,1.9312,180.2567,358.0804,0.0000,0.0000,0.0000
30.985,530.6230,-1.0311,236.9238,0.2510,3.8000,-0.4500,1.9312,180.2567,358.0804,0.0000,0.0000,0.0000
31.097,530.3699,-1.0443,237.0452,0.2510,3.8000,-0.4500,1.9312,180.2567,358.0804,0.0000,0.0000,0.0000
31.221,530.1172,-1.0581,237.1704,0.2510,3.8000,-0.4500,1.8548,180.2592,358.1077,0.0000,0.0000,0.0000
31.333,529.9069,-1.0698,237.2763,0.2510,3.8000,-0.4500,1.7782,180.2617,358.1360,0.0000,0.0000,0.0000
31.444,529.6545,-1.0843,237.4044,0.2510,3.8000,-0.4500,1.7036,180.2641,358.1642,0.0000,0.0000,0.0000
31.555,529.4443,-1.0967,237.5113,0.2510,3.8000,-0.4500,1.7036,180.2641,358.1642,0.0000,0.0000,0.0000
31.680,529.1501,-1.1147,237.6620,0.2510,3.8000,-0.4500,1.6276,180.2665,358.1939,0.0000,0.0000,0.0000
31.806,528.8982,-1.1306,237.7920,0.2510,3.8000,-0.4500,1.4782,180.2712,358.2533,0.0000,0.0000,0.0000
31.916,528.6460,-1.1469,237.9211,0.2510,3.8000,-0.4500,1.4782,180.2712,358.2533,0.0000,0.0000,0.0000
32.027,528.4360,-1.1608,238.0288,0.2510,3.8000,-0.4500,1.4782,180.2712,358.2533,0.0000,0.0000,0.0000
32.139,528.1838,-1.1777,238.1580,0.2510,3.8000,-0.4500,1.4782,180.2712,358.2533,0.0000,0.0000,0.0000
32.264,527.9319,-1.1950,238.2879,0.2510,3.8000,-0.4500,1.4033,180.2734,358.2848,0.0000,0.0000,0.0000
32.388,527.6800,-1.2124,238.4174,0.2510,3.8000,-0.4500,1.4033,180.2734,358.2848,0.0000,0.0000,0.0000
32.499,527.4288,-1.2299,238.5479,0.2510,3.8000,-0.4500,1.2508,180.2779,358.3531,0.0000,0.0000,0.0000
32.611,527.2193,-1.2446,238.6556,0.2510,3.8000,-0.4500,1.2508,180.2779,358.3531,0.0000,0.0000,0.0000
32.736,526.9260,-1.2652,238.8064,0.2510,3.8000,-0.4500,1.2508,180.2779,358.3531,0.0000,0.0000,0.0000
32.847,526.7164,-1.2798,238.9142,0.2510,3.8000,-0.4500,1.2508,180.2779,358.3531,0.0000,0.0000,0.0000
32.956,526.4655,-1.2971,239.0440,0.2510,3.8000,-0.4500,1.1778,180.2800,358.3911,0.0000,0.0000,0.0000
33.067,526.2562,-1.3115,239.1517,0.2510,3.8000,-0.4500,1.1778,180.2800,358.3911,0.0000,0.0000,0.0000
33.179,526.0049,-1.3285,239.2809,0.2510,3.8000,-0.4500,1.1778,180.2800,358.3911,0.0000,0.0000,0.0000
33.290,525.7956,-1.3426,239.3886,0.2510,3.8000,-0.4500,1.1778,180.2800,358.3911,0.0000,0.0000,0.0000
33.401,525.5446,-1.3593,239.5182,0.2510,3.8000,-0.4500,1.1778,180.2800,358.3911,0.0000,0.0000,0.0000
33.525,525.2940,-1.3759,239.6485,0.2510,3.8000,-0.4500,1.1778,180.2800,358.3911,0.0000,0.0000,0.0000
33.650,525.0435,-1.3924,239.7792,0.2510,3.8000,-0.4500,1.1778,180.2800,358.3911,0.0000,0.0000,0.0000
33.761,524.7930,-1.4090,239.9103,0.2510,3.8000,-0.4500,1.1778,180.2800,358.3911,0.0000,0.0000,0.0000
33.872,524.5843,-1.4230,240.0196,0.2510,3.8000,-0.4500,1.1778,180.2800,358.3911,0.0000,0.0000,0.0000
33.997,524.2921,-1.4432,240.1730,0.2510,3.8000,-0.4500,1.1778,180.2800,358.3911,0.0000,0.0000,0.0000
34.110,524.0831,-1.4583,240.2826,0.2510,3.8000,-0.4500,1.1778,180.2800,358.3911,0.0000,0.0000,0.0000
34.220,523.8322,-1.4773,240.4140,0.2510,3.8000,-0.4500,1.1778,180.2800,358.3911,0.0000,0.0000,0.0000
34.331,523.6228,-1.4938,240.5235,0.2510,3.8000,-0.4500,1.1778,180.2800,358.3911,0.0000,0.0000,0.0000
34.442,523.3715,-1.5144,240.6548,0.2510,3.8000,-0.4500,1.1778,180.2800,358.3911,0.0000,0.0000,0.0000
34.553,523.1618,-1.5321,240.7641,0.2510,3.8000,-0.4500,1.1778,180.2800,358.3911,0.0000,0.0000,0.0000
34.667,522.9100,-1.5536,240.8952,0.2510,3.8000,-0.4500,1.1778,180.2800,358.3911,0.0000,0.0000,0.0000
34.775,522.7001,-1.5715,241.0043,0.2510,3.8000,-0.4500,1.1778,180.2800,358.3911,0.0000,0.0000,0.0000
34.886,522.4480,-1.5926,241.1350,0.2510,3.8000,-0.4500,1.1778,180.2800,358.3911,0.0000,0.0000,0.0000
34.998,522.1955,-1.6131,241.2654,0.2510,3.8000,-0.4500,1.1778,180.2800,358.3911,0.0000,0.0000,0.0000
35.109,521.9850,-1.6294,241.3737,0.2510,3.8000,-0.4500,1.1778,180.2800,358.3911,0.0000,0.0000,0.0000
35.220,521.7326,-1.6478,241.5035,0.2510,3.8000,-0.4500,1.1778,180.2800,358.3911,0.0000,0.0000,0.0000
35.331,521.5222,-1.6619,241.6113,0.2510,3.8000,-0.4500,1.1778,180.2800,358.3911,0.0000,0.0000,0.0000
35.431,521.3118,-1.6749,241.7189,0.2510,3.8000,-0.4500,1.1778,180.2800,358.3912,0.0000,0.0000,0.0000
35.556,521.0172,-1.6907,241.8691,0.2510,3.8000,-0.4500,1.1778,180.2800,358.3911,0.0000,0.0000,0.0000
35.664,520.8067,-1.7002,241.9762,0.2510,3.8000,-0.4500,1.1778,180.2800,358.3911,0.0000,0.0000,0.0000
35.775,520.5964,-1.7080,242.0830,0.2510,3.8000,-0.4500,1.1778,180.2800,358.3911,0.0000,0.0000,0.0000
35.901,520.3019,-1.7161,242.2323,0.2510,3.8000,-0.4500,1.1778,180.2800,358.3911,0.0000,0.0000,0.0000
36.027,520.0496,-1.7202,242.3599,0.2510,3.8000,-0.4500,1.1778,180.2800,358.3911,0.0000,0.0000,0.0000
36.138,519.7975,-1.7217,242.4872,0.2510,3.8000,-0.4500,1.1778,180.2800,358.3911,0.0000,0.0000,0.0000
36.248,519.5878,-1.7209,242.5933,0.2510,3.8000,-0.4500,1.1778,180.2800,358.3912,0.0000,0.0000,0.0000
36.359,519.3364,-1.7175,242.7203,0.2510,3.8000,-0.4500,1.1778,180.2800,358.3912,0.0000,0.0000,0.0000
36.470,519.1271,-1.7128,242.8261,0.2510,3.8000,-0.4500,1.1778,180.2800,358.3912,0.0000,0.0000,0.0000
36.581,518.8759,-1.7047,242.9529,0.2510,3.8000,-0.4500,1.1778,180.2800,358.3912,0.0000,0.0000,0.0000
36.692,518.6669,-1.6962,243.0585,0.2510,3.8000,-0.4500,1.1778,180.2800,358.3912,0.0000,0.0000,0.0000
36.803,518.4166,-1.6824,243.1847,0.2510,3.8000,-0.4500,1.2206,180.2788,358.4618,0.0000,0.0000,0.0000
36.915,518.2082,-1.6691,243.2895,0.2510,3.8000,-0.4500,1.2627,180.2777,358.5327,0.0000,0.0000,0.0000
37.025,517.9583,-1.6519,243.4149,0.2510,3.8000,-0.4500,1.2972,180.2769,358.6058,0.0000,0.0000,0.0000
37.137,517.7086,-1.6331,243.5398,0.2510,3.8000,-0.4500,1.3287,180.2761,358.6786,0.0000,0.0000,0.0000
37.248,517.5004,-1.6177,243.6436,0.2510,3.8000,-0.4500,1.3287,180.2761,358.6786,0.0000,0.0000,0.0000
37.374,517.2514,-1.5968,243.7678,0.2510,3.8000,-0.4500,1.3510,180.2756,358.7569,0.0000,0.0000,0.0000
37.484,517.0027,-1.5752,243.8916,0.2510,3.8000,-0.4500,1.3642,180.2754,358.8392,0.0000,0.0000,0.0000
37.595,516.7958,-1.5567,243.9947,0.2510,3.8000,-0.4500,1.3762,180.2751,358.9212,0.0000,0.0000,0.0000
37.706,516.5472,-1.5362,244.1182,0.2510,3.8000,-0.4500,1.3762,180.2751,358.9212,0.0000,0.0000,0.0000
37.831,516.2996,-1.5132,244.2417,0.2510,3.8000,-0.4500,1.3660,180.2753,359.0796,0.0000,0.0000,0.0000
37.942,516.0513,-1.4934,244.3650,0.2510,3.8000,-0.4500,1.3660,180.2753,359.0796,0.0000,0.0000,0.0000
38.056,515.8035,-1.4732,244.4886,0.2510,3.8000,-0.4500,1.3455,180.2756,359.1573,0.0000,0.0000,0.0000
38.178,515.5566,-1.4530,244.6123,0.2510,3.8000,-0.4500,1.2835,180.2765,359.3092,0.0000,0.0000,0.0000
38.289,515.3500,-1.4387,244.7151,0.2510,3.8000,-0.4500,1.2835,180.2765,359.3092,0.0000,0.0000,0.0000
38.401,515.1040,-1.4202,244.8395,0.2510,3.8000,-0.4500,1.1481,180.2778,359.5150,0.0000,0.0000,0.0000
38.512,514.8979,-1.4078,244.9425,0.2510,3.8000,-0.4500,1.1481,180.2778,359.5150,0.0000,0.0000,0.0000
38.638,514.6094,-1.3923,245.0867,0.2510,3.8000,-0.4500,1.1481,180.2778,359.5150,0.0000,0.0000,0.0000
38.748,514.4038,-1.3816,245.1904,0.2510,3.8000,-0.4500,1.0303,180.2787,359.6265,0.0000,0.0000,0.0000
38.872,514.1570,-1.3714,245.3145,0.2510,3.8000,-0.4500,0.9677,180.2791,359.6766,0.0000,0.0000,0.0000
38.984,513.9108,-1.3634,245.4393,0.2510,3.8000,-0.4500,0.8315,180.2798,359.7658,0.0000,0.0000,0.0000
39.109,513.6640,-1.3586,245.5634,0.2510,3.8000,-0.4500,0.8315,180.2798,359.7658,0.0000,0.0000,0.0000
39.236,513.3765,-1.3566,245.7101,0.2510,3.8000,-0.4500,0.6086,180.2805,359.8698,0.0000,0.0000,0.0000
39.345,513.1708,-1.3585,245.8153,0.2510,3.8000,-0.4500,0.4536,180.2807,359.9160,0.0000,0.0000,0.0000
39.456,512.9238,-1.3642,245.9418,0.2510,3.8000,-0.4500,0.2950,180.2809,359.9492,0.0000,0.0000,0.0000
39.567,512.7178,-1.3718,246.0472,0.2510,3.8000,-0.4500,0.2147,180.2810,359.9600,0.0000,0.0000,0.0000
39.667,512.5119,-1.3823,246.1530,0.2510,3.8000,-0.4500,0.1338,180.2810,359.9700,0.0000,0.0000,0.0000
39.776,512.2646,-1.4001,246.2814,0.2510,3.8000,-0.4500,359.8800,180.2811,359.9784,0.0000,0.0000,0.0000
39.899,512.0171,-1.4219,246.4097,0.2510,3.8000,-0.4500,359.7127,180.2812,359.9785,0.0000,0.0000,0.0000
40.025,511.7693,-1.4493,246.5393,0.2510,3.8000,-0.4500,359.4576,180.2813,359.9576,0.0000,0.0000,0.0000
40.150,511.5213,-1.4807,246.6687,0.2510,3.8000,-0.4500,359.2911,180.2815,359.9370,0.0000,0.0000,0.0000
40.261,511.2734,-1.5167,246.7986,0.2510,3.8000,-0.4500,359.1288,180.2817,359.9135,0.0000,0.0000,0.0000
40.375,511.0662,-1.5513,246.9079,0.2510,3.8000,-0.4500,358.8911,180.2822,359.8727,0.0000,0.0000,0.0000
40.497,510.7764,-1.6022,247.0599,0.2510,3.8000,-0.4500,358.8111,180.2823,359.8570,0.0000,0.0000,0.0000
40.608,510.5691,-1.6432,247.1694,0.2510,3.8000,-0.4500,358.6491,180.2828,359.8242,0.0000,0.0000,0.0000
40.719,510.3202,-1.6968,247.3016,0.2510,3.8000,-0.4500,358.4006,180.2837,359.7707,0.0000,0.0000,0.0000
40.845,510.0717,-1.7509,247.4326,0.2510,3.8000,-0.4500,358.4006,180.2837,359.7707,0.0000,0.0000,0.0000
40.969,509.8228,-1.8111,247.5656,0.2510,3.8000,-0.4500,358.1548,180.2848,359.7175,0.0000,0.0000,0.0000
41.080,509.5740,-1.8719,247.6979,0.2510,3.8000,-0.4500,358.0766,180.2852,359.7014,0.0000,0.0000,0.0000
41.192,509.3667,-1.9244,247.8082,0.2510,3.8000,-0.4500,357.9984,180.2856,359.6855,0.0000,0.0000,0.0000
41.302,509.1179,-1.9888,247.9407,0.2510,3.8000,-0.4500,357.9200,180.2860,359.6717,0.0000,0.0000,0.0000
41.414,508.9104,-2.0424,248.0508,0.2510,3.8000,-0.4500,357.9200,180.2860,359.6717,0.0000,0.0000,0.0000
41.525,508.6615,-2.1081,248.1836,0.2510,3.8000,-0.4500,357.8410,180.2865,359.6609,0.0000,0.0000,0.0000
41.636,508.4128,-2.1728,248.3159,0.2510,3.8000,-0.4500,357.8410,180.2865,359.6609,0.0000,0.0000,0.0000
41.747,508.2056,-2.2260,248.4261,0.2510,3.8000,-0.4500,357.8410,180.2865,359.6609,0.0000,0.0000,0.0000
41.873,507.9571,-2.2886,248.5586,0.2510,3.8000,-0.4500,357.8410,180.2865,359.6609,0.0000,0.0000,0.0000
41.984,507.7087,-2.3491,248.6912,0.2510,3.8000,-0.4500,357.8410,180.2865,359.6609,0.0000,0.0000,0.0000
42.109,507.4605,-2.4067,248.8239,0.2510,3.8000,-0.4500,357.8410,180.2865,359.6609,0.0000,0.0000,0.0000
42.220,507.2126,-2.4610,248.9567,0.2510,3.8000,-0.4500,357.8410,180.2865,359.6609,0.0000,0.0000,0.0000
42.344,506.9648,-2.5110,249.0895,0.2510,3.8000,-0.4500,357.8410,180.2865,359.6609,0.0000,0.0000,0.0000
42.470,506.7173,-2.5564,249.2222,0.2510,3.8000,-0.4500,357.8410,180.2865,359.6609,0.0000,0.0000,0.0000
42.581,506.4702,-2.5964,249.3548,0.2510,3.8000,-0.4500,357.8410,180.2865,359.6609,0.0000,0.0000,0.0000
42.692,506.2646,-2.6254,249.4650,0.2510,3.8000,-0.4500,357.8410,180.2865,359.6609,0.0000,0.0000,0.0000
42.803,506.0182,-2.6544,249.5970,0.2510,3.8000,-0.4500,357.8410,180.2865,359.6609,0.0000,0.0000,0.0000
42.913,505.8133,-2.6701,249.6976,0.2510,3.8000,-0.4500,357.9104,180.2862,359.8193,0.0000,0.0000,0.0000
43.025,505.5654,-2.6812,249.7879,0.2510,3.8000,-0.4500,358.0276,180.2860,0.0434,0.0000,0.0000,0.0000
43.136,505.3148,-2.6847,249.8461,0.2510,3.8000,-0.4500,358.1981,180.2865,0.2382,0.0000,0.0000,0.0000
43.248,505.1045,-2.6830,249.8746,0.2510,3.8000,-0.4500,358.3143,180.2871,0.3592,0.0000,0.0000,0.0000
43.374,504.8521,-2.6725,249.8885,0.2510,3.8000,-0.4500,358.5698,180.2891,0.5683,0.0000,0.0000,0.0000
43.485,504.5998,-2.6570,249.8874,0.2510,3.8000,-0.4500,358.7789,180.2915,0.7093,0.0000,0.0000,0.0000
43.595,504.3895,-2.6412,249.8788,0.2510,3.8000,-0.4500,358.8486,180.2924,0.7543,0.0000,0.0000,0.0000
43.721,504.0971,-2.6061,249.8554,0.2510,3.8000,-0.4500,359.3051,180.2994,1.0032,0.0000,0.0000,0.0000
43.831,503.8877,-2.5818,249.8360,0.2510,3.8000,-0.4500,359.3051,180.2994,1.0032,0.0000,0.0000,0.0000
43.957,503.5962,-2.5366,249.8033,0.2510,3.8000,-0.4500,359.6127,180.3051,1.1404,0.0000,0.0000,0.0000
44.068,503.3885,-2.4988,249.7864,0.2510,3.8000,-0.4500,359.9187,180.3115,1.2577,0.0000,0.0000,0.0000
44.178,503.1395,-2.4504,249.7884,0.2510,3.8000,-0.4500,0.1538,180.3169,1.3364,0.0000,0.0000,0.0000
44.289,502.9325,-2.4051,249.8003,0.2510,3.8000,-0.4500,0.3853,180.3224,1.4098,0.0000,0.0000,0.0000
44.414,502.6845,-2.3469,249.8227,0.2510,3.8000,-0.4500,0.5450,180.3264,1.4608,0.0000,0.0000,0.0000
44.525,502.4374,-2.2814,249.8492,0.2510,3.8000,-0.4500,0.7874,180.3328,1.5420,0.0000,0.0000,0.0000
44.651,502.1912,-2.2095,249.8789,0.2510,3.8000,-0.4500,1.0237,180.3393,1.6255,0.0000,0.0000,0.0000
44.761,501.9463,-2.1299,249.9122,0.2510,3.8000,-0.4500,1.3365,180.3485,1.7525,0.0000,0.0000,0.0000
44.872,501.7428,-2.0612,249.9468,0.2510,3.8000,-0.4500,1.4130,180.3509,1.7868,0.0000,0.0000,0.0000
44.998,501.4601,-1.9555,250.0031,0.2510,3.8000,-0.4500,1.6430,180.3583,1.8926,0.0000,0.0000,0.0000
45.109,501.2602,-1.8726,250.0477,0.2510,3.8000,-0.4500,1.9373,180.3684,2.0413,0.0000,0.0000,0.0000
45.209,501.0599,-1.7902,250.0979,0.2510,3.8000,-0.4500,1.9373,180.3684,2.0414,0.0000,0.0000,0.0000
45.317,500.8224,-1.6797,250.1584,0.2510,3.8000,-0.4500,2.3153,180.3826,2.2543,0.0000,0.0000,0.0000
45.428,500.6242,-1.5891,250.2135,0.2510,3.8000,-0.4500,2.3153,180.3826,2.2543,0.0000,0.0000,0.0000
45.539,500.3878,-1.4734,250.2805,0.2510,3.8000,-0.4500,2.4547,180.3882,2.3383,0.0000,0.0000,0.0000
45.664,500.1528,-1.3518,250.3500,0.2510,3.8000,-0.4500,2.6728,180.3973,2.4747,0.0000,0.0000,0.0000
45.789,499.9184,-1.2292,250.4247,0.2510,3.8000,-0.4500,2.7418,180.4003,2.5183,0.0000,0.0000,0.0000
45.914,499.6844,-1.1047,250.5036,0.2510,3.8000,-0.4500,2.7418,180.4003,2.5183,0.0000,0.0000,0.0000
46.025,499.4521,-0.9751,250.5840,0.2510,3.8000,-0.4500,2.8796,180.4065,2.6078,0.0000,0.0000,0.0000
46.136,499.2195,-0.8463,250.6671,0.2510,3.8000,-0.4500,2.8796,180.4065,2.6078,0.0000,0.0000,0.0000
46.247,499.0264,-0.7369,250.7369,0.2510,3.8000,-0.4500,2.9483,180.4097,2.6519,0.0000,0.0000,0.0000
46.347,498.8330,-0.6285,250.8078,0.2510,3.8000,-0.4500,2.9483,180.4097,2.6519,0.0000,0.0000,0.0000
46.456,498.6010,-0.4987,250.8937,0.2510,3.8000,-0.4500,2.9483,180.4097,2.6519,0.0000,0.0000,0.0000
46.567,498.4076,-0.3913,250.9655,0.2510,3.8000,-0.4500,2.9483,180.4097,2.6519,0.0000,0.0000,0.0000
46.667,498.2143,-0.2850,251.0373,0.2510,3.8000,-0.4500,2.9483,180.4097,2.6519,0.0000,0.0000,0.0000
46.776,498.0207,-0.1803,251.1092,0.2510,3.8000,-0.4500,2.9483,180.4097,2.6519,0.0000,0.0000,0.0000
46.886,497.7881,-0.0574,251.1956,0.2510,3.8000,-0.4500,2.9483,180.4097,2.6519,0.0000,0.0000,0.0000
46.998,497.5551,0.0619,251.2823,0.2510,3.8000,-0.4500,2.9483,180.4097,2.6519,0.0000,0.0000,0.0000
47.110,497.3605,0.1581,251.3549,0.2510,3.8000,-0.4500,2.9483,180.4097,2.6520,0.0000,0.0000,0.0000
47.234,497.1263,0.2691,251.4426,0.2510,3.8000,-0.4500,2.9483,180.4097,2.6520,0.0000,0.0000,0.0000
47.345,496.8914,0.3747,251.5309,0.2510,3.8000,-0.4500,2.9483,180.4097,2.6520,0.0000,0.0000,0.0000
47.456,496.6558,0.4742,251.6197,0.2510,3.8000,-0.4500,2.9483,180.4097,2.6520,0.0000,0.0000,0.0000
47.567,496.4588,0.5521,251.6938,0.2510,3.8000,-0.4500,2.9483,180.4097,2.6520,0.0000,0.0000,0.0000
47.678,496.2213,0.6392,251.7829,0.2510,3.8000,-0.4500,2.9483,180.4097,2.6520,0.0000,0.0000,0.0000
47.789,496.0198,0.6981,251.8591,0.2510,3.8000,-0.4500,2.7163,180.3997,2.2884,0.0000,0.0000,0.0000
47.900,495.7787,0.7682,251.9473,0.2510,3.8000,-0.4500,2.6202,180.3960,2.1550,0.0000,0.0000,0.0000
48.011,495.5757,0.8183,252.0198,0.2510,3.8000,-0.4500,2.4632,180.3903,1.9554,0.0000,0.0000,0.0000
48.123,495.3308,0.8701,252.1050,0.2510,3.8000,-0.4500,2.2482,180.3835,1.6960,0.0000,0.0000,0.0000
48.234,495.1256,0.9071,252.1740,0.2510,3.8000,-0.4500,2.0776,180.3787,1.5008,0.0000,0.0000,0.0000
48.345,494.8784,0.9445,252.2547,0.2510,3.8000,-0.4500,1.9094,180.3746,1.3103,0.0000,0.0000,0.0000
48.457,494.6289,0.9699,252.3350,0.2510,3.8000,-0.4500,1.6192,180.3688,0.9863,0.0000,0.0000,0.0000
48.573,494.4210,0.9878,252.4000,0.2510,3.8000,-0.4500,1.5081,180.3670,0.8621,0.0000,0.0000,0.0000
48.677,494.1695,0.9987,252.4778,0.2510,3.8000,-0.4500,1.2845,180.3641,0.6109,0.0000,0.0000,0.0000
48.787,493.9588,1.0001,252.5423,0.2510,3.8000,-0.4500,1.0630,180.3622,0.3583,0.0000,0.0000,0.0000
48.913,493.7064,0.9982,252.6180,0.2510,3.8000,-0.4500,0.9537,180.3616,0.2317,0.0000,0.0000,0.0000
49.024,493.4519,0.9847,252.6945,0.2510,3.8000,-0.4500,0.7295,180.3613,359.9674,0.0000,0.0000,0.0000
49.136,493.1962,0.9618,252.7714,0.2510,3.8000,-0.4500,0.4643,180.3621,359.6443,0.0000,0.0000,0.0000
49.248,492.9839,0.9416,252.8339,0.2510,3.8000,-0.4500,0.4134,180.3625,359.5797,0.0000,0.0000,0.0000
49.358,492.7271,0.9062,252.9083,0.2510,3.8000,-0.4500,0.2092,180.3645,359.3154,0.0000,0.0000,0.0000
49.484,492.4699,0.8653,252.9808,0.2510,3.8000,-0.4500,0.0618,180.3665,359.1159,0.0000,0.0000,0.0000
49.595,492.2552,0.8270,253.0408,0.2510,3.8000,-0.4500,359.9658,180.3681,358.9792,0.0000,0.0000,0.0000
49.706,491.9976,0.7757,253.1130,0.2510,3.8000,-0.4500,359.8705,180.3699,358.8409,0.0000,0.0000,0.0000
49.831,491.7391,0.7167,253.1866,0.2510,3.8000,-0.4500,359.7282,180.3730,358.6317,0.0000,0.0000,0.0000
49.956,491.4371,0.6410,253.2724,0.2510,3.8000,-0.4500,359.5800,180.3768,358.4193,0.0000,0.0000,0.0000
50.067,491.2214,0.5842,253.3306,0.2510,3.8000,-0.4500,359.5323,180.3782,358.3521,0.0000,0.0000,0.0000
50.178,490.9611,0.5066,253.3986,0.2510,3.8000,-0.4500,359.3340,180.3844,358.0883,0.0000,0.0000,0.0000
50.289,490.7448,0.4418,253.4537,0.2510,3.8000,-0.4500,359.2840,180.3860,358.0271,0.0000,0.0000,0.0000
50.400,490.4847,0.3583,253.5202,0.2510,3.8000,-0.4500,359.1793,180.3898,357.9049,0.0000,0.0000,0.0000
50.511,490.2684,0.2864,253.5763,0.2510,3.8000,-0.4500,359.1250,180.3918,357.8448,0.0000,0.0000,0.0000
50.622,490.0081,0.1935,253.6457,0.2510,3.8000,-0.4500,358.9422,180.3990,357.6637,0.0000,0.0000,0.0000
50.722,489.7921,0.1172,253.7040,0.2510,3.8000,-0.4500,358.9422,180.3990,357.6637,0.0000,0.0000,0.0000
50.844,489.5321,0.0184,253.7769,0.2510,3.8000,-0.4500,358.7431,180.4074,357.5032,0.0000,0.0000,0.0000
50.956,489.2731,-0.0798,253.8513,0.2510,3.8000,-0.4500,358.6797,180.4101,357.4541,0.0000,0.0000,0.0000
51.067,489.0576,-0.1619,253.9148,0.2510,3.8000,-0.4500,358.6797,180.4101,357.4540,0.0000,0.0000,0.0000
51.193,488.7993,-0.2617,253.9922,0.2510,3.8000,-0.4500,358.6797,180.4101,357.4540,0.0000,0.0000,0.0000
51.303,488.5406,-0.3644,254.0711,0.2510,3.8000,-0.4500,358.5287,180.4169,357.3882,0.0000,0.0000,0.0000
51.414,488.3255,-0.4480,254.1364,0.2510,3.8000,-0.4500,358.5287,180.4169,357.3882,0.0000,0.0000,0.0000
51.514,488.1104,-0.5310,254.2021,0.2510,3.8000,-0.4500,358.5287,180.4169,357.3882,0.0000,0.0000,0.0000
51.620,487.8525,-0.6294,254.2812,0.2510,3.8000,-0.4500,358.5287,180.4169,357.3882,0.0000,0.0000,0.0000
51.746,487.5948,-0.7256,254.3604,0.2510,3.8000,-0.4500,358.5287,180.4169,357.3882,0.0000,0.0000,0.0000
51.857,487.3376,-0.8193,254.4403,0.2510,3.8000,-0.4500,358.4482,180.4206,357.4066,0.0000,0.0000,0.0000
51.983,487.0805,-0.9092,254.5195,0.2510,3.8000,-0.4500,358.4482,180.4206,357.4066,0.0000,0.0000,0.0000
52.094,486.8670,-0.9805,254.5864,0.2510,3.8000,-0.4500,358.3080,180.4269,357.4928,0.0000,0.0000,0.0000
52.206,486.6103,-1.0622,254.6646,0.2510,3.8000,-0.4500,358.3080,180.4269,357.4928,0.0000,0.0000,0.0000
52.317,486.3547,-1.1372,254.7424,0.2510,3.8000,-0.4500,358.2071,180.4312,357.6218,0.0000,0.0000,0.0000
52.428,486.1425,-1.1933,254.8061,0.2510,3.8000,-0.4500,358.1086,180.4351,357.8483,0.0000,0.0000,0.0000
52.539,485.8867,-1.2575,254.8786,0.2510,3.8000,-0.4500,358.0933,180.4357,357.9287,0.0000,0.0000,0.0000
52.650,485.6746,-1.3030,254.9367,0.2510,3.8000,-0.4500,358.0663,180.4366,358.1767,0.0000,0.0000,0.0000
52.761,485.4191,-1.3533,255.0017,0.2510,3.8000,-0.4500,358.0793,180.4362,358.3463,0.0000,0.0000,0.0000
52.887,485.1636,-1.3965,255.0615,0.2510,3.8000,-0.4500,358.0988,180.4357,358.5139,0.0000,0.0000,0.0000
52.997,484.9092,-1.4292,255.1157,0.2510,3.8000,-0.4500,358.1882,180.4336,358.8474,0.0000,0.0000,0.0000
53.108,484.6964,-1.4534,255.1563,0.2510,3.8000,-0.4500,358.2432,180.4326,359.0001,0.0000,0.0000,0.0000
53.233,484.4415,-1.4751,255.1996,0.2510,3.8000,-0.4500,358.3420,180.4310,359.2256,0.0000,0.0000,0.0000
53.360,484.1443,-1.4910,255.2434,0.2510,3.8000,-0.4500,358.5039,180.4293,359.5195,0.0000,0.0000,0.0000
53.470,483.9318,-1.4984,255.2709,0.2510,3.8000,-0.4500,358.5940,180.4286,359.6584,0.0000,0.0000,0.0000
53.596,483.6341,-1.5028,255.3050,0.2510,3.8000,-0.4500,358.6924,180.4282,359.7944,0.0000,0.0000,0.0000
53.706,483.4224,-1.4989,255.3264,0.2510,3.8000,-0.4500,358.8466,180.4279,359.9874,0.0000,0.0000,0.0000
53.834,483.1680,-1.4919,255.3506,0.2510,3.8000,-0.4500,358.9643,180.4280,0.1082,0.0000,0.0000,0.0000
53.939,482.9138,-1.4802,255.3736,0.2510,3.8000,-0.4500,359.0854,180.4283,0.2210,0.0000,0.0000,0.0000
54.051,482.7023,-1.4668,255.3901,0.2510,3.8000,-0.4500,359.2122,180.4289,0.3228,0.0000,0.0000,0.0000
54.163,482.4500,-1.4492,255.3751,0.2510,3.8000,-0.4500,359.2773,180.4293,0.3706,0.0000,0.0000,0.0000
54.289,482.2029,-1.4260,255.2998,0.2510,3.8000,-0.4500,359.4958,180.4310,0.4949,0.0000,0.0000,0.0000
54.414,481.9593,-1.4033,255.1724,0.2510,3.8000,-0.4500,359.5712,180.4316,0.5263,0.0000,0.0000,0.0000
54.525,481.7188,-1.3791,255.0048,0.2510,3.8000,-0.4500,359.6478,180.4324,0.5556,0.0000,0.0000,0.0000
54.625,481.5204,-1.3560,254.8424,0.2510,3.8000,-0.4500,359.8907,180.4349,0.6206,0.0000,0.0000,0.0000
54.734,481.3225,-1.3355,254.6680,0.2510,3.8000,-0.4500,359.8908,180.4349,0.6206,0.0000,0.0000,0.0000
54.845,481.0858,-1.3081,254.4465,0.2510,3.8000,-0.4500,0.1347,180.4376,0.6458,0.0000,0.0000,0.0000
54.956,480.8472,-1.2820,254.2455,0.2510,3.8000,-0.4500,0.2157,180.4385,0.6427,0.0000,0.0000,0.0000
55.067,480.6451,-1.2583,254.1099,0.2510,3.8000,-0.4500,0.4653,180.4412,0.6165,0.0000,0.0000,0.0000
55.178,480.3990,-1.2307,253.9882,0.2510,3.8000,-0.4500,0.4653,180.4412,0.6165,0.0000,0.0000,0.0000
55.292,480.1912,-1.2062,253.9113,0.2510,3.8000,-0.4500,0.6258,180.4429,0.5808,0.0000,0.0000,0.0000
55.401,479.9391,-1.1762,253.8399,0.2510,3.8000,-0.4500,0.9457,180.4459,0.4788,0.0000,0.0000,0.0000
55.511,479.7282,-1.1513,253.7946,0.2510,3.8000,-0.4500,0.9457,180.4459,0.4788,0.0000,0.0000,0.0000
55.622,479.4733,-1.1213,253.7488,0.2510,3.8000,-0.4500,1.1039,180.4471,0.4050,0.0000,0.0000,0.0000
55.734,479.2599,-1.0964,253.7203,0.2510,3.8000,-0.4500,1.2572,180.4481,0.3302,0.0000,0.0000,0.0000
55.858,478.9617,-1.0611,253.7194,0.2510,3.8000,-0.4500,1.3989,180.4488,0.2468,0.0000,0.0000,0.0000
55.969,478.7495,-1.0356,253.7461,0.2510,3.8000,-0.4500,1.5354,180.4493,0.1575,0.0000,0.0000,0.0000
56.094,478.4963,-1.0045,253.8024,0.2510,3.8000,-0.4500,1.6012,180.4494,0.1112,0.0000,0.0000,0.0000
56.219,478.2011,-0.9696,253.8899,0.2510,3.8000,-0.4500,1.8603,180.4495,359.9030,0.0000,0.0000,0.0000
56.331,477.9912,-0.9444,253.9631,0.2510,3.8000,-0.4500,1.9194,180.4494,359.8495,0.0000,0.0000,0.0000
56.443,477.7389,-0.9156,254.0586,0.2510,3.8000,-0.4500,2.0370,180.4489,359.7319,0.0000,0.0000,0.0000
56.553,477.5286,-0.8929,254.1430,0.2510,3.8000,-0.4500,2.1500,180.4483,359.6141,0.0000,0.0000,0.0000
56.664,477.2765,-0.8663,254.2489,0.2510,3.8000,-0.4500,2.2015,180.4479,359.5498,0.0000,0.0000,0.0000
56.775,477.0662,-0.8456,254.3395,0.2510,3.8000,-0.4500,2.2529,180.4475,359.4845,0.0000,0.0000,0.0000
56.886,476.8127,-0.8245,254.4497,0.2510,3.8000,-0.4500,2.3927,180.4460,359.2804,0.0000,0.0000,0.0000
57.012,476.5597,-0.8041,254.5620,0.2510,3.8000,-0.4500,2.4336,180.4454,359.2086,0.0000,0.0000,0.0000
57.138,476.2636,-0.7844,254.6941,0.2510,3.8000,-0.4500,2.5100,180.4443,359.0616,0.0000,0.0000,0.0000
57.249,476.0518,-0.7722,254.7894,0.2510,3.8000,-0.4500,2.5454,180.4437,358.9867,0.0000,0.0000,0.0000
57.359,475.7969,-0.7611,254.9046,0.2510,3.8000,-0.4500,2.6056,180.4425,358.8346,0.0000,0.0000,0.0000
57.486,475.5419,-0.7520,255.0207,0.2510,3.8000,-0.4500,2.6297,180.4420,358.7527,0.0000,0.0000,0.0000
57.597,475.2862,-0.7471,255.1375,0.2510,3.8000,-0.4500,2.6755,180.4410,358.5894,0.0000,0.0000,0.0000
57.707,475.0737,-0.7432,255.2354,0.2510,3.8000,-0.4500,2.6755,180.4410,358.5894,0.0000,0.0000,0.0000
57.817,474.8171,-0.7441,255.3535,0.2510,3.8000,-0.4500,2.7027,180.4402,358.4204,0.0000,0.0000,0.0000
57.928,474.6030,-0.7475,255.4526,0.2510,3.8000,-0.4500,2.7187,180.4398,358.2565,0.0000,0.0000,0.0000
58.039,474.3470,-0.7508,255.5725,0.2510,3.8000,-0.4500,2.7187,180.4398,358.2565,0.0000,0.0000,0.0000
58.150,474.1326,-0.7587,255.6732,0.2510,3.8000,-0.4500,2.7173,180.4398,358.0879,0.0000,0.0000,0.0000
58.275,473.8763,-0.7669,255.7951,0.2510,3.8000,-0.4500,2.7173,180.4398,358.0879,0.0000,0.0000,0.0000
58.387,473.6194,-0.7790,255.9180,0.2510,3.8000,-0.4500,2.7079,180.4402,358.0034,0.0000,0.0000,0.0000
58.497,473.3617,-0.7949,256.0423,0.2510,3.8000,-0.4500,2.6877,180.4409,357.8381,0.0000,0.0000,0.0000
58.608,473.1477,-0.8069,256.1468,0.2510,3.8000,-0.4500,2.6877,180.4409,357.8381,0.0000,0.0000,0.0000
58.734,472.8908,-0.8230,256.2731,0.2510,3.8000,-0.4500,2.6877,180.4409,357.8381,0.0000,0.0000,0.0000
58.858,472.5907,-0.8449,256.4215,0.2510,3.8000,-0.4500,2.6644,180.4418,357.7628,0.0000,0.0000,0.0000
58.970,472.3768,-0.8603,256.5280,0.2510,3.8000,-0.4500,2.6644,180.4418,357.7628,0.0000,0.0000,0.0000
59.081,472.1201,-0.8793,256.6565,0.2510,3.8000,-0.4500,2.6644,180.4418,357.7628,0.0000,0.0000,0.0000
59.192,471.9063,-0.8954,256.7649,0.2510,3.8000,-0.4500,2.6644,180.4418,357.7628,0.0000,0.0000,0.0000
59.318,471.6072,-0.9177,256.9186,0.2510,3.8000,-0.4500,2.6644,180.4418,357.7628,0.0000,0.0000,0.0000
59.429,471.3938,-0.9332,257.0295,0.2510,3.8000,-0.4500,2.6644,180.4418,357.7628,0.0000,0.0000,0.0000
59.539,471.1378,-0.9510,257.1636,0.2510,3.8000,-0.4500,2.6644,180.4418,357.7628,0.0000,0.0000,0.0000
59.650,470.9245,-0.9647,257.2759,0.2510,3.8000,-0.4500,2.6644,180.4418,357.7628,0.0000,0.0000,0.0000
59.761,470.6690,-0.9797,257.4110,0.2510,3.8000,-0.4500,2.6644,180.4418,357.7628,0.0000,0.0000,0.0000
59.887,470.4136,-0.9927,257.5464,0.2510,3.8000,-0.4500,2.6644,180.4418,357.7628,0.0000,0.0000,0.0000
59.998,470.1584,-1.0031,257.6802,0.2510,3.8000,-0.4500,2.6644,180.4418,357.7628,0.0000,0.0000,0.0000
60.109,469.9458,-1.0098,257.7886,0.2510,3.8000,-0.4500,2.6644,180.4418,357.7628,0.0000,0.0000,0.0000
60.220,469.6906,-1.0150,257.9147,0.2510,3.8000,-0.4500,2.6644,180.4418,357.7628,0.0000,0.0000,0.0000
60.344,469.4355,-1.0169,258.0374,0.2510,3.8000,-0.4500,2.6644,180.4418,357.7628,0.0000,0.0000,0.0000
60.456,469.2231,-1.0156,258.1377,0.2510,3.8000,-0.4500,2.6644,180.4418,357.7628,0.0000,0.0000,0.0000
60.568,468.9684,-1.0104,258.2564,0.2510,3.8000,-0.4500,2.6644,180.4418,357.7628,0.0000,0.0000,0.0000
60.678,468.7147,-1.0001,258.3741,0.2510,3.8000,-0.4500,2.6189,180.4435,357.8283,0.0000,0.0000,0.0000
60.803,468.4622,-0.9831,258.4901,0.2510,3.8000,-0.4500,2.5016,180.4478,358.0486,0.0000,0.0000,0.0000
60.914,468.2509,-0.9657,258.5738,0.2510,3.8000,-0.4500,2.4512,180.4494,358.2087,0.0000,0.0000,0.0000
61.025,467.9959,-0.9423,258.6266,0.2510,3.8000,-0.4500,2.4142,180.4505,358.3739,0.0000,0.0000,0.0000
61.150,467.7413,-0.9148,258.6189,0.2510,3.8000,-0.4500,2.3801,180.4514,358.6209,0.0000,0.0000,0.0000
61.261,467.4867,-0.8869,258.5713,0.2510,3.8000,-0.4500,2.3716,180.4516,358.7025,0.0000,0.0000,0.0000
61.388,467.2345,-0.8524,258.4975,0.2510,3.8000,-0.4500,2.3654,180.4518,358.9517,0.0000,0.0000,0.0000
61.497,466.9841,-0.8120,258.4072,0.2510,3.8000,-0.4500,2.3777,180.4516,359.2924,0.0000,0.0000,0.0000
61.609,466.7747,-0.7801,258.3248,0.2510,3.8000,-0.4500,2.3777,180.4516,359.2924,0.0000,0.0000,0.0000
61.720,466.5258,-0.7330,258.2199,0.2510,3.8000,-0.4500,2.3993,180.4514,359.5403,0.0000,0.0000,0.0000
61.830,466.3195,-0.6894,258.1295,0.2510,3.8000,-0.4500,2.4279,180.4512,359.7859,0.0000,0.0000,0.0000
61.959,466.0314,-0.6265,257.9923,0.2510,3.8000,-0.4500,2.4506,180.4511,359.9490,0.0000,0.0000,0.0000
62.081,465.7868,-0.5678,257.8604,0.2510,3.8000,-0.4500,2.4744,180.4512,0.1140,0.0000,0.0000,0.0000
62.195,465.5845,-0.5155,257.7416,0.2510,3.8000,-0.4500,2.4987,180.4512,0.2737,0.0000,0.0000,0.0000
62.311,465.3437,-0.4485,257.5907,0.2510,3.8000,-0.4500,2.5361,180.4515,0.5175,0.0000,0.0000,0.0000
62.425,465.1031,-0.3809,257.4338,0.2510,3.8000,-0.4500,2.5484,180.4516,0.6016,0.0000,0.0000,0.0000
62.527,464.9043,-0.3202,257.2995,0.2510,3.8000,-0.4500,2.5728,180.4519,0.7703,0.0000,0.0000,0.0000
62.634,464.7057,-0.2588,257.1631,0.2510,3.8000,-0.4500,2.5836,180.4521,0.8554,0.0000,0.0000,0.0000
62.760,464.4291,-0.1685,256.9701,0.2510,3.8000,-0.4500,2.6045,180.4524,1.0254,0.0000,0.0000,0.0000
62.871,464.2330,-0.0994,256.8332,0.2510,3.8000,-0.4500,2.6273,180.4529,1.2739,0.0000,0.0000,0.0000
62.982,463.9961,-0.0196,256.6714,0.2510,3.8000,-0.4500,2.6273,180.4529,1.2739,0.0000,0.0000,0.0000
63.106,463.7607,0.0652,256.5118,0.2510,3.8000,-0.4500,2.6324,180.4530,1.4404,0.0000,0.0000,0.0000
63.231,463.5256,0.1502,256.3537,0.2510,3.8000,-0.4500,2.6342,180.4530,1.5216,0.0000,0.0000,0.0000
63.343,463.2900,0.2350,256.1964,0.2510,3.8000,-0.4500,2.6342,180.4530,1.5216,0.0000,0.0000,0.0000
63.454,463.0938,0.3062,256.0659,0.2510,3.8000,-0.4500,2.6342,180.4530,1.5216,0.0000,0.0000,0.0000
63.579,462.8204,0.4075,255.8836,0.2510,3.8000,-0.4500,2.6252,180.4528,1.6048,0.0000,0.0000,0.0000
63.689,462.6255,0.4800,255.7536,0.2510,3.8000,-0.4500,2.6097,180.4523,1.6856,0.0000,0.0000,0.0000
63.801,462.3908,0.5592,255.5988,0.2510,3.8000,-0.4500,2.6097,180.4523,1.6856,0.0000,0.0000,0.0000
63.914,462.1931,0.5892,255.4736,0.2510,3.8000,-0.4500,2.6097,180.4523,1.6856,0.0000,0.0000,0.0000
64.023,461.9467,0.6087,255.3281,0.2510,3.8000,-0.4500,2.4737,180.4491,0.9322,0.0000,0.0000,0.0000
64.134,461.7332,0.5975,255.2116,0.2510,3.8000,-0.4500,2.3707,180.4484,359.7477,0.0000,0.0000,0.0000
64.246,461.4752,0.5606,255.0758,0.2510,3.8000,-0.4500,2.3033,180.4493,358.6178,0.0000,0.0000,0.0000
64.357,461.2204,0.5374,254.9392,0.2510,3.8000,-0.4500,2.2849,180.4498,358.2910,0.0000,0.0000,0.0000
64.468,461.0090,0.5238,254.8243,0.2510,3.8000,-0.4500,2.2849,180.4498,358.2910,0.0000,0.0000,0.0000
64.592,460.7550,0.5095,254.6858,0.2510,3.8000,-0.4500,2.2849,180.4498,358.2910,0.0000,0.0000,0.0000
64.703,460.4995,0.4988,254.5629,0.2510,3.8000,-0.4500,2.2849,180.4498,358.2910,0.0000,0.0000,0.0000
64.814,460.2847,0.4939,254.5062,0.2510,3.8000,-0.4500,2.2849,180.4498,358.2910,0.0000,0.0000,0.0000
64.925,460.0265,0.4938,254.4973,0.2510,3.8000,-0.4500,2.2849,180.4498,358.2910,0.0000,0.0000,0.0000
65.037,459.7692,0.4992,254.5349,0.2510,3.8000,-0.4500,2.2849,180.4498,358.2910,0.0000,0.0000,0.0000
65.148,459.5559,0.5075,254.5907,0.2510,3.8000,-0.4500,2.2849,180.4498,358.2910,0.0000,0.0000,0.0000
65.259,459.3011,0.5215,254.6775,0.2510,3.8000,-0.4500,2.2849,180.4498,358.2910,0.0000,0.0000,0.0000
65.370,459.0897,0.5361,254.7610,0.2510,3.8000,-0.4500,2.2849,180.4498,358.2910,0.0000,0.0000,0.0000
65.482,458.8369,0.5571,254.8699,0.2510,3.8000,-0.4500,2.2849,180.4498,358.2910,0.0000,0.0000,0.0000
65.593,458.6279,0.5802,254.9656,0.2510,3.8000,-0.4500,2.2711,180.4502,358.4603,0.0000,0.0000,0.0000
65.704,458.3772,0.6091,255.0834,0.2510,3.8000,-0.4500,2.2643,180.4504,358.5446,0.0000,0.0000,0.0000
65.804,458.1700,0.6386,255.1826,0.2510,3.8000,-0.4500,2.2440,180.4509,358.7935,0.0000,0.0000,0.0000
65.929,457.9205,0.6733,255.3022,0.2510,3.8000,-0.4500,2.2367,180.4510,358.8780,0.0000,0.0000,0.0000
66.038,457.6728,0.7139,255.4216,0.2510,3.8000,-0.4500,2.2145,180.4514,359.1286,0.0000,0.0000,0.0000
66.149,457.4654,0.7463,255.5206,0.2510,3.8000,-0.4500,2.2145,180.4514,359.1286,0.0000,0.0000,0.0000
66.260,457.2188,0.7917,255.6392,0.2510,3.8000,-0.4500,2.1882,180.4517,359.3735,0.0000,0.0000,0.0000
66.385,456.9722,0.8382,255.7574,0.2510,3.8000,-0.4500,2.1669,180.4519,359.5374,0.0000,0.0000,0.0000
66.495,456.7662,0.8763,255.8556,0.2510,3.8000,-0.4500,2.1669,180.4519,359.5374,0.0000,0.0000,0.0000
66.607,456.5206,0.9264,255.9734,0.2510,3.8000,-0.4500,2.1410,180.4521,359.7026,0.0000,0.0000,0.0000
66.720,456.2757,0.9779,256.0911,0.2510,3.8000,-0.4500,2.1111,180.4522,359.8629,0.0000,0.0000,0.0000
66.844,456.0305,1.0294,256.2087,0.2510,3.8000,-0.4500,2.0926,180.4522,359.9415,0.0000,0.0000,0.0000
66.954,455.8262,1.0720,256.3062,0.2510,3.8000,-0.4500,2.0926,180.4522,359.9415,0.0000,0.0000,0.0000
67.080,455.5416,1.1345,256.4410,0.2510,3.8000,-0.4500,2.0486,180.4522,0.1002,0.0000,0.0000,0.0000
67.190,455.3376,1.1775,256.5360,0.2510,3.8000,-0.4500,2.0486,180.4522,0.1002,0.0000,0.0000,0.0000
67.316,455.0533,1.2396,256.6683,0.2510,3.8000,-0.4500,1.9876,180.4520,0.2544,0.0000,0.0000,0.0000
67.428,454.8496,1.2819,256.7621,0.2510,3.8000,-0.4500,1.9876,180.4520,0.2544,0.0000,0.0000,0.0000
67.537,454.6059,1.3325,256.8748,0.2510,3.8000,-0.4500,1.9452,180.4518,0.3252,0.0000,0.0000,0.0000
67.648,454.4031,1.3738,256.9688,0.2510,3.8000,-0.4500,1.9014,180.4516,0.3923,0.0000,0.0000,0.0000
67.773,454.1591,1.4206,257.0814,0.2510,3.8000,-0.4500,1.9014,180.4516,0.3923,0.0000,0.0000,0.0000
67.884,453.9155,1.4659,257.1955,0.2510,3.8000,-0.4500,1.8423,180.4511,0.4495,0.0000,0.0000,0.0000
68.009,453.6722,1.5085,257.3115,0.2510,3.8000,-0.4500,1.7770,180.4506,0.4985,0.0000,0.0000,0.0000
68.120,453.4285,1.5479,257.4292,0.2510,3.8000,-0.4500,1.7770,180.4506,0.4985,0.0000,0.0000,0.0000
68.231,453.2260,1.5785,257.5296,0.2510,3.8000,-0.4500,1.6336,180.4492,0.5761,0.0000,0.0000,0.0000
68.343,452.9822,1.6117,257.6502,0.2510,3.8000,-0.4500,1.6336,180.4492,0.5761,0.0000,0.0000,0.0000
68.454,452.7791,1.6359,257.7528,0.2510,3.8000,-0.4500,1.4762,180.4476,0.6176,0.0000,0.0000,0.0000
68.565,452.5346,1.6613,257.8763,0.2510,3.8000,-0.4500,1.3961,180.4467,0.6254,0.0000,0.0000,0.0000
68.676,452.2901,1.6815,258.0012,0.2510,3.8000,-0.4500,1.2325,180.4449,0.6241,0.0000,0.0000,0.0000
68.787,452.0860,1.6952,258.1052,0.2510,3.8000,-0.4500,1.1519,180.4441,0.6182,0.0000,0.0000,0.0000
68.899,451.8405,1.7063,258.2309,0.2510,3.8000,-0.4500,0.9918,180.4424,0.5903,0.0000,0.0000,0.0000
69.025,451.5943,1.7111,258.3573,0.2510,3.8000,-0.4500,0.7534,180.4401,0.5192,0.0000,0.0000,0.0000
69.135,451.3889,1.7127,258.4621,0.2510,3.8000,-0.4500,0.6796,180.4394,0.4902,0.0000,0.0000,0.0000
69.246,451.1415,1.7075,258.5886,0.2510,3.8000,-0.4500,0.4584,180.4377,0.3897,0.0000,0.0000,0.0000
69.371,450.8940,1.6981,258.7149,0.2510,3.8000,-0.4500,0.3137,180.4368,0.3100,0.0000,0.0000,0.0000
69.482,450.6459,1.6833,258.8416,0.2510,3.8000,-0.4500,0.1735,180.4362,0.2271,0.0000,0.0000,0.0000
69.593,450.4384,1.6650,258.9479,0.2510,3.8000,-0.4500,359.9690,180.4356,0.0939,0.0000,0.0000,0.0000
69.704,450.1894,1.6403,259.0745,0.2510,3.8000,-0.4500,359.8358,180.4355,-0.0002,0.0000,0.0000,0.0000
69.830,449.9401,1.6118,259.2003,0.2510,3.8000,-0.4500,359.7699,180.4355,359.9527,0.0000,0.0000,0.0000
69.940,449.6897,1.5755,259.3264,0.2510,3.8000,-0.4500,359.5756,180.4359,359.8064,0.0000,0.0000,0.0000
70.066,449.4394,1.5356,259.4520,0.2510,3.8000,-0.4500,359.4486,180.4365,359.7079,0.0000,0.0000,0.0000
70.176,449.1887,1.4909,259.5776,0.2510,3.8000,-0.4500,359.3213,180.4372,359.6079,0.0000,0.0000,0.0000
70.287,448.9795,1.4497,259.6826,0.2510,3.8000,-0.4500,359.1898,180.4382,359.5039,0.0000,0.0000,0.0000
70.413,448.7285,1.3983,259.8084,0.2510,3.8000,-0.4500,359.1249,180.4388,359.4525,0.0000,0.0000,0.0000
70.538,448.4341,1.3293,259.9525,0.2510,3.8000,-0.4500,358.8594,180.4418,359.2459,0.0000,0.0000,0.0000
70.648,448.2233,1.2815,260.0370,0.2510,3.8000,-0.4500,358.8594,180.4418,359.2459,0.0000,0.0000,0.0000
70.778,447.9243,1.2089,260.1267,0.2510,3.8000,-0.4500,358.7282,180.4437,359.1493,0.0000,0.0000,0.0000
70.898,447.6665,1.1467,260.1821,0.2510,3.8000,-0.4500,358.7282,180.4437,359.1494,0.0000,0.0000,0.0000
71.009,447.4506,1.0921,260.2195,0.2510,3.8000,-0.4500,358.6618,180.4447,359.1032,0.0000,0.0000,0.0000
71.134,447.1907,1.0253,260.2581,0.2510,3.8000,-0.4500,358.5912,180.4458,359.0577,0.0000,0.0000,0.0000
71.259,446.8871,0.9459,260.2914,0.2510,3.8000,-0.4500,358.5215,180.4470,359.0136,0.0000,0.0000,0.0000
71.370,446.6703,0.8885,260.2972,0.2510,3.8000,-0.4500,358.4497,180.4483,358.9749,0.0000,0.0000,0.0000
71.481,446.4099,0.8197,260.2916,0.2510,3.8000,-0.4500,358.3781,180.4496,358.9369,0.0000,0.0000,0.0000
71.593,446.1935,0.7634,260.2785,0.2510,3.8000,-0.4500,358.3781,180.4496,358.9369,0.0000,0.0000,0.0000
71.704,445.9342,0.6960,260.2550,0.2510,3.8000,-0.4500,358.3781,180.4496,358.9369,0.0000,0.0000,0.0000
71.815,445.7184,0.6403,260.2309,0.2510,3.8000,-0.4500,358.3781,180.4496,358.9368,0.0000,0.0000,0.0000
71.929,445.4597,0.5730,260.1981,0.2510,3.8000,-0.4500,358.2999,180.4510,358.9162,0.0000,0.0000,0.0000
72.037,445.2017,0.5076,260.1616,0.2510,3.8000,-0.4500,358.2999,180.4510,358.9162,0.0000,0.0000,0.0000
72.148,444.9869,0.4539,260.1299,0.2510,3.8000,-0.4500,358.2999,180.4510,358.9162,0.0000,0.0000,0.0000
72.259,444.7292,0.3899,260.0913,0.2510,3.8000,-0.4500,358.2198,180.4526,358.9149,0.0000,0.0000,0.0000
72.370,444.5149,0.3383,260.0587,0.2510,3.8000,-0.4500,358.2198,180.4526,358.9149,0.0000,0.0000,0.0000
72.482,444.2576,0.2777,260.0221,0.2510,3.8000,-0.4500,358.2198,180.4526,358.9149,0.0000,0.0000,0.0000
72.593,444.0432,0.2284,259.9938,0.2510,3.8000,-0.4500,358.2198,180.4526,358.9149,0.0000,0.0000,0.0000
72.704,443.7865,0.1705,259.9636,0.2510,3.8000,-0.4500,357.9853,180.4568,359.0056,0.0000,0.0000,0.0000
72.831,443.5291,0.1146,259.9344,0.2510,3.8000,-0.4500,357.9853,180.4568,359.0055,0.0000,0.0000,0.0000
72.941,443.2719,0.0606,259.9071,0.2510,3.8000,-0.4500,357.9853,180.4568,359.0056,0.0000,0.0000,0.0000
73.051,443.0576,0.0170,259.8851,0.2510,3.8000,-0.4500,357.9853,180.4568,359.0056,0.0000,0.0000,0.0000
73.176,442.7585,-0.0415,259.8558,0.2510,3.8000,-0.4500,357.9239,180.4579,359.0601,0.0000,0.0000,0.0000
73.286,442.5450,-0.0816,259.8420,0.2510,3.8000,-0.4500,357.8675,180.4588,359.1246,0.0000,0.0000,0.0000
73.398,442.2888,-0.1295,259.8483,0.2510,3.8000,-0.4500,357.8120,180.4596,359.1893,0.0000,0.0000,0.0000
73.510,442.0753,-0.1697,259.8671,0.2510,3.8000,-0.4500,357.8120,180.4596,359.1893,0.0000,0.0000,0.0000
73.636,441.7781,-0.2237,259.9087,0.2510,3.8000,-0.4500,357.7201,180.4608,359.3278,0.0000,0.0000,0.0000
73.746,441.5656,-0.2633,259.9447,0.2510,3.8000,-0.4500,357.7201,180.4608,359.3278,0.0000,0.0000,0.0000
73.857,441.3110,-0.3109,259.9924,0.2510,3.8000,-0.4500,357.7201,180.4608,359.3278,0.0000,0.0000,0.0000
73.985,441.0566,-0.3588,260.0434,0.2510,3.8000,-0.4500,357.7201,180.4608,359.3278,0.0000,0.0000,0.0000
74.101,440.8026,-0.4074,260.0965,0.2510,3.8000,-0.4500,357.7201,180.4608,359.3278,0.0000,0.0000,0.0000
74.204,440.5915,-0.4487,260.1480,0.2510,3.8000,-0.4500,357.7201,180.4608,359.3278,0.0000,0.0000,0.0000
74.313,440.3816,-0.4910,260.2126,0.2510,3.8000,-0.4500,357.7201,180.4608,359.3278,0.0000,0.0000,0.0000
74.425,440.1319,-0.5422,260.3077,0.2510,3.8000,-0.4500,357.6088,180.4619,359.4539,0.0000,0.0000,0.0000
74.537,439.8826,-0.5962,260.4162,0.2510,3.8000,-0.4500,357.6088,180.4619,359.4539,0.0000,0.0000,0.0000
74.648,439.6757,-0.6422,260.5145,0.2510,3.8000,-0.4500,357.6088,180.4619,359.4539,0.0000,0.0000,0.0000
74.761,439.4287,-0.6973,260.6395,0.2510,3.8000,-0.4500,357.4857,180.4630,359.5674,0.0000,0.0000,0.0000
74.870,439.2226,-0.7446,260.7466,0.2510,3.8000,-0.4500,357.4857,180.4630,359.5674,0.0000,0.0000,0.0000
74.995,438.9756,-0.8018,260.8779,0.2510,3.8000,-0.4500,357.4857,180.4630,359.5674,0.0000,0.0000,0.0000
75.105,438.7299,-0.8578,261.0125,0.2510,3.8000,-0.4500,357.2931,180.4642,359.7328,0.0000,0.0000,0.0000
75.217,438.4835,-0.9150,261.1467,0.2510,3.8000,-0.4500,357.2931,180.4642,359.7328,0.0000,0.0000,0.0000
75.342,438.2373,-0.9717,261.2818,0.2510,3.8000,-0.4500,357.2931,180.4642,359.7328,0.0000,0.0000,0.0000
75.453,438.0329,-1.0175,261.3956,0.2510,3.8000,-0.4500,357.1732,180.4646,359.8459,0.0000,0.0000,0.0000
75.578,437.7461,-1.0818,261.5541,0.2510,3.8000,-0.4500,357.1732,180.4646,359.8459,0.0000,0.0000,0.0000
75.690,437.5421,-1.1255,261.6684,0.2510,3.8000,-0.4500,357.0631,180.4648,359.9703,0.0000,0.0000,0.0000
75.801,437.2966,-1.1781,261.8046,0.2510,3.8000,-0.4500,357.0631,180.4648,359.9703,0.0000,0.0000,0.0000
75.912,437.0923,-1.2207,261.9182,0.2510,3.8000,-0.4500,357.0631,180.4648,359.9703,0.0000,0.0000,0.0000
76.023,436.8480,-1.2686,262.0551,0.2510,3.8000,-0.4500,356.9688,180.4647,0.1060,0.0000,0.0000,0.0000
76.149,436.6032,-1.3160,262.1908,0.2510,3.8000,-0.4500,356.9688,180.4647,0.1060,0.0000,0.0000,0.0000
76.260,436.3590,-1.3603,262.3262,0.2510,3.8000,-0.4500,356.9306,180.4646,0.1781,0.0000,0.0000,0.0000
76.371,436.1563,-1.3942,262.4391,0.2510,3.8000,-0.4500,356.8640,180.4643,0.3274,0.0000,0.0000,0.0000
76.481,435.9122,-1.4351,262.5739,0.2510,3.8000,-0.4500,356.8640,180.4643,0.3274,0.0000,0.0000,0.0000
76.592,435.7101,-1.4649,262.6866,0.2510,3.8000,-0.4500,356.8199,180.4640,0.4852,0.0000,0.0000,0.0000
76.704,435.4663,-1.5013,262.8215,0.2510,3.8000,-0.4500,356.8199,180.4640,0.4852,0.0000,0.0000,0.0000
76.829,435.2235,-1.5340,262.9566,0.2510,3.8000,-0.4500,356.8051,180.4639,0.5630,0.0000,0.0000,0.0000
76.954,434.9815,-1.5627,263.0895,0.2510,3.8000,-0.4500,356.7877,180.4637,0.7253,0.0000,0.0000,0.0000
77.065,434.7384,-1.5913,263.2181,0.2510,3.8000,-0.4500,356.7877,180.4637,0.7253,0.0000,0.0000,0.0000
77.176,434.4964,-1.6145,263.3433,0.2510,3.8000,-0.4500,356.7889,180.4637,0.8898,0.0000,0.0000,0.0000
77.287,434.2937,-1.6343,263.4455,0.2510,3.8000,-0.4500,356.7889,180.4637,0.8898,0.0000,0.0000,0.0000
77.399,434.0511,-1.6545,263.5664,0.2510,3.8000,-0.4500,356.7971,180.4639,0.9713,0.0000,0.0000,0.0000
77.511,433.8492,-1.6695,263.6664,0.2510,3.8000,-0.4500,356.8058,180.4640,1.0524,0.0000,0.0000,0.0000
77.620,433.6049,-1.6868,263.7686,0.2510,3.8000,-0.4500,356.8058,180.4640,1.0524,0.0000,0.0000,0.0000
77.746,433.3597,-1.6982,263.8153,0.2510,3.8000,-0.4500,356.8207,180.4643,1.1316,0.0000,0.0000,0.0000
77.856,433.1145,-1.7066,263.8080,0.2510,3.8000,-0.4500,356.8207,180.4643,1.1316,0.0000,0.0000,0.0000
77.969,432.9131,-1.7063,263.7705,0.2510,3.8000,-0.4500,356.8778,180.4655,1.3696,0.0000,0.0000,0.0000
78.078,432.6708,-1.7088,263.6982,0.2510,3.8000,-0.4500,356.8778,180.4655,1.3696,0.0000,0.0000,0.0000
78.189,432.4699,-1.7091,263.6224,0.2510,3.8000,-0.4500,356.8778,180.4655,1.3696,0.0000,0.0000,0.0000
78.301,432.2295,-1.7080,263.5195,0.2510,3.8000,-0.4500,356.8778,180.4655,1.3696,0.0000,0.0000,0.0000
78.413,432.0297,-1.7062,263.4272,0.2510,3.8000,-0.4500,356.8778,180.4655,1.3696,0.0000,0.0000,0.0000
78.523,431.7911,-1.7030,263.3036,0.2510,3.8000,-0.4500,356.8778,180.4655,1.3696,0.0000,0.0000,0.0000
78.634,431.5939,-1.6991,263.1822,0.2510,3.8000,-0.4500,356.8778,180.4655,1.3696,0.0000,0.0000,0.0000
78.745,431.3592,-1.6931,263.0151,0.2510,3.8000,-0.4500,356.8778,180.4655,1.3696,0.0000,0.0000,0.0000
78.856,431.1267,-1.6844,262.8296,0.2510,3.8000,-0.4500,356.8991,180.4661,1.4472,0.0000,0.0000,0.0000
78.981,430.8947,-1.6763,262.6313,0.2510,3.8000,-0.4500,356.8991,180.4661,1.4472,0.0000,0.0000,0.0000
79.092,430.7019,-1.6691,262.4594,0.2510,3.8000,-0.4500,356.8991,180.4661,1.4472,0.0000,0.0000,0.0000
79.204,430.4710,-1.6600,262.2480,0.2510,3.8000,-0.4500,356.8991,180.4660,1.4472,0.0000,0.0000,0.0000
79.328,430.2405,-1.6506,262.0330,0.2510,3.8000,-0.4500,356.8991,180.4660,1.4472,0.0000,0.0000,0.0000
79.440,430.0078,-1.6419,261.8432,0.2510,3.8000,-0.4500,356.8991,180.4660,1.4472,0.0000,0.0000,0.0000
79.555,429.8096,-1.6371,261.7426,0.2510,3.8000,-0.4500,356.8991,180.4660,1.4472,0.0000,0.0000,0.0000
79.665,429.5684,-1.6353,261.7026,0.2510,3.8000,-0.4500,356.8991,180.4660,1.4472,0.0000,0.0000,0.0000
79.776,429.3265,-1.6370,261.7259,0.2510,3.8000,-0.4500,356.8991,180.4660,1.4472,0.0000,0.0000,0.0000
79.887,429.1252,-1.6403,261.7792,0.2510,3.8000,-0.4500,356.8991,180.4660,1.4472,0.0000,0.0000,0.0000
79.998,428.8841,-1.6459,261.8704,0.2510,3.8000,-0.4500,356.8991,180.4660,1.4472,0.0000,0.0000,0.0000
80.110,428.6838,-1.6513,261.9613,0.2510,3.8000,-0.4500,356.8991,180.4660,1.4472,0.0000,0.0000,0.0000
80.224,428.4438,-1.6581,262.0819,0.2510,3.8000,-0.4500,356.8991,180.4660,1.4472,0.0000,0.0000,0.0000
80.325,428.2439,-1.6637,262.1888,0.2510,3.8000,-0.4500,356.8991,180.4660,1.4472,0.0000,0.0000,0.0000
80.451,428.0044,-1.6699,262.3222,0.2510,3.8000,-0.4500,356.8991,180.4660,1.4472,0.0000,0.0000,0.0000
80.564,427.7650,-1.6755,262.4591,0.2510,3.8000,-0.4500,356.8991,180.4660,1.4472,0.0000,0.0000,0.0000
80.664,427.5656,-1.6793,262.5750,0.2510,3.8000,-0.4500,356.8991,180.4660,1.4472,0.0000,0.0000,0.0000
80.786,427.3271,-1.6812,262.7148,0.2510,3.8000,-0.4500,356.9500,180.4674,1.5118,0.0000,0.0000,0.0000
80.912,427.0885,-1.6817,262.8556,0.2510,3.8000,-0.4500,357.0081,180.4689,1.5699,0.0000,0.0000,0.0000
81.023,426.8499,-1.6804,262.9972,0.2510,3.8000,-0.4500,357.0665,180.4706,1.6268,0.0000,0.0000,0.0000
81.148,426.6112,-1.6786,263.1394,0.2510,3.8000,-0.4500,357.0665,180.4706,1.6268,0.0000,0.0000,0.0000
81.259,426.3732,-1.6703,263.2776,0.2510,3.8000,-0.4500,357.2744,180.4767,1.7659,0.0000,0.0000,0.0000
81.370,426.1738,-1.6647,263.3900,0.2510,3.8000,-0.4500,357.2744,180.4767,1.7659,0.0000,0.0000,0.0000
81.494,425.9352,-1.6516,263.5189,0.2510,3.8000,-0.4500,357.4998,180.4839,1.8734,0.0000,0.0000,0.0000
81.606,425.6956,-1.6391,263.6455,0.2510,3.8000,-0.4500,357.4998,180.4839,1.8734,0.0000,0.0000,0.0000
81.717,425.4565,-1.6210,263.7687,0.2510,3.8000,-0.4500,357.6533,180.4890,1.9318,0.0000,0.0000,0.0000
81.829,425.2573,-1.6029,263.8701,0.2510,3.8000,-0.4500,357.8086,180.4943,1.9841,0.0000,0.0000,0.0000
81.941,425.0183,-1.5784,263.9910,0.2510,3.8000,-0.4500,357.9692,180.4999,2.0315,0.0000,0.0000,0.0000
82.050,424.8195,-1.5548,264.0911,0.2510,3.8000,-0.4500,358.1291,180.5057,2.0752,0.0000,0.0000,0.0000
82.162,424.5802,-1.5233,264.2041,0.2510,3.8000,-0.4500,358.2905,180.5116,2.1153,0.0000,0.0000,0.0000
82.273,424.3798,-1.4944,264.2854,0.2510,3.8000,-0.4500,358.3710,180.5146,2.1347,0.0000,0.0000,0.0000
82.384,424.1387,-1.4540,264.3684,0.2510,3.8000,-0.4500,358.6198,180.5240,2.1908,0.0000,0.0000,0.0000
82.495,423.9373,-1.4178,264.4301,0.2510,3.8000,-0.4500,358.7853,180.5303,2.2257,0.0000,0.0000,0.0000
82.621,423.6549,-1.3640,264.5107,0.2510,3.8000,-0.4500,358.8674,180.5336,2.2428,0.0000,0.0000,0.0000
82.731,423.4537,-1.3191,264.5638,0.2510,3.8000,-0.4500,359.2056,180.5470,2.3092,0.0000,0.0000,0.0000
82.843,423.2119,-1.2652,264.6165,0.2510,3.8000,-0.4500,359.2860,180.5503,2.3241,0.0000,0.0000,0.0000
82.954,423.0108,-1.2165,264.6199,0.2510,3.8000,-0.4500,359.4493,180.5569,2.3538,0.0000,0.0000,0.0000
83.065,422.7698,-1.1554,264.5930,0.2510,3.8000,-0.4500,359.6160,180.5638,2.3828,0.0000,0.0000,0.0000
83.176,422.5293,-1.0905,264.5439,0.2510,3.8000,-0.4500,359.8623,180.5742,2.4240,0.0000,0.0000,0.0000
83.287,422.3290,-1.0364,264.4937,0.2510,3.8000,-0.4500,359.8623,180.5742,2.4240,0.0000,0.0000,0.0000
83.399,422.0895,-0.9664,264.4230,0.2510,3.8000,-0.4500,0.1122,180.5848,2.4626,0.0000,0.0000,0.0000
83.510,421.8901,-0.9066,264.3593,0.2510,3.8000,-0.4500,0.2777,180.5920,2.4862,0.0000,0.0000,0.0000
83.621,421.6508,-0.8345,264.2832,0.2510,3.8000,-0.4500,0.2777,180.5920,2.4862,0.0000,0.0000,0.0000
83.732,421.4521,-0.7684,264.2570,0.2510,3.8000,-0.4500,0.6162,180.6068,2.5307,0.0000,0.0000,0.0000
83.843,421.2140,-0.6894,264.2791,0.2510,3.8000,-0.4500,0.6162,180.6068,2.5307,0.0000,0.0000,0.0000
83.954,421.0170,-0.6178,264.3262,0.2510,3.8000,-0.4500,0.8691,180.6181,2.5623,0.0000,0.0000,0.0000
84.054,420.8208,-0.5450,264.3936,0.2510,3.8000,-0.4500,0.9499,180.6217,2.5726,0.0000,0.0000,0.0000
84.171,420.5866,-0.4540,264.4920,0.2510,3.8000,-0.4500,1.0326,180.6254,2.5869,0.0000,0.0000,0.0000
84.285,420.3535,-0.3579,264.6019,0.2510,3.8000,-0.4500,1.1978,180.6329,2.6169,0.0000,0.0000,0.0000
84.411,420.1215,-0.2576,264.7191,0.2510,3.8000,-0.4500,1.3627,180.6405,2.6601,0.0000,0.0000,0.0000
84.537,419.8516,-0.1369,264.8616,0.2510,3.8000,-0.4500,1.4434,180.6443,2.6823,0.0000,0.0000,0.0000
84.662,419.6213,-0.0282,264.9847,0.2510,3.8000,-0.4500,1.5997,180.6517,2.7408,0.0000,0.0000,0.0000
84.773,419.4294,0.0632,265.0884,0.2510,3.8000,-0.4500,1.5997,180.6517,2.7408,0.0000,0.0000,0.0000
84.886,419.2002,0.1781,265.2115,0.2510,3.8000,-0.4500,1.7532,180.6591,2.8115,0.0000,0.0000,0.0000
84.995,419.0091,0.2740,265.3148,0.2510,3.8000,-0.4500,1.7532,180.6591,2.8115,0.0000,0.0000,0.0000
85.105,418.7813,0.3953,265.4373,0.2510,3.8000,-0.4500,1.9712,180.6701,2.9386,0.0000,0.0000,0.0000
85.231,418.5529,0.5150,265.5616,0.2510,3.8000,-0.4500,1.9712,180.6701,2.9386,0.0000,0.0000,0.0000
85.342,418.3250,0.6365,265.6862,0.2510,3.8000,-0.4500,1.9712,180.6701,2.9386,0.0000,0.0000,0.0000
85.454,418.1355,0.7387,265.7900,0.2510,3.8000,-0.4500,1.9712,180.6701,2.9386,0.0000,0.0000,0.0000
85.565,417.9088,0.8636,265.9149,0.2510,3.8000,-0.4500,2.0340,180.6733,2.9928,0.0000,0.0000,0.0000
85.677,417.6822,0.9874,266.0414,0.2510,3.8000,-0.4500,2.0340,180.6733,2.9928,0.0000,0.0000,0.0000
85.787,417.4934,1.0904,266.1477,0.2510,3.8000,-0.4500,2.0340,180.6733,2.9928,0.0000,0.0000,0.0000
85.912,417.2671,1.2134,266.2759,0.2510,3.8000,-0.4500,2.0340,180.6733,2.9928,0.0000,0.0000,0.0000
86.024,417.0409,1.3351,266.4049,0.2510,3.8000,-0.4500,2.0340,180.6733,2.9928,0.0000,0.0000,0.0000
86.134,416.8524,1.4350,266.5129,0.2510,3.8000,-0.4500,2.0340,180.6733,2.9928,0.0000,0.0000,0.0000
86.245,416.6260,1.5525,266.6430,0.2510,3.8000,-0.4500,2.0340,180.6733,2.9928,0.0000,0.0000,0.0000
86.357,416.3994,1.6669,266.7739,0.2510,3.8000,-0.4500,2.0340,180.6733,2.9928,0.0000,0.0000,0.0000
86.467,416.2102,1.7593,266.8835,0.2510,3.8000,-0.4500,2.0340,180.6734,2.9928,0.0000,0.0000,0.0000
86.579,415.9830,1.8664,267.0160,0.2510,3.8000,-0.4500,2.0340,180.6734,2.9928,0.0000,0.0000,0.0000
86.690,415.7932,1.9518,267.1272,0.2510,3.8000,-0.4500,2.0340,180.6734,2.9928,0.0000,0.0000,0.0000
86.817,415.5269,2.0650,267.2841,0.2510,3.8000,-0.4500,2.0340,180.6734,2.9928,0.0000,0.0000,0.0000
86.926,415.3361,2.1408,267.3972,0.2510,3.8000,-0.4500,2.0340,180.6734,2.9928,0.0000,0.0000,0.0000
87.054,415.1064,2.2243,267.5349,0.2510,3.8000,-0.4500,1.8649,180.6645,2.9951,0.0000,0.0000,0.0000
87.163,414.8757,2.3005,267.6740,0.2510,3.8000,-0.4500,1.6963,180.6557,2.9880,0.0000,0.0000,0.0000
87.273,414.6822,2.3554,267.7922,0.2510,3.8000,-0.4500,1.3672,180.6387,2.9097,0.0000,0.0000,0.0000
87.398,414.4100,2.4235,267.9591,0.2510,3.8000,-0.4500,1.0624,180.6235,2.7898,0.0000,0.0000,0.0000
87.509,414.2144,2.4642,268.0800,0.2510,3.8000,-0.4500,0.8318,180.6125,2.6679,0.0000,0.0000,0.0000
87.620,413.9785,2.5053,268.2255,0.2510,3.8000,-0.4500,0.6105,180.6025,2.5409,0.0000,0.0000,0.0000
87.731,413.7800,2.5286,268.3480,0.2510,3.8000,-0.4500,0.2564,180.5875,2.3037,0.0000,0.0000,0.0000
87.842,413.5410,2.5502,268.4924,0.2510,3.8000,-0.4500,359.9829,180.5769,2.1025,0.0000,0.0000,0.0000
87.942,413.3403,2.5626,268.5985,0.2510,3.8000,-0.4500,359.8513,180.5722,2.0025,0.0000,0.0000,0.0000
88.051,413.1356,2.5636,268.6867,0.2510,3.8000,-0.4500,359.5152,180.5613,1.7309,0.0000,0.0000,0.0000
88.161,412.8880,2.5607,268.7645,0.2510,3.8000,-0.4500,359.3246,180.5558,1.5721,0.0000,0.0000,0.0000
88.272,412.6786,2.5476,268.7932,0.2510,3.8000,-0.4500,359.0057,180.5478,1.2920,0.0000,0.0000,0.0000
88.383,412.4267,2.5286,268.7979,0.2510,3.8000,-0.4500,358.8211,180.5439,1.1233,0.0000,0.0000,0.0000
88.508,412.1719,2.4962,268.7880,0.2510,3.8000,-0.4500,358.4540,180.5378,0.7754,0.0000,0.0000,0.0000
88.633,411.9169,2.4596,268.7705,0.2510,3.8000,-0.4500,358.2760,180.5357,0.5997,0.0000,0.0000,0.0000
88.744,411.6607,2.4140,268.7509,0.2510,3.8000,-0.4500,358.1006,180.5341,0.4246,0.0000,0.0000,0.0000
88.870,411.4028,2.3580,268.7318,0.2510,3.8000,-0.4500,357.8639,180.5328,0.1835,0.0000,0.0000,0.0000
88.984,411.1438,2.2917,268.7136,0.2510,3.8000,-0.4500,357.5664,180.5327,359.8772,0.0000,0.0000,0.0000
89.105,410.8857,2.2204,268.6874,0.2510,3.8000,-0.4500,357.3877,180.5334,359.6913,0.0000,0.0000,0.0000
89.217,410.6297,2.1428,268.6309,0.2510,3.8000,-0.4500,357.2130,180.5346,359.5090,0.0000,0.0000,0.0000
89.328,410.4185,2.0748,268.5587,0.2510,3.8000,-0.4500,357.0974,180.5357,359.3875,0.0000,0.0000,0.0000
89.439,410.1657,1.9845,268.4485,0.2510,3.8000,-0.4500,356.8010,180.5397,359.0721,0.0000,0.0000,0.0000
89.550,409.9579,1.9124,268.3400,0.2510,3.8000,-0.4500,356.8010,180.5397,359.0721,0.0000,0.0000,0.0000
89.676,409.6666,1.8016,268.1741,0.2510,3.8000,-0.4500,356.6299,180.5427,358.8872,0.0000,0.0000,0.0000
89.786,409.4583,1.7174,268.0517,0.2510,3.8000,-0.4500,356.4610,180.5463,358.7032,0.0000,0.0000,0.0000
89.897,409.2083,1.6134,267.9046,0.2510,3.8000,-0.4500,356.2929,180.5504,358.5203,0.0000,0.0000,0.0000
90.009,409.0008,1.5273,267.7820,0.2510,3.8000,-0.4500,356.2929,180.5504,358.5203,0.0000,0.0000,0.0000
90.122,408.7507,1.4177,267.6368,0.2510,3.8000,-0.4500,356.1773,180.5535,358.3965,0.0000,0.0000,0.0000
90.245,408.5008,1.3066,267.4921,0.2510,3.8000,-0.4500,356.1195,180.5551,358.3359,0.0000,0.0000,0.0000
90.369,408.2506,1.1917,267.3479,0.2510,3.8000,-0.4500,356.0054,180.5586,358.2169,0.0000,0.0000,0.0000
90.495,408.0009,1.0780,267.2034,0.2510,3.8000,-0.4500,356.0054,180.5586,358.2169,0.0000,0.0000,0.0000
90.620,407.7094,0.9440,267.0350,0.2510,3.8000,-0.4500,356.0054,180.5586,358.2169,0.0000,0.0000,0.0000
90.731,407.5011,0.8479,266.9149,0.2510,3.8000,-0.4500,356.0054,180.5586,358.2169,0.0000,0.0000,0.0000
90.855,407.2509,0.7314,266.7718,0.2510,3.8000,-0.4500,355.9454,180.5605,358.1629,0.0000,0.0000,0.0000
90.981,406.9581,0.5971,266.6202,0.2510,3.8000,-0.4500,355.9454,180.5605,358.1629,0.0000,0.0000,0.0000
91.092,406.7477,0.5012,266.5269,0.2510,3.8000,-0.4500,355.9454,180.5605,358.1629,0.0000,0.0000,0.0000
91.203,406.4942,0.3867,266.4296,0.2510,3.8000,-0.4500,355.9454,180.5605,358.1629,0.0000,0.0000,0.0000
91.328,406.2395,0.2737,266.3440,0.2510,3.8000,-0.4500,355.9454,180.5605,358.1629,0.0000,0.0000,0.0000
91.428,406.0271,0.1815,266.2788,0.2510,3.8000,-0.4500,355.9454,180.5605,358.1629,0.0000,0.0000,0.0000
91.537,405.7719,0.0739,266.2056,0.2510,3.8000,-0.4500,355.9454,180.5605,358.1629,0.0000,0.0000,0.0000
91.648,405.5592,-0.0128,266.1471,0.2510,3.8000,-0.4500,355.9454,180.5605,358.1629,0.0000,0.0000,0.0000
91.759,405.3042,-0.1126,266.0791,0.2510,3.8000,-0.4500,355.9454,180.5605,358.1629,0.0000,0.0000,0.0000
91.883,405.0494,-0.2073,266.0124,0.2510,3.8000,-0.4500,355.9454,180.5605,358.1629,0.0000,0.0000,0.0000
91.994,404.8373,-0.2818,265.9576,0.2510,3.8000,-0.4500,355.9454,180.5605,358.1629,0.0000,0.0000,0.0000
92.106,404.5829,-0.3660,265.8962,0.2510,3.8000,-0.4500,355.9454,180.5605,358.1629,0.0000,0.0000,0.0000
92.217,404.3295,-0.4410,265.8758,0.2510,3.8000,-0.4500,355.9900,180.5592,358.4125,0.0000,0.0000,0.0000
92.343,404.0773,-0.5102,265.9010,0.2510,3.8000,-0.4500,356.0988,180.5565,358.7464,0.0000,0.0000,0.0000
92.453,403.8671,-0.5665,265.9460,0.2510,3.8000,-0.4500,356.1613,180.5552,358.8990,0.0000,0.0000,0.0000
92.564,403.6161,-0.6273,266.0189,0.2510,3.8000,-0.4500,356.2727,180.5533,359.1206,0.0000,0.0000,0.0000
92.675,403.4080,-0.6716,266.0900,0.2510,3.8000,-0.4500,356.3987,180.5516,359.3409,0.0000,0.0000,0.0000
92.787,403.1587,-0.7191,266.1829,0.2510,3.8000,-0.4500,356.5305,180.5503,359.5462,0.0000,0.0000,0.0000
92.897,402.9106,-0.7569,266.2797,0.2510,3.8000,-0.4500,356.7266,180.5492,359.8177,0.0000,0.0000,0.0000
93.009,402.7041,-0.7828,266.3617,0.2510,3.8000,-0.4500,356.8784,180.5490,0.0106,0.0000,0.0000,0.0000
93.120,402.4567,-0.8071,266.4604,0.2510,3.8000,-0.4500,357.0430,180.5493,0.2031,0.0000,0.0000,0.0000
93.244,402.2107,-0.8204,266.5587,0.2510,3.8000,-0.4500,357.3266,180.5511,0.5101,0.0000,0.0000,0.0000
93.369,401.9641,-0.8304,266.6577,0.2510,3.8000,-0.4500,357.4512,180.5523,0.6298,0.0000,0.0000,0.0000
93.481,401.7190,-0.8314,266.7566,0.2510,3.8000,-0.4500,357.6399,180.5547,0.8055,0.0000,0.0000,0.0000
93.591,401.5157,-0.8248,266.8385,0.2510,3.8000,-0.4500,357.9010,180.5588,1.0219,0.0000,0.0000,0.0000
93.718,401.2305,-0.8131,266.9549,0.2510,3.8000,-0.4500,358.0361,180.5614,1.1206,0.0000,0.0000,0.0000
93.829,401.0278,-0.7972,267.0365,0.2510,3.8000,-0.4500,358.2470,180.5658,1.2651,0.0000,0.0000,0.0000
93.939,400.7850,-0.7722,267.1326,0.2510,3.8000,-0.4500,358.5329,180.5725,1.4337,0.0000,0.0000,0.0000
94.064,400.5421,-0.7438,267.2283,0.2510,3.8000,-0.4500,358.6782,180.5762,1.5111,0.0000,0.0000,0.0000
94.176,400.2997,-0.7093,267.3232,0.2510,3.8000,-0.4500,358.8230,180.5802,1.5872,0.0000,0.0000,0.0000
94.286,400.0991,-0.6727,267.4008,0.2510,3.8000,-0.4500,359.1259,180.5890,1.7428,0.0000,0.0000,0.0000
94.411,399.8580,-0.6265,267.4952,0.2510,3.8000,-0.4500,359.2721,180.5935,1.8192,0.0000,0.0000,0.0000
94.522,399.6183,-0.5725,267.5896,0.2510,3.8000,-0.4500,359.4945,180.6008,1.9389,0.0000,0.0000,0.0000
94.633,399.4190,-0.5231,267.6691,0.2510,3.8000,-0.4500,359.6428,180.6059,2.0203,0.0000,0.0000,0.0000
94.759,399.1418,-0.4448,267.7836,0.2510,3.8000,-0.4500,359.9369,180.6167,2.1899,0.0000,0.0000,0.0000
94.883,398.9054,-0.3714,267.8856,0.2510,3.8000,-0.4500,0.1499,180.6251,2.3178,0.0000,0.0000,0.0000
95.008,398.6700,-0.2930,267.9910,0.2510,3.8000,-0.4500,0.2903,180.6309,2.4044,0.0000,0.0000,0.0000
95.119,398.4360,-0.2073,268.0982,0.2510,3.8000,-0.4500,0.5031,180.6401,2.5382,0.0000,0.0000,0.0000
95.230,398.2418,-0.1322,268.1893,0.2510,3.8000,-0.4500,0.6425,180.6464,2.6272,0.0000,0.0000,0.0000
95.330,398.0482,-0.0532,268.2813,0.2510,3.8000,-0.4500,0.7832,180.6530,2.7177,0.0000,0.0000,0.0000
95.452,397.8169,0.0455,268.3932,0.2510,3.8000,-0.4500,0.9224,180.6597,2.8071,0.0000,0.0000,0.0000
95.564,397.5859,0.1488,268.5007,0.2510,3.8000,-0.4500,1.0618,180.6666,2.8956,0.0000,0.0000,0.0000
95.675,397.3929,0.2370,268.5811,0.2510,3.8000,-0.4500,1.1326,180.6702,2.9398,0.0000,0.0000,0.0000
95.786,397.1619,0.3481,268.6668,0.2510,3.8000,-0.4500,1.3475,180.6815,3.0708,0.0000,0.0000,0.0000
95.911,396.9297,0.4582,268.7476,0.2510,3.8000,-0.4500,1.3475,180.6815,3.0708,0.0000,0.0000,0.0000
96.025,396.6982,0.5730,268.8235,0.2510,3.8000,-0.4500,1.4918,180.6894,3.1506,0.0000,0.0000,0.0000
96.133,396.5050,0.6682,268.8862,0.2510,3.8000,-0.4500,1.4918,180.6894,3.1506,0.0000,0.0000,0.0000
96.258,396.2352,0.8052,268.9718,0.2510,3.8000,-0.4500,1.6408,180.6977,3.2181,0.0000,0.0000,0.0000
96.370,396.0424,0.9021,269.0334,0.2510,3.8000,-0.4500,1.6408,180.6977,3.2181,0.0000,0.0000,0.0000
96.481,395.8109,1.0187,269.0990,0.2510,3.8000,-0.4500,1.6408,180.6977,3.2181,0.0000,0.0000,0.0000
96.606,395.5793,1.1334,269.0973,0.2510,3.8000,-0.4500,1.7199,180.7021,3.2399,0.0000,0.0000,0.0000
96.706,395.3860,1.2259,269.0589,0.2510,3.8000,-0.4500,1.7199,180.7021,3.2399,0.0000,0.0000,0.0000
96.830,395.1538,1.3342,268.9875,0.2510,3.8000,-0.4500,1.7199,180.7021,3.2399,0.0000,0.0000,0.0000
96.940,394.9213,1.4409,268.8992,0.2510,3.8000,-0.4500,1.8837,180.7114,3.2273,0.0000,0.0000,0.0000
97.050,394.7272,1.5269,268.8194,0.2510,3.8000,-0.4500,1.8837,180.7114,3.2273,0.0000,0.0000,0.0000
97.175,394.4939,1.6275,268.7192,0.2510,3.8000,-0.4500,1.8837,180.7114,3.2273,0.0000,0.0000,0.0000
97.286,394.2596,1.7252,268.6158,0.2510,3.8000,-0.4500,1.9548,180.7154,3.1862,0.0000,0.0000,0.0000
97.397,394.0244,1.8196,268.5112,0.2510,3.8000,-0.4500,2.0248,180.7192,3.1436,0.0000,0.0000,0.0000
97.508,393.8272,1.8948,268.4239,0.2510,3.8000,-0.4500,2.1403,180.7255,3.0289,0.0000,0.0000,0.0000
97.634,393.5900,1.9826,268.3207,0.2510,3.8000,-0.4500,2.1947,180.7283,2.9694,0.0000,0.0000,0.0000
97.746,393.3506,2.0643,268.2190,0.2510,3.8000,-0.4500,2.3196,180.7346,2.7545,0.0000,0.0000,0.0000
97.871,393.1103,2.1427,268.1203,0.2510,3.8000,-0.4500,2.3836,180.7376,2.6006,0.0000,0.0000,0.0000
97.981,392.8686,2.2168,268.0253,0.2510,3.8000,-0.4500,2.4368,180.7399,2.4455,0.0000,0.0000,0.0000
98.092,392.6651,2.2732,267.9489,0.2510,3.8000,-0.4500,2.4963,180.7424,2.1993,0.0000,0.0000,0.0000
98.203,392.4210,2.3399,267.8623,0.2510,3.8000,-0.4500,2.5134,180.7430,2.1195,0.0000,0.0000,0.0000
98.315,392.2144,2.3871,267.7928,0.2510,3.8000,-0.4500,2.5504,180.7443,1.7787,0.0000,0.0000,0.0000
98.425,391.9673,2.4424,267.7073,0.2510,3.8000,-0.4500,2.5562,180.7444,1.6095,0.0000,0.0000,0.0000
98.550,391.7195,2.4915,267.6148,0.2510,3.8000,-0.4500,2.5587,180.7445,1.4418,0.0000,0.0000,0.0000
98.675,391.4705,2.5326,267.5157,0.2510,3.8000,-0.4500,2.5461,180.7442,1.1895,0.0000,0.0000,0.0000
98.786,391.2196,2.5634,267.4124,0.2510,3.8000,-0.4500,2.4935,180.7433,0.7548,0.0000,0.0000,0.0000
98.911,390.9702,2.5939,267.3059,0.2510,3.8000,-0.4500,2.4815,180.7432,0.6739,0.0000,0.0000,0.0000
99.022,390.7176,2.6104,267.1988,0.2510,3.8000,-0.4500,2.3815,180.7424,0.2397,0.0000,0.0000,0.0000
99.133,390.5075,2.6225,267.1089,0.2510,3.8000,-0.4500,2.3398,180.7423,0.0798,0.0000,0.0000,0.0000
99.245,390.2528,2.6279,267.0124,0.2510,3.8000,-0.4500,2.2366,180.7424,359.7669,0.0000,0.0000,0.0000
99.370,389.9952,2.6283,266.9624,0.2510,3.8000,-0.4500,2.1447,180.7430,359.5320,0.0000,0.0000,0.0000
99.481,389.7362,2.6191,266.9670,0.2510,3.8000,-0.4500,1.9708,180.7450,359.1489,0.0000,0.0000,0.0000
99.592,389.5225,2.6112,267.0039,0.2510,3.8000,-0.4500,1.9358,180.7455,359.0775,0.0000,0.0000,0.0000
99.718,389.2223,2.5836,267.0951,0.2510,3.8000,-0.4500,1.6800,180.7506,358.6449,0.0000,0.0000,0.0000
99.829,389.0090,2.5590,267.1791,0.2510,3.8000,-0.4500,1.5364,180.7543,358.4403,0.0000,0.0000,0.0000
99.953,388.7542,2.5238,267.2941,0.2510,3.8000,-0.4500,1.4381,180.7571,358.3070,0.0000,0.0000,0.0000
100.064,388.4980,2.4728,267.4220,0.2510,3.8000,-0.4500,1.0929,180.7685,357.9063,0.0000,0.0000,0.0000
100.189,388.2433,2.4180,267.5573,0.2510,3.8000,-0.4500,0.9186,180.7752,357.7277,0.0000,0.0000,0.0000
100.314,387.9888,2.3527,267.6996,0.2510,3.8000,-0.4500,0.6781,180.7852,357.5007,0.0000,0.0000,0.0000
100.425,387.7347,2.2785,267.8479,0.2510,3.8000,-0.4500,0.4124,180.7973,357.2849,0.0000,0.0000,0.0000
100.550,387.4812,2.1977,268.0003,0.2510,3.8000,-0.4500,0.2147,180.8069,357.1371,0.0000,0.0000,0.0000
100.676,387.1859,2.0927,268.1834,0.2510,3.8000,-0.4500,359.9334,180.8215,356.9520,0.0000,0.0000,0.0000
100.787,386.9754,2.0114,268.3173,0.2510,3.8000,-0.4500,359.7071,180.8338,356.8254,0.0000,0.0000,0.0000
100.911,386.7234,1.9088,268.4803,0.2510,3.8000,-0.4500,359.4865,180.8462,356.7101,0.0000,0.0000,0.0000
101.036,386.4298,1.7811,268.6744,0.2510,3.8000,-0.4500,359.1794,180.8642,356.5866,0.0000,0.0000,0.0000
101.147,386.2207,1.6867,268.8145,0.2510,3.8000,-0.4500,359.0255,180.8735,356.5366,0.0000,0.0000,0.0000
101.272,385.9701,1.5689,268.9848,0.2510,3.8000,-0.4500,358.7796,180.8885,356.4789,0.0000,0.0000,0.0000
101.397,385.6784,1.4279,269.1852,0.2510,3.8000,-0.4500,358.5322,180.9038,356.4467,0.0000,0.0000,0.0000
101.510,385.4704,1.3268,269.3283,0.2510,3.8000,-0.4500,358.5322,180.9038,356.4467,0.0000,0.0000,0.0000
101.633,385.2212,1.2019,269.5024,0.2510,3.8000,-0.4500,358.2837,180.9192,356.4475,0.0000,0.0000,0.0000
101.747,384.9725,1.0770,269.6774,0.2510,3.8000,-0.4500,358.0357,180.9346,356.4910,0.0000,0.0000,0.0000
101.859,384.7239,0.9533,269.8517,0.2510,3.8000,-0.4500,357.9579,180.9393,356.5172,0.0000,0.0000,0.0000
101.969,384.5170,0.8511,269.9971,0.2510,3.8000,-0.4500,357.8800,180.9440,356.5452,0.0000,0.0000,0.0000
102.091,384.2694,0.7307,270.1722,0.2510,3.8000,-0.4500,357.6617,180.9570,356.6658,0.0000,0.0000,0.0000
102.202,384.0220,0.6133,270.3462,0.2510,3.8000,-0.4500,357.5305,180.9646,356.7678,0.0000,0.0000,0.0000
102.314,383.8160,0.5187,270.4904,0.2510,3.8000,-0.4500,357.4087,180.9713,356.8830,0.0000,0.0000,0.0000
102.441,383.5280,0.3922,270.6906,0.2510,3.8000,-0.4500,357.2620,180.9791,357.0846,0.0000,0.0000,0.0000
102.550,383.3222,0.3061,270.8321,0.2510,3.8000,-0.4500,357.1769,180.9833,357.2309,0.0000,0.0000,0.0000
102.677,383.0356,0.1956,271.0285,0.2510,3.8000,-0.4500,357.0290,180.9900,357.6407,0.0000,0.0000,0.0000
102.788,382.8297,0.1186,271.1661,0.2510,3.8000,-0.4500,357.0115,180.9907,357.7187,0.0000,0.0000,0.0000
102.897,382.5840,0.0362,271.3293,0.2510,3.8000,-0.4500,356.9644,180.9924,358.0497,0.0000,0.0000,0.0000
103.008,382.3785,-0.0291,271.4629,0.2510,3.8000,-0.4500,356.9582,180.9926,358.2115,0.0000,0.0000,0.0000
103.132,382.1327,-0.0997,271.6209,0.2510,3.8000,-0.4500,356.9725,180.9922,358.4755,0.0000,0.0000,0.0000
103.257,381.8452,-0.1756,271.8021,0.2510,3.8000,-0.4500,356.9872,180.9919,358.6456,0.0000,0.0000,0.0000
103.382,381.6003,-0.2295,271.9552,0.2510,3.8000,-0.4500,357.0529,180.9905,358.9822,0.0000,0.0000,0.0000
103.493,381.3959,-0.2713,272.0814,0.2510,3.8000,-0.4500,357.1029,180.9897,359.1483,0.0000,0.0000,0.0000
103.618,381.1098,-0.3238,272.2565,0.2510,3.8000,-0.4500,357.1560,180.9890,359.3109,0.0000,0.0000,0.0000
103.729,380.9064,-0.3537,272.3802,0.2510,3.8000,-0.4500,357.2578,180.9879,359.5415,0.0000,0.0000,0.0000
103.840,380.6623,-0.3855,272.5277,0.2510,3.8000,-0.4500,357.3807,180.9872,359.7541,0.0000,0.0000,0.0000
103.951,380.4581,-0.4118,272.6505,0.2510,3.8000,-0.4500,357.3807,180.9872,359.7541,0.0000,0.0000,0.0000
104.078,380.1731,-0.4359,272.8084,0.2510,3.8000,-0.4500,357.5868,180.9868,0.0144,0.0000,0.0000,0.0000
104.202,379.9258,-0.4541,272.9148,0.2510,3.8000,-0.4500,357.6468,180.9868,0.0746,0.0000,0.0000,0.0000
104.326,379.6768,-0.4638,272.9931,0.2510,3.8000,-0.4500,357.8287,180.9874,0.2489,0.0000,0.0000,0.0000
104.438,379.4256,-0.4717,273.0510,0.2510,3.8000,-0.4500,357.8917,180.9877,0.2980,0.0000,0.0000,0.0000
104.549,379.2160,-0.4720,273.0871,0.2510,3.8000,-0.4500,358.0969,180.9890,0.4401,0.0000,0.0000,0.0000
104.660,378.9631,-0.4725,273.1230,0.2510,3.8000,-0.4500,358.1679,180.9896,0.4797,0.0000,0.0000,0.0000
104.774,378.7525,-0.4690,273.1479,0.2510,3.8000,-0.4500,358.3152,180.9909,0.5545,0.0000,0.0000,0.0000
104.896,378.4569,-0.4631,273.1781,0.2510,3.8000,-0.4500,358.3949,180.9917,0.5850,0.0000,0.0000,0.0000
105.010,378.2461,-0.4553,273.1821,0.2510,3.8000,-0.4500,358.5545,180.9934,0.6431,0.0000,0.0000,0.0000
105.132,377.9945,-0.4448,273.1594,0.2510,3.8000,-0.4500,358.7121,180.9952,0.6818,0.0000,0.0000,0.0000
105.244,377.7444,-0.4339,273.1116,0.2510,3.8000,-0.4500,358.7929,180.9962,0.6927,0.0000,0.0000,0.0000
105.355,377.5369,-0.4240,273.0569,0.2510,3.8000,-0.4500,358.8740,180.9972,0.7013,0.0000,0.0000,0.0000
105.466,377.2885,-0.4113,272.9779,0.2510,3.8000,-0.4500,359.0416,180.9992,0.7005,0.0000,0.0000,0.0000
105.576,377.0408,-0.3993,272.8902,0.2510,3.8000,-0.4500,359.1217,181.0002,0.6971,0.0000,0.0000,0.0000
105.689,376.8342,-0.3896,272.8124,0.2510,3.8000,-0.4500,359.2021,181.0012,0.6831,0.0000,0.0000,0.0000
105.799,376.5862,-0.3783,272.7159,0.2510,3.8000,-0.4500,359.3640,181.0031,0.6437,0.0000,0.0000,0.0000
105.910,376.3784,-0.3700,272.6444,0.2510,3.8000,-0.4500,359.4400,181.0039,0.6180,0.0000,0.0000,0.0000
106.021,376.1262,-0.3609,272.5773,0.2510,3.8000,-0.4500,359.6628,181.0061,0.5235,0.0000,0.0000,0.0000
106.146,375.8721,-0.3532,272.5309,0.2510,3.8000,-0.4500,359.7326,181.0067,0.4806,0.0000,0.0000,0.0000
106.257,375.6159,-0.3471,272.4981,0.2510,3.8000,-0.4500,359.8709,181.0078,0.3920,0.0000,0.0000,0.0000
106.383,375.3578,-0.3431,272.4785,0.2510,3.8000,-0.4500,0.0660,181.0089,0.2325,0.0000,0.0000,0.0000
106.494,375.1427,-0.3399,272.4721,0.2510,3.8000,-0.4500,0.0660,181.0089,0.2325,0.0000,0.0000,0.0000
106.605,374.8831,-0.3386,272.4688,0.2510,3.8000,-0.4500,0.1851,181.0092,0.1189,0.0000,0.0000,0.0000
106.716,374.6660,-0.3392,272.4683,0.2510,3.8000,-0.4500,0.2995,181.0093,-0.0022,0.0000,0.0000,0.0000
106.828,374.4048,-0.3420,272.4721,0.2510,3.8000,-0.4500,0.4634,181.0091,359.8078,0.0000,0.0000,0.0000
106.938,374.1440,-0.3460,272.4825,0.2510,3.8000,-0.4500,0.5672,181.0086,359.6750,0.0000,0.0000,0.0000
107.063,373.8826,-0.3523,272.4979,0.2510,3.8000,-0.4500,0.7147,181.0075,359.4793,0.0000,0.0000,0.0000
107.174,373.6657,-0.3569,272.5150,0.2510,3.8000,-0.4500,0.7147,181.0075,359.4793,0.0000,0.0000,0.0000
107.286,373.4040,-0.3661,272.5377,0.2510,3.8000,-0.4500,0.8582,181.0059,359.2778,0.0000,0.0000,0.0000
107.411,373.1426,-0.3758,272.5638,0.2510,3.8000,-0.4500,0.9513,181.0047,359.1458,0.0000,0.0000,0.0000
107.536,372.8370,-0.3892,272.5972,0.2510,3.8000,-0.4500,1.0954,181.0023,358.9428,0.0000,0.0000,0.0000
107.647,372.6198,-0.3977,272.6266,0.2510,3.8000,-0.4500,1.0954,181.0023,358.9428,0.0000,0.0000,0.0000
107.773,372.3586,-0.4114,272.6774,0.2510,3.8000,-0.4500,1.2916,180.9982,358.6786,0.0000,0.0000,0.0000
107.883,372.1006,-0.4217,272.7501,0.2510,3.8000,-0.4500,1.2916,180.9982,358.6786,0.0000,0.0000,0.0000
107.995,371.8861,-0.4307,272.8236,0.2510,3.8000,-0.4500,1.3445,180.9969,358.6150,0.0000,0.0000,0.0000
108.118,371.5865,-0.4429,272.9405,0.2510,3.8000,-0.4500,1.4517,180.9942,358.4905,0.0000,0.0000,0.0000
108.229,371.3729,-0.4507,273.0313,0.2510,3.8000,-0.4500,1.5081,180.9927,358.4307,0.0000,0.0000,0.0000
108.340,371.1171,-0.4590,273.1454,0.2510,3.8000,-0.4500,1.5653,180.9911,358.3723,0.0000,0.0000,0.0000
108.441,370.9035,-0.4658,273.2430,0.2510,3.8000,-0.4500,1.6853,180.9876,358.2606,0.0000,0.0000,0.0000
108.550,370.6908,-0.4706,273.3428,0.2510,3.8000,-0.4500,1.6853,180.9876,358.2606,0.0000,0.0000,0.0000
108.661,370.4346,-0.4762,273.4616,0.2510,3.8000,-0.4500,1.8144,180.9835,358.1599,0.0000,0.0000,0.0000
108.785,370.1790,-0.4796,273.5805,0.2510,3.8000,-0.4500,1.8144,180.9835,358.1599,0.0000,0.0000,0.0000
108.911,369.9228,-0.4819,273.6978,0.2510,3.8000,-0.4500,1.8819,180.9813,358.1174,0.0000,0.0000,0.0000
109.035,369.6669,-0.4824,273.8149,0.2510,3.8000,-0.4500,1.8819,180.9813,358.1174,0.0000,0.0000,0.0000
109.160,369.3683,-0.4812,273.9507,0.2510,3.8000,-0.4500,1.8819,180.9813,358.1174,0.0000,0.0000,0.0000
109.285,369.1121,-0.4784,274.0659,0.2510,3.8000,-0.4500,1.9581,180.9788,358.0862,0.0000,0.0000,0.0000
109.399,368.8562,-0.4743,274.1813,0.2510,3.8000,-0.4500,1.9581,180.9788,358.0862,0.0000,0.0000,0.0000
109.510,368.6429,-0.4696,274.2759,0.2510,3.8000,-0.4500,1.9581,180.9788,358.0862,0.0000,0.0000,0.0000
109.621,368.3868,-0.4621,274.3862,0.2510,3.8000,-0.4500,1.9581,180.9788,358.0862,0.0000,0.0000,0.0000
109.729,368.1733,-0.4539,274.4756,0.2510,3.8000,-0.4500,1.9581,180.9788,358.0862,0.0000,0.0000,0.0000
109.840,367.9172,-0.4397,274.5791,0.2510,3.8000,-0.4500,2.1236,180.9733,358.0963,0.0000,0.0000,0.0000
109.966,367.6611,-0.4233,274.6817,0.2510,3.8000,-0.4500,2.1236,180.9733,358.0963,0.0000,0.0000,0.0000
110.077,367.4056,-0.3996,274.7822,0.2510,3.8000,-0.4500,2.3640,180.9654,358.1606,0.0000,0.0000,0.0000
110.189,367.1928,-0.3787,274.8701,0.2510,3.8000,-0.4500,2.3640,180.9654,358.1606,0.0000,0.0000,0.0000
110.313,366.9387,-0.3450,274.9780,0.2510,3.8000,-0.4500,2.5927,180.9583,358.2701,0.0000,0.0000,0.0000
110.424,366.6855,-0.3057,275.0893,0.2510,3.8000,-0.4500,2.8048,180.9521,358.4006,0.0000,0.0000,0.0000
110.549,366.4327,-0.2619,275.2031,0.2510,3.8000,-0.4500,2.9359,180.9486,358.4949,0.0000,0.0000,0.0000
110.660,366.1810,-0.2110,275.3169,0.2510,3.8000,-0.4500,3.1291,180.9437,358.6516,0.0000,0.0000,0.0000
110.772,365.9711,-0.1664,275.4121,0.2510,3.8000,-0.4500,3.1895,180.9424,358.7056,0.0000,0.0000,0.0000
110.872,365.7620,-0.1166,275.5064,0.2510,3.8000,-0.4500,3.3096,180.9397,358.8151,0.0000,0.0000,0.0000
110.980,365.5115,-0.0521,275.6186,0.2510,3.8000,-0.4500,3.4310,180.9374,358.9401,0.0000,0.0000,0.0000
111.091,365.3033,0.0062,275.7107,0.2510,3.8000,-0.4500,3.5488,180.9353,359.0642,0.0000,0.0000,0.0000
111.217,365.0126,0.0939,275.8380,0.2510,3.8000,-0.4500,3.7116,180.9329,359.2563,0.0000,0.0000,0.0000
111.327,364.8051,0.1588,275.9277,0.2510,3.8000,-0.4500,3.7618,180.9323,359.3215,0.0000,0.0000,0.0000
111.453,364.5573,0.2435,276.0325,0.2510,3.8000,-0.4500,3.9105,180.9308,359.5291,0.0000,0.0000,0.0000
111.564,364.3092,0.3291,276.1356,0.2510,3.8000,-0.4500,3.9567,180.9304,359.5957,0.0000,0.0000,0.0000
111.674,364.1031,0.4036,276.2202,0.2510,3.8000,-0.4500,3.9978,180.9302,359.6678,0.0000,0.0000,0.0000
111.786,363.8560,0.4957,276.3207,0.2510,3.8000,-0.4500,4.0386,180.9300,359.7407,0.0000,0.0000,0.0000
111.896,363.6090,0.5917,276.4046,0.2510,3.8000,-0.4500,4.1102,180.9297,359.8901,0.0000,0.0000,0.0000
112.008,363.4004,0.6700,276.4354,0.2510,3.8000,-0.4500,4.1384,180.9297,359.9702,0.0000,0.0000,0.0000
112.119,363.1508,0.7630,276.4195,0.2510,3.8000,-0.4500,4.1881,180.9297,0.1276,0.0000,0.0000,0.0000
112.230,362.9432,0.8363,276.3698,0.2510,3.8000,-0.4500,4.1881,180.9297,0.1276,0.0000,0.0000,0.0000
112.354,362.6973,0.9257,276.2767,0.2510,3.8000,-0.4500,4.2099,180.9298,0.2914,0.0000,0.0000,0.0000
112.466,362.4521,1.0110,276.1589,0.2510,3.8000,-0.4500,4.2099,180.9298,0.2914,0.0000,0.0000,0.0000
112.578,362.2104,1.0980,276.0158,0.2510,3.8000,-0.4500,4.2030,180.9298,0.4609,0.0000,0.0000,0.0000
112.687,362.0112,1.1695,275.8752,0.2510,3.8000,-0.4500,4.1699,180.9294,0.6242,0.0000,0.0000,0.0000
112.799,361.7730,1.2505,275.6846,0.2510,3.8000,-0.4500,4.1699,180.9294,0.6242,0.0000,0.0000,0.0000
112.910,361.5769,1.3191,275.5125,0.2510,3.8000,-0.4500,4.1077,180.9287,0.7759,0.0000,0.0000,0.0000
113.021,361.3421,1.3985,275.2948,0.2510,3.8000,-0.4500,4.0659,180.9281,0.8469,0.0000,0.0000,0.0000
113.122,361.1474,1.4636,275.1074,0.2510,3.8000,-0.4500,4.0226,180.9274,0.9171,0.0000,0.0000,0.0000
113.231,360.9530,1.5274,274.9173,0.2510,3.8000,-0.4500,3.9660,180.9265,0.9795,0.0000,0.0000,0.0000
113.341,360.7206,1.6028,274.6880,0.2510,3.8000,-0.4500,3.8501,180.9244,1.1002,0.0000,0.0000,0.0000
113.452,360.5265,1.6632,274.4963,0.2510,3.8000,-0.4500,3.7841,180.9231,1.1465,0.0000,0.0000,0.0000
113.577,360.2554,1.7448,274.2287,0.2510,3.8000,-0.4500,3.6439,180.9202,1.2298,0.0000,0.0000,0.0000
113.677,360.0615,1.7999,274.0411,0.2510,3.8000,-0.4500,3.4821,180.9166,1.2849,0.0000,0.0000,0.0000
113.786,359.8658,1.8533,273.8700,0.2510,3.8000,-0.4500,3.4012,180.9148,1.3096,0.0000,0.0000,0.0000
113.888,359.6682,1.9032,273.7236,0.2510,3.8000,-0.4500,3.0700,180.9070,1.3499,0.0000,0.0000,0.0000
113.992,359.4684,1.9524,273.5961,0.2510,3.8000,-0.4500,3.0700,180.9070,1.3499,0.0000,0.0000,0.0000
114.104,359.2261,2.0034,273.4684,0.2510,3.8000,-0.4500,2.6478,180.8972,1.3044,0.0000,0.0000,0.0000
114.217,358.9821,2.0522,273.3558,0.2510,3.8000,-0.4500,2.5654,180.8954,1.2830,0.0000,0.0000,0.0000
114.340,358.7354,2.0917,273.2642,0.2510,3.8000,-0.4500,2.2353,180.8882,1.1851,0.0000,0.0000,0.0000
114.441,358.5273,2.1190,273.2263,0.2510,3.8000,-0.4500,1.9243,180.8821,1.0600,0.0000,0.0000,0.0000
114.549,358.3188,2.1437,273.2200,0.2510,3.8000,-0.4500,1.7749,180.8795,0.9912,0.0000,0.0000,0.0000
114.660,358.0679,2.1639,273.2468,0.2510,3.8000,-0.4500,1.4730,180.8746,0.8350,0.0000,0.0000,0.0000
114.771,357.8581,2.1716,273.2905,0.2510,3.8000,-0.4500,1.1029,180.8699,0.6236,0.0000,0.0000,0.0000
114.884,357.6071,2.1761,273.3581,0.2510,3.8000,-0.4500,0.8816,180.8678,0.4858,0.0000,0.0000,0.0000
114.993,357.3974,2.1702,273.4249,0.2510,3.8000,-0.4500,0.5924,180.8658,0.3003,0.0000,0.0000,0.0000
115.117,357.1035,2.1499,273.5306,0.2510,3.8000,-0.4500,0.1825,180.8646,0.0237,0.0000,0.0000,0.0000
115.229,356.8939,2.1287,273.6137,0.2510,3.8000,-0.4500,359.9836,180.8648,359.8849,0.0000,0.0000,0.0000
115.340,356.6418,2.0918,273.7218,0.2510,3.8000,-0.4500,359.6418,180.8662,359.6407,0.0000,0.0000,0.0000
115.451,356.4320,2.0550,273.8160,0.2510,3.8000,-0.4500,359.4398,180.8677,359.4934,0.0000,0.0000,0.0000
115.576,356.1377,1.9911,273.9538,0.2510,3.8000,-0.4500,359.1022,180.8714,359.2433,0.0000,0.0000,0.0000
115.690,355.9275,1.9384,274.0549,0.2510,3.8000,-0.4500,358.9013,180.8744,359.0922,0.0000,0.0000,0.0000
115.798,355.6757,1.8696,274.1781,0.2510,3.8000,-0.4500,358.7706,180.8765,358.9933,0.0000,0.0000,0.0000
115.909,355.4649,1.8025,274.2833,0.2510,3.8000,-0.4500,358.5003,180.8818,358.7859,0.0000,0.0000,0.0000
116.035,355.2122,1.7178,274.4104,0.2510,3.8000,-0.4500,358.3027,180.8862,358.6325,0.0000,0.0000,0.0000
116.146,354.9598,1.6276,274.5389,0.2510,3.8000,-0.4500,358.1713,180.8895,358.5299,0.0000,0.0000,0.0000
116.257,354.7070,1.5300,274.6693,0.2510,3.8000,-0.4500,357.9737,180.8948,358.3737,0.0000,0.0000,0.0000
116.383,354.4541,1.4273,274.8010,0.2510,3.8000,-0.4500,357.7783,180.9007,358.2175,0.0000,0.0000,0.0000
116.509,354.2020,1.3248,274.9325,0.2510,3.8000,-0.4500,357.7783,180.9007,358.2175,0.0000,0.0000,0.0000
116.618,353.9495,1.2179,275.0631,0.2510,3.8000,-0.4500,357.7165,180.9026,358.1674,0.0000,0.0000,0.0000
116.743,353.6961,1.1060,275.1927,0.2510,3.8000,-0.4500,357.5267,180.9089,358.0114,0.0000,0.0000,0.0000
116.868,353.4434,0.9975,275.3204,0.2510,3.8000,-0.4500,357.5267,180.9089,358.0114,0.0000,0.0000,0.0000
116.978,353.1904,0.8889,275.4474,0.2510,3.8000,-0.4500,357.5267,180.9089,358.0114,0.0000,0.0000,0.0000
117.104,352.9373,0.7814,275.5719,0.2510,3.8000,-0.4500,357.5267,180.9089,358.0114,0.0000,0.0000,0.0000
117.218,352.6826,0.6766,275.6778,0.2510,3.8000,-0.4500,357.5267,180.9089,358.0114,0.0000,0.0000,0.0000
117.340,352.4258,0.5757,275.7532,0.2510,3.8000,-0.4500,357.5267,180.9089,358.0114,0.0000,0.0000,0.0000
117.452,352.2109,0.4963,275.7737,0.2510,3.8000,-0.4500,357.5267,180.9089,358.0114,0.0000,0.0000,0.0000
117.565,351.9527,0.4064,275.7658,0.2510,3.8000,-0.4500,357.5267,180.9089,358.0114,0.0000,0.0000,0.0000
117.673,351.7373,0.3358,275.7428,0.2510,3.8000,-0.4500,357.5267,180.9089,358.0114,0.0000,0.0000,0.0000
117.773,351.5221,0.2690,275.7101,0.2510,3.8000,-0.4500,357.5267,180.9089,358.0114,0.0000,0.0000,0.0000
117.896,351.2213,0.1822,275.6519,0.2510,3.8000,-0.4500,357.5267,180.9089,358.0114,0.0000,0.0000,0.0000
118.021,350.9639,0.1143,275.5932,0.2510,3.8000,-0.4500,357.5267,180.9089,358.0114,0.0000,0.0000,0.0000
118.146,350.7071,0.0524,275.5290,0.2510,3.8000,-0.4500,357.5267,180.9089,358.0114,0.0000,0.0000,0.0000
118.256,350.4515,0.0032,275.4590,0.2510,3.8000,-0.4500,357.9145,180.8961,358.1940,0.0000,0.0000,0.0000
118.381,350.1960,-0.0421,275.3880,0.2510,3.8000,-0.4500,358.1402,180.8892,358.3118,0.0000,0.0000,0.0000
118.482,349.9834,-0.0754,275.3241,0.2510,3.8000,-0.4500,358.2870,180.8850,358.3909,0.0000,0.0000,0.0000
118.604,349.7293,-0.1085,275.2395,0.2510,3.8000,-0.4500,358.5060,180.8790,358.5122,0.0000,0.0000,0.0000
118.715,349.5186,-0.1288,275.1624,0.2510,3.8000,-0.4500,358.8025,180.8718,358.6811,0.0000,0.0000,0.0000
118.829,349.2658,-0.1509,275.0656,0.2510,3.8000,-0.4500,358.9541,180.8684,358.7681,0.0000,0.0000,0.0000
118.937,349.0142,-0.1641,274.9638,0.2510,3.8000,-0.4500,359.2486,180.8625,358.9371,0.0000,0.0000,0.0000
119.048,348.8043,-0.1722,274.8805,0.2510,3.8000,-0.4500,359.3951,180.8599,359.0204,0.0000,0.0000,0.0000
119.161,348.5516,-0.1757,274.7934,0.2510,3.8000,-0.4500,359.6130,180.8564,359.1436,0.0000,0.0000,0.0000
119.284,348.2980,-0.1719,274.7224,0.2510,3.8000,-0.4500,359.9090,180.8524,359.3082,0.0000,0.0000,0.0000
119.409,348.0429,-0.1651,274.6663,0.2510,3.8000,-0.4500,0.0525,180.8508,359.3868,0.0000,0.0000,0.0000
119.523,347.7871,-0.1527,274.6203,0.2510,3.8000,-0.4500,0.1964,180.8493,359.4651,0.0000,0.0000,0.0000
119.646,347.5312,-0.1341,274.5807,0.2510,3.8000,-0.4500,0.4113,180.8475,359.5794,0.0000,0.0000,0.0000
119.759,347.2749,-0.1107,274.5455,0.2510,3.8000,-0.4500,0.6327,180.8461,359.6927,0.0000,0.0000,0.0000
119.870,347.0611,-0.0899,274.5194,0.2510,3.8000,-0.4500,0.7064,180.8457,359.7285,0.0000,0.0000,0.0000
119.979,346.8044,-0.0607,274.4915,0.2510,3.8000,-0.4500,0.8542,180.8452,359.7996,0.0000,0.0000,0.0000
