time_sec,world_x,world_y,world_z,local_x,local_y,local_z,world_rot_x,world_rot_y,world_rot_z,local_rot_x,local_rot_y,local_rot_z
0.000,598.8699,5.2478,250.4535,0.2510,3.8000,-0.4500,0.0000,180.0000,0.0000,0.0000,0.0000,0.0000
0.000,598.8699,5.2478,250.4535,0.2510,3.8000,-0.4500,0.0000,180.0000,0.0000,0.0000,0.0000,0.0000
0.103,598.6557,5.0566,250.4581,0.2510,3.8000,-0.4500,0.0000,180.0000,0.0000,0.0000,0.0000,0.0000
0.212,598.3493,4.7913,250.4622,0.2510,3.8000,-0.4500,0.0000,180.0000,0.0000,0.0000,0.0000,0.0000
0.322,597.8721,4.3853,250.4668,0.2510,3.8000,-0.4500,0.0000,180.0000,0.0000,0.0000,0.0000,0.0000
0.432,597.3928,3.9813,250.4728,0.2510,3.8000,-0.4500,0.0000,180.0000,0.0000,0.0000,0.0000,0.0000
0.544,596.7308,3.4263,250.4888,0.2510,3.8000,-0.4500,0.0000,180.0000,0.0000,0.0000,0.0000,0.0000
0.668,595.9849,2.8030,250.5175,0.2510,3.8000,-0.4500,0.0000,180.0000,0.0000,0.0000,0.0000,0.0000
0.780,595.1648,2.1191,250.5595,0.2510,3.8000,-0.4500,0.0000,180.0000,0.0000,0.0000,0.0000,0.0000
0.891,594.4308,1.5080,250.6042,0.2510,3.8000,-0.4500,0.0000,180.0000,0.0000,0.0000,0.0000,0.0000
1.003,593.4960,0.7305,250.6683,0.2510,3.8000,-0.4500,0.0000,180.0000,0.0000,0.0000,0.0000,0.0000
1.114,592.6765,0.0496,250.7297,0.2510,3.8000,-0.4500,0.0000,180.0000,0.0000,0.0000,0.0000,0.0000
1.225,591.7769,-0.7122,250.8017,0.2510,3.8000,-0.4500,359.8621,180.0000,0.0006,0.0000,0.0000,0.0000
1.336,591.2571,-1.1306,250.8546,0.2510,3.8000,-0.4500,358.7563,179.9999,0.0053,0.0000,0.0000,0.0000
1.447,590.7939,-1.3524,250.9111,0.2510,3.8000,-0.4500,357.6996,179.9998,0.0098,0.0000,0.0000,0.0000
1.558,590.4275,-1.3612,250.9631,0.2510,3.8000,-0.4500,357.2945,179.9997,0.0113,0.0000,0.0000,0.0000
1.670,590.1627,-1.2887,251.0046,0.2510,3.8000,-0.4500,357.2945,179.9997,0.0113,0.0000,0.0000,0.0000
1.780,589.8718,-1.1873,251.0529,0.2510,3.8000,-0.4500,357.2945,179.9997,0.0113,0.0000,0.0000,0.0000
1.891,589.6424,-1.1285,251.0930,0.2510,3.8000,-0.4500,357.2945,179.9997,0.0113,0.0000,0.0000,0.0000
2.003,589.3762,-1.1078,251.1447,0.2510,3.8000,-0.4500,357.2945,179.9997,0.0113,0.0000,0.0000,0.0000
2.114,589.1588,-1.1305,251.1912,0.2510,3.8000,-0.4500,357.2945,179.9997,0.0113,0.0000,0.0000,0.0000
2.227,588.9011,-1.1923,251.2504,0.2510,3.8000,-0.4500,357.2945,179.9997,0.0113,0.0000,0.0000,0.0000
2.336,588.6879,-1.2599,251.3021,0.2510,3.8000,-0.4500,357.2945,179.9997,0.0113,0.0000,0.0000,0.0000
2.447,588.4331,-1.3462,251.3664,0.2510,3.8000,-0.4500,357.2944,179.9997,0.0113,0.0000,0.0000,0.0000
2.559,588.1789,-1.4286,251.4331,0.2510,3.8000,-0.4500,357.2945,179.9997,0.0113,0.0000,0.0000,0.0000
2.672,587.9674,-1.4908,251.4911,0.2510,3.8000,-0.4500,357.2944,179.9997,0.0113,0.0000,0.0000,0.0000
2.782,587.7140,-1.5578,251.5636,0.2510,3.8000,-0.4500,357.2944,179.9997,0.0113,0.0000,0.0000,0.0000
2.892,587.5029,-1.6087,251.6261,0.2510,3.8000,-0.4500,357.2944,179.9997,0.0113,0.0000,0.0000,0.0000
3.004,587.2499,-1.6666,251.7059,0.2510,3.8000,-0.4500,357.2944,179.9997,0.0113,0.0000,0.0000,0.0000
3.128,586.9975,-1.7236,251.7924,0.2510,3.8000,-0.4500,357.2945,179.9997,0.0113,0.0000,0.0000,0.0000
3.240,586.7455,-1.7815,251.8845,0.2510,3.8000,-0.4500,357.2945,179.9997,0.0113,0.0000,0.0000,0.0000
3.350,586.5358,-1.8309,251.9648,0.2510,3.8000,-0.4500,357.2945,179.9997,0.0113,0.0000,0.0000,0.0000
3.463,586.2842,-1.8915,252.0650,0.2510,3.8000,-0.4500,357.2945,179.9997,0.0113,0.0000,0.0000,0.0000
3.572,586.0748,-1.9428,252.1509,0.2510,3.8000,-0.4500,357.2945,179.9997,0.0113,0.0000,0.0000,0.0000
3.683,585.8262,-2.0028,252.1788,0.2510,3.8000,-0.4500,357.2945,179.9997,0.0113,0.0000,0.0000,0.0000
3.795,585.6304,-2.0437,251.9852,0.2510,3.8000,-0.4500,357.2945,179.9997,0.0113,0.0000,0.0000,0.0000
3.906,585.4080,-2.0816,251.5268,0.2510,3.8000,-0.4500,357.2945,179.9997,0.0113,0.0000,0.0000,0.0000
4.017,585.1932,-2.1116,250.9277,0.2510,3.8000,-0.4500,357.2945,179.9998,0.0113,0.0000,0.0000,0.0000
4.130,585.0150,-2.1345,250.4138,0.2510,3.8000,-0.4500,357.2945,179.9997,0.0113,0.0000,0.0000,0.0000
4.242,584.7938,-2.1660,249.9091,0.2510,3.8000,-0.4500,357.2945,179.9997,0.0113,0.0000,0.0000,0.0000
4.351,584.6003,-2.1980,249.6131,0.2510,3.8000,-0.4500,357.2945,179.9997,0.0113,0.0000,0.0000,0.0000
4.477,584.3575,-2.2433,249.3941,0.2510,3.8000,-0.4500,357.2945,179.9997,0.0113,0.0000,0.0000,0.0000
4.587,584.1072,-2.2944,249.2898,0.2510,3.8000,-0.4500,357.2945,179.9997,0.0113,0.0000,0.0000,0.0000
4.698,583.8542,-2.3491,249.2649,0.2510,3.8000,-0.4500,357.2945,179.9997,0.0113,0.0000,0.0000,0.0000
4.809,583.6431,-2.3960,249.2851,0.2510,3.8000,-0.4500,357.2945,179.9997,0.0113,0.0000,0.0000,0.0000
4.920,583.3899,-2.4521,249.3413,0.2510,3.8000,-0.4500,357.2945,179.9997,0.0113,0.0000,0.0000,0.0000
5.031,583.1788,-2.4986,249.4052,0.2510,3.8000,-0.4500,357.3415,179.9997,359.9463,0.0000,0.0000,0.0000
5.142,582.9263,-2.5513,249.4952,0.2510,3.8000,-0.4500,357.3415,179.9997,359.9463,0.0000,0.0000,0.0000
5.254,582.7158,-2.5932,249.5766,0.2510,3.8000,-0.4500,357.4075,179.9996,359.8920,0.0000,0.0000,0.0000
5.366,582.4633,-2.6405,249.6789,0.2510,3.8000,-0.4500,357.5410,179.9993,359.7897,0.0000,0.0000,0.0000
5.476,582.2536,-2.6761,249.7672,0.2510,3.8000,-0.4500,357.5410,179.9993,359.7897,0.0000,0.0000,0.0000
5.587,582.0016,-2.7142,249.8725,0.2510,3.8000,-0.4500,357.7787,179.9982,359.7088,0.0000,0.0000,0.0000
5.700,581.7503,-2.7475,249.9789,0.2510,3.8000,-0.4500,357.8599,179.9978,359.6982,0.0000,0.0000,0.0000
5.824,581.4991,-2.7749,250.0846,0.2510,3.8000,-0.4500,358.0248,179.9969,359.6854,0.0000,0.0000,0.0000
5.948,581.2487,-2.7943,250.1898,0.2510,3.8000,-0.4500,358.3693,179.9951,359.7214,0.0000,0.0000,0.0000
6.060,580.9986,-2.8102,250.2976,0.2510,3.8000,-0.4500,358.4512,179.9947,359.7412,0.0000,0.0000,0.0000
6.170,580.7910,-2.8163,250.3868,0.2510,3.8000,-0.4500,358.6960,179.9937,359.8078,0.0000,0.0000,0.0000
6.281,580.5423,-2.8178,250.4941,0.2510,3.8000,-0.4500,358.9354,179.9931,359.9023,0.0000,0.0000,0.0000
6.392,580.3352,-2.8145,250.5837,0.2510,3.8000,-0.4500,359.0872,179.9930,359.9700,0.0000,0.0000,0.0000
6.503,580.0873,-2.8044,250.6910,0.2510,3.8000,-0.4500,359.2356,179.9930,0.0428,0.0000,0.0000,0.0000
6.614,579.8823,-2.7860,250.7785,0.2510,3.8000,-0.4500,359.6039,179.9939,0.2533,0.0000,0.0000,0.0000
6.725,579.6357,-2.7624,250.8848,0.2510,3.8000,-0.4500,359.7433,179.9947,0.3430,0.0000,0.0000,0.0000
6.837,579.3901,-2.7300,250.9902,0.2510,3.8000,-0.4500,359.9535,179.9962,0.4855,0.0000,0.0000,0.0000
6.948,579.1862,-2.6980,251.0779,0.2510,3.8000,-0.4500,0.0919,179.9975,0.5827,0.0000,0.0000,0.0000
7.059,578.9426,-2.6508,251.1822,0.2510,3.8000,-0.4500,0.3566,180.0006,0.7793,0.0000,0.0000,0.0000
7.170,578.7405,-2.6062,251.2692,0.2510,3.8000,-0.4500,0.5538,180.0036,0.9346,0.0000,0.0000,0.0000
7.281,578.4980,-2.5485,251.3744,0.2510,3.8000,-0.4500,0.6799,180.0057,1.0363,0.0000,0.0000,0.0000
7.392,578.2978,-2.4915,251.4610,0.2510,3.8000,-0.4500,0.9391,180.0109,1.2540,0.0000,0.0000,0.0000
7.504,578.0571,-2.4223,251.5671,0.2510,3.8000,-0.4500,1.0038,180.0124,1.3105,0.0000,0.0000,0.0000
7.615,577.8582,-2.3565,251.6545,0.2510,3.8000,-0.4500,1.1987,180.0171,1.4824,0.0000,0.0000,0.0000
7.725,577.6203,-2.2725,251.7602,0.2510,3.8000,-0.4500,1.3905,180.0224,1.6581,0.0000,0.0000,0.0000
7.836,577.4222,-2.2002,251.8493,0.2510,3.8000,-0.4500,1.4524,180.0242,1.7154,0.0000,0.0000,0.0000
7.962,577.1473,-2.0889,251.9736,0.2510,3.8000,-0.4500,1.6929,180.0319,1.9457,0.0000,0.0000,0.0000
8.073,576.9512,-2.0078,252.0640,0.2510,3.8000,-0.4500,1.7489,180.0338,2.0013,0.0000,0.0000,0.0000
8.183,576.7170,-1.9048,252.1726,0.2510,3.8000,-0.4500,1.8701,180.0382,2.1254,0.0000,0.0000,0.0000
8.296,576.5228,-1.8154,252.2635,0.2510,3.8000,-0.4500,1.9870,180.0426,2.2461,0.0000,0.0000,0.0000
8.407,576.2896,-1.7083,252.3748,0.2510,3.8000,-0.4500,1.9870,180.0426,2.2461,0.0000,0.0000,0.0000
8.517,576.0587,-1.5935,252.4854,0.2510,3.8000,-0.4500,2.1542,180.0495,2.4311,0.0000,0.0000,0.0000
8.629,575.8657,-1.4997,252.5794,0.2510,3.8000,-0.4500,2.1542,180.0495,2.4311,0.0000,0.0000,0.0000
8.755,575.6344,-1.3851,252.6929,0.2510,3.8000,-0.4500,2.1542,180.0495,2.4311,0.0000,0.0000,0.0000
8.864,575.4045,-1.2662,252.8062,0.2510,3.8000,-0.4500,2.2569,180.0539,2.5586,0.0000,0.0000,0.0000
8.990,575.1743,-1.1495,252.9213,0.2510,3.8000,-0.4500,2.2570,180.0539,2.5586,0.0000,0.0000,0.0000
9.100,574.9443,-1.0326,253.0371,0.2510,3.8000,-0.4500,2.2570,180.0539,2.5586,0.0000,0.0000,0.0000
9.213,574.7526,-0.9356,253.1340,0.2510,3.8000,-0.4500,2.2570,180.0540,2.5586,0.0000,0.0000,0.0000
9.322,574.5226,-0.8200,253.2506,0.2510,3.8000,-0.4500,2.2570,180.0540,2.5586,0.0000,0.0000,0.0000
9.433,574.3307,-0.7250,253.3482,0.2510,3.8000,-0.4500,2.2570,180.0540,2.5586,0.0000,0.0000,0.0000
9.546,574.1004,-0.6131,253.4657,0.2510,3.8000,-0.4500,2.2570,180.0540,2.5586,0.0000,0.0000,0.0000
9.656,573.9084,-0.5220,253.5638,0.2510,3.8000,-0.4500,2.2570,180.0540,2.5586,0.0000,0.0000,0.0000
9.766,573.6779,-0.4156,253.6820,0.2510,3.8000,-0.4500,2.2570,180.0540,2.5586,0.0000,0.0000,0.0000
9.892,573.4468,-0.3130,253.8008,0.2510,3.8000,-0.4500,2.2570,180.0540,2.5586,0.0000,0.0000,0.0000
10.002,573.2154,-0.2147,253.9202,0.2510,3.8000,-0.4500,2.2570,180.0540,2.5586,0.0000,0.0000,0.0000
10.114,573.0219,-0.1363,254.0202,0.2510,3.8000,-0.4500,2.2570,180.0540,2.5586,0.0000,0.0000,0.0000
10.225,572.7893,-0.0471,254.1409,0.2510,3.8000,-0.4500,2.2570,180.0540,2.5586,0.0000,0.0000,0.0000
10.338,572.5559,0.0367,254.2623,0.2510,3.8000,-0.4500,2.2570,180.0540,2.5586,0.0000,0.0000,0.0000
10.447,572.3609,0.1022,254.3639,0.2510,3.8000,-0.4500,2.2570,180.0540,2.5586,0.0000,0.0000,0.0000
10.558,572.1255,0.1727,254.4876,0.2510,3.8000,-0.4500,2.0989,180.0470,2.4913,0.0000,0.0000,0.0000
10.669,571.9286,0.2262,254.5914,0.2510,3.8000,-0.4500,1.9446,180.0404,2.4193,0.0000,0.0000,0.0000
10.781,571.6908,0.2835,254.7162,0.2510,3.8000,-0.4500,1.7305,180.0316,2.2819,0.0000,0.0000,0.0000
10.892,571.4923,0.3282,254.8191,0.2510,3.8000,-0.4500,1.6617,180.0289,2.2339,0.0000,0.0000,0.0000
11.004,571.2514,0.3704,254.9439,0.2510,3.8000,-0.4500,1.3412,180.0171,1.9634,0.0000,0.0000,0.0000
11.113,571.0515,0.4064,255.0451,0.2510,3.8000,-0.4500,1.3412,180.0171,1.9634,0.0000,0.0000,0.0000
11.226,570.8081,0.4359,255.1680,0.2510,3.8000,-0.4500,1.0513,180.0079,1.6418,0.0000,0.0000,0.0000
11.337,570.5648,0.4638,255.2883,0.2510,3.8000,-0.4500,0.9528,180.0052,1.5135,0.0000,0.0000,0.0000
11.447,570.3617,0.4834,255.3875,0.2510,3.8000,-0.4500,0.9046,180.0040,1.4431,0.0000,0.0000,0.0000
11.558,570.1156,0.4985,255.5060,0.2510,3.8000,-0.4500,0.7641,180.0007,1.2293,0.0000,0.0000,0.0000
11.669,569.9095,0.5060,255.6038,0.2510,3.8000,-0.4500,0.6448,179.9984,1.0071,0.0000,0.0000,0.0000
11.781,569.6626,0.5144,255.7192,0.2510,3.8000,-0.4500,0.6101,179.9978,0.9346,0.0000,0.0000,0.0000
11.893,569.4550,0.5139,255.8149,0.2510,3.8000,-0.4500,0.5144,179.9964,0.7044,0.0000,0.0000,0.0000
12.003,569.2053,0.5093,255.9285,0.2510,3.8000,-0.4500,0.4305,179.9956,0.4721,0.0000,0.0000,0.0000
12.114,568.9972,0.5037,256.0220,0.2510,3.8000,-0.4500,0.4033,179.9954,0.3942,0.0000,0.0000,0.0000
12.225,568.7460,0.4888,256.1339,0.2510,3.8000,-0.4500,0.3230,179.9950,0.1593,0.0000,0.0000,0.0000
12.335,568.5358,0.4711,256.2268,0.2510,3.8000,-0.4500,0.2400,179.9949,359.9232,0.0000,0.0000,0.0000
12.449,568.2832,0.4454,256.3380,0.2510,3.8000,-0.4500,0.1514,179.9952,359.6877,0.0000,0.0000,0.0000
12.558,568.0303,0.4153,256.4489,0.2510,3.8000,-0.4500,0.0879,179.9957,359.5319,0.0000,0.0000,0.0000
12.670,567.8197,0.3868,256.5413,0.2510,3.8000,-0.4500,0.0557,179.9960,359.4545,0.0000,0.0000,0.0000
12.780,567.5655,0.3442,256.6530,0.2510,3.8000,-0.4500,359.9525,179.9971,359.2253,0.0000,0.0000,0.0000
12.891,567.3538,0.3052,256.7467,0.2510,3.8000,-0.4500,359.8814,179.9982,359.0794,0.0000,0.0000,0.0000
13.002,567.0990,0.2521,256.8604,0.2510,3.8000,-0.4500,359.7641,180.0003,358.8584,0.0000,0.0000,0.0000
13.113,566.8868,0.2044,256.9559,0.2510,3.8000,-0.4500,359.6791,180.0021,358.7132,0.0000,0.0000,0.0000
13.239,566.5898,0.1328,257.0904,0.2510,3.8000,-0.4500,359.5945,180.0041,358.5721,0.0000,0.0000,0.0000
13.350,566.3776,0.0782,257.1866,0.2510,3.8000,-0.4500,359.5502,180.0052,358.5051,0.0000,0.0000,0.0000
13.461,566.1224,0.0071,257.3026,0.2510,3.8000,-0.4500,359.4535,180.0079,358.3665,0.0000,0.0000,0.0000
13.561,565.9089,-0.0577,257.3984,0.2510,3.8000,-0.4500,359.2994,180.0125,358.1640,0.0000,0.0000,0.0000
13.672,565.6963,-0.1202,257.4902,0.2510,3.8000,-0.4500,359.2994,180.0125,358.1640,0.0000,0.0000,0.0000
13.783,565.4400,-0.2014,257.5968,0.2510,3.8000,-0.4500,359.1951,180.0160,358.0410,0.0000,0.0000,0.0000
13.907,565.1833,-0.2841,257.6968,0.2510,3.8000,-0.4500,359.1390,180.0180,357.9820,0.0000,0.0000,0.0000
14.032,564.9254,-0.3692,257.7849,0.2510,3.8000,-0.4500,359.0815,180.0200,357.9244,0.0000,0.0000,0.0000
14.145,564.6665,-0.4576,257.8636,0.2510,3.8000,-0.4500,358.9571,180.0246,357.8146,0.0000,0.0000,0.0000
14.254,564.4507,-0.5299,257.9240,0.2510,3.8000,-0.4500,358.9571,180.0246,357.8146,0.0000,0.0000,0.0000
14.372,564.1913,-0.6178,257.9933,0.2510,3.8000,-0.4500,358.9571,180.0246,357.8146,0.0000,0.0000,0.0000
14.474,563.9747,-0.6929,258.0500,0.2510,3.8000,-0.4500,358.8884,180.0273,357.7696,0.0000,0.0000,0.0000
14.586,563.7151,-0.7816,258.1169,0.2510,3.8000,-0.4500,358.8884,180.0273,357.7696,0.0000,0.0000,0.0000
14.696,563.4987,-0.8556,258.1723,0.2510,3.8000,-0.4500,358.8884,180.0273,357.7696,0.0000,0.0000,0.0000
14.821,563.1960,-0.9595,258.2506,0.2510,3.8000,-0.4500,358.8092,180.0304,357.7437,0.0000,0.0000,0.0000
14.933,562.9801,-1.0322,258.3067,0.2510,3.8000,-0.4500,358.8092,180.0304,357.7437,0.0000,0.0000,0.0000
15.044,562.7213,-1.1184,258.3748,0.2510,3.8000,-0.4500,358.8092,180.0304,357.7437,0.0000,0.0000,0.0000
15.154,562.5059,-1.1897,258.4331,0.2510,3.8000,-0.4500,358.7267,180.0336,357.7444,0.0000,0.0000,0.0000
15.266,562.2479,-1.2736,258.5045,0.2510,3.8000,-0.4500,358.6452,180.0368,357.7468,0.0000,0.0000,0.0000
15.376,562.0332,-1.3415,258.5648,0.2510,3.8000,-0.4500,358.6452,180.0368,357.7468,0.0000,0.0000,0.0000
15.488,561.7761,-1.4211,258.6388,0.2510,3.8000,-0.4500,358.6452,180.0368,357.7468,0.0000,0.0000,0.0000
15.599,561.5198,-1.4984,258.7151,0.2510,3.8000,-0.4500,358.5710,180.0397,357.7818,0.0000,0.0000,0.0000
15.711,561.3063,-1.5607,258.7796,0.2510,3.8000,-0.4500,358.5015,180.0424,357.8238,0.0000,0.0000,0.0000
15.821,561.0508,-1.6326,258.8570,0.2510,3.8000,-0.4500,358.3757,180.0471,357.9287,0.0000,0.0000,0.0000
15.932,560.8374,-1.6911,258.9193,0.2510,3.8000,-0.4500,358.3757,180.0471,357.9287,0.0000,0.0000,0.0000
16.046,560.5818,-1.7579,258.9925,0.2510,3.8000,-0.4500,358.3237,180.0489,357.9893,0.0000,0.0000,0.0000
16.154,560.3691,-1.8103,259.0511,0.2510,3.8000,-0.4500,358.2305,180.0521,358.1250,0.0000,0.0000,0.0000
16.266,560.1136,-1.8695,259.0856,0.2510,3.8000,-0.4500,358.1569,180.0544,358.2719,0.0000,0.0000,0.0000
16.377,559.8575,-1.9251,259.0822,0.2510,3.8000,-0.4500,358.1274,180.0553,358.3462,0.0000,0.0000,0.0000
16.501,559.6024,-1.9767,259.0537,0.2510,3.8000,-0.4500,358.1018,180.0560,358.4238,0.0000,0.0000,0.0000
16.612,559.3928,-2.0137,259.0001,0.2510,3.8000,-0.4500,358.0370,180.0577,358.6596,0.0000,0.0000,0.0000
16.724,559.1429,-2.0582,258.8950,0.2510,3.8000,-0.4500,358.0370,180.0577,358.6596,0.0000,0.0000,0.0000
16.835,558.9370,-2.0920,258.7788,0.2510,3.8000,-0.4500,358.0370,180.0577,358.6596,0.0000,0.0000,0.0000
16.947,558.6937,-2.1248,258.6173,0.2510,3.8000,-0.4500,358.0000,180.0585,358.9094,0.0000,0.0000,0.0000
17.071,558.4509,-2.1569,258.4418,0.2510,3.8000,-0.4500,357.9931,180.0586,358.9914,0.0000,0.0000,0.0000
17.196,558.2089,-2.1845,258.2617,0.2510,3.8000,-0.4500,357.9806,180.0588,359.1543,0.0000,0.0000,0.0000
17.307,557.9633,-2.2130,258.1180,0.2510,3.8000,-0.4500,357.9806,180.0588,359.1543,0.0000,0.0000,0.0000
17.417,557.7143,-2.2379,258.0360,0.2510,3.8000,-0.4500,357.9785,180.0588,359.3214,0.0000,0.0000,0.0000
17.531,557.5054,-2.2575,258.0149,0.2510,3.8000,-0.4500,357.9856,180.0587,359.4898,0.0000,0.0000,0.0000
17.640,557.2540,-2.2821,258.0327,0.2510,3.8000,-0.4500,357.9899,180.0587,359.5719,0.0000,0.0000,0.0000
17.751,557.0460,-2.2997,258.0758,0.2510,3.8000,-0.4500,358.0111,180.0586,359.7294,0.0000,0.0000,0.0000
17.862,556.7964,-2.3224,258.1514,0.2510,3.8000,-0.4500,358.0111,180.0586,359.7294,0.0000,0.0000,0.0000
17.989,556.5491,-2.3392,258.2441,0.2510,3.8000,-0.4500,358.0502,180.0584,359.8907,0.0000,0.0000,0.0000
18.101,556.3021,-2.3547,258.3473,0.2510,3.8000,-0.4500,358.0754,180.0584,359.9684,0.0000,0.0000,0.0000
18.210,556.0964,-2.3663,258.4384,0.2510,3.8000,-0.4500,358.0754,180.0584,359.9684,0.0000,0.0000,0.0000
18.321,555.8517,-2.3723,258.5504,0.2510,3.8000,-0.4500,358.1733,180.0586,0.2057,0.0000,0.0000,0.0000
18.432,555.6469,-2.3786,258.6460,0.2510,3.8000,-0.4500,358.1733,180.0586,0.2057,0.0000,0.0000,0.0000
18.544,555.4024,-2.3796,258.7614,0.2510,3.8000,-0.4500,358.2560,180.0590,0.3527,0.0000,0.0000,0.0000
18.654,555.1996,-2.3757,258.8575,0.2510,3.8000,-0.4500,358.3886,180.0600,0.5562,0.0000,0.0000,0.0000
18.779,554.9124,-2.3718,258.9734,0.2510,3.8000,-0.4500,358.3886,180.0600,0.5562,0.0000,0.0000,0.0000
18.904,554.6647,-2.3609,259.0434,0.2510,3.8000,-0.4500,358.4934,180.0612,0.6828,0.0000,0.0000,0.0000
19.016,554.4567,-2.3496,259.0847,0.2510,3.8000,-0.4500,358.5505,180.0619,0.7443,0.0000,0.0000,0.0000
19.126,554.2087,-2.3309,259.0907,0.2510,3.8000,-0.4500,358.6655,180.0635,0.8655,0.0000,0.0000,0.0000
19.238,553.9637,-2.3082,259.0382,0.2510,3.8000,-0.4500,358.7845,180.0654,0.9772,0.0000,0.0000,0.0000
19.348,553.7618,-2.2875,258.9566,0.2510,3.8000,-0.4500,358.8451,180.0665,1.0308,0.0000,0.0000,0.0000
19.459,553.5227,-2.2583,258.8224,0.2510,3.8000,-0.4500,358.9698,180.0688,1.1370,0.0000,0.0000,0.0000
19.571,553.3246,-2.2340,258.6874,0.2510,3.8000,-0.4500,358.9698,180.0688,1.1370,0.0000,0.0000,0.0000
19.682,553.0900,-2.1995,258.5041,0.2510,3.8000,-0.4500,359.1004,180.0715,1.2396,0.0000,0.0000,0.0000
19.794,552.8948,-2.1697,258.3448,0.2510,3.8000,-0.4500,359.1664,180.0730,1.2904,0.0000,0.0000,0.0000
19.904,552.6590,-2.1320,258.1720,0.2510,3.8000,-0.4500,359.2312,180.0745,1.3377,0.0000,0.0000,0.0000
20.016,552.4611,-2.0985,258.0491,0.2510,3.8000,-0.4500,359.2985,180.0761,1.3843,0.0000,0.0000,0.0000
20.125,552.2223,-2.0534,257.9256,0.2510,3.8000,-0.4500,359.5074,180.0814,1.5194,0.0000,0.0000,0.0000
20.238,551.9797,-2.0095,257.8558,0.2510,3.8000,-0.4500,359.5074,180.0814,1.5194,0.0000,0.0000,0.0000
20.347,551.7776,-1.9668,257.8439,0.2510,3.8000,-0.4500,359.7258,180.0874,1.6357,0.0000,0.0000,0.0000
20.458,551.5347,-1.9171,257.8735,0.2510,3.8000,-0.4500,359.7258,180.0874,1.6357,0.0000,0.0000,0.0000
20.570,551.3341,-1.8685,257.9215,0.2510,3.8000,-0.4500,0.0382,180.0967,1.7626,0.0000,0.0000,0.0000
20.683,551.0931,-1.8128,258.0027,0.2510,3.8000,-0.4500,0.0382,180.0967,1.7626,0.0000,0.0000,0.0000
20.791,550.8932,-1.7631,258.0819,0.2510,3.8000,-0.4500,0.1159,180.0991,1.7859,0.0000,0.0000,0.0000
20.917,550.6545,-1.6999,258.1855,0.2510,3.8000,-0.4500,0.2752,180.1041,1.8290,0.0000,0.0000,0.0000
21.029,550.4161,-1.6341,258.2956,0.2510,3.8000,-0.4500,0.4396,180.1094,1.8610,0.0000,0.0000,0.0000
21.139,550.1780,-1.5660,258.4096,0.2510,3.8000,-0.4500,0.6029,180.1147,1.8890,0.0000,0.0000,0.0000
21.250,549.9794,-1.5082,258.5065,0.2510,3.8000,-0.4500,0.6844,180.1174,1.8962,0.0000,0.0000,0.0000
21.361,549.7413,-1.4366,258.6229,0.2510,3.8000,-0.4500,0.8550,180.1231,1.9040,0.0000,0.0000,0.0000
21.473,549.5430,-1.3755,258.7194,0.2510,3.8000,-0.4500,1.0184,180.1285,1.9088,0.0000,0.0000,0.0000
21.584,549.3048,-1.3026,258.8350,0.2510,3.8000,-0.4500,1.0184,180.1285,1.9088,0.0000,0.0000,0.0000
21.696,549.1056,-1.2401,258.9263,0.2510,3.8000,-0.4500,1.1856,180.1341,1.8916,0.0000,0.0000,0.0000
21.806,548.8663,-1.1659,259.0312,0.2510,3.8000,-0.4500,1.1856,180.1341,1.8916,0.0000,0.0000,0.0000
21.917,548.6660,-1.1031,259.1131,0.2510,3.8000,-0.4500,1.3518,180.1395,1.8601,0.0000,0.0000,0.0000
22.028,548.4251,-1.0285,259.2054,0.2510,3.8000,-0.4500,1.4297,180.1420,1.8406,0.0000,0.0000,0.0000
22.152,548.1832,-0.9543,259.2899,0.2510,3.8000,-0.4500,1.5889,180.1471,1.7847,0.0000,0.0000,0.0000
22.278,547.8999,-0.8690,259.3816,0.2510,3.8000,-0.4500,1.6636,180.1494,1.7561,0.0000,0.0000,0.0000
22.390,547.6970,-0.8089,259.4444,0.2510,3.8000,-0.4500,1.6636,180.1494,1.7561,0.0000,0.0000,0.0000
22.501,547.4524,-0.7383,259.5166,0.2510,3.8000,-0.4500,1.8102,180.1538,1.6721,0.0000,0.0000,0.0000
22.612,547.2484,-0.6805,259.5758,0.2510,3.8000,-0.4500,1.8776,180.1557,1.6234,0.0000,0.0000,0.0000
22.723,547.0027,-0.6129,259.6454,0.2510,3.8000,-0.4500,2.0088,180.1593,1.5249,0.0000,0.0000,0.0000
22.834,546.7982,-0.5574,259.7035,0.2510,3.8000,-0.4500,2.0088,180.1593,1.5249,0.0000,0.0000,0.0000
22.958,546.5106,-0.4830,259.7839,0.2510,3.8000,-0.4500,2.1219,180.1622,1.4026,0.0000,0.0000,0.0000
23.072,546.3050,-0.4313,259.8414,0.2510,3.8000,-0.4500,2.1714,180.1634,1.3385,0.0000,0.0000,0.0000
23.181,546.0574,-0.3711,259.9107,0.2510,3.8000,-0.4500,2.2177,180.1645,1.2713,0.0000,0.0000,0.0000
23.293,545.8505,-0.3228,259.9685,0.2510,3.8000,-0.4500,2.2605,180.1654,1.2005,0.0000,0.0000,0.0000
23.419,545.5607,-0.2573,260.0467,0.2510,3.8000,-0.4500,2.3026,180.1663,1.1294,0.0000,0.0000,0.0000
23.530,545.3524,-0.2128,260.0963,0.2510,3.8000,-0.4500,2.3380,180.1669,1.0534,0.0000,0.0000,0.0000
23.639,545.1010,-0.1612,260.1476,0.2510,3.8000,-0.4500,2.3728,180.1675,0.9774,0.0000,0.0000,0.0000
23.749,544.8913,-0.1189,260.1856,0.2510,3.8000,-0.4500,2.3728,180.1675,0.9774,0.0000,0.0000,0.0000
23.875,544.6383,-0.0717,260.2325,0.2510,3.8000,-0.4500,2.4300,180.1684,0.8231,0.0000,0.0000,0.0000
23.988,544.3868,-0.0232,260.2851,0.2510,3.8000,-0.4500,2.4300,180.1684,0.8231,0.0000,0.0000,0.0000
24.111,544.1358,0.0248,260.3431,0.2510,3.8000,-0.4500,2.4300,180.1684,0.8231,0.0000,0.0000,0.0000
24.222,543.8848,0.0724,260.4035,0.2510,3.8000,-0.4500,2.4300,180.1684,0.8231,0.0000,0.0000,0.0000
24.335,543.6754,0.1116,260.4542,0.2510,3.8000,-0.4500,2.4300,180.1684,0.8231,0.0000,0.0000,0.0000
24.444,543.4232,0.1569,260.5148,0.2510,3.8000,-0.4500,2.4519,180.1687,0.7442,0.0000,0.0000,0.0000
24.556,543.2132,0.1949,260.5649,0.2510,3.8000,-0.4500,2.4519,180.1687,0.7441,0.0000,0.0000,0.0000
24.667,542.9605,0.2380,260.6245,0.2510,3.8000,-0.4500,2.4705,180.1690,0.6646,0.0000,0.0000,0.0000
24.778,542.7076,0.2793,260.6837,0.2510,3.8000,-0.4500,2.4863,180.1691,0.5844,0.0000,0.0000,0.0000
24.889,542.4960,0.3106,260.7327,0.2510,3.8000,-0.4500,2.5125,180.1694,0.4226,0.0000,0.0000,0.0000
25.001,542.2430,0.3492,260.7911,0.2510,3.8000,-0.4500,2.5125,180.1694,0.4226,0.0000,0.0000,0.0000
25.111,542.0307,0.3766,260.8397,0.2510,3.8000,-0.4500,2.5294,180.1695,0.2598,0.0000,0.0000,0.0000
25.224,541.7761,0.4089,260.8983,0.2510,3.8000,-0.4500,2.5346,180.1695,0.1789,0.0000,0.0000,0.0000
25.334,541.5627,0.4319,260.9474,0.2510,3.8000,-0.4500,2.5416,180.1695,0.0148,0.0000,0.0000,0.0000
25.444,541.3079,0.4602,261.0066,0.2510,3.8000,-0.4500,2.5416,180.1695,0.0148,0.0000,0.0000,0.0000
25.556,541.0942,0.4786,261.0568,0.2510,3.8000,-0.4500,2.5428,180.1695,359.8513,0.0000,0.0000,0.0000
25.667,540.8381,0.4998,261.1177,0.2510,3.8000,-0.4500,2.5414,180.1695,359.7703,0.0000,0.0000,0.0000
25.778,540.5807,0.5148,261.1796,0.2510,3.8000,-0.4500,2.5323,180.1696,359.5201,0.0000,0.0000,0.0000
25.890,540.3670,0.5286,261.2313,0.2510,3.8000,-0.4500,2.5323,180.1696,359.5201,0.0000,0.0000,0.0000
26.000,540.1091,0.5393,261.2941,0.2510,3.8000,-0.4500,2.5215,180.1697,359.3558,0.0000,0.0000,0.0000
26.111,539.8942,0.5469,261.3459,0.2510,3.8000,-0.4500,2.5154,180.1697,359.2719,0.0000,0.0000,0.0000
26.223,539.6349,0.5518,261.4038,0.2510,3.8000,-0.4500,2.5008,180.1700,359.1010,0.0000,0.0000,0.0000
26.333,539.4191,0.5561,261.4482,0.2510,3.8000,-0.4500,2.5008,180.1700,359.1010,0.0000,0.0000,0.0000
26.444,539.1570,0.5537,261.4923,0.2510,3.8000,-0.4500,2.4765,180.1704,358.8437,0.0000,0.0000,0.0000
26.555,538.9388,0.5516,261.5154,0.2510,3.8000,-0.4500,2.4688,180.1705,358.7650,0.0000,0.0000,0.0000
26.667,538.6761,0.5459,261.5124,0.2510,3.8000,-0.4500,2.4611,180.1707,358.6863,0.0000,0.0000,0.0000
26.777,538.4132,0.5367,261.4855,0.2510,3.8000,-0.4500,2.4535,180.1709,358.6051,0.0000,0.0000,0.0000
26.888,538.1947,0.5266,261.4475,0.2510,3.8000,-0.4500,2.4461,180.1711,358.5245,0.0000,0.0000,0.0000
27.000,537.9331,0.5122,261.3867,0.2510,3.8000,-0.4500,2.4394,180.1713,358.4433,0.0000,0.0000,0.0000
27.112,537.7155,0.4980,261.3253,0.2510,3.8000,-0.4500,2.4333,180.1714,358.3604,0.0000,0.0000,0.0000
27.222,537.4559,0.4809,261.2380,0.2510,3.8000,-0.4500,2.4333,180.1714,358.3604,0.0000,0.0000,0.0000
27.333,537.2386,0.4605,261.1556,0.2510,3.8000,-0.4500,2.4187,180.1719,358.1094,0.0000,0.0000,0.0000
27.444,536.9806,0.4398,261.0470,0.2510,3.8000,-0.4500,2.4187,180.1719,358.1094,0.0000,0.0000,0.0000
27.556,536.7656,0.4215,260.9529,0.2510,3.8000,-0.4500,2.4187,180.1719,358.1094,0.0000,0.0000,0.0000
27.667,536.5074,0.3985,260.8394,0.2510,3.8000,-0.4500,2.4187,180.1719,358.1094,0.0000,0.0000,0.0000
27.777,536.2910,0.3756,260.7455,0.2510,3.8000,-0.4500,2.4171,180.1719,357.9443,0.0000,0.0000,0.0000
27.889,536.0311,0.3512,260.6458,0.2510,3.8000,-0.4500,2.4171,180.1719,357.9443,0.0000,0.0000,0.0000
28.014,535.7696,0.3277,260.5968,0.2510,3.8000,-0.4500,2.4171,180.1719,357.9443,0.0000,0.0000,0.0000
28.125,535.5074,0.3044,260.5996,0.2510,3.8000,-0.4500,2.4202,180.1718,357.8624,0.0000,0.0000,0.0000
28.236,535.2894,0.2872,260.6292,0.2510,3.8000,-0.4500,2.4202,180.1718,357.8624,0.0000,0.0000,0.0000
28.348,535.0287,0.2673,260.6899,0.2510,3.8000,-0.4500,2.4202,180.1718,357.8624,0.0000,0.0000,0.0000
28.459,534.7686,0.2481,260.7702,0.2510,3.8000,-0.4500,2.4202,180.1718,357.8624,0.0000,0.0000,0.0000
28.569,534.5510,0.2282,260.8476,0.2510,3.8000,-0.4500,2.4414,180.1710,357.6168,0.0000,0.0000,0.0000
28.680,534.2922,0.2097,260.9501,0.2510,3.8000,-0.4500,2.4414,180.1710,357.6168,0.0000,0.0000,0.0000
28.791,534.0768,0.1943,261.0412,0.2510,3.8000,-0.4500,2.4414,180.1710,357.6168,0.0000,0.0000,0.0000
28.903,533.8185,0.1758,261.1528,0.2510,3.8000,-0.4500,2.4414,180.1710,357.6168,0.0000,0.0000,0.0000
29.013,533.6022,0.1599,261.2359,0.2510,3.8000,-0.4500,2.4414,180.1710,357.6168,0.0000,0.0000,0.0000
29.125,533.3412,0.1397,261.3198,0.2510,3.8000,-0.4500,2.4414,180.1710,357.6168,0.0000,0.0000,0.0000
29.237,533.1229,0.1222,261.3778,0.2510,3.8000,-0.4500,2.4414,180.1710,357.6168,0.0000,0.0000,0.0000
29.346,532.8605,0.0988,261.3926,0.2510,3.8000,-0.4500,2.4414,180.1710,357.6168,0.0000,0.0000,0.0000
29.458,532.5988,0.0725,261.3547,0.2510,3.8000,-0.4500,2.4414,180.1710,357.6168,0.0000,0.0000,0.0000
29.568,532.3812,0.0489,261.2956,0.2510,3.8000,-0.4500,2.4414,180.1710,357.6168,0.0000,0.0000,0.0000
29.679,532.1210,0.0176,261.1960,0.2510,3.8000,-0.4500,2.4575,180.1703,357.5360,0.0000,0.0000,0.0000
29.791,531.9062,-0.0088,261.0883,0.2510,3.8000,-0.4500,2.4575,180.1703,357.5360,0.0000,0.0000,0.0000
29.902,531.6503,-0.0420,260.9344,0.2510,3.8000,-0.4500,2.4575,180.1703,357.5360,0.0000,0.0000,0.0000
30.026,531.3959,-0.0780,260.7576,0.2510,3.8000,-0.4500,2.4725,180.1696,357.4560,0.0000,0.0000,0.0000
30.138,531.1437,-0.1141,260.5568,0.2510,3.8000,-0.4500,2.4725,180.1696,357.4560,0.0000,0.0000,0.0000
30.249,530.9347,-0.1452,260.3738,0.2510,3.8000,-0.4500,2.4725,180.1696,357.4560,0.0000,0.0000,0.0000
30.374,530.6846,-0.1835,260.1437,0.2510,3.8000,-0.4500,2.4725,180.1696,357.4560,0.0000,0.0000,0.0000
30.486,530.4333,-0.2219,259.9266,0.2510,3.8000,-0.4500,2.4725,180.1696,357.4560,0.0000,0.0000,0.0000
30.597,530.2225,-0.2535,259.7635,0.2510,3.8000,-0.4500,2.4725,180.1696,357.4560,0.0000,0.0000,0.0000
30.708,529.9676,-0.2909,259.5906,0.2510,3.8000,-0.4500,2.4725,180.1696,357.4560,0.0000,0.0000,0.0000
30.834,529.7094,-0.3273,259.4611,0.2510,3.8000,-0.4500,2.4725,180.1696,357.4560,0.0000,0.0000,0.0000
30.943,529.4490,-0.3608,259.4136,0.2510,3.8000,-0.4500,2.4725,180.1696,357.4560,0.0000,0.0000,0.0000
31.055,529.2311,-0.3868,259.4193,0.2510,3.8000,-0.4500,2.4725,180.1696,357.4560,0.0000,0.0000,0.0000
31.165,528.9696,-0.4167,259.4611,0.2510,3.8000,-0.4500,2.4725,180.1696,357.4560,0.0000,0.0000,0.0000
31.277,528.7084,-0.4455,259.5280,0.2510,3.8000,-0.4500,2.4725,180.1696,357.4560,0.0000,0.0000,0.0000
31.390,528.4911,-0.4690,259.5959,0.2510,3.8000,-0.4500,2.4725,180.1696,357.4560,0.0000,0.0000,0.0000
31.499,528.2306,-0.4968,259.6871,0.2510,3.8000,-0.4500,2.4725,180.1696,357.4560,0.0000,0.0000,0.0000
31.611,528.0138,-0.5198,259.7688,0.2510,3.8000,-0.4500,2.4725,180.1696,357.4560,0.0000,0.0000,0.0000
31.722,527.7537,-0.5472,259.8715,0.2510,3.8000,-0.4500,2.4725,180.1696,357.4560,0.0000,0.0000,0.0000
31.832,527.5372,-0.5698,259.9581,0.2510,3.8000,-0.4500,2.4725,180.1696,357.4560,0.0000,0.0000,0.0000
31.958,527.2335,-0.6013,260.0718,0.2510,3.8000,-0.4500,2.4725,180.1696,357.4560,0.0000,0.0000,0.0000
32.069,527.0161,-0.6237,260.1471,0.2510,3.8000,-0.4500,2.4725,180.1696,357.4560,0.0000,0.0000,0.0000
32.181,526.7545,-0.6504,260.2299,0.2510,3.8000,-0.4500,2.4725,180.1696,357.4560,0.0000,0.0000,0.0000
32.290,526.5360,-0.6729,260.2702,0.2510,3.8000,-0.4500,2.4725,180.1696,357.4560,0.0000,0.0000,0.0000
32.401,526.2738,-0.7014,260.2614,0.2510,3.8000,-0.4500,2.4725,180.1696,357.4560,0.0000,0.0000,0.0000
32.513,526.0555,-0.7257,260.2242,0.2510,3.8000,-0.4500,2.4725,180.1696,357.4560,0.0000,0.0000,0.0000
32.624,525.7941,-0.7548,260.1564,0.2510,3.8000,-0.4500,2.4725,180.1696,357.4560,0.0000,0.0000,0.0000
32.734,525.5765,-0.7788,260.0868,0.2510,3.8000,-0.4500,2.4725,180.1696,357.4560,0.0000,0.0000,0.0000
32.846,525.3165,-0.8067,259.9930,0.2510,3.8000,-0.4500,2.4725,180.1696,357.4560,0.0000,0.0000,0.0000
32.958,525.0573,-0.8335,259.8924,0.2510,3.8000,-0.4500,2.4725,180.1696,357.4560,0.0000,0.0000,0.0000
33.068,524.8416,-0.8549,259.8053,0.2510,3.8000,-0.4500,2.4725,180.1696,357.4560,0.0000,0.0000,0.0000
33.180,524.5831,-0.8793,259.6987,0.2510,3.8000,-0.4500,2.4725,180.1696,357.4560,0.0000,0.0000,0.0000
33.291,524.3679,-0.8986,259.6088,0.2510,3.8000,-0.4500,2.4725,180.1696,357.4560,0.0000,0.0000,0.0000
33.402,524.1096,-0.9206,259.5002,0.2510,3.8000,-0.4500,2.4725,180.1696,357.4560,0.0000,0.0000,0.0000
33.513,523.8942,-0.9381,259.4095,0.2510,3.8000,-0.4500,2.4725,180.1696,357.4560,0.0000,0.0000,0.0000
33.624,523.6358,-0.9581,259.3011,0.2510,3.8000,-0.4500,2.4725,180.1696,357.4560,0.0000,0.0000,0.0000
33.735,523.4203,-0.9742,259.2111,0.2510,3.8000,-0.4500,2.4725,180.1696,357.4560,0.0000,0.0000,0.0000
33.846,523.1620,-0.9929,259.1035,0.2510,3.8000,-0.4500,2.4725,180.1696,357.4560,0.0000,0.0000,0.0000
33.958,522.9038,-1.0115,258.9975,0.2510,3.8000,-0.4500,2.4725,180.1696,357.4560,0.0000,0.0000,0.0000
34.068,522.6886,-1.0269,258.9108,0.2510,3.8000,-0.4500,2.4725,180.1696,357.4560,0.0000,0.0000,0.0000
34.180,522.4302,-1.0454,258.8089,0.2510,3.8000,-0.4500,2.4725,180.1696,357.4560,0.0000,0.0000,0.0000
34.291,522.2146,-1.0609,258.7257,0.2510,3.8000,-0.4500,2.4725,180.1696,357.4560,0.0000,0.0000,0.0000
34.402,521.9554,-1.0794,258.6283,0.2510,3.8000,-0.4500,2.4725,180.1696,357.4560,0.0000,0.0000,0.0000
34.514,521.7394,-1.0947,258.5486,0.2510,3.8000,-0.4500,2.4725,180.1696,357.4560,0.0000,0.0000,0.0000
34.624,521.4801,-1.1126,258.4542,0.2510,3.8000,-0.4500,2.4725,180.1696,357.4560,0.0000,0.0000,0.0000
34.735,521.2640,-1.1271,258.3760,0.2510,3.8000,-0.4500,2.4725,180.1696,357.4560,0.0000,0.0000,0.0000
34.845,521.0046,-1.1439,258.2822,0.2510,3.8000,-0.4500,2.4725,180.1696,357.4560,0.0000,0.0000,0.0000
34.957,520.7452,-1.1598,258.1884,0.2510,3.8000,-0.4500,2.4725,180.1696,357.4560,0.0000,0.0000,0.0000
35.082,520.4860,-1.1748,258.0953,0.2510,3.8000,-0.4500,2.4725,180.1696,357.4560,0.0000,0.0000,0.0000
35.193,520.2698,-1.1865,258.0184,0.2510,3.8000,-0.4500,2.4725,180.1696,357.4560,0.0000,0.0000,0.0000
35.303,520.0102,-1.1996,257.9269,0.2510,3.8000,-0.4500,2.4725,180.1696,357.4560,0.0000,0.0000,0.0000
35.432,519.7507,-1.2115,257.8358,0.2510,3.8000,-0.4500,2.4725,180.1696,357.4560,0.0000,0.0000,0.0000
35.540,519.4914,-1.2222,257.7450,0.2510,3.8000,-0.4500,2.4725,180.1696,357.4560,0.0000,0.0000,0.0000
35.651,519.2753,-1.2303,257.6696,0.2510,3.8000,-0.4500,2.4725,180.1696,357.4560,0.0000,0.0000,0.0000
35.775,519.0164,-1.2390,257.5792,0.2510,3.8000,-0.4500,2.4725,180.1696,357.4560,0.0000,0.0000,0.0000
35.901,518.7144,-1.2478,257.4738,0.2510,3.8000,-0.4500,2.4725,180.1696,357.4560,0.0000,0.0000,0.0000
36.012,518.4989,-1.2533,257.3984,0.2510,3.8000,-0.4500,2.4725,180.1696,357.4560,0.0000,0.0000,0.0000
36.123,518.2405,-1.2590,257.3075,0.2510,3.8000,-0.4500,2.4725,180.1696,357.4560,0.0000,0.0000,0.0000
36.234,518.0255,-1.2632,257.2315,0.2510,3.8000,-0.4500,2.4725,180.1696,357.4560,0.0000,0.0000,0.0000
36.346,517.7674,-1.2677,257.1399,0.2510,3.8000,-0.4500,2.4725,180.1696,357.4560,0.0000,0.0000,0.0000
36.458,517.5104,-1.2693,257.0482,0.2510,3.8000,-0.4500,2.4179,180.1720,357.6070,0.0000,0.0000,0.0000
36.567,517.2955,-1.2722,256.9720,0.2510,3.8000,-0.4500,2.4179,180.1720,357.6070,0.0000,0.0000,0.0000
36.678,517.0412,-1.2760,256.8423,0.2510,3.8000,-0.4500,2.4179,180.1720,357.6070,0.0000,0.0000,0.0000
36.789,516.8428,-1.2798,256.5747,0.2510,3.8000,-0.4500,2.3094,180.1763,357.8337,0.0000,0.0000,0.0000
36.901,516.6163,-1.2938,256.0597,0.2510,3.8000,-0.4500,2.3094,180.1763,357.8337,0.0000,0.0000,0.0000
37.028,516.3989,-1.3100,255.4229,0.2510,3.8000,-0.4500,2.2697,180.1778,357.9055,0.0000,0.0000,0.0000
37.137,516.2212,-1.3218,254.8630,0.2510,3.8000,-0.4500,2.1396,180.1823,358.1284,0.0000,0.0000,0.0000
37.247,516.0023,-1.3367,254.2634,0.2510,3.8000,-0.4500,2.1396,180.1823,358.1284,0.0000,0.0000,0.0000
37.360,515.7762,-1.3449,253.7948,0.2510,3.8000,-0.4500,2.0516,180.1850,358.2678,0.0000,0.0000,0.0000
37.469,515.5803,-1.3497,253.5007,0.2510,3.8000,-0.4500,2.0516,180.1850,358.2679,0.0000,0.0000,0.0000
37.581,515.3399,-1.3495,253.2405,0.2510,3.8000,-0.4500,1.9070,180.1892,358.4764,0.0000,0.0000,0.0000
37.693,515.1344,-1.3494,253.0791,0.2510,3.8000,-0.4500,1.9070,180.1892,358.4764,0.0000,0.0000,0.0000
37.803,514.8849,-1.3464,252.9343,0.2510,3.8000,-0.4500,1.8030,180.1918,358.6057,0.0000,0.0000,0.0000
37.930,514.6314,-1.3440,252.8312,0.2510,3.8000,-0.4500,1.8030,180.1918,358.6057,0.0000,0.0000,0.0000
38.040,514.3770,-1.3396,252.7605,0.2510,3.8000,-0.4500,1.6296,180.1957,358.7880,0.0000,0.0000,0.0000
38.152,514.1631,-1.3376,252.7359,0.2510,3.8000,-0.4500,1.6296,180.1957,358.7880,0.0000,0.0000,0.0000
38.262,513.9076,-1.3349,252.7457,0.2510,3.8000,-0.4500,1.5000,180.1984,358.8914,0.0000,0.0000,0.0000
38.373,513.6953,-1.3338,252.7791,0.2510,3.8000,-0.4500,1.4360,180.1996,358.9409,0.0000,0.0000,0.0000
38.484,513.4415,-1.3345,252.8413,0.2510,3.8000,-0.4500,1.4360,180.1996,358.9409,0.0000,0.0000,0.0000
38.595,513.2316,-1.3365,252.9091,0.2510,3.8000,-0.4500,1.2151,180.2034,359.0568,0.0000,0.0000,0.0000
38.706,512.9790,-1.3417,253.0016,0.2510,3.8000,-0.4500,1.2151,180.2034,359.0567,0.0000,0.0000,0.0000
38.818,512.7278,-1.3506,253.1053,0.2510,3.8000,-0.4500,0.9743,180.2072,359.1341,0.0000,0.0000,0.0000
38.929,512.5184,-1.3602,253.1954,0.2510,3.8000,-0.4500,0.9743,180.2072,359.1341,0.0000,0.0000,0.0000
39.040,512.2679,-1.3763,253.3092,0.2510,3.8000,-0.4500,0.7320,180.2108,359.1777,0.0000,0.0000,0.0000
39.152,512.0593,-1.3929,253.4063,0.2510,3.8000,-0.4500,0.5690,180.2131,359.1923,0.0000,0.0000,0.0000
39.275,511.8067,-1.4166,253.4936,0.2510,3.8000,-0.4500,0.4068,180.2154,359.1982,0.0000,0.0000,0.0000
39.387,511.5541,-1.4432,253.4971,0.2510,3.8000,-0.4500,0.3250,180.2165,359.1989,0.0000,0.0000,0.0000
39.498,511.3041,-1.4748,253.4228,0.2510,3.8000,-0.4500,359.9868,180.2213,359.1878,0.0000,0.0000,0.0000
39.608,511.0983,-1.5018,253.3129,0.2510,3.8000,-0.4500,359.8257,180.2236,359.1802,0.0000,0.0000,0.0000
39.719,510.8536,-1.5358,253.1430,0.2510,3.8000,-0.4500,359.6595,180.2260,359.1730,0.0000,0.0000,0.0000
39.831,510.6509,-1.5650,252.9804,0.2510,3.8000,-0.4500,359.5773,180.2272,359.1697,0.0000,0.0000,0.0000
39.942,510.4088,-1.6023,252.7708,0.2510,3.8000,-0.4500,359.4168,180.2295,359.1647,0.0000,0.0000,0.0000
40.053,510.2073,-1.6350,252.5914,0.2510,3.8000,-0.4500,359.2536,180.2319,359.1619,0.0000,0.0000,0.0000
40.164,509.9656,-1.6770,252.3765,0.2510,3.8000,-0.4500,358.9194,180.2368,359.1621,0.0000,0.0000,0.0000
40.275,509.7640,-1.7112,252.1972,0.2510,3.8000,-0.4500,358.9194,180.2368,359.1621,0.0000,0.0000,0.0000
40.401,509.4776,-1.7638,251.9977,0.2510,3.8000,-0.4500,358.7571,180.2392,359.1664,0.0000,0.0000,0.0000
40.511,509.2685,-1.8053,251.9144,0.2510,3.8000,-0.4500,358.5912,180.2416,359.1724,0.0000,0.0000,0.0000
40.625,509.0148,-1.8586,251.8778,0.2510,3.8000,-0.4500,358.5091,180.2428,359.1755,0.0000,0.0000,0.0000
40.734,508.8029,-1.9064,251.8885,0.2510,3.8000,-0.4500,358.4238,180.2440,359.1791,0.0000,0.0000,0.0000
40.844,508.5496,-1.9676,251.9390,0.2510,3.8000,-0.4500,358.2548,180.2464,359.1863,0.0000,0.0000,0.0000
40.956,508.3391,-2.0197,252.0026,0.2510,3.8000,-0.4500,358.2548,180.2464,359.1863,0.0000,0.0000,0.0000
41.068,508.0874,-2.0847,252.0976,0.2510,3.8000,-0.4500,358.1717,180.2476,359.1918,0.0000,0.0000,0.0000
41.180,507.8362,-2.1502,252.2047,0.2510,3.8000,-0.4500,358.1717,180.2476,359.1918,0.0000,0.0000,0.0000
41.291,507.6275,-2.2053,252.3006,0.2510,3.8000,-0.4500,358.0886,180.2487,359.2014,0.0000,0.0000,0.0000
41.401,507.3773,-2.2704,252.4193,0.2510,3.8000,-0.4500,358.0886,180.2487,359.2014,0.0000,0.0000,0.0000
41.515,507.1689,-2.3236,252.5197,0.2510,3.8000,-0.4500,358.0886,180.2487,359.2014,0.0000,0.0000,0.0000
41.622,506.9190,-2.3854,252.6403,0.2510,3.8000,-0.4500,358.0886,180.2487,359.2014,0.0000,0.0000,0.0000
41.734,506.7107,-2.4349,252.7402,0.2510,3.8000,-0.4500,358.0886,180.2487,359.2014,0.0000,0.0000,0.0000
41.859,506.4179,-2.4995,252.8608,0.2510,3.8000,-0.4500,358.0886,180.2487,359.2014,0.0000,0.0000,0.0000
41.984,506.1645,-2.5495,252.9360,0.2510,3.8000,-0.4500,358.0886,180.2487,359.2014,0.0000,0.0000,0.0000
42.094,505.9520,-2.5870,252.9827,0.2510,3.8000,-0.4500,358.0886,180.2487,359.2014,0.0000,0.0000,0.0000
42.206,505.6964,-2.6268,253.0174,0.2510,3.8000,-0.4500,358.0886,180.2487,359.2014,0.0000,0.0000,0.0000
42.318,505.4413,-2.6580,253.0294,0.2510,3.8000,-0.4500,358.0536,180.2492,359.3622,0.0000,0.0000,0.0000
42.430,505.2282,-2.6801,253.0304,0.2510,3.8000,-0.4500,358.0554,180.2491,359.4425,0.0000,0.0000,0.0000
42.541,504.9727,-2.7014,253.0244,0.2510,3.8000,-0.4500,358.0600,180.2491,359.5229,0.0000,0.0000,0.0000
42.652,504.7619,-2.7092,253.0121,0.2510,3.8000,-0.4500,358.1687,180.2485,359.8423,0.0000,0.0000,0.0000
42.761,504.5073,-2.7206,252.9905,0.2510,3.8000,-0.4500,358.1687,180.2485,359.8423,0.0000,0.0000,0.0000
42.873,504.2980,-2.7172,252.9670,0.2510,3.8000,-0.4500,358.4072,180.2486,0.1915,0.0000,0.0000,0.0000
42.984,504.0444,-2.7172,252.9408,0.2510,3.8000,-0.4500,358.4072,180.2486,0.1915,0.0000,0.0000,0.0000
43.095,503.8351,-2.7046,252.9188,0.2510,3.8000,-0.4500,358.7163,180.2505,0.4903,0.0000,0.0000,0.0000
43.206,503.5826,-2.6902,252.8949,0.2510,3.8000,-0.4500,358.8474,180.2517,0.5932,0.0000,0.0000,0.0000
43.317,503.3312,-2.6669,252.8700,0.2510,3.8000,-0.4500,359.1172,180.2550,0.7846,0.0000,0.0000,0.0000
43.428,503.1217,-2.6447,252.8486,0.2510,3.8000,-0.4500,359.2572,180.2570,0.8708,0.0000,0.0000,0.0000
43.541,502.8707,-2.6132,252.8209,0.2510,3.8000,-0.4500,359.3975,180.2592,0.9540,0.0000,0.0000,0.0000
43.651,502.6624,-2.5808,252.7954,0.2510,3.8000,-0.4500,359.6184,180.2631,1.0693,0.0000,0.0000,0.0000
43.761,502.4129,-2.5377,252.7630,0.2510,3.8000,-0.4500,359.8433,180.2675,1.1742,0.0000,0.0000,0.0000
43.872,502.2055,-2.4973,252.7337,0.2510,3.8000,-0.4500,0.0756,180.2725,1.2728,0.0000,0.0000,0.0000
43.998,501.9154,-2.4362,252.6899,0.2510,3.8000,-0.4500,0.3103,180.2779,1.3589,0.0000,0.0000,0.0000
44.108,501.7088,-2.3875,252.6559,0.2510,3.8000,-0.4500,0.5557,180.2839,1.4399,0.0000,0.0000,0.0000
44.234,501.4614,-2.3261,252.6132,0.2510,3.8000,-0.4500,0.7135,180.2879,1.4911,0.0000,0.0000,0.0000
44.344,501.2147,-2.2582,252.5850,0.2510,3.8000,-0.4500,0.9515,180.2943,1.5698,0.0000,0.0000,0.0000
44.455,501.0098,-2.1958,252.5837,0.2510,3.8000,-0.4500,1.1963,180.3012,1.6579,0.0000,0.0000,0.0000
44.567,500.7646,-2.1169,252.5986,0.2510,3.8000,-0.4500,1.3529,180.3058,1.7163,0.0000,0.0000,0.0000
44.677,500.5207,-2.0292,252.6225,0.2510,3.8000,-0.4500,1.6559,180.3152,1.8454,0.0000,0.0000,0.0000
44.788,500.3176,-1.9541,252.6483,0.2510,3.8000,-0.4500,1.7306,180.3176,1.8788,0.0000,0.0000,0.0000
44.914,500.0757,-1.8550,252.6812,0.2510,3.8000,-0.4500,2.0331,180.3280,2.0280,0.0000,0.0000,0.0000
45.025,499.8342,-1.7539,252.7186,0.2510,3.8000,-0.4500,2.1081,180.3306,2.0687,0.0000,0.0000,0.0000
45.138,499.5941,-1.6450,252.7571,0.2510,3.8000,-0.4500,2.3319,180.3390,2.1922,0.0000,0.0000,0.0000
45.247,499.3947,-1.5511,252.7915,0.2510,3.8000,-0.4500,2.4753,180.3446,2.2774,0.0000,0.0000,0.0000
45.357,499.1559,-1.4362,252.8359,0.2510,3.8000,-0.4500,2.5462,180.3474,2.3198,0.0000,0.0000,0.0000
45.469,498.9581,-1.3359,252.8744,0.2510,3.8000,-0.4500,2.6859,180.3532,2.4080,0.0000,0.0000,0.0000
45.579,498.7214,-1.2139,252.9271,0.2510,3.8000,-0.4500,2.7556,180.3562,2.4525,0.0000,0.0000,0.0000
45.691,498.5256,-1.1081,252.9766,0.2510,3.8000,-0.4500,2.8946,180.3622,2.5445,0.0000,0.0000,0.0000
45.802,498.2915,-0.9806,253.0435,0.2510,3.8000,-0.4500,2.9621,180.3653,2.5894,0.0000,0.0000,0.0000
45.913,498.0969,-0.8739,253.1055,0.2510,3.8000,-0.4500,2.9621,180.3653,2.5894,0.0000,0.0000,0.0000
46.027,497.8642,-0.7444,253.1861,0.2510,3.8000,-0.4500,2.9621,180.3653,2.5894,0.0000,0.0000,0.0000
46.149,497.6321,-0.6142,253.2717,0.2510,3.8000,-0.4500,2.9621,180.3653,2.5894,0.0000,0.0000,0.0000
46.260,497.4004,-0.4842,253.3606,0.2510,3.8000,-0.4500,2.9621,180.3653,2.5894,0.0000,0.0000,0.0000
46.385,497.1687,-0.3552,253.4515,0.2510,3.8000,-0.4500,2.9621,180.3653,2.5894,0.0000,0.0000,0.0000
46.496,496.9756,-0.2490,253.5282,0.2510,3.8000,-0.4500,2.9621,180.3653,2.5894,0.0000,0.0000,0.0000
46.609,496.7438,-0.1239,253.6210,0.2510,3.8000,-0.4500,2.9621,180.3653,2.5894,0.0000,0.0000,0.0000
46.719,496.5115,-0.0020,253.7146,0.2510,3.8000,-0.4500,2.9621,180.3653,2.5894,0.0000,0.0000,0.0000
46.843,496.2788,0.1160,253.8087,0.2510,3.8000,-0.4500,2.9621,180.3653,2.5894,0.0000,0.0000,0.0000
46.954,496.0844,0.2109,253.8876,0.2510,3.8000,-0.4500,2.9621,180.3653,2.5894,0.0000,0.0000,0.0000
47.065,495.8506,0.3201,253.9831,0.2510,3.8000,-0.4500,2.9621,180.3653,2.5894,0.0000,0.0000,0.0000
47.176,495.6553,0.4068,254.0636,0.2510,3.8000,-0.4500,2.9621,180.3653,2.5894,0.0000,0.0000,0.0000
47.287,495.4201,0.5051,254.1622,0.2510,3.8000,-0.4500,2.9621,180.3653,2.5894,0.0000,0.0000,0.0000
47.399,495.1841,0.5967,254.2626,0.2510,3.8000,-0.4500,2.9621,180.3653,2.5894,0.0000,0.0000,0.0000
47.510,494.9859,0.6660,254.3433,0.2510,3.8000,-0.4500,2.9150,180.3632,2.5212,0.0000,0.0000,0.0000
47.621,494.7449,0.7389,254.4290,0.2510,3.8000,-0.4500,2.7654,180.3568,2.3123,0.0000,0.0000,0.0000
47.732,494.5411,0.7910,254.4906,0.2510,3.8000,-0.4500,2.5524,180.3487,2.0435,0.0000,0.0000,0.0000
47.856,494.2950,0.8472,254.5536,0.2510,3.8000,-0.4500,2.3402,180.3416,1.7921,0.0000,0.0000,0.0000
47.969,494.0472,0.8963,254.6072,0.2510,3.8000,-0.4500,2.1690,180.3366,1.5984,0.0000,0.0000,0.0000
48.080,493.7970,0.9354,254.6541,0.2510,3.8000,-0.4500,1.9461,180.3308,1.3491,0.0000,0.0000,0.0000
48.191,493.5876,0.9634,254.6877,0.2510,3.8000,-0.4500,1.8351,180.3283,1.2256,0.0000,0.0000,0.0000
48.301,493.3337,0.9850,254.7250,0.2510,3.8000,-0.4500,1.5515,180.3230,0.9097,0.0000,0.0000,0.0000
48.412,493.1223,1.0014,254.7520,0.2510,3.8000,-0.4500,1.4931,180.3221,0.8438,0.0000,0.0000,0.0000
48.523,492.8654,1.0055,254.7846,0.2510,3.8000,-0.4500,1.1447,180.3182,0.4471,0.0000,0.0000,0.0000
48.634,492.6520,1.0077,254.8132,0.2510,3.8000,-0.4500,1.0384,180.3175,0.3231,0.0000,0.0000,0.0000
48.746,492.3956,1.0018,254.8567,0.2510,3.8000,-0.4500,0.8748,180.3169,0.1290,0.0000,0.0000,0.0000
48.870,492.1393,0.9878,254.9106,0.2510,3.8000,-0.4500,0.7119,180.3168,359.9325,0.0000,0.0000,0.0000
48.981,491.8823,0.9629,254.9761,0.2510,3.8000,-0.4500,0.4467,180.3179,359.5988,0.0000,0.0000,0.0000
49.091,491.6697,0.9414,255.0381,0.2510,3.8000,-0.4500,0.3962,180.3182,359.5323,0.0000,0.0000,0.0000
49.217,491.3712,0.8986,255.1371,0.2510,3.8000,-0.4500,0.1960,180.3203,359.2610,0.0000,0.0000,0.0000
49.328,491.1581,0.8622,255.2139,0.2510,3.8000,-0.4500,0.0534,180.3224,359.0592,0.0000,0.0000,0.0000
49.441,490.9028,0.8148,255.3106,0.2510,3.8000,-0.4500,359.9582,180.3241,358.9159,0.0000,0.0000,0.0000
49.551,490.6895,0.7682,255.3949,0.2510,3.8000,-0.4500,359.8186,180.3270,358.7045,0.0000,0.0000,0.0000
49.662,490.4339,0.7090,255.4987,0.2510,3.8000,-0.4500,359.7262,180.3292,358.5662,0.0000,0.0000,0.0000
49.786,490.1783,0.6436,255.6053,0.2510,3.8000,-0.4500,359.6322,180.3317,358.4271,0.0000,0.0000,0.0000
49.913,489.9217,0.5690,255.7151,0.2510,3.8000,-0.4500,359.4354,180.3376,358.1520,0.0000,0.0000,0.0000
50.037,489.6663,0.4934,255.8264,0.2510,3.8000,-0.4500,359.3837,180.3393,358.0858,0.0000,0.0000,0.0000
50.148,489.4102,0.4093,255.9411,0.2510,3.8000,-0.4500,359.2271,180.3448,357.8896,0.0000,0.0000,0.0000
50.259,489.1546,0.3218,256.0583,0.2510,3.8000,-0.4500,359.1147,180.3490,357.7652,0.0000,0.0000,0.0000
50.371,488.9422,0.2464,256.1574,0.2510,3.8000,-0.4500,359.0584,180.3513,357.7041,0.0000,0.0000,0.0000
50.484,488.6873,0.1525,256.2783,0.2510,3.8000,-0.4500,359.0012,180.3536,357.6474,0.0000,0.0000,0.0000
50.591,488.4742,0.0682,256.3813,0.2510,3.8000,-0.4500,358.8107,180.3617,357.4781,0.0000,0.0000,0.0000
50.703,488.2198,-0.0304,256.5052,0.2510,3.8000,-0.4500,358.8107,180.3617,357.4781,0.0000,0.0000,0.0000
50.814,488.0078,-0.1160,256.6103,0.2510,3.8000,-0.4500,358.7406,180.3648,357.4301,0.0000,0.0000,0.0000
50.925,487.7533,-0.2213,256.7379,0.2510,3.8000,-0.4500,358.6011,180.3712,357.3380,0.0000,0.0000,0.0000
51.037,487.4995,-0.3249,256.8662,0.2510,3.8000,-0.4500,358.6011,180.3712,357.3380,0.0000,0.0000,0.0000
51.148,487.2882,-0.4115,256.9739,0.2510,3.8000,-0.4500,358.6011,180.3712,357.3380,0.0000,0.0000,0.0000
51.261,487.0347,-0.5152,257.1041,0.2510,3.8000,-0.4500,358.6012,180.3712,357.3380,0.0000,0.0000,0.0000
51.370,486.8234,-0.6026,257.2141,0.2510,3.8000,-0.4500,358.4423,180.3786,357.3036,0.0000,0.0000,0.0000
51.481,486.5702,-0.7036,257.3455,0.2510,3.8000,-0.4500,358.4423,180.3786,357.3036,0.0000,0.0000,0.0000
51.592,486.3593,-0.7858,257.4558,0.2510,3.8000,-0.4500,358.4423,180.3786,357.3036,0.0000,0.0000,0.0000
51.705,486.1067,-0.8815,257.5886,0.2510,3.8000,-0.4500,358.4423,180.3786,357.3036,0.0000,0.0000,0.0000
51.814,485.8964,-0.9583,257.6996,0.2510,3.8000,-0.4500,358.4423,180.3786,357.3036,0.0000,0.0000,0.0000
51.926,485.6447,-1.0459,257.8329,0.2510,3.8000,-0.4500,358.3759,180.3817,357.3473,0.0000,0.0000,0.0000
52.037,485.4357,-1.1137,257.9436,0.2510,3.8000,-0.4500,358.2694,180.3865,357.4767,0.0000,0.0000,0.0000
52.162,485.1425,-1.2029,258.0961,0.2510,3.8000,-0.4500,358.2289,180.3883,357.5464,0.0000,0.0000,0.0000
52.273,484.9339,-1.2596,258.2038,0.2510,3.8000,-0.4500,358.1761,180.3905,357.7053,0.0000,0.0000,0.0000
52.384,484.6841,-1.3203,258.3309,0.2510,3.8000,-0.4500,358.1254,180.3924,357.9547,0.0000,0.0000,0.0000
52.496,484.4757,-1.3656,258.4345,0.2510,3.8000,-0.4500,358.1328,180.3922,358.1287,0.0000,0.0000,0.0000
52.607,484.2264,-1.4108,258.5562,0.2510,3.8000,-0.4500,358.1690,180.3911,358.4636,0.0000,0.0000,0.0000
52.717,483.9767,-1.4498,258.6743,0.2510,3.8000,-0.4500,358.2397,180.3894,358.7021,0.0000,0.0000,0.0000
52.828,483.7685,-1.4774,258.7704,0.2510,3.8000,-0.4500,358.2944,180.3882,358.8553,0.0000,0.0000,0.0000
52.940,483.5197,-1.5008,258.8828,0.2510,3.8000,-0.4500,358.4305,180.3858,359.1545,0.0000,0.0000,0.0000
53.052,483.3117,-1.5183,258.9750,0.2510,3.8000,-0.4500,358.4727,180.3853,359.2292,0.0000,0.0000,0.0000
53.176,483.0638,-1.5278,259.0831,0.2510,3.8000,-0.4500,358.6491,180.3833,359.5251,0.0000,0.0000,0.0000
53.300,482.7744,-1.5329,259.2075,0.2510,3.8000,-0.4500,358.7926,180.3824,359.7290,0.0000,0.0000,0.0000
53.412,482.5685,-1.5295,259.2955,0.2510,3.8000,-0.4500,358.9540,180.3819,359.9293,0.0000,0.0000,0.0000
53.522,482.3214,-1.5222,259.4013,0.2510,3.8000,-0.4500,359.0602,180.3819,0.0551,0.0000,0.0000,0.0000
53.635,482.1159,-1.5111,259.4895,0.2510,3.8000,-0.4500,359.1739,180.3821,0.1708,0.0000,0.0000,0.0000
53.745,481.8698,-1.4933,259.5962,0.2510,3.8000,-0.4500,359.2928,180.3826,0.2823,0.0000,0.0000,0.0000
53.855,481.6657,-1.4726,259.6854,0.2510,3.8000,-0.4500,359.4939,180.3839,0.4415,0.0000,0.0000,0.0000
53.969,481.4210,-1.4446,259.7935,0.2510,3.8000,-0.4500,359.7017,180.3857,0.5785,0.0000,0.0000,0.0000
54.078,481.1757,-1.4163,259.9033,0.2510,3.8000,-0.4500,359.7017,180.3857,0.5785,0.0000,0.0000,0.0000
54.189,480.9724,-1.3859,259.9934,0.2510,3.8000,-0.4500,359.9276,180.3882,0.6906,0.0000,0.0000,0.0000
54.314,480.7280,-1.3486,260.1022,0.2510,3.8000,-0.4500,0.0787,180.3901,0.7490,0.0000,0.0000,0.0000
54.425,480.4838,-1.3083,260.2107,0.2510,3.8000,-0.4500,0.2370,180.3923,0.7927,0.0000,0.0000,0.0000
54.537,480.2396,-1.2654,260.3186,0.2510,3.8000,-0.4500,0.3971,180.3945,0.8300,0.0000,0.0000,0.0000
54.648,480.0361,-1.2278,260.4078,0.2510,3.8000,-0.4500,0.5645,180.3970,0.8468,0.0000,0.0000,0.0000
54.758,479.7913,-1.1819,260.5150,0.2510,3.8000,-0.4500,0.6476,180.3982,0.8535,0.0000,0.0000,0.0000
54.883,479.5465,-1.1334,260.6208,0.2510,3.8000,-0.4500,0.8992,180.4019,0.8463,0.0000,0.0000,0.0000
54.998,479.3014,-1.0842,260.7262,0.2510,3.8000,-0.4500,1.1408,180.4055,0.8128,0.0000,0.0000,0.0000
55.119,479.0561,-1.0355,260.8328,0.2510,3.8000,-0.4500,1.1408,180.4055,0.8128,0.0000,0.0000,0.0000
55.231,478.8511,-0.9938,260.9199,0.2510,3.8000,-0.4500,1.3808,180.4087,0.7459,0.0000,0.0000,0.0000
55.342,478.6054,-0.9445,261.0261,0.2510,3.8000,-0.4500,1.3808,180.4087,0.7459,0.0000,0.0000,0.0000
55.453,478.3997,-0.9035,261.1128,0.2510,3.8000,-0.4500,1.6145,180.4116,0.6469,0.0000,0.0000,0.0000
55.564,478.1526,-0.8552,261.2173,0.2510,3.8000,-0.4500,1.7603,180.4131,0.5652,0.0000,0.0000,0.0000
55.677,477.9053,-0.8077,261.3216,0.2510,3.8000,-0.4500,1.8314,180.4138,0.5236,0.0000,0.0000,0.0000
55.786,477.6984,-0.7697,261.4077,0.2510,3.8000,-0.4500,1.9634,180.4149,0.4250,0.0000,0.0000,0.0000
55.911,477.4495,-0.7256,261.5102,0.2510,3.8000,-0.4500,2.0914,180.4157,0.3219,0.0000,0.0000,0.0000
56.022,477.1999,-0.6837,261.6120,0.2510,3.8000,-0.4500,2.2042,180.4162,0.2086,0.0000,0.0000,0.0000
56.147,476.9500,-0.6438,261.7135,0.2510,3.8000,-0.4500,2.2578,180.4164,0.1418,0.0000,0.0000,0.0000
56.259,476.6985,-0.6080,261.8138,0.2510,3.8000,-0.4500,2.4118,180.4165,359.9406,0.0000,0.0000,0.0000
56.370,476.4895,-0.5783,261.8979,0.2510,3.8000,-0.4500,2.4118,180.4165,359.9406,0.0000,0.0000,0.0000
56.480,476.2365,-0.5485,261.9976,0.2510,3.8000,-0.4500,2.5334,180.4162,359.7169,0.0000,0.0000,0.0000
56.592,476.0262,-0.5236,262.0808,0.2510,3.8000,-0.4500,2.5334,180.4162,359.7169,0.0000,0.0000,0.0000
56.702,475.7721,-0.5004,262.1797,0.2510,3.8000,-0.4500,2.6277,180.4155,359.4797,0.0000,0.0000,0.0000
56.813,475.5606,-0.4821,262.2623,0.2510,3.8000,-0.4500,2.6509,180.4153,359.4001,0.0000,0.0000,0.0000
56.938,475.2624,-0.4631,262.3723,0.2510,3.8000,-0.4500,2.7108,180.4145,359.1571,0.0000,0.0000,0.0000
57.049,475.0491,-0.4503,262.4417,0.2510,3.8000,-0.4500,2.7108,180.4145,359.1571,0.0000,0.0000,0.0000
57.161,474.7902,-0.4432,262.5150,0.2510,3.8000,-0.4500,2.7396,180.4140,358.9065,0.0000,0.0000,0.0000
57.271,474.5746,-0.4371,262.5692,0.2510,3.8000,-0.4500,2.7396,180.4140,358.9065,0.0000,0.0000,0.0000
57.382,474.3133,-0.4380,262.6268,0.2510,3.8000,-0.4500,2.7438,180.4140,358.6515,0.0000,0.0000,0.0000
57.494,474.0961,-0.4382,262.6700,0.2510,3.8000,-0.4500,2.7438,180.4140,358.6515,0.0000,0.0000,0.0000
57.606,473.8332,-0.4464,262.7192,0.2510,3.8000,-0.4500,2.7237,180.4145,358.3996,0.0000,0.0000,0.0000
57.716,473.6145,-0.4537,262.7581,0.2510,3.8000,-0.4500,2.7113,180.4148,358.3200,0.0000,0.0000,0.0000
57.841,473.3072,-0.4698,262.7802,0.2510,3.8000,-0.4500,2.6781,180.4159,358.1555,0.0000,0.0000,0.0000
57.954,473.0881,-0.4829,262.7645,0.2510,3.8000,-0.4500,2.6781,180.4159,358.1555,0.0000,0.0000,0.0000
58.077,472.7809,-0.5071,262.7184,0.2510,3.8000,-0.4500,2.6574,180.4165,358.0759,0.0000,0.0000,0.0000
58.188,472.5609,-0.5289,262.6766,0.2510,3.8000,-0.4500,2.6096,180.4182,357.9172,0.0000,0.0000,0.0000
58.299,472.2978,-0.5534,262.6198,0.2510,3.8000,-0.4500,2.6096,180.4182,357.9172,0.0000,0.0000,0.0000
58.412,472.0780,-0.5767,262.5806,0.2510,3.8000,-0.4500,2.5805,180.4193,357.8417,0.0000,0.0000,0.0000
58.521,471.8150,-0.6025,262.5754,0.2510,3.8000,-0.4500,2.5805,180.4193,357.8417,0.0000,0.0000,0.0000
58.632,471.5953,-0.6256,262.5931,0.2510,3.8000,-0.4500,2.5476,180.4205,357.7688,0.0000,0.0000,0.0000
58.757,471.2886,-0.6557,262.6371,0.2510,3.8000,-0.4500,2.5476,180.4205,357.7688,0.0000,0.0000,0.0000
58.869,471.0698,-0.6771,262.6796,0.2510,3.8000,-0.4500,2.5476,180.4205,357.7688,0.0000,0.0000,0.0000
58.980,470.8080,-0.7023,262.7434,0.2510,3.8000,-0.4500,2.5476,180.4205,357.7688,0.0000,0.0000,0.0000
59.093,470.5906,-0.7228,262.8058,0.2510,3.8000,-0.4500,2.5476,180.4205,357.7688,0.0000,0.0000,0.0000
59.203,470.3305,-0.7463,262.8898,0.2510,3.8000,-0.4500,2.5476,180.4205,357.7688,0.0000,0.0000,0.0000
59.313,470.1143,-0.7649,262.9664,0.2510,3.8000,-0.4500,2.5476,180.4205,357.7688,0.0000,0.0000,0.0000
59.424,469.8556,-0.7857,263.0643,0.2510,3.8000,-0.4500,2.5476,180.4205,357.7688,0.0000,0.0000,0.0000
59.536,469.6404,-0.8014,263.1493,0.2510,3.8000,-0.4500,2.5476,180.4205,357.7688,0.0000,0.0000,0.0000
59.647,469.3825,-0.8181,263.2538,0.2510,3.8000,-0.4500,2.5476,180.4205,357.7688,0.0000,0.0000,0.0000
59.759,469.1251,-0.8322,263.3598,0.2510,3.8000,-0.4500,2.5476,180.4205,357.7688,0.0000,0.0000,0.0000
59.871,468.9108,-0.8416,263.4487,0.2510,3.8000,-0.4500,2.5476,180.4205,357.7688,0.0000,0.0000,0.0000
59.981,468.6540,-0.8498,263.5553,0.2510,3.8000,-0.4500,2.5476,180.4205,357.7688,0.0000,0.0000,0.0000
60.092,468.4404,-0.8539,263.6439,0.2510,3.8000,-0.4500,2.5476,180.4205,357.7688,0.0000,0.0000,0.0000
60.203,468.1844,-0.8551,263.7497,0.2510,3.8000,-0.4500,2.5476,180.4205,357.7688,0.0000,0.0000,0.0000
60.313,467.9715,-0.8530,263.8374,0.2510,3.8000,-0.4500,2.5476,180.4205,357.7688,0.0000,0.0000,0.0000
60.424,467.7163,-0.8464,263.9423,0.2510,3.8000,-0.4500,2.5476,180.4205,357.7688,0.0000,0.0000,0.0000
60.536,467.5057,-0.8332,264.0298,0.2510,3.8000,-0.4500,2.3911,180.4263,358.0680,0.0000,0.0000,0.0000
60.647,467.2509,-0.8180,264.1288,0.2510,3.8000,-0.4500,2.3911,180.4263,358.0680,0.0000,0.0000,0.0000
60.757,466.9972,-0.7943,264.2170,0.2510,3.8000,-0.4500,2.3356,180.4280,358.3171,0.0000,0.0000,0.0000
60.869,466.7852,-0.7715,264.2816,0.2510,3.8000,-0.4500,2.3183,180.4285,358.4799,0.0000,0.0000,0.0000
60.981,466.5297,-0.7417,264.3466,0.2510,3.8000,-0.4500,2.3126,180.4286,358.5626,0.0000,0.0000,0.0000
61.091,466.3184,-0.7071,264.3811,0.2510,3.8000,-0.4500,2.3265,180.4284,358.9879,0.0000,0.0000,0.0000
61.202,466.0612,-0.6713,264.3867,0.2510,3.8000,-0.4500,2.3265,180.4284,358.9879,0.0000,0.0000,0.0000
61.314,465.8494,-0.6323,264.3709,0.2510,3.8000,-0.4500,2.3727,180.4277,359.3211,0.0000,0.0000,0.0000
61.424,465.5938,-0.5876,264.3362,0.2510,3.8000,-0.4500,2.3870,180.4275,359.4015,0.0000,0.0000,0.0000
61.537,465.3407,-0.5355,264.2880,0.2510,3.8000,-0.4500,2.4335,180.4271,359.6468,0.0000,0.0000,0.0000
61.647,465.1305,-0.4898,264.2410,0.2510,3.8000,-0.4500,2.4649,180.4270,359.8059,0.0000,0.0000,0.0000
61.757,464.8787,-0.4315,264.1800,0.2510,3.8000,-0.4500,2.4983,180.4269,359.9695,0.0000,0.0000,0.0000
61.869,464.6692,-0.3808,264.1270,0.2510,3.8000,-0.4500,2.5146,180.4269,0.0501,0.0000,0.0000,0.0000
61.981,464.4197,-0.3133,264.0620,0.2510,3.8000,-0.4500,2.5630,180.4271,0.3022,0.0000,0.0000,0.0000
62.091,464.2111,-0.2581,264.0086,0.2510,3.8000,-0.4500,2.5630,180.4271,0.3022,0.0000,0.0000,0.0000
62.202,463.9634,-0.1824,263.9465,0.2510,3.8000,-0.4500,2.6176,180.4275,0.6332,0.0000,0.0000,0.0000
62.313,463.7556,-0.1219,263.8973,0.2510,3.8000,-0.4500,2.6176,180.4275,0.6332,0.0000,0.0000,0.0000
62.423,463.5080,-0.0419,263.8455,0.2510,3.8000,-0.4500,2.6435,180.4279,0.8809,0.0000,0.0000,0.0000
62.554,463.2593,0.0372,263.8247,0.2510,3.8000,-0.4500,2.6435,180.4279,0.8809,0.0000,0.0000,0.0000
62.662,463.0134,0.1227,263.8344,0.2510,3.8000,-0.4500,2.6481,180.4279,1.0484,0.0000,0.0000,0.0000
62.771,462.8094,0.1950,263.8621,0.2510,3.8000,-0.4500,2.6458,180.4279,1.1292,0.0000,0.0000,0.0000
62.882,462.5667,0.2832,263.9149,0.2510,3.8000,-0.4500,2.6420,180.4278,1.2087,0.0000,0.0000,0.0000
62.993,462.3656,0.3577,263.9716,0.2510,3.8000,-0.4500,2.6286,180.4275,1.2892,0.0000,0.0000,0.0000
63.104,462.1250,0.4459,264.0504,0.2510,3.8000,-0.4500,2.6286,180.4275,1.2892,0.0000,0.0000,0.0000
63.216,461.9256,0.5204,264.1223,0.2510,3.8000,-0.4500,2.6070,180.4270,1.3689,0.0000,0.0000,0.0000
63.329,461.6869,0.6083,264.2136,0.2510,3.8000,-0.4500,2.5763,180.4263,1.4453,0.0000,0.0000,0.0000
63.438,461.4490,0.6950,264.3089,0.2510,3.8000,-0.4500,2.4895,180.4240,1.5860,0.0000,0.0000,0.0000
63.549,461.2502,0.7639,264.3901,0.2510,3.8000,-0.4500,2.4895,180.4240,1.5860,0.0000,0.0000,0.0000
63.660,461.0113,0.8355,264.4897,0.2510,3.8000,-0.4500,2.4895,180.4240,1.5860,0.0000,0.0000,0.0000
63.771,460.8100,0.8634,264.5753,0.2510,3.8000,-0.4500,2.4213,180.4221,1.5274,0.0000,0.0000,0.0000
63.883,460.5599,0.8784,264.6808,0.2510,3.8000,-0.4500,2.0489,180.4143,0.7163,0.0000,0.0000,0.0000
63.993,460.3454,0.8665,264.7672,0.2510,3.8000,-0.4500,1.8366,180.4134,359.6991,0.0000,0.0000,0.0000
64.104,460.0874,0.8388,264.8691,0.2510,3.8000,-0.4500,1.6909,180.4153,358.8106,0.0000,0.0000,0.0000
64.216,459.8754,0.8278,264.9533,0.2510,3.8000,-0.4500,1.6747,180.4156,358.7173,0.0000,0.0000,0.0000
64.327,459.6211,0.8181,265.0551,0.2510,3.8000,-0.4500,1.6747,180.4156,358.7173,0.0000,0.0000,0.0000
64.438,459.3665,0.8112,265.1577,0.2510,3.8000,-0.4500,1.6747,180.4156,358.7173,0.0000,0.0000,0.0000
64.548,459.1545,0.8080,265.2432,0.2510,3.8000,-0.4500,1.6747,180.4156,358.7173,0.0000,0.0000,0.0000
64.660,458.9003,0.8075,265.3462,0.2510,3.8000,-0.4500,1.6747,180.4156,358.7173,0.0000,0.0000,0.0000
64.771,458.6888,0.8099,265.4321,0.2510,3.8000,-0.4500,1.6747,180.4156,358.7173,0.0000,0.0000,0.0000
64.882,458.4352,0.8161,265.5353,0.2510,3.8000,-0.4500,1.6747,180.4156,358.7173,0.0000,0.0000,0.0000
64.995,458.2244,0.8238,265.6212,0.2510,3.8000,-0.4500,1.6747,180.4156,358.7173,0.0000,0.0000,0.0000
65.106,457.9720,0.8360,265.7235,0.2510,3.8000,-0.4500,1.6747,180.4156,358.7173,0.0000,0.0000,0.0000
65.216,457.7617,0.8487,265.8081,0.2510,3.8000,-0.4500,1.6747,180.4156,358.7173,0.0000,0.0000,0.0000
65.326,457.5108,0.8691,265.9063,0.2510,3.8000,-0.4500,1.6234,180.4167,358.8752,0.0000,0.0000,0.0000
65.438,457.2603,0.8949,265.9914,0.2510,3.8000,-0.4500,1.5345,180.4182,359.2036,0.0000,0.0000,0.0000
65.548,457.0492,0.9143,266.0502,0.2510,3.8000,-0.4500,1.5345,180.4182,359.2036,0.0000,0.0000,0.0000
65.659,456.7964,0.9424,266.1084,0.2510,3.8000,-0.4500,1.4994,180.4186,359.3624,0.0000,0.0000,0.0000
65.771,456.5847,0.9669,266.1461,0.2510,3.8000,-0.4500,1.4832,180.4188,359.4417,0.0000,0.0000,0.0000
65.895,456.3313,1.0008,266.1801,0.2510,3.8000,-0.4500,1.4361,180.4192,359.6829,0.0000,0.0000,0.0000
66.023,456.0339,1.0398,266.2066,0.2510,3.8000,-0.4500,1.4212,180.4193,359.7622,0.0000,0.0000,0.0000
66.133,455.8213,1.0696,266.2180,0.2510,3.8000,-0.4500,1.4061,180.4193,359.8420,0.0000,0.0000,0.0000
66.243,455.5660,1.1067,266.2231,0.2510,3.8000,-0.4500,1.3913,180.4193,359.9189,0.0000,0.0000,0.0000
66.354,455.3544,1.1414,266.2221,0.2510,3.8000,-0.4500,1.3405,180.4193,0.1606,0.0000,0.0000,0.0000
66.478,455.0564,1.1861,266.2162,0.2510,3.8000,-0.4500,1.3405,180.4193,0.1606,0.0000,0.0000,0.0000
66.592,454.8438,1.2188,266.2125,0.2510,3.8000,-0.4500,1.3405,180.4193,0.1606,0.0000,0.0000,0.0000
66.702,454.5899,1.2610,266.2103,0.2510,3.8000,-0.4500,1.2956,180.4191,0.3190,0.0000,0.0000,0.0000
66.812,454.3778,1.2944,266.2106,0.2510,3.8000,-0.4500,1.2956,180.4191,0.3190,0.0000,0.0000,0.0000
66.924,454.1236,1.3344,266.2129,0.2510,3.8000,-0.4500,1.2956,180.4191,0.3190,0.0000,0.0000,0.0000
67.034,453.9131,1.3696,266.2166,0.2510,3.8000,-0.4500,1.2327,180.4187,0.4693,0.0000,0.0000,0.0000
67.160,453.6175,1.4150,266.2255,0.2510,3.8000,-0.4500,1.2327,180.4187,0.4693,0.0000,0.0000,0.0000
67.270,453.4068,1.4464,266.2359,0.2510,3.8000,-0.4500,1.2327,180.4187,0.4693,0.0000,0.0000,0.0000
67.395,453.1542,1.4828,266.2527,0.2510,3.8000,-0.4500,1.2327,180.4187,0.4693,0.0000,0.0000,0.0000
67.507,452.9019,1.5173,266.2733,0.2510,3.8000,-0.4500,1.2327,180.4187,0.4693,0.0000,0.0000,0.0000
67.618,452.6508,1.5507,266.2989,0.2510,3.8000,-0.4500,1.1167,180.4176,0.5863,0.0000,0.0000,0.0000
67.730,452.4411,1.5756,266.3237,0.2510,3.8000,-0.4500,1.1167,180.4176,0.5863,0.0000,0.0000,0.0000
67.841,452.1897,1.6028,266.3579,0.2510,3.8000,-0.4500,1.1167,180.4176,0.5863,0.0000,0.0000,0.0000
67.965,451.9386,1.6267,266.3971,0.2510,3.8000,-0.4500,1.0414,180.4168,0.6183,0.0000,0.0000,0.0000
68.076,451.7295,1.6438,266.4337,0.2510,3.8000,-0.4500,0.9640,180.4160,0.6416,0.0000,0.0000,0.0000
68.187,451.4786,1.6600,266.4827,0.2510,3.8000,-0.4500,0.7975,180.4140,0.6591,0.0000,0.0000,0.0000
68.311,451.2275,1.6731,266.5345,0.2510,3.8000,-0.4500,0.7975,180.4140,0.6591,0.0000,0.0000,0.0000
68.423,450.9763,1.6796,266.5918,0.2510,3.8000,-0.4500,0.5528,180.4113,0.6370,0.0000,0.0000,0.0000
68.537,450.7246,1.6819,266.6514,0.2510,3.8000,-0.4500,0.3971,180.4096,0.5946,0.0000,0.0000,0.0000
68.646,450.5149,1.6818,266.7013,0.2510,3.8000,-0.4500,0.3971,180.4096,0.5946,0.0000,0.0000,0.0000
68.757,450.2617,1.6739,266.7595,0.2510,3.8000,-0.4500,0.1688,180.4074,0.4990,0.0000,0.0000,0.0000
68.867,450.0500,1.6641,266.8030,0.2510,3.8000,-0.4500,0.0265,180.4063,0.4231,0.0000,0.0000,0.0000
68.992,449.7951,1.6482,266.8500,0.2510,3.8000,-0.4500,359.8859,180.4053,0.3334,0.0000,0.0000,0.0000
69.104,449.5394,1.6275,266.8937,0.2510,3.8000,-0.4500,359.7505,180.4047,0.2436,0.0000,0.0000,0.0000
69.214,449.3265,1.6072,266.9349,0.2510,3.8000,-0.4500,359.6845,180.4044,0.1918,0.0000,0.0000,0.0000
69.326,449.0714,1.5770,266.9961,0.2510,3.8000,-0.4500,359.5526,180.4041,0.0863,0.0000,0.0000,0.0000
69.436,448.8587,1.5460,267.0564,0.2510,3.8000,-0.4500,359.3641,180.4041,359.9230,0.0000,0.0000,0.0000
69.536,448.6475,1.5160,267.1220,0.2510,3.8000,-0.4500,359.3641,180.4041,359.9230,0.0000,0.0000,0.0000
69.659,448.3508,1.4637,267.2238,0.2510,3.8000,-0.4500,359.1762,180.4046,359.7478,0.0000,0.0000,0.0000
69.772,448.1386,1.4213,267.3011,0.2510,3.8000,-0.4500,358.9979,180.4057,359.5756,0.0000,0.0000,0.0000
69.894,447.8868,1.3714,267.4113,0.2510,3.8000,-0.4500,358.9979,180.4057,359.5756,0.0000,0.0000,0.0000
70.020,447.5966,1.3035,267.5945,0.2510,3.8000,-0.4500,358.8799,180.4067,359.4589,0.0000,0.0000,0.0000
70.130,447.3912,1.2484,267.7594,0.2510,3.8000,-0.4500,358.7030,180.4086,359.2835,0.0000,0.0000,0.0000
70.244,447.1470,1.1834,267.9694,0.2510,3.8000,-0.4500,358.7030,180.4086,359.2835,0.0000,0.0000,0.0000
70.354,446.9419,1.1253,268.1317,0.2510,3.8000,-0.4500,358.6434,180.4094,359.2251,0.0000,0.0000,0.0000
70.464,446.6935,1.0522,268.3043,0.2510,3.8000,-0.4500,358.5241,180.4111,359.1091,0.0000,0.0000,0.0000
70.575,446.4854,0.9923,268.4303,0.2510,3.8000,-0.4500,358.5241,180.4111,359.1091,0.0000,0.0000,0.0000
70.686,446.2335,0.9159,268.5658,0.2510,3.8000,-0.4500,358.4018,180.4131,358.9952,0.0000,0.0000,0.0000
70.797,446.0233,0.8536,268.6684,0.2510,3.8000,-0.4500,358.4018,180.4131,358.9952,0.0000,0.0000,0.0000
70.908,445.7694,0.7750,268.7826,0.2510,3.8000,-0.4500,358.2771,180.4155,358.8890,0.0000,0.0000,0.0000
71.020,445.5144,0.6987,268.8760,0.2510,3.8000,-0.4500,358.2771,180.4155,358.8890,0.0000,0.0000,0.0000
71.131,445.3003,0.6352,268.9374,0.2510,3.8000,-0.4500,358.2771,180.4154,358.8890,0.0000,0.0000,0.0000
71.242,445.0420,0.5592,268.9950,0.2510,3.8000,-0.4500,358.2771,180.4154,358.8890,0.0000,0.0000,0.0000
71.353,444.8259,0.4954,269.0188,0.2510,3.8000,-0.4500,358.2106,180.4168,358.8469,0.0000,0.0000,0.0000
71.463,444.5666,0.4218,269.0206,0.2510,3.8000,-0.4500,358.2106,180.4168,358.8469,0.0000,0.0000,0.0000
71.589,444.3076,0.3497,269.0034,0.2510,3.8000,-0.4500,358.2106,180.4168,358.8469,0.0000,0.0000,0.0000
71.700,444.0491,0.2790,268.9745,0.2510,3.8000,-0.4500,358.2106,180.4168,358.8469,0.0000,0.0000,0.0000
71.812,443.8340,0.2213,268.9449,0.2510,3.8000,-0.4500,358.2106,180.4168,358.8469,0.0000,0.0000,0.0000
71.923,443.5762,0.1534,268.9054,0.2510,3.8000,-0.4500,358.2106,180.4168,358.8469,0.0000,0.0000,0.0000
72.033,443.3615,0.0982,268.8709,0.2510,3.8000,-0.4500,358.2106,180.4168,358.8469,0.0000,0.0000,0.0000
72.145,443.1040,0.0334,268.8289,0.2510,3.8000,-0.4500,358.2106,180.4168,358.8469,0.0000,0.0000,0.0000
72.270,442.8468,-0.0295,268.7872,0.2510,3.8000,-0.4500,358.2106,180.4168,358.8469,0.0000,0.0000,0.0000
72.380,442.5899,-0.0909,268.7468,0.2510,3.8000,-0.4500,358.1329,180.4183,358.8630,0.0000,0.0000,0.0000
72.492,442.3759,-0.1402,268.7141,0.2510,3.8000,-0.4500,358.1329,180.4183,358.8630,0.0000,0.0000,0.0000
72.616,442.1196,-0.1974,268.6773,0.2510,3.8000,-0.4500,357.9888,180.4211,358.9329,0.0000,0.0000,0.0000
72.728,441.8630,-0.2529,268.6417,0.2510,3.8000,-0.4500,357.9888,180.4211,358.9329,0.0000,0.0000,0.0000
72.839,441.6069,-0.3061,268.6088,0.2510,3.8000,-0.4500,357.9252,180.4222,358.9874,0.0000,0.0000,0.0000
72.949,441.3936,-0.3493,268.5833,0.2510,3.8000,-0.4500,357.8622,180.4233,359.0426,0.0000,0.0000,0.0000
73.061,441.1376,-0.3999,268.5548,0.2510,3.8000,-0.4500,357.8050,180.4243,359.1010,0.0000,0.0000,0.0000
73.172,440.9248,-0.4406,268.5335,0.2510,3.8000,-0.4500,357.6929,180.4259,359.2241,0.0000,0.0000,0.0000
73.283,440.6689,-0.4896,268.5102,0.2510,3.8000,-0.4500,357.6389,180.4266,359.2841,0.0000,0.0000,0.0000
73.394,440.4553,-0.5308,268.4926,0.2510,3.8000,-0.4500,357.6389,180.4266,359.2841,0.0000,0.0000,0.0000
73.507,440.1994,-0.5796,268.4735,0.2510,3.8000,-0.4500,357.5833,180.4273,359.3458,0.0000,0.0000,0.0000
73.617,439.9859,-0.6211,268.4584,0.2510,3.8000,-0.4500,357.5833,180.4273,359.3458,0.0000,0.0000,0.0000
73.728,439.7309,-0.6699,268.4425,0.2510,3.8000,-0.4500,357.4073,180.4290,359.5201,0.0000,0.0000,0.0000
73.838,439.4745,-0.7211,268.4270,0.2510,3.8000,-0.4500,357.4073,180.4290,359.5201,0.0000,0.0000,0.0000
73.950,439.2607,-0.7646,268.4152,0.2510,3.8000,-0.4500,357.4073,180.4290,359.5201,0.0000,0.0000,0.0000
74.061,439.0042,-0.8175,268.4020,0.2510,3.8000,-0.4500,357.4073,180.4290,359.5201,0.0000,0.0000,0.0000
74.171,438.7904,-0.8622,268.3915,0.2510,3.8000,-0.4500,357.4073,180.4290,359.5201,0.0000,0.0000,0.0000
74.283,438.5346,-0.9156,268.3801,0.2510,3.8000,-0.4500,357.2716,180.4300,359.6147,0.0000,0.0000,0.0000
74.394,438.3210,-0.9608,268.3702,0.2510,3.8000,-0.4500,357.2716,180.4300,359.6147,0.0000,0.0000,0.0000
74.505,438.0646,-1.0151,268.3589,0.2510,3.8000,-0.4500,357.2716,180.4300,359.6147,0.0000,0.0000,0.0000
74.616,437.8513,-1.0599,268.3502,0.2510,3.8000,-0.4500,357.2035,180.4305,359.6623,0.0000,0.0000,0.0000
74.727,437.5950,-1.1136,268.3395,0.2510,3.8000,-0.4500,357.2035,180.4305,359.6623,0.0000,0.0000,0.0000
74.838,437.3396,-1.1659,268.3296,0.2510,3.8000,-0.4500,357.0706,180.4311,359.7651,0.0000,0.0000,0.0000
74.951,437.1262,-1.2093,268.3211,0.2510,3.8000,-0.4500,357.0706,180.4311,359.7651,0.0000,0.0000,0.0000
75.060,436.8702,-1.2605,268.3117,0.2510,3.8000,-0.4500,357.0706,180.4311,359.7651,0.0000,0.0000,0.0000
75.172,436.6578,-1.3011,268.3052,0.2510,3.8000,-0.4500,356.9560,180.4315,359.8815,0.0000,0.0000,0.0000
75.282,436.4017,-1.3497,268.2973,0.2510,3.8000,-0.4500,356.9560,180.4315,359.8815,0.0000,0.0000,0.0000
75.394,436.1886,-1.3889,268.2915,0.2510,3.8000,-0.4500,356.9560,180.4315,359.8815,0.0000,0.0000,0.0000
75.504,435.9335,-1.4336,268.2857,0.2510,3.8000,-0.4500,356.9103,180.4315,359.9462,0.0000,0.0000,0.0000
75.630,435.6782,-1.4770,268.2802,0.2510,3.8000,-0.4500,356.9103,180.4315,359.9462,0.0000,0.0000,0.0000
75.741,435.4241,-1.5162,268.2754,0.2510,3.8000,-0.4500,356.8354,180.4315,0.0918,0.0000,0.0000,0.0000
75.852,435.2119,-1.5488,268.2709,0.2510,3.8000,-0.4500,356.8354,180.4315,0.0918,0.0000,0.0000,0.0000
75.964,434.9574,-1.5857,268.2653,0.2510,3.8000,-0.4500,356.8353,180.4315,0.0918,0.0000,0.0000,0.0000
76.074,434.7466,-1.6121,268.2606,0.2510,3.8000,-0.4500,356.7902,180.4314,0.2528,0.0000,0.0000,0.0000
76.185,434.4927,-1.6443,268.2537,0.2510,3.8000,-0.4500,356.7902,180.4314,0.2528,0.0000,0.0000,0.0000
76.297,434.2404,-1.6714,268.2466,0.2510,3.8000,-0.4500,356.7699,180.4313,0.4186,0.0000,0.0000,0.0000
76.408,434.0294,-1.6942,268.2392,0.2510,3.8000,-0.4500,356.7699,180.4313,0.4186,0.0000,0.0000,0.0000
76.519,433.7779,-1.7164,268.2288,0.2510,3.8000,-0.4500,356.7689,180.4313,0.5819,0.0000,0.0000,0.0000
76.631,433.5677,-1.7352,268.2185,0.2510,3.8000,-0.4500,356.7689,180.4313,0.5820,0.0000,0.0000,0.0000
76.741,433.3165,-1.7542,268.2047,0.2510,3.8000,-0.4500,356.7769,180.4314,0.6630,0.0000,0.0000,0.0000
76.851,433.1075,-1.7679,268.1920,0.2510,3.8000,-0.4500,356.7887,180.4315,0.7439,0.0000,0.0000,0.0000
76.965,432.8570,-1.7825,268.1754,0.2510,3.8000,-0.4500,356.8023,180.4317,0.8227,0.0000,0.0000,0.0000
77.075,432.6481,-1.7943,268.1602,0.2510,3.8000,-0.4500,356.8023,180.4317,0.8226,0.0000,0.0000,0.0000
77.185,432.3982,-1.8051,268.1414,0.2510,3.8000,-0.4500,356.8208,180.4320,0.9015,0.0000,0.0000,0.0000
77.297,432.1487,-1.8140,268.1218,0.2510,3.8000,-0.4500,356.8427,180.4323,0.9805,0.0000,0.0000,0.0000
77.408,431.9410,-1.8199,268.1048,0.2510,3.8000,-0.4500,356.8664,180.4327,1.0574,0.0000,0.0000,0.0000
77.518,431.6915,-1.8272,268.0833,0.2510,3.8000,-0.4500,356.8664,180.4327,1.0574,0.0000,0.0000,0.0000
77.630,431.4843,-1.8307,268.0648,0.2510,3.8000,-0.4500,356.8937,180.4333,1.1343,0.0000,0.0000,0.0000
77.742,431.2359,-1.8340,268.0418,0.2510,3.8000,-0.4500,356.9224,180.4339,1.2089,0.0000,0.0000,0.0000
77.866,430.9873,-1.8377,268.0177,0.2510,3.8000,-0.4500,356.9224,180.4339,1.2089,0.0000,0.0000,0.0000
77.978,430.7389,-1.8403,267.9925,0.2510,3.8000,-0.4500,356.9224,180.4339,1.2089,0.0000,0.0000,0.0000
78.088,430.5330,-1.8388,267.9705,0.2510,3.8000,-0.4500,356.9862,180.4353,1.3565,0.0000,0.0000,0.0000
78.214,430.2850,-1.8399,267.9428,0.2510,3.8000,-0.4500,356.9862,180.4353,1.3565,0.0000,0.0000,0.0000
78.325,430.0373,-1.8403,267.9133,0.2510,3.8000,-0.4500,356.9862,180.4353,1.3565,0.0000,0.0000,0.0000
78.435,429.8310,-1.8403,267.8878,0.2510,3.8000,-0.4500,356.9862,180.4353,1.3565,0.0000,0.0000,0.0000
78.547,429.5834,-1.8399,267.8564,0.2510,3.8000,-0.4500,356.9862,180.4353,1.3565,0.0000,0.0000,0.0000
78.658,429.3359,-1.8392,267.8244,0.2510,3.8000,-0.4500,356.9862,180.4353,1.3565,0.0000,0.0000,0.0000
78.768,429.1298,-1.8385,267.7975,0.2510,3.8000,-0.4500,356.9862,180.4353,1.3565,0.0000,0.0000,0.0000
78.894,428.8825,-1.8374,267.7648,0.2510,3.8000,-0.4500,356.9862,180.4353,1.3565,0.0000,0.0000,0.0000
79.019,428.5941,-1.8359,267.7262,0.2510,3.8000,-0.4500,356.9862,180.4353,1.3565,0.0000,0.0000,0.0000
79.131,428.3881,-1.8348,267.6984,0.2510,3.8000,-0.4500,356.9862,180.4353,1.3565,0.0000,0.0000,0.0000
79.241,428.1409,-1.8334,267.6648,0.2510,3.8000,-0.4500,356.9862,180.4353,1.3565,0.0000,0.0000,0.0000
79.353,427.9349,-1.8321,267.6366,0.2510,3.8000,-0.4500,356.9862,180.4353,1.3565,0.0000,0.0000,0.0000
79.463,427.6877,-1.8304,267.6026,0.2510,3.8000,-0.4500,356.9862,180.4353,1.3565,0.0000,0.0000,0.0000
79.575,427.4817,-1.8289,267.5742,0.2510,3.8000,-0.4500,356.9862,180.4353,1.3565,0.0000,0.0000,0.0000
79.685,427.2344,-1.8268,267.5404,0.2510,3.8000,-0.4500,356.9862,180.4353,1.3565,0.0000,0.0000,0.0000
79.810,426.9870,-1.8244,267.5066,0.2510,3.8000,-0.4500,356.9862,180.4353,1.3564,0.0000,0.0000,0.0000
79.924,426.7397,-1.8215,267.4730,0.2510,3.8000,-0.4500,356.9862,180.4353,1.3564,0.0000,0.0000,0.0000
80.046,426.4927,-1.8165,267.4392,0.2510,3.8000,-0.4500,357.0405,180.4366,1.4186,0.0000,0.0000,0.0000
80.157,426.2455,-1.8124,267.4055,0.2510,3.8000,-0.4500,357.0405,180.4366,1.4186,0.0000,0.0000,0.0000
80.268,426.0395,-1.8082,267.3770,0.2510,3.8000,-0.4500,357.0405,180.4366,1.4186,0.0000,0.0000,0.0000
80.380,425.7929,-1.8009,267.3421,0.2510,3.8000,-0.4500,357.0988,180.4381,1.4753,0.0000,0.0000,0.0000
80.505,425.5461,-1.7938,267.3067,0.2510,3.8000,-0.4500,357.0988,180.4381,1.4753,0.0000,0.0000,0.0000
80.617,425.2999,-1.7825,267.2697,0.2510,3.8000,-0.4500,357.2280,180.4415,1.5795,0.0000,0.0000,0.0000
80.729,425.0941,-1.7742,267.2384,0.2510,3.8000,-0.4500,357.2280,180.4415,1.5796,0.0000,0.0000,0.0000
80.838,424.8479,-1.7614,267.1999,0.2510,3.8000,-0.4500,357.2950,180.4434,1.6244,0.0000,0.0000,0.0000
80.949,424.6428,-1.7491,267.1670,0.2510,3.8000,-0.4500,357.3688,180.4455,1.6674,0.0000,0.0000,0.0000
81.061,424.3972,-1.7314,267.1259,0.2510,3.8000,-0.4500,357.5150,180.4499,1.7508,0.0000,0.0000,0.0000
81.172,424.1922,-1.7171,267.0907,0.2510,3.8000,-0.4500,357.5150,180.4499,1.7508,0.0000,0.0000,0.0000
81.282,423.9471,-1.6954,267.0461,0.2510,3.8000,-0.4500,357.6660,180.4546,1.8203,0.0000,0.0000,0.0000
81.394,423.7429,-1.6762,267.0076,0.2510,3.8000,-0.4500,357.7424,180.4571,1.8540,0.0000,0.0000,0.0000
81.505,423.4984,-1.6498,266.9595,0.2510,3.8000,-0.4500,357.9038,180.4624,1.9165,0.0000,0.0000,0.0000
81.616,423.2950,-1.6254,266.9175,0.2510,3.8000,-0.4500,358.0599,180.4677,1.9754,0.0000,0.0000,0.0000
81.726,423.0505,-1.5962,266.8666,0.2510,3.8000,-0.4500,358.0599,180.4677,1.9754,0.0000,0.0000,0.0000
81.838,422.8072,-1.5597,266.8121,0.2510,3.8000,-0.4500,358.3806,180.4790,2.0780,0.0000,0.0000,0.0000
81.950,422.6039,-1.5305,266.7671,0.2510,3.8000,-0.4500,358.3806,180.4790,2.0780,0.0000,0.0000,0.0000
82.074,422.3607,-1.4907,266.7104,0.2510,3.8000,-0.4500,358.5386,180.4848,2.1223,0.0000,0.0000,0.0000
82.185,422.1180,-1.4476,266.6520,0.2510,3.8000,-0.4500,358.7006,180.4909,2.1659,0.0000,0.0000,0.0000
82.297,421.9162,-1.4091,266.6015,0.2510,3.8000,-0.4500,358.8582,180.4969,2.2060,0.0000,0.0000,0.0000
82.407,421.6742,-1.3603,266.5391,0.2510,3.8000,-0.4500,359.0176,180.5031,2.2439,0.0000,0.0000,0.0000
82.519,421.4325,-1.3084,266.4748,0.2510,3.8000,-0.4500,359.1783,180.5095,2.2804,0.0000,0.0000,0.0000
82.630,421.2314,-1.2624,266.4200,0.2510,3.8000,-0.4500,359.3377,180.5159,2.3148,0.0000,0.0000,0.0000
82.740,420.9901,-1.2057,266.3535,0.2510,3.8000,-0.4500,359.4190,180.5192,2.3314,0.0000,0.0000,0.0000
82.865,420.7493,-1.1450,266.2852,0.2510,3.8000,-0.4500,359.5842,180.5259,2.3640,0.0000,0.0000,0.0000
82.977,420.5090,-1.0795,266.2149,0.2510,3.8000,-0.4500,359.9145,180.5397,2.4242,0.0000,0.0000,0.0000
83.090,420.3085,-1.0257,266.1572,0.2510,3.8000,-0.4500,359.9145,180.5397,2.4242,0.0000,0.0000,0.0000
83.198,420.0685,-0.9559,266.0858,0.2510,3.8000,-0.4500,0.1688,180.5506,2.4647,0.0000,0.0000,0.0000
83.309,419.8684,-0.8970,266.0262,0.2510,3.8000,-0.4500,0.2503,180.5541,2.4774,0.0000,0.0000,0.0000
83.422,419.6286,-0.8240,265.9567,0.2510,3.8000,-0.4500,0.3306,180.5576,2.4887,0.0000,0.0000,0.0000
83.532,419.4291,-0.7589,265.9329,0.2510,3.8000,-0.4500,0.5747,180.5683,2.5220,0.0000,0.0000,0.0000
83.643,419.1898,-0.6793,265.9464,0.2510,3.8000,-0.4500,0.6554,180.5718,2.5322,0.0000,0.0000,0.0000
83.754,418.9912,-0.6097,265.9813,0.2510,3.8000,-0.4500,0.7377,180.5755,2.5429,0.0000,0.0000,0.0000
83.879,418.7146,-0.5063,266.0555,0.2510,3.8000,-0.4500,0.9860,180.5866,2.5778,0.0000,0.0000,0.0000
83.990,418.5182,-0.4300,266.1229,0.2510,3.8000,-0.4500,1.0667,180.5902,2.5933,0.0000,0.0000,0.0000
84.101,418.2838,-0.3330,266.2137,0.2510,3.8000,-0.4500,1.3058,180.6012,2.6442,0.0000,0.0000,0.0000
84.213,418.0888,-0.2513,266.2971,0.2510,3.8000,-0.4500,1.3058,180.6012,2.6442,0.0000,0.0000,0.0000
84.324,417.8565,-0.1465,266.4009,0.2510,3.8000,-0.4500,1.5437,180.6123,2.7234,0.0000,0.0000,0.0000
84.435,417.6630,-0.0589,266.4916,0.2510,3.8000,-0.4500,1.5437,180.6123,2.7234,0.0000,0.0000,0.0000
84.546,417.4316,0.0507,266.6024,0.2510,3.8000,-0.4500,1.6214,180.6161,2.7587,0.0000,0.0000,0.0000
84.659,417.2015,0.1647,266.7142,0.2510,3.8000,-0.4500,1.7747,180.6235,2.8305,0.0000,0.0000,0.0000
84.769,417.0098,0.2600,266.8087,0.2510,3.8000,-0.4500,1.7747,180.6236,2.8305,0.0000,0.0000,0.0000
84.879,416.7811,0.3807,266.9207,0.2510,3.8000,-0.4500,1.9886,180.6344,2.9634,0.0000,0.0000,0.0000
84.990,416.5901,0.4798,267.0152,0.2510,3.8000,-0.4500,1.9886,180.6344,2.9634,0.0000,0.0000,0.0000
85.102,416.3611,0.6003,267.1258,0.2510,3.8000,-0.4500,1.9886,180.6344,2.9634,0.0000,0.0000,0.0000
85.212,416.1703,0.7018,267.2138,0.2510,3.8000,-0.4500,1.9886,180.6344,2.9634,0.0000,0.0000,0.0000
85.326,415.9410,0.8243,267.3145,0.2510,3.8000,-0.4500,1.9886,180.6344,2.9634,0.0000,0.0000,0.0000
85.435,415.7502,0.9281,267.3933,0.2510,3.8000,-0.4500,2.0488,180.6375,3.0215,0.0000,0.0000,0.0000
85.547,415.5203,1.0509,267.4818,0.2510,3.8000,-0.4500,2.0488,180.6375,3.0215,0.0000,0.0000,0.0000
85.657,415.2899,1.1729,267.5645,0.2510,3.8000,-0.4500,2.0488,180.6375,3.0215,0.0000,0.0000,0.0000
85.768,415.0977,1.2736,267.6305,0.2510,3.8000,-0.4500,2.0488,180.6375,3.0215,0.0000,0.0000,0.0000
85.879,414.8669,1.3931,267.7076,0.2510,3.8000,-0.4500,2.0488,180.6375,3.0215,0.0000,0.0000,0.0000
86.004,414.6357,1.5104,267.7837,0.2510,3.8000,-0.4500,2.0488,180.6375,3.0215,0.0000,0.0000,0.0000
86.115,414.4429,1.6061,267.8467,0.2510,3.8000,-0.4500,2.0488,180.6375,3.0215,0.0000,0.0000,0.0000
86.228,414.2113,1.7181,267.9227,0.2510,3.8000,-0.4500,2.0488,180.6375,3.0215,0.0000,0.0000,0.0000
86.337,413.9794,1.8264,268.0001,0.2510,3.8000,-0.4500,2.0488,180.6375,3.0215,0.0000,0.0000,0.0000
86.449,413.7858,1.9133,268.0655,0.2510,3.8000,-0.4500,2.0488,180.6375,3.0215,0.0000,0.0000,0.0000
86.562,413.5531,2.0132,268.1454,0.2510,3.8000,-0.4500,2.0488,180.6375,3.0215,0.0000,0.0000,0.0000
86.672,413.3587,2.0924,268.2133,0.2510,3.8000,-0.4500,2.0488,180.6375,3.0215,0.0000,0.0000,0.0000
86.796,413.1249,2.1820,268.2963,0.2510,3.8000,-0.4500,2.0488,180.6375,3.0215,0.0000,0.0000,0.0000
86.906,412.8903,2.2642,268.3817,0.2510,3.8000,-0.4500,1.9658,180.6331,3.0101,0.0000,0.0000,0.0000
87.018,412.6546,2.3375,268.4700,0.2510,3.8000,-0.4500,1.7142,180.6200,2.9637,0.0000,0.0000,0.0000
87.129,412.4566,2.3906,268.5455,0.2510,3.8000,-0.4500,1.3912,180.6036,2.8455,0.0000,0.0000,0.0000
87.241,412.2183,2.4489,268.6355,0.2510,3.8000,-0.4500,1.1677,180.5927,2.7376,0.0000,0.0000,0.0000
87.352,412.0185,2.4901,268.7107,0.2510,3.8000,-0.4500,0.9500,180.5825,2.6110,0.0000,0.0000,0.0000
87.462,411.7774,2.5322,268.8000,0.2510,3.8000,-0.4500,0.7392,180.5731,2.4764,0.0000,0.0000,0.0000
87.574,411.5745,2.5567,268.8747,0.2510,3.8000,-0.4500,0.3989,180.5592,2.2282,0.0000,0.0000,0.0000
87.685,411.3307,2.5813,268.9609,0.2510,3.8000,-0.4500,0.1942,180.5515,2.0655,0.0000,0.0000,0.0000
87.796,411.1252,2.5910,269.0317,0.2510,3.8000,-0.4500,359.8686,180.5405,1.7977,0.0000,0.0000,0.0000
87.921,410.8372,2.5986,269.1252,0.2510,3.8000,-0.4500,359.6688,180.5345,1.6237,0.0000,0.0000,0.0000
88.046,410.5876,2.5907,269.2028,0.2510,3.8000,-0.4500,359.3445,180.5262,1.3361,0.0000,0.0000,0.0000
88.158,410.3452,2.5769,269.1342,0.2510,3.8000,-0.4500,359.1007,180.5209,1.1133,0.0000,0.0000,0.0000
88.268,410.1553,2.5633,268.8571,0.2510,3.8000,-0.4500,358.8647,180.5168,0.8842,0.0000,0.0000,0.0000
88.379,409.9386,2.5510,268.3351,0.2510,3.8000,-0.4500,358.7551,180.5152,0.7635,0.0000,0.0000,0.0000
88.490,409.7621,2.5392,267.8163,0.2510,3.8000,-0.4500,358.6473,180.5139,0.6383,0.0000,0.0000,0.0000
88.602,409.5480,2.5187,267.2102,0.2510,3.8000,-0.4500,358.4547,180.5122,0.3758,0.0000,0.0000,0.0000
88.712,409.3638,2.4985,266.8004,0.2510,3.8000,-0.4500,358.4074,180.5119,0.3037,0.0000,0.0000,0.0000
88.823,409.1306,2.4594,266.4520,0.2510,3.8000,-0.4500,358.2191,180.5114,0.0140,0.0000,0.0000,0.0000
88.936,408.9277,2.4182,266.2675,0.2510,3.8000,-0.4500,358.0798,180.5116,359.8068,0.0000,0.0000,0.0000
89.045,408.6765,2.3582,266.1417,0.2510,3.8000,-0.4500,357.9232,180.5124,359.5908,0.0000,0.0000,0.0000
89.171,408.4208,2.2871,266.0894,0.2510,3.8000,-0.4500,357.7686,180.5138,359.3861,0.0000,0.0000,0.0000
89.295,408.1634,2.2057,266.0857,0.2510,3.8000,-0.4500,357.6125,180.5157,359.1978,0.0000,0.0000,0.0000
89.405,407.9050,2.1131,266.1131,0.2510,3.8000,-0.4500,357.3868,180.5194,358.9478,0.0000,0.0000,0.0000
89.516,407.6899,2.0302,266.1512,0.2510,3.8000,-0.4500,357.2110,180.5229,358.7682,0.0000,0.0000,0.0000
89.627,407.4325,1.9261,266.2091,0.2510,3.8000,-0.4500,357.0906,180.5256,358.6506,0.0000,0.0000,0.0000
89.738,407.1747,1.8122,266.2775,0.2510,3.8000,-0.4500,356.8453,180.5319,358.4234,0.0000,0.0000,0.0000
89.865,406.9180,1.6969,266.3521,0.2510,3.8000,-0.4500,356.7813,180.5337,358.3683,0.0000,0.0000,0.0000
89.989,406.6614,1.5732,266.4347,0.2510,3.8000,-0.4500,356.5893,180.5395,358.2058,0.0000,0.0000,0.0000
90.113,406.4060,1.4478,266.5259,0.2510,3.8000,-0.4500,356.5231,180.5416,358.1552,0.0000,0.0000,0.0000
90.223,406.1513,1.3183,266.6248,0.2510,3.8000,-0.4500,356.4562,180.5437,358.1044,0.0000,0.0000,0.0000
90.335,405.9392,1.2064,266.7121,0.2510,3.8000,-0.4500,356.3134,180.5486,358.0072,0.0000,0.0000,0.0000
90.446,405.6854,1.0719,266.8200,0.2510,3.8000,-0.4500,356.2435,180.5511,357.9607,0.0000,0.0000,0.0000
90.558,405.4320,0.9375,266.9306,0.2510,3.8000,-0.4500,356.2435,180.5511,357.9607,0.0000,0.0000,0.0000
90.669,405.2210,0.8249,267.0240,0.2510,3.8000,-0.4500,356.2435,180.5511,357.9607,0.0000,0.0000,0.0000
90.783,404.9679,0.6902,267.1370,0.2510,3.8000,-0.4500,356.2435,180.5511,357.9607,0.0000,0.0000,0.0000
90.891,404.7568,0.5778,267.2320,0.2510,3.8000,-0.4500,356.1689,180.5538,357.9345,0.0000,0.0000,0.0000
91.016,404.5039,0.4460,267.3458,0.2510,3.8000,-0.4500,356.1689,180.5538,357.9345,0.0000,0.0000,0.0000
91.127,404.2513,0.3169,267.4595,0.2510,3.8000,-0.4500,356.1689,180.5538,357.9345,0.0000,0.0000,0.0000
91.238,403.9988,0.1912,267.5731,0.2510,3.8000,-0.4500,356.1689,180.5538,357.9345,0.0000,0.0000,0.0000
91.349,403.7888,0.0901,267.6547,0.2510,3.8000,-0.4500,356.1688,180.5538,357.9345,0.0000,0.0000,0.0000
91.461,403.5459,-0.0154,267.5533,0.2510,3.8000,-0.4500,356.1688,180.5538,357.9345,0.0000,0.0000,0.0000
91.572,403.3550,-0.0833,267.2498,0.2510,3.8000,-0.4500,356.1688,180.5537,357.9345,0.0000,0.0000,0.0000
91.684,403.1354,-0.1462,266.7124,0.2510,3.8000,-0.4500,356.1688,180.5537,357.9345,0.0000,0.0000,0.0000
91.793,402.9562,-0.1888,266.1943,0.2510,3.8000,-0.4500,356.1688,180.5537,357.9346,0.0000,0.0000,0.0000
91.905,402.7398,-0.2345,265.6194,0.2510,3.8000,-0.4500,356.1347,180.5549,358.0955,0.0000,0.0000,0.0000
92.016,402.5520,-0.2777,265.2434,0.2510,3.8000,-0.4500,356.1347,180.5549,358.0955,0.0000,0.0000,0.0000
92.127,402.3183,-0.3308,264.9333,0.2510,3.8000,-0.4500,356.1329,180.5550,358.3499,0.0000,0.0000,0.0000
92.238,402.0749,-0.3893,264.7455,0.2510,3.8000,-0.4500,356.1567,180.5543,358.5129,0.0000,0.0000,0.0000
92.351,401.8691,-0.4353,264.6693,0.2510,3.8000,-0.4500,356.2504,180.5522,358.8447,0.0000,0.0000,0.0000
92.460,401.6185,-0.4944,264.6447,0.2510,3.8000,-0.4500,356.3146,180.5510,359.0023,0.0000,0.0000,0.0000
92.572,401.4091,-0.5404,264.6593,0.2510,3.8000,-0.4500,356.3824,180.5499,359.1575,0.0000,0.0000,0.0000
92.682,401.1592,-0.5862,264.7020,0.2510,3.8000,-0.4500,356.5866,180.5475,359.5307,0.0000,0.0000,0.0000
92.794,400.9497,-0.6246,264.7515,0.2510,3.8000,-0.4500,356.6316,180.5472,359.6006,0.0000,0.0000,0.0000
92.905,400.7001,-0.6595,264.8205,0.2510,3.8000,-0.4500,356.8185,180.5463,359.8778,0.0000,0.0000,0.0000
93.016,400.4919,-0.6850,264.8841,0.2510,3.8000,-0.4500,356.9246,180.5462,0.0141,0.0000,0.0000,0.0000
93.127,400.2438,-0.7062,264.9646,0.2510,3.8000,-0.4500,357.1374,180.5468,0.2746,0.0000,0.0000,0.0000
93.239,399.9955,-0.7232,265.0492,0.2510,3.8000,-0.4500,357.2583,180.5475,0.4026,0.0000,0.0000,0.0000
93.349,399.7898,-0.7301,265.1212,0.2510,3.8000,-0.4500,357.4409,180.5491,0.5888,0.0000,0.0000,0.0000
93.460,399.5437,-0.7320,265.2095,0.2510,3.8000,-0.4500,357.6902,180.5521,0.8106,0.0000,0.0000,0.0000
93.571,399.3380,-0.7337,265.2859,0.2510,3.8000,-0.4500,357.6902,180.5521,0.8107,0.0000,0.0000,0.0000
93.683,399.0935,-0.7231,265.3780,0.2510,3.8000,-0.4500,358.0278,180.5577,1.0578,0.0000,0.0000,0.0000
93.793,398.8894,-0.7142,265.4583,0.2510,3.8000,-0.4500,358.0949,180.5589,1.1008,0.0000,0.0000,0.0000
93.918,398.6053,-0.6913,265.5720,0.2510,3.8000,-0.4500,358.3795,180.5648,1.2726,0.0000,0.0000,0.0000
94.018,398.4028,-0.6708,265.6554,0.2510,3.8000,-0.4500,358.5236,180.5681,1.3554,0.0000,0.0000,0.0000
94.128,398.2015,-0.6433,265.7392,0.2510,3.8000,-0.4500,358.8143,180.5754,1.5209,0.0000,0.0000,0.0000
94.236,397.9997,-0.6164,265.8258,0.2510,3.8000,-0.4500,358.8143,180.5754,1.5209,0.0000,0.0000,0.0000
94.363,397.7198,-0.5642,265.9466,0.2510,3.8000,-0.4500,359.1825,180.5859,1.7341,0.0000,0.0000,0.0000
94.474,397.5205,-0.5221,266.0345,0.2510,3.8000,-0.4500,359.3952,180.5926,1.8614,0.0000,0.0000,0.0000
94.585,397.2818,-0.4675,266.1421,0.2510,3.8000,-0.4500,359.5348,180.5972,1.9467,0.0000,0.0000,0.0000
94.696,397.0840,-0.4150,266.2322,0.2510,3.8000,-0.4500,359.7471,180.6047,2.0791,0.0000,0.0000,0.0000
94.807,396.8477,-0.3466,266.3418,0.2510,3.8000,-0.4500,359.9656,180.6129,2.2188,0.0000,0.0000,0.0000
94.918,396.6117,-0.2745,266.4539,0.2510,3.8000,-0.4500,0.0369,180.6156,2.2645,0.0000,0.0000,0.0000
95.043,396.3783,-0.1907,266.5652,0.2510,3.8000,-0.4500,0.3960,180.6306,2.4985,0.0000,0.0000,0.0000
95.155,396.1831,-0.1221,266.6610,0.2510,3.8000,-0.4500,0.3960,180.6306,2.4985,0.0000,0.0000,0.0000
95.267,395.9513,-0.0293,266.7749,0.2510,3.8000,-0.4500,0.6772,180.6433,2.6815,0.0000,0.0000,0.0000
95.395,395.7198,0.0660,266.8908,0.2510,3.8000,-0.4500,0.8190,180.6501,2.7716,0.0000,0.0000,0.0000
95.516,395.4889,0.1646,267.0081,0.2510,3.8000,-0.4500,0.8895,180.6535,2.8162,0.0000,0.0000,0.0000
95.627,395.2590,0.2688,267.1259,0.2510,3.8000,-0.4500,1.0318,180.6606,2.9025,0.0000,0.0000,0.0000
95.738,395.0303,0.3780,267.2439,0.2510,3.8000,-0.4500,1.2503,180.6719,3.0287,0.0000,0.0000,0.0000
95.848,394.8392,0.4682,267.3443,0.2510,3.8000,-0.4500,1.2503,180.6719,3.0287,0.0000,0.0000,0.0000
95.960,394.6111,0.5812,267.4643,0.2510,3.8000,-0.4500,1.3960,180.6797,3.1027,0.0000,0.0000,0.0000
96.071,394.4210,0.6750,267.5657,0.2510,3.8000,-0.4500,1.3960,180.6797,3.1027,0.0000,0.0000,0.0000
96.184,394.1935,0.7913,267.6865,0.2510,3.8000,-0.4500,1.5467,180.6880,3.1660,0.0000,0.0000,0.0000
96.293,394.0037,0.8871,267.7881,0.2510,3.8000,-0.4500,1.5467,180.6880,3.1660,0.0000,0.0000,0.0000
96.404,393.7760,1.0034,267.9095,0.2510,3.8000,-0.4500,1.6276,180.6925,3.1848,0.0000,0.0000,0.0000
96.516,393.5862,1.1003,268.0108,0.2510,3.8000,-0.4500,1.7067,180.6969,3.1973,0.0000,0.0000,0.0000
96.628,393.3582,1.2150,268.1333,0.2510,3.8000,-0.4500,1.7067,180.6969,3.1973,0.0000,0.0000,0.0000
96.737,393.1299,1.3286,268.2561,0.2510,3.8000,-0.4500,1.7067,180.6969,3.1973,0.0000,0.0000,0.0000
96.849,392.9393,1.4220,268.3589,0.2510,3.8000,-0.4500,1.7067,180.6969,3.1973,0.0000,0.0000,0.0000
96.961,392.7100,1.5330,268.4818,0.2510,3.8000,-0.4500,1.8705,180.7060,3.1644,0.0000,0.0000,0.0000
97.071,392.5187,1.6230,268.5855,0.2510,3.8000,-0.4500,1.8705,180.7060,3.1644,0.0000,0.0000,0.0000
97.182,392.2879,1.7282,268.7096,0.2510,3.8000,-0.4500,2.0123,180.7137,3.0819,0.0000,0.0000,0.0000
97.293,392.0956,1.8137,268.8134,0.2510,3.8000,-0.4500,2.0123,180.7137,3.0819,0.0000,0.0000,0.0000
97.404,391.8624,1.9113,268.9361,0.2510,3.8000,-0.4500,2.1875,180.7229,2.9032,0.0000,0.0000,0.0000
97.529,391.6294,2.0068,269.0585,0.2510,3.8000,-0.4500,2.1875,180.7229,2.9032,0.0000,0.0000,0.0000
97.640,391.3924,2.0931,269.1784,0.2510,3.8000,-0.4500,2.3908,180.7326,2.5214,0.0000,0.0000,0.0000
97.751,391.1961,2.1660,269.2770,0.2510,3.8000,-0.4500,2.3908,180.7326,2.5214,0.0000,0.0000,0.0000
97.862,390.9582,2.2468,269.3929,0.2510,3.8000,-0.4500,2.4399,180.7347,2.3658,0.0000,0.0000,0.0000
97.974,390.7573,2.3070,269.4875,0.2510,3.8000,-0.4500,2.5140,180.7375,2.0312,0.0000,0.0000,0.0000
98.084,390.5169,2.3794,269.5984,0.2510,3.8000,-0.4500,2.5289,180.7381,1.9519,0.0000,0.0000,0.0000
98.196,390.3136,2.4307,269.6891,0.2510,3.8000,-0.4500,2.5531,180.7388,1.6154,0.0000,0.0000,0.0000
98.307,390.0700,2.4904,269.7955,0.2510,3.8000,-0.4500,2.5510,180.7388,1.4464,0.0000,0.0000,0.0000
98.418,389.8248,2.5435,269.8998,0.2510,3.8000,-0.4500,2.5452,180.7386,1.2783,0.0000,0.0000,0.0000
98.529,389.6174,2.5771,269.9861,0.2510,3.8000,-0.4500,2.4934,180.7377,0.8579,0.0000,0.0000,0.0000
98.641,389.3696,2.6166,270.0879,0.2510,3.8000,-0.4500,2.4580,180.7372,0.6926,0.0000,0.0000,0.0000
98.751,389.1608,2.6398,270.1724,0.2510,3.8000,-0.4500,2.3779,180.7365,0.3694,0.0000,0.0000,0.0000
98.862,388.9101,2.6627,270.2731,0.2510,3.8000,-0.4500,2.2962,180.7361,0.1308,0.0000,0.0000,0.0000
98.973,388.6995,2.6729,270.3576,0.2510,3.8000,-0.4500,2.1740,180.7361,359.8203,0.0000,0.0000,0.0000
99.086,388.4467,2.6797,270.4592,0.2510,3.8000,-0.4500,2.0659,180.7367,359.5923,0.0000,0.0000,0.0000
99.197,388.2347,2.6760,270.5451,0.2510,3.8000,-0.4500,1.9124,180.7382,359.2997,0.0000,0.0000,0.0000
99.306,387.9804,2.6657,270.6494,0.2510,3.8000,-0.4500,1.7785,180.7401,359.0796,0.0000,0.0000,0.0000
99.418,387.7250,2.6443,270.7564,0.2510,3.8000,-0.4500,1.5908,180.7436,358.7961,0.0000,0.0000,0.0000
99.529,387.5120,2.6197,270.8474,0.2510,3.8000,-0.4500,1.4438,180.7469,358.5918,0.0000,0.0000,0.0000
99.640,387.2556,2.5790,270.9598,0.2510,3.8000,-0.4500,1.1728,180.7544,358.2581,0.0000,0.0000,0.0000
99.765,386.9998,2.5320,271.0749,0.2510,3.8000,-0.4500,1.0031,180.7599,358.0688,0.0000,0.0000,0.0000
99.877,386.7437,2.4740,271.1939,0.2510,3.8000,-0.4500,0.7668,180.7683,357.8226,0.0000,0.0000,0.0000
99.987,386.5305,2.4193,271.2961,0.2510,3.8000,-0.4500,0.5889,180.7754,357.6532,0.0000,0.0000,0.0000
100.100,386.2743,2.3430,271.4230,0.2510,3.8000,-0.4500,0.2582,180.7897,357.3707,0.0000,0.0000,0.0000
100.209,386.0619,2.2777,271.5302,0.2510,3.8000,-0.4500,0.1936,180.7927,357.3180,0.0000,0.0000,0.0000
100.320,385.8062,2.1847,271.6644,0.2510,3.8000,-0.4500,359.7728,180.8136,357.0162,0.0000,0.0000,0.0000
100.447,385.5519,2.0901,271.8001,0.2510,3.8000,-0.4500,359.6343,180.8209,356.9296,0.0000,0.0000,0.0000
100.557,385.2977,1.9856,271.9400,0.2510,3.8000,-0.4500,359.3422,180.8370,356.7647,0.0000,0.0000,0.0000
100.683,385.0440,1.8761,272.0823,0.2510,3.8000,-0.4500,359.1135,180.8501,356.6576,0.0000,0.0000,0.0000
100.792,384.8333,1.7824,272.2021,0.2510,3.8000,-0.4500,359.0379,180.8546,356.6240,0.0000,0.0000,0.0000
100.903,384.5805,1.6623,272.3495,0.2510,3.8000,-0.4500,358.7239,180.8734,356.5164,0.0000,0.0000,0.0000
101.015,384.3703,1.5628,272.4721,0.2510,3.8000,-0.4500,358.7239,180.8734,356.5164,0.0000,0.0000,0.0000
101.125,384.1184,1.4354,272.6234,0.2510,3.8000,-0.4500,358.3048,180.8993,356.4335,0.0000,0.0000,0.0000
101.238,383.8678,1.3116,272.7194,0.2510,3.8000,-0.4500,358.3048,180.8993,356.4335,0.0000,0.0000,0.0000
101.349,383.6668,1.2144,272.6028,0.2510,3.8000,-0.4500,358.1381,180.9097,356.4366,0.0000,0.0000,0.0000
101.459,383.4374,1.1121,272.2128,0.2510,3.8000,-0.4500,358.0548,180.9149,356.4415,0.0000,0.0000,0.0000
101.571,383.2529,1.0369,271.7497,0.2510,3.8000,-0.4500,358.0548,180.9149,356.4415,0.0000,0.0000,0.0000
101.680,383.0339,0.9533,271.1490,0.2510,3.8000,-0.4500,357.8971,180.9246,356.5028,0.0000,0.0000,0.0000
101.792,382.8466,0.8835,270.7197,0.2510,3.8000,-0.4500,357.8221,180.9292,356.5349,0.0000,0.0000,0.0000
101.903,382.6123,0.7959,270.3426,0.2510,3.8000,-0.4500,357.8221,180.9292,356.5349,0.0000,0.0000,0.0000
102.014,382.4107,0.7206,270.1326,0.2510,3.8000,-0.4500,357.7009,180.9364,356.6432,0.0000,0.0000,0.0000
102.140,382.1224,0.6104,270.0134,0.2510,3.8000,-0.4500,357.5409,180.9455,356.8354,0.0000,0.0000,0.0000
102.252,381.9142,0.5288,270.0137,0.2510,3.8000,-0.4500,357.4972,180.9479,356.9060,0.0000,0.0000,0.0000
102.361,381.6646,0.4329,270.0698,0.2510,3.8000,-0.4500,357.3777,180.9542,357.1242,0.0000,0.0000,0.0000
102.474,381.4564,0.3545,270.1441,0.2510,3.8000,-0.4500,357.3142,180.9573,357.2859,0.0000,0.0000,0.0000
102.584,381.2064,0.2636,270.2510,0.2510,3.8000,-0.4500,357.2565,180.9599,357.4471,0.0000,0.0000,0.0000
102.709,380.9574,0.1803,270.3682,0.2510,3.8000,-0.4500,357.1796,180.9632,357.7715,0.0000,0.0000,0.0000
102.820,380.7081,0.1017,270.4888,0.2510,3.8000,-0.4500,357.1508,180.9642,358.0165,0.0000,0.0000,0.0000
102.932,380.5000,0.0403,270.5895,0.2510,3.8000,-0.4500,357.1420,180.9645,358.1798,0.0000,0.0000,0.0000
103.043,380.2513,-0.0249,270.7090,0.2510,3.8000,-0.4500,357.1511,180.9643,358.5182,0.0000,0.0000,0.0000
103.153,380.0443,-0.0781,270.7509,0.2510,3.8000,-0.4500,357.1511,180.9643,358.5182,0.0000,0.0000,0.0000
103.265,379.8111,-0.1211,270.5347,0.2510,3.8000,-0.4500,357.1847,180.9635,358.7671,0.0000,0.0000,0.0000
103.376,379.6271,-0.1448,270.1585,0.2510,3.8000,-0.4500,357.2236,180.9627,358.9280,0.0000,0.0000,0.0000
103.488,379.4132,-0.1653,269.5713,0.2510,3.8000,-0.4500,357.2491,180.9622,359.0043,0.0000,0.0000,0.0000
103.598,379.2020,-0.1800,268.9365,0.2510,3.8000,-0.4500,357.2792,180.9617,359.0785,0.0000,0.0000,0.0000
103.709,379.0219,-0.1923,268.4778,0.2510,3.8000,-0.4500,357.3219,180.9611,359.1512,0.0000,0.0000,0.0000
103.835,378.7956,-0.2094,268.0788,0.2510,3.8000,-0.4500,357.4090,180.9599,359.2905,0.0000,0.0000,0.0000
103.945,378.5570,-0.2320,267.8372,0.2510,3.8000,-0.4500,357.4610,180.9593,359.3541,0.0000,0.0000,0.0000
104.056,378.3521,-0.2522,267.7321,0.2510,3.8000,-0.4500,357.5138,180.9587,359.4177,0.0000,0.0000,0.0000
104.168,378.1034,-0.2758,267.6877,0.2510,3.8000,-0.4500,357.6225,180.9577,359.5374,0.0000,0.0000,0.0000
104.280,377.8544,-0.2965,267.7029,0.2510,3.8000,-0.4500,357.8031,180.9565,359.7135,0.0000,0.0000,0.0000
104.389,377.6461,-0.3157,267.7458,0.2510,3.8000,-0.4500,357.8031,180.9565,359.7135,0.0000,0.0000,0.0000
104.504,377.3977,-0.3317,267.8184,0.2510,3.8000,-0.4500,357.9908,180.9559,359.8755,0.0000,0.0000,0.0000
104.614,377.1902,-0.3461,267.8915,0.2510,3.8000,-0.4500,357.9908,180.9558,359.8755,0.0000,0.0000,0.0000
104.726,376.9426,-0.3561,267.9863,0.2510,3.8000,-0.4500,358.1953,180.9557,0.0238,0.0000,0.0000,0.0000
104.837,376.7357,-0.3656,268.0703,0.2510,3.8000,-0.4500,358.1953,180.9557,0.0238,0.0000,0.0000,0.0000
104.948,376.4883,-0.3719,268.1732,0.2510,3.8000,-0.4500,358.3366,180.9558,0.1074,0.0000,0.0000,0.0000
105.061,376.2406,-0.3782,268.2784,0.2510,3.8000,-0.4500,358.3366,180.9558,0.1074,0.0000,0.0000,0.0000
105.170,376.0347,-0.3795,268.3657,0.2510,3.8000,-0.4500,358.4857,180.9562,0.1775,0.0000,0.0000,0.0000
105.278,375.7872,-0.3814,268.4716,0.2510,3.8000,-0.4500,358.5626,180.9565,0.2042,0.0000,0.0000,0.0000
105.403,375.5397,-0.3810,268.5767,0.2510,3.8000,-0.4500,358.7240,180.9571,0.2452,0.0000,0.0000,0.0000
105.515,375.3333,-0.3816,268.6650,0.2510,3.8000,-0.4500,358.7240,180.9571,0.2452,0.0000,0.0000,0.0000
105.626,375.0854,-0.3810,268.7701,0.2510,3.8000,-0.4500,358.8047,180.9574,0.2548,0.0000,0.0000,0.0000
105.737,374.8786,-0.3795,268.8569,0.2510,3.8000,-0.4500,358.9663,180.9582,0.2625,0.0000,0.0000,0.0000
105.848,374.6301,-0.3790,268.9615,0.2510,3.8000,-0.4500,359.0467,180.9585,0.2529,0.0000,0.0000,0.0000
105.959,374.3813,-0.3785,269.0653,0.2510,3.8000,-0.4500,359.2092,180.9592,0.2184,0.0000,0.0000,0.0000
106.071,374.1737,-0.3788,269.1520,0.2510,3.8000,-0.4500,359.2880,180.9595,0.1996,0.0000,0.0000,0.0000
106.182,373.9241,-0.3803,269.2555,0.2510,3.8000,-0.4500,359.3636,180.9597,0.1666,0.0000,0.0000,0.0000
106.293,373.7156,-0.3823,269.3405,0.2510,3.8000,-0.4500,359.5132,180.9601,0.0975,0.0000,0.0000,0.0000
106.403,373.4649,-0.3862,269.4423,0.2510,3.8000,-0.4500,359.6516,180.9602,0.0086,0.0000,0.0000,0.0000
106.515,373.2557,-0.3904,269.5268,0.2510,3.8000,-0.4500,359.7174,180.9602,359.9595,0.0000,0.0000,0.0000
106.626,373.0042,-0.3966,269.6275,0.2510,3.8000,-0.4500,359.7829,180.9601,359.9095,0.0000,0.0000,0.0000
106.736,372.7934,-0.4041,269.7101,0.2510,3.8000,-0.4500,359.9695,180.9596,359.7427,0.0000,0.0000,0.0000
106.848,372.5405,-0.4138,269.8094,0.2510,3.8000,-0.4500,0.0850,180.9589,359.6227,0.0000,0.0000,0.0000
106.960,372.2874,-0.4244,269.9088,0.2510,3.8000,-0.4500,0.1400,180.9585,359.5628,0.0000,0.0000,0.0000
107.070,372.0753,-0.4358,269.9908,0.2510,3.8000,-0.4500,0.3040,180.9570,359.3722,0.0000,0.0000,0.0000
107.181,371.8214,-0.4490,270.0903,0.2510,3.8000,-0.4500,0.3565,180.9564,359.3075,0.0000,0.0000,0.0000
107.291,371.6091,-0.4616,270.1732,0.2510,3.8000,-0.4500,0.4612,180.9550,359.1776,0.0000,0.0000,0.0000
107.403,371.3541,-0.4774,270.2735,0.2510,3.8000,-0.4500,0.5621,180.9535,359.0501,0.0000,0.0000,0.0000
107.514,371.1412,-0.4914,270.3575,0.2510,3.8000,-0.4500,0.6615,180.9517,358.9250,0.0000,0.0000,0.0000
107.626,370.8857,-0.5084,270.4593,0.2510,3.8000,-0.4500,0.7639,180.9497,358.7990,0.0000,0.0000,0.0000
107.738,370.6299,-0.5257,270.5620,0.2510,3.8000,-0.4500,0.8673,180.9474,358.6758,0.0000,0.0000,0.0000
107.847,370.4172,-0.5391,270.6490,0.2510,3.8000,-0.4500,0.8673,180.9474,358.6758,0.0000,0.0000,0.0000
107.960,370.1606,-0.5568,270.7540,0.2510,3.8000,-0.4500,1.0356,180.9432,358.4910,0.0000,0.0000,0.0000
108.071,369.9479,-0.5697,270.8442,0.2510,3.8000,-0.4500,1.0356,180.9432,358.4910,0.0000,0.0000,0.0000
108.180,369.6912,-0.5860,270.9530,0.2510,3.8000,-0.4500,1.2150,180.9382,358.3206,0.0000,0.0000,0.0000
108.292,369.4782,-0.5975,271.0457,0.2510,3.8000,-0.4500,1.2150,180.9382,358.3206,0.0000,0.0000,0.0000
108.403,369.2217,-0.6109,271.1571,0.2510,3.8000,-0.4500,1.3438,180.9344,358.2195,0.0000,0.0000,0.0000
108.514,369.0083,-0.6206,271.2508,0.2510,3.8000,-0.4500,1.4087,180.9323,358.1708,0.0000,0.0000,0.0000
108.625,368.7521,-0.6305,271.3636,0.2510,3.8000,-0.4500,1.4785,180.9301,358.1287,0.0000,0.0000,0.0000
108.736,368.5384,-0.6374,271.4577,0.2510,3.8000,-0.4500,1.5486,180.9277,358.0873,0.0000,0.0000,0.0000
108.849,368.2822,-0.6434,271.5710,0.2510,3.8000,-0.4500,1.5486,180.9277,358.0873,0.0000,0.0000,0.0000
108.973,368.0256,-0.6473,271.6829,0.2510,3.8000,-0.4500,1.6998,180.9226,358.0227,0.0000,0.0000,0.0000
109.083,367.7694,-0.6488,271.7958,0.2510,3.8000,-0.4500,1.6999,180.9226,358.0227,0.0000,0.0000,0.0000
109.209,367.5132,-0.6476,271.9086,0.2510,3.8000,-0.4500,1.7784,180.9199,358.0033,0.0000,0.0000,0.0000
109.320,367.2572,-0.6442,272.0221,0.2510,3.8000,-0.4500,1.7784,180.9199,358.0033,0.0000,0.0000,0.0000
109.430,367.0440,-0.6390,272.1160,0.2510,3.8000,-0.4500,1.8602,180.9170,357.9962,0.0000,0.0000,0.0000
109.543,366.7883,-0.6312,272.2295,0.2510,3.8000,-0.4500,1.8602,180.9170,357.9962,0.0000,0.0000,0.0000
109.653,366.5754,-0.6222,272.3232,0.2510,3.8000,-0.4500,1.9402,180.9142,358.0069,0.0000,0.0000,0.0000
109.764,366.3202,-0.6101,272.4362,0.2510,3.8000,-0.4500,1.9402,180.9142,358.0069,0.0000,0.0000,0.0000
109.889,366.0655,-0.5928,272.5476,0.2510,3.8000,-0.4500,2.0922,180.9090,358.0714,0.0000,0.0000,0.0000
109.999,365.8109,-0.5743,272.6594,0.2510,3.8000,-0.4500,2.0922,180.9090,358.0714,0.0000,0.0000,0.0000
110.111,365.5993,-0.5530,272.7506,0.2510,3.8000,-0.4500,2.2347,180.9043,358.1632,0.0000,0.0000,0.0000
110.222,365.3456,-0.5238,272.8591,0.2510,3.8000,-0.4500,2.3702,180.9001,358.2689,0.0000,0.0000,0.0000
110.333,365.1341,-0.4967,272.9487,0.2510,3.8000,-0.4500,2.4361,180.8981,358.3221,0.0000,0.0000,0.0000
110.458,364.8392,-0.4504,273.0719,0.2510,3.8000,-0.4500,2.6183,180.8931,358.4937,0.0000,0.0000,0.0000
110.571,364.6288,-0.4131,273.1584,0.2510,3.8000,-0.4500,2.7348,180.8901,358.6129,0.0000,0.0000,0.0000
110.680,364.3768,-0.3637,273.2610,0.2510,3.8000,-0.4500,2.8479,180.8875,358.7336,0.0000,0.0000,0.0000
110.791,364.1680,-0.3147,273.3444,0.2510,3.8000,-0.4500,3.0648,180.8832,358.9831,0.0000,0.0000,0.0000
110.903,363.9162,-0.2581,273.4449,0.2510,3.8000,-0.4500,3.0648,180.8832,358.9831,0.0000,0.0000,0.0000
111.014,363.7085,-0.2005,273.5256,0.2510,3.8000,-0.4500,3.2728,180.8799,359.2417,0.0000,0.0000,0.0000
111.126,363.4579,-0.1338,273.6229,0.2510,3.8000,-0.4500,3.2728,180.8799,359.2417,0.0000,0.0000,0.0000
111.236,363.2513,-0.0677,273.7010,0.2510,3.8000,-0.4500,3.4768,180.8777,359.5166,0.0000,0.0000,0.0000
111.348,363.0027,0.0116,273.7944,0.2510,3.8000,-0.4500,3.5699,180.8771,359.6511,0.0000,0.0000,0.0000
111.472,362.7549,0.0959,273.8858,0.2510,3.8000,-0.4500,3.6611,180.8766,359.7908,0.0000,0.0000,0.0000
111.584,362.5077,0.1845,273.9756,0.2510,3.8000,-0.4500,3.7462,180.8764,359.9275,0.0000,0.0000,0.0000
111.695,362.3019,0.2606,274.0497,0.2510,3.8000,-0.4500,3.7867,180.8764,-0.0005,0.0000,0.0000,0.0000
111.805,362.0561,0.3566,274.1370,0.2510,3.8000,-0.4500,3.8655,180.8765,0.1447,0.0000,0.0000,0.0000
111.930,361.8105,0.4544,274.2231,0.2510,3.8000,-0.4500,3.9004,180.8766,0.2220,0.0000,0.0000,0.0000
112.042,361.5661,0.5565,274.3075,0.2510,3.8000,-0.4500,3.9666,180.8769,0.3750,0.0000,0.0000,0.0000
112.154,361.3621,0.6409,274.3781,0.2510,3.8000,-0.4500,3.9666,180.8769,0.3750,0.0000,0.0000,0.0000
112.263,361.1189,0.7470,274.4626,0.2510,3.8000,-0.4500,4.0131,180.8773,0.5337,0.0000,0.0000,0.0000
112.388,360.8757,0.8529,274.5479,0.2510,3.8000,-0.4500,4.0273,180.8774,0.6158,0.0000,0.0000,0.0000
112.501,360.6333,0.9595,274.6341,0.2510,3.8000,-0.4500,4.0404,180.8776,0.6976,0.0000,0.0000,0.0000
112.611,360.4311,1.0472,274.7066,0.2510,3.8000,-0.4500,4.0404,180.8776,0.6976,0.0000,0.0000,0.0000
112.736,360.1901,1.1549,274.7941,0.2510,3.8000,-0.4500,4.0233,180.8773,0.8632,0.0000,0.0000,0.0000
112.846,359.9484,1.2587,274.8824,0.2510,3.8000,-0.4500,4.0233,180.8773,0.8632,0.0000,0.0000,0.0000
112.973,359.7069,1.3608,274.9715,0.2510,3.8000,-0.4500,4.0233,180.8773,0.8632,0.0000,0.0000,0.0000
113.083,359.4673,1.4634,275.0619,0.2510,3.8000,-0.4500,3.9059,180.8753,1.0887,0.0000,0.0000,0.0000
113.195,359.2665,1.5439,275.1378,0.2510,3.8000,-0.4500,3.9059,180.8753,1.0886,0.0000,0.0000,0.0000
113.305,359.0263,1.6379,275.2308,0.2510,3.8000,-0.4500,3.7801,180.8728,1.1950,0.0000,0.0000,0.0000
113.417,358.8255,1.7120,275.3089,0.2510,3.8000,-0.4500,3.7801,180.8728,1.1950,0.0000,0.0000,0.0000
113.528,358.5855,1.7962,275.4063,0.2510,3.8000,-0.4500,3.4718,180.8660,1.3338,0.0000,0.0000,0.0000
113.641,358.3443,1.8739,275.5042,0.2510,3.8000,-0.4500,3.3854,180.8640,1.3445,0.0000,0.0000,0.0000
113.750,358.1431,1.9317,275.5892,0.2510,3.8000,-0.4500,3.0374,180.8557,1.3666,0.0000,0.0000,0.0000
113.861,357.9008,1.9946,275.6917,0.2510,3.8000,-0.4500,2.7839,180.8497,1.3352,0.0000,0.0000,0.0000
113.972,357.6985,2.0414,275.7780,0.2510,3.8000,-0.4500,2.6191,180.8459,1.3065,0.0000,0.0000,0.0000
114.083,357.4546,2.0880,275.8835,0.2510,3.8000,-0.4500,2.2978,180.8388,1.2135,0.0000,0.0000,0.0000
114.212,357.2094,2.1239,275.9908,0.2510,3.8000,-0.4500,1.8926,180.8308,1.0526,0.0000,0.0000,0.0000
114.332,356.9639,2.1542,276.0970,0.2510,3.8000,-0.4500,1.7403,180.8281,0.9858,0.0000,0.0000,0.0000
114.444,356.7163,2.1692,276.2064,0.2510,3.8000,-0.4500,1.2630,180.8209,0.7394,0.0000,0.0000,0.0000
114.556,356.5099,2.1769,276.2967,0.2510,3.8000,-0.4500,1.0430,180.8183,0.6184,0.0000,0.0000,0.0000
114.680,356.2193,2.1734,276.4246,0.2510,3.8000,-0.4500,0.6018,180.8145,0.3546,0.0000,0.0000,0.0000
114.792,356.0116,2.1652,276.5153,0.2510,3.8000,-0.4500,0.4513,180.8137,0.2598,0.0000,0.0000,0.0000
114.916,355.7606,2.1411,276.6262,0.2510,3.8000,-0.4500,0.0071,180.8128,359.9733,0.0000,0.0000,0.0000
115.028,355.5094,2.1099,276.7368,0.2510,3.8000,-0.4500,359.7295,180.8134,359.7874,0.0000,0.0000,0.0000
115.138,355.2577,2.0687,276.8480,0.2510,3.8000,-0.4500,359.4549,180.8148,359.5991,0.0000,0.0000,0.0000
115.265,355.0054,2.0180,276.9600,0.2510,3.8000,-0.4500,359.1849,180.8172,359.4102,0.0000,0.0000,0.0000
115.388,354.7527,1.9579,277.0730,0.2510,3.8000,-0.4500,358.9173,180.8204,359.2195,0.0000,0.0000,0.0000
115.500,354.4996,1.8890,277.1871,0.2510,3.8000,-0.4500,358.6468,180.8245,359.0234,0.0000,0.0000,0.0000
115.611,354.2888,1.8272,277.2828,0.2510,3.8000,-0.4500,358.5138,180.8269,358.9258,0.0000,0.0000,0.0000
115.722,354.0356,1.7451,277.3992,0.2510,3.8000,-0.4500,358.3120,180.8309,358.7762,0.0000,0.0000,0.0000
115.846,353.7825,1.6574,277.5169,0.2510,3.8000,-0.4500,358.1761,180.8340,358.6747,0.0000,0.0000,0.0000
115.973,353.5287,1.5607,277.6367,0.2510,3.8000,-0.4500,357.9060,180.8407,358.4704,0.0000,0.0000,0.0000
116.097,353.2336,1.4452,277.7776,0.2510,3.8000,-0.4500,357.7790,180.8442,358.3736,0.0000,0.0000,0.0000
116.208,353.0227,1.3595,277.8792,0.2510,3.8000,-0.4500,357.7122,180.8461,358.3221,0.0000,0.0000,0.0000
116.320,352.7694,1.2540,278.0018,0.2510,3.8000,-0.4500,357.6451,180.8481,358.2701,0.0000,0.0000,0.0000
116.444,352.5161,1.1445,278.1255,0.2510,3.8000,-0.4500,357.5149,180.8522,358.1684,0.0000,0.0000,0.0000
116.555,352.3054,1.0546,278.2286,0.2510,3.8000,-0.4500,357.5149,180.8522,358.1684,0.0000,0.0000,0.0000
116.666,352.0526,0.9462,278.3527,0.2510,3.8000,-0.4500,357.5149,180.8522,358.1684,0.0000,0.0000,0.0000
116.791,351.7996,0.8382,278.4769,0.2510,3.8000,-0.4500,357.5149,180.8522,358.1684,0.0000,0.0000,0.0000
116.902,351.5463,0.7317,278.6011,0.2510,3.8000,-0.4500,357.5148,180.8522,358.1684,0.0000,0.0000,0.0000
117.014,351.3352,0.6448,278.7044,0.2510,3.8000,-0.4500,357.5148,180.8522,358.1684,0.0000,0.0000,0.0000
117.138,351.0397,0.5270,278.8486,0.2510,3.8000,-0.4500,357.5148,180.8522,358.1684,0.0000,0.0000,0.0000
117.265,350.7867,0.4305,278.9718,0.2510,3.8000,-0.4500,357.5148,180.8522,358.1683,0.0000,0.0000,0.0000
117.375,350.5759,0.3539,279.0742,0.2510,3.8000,-0.4500,357.5148,180.8522,358.1683,0.0000,0.0000,0.0000
117.486,350.3231,0.2672,279.1966,0.2510,3.8000,-0.4500,357.5148,180.8522,358.1683,0.0000,0.0000,0.0000
117.597,350.0704,0.1867,279.3187,0.2510,3.8000,-0.4500,357.5148,180.8522,358.1683,0.0000,0.0000,0.0000
117.708,349.8600,0.1250,279.4201,0.2510,3.8000,-0.4500,357.5148,180.8522,358.1683,0.0000,0.0000,0.0000
117.821,349.6077,0.0575,279.5411,0.2510,3.8000,-0.4500,357.5148,180.8522,358.1683,0.0000,0.0000,0.0000
117.930,349.3982,0.0099,279.6407,0.2510,3.8000,-0.4500,357.6526,180.8479,358.2646,0.0000,0.0000,0.0000
118.043,349.1470,-0.0375,279.7549,0.2510,3.8000,-0.4500,357.9275,180.8400,358.4590,0.0000,0.0000,0.0000
118.152,348.9369,-0.0713,279.8401,0.2510,3.8000,-0.4500,358.1257,180.8349,358.6015,0.0000,0.0000,0.0000
118.265,348.6837,-0.1048,279.9296,0.2510,3.8000,-0.4500,358.3254,180.8303,358.7461,0.0000,0.0000,0.0000
118.388,348.4306,-0.1272,280.0065,0.2510,3.8000,-0.4500,358.6691,180.8235,358.9946,0.0000,0.0000,0.0000
118.499,348.1763,-0.1458,280.0766,0.2510,3.8000,-0.4500,358.8087,180.8212,359.0946,0.0000,0.0000,0.0000
118.613,347.9647,-0.1535,280.1302,0.2510,3.8000,-0.4500,359.0175,180.8182,359.2433,0.0000,0.0000,0.0000
118.723,347.7111,-0.1553,280.1904,0.2510,3.8000,-0.4500,359.2986,180.8149,359.4405,0.0000,0.0000,0.0000
118.832,347.4995,-0.1533,280.2386,0.2510,3.8000,-0.4500,359.4330,180.8137,359.5336,0.0000,0.0000,0.0000
118.943,347.2464,-0.1426,280.2932,0.2510,3.8000,-0.4500,359.7049,180.8120,359.7185,0.0000,0.0000,0.0000
119.055,347.0351,-0.1319,280.3382,0.2510,3.8000,-0.4500,359.7744,180.8116,359.7646,0.0000,0.0000,0.0000
119.166,346.7825,-0.1112,280.3904,0.2510,3.8000,-0.4500,359.9841,180.8110,359.9026,0.0000,0.0000,0.0000
119.277,346.5304,-0.0852,280.4424,0.2510,3.8000,-0.4500,0.1885,180.8109,0.0328,0.0000,0.0000,0.0000
119.388,346.3206,-0.0604,280.4860,0.2510,3.8000,-0.4500,0.3289,180.8111,0.1183,0.0000,0.0000,0.0000
119.499,346.0688,-0.0284,280.5392,0.2510,3.8000,-0.4500,0.3987,180.8113,0.1605,0.0000,0.0000,0.0000
119.611,345.8596,0.0027,280.5829,0.2510,3.8000,-0.4500,0.5426,180.8118,0.2423,0.0000,0.0000,0.0000
119.722,345.6088,0.0424,280.6357,0.2510,3.8000,-0.4500,0.6825,180.8125,0.3177,0.0000,0.0000,0.0000
119.847,345.3583,0.0848,280.6884,0.2510,3.8000,-0.4500,0.8287,180.8134,0.3884,0.0000,0.0000,0.0000
119.971,345.1075,0.1270,280.7417,0.2510,3.8000,-0.4500,0.8287,180.8134,0.3884,0.0000,0.0000,0.0000
