time_sec,world_x,world_y,world_z,local_x,local_y,local_z,world_rot_x,world_rot_y,world_rot_z,local_rot_x,local_rot_y,local_rot_z
0.000,598.7960,5.1807,250.4555,0.2510,3.8000,-0.4500,0.0000,180.0000,0.0000,0.0000,0.0000,0.0000
0.000,598.7960,5.1807,250.4555,0.2510,3.8000,-0.4500,0.0000,180.0000,0.0000,0.0000,0.0000,0.0000
0.119,598.5439,4.9589,250.4612,0.2510,3.8000,-0.4500,0.0000,180.0000,0.0000,0.0000,0.0000,0.0000
0.234,598.1251,4.5996,250.4672,0.2510,3.8000,-0.4500,0.0000,180.0000,0.0000,0.0000,0.0000,0.0000
0.345,597.5931,4.1497,250.4726,0.2510,3.8000,-0.4500,0.0000,180.0000,0.0000,0.0000,0.0000,0.0000
0.457,597.0728,3.7129,250.4766,0.2510,3.8000,-0.4500,0.0000,180.0000,0.0000,0.0000,0.0000,0.0000
0.571,596.3658,3.1227,250.4809,0.2510,3.8000,-0.4500,0.0000,180.0000,0.0000,0.0000,0.0000,0.0000
0.679,595.7150,2.5814,250.4841,0.2510,3.8000,-0.4500,0.0000,180.0000,0.0000,0.0000,0.0000,0.0000
0.791,594.8680,1.8789,250.4871,0.2510,3.8000,-0.4500,0.0000,180.0000,0.0000,0.0000,0.0000,0.0000
0.902,593.9567,1.1250,250.4870,0.2510,3.8000,-0.4500,0.0000,180.0000,0.0000,0.0000,0.0000,0.0000
1.013,593.1537,0.4615,250.4838,0.2510,3.8000,-0.4500,0.0000,180.0000,0.0000,0.0000,0.0000,0.0000
1.125,592.1578,-0.3605,250.4760,0.2510,3.8000,-0.4500,0.0000,180.0000,0.0000,0.0000,0.0000,0.0000
1.236,591.5206,-0.9034,250.4729,0.2510,3.8000,-0.4500,359.4537,180.0000,0.0021,0.0000,0.0000,0.0000
1.346,590.9772,-1.2629,250.4793,0.2510,3.8000,-0.4500,358.1641,179.9999,0.0072,0.0000,0.0000,0.0000
1.458,590.6297,-1.3542,250.4878,0.2510,3.8000,-0.4500,357.4849,179.9998,0.0098,0.0000,0.0000,0.0000
1.570,590.2822,-1.3105,250.4986,0.2510,3.8000,-0.4500,357.3084,179.9997,0.0103,0.0000,0.0000,0.0000
1.680,589.9766,-1.2050,250.5104,0.2510,3.8000,-0.4500,357.3084,179.9997,0.0103,0.0000,0.0000,0.0000
1.792,589.7392,-1.1259,250.5209,0.2510,3.8000,-0.4500,357.3084,179.9997,0.0103,0.0000,0.0000,0.0000
1.903,589.4657,-1.0752,250.5332,0.2510,3.8000,-0.4500,357.3084,179.9997,0.0103,0.0000,0.0000,0.0000
2.014,589.2432,-1.0756,250.5426,0.2510,3.8000,-0.4500,357.3084,179.9997,0.0103,0.0000,0.0000,0.0000
2.125,588.9797,-1.1186,250.5531,0.2510,3.8000,-0.4500,357.3084,179.9997,0.0103,0.0000,0.0000,0.0000
2.236,588.7619,-1.1774,250.5613,0.2510,3.8000,-0.4500,357.3084,179.9998,0.0103,0.0000,0.0000,0.0000
2.348,588.5016,-1.2598,250.5714,0.2510,3.8000,-0.4500,357.3084,179.9998,0.0103,0.0000,0.0000,0.0000
2.459,588.2852,-1.3289,250.5801,0.2510,3.8000,-0.4500,357.3084,179.9998,0.0103,0.0000,0.0000,0.0000
2.571,588.0259,-1.4058,250.5911,0.2510,3.8000,-0.4500,357.3084,179.9998,0.0103,0.0000,0.0000,0.0000
2.681,587.7667,-1.4738,250.6027,0.2510,3.8000,-0.4500,357.3084,179.9998,0.0103,0.0000,0.0000,0.0000
2.792,587.5506,-1.5245,250.6128,0.2510,3.8000,-0.4500,357.3084,179.9998,0.0103,0.0000,0.0000,0.0000
2.903,587.2913,-1.5808,250.6251,0.2510,3.8000,-0.4500,357.3084,179.9998,0.0103,0.0000,0.0000,0.0000
3.014,587.0753,-1.6259,250.6353,0.2510,3.8000,-0.4500,357.3084,179.9998,0.0103,0.0000,0.0000,0.0000
3.126,586.8160,-1.6800,250.6475,0.2510,3.8000,-0.4500,357.3084,179.9998,0.0103,0.0000,0.0000,0.0000
3.237,586.5997,-1.7259,250.6575,0.2510,3.8000,-0.4500,357.3084,179.9998,0.0103,0.0000,0.0000,0.0000
3.347,586.3401,-1.7825,250.6693,0.2510,3.8000,-0.4500,357.3084,179.9998,0.0103,0.0000,0.0000,0.0000
3.459,586.1237,-1.8307,250.6790,0.2510,3.8000,-0.4500,357.3084,179.9998,0.0103,0.0000,0.0000,0.0000
3.570,585.8641,-1.8896,250.6917,0.2510,3.8000,-0.4500,357.3084,179.9998,0.0103,0.0000,0.0000,0.0000
3.681,585.6044,-1.9492,250.7066,0.2510,3.8000,-0.4500,357.3084,179.9997,0.0103,0.0000,0.0000,0.0000
3.793,585.3881,-1.9989,250.7206,0.2510,3.8000,-0.4500,357.3084,179.9997,0.0103,0.0000,0.0000,0.0000
3.903,585.1284,-2.0585,250.7388,0.2510,3.8000,-0.4500,357.3084,179.9997,0.0103,0.0000,0.0000,0.0000
4.015,584.9120,-2.1079,250.7548,0.2510,3.8000,-0.4500,357.3084,179.9997,0.0103,0.0000,0.0000,0.0000
4.126,584.6524,-2.1667,250.7746,0.2510,3.8000,-0.4500,357.3084,179.9997,0.0104,0.0000,0.0000,0.0000
4.237,584.4359,-2.2152,250.7914,0.2510,3.8000,-0.4500,357.3084,179.9997,0.0104,0.0000,0.0000,0.0000
4.348,584.1758,-2.2728,250.8116,0.2510,3.8000,-0.4500,357.3084,179.9997,0.0104,0.0000,0.0000,0.0000
4.473,583.9158,-2.3295,250.8315,0.2510,3.8000,-0.4500,357.3084,179.9998,0.0104,0.0000,0.0000,0.0000
4.585,583.6555,-2.3850,250.8505,0.2510,3.8000,-0.4500,357.3084,179.9998,0.0104,0.0000,0.0000,0.0000
4.694,583.4385,-2.4301,250.8658,0.2510,3.8000,-0.4500,357.3084,179.9998,0.0104,0.0000,0.0000,0.0000
4.806,583.1771,-2.4842,250.8831,0.2510,3.8000,-0.4500,357.3964,179.9997,359.8695,0.0000,0.0000,0.0000
4.916,582.9601,-2.5263,250.8978,0.2510,3.8000,-0.4500,357.3964,179.9997,359.8695,0.0000,0.0000,0.0000
5.027,582.6995,-2.5749,250.9147,0.2510,3.8000,-0.4500,357.4571,179.9995,359.8141,0.0000,0.0000,0.0000
5.139,582.4822,-2.6130,250.9286,0.2510,3.8000,-0.4500,357.5264,179.9992,359.7673,0.0000,0.0000,0.0000
5.249,582.2221,-2.6557,250.9455,0.2510,3.8000,-0.4500,357.5965,179.9989,359.7220,0.0000,0.0000,0.0000
5.361,581.9620,-2.6943,250.9633,0.2510,3.8000,-0.4500,357.7574,179.9981,359.6658,0.0000,0.0000,0.0000
5.472,581.7458,-2.7236,250.9807,0.2510,3.8000,-0.4500,357.7574,179.9981,359.6658,0.0000,0.0000,0.0000
5.583,581.4864,-2.7529,251.0013,0.2510,3.8000,-0.4500,358.0915,179.9960,359.6181,0.0000,0.0000,0.0000
5.694,581.2708,-2.7753,251.0214,0.2510,3.8000,-0.4500,358.0915,179.9960,359.6181,0.0000,0.0000,0.0000
5.806,581.0126,-2.7942,251.0444,0.2510,3.8000,-0.4500,358.4227,179.9939,359.6567,0.0000,0.0000,0.0000
5.916,580.7977,-2.8087,251.0655,0.2510,3.8000,-0.4500,358.4227,179.9939,359.6567,0.0000,0.0000,0.0000
6.027,580.5406,-2.8165,251.0887,0.2510,3.8000,-0.4500,358.7412,179.9922,359.7514,0.0000,0.0000,0.0000
6.139,580.3265,-2.8209,251.1088,0.2510,3.8000,-0.4500,358.8174,179.9919,359.7831,0.0000,0.0000,0.0000
6.250,580.0706,-2.8171,251.1310,0.2510,3.8000,-0.4500,359.1178,179.9911,359.9212,0.0000,0.0000,0.0000
6.361,579.8148,-2.8090,251.1535,0.2510,3.8000,-0.4500,359.2649,179.9910,0.0046,0.0000,0.0000,0.0000
6.472,579.6025,-2.7956,251.1712,0.2510,3.8000,-0.4500,359.4795,179.9913,0.1317,0.0000,0.0000,0.0000
6.583,579.3480,-2.7740,251.1924,0.2510,3.8000,-0.4500,359.6814,179.9920,0.2665,0.0000,0.0000,0.0000
6.695,579.1364,-2.7515,251.2100,0.2510,3.8000,-0.4500,359.8152,179.9927,0.3622,0.0000,0.0000,0.0000
6.807,578.8838,-2.7159,251.2308,0.2510,3.8000,-0.4500,0.0757,179.9948,0.5581,0.0000,0.0000,0.0000
6.916,578.6738,-2.6828,251.2491,0.2510,3.8000,-0.4500,0.2066,179.9962,0.6626,0.0000,0.0000,0.0000
7.028,578.4229,-2.6360,251.2720,0.2510,3.8000,-0.4500,0.3974,179.9986,0.8178,0.0000,0.0000,0.0000
7.139,578.2147,-2.5910,251.2918,0.2510,3.8000,-0.4500,0.5875,180.0016,0.9806,0.0000,0.0000,0.0000
7.250,577.9658,-2.5317,251.3171,0.2510,3.8000,-0.4500,0.7720,180.0051,1.1430,0.0000,0.0000,0.0000
7.361,577.7180,-2.4658,251.3440,0.2510,3.8000,-0.4500,0.9582,180.0090,1.3119,0.0000,0.0000,0.0000
7.472,577.5123,-2.4068,251.3682,0.2510,3.8000,-0.4500,1.0799,180.0119,1.4247,0.0000,0.0000,0.0000
7.584,577.2662,-2.3323,251.4001,0.2510,3.8000,-0.4500,1.1402,180.0135,1.4809,0.0000,0.0000,0.0000
7.695,577.0634,-2.2608,251.4270,0.2510,3.8000,-0.4500,1.3867,180.0203,1.7169,0.0000,0.0000,0.0000
7.806,576.8195,-2.1757,251.4635,0.2510,3.8000,-0.4500,1.4475,180.0222,1.7769,0.0000,0.0000,0.0000
7.917,576.6182,-2.0974,251.4948,0.2510,3.8000,-0.4500,1.6288,180.0281,1.9566,0.0000,0.0000,0.0000
8.028,576.3767,-2.0028,251.5361,0.2510,3.8000,-0.4500,1.6882,180.0302,2.0171,0.0000,0.0000,0.0000
8.139,576.1768,-1.9187,251.5712,0.2510,3.8000,-0.4500,1.8069,180.0345,2.1389,0.0000,0.0000,0.0000
8.251,575.9377,-1.8147,251.6154,0.2510,3.8000,-0.4500,1.9197,180.0388,2.2577,0.0000,0.0000,0.0000
8.361,575.6992,-1.7086,251.6619,0.2510,3.8000,-0.4500,1.9758,180.0411,2.3173,0.0000,0.0000,0.0000
8.473,575.5012,-1.6175,251.7020,0.2510,3.8000,-0.4500,2.0301,180.0433,2.3764,0.0000,0.0000,0.0000
8.583,575.2646,-1.5046,251.7510,0.2510,3.8000,-0.4500,2.1410,180.0480,2.5010,0.0000,0.0000,0.0000
8.694,575.0673,-1.4113,251.7940,0.2510,3.8000,-0.4500,2.1410,180.0480,2.5010,0.0000,0.0000,0.0000
8.804,574.8309,-1.2979,251.8467,0.2510,3.8000,-0.4500,2.1410,180.0480,2.5010,0.0000,0.0000,0.0000
8.915,574.6349,-1.2012,251.8910,0.2510,3.8000,-0.4500,2.1934,180.0503,2.5637,0.0000,0.0000,0.0000
9.040,574.3602,-1.0673,251.9546,0.2510,3.8000,-0.4500,2.1934,180.0503,2.5637,0.0000,0.0000,0.0000
9.152,574.1642,-0.9718,252.0005,0.2510,3.8000,-0.4500,2.1934,180.0503,2.5637,0.0000,0.0000,0.0000
9.263,573.9288,-0.8579,252.0559,0.2510,3.8000,-0.4500,2.1934,180.0503,2.5637,0.0000,0.0000,0.0000
9.375,573.7326,-0.7640,252.1023,0.2510,3.8000,-0.4500,2.1934,180.0503,2.5637,0.0000,0.0000,0.0000
9.485,573.4970,-0.6530,252.1583,0.2510,3.8000,-0.4500,2.1934,180.0503,2.5637,0.0000,0.0000,0.0000
9.595,573.3005,-0.5623,252.2051,0.2510,3.8000,-0.4500,2.1934,180.0503,2.5637,0.0000,0.0000,0.0000
9.708,573.0645,-0.4561,252.2617,0.2510,3.8000,-0.4500,2.1934,180.0503,2.5637,0.0000,0.0000,0.0000
9.818,572.8674,-0.3701,252.3092,0.2510,3.8000,-0.4500,2.1934,180.0503,2.5637,0.0000,0.0000,0.0000
9.930,572.6306,-0.2705,252.3666,0.2510,3.8000,-0.4500,2.1934,180.0503,2.5637,0.0000,0.0000,0.0000
10.040,572.3932,-0.1752,252.4246,0.2510,3.8000,-0.4500,2.1934,180.0503,2.5637,0.0000,0.0000,0.0000
10.151,572.1949,-0.0994,252.4734,0.2510,3.8000,-0.4500,2.1934,180.0503,2.5637,0.0000,0.0000,0.0000
10.264,571.9565,-0.0131,252.5325,0.2510,3.8000,-0.4500,2.1934,180.0503,2.5637,0.0000,0.0000,0.0000
10.374,571.7571,0.0547,252.5823,0.2510,3.8000,-0.4500,2.1934,180.0503,2.5637,0.0000,0.0000,0.0000
10.484,571.5172,0.1308,252.6427,0.2510,3.8000,-0.4500,2.1934,180.0503,2.5638,0.0000,0.0000,0.0000
10.595,571.3168,0.1897,252.6937,0.2510,3.8000,-0.4500,2.1934,180.0503,2.5638,0.0000,0.0000,0.0000
10.707,571.0735,0.2491,252.7572,0.2510,3.8000,-0.4500,1.9154,180.0383,2.3687,0.0000,0.0000,0.0000
10.818,570.8704,0.2954,252.8102,0.2510,3.8000,-0.4500,1.7840,180.0330,2.2569,0.0000,0.0000,0.0000
10.930,570.6256,0.3442,252.8760,0.2510,3.8000,-0.4500,1.5955,180.0259,2.0885,0.0000,0.0000,0.0000
11.040,570.3802,0.3878,252.9431,0.2510,3.8000,-0.4500,1.4827,180.0219,1.9737,0.0000,0.0000,0.0000
11.152,570.1743,0.4170,253.0006,0.2510,3.8000,-0.4500,1.3138,180.0163,1.7856,0.0000,0.0000,0.0000
11.263,569.9260,0.4452,253.0698,0.2510,3.8000,-0.4500,1.1035,180.0103,1.5277,0.0000,0.0000,0.0000
11.375,569.7188,0.4657,253.1263,0.2510,3.8000,-0.4500,1.0072,180.0078,1.3956,0.0000,0.0000,0.0000
11.485,569.4691,0.4850,253.1928,0.2510,3.8000,-0.4500,0.9135,180.0056,1.2591,0.0000,0.0000,0.0000
11.596,569.2596,0.4941,253.2474,0.2510,3.8000,-0.4500,0.7777,180.0029,1.0469,0.0000,0.0000,0.0000
11.707,569.0075,0.5005,253.3125,0.2510,3.8000,-0.4500,0.6571,180.0009,0.8326,0.0000,0.0000,0.0000
11.819,568.7969,0.5022,253.3674,0.2510,3.8000,-0.4500,0.5839,179.9999,0.6835,0.0000,0.0000,0.0000
11.930,568.5433,0.4983,253.4346,0.2510,3.8000,-0.4500,0.4838,179.9989,0.4567,0.0000,0.0000,0.0000
12.041,568.2896,0.4908,253.5023,0.2510,3.8000,-0.4500,0.4278,179.9986,0.2993,0.0000,0.0000,0.0000
12.153,568.0773,0.4802,253.5591,0.2510,3.8000,-0.4500,0.3747,179.9984,0.1433,0.0000,0.0000,0.0000
12.263,567.8220,0.4633,253.6276,0.2510,3.8000,-0.4500,0.3272,179.9983,359.9860,0.0000,0.0000,0.0000
12.374,567.6086,0.4447,253.6850,0.2510,3.8000,-0.4500,0.2804,179.9984,359.8281,0.0000,0.0000,0.0000
12.485,567.3515,0.4165,253.7543,0.2510,3.8000,-0.4500,0.2099,179.9987,359.5928,0.0000,0.0000,0.0000
12.597,567.1370,0.3895,253.8114,0.2510,3.8000,-0.4500,0.1567,179.9992,359.4291,0.0000,0.0000,0.0000
12.708,566.8793,0.3528,253.8784,0.2510,3.8000,-0.4500,0.1032,179.9998,359.2683,0.0000,0.0000,0.0000
12.819,566.6639,0.3177,253.9334,0.2510,3.8000,-0.4500,0.0456,180.0006,359.1132,0.0000,0.0000,0.0000
12.929,566.4049,0.2697,253.9993,0.2510,3.8000,-0.4500,359.9522,180.0022,358.8825,0.0000,0.0000,0.0000
13.041,566.1461,0.2183,254.0657,0.2510,3.8000,-0.4500,359.8839,180.0037,358.7335,0.0000,0.0000,0.0000
13.152,565.9300,0.1711,254.1221,0.2510,3.8000,-0.4500,359.8108,180.0054,358.5877,0.0000,0.0000,0.0000
13.263,565.6705,0.1107,254.1913,0.2510,3.8000,-0.4500,359.7297,180.0075,358.4415,0.0000,0.0000,0.0000
13.375,565.4543,0.0565,254.2505,0.2510,3.8000,-0.4500,359.6459,180.0099,358.3019,0.0000,0.0000,0.0000
13.486,565.1958,-0.0087,254.3205,0.2510,3.8000,-0.4500,359.6459,180.0099,358.3019,0.0000,0.0000,0.0000
13.599,564.9786,-0.0704,254.3457,0.2510,3.8000,-0.4500,359.5022,180.0144,358.0959,0.0000,0.0000,0.0000
13.710,564.7202,-0.1422,254.3201,0.2510,3.8000,-0.4500,359.4537,180.0160,358.0345,0.0000,0.0000,0.0000
13.822,564.4639,-0.2158,254.2440,0.2510,3.8000,-0.4500,359.4013,180.0179,357.9737,0.0000,0.0000,0.0000
13.933,564.2522,-0.2768,254.1511,0.2510,3.8000,-0.4500,359.4013,180.0179,357.9737,0.0000,0.0000,0.0000
14.044,563.9995,-0.3525,254.0156,0.2510,3.8000,-0.4500,359.3459,180.0198,357.9148,0.0000,0.0000,0.0000
14.155,563.7896,-0.4164,253.8889,0.2510,3.8000,-0.4500,359.2874,180.0220,357.8591,0.0000,0.0000,0.0000
14.266,563.5386,-0.4931,253.7260,0.2510,3.8000,-0.4500,359.2243,180.0244,357.8092,0.0000,0.0000,0.0000
14.374,563.3303,-0.5561,253.5832,0.2510,3.8000,-0.4500,359.2243,180.0244,357.8092,0.0000,0.0000,0.0000
14.485,563.0834,-0.6309,253.3727,0.2510,3.8000,-0.4500,359.2243,180.0244,357.8092,0.0000,0.0000,0.0000
14.596,562.8825,-0.6912,253.1363,0.2510,3.8000,-0.4500,359.2243,180.0244,357.8092,0.0000,0.0000,0.0000
14.708,562.6461,-0.7629,252.7840,0.2510,3.8000,-0.4500,359.0732,180.0302,357.7479,0.0000,0.0000,0.0000
14.818,562.4526,-0.8182,252.4445,0.2510,3.8000,-0.4500,359.0732,180.0303,357.7479,0.0000,0.0000,0.0000
14.930,562.2230,-0.8818,251.9988,0.2510,3.8000,-0.4500,359.0732,180.0302,357.7479,0.0000,0.0000,0.0000
15.041,561.9957,-0.9424,251.5256,0.2510,3.8000,-0.4500,359.0732,180.0303,357.7479,0.0000,0.0000,0.0000
15.152,561.8076,-0.9907,251.1178,0.2510,3.8000,-0.4500,359.0732,180.0303,357.7479,0.0000,0.0000,0.0000
15.263,561.5830,-1.0467,250.6193,0.2510,3.8000,-0.4500,358.9125,180.0365,357.7924,0.0000,0.0000,0.0000
15.375,561.3962,-1.0909,250.1985,0.2510,3.8000,-0.4500,358.9125,180.0365,357.7924,0.0000,0.0000,0.0000
15.485,561.1709,-1.1421,249.7262,0.2510,3.8000,-0.4500,358.7705,180.0419,357.8666,0.0000,0.0000,0.0000
15.596,560.9798,-1.1842,249.3842,0.2510,3.8000,-0.4500,358.7068,180.0442,357.9165,0.0000,0.0000,0.0000
15.707,560.7468,-1.2339,249.0355,0.2510,3.8000,-0.4500,358.5840,180.0486,358.0327,0.0000,0.0000,0.0000
15.819,560.5491,-1.2758,248.7856,0.2510,3.8000,-0.4500,358.5840,180.0486,358.0327,0.0000,0.0000,0.0000
15.929,560.3109,-1.3230,248.5235,0.2510,3.8000,-0.4500,358.4202,180.0540,358.2251,0.0000,0.0000,0.0000
16.041,560.0706,-1.3692,248.2883,0.2510,3.8000,-0.4500,358.3249,180.0568,358.3657,0.0000,0.0000,0.0000
16.152,559.8693,-1.4069,248.1060,0.2510,3.8000,-0.4500,358.2787,180.0581,358.4358,0.0000,0.0000,0.0000
16.263,559.6284,-1.4484,247.8994,0.2510,3.8000,-0.4500,358.1541,180.0612,358.6542,0.0000,0.0000,0.0000
16.374,559.4254,-1.4829,247.7456,0.2510,3.8000,-0.4500,358.1170,180.0621,358.7263,0.0000,0.0000,0.0000
16.485,559.1791,-1.5227,247.6032,0.2510,3.8000,-0.4500,358.0450,180.0636,358.8724,0.0000,0.0000,0.0000
16.596,558.9711,-1.5560,247.5176,0.2510,3.8000,-0.4500,358.0103,180.0643,358.9472,0.0000,0.0000,0.0000
16.707,558.7198,-1.5943,247.4464,0.2510,3.8000,-0.4500,357.9418,180.0654,359.1001,0.0000,0.0000,0.0000
16.819,558.5092,-1.6248,247.4057,0.2510,3.8000,-0.4500,357.8748,180.0664,359.2586,0.0000,0.0000,0.0000
16.931,558.2551,-1.6607,247.3725,0.2510,3.8000,-0.4500,357.8107,180.0671,359.4121,0.0000,0.0000,0.0000
17.040,557.9996,-1.6961,247.3507,0.2510,3.8000,-0.4500,357.7807,180.0674,359.4893,0.0000,0.0000,0.0000
17.165,557.7440,-1.7297,247.3369,0.2510,3.8000,-0.4500,357.7509,180.0677,359.5670,0.0000,0.0000,0.0000
17.277,557.5313,-1.7552,247.3358,0.2510,3.8000,-0.4500,357.6929,180.0680,359.7232,0.0000,0.0000,0.0000
17.388,557.2756,-1.7859,247.3446,0.2510,3.8000,-0.4500,357.6649,180.0681,359.8044,0.0000,0.0000,0.0000
17.499,557.0637,-1.8089,247.3585,0.2510,3.8000,-0.4500,357.6098,180.0683,359.9656,0.0000,0.0000,0.0000
17.610,556.8091,-1.8366,247.3797,0.2510,3.8000,-0.4500,357.5857,180.0683,0.0432,0.0000,0.0000,0.0000
17.721,556.5550,-1.8626,247.4048,0.2510,3.8000,-0.4500,357.5619,180.0682,0.1210,0.0000,0.0000,0.0000
17.833,556.3438,-1.8826,247.4278,0.2510,3.8000,-0.4500,357.5406,180.0682,0.1998,0.0000,0.0000,0.0000
17.944,556.0911,-1.9039,247.4572,0.2510,3.8000,-0.4500,357.5018,180.0680,0.3585,0.0000,0.0000,0.0000
18.055,555.8799,-1.9224,247.4826,0.2510,3.8000,-0.4500,357.5018,180.0680,0.3585,0.0000,0.0000,0.0000
18.166,555.6274,-1.9415,247.5144,0.2510,3.8000,-0.4500,357.4872,180.0679,0.4371,0.0000,0.0000,0.0000
18.277,555.4171,-1.9569,247.5399,0.2510,3.8000,-0.4500,357.4872,180.0679,0.4371,0.0000,0.0000,0.0000
18.388,555.1655,-1.9708,247.5677,0.2510,3.8000,-0.4500,357.4668,180.0677,0.6013,0.0000,0.0000,0.0000
18.498,554.9550,-1.9827,247.5825,0.2510,3.8000,-0.4500,357.4668,180.0677,0.6013,0.0000,0.0000,0.0000
18.610,554.7032,-1.9933,247.5890,0.2510,3.8000,-0.4500,357.4656,180.0677,0.6832,0.0000,0.0000,0.0000
18.722,554.4511,-2.0028,247.5873,0.2510,3.8000,-0.4500,357.4656,180.0677,0.6832,0.0000,0.0000,0.0000
18.832,554.2426,-2.0059,247.5822,0.2510,3.8000,-0.4500,357.4808,180.0679,0.8517,0.0000,0.0000,0.0000
18.957,553.9913,-2.0111,247.5722,0.2510,3.8000,-0.4500,357.4808,180.0679,0.8517,0.0000,0.0000,0.0000
19.068,553.7410,-2.0126,247.5590,0.2510,3.8000,-0.4500,357.4995,180.0682,0.9308,0.0000,0.0000,0.0000
19.179,553.5329,-2.0132,247.5386,0.2510,3.8000,-0.4500,357.4995,180.0682,0.9308,0.0000,0.0000,0.0000
19.291,553.2867,-2.0094,247.4826,0.2510,3.8000,-0.4500,357.5260,180.0686,1.0082,0.0000,0.0000,0.0000
19.402,553.0440,-2.0023,247.3911,0.2510,3.8000,-0.4500,357.5591,180.0692,1.0828,0.0000,0.0000,0.0000
19.513,552.8431,-1.9953,247.2927,0.2510,3.8000,-0.4500,357.5591,180.0692,1.0828,0.0000,0.0000,0.0000
19.624,552.6054,-1.9814,247.1549,0.2510,3.8000,-0.4500,357.6434,180.0709,1.2259,0.0000,0.0000,0.0000
19.735,552.4078,-1.9707,247.0289,0.2510,3.8000,-0.4500,357.6434,180.0709,1.2259,0.0000,0.0000,0.0000
19.861,552.1329,-1.9501,246.8405,0.2510,3.8000,-0.4500,357.7493,180.0733,1.3520,0.0000,0.0000,0.0000
19.972,551.9363,-1.9360,246.7009,0.2510,3.8000,-0.4500,357.7493,180.0733,1.3520,0.0000,0.0000,0.0000
20.082,551.7020,-1.9145,246.5230,0.2510,3.8000,-0.4500,357.8766,180.0764,1.4599,0.0000,0.0000,0.0000
20.193,551.5073,-1.8974,246.3619,0.2510,3.8000,-0.4500,357.8766,180.0764,1.4599,0.0000,0.0000,0.0000
20.305,551.2752,-1.8741,246.1532,0.2510,3.8000,-0.4500,357.9436,180.0782,1.5050,0.0000,0.0000,0.0000
20.416,551.0831,-1.8519,245.9685,0.2510,3.8000,-0.4500,358.0868,180.0820,1.5852,0.0000,0.0000,0.0000
20.527,550.8528,-1.8270,245.7391,0.2510,3.8000,-0.4500,358.0868,180.0820,1.5852,0.0000,0.0000,0.0000
20.638,550.6615,-1.8041,245.5422,0.2510,3.8000,-0.4500,358.1623,180.0841,1.6162,0.0000,0.0000,0.0000
20.749,550.4326,-1.7738,245.3009,0.2510,3.8000,-0.4500,358.3960,180.0909,1.6934,0.0000,0.0000,0.0000
20.860,550.2030,-1.7457,245.0578,0.2510,3.8000,-0.4500,358.3960,180.0909,1.6934,0.0000,0.0000,0.0000
20.971,550.0118,-1.7198,244.8526,0.2510,3.8000,-0.4500,358.5531,180.0956,1.7199,0.0000,0.0000,0.0000
21.082,549.7822,-1.6902,244.6061,0.2510,3.8000,-0.4500,358.5531,180.0956,1.7199,0.0000,0.0000,0.0000
21.194,549.5909,-1.6628,244.3982,0.2510,3.8000,-0.4500,358.8016,180.1031,1.7312,0.0000,0.0000,0.0000
21.305,549.3611,-1.6314,244.1508,0.2510,3.8000,-0.4500,358.8815,180.1055,1.7323,0.0000,0.0000,0.0000
21.416,549.1686,-1.6049,243.9527,0.2510,3.8000,-0.4500,358.9644,180.1080,1.7244,0.0000,0.0000,0.0000
21.527,548.9364,-1.5724,243.7284,0.2510,3.8000,-0.4500,359.1296,180.1129,1.7064,0.0000,0.0000,0.0000
21.638,548.7418,-1.5454,243.5524,0.2510,3.8000,-0.4500,359.2088,180.1153,1.6919,0.0000,0.0000,0.0000
21.749,548.5071,-1.5123,243.3495,0.2510,3.8000,-0.4500,359.4470,180.1222,1.6366,0.0000,0.0000,0.0000
21.860,548.2715,-1.4795,243.1547,0.2510,3.8000,-0.4500,359.5269,180.1245,1.6124,0.0000,0.0000,0.0000
21.971,548.0747,-1.4521,242.9958,0.2510,3.8000,-0.4500,359.6071,180.1267,1.5874,0.0000,0.0000,0.0000
22.082,547.8375,-1.4187,242.8064,0.2510,3.8000,-0.4500,359.9228,180.1351,1.4708,0.0000,0.0000,0.0000
22.193,547.6398,-1.3913,242.6540,0.2510,3.8000,-0.4500,359.9228,180.1351,1.4709,0.0000,0.0000,0.0000
22.304,547.3997,-1.3583,242.4896,0.2510,3.8000,-0.4500,0.1494,180.1407,1.3666,0.0000,0.0000,0.0000
22.416,547.1982,-1.3304,242.3751,0.2510,3.8000,-0.4500,0.1494,180.1407,1.3666,0.0000,0.0000,0.0000
22.526,546.9532,-1.2969,242.2584,0.2510,3.8000,-0.4500,0.3713,180.1458,1.2513,0.0000,0.0000,0.0000
22.638,546.7477,-1.2687,242.1756,0.2510,3.8000,-0.4500,0.5168,180.1489,1.1687,0.0000,0.0000,0.0000
22.749,546.5001,-1.2345,242.0888,0.2510,3.8000,-0.4500,0.5885,180.1503,1.1275,0.0000,0.0000,0.0000
22.860,546.2507,-1.2002,242.0105,0.2510,3.8000,-0.4500,0.7274,180.1530,1.0427,0.0000,0.0000,0.0000
22.971,546.0419,-1.1718,241.9495,0.2510,3.8000,-0.4500,0.8659,180.1554,0.9548,0.0000,0.0000,0.0000
23.082,545.7919,-1.1377,241.8672,0.2510,3.8000,-0.4500,1.0039,180.1576,0.8633,0.0000,0.0000,0.0000
23.194,545.5936,-1.1124,241.6647,0.2510,3.8000,-0.4500,1.0700,180.1585,0.8185,0.0000,0.0000,0.0000
23.305,545.3700,-1.0899,241.2029,0.2510,3.8000,-0.4500,1.2010,180.1603,0.7259,0.0000,0.0000,0.0000
23.416,545.1912,-1.0763,240.7012,0.2510,3.8000,-0.4500,1.2640,180.1611,0.6763,0.0000,0.0000,0.0000
23.540,544.9457,-1.0624,239.9170,0.2510,3.8000,-0.4500,1.3257,180.1618,0.6251,0.0000,0.0000,0.0000
23.652,544.7714,-1.0554,239.3347,0.2510,3.8000,-0.4500,1.4460,180.1630,0.5165,0.0000,0.0000,0.0000
23.777,544.5642,-1.0476,238.6173,0.2510,3.8000,-0.4500,1.4460,180.1630,0.5165,0.0000,0.0000,0.0000
23.888,544.3552,-1.0410,237.9235,0.2510,3.8000,-0.4500,1.5044,180.1635,0.4600,0.0000,0.0000,0.0000
23.999,544.1758,-1.0326,237.4353,0.2510,3.8000,-0.4500,1.5044,180.1635,0.4600,0.0000,0.0000,0.0000
24.110,543.9513,-1.0175,236.9857,0.2510,3.8000,-0.4500,1.5044,180.1635,0.4600,0.0000,0.0000,0.0000
24.222,543.7166,-0.9979,236.6647,0.2510,3.8000,-0.4500,1.6312,180.1644,0.3499,0.0000,0.0000,0.0000
24.332,543.5159,-0.9769,236.4731,0.2510,3.8000,-0.4500,1.6312,180.1644,0.3499,0.0000,0.0000,0.0000
24.443,543.2699,-0.9483,236.3064,0.2510,3.8000,-0.4500,1.6312,180.1644,0.3499,0.0000,0.0000,0.0000
24.554,543.0613,-0.9230,236.2027,0.2510,3.8000,-0.4500,1.7674,180.1651,0.2557,0.0000,0.0000,0.0000
24.665,542.8091,-0.8905,236.1074,0.2510,3.8000,-0.4500,1.7674,180.1651,0.2557,0.0000,0.0000,0.0000
24.777,542.5974,-0.8632,236.0428,0.2510,3.8000,-0.4500,1.8338,180.1653,0.2091,0.0000,0.0000,0.0000
24.888,542.3427,-0.8303,235.9770,0.2510,3.8000,-0.4500,1.8338,180.1653,0.2091,0.0000,0.0000,0.0000
24.999,542.1288,-0.8045,235.9269,0.2510,3.8000,-0.4500,2.0285,180.1658,0.0562,0.0000,0.0000,0.0000
25.110,541.8726,-0.7732,235.8732,0.2510,3.8000,-0.4500,2.0285,180.1658,0.0562,0.0000,0.0000,0.0000
25.221,541.6157,-0.7434,235.8233,0.2510,3.8000,-0.4500,2.0285,180.1658,0.0562,0.0000,0.0000,0.0000
25.332,541.4009,-0.7206,235.7831,0.2510,3.8000,-0.4500,2.0827,180.1658,-0.0047,0.0000,0.0000,0.0000
25.443,541.1422,-0.6958,235.7362,0.2510,3.8000,-0.4500,2.1823,180.1657,359.8645,0.0000,0.0000,0.0000
25.555,540.9271,-0.6755,235.6984,0.2510,3.8000,-0.4500,2.1823,180.1657,359.8645,0.0000,0.0000,0.0000
25.665,540.6675,-0.6553,235.6530,0.2510,3.8000,-0.4500,2.2624,180.1654,359.7250,0.0000,0.0000,0.0000
25.777,540.4516,-0.6388,235.6157,0.2510,3.8000,-0.4500,2.2624,180.1654,359.7250,0.0000,0.0000,0.0000
25.888,540.1915,-0.6226,235.5719,0.2510,3.8000,-0.4500,2.2931,180.1653,359.6476,0.0000,0.0000,0.0000
25.999,539.9734,-0.6137,235.5365,0.2510,3.8000,-0.4500,2.3698,180.1646,359.4092,0.0000,0.0000,0.0000
26.110,539.7133,-0.6013,235.4951,0.2510,3.8000,-0.4500,2.3698,180.1646,359.4092,0.0000,0.0000,0.0000
26.221,539.4523,-0.5929,235.4542,0.2510,3.8000,-0.4500,2.3836,180.1645,359.3279,0.0000,0.0000,0.0000
26.332,539.2341,-0.5883,235.4202,0.2510,3.8000,-0.4500,2.3967,180.1643,359.2463,0.0000,0.0000,0.0000
26.444,538.9722,-0.5851,235.3789,0.2510,3.8000,-0.4500,2.4034,180.1642,359.1634,0.0000,0.0000,0.0000
26.555,538.7535,-0.5848,235.3441,0.2510,3.8000,-0.4500,2.4064,180.1642,359.0783,0.0000,0.0000,0.0000
26.665,538.4912,-0.5866,235.3010,0.2510,3.8000,-0.4500,2.4088,180.1641,358.9934,0.0000,0.0000,0.0000
26.777,538.2718,-0.5918,235.2639,0.2510,3.8000,-0.4500,2.4022,180.1643,358.8269,0.0000,0.0000,0.0000
26.888,538.0099,-0.5967,235.2171,0.2510,3.8000,-0.4500,2.4022,180.1643,358.8269,0.0000,0.0000,0.0000
27.000,537.7468,-0.6070,235.1688,0.2510,3.8000,-0.4500,2.3848,180.1646,358.6645,0.0000,0.0000,0.0000
27.110,537.5287,-0.6146,235.1266,0.2510,3.8000,-0.4500,2.3848,180.1646,358.6645,0.0000,0.0000,0.0000
27.221,537.2664,-0.6271,235.0748,0.2510,3.8000,-0.4500,2.3720,180.1649,358.5850,0.0000,0.0000,0.0000
27.332,537.0481,-0.6376,235.0304,0.2510,3.8000,-0.4500,2.3720,180.1649,358.5850,0.0000,0.0000,0.0000
27.444,536.7850,-0.6547,234.9764,0.2510,3.8000,-0.4500,2.3383,180.1658,358.4230,0.0000,0.0000,0.0000
27.553,536.5661,-0.6691,234.9283,0.2510,3.8000,-0.4500,2.3217,180.1663,358.3452,0.0000,0.0000,0.0000
27.665,536.3041,-0.6857,234.8661,0.2510,3.8000,-0.4500,2.3217,180.1663,358.3453,0.0000,0.0000,0.0000
27.776,536.0857,-0.7004,234.8116,0.2510,3.8000,-0.4500,2.3217,180.1663,358.3453,0.0000,0.0000,0.0000
27.887,535.8242,-0.7189,234.7440,0.2510,3.8000,-0.4500,2.3217,180.1663,358.3453,0.0000,0.0000,0.0000
28.001,535.5625,-0.7380,234.6748,0.2510,3.8000,-0.4500,2.3217,180.1663,358.3453,0.0000,0.0000,0.0000
28.123,535.3013,-0.7577,234.6046,0.2510,3.8000,-0.4500,2.3217,180.1663,358.3453,0.0000,0.0000,0.0000
28.234,535.0836,-0.7743,234.5460,0.2510,3.8000,-0.4500,2.3217,180.1663,358.3453,0.0000,0.0000,0.0000
28.346,534.8218,-0.7944,234.4796,0.2510,3.8000,-0.4500,2.3217,180.1663,358.3453,0.0000,0.0000,0.0000
28.458,534.6033,-0.8110,234.4287,0.2510,3.8000,-0.4500,2.3217,180.1663,358.3453,0.0000,0.0000,0.0000
28.567,534.3407,-0.8305,234.3803,0.2510,3.8000,-0.4500,2.3217,180.1663,358.3453,0.0000,0.0000,0.0000
28.679,534.1219,-0.8458,234.3697,0.2510,3.8000,-0.4500,2.3217,180.1663,358.3453,0.0000,0.0000,0.0000
28.790,533.8595,-0.8630,234.3798,0.2510,3.8000,-0.4500,2.3217,180.1663,358.3453,0.0000,0.0000,0.0000
28.902,533.5972,-0.8793,234.4069,0.2510,3.8000,-0.4500,2.3217,180.1663,358.3452,0.0000,0.0000,0.0000
29.012,533.3788,-0.8922,234.4399,0.2510,3.8000,-0.4500,2.3217,180.1663,358.3452,0.0000,0.0000,0.0000
29.140,533.0742,-0.9094,234.4980,0.2510,3.8000,-0.4500,2.3217,180.1663,358.3453,0.0000,0.0000,0.0000
29.249,532.8571,-0.9211,234.5456,0.2510,3.8000,-0.4500,2.3217,180.1663,358.3452,0.0000,0.0000,0.0000
29.360,532.5973,-0.9346,234.6070,0.2510,3.8000,-0.4500,2.3217,180.1663,358.3452,0.0000,0.0000,0.0000
29.471,532.3809,-0.9455,234.6608,0.2510,3.8000,-0.4500,2.3217,180.1663,358.3452,0.0000,0.0000,0.0000
29.582,532.1216,-0.9581,234.7272,0.2510,3.8000,-0.4500,2.3217,180.1663,358.3452,0.0000,0.0000,0.0000
29.692,531.9058,-0.9682,234.7837,0.2510,3.8000,-0.4500,2.3217,180.1663,358.3452,0.0000,0.0000,0.0000
29.804,531.6470,-0.9801,234.8524,0.2510,3.8000,-0.4500,2.3217,180.1663,358.3452,0.0000,0.0000,0.0000
29.916,531.4316,-0.9898,234.9101,0.2510,3.8000,-0.4500,2.3216,180.1663,358.3452,0.0000,0.0000,0.0000
30.026,531.1733,-1.0011,234.9798,0.2510,3.8000,-0.4500,2.3216,180.1663,358.3452,0.0000,0.0000,0.0000
30.138,530.9581,-1.0119,235.0393,0.2510,3.8000,-0.4500,2.1579,180.1711,358.3296,0.0000,0.0000,0.0000
30.249,530.7003,-1.0228,235.1113,0.2510,3.8000,-0.4500,2.1579,180.1711,358.3296,0.0000,0.0000,0.0000
30.361,530.4430,-1.0342,235.1873,0.2510,3.8000,-0.4500,2.0765,180.1734,358.3355,0.0000,0.0000,0.0000
30.472,530.2288,-1.0431,235.2527,0.2510,3.8000,-0.4500,2.0765,180.1734,358.3355,0.0000,0.0000,0.0000
30.582,529.9724,-1.0550,235.3351,0.2510,3.8000,-0.4500,1.8357,180.1803,358.3716,0.0000,0.0000,0.0000
30.694,529.7588,-1.0640,235.4037,0.2510,3.8000,-0.4500,1.8356,180.1803,358.3716,0.0000,0.0000,0.0000
30.804,529.5028,-1.0750,235.4873,0.2510,3.8000,-0.4500,1.8356,180.1803,358.3716,0.0000,0.0000,0.0000
30.916,529.2897,-1.0846,235.5582,0.2510,3.8000,-0.4500,1.7584,180.1825,358.3931,0.0000,0.0000,0.0000
31.027,529.0338,-1.0960,235.6432,0.2510,3.8000,-0.4500,1.7584,180.1825,358.3931,0.0000,0.0000,0.0000
31.138,528.8210,-1.1062,235.7156,0.2510,3.8000,-0.4500,1.5980,180.1870,358.4451,0.0000,0.0000,0.0000
31.249,528.5660,-1.1185,235.8015,0.2510,3.8000,-0.4500,1.5205,180.1890,358.4706,0.0000,0.0000,0.0000
31.360,528.3107,-1.1311,235.8869,0.2510,3.8000,-0.4500,1.5205,180.1890,358.4706,0.0000,0.0000,0.0000
31.472,528.0983,-1.1420,235.9588,0.2510,3.8000,-0.4500,1.4442,180.1911,358.4994,0.0000,0.0000,0.0000
31.583,527.8436,-1.1555,236.0448,0.2510,3.8000,-0.4500,1.3682,180.1930,358.5283,0.0000,0.0000,0.0000
31.693,527.6311,-1.1670,236.1148,0.2510,3.8000,-0.4500,1.3682,180.1930,358.5283,0.0000,0.0000,0.0000
31.805,527.3752,-1.1813,236.1886,0.2510,3.8000,-0.4500,1.2914,180.1950,358.5596,0.0000,0.0000,0.0000
31.915,527.1613,-1.1937,236.2393,0.2510,3.8000,-0.4500,1.2164,180.1968,358.5905,0.0000,0.0000,0.0000
32.028,526.9037,-1.2089,236.2905,0.2510,3.8000,-0.4500,1.1431,180.1986,358.6220,0.0000,0.0000,0.0000
32.138,526.6885,-1.2218,236.3275,0.2510,3.8000,-0.4500,1.1431,180.1986,358.6220,0.0000,0.0000,0.0000
32.249,526.4304,-1.2376,236.3473,0.2510,3.8000,-0.4500,0.9942,180.2021,358.6896,0.0000,0.0000,0.0000
32.360,526.1718,-1.2537,236.3400,0.2510,3.8000,-0.4500,0.9942,180.2021,358.6896,0.0000,0.0000,0.0000
32.471,525.9567,-1.2672,236.3234,0.2510,3.8000,-0.4500,0.9209,180.2038,358.7259,0.0000,0.0000,0.0000
32.597,525.6984,-1.2834,236.2929,0.2510,3.8000,-0.4500,0.9209,180.2038,358.7259,0.0000,0.0000,0.0000
32.707,525.4415,-1.2994,236.2511,0.2510,3.8000,-0.4500,0.7736,180.2070,358.8031,0.0000,0.0000,0.0000
32.819,525.2276,-1.3129,236.2075,0.2510,3.8000,-0.4500,0.7736,180.2070,358.8031,0.0000,0.0000,0.0000
32.929,524.9716,-1.3290,236.1476,0.2510,3.8000,-0.4500,0.7736,180.2070,358.8031,0.0000,0.0000,0.0000
33.041,524.7166,-1.3447,236.0830,0.2510,3.8000,-0.4500,0.6326,180.2098,358.8839,0.0000,0.0000,0.0000
33.152,524.5045,-1.3580,236.0256,0.2510,3.8000,-0.4500,0.6326,180.2098,358.8839,0.0000,0.0000,0.0000
33.263,524.2498,-1.3741,235.9551,0.2510,3.8000,-0.4500,0.6326,180.2098,358.8839,0.0000,0.0000,0.0000
33.374,524.0378,-1.3874,235.8966,0.2510,3.8000,-0.4500,0.5634,180.2111,358.9247,0.0000,0.0000,0.0000
33.485,523.7835,-1.4037,235.8268,0.2510,3.8000,-0.4500,0.4948,180.2124,358.9648,0.0000,0.0000,0.0000
33.597,523.5714,-1.4178,235.7690,0.2510,3.8000,-0.4500,0.4948,180.2124,358.9648,0.0000,0.0000,0.0000
33.708,523.3170,-1.4353,235.7004,0.2510,3.8000,-0.4500,0.4948,180.2124,358.9649,0.0000,0.0000,0.0000
33.819,523.1045,-1.4506,235.6441,0.2510,3.8000,-0.4500,0.4948,180.2124,358.9649,0.0000,0.0000,0.0000
33.930,522.8491,-1.4702,235.5784,0.2510,3.8000,-0.4500,0.4948,180.2124,358.9649,0.0000,0.0000,0.0000
34.041,522.5938,-1.4912,235.5146,0.2510,3.8000,-0.4500,0.4948,180.2124,358.9649,0.0000,0.0000,0.0000
34.152,522.3807,-1.5099,235.4626,0.2510,3.8000,-0.4500,0.4948,180.2124,358.9649,0.0000,0.0000,0.0000
34.263,522.1247,-1.5337,235.4011,0.2510,3.8000,-0.4500,0.4948,180.2124,358.9649,0.0000,0.0000,0.0000
34.374,521.9111,-1.5545,235.3504,0.2510,3.8000,-0.4500,0.4948,180.2124,358.9649,0.0000,0.0000,0.0000
34.486,521.6545,-1.5805,235.2900,0.2510,3.8000,-0.4500,0.4948,180.2124,358.9649,0.0000,0.0000,0.0000
34.597,521.4406,-1.6028,235.2399,0.2510,3.8000,-0.4500,0.4948,180.2124,358.9649,0.0000,0.0000,0.0000
34.721,521.1407,-1.6344,235.1723,0.2510,3.8000,-0.4500,0.4948,180.2124,358.9649,0.0000,0.0000,0.0000
34.832,520.9258,-1.6572,235.1294,0.2510,3.8000,-0.4500,0.4948,180.2124,358.9649,0.0000,0.0000,0.0000
34.943,520.6674,-1.6843,235.0841,0.2510,3.8000,-0.4500,0.4948,180.2124,358.9649,0.0000,0.0000,0.0000
35.056,520.4514,-1.7066,235.0502,0.2510,3.8000,-0.4500,0.4948,180.2124,358.9649,0.0000,0.0000,0.0000
35.165,520.1920,-1.7326,235.0129,0.2510,3.8000,-0.4500,0.4948,180.2124,358.9649,0.0000,0.0000,0.0000
35.277,519.9756,-1.7534,234.9836,0.2510,3.8000,-0.4500,0.4948,180.2124,358.9649,0.0000,0.0000,0.0000
35.388,519.7160,-1.7772,234.9496,0.2510,3.8000,-0.4500,0.4948,180.2124,358.9649,0.0000,0.0000,0.0000
35.499,519.4996,-1.7957,234.9219,0.2510,3.8000,-0.4500,0.4948,180.2124,358.9649,0.0000,0.0000,0.0000
35.611,519.2399,-1.8162,234.8896,0.2510,3.8000,-0.4500,0.4948,180.2124,358.9649,0.0000,0.0000,0.0000
35.721,518.9803,-1.8345,234.8758,0.2510,3.8000,-0.4500,0.4948,180.2124,358.9649,0.0000,0.0000,0.0000
35.833,518.7640,-1.8478,234.8802,0.2510,3.8000,-0.4500,0.4948,180.2124,358.9649,0.0000,0.0000,0.0000
35.943,518.5049,-1.8613,234.8967,0.2510,3.8000,-0.4500,0.4948,180.2124,358.9649,0.0000,0.0000,0.0000
36.054,518.2891,-1.8703,234.9161,0.2510,3.8000,-0.4500,0.4948,180.2124,358.9649,0.0000,0.0000,0.0000
36.166,518.0303,-1.8783,234.9435,0.2510,3.8000,-0.4500,0.4948,180.2124,358.9649,0.0000,0.0000,0.0000
36.277,517.8151,-1.8824,234.9682,0.2510,3.8000,-0.4500,0.4948,180.2124,358.9649,0.0000,0.0000,0.0000
36.388,517.5571,-1.8844,234.9992,0.2510,3.8000,-0.4500,0.4948,180.2124,358.9649,0.0000,0.0000,0.0000
36.500,517.2993,-1.8831,235.0310,0.2510,3.8000,-0.4500,0.4948,180.2124,358.9649,0.0000,0.0000,0.0000
36.611,517.0847,-1.8794,235.0582,0.2510,3.8000,-0.4500,0.4948,180.2124,358.9649,0.0000,0.0000,0.0000
36.722,516.8276,-1.8720,235.0914,0.2510,3.8000,-0.4500,0.4948,180.2124,358.9649,0.0000,0.0000,0.0000
36.833,516.6147,-1.8601,235.1189,0.2510,3.8000,-0.4500,0.5428,180.2116,359.1216,0.0000,0.0000,0.0000
36.944,516.3591,-1.8435,235.1509,0.2510,3.8000,-0.4500,0.5931,180.2109,359.2793,0.0000,0.0000,0.0000
37.055,516.1453,-1.8300,235.1767,0.2510,3.8000,-0.4500,0.5931,180.2109,359.2793,0.0000,0.0000,0.0000
37.179,515.8909,-1.8064,235.2056,0.2510,3.8000,-0.4500,0.6662,180.2101,359.5139,0.0000,0.0000,0.0000
37.290,515.6353,-1.7847,235.2330,0.2510,3.8000,-0.4500,0.6662,180.2101,359.5139,0.0000,0.0000,0.0000
37.402,515.3812,-1.7575,235.2597,0.2510,3.8000,-0.4500,0.7072,180.2098,359.6743,0.0000,0.0000,0.0000
37.512,515.1697,-1.7340,235.2849,0.2510,3.8000,-0.4500,0.7266,180.2097,359.7548,0.0000,0.0000,0.0000
37.625,514.9172,-1.7028,235.3205,0.2510,3.8000,-0.4500,0.7547,180.2096,359.9174,0.0000,0.0000,0.0000
37.735,514.7067,-1.6779,235.3546,0.2510,3.8000,-0.4500,0.7547,180.2096,359.9174,0.0000,0.0000,0.0000
37.847,514.4564,-1.6422,235.3992,0.2510,3.8000,-0.4500,0.7745,180.2097,0.1596,0.0000,0.0000,0.0000
37.957,514.2469,-1.6153,235.4391,0.2510,3.8000,-0.4500,0.7745,180.2097,0.1596,0.0000,0.0000,0.0000
38.068,513.9960,-1.5822,235.4890,0.2510,3.8000,-0.4500,0.7745,180.2097,0.1596,0.0000,0.0000,0.0000
38.180,513.7462,-1.5473,235.5406,0.2510,3.8000,-0.4500,0.7669,180.2096,0.2393,0.0000,0.0000,0.0000
38.290,513.5390,-1.5167,235.5844,0.2510,3.8000,-0.4500,0.7374,180.2095,0.3966,0.0000,0.0000,0.0000
38.402,513.2892,-1.4833,235.6353,0.2510,3.8000,-0.4500,0.7374,180.2095,0.3966,0.0000,0.0000,0.0000
38.513,513.0815,-1.4547,235.6761,0.2510,3.8000,-0.4500,0.7082,180.2092,0.4727,0.0000,0.0000,0.0000
38.625,512.8322,-1.4215,235.7230,0.2510,3.8000,-0.4500,0.6748,180.2089,0.5462,0.0000,0.0000,0.0000
38.735,512.6243,-1.3946,235.7613,0.2510,3.8000,-0.4500,0.6330,180.2085,0.6160,0.0000,0.0000,0.0000
38.846,512.3753,-1.3639,235.8068,0.2510,3.8000,-0.4500,0.5842,180.2080,0.6823,0.0000,0.0000,0.0000
38.957,512.1682,-1.3394,235.8448,0.2510,3.8000,-0.4500,0.5303,180.2073,0.7447,0.0000,0.0000,0.0000
39.068,511.9192,-1.3117,235.8910,0.2510,3.8000,-0.4500,0.4757,180.2066,0.8060,0.0000,0.0000,0.0000
39.180,511.6707,-1.2858,235.9386,0.2510,3.8000,-0.4500,0.3469,180.2046,0.9105,0.0000,0.0000,0.0000
39.291,511.4632,-1.2663,235.9784,0.2510,3.8000,-0.4500,0.3469,180.2046,0.9105,0.0000,0.0000,0.0000
39.402,511.2148,-1.2446,236.0283,0.2510,3.8000,-0.4500,0.2072,180.2023,0.9968,0.0000,0.0000,0.0000
39.513,511.0074,-1.2286,236.0707,0.2510,3.8000,-0.4500,0.1345,180.2010,1.0318,0.0000,0.0000,0.0000
39.624,510.7588,-1.2119,236.1227,0.2510,3.8000,-0.4500,0.0613,180.1997,1.0658,0.0000,0.0000,0.0000
39.735,510.5518,-1.2005,236.1676,0.2510,3.8000,-0.4500,359.9048,180.1967,1.1172,0.0000,0.0000,0.0000
39.846,510.3029,-1.1895,236.2220,0.2510,3.8000,-0.4500,359.8281,180.1952,1.1374,0.0000,0.0000,0.0000
39.957,510.0957,-1.1839,236.2693,0.2510,3.8000,-0.4500,359.5833,180.1902,1.1785,0.0000,0.0000,0.0000
40.069,509.8466,-1.1790,236.3251,0.2510,3.8000,-0.4500,359.5833,180.1902,1.1785,0.0000,0.0000,0.0000
40.180,509.5974,-1.1804,236.3838,0.2510,3.8000,-0.4500,359.2536,180.1834,1.1913,0.0000,0.0000,0.0000
40.291,509.3895,-1.1826,236.4313,0.2510,3.8000,-0.4500,359.2536,180.1834,1.1913,0.0000,0.0000,0.0000
40.402,509.1396,-1.1907,236.4895,0.2510,3.8000,-0.4500,359.0859,180.1799,1.1781,0.0000,0.0000,0.0000
40.513,508.9311,-1.2012,236.5385,0.2510,3.8000,-0.4500,358.9183,180.1765,1.1580,0.0000,0.0000,0.0000
40.624,508.6804,-1.2185,236.5975,0.2510,3.8000,-0.4500,358.6681,180.1715,1.1157,0.0000,0.0000,0.0000
40.735,508.4714,-1.2340,236.6454,0.2510,3.8000,-0.4500,358.6681,180.1715,1.1157,0.0000,0.0000,0.0000
40.846,508.2197,-1.2608,236.7048,0.2510,3.8000,-0.4500,358.3360,180.1653,1.0394,0.0000,0.0000,0.0000
40.958,508.0102,-1.2832,236.7523,0.2510,3.8000,-0.4500,358.3360,180.1653,1.0394,0.0000,0.0000,0.0000
41.069,507.7578,-1.3171,236.8104,0.2510,3.8000,-0.4500,358.0907,180.1610,0.9698,0.0000,0.0000,0.0000
41.181,507.5051,-1.3553,236.8676,0.2510,3.8000,-0.4500,357.8519,180.1571,0.8950,0.0000,0.0000,0.0000
41.290,507.2946,-1.3875,236.9133,0.2510,3.8000,-0.4500,357.8519,180.1571,0.8950,0.0000,0.0000,0.0000
41.402,507.0414,-1.4316,236.9684,0.2510,3.8000,-0.4500,357.6955,180.1547,0.8417,0.0000,0.0000,0.0000
41.513,506.8302,-1.4714,237.0139,0.2510,3.8000,-0.4500,357.5403,180.1525,0.7869,0.0000,0.0000,0.0000
41.625,506.5766,-1.5204,237.0672,0.2510,3.8000,-0.4500,357.4649,180.1515,0.7594,0.0000,0.0000,0.0000
41.749,506.3226,-1.5732,237.1205,0.2510,3.8000,-0.4500,357.3115,180.1496,0.7020,0.0000,0.0000,0.0000
41.860,506.0685,-1.6272,237.1728,0.2510,3.8000,-0.4500,357.2361,180.1487,0.6729,0.0000,0.0000,0.0000
41.971,505.8568,-1.6727,237.2158,0.2510,3.8000,-0.4500,357.2361,180.1486,0.6729,0.0000,0.0000,0.0000
42.082,505.6026,-1.7284,237.2673,0.2510,3.8000,-0.4500,357.2361,180.1486,0.6729,0.0000,0.0000,0.0000
42.194,505.3904,-1.7779,237.3110,0.2510,3.8000,-0.4500,357.0793,180.1469,0.6109,0.0000,0.0000,0.0000
42.304,505.1362,-1.8348,237.3620,0.2510,3.8000,-0.4500,357.0793,180.1469,0.6109,0.0000,0.0000,0.0000
42.415,504.9244,-1.8822,237.4046,0.2510,3.8000,-0.4500,357.0793,180.1469,0.6109,0.0000,0.0000,0.0000
42.527,504.6702,-1.9384,237.4557,0.2510,3.8000,-0.4500,357.0793,180.1469,0.6109,0.0000,0.0000,0.0000
42.639,504.4583,-1.9843,237.4984,0.2510,3.8000,-0.4500,357.0793,180.1469,0.6109,0.0000,0.0000,0.0000
42.747,504.2039,-2.0380,237.5495,0.2510,3.8000,-0.4500,357.0793,180.1469,0.6109,0.0000,0.0000,0.0000
42.859,503.9920,-2.0810,237.5910,0.2510,3.8000,-0.4500,357.0793,180.1469,0.6109,0.0000,0.0000,0.0000
42.970,503.7371,-2.1301,237.6355,0.2510,3.8000,-0.4500,357.0793,180.1469,0.6109,0.0000,0.0000,0.0000
43.094,503.4821,-2.1757,237.6736,0.2510,3.8000,-0.4500,357.0793,180.1469,0.6109,0.0000,0.0000,0.0000
43.206,503.2267,-2.2177,237.7070,0.2510,3.8000,-0.4500,357.0793,180.1469,0.6109,0.0000,0.0000,0.0000
43.316,503.0139,-2.2496,237.7325,0.2510,3.8000,-0.4500,357.0793,180.1469,0.6109,0.0000,0.0000,0.0000
43.428,502.7585,-2.2842,237.7611,0.2510,3.8000,-0.4500,357.0793,180.1469,0.6109,0.0000,0.0000,0.0000
43.539,502.5456,-2.3096,237.7838,0.2510,3.8000,-0.4500,357.0793,180.1469,0.6109,0.0000,0.0000,0.0000
43.651,502.2905,-2.3360,237.8102,0.2510,3.8000,-0.4500,357.0793,180.1469,0.6109,0.0000,0.0000,0.0000
43.761,502.0356,-2.3577,237.8356,0.2510,3.8000,-0.4500,357.0793,180.1469,0.6109,0.0000,0.0000,0.0000
43.872,501.8235,-2.3700,237.8553,0.2510,3.8000,-0.4500,357.2456,180.1487,0.6493,0.0000,0.0000,0.0000
43.997,501.5692,-2.3806,237.8790,0.2510,3.8000,-0.4500,357.4118,180.1507,0.6878,0.0000,0.0000,0.0000
44.109,501.3156,-2.3837,237.9022,0.2510,3.8000,-0.4500,357.7384,180.1548,0.7671,0.0000,0.0000,0.0000
44.220,501.0623,-2.3829,237.9269,0.2510,3.8000,-0.4500,357.8995,180.1570,0.8122,0.0000,0.0000,0.0000
44.331,500.8520,-2.3747,237.9470,0.2510,3.8000,-0.4500,358.2317,180.1620,0.9146,0.0000,0.0000,0.0000
44.443,500.6000,-2.3606,237.9731,0.2510,3.8000,-0.4500,358.4716,180.1660,1.0034,0.0000,0.0000,0.0000
44.553,500.3908,-2.3429,237.9960,0.2510,3.8000,-0.4500,358.7010,180.1702,1.0939,0.0000,0.0000,0.0000
44.665,500.1407,-2.3156,238.0259,0.2510,3.8000,-0.4500,358.9257,180.1747,1.1963,0.0000,0.0000,0.0000
44.776,499.9333,-2.2852,238.0520,0.2510,3.8000,-0.4500,359.2251,180.1814,1.3442,0.0000,0.0000,0.0000
44.887,499.6846,-2.2464,238.0877,0.2510,3.8000,-0.4500,359.2968,180.1831,1.3808,0.0000,0.0000,0.0000
44.998,499.4796,-2.2025,238.1172,0.2510,3.8000,-0.4500,359.6808,180.1930,1.5941,0.0000,0.0000,0.0000
45.109,499.2335,-2.1483,238.1571,0.2510,3.8000,-0.4500,359.8267,180.1972,1.6784,0.0000,0.0000,0.0000
45.234,498.9894,-2.0838,238.1987,0.2510,3.8000,-0.4500,0.1216,180.2063,1.8538,0.0000,0.0000,0.0000
45.344,498.7462,-2.0134,238.2435,0.2510,3.8000,-0.4500,0.3347,180.2134,1.9838,0.0000,0.0000,0.0000
45.457,498.5447,-1.9482,238.2823,0.2510,3.8000,-0.4500,0.5615,180.2216,2.1239,0.0000,0.0000,0.0000
45.567,498.3041,-1.8647,238.3320,0.2510,3.8000,-0.4500,0.7785,180.2299,2.2581,0.0000,0.0000,0.0000
45.679,498.1050,-1.7894,238.3769,0.2510,3.8000,-0.4500,0.9880,180.2384,2.3874,0.0000,0.0000,0.0000
45.789,497.8672,-1.6940,238.4358,0.2510,3.8000,-0.4500,1.2047,180.2477,2.5191,0.0000,0.0000,0.0000
45.901,497.6306,-1.5940,238.4996,0.2510,3.8000,-0.4500,1.3460,180.2540,2.6036,0.0000,0.0000,0.0000
46.012,497.4341,-1.5073,238.5561,0.2510,3.8000,-0.4500,1.4171,180.2572,2.6456,0.0000,0.0000,0.0000
46.123,497.1999,-1.3964,238.6252,0.2510,3.8000,-0.4500,1.6390,180.2677,2.7725,0.0000,0.0000,0.0000
46.249,496.9667,-1.2812,238.6967,0.2510,3.8000,-0.4500,1.8598,180.2787,2.8920,0.0000,0.0000,0.0000
46.360,496.7334,-1.1661,238.7717,0.2510,3.8000,-0.4500,1.8598,180.2787,2.8920,0.0000,0.0000,0.0000
46.471,496.5404,-1.0641,238.8335,0.2510,3.8000,-0.4500,2.0828,180.2902,3.0012,0.0000,0.0000,0.0000
46.581,496.3083,-0.9438,238.9108,0.2510,3.8000,-0.4500,2.0828,180.2902,3.0012,0.0000,0.0000,0.0000
46.693,496.1154,-0.8411,238.9749,0.2510,3.8000,-0.4500,2.1609,180.2943,3.0318,0.0000,0.0000,0.0000
46.803,495.8841,-0.7161,239.0489,0.2510,3.8000,-0.4500,2.3147,180.3025,3.0902,0.0000,0.0000,0.0000
46.915,495.6907,-0.6134,239.1089,0.2510,3.8000,-0.4500,2.3147,180.3025,3.0902,0.0000,0.0000,0.0000
47.026,495.4584,-0.4925,239.1293,0.2510,3.8000,-0.4500,2.3147,180.3025,3.0902,0.0000,0.0000,0.0000
47.138,495.2644,-0.3950,239.1019,0.2510,3.8000,-0.4500,2.3147,180.3025,3.0902,0.0000,0.0000,0.0000
47.248,495.0314,-0.2813,239.0398,0.2510,3.8000,-0.4500,2.3147,180.3025,3.0902,0.0000,0.0000,0.0000
47.359,494.8367,-0.1890,238.9741,0.2510,3.8000,-0.4500,2.3147,180.3025,3.0902,0.0000,0.0000,0.0000
47.471,494.6027,-0.0814,238.8862,0.2510,3.8000,-0.4500,2.3147,180.3025,3.0902,0.0000,0.0000,0.0000
47.581,494.3681,0.0227,238.7929,0.2510,3.8000,-0.4500,2.3147,180.3025,3.0902,0.0000,0.0000,0.0000
47.693,494.1722,0.1066,238.7130,0.2510,3.8000,-0.4500,2.3147,180.3025,3.0902,0.0000,0.0000,0.0000
47.803,493.9365,0.2035,238.6159,0.2510,3.8000,-0.4500,2.3147,180.3025,3.0902,0.0000,0.0000,0.0000
47.914,493.7394,0.2809,238.5346,0.2510,3.8000,-0.4500,2.3147,180.3025,3.0902,0.0000,0.0000,0.0000
48.025,493.5017,0.3683,238.4368,0.2510,3.8000,-0.4500,2.3458,180.3042,3.0152,0.0000,0.0000,0.0000
48.136,493.3026,0.4369,238.3561,0.2510,3.8000,-0.4500,2.3720,180.3055,2.9383,0.0000,0.0000,0.0000
48.247,493.0616,0.5113,238.2614,0.2510,3.8000,-0.4500,2.3905,180.3064,2.6801,0.0000,0.0000,0.0000
48.359,492.8605,0.5711,238.1858,0.2510,3.8000,-0.4500,2.3916,180.3065,2.5969,0.0000,0.0000,0.0000
48.471,492.6161,0.6327,238.1001,0.2510,3.8000,-0.4500,2.3171,180.3033,2.2649,0.0000,0.0000,0.0000
48.581,492.3717,0.6925,238.0200,0.2510,3.8000,-0.4500,2.2853,180.3021,2.1847,0.0000,0.0000,0.0000
48.692,492.1650,0.7322,237.9591,0.2510,3.8000,-0.4500,2.1456,180.2972,1.8688,0.0000,0.0000,0.0000
48.802,491.9164,0.7768,237.8925,0.2510,3.8000,-0.4500,2.0253,180.2935,1.6561,0.0000,0.0000,0.0000
48.914,491.7079,0.8077,237.8429,0.2510,3.8000,-0.4500,1.8874,180.2897,1.4465,0.0000,0.0000,0.0000
49.025,491.4564,0.8390,237.7898,0.2510,3.8000,-0.4500,1.7341,180.2861,1.2372,0.0000,0.0000,0.0000
49.136,491.2456,0.8588,237.7485,0.2510,3.8000,-0.4500,1.5827,180.2831,1.0391,0.0000,0.0000,0.0000
49.247,490.9955,0.8774,237.6665,0.2510,3.8000,-0.4500,1.4660,180.2812,0.9016,0.0000,0.0000,0.0000
49.358,490.7888,0.8815,237.5561,0.2510,3.8000,-0.4500,1.1788,180.2775,0.5726,0.0000,0.0000,0.0000
49.470,490.5463,0.8877,237.3726,0.2510,3.8000,-0.4500,1.1216,180.2769,0.5115,0.0000,0.0000,0.0000
49.581,490.3053,0.8824,237.1496,0.2510,3.8000,-0.4500,0.8889,180.2754,0.2668,0.0000,0.0000,0.0000
49.692,490.1059,0.8740,236.9421,0.2510,3.8000,-0.4500,0.7141,180.2748,0.0921,0.0000,0.0000,0.0000
49.803,489.8682,0.8610,236.6753,0.2510,3.8000,-0.4500,0.5949,180.2748,359.9769,0.0000,0.0000,0.0000
49.914,489.6703,0.8456,236.4437,0.2510,3.8000,-0.4500,0.4760,180.2749,359.8642,0.0000,0.0000,0.0000
50.026,489.4326,0.8217,236.1593,0.2510,3.8000,-0.4500,0.2900,180.2756,359.6951,0.0000,0.0000,0.0000
50.136,489.2350,0.7989,235.9185,0.2510,3.8000,-0.4500,0.1661,180.2764,359.5865,0.0000,0.0000,0.0000
50.248,488.9970,0.7650,235.6279,0.2510,3.8000,-0.4500,359.9061,180.2788,359.3696,0.0000,0.0000,0.0000
50.358,488.8001,0.7385,235.3773,0.2510,3.8000,-0.4500,359.9061,180.2788,359.3696,0.0000,0.0000,0.0000
50.469,488.5650,0.6993,235.0472,0.2510,3.8000,-0.4500,359.7121,180.2812,359.2201,0.0000,0.0000,0.0000
50.581,488.3329,0.6601,234.6796,0.2510,3.8000,-0.4500,359.6463,180.2821,359.1712,0.0000,0.0000,0.0000
50.691,488.1405,0.6241,234.3508,0.2510,3.8000,-0.4500,359.5090,180.2842,359.0755,0.0000,0.0000,0.0000
50.817,487.9108,0.5783,233.9367,0.2510,3.8000,-0.4500,359.3014,180.2878,358.9412,0.0000,0.0000,0.0000
50.928,487.6830,0.5349,233.5064,0.2510,3.8000,-0.4500,359.3014,180.2878,358.9412,0.0000,0.0000,0.0000
51.039,487.4929,0.4949,233.1415,0.2510,3.8000,-0.4500,359.1544,180.2906,358.8608,0.0000,0.0000,0.0000
51.165,487.2277,0.4399,232.6241,0.2510,3.8000,-0.4500,359.0809,180.2921,358.8249,0.0000,0.0000,0.0000
51.275,487.0358,0.3964,232.2847,0.2510,3.8000,-0.4500,358.8513,180.2970,358.7278,0.0000,0.0000,0.0000
51.386,486.7988,0.3446,231.9752,0.2510,3.8000,-0.4500,358.8513,180.2970,358.7278,0.0000,0.0000,0.0000
51.497,486.5940,0.2963,231.8056,0.2510,3.8000,-0.4500,358.7739,180.2988,358.7047,0.0000,0.0000,0.0000
51.608,486.3425,0.2340,231.6939,0.2510,3.8000,-0.4500,358.6960,180.3005,358.6822,0.0000,0.0000,0.0000
51.719,486.1304,0.1786,231.6635,0.2510,3.8000,-0.4500,358.6146,180.3024,358.6667,0.0000,0.0000,0.0000
51.830,485.8753,0.1101,231.6753,0.2510,3.8000,-0.4500,358.6146,180.3024,358.6667,0.0000,0.0000,0.0000
51.941,485.6200,0.0371,231.7226,0.2510,3.8000,-0.4500,358.3643,180.3083,358.6394,0.0000,0.0000,0.0000
52.053,485.4076,-0.0226,231.7773,0.2510,3.8000,-0.4500,358.3643,180.3083,358.6394,0.0000,0.0000,0.0000
52.163,485.1532,-0.0944,231.8556,0.2510,3.8000,-0.4500,358.3643,180.3083,358.6394,0.0000,0.0000,0.0000
52.275,484.9417,-0.1542,231.9296,0.2510,3.8000,-0.4500,358.2846,180.3102,358.6517,0.0000,0.0000,0.0000
52.386,484.6883,-0.2251,232.0253,0.2510,3.8000,-0.4500,358.2071,180.3120,358.6661,0.0000,0.0000,0.0000
52.497,484.4775,-0.2829,232.1087,0.2510,3.8000,-0.4500,358.2071,180.3120,358.6661,0.0000,0.0000,0.0000
52.609,484.2253,-0.3510,232.2125,0.2510,3.8000,-0.4500,358.1341,180.3137,358.6964,0.0000,0.0000,0.0000
52.719,484.0153,-0.4063,232.3004,0.2510,3.8000,-0.4500,358.1341,180.3137,358.6964,0.0000,0.0000,0.0000
52.831,483.7645,-0.4699,232.4083,0.2510,3.8000,-0.4500,357.9267,180.3182,358.8375,0.0000,0.0000,0.0000
52.941,483.5131,-0.5322,232.5153,0.2510,3.8000,-0.4500,357.9267,180.3182,358.8375,0.0000,0.0000,0.0000
53.052,483.3039,-0.5824,232.6048,0.2510,3.8000,-0.4500,357.9267,180.3182,358.8375,0.0000,0.0000,0.0000
53.164,483.0544,-0.6381,232.7136,0.2510,3.8000,-0.4500,357.7704,180.3211,359.0309,0.0000,0.0000,0.0000
53.275,482.8457,-0.6843,232.8032,0.2510,3.8000,-0.4500,357.7704,180.3211,359.0309,0.0000,0.0000,0.0000
53.386,482.5953,-0.7375,232.9109,0.2510,3.8000,-0.4500,357.7704,180.3211,359.0309,0.0000,0.0000,0.0000
53.497,482.3879,-0.7777,233.0011,0.2510,3.8000,-0.4500,357.7036,180.3221,359.1835,0.0000,0.0000,0.0000
53.608,482.1380,-0.8263,233.1085,0.2510,3.8000,-0.4500,357.7036,180.3221,359.1835,0.0000,0.0000,0.0000
53.719,481.9300,-0.8651,233.1977,0.2510,3.8000,-0.4500,357.7036,180.3221,359.1835,0.0000,0.0000,0.0000
53.830,481.6811,-0.9086,233.3048,0.2510,3.8000,-0.4500,357.6891,180.3223,359.2642,0.0000,0.0000,0.0000
53.941,481.4318,-0.9515,233.4113,0.2510,3.8000,-0.4500,357.6891,180.3223,359.2642,0.0000,0.0000,0.0000
54.066,481.1824,-0.9929,233.5170,0.2510,3.8000,-0.4500,357.6891,180.3223,359.2642,0.0000,0.0000,0.0000
54.177,480.9745,-1.0264,233.6042,0.2510,3.8000,-0.4500,357.6891,180.3223,359.2642,0.0000,0.0000,0.0000
54.288,480.7252,-1.0654,233.7079,0.2510,3.8000,-0.4500,357.6891,180.3223,359.2642,0.0000,0.0000,0.0000
54.400,480.4756,-1.1033,233.8109,0.2510,3.8000,-0.4500,357.6891,180.3223,359.2642,0.0000,0.0000,0.0000
54.511,480.2676,-1.1339,233.8962,0.2510,3.8000,-0.4500,357.6891,180.3223,359.2642,0.0000,0.0000,0.0000
54.622,480.0178,-1.1697,233.9980,0.2510,3.8000,-0.4500,357.6891,180.3223,359.2641,0.0000,0.0000,0.0000
54.733,479.8094,-1.1986,234.0825,0.2510,3.8000,-0.4500,357.6891,180.3223,359.2641,0.0000,0.0000,0.0000
54.844,479.5596,-1.2306,234.1830,0.2510,3.8000,-0.4500,357.7591,180.3214,359.3144,0.0000,0.0000,0.0000
54.955,479.3516,-1.2548,234.2657,0.2510,3.8000,-0.4500,357.9002,180.3199,359.4079,0.0000,0.0000,0.0000
55.066,479.1009,-1.2859,234.3647,0.2510,3.8000,-0.4500,357.9002,180.3199,359.4079,0.0000,0.0000,0.0000
55.177,478.8919,-1.3087,234.4453,0.2510,3.8000,-0.4500,358.0569,180.3183,359.4550,0.0000,0.0000,0.0000
55.307,478.5987,-1.3394,234.5564,0.2510,3.8000,-0.4500,358.3005,180.3161,359.4831,0.0000,0.0000,0.0000
55.428,478.3469,-1.3662,234.6518,0.2510,3.8000,-0.4500,358.3005,180.3161,359.4831,0.0000,0.0000,0.0000
55.539,478.1367,-1.3849,234.7285,0.2510,3.8000,-0.4500,358.6401,180.3129,359.4660,0.0000,0.0000,0.0000
55.650,477.8846,-1.4089,234.8225,0.2510,3.8000,-0.4500,358.6401,180.3129,359.4660,0.0000,0.0000,0.0000
55.761,477.6315,-1.4296,234.9136,0.2510,3.8000,-0.4500,358.9765,180.3096,359.4038,0.0000,0.0000,0.0000
55.872,477.4208,-1.4471,234.9910,0.2510,3.8000,-0.4500,358.9765,180.3096,359.4038,0.0000,0.0000,0.0000
55.983,477.1673,-1.4658,235.0818,0.2510,3.8000,-0.4500,359.2166,180.3070,359.3420,0.0000,0.0000,0.0000
56.094,476.9559,-1.4804,235.1574,0.2510,3.8000,-0.4500,359.3742,180.3051,359.2949,0.0000,0.0000,0.0000
56.205,476.7021,-1.4968,235.2482,0.2510,3.8000,-0.4500,359.5276,180.3032,359.2463,0.0000,0.0000,0.0000
56.316,476.4902,-1.5094,235.3234,0.2510,3.8000,-0.4500,359.6820,180.3011,359.1931,0.0000,0.0000,0.0000
56.427,476.2360,-1.5234,235.4136,0.2510,3.8000,-0.4500,359.8344,180.2988,359.1381,0.0000,0.0000,0.0000
56.538,476.0238,-1.5341,235.4884,0.2510,3.8000,-0.4500,359.9886,180.2964,359.0791,0.0000,0.0000,0.0000
56.649,475.7693,-1.5460,235.5787,0.2510,3.8000,-0.4500,0.0646,180.2952,359.0497,0.0000,0.0000,0.0000
56.760,475.5141,-1.5569,235.6678,0.2510,3.8000,-0.4500,0.2896,180.2913,358.9572,0.0000,0.0000,0.0000
56.871,475.3017,-1.5653,235.7432,0.2510,3.8000,-0.4500,0.2896,180.2913,358.9572,0.0000,0.0000,0.0000
56.982,475.0460,-1.5747,235.8324,0.2510,3.8000,-0.4500,0.5175,180.2869,358.8556,0.0000,0.0000,0.0000
57.093,474.8332,-1.5820,235.9082,0.2510,3.8000,-0.4500,0.5175,180.2869,358.8556,0.0000,0.0000,0.0000
57.206,474.5774,-1.5904,235.9983,0.2510,3.8000,-0.4500,0.6646,180.2839,358.7850,0.0000,0.0000,0.0000
57.316,474.3642,-1.5971,236.0739,0.2510,3.8000,-0.4500,0.7402,180.2823,358.7459,0.0000,0.0000,0.0000
57.427,474.1080,-1.6050,236.1642,0.2510,3.8000,-0.4500,0.8898,180.2789,358.6676,0.0000,0.0000,0.0000
57.538,473.8944,-1.6115,236.2401,0.2510,3.8000,-0.4500,0.9596,180.2773,358.6279,0.0000,0.0000,0.0000
57.649,473.6381,-1.6193,236.3315,0.2510,3.8000,-0.4500,1.0293,180.2756,358.5878,0.0000,0.0000,0.0000
57.760,473.3815,-1.6273,236.4231,0.2510,3.8000,-0.4500,1.0991,180.2738,358.5434,0.0000,0.0000,0.0000
57.871,473.1673,-1.6342,236.4995,0.2510,3.8000,-0.4500,1.1687,180.2720,358.4987,0.0000,0.0000,0.0000
57.982,472.9105,-1.6424,236.5918,0.2510,3.8000,-0.4500,1.1687,180.2720,358.4987,0.0000,0.0000,0.0000
58.096,472.6957,-1.6504,236.6678,0.2510,3.8000,-0.4500,1.3059,180.2683,358.3982,0.0000,0.0000,0.0000
58.204,472.4386,-1.6595,236.7602,0.2510,3.8000,-0.4500,1.3059,180.2683,358.3982,0.0000,0.0000,0.0000
58.316,472.2243,-1.6675,236.8374,0.2510,3.8000,-0.4500,1.3059,180.2683,358.3982,0.0000,0.0000,0.0000
58.427,471.9666,-1.6781,236.9296,0.2510,3.8000,-0.4500,1.3703,180.2665,358.3438,0.0000,0.0000,0.0000
58.538,471.7522,-1.6869,237.0070,0.2510,3.8000,-0.4500,1.3703,180.2664,358.3438,0.0000,0.0000,0.0000
58.649,471.4941,-1.6990,237.0993,0.2510,3.8000,-0.4500,1.4918,180.2628,358.2318,0.0000,0.0000,0.0000
58.761,471.2366,-1.7106,237.1928,0.2510,3.8000,-0.4500,1.4918,180.2628,358.2318,0.0000,0.0000,0.0000
58.872,471.0219,-1.7205,237.2710,0.2510,3.8000,-0.4500,1.4918,180.2628,358.2318,0.0000,0.0000,0.0000
58.982,470.7642,-1.7327,237.3647,0.2510,3.8000,-0.4500,1.4918,180.2628,358.2318,0.0000,0.0000,0.0000
59.093,470.5494,-1.7430,237.4428,0.2510,3.8000,-0.4500,1.4918,180.2628,358.2318,0.0000,0.0000,0.0000
59.205,470.2916,-1.7554,237.5364,0.2510,3.8000,-0.4500,1.4918,180.2628,358.2318,0.0000,0.0000,0.0000
59.316,470.0767,-1.7656,237.6145,0.2510,3.8000,-0.4500,1.4918,180.2628,358.2318,0.0000,0.0000,0.0000
59.427,469.8189,-1.7776,237.7080,0.2510,3.8000,-0.4500,1.4918,180.2628,358.2318,0.0000,0.0000,0.0000
59.538,469.6041,-1.7872,237.7860,0.2510,3.8000,-0.4500,1.4918,180.2628,358.2318,0.0000,0.0000,0.0000
59.649,469.3464,-1.7980,237.8796,0.2510,3.8000,-0.4500,1.4918,180.2628,358.2318,0.0000,0.0000,0.0000
59.760,469.0887,-1.8077,237.9731,0.2510,3.8000,-0.4500,1.4918,180.2628,358.2318,0.0000,0.0000,0.0000
59.886,468.8312,-1.8161,238.0664,0.2510,3.8000,-0.4500,1.4918,180.2628,358.2318,0.0000,0.0000,0.0000
59.997,468.6167,-1.8219,238.1442,0.2510,3.8000,-0.4500,1.4918,180.2628,358.2318,0.0000,0.0000,0.0000
60.107,468.3595,-1.8270,238.2374,0.2510,3.8000,-0.4500,1.4918,180.2628,358.2318,0.0000,0.0000,0.0000
60.218,468.1454,-1.8296,238.3151,0.2510,3.8000,-0.4500,1.4918,180.2628,358.2318,0.0000,0.0000,0.0000
60.329,467.8885,-1.8305,238.4081,0.2510,3.8000,-0.4500,1.4918,180.2628,358.2318,0.0000,0.0000,0.0000
60.440,467.6322,-1.8285,238.5009,0.2510,3.8000,-0.4500,1.4918,180.2628,358.2318,0.0000,0.0000,0.0000
60.553,467.4187,-1.8245,238.5782,0.2510,3.8000,-0.4500,1.4918,180.2628,358.2318,0.0000,0.0000,0.0000
60.663,467.1627,-1.8165,238.6699,0.2510,3.8000,-0.4500,1.4918,180.2628,358.2318,0.0000,0.0000,0.0000
60.774,466.9495,-1.8072,238.7438,0.2510,3.8000,-0.4500,1.4918,180.2628,358.2318,0.0000,0.0000,0.0000
60.886,466.6946,-1.7895,238.8279,0.2510,3.8000,-0.4500,1.6048,180.2594,358.3492,0.0000,0.0000,0.0000
60.997,466.4825,-1.7710,238.8949,0.2510,3.8000,-0.4500,1.7066,180.2566,358.4821,0.0000,0.0000,0.0000
61.108,466.2281,-1.7457,238.9717,0.2510,3.8000,-0.4500,1.8004,180.2543,358.6135,0.0000,0.0000,0.0000
61.219,466.0161,-1.7221,239.0333,0.2510,3.8000,-0.4500,1.8378,180.2534,358.6880,0.0000,0.0000,0.0000
61.330,465.7630,-1.6867,239.1039,0.2510,3.8000,-0.4500,1.9452,180.2511,358.9142,0.0000,0.0000,0.0000
61.441,465.5099,-1.6481,239.1719,0.2510,3.8000,-0.4500,2.0026,180.2501,359.0684,0.0000,0.0000,0.0000
61.552,465.2998,-1.6102,239.2248,0.2510,3.8000,-0.4500,2.0826,180.2490,359.3026,0.0000,0.0000,0.0000
61.663,465.0464,-1.5630,239.2742,0.2510,3.8000,-0.4500,2.1284,180.2485,359.4594,0.0000,0.0000,0.0000
61.775,464.8342,-1.5214,239.3011,0.2510,3.8000,-0.4500,2.1501,180.2483,359.5373,0.0000,0.0000,0.0000
61.886,464.5807,-1.4630,239.3175,0.2510,3.8000,-0.4500,2.2323,180.2478,359.8649,0.0000,0.0000,0.0000
61.997,464.3681,-1.4148,239.3192,0.2510,3.8000,-0.4500,2.2509,180.2478,359.9480,0.0000,0.0000,0.0000
62.107,464.1146,-1.3499,239.3109,0.2510,3.8000,-0.4500,2.3055,180.2479,0.1983,0.0000,0.0000,0.0000
62.219,463.9036,-1.2934,239.2983,0.2510,3.8000,-0.4500,2.3378,180.2480,0.3579,0.0000,0.0000,0.0000
62.330,463.6515,-1.2222,239.2773,0.2510,3.8000,-0.4500,2.3691,180.2483,0.5179,0.0000,0.0000,0.0000
62.441,463.4019,-1.1438,239.2480,0.2510,3.8000,-0.4500,2.4285,180.2490,0.8444,0.0000,0.0000,0.0000
62.552,463.1942,-1.0809,239.2071,0.2510,3.8000,-0.4500,2.4285,180.2490,0.8444,0.0000,0.0000,0.0000
62.663,462.9499,-0.9984,239.1316,0.2510,3.8000,-0.4500,2.4696,180.2497,1.0914,0.0000,0.0000,0.0000
62.775,462.7477,-0.9301,239.0498,0.2510,3.8000,-0.4500,2.4824,180.2499,1.1737,0.0000,0.0000,0.0000
62.885,462.5081,-0.8448,238.9339,0.2510,3.8000,-0.4500,2.5077,180.2505,1.3382,0.0000,0.0000,0.0000
62.997,462.3095,-0.7730,238.8267,0.2510,3.8000,-0.4500,2.5194,180.2508,1.4214,0.0000,0.0000,0.0000
63.108,462.0733,-0.6836,238.6891,0.2510,3.8000,-0.4500,2.5424,180.2514,1.5869,0.0000,0.0000,0.0000
63.219,461.8765,-0.6102,238.5694,0.2510,3.8000,-0.4500,2.5424,180.2514,1.5869,0.0000,0.0000,0.0000
63.331,461.6424,-0.5175,238.4209,0.2510,3.8000,-0.4500,2.5626,180.2520,1.7493,0.0000,0.0000,0.0000
63.442,461.4087,-0.4250,238.2666,0.2510,3.8000,-0.4500,2.5724,180.2523,1.8301,0.0000,0.0000,0.0000
63.552,461.2142,-0.3484,238.1340,0.2510,3.8000,-0.4500,2.5724,180.2523,1.8301,0.0000,0.0000,0.0000
63.663,460.9803,-0.2812,237.9723,0.2510,3.8000,-0.4500,2.5724,180.2523,1.8301,0.0000,0.0000,0.0000
63.775,460.7823,-0.2502,237.8366,0.2510,3.8000,-0.4500,2.5822,180.2526,1.7143,0.0000,0.0000,0.0000
63.886,460.5320,-0.2337,237.6735,0.2510,3.8000,-0.4500,2.6317,180.2536,0.4659,0.0000,0.0000,0.0000
63.999,460.3172,-0.2634,237.5410,0.2510,3.8000,-0.4500,2.6580,180.2535,359.1595,0.0000,0.0000,0.0000
64.107,460.0607,-0.2986,237.3821,0.2510,3.8000,-0.4500,2.6754,180.2531,358.1585,0.0000,0.0000,0.0000
64.219,459.8499,-0.3174,237.2473,0.2510,3.8000,-0.4500,2.6786,180.2530,357.9652,0.0000,0.0000,0.0000
64.330,459.5975,-0.3352,237.0832,0.2510,3.8000,-0.4500,2.6786,180.2530,357.9652,0.0000,0.0000,0.0000
64.455,459.3447,-0.3508,236.9177,0.2510,3.8000,-0.4500,2.6786,180.2530,357.9652,0.0000,0.0000,0.0000
64.566,459.0918,-0.3635,236.7523,0.2510,3.8000,-0.4500,2.6786,180.2530,357.9652,0.0000,0.0000,0.0000
64.677,458.8805,-0.3713,236.6206,0.2510,3.8000,-0.4500,2.6786,180.2530,357.9653,0.0000,0.0000,0.0000
64.788,458.6261,-0.3773,236.4729,0.2510,3.8000,-0.4500,2.6786,180.2530,357.9653,0.0000,0.0000,0.0000
64.899,458.4138,-0.3795,236.3574,0.2510,3.8000,-0.4500,2.6786,180.2530,357.9652,0.0000,0.0000,0.0000
65.011,458.1585,-0.3789,236.2258,0.2510,3.8000,-0.4500,2.6786,180.2530,357.9652,0.0000,0.0000,0.0000
65.121,457.9031,-0.3748,236.0993,0.2510,3.8000,-0.4500,2.6786,180.2530,357.9652,0.0000,0.0000,0.0000
65.232,457.6905,-0.3689,235.9965,0.2510,3.8000,-0.4500,2.6786,180.2530,357.9653,0.0000,0.0000,0.0000
65.344,457.4355,-0.3588,235.8750,0.2510,3.8000,-0.4500,2.6786,180.2530,357.9652,0.0000,0.0000,0.0000
65.454,457.2233,-0.3477,235.7748,0.2510,3.8000,-0.4500,2.6786,180.2530,357.9652,0.0000,0.0000,0.0000
65.566,456.9703,-0.3268,235.6552,0.2510,3.8000,-0.4500,2.6889,180.2527,358.2102,0.0000,0.0000,0.0000
65.677,456.7586,-0.3103,235.5571,0.2510,3.8000,-0.4500,2.6889,180.2527,358.2102,0.0000,0.0000,0.0000
65.788,456.5066,-0.2828,235.4403,0.2510,3.8000,-0.4500,2.6999,180.2523,358.4625,0.0000,0.0000,0.0000
65.899,456.2957,-0.2577,235.3524,0.2510,3.8000,-0.4500,2.7072,180.2522,358.6253,0.0000,0.0000,0.0000
66.011,456.0405,-0.2250,235.2859,0.2510,3.8000,-0.4500,2.7109,180.2521,358.7042,0.0000,0.0000,0.0000
66.121,455.7851,-0.1850,235.2656,0.2510,3.8000,-0.4500,2.7189,180.2519,358.8692,0.0000,0.0000,0.0000
66.232,455.5734,-0.1459,235.2716,0.2510,3.8000,-0.4500,2.7322,180.2517,359.1197,0.0000,0.0000,0.0000
66.344,455.3181,-0.1002,235.2971,0.2510,3.8000,-0.4500,2.7322,180.2517,359.1197,0.0000,0.0000,0.0000
66.455,455.1072,-0.0563,235.3280,0.2510,3.8000,-0.4500,2.7414,180.2515,359.2810,0.0000,0.0000,0.0000
66.565,454.8547,-0.0008,235.3748,0.2510,3.8000,-0.4500,2.7511,180.2514,359.4454,0.0000,0.0000,0.0000
66.677,454.6443,0.0454,235.4211,0.2510,3.8000,-0.4500,2.7511,180.2514,359.4454,0.0000,0.0000,0.0000
66.788,454.3945,0.1081,235.4826,0.2510,3.8000,-0.4500,2.7658,180.2513,359.6925,0.0000,0.0000,0.0000
66.899,454.1856,0.1587,235.5378,0.2510,3.8000,-0.4500,2.7658,180.2513,359.6925,0.0000,0.0000,0.0000
67.011,453.9368,0.2245,235.6067,0.2510,3.8000,-0.4500,2.7743,180.2513,359.8564,0.0000,0.0000,0.0000
67.122,453.6876,0.2894,235.6777,0.2510,3.8000,-0.4500,2.7743,180.2513,359.8564,0.0000,0.0000,0.0000
67.232,453.4810,0.3463,235.7379,0.2510,3.8000,-0.4500,2.7776,180.2513,359.9380,0.0000,0.0000,0.0000
67.343,453.2344,0.4186,235.8105,0.2510,3.8000,-0.4500,2.7828,180.2513,0.1865,0.0000,0.0000,0.0000
67.455,453.0278,0.4759,235.8696,0.2510,3.8000,-0.4500,2.7828,180.2513,0.1865,0.0000,0.0000,0.0000
67.579,452.7797,0.5454,235.9367,0.2510,3.8000,-0.4500,2.7828,180.2513,0.1865,0.0000,0.0000,0.0000
67.691,452.5314,0.6153,235.9998,0.2510,3.8000,-0.4500,2.7828,180.2513,0.1865,0.0000,0.0000,0.0000
67.803,452.2830,0.6852,236.0598,0.2510,3.8000,-0.4500,2.7828,180.2513,0.1865,0.0000,0.0000,0.0000
67.913,452.0767,0.7446,236.1083,0.2510,3.8000,-0.4500,2.7734,180.2513,0.2682,0.0000,0.0000,0.0000
68.025,451.8292,0.8151,236.1653,0.2510,3.8000,-0.4500,2.7636,180.2512,0.3487,0.0000,0.0000,0.0000
68.135,451.6225,0.8722,236.2123,0.2510,3.8000,-0.4500,2.7636,180.2512,0.3487,0.0000,0.0000,0.0000
68.246,451.3741,0.9396,236.2671,0.2510,3.8000,-0.4500,2.7636,180.2512,0.3487,0.0000,0.0000,0.0000
68.357,451.1659,0.9943,236.2968,0.2510,3.8000,-0.4500,2.7636,180.2512,0.3487,0.0000,0.0000,0.0000
68.468,450.9151,1.0570,236.2989,0.2510,3.8000,-0.4500,2.7636,180.2512,0.3487,0.0000,0.0000,0.0000
68.580,450.6649,1.1163,236.2680,0.2510,3.8000,-0.4500,2.7636,180.2512,0.3487,0.0000,0.0000,0.0000
68.691,450.4571,1.1633,236.2228,0.2510,3.8000,-0.4500,2.7636,180.2512,0.3487,0.0000,0.0000,0.0000
68.802,450.2084,1.2167,236.1521,0.2510,3.8000,-0.4500,2.7636,180.2512,0.3487,0.0000,0.0000,0.0000
68.913,450.0016,1.2588,236.0839,0.2510,3.8000,-0.4500,2.7636,180.2512,0.3487,0.0000,0.0000,0.0000
69.038,449.7535,1.3066,235.9950,0.2510,3.8000,-0.4500,2.7636,180.2512,0.3487,0.0000,0.0000,0.0000
69.149,449.5056,1.3512,235.9009,0.2510,3.8000,-0.4500,2.7636,180.2512,0.3487,0.0000,0.0000,0.0000
69.261,449.2585,1.3922,235.7962,0.2510,3.8000,-0.4500,2.6856,180.2507,0.3741,0.0000,0.0000,0.0000
69.371,449.0534,1.4236,235.6959,0.2510,3.8000,-0.4500,2.6856,180.2507,0.3741,0.0000,0.0000,0.0000
69.483,448.8083,1.4570,235.5632,0.2510,3.8000,-0.4500,2.5199,180.2496,0.3965,0.0000,0.0000,0.0000
69.593,448.6045,1.4819,235.4436,0.2510,3.8000,-0.4500,2.4371,180.2491,0.3914,0.0000,0.0000,0.0000
69.705,448.3601,1.5085,235.2929,0.2510,3.8000,-0.4500,2.3542,180.2485,0.3849,0.0000,0.0000,0.0000
69.815,448.1565,1.5266,235.1641,0.2510,3.8000,-0.4500,2.1931,180.2475,0.3504,0.0000,0.0000,0.0000
69.927,447.9120,1.5459,235.0060,0.2510,3.8000,-0.4500,2.1131,180.2470,0.3226,0.0000,0.0000,0.0000
70.038,447.7079,1.5580,234.8735,0.2510,3.8000,-0.4500,1.9549,180.2462,0.2645,0.0000,0.0000,0.0000
70.149,447.4629,1.5705,234.7128,0.2510,3.8000,-0.4500,1.8817,180.2459,0.2300,0.0000,0.0000,0.0000
70.260,447.2171,1.5768,234.5518,0.2510,3.8000,-0.4500,1.6584,180.2452,0.1107,0.0000,0.0000,0.0000
70.371,447.0127,1.5824,234.4151,0.2510,3.8000,-0.4500,1.6584,180.2452,0.1107,0.0000,0.0000,0.0000
70.482,446.7664,1.5817,234.2512,0.2510,3.8000,-0.4500,1.4425,180.2450,359.9749,0.0000,0.0000,0.0000
70.593,446.5618,1.5819,234.1125,0.2510,3.8000,-0.4500,1.4425,180.2450,359.9749,0.0000,0.0000,0.0000
70.705,446.3151,1.5749,233.9472,0.2510,3.8000,-0.4500,1.2353,180.2454,359.8336,0.0000,0.0000,0.0000
70.816,446.1101,1.5700,233.8080,0.2510,3.8000,-0.4500,1.2353,180.2454,359.8336,0.0000,0.0000,0.0000
70.927,445.8632,1.5585,233.6418,0.2510,3.8000,-0.4500,1.1013,180.2459,359.7390,0.0000,0.0000,0.0000
71.037,445.6572,1.5461,233.5035,0.2510,3.8000,-0.4500,0.9682,180.2466,359.6448,0.0000,0.0000,0.0000
71.149,445.4101,1.5306,233.3376,0.2510,3.8000,-0.4500,0.9001,180.2470,359.5976,0.0000,0.0000,0.0000
71.260,445.1628,1.5125,233.1733,0.2510,3.8000,-0.4500,0.8317,180.2475,359.5503,0.0000,0.0000,0.0000
71.371,444.9562,1.4940,233.0382,0.2510,3.8000,-0.4500,0.6952,180.2487,359.4594,0.0000,0.0000,0.0000
71.482,444.7087,1.4729,232.8761,0.2510,3.8000,-0.4500,0.6952,180.2487,359.4594,0.0000,0.0000,0.0000
71.593,444.5020,1.4525,232.7424,0.2510,3.8000,-0.4500,0.6249,180.2494,359.4160,0.0000,0.0000,0.0000
71.704,444.2536,1.4253,232.5830,0.2510,3.8000,-0.4500,0.4817,180.2510,359.3321,0.0000,0.0000,0.0000
71.816,444.0470,1.4037,232.4497,0.2510,3.8000,-0.4500,0.4817,180.2510,359.3321,0.0000,0.0000,0.0000
71.927,443.7985,1.3740,232.2913,0.2510,3.8000,-0.4500,0.3336,180.2528,359.2588,0.0000,0.0000,0.0000
72.037,443.5919,1.3505,232.1589,0.2510,3.8000,-0.4500,0.3336,180.2528,359.2588,0.0000,0.0000,0.0000
72.148,443.3436,1.3193,232.0018,0.2510,3.8000,-0.4500,0.1806,180.2549,359.2009,0.0000,0.0000,0.0000
72.260,443.0959,1.2898,231.8442,0.2510,3.8000,-0.4500,0.1806,180.2549,359.2009,0.0000,0.0000,0.0000
72.371,442.8894,1.2648,231.7134,0.2510,3.8000,-0.4500,0.1806,180.2549,359.2009,0.0000,0.0000,0.0000
72.482,442.6413,1.2329,231.5578,0.2510,3.8000,-0.4500,0.0225,180.2571,359.1660,0.0000,0.0000,0.0000
72.593,442.4348,1.2078,231.4276,0.2510,3.8000,-0.4500,0.0225,180.2571,359.1660,0.0000,0.0000,0.0000
72.704,442.1871,1.1773,231.2722,0.2510,3.8000,-0.4500,359.9433,180.2583,359.1619,0.0000,0.0000,0.0000
72.815,441.9808,1.1526,231.1425,0.2510,3.8000,-0.4500,359.9433,180.2583,359.1619,0.0000,0.0000,0.0000
72.926,441.7335,1.1228,230.9875,0.2510,3.8000,-0.4500,359.8641,180.2594,359.1652,0.0000,0.0000,0.0000
73.037,441.5275,1.0989,230.8581,0.2510,3.8000,-0.4500,359.8641,180.2594,359.1652,0.0000,0.0000,0.0000
73.148,441.2807,1.0699,230.7042,0.2510,3.8000,-0.4500,359.7064,180.2617,359.1890,0.0000,0.0000,0.0000
73.259,441.0749,1.0468,230.5752,0.2510,3.8000,-0.4500,359.7064,180.2617,359.1890,0.0000,0.0000,0.0000
73.371,440.8284,1.0194,230.4213,0.2510,3.8000,-0.4500,359.6299,180.2628,359.2132,0.0000,0.0000,0.0000
73.482,440.5822,0.9925,230.2676,0.2510,3.8000,-0.4500,359.5540,180.2638,359.2379,0.0000,0.0000,0.0000
73.607,440.3359,0.9660,230.1136,0.2510,3.8000,-0.4500,359.5540,180.2638,359.2379,0.0000,0.0000,0.0000
73.719,440.1309,0.9440,229.9855,0.2510,3.8000,-0.4500,359.5540,180.2638,359.2379,0.0000,0.0000,0.0000
73.829,439.8853,0.9174,229.8330,0.2510,3.8000,-0.4500,359.4037,180.2657,359.3014,0.0000,0.0000,0.0000
73.940,439.6394,0.8903,229.6797,0.2510,3.8000,-0.4500,359.4037,180.2657,359.3014,0.0000,0.0000,0.0000
74.051,439.4345,0.8672,229.5523,0.2510,3.8000,-0.4500,359.4037,180.2657,359.3014,0.0000,0.0000,0.0000
74.162,439.1886,0.8386,229.3995,0.2510,3.8000,-0.4500,359.4037,180.2657,359.3014,0.0000,0.0000,0.0000
74.274,438.9840,0.8135,229.2734,0.2510,3.8000,-0.4500,359.2476,180.2676,359.3511,0.0000,0.0000,0.0000
74.384,438.7380,0.7828,229.1210,0.2510,3.8000,-0.4500,359.2476,180.2676,359.3511,0.0000,0.0000,0.0000
74.496,438.5330,0.7563,228.9942,0.2510,3.8000,-0.4500,359.2476,180.2676,359.3511,0.0000,0.0000,0.0000
74.607,438.2868,0.7232,228.8421,0.2510,3.8000,-0.4500,359.2476,180.2676,359.3511,0.0000,0.0000,0.0000
74.719,438.0817,0.6942,228.7161,0.2510,3.8000,-0.4500,359.1694,180.2684,359.3583,0.0000,0.0000,0.0000
74.829,437.8353,0.6589,228.5643,0.2510,3.8000,-0.4500,359.1694,180.2684,359.3583,0.0000,0.0000,0.0000
74.940,437.5888,0.6225,228.4126,0.2510,3.8000,-0.4500,359.1694,180.2684,359.3584,0.0000,0.0000,0.0000
75.052,437.3832,0.5913,228.2862,0.2510,3.8000,-0.4500,359.1694,180.2684,359.3584,0.0000,0.0000,0.0000
75.162,437.1365,0.5530,228.1347,0.2510,3.8000,-0.4500,359.1694,180.2684,359.3584,0.0000,0.0000,0.0000
75.273,436.9308,0.5204,228.0083,0.2510,3.8000,-0.4500,359.1694,180.2684,359.3584,0.0000,0.0000,0.0000
75.385,436.6838,0.4808,227.8567,0.2510,3.8000,-0.4500,359.1694,180.2684,359.3584,0.0000,0.0000,0.0000
75.496,436.4779,0.4473,227.7304,0.2510,3.8000,-0.4500,359.1694,180.2684,359.3584,0.0000,0.0000,0.0000
75.607,436.2307,0.4059,227.5793,0.2510,3.8000,-0.4500,359.0892,180.2693,359.3429,0.0000,0.0000,0.0000
75.718,436.0246,0.3711,227.4533,0.2510,3.8000,-0.4500,359.0104,180.2702,359.3274,0.0000,0.0000,0.0000
75.830,435.7774,0.3304,227.3013,0.2510,3.8000,-0.4500,359.0104,180.2702,359.3274,0.0000,0.0000,0.0000
75.940,435.5302,0.2898,227.1491,0.2510,3.8000,-0.4500,359.0104,180.2702,359.3274,0.0000,0.0000,0.0000
76.053,435.3242,0.2562,227.0221,0.2510,3.8000,-0.4500,359.0104,180.2702,359.3274,0.0000,0.0000,0.0000
76.162,435.0770,0.2163,226.8697,0.2510,3.8000,-0.4500,359.0104,180.2702,359.3274,0.0000,0.0000,0.0000
76.274,434.8710,0.1835,226.7426,0.2510,3.8000,-0.4500,359.0104,180.2702,359.3274,0.0000,0.0000,0.0000
76.385,434.6238,0.1450,226.5899,0.2510,3.8000,-0.4500,359.0104,180.2702,359.3274,0.0000,0.0000,0.0000
76.496,434.4179,0.1136,226.4627,0.2510,3.8000,-0.4500,359.0104,180.2702,359.3274,0.0000,0.0000,0.0000
76.607,434.1707,0.0770,226.3105,0.2510,3.8000,-0.4500,359.0104,180.2702,359.3274,0.0000,0.0000,0.0000
76.718,433.9647,0.0474,226.1841,0.2510,3.8000,-0.4500,359.0104,180.2702,359.3274,0.0000,0.0000,0.0000
76.830,433.7176,0.0132,226.0330,0.2510,3.8000,-0.4500,359.0104,180.2702,359.3274,0.0000,0.0000,0.0000
76.940,433.4706,-0.0193,225.8823,0.2510,3.8000,-0.4500,359.0104,180.2702,359.3274,0.0000,0.0000,0.0000
77.052,433.2648,-0.0451,225.7569,0.2510,3.8000,-0.4500,359.0104,180.2702,359.3274,0.0000,0.0000,0.0000
77.162,433.0179,-0.0743,225.6065,0.2510,3.8000,-0.4500,359.0104,180.2702,359.3274,0.0000,0.0000,0.0000
77.274,432.8123,-0.0970,225.4811,0.2510,3.8000,-0.4500,359.0104,180.2702,359.3274,0.0000,0.0000,0.0000
77.385,432.5655,-0.1223,225.3306,0.2510,3.8000,-0.4500,359.0104,180.2702,359.3274,0.0000,0.0000,0.0000
77.497,432.3600,-0.1416,225.2050,0.2510,3.8000,-0.4500,359.0104,180.2702,359.3274,0.0000,0.0000,0.0000
77.607,432.1136,-0.1624,225.0543,0.2510,3.8000,-0.4500,359.0104,180.2702,359.3274,0.0000,0.0000,0.0000
77.718,431.9080,-0.1777,224.9351,0.2510,3.8000,-0.4500,359.0104,180.2702,359.3274,0.0000,0.0000,0.0000
77.830,431.6584,-0.1940,224.8271,0.2510,3.8000,-0.4500,359.0104,180.2702,359.3274,0.0000,0.0000,0.0000
77.940,431.4054,-0.2076,224.7645,0.2510,3.8000,-0.4500,359.0104,180.2702,359.3274,0.0000,0.0000,0.0000
78.052,431.1932,-0.2167,224.7446,0.2510,3.8000,-0.4500,359.0104,180.2702,359.3274,0.0000,0.0000,0.0000
78.176,430.9385,-0.2229,224.7465,0.2510,3.8000,-0.4500,359.0533,180.2697,359.3985,0.0000,0.0000,0.0000
78.287,430.6844,-0.2240,224.7664,0.2510,3.8000,-0.4500,359.1406,180.2689,359.5395,0.0000,0.0000,0.0000
78.399,430.4731,-0.2219,224.7915,0.2510,3.8000,-0.4500,359.2315,180.2683,359.6737,0.0000,0.0000,0.0000
78.510,430.2193,-0.2184,224.8282,0.2510,3.8000,-0.4500,359.2763,180.2681,359.7395,0.0000,0.0000,0.0000
78.622,429.9661,-0.2119,224.8707,0.2510,3.8000,-0.4500,359.3209,180.2679,359.8055,0.0000,0.0000,0.0000
78.731,429.7560,-0.2039,224.9125,0.2510,3.8000,-0.4500,359.3649,180.2678,359.8754,0.0000,0.0000,0.0000
78.843,429.5049,-0.1923,224.9704,0.2510,3.8000,-0.4500,359.4086,180.2677,359.9456,0.0000,0.0000,0.0000
78.954,429.2963,-0.1807,225.0237,0.2510,3.8000,-0.4500,359.4478,180.2677,0.0153,0.0000,0.0000,0.0000
79.066,429.0467,-0.1650,225.0921,0.2510,3.8000,-0.4500,359.4845,180.2677,0.0863,0.0000,0.0000,0.0000
79.176,428.8392,-0.1503,225.1517,0.2510,3.8000,-0.4500,359.5171,180.2678,0.1617,0.0000,0.0000,0.0000
79.287,428.5908,-0.1315,225.2253,0.2510,3.8000,-0.4500,359.5450,180.2679,0.2398,0.0000,0.0000,0.0000
79.398,428.3843,-0.1146,225.2878,0.2510,3.8000,-0.4500,359.5719,180.2680,0.3178,0.0000,0.0000,0.0000
79.510,428.1363,-0.0953,225.3641,0.2510,3.8000,-0.4500,359.5719,180.2680,0.3178,0.0000,0.0000,0.0000
79.621,427.8898,-0.0721,225.4410,0.2510,3.8000,-0.4500,359.5984,180.2682,0.4828,0.0000,0.0000,0.0000
79.732,427.6836,-0.0549,225.5055,0.2510,3.8000,-0.4500,359.5984,180.2682,0.4828,0.0000,0.0000,0.0000
79.843,427.4367,-0.0327,225.5792,0.2510,3.8000,-0.4500,359.5993,180.2682,0.5621,0.0000,0.0000,0.0000
79.956,427.2301,-0.0153,225.6353,0.2510,3.8000,-0.4500,359.5993,180.2682,0.5621,0.0000,0.0000,0.0000
80.066,426.9824,0.0067,225.6967,0.2510,3.8000,-0.4500,359.5907,180.2681,0.6412,0.0000,0.0000,0.0000
80.176,426.7753,0.0236,225.7443,0.2510,3.8000,-0.4500,359.5907,180.2681,0.6412,0.0000,0.0000,0.0000
80.287,426.5272,0.0446,225.7986,0.2510,3.8000,-0.4500,359.5698,180.2679,0.7194,0.0000,0.0000,0.0000
80.399,426.3199,0.0604,225.8417,0.2510,3.8000,-0.4500,359.5698,180.2679,0.7194,0.0000,0.0000,0.0000
80.510,426.0717,0.0805,225.8882,0.2510,3.8000,-0.4500,359.5022,180.2670,0.8685,0.0000,0.0000,0.0000
80.621,425.8221,0.0974,225.9284,0.2510,3.8000,-0.4500,359.5022,180.2670,0.8685,0.0000,0.0000,0.0000
80.732,425.6137,0.1104,225.9584,0.2510,3.8000,-0.4500,359.5022,180.2670,0.8685,0.0000,0.0000,0.0000
80.844,425.3639,0.1253,225.9920,0.2510,3.8000,-0.4500,359.4509,180.2662,0.9314,0.0000,0.0000,0.0000
80.954,425.1552,0.1358,226.0188,0.2510,3.8000,-0.4500,359.4509,180.2662,0.9314,0.0000,0.0000,0.0000
81.066,424.9052,0.1472,226.0511,0.2510,3.8000,-0.4500,359.3910,180.2651,0.9875,0.0000,0.0000,0.0000
81.176,424.6966,0.1550,226.0784,0.2510,3.8000,-0.4500,359.3232,180.2639,1.0361,0.0000,0.0000,0.0000
81.301,424.4049,0.1634,226.1176,0.2510,3.8000,-0.4500,359.2550,180.2627,1.0834,0.0000,0.0000,0.0000
81.412,424.1961,0.1673,226.1464,0.2510,3.8000,-0.4500,359.2550,180.2627,1.0834,0.0000,0.0000,0.0000
81.524,423.9457,0.1699,226.1822,0.2510,3.8000,-0.4500,359.1805,180.2613,1.1179,0.0000,0.0000,0.0000
81.635,423.7371,0.1700,226.2134,0.2510,3.8000,-0.4500,359.0244,180.2581,1.1727,0.0000,0.0000,0.0000
81.746,423.4863,0.1684,226.2509,0.2510,3.8000,-0.4500,359.0244,180.2581,1.1727,0.0000,0.0000,0.0000
81.858,423.2774,0.1649,226.2832,0.2510,3.8000,-0.4500,358.9458,180.2565,1.1893,0.0000,0.0000,0.0000
81.969,423.0263,0.1592,226.3221,0.2510,3.8000,-0.4500,358.9458,180.2565,1.1893,0.0000,0.0000,0.0000
82.080,422.7752,0.1502,226.3627,0.2510,3.8000,-0.4500,358.7777,180.2530,1.2070,0.0000,0.0000,0.0000
82.191,422.5658,0.1420,226.3960,0.2510,3.8000,-0.4500,358.7777,180.2530,1.2070,0.0000,0.0000,0.0000
82.301,422.3143,0.1291,226.4375,0.2510,3.8000,-0.4500,358.6120,180.2495,1.2064,0.0000,0.0000,0.0000
82.413,422.1047,0.1181,226.4713,0.2510,3.8000,-0.4500,358.6120,180.2495,1.2064,0.0000,0.0000,0.0000
82.524,421.8529,0.1035,226.5121,0.2510,3.8000,-0.4500,358.6120,180.2495,1.2064,0.0000,0.0000,0.0000
82.635,421.6429,0.0895,226.5468,0.2510,3.8000,-0.4500,358.5283,180.2478,1.1972,0.0000,0.0000,0.0000
82.760,421.3486,0.0680,226.5956,0.2510,3.8000,-0.4500,358.3655,180.2444,1.1784,0.0000,0.0000,0.0000
82.871,421.1383,0.0531,226.6295,0.2510,3.8000,-0.4500,358.3655,180.2444,1.1784,0.0000,0.0000,0.0000
82.982,420.8860,0.0347,226.6702,0.2510,3.8000,-0.4500,358.3655,180.2444,1.1784,0.0000,0.0000,0.0000
83.093,420.6757,0.0192,226.7042,0.2510,3.8000,-0.4500,358.3655,180.2444,1.1784,0.0000,0.0000,0.0000
83.204,420.4233,0.0005,226.7449,0.2510,3.8000,-0.4500,358.3655,180.2444,1.1784,0.0000,0.0000,0.0000
83.315,420.2130,-0.0147,226.7788,0.2510,3.8000,-0.4500,358.3655,180.2444,1.1784,0.0000,0.0000,0.0000
83.426,419.9608,-0.0324,226.8194,0.2510,3.8000,-0.4500,358.3655,180.2444,1.1784,0.0000,0.0000,0.0000
83.537,419.7506,-0.0463,226.8532,0.2510,3.8000,-0.4500,358.3655,180.2444,1.1784,0.0000,0.0000,0.0000
83.652,419.4986,-0.0617,226.8937,0.2510,3.8000,-0.4500,358.3655,180.2444,1.1784,0.0000,0.0000,0.0000
83.753,419.2888,-0.0734,226.9274,0.2510,3.8000,-0.4500,358.3655,180.2444,1.1784,0.0000,0.0000,0.0000
83.867,419.0372,-0.0857,226.9677,0.2510,3.8000,-0.4500,358.3655,180.2444,1.1785,0.0000,0.0000,0.0000
83.981,418.7857,-0.0960,227.0079,0.2510,3.8000,-0.4500,358.3655,180.2444,1.1785,0.0000,0.0000,0.0000
84.092,418.5763,-0.1029,227.0413,0.2510,3.8000,-0.4500,358.3655,180.2444,1.1785,0.0000,0.0000,0.0000
84.204,418.3252,-0.1089,227.0813,0.2510,3.8000,-0.4500,358.3655,180.2444,1.1785,0.0000,0.0000,0.0000
84.314,418.1162,-0.1118,227.1145,0.2510,3.8000,-0.4500,358.3655,180.2444,1.1785,0.0000,0.0000,0.0000
84.426,417.8656,-0.1126,227.1542,0.2510,3.8000,-0.4500,358.3655,180.2444,1.1785,0.0000,0.0000,0.0000
84.537,417.6569,-0.1109,227.1871,0.2510,3.8000,-0.4500,358.3655,180.2444,1.1785,0.0000,0.0000,0.0000
84.648,417.4069,-0.1056,227.2264,0.2510,3.8000,-0.4500,358.3655,180.2444,1.1785,0.0000,0.0000,0.0000
84.759,417.1988,-0.0985,227.2589,0.2510,3.8000,-0.4500,358.3655,180.2444,1.1784,0.0000,0.0000,0.0000
84.870,416.9493,-0.0863,227.2976,0.2510,3.8000,-0.4500,358.3655,180.2444,1.1785,0.0000,0.0000,0.0000
84.982,416.7003,-0.0702,227.3370,0.2510,3.8000,-0.4500,358.3655,180.2444,1.1785,0.0000,0.0000,0.0000
85.093,416.4938,-0.0520,227.3717,0.2510,3.8000,-0.4500,358.4084,180.2453,1.2489,0.0000,0.0000,0.0000
85.205,416.2473,-0.0251,227.4172,0.2510,3.8000,-0.4500,358.5031,180.2475,1.3856,0.0000,0.0000,0.0000
85.315,416.0427,0.0012,227.4587,0.2510,3.8000,-0.4500,358.6058,180.2501,1.5151,0.0000,0.0000,0.0000
85.426,415.7977,0.0360,227.5125,0.2510,3.8000,-0.4500,358.7280,180.2534,1.6329,0.0000,0.0000,0.0000
85.538,415.5943,0.0688,227.5599,0.2510,3.8000,-0.4500,358.8531,180.2571,1.7425,0.0000,0.0000,0.0000
85.649,415.3511,0.1129,227.6190,0.2510,3.8000,-0.4500,359.0490,180.2633,1.8900,0.0000,0.0000,0.0000
85.760,415.1073,0.1572,227.6803,0.2510,3.8000,-0.4500,359.0490,180.2633,1.8900,0.0000,0.0000,0.0000
85.871,414.9055,0.2013,227.7298,0.2510,3.8000,-0.4500,359.2606,180.2706,2.0193,0.0000,0.0000,0.0000
85.983,414.6630,0.2546,227.7904,0.2510,3.8000,-0.4500,359.3314,180.2731,2.0597,0.0000,0.0000,0.0000
86.093,414.4622,0.3058,227.8393,0.2510,3.8000,-0.4500,359.6347,180.2844,2.2041,0.0000,0.0000,0.0000
86.207,414.2203,0.3647,227.9011,0.2510,3.8000,-0.4500,359.6347,180.2844,2.2041,0.0000,0.0000,0.0000
86.312,414.0198,0.4197,227.9514,0.2510,3.8000,-0.4500,359.8732,180.2937,2.2884,0.0000,0.0000,0.0000
86.438,413.7788,0.4855,228.0136,0.2510,3.8000,-0.4500,359.9501,180.2968,2.3140,0.0000,0.0000,0.0000
86.550,413.5382,0.5549,228.0757,0.2510,3.8000,-0.4500,0.1161,180.3036,2.3502,0.0000,0.0000,0.0000
86.661,413.2977,0.6255,228.1384,0.2510,3.8000,-0.4500,0.1983,180.3070,2.3669,0.0000,0.0000,0.0000
86.773,413.0976,0.6874,228.1896,0.2510,3.8000,-0.4500,0.4487,180.3174,2.3914,0.0000,0.0000,0.0000
86.883,412.8571,0.7601,228.2528,0.2510,3.8000,-0.4500,0.4487,180.3174,2.3914,0.0000,0.0000,0.0000
86.994,412.6566,0.8227,228.3042,0.2510,3.8000,-0.4500,0.6138,180.3243,2.3869,0.0000,0.0000,0.0000
87.106,412.4156,0.8973,228.3661,0.2510,3.8000,-0.4500,0.6956,180.3277,2.3770,0.0000,0.0000,0.0000
87.231,412.1744,0.9724,228.4266,0.2510,3.8000,-0.4500,0.8587,180.3344,2.3487,0.0000,0.0000,0.0000
87.342,411.9326,1.0466,228.4862,0.2510,3.8000,-0.4500,1.0137,180.3407,2.3016,0.0000,0.0000,0.0000
87.454,411.7304,1.1075,228.5349,0.2510,3.8000,-0.4500,1.1667,180.3467,2.2330,0.0000,0.0000,0.0000
87.564,411.4873,1.1793,228.5919,0.2510,3.8000,-0.4500,1.2411,180.3496,2.1973,0.0000,0.0000,0.0000
87.675,411.2832,1.2368,228.6341,0.2510,3.8000,-0.4500,1.4485,180.3573,2.0529,0.0000,0.0000,0.0000
87.785,411.0383,1.3034,228.6439,0.2510,3.8000,-0.4500,1.5099,180.3595,1.9977,0.0000,0.0000,0.0000
87.896,410.8327,1.3551,228.6244,0.2510,3.8000,-0.4500,1.6303,180.3636,1.8840,0.0000,0.0000,0.0000
88.008,410.5849,1.4134,228.5845,0.2510,3.8000,-0.4500,1.7361,180.3670,1.7564,0.0000,0.0000,0.0000
88.119,410.3769,1.4578,228.5441,0.2510,3.8000,-0.4500,1.8798,180.3711,1.5504,0.0000,0.0000,0.0000
88.231,410.1266,1.5087,228.4936,0.2510,3.8000,-0.4500,1.9612,180.3732,1.4065,0.0000,0.0000,0.0000
88.341,409.8737,1.5534,228.4430,0.2510,3.8000,-0.4500,2.1050,180.3764,1.1035,0.0000,0.0000,0.0000
88.453,409.6638,1.5910,228.4039,0.2510,3.8000,-0.4500,2.1050,180.3764,1.1035,0.0000,0.0000,0.0000
88.564,409.4081,1.6279,228.3597,0.2510,3.8000,-0.4500,2.2185,180.3783,0.7897,0.0000,0.0000,0.0000
88.675,409.1947,1.6568,228.3270,0.2510,3.8000,-0.4500,2.2653,180.3788,0.6319,0.0000,0.0000,0.0000
88.786,408.9367,1.6867,228.2921,0.2510,3.8000,-0.4500,2.3289,180.3794,0.3907,0.0000,0.0000,0.0000
88.897,408.7209,1.7090,228.2671,0.2510,3.8000,-0.4500,2.3653,180.3796,0.2317,0.0000,0.0000,0.0000
89.008,408.4597,1.7291,228.2409,0.2510,3.8000,-0.4500,2.4315,180.3797,359.8917,0.0000,0.0000,0.0000
89.119,408.2425,1.7457,228.2215,0.2510,3.8000,-0.4500,2.4455,180.3796,359.8088,0.0000,0.0000,0.0000
89.230,407.9798,1.7590,228.1987,0.2510,3.8000,-0.4500,2.4859,180.3794,359.5598,0.0000,0.0000,0.0000
89.341,407.7164,1.7675,228.1746,0.2510,3.8000,-0.4500,2.5207,180.3791,359.3080,0.0000,0.0000,0.0000
89.452,407.4967,1.7717,228.1523,0.2510,3.8000,-0.4500,2.5419,180.3788,359.1376,0.0000,0.0000,0.0000
89.563,407.2332,1.7732,228.1214,0.2510,3.8000,-0.4500,2.5620,180.3784,358.9700,0.0000,0.0000,0.0000
89.675,407.0125,1.7691,228.0926,0.2510,3.8000,-0.4500,2.5890,180.3779,358.7133,0.0000,0.0000,0.0000
89.787,406.7489,1.7640,228.0535,0.2510,3.8000,-0.4500,2.5975,180.3777,358.6302,0.0000,0.0000,0.0000
89.897,406.5275,1.7522,228.0175,0.2510,3.8000,-0.4500,2.6268,180.3769,358.3021,0.0000,0.0000,0.0000
90.009,406.2641,1.7411,227.9693,0.2510,3.8000,-0.4500,2.6268,180.3769,358.3021,0.0000,0.0000,0.0000
90.120,405.9996,1.7237,227.9266,0.2510,3.8000,-0.4500,2.6389,180.3765,358.1386,0.0000,0.0000,0.0000
90.230,405.7785,1.7057,227.9200,0.2510,3.8000,-0.4500,2.6541,180.3760,357.8868,0.0000,0.0000,0.0000
90.341,405.5150,1.6875,227.9366,0.2510,3.8000,-0.4500,2.6541,180.3760,357.8868,0.0000,0.0000,0.0000
90.453,405.2938,1.6658,227.9628,0.2510,3.8000,-0.4500,2.6511,180.3761,357.6300,0.0000,0.0000,0.0000
90.564,405.0298,1.6412,228.0051,0.2510,3.8000,-0.4500,2.6487,180.3762,357.5489,0.0000,0.0000,0.0000
90.675,404.8104,1.6196,228.0468,0.2510,3.8000,-0.4500,2.6487,180.3762,357.5489,0.0000,0.0000,0.0000
90.786,404.5461,1.5874,228.1024,0.2510,3.8000,-0.4500,2.6091,180.3780,357.3847,0.0000,0.0000,0.0000
90.897,404.3267,1.5608,228.1525,0.2510,3.8000,-0.4500,2.6091,180.3780,357.3847,0.0000,0.0000,0.0000
91.008,404.0624,1.5210,228.2174,0.2510,3.8000,-0.4500,2.5092,180.3828,357.1517,0.0000,0.0000,0.0000
91.119,403.8435,1.4894,228.2746,0.2510,3.8000,-0.4500,2.5092,180.3828,357.1517,0.0000,0.0000,0.0000
91.231,403.5808,1.4472,228.3469,0.2510,3.8000,-0.4500,2.4611,180.3852,357.0870,0.0000,0.0000,0.0000
91.341,403.3180,1.4006,228.4229,0.2510,3.8000,-0.4500,2.3393,180.3915,356.9671,0.0000,0.0000,0.0000
91.452,403.0995,1.3608,228.4883,0.2510,3.8000,-0.4500,2.2780,180.3948,356.9104,0.0000,0.0000,0.0000
91.563,402.8379,1.3113,228.5697,0.2510,3.8000,-0.4500,2.2096,180.3985,356.8679,0.0000,0.0000,0.0000
91.675,402.6199,1.2669,228.6404,0.2510,3.8000,-0.4500,2.0619,180.4067,356.7948,0.0000,0.0000,0.0000
91.785,402.3591,1.2127,228.7274,0.2510,3.8000,-0.4500,1.9010,180.4158,356.7477,0.0000,0.0000,0.0000
91.910,402.0986,1.1580,228.8161,0.2510,3.8000,-0.4500,1.8210,180.4203,356.7268,0.0000,0.0000,0.0000
92.022,401.8387,1.1005,228.9079,0.2510,3.8000,-0.4500,1.5757,180.4344,356.7059,0.0000,0.0000,0.0000
92.133,401.6225,1.0531,228.9846,0.2510,3.8000,-0.4500,1.4935,180.4392,356.7118,0.0000,0.0000,0.0000
92.245,401.3636,0.9947,229.0785,0.2510,3.8000,-0.4500,1.2469,180.4533,356.7416,0.0000,0.0000,0.0000
92.355,401.1481,0.9466,229.1562,0.2510,3.8000,-0.4500,1.1676,180.4578,356.7625,0.0000,0.0000,0.0000
92.466,400.8900,0.8884,229.2502,0.2510,3.8000,-0.4500,1.0102,180.4666,356.8089,0.0000,0.0000,0.0000
92.591,400.6325,0.8306,229.3448,0.2510,3.8000,-0.4500,0.7747,180.4796,356.9072,0.0000,0.0000,0.0000
92.703,400.3752,0.7732,229.4382,0.2510,3.8000,-0.4500,0.6252,180.4875,356.9861,0.0000,0.0000,0.0000
92.814,400.1609,0.7258,229.5151,0.2510,3.8000,-0.4500,0.4812,180.4950,357.0659,0.0000,0.0000,0.0000
92.925,399.9040,0.6695,229.6060,0.2510,3.8000,-0.4500,0.3474,180.5018,357.1557,0.0000,0.0000,0.0000
93.036,399.6897,0.6228,229.6799,0.2510,3.8000,-0.4500,0.3474,180.5018,357.1557,0.0000,0.0000,0.0000
93.147,399.4336,0.5685,229.7686,0.2510,3.8000,-0.4500,0.1440,180.5116,357.3127,0.0000,0.0000,0.0000
93.259,399.2198,0.5232,229.8404,0.2510,3.8000,-0.4500,0.0797,180.5146,357.3682,0.0000,0.0000,0.0000
93.369,398.9635,0.4700,229.9240,0.2510,3.8000,-0.4500,359.9524,180.5203,357.4795,0.0000,0.0000,0.0000
93.481,398.7068,0.4170,230.0028,0.2510,3.8000,-0.4500,359.8917,180.5229,357.5370,0.0000,0.0000,0.0000
93.592,398.4928,0.3733,230.0657,0.2510,3.8000,-0.4500,359.8311,180.5255,357.5946,0.0000,0.0000,0.0000
93.703,398.2355,0.3207,230.1378,0.2510,3.8000,-0.4500,359.8311,180.5255,357.5946,0.0000,0.0000,0.0000
93.814,398.0218,0.2784,230.1971,0.2510,3.8000,-0.4500,359.7114,180.5304,357.7138,0.0000,0.0000,0.0000
93.925,397.7644,0.2268,230.2651,0.2510,3.8000,-0.4500,359.7114,180.5304,357.7138,0.0000,0.0000,0.0000
94.037,397.5503,0.1850,230.3212,0.2510,3.8000,-0.4500,359.6573,180.5326,357.7732,0.0000,0.0000,0.0000
94.148,397.2930,0.1350,230.3871,0.2510,3.8000,-0.4500,359.6573,180.5326,357.7732,0.0000,0.0000,0.0000
94.261,397.0356,0.0863,230.4523,0.2510,3.8000,-0.4500,359.6573,180.5326,357.7732,0.0000,0.0000,0.0000
94.369,396.8213,0.0470,230.5063,0.2510,3.8000,-0.4500,359.6573,180.5326,357.7732,0.0000,0.0000,0.0000
94.481,396.5644,0.0026,230.5709,0.2510,3.8000,-0.4500,359.6118,180.5343,357.8419,0.0000,0.0000,0.0000
94.591,396.3505,-0.0323,230.6131,0.2510,3.8000,-0.4500,359.5750,180.5357,357.9120,0.0000,0.0000,0.0000
94.703,396.0935,-0.0722,230.6157,0.2510,3.8000,-0.4500,359.5750,180.5357,357.9120,0.0000,0.0000,0.0000
94.814,395.8806,-0.1015,230.5882,0.2510,3.8000,-0.4500,359.5570,180.5363,357.9918,0.0000,0.0000,0.0000
94.925,395.6259,-0.1337,230.5306,0.2510,3.8000,-0.4500,359.5407,180.5369,358.0715,0.0000,0.0000,0.0000
95.037,395.4139,-0.1587,230.4685,0.2510,3.8000,-0.4500,359.5407,180.5369,358.0715,0.0000,0.0000,0.0000
95.148,395.1618,-0.1807,230.3829,0.2510,3.8000,-0.4500,359.5627,180.5362,358.3173,0.0000,0.0000,0.0000
95.260,394.9088,-0.2032,230.2878,0.2510,3.8000,-0.4500,359.5627,180.5362,358.3173,0.0000,0.0000,0.0000
95.369,394.7000,-0.2155,230.1974,0.2510,3.8000,-0.4500,359.6174,180.5347,358.4740,0.0000,0.0000,0.0000
95.481,394.4503,-0.2269,230.0761,0.2510,3.8000,-0.4500,359.6960,180.5327,358.6288,0.0000,0.0000,0.0000
95.592,394.2433,-0.2326,229.9666,0.2510,3.8000,-0.4500,359.7766,180.5308,358.7769,0.0000,0.0000,0.0000
95.703,393.9954,-0.2360,229.8281,0.2510,3.8000,-0.4500,359.8750,180.5289,358.9128,0.0000,0.0000,0.0000
95.814,393.7894,-0.2351,229.7085,0.2510,3.8000,-0.4500,359.9743,180.5271,359.0438,0.0000,0.0000,0.0000
95.925,393.5423,-0.2305,229.5648,0.2510,3.8000,-0.4500,0.0833,180.5254,359.1652,0.0000,0.0000,0.0000
96.036,393.3365,-0.2226,229.4493,0.2510,3.8000,-0.4500,0.2018,180.5238,359.2859,0.0000,0.0000,0.0000
96.161,393.0475,-0.2074,229.2960,0.2510,3.8000,-0.4500,0.3222,180.5224,359.4021,0.0000,0.0000,0.0000
96.287,392.8001,-0.1876,229.1698,0.2510,3.8000,-0.4500,0.5061,180.5208,359.5700,0.0000,0.0000,0.0000
96.397,392.5934,-0.1699,229.0683,0.2510,3.8000,-0.4500,0.5680,180.5203,359.6222,0.0000,0.0000,0.0000
96.508,392.3461,-0.1420,228.9479,0.2510,3.8000,-0.4500,0.7615,180.5193,359.7805,0.0000,0.0000,0.0000
96.620,392.0986,-0.1115,228.8295,0.2510,3.8000,-0.4500,0.8936,180.5189,359.8816,0.0000,0.0000,0.0000
96.731,391.8923,-0.0841,228.7318,0.2510,3.8000,-0.4500,0.9593,180.5188,359.9312,0.0000,0.0000,0.0000
96.842,391.6450,-0.0455,228.6208,0.2510,3.8000,-0.4500,1.1599,180.5188,0.0731,0.0000,0.0000,0.0000
96.954,391.4375,-0.0138,228.5385,0.2510,3.8000,-0.4500,1.1599,180.5188,0.0730,0.0000,0.0000,0.0000
97.063,391.1885,0.0298,228.4487,0.2510,3.8000,-0.4500,1.3001,180.5191,0.1627,0.0000,0.0000,0.0000
97.174,390.9803,0.0676,228.3804,0.2510,3.8000,-0.4500,1.3703,180.5193,0.2046,0.0000,0.0000,0.0000
97.299,390.7305,0.1162,228.3034,0.2510,3.8000,-0.4500,1.5176,180.5200,0.2852,0.0000,0.0000,0.0000
97.410,390.4800,0.1655,228.2305,0.2510,3.8000,-0.4500,1.5895,180.5203,0.3237,0.0000,0.0000,0.0000
97.522,390.2290,0.2150,228.1601,0.2510,3.8000,-0.4500,1.5895,180.5203,0.3237,0.0000,0.0000,0.0000
97.632,390.0201,0.2581,228.1019,0.2510,3.8000,-0.4500,1.6647,180.5208,0.3531,0.0000,0.0000,0.0000
97.744,389.7690,0.3089,228.0330,0.2510,3.8000,-0.4500,1.6647,180.5208,0.3531,0.0000,0.0000,0.0000
97.854,389.5601,0.3530,227.9748,0.2510,3.8000,-0.4500,1.8240,180.5218,0.3932,0.0000,0.0000,0.0000
97.980,389.2671,0.4115,227.8947,0.2510,3.8000,-0.4500,1.8240,180.5218,0.3932,0.0000,0.0000,0.0000
98.091,389.0577,0.4523,227.8374,0.2510,3.8000,-0.4500,1.8240,180.5218,0.3932,0.0000,0.0000,0.0000
98.202,388.8061,0.4998,227.7687,0.2510,3.8000,-0.4500,1.8240,180.5218,0.3933,0.0000,0.0000,0.0000
98.313,388.5959,0.5382,227.7109,0.2510,3.8000,-0.4500,1.9029,180.5224,0.3785,0.0000,0.0000,0.0000
98.424,388.3434,0.5816,227.6421,0.2510,3.8000,-0.4500,1.9029,180.5224,0.3785,0.0000,0.0000,0.0000
98.535,388.1326,0.6156,227.5849,0.2510,3.8000,-0.4500,1.9029,180.5224,0.3785,0.0000,0.0000,0.0000
98.647,387.8787,0.6531,227.5154,0.2510,3.8000,-0.4500,2.0474,180.5232,0.2968,0.0000,0.0000,0.0000
98.758,387.6672,0.6820,227.4585,0.2510,3.8000,-0.4500,2.0474,180.5232,0.2968,0.0000,0.0000,0.0000
98.869,387.4118,0.7118,227.3897,0.2510,3.8000,-0.4500,2.1613,180.5237,0.1764,0.0000,0.0000,0.0000
98.980,387.1563,0.7378,227.3217,0.2510,3.8000,-0.4500,2.2065,180.5238,0.1086,0.0000,0.0000,0.0000
99.091,386.9417,0.7536,227.2648,0.2510,3.8000,-0.4500,2.3156,180.5238,359.8723,0.0000,0.0000,0.0000
99.202,386.6843,0.7698,227.1972,0.2510,3.8000,-0.4500,2.3619,180.5236,359.7107,0.0000,0.0000,0.0000
99.314,386.4697,0.7805,227.1411,0.2510,3.8000,-0.4500,2.3777,180.5235,359.6270,0.0000,0.0000,0.0000
99.424,386.2108,0.7877,227.0735,0.2510,3.8000,-0.4500,2.4055,180.5233,359.4589,0.0000,0.0000,0.0000
99.536,385.9941,0.7882,227.0168,0.2510,3.8000,-0.4500,2.4240,180.5231,359.2126,0.0000,0.0000,0.0000
99.647,385.7344,0.7862,226.9481,0.2510,3.8000,-0.4500,2.4216,180.5231,359.0415,0.0000,0.0000,0.0000
99.758,385.5169,0.7790,226.8899,0.2510,3.8000,-0.4500,2.4136,180.5233,358.7940,0.0000,0.0000,0.0000
99.883,385.2132,0.7665,226.8062,0.2510,3.8000,-0.4500,2.3980,180.5237,358.6306,0.0000,0.0000,0.0000
99.994,384.9962,0.7544,226.7446,0.2510,3.8000,-0.4500,2.3897,180.5238,358.5492,0.0000,0.0000,0.0000
100.105,384.7347,0.7331,226.6688,0.2510,3.8000,-0.4500,2.3587,180.5247,358.3042,0.0000,0.0000,0.0000
100.216,384.5173,0.7145,226.6032,0.2510,3.8000,-0.4500,2.3474,180.5250,358.2244,0.0000,0.0000,0.0000
100.329,384.2553,0.6856,226.5226,0.2510,3.8000,-0.4500,2.3101,180.5263,357.9715,0.0000,0.0000,0.0000
100.439,384.0383,0.6627,226.4530,0.2510,3.8000,-0.4500,2.3101,180.5263,357.9715,0.0000,0.0000,0.0000
100.550,383.7766,0.6291,226.3676,0.2510,3.8000,-0.4500,2.2851,180.5272,357.8020,0.0000,0.0000,0.0000
100.661,383.5154,0.5943,226.2795,0.2510,3.8000,-0.4500,2.2734,180.5277,357.7213,0.0000,0.0000,0.0000
100.775,383.2976,0.5632,226.2043,0.2510,3.8000,-0.4500,2.2625,180.5281,357.6410,0.0000,0.0000,0.0000
100.897,383.0357,0.5226,226.1127,0.2510,3.8000,-0.4500,2.2424,180.5290,357.4777,0.0000,0.0000,0.0000
101.008,382.7748,0.4835,226.0194,0.2510,3.8000,-0.4500,2.2424,180.5290,357.4776,0.0000,0.0000,0.0000
101.119,382.5569,0.4485,225.9412,0.2510,3.8000,-0.4500,2.2354,180.5293,357.3977,0.0000,0.0000,0.0000
101.230,382.2957,0.4075,225.8465,0.2510,3.8000,-0.4500,2.2354,180.5293,357.3977,0.0000,0.0000,0.0000
101.342,382.0343,0.3662,225.7514,0.2510,3.8000,-0.4500,2.2354,180.5293,357.3977,0.0000,0.0000,0.0000
101.452,381.8158,0.3304,225.6719,0.2510,3.8000,-0.4500,2.2341,180.5293,357.3160,0.0000,0.0000,0.0000
101.552,381.5980,0.2963,225.5916,0.2510,3.8000,-0.4500,2.2341,180.5293,357.3160,0.0000,0.0000,0.0000
101.662,381.3364,0.2560,225.4950,0.2510,3.8000,-0.4500,2.2341,180.5293,357.3160,0.0000,0.0000,0.0000
101.773,381.1185,0.2233,225.4146,0.2510,3.8000,-0.4500,2.2341,180.5293,357.3160,0.0000,0.0000,0.0000
101.883,380.8570,0.1853,225.3180,0.2510,3.8000,-0.4500,2.2341,180.5293,357.3160,0.0000,0.0000,0.0000
101.995,380.6391,0.1549,225.2376,0.2510,3.8000,-0.4500,2.2341,180.5293,357.3160,0.0000,0.0000,0.0000
102.105,380.3775,0.1202,225.1410,0.2510,3.8000,-0.4500,2.2340,180.5293,357.3160,0.0000,0.0000,0.0000
102.216,380.1597,0.0928,225.0605,0.2510,3.8000,-0.4500,2.2340,180.5293,357.3160,0.0000,0.0000,0.0000
102.327,379.8982,0.0619,224.9637,0.2510,3.8000,-0.4500,2.2341,180.5293,357.3160,0.0000,0.0000,0.0000
102.440,379.6369,0.0332,224.8668,0.2510,3.8000,-0.4500,2.2341,180.5293,357.3160,0.0000,0.0000,0.0000
102.549,379.4190,0.0111,224.7878,0.2510,3.8000,-0.4500,2.2340,180.5293,357.3160,0.0000,0.0000,0.0000
102.661,379.1575,-0.0133,224.6961,0.2510,3.8000,-0.4500,2.2341,180.5293,357.3160,0.0000,0.0000,0.0000
102.772,378.9394,-0.0320,224.6220,0.2510,3.8000,-0.4500,2.2341,180.5293,357.3160,0.0000,0.0000,0.0000
102.883,378.6778,-0.0526,224.5348,0.2510,3.8000,-0.4500,2.2341,180.5293,357.3160,0.0000,0.0000,0.0000
102.995,378.4598,-0.0685,224.4632,0.2510,3.8000,-0.4500,2.2340,180.5293,357.3160,0.0000,0.0000,0.0000
103.107,378.1983,-0.0864,224.3779,0.2510,3.8000,-0.4500,2.2340,180.5293,357.3160,0.0000,0.0000,0.0000
103.217,377.9804,-0.1006,224.3073,0.2510,3.8000,-0.4500,2.2340,180.5293,357.3160,0.0000,0.0000,0.0000
103.328,377.7191,-0.1174,224.2228,0.2510,3.8000,-0.4500,2.2340,180.5293,357.3160,0.0000,0.0000,0.0000
103.439,377.5013,-0.1312,224.1554,0.2510,3.8000,-0.4500,2.2340,180.5293,357.3160,0.0000,0.0000,0.0000
103.550,377.2400,-0.1459,224.1261,0.2510,3.8000,-0.4500,2.2340,180.5293,357.3160,0.0000,0.0000,0.0000
103.675,376.9788,-0.1584,224.1407,0.2510,3.8000,-0.4500,2.2340,180.5293,357.3160,0.0000,0.0000,0.0000
103.786,376.7176,-0.1694,224.1787,0.2510,3.8000,-0.4500,2.2340,180.5293,357.3160,0.0000,0.0000,0.0000
103.897,376.4999,-0.1777,224.2204,0.2510,3.8000,-0.4500,2.2340,180.5293,357.3160,0.0000,0.0000,0.0000
104.009,376.2389,-0.1865,224.2770,0.2510,3.8000,-0.4500,2.2340,180.5293,357.3160,0.0000,0.0000,0.0000
104.119,376.0217,-0.1930,224.3275,0.2510,3.8000,-0.4500,2.2340,180.5293,357.3160,0.0000,0.0000,0.0000
104.231,375.7614,-0.1995,224.3904,0.2510,3.8000,-0.4500,2.2340,180.5293,357.3160,0.0000,0.0000,0.0000
104.342,375.5012,-0.2046,224.4546,0.2510,3.8000,-0.4500,2.2340,180.5293,357.3160,0.0000,0.0000,0.0000
104.453,375.2848,-0.2076,224.5086,0.2510,3.8000,-0.4500,2.2340,180.5293,357.3160,0.0000,0.0000,0.0000
104.565,375.0264,-0.2074,224.5522,0.2510,3.8000,-0.4500,2.1973,180.5310,357.4797,0.0000,0.0000,0.0000
104.676,374.8124,-0.2041,224.5463,0.2510,3.8000,-0.4500,2.1104,180.5346,357.8040,0.0000,0.0000,0.0000
104.787,374.5534,-0.2053,224.5124,0.2510,3.8000,-0.4500,2.1104,180.5346,357.8040,0.0000,0.0000,0.0000
104.897,374.3393,-0.2012,224.4726,0.2510,3.8000,-0.4500,2.0218,180.5378,358.0496,0.0000,0.0000,0.0000
105.008,374.0812,-0.1976,224.4190,0.2510,3.8000,-0.4500,1.9925,180.5388,358.1290,0.0000,0.0000,0.0000
105.133,373.8248,-0.1880,224.3647,0.2510,3.8000,-0.4500,1.8659,180.5426,358.4460,0.0000,0.0000,0.0000
105.244,373.5674,-0.1783,224.3125,0.2510,3.8000,-0.4500,1.8014,180.5442,358.5982,0.0000,0.0000,0.0000
105.359,373.3533,-0.1679,224.2715,0.2510,3.8000,-0.4500,1.7360,180.5457,358.7488,0.0000,0.0000,0.0000
105.469,373.0964,-0.1536,224.2260,0.2510,3.8000,-0.4500,1.6650,180.5472,358.9048,0.0000,0.0000,0.0000
105.580,372.8397,-0.1369,224.1854,0.2510,3.8000,-0.4500,1.5945,180.5484,359.0576,0.0000,0.0000,0.0000
105.691,372.6260,-0.1212,224.1552,0.2510,3.8000,-0.4500,1.5224,180.5495,359.2048,0.0000,0.0000,0.0000
105.802,372.3696,-0.1009,224.1235,0.2510,3.8000,-0.4500,1.4486,180.5505,359.3512,0.0000,0.0000,0.0000
105.913,372.1566,-0.0815,224.1009,0.2510,3.8000,-0.4500,1.3304,180.5516,359.5680,0.0000,0.0000,0.0000
106.024,371.9000,-0.0594,224.0777,0.2510,3.8000,-0.4500,1.2905,180.5519,359.6392,0.0000,0.0000,0.0000
106.132,371.6870,-0.0392,224.0620,0.2510,3.8000,-0.4500,1.2064,180.5523,359.7778,0.0000,0.0000,0.0000
106.243,371.4324,-0.0128,224.0470,0.2510,3.8000,-0.4500,1.0199,180.5526,0.0544,0.0000,0.0000,0.0000
106.354,371.2189,0.0067,224.0361,0.2510,3.8000,-0.4500,1.0199,180.5526,0.0544,0.0000,0.0000,0.0000
106.465,370.9637,0.0317,224.0255,0.2510,3.8000,-0.4500,0.9151,180.5523,0.1846,0.0000,0.0000,0.0000
106.576,370.7516,0.0525,224.0174,0.2510,3.8000,-0.4500,0.8066,180.5519,0.3084,0.0000,0.0000,0.0000
106.687,370.4973,0.0764,224.0074,0.2510,3.8000,-0.4500,0.6900,180.5511,0.4248,0.0000,0.0000,0.0000
106.798,370.2851,0.0948,223.9976,0.2510,3.8000,-0.4500,0.6900,180.5511,0.4248,0.0000,0.0000,0.0000
106.910,370.0320,0.1171,223.9859,0.2510,3.8000,-0.4500,0.5013,180.5495,0.5859,0.0000,0.0000,0.0000
107.020,369.7788,0.1370,223.9723,0.2510,3.8000,-0.4500,0.3646,180.5479,0.6780,0.0000,0.0000,0.0000
107.132,369.5679,0.1518,223.9599,0.2510,3.8000,-0.4500,0.2940,180.5471,0.7189,0.0000,0.0000,0.0000
107.243,369.3152,0.1675,223.9438,0.2510,3.8000,-0.4500,0.2227,180.5462,0.7591,0.0000,0.0000,0.0000
107.355,369.1049,0.1785,223.9301,0.2510,3.8000,-0.4500,0.0734,180.5441,0.8272,0.0000,0.0000,0.0000
107.466,368.8525,0.1889,223.9133,0.2510,3.8000,-0.4500,359.9192,180.5418,0.8807,0.0000,0.0000,0.0000
107.578,368.6423,0.1947,223.9116,0.2510,3.8000,-0.4500,359.7617,180.5393,0.9228,0.0000,0.0000,0.0000
107.688,368.3899,0.1976,223.9241,0.2510,3.8000,-0.4500,359.5186,180.5353,0.9635,0.0000,0.0000,0.0000
107.799,368.1793,0.1980,223.9404,0.2510,3.8000,-0.4500,359.5186,180.5353,0.9635,0.0000,0.0000,0.0000
107.911,367.9266,0.1924,223.9550,0.2510,3.8000,-0.4500,359.1839,180.5296,0.9719,0.0000,0.0000,0.0000
108.022,367.6741,0.1855,223.9462,0.2510,3.8000,-0.4500,359.1839,180.5296,0.9719,0.0000,0.0000,0.0000
108.133,367.4640,0.1745,223.9278,0.2510,3.8000,-0.4500,358.9291,180.5254,0.9434,0.0000,0.0000,0.0000
108.244,367.2126,0.1609,223.8927,0.2510,3.8000,-0.4500,358.9291,180.5254,0.9434,0.0000,0.0000,0.0000
108.355,367.0029,0.1427,223.8591,0.2510,3.8000,-0.4500,358.5938,180.5201,0.8753,0.0000,0.0000,0.0000
108.466,366.7516,0.1208,223.8120,0.2510,3.8000,-0.4500,358.5155,180.5189,0.8531,0.0000,0.0000,0.0000
108.577,366.5419,0.0984,223.7708,0.2510,3.8000,-0.4500,358.3600,180.5166,0.8068,0.0000,0.0000,0.0000
108.688,366.2903,0.0679,223.7195,0.2510,3.8000,-0.4500,358.1999,180.5145,0.7485,0.0000,0.0000,0.0000
108.800,366.0385,0.0345,223.6673,0.2510,3.8000,-0.4500,358.1209,180.5134,0.7191,0.0000,0.0000,0.0000
108.911,365.8280,0.0021,223.6264,0.2510,3.8000,-0.4500,357.9656,180.5116,0.6532,0.0000,0.0000,0.0000
109.022,365.5746,-0.0412,223.5811,0.2510,3.8000,-0.4500,357.7343,180.5092,0.5452,0.0000,0.0000,0.0000
109.133,365.3633,-0.0784,223.5454,0.2510,3.8000,-0.4500,357.6613,180.5085,0.5103,0.0000,0.0000,0.0000
109.244,365.1095,-0.1248,223.5050,0.2510,3.8000,-0.4500,357.6613,180.5085,0.5103,0.0000,0.0000,0.0000
109.355,364.8971,-0.1687,223.4739,0.2510,3.8000,-0.4500,357.5147,180.5073,0.4309,0.0000,0.0000,0.0000
109.466,364.6420,-0.2236,223.4379,0.2510,3.8000,-0.4500,357.3710,180.5063,0.3483,0.0000,0.0000,0.0000
109.577,364.4296,-0.2692,223.4082,0.2510,3.8000,-0.4500,357.3710,180.5063,0.3483,0.0000,0.0000,0.0000
109.689,364.1741,-0.3273,223.3735,0.2510,3.8000,-0.4500,357.3018,180.5059,0.3064,0.0000,0.0000,0.0000
109.800,363.9184,-0.3885,223.3362,0.2510,3.8000,-0.4500,357.1615,180.5053,0.2171,0.0000,0.0000,0.0000
109.911,363.7062,-0.4381,223.3009,0.2510,3.8000,-0.4500,357.1615,180.5053,0.2171,0.0000,0.0000,0.0000
110.022,363.4519,-0.4982,223.2547,0.2510,3.8000,-0.4500,357.1615,180.5053,0.2171,0.0000,0.0000,0.0000
110.133,363.2400,-0.5486,223.2139,0.2510,3.8000,-0.4500,357.1615,180.5053,0.2171,0.0000,0.0000,0.0000
110.244,362.9858,-0.6089,223.1629,0.2510,3.8000,-0.4500,357.1615,180.5052,0.2171,0.0000,0.0000,0.0000
110.355,362.7742,-0.6588,223.1196,0.2510,3.8000,-0.4500,357.1615,180.5052,0.2171,0.0000,0.0000,0.0000
110.466,362.5200,-0.7179,223.0692,0.2510,3.8000,-0.4500,357.1615,180.5052,0.2171,0.0000,0.0000,0.0000
110.577,362.3080,-0.7661,223.0289,0.2510,3.8000,-0.4500,357.1615,180.5052,0.2171,0.0000,0.0000,0.0000
110.703,362.0112,-0.8316,222.9749,0.2510,3.8000,-0.4500,357.1615,180.5053,0.2171,0.0000,0.0000,0.0000
110.813,361.7993,-0.8765,222.9376,0.2510,3.8000,-0.4500,357.1615,180.5053,0.2171,0.0000,0.0000,0.0000
110.924,361.5450,-0.9277,222.8936,0.2510,3.8000,-0.4500,357.1615,180.5053,0.2171,0.0000,0.0000,0.0000
111.027,361.3333,-0.9678,222.8575,0.2510,3.8000,-0.4500,357.1615,180.5053,0.2171,0.0000,0.0000,0.0000
111.143,361.0793,-1.0125,222.8144,0.2510,3.8000,-0.4500,357.1615,180.5053,0.2171,0.0000,0.0000,0.0000
111.256,360.8678,-1.0465,222.7795,0.2510,3.8000,-0.4500,357.1615,180.5053,0.2171,0.0000,0.0000,0.0000
111.367,360.6139,-1.0832,222.7420,0.2510,3.8000,-0.4500,357.1615,180.5053,0.2171,0.0000,0.0000,0.0000
111.479,360.4021,-1.1101,222.7148,0.2510,3.8000,-0.4500,357.1615,180.5053,0.2171,0.0000,0.0000,0.0000
111.590,360.1480,-1.1376,222.6860,0.2510,3.8000,-0.4500,357.1615,180.5053,0.2171,0.0000,0.0000,0.0000
111.701,359.8941,-1.1594,222.6604,0.2510,3.8000,-0.4500,357.1615,180.5053,0.2171,0.0000,0.0000,0.0000
111.813,359.6839,-1.1686,222.6394,0.2510,3.8000,-0.4500,357.3591,180.5063,0.3798,0.0000,0.0000,0.0000
111.937,359.4318,-1.1750,222.6150,0.2510,3.8000,-0.4500,357.5503,180.5078,0.5347,0.0000,0.0000,0.0000
112.049,359.1803,-1.1749,222.5898,0.2510,3.8000,-0.4500,357.7467,180.5099,0.6894,0.0000,0.0000,0.0000
112.160,358.9294,-1.1681,222.5633,0.2510,3.8000,-0.4500,357.9538,180.5127,0.8484,0.0000,0.0000,0.0000
112.271,358.7208,-1.1581,222.5396,0.2510,3.8000,-0.4500,358.0883,180.5148,0.9506,0.0000,0.0000,0.0000
112.382,358.4717,-1.1379,222.5081,0.2510,3.8000,-0.4500,358.3566,180.5197,1.1487,0.0000,0.0000,0.0000
112.493,358.2645,-1.1179,222.4799,0.2510,3.8000,-0.4500,358.4942,180.5226,1.2468,0.0000,0.0000,0.0000
112.605,358.0168,-1.0872,222.4425,0.2510,3.8000,-0.4500,358.6982,180.5273,1.3904,0.0000,0.0000,0.0000
112.716,357.8113,-1.0563,222.4084,0.2510,3.8000,-0.4500,358.9090,180.5327,1.5312,0.0000,0.0000,0.0000
112.827,357.5652,-1.0160,222.3647,0.2510,3.8000,-0.4500,359.0490,180.5365,1.6214,0.0000,0.0000,0.0000
112.938,357.3609,-0.9778,222.3253,0.2510,3.8000,-0.4500,359.1922,180.5407,1.7104,0.0000,0.0000,0.0000
113.049,357.1167,-0.9265,222.2742,0.2510,3.8000,-0.4500,359.4062,180.5473,1.8352,0.0000,0.0000,0.0000
113.161,356.8736,-0.8707,222.2178,0.2510,3.8000,-0.4500,359.6262,180.5546,1.9522,0.0000,0.0000,0.0000
113.272,356.6712,-0.8229,222.1673,0.2510,3.8000,-0.4500,359.6978,180.5571,1.9870,0.0000,0.0000,0.0000
113.383,356.4296,-0.7597,222.1010,0.2510,3.8000,-0.4500,359.9259,180.5652,2.0880,0.0000,0.0000,0.0000
113.494,356.2285,-0.7048,222.0428,0.2510,3.8000,-0.4500,0.0853,180.5711,2.1489,0.0000,0.0000,0.0000
113.606,355.9878,-0.6364,221.9698,0.2510,3.8000,-0.4500,0.2411,180.5770,2.2062,0.0000,0.0000,0.0000
113.716,355.7872,-0.5787,221.9076,0.2510,3.8000,-0.4500,0.2411,180.5770,2.2061,0.0000,0.0000,0.0000
113.827,355.5479,-0.5020,221.8284,0.2510,3.8000,-0.4500,0.5725,180.5901,2.3168,0.0000,0.0000,0.0000
113.939,355.3482,-0.4385,221.7618,0.2510,3.8000,-0.4500,0.6493,180.5932,2.3412,0.0000,0.0000,0.0000
114.050,355.1091,-0.3589,221.6797,0.2510,3.8000,-0.4500,0.8074,180.5997,2.3901,0.0000,0.0000,0.0000
114.161,354.8703,-0.2780,221.5959,0.2510,3.8000,-0.4500,0.8830,180.6029,2.4128,0.0000,0.0000,0.0000
114.272,354.6716,-0.2087,221.5243,0.2510,3.8000,-0.4500,0.9638,180.6064,2.4354,0.0000,0.0000,0.0000
114.383,354.4335,-0.1241,221.4370,0.2510,3.8000,-0.4500,1.0442,180.6098,2.4575,0.0000,0.0000,0.0000
114.495,354.2354,-0.0513,221.3623,0.2510,3.8000,-0.4500,1.2071,180.6168,2.4970,0.0000,0.0000,0.0000
114.605,353.9977,0.0355,221.2722,0.2510,3.8000,-0.4500,1.2861,180.6203,2.5156,0.0000,0.0000,0.0000
114.716,353.7997,0.1076,221.1966,0.2510,3.8000,-0.4500,1.2861,180.6203,2.5156,0.0000,0.0000,0.0000
114.827,353.5620,0.1942,221.1053,0.2510,3.8000,-0.4500,1.2861,180.6203,2.5156,0.0000,0.0000,0.0000
114.939,353.3638,0.2663,221.0290,0.2510,3.8000,-0.4500,1.2861,180.6203,2.5156,0.0000,0.0000,0.0000
115.050,353.1257,0.3530,220.9365,0.2510,3.8000,-0.4500,1.3689,180.6239,2.5200,0.0000,0.0000,0.0000
115.161,352.8871,0.4377,220.8446,0.2510,3.8000,-0.4500,1.3689,180.6239,2.5200,0.0000,0.0000,0.0000
115.286,352.6483,0.5209,220.7530,0.2510,3.8000,-0.4500,1.3689,180.6239,2.5200,0.0000,0.0000,0.0000
115.398,352.4491,0.5886,220.6767,0.2510,3.8000,-0.4500,1.3689,180.6239,2.5200,0.0000,0.0000,0.0000
115.509,352.2093,0.6675,220.5849,0.2510,3.8000,-0.4500,1.4455,180.6273,2.4874,0.0000,0.0000,0.0000
115.619,352.0089,0.7309,220.5087,0.2510,3.8000,-0.4500,1.5203,180.6305,2.4534,0.0000,0.0000,0.0000
115.731,351.7681,0.8038,220.4186,0.2510,3.8000,-0.4500,1.5203,180.6305,2.4534,0.0000,0.0000,0.0000
115.841,351.5266,0.8728,220.3298,0.2510,3.8000,-0.4500,1.5203,180.6305,2.4534,0.0000,0.0000,0.0000
115.953,351.3235,0.9256,220.2585,0.2510,3.8000,-0.4500,1.6184,180.6346,2.3197,0.0000,0.0000,0.0000
116.064,351.0791,0.9856,220.1789,0.2510,3.8000,-0.4500,1.6513,180.6359,2.2443,0.0000,0.0000,0.0000
116.175,350.8731,1.0289,220.1161,0.2510,3.8000,-0.4500,1.7172,180.6384,1.9933,0.0000,0.0000,0.0000
116.286,350.6260,1.0796,220.0466,0.2510,3.8000,-0.4500,1.7343,180.6389,1.9121,0.0000,0.0000,0.0000
116.397,350.4178,1.1142,219.9929,0.2510,3.8000,-0.4500,1.7363,180.6390,1.6528,0.0000,0.0000,0.0000
116.509,350.1673,1.1535,219.9590,0.2510,3.8000,-0.4500,1.7307,180.6389,1.4870,0.0000,0.0000,0.0000
116.619,349.9561,1.1787,219.9556,0.2510,3.8000,-0.4500,1.6802,180.6377,1.1620,0.0000,0.0000,0.0000
116.730,349.7027,1.2075,219.9618,0.2510,3.8000,-0.4500,1.6441,180.6370,1.0044,0.0000,0.0000,0.0000
116.842,349.4471,1.2277,219.9544,0.2510,3.8000,-0.4500,1.5814,180.6360,0.7666,0.0000,0.0000,0.0000
116.953,349.2327,1.2380,219.9414,0.2510,3.8000,-0.4500,1.5093,180.6352,0.5298,0.0000,0.0000,0.0000
117.064,348.9738,1.2427,219.9229,0.2510,3.8000,-0.4500,1.3951,180.6345,0.2091,0.0000,0.0000,0.0000
117.175,348.7579,1.2431,219.9067,0.2510,3.8000,-0.4500,1.3362,180.6344,0.0557,0.0000,0.0000,0.0000
117.301,348.4531,1.2309,219.8848,0.2510,3.8000,-0.4500,1.1752,180.6348,359.6718,0.0000,0.0000,0.0000
117.411,348.2355,1.2181,219.8681,0.2510,3.8000,-0.4500,1.1076,180.6352,359.5218,0.0000,0.0000,0.0000
117.522,347.9735,1.1942,219.8464,0.2510,3.8000,-0.4500,1.0002,180.6364,359.2939,0.0000,0.0000,0.0000
117.634,347.7542,1.1656,219.8265,0.2510,3.8000,-0.4500,0.8466,180.6387,358.9892,0.0000,0.0000,0.0000
117.744,347.4911,1.1252,219.7985,0.2510,3.8000,-0.4500,0.6883,180.6419,358.6938,0.0000,0.0000,0.0000
117.854,347.2722,1.0858,219.7716,0.2510,3.8000,-0.4500,0.5673,180.6449,358.4781,0.0000,0.0000,0.0000
117.966,347.0091,1.0306,219.7349,0.2510,3.8000,-0.4500,0.3963,180.6498,358.1897,0.0000,0.0000,0.0000
118.077,346.7910,0.9823,219.6993,0.2510,3.8000,-0.4500,0.3541,180.6512,358.1199,0.0000,0.0000,0.0000
118.201,346.4840,0.8983,219.6448,0.2510,3.8000,-0.4500,0.0820,180.6611,357.6960,0.0000,0.0000,0.0000
118.313,346.2664,0.8374,219.5999,0.2510,3.8000,-0.4500,0.0345,180.6631,357.6266,0.0000,0.0000,0.0000
118.424,346.0043,0.7533,219.5420,0.2510,3.8000,-0.4500,359.8401,180.6716,357.3477,0.0000,0.0000,0.0000
118.535,345.7864,0.6788,219.4895,0.2510,3.8000,-0.4500,359.6922,180.6787,357.1468,0.0000,0.0000,0.0000
118.646,345.5258,0.5862,219.4212,0.2510,3.8000,-0.4500,359.5910,180.6839,357.0143,0.0000,0.0000,0.0000
118.757,345.3086,0.5025,219.3609,0.2510,3.8000,-0.4500,359.4371,180.6922,356.8192,0.0000,0.0000,0.0000
118.869,345.0486,0.3980,219.2836,0.2510,3.8000,-0.4500,359.2816,180.7011,356.6319,0.0000,0.0000,0.0000
118.979,344.8330,0.3112,219.2148,0.2510,3.8000,-0.4500,359.2816,180.7011,356.6320,0.0000,0.0000,0.0000
119.091,344.5733,0.1965,219.1304,0.2510,3.8000,-0.4500,359.0536,180.7150,356.3784,0.0000,0.0000,0.0000
119.201,344.3155,0.0844,219.0405,0.2510,3.8000,-0.4500,359.0536,180.7150,356.3784,0.0000,0.0000,0.0000
119.314,344.1001,-0.0145,218.9641,0.2510,3.8000,-0.4500,358.9377,180.7224,356.2614,0.0000,0.0000,0.0000
119.424,343.8427,-0.1321,218.8692,0.2510,3.8000,-0.4500,358.9377,180.7224,356.2614,0.0000,0.0000,0.0000
119.535,343.6279,-0.2332,218.7891,0.2510,3.8000,-0.4500,358.8759,180.7265,356.2045,0.0000,0.0000,0.0000
119.646,343.3701,-0.3572,218.6918,0.2510,3.8000,-0.4500,358.7483,180.7351,356.0953,0.0000,0.0000,0.0000
119.760,343.1132,-0.4791,218.5921,0.2510,3.8000,-0.4500,358.7483,180.7351,356.0953,0.0000,0.0000,0.0000
119.868,342.8991,-0.5810,218.5085,0.2510,3.8000,-0.4500,358.7483,180.7351,356.0953,0.0000,0.0000,0.0000
119.979,342.6851,-0.6827,218.4247,0.2510,3.8000,-0.4500,358.7483,180.7351,356.0953,0.0000,0.0000,0.0000
