time_sec,world_x,world_y,world_z,local_x,local_y,local_z,world_rot_x,world_rot_y,world_rot_z,local_rot_x,local_rot_y,local_rot_z
0.000,598.8699,5.2478,250.4535,0.2510,3.8000,-0.4500,0.0000,180.0000,0.0000,0.0000,0.0000,0.0000
0.000,598.8699,5.2478,250.4535,0.2510,3.8000,-0.4500,0.0000,180.0000,0.0000,0.0000,0.0000,0.0000
0.101,598.6557,5.0566,250.4581,0.2510,3.8000,-0.4500,0.0000,180.0000,0.0000,0.0000,0.0000,0.0000
0.211,598.2777,4.7300,250.4630,0.2510,3.8000,-0.4500,0.0000,180.0000,0.0000,0.0000,0.0000,0.0000
0.320,597.8721,4.3853,250.4667,0.2510,3.8000,-0.4500,0.0000,180.0000,0.0000,0.0000,0.0000,0.0000
0.435,597.2912,3.8939,250.5013,0.2510,3.8000,-0.4500,0.0000,180.0000,0.0000,0.0000,0.0000,0.0000
0.542,596.7419,3.4263,250.6113,0.2510,3.8000,-0.4500,0.0000,180.0000,0.0000,0.0000,0.0000,0.0000
0.667,595.8896,2.6930,250.9386,0.2510,3.8000,-0.4500,0.0000,180.0000,0.0000,0.0000,0.0000,0.0000
0.767,595.2297,2.1191,251.3045,0.2510,3.8000,-0.4500,0.0000,180.0000,0.0000,0.0000,0.0000,0.0000
0.876,594.5325,1.5080,251.7799,0.2510,3.8000,-0.4500,0.0000,180.0000,0.0000,0.0000,0.0000,0.0000
0.988,593.6523,0.7305,252.4891,0.2510,3.8000,-0.4500,0.0000,180.0000,0.0000,0.0000,0.0000,0.0000
1.100,592.8866,0.0496,253.1883,0.2510,3.8000,-0.4500,0.0000,180.0000,0.0000,0.0000,0.0000,0.0000
1.224,591.9337,-0.8029,254.1492,0.2510,3.8000,-0.4500,0.0000,180.0000,0.0000,0.0000,0.0000,0.0000
1.336,591.0698,-1.6517,255.1029,0.2510,3.8000,-0.4500,359.4019,180.0000,0.0053,0.0000,0.0000,0.0000
1.461,590.4965,-2.2075,255.8128,0.2510,3.8000,-0.4500,357.3458,179.9995,0.0237,0.0000,0.0000,0.0000
1.586,590.0268,-2.4500,256.4709,0.2510,3.8000,-0.4500,355.8944,179.9987,0.0348,0.0000,0.0000,0.0000
1.711,589.7117,-2.4534,256.9601,0.2510,3.8000,-0.4500,355.5802,179.9985,0.0355,0.0000,0.0000,0.0000
1.836,589.4380,-2.3961,257.4128,0.2510,3.8000,-0.4500,355.5802,179.9985,0.0355,0.0000,0.0000,0.0000
1.936,589.2270,-2.3607,257.7715,0.2510,3.8000,-0.4500,355.5802,179.9985,0.0355,0.0000,0.0000,0.0000
2.045,589.0247,-2.3606,258.1173,0.2510,3.8000,-0.4500,355.5802,179.9985,0.0355,0.0000,0.0000,0.0000
2.157,588.7886,-2.4129,258.5199,0.2510,3.8000,-0.4500,355.5802,179.9985,0.0355,0.0000,0.0000,0.0000
2.268,588.5562,-2.5110,258.9120,0.2510,3.8000,-0.4500,355.5802,179.9985,0.0355,0.0000,0.0000,0.0000
2.392,588.3257,-2.6345,259.2964,0.2510,3.8000,-0.4500,355.5802,179.9985,0.0355,0.0000,0.0000,0.0000
2.517,588.0959,-2.7646,259.6761,0.2510,3.8000,-0.4500,355.5802,179.9985,0.0355,0.0000,0.0000,0.0000
2.643,587.8666,-2.8882,260.0542,0.2510,3.8000,-0.4500,355.5802,179.9985,0.0355,0.0000,0.0000,0.0000
2.754,587.6374,-2.9995,260.4331,0.2510,3.8000,-0.4500,355.5802,179.9985,0.0355,0.0000,0.0000,0.0000
2.879,587.4066,-3.0982,260.8106,0.2510,3.8000,-0.4500,355.9553,179.9980,359.8279,0.0000,0.0000,0.0000
3.004,587.1747,-3.1849,261.1635,0.2510,3.8000,-0.4500,356.1123,179.9975,359.7494,0.0000,0.0000,0.0000
3.115,586.9377,-3.2616,261.4561,0.2510,3.8000,-0.4500,356.3466,179.9962,359.6341,0.0000,0.0000,0.0000
3.225,586.7360,-3.3204,261.6545,0.2510,3.8000,-0.4500,356.6491,179.9939,359.4880,0.0000,0.0000,0.0000
3.339,586.4897,-3.3864,261.8255,0.2510,3.8000,-0.4500,356.7231,179.9932,359.4522,0.0000,0.0000,0.0000
3.461,586.2380,-3.4481,261.8876,0.2510,3.8000,-0.4500,357.1064,179.9889,359.2610,0.0000,0.0000,0.0000
3.573,585.9883,-3.5063,261.8571,0.2510,3.8000,-0.4500,357.1064,179.9889,359.2610,0.0000,0.0000,0.0000
3.698,585.7390,-3.5627,261.7542,0.2510,3.8000,-0.4500,357.4146,179.9845,359.0937,0.0000,0.0000,0.0000
3.823,585.4919,-3.6177,261.6010,0.2510,3.8000,-0.4500,357.6303,179.9808,358.9689,0.0000,0.0000,0.0000
3.934,585.2488,-3.6708,261.3951,0.2510,3.8000,-0.4500,357.6303,179.9808,358.9689,0.0000,0.0000,0.0000
4.045,585.0474,-3.7146,261.1850,0.2510,3.8000,-0.4500,357.8468,179.9767,358.8373,0.0000,0.0000,0.0000
4.159,584.8090,-3.7653,260.9024,0.2510,3.8000,-0.4500,357.8468,179.9767,358.8373,0.0000,0.0000,0.0000
4.268,584.5691,-3.8163,260.6226,0.2510,3.8000,-0.4500,358.0562,179.9722,358.7088,0.0000,0.0000,0.0000
4.392,584.3272,-3.8668,260.3767,0.2510,3.8000,-0.4500,358.0562,179.9722,358.7088,0.0000,0.0000,0.0000
4.504,584.1226,-3.9092,260.1971,0.2510,3.8000,-0.4500,358.2747,179.9670,358.5906,0.0000,0.0000,0.0000
4.615,583.8755,-3.9589,260.0104,0.2510,3.8000,-0.4500,358.2747,179.9670,358.5906,0.0000,0.0000,0.0000
4.726,583.6258,-4.0068,259.8470,0.2510,3.8000,-0.4500,358.4243,179.9633,358.5291,0.0000,0.0000,0.0000
4.851,583.3746,-4.0520,259.7025,0.2510,3.8000,-0.4500,358.5807,179.9592,358.4846,0.0000,0.0000,0.0000
4.976,583.1223,-4.0937,259.5707,0.2510,3.8000,-0.4500,358.7417,179.9549,358.4498,0.0000,0.0000,0.0000
5.101,582.8708,-4.1309,259.4349,0.2510,3.8000,-0.4500,358.9052,179.9504,358.4399,0.0000,0.0000,0.0000
5.212,582.6205,-4.1632,259.2820,0.2510,3.8000,-0.4500,359.0687,179.9460,358.4457,0.0000,0.0000,0.0000
5.325,582.4136,-4.1857,259.1400,0.2510,3.8000,-0.4500,359.2330,179.9415,358.4711,0.0000,0.0000,0.0000
5.434,582.1704,-4.2069,258.9094,0.2510,3.8000,-0.4500,359.4751,179.9352,358.5349,0.0000,0.0000,0.0000
5.559,581.9349,-4.2226,258.5818,0.2510,3.8000,-0.4500,359.7050,179.9295,358.6372,0.0000,0.0000,0.0000
5.684,581.7056,-4.2360,258.1703,0.2510,3.8000,-0.4500,359.7779,179.9278,358.6732,0.0000,0.0000,0.0000
5.796,581.4817,-4.2419,257.6987,0.2510,3.8000,-0.4500,359.9749,179.9235,358.8174,0.0000,0.0000,0.0000
5.920,581.2605,-4.2429,257.1908,0.2510,3.8000,-0.4500,0.1584,179.9200,358.9807,0.0000,0.0000,0.0000
6.045,581.0417,-4.2387,256.6610,0.2510,3.8000,-0.4500,0.3173,179.9174,359.1693,0.0000,0.0000,0.0000
6.157,580.8247,-4.2293,256.1205,0.2510,3.8000,-0.4500,0.4614,179.9156,359.3711,0.0000,0.0000,0.0000
6.270,580.6082,-4.2160,255.5774,0.2510,3.8000,-0.4500,0.5496,179.9147,359.5111,0.0000,0.0000,0.0000
6.379,580.4291,-4.1985,255.1245,0.2510,3.8000,-0.4500,0.6764,179.9139,359.7290,0.0000,0.0000,0.0000
6.492,580.2148,-4.1731,254.5817,0.2510,3.8000,-0.4500,0.7959,179.9135,359.9516,0.0000,0.0000,0.0000
6.601,580.0385,-4.1452,254.1135,0.2510,3.8000,-0.4500,0.9501,179.9138,0.2554,0.0000,0.0000,0.0000
6.701,579.8635,-4.1174,253.6176,0.2510,3.8000,-0.4500,1.0204,179.9142,0.3998,0.0000,0.0000,0.0000
6.809,579.6571,-4.0786,252.9879,0.2510,3.8000,-0.4500,1.1261,179.9152,0.6271,0.0000,0.0000,0.0000
6.922,579.4875,-4.0419,252.4414,0.2510,3.8000,-0.4500,1.2285,179.9165,0.8548,0.0000,0.0000,0.0000
7.046,579.2503,-3.9864,251.6825,0.2510,3.8000,-0.4500,1.3247,179.9181,1.0814,0.0000,0.0000,0.0000
7.170,579.0461,-3.9290,251.0834,0.2510,3.8000,-0.4500,1.4592,179.9210,1.4014,0.0000,0.0000,0.0000
7.282,578.8738,-3.8765,250.6266,0.2510,3.8000,-0.4500,1.5581,179.9236,1.6278,0.0000,0.0000,0.0000
7.393,578.6647,-3.8089,250.1238,0.2510,3.8000,-0.4500,1.6309,179.9258,1.7821,0.0000,0.0000,0.0000
7.518,578.4484,-3.7296,249.7686,0.2510,3.8000,-0.4500,1.7419,179.9295,2.0095,0.0000,0.0000,0.0000
7.642,578.2311,-3.6300,249.6853,0.2510,3.8000,-0.4500,1.9566,179.9377,2.3770,0.0000,0.0000,0.0000
7.767,577.9852,-3.4931,249.8875,0.2510,3.8000,-0.4500,2.1638,179.9469,2.6552,0.0000,0.0000,0.0000
7.893,577.7823,-3.3569,250.2366,0.2510,3.8000,-0.4500,2.3241,179.9546,2.8488,0.0000,0.0000,0.0000
8.004,577.6191,-3.2271,250.6068,0.2510,3.8000,-0.4500,2.6226,179.9703,3.1506,0.0000,0.0000,0.0000
8.129,577.3953,-3.0329,251.2035,0.2510,3.8000,-0.4500,2.8690,179.9843,3.3770,0.0000,0.0000,0.0000
8.240,577.2385,-2.8851,251.6638,0.2510,3.8000,-0.4500,2.9926,179.9918,3.4871,0.0000,0.0000,0.0000
8.365,577.0537,-2.6960,252.2370,0.2510,3.8000,-0.4500,3.2480,180.0078,3.7113,0.0000,0.0000,0.0000
8.490,576.8400,-2.4694,252.9239,0.2510,3.8000,-0.4500,3.3692,180.0158,3.8186,0.0000,0.0000,0.0000
8.615,576.6591,-2.2668,253.5200,0.2510,3.8000,-0.4500,3.5467,180.0280,3.9886,0.0000,0.0000,0.0000
8.741,576.4780,-2.0648,254.1199,0.2510,3.8000,-0.4500,3.5467,180.0280,3.9886,0.0000,0.0000,0.0000
8.865,576.2976,-1.8610,254.7203,0.2510,3.8000,-0.4500,3.5467,180.0280,3.9886,0.0000,0.0000,0.0000
8.990,576.0880,-1.6219,255.4197,0.2510,3.8000,-0.4500,3.5955,180.0314,4.0513,0.0000,0.0000,0.0000
9.101,575.9381,-1.4537,255.9185,0.2510,3.8000,-0.4500,3.5955,180.0314,4.0513,0.0000,0.0000,0.0000
9.227,575.7279,-1.2224,256.6152,0.2510,3.8000,-0.4500,3.5955,180.0314,4.0513,0.0000,0.0000,0.0000
9.337,575.5775,-1.0613,257.1119,0.2510,3.8000,-0.4500,3.5955,180.0314,4.0513,0.0000,0.0000,0.0000
9.462,575.3964,-0.8741,257.7040,0.2510,3.8000,-0.4500,3.5955,180.0314,4.0513,0.0000,0.0000,0.0000
9.573,575.2139,-0.6947,258.2914,0.2510,3.8000,-0.4500,3.5955,180.0314,4.0513,0.0000,0.0000,0.0000
9.698,575.0300,-0.5241,258.8745,0.2510,3.8000,-0.4500,3.5955,180.0314,4.0513,0.0000,0.0000,0.0000
9.823,574.8447,-0.3635,259.4512,0.2510,3.8000,-0.4500,3.5955,180.0314,4.0513,0.0000,0.0000,0.0000
9.924,574.6890,-0.2399,259.9300,0.2510,3.8000,-0.4500,3.1771,180.0015,4.0947,0.0000,0.0000,0.0000
10.035,574.4996,-0.1005,260.4890,0.2510,3.8000,-0.4500,3.0136,179.9898,4.0692,0.0000,0.0000,0.0000
10.143,574.3330,0.0028,260.8530,0.2510,3.8000,-0.4500,2.6887,179.9669,3.9852,0.0000,0.0000,0.0000
10.254,574.1230,0.1118,261.0305,0.2510,3.8000,-0.4500,2.4580,179.9510,3.8781,0.0000,0.0000,0.0000
10.379,573.9124,0.2075,260.9532,0.2510,3.8000,-0.4500,2.3832,179.9460,3.8400,0.0000,0.0000,0.0000
10.504,573.7064,0.2838,260.6281,0.2510,3.8000,-0.4500,2.0245,179.9227,3.5941,0.0000,0.0000,0.0000
10.615,573.5088,0.3542,260.0929,0.2510,3.8000,-0.4500,1.9618,179.9187,3.5374,0.0000,0.0000,0.0000
10.743,573.3136,0.4151,259.4493,0.2510,3.8000,-0.4500,1.8370,179.9111,3.4203,0.0000,0.0000,0.0000
10.853,573.1180,0.4669,258.7636,0.2510,3.8000,-0.4500,1.6081,179.8979,3.1584,0.0000,0.0000,0.0000
10.965,572.9554,0.5102,258.1821,0.2510,3.8000,-0.4500,1.5580,179.8952,3.0896,0.0000,0.0000,0.0000
11.073,572.7576,0.5537,257.4859,0.2510,3.8000,-0.4500,1.3681,179.8854,2.8135,0.0000,0.0000,0.0000
11.199,572.5594,0.5959,256.7937,0.2510,3.8000,-0.4500,1.2870,179.8814,2.6740,0.0000,0.0000,0.0000
11.324,572.3587,0.6299,256.1074,0.2510,3.8000,-0.4500,1.1312,179.8746,2.3759,0.0000,0.0000,0.0000
11.434,572.1572,0.6604,255.4251,0.2510,3.8000,-0.4500,1.0276,179.8705,2.1466,0.0000,0.0000,0.0000
11.559,571.9550,0.6872,254.7388,0.2510,3.8000,-0.4500,0.9642,179.8682,1.9969,0.0000,0.0000,0.0000
11.684,571.7513,0.7049,254.0363,0.2510,3.8000,-0.4500,0.8462,179.8644,1.6870,0.0000,0.0000,0.0000
11.796,571.5470,0.7167,253.3173,0.2510,3.8000,-0.4500,0.7395,179.8615,1.3654,0.0000,0.0000,0.0000
11.921,571.3440,0.7258,252.5784,0.2510,3.8000,-0.4500,0.6914,179.8605,1.2075,0.0000,0.0000,0.0000
12.046,571.1051,0.7263,251.7049,0.2510,3.8000,-0.4500,0.6013,179.8588,0.8828,0.0000,0.0000,0.0000
12.170,570.8989,0.7211,250.9717,0.2510,3.8000,-0.4500,0.5394,179.8580,0.6381,0.0000,0.0000,0.0000
12.270,570.7227,0.7102,250.4079,0.2510,3.8000,-0.4500,0.4653,179.8574,0.3133,0.0000,0.0000,0.0000
12.379,570.5388,0.6972,249.9612,0.2510,3.8000,-0.4500,0.4149,179.8572,0.0679,0.0000,0.0000,0.0000
12.503,570.3043,0.6789,249.6135,0.2510,3.8000,-0.4500,0.3832,179.8572,359.9075,0.0000,0.0000,0.0000
12.604,570.0984,0.6538,249.4687,0.2510,3.8000,-0.4500,0.3092,179.8576,359.4908,0.0000,0.0000,0.0000
12.712,569.8519,0.6240,249.4464,0.2510,3.8000,-0.4500,0.2807,179.8579,359.3292,0.0000,0.0000,0.0000
12.823,569.6458,0.5886,249.5290,0.2510,3.8000,-0.4500,0.2030,179.8591,358.9169,0.0000,0.0000,0.0000
12.948,569.3624,0.5365,249.7525,0.2510,3.8000,-0.4500,0.1440,179.8603,358.6709,0.0000,0.0000,0.0000
13.059,569.1604,0.4912,249.9576,0.2510,3.8000,-0.4500,0.0766,179.8620,358.4301,0.0000,0.0000,0.0000
13.171,568.9188,0.4301,250.2292,0.2510,3.8000,-0.4500,-0.0010,179.8643,358.1955,0.0000,0.0000,0.0000
13.295,568.6770,0.3587,250.5156,0.2510,3.8000,-0.4500,359.8718,179.8687,357.8887,0.0000,0.0000,0.0000
13.406,568.4343,0.2803,250.7943,0.2510,3.8000,-0.4500,359.7595,179.8730,357.6662,0.0000,0.0000,0.0000
13.518,568.2303,0.2079,251.0099,0.2510,3.8000,-0.4500,359.6299,179.8786,357.4464,0.0000,0.0000,0.0000
13.629,567.9841,0.1167,251.2484,0.2510,3.8000,-0.4500,359.5414,179.8826,357.3078,0.0000,0.0000,0.0000
13.740,567.7767,0.0331,251.4246,0.2510,3.8000,-0.4500,359.3974,179.8896,357.1084,0.0000,0.0000,0.0000
13.865,567.5250,-0.0720,251.6005,0.2510,3.8000,-0.4500,359.2370,179.8980,356.9149,0.0000,0.0000,0.0000
13.990,567.2288,-0.1991,251.7679,0.2510,3.8000,-0.4500,359.1246,179.9042,356.7947,0.0000,0.0000,0.0000
14.115,566.9744,-0.3141,251.9090,0.2510,3.8000,-0.4500,359.0045,179.9111,356.6749,0.0000,0.0000,0.0000
14.215,566.7643,-0.4142,252.0475,0.2510,3.8000,-0.4500,358.8823,179.9183,356.5667,0.0000,0.0000,0.0000
14.338,566.5154,-0.5369,252.2433,0.2510,3.8000,-0.4500,358.8181,179.9221,356.5168,0.0000,0.0000,0.0000
14.449,566.2693,-0.6686,252.4822,0.2510,3.8000,-0.4500,358.5385,179.9396,356.3332,0.0000,0.0000,0.0000
14.573,566.0289,-0.7996,252.7736,0.2510,3.8000,-0.4500,358.5385,179.9396,356.3332,0.0000,0.0000,0.0000
14.699,565.7917,-0.9385,253.1130,0.2510,3.8000,-0.4500,358.2984,179.9552,356.2489,0.0000,0.0000,0.0000
14.809,565.5579,-1.0777,253.4868,0.2510,3.8000,-0.4500,358.2984,179.9552,356.2489,0.0000,0.0000,0.0000
14.935,565.3265,-1.2223,253.8909,0.2510,3.8000,-0.4500,358.0519,179.9715,356.2225,0.0000,0.0000,0.0000
15.046,565.0970,-1.3662,254.3140,0.2510,3.8000,-0.4500,358.0519,179.9714,356.2225,0.0000,0.0000,0.0000
15.171,564.8691,-1.5123,254.7547,0.2510,3.8000,-0.4500,357.8848,179.9824,356.2464,0.0000,0.0000,0.0000
15.296,564.6428,-1.6581,255.2117,0.2510,3.8000,-0.4500,357.8061,179.9876,356.2657,0.0000,0.0000,0.0000
15.421,564.4183,-1.8034,255.6839,0.2510,3.8000,-0.4500,357.5717,180.0027,356.3689,0.0000,0.0000,0.0000
15.546,564.1568,-1.9711,256.2452,0.2510,3.8000,-0.4500,357.5040,180.0070,356.4168,0.0000,0.0000,0.0000
15.671,563.9338,-2.1124,256.7319,0.2510,3.8000,-0.4500,357.3720,180.0151,356.5164,0.0000,0.0000,0.0000
15.771,563.7482,-2.2280,257.1391,0.2510,3.8000,-0.4500,357.3169,180.0184,356.5794,0.0000,0.0000,0.0000
15.879,563.5631,-2.3406,257.5469,0.2510,3.8000,-0.4500,357.2138,180.0245,356.7144,0.0000,0.0000,0.0000
16.004,563.3409,-2.4722,258.0342,0.2510,3.8000,-0.4500,357.1316,180.0291,356.8602,0.0000,0.0000,0.0000
16.104,563.1554,-2.5793,258.4383,0.2510,3.8000,-0.4500,357.0982,180.0309,356.9340,0.0000,0.0000,0.0000
16.212,562.9325,-2.7038,258.9210,0.2510,3.8000,-0.4500,357.0711,180.0324,357.0130,0.0000,0.0000,0.0000
16.338,562.7105,-2.8206,259.4005,0.2510,3.8000,-0.4500,357.0101,180.0354,357.2616,0.0000,0.0000,0.0000
16.462,562.4876,-2.9332,259.8762,0.2510,3.8000,-0.4500,356.9967,180.0360,357.4272,0.0000,0.0000,0.0000
16.587,562.2274,-3.0579,260.4268,0.2510,3.8000,-0.4500,357.0036,180.0357,357.5978,0.0000,0.0000,0.0000
16.713,562.0041,-3.1580,260.8947,0.2510,3.8000,-0.4500,357.0158,180.0353,357.7632,0.0000,0.0000,0.0000
16.837,561.7803,-3.2533,261.3589,0.2510,3.8000,-0.4500,357.0380,180.0344,357.8477,0.0000,0.0000,0.0000
16.962,561.5574,-3.3390,261.8207,0.2510,3.8000,-0.4500,357.1111,180.0318,358.0979,0.0000,0.0000,0.0000
17.087,561.2977,-3.4302,262.3596,0.2510,3.8000,-0.4500,357.2517,180.0275,358.4030,0.0000,0.0000,0.0000
17.212,561.0735,-3.5068,262.8232,0.2510,3.8000,-0.4500,357.2517,180.0275,358.4030,0.0000,0.0000,0.0000
17.324,560.8888,-3.5587,263.2087,0.2510,3.8000,-0.4500,357.4431,180.0227,358.6910,0.0000,0.0000,0.0000
17.448,560.6281,-3.6307,263.7470,0.2510,3.8000,-0.4500,357.4905,180.0216,358.7577,0.0000,0.0000,0.0000
17.573,560.4056,-3.6794,264.2045,0.2510,3.8000,-0.4500,357.7125,180.0173,359.0093,0.0000,0.0000,0.0000
17.685,560.2175,-3.7161,264.5541,0.2510,3.8000,-0.4500,357.8284,180.0154,359.1230,0.0000,0.0000,0.0000
17.810,559.9430,-3.7519,264.8068,0.2510,3.8000,-0.4500,358.0783,180.0121,359.3513,0.0000,0.0000,0.0000
17.935,559.7071,-3.7738,264.7815,0.2510,3.8000,-0.4500,358.1393,180.0114,359.4065,0.0000,0.0000,0.0000
18.060,559.4791,-3.7814,264.5506,0.2510,3.8000,-0.4500,358.3748,180.0095,359.6424,0.0000,0.0000,0.0000
18.185,559.2600,-3.7862,264.1089,0.2510,3.8000,-0.4500,358.3748,180.0095,359.6424,0.0000,0.0000,0.0000
18.310,559.0154,-3.7782,263.4104,0.2510,3.8000,-0.4500,358.5227,180.0088,359.8420,0.0000,0.0000,0.0000
18.423,558.8449,-3.7664,262.8428,0.2510,3.8000,-0.4500,358.6369,180.0087,0.0624,0.0000,0.0000,0.0000
18.532,558.6409,-3.7539,262.1258,0.2510,3.8000,-0.4500,358.6369,180.0087,0.0624,0.0000,0.0000,0.0000
18.657,558.4395,-3.7328,261.3920,0.2510,3.8000,-0.4500,358.7180,180.0090,0.2973,0.0000,0.0000,0.0000
18.770,558.2393,-3.7083,260.6537,0.2510,3.8000,-0.4500,358.7736,180.0094,0.5404,0.0000,0.0000,0.0000
18.879,558.0718,-3.6892,260.0374,0.2510,3.8000,-0.4500,358.7736,180.0094,0.5404,0.0000,0.0000,0.0000
18.993,557.8727,-3.6604,259.2975,0.2510,3.8000,-0.4500,358.8000,180.0097,0.7007,0.0000,0.0000,0.0000
19.101,557.7079,-3.6319,258.6806,0.2510,3.8000,-0.4500,358.8304,180.0101,0.9536,0.0000,0.0000,0.0000
19.216,557.5089,-3.6004,257.9385,0.2510,3.8000,-0.4500,358.8304,180.0101,0.9536,0.0000,0.0000,0.0000
19.333,557.3124,-3.5613,257.1938,0.2510,3.8000,-0.4500,358.8540,180.0106,1.2056,0.0000,0.0000,0.0000
19.435,557.1480,-3.5304,256.5706,0.2510,3.8000,-0.4500,358.8540,180.0106,1.2056,0.0000,0.0000,0.0000
19.545,556.9861,-3.4931,255.9438,0.2510,3.8000,-0.4500,358.8747,180.0110,1.4515,0.0000,0.0000,0.0000
19.656,556.7892,-3.4517,255.2155,0.2510,3.8000,-0.4500,358.8747,180.0111,1.4515,0.0000,0.0000,0.0000
19.768,556.5921,-3.4040,254.5359,0.2510,3.8000,-0.4500,358.8997,180.0118,1.7009,0.0000,0.0000,0.0000
19.893,556.3878,-3.3598,253.9527,0.2510,3.8000,-0.4500,358.8997,180.0117,1.7009,0.0000,0.0000,0.0000
20.004,556.2095,-3.3212,253.5954,0.2510,3.8000,-0.4500,358.9157,180.0123,1.7816,0.0000,0.0000,0.0000
20.129,555.9465,-3.2653,253.2955,0.2510,3.8000,-0.4500,358.9631,180.0138,1.9424,0.0000,0.0000,0.0000
20.254,555.7145,-3.2150,253.1994,0.2510,3.8000,-0.4500,359.0400,180.0165,2.0907,0.0000,0.0000,0.0000
20.365,555.5201,-3.1717,253.2023,0.2510,3.8000,-0.4500,359.0807,180.0180,2.1621,0.0000,0.0000,0.0000
20.476,555.2885,-3.1148,253.2802,0.2510,3.8000,-0.4500,359.1861,180.0221,2.2854,0.0000,0.0000,0.0000
20.601,555.0598,-3.0501,253.4137,0.2510,3.8000,-0.4500,359.4474,180.0330,2.4977,0.0000,0.0000,0.0000
20.726,554.7946,-2.9703,253.6138,0.2510,3.8000,-0.4500,359.6730,180.0431,2.6180,0.0000,0.0000,0.0000
20.851,554.5684,-2.8964,253.8061,0.2510,3.8000,-0.4500,359.8222,180.0500,2.6892,0.0000,0.0000,0.0000
20.976,554.3436,-2.8147,254.0074,0.2510,3.8000,-0.4500,0.1431,180.0654,2.7941,0.0000,0.0000,0.0000
21.101,554.1191,-2.7288,254.2127,0.2510,3.8000,-0.4500,0.3824,180.0772,2.8509,0.0000,0.0000,0.0000
21.226,553.8574,-2.6225,254.4516,0.2510,3.8000,-0.4500,0.6319,180.0897,2.8941,0.0000,0.0000,0.0000
21.355,553.6332,-2.5258,254.6540,0.2510,3.8000,-0.4500,0.8803,180.1024,2.9275,0.0000,0.0000,0.0000
21.475,553.4091,-2.4250,254.8554,0.2510,3.8000,-0.4500,1.1387,180.1156,2.9428,0.0000,0.0000,0.0000
21.601,553.1856,-2.3209,255.0590,0.2510,3.8000,-0.4500,1.3067,180.1243,2.9470,0.0000,0.0000,0.0000
21.725,552.9623,-2.2126,255.2641,0.2510,3.8000,-0.4500,1.5563,180.1371,2.9445,0.0000,0.0000,0.0000
21.839,552.7393,-2.1013,255.4708,0.2510,3.8000,-0.4500,1.8114,180.1502,2.9228,0.0000,0.0000,0.0000
21.948,552.5163,-1.9882,255.6820,0.2510,3.8000,-0.4500,1.8925,180.1543,2.9140,0.0000,0.0000,0.0000
22.061,552.3305,-1.8912,255.8619,0.2510,3.8000,-0.4500,2.1374,180.1667,2.8728,0.0000,0.0000,0.0000
22.170,552.1081,-1.7736,256.0845,0.2510,3.8000,-0.4500,2.2978,180.1747,2.8343,0.0000,0.0000,0.0000
22.295,551.8860,-1.6544,256.3136,0.2510,3.8000,-0.4500,2.4575,180.1826,2.7910,0.0000,0.0000,0.0000
22.407,551.6640,-1.5340,256.5532,0.2510,3.8000,-0.4500,2.6969,180.1941,2.6981,0.0000,0.0000,0.0000
22.519,551.4797,-1.4331,256.7613,0.2510,3.8000,-0.4500,2.7731,180.1977,2.6666,0.0000,0.0000,0.0000
22.628,551.2582,-1.3120,257.0175,0.2510,3.8000,-0.4500,2.9905,180.2076,2.5457,0.0000,0.0000,0.0000
22.754,551.0339,-1.1931,257.2129,0.2510,3.8000,-0.4500,2.9905,180.2076,2.5458,0.0000,0.0000,0.0000
22.878,550.8094,-1.0903,257.1636,0.2510,3.8000,-0.4500,3.1900,180.2162,2.3999,0.0000,0.0000,0.0000
23.003,550.5935,-1.0060,256.8707,0.2510,3.8000,-0.4500,3.2478,180.2186,2.3443,0.0000,0.0000,0.0000
23.103,550.4174,-0.9501,256.4879,0.2510,3.8000,-0.4500,3.4116,180.2251,2.1526,0.0000,0.0000,0.0000
23.212,550.2118,-0.8923,255.9190,0.2510,3.8000,-0.4500,3.4116,180.2251,2.1526,0.0000,0.0000,0.0000
23.337,550.0067,-0.8480,255.2720,0.2510,3.8000,-0.4500,3.5817,180.2310,1.8596,0.0000,0.0000,0.0000
23.437,549.8383,-0.8135,254.6964,0.2510,3.8000,-0.4500,3.5817,180.2310,1.8596,0.0000,0.0000,0.0000
23.545,549.6708,-0.7832,254.0952,0.2510,3.8000,-0.4500,3.5817,180.2310,1.8596,0.0000,0.0000,0.0000
23.671,549.4344,-0.7512,253.2222,0.2510,3.8000,-0.4500,3.7034,180.2346,1.5344,0.0000,0.0000,0.0000
23.795,549.2338,-0.7241,252.4564,0.2510,3.8000,-0.4500,3.7034,180.2346,1.5344,0.0000,0.0000,0.0000
23.920,549.0306,-0.7054,251.6808,0.2510,3.8000,-0.4500,3.7900,180.2367,1.2063,0.0000,0.0000,0.0000
24.046,548.7958,-0.6814,250.7693,0.2510,3.8000,-0.4500,3.7900,180.2367,1.2063,0.0000,0.0000,0.0000
24.156,548.6263,-0.6689,250.1173,0.2510,3.8000,-0.4500,3.8222,180.2373,1.0438,0.0000,0.0000,0.0000
24.281,548.4225,-0.6528,249.3568,0.2510,3.8000,-0.4500,3.8366,180.2376,0.9636,0.0000,0.0000,0.0000
24.407,548.1810,-0.6323,248.5256,0.2510,3.8000,-0.4500,3.8505,180.2378,0.8814,0.0000,0.0000,0.0000
24.531,547.9703,-0.6123,247.8755,0.2510,3.8000,-0.4500,3.8642,180.2380,0.7999,0.0000,0.0000,0.0000
24.656,547.7489,-0.5822,247.3867,0.2510,3.8000,-0.4500,3.8642,180.2380,0.7999,0.0000,0.0000,0.0000
24.757,547.5531,-0.5465,247.1442,0.2510,3.8000,-0.4500,3.8642,180.2380,0.7999,0.0000,0.0000,0.0000
24.880,547.3134,-0.4913,247.0318,0.2510,3.8000,-0.4500,3.8642,180.2380,0.7999,0.0000,0.0000,0.0000
24.990,547.0743,-0.4273,247.0835,0.2510,3.8000,-0.4500,3.8914,180.2383,0.6383,0.0000,0.0000,0.0000
25.101,546.8789,-0.3652,247.2261,0.2510,3.8000,-0.4500,3.8914,180.2383,0.6383,0.0000,0.0000,0.0000
25.229,546.6090,-0.2736,247.5334,0.2510,3.8000,-0.4500,3.9026,180.2385,0.5583,0.0000,0.0000,0.0000
25.339,546.4167,-0.2094,247.8046,0.2510,3.8000,-0.4500,3.9310,180.2387,0.3083,0.0000,0.0000,0.0000
25.450,546.1894,-0.1274,248.1663,0.2510,3.8000,-0.4500,3.9310,180.2387,0.3083,0.0000,0.0000,0.0000
25.560,545.9990,-0.0647,248.4876,0.2510,3.8000,-0.4500,3.9494,180.2388,0.0476,0.0000,0.0000,0.0000
25.670,545.7711,0.0106,248.8878,0.2510,3.8000,-0.4500,3.9580,180.2387,359.8847,0.0000,0.0000,0.0000
25.795,545.5438,0.0838,249.2976,0.2510,3.8000,-0.4500,3.9609,180.2387,359.8035,0.0000,0.0000,0.0000
25.920,545.3141,0.1486,249.7131,0.2510,3.8000,-0.4500,3.9676,180.2387,359.4648,0.0000,0.0000,0.0000
26.045,545.0851,0.2135,250.1311,0.2510,3.8000,-0.4500,3.9672,180.2387,359.3816,0.0000,0.0000,0.0000
26.156,544.8549,0.2723,250.5502,0.2510,3.8000,-0.4500,3.9657,180.2387,359.2134,0.0000,0.0000,0.0000
26.281,544.6227,0.3234,250.9701,0.2510,3.8000,-0.4500,3.9554,180.2388,358.8727,0.0000,0.0000,0.0000
26.393,544.3906,0.3728,251.3891,0.2510,3.8000,-0.4500,3.9468,180.2390,358.7073,0.0000,0.0000,0.0000
26.504,544.1964,0.4096,251.7374,0.2510,3.8000,-0.4500,3.9361,180.2393,358.5395,0.0000,0.0000,0.0000
26.615,543.9629,0.4501,252.1542,0.2510,3.8000,-0.4500,3.9240,180.2396,358.3754,0.0000,0.0000,0.0000
26.740,543.7279,0.4843,252.5700,0.2510,3.8000,-0.4500,3.9019,180.2403,358.1263,0.0000,0.0000,0.0000
26.851,543.4930,0.5167,252.9833,0.2510,3.8000,-0.4500,3.8934,180.2406,358.0449,0.0000,0.0000,0.0000
26.976,543.2568,0.5431,253.3948,0.2510,3.8000,-0.4500,3.8753,180.2412,357.8802,0.0000,0.0000,0.0000
27.087,543.0190,0.5619,253.8047,0.2510,3.8000,-0.4500,3.8328,180.2429,357.5448,0.0000,0.0000,0.0000
27.212,542.7825,0.5828,254.2109,0.2510,3.8000,-0.4500,3.8328,180.2430,357.5448,0.0000,0.0000,0.0000
27.337,542.5443,0.5967,254.6147,0.2510,3.8000,-0.4500,3.8088,180.2440,357.3804,0.0000,0.0000,0.0000
27.448,542.3051,0.6068,255.0114,0.2510,3.8000,-0.4500,3.7845,180.2452,357.2173,0.0000,0.0000,0.0000
27.548,542.1052,0.6144,255.3256,0.2510,3.8000,-0.4500,3.7845,180.2452,357.2173,0.0000,0.0000,0.0000
27.658,541.9024,0.6144,255.6238,0.2510,3.8000,-0.4500,3.7459,180.2471,356.9750,0.0000,0.0000,0.0000
27.768,541.6588,0.6160,255.9557,0.2510,3.8000,-0.4500,3.7459,180.2471,356.9750,0.0000,0.0000,0.0000
27.892,541.4074,0.6066,256.1794,0.2510,3.8000,-0.4500,3.7209,180.2485,356.8107,0.0000,0.0000,0.0000
28.017,541.1542,0.5869,256.2162,0.2510,3.8000,-0.4500,3.7209,180.2485,356.8107,0.0000,0.0000,0.0000
28.117,540.9447,0.5581,256.1220,0.2510,3.8000,-0.4500,3.7012,180.2496,356.6490,0.0000,0.0000,0.0000
28.240,540.7015,0.5163,255.8537,0.2510,3.8000,-0.4500,3.7012,180.2496,356.6490,0.0000,0.0000,0.0000
28.365,540.4657,0.4604,255.4342,0.2510,3.8000,-0.4500,3.6913,180.2502,356.4867,0.0000,0.0000,0.0000
28.476,540.2369,0.3988,254.9044,0.2510,3.8000,-0.4500,3.6913,180.2502,356.4867,0.0000,0.0000,0.0000
28.601,540.0120,0.3276,254.2927,0.2510,3.8000,-0.4500,3.6913,180.2502,356.3275,0.0000,0.0000,0.0000
28.726,539.7550,0.2416,253.5029,0.2510,3.8000,-0.4500,3.6913,180.2502,356.3275,0.0000,0.0000,0.0000
28.837,539.5731,0.1773,252.9066,0.2510,3.8000,-0.4500,3.6913,180.2502,356.3275,0.0000,0.0000,0.0000
28.962,539.3556,0.0980,252.1696,0.2510,3.8000,-0.4500,3.6913,180.2502,356.3275,0.0000,0.0000,0.0000
29.073,539.1382,0.0144,251.4180,0.2510,3.8000,-0.4500,3.6999,180.2496,356.1647,0.0000,0.0000,0.0000
29.198,538.9221,-0.0672,250.6576,0.2510,3.8000,-0.4500,3.6999,180.2496,356.1647,0.0000,0.0000,0.0000
29.323,538.7062,-0.1491,249.8933,0.2510,3.8000,-0.4500,3.6999,180.2496,356.1647,0.0000,0.0000,0.0000
29.423,538.5265,-0.2175,249.2556,0.2510,3.8000,-0.4500,3.6999,180.2496,356.1647,0.0000,0.0000,0.0000
29.531,538.3109,-0.2993,248.4908,0.2510,3.8000,-0.4500,3.6999,180.2496,356.1647,0.0000,0.0000,0.0000
29.656,538.0942,-0.3803,247.7407,0.2510,3.8000,-0.4500,3.6999,180.2496,356.1647,0.0000,0.0000,0.0000
29.781,537.8745,-0.4582,247.0424,0.2510,3.8000,-0.4500,3.6999,180.2496,356.1647,0.0000,0.0000,0.0000
29.906,537.6132,-0.5438,246.3112,0.2510,3.8000,-0.4500,3.6999,180.2496,356.1647,0.0000,0.0000,0.0000
30.017,537.4217,-0.6005,245.8646,0.2510,3.8000,-0.4500,3.6999,180.2496,356.1647,0.0000,0.0000,0.0000
30.142,537.1838,-0.6620,245.4416,0.2510,3.8000,-0.4500,3.6999,180.2496,356.1647,0.0000,0.0000,0.0000
30.253,536.9373,-0.7169,245.1284,0.2510,3.8000,-0.4500,3.6999,180.2496,356.1647,0.0000,0.0000,0.0000
30.378,536.6843,-0.7664,244.9083,0.2510,3.8000,-0.4500,3.6999,180.2496,356.1647,0.0000,0.0000,0.0000
30.492,536.4268,-0.8085,244.8253,0.2510,3.8000,-0.4500,3.6999,180.2496,356.1647,0.0000,0.0000,0.0000
30.601,536.2111,-0.8390,244.8311,0.2510,3.8000,-0.4500,3.6999,180.2496,356.1647,0.0000,0.0000,0.0000
30.726,535.9094,-0.8773,244.9189,0.2510,3.8000,-0.4500,3.6999,180.2496,356.1647,0.0000,0.0000,0.0000
30.851,535.6533,-0.9065,245.0604,0.2510,3.8000,-0.4500,3.6999,180.2496,356.1647,0.0000,0.0000,0.0000
30.962,535.4417,-0.9290,245.2158,0.2510,3.8000,-0.4500,3.6999,180.2496,356.1647,0.0000,0.0000,0.0000
31.062,535.2318,-0.9503,245.3999,0.2510,3.8000,-0.4500,3.6999,180.2496,356.1647,0.0000,0.0000,0.0000
31.172,534.9827,-0.9743,245.6613,0.2510,3.8000,-0.4500,3.6999,180.2496,356.1647,0.0000,0.0000,0.0000
31.281,534.7769,-0.9931,245.9089,0.2510,3.8000,-0.4500,3.6999,180.2496,356.1647,0.0000,0.0000,0.0000
31.392,534.5322,-1.0148,246.2332,0.2510,3.8000,-0.4500,3.6999,180.2496,356.1647,0.0000,0.0000,0.0000
31.517,534.2885,-1.0361,246.5763,0.2510,3.8000,-0.4500,3.6999,180.2496,356.1647,0.0000,0.0000,0.0000
31.629,534.0456,-1.0575,246.9303,0.2510,3.8000,-0.4500,3.6999,180.2496,356.1647,0.0000,0.0000,0.0000
31.740,533.8434,-1.0757,247.2300,0.2510,3.8000,-0.4500,3.6999,180.2496,356.1647,0.0000,0.0000,0.0000
31.851,533.6004,-1.1005,247.5937,0.2510,3.8000,-0.4500,3.5724,180.2583,356.0697,0.0000,0.0000,0.0000
31.965,533.3984,-1.1194,247.8972,0.2510,3.8000,-0.4500,3.5724,180.2583,356.0697,0.0000,0.0000,0.0000
32.075,533.1559,-1.1424,248.2623,0.2510,3.8000,-0.4500,3.5724,180.2583,356.0697,0.0000,0.0000,0.0000
32.184,532.9539,-1.1619,248.5666,0.2510,3.8000,-0.4500,3.5724,180.2583,356.0697,0.0000,0.0000,0.0000
32.309,532.6710,-1.1894,248.9914,0.2510,3.8000,-0.4500,3.5724,180.2583,356.0697,0.0000,0.0000,0.0000
32.434,532.4281,-1.2131,249.3545,0.2510,3.8000,-0.4500,3.5724,180.2583,356.0697,0.0000,0.0000,0.0000
32.545,532.2256,-1.2327,249.6564,0.2510,3.8000,-0.4500,3.5724,180.2583,356.0697,0.0000,0.0000,0.0000
32.656,531.9830,-1.2559,250.0175,0.2510,3.8000,-0.4500,3.5724,180.2583,356.0697,0.0000,0.0000,0.0000
32.781,531.7402,-1.2785,250.3766,0.2510,3.8000,-0.4500,3.5724,180.2583,356.0697,0.0000,0.0000,0.0000
32.881,531.5378,-1.2968,250.6745,0.2510,3.8000,-0.4500,3.5724,180.2583,356.0697,0.0000,0.0000,0.0000
32.990,531.2941,-1.3183,251.0189,0.2510,3.8000,-0.4500,3.5724,180.2583,356.0697,0.0000,0.0000,0.0000
33.115,531.0479,-1.3404,251.3290,0.2510,3.8000,-0.4500,3.5724,180.2583,356.0697,0.0000,0.0000,0.0000
33.239,530.7990,-1.3631,251.6027,0.2510,3.8000,-0.4500,3.5724,180.2583,356.0697,0.0000,0.0000,0.0000
33.365,530.5463,-1.3882,251.7829,0.2510,3.8000,-0.4500,3.5724,180.2583,356.0697,0.0000,0.0000,0.0000
33.476,530.2946,-1.4217,251.7619,0.2510,3.8000,-0.4500,3.5724,180.2583,356.0697,0.0000,0.0000,0.0000
33.601,530.0491,-1.4627,251.5663,0.2510,3.8000,-0.4500,3.5724,180.2583,356.0697,0.0000,0.0000,0.0000
33.712,529.8104,-1.5094,251.2304,0.2510,3.8000,-0.4500,3.5724,180.2583,356.0697,0.0000,0.0000,0.0000
33.837,529.5781,-1.5600,250.7820,0.2510,3.8000,-0.4500,3.5724,180.2583,356.0697,0.0000,0.0000,0.0000
33.962,529.3508,-1.6130,250.2527,0.2510,3.8000,-0.4500,3.5724,180.2583,356.0697,0.0000,0.0000,0.0000
34.087,529.0897,-1.6758,249.5669,0.2510,3.8000,-0.4500,3.5724,180.2583,356.0697,0.0000,0.0000,0.0000
34.212,528.8691,-1.7288,248.9411,0.2510,3.8000,-0.4500,3.4371,180.2675,356.1656,0.0000,0.0000,0.0000
34.336,528.6502,-1.7812,248.2929,0.2510,3.8000,-0.4500,3.3112,180.2758,356.2683,0.0000,0.0000,0.0000
34.449,528.4311,-1.8339,247.6335,0.2510,3.8000,-0.4500,3.3112,180.2758,356.2683,0.0000,0.0000,0.0000
34.561,528.2493,-1.8770,247.0836,0.2510,3.8000,-0.4500,3.2470,180.2800,356.3219,0.0000,0.0000,0.0000
34.670,528.0306,-1.9286,246.4256,0.2510,3.8000,-0.4500,3.1836,180.2840,356.3727,0.0000,0.0000,0.0000
34.795,527.8099,-1.9800,245.8009,0.2510,3.8000,-0.4500,3.1836,180.2840,356.3727,0.0000,0.0000,0.0000
34.920,527.5801,-2.0271,245.3141,0.2510,3.8000,-0.4500,3.1166,180.2883,356.4158,0.0000,0.0000,0.0000
35.045,527.3383,-2.0690,244.9855,0.2510,3.8000,-0.4500,3.1166,180.2883,356.4158,0.0000,0.0000,0.0000
35.170,527.0469,-2.1095,244.8290,0.2510,3.8000,-0.4500,3.1167,180.2883,356.4158,0.0000,0.0000,0.0000
35.281,526.8373,-2.1325,244.8411,0.2510,3.8000,-0.4500,3.1167,180.2883,356.4158,0.0000,0.0000,0.0000
35.406,526.5456,-2.1577,244.9821,0.2510,3.8000,-0.4500,3.1166,180.2883,356.4158,0.0000,0.0000,0.0000
35.531,526.2980,-2.1735,245.1836,0.2510,3.8000,-0.4500,3.1166,180.2883,356.4158,0.0000,0.0000,0.0000
35.642,526.0933,-2.1828,245.3931,0.2510,3.8000,-0.4500,3.1166,180.2883,356.4158,0.0000,0.0000,0.0000
35.767,525.8085,-2.1906,245.7301,0.2510,3.8000,-0.4500,3.1166,180.2883,356.4158,0.0000,0.0000,0.0000
35.893,525.5659,-2.1929,246.0451,0.2510,3.8000,-0.4500,3.1166,180.2883,356.4158,0.0000,0.0000,0.0000
36.017,525.3240,-2.1912,246.3758,0.2510,3.8000,-0.4500,3.1166,180.2883,356.4158,0.0000,0.0000,0.0000
36.142,525.0827,-2.1859,246.7174,0.2510,3.8000,-0.4500,3.1166,180.2883,356.4158,0.0000,0.0000,0.0000
36.268,524.8019,-2.1753,247.1247,0.2510,3.8000,-0.4500,3.1166,180.2883,356.4158,0.0000,0.0000,0.0000
36.392,524.5615,-2.1627,247.4788,0.2510,3.8000,-0.4500,3.1166,180.2883,356.4158,0.0000,0.0000,0.0000
36.492,524.3618,-2.1499,247.7781,0.2510,3.8000,-0.4500,3.1166,180.2883,356.4158,0.0000,0.0000,0.0000
36.601,524.1620,-2.1351,248.0810,0.2510,3.8000,-0.4500,3.1166,180.2883,356.4158,0.0000,0.0000,0.0000
36.726,523.8841,-2.1085,248.5087,0.2510,3.8000,-0.4500,3.1535,180.2860,356.5731,0.0000,0.0000,0.0000
36.851,523.6456,-2.0851,248.8734,0.2510,3.8000,-0.4500,3.1694,180.2851,356.6522,0.0000,0.0000,0.0000
36.962,523.4467,-2.0660,249.1740,0.2510,3.8000,-0.4500,3.1694,180.2851,356.6522,0.0000,0.0000,0.0000
37.073,523.2090,-2.0398,249.5305,0.2510,3.8000,-0.4500,3.1918,180.2838,356.8130,0.0000,0.0000,0.0000
37.198,522.9703,-2.0166,249.8854,0.2510,3.8000,-0.4500,3.1918,180.2838,356.8130,0.0000,0.0000,0.0000
37.310,522.7339,-1.9906,250.2550,0.2510,3.8000,-0.4500,3.1783,180.2845,356.9757,0.0000,0.0000,0.0000
37.420,522.5378,-1.9698,250.5795,0.2510,3.8000,-0.4500,3.1696,180.2850,357.0542,0.0000,0.0000,0.0000
37.531,522.3015,-1.9470,250.9599,0.2510,3.8000,-0.4500,3.1696,180.2850,357.0542,0.0000,0.0000,0.0000
37.642,522.1004,-1.9354,251.0989,0.2510,3.8000,-0.4500,3.1696,180.2850,357.0542,0.0000,0.0000,0.0000
37.753,521.8677,-1.9326,250.9564,0.2510,3.8000,-0.4500,3.0697,180.2899,357.2847,0.0000,0.0000,0.0000
37.854,521.6800,-1.9429,250.6333,0.2510,3.8000,-0.4500,3.0697,180.2899,357.2847,0.0000,0.0000,0.0000
37.964,521.4964,-1.9561,250.2139,0.2510,3.8000,-0.4500,2.9873,180.2937,357.4339,0.0000,0.0000,0.0000
38.073,521.2721,-1.9730,249.7334,0.2510,3.8000,-0.4500,2.9456,180.2955,357.5074,0.0000,0.0000,0.0000
38.198,521.0400,-1.9824,249.3608,0.2510,3.8000,-0.4500,2.7589,180.3032,357.7903,0.0000,0.0000,0.0000
38.309,520.7981,-1.9903,249.0871,0.2510,3.8000,-0.4500,2.7589,180.3032,357.7903,0.0000,0.0000,0.0000
38.434,520.5552,-1.9933,248.8427,0.2510,3.8000,-0.4500,2.5943,180.3093,357.9888,0.0000,0.0000,0.0000
38.559,520.3123,-1.9973,248.5917,0.2510,3.8000,-0.4500,2.5373,180.3113,358.0489,0.0000,0.0000,0.0000
38.684,520.0713,-2.0002,248.3309,0.2510,3.8000,-0.4500,2.3614,180.3170,358.2219,0.0000,0.0000,0.0000
38.784,519.8698,-2.0038,248.1142,0.2510,3.8000,-0.4500,2.2973,180.3190,358.2750,0.0000,0.0000,0.0000
38.892,519.6287,-2.0078,247.8612,0.2510,3.8000,-0.4500,2.0990,180.3247,358.4300,0.0000,0.0000,0.0000
39.007,519.3859,-2.0131,247.6293,0.2510,3.8000,-0.4500,1.9571,180.3284,358.5217,0.0000,0.0000,0.0000
39.115,519.1791,-2.0173,247.5115,0.2510,3.8000,-0.4500,1.8159,180.3320,358.6088,0.0000,0.0000,0.0000
39.240,518.9306,-2.0229,247.4927,0.2510,3.8000,-0.4500,1.5897,180.3372,358.7146,0.0000,0.0000,0.0000
39.364,518.6844,-2.0303,247.5854,0.2510,3.8000,-0.4500,1.5154,180.3389,358.7465,0.0000,0.0000,0.0000
39.489,518.4025,-2.0446,247.8013,0.2510,3.8000,-0.4500,1.1932,180.3457,358.8266,0.0000,0.0000,0.0000
39.614,518.1633,-2.0635,248.0489,0.2510,3.8000,-0.4500,0.9409,180.3508,358.8445,0.0000,0.0000,0.0000
39.740,517.9261,-2.0889,248.3349,0.2510,3.8000,-0.4500,0.7772,180.3541,358.8453,0.0000,0.0000,0.0000
39.865,517.6908,-2.1252,248.6557,0.2510,3.8000,-0.4500,0.3533,180.3629,358.7931,0.0000,0.0000,0.0000
39.975,517.4567,-2.1689,249.0013,0.2510,3.8000,-0.4500,0.1096,180.3681,358.7381,0.0000,0.0000,0.0000
40.101,517.2237,-2.2219,249.3654,0.2510,3.8000,-0.4500,359.8675,180.3736,358.6695,0.0000,0.0000,0.0000
40.226,516.9528,-2.2964,249.8076,0.2510,3.8000,-0.4500,359.5508,180.3812,358.5664,0.0000,0.0000,0.0000
40.350,516.7206,-2.3727,250.1977,0.2510,3.8000,-0.4500,359.1564,180.3916,358.4143,0.0000,0.0000,0.0000
40.475,516.4893,-2.4546,250.5926,0.2510,3.8000,-0.4500,359.0065,180.3958,358.3529,0.0000,0.0000,0.0000
40.576,516.2964,-2.5326,250.9265,0.2510,3.8000,-0.4500,358.6910,180.4053,358.2190,0.0000,0.0000,0.0000
40.684,516.1041,-2.6137,251.2617,0.2510,3.8000,-0.4500,358.5416,180.4100,358.1548,0.0000,0.0000,0.0000
40.809,515.8351,-2.7365,251.7339,0.2510,3.8000,-0.4500,358.3072,180.4178,358.0540,0.0000,0.0000,0.0000
40.934,515.6042,-2.8481,252.1393,0.2510,3.8000,-0.4500,358.1520,180.4231,357.9878,0.0000,0.0000,0.0000
41.059,515.3739,-2.9649,252.5448,0.2510,3.8000,-0.4500,357.9985,180.4286,357.9245,0.0000,0.0000,0.0000
41.184,515.1433,-3.0869,252.9505,0.2510,3.8000,-0.4500,357.7714,180.4370,357.8370,0.0000,0.0000,0.0000
41.309,514.8746,-3.2284,253.4205,0.2510,3.8000,-0.4500,357.7714,180.4370,357.8370,0.0000,0.0000,0.0000
41.420,514.6827,-3.3304,253.7551,0.2510,3.8000,-0.4500,357.7714,180.4370,357.8371,0.0000,0.0000,0.0000
41.546,514.4136,-3.4726,254.2219,0.2510,3.8000,-0.4500,357.7714,180.4370,357.8371,0.0000,0.0000,0.0000
41.656,514.2213,-3.5724,254.5536,0.2510,3.8000,-0.4500,357.7714,180.4370,357.8370,0.0000,0.0000,0.0000
41.781,513.9905,-3.6888,254.9499,0.2510,3.8000,-0.4500,357.7714,180.4370,357.8371,0.0000,0.0000,0.0000
41.907,513.7214,-3.8177,255.4099,0.2510,3.8000,-0.4500,357.7714,180.4370,357.8370,0.0000,0.0000,0.0000
42.031,513.4907,-3.9207,255.8018,0.2510,3.8000,-0.4500,357.7714,180.4370,357.8370,0.0000,0.0000,0.0000
42.156,513.2602,-4.0150,256.1917,0.2510,3.8000,-0.4500,357.7714,180.4370,357.8370,0.0000,0.0000,0.0000
42.281,513.0277,-4.0987,256.5552,0.2510,3.8000,-0.4500,357.7714,180.4370,357.8370,0.0000,0.0000,0.0000
42.406,512.7484,-4.1736,256.8514,0.2510,3.8000,-0.4500,357.8400,180.4346,358.1021,0.0000,0.0000,0.0000
42.521,512.5436,-4.2115,256.9579,0.2510,3.8000,-0.4500,357.9692,180.4307,358.4377,0.0000,0.0000,0.0000
42.633,512.2972,-4.2443,256.9709,0.2510,3.8000,-0.4500,358.1792,180.4257,358.7950,0.0000,0.0000,0.0000
42.744,512.0977,-4.2628,256.8488,0.2510,3.8000,-0.4500,358.3218,180.4229,358.9957,0.0000,0.0000,0.0000
42.855,511.8669,-4.2729,256.5538,0.2510,3.8000,-0.4500,358.5257,180.4198,359.2630,0.0000,0.0000,0.0000
42.966,511.6443,-4.2712,256.1374,0.2510,3.8000,-0.4500,358.7823,180.4173,359.5987,0.0000,0.0000,0.0000
43.077,511.4622,-4.2670,255.7278,0.2510,3.8000,-0.4500,358.8793,180.4167,359.7290,0.0000,0.0000,0.0000
43.188,511.2478,-4.2545,255.1863,0.2510,3.8000,-0.4500,359.0254,180.4163,359.9294,0.0000,0.0000,0.0000
43.296,511.0728,-4.2354,254.7073,0.2510,3.8000,-0.4500,359.2692,180.4167,0.2716,0.0000,0.0000,0.0000
43.406,510.8628,-4.2136,254.1157,0.2510,3.8000,-0.4500,359.3667,180.4173,0.4082,0.0000,0.0000,0.0000
43.517,510.6894,-4.1894,253.6143,0.2510,3.8000,-0.4500,359.5121,180.4186,0.6106,0.0000,0.0000,0.0000
43.617,510.5171,-4.1617,253.1093,0.2510,3.8000,-0.4500,359.6606,180.4204,0.8090,0.0000,0.0000,0.0000
43.726,510.3109,-4.1252,252.5011,0.2510,3.8000,-0.4500,359.8109,180.4228,1.0018,0.0000,0.0000,0.0000
43.851,510.1056,-4.0841,251.8932,0.2510,3.8000,-0.4500,359.9677,180.4258,1.1891,0.0000,0.0000,0.0000
43.977,509.9005,-4.0402,251.2866,0.2510,3.8000,-0.4500,0.0760,180.4281,1.3109,0.0000,0.0000,0.0000
44.087,509.6964,-3.9907,250.6812,0.2510,3.8000,-0.4500,0.2528,180.4325,1.4931,0.0000,0.0000,0.0000
44.212,509.4926,-3.9390,250.0794,0.2510,3.8000,-0.4500,0.3724,180.4357,1.6105,0.0000,0.0000,0.0000
44.339,509.2900,-3.8811,249.4798,0.2510,3.8000,-0.4500,0.6237,180.4432,1.8259,0.0000,0.0000,0.0000
44.445,509.1189,-3.8350,249.0027,0.2510,3.8000,-0.4500,0.6237,180.4432,1.8259,0.0000,0.0000,0.0000
44.556,508.9074,-3.7684,248.5474,0.2510,3.8000,-0.4500,0.9102,180.4529,2.0229,0.0000,0.0000,0.0000
44.657,508.7219,-3.7086,248.2924,0.2510,3.8000,-0.4500,1.0470,180.4578,2.1074,0.0000,0.0000,0.0000
44.765,508.5311,-3.6401,248.1547,0.2510,3.8000,-0.4500,1.2851,180.4668,2.2213,0.0000,0.0000,0.0000
44.891,508.2666,-3.5294,248.1676,0.2510,3.8000,-0.4500,1.5993,180.4794,2.3563,0.0000,0.0000,0.0000
45.004,508.0839,-3.4353,248.3107,0.2510,3.8000,-0.4500,2.0067,180.4967,2.5017,0.0000,0.0000,0.0000
45.116,507.8707,-3.3094,248.5972,0.2510,3.8000,-0.4500,2.3256,180.5109,2.6132,0.0000,0.0000,0.0000
45.219,507.6984,-3.1895,248.9053,0.2510,3.8000,-0.4500,2.7353,180.5302,2.7626,0.0000,0.0000,0.0000
45.319,507.5295,-3.0601,249.2624,0.2510,3.8000,-0.4500,2.9710,180.5417,2.8530,0.0000,0.0000,0.0000
45.420,507.3643,-2.9179,249.6527,0.2510,3.8000,-0.4500,3.3063,180.5589,2.9940,0.0000,0.0000,0.0000
45.529,507.1696,-2.7334,250.1501,0.2510,3.8000,-0.4500,3.7092,180.5806,3.1733,0.0000,0.0000,0.0000
45.641,507.0100,-2.5697,250.5809,0.2510,3.8000,-0.4500,4.0111,180.5978,3.3197,0.0000,0.0000,0.0000
45.766,506.7892,-2.3285,251.1998,0.2510,3.8000,-0.4500,4.3013,180.6150,3.4696,0.0000,0.0000,0.0000
45.891,506.6023,-2.1114,251.7383,0.2510,3.8000,-0.4500,4.5147,180.6282,3.5871,0.0000,0.0000,0.0000
46.002,506.4479,-1.9245,252.1903,0.2510,3.8000,-0.4500,4.6628,180.6377,3.6747,0.0000,0.0000,0.0000
46.113,506.2640,-1.6949,252.7348,0.2510,3.8000,-0.4500,4.8079,180.6471,3.7620,0.0000,0.0000,0.0000
46.238,506.0813,-1.4604,253.2808,0.2510,3.8000,-0.4500,4.9459,180.6563,3.8526,0.0000,0.0000,0.0000
46.363,505.8987,-1.2254,253.8282,0.2510,3.8000,-0.4500,4.9459,180.6563,3.8526,0.0000,0.0000,0.0000
46.474,505.7157,-0.9885,254.3492,0.2510,3.8000,-0.4500,5.0727,180.6650,3.9465,0.0000,0.0000,0.0000
46.599,505.5284,-0.7596,254.8156,0.2510,3.8000,-0.4500,5.0727,180.6650,3.9465,0.0000,0.0000,0.0000
46.724,505.3367,-0.5383,255.2250,0.2510,3.8000,-0.4500,5.0727,180.6650,3.9466,0.0000,0.0000,0.0000
46.835,505.1414,-0.3250,255.5892,0.2510,3.8000,-0.4500,5.0727,180.6650,3.9466,0.0000,0.0000,0.0000
46.946,504.9425,-0.1204,255.9143,0.2510,3.8000,-0.4500,5.0727,180.6650,3.9466,0.0000,0.0000,0.0000
47.071,504.7400,0.0751,256.2043,0.2510,3.8000,-0.4500,5.0727,180.6650,3.9465,0.0000,0.0000,0.0000
47.196,504.5344,0.2613,256.4677,0.2510,3.8000,-0.4500,5.0727,180.6650,3.9465,0.0000,0.0000,0.0000
47.321,504.3233,0.4363,256.6744,0.2510,3.8000,-0.4500,5.0727,180.6650,3.9465,0.0000,0.0000,0.0000
47.432,504.1055,0.5939,256.7430,0.2510,3.8000,-0.4500,5.0727,180.6650,3.9465,0.0000,0.0000,0.0000
47.557,503.8831,0.7298,256.7020,0.2510,3.8000,-0.4500,4.7715,180.6445,3.7849,0.0000,0.0000,0.0000
47.669,503.6596,0.8517,256.5802,0.2510,3.8000,-0.4500,4.4913,180.6264,3.6089,0.0000,0.0000,0.0000
47.781,503.4741,0.9453,256.4296,0.2510,3.8000,-0.4500,4.3543,180.6178,3.5082,0.0000,0.0000,0.0000
47.890,503.2512,1.0452,256.2076,0.2510,3.8000,-0.4500,4.0900,180.6021,3.3012,0.0000,0.0000,0.0000
48.002,503.0651,1.1199,255.9984,0.2510,3.8000,-0.4500,3.8373,180.5879,3.0808,0.0000,0.0000,0.0000
48.127,502.8050,1.2161,255.6785,0.2510,3.8000,-0.4500,3.5950,180.5753,2.8511,0.0000,0.0000,0.0000
48.251,502.5815,1.2898,255.3887,0.2510,3.8000,-0.4500,3.4180,180.5668,2.6741,0.0000,0.0000,0.0000
48.377,502.3558,1.3519,255.0928,0.2510,3.8000,-0.4500,3.1231,180.5538,2.3615,0.0000,0.0000,0.0000
48.501,502.1298,1.4089,254.7946,0.2510,3.8000,-0.4500,2.9549,180.5471,2.1743,0.0000,0.0000,0.0000
48.627,501.8622,1.4590,254.4502,0.2510,3.8000,-0.4500,2.5534,180.5335,1.7063,0.0000,0.0000,0.0000
48.752,501.6320,1.4963,254.1596,0.2510,3.8000,-0.4500,2.3426,180.5277,1.4483,0.0000,0.0000,0.0000
48.877,501.4004,1.5265,253.8767,0.2510,3.8000,-0.4500,2.1874,180.5240,1.2528,0.0000,0.0000,0.0000
48.988,501.1653,1.5428,253.6008,0.2510,3.8000,-0.4500,1.8680,180.5182,0.8371,0.0000,0.0000,0.0000
49.100,500.9739,1.5538,253.3152,0.2510,3.8000,-0.4500,1.7680,180.5168,0.7029,0.0000,0.0000,0.0000
49.212,500.7509,1.5522,252.8315,0.2510,3.8000,-0.4500,1.5122,180.5145,0.3523,0.0000,0.0000,0.0000
49.321,500.5710,1.5454,252.3300,0.2510,3.8000,-0.4500,1.3605,180.5138,0.1417,0.0000,0.0000,0.0000
49.447,500.3218,1.5292,251.5789,0.2510,3.8000,-0.4500,1.2126,180.5137,359.9366,0.0000,0.0000,0.0000
49.557,500.1357,1.5083,251.1395,0.2510,3.8000,-0.4500,0.9586,180.5147,359.5883,0.0000,0.0000,0.0000
49.658,499.9401,1.4884,250.8444,0.2510,3.8000,-0.4500,0.8607,180.5156,359.4532,0.0000,0.0000,0.0000
49.766,499.6954,1.4552,250.6845,0.2510,3.8000,-0.4500,0.6612,180.5180,359.1727,0.0000,0.0000,0.0000
49.891,499.4493,1.4100,250.7083,0.2510,3.8000,-0.4500,0.3774,180.5231,358.7442,0.0000,0.0000,0.0000
50.016,499.2069,1.3578,250.8712,0.2510,3.8000,-0.4500,0.1998,180.5275,358.4522,0.0000,0.0000,0.0000
50.141,498.9676,1.2944,251.1313,0.2510,3.8000,-0.4500,0.0308,180.5324,358.1654,0.0000,0.0000,0.0000
50.266,498.6904,1.2024,251.5163,0.2510,3.8000,-0.4500,359.7640,180.5420,357.7060,0.0000,0.0000,0.0000
50.391,498.4554,1.1122,251.8895,0.2510,3.8000,-0.4500,359.5908,180.5494,357.4153,0.0000,0.0000,0.0000
50.516,498.2212,1.0077,252.2878,0.2510,3.8000,-0.4500,359.3641,180.5604,357.0540,0.0000,0.0000,0.0000
50.641,497.9878,0.8909,252.7011,0.2510,3.8000,-0.4500,359.1227,180.5735,356.6987,0.0000,0.0000,0.0000
50.752,497.7555,0.7638,253.1222,0.2510,3.8000,-0.4500,358.9226,180.5856,356.4265,0.0000,0.0000,0.0000
50.877,497.5238,0.6254,253.5478,0.2510,3.8000,-0.4500,358.7146,180.5991,356.1645,0.0000,0.0000,0.0000
51.002,497.2928,0.4764,253.9761,0.2510,3.8000,-0.4500,358.4974,180.6141,355.9140,0.0000,0.0000,0.0000
51.115,497.0621,0.3177,254.4060,0.2510,3.8000,-0.4500,358.2622,180.6314,355.6701,0.0000,0.0000,0.0000
51.224,496.8708,0.1809,254.7648,0.2510,3.8000,-0.4500,358.1418,180.6407,355.5573,0.0000,0.0000,0.0000
51.335,496.6417,0.0105,255.1957,0.2510,3.8000,-0.4500,358.0194,180.6503,355.4497,0.0000,0.0000,0.0000
51.460,496.4129,-0.1676,255.6270,0.2510,3.8000,-0.4500,357.8253,180.6660,355.2996,0.0000,0.0000,0.0000
51.571,496.1848,-0.3476,256.0570,0.2510,3.8000,-0.4500,357.7545,180.6719,355.2557,0.0000,0.0000,0.0000
51.697,495.9568,-0.5321,256.4870,0.2510,3.8000,-0.4500,357.6137,180.6837,355.1735,0.0000,0.0000,0.0000
51.807,495.7292,-0.7155,256.9159,0.2510,3.8000,-0.4500,357.6137,180.6837,355.1735,0.0000,0.0000,0.0000
51.932,495.5016,-0.8995,257.3451,0.2510,3.8000,-0.4500,357.5352,180.6903,355.1570,0.0000,0.0000,0.0000
52.057,495.2741,-1.0806,257.7724,0.2510,3.8000,-0.4500,357.5352,180.6903,355.1569,0.0000,0.0000,0.0000
52.183,495.0464,-1.2576,258.1957,0.2510,3.8000,-0.4500,357.5352,180.6903,355.1569,0.0000,0.0000,0.0000
52.307,494.7805,-1.4565,258.6842,0.2510,3.8000,-0.4500,357.5352,180.6903,355.1569,0.0000,0.0000,0.0000
52.432,494.5531,-1.6172,259.1004,0.2510,3.8000,-0.4500,357.3513,180.7057,355.3138,0.0000,0.0000,0.0000
52.557,494.3250,-1.7679,259.5135,0.2510,3.8000,-0.4500,357.2737,180.7120,355.4573,0.0000,0.0000,0.0000
52.682,494.0979,-1.9030,259.9248,0.2510,3.8000,-0.4500,357.1954,180.7180,355.8661,0.0000,0.0000,0.0000
52.807,493.8320,-2.0435,260.4003,0.2510,3.8000,-0.4500,357.2479,180.7145,356.3599,0.0000,0.0000,0.0000
52.932,493.6032,-2.1487,260.8033,0.2510,3.8000,-0.4500,357.3813,180.7065,356.7674,0.0000,0.0000,0.0000
53.057,493.3742,-2.2376,261.2018,0.2510,3.8000,-0.4500,357.5914,180.6955,357.2343,0.0000,0.0000,0.0000
53.157,493.1828,-2.3016,261.5307,0.2510,3.8000,-0.4500,357.7507,180.6883,357.5307,0.0000,0.0000,0.0000
53.266,492.9536,-2.3612,261.9207,0.2510,3.8000,-0.4500,358.0300,180.6773,357.9878,0.0000,0.0000,0.0000
53.391,492.7246,-2.4044,262.3065,0.2510,3.8000,-0.4500,358.3316,180.6679,358.4419,0.0000,0.0000,0.0000
53.502,492.5342,-2.4280,262.6251,0.2510,3.8000,-0.4500,358.5909,180.6617,358.8078,0.0000,0.0000,0.0000
53.627,492.2684,-2.4422,263.0657,0.2510,3.8000,-0.4500,358.9646,180.6556,359.3033,0.0000,0.0000,0.0000
53.738,492.0792,-2.4391,263.3769,0.2510,3.8000,-0.4500,359.2379,180.6531,359.6451,0.0000,0.0000,0.0000
53.839,491.8909,-2.4253,263.6852,0.2510,3.8000,-0.4500,359.5146,180.6522,359.9752,0.0000,0.0000,0.0000
53.949,491.6659,-2.3953,264.0505,0.2510,3.8000,-0.4500,359.8486,180.6531,0.3529,0.0000,0.0000,0.0000
54.058,491.4790,-2.3608,264.3514,0.2510,3.8000,-0.4500,0.0810,180.6551,0.6006,0.0000,0.0000,0.0000
54.183,491.2561,-2.3069,264.7084,0.2510,3.8000,-0.4500,0.3747,180.6589,0.9003,0.0000,0.0000,0.0000
54.308,490.9977,-2.2278,265.1183,0.2510,3.8000,-0.4500,0.7481,180.6660,1.2520,0.0000,0.0000,0.0000
54.433,490.7771,-2.1496,265.4645,0.2510,3.8000,-0.4500,1.0016,180.6720,1.4732,0.0000,0.0000,0.0000
54.558,490.5573,-2.0626,265.8072,0.2510,3.8000,-0.4500,1.1943,180.6772,1.6318,0.0000,0.0000,0.0000
54.683,490.3393,-1.9649,266.1478,0.2510,3.8000,-0.4500,1.4625,180.6853,1.8378,0.0000,0.0000,0.0000
54.794,490.1224,-1.8587,266.4885,0.2510,3.8000,-0.4500,1.7443,180.6949,2.0322,0.0000,0.0000,0.0000
54.919,489.9052,-1.7494,266.8231,0.2510,3.8000,-0.4500,1.8128,180.6973,2.0779,0.0000,0.0000,0.0000
55.044,489.6842,-1.6313,267.0790,0.2510,3.8000,-0.4500,2.1713,180.7110,2.2904,0.0000,0.0000,0.0000
55.155,489.4544,-1.5199,267.2159,0.2510,3.8000,-0.4500,2.1713,180.7110,2.2904,0.0000,0.0000,0.0000
55.280,489.2227,-1.4093,267.2288,0.2510,3.8000,-0.4500,2.3207,180.7171,2.3564,0.0000,0.0000,0.0000
55.404,488.9982,-1.3066,267.0631,0.2510,3.8000,-0.4500,2.4847,180.7239,2.4060,0.0000,0.0000,0.0000
55.530,488.7483,-1.2025,266.6404,0.2510,3.8000,-0.4500,2.5649,180.7273,2.4280,0.0000,0.0000,0.0000
55.655,488.5414,-1.1246,266.1365,0.2510,3.8000,-0.4500,2.6467,180.7308,2.4257,0.0000,0.0000,0.0000
55.757,488.3723,-1.0665,265.6453,0.2510,3.8000,-0.4500,2.7288,180.7343,2.4123,0.0000,0.0000,0.0000
55.858,488.2052,-1.0139,265.1084,0.2510,3.8000,-0.4500,2.8104,180.7377,2.3966,0.0000,0.0000,0.0000
55.959,488.0389,-0.9662,264.5400,0.2510,3.8000,-0.4500,2.9631,180.7440,2.3301,0.0000,0.0000,0.0000
56.060,487.8729,-0.9230,263.9530,0.2510,3.8000,-0.4500,3.1028,180.7496,2.2388,0.0000,0.0000,0.0000
56.170,487.6739,-0.8752,263.2369,0.2510,3.8000,-0.4500,3.1699,180.7522,2.1910,0.0000,0.0000,0.0000
56.279,487.5061,-0.8413,262.6341,0.2510,3.8000,-0.4500,3.4010,180.7605,1.9387,0.0000,0.0000,0.0000
56.405,487.3048,-0.8020,261.9216,0.2510,3.8000,-0.4500,3.4481,180.7621,1.8681,0.0000,0.0000,0.0000
56.529,487.0638,-0.7594,261.1570,0.2510,3.8000,-0.4500,3.5838,180.7663,1.6504,0.0000,0.0000,0.0000
56.655,486.8511,-0.7250,260.5709,0.2510,3.8000,-0.4500,3.7292,180.7701,1.3473,0.0000,0.0000,0.0000
56.766,486.6321,-0.6891,260.0715,0.2510,3.8000,-0.4500,3.8173,180.7720,1.1120,0.0000,0.0000,0.0000
56.877,486.4417,-0.6554,259.7584,0.2510,3.8000,-0.4500,3.8719,180.7730,0.9526,0.0000,0.0000,0.0000
57.002,486.2023,-0.6114,259.5055,0.2510,3.8000,-0.4500,3.9400,180.7740,0.7064,0.0000,0.0000,0.0000
57.127,485.9128,-0.5564,259.3591,0.2510,3.8000,-0.4500,4.0166,180.7747,0.3763,0.0000,0.0000,0.0000
57.238,485.7056,-0.5132,259.3511,0.2510,3.8000,-0.4500,4.0469,180.7749,0.2142,0.0000,0.0000,0.0000
57.353,485.4576,-0.4621,259.4287,0.2510,3.8000,-0.4500,4.0894,180.7749,359.8744,0.0000,0.0000,0.0000
57.462,485.2532,-0.4179,259.5489,0.2510,3.8000,-0.4500,4.1010,180.7749,359.7117,0.0000,0.0000,0.0000
57.571,485.0099,-0.3661,259.7453,0.2510,3.8000,-0.4500,4.1070,180.7748,359.5446,0.0000,0.0000,0.0000
57.696,484.7661,-0.3225,259.9835,0.2510,3.8000,-0.4500,4.0891,180.7751,359.1139,0.0000,0.0000,0.0000
57.808,484.5247,-0.2793,260.2500,0.2510,3.8000,-0.4500,4.0679,180.7754,358.9482,0.0000,0.0000,0.0000
57.932,484.2838,-0.2418,260.5397,0.2510,3.8000,-0.4500,4.0412,180.7760,358.7825,0.0000,0.0000,0.0000
58.043,484.0816,-0.2209,260.7959,0.2510,3.8000,-0.4500,3.9382,180.7785,358.3587,0.0000,0.0000,0.0000
58.155,483.8415,-0.1938,261.1145,0.2510,3.8000,-0.4500,3.9165,180.7792,358.2805,0.0000,0.0000,0.0000
58.266,483.5993,-0.1804,261.4425,0.2510,3.8000,-0.4500,3.7628,180.7844,357.8787,0.0000,0.0000,0.0000
58.390,483.3586,-0.1676,261.7736,0.2510,3.8000,-0.4500,3.7266,180.7857,357.8022,0.0000,0.0000,0.0000
58.504,483.1568,-0.1660,262.0522,0.2510,3.8000,-0.4500,3.6135,180.7903,357.5728,0.0000,0.0000,0.0000
58.613,482.9146,-0.1695,262.3879,0.2510,3.8000,-0.4500,3.4843,180.7961,357.3500,0.0000,0.0000,0.0000
58.738,482.6728,-0.1764,262.7237,0.2510,3.8000,-0.4500,3.4412,180.7981,357.2783,0.0000,0.0000,0.0000
58.852,482.4296,-0.1942,263.0615,0.2510,3.8000,-0.4500,3.2468,180.8078,356.9983,0.0000,0.0000,0.0000
58.960,482.2281,-0.2080,263.3419,0.2510,3.8000,-0.4500,3.2468,180.8078,356.9983,0.0000,0.0000,0.0000
59.085,481.9853,-0.2324,263.6787,0.2510,3.8000,-0.4500,3.1404,180.8135,356.8673,0.0000,0.0000,0.0000
59.210,481.7017,-0.2672,264.0716,0.2510,3.8000,-0.4500,2.9707,180.8231,356.6797,0.0000,0.0000,0.0000
59.336,481.4592,-0.2969,264.4068,0.2510,3.8000,-0.4500,2.9707,180.8231,356.6797,0.0000,0.0000,0.0000
59.460,481.2163,-0.3306,264.7415,0.2510,3.8000,-0.4500,2.9090,180.8267,356.6242,0.0000,0.0000,0.0000
59.585,480.9734,-0.3659,265.0756,0.2510,3.8000,-0.4500,2.8474,180.8304,356.5714,0.0000,0.0000,0.0000
59.710,480.6901,-0.4063,265.4631,0.2510,3.8000,-0.4500,2.8474,180.8304,356.5714,0.0000,0.0000,0.0000
59.822,480.4876,-0.4350,265.7384,0.2510,3.8000,-0.4500,2.8474,180.8304,356.5714,0.0000,0.0000,0.0000
59.947,480.2041,-0.4735,266.1217,0.2510,3.8000,-0.4500,2.8474,180.8304,356.5714,0.0000,0.0000,0.0000
60.058,480.0015,-0.4992,266.3939,0.2510,3.8000,-0.4500,2.8474,180.8304,356.5714,0.0000,0.0000,0.0000
60.169,479.7583,-0.5270,266.7187,0.2510,3.8000,-0.4500,2.8474,180.8304,356.5714,0.0000,0.0000,0.0000
60.294,479.5154,-0.5507,267.0416,0.2510,3.8000,-0.4500,2.8474,180.8304,356.5714,0.0000,0.0000,0.0000
60.419,479.2722,-0.5693,267.3615,0.2510,3.8000,-0.4500,2.8474,180.8304,356.5714,0.0000,0.0000,0.0000
60.544,479.0290,-0.5822,267.6771,0.2510,3.8000,-0.4500,2.8474,180.8304,356.5714,0.0000,0.0000,0.0000
60.669,478.7448,-0.5889,268.0402,0.2510,3.8000,-0.4500,2.8474,180.8304,356.5714,0.0000,0.0000,0.0000
60.793,478.5013,-0.5869,268.3472,0.2510,3.8000,-0.4500,2.8474,180.8304,356.5714,0.0000,0.0000,0.0000
60.908,478.2588,-0.5742,268.6495,0.2510,3.8000,-0.4500,2.8669,180.8293,356.7361,0.0000,0.0000,0.0000
61.018,478.0569,-0.5571,268.8981,0.2510,3.8000,-0.4500,2.9014,180.8273,356.9004,0.0000,0.0000,0.0000
61.127,477.8149,-0.5284,269.1909,0.2510,3.8000,-0.4500,2.9759,180.8235,357.1421,0.0000,0.0000,0.0000
61.240,477.6134,-0.4973,269.4293,0.2510,3.8000,-0.4500,3.0866,180.8182,357.3832,0.0000,0.0000,0.0000
61.352,477.3715,-0.4543,269.7092,0.2510,3.8000,-0.4500,3.1996,180.8132,357.6118,0.0000,0.0000,0.0000
61.460,477.1703,-0.4120,269.9373,0.2510,3.8000,-0.4500,3.3205,180.8084,357.8281,0.0000,0.0000,0.0000
61.585,476.9289,-0.3555,270.2052,0.2510,3.8000,-0.4500,3.4461,180.8039,358.0476,0.0000,0.0000,0.0000
61.711,476.6476,-0.2816,270.5108,0.2510,3.8000,-0.4500,3.5695,180.7999,358.2638,0.0000,0.0000,0.0000
61.836,476.4077,-0.2087,270.7663,0.2510,3.8000,-0.4500,3.7320,180.7954,358.5692,0.0000,0.0000,0.0000
61.946,476.1629,-0.1373,270.9641,0.2510,3.8000,-0.4500,3.7699,180.7945,358.6427,0.0000,0.0000,0.0000
62.046,475.9558,-0.0763,271.0347,0.2510,3.8000,-0.4500,3.8721,180.7922,358.8700,0.0000,0.0000,0.0000
62.155,475.7486,-0.0193,271.0254,0.2510,3.8000,-0.4500,3.9330,180.7911,359.0242,0.0000,0.0000,0.0000
62.279,475.5037,0.0453,270.9131,0.2510,3.8000,-0.4500,3.9856,180.7903,359.1826,0.0000,0.0000,0.0000
62.405,475.2674,0.1060,270.6703,0.2510,3.8000,-0.4500,4.0488,180.7895,359.4286,0.0000,0.0000,0.0000
62.518,475.0378,0.1586,270.3178,0.2510,3.8000,-0.4500,4.0669,180.7893,359.5099,0.0000,0.0000,0.0000
62.627,474.8151,0.2117,269.8875,0.2510,3.8000,-0.4500,4.0993,180.7891,359.7637,0.0000,0.0000,0.0000
62.738,474.6327,0.2559,269.4907,0.2510,3.8000,-0.4500,4.1117,180.7891,0.0114,0.0000,0.0000,0.0000
62.863,474.4145,0.3044,268.9862,0.2510,3.8000,-0.4500,4.1117,180.7891,0.0114,0.0000,0.0000,0.0000
62.988,474.1641,0.3677,268.3741,0.2510,3.8000,-0.4500,4.1004,180.7890,0.2650,0.0000,0.0000,0.0000
63.113,473.9518,0.4267,267.8413,0.2510,3.8000,-0.4500,4.0577,180.7887,0.5971,0.0000,0.0000,0.0000
63.238,473.7383,0.4831,267.3065,0.2510,3.8000,-0.4500,4.0577,180.7887,0.5971,0.0000,0.0000,0.0000
63.363,473.5277,0.5477,266.7722,0.2510,3.8000,-0.4500,3.9793,180.7877,0.9217,0.0000,0.0000,0.0000
63.488,473.2816,0.6230,266.1522,0.2510,3.8000,-0.4500,3.9236,180.7867,1.0807,0.0000,0.0000,0.0000
63.601,473.1060,0.6783,265.7117,0.2510,3.8000,-0.4500,3.8948,180.7861,1.1593,0.0000,0.0000,0.0000
63.711,472.8969,0.7487,265.1858,0.2510,3.8000,-0.4500,3.7876,180.7837,1.3925,0.0000,0.0000,0.0000
63.822,472.7224,0.8071,264.7491,0.2510,3.8000,-0.4500,3.7471,180.7827,1.4658,0.0000,0.0000,0.0000
63.946,472.4790,0.8913,264.1414,0.2510,3.8000,-0.4500,3.6638,180.7805,1.6111,0.0000,0.0000,0.0000
64.058,472.3062,0.9536,263.7099,0.2510,3.8000,-0.4500,3.5190,180.7761,1.8128,0.0000,0.0000,0.0000
64.183,472.0971,1.0266,263.2029,0.2510,3.8000,-0.4500,3.5190,180.7761,1.8128,0.0000,0.0000,0.0000
64.294,471.8876,1.1043,262.7368,0.2510,3.8000,-0.4500,3.2864,180.7682,2.0649,0.0000,0.0000,0.0000
64.408,471.6743,1.1818,262.3122,0.2510,3.8000,-0.4500,3.2215,180.7659,2.1170,0.0000,0.0000,0.0000
64.518,471.4946,1.2478,261.9988,0.2510,3.8000,-0.4500,3.0886,180.7608,2.2187,0.0000,0.0000,0.0000
64.629,471.2725,1.3287,261.7122,0.2510,3.8000,-0.4500,2.8716,180.7522,2.3409,0.0000,0.0000,0.0000
64.738,471.0815,1.3964,261.5408,0.2510,3.8000,-0.4500,2.7926,180.7489,2.3704,0.0000,0.0000,0.0000
64.864,470.8497,1.4753,261.3776,0.2510,3.8000,-0.4500,2.4734,180.7354,2.4699,0.0000,0.0000,0.0000
64.974,470.6213,1.4935,261.0912,0.2510,3.8000,-0.4500,2.2515,180.7263,2.2091,0.0000,0.0000,0.0000
65.100,470.3949,1.4868,260.6229,0.2510,3.8000,-0.4500,1.8944,180.7154,1.0655,0.0000,0.0000,0.0000
65.225,470.1693,1.4439,260.0265,0.2510,3.8000,-0.4500,1.6880,180.7140,359.5316,0.0000,0.0000,0.0000
65.335,469.9430,1.3876,259.4555,0.2510,3.8000,-0.4500,1.6228,180.7151,358.4928,0.0000,0.0000,0.0000
65.460,469.7099,1.3503,259.0399,0.2510,3.8000,-0.4500,1.6216,180.7151,358.2929,0.0000,0.0000,0.0000
65.585,469.4651,1.3242,258.8105,0.2510,3.8000,-0.4500,1.6216,180.7151,358.2929,0.0000,0.0000,0.0000
65.711,469.1735,1.3055,258.7379,0.2510,3.8000,-0.4500,1.6216,180.7151,358.2929,0.0000,0.0000,0.0000
65.826,468.9233,1.2989,258.7863,0.2510,3.8000,-0.4500,1.6216,180.7151,358.2929,0.0000,0.0000,0.0000
65.928,468.7157,1.2995,258.8774,0.2510,3.8000,-0.4500,1.6216,180.7151,358.2929,0.0000,0.0000,0.0000
66.029,468.5092,1.3048,258.9986,0.2510,3.8000,-0.4500,1.6216,180.7151,358.2929,0.0000,0.0000,0.0000
66.140,468.3037,1.3144,259.1393,0.2510,3.8000,-0.4500,1.6216,180.7151,358.2929,0.0000,0.0000,0.0000
66.240,468.1006,1.3321,259.2924,0.2510,3.8000,-0.4500,1.6221,180.7151,358.5392,0.0000,0.0000,0.0000
66.349,467.8573,1.3556,259.4866,0.2510,3.8000,-0.4500,1.6171,180.7152,358.7061,0.0000,0.0000,0.0000
66.474,467.6162,1.3866,259.6882,0.2510,3.8000,-0.4500,1.5959,180.7156,359.0431,0.0000,0.0000,0.0000
66.599,467.3752,1.4190,259.8942,0.2510,3.8000,-0.4500,1.5810,180.7158,359.2059,0.0000,0.0000,0.0000
66.699,467.1765,1.4527,260.0680,0.2510,3.8000,-0.4500,1.5401,180.7163,359.5485,0.0000,0.0000,0.0000
66.807,466.9372,1.4913,260.2771,0.2510,3.8000,-0.4500,1.5296,180.7163,359.6302,0.0000,0.0000,0.0000
66.907,466.7402,1.5308,260.4508,0.2510,3.8000,-0.4500,1.4751,180.7165,359.9735,0.0000,0.0000,0.0000
67.016,466.5422,1.5685,260.6232,0.2510,3.8000,-0.4500,1.4614,180.7165,0.0551,0.0000,0.0000,0.0000
67.141,466.3062,1.6188,260.8289,0.2510,3.8000,-0.4500,1.4133,180.7164,0.2968,0.0000,0.0000,0.0000
67.267,466.0312,1.6790,261.0675,0.2510,3.8000,-0.4500,1.3792,180.7161,0.4559,0.0000,0.0000,0.0000
67.377,465.8357,1.7245,261.2373,0.2510,3.8000,-0.4500,1.3379,180.7158,0.6163,0.0000,0.0000,0.0000
67.502,465.6016,1.7800,261.4404,0.2510,3.8000,-0.4500,1.2926,180.7152,0.7745,0.0000,0.0000,0.0000
67.627,465.3295,1.8469,261.6747,0.2510,3.8000,-0.4500,1.2094,180.7139,1.0118,0.0000,0.0000,0.0000
67.752,465.0954,1.9019,261.8722,0.2510,3.8000,-0.4500,1.2094,180.7139,1.0118,0.0000,0.0000,0.0000
67.877,464.8624,1.9587,262.0675,0.2510,3.8000,-0.4500,1.1391,180.7126,1.1601,0.0000,0.0000,0.0000
67.988,464.6289,2.0137,262.2582,0.2510,3.8000,-0.4500,1.0992,180.7117,1.2305,0.0000,0.0000,0.0000
68.113,464.3955,2.0672,262.4446,0.2510,3.8000,-0.4500,1.0552,180.7108,1.2974,0.0000,0.0000,0.0000
68.239,464.1613,2.1187,262.6217,0.2510,3.8000,-0.4500,1.0021,180.7095,1.3595,0.0000,0.0000,0.0000
68.349,463.9250,2.1676,262.7724,0.2510,3.8000,-0.4500,0.9479,180.7082,1.4187,0.0000,0.0000,0.0000
68.474,463.6857,2.2130,262.8957,0.2510,3.8000,-0.4500,0.9479,180.7082,1.4187,0.0000,0.0000,0.0000
68.600,463.4456,2.2552,262.9586,0.2510,3.8000,-0.4500,0.8038,180.7045,1.5037,0.0000,0.0000,0.0000
68.724,463.2107,2.2932,262.8641,0.2510,3.8000,-0.4500,0.8038,180.7045,1.5037,0.0000,0.0000,0.0000
68.850,462.9471,2.3327,262.5623,0.2510,3.8000,-0.4500,0.7250,180.7025,1.5241,0.0000,0.0000,0.0000
68.962,462.7640,2.3578,262.2522,0.2510,3.8000,-0.4500,0.6457,180.7003,1.5348,0.0000,0.0000,0.0000
69.071,462.5483,2.3850,261.8051,0.2510,3.8000,-0.4500,0.5647,180.6982,1.5295,0.0000,0.0000,0.0000
69.196,462.3354,2.4080,261.3031,0.2510,3.8000,-0.4500,0.4035,180.6939,1.4941,0.0000,0.0000,0.0000
69.309,462.1244,2.4296,260.7646,0.2510,3.8000,-0.4500,0.4035,180.6939,1.4940,0.0000,0.0000,0.0000
69.419,461.9481,2.4415,260.3025,0.2510,3.8000,-0.4500,0.1761,180.6882,1.3849,0.0000,0.0000,0.0000
69.519,461.7727,2.4547,259.8316,0.2510,3.8000,-0.4500,0.1761,180.6882,1.3849,0.0000,0.0000,0.0000
69.627,461.5609,2.4631,259.2633,0.2510,3.8000,-0.4500,359.9751,180.6836,1.2376,0.0000,0.0000,0.0000
69.752,461.3486,2.4691,258.6947,0.2510,3.8000,-0.4500,359.8535,180.6811,1.1237,0.0000,0.0000,0.0000
69.877,461.1356,2.4712,258.1295,0.2510,3.8000,-0.4500,359.7374,180.6789,1.0099,0.0000,0.0000,0.0000
70.002,460.9211,2.4676,257.5708,0.2510,3.8000,-0.4500,359.5764,180.6764,0.8206,0.0000,0.0000,0.0000
70.127,460.6658,2.4612,256.9978,0.2510,3.8000,-0.4500,359.5252,180.6756,0.7587,0.0000,0.0000,0.0000
70.252,460.4370,2.4456,256.6230,0.2510,3.8000,-0.4500,359.3749,180.6739,0.5620,0.0000,0.0000,0.0000
70.363,460.2404,2.4279,256.3872,0.2510,3.8000,-0.4500,359.2748,180.6730,0.4284,0.0000,0.0000,0.0000
70.488,459.9543,2.3935,256.1830,0.2510,3.8000,-0.4500,359.1242,180.6722,0.2280,0.0000,0.0000,0.0000
70.600,459.7438,2.3588,256.1203,0.2510,3.8000,-0.4500,358.9193,180.6718,359.9623,0.0000,0.0000,0.0000
70.710,459.4904,2.3119,256.1130,0.2510,3.8000,-0.4500,358.7618,180.6722,359.7661,0.0000,0.0000,0.0000
70.835,459.2379,2.2578,256.1642,0.2510,3.8000,-0.4500,358.6595,180.6728,359.6411,0.0000,0.0000,0.0000
70.960,458.9861,2.1919,256.2641,0.2510,3.8000,-0.4500,358.4424,180.6746,359.3854,0.0000,0.0000,0.0000
71.085,458.7365,2.1209,256.3987,0.2510,3.8000,-0.4500,358.3345,180.6759,359.2617,0.0000,0.0000,0.0000
71.210,458.4470,2.0269,256.5926,0.2510,3.8000,-0.4500,358.1689,180.6783,359.0757,0.0000,0.0000,0.0000
71.336,458.1999,1.9358,256.7853,0.2510,3.8000,-0.4500,357.9403,180.6825,358.8268,0.0000,0.0000,0.0000
71.436,457.9960,1.8598,256.9587,0.2510,3.8000,-0.4500,357.9403,180.6825,358.8268,0.0000,0.0000,0.0000
71.546,457.7507,1.7563,257.1801,0.2510,3.8000,-0.4500,357.7051,180.6878,358.5802,0.0000,0.0000,0.0000
71.654,457.5474,1.6693,257.3705,0.2510,3.8000,-0.4500,357.6468,180.6893,358.5213,0.0000,0.0000,0.0000
71.780,457.3036,1.5589,257.6045,0.2510,3.8000,-0.4500,357.5293,180.6924,358.4043,0.0000,0.0000,0.0000
71.905,457.0602,1.4454,257.8419,0.2510,3.8000,-0.4500,357.4694,180.6941,358.3465,0.0000,0.0000,0.0000
72.030,456.7760,1.3055,258.1211,0.2510,3.8000,-0.4500,357.2883,180.6996,358.1786,0.0000,0.0000,0.0000
72.155,456.5330,1.1860,258.3599,0.2510,3.8000,-0.4500,357.2883,180.6996,358.1786,0.0000,0.0000,0.0000
72.280,456.2893,1.0612,258.5988,0.2510,3.8000,-0.4500,357.1605,180.7038,358.0731,0.0000,0.0000,0.0000
72.391,456.0461,0.9375,258.8343,0.2510,3.8000,-0.4500,357.1605,180.7038,358.0731,0.0000,0.0000,0.0000
72.516,455.8023,0.8116,259.0663,0.2510,3.8000,-0.4500,357.0948,180.7060,358.0273,0.0000,0.0000,0.0000
72.641,455.5585,0.6865,259.2945,0.2510,3.8000,-0.4500,357.0948,180.7060,358.0273,0.0000,0.0000,0.0000
72.766,455.2737,0.5409,259.5533,0.2510,3.8000,-0.4500,357.0948,180.7060,358.0273,0.0000,0.0000,0.0000
72.891,455.0291,0.4171,259.7688,0.2510,3.8000,-0.4500,357.0948,180.7060,358.0273,0.0000,0.0000,0.0000
73.015,454.7840,0.2947,259.9795,0.2510,3.8000,-0.4500,357.0948,180.7060,358.0273,0.0000,0.0000,0.0000
73.141,454.5388,0.1731,260.1857,0.2510,3.8000,-0.4500,357.0118,180.7089,358.0143,0.0000,0.0000,0.0000
73.266,454.2528,0.0350,260.4200,0.2510,3.8000,-0.4500,357.0118,180.7089,358.0143,0.0000,0.0000,0.0000
73.391,454.0076,-0.0814,260.6181,0.2510,3.8000,-0.4500,356.8506,180.7145,358.0450,0.0000,0.0000,0.0000
73.516,453.7623,-0.1944,260.8114,0.2510,3.8000,-0.4500,356.8506,180.7145,358.0450,0.0000,0.0000,0.0000
73.641,453.5173,-0.3044,261.0022,0.2510,3.8000,-0.4500,356.7791,180.7169,358.0860,0.0000,0.0000,0.0000
73.765,453.2725,-0.4119,261.1903,0.2510,3.8000,-0.4500,356.7084,180.7192,358.1287,0.0000,0.0000,0.0000
73.892,452.9875,-0.5333,261.4079,0.2510,3.8000,-0.4500,356.5189,180.7252,358.2873,0.0000,0.0000,0.0000
74.001,452.7846,-0.6176,261.5623,0.2510,3.8000,-0.4500,356.3474,180.7301,358.4671,0.0000,0.0000,0.0000
74.102,452.5805,-0.7026,261.7146,0.2510,3.8000,-0.4500,356.3474,180.7301,358.4671,0.0000,0.0000,0.0000
74.212,452.3377,-0.8007,261.8982,0.2510,3.8000,-0.4500,356.1305,180.7354,358.7264,0.0000,0.0000,0.0000
74.322,452.1342,-0.8840,262.0493,0.2510,3.8000,-0.4500,356.1305,180.7354,358.7264,0.0000,0.0000,0.0000
74.446,451.8507,-0.9977,262.2612,0.2510,3.8000,-0.4500,355.9672,180.7387,358.9275,0.0000,0.0000,0.0000
74.571,451.6080,-1.0944,262.4421,0.2510,3.8000,-0.4500,355.8045,180.7415,359.1226,0.0000,0.0000,0.0000
74.697,451.3641,-1.1933,262.6209,0.2510,3.8000,-0.4500,355.8045,180.7415,359.1226,0.0000,0.0000,0.0000
74.821,451.1217,-1.2906,262.8004,0.2510,3.8000,-0.4500,355.6343,180.7438,359.3106,0.0000,0.0000,0.0000
74.934,450.8782,-1.3907,262.9778,0.2510,3.8000,-0.4500,355.6343,180.7439,359.3106,0.0000,0.0000,0.0000
75.043,450.6762,-1.4740,263.1261,0.2510,3.8000,-0.4500,355.5128,180.7452,359.4238,0.0000,0.0000,0.0000
75.169,450.3926,-1.5930,263.3323,0.2510,3.8000,-0.4500,355.4481,180.7458,359.4728,0.0000,0.0000,0.0000
75.294,450.1495,-1.6963,263.5081,0.2510,3.8000,-0.4500,355.3821,180.7464,359.5188,0.0000,0.0000,0.0000
75.418,449.9062,-1.8006,263.6827,0.2510,3.8000,-0.4500,355.3821,180.7464,359.5188,0.0000,0.0000,0.0000
75.530,449.6631,-1.9049,263.8570,0.2510,3.8000,-0.4500,355.3130,180.7470,359.5652,0.0000,0.0000,0.0000
75.655,449.4198,-2.0087,264.0297,0.2510,3.8000,-0.4500,355.2467,180.7474,359.6106,0.0000,0.0000,0.0000
75.780,449.1763,-2.1118,264.2003,0.2510,3.8000,-0.4500,355.2467,180.7474,359.6106,0.0000,0.0000,0.0000
75.893,448.9328,-2.2134,264.3698,0.2510,3.8000,-0.4500,355.2467,180.7474,359.6106,0.0000,0.0000,0.0000
76.003,448.7303,-2.2960,264.5108,0.2510,3.8000,-0.4500,355.1874,180.7478,359.6647,0.0000,0.0000,0.0000
76.127,448.4466,-2.4087,264.7066,0.2510,3.8000,-0.4500,355.1386,180.7481,359.7260,0.0000,0.0000,0.0000
76.252,448.2033,-2.5026,264.8731,0.2510,3.8000,-0.4500,355.1386,180.7481,359.7260,0.0000,0.0000,0.0000
76.376,447.9607,-2.5919,265.0392,0.2510,3.8000,-0.4500,355.1063,180.7482,359.7986,0.0000,0.0000,0.0000
76.501,447.7181,-2.6773,265.2044,0.2510,3.8000,-0.4500,355.0847,180.7483,359.8744,0.0000,0.0000,0.0000
76.626,447.4347,-2.7729,265.3953,0.2510,3.8000,-0.4500,355.0847,180.7483,359.8744,0.0000,0.0000,0.0000
76.737,447.2339,-2.8331,265.5311,0.2510,3.8000,-0.4500,355.0813,180.7483,0.1258,0.0000,0.0000,0.0000
76.862,446.9915,-2.9061,265.6929,0.2510,3.8000,-0.4500,355.0813,180.7483,0.1258,0.0000,0.0000,0.0000
76.974,446.7503,-2.9712,265.8542,0.2510,3.8000,-0.4500,355.1245,180.7484,0.2874,0.0000,0.0000,0.0000
77.084,446.5495,-3.0211,265.9885,0.2510,3.8000,-0.4500,355.1862,180.7488,0.4408,0.0000,0.0000,0.0000
77.209,446.2687,-3.0849,266.1763,0.2510,3.8000,-0.4500,355.3040,180.7500,0.6541,0.0000,0.0000,0.0000
77.321,446.0674,-3.1297,266.3109,0.2510,3.8000,-0.4500,355.3040,180.7500,0.6541,0.0000,0.0000,0.0000
77.445,445.8270,-3.1758,266.4723,0.2510,3.8000,-0.4500,355.4062,180.7513,0.7854,0.0000,0.0000,0.0000
77.570,445.5474,-3.2226,266.6602,0.2510,3.8000,-0.4500,355.5768,180.7539,0.9707,0.0000,0.0000,0.0000
77.695,445.3070,-3.2567,266.8103,0.2510,3.8000,-0.4500,355.7640,180.7573,1.1357,0.0000,0.0000,0.0000
77.820,445.0640,-3.2895,266.9398,0.2510,3.8000,-0.4500,355.7640,180.7573,1.1357,0.0000,0.0000,0.0000
77.946,444.7803,-3.3166,267.0527,0.2510,3.8000,-0.4500,355.9680,180.7616,1.2855,0.0000,0.0000,0.0000
78.056,444.5836,-3.3288,266.9941,0.2510,3.8000,-0.4500,356.0359,180.7632,1.3302,0.0000,0.0000,0.0000
78.181,444.3625,-3.3278,266.6664,0.2510,3.8000,-0.4500,356.1047,180.7648,1.3756,0.0000,0.0000,0.0000
78.281,444.1874,-3.3172,266.2362,0.2510,3.8000,-0.4500,356.1047,180.7648,1.3756,0.0000,0.0000,0.0000
78.389,443.9837,-3.2948,265.6188,0.2510,3.8000,-0.4500,356.1699,180.7664,1.4267,0.0000,0.0000,0.0000
78.503,443.8148,-3.2741,265.0918,0.2510,3.8000,-0.4500,356.1699,180.7664,1.4267,0.0000,0.0000,0.0000
78.612,443.6107,-3.2464,264.5051,0.2510,3.8000,-0.4500,356.2756,180.7692,1.5562,0.0000,0.0000,0.0000
78.712,443.4367,-3.2277,264.0693,0.2510,3.8000,-0.4500,356.2756,180.7692,1.5562,0.0000,0.0000,0.0000
78.823,443.2599,-3.2108,263.6804,0.2510,3.8000,-0.4500,356.2756,180.7692,1.5562,0.0000,0.0000,0.0000
78.934,443.0446,-3.1928,263.2638,0.2510,3.8000,-0.4500,356.2756,180.7692,1.5562,0.0000,0.0000,0.0000
79.057,442.8279,-3.1732,262.8864,0.2510,3.8000,-0.4500,356.3526,180.7714,1.7004,0.0000,0.0000,0.0000
79.181,442.6082,-3.1578,262.5376,0.2510,3.8000,-0.4500,356.3526,180.7714,1.7004,0.0000,0.0000,0.0000
79.293,442.3874,-3.1427,262.2084,0.2510,3.8000,-0.4500,356.3526,180.7714,1.7004,0.0000,0.0000,0.0000
79.403,442.2033,-3.1286,261.9439,0.2510,3.8000,-0.4500,356.3821,180.7723,1.7758,0.0000,0.0000,0.0000
79.528,441.9444,-3.1107,261.5842,0.2510,3.8000,-0.4500,356.3821,180.7723,1.7758,0.0000,0.0000,0.0000
79.653,441.7220,-3.0951,261.2856,0.2510,3.8000,-0.4500,356.3821,180.7723,1.7758,0.0000,0.0000,0.0000
79.779,441.4997,-3.0779,260.9945,0.2510,3.8000,-0.4500,356.4057,180.7731,1.8535,0.0000,0.0000,0.0000
79.903,441.2758,-3.0623,260.7180,0.2510,3.8000,-0.4500,356.4057,180.7731,1.8535,0.0000,0.0000,0.0000
80.015,441.0469,-3.0492,260.5034,0.2510,3.8000,-0.4500,356.4057,180.7731,1.8535,0.0000,0.0000,0.0000
80.128,440.8123,-3.0397,260.3587,0.2510,3.8000,-0.4500,356.4057,180.7731,1.8535,0.0000,0.0000,0.0000
80.236,440.6133,-3.0348,260.2996,0.2510,3.8000,-0.4500,356.4057,180.7731,1.8535,0.0000,0.0000,0.0000
80.362,440.3731,-3.0330,260.2977,0.2510,3.8000,-0.4500,356.4057,180.7731,1.8535,0.0000,0.0000,0.0000
80.475,440.1332,-3.0344,260.3503,0.2510,3.8000,-0.4500,356.4057,180.7731,1.8535,0.0000,0.0000,0.0000
80.586,439.8941,-3.0379,260.4405,0.2510,3.8000,-0.4500,356.4057,180.7731,1.8535,0.0000,0.0000,0.0000
80.695,439.6956,-3.0417,260.5370,0.2510,3.8000,-0.4500,356.4057,180.7731,1.8535,0.0000,0.0000,0.0000
80.819,439.4584,-3.0467,260.6722,0.2510,3.8000,-0.4500,356.4057,180.7731,1.8535,0.0000,0.0000,0.0000
80.945,439.2230,-3.0485,260.8221,0.2510,3.8000,-0.4500,356.4990,180.7762,1.9893,0.0000,0.0000,0.0000
81.056,438.9874,-3.0526,260.9836,0.2510,3.8000,-0.4500,356.4990,180.7762,1.9893,0.0000,0.0000,0.0000
81.181,438.7525,-3.0556,261.1530,0.2510,3.8000,-0.4500,356.4990,180.7762,1.9893,0.0000,0.0000,0.0000
81.306,438.4792,-3.0555,261.3570,0.2510,3.8000,-0.4500,356.5639,180.7785,2.0415,0.0000,0.0000,0.0000
81.419,438.2850,-3.0504,261.5040,0.2510,3.8000,-0.4500,356.7707,180.7861,2.1805,0.0000,0.0000,0.0000
81.528,438.0511,-3.0469,261.6831,0.2510,3.8000,-0.4500,356.7707,180.7861,2.1805,0.0000,0.0000,0.0000
81.653,437.8178,-3.0378,261.8618,0.2510,3.8000,-0.4500,356.9254,180.7921,2.2513,0.0000,0.0000,0.0000
81.753,437.6236,-3.0272,262.0101,0.2510,3.8000,-0.4500,357.0768,180.7982,2.3173,0.0000,0.0000,0.0000
81.861,437.4290,-3.0163,262.1583,0.2510,3.8000,-0.4500,357.0768,180.7982,2.3172,0.0000,0.0000,0.0000
81.962,437.2355,-2.9979,262.3033,0.2510,3.8000,-0.4500,357.3940,180.8113,2.4237,0.0000,0.0000,0.0000
82.072,437.0025,-2.9758,262.4774,0.2510,3.8000,-0.4500,357.4736,180.8147,2.4471,0.0000,0.0000,0.0000
82.173,436.8086,-2.9523,262.6190,0.2510,3.8000,-0.4500,357.6351,180.8217,2.4940,0.0000,0.0000,0.0000
82.276,436.6150,-2.9239,262.7572,0.2510,3.8000,-0.4500,357.8877,180.8328,2.5641,0.0000,0.0000,0.0000
82.376,436.4209,-2.8937,262.8923,0.2510,3.8000,-0.4500,357.9700,180.8365,2.5869,0.0000,0.0000,0.0000
82.485,436.2261,-2.8560,263.0025,0.2510,3.8000,-0.4500,358.2954,180.8515,2.6767,0.0000,0.0000,0.0000
82.610,435.9513,-2.7977,263.0554,0.2510,3.8000,-0.4500,358.5353,180.8629,2.7455,0.0000,0.0000,0.0000
82.736,435.7167,-2.7403,263.0226,0.2510,3.8000,-0.4500,358.7783,180.8747,2.8206,0.0000,0.0000,0.0000
82.861,435.4849,-2.6798,262.9245,0.2510,3.8000,-0.4500,358.8570,180.8786,2.8454,0.0000,0.0000,0.0000
82.986,435.2209,-2.6012,262.7202,0.2510,3.8000,-0.4500,359.0944,180.8905,2.9269,0.0000,0.0000,0.0000
83.098,435.0361,-2.5407,262.5270,0.2510,3.8000,-0.4500,359.3285,180.9027,3.0133,0.0000,0.0000,0.0000
83.210,434.8172,-2.4667,262.2553,0.2510,3.8000,-0.4500,359.4844,180.9110,3.0747,0.0000,0.0000,0.0000
83.319,434.6375,-2.4011,262.0008,0.2510,3.8000,-0.4500,359.7166,180.9237,3.1692,0.0000,0.0000,0.0000
83.430,434.4233,-2.3227,261.6725,0.2510,3.8000,-0.4500,359.7905,180.9278,3.1995,0.0000,0.0000,0.0000
83.555,434.2113,-2.2391,261.3265,0.2510,3.8000,-0.4500,0.0238,180.9410,3.2975,0.0000,0.0000,0.0000
83.666,433.9999,-2.1551,260.9732,0.2510,3.8000,-0.4500,0.0990,180.9454,3.3290,0.0000,0.0000,0.0000
83.779,433.8248,-2.0805,260.6746,0.2510,3.8000,-0.4500,0.3293,180.9590,3.4233,0.0000,0.0000,0.0000
83.887,433.6143,-1.9926,260.3159,0.2510,3.8000,-0.4500,0.3293,180.9590,3.4233,0.0000,0.0000,0.0000
84.000,433.4399,-1.9127,260.0182,0.2510,3.8000,-0.4500,0.6475,180.9783,3.5455,0.0000,0.0000,0.0000
84.110,433.2286,-1.8196,259.6788,0.2510,3.8000,-0.4500,0.6475,180.9783,3.5455,0.0000,0.0000,0.0000
84.235,433.0169,-1.7212,259.3564,0.2510,3.8000,-0.4500,0.8051,180.9882,3.6001,0.0000,0.0000,0.0000
84.346,432.8039,-1.6196,259.0534,0.2510,3.8000,-0.4500,0.9665,180.9984,3.6522,0.0000,0.0000,0.0000
84.471,432.5893,-1.5135,258.7794,0.2510,3.8000,-0.4500,1.2043,181.0137,3.7233,0.0000,0.0000,0.0000
84.582,432.4087,-1.4238,258.5731,0.2510,3.8000,-0.4500,1.2861,181.0191,3.7443,0.0000,0.0000,0.0000
84.708,432.1542,-1.2923,258.3121,0.2510,3.8000,-0.4500,1.5303,181.0352,3.8049,0.0000,0.0000,0.0000
84.833,431.9341,-1.1762,258.1153,0.2510,3.8000,-0.4500,1.6938,181.0461,3.8384,0.0000,0.0000,0.0000
84.957,431.7125,-1.0574,257.9382,0.2510,3.8000,-0.4500,1.7760,181.0517,3.8546,0.0000,0.0000,0.0000
85.083,431.4899,-0.9335,257.7767,0.2510,3.8000,-0.4500,2.0236,181.0684,3.8974,0.0000,0.0000,0.0000
85.194,431.2662,-0.8052,257.6792,0.2510,3.8000,-0.4500,2.1919,181.0799,3.9235,0.0000,0.0000,0.0000
85.319,431.0422,-0.6696,257.6708,0.2510,3.8000,-0.4500,2.2752,181.0857,3.9364,0.0000,0.0000,0.0000
85.431,430.8192,-0.5261,257.7137,0.2510,3.8000,-0.4500,2.4385,181.0970,3.9655,0.0000,0.0000,0.0000
85.556,430.5980,-0.3742,257.7884,0.2510,3.8000,-0.4500,2.7595,181.1194,4.0427,0.0000,0.0000,0.0000
85.668,430.3777,-0.2201,257.8871,0.2510,3.8000,-0.4500,2.7595,181.1194,4.0427,0.0000,0.0000,0.0000
85.778,430.1958,-0.0843,257.9783,0.2510,3.8000,-0.4500,2.9895,181.1359,4.1337,0.0000,0.0000,0.0000
85.903,429.9784,0.0813,258.0961,0.2510,3.8000,-0.4500,3.1304,181.1462,4.2056,0.0000,0.0000,0.0000
86.003,429.7977,0.2206,258.1987,0.2510,3.8000,-0.4500,3.1304,181.1462,4.2056,0.0000,0.0000,0.0000
86.112,429.5825,0.3939,258.3232,0.2510,3.8000,-0.4500,3.2651,181.1562,4.3000,0.0000,0.0000,0.0000
86.224,429.4037,0.5399,258.4283,0.2510,3.8000,-0.4500,3.3253,181.1608,4.3513,0.0000,0.0000,0.0000
86.333,429.1898,0.7173,258.5555,0.2510,3.8000,-0.4500,3.3810,181.1651,4.4083,0.0000,0.0000,0.0000
86.444,429.0124,0.8670,258.6619,0.2510,3.8000,-0.4500,3.4339,181.1692,4.4659,0.0000,0.0000,0.0000
86.555,428.7997,1.0464,258.7911,0.2510,3.8000,-0.4500,3.4339,181.1692,4.4659,0.0000,0.0000,0.0000
86.680,428.5876,1.2266,258.9209,0.2510,3.8000,-0.4500,3.4339,181.1692,4.4659,0.0000,0.0000,0.0000
86.806,428.3421,1.4399,259.0728,0.2510,3.8000,-0.4500,3.5014,181.1745,4.6119,0.0000,0.0000,0.0000
86.916,428.1663,1.5895,259.1825,0.2510,3.8000,-0.4500,3.5014,181.1745,4.6119,0.0000,0.0000,0.0000
87.041,427.9554,1.7677,259.3145,0.2510,3.8000,-0.4500,3.5014,181.1745,4.6119,0.0000,0.0000,0.0000
87.166,427.7094,1.9726,259.4683,0.2510,3.8000,-0.4500,3.5014,181.1745,4.6119,0.0000,0.0000,0.0000
87.291,427.4990,2.1457,259.6010,0.2510,3.8000,-0.4500,3.4795,181.1727,4.6890,0.0000,0.0000,0.0000
87.403,427.3241,2.2875,259.7124,0.2510,3.8000,-0.4500,3.3828,181.1647,4.8243,0.0000,0.0000,0.0000
87.527,427.0784,2.4786,259.8705,0.2510,3.8000,-0.4500,3.3320,181.1604,4.8875,0.0000,0.0000,0.0000
87.653,426.8681,2.6360,260.0107,0.2510,3.8000,-0.4500,3.0469,181.1355,5.0416,0.0000,0.0000,0.0000
87.778,426.6564,2.7854,260.1535,0.2510,3.8000,-0.4500,2.8845,181.1211,5.0713,0.0000,0.0000,0.0000
87.903,426.4437,2.9257,260.3006,0.2510,3.8000,-0.4500,2.5570,181.0920,5.0889,0.0000,0.0000,0.0000
88.028,426.1935,3.0770,260.4762,0.2510,3.8000,-0.4500,2.1537,181.0562,5.0298,0.0000,0.0000,0.0000
88.138,426.0133,3.1770,260.6028,0.2510,3.8000,-0.4500,1.9160,181.0354,4.9631,0.0000,0.0000,0.0000
88.239,425.8313,3.2683,260.7307,0.2510,3.8000,-0.4500,1.5933,181.0077,4.8384,0.0000,0.0000,0.0000
88.347,425.6113,3.3682,260.8835,0.2510,3.8000,-0.4500,1.2818,180.9817,4.6960,0.0000,0.0000,0.0000
88.458,425.4254,3.4398,261.0112,0.2510,3.8000,-0.4500,0.8896,180.9502,4.4845,0.0000,0.0000,0.0000
88.569,425.1999,3.5144,261.1621,0.2510,3.8000,-0.4500,0.4499,180.9167,4.2203,0.0000,0.0000,0.0000
88.694,424.9720,3.5770,261.3093,0.2510,3.8000,-0.4500,0.1010,180.8917,3.9889,0.0000,0.0000,0.0000
88.819,424.7410,3.6242,261.4535,0.2510,3.8000,-0.4500,359.6756,180.8631,3.6865,0.0000,0.0000,0.0000
88.944,424.5071,3.6572,261.5934,0.2510,3.8000,-0.4500,359.2615,180.8375,3.3747,0.0000,0.0000,0.0000
89.069,424.2309,3.6772,261.7505,0.2510,3.8000,-0.4500,358.7869,180.8111,2.9979,0.0000,0.0000,0.0000
89.183,424.0313,3.6789,261.8584,0.2510,3.8000,-0.4500,358.4495,180.7943,2.7184,0.0000,0.0000,0.0000
89.291,423.7894,3.6672,261.9828,0.2510,3.8000,-0.4500,358.0452,180.7763,2.3720,0.0000,0.0000,0.0000
89.403,423.5861,3.6458,262.0822,0.2510,3.8000,-0.4500,357.7092,180.7632,2.0751,0.0000,0.0000,0.0000
89.527,423.2986,3.5981,262.2147,0.2510,3.8000,-0.4500,357.2420,180.7480,1.6496,0.0000,0.0000,0.0000
89.640,423.0916,3.5517,262.3048,0.2510,3.8000,-0.4500,356.9121,180.7394,1.3408,0.0000,0.0000,0.0000
89.750,422.8416,3.4824,262.4081,0.2510,3.8000,-0.4500,356.5225,180.7315,0.9673,0.0000,0.0000,0.0000
89.875,422.5899,3.3988,262.5067,0.2510,3.8000,-0.4500,356.1414,180.7263,0.5936,0.0000,0.0000,0.0000
90.000,422.3370,3.3012,262.6012,0.2510,3.8000,-0.4500,355.7711,180.7236,0.2226,0.0000,0.0000,0.0000
90.111,422.0831,3.1902,262.6925,0.2510,3.8000,-0.4500,355.4134,180.7234,359.8572,0.0000,0.0000,0.0000
90.236,421.8287,3.0674,262.7808,0.2510,3.8000,-0.4500,355.1132,180.7250,359.5449,0.0000,0.0000,0.0000
90.361,421.5740,2.9340,262.8648,0.2510,3.8000,-0.4500,354.8774,180.7274,359.2969,0.0000,0.0000,0.0000
90.486,421.2750,2.7595,262.9596,0.2510,3.8000,-0.4500,354.4566,180.7342,358.8467,0.0000,0.0000,0.0000
90.599,421.0623,2.6294,263.0257,0.2510,3.8000,-0.4500,354.2882,180.7379,358.6646,0.0000,0.0000,0.0000
90.709,420.8065,2.4626,263.1056,0.2510,3.8000,-0.4500,354.0459,180.7441,358.3990,0.0000,0.0000,0.0000
90.819,420.5934,2.3157,263.1733,0.2510,3.8000,-0.4500,353.8170,180.7511,358.1466,0.0000,0.0000,0.0000
90.944,420.3386,2.1344,263.2563,0.2510,3.8000,-0.4500,353.6515,180.7567,357.9624,0.0000,0.0000,0.0000
91.069,420.0420,1.9141,263.3562,0.2510,3.8000,-0.4500,353.4886,180.7628,357.7802,0.0000,0.0000,0.0000
91.181,419.8305,1.7515,263.4297,0.2510,3.8000,-0.4500,353.3806,180.7671,357.6584,0.0000,0.0000,0.0000
91.306,419.5348,1.5188,263.5352,0.2510,3.8000,-0.4500,353.2702,180.7718,357.5338,0.0000,0.0000,0.0000
91.430,419.2816,1.3144,263.6282,0.2510,3.8000,-0.4500,353.1609,180.7767,357.4095,0.0000,0.0000,0.0000
91.555,419.0289,1.1089,263.7230,0.2510,3.8000,-0.4500,353.1085,180.7791,357.3496,0.0000,0.0000,0.0000
91.681,418.7768,0.9035,263.8192,0.2510,3.8000,-0.4500,353.1085,180.7791,357.3496,0.0000,0.0000,0.0000
91.792,418.5245,0.6980,263.9164,0.2510,3.8000,-0.4500,353.1085,180.7791,357.3496,0.0000,0.0000,0.0000
91.903,418.3142,0.5276,263.9981,0.2510,3.8000,-0.4500,353.1085,180.7791,357.3496,0.0000,0.0000,0.0000
92.028,418.0200,0.2919,264.1130,0.2510,3.8000,-0.4500,353.1085,180.7791,357.3496,0.0000,0.0000,0.0000
92.139,417.8098,0.1266,264.1950,0.2510,3.8000,-0.4500,353.1085,180.7791,357.3496,0.0000,0.0000,0.0000
92.263,417.5574,-0.0671,264.2934,0.2510,3.8000,-0.4500,353.1085,180.7791,357.3496,0.0000,0.0000,0.0000
92.363,417.3471,-0.2240,264.3749,0.2510,3.8000,-0.4500,353.1085,180.7791,357.3496,0.0000,0.0000,0.0000
92.473,417.0948,-0.4058,264.4711,0.2510,3.8000,-0.4500,353.1085,180.7791,357.3496,0.0000,0.0000,0.0000
92.598,416.8423,-0.5792,264.5650,0.2510,3.8000,-0.4500,353.1085,180.7791,357.3496,0.0000,0.0000,0.0000
92.711,416.5899,-0.7436,264.6572,0.2510,3.8000,-0.4500,353.1085,180.7791,357.3496,0.0000,0.0000,0.0000
92.819,416.3803,-0.8697,264.7329,0.2510,3.8000,-0.4500,353.2312,180.7735,357.4761,0.0000,0.0000,0.0000
92.945,416.1295,-1.0051,264.8208,0.2510,3.8000,-0.4500,353.6065,180.7581,357.8664,0.0000,0.0000,0.0000
93.056,415.8772,-1.1329,264.9046,0.2510,3.8000,-0.4500,353.8351,180.7500,358.1064,0.0000,0.0000,0.0000
93.166,415.6252,-1.2449,264.9827,0.2510,3.8000,-0.4500,354.1871,180.7395,358.4768,0.0000,0.0000,0.0000
93.280,415.4144,-1.3301,265.0439,0.2510,3.8000,-0.4500,354.4216,180.7337,358.7226,0.0000,0.0000,0.0000
93.390,415.1614,-1.4198,265.1126,0.2510,3.8000,-0.4500,354.7195,180.7279,359.0324,0.0000,0.0000,0.0000
93.515,414.9088,-1.4943,265.1764,0.2510,3.8000,-0.4500,355.0828,180.7229,359.4059,0.0000,0.0000,0.0000
93.626,414.6559,-1.5569,265.2362,0.2510,3.8000,-0.4500,355.3840,180.7206,359.7108,0.0000,0.0000,0.0000
93.736,414.4461,-1.5971,265.2833,0.2510,3.8000,-0.4500,355.6954,180.7198,0.0210,0.0000,0.0000,0.0000
93.849,414.1948,-1.6333,265.3380,0.2510,3.8000,-0.4500,356.0625,180.7211,0.3797,0.0000,0.0000,0.0000
93.958,413.9859,-1.6548,265.3836,0.2510,3.8000,-0.4500,356.3111,180.7233,0.6165,0.0000,0.0000,0.0000
94.083,413.7369,-1.6666,265.4384,0.2510,3.8000,-0.4500,356.6971,180.7287,0.9753,0.0000,0.0000,0.0000
94.208,413.4484,-1.6645,265.5051,0.2510,3.8000,-0.4500,357.1370,180.7377,1.3689,0.0000,0.0000,0.0000
94.319,413.2428,-1.6556,265.5554,0.2510,3.8000,-0.4500,357.3260,180.7425,1.5312,0.0000,0.0000,0.0000
94.446,412.9584,-1.6244,265.6277,0.2510,3.8000,-0.4500,357.8113,180.7572,1.9285,0.0000,0.0000,0.0000
94.556,412.7564,-1.5943,265.6829,0.2510,3.8000,-0.4500,358.0797,180.7667,2.1374,0.0000,0.0000,0.0000
94.666,412.5159,-1.5478,265.7527,0.2510,3.8000,-0.4500,358.4276,180.7805,2.3888,0.0000,0.0000,0.0000
94.792,412.2773,-1.4911,265.8261,0.2510,3.8000,-0.4500,358.7765,180.7958,2.6247,0.0000,0.0000,0.0000
94.916,412.0402,-1.4260,265.9036,0.2510,3.8000,-0.4500,359.0775,180.8100,2.8043,0.0000,0.0000,0.0000
95.041,411.8050,-1.3509,265.9837,0.2510,3.8000,-0.4500,359.4462,180.8288,3.0063,0.0000,0.0000,0.0000
95.153,411.5710,-1.2689,266.0675,0.2510,3.8000,-0.4500,359.7496,180.8451,3.1434,0.0000,0.0000,0.0000
95.266,411.3381,-1.1803,266.1545,0.2510,3.8000,-0.4500,359.9802,180.8579,3.2362,0.0000,0.0000,0.0000
95.374,411.1451,-1.0998,266.2284,0.2510,3.8000,-0.4500,0.2194,180.8716,3.3262,0.0000,0.0000,0.0000
95.485,410.9535,-1.0127,266.3027,0.2510,3.8000,-0.4500,0.5470,180.8910,3.4486,0.0000,0.0000,0.0000
95.611,410.6862,-0.8834,266.4093,0.2510,3.8000,-0.4500,0.8597,180.9102,3.5726,0.0000,0.0000,0.0000
95.736,410.4591,-0.7631,266.5016,0.2510,3.8000,-0.4500,1.1666,180.9297,3.7069,0.0000,0.0000,0.0000
95.847,410.2333,-0.6360,266.5959,0.2510,3.8000,-0.4500,1.3961,180.9448,3.8186,0.0000,0.0000,0.0000
95.958,410.0466,-0.5233,266.6756,0.2510,3.8000,-0.4500,1.6234,180.9602,3.9360,0.0000,0.0000,0.0000
96.082,409.8245,-0.3806,266.7731,0.2510,3.8000,-0.4500,1.9210,180.9812,4.1069,0.0000,0.0000,0.0000
96.194,409.6030,-0.2345,266.8743,0.2510,3.8000,-0.4500,1.9910,180.9862,4.1488,0.0000,0.0000,0.0000
96.319,409.3844,-0.0775,266.9756,0.2510,3.8000,-0.4500,2.2835,181.0079,4.3364,0.0000,0.0000,0.0000
96.444,409.1676,0.0857,267.0793,0.2510,3.8000,-0.4500,2.5539,181.0289,4.5211,0.0000,0.0000,0.0000
96.557,408.9517,0.2521,267.1862,0.2510,3.8000,-0.4500,2.6850,181.0394,4.6153,0.0000,0.0000,0.0000
96.666,408.7368,0.4224,267.2958,0.2510,3.8000,-0.4500,2.7501,181.0447,4.6631,0.0000,0.0000,0.0000
96.777,408.5597,0.5707,267.3875,0.2510,3.8000,-0.4500,2.9493,181.0612,4.8115,0.0000,0.0000,0.0000
96.902,408.3469,0.7474,267.5013,0.2510,3.8000,-0.4500,2.9493,181.0612,4.8115,0.0000,0.0000,0.0000
97.027,408.1007,0.9602,267.6358,0.2510,3.8000,-0.4500,3.0782,181.0722,4.9089,0.0000,0.0000,0.0000
97.151,407.8904,1.1443,267.7534,0.2510,3.8000,-0.4500,3.1449,181.0779,4.9580,0.0000,0.0000,0.0000
97.263,407.7163,1.3005,267.8518,0.2510,3.8000,-0.4500,3.2758,181.0894,5.0539,0.0000,0.0000,0.0000
97.388,407.4719,1.5166,267.9934,0.2510,3.8000,-0.4500,3.2758,181.0894,5.0540,0.0000,0.0000,0.0000
97.513,407.2628,1.7022,268.1167,0.2510,3.8000,-0.4500,3.2758,181.0894,5.0540,0.0000,0.0000,0.0000
97.638,407.0536,1.8872,268.2411,0.2510,3.8000,-0.4500,3.2758,181.0894,5.0540,0.0000,0.0000,0.0000
97.763,406.8444,2.0713,268.3665,0.2510,3.8000,-0.4500,3.2758,181.0894,5.0540,0.0000,0.0000,0.0000
97.874,406.6349,2.2541,268.4924,0.2510,3.8000,-0.4500,3.2758,181.0894,5.0540,0.0000,0.0000,0.0000
97.985,406.4602,2.4052,268.5976,0.2510,3.8000,-0.4500,3.2758,181.0894,5.0540,0.0000,0.0000,0.0000
98.110,406.2148,2.6144,268.7453,0.2510,3.8000,-0.4500,3.2758,181.0894,5.0540,0.0000,0.0000,0.0000
98.235,406.0038,2.7909,268.8720,0.2510,3.8000,-0.4500,3.2758,181.0894,5.0540,0.0000,0.0000,0.0000
98.360,405.7919,2.9641,268.9989,0.2510,3.8000,-0.4500,3.2758,181.0894,5.0539,0.0000,0.0000,0.0000
98.484,405.5779,3.1329,269.1248,0.2510,3.8000,-0.4500,3.4170,181.1018,4.9689,0.0000,0.0000,0.0000
98.610,405.3254,3.3213,269.2701,0.2510,3.8000,-0.4500,3.6287,181.1198,4.7245,0.0000,0.0000,0.0000
98.735,405.1078,3.4772,269.3934,0.2510,3.8000,-0.4500,3.6609,181.1225,4.6489,0.0000,0.0000,0.0000
98.860,404.8859,3.6224,269.5143,0.2510,3.8000,-0.4500,3.7619,181.1304,4.3352,0.0000,0.0000,0.0000
98.985,404.6610,3.7585,269.6323,0.2510,3.8000,-0.4500,3.7895,181.1325,4.0143,0.0000,0.0000,0.0000
99.085,404.4716,3.8646,269.7281,0.2510,3.8000,-0.4500,3.7714,181.1313,3.7592,0.0000,0.0000,0.0000
99.193,404.2398,3.9783,269.8395,0.2510,3.8000,-0.4500,3.6790,181.1257,3.2535,0.0000,0.0000,0.0000
99.304,404.0461,4.0685,269.9276,0.2510,3.8000,-0.4500,3.6243,181.1226,3.0826,0.0000,0.0000,0.0000
99.430,403.7682,4.1726,270.0465,0.2510,3.8000,-0.4500,3.3924,181.1114,2.4764,0.0000,0.0000,0.0000
99.540,403.5671,4.2360,270.1263,0.2510,3.8000,-0.4500,3.2073,181.1040,2.0772,0.0000,0.0000,0.0000
99.665,403.3230,4.2990,270.2168,0.2510,3.8000,-0.4500,2.9647,181.0962,1.6204,0.0000,0.0000,0.0000
99.777,403.0757,4.3465,270.3020,0.2510,3.8000,-0.4500,2.6969,181.0897,1.1682,0.0000,0.0000,0.0000
99.888,402.8257,4.3778,270.3830,0.2510,3.8000,-0.4500,2.4026,181.0849,0.7108,0.0000,0.0000,0.0000
100.013,402.5730,4.3922,270.4615,0.2510,3.8000,-0.4500,2.0824,181.0822,0.2458,0.0000,0.0000,0.0000
100.138,402.3182,4.3893,270.5387,0.2510,3.8000,-0.4500,1.7377,181.0822,359.7744,0.0000,0.0000,0.0000
100.241,402.1046,4.3735,270.6035,0.2510,3.8000,-0.4500,1.4333,181.0844,359.3787,0.0000,0.0000,0.0000
100.357,401.8470,4.3384,270.6834,0.2510,3.8000,-0.4500,1.0494,181.0902,358.9031,0.0000,0.0000,0.0000
100.458,401.6318,4.2955,270.7528,0.2510,3.8000,-0.4500,0.7158,181.0977,358.5087,0.0000,0.0000,0.0000
100.568,401.3731,4.2280,270.8407,0.2510,3.8000,-0.4500,0.3014,181.1103,358.0410,0.0000,0.0000,0.0000
100.693,401.1143,4.1429,270.9346,0.2510,3.8000,-0.4500,359.8747,181.1266,357.5831,0.0000,0.0000,0.0000
100.818,400.8561,4.0405,271.0351,0.2510,3.8000,-0.4500,359.4388,181.1467,357.1388,0.0000,0.0000,0.0000
100.929,400.5988,3.9214,271.1429,0.2510,3.8000,-0.4500,358.9971,181.1704,356.7121,0.0000,0.0000,0.0000
101.041,400.3851,3.8097,271.2386,0.2510,3.8000,-0.4500,358.6272,181.1928,356.3727,0.0000,0.0000,0.0000
101.166,400.0876,3.6352,271.3821,0.2510,3.8000,-0.4500,358.1109,181.2276,355.9268,0.0000,0.0000,0.0000
101.277,399.8763,3.4983,271.4910,0.2510,3.8000,-0.4500,357.7461,181.2545,355.6321,0.0000,0.0000,0.0000
101.402,399.6245,3.3214,271.6290,0.2510,3.8000,-0.4500,357.3162,181.2886,355.3076,0.0000,0.0000,0.0000
101.527,399.3332,3.1004,271.7994,0.2510,3.8000,-0.4500,356.8950,181.3243,355.0174,0.0000,0.0000,0.0000
101.640,399.1265,2.9331,271.9268,0.2510,3.8000,-0.4500,356.6078,181.3499,354.8369,0.0000,0.0000,0.0000
101.749,398.8799,2.7223,272.0855,0.2510,3.8000,-0.4500,356.2369,181.3841,354.6303,0.0000,0.0000,0.0000
101.849,398.6758,2.5425,272.2207,0.2510,3.8000,-0.4500,356.0891,181.3982,354.5543,0.0000,0.0000,0.0000
101.957,398.4722,2.3535,272.3604,0.2510,3.8000,-0.4500,355.7030,181.4356,354.3893,0.0000,0.0000,0.0000
102.083,398.2293,2.1268,272.5292,0.2510,3.8000,-0.4500,355.6203,181.4438,354.3640,0.0000,0.0000,0.0000
102.193,397.9869,1.8920,272.7017,0.2510,3.8000,-0.4500,355.2869,181.4771,354.2741,0.0000,0.0000,0.0000
102.318,397.7455,1.6574,272.8747,0.2510,3.8000,-0.4500,355.2084,181.4850,354.2630,0.0000,0.0000,0.0000
102.443,397.5047,1.4195,273.0500,0.2510,3.8000,-0.4500,354.8706,181.5191,354.2615,0.0000,0.0000,0.0000
102.568,397.2235,1.1461,273.2511,0.2510,3.8000,-0.4500,354.8706,181.5191,354.2615,0.0000,0.0000,0.0000
102.693,396.9836,0.9140,273.4247,0.2510,3.8000,-0.4500,354.4875,181.5573,354.4198,0.0000,0.0000,0.0000
102.818,396.7421,0.6867,273.5932,0.2510,3.8000,-0.4500,354.4875,181.5573,354.4198,0.0000,0.0000,0.0000
102.944,396.5015,0.4680,273.7607,0.2510,3.8000,-0.4500,354.2674,181.5784,354.6732,0.0000,0.0000,0.0000
103.055,396.2600,0.2577,273.9238,0.2510,3.8000,-0.4500,354.1587,181.5884,354.9113,0.0000,0.0000,0.0000
103.180,396.0180,0.0595,274.0818,0.2510,3.8000,-0.4500,354.0460,181.5981,355.3173,0.0000,0.0000,0.0000
103.292,395.7735,-0.1303,274.2319,0.2510,3.8000,-0.4500,354.0172,181.6004,355.5566,0.0000,0.0000,0.0000
103.402,395.5700,-0.2747,274.3518,0.2510,3.8000,-0.4500,354.0477,181.5982,355.9980,0.0000,0.0000,0.0000
103.516,395.3242,-0.4359,274.4880,0.2510,3.8000,-0.4500,354.1358,181.5924,356.5154,0.0000,0.0000,0.0000
103.624,395.1181,-0.5600,274.5943,0.2510,3.8000,-0.4500,354.2419,181.5863,356.9191,0.0000,0.0000,0.0000
103.750,394.8276,-0.7184,274.7323,0.2510,3.8000,-0.4500,354.4016,181.5784,357.3897,0.0000,0.0000,0.0000
103.875,394.5782,-0.8357,274.8412,0.2510,3.8000,-0.4500,354.6045,181.5700,357.8859,0.0000,0.0000,0.0000
104.000,394.3282,-0.9375,274.9413,0.2510,3.8000,-0.4500,354.8299,181.5626,358.3777,0.0000,0.0000,0.0000
104.111,394.0776,-1.0240,275.0323,0.2510,3.8000,-0.4500,355.0720,181.5568,358.8553,0.0000,0.0000,0.0000
104.222,393.8688,-1.0843,275.1016,0.2510,3.8000,-0.4500,355.2859,181.5532,359.2433,0.0000,0.0000,0.0000
104.334,393.6181,-1.1431,275.1778,0.2510,3.8000,-0.4500,355.5561,181.5507,359.6958,0.0000,0.0000,0.0000
104.444,393.4096,-1.1809,275.2353,0.2510,3.8000,-0.4500,355.7915,181.5502,0.0598,0.0000,0.0000,0.0000
104.569,393.1181,-1.2177,275.3091,0.2510,3.8000,-0.4500,356.1339,181.5521,0.5441,0.0000,0.0000,0.0000
104.694,392.8689,-1.2366,275.3679,0.2510,3.8000,-0.4500,356.3965,181.5553,0.8771,0.0000,0.0000,0.0000
104.805,392.6618,-1.2430,275.4132,0.2510,3.8000,-0.4500,356.6176,181.5592,1.1354,0.0000,0.0000,0.0000
104.929,392.3732,-1.2396,275.4742,0.2510,3.8000,-0.4500,356.9086,181.5658,1.4427,0.0000,0.0000,0.0000
105.041,392.1687,-1.2264,275.5176,0.2510,3.8000,-0.4500,357.2272,181.5747,1.7306,0.0000,0.0000,0.0000
105.166,391.8831,-1.2004,275.5821,0.2510,3.8000,-0.4500,357.5722,181.5859,1.9891,0.0000,0.0000,0.0000
105.290,391.6391,-1.1724,275.6421,0.2510,3.8000,-0.4500,357.7083,181.5907,2.0804,0.0000,0.0000,0.0000
105.416,391.3975,-1.1317,275.7033,0.2510,3.8000,-0.4500,358.1720,181.6086,2.3164,0.0000,0.0000,0.0000
105.541,391.1557,-1.0896,275.7694,0.2510,3.8000,-0.4500,358.3262,181.6149,2.3791,0.0000,0.0000,0.0000
105.666,390.8754,-1.0297,275.8481,0.2510,3.8000,-0.4500,358.7339,181.6323,2.5117,0.0000,0.0000,0.0000
105.790,390.6357,-0.9733,275.9177,0.2510,3.8000,-0.4500,359.0569,181.6467,2.5811,0.0000,0.0000,0.0000
105.916,390.3961,-0.9126,275.9883,0.2510,3.8000,-0.4500,359.3889,181.6618,2.6197,0.0000,0.0000,0.0000
106.028,390.1567,-0.8490,276.0598,0.2510,3.8000,-0.4500,359.6404,181.6733,2.6256,0.0000,0.0000,0.0000
106.138,389.9573,-0.7945,276.1199,0.2510,3.8000,-0.4500,359.7232,181.6771,2.6253,0.0000,0.0000,0.0000
106.263,389.7175,-0.7249,276.1892,0.2510,3.8000,-0.4500,0.1496,181.6965,2.5794,0.0000,0.0000,0.0000
106.388,389.4370,-0.6431,276.2699,0.2510,3.8000,-0.4500,0.4814,181.7112,2.4991,0.0000,0.0000,0.0000
106.513,389.1964,-0.5724,276.3383,0.2510,3.8000,-0.4500,0.6394,181.7181,2.4476,0.0000,0.0000,0.0000
106.638,388.9544,-0.5014,276.4040,0.2510,3.8000,-0.4500,0.9520,181.7311,2.3191,0.0000,0.0000,0.0000
106.763,388.7114,-0.4313,276.4682,0.2510,3.8000,-0.4500,1.2494,181.7427,2.1530,0.0000,0.0000,0.0000
106.888,388.4268,-0.3508,276.5413,0.2510,3.8000,-0.4500,1.4602,181.7504,2.0104,0.0000,0.0000,0.0000
107.013,388.1811,-0.2842,276.6006,0.2510,3.8000,-0.4500,1.7269,181.7593,1.8028,0.0000,0.0000,0.0000
107.138,387.9339,-0.2200,276.6557,0.2510,3.8000,-0.4500,1.9676,181.7664,1.5809,0.0000,0.0000,0.0000
107.263,387.6851,-0.1582,276.7038,0.2510,3.8000,-0.4500,2.1378,181.7709,1.4048,0.0000,0.0000,0.0000
107.374,387.4340,-0.1004,276.7434,0.2510,3.8000,-0.4500,2.3543,181.7757,1.1499,0.0000,0.0000,0.0000
107.499,387.1809,-0.0469,276.7582,0.2510,3.8000,-0.4500,2.5593,181.7793,0.8773,0.0000,0.0000,0.0000
107.624,386.9287,0.0012,276.7192,0.2510,3.8000,-0.4500,2.6998,181.7812,0.6721,0.0000,0.0000,0.0000
107.724,386.7195,0.0357,276.6466,0.2510,3.8000,-0.4500,2.8326,181.7825,0.4644,0.0000,0.0000,0.0000
107.832,386.4704,0.0710,276.5169,0.2510,3.8000,-0.4500,2.9606,181.7833,0.2349,0.0000,0.0000,0.0000
107.957,386.2260,0.0983,276.3118,0.2510,3.8000,-0.4500,3.0805,181.7836,0.0103,0.0000,0.0000,0.0000
108.082,385.9861,0.1149,276.0242,0.2510,3.8000,-0.4500,3.2244,181.7832,359.6982,0.0000,0.0000,0.0000
108.207,385.7124,0.1264,275.6102,0.2510,3.8000,-0.4500,3.2893,181.7828,359.5436,0.0000,0.0000,0.0000
108.319,385.5177,0.1268,275.2831,0.2510,3.8000,-0.4500,3.3818,181.7819,359.3039,0.0000,0.0000,0.0000
108.429,385.2848,0.1226,274.8719,0.2510,3.8000,-0.4500,3.4646,181.7807,359.0654,0.0000,0.0000,0.0000
108.554,385.0514,0.1136,274.4589,0.2510,3.8000,-0.4500,3.5404,181.7793,358.8300,0.0000,0.0000,0.0000
108.679,384.8103,0.1050,274.1357,0.2510,3.8000,-0.4500,3.6117,181.7777,358.5954,0.0000,0.0000,0.0000
108.790,384.5599,0.1037,273.9532,0.2510,3.8000,-0.4500,3.6351,181.7771,358.5180,0.0000,0.0000,0.0000
108.915,384.3052,0.1059,273.9084,0.2510,3.8000,-0.4500,3.7115,181.7749,358.2733,0.0000,0.0000,0.0000
109.040,384.0519,0.1142,273.9782,0.2510,3.8000,-0.4500,3.7881,181.7725,358.0402,0.0000,0.0000,0.0000
109.165,383.8022,0.1304,274.1321,0.2510,3.8000,-0.4500,3.7881,181.7725,358.0402,0.0000,0.0000,0.0000
109.277,383.5529,0.1454,274.3425,0.2510,3.8000,-0.4500,3.8684,181.7696,357.8001,0.0000,0.0000,0.0000
109.388,383.3063,0.1649,274.5903,0.2510,3.8000,-0.4500,3.8684,181.7695,357.8001,0.0000,0.0000,0.0000
109.512,383.0596,0.1821,274.8615,0.2510,3.8000,-0.4500,3.9160,181.7676,357.6425,0.0000,0.0000,0.0000
109.637,382.8137,0.2011,275.1467,0.2510,3.8000,-0.4500,3.9405,181.7666,357.5640,0.0000,0.0000,0.0000
109.748,382.5677,0.2214,275.4397,0.2510,3.8000,-0.4500,3.9720,181.7653,357.4897,0.0000,0.0000,0.0000
109.873,382.3207,0.2422,275.7363,0.2510,3.8000,-0.4500,4.1003,181.7594,357.2751,0.0000,0.0000,0.0000
109.999,382.0748,0.2689,276.0349,0.2510,3.8000,-0.4500,4.1003,181.7594,357.2751,0.0000,0.0000,0.0000
110.123,381.8274,0.2981,276.3312,0.2510,3.8000,-0.4500,4.2866,181.7502,357.1095,0.0000,0.0000,0.0000
110.248,381.5385,0.3395,276.6747,0.2510,3.8000,-0.4500,4.5043,181.7390,356.9890,0.0000,0.0000,0.0000
110.362,381.3322,0.3739,276.9188,0.2510,3.8000,-0.4500,4.5779,181.7350,356.9548,0.0000,0.0000,0.0000
110.472,381.0840,0.4214,277.2084,0.2510,3.8000,-0.4500,4.8148,181.7222,356.8871,0.0000,0.0000,0.0000
110.595,380.8354,0.4764,277.4948,0.2510,3.8000,-0.4500,5.1487,181.7039,356.8482,0.0000,0.0000,0.0000
110.720,380.5867,0.5381,277.7784,0.2510,3.8000,-0.4500,5.3909,181.6905,356.8514,0.0000,0.0000,0.0000
110.845,380.3379,0.6070,278.0579,0.2510,3.8000,-0.4500,5.6419,181.6767,356.8810,0.0000,0.0000,0.0000
110.970,380.0475,0.6954,278.3789,0.2510,3.8000,-0.4500,5.8828,181.6636,356.9261,0.0000,0.0000,0.0000
111.095,379.7986,0.7790,278.6492,0.2510,3.8000,-0.4500,6.1197,181.6509,356.9940,0.0000,0.0000,0.0000
111.207,379.5496,0.8690,278.9151,0.2510,3.8000,-0.4500,6.3477,181.6390,357.0758,0.0000,0.0000,0.0000
111.318,379.3421,0.9471,279.1345,0.2510,3.8000,-0.4500,6.4219,181.6352,357.1084,0.0000,0.0000,0.0000
111.442,379.0934,1.0481,279.3929,0.2510,3.8000,-0.4500,6.6451,181.6241,357.2180,0.0000,0.0000,0.0000
111.567,378.8032,1.1707,279.6895,0.2510,3.8000,-0.4500,6.7834,181.6174,357.3034,0.0000,0.0000,0.0000
111.679,378.5963,1.2629,279.8979,0.2510,3.8000,-0.4500,6.9139,181.6114,357.3970,0.0000,0.0000,0.0000
111.779,378.3891,1.3552,280.1050,0.2510,3.8000,-0.4500,6.9139,181.6114,357.3970,0.0000,0.0000,0.0000
111.901,378.1414,1.4720,280.3493,0.2510,3.8000,-0.4500,7.0362,181.6059,357.5080,0.0000,0.0000,0.0000
112.026,377.8524,1.6099,280.6322,0.2510,3.8000,-0.4500,7.0882,181.6036,357.5756,0.0000,0.0000,0.0000
112.126,377.6469,1.7120,280.8306,0.2510,3.8000,-0.4500,7.1836,181.5997,357.7130,0.0000,0.0000,0.0000
112.249,377.3997,1.8315,281.0658,0.2510,3.8000,-0.4500,7.1836,181.5997,357.7130,0.0000,0.0000,0.0000
112.360,377.1943,1.9329,281.2585,0.2510,3.8000,-0.4500,7.2034,181.5989,357.7956,0.0000,0.0000,0.0000
112.470,376.9482,2.0537,281.4875,0.2510,3.8000,-0.4500,7.2210,181.5982,357.8786,0.0000,0.0000,0.0000
112.596,376.7032,2.1747,281.7165,0.2510,3.8000,-0.4500,7.2090,181.5986,358.0418,0.0000,0.0000,0.0000
112.721,376.4592,2.2937,281.9465,0.2510,3.8000,-0.4500,7.1746,181.5998,358.2035,0.0000,0.0000,0.0000
112.831,376.2159,2.4100,282.1737,0.2510,3.8000,-0.4500,7.0352,181.6039,358.4243,0.0000,0.0000,0.0000
112.957,375.9722,2.5206,282.3842,0.2510,3.8000,-0.4500,6.8827,181.6078,358.6190,0.0000,0.0000,0.0000
113.081,375.7272,2.6235,282.5751,0.2510,3.8000,-0.4500,6.6635,181.6129,358.7723,0.0000,0.0000,0.0000
113.207,375.4386,2.7332,282.7529,0.2510,3.8000,-0.4500,6.2915,181.6202,358.9832,0.0000,0.0000,0.0000
113.332,375.1863,2.8132,282.8184,0.2510,3.8000,-0.4500,5.8953,181.6267,359.1336,0.0000,0.0000,0.0000
113.442,374.9756,2.8698,282.8051,0.2510,3.8000,-0.4500,5.6583,181.6301,359.2076,0.0000,0.0000,0.0000
113.568,374.6832,2.9367,282.7077,0.2510,3.8000,-0.4500,5.2542,181.6354,359.3181,0.0000,0.0000,0.0000
113.693,374.4373,2.9838,282.5472,0.2510,3.8000,-0.4500,4.8373,181.6400,359.4211,0.0000,0.0000,0.0000
113.804,374.2367,3.0165,282.3506,0.2510,3.8000,-0.4500,4.5853,181.6424,359.4812,0.0000,0.0000,0.0000
113.929,373.9617,3.0543,281.9977,0.2510,3.8000,-0.4500,4.2549,181.6452,359.5603,0.0000,0.0000,0.0000
114.043,373.7689,3.0766,281.7075,0.2510,3.8000,-0.4500,3.8336,181.6480,359.6627,0.0000,0.0000,0.0000
114.155,373.5392,3.1012,281.3318,0.2510,3.8000,-0.4500,3.5910,181.6493,359.7219,0.0000,0.0000,0.0000
114.266,373.3115,3.1228,280.9419,0.2510,3.8000,-0.4500,3.1860,181.6509,359.8191,0.0000,0.0000,0.0000
114.378,373.1222,3.1398,280.6097,0.2510,3.8000,-0.4500,3.0173,181.6514,359.8566,0.0000,0.0000,0.0000
114.488,372.8945,3.1579,280.2310,0.2510,3.8000,-0.4500,2.5949,181.6521,359.9451,0.0000,0.0000,0.0000
114.600,372.7017,3.1723,279.9555,0.2510,3.8000,-0.4500,2.3408,181.6523,359.9874,0.0000,0.0000,0.0000
114.711,372.4666,3.1873,279.6772,0.2510,3.8000,-0.4500,2.0047,181.6522,0.0337,0.0000,0.0000,0.0000
114.829,372.2262,3.1976,279.4660,0.2510,3.8000,-0.4500,1.5636,181.6519,0.0592,0.0000,0.0000,0.0000
114.931,372.0204,3.2015,279.3718,0.2510,3.8000,-0.4500,1.1384,181.6514,0.0579,0.0000,0.0000,0.0000
115.040,371.8136,3.2011,279.3520,0.2510,3.8000,-0.4500,0.8937,181.6512,0.0393,0.0000,0.0000,0.0000
115.165,371.5664,3.1883,279.4101,0.2510,3.8000,-0.4500,0.3629,181.6512,359.9530,0.0000,0.0000,0.0000
115.276,371.3206,3.1621,279.5320,0.2510,3.8000,-0.4500,359.8400,181.6522,359.8248,0.0000,0.0000,0.0000
115.401,371.0764,3.1211,279.6997,0.2510,3.8000,-0.4500,359.3305,181.6544,359.6628,0.0000,0.0000,0.0000
115.526,370.7927,3.0535,279.9349,0.2510,3.8000,-0.4500,358.7426,181.6590,359.4416,0.0000,0.0000,0.0000
115.639,370.5907,2.9919,280.1198,0.2510,3.8000,-0.4500,358.3256,181.6637,359.2686,0.0000,0.0000,0.0000
115.751,370.3486,2.9038,280.3529,0.2510,3.8000,-0.4500,357.8316,181.6709,359.0509,0.0000,0.0000,0.0000
115.862,370.1470,2.8189,280.5534,0.2510,3.8000,-0.4500,357.4290,181.6782,358.8652,0.0000,0.0000,0.0000
115.971,369.9054,2.7041,280.7985,0.2510,3.8000,-0.4500,356.9616,181.6884,358.6419,0.0000,0.0000,0.0000
116.096,369.6640,2.5772,281.0464,0.2510,3.8000,-0.4500,356.5820,181.6980,358.4553,0.0000,0.0000,0.0000
116.221,369.4226,2.4367,281.2961,0.2510,3.8000,-0.4500,356.1328,181.7111,358.2307,0.0000,0.0000,0.0000
116.346,369.1415,2.2624,281.5862,0.2510,3.8000,-0.4500,355.8212,181.7211,358.0733,0.0000,0.0000,0.0000
116.459,368.9409,2.1298,281.7928,0.2510,3.8000,-0.4500,355.5940,181.7290,357.9586,0.0000,0.0000,0.0000
116.568,368.7000,1.9628,282.0390,0.2510,3.8000,-0.4500,355.2982,181.7400,357.8108,0.0000,0.0000,0.0000
116.680,368.4994,1.8201,282.2414,0.2510,3.8000,-0.4500,355.1489,181.7458,357.7381,0.0000,0.0000,0.0000
116.794,368.2586,1.6448,282.4811,0.2510,3.8000,-0.4500,355.0022,181.7517,357.6682,0.0000,0.0000,0.0000
116.918,368.0167,1.4677,282.7065,0.2510,3.8000,-0.4500,354.9258,181.7549,357.6343,0.0000,0.0000,0.0000
117.035,367.7719,1.2903,282.8985,0.2510,3.8000,-0.4500,354.7740,181.7612,357.5699,0.0000,0.0000,0.0000
117.136,367.5658,1.1466,283.0325,0.2510,3.8000,-0.4500,354.7740,181.7612,357.5700,0.0000,0.0000,0.0000
117.237,367.3580,1.0054,283.1486,0.2510,3.8000,-0.4500,354.7740,181.7612,357.5700,0.0000,0.0000,0.0000
117.345,367.1488,0.8680,283.2343,0.2510,3.8000,-0.4500,354.7740,181.7612,357.5700,0.0000,0.0000,0.0000
117.470,366.8574,0.6919,283.2217,0.2510,3.8000,-0.4500,354.7740,181.7612,357.5700,0.0000,0.0000,0.0000
117.595,366.6125,0.5579,283.0928,0.2510,3.8000,-0.4500,354.7740,181.7612,357.5699,0.0000,0.0000,0.0000
117.721,366.3730,0.4388,282.8645,0.2510,3.8000,-0.4500,354.7740,181.7612,357.5699,0.0000,0.0000,0.0000
117.846,366.1025,0.3203,282.4559,0.2510,3.8000,-0.4500,354.7740,181.7612,357.5699,0.0000,0.0000,0.0000
117.971,365.8768,0.2340,282.0084,0.2510,3.8000,-0.4500,354.7740,181.7612,357.5699,0.0000,0.0000,0.0000
118.095,365.6550,0.1586,281.5008,0.2510,3.8000,-0.4500,354.7740,181.7612,357.5699,0.0000,0.0000,0.0000
118.221,365.4356,0.0913,280.9557,0.2510,3.8000,-0.4500,354.7740,181.7612,357.5699,0.0000,0.0000,0.0000
118.346,365.1833,0.0274,280.2917,0.2510,3.8000,-0.4500,354.9175,181.7555,357.8803,0.0000,0.0000,0.0000
118.457,365.0038,-0.0139,279.8067,0.2510,3.8000,-0.4500,355.0621,181.7505,358.0864,0.0000,0.0000,0.0000
118.568,364.7885,-0.0602,279.2188,0.2510,3.8000,-0.4500,355.2298,181.7451,358.2759,0.0000,0.0000,0.0000
118.681,364.6092,-0.0964,278.7260,0.2510,3.8000,-0.4500,355.3493,181.7416,358.3918,0.0000,0.0000,0.0000
118.790,364.3943,-0.1349,278.1333,0.2510,3.8000,-0.4500,355.5381,181.7366,358.5574,0.0000,0.0000,0.0000
118.901,364.2159,-0.1616,277.6402,0.2510,3.8000,-0.4500,355.8123,181.7302,358.7674,0.0000,0.0000,0.0000
119.026,363.9650,-0.1995,276.9553,0.2510,3.8000,-0.4500,355.9522,181.7273,358.8651,0.0000,0.0000,0.0000
119.152,363.7512,-0.2211,276.3707,0.2510,3.8000,-0.4500,356.3956,181.7196,359.1493,0.0000,0.0000,0.0000
119.263,363.5719,-0.2416,275.8910,0.2510,3.8000,-0.4500,356.4681,181.7186,359.1919,0.0000,0.0000,0.0000
119.388,363.3215,-0.2607,275.2277,0.2510,3.8000,-0.4500,356.8374,181.7140,359.4026,0.0000,0.0000,0.0000
119.512,363.1062,-0.2730,274.6762,0.2510,3.8000,-0.4500,357.1302,181.7114,359.5603,0.0000,0.0000,0.0000
119.637,362.8868,-0.2823,274.1887,0.2510,3.8000,-0.4500,357.4385,181.7094,359.7194,0.0000,0.0000,0.0000
119.763,362.6621,-0.2888,273.7845,0.2510,3.8000,-0.4500,357.7347,181.7084,359.8713,0.0000,0.0000,0.0000
119.873,362.4324,-0.2909,273.4576,0.2510,3.8000,-0.4500,358.0446,181.7081,0.0327,0.0000,0.0000,0.0000
119.999,362.1970,-0.2880,273.2112,0.2510,3.8000,-0.4500,358.3394,181.7087,0.1899,0.0000,0.0000,0.0000
