time_sec,world_x,world_y,world_z,local_x,local_y,local_z,world_rot_x,world_rot_y,world_rot_z,local_rot_x,local_rot_y,local_rot_z
0.000,598.9008,5.2765,250.4526,0.2510,3.8000,-0.4500,0.0000,180.0000,0.0000,0.0000,0.0000,0.0000
0.000,598.9008,5.2765,250.4526,0.2510,3.8000,-0.4500,0.0000,180.0000,0.0000,0.0000,0.0000,0.0000
0.102,598.6557,5.0566,250.4574,0.2510,3.8000,-0.4500,0.0000,180.0000,0.0000,0.0000,0.0000,0.0000
0.211,598.3492,4.7913,250.4610,0.2510,3.8000,-0.4500,0.0000,180.0000,0.0000,0.0000,0.0000,0.0000
0.321,597.8720,4.3853,250.4649,0.2510,3.8000,-0.4500,0.0000,180.0000,0.0000,0.0000,0.0000,0.0000
0.432,597.3924,3.9813,250.4678,0.2510,3.8000,-0.4500,0.0000,180.0000,0.0000,0.0000,0.0000,0.0000
0.543,596.7294,3.4263,250.4696,0.2510,3.8000,-0.4500,0.0000,180.0000,0.0000,0.0000,0.0000,0.0000
0.655,596.1129,2.9113,250.4538,0.2510,3.8000,-0.4500,0.0000,180.0000,0.0000,0.0000,0.0000,0.0000
0.767,595.3070,2.2370,250.3908,0.2510,3.8000,-0.4500,0.0000,180.0000,0.0000,0.0000,0.0000,0.0000
0.877,594.5869,1.6330,250.2943,0.2510,3.8000,-0.4500,0.0000,180.0000,0.0000,0.0000,0.0000,0.0000
0.989,593.6718,0.8632,250.1233,0.2510,3.8000,-0.4500,0.0000,180.0000,0.0000,0.0000,0.0000,0.0000
1.100,592.8712,0.1880,249.9361,0.2510,3.8000,-0.4500,0.0000,180.0000,0.0000,0.0000,0.0000,0.0000
1.210,591.9471,-0.6042,249.6841,0.2510,3.8000,-0.4500,359.8647,180.0000,0.0004,0.0000,0.0000,0.0000
1.323,591.3154,-1.1065,249.4945,0.2510,3.8000,-0.4500,358.5696,180.0000,0.0046,0.0000,0.0000,0.0000
1.432,590.9308,-1.2808,249.3675,0.2510,3.8000,-0.4500,357.7473,179.9999,0.0072,0.0000,0.0000,0.0000
1.558,590.5631,-1.2847,249.2348,0.2510,3.8000,-0.4500,357.4328,179.9998,0.0081,0.0000,0.0000,0.0000
1.670,590.2520,-1.1796,249.1140,0.2510,3.8000,-0.4500,357.4328,179.9998,0.0081,0.0000,0.0000,0.0000
1.781,589.9708,-1.0617,248.9984,0.2510,3.8000,-0.4500,357.4328,179.9998,0.0081,0.0000,0.0000,0.0000
1.891,589.7489,-0.9936,248.9040,0.2510,3.8000,-0.4500,357.4328,179.9998,0.0081,0.0000,0.0000,0.0000
2.004,589.4905,-0.9650,248.7943,0.2510,3.8000,-0.4500,357.4328,179.9998,0.0081,0.0000,0.0000,0.0000
2.115,589.2787,-0.9823,248.7054,0.2510,3.8000,-0.4500,357.4328,179.9998,0.0081,0.0000,0.0000,0.0000
2.227,589.0269,-1.0376,248.6015,0.2510,3.8000,-0.4500,357.4328,179.9998,0.0081,0.0000,0.0000,0.0000
2.336,588.8179,-1.0991,248.5167,0.2510,3.8000,-0.4500,357.4328,179.9998,0.0081,0.0000,0.0000,0.0000
2.448,588.5677,-1.1773,248.4178,0.2510,3.8000,-0.4500,357.4328,179.9998,0.0081,0.0000,0.0000,0.0000
2.573,588.3167,-1.2514,248.3331,0.2510,3.8000,-0.4500,357.4328,179.9998,0.0081,0.0000,0.0000,0.0000
2.684,588.0640,-1.3178,248.2704,0.2510,3.8000,-0.4500,357.4328,179.9998,0.0081,0.0000,0.0000,0.0000
2.797,587.8521,-1.3676,248.2333,0.2510,3.8000,-0.4500,357.4328,179.9998,0.0081,0.0000,0.0000,0.0000
2.906,587.5965,-1.4229,248.2025,0.2510,3.8000,-0.4500,357.4328,179.9998,0.0081,0.0000,0.0000,0.0000
3.017,587.3828,-1.4672,248.1850,0.2510,3.8000,-0.4500,357.4328,179.9998,0.0081,0.0000,0.0000,0.0000
3.128,587.1256,-1.5205,248.1707,0.2510,3.8000,-0.4500,357.4328,179.9998,0.0081,0.0000,0.0000,0.0000
3.254,586.8676,-1.5754,248.1647,0.2510,3.8000,-0.4500,357.4328,179.9998,0.0081,0.0000,0.0000,0.0000
3.365,586.6088,-1.6325,248.1663,0.2510,3.8000,-0.4500,357.4328,179.9998,0.0081,0.0000,0.0000,0.0000
3.476,586.3929,-1.6818,248.1722,0.2510,3.8000,-0.4500,357.4328,179.9998,0.0081,0.0000,0.0000,0.0000
3.587,586.1337,-1.7423,248.1832,0.2510,3.8000,-0.4500,357.4328,179.9998,0.0081,0.0000,0.0000,0.0000
3.698,585.9176,-1.7935,248.1944,0.2510,3.8000,-0.4500,357.4328,179.9998,0.0081,0.0000,0.0000,0.0000
3.809,585.6583,-1.8554,248.2099,0.2510,3.8000,-0.4500,357.4328,179.9998,0.0081,0.0000,0.0000,0.0000
3.921,585.3990,-1.9174,248.2273,0.2510,3.8000,-0.4500,357.4328,179.9998,0.0081,0.0000,0.0000,0.0000
4.032,585.1830,-1.9690,248.2429,0.2510,3.8000,-0.4500,357.4328,179.9998,0.0081,0.0000,0.0000,0.0000
4.143,584.9235,-2.0307,248.2625,0.2510,3.8000,-0.4500,357.4328,179.9998,0.0081,0.0000,0.0000,0.0000
4.254,584.7072,-2.0819,248.2792,0.2510,3.8000,-0.4500,357.4328,179.9998,0.0081,0.0000,0.0000,0.0000
4.379,584.4475,-2.1429,248.2995,0.2510,3.8000,-0.4500,357.4328,179.9998,0.0081,0.0000,0.0000,0.0000
4.490,584.1877,-2.2033,248.3194,0.2510,3.8000,-0.4500,357.4328,179.9998,0.0081,0.0000,0.0000,0.0000
4.601,583.9277,-2.2628,248.3383,0.2510,3.8000,-0.4500,357.4328,179.9998,0.0081,0.0000,0.0000,0.0000
4.713,583.7109,-2.3116,248.3533,0.2510,3.8000,-0.4500,357.4328,179.9998,0.0081,0.0000,0.0000,0.0000
4.824,583.4505,-2.3688,248.3705,0.2510,3.8000,-0.4500,357.4328,179.9998,0.0081,0.0000,0.0000,0.0000
4.935,583.2335,-2.4152,248.3844,0.2510,3.8000,-0.4500,357.4328,179.9998,0.0081,0.0000,0.0000,0.0000
5.046,582.9731,-2.4689,248.4003,0.2510,3.8000,-0.4500,357.4328,179.9998,0.0081,0.0000,0.0000,0.0000
5.157,582.7562,-2.5118,248.4129,0.2510,3.8000,-0.4500,357.4328,179.9998,0.0081,0.0000,0.0000,0.0000
5.268,582.4958,-2.5607,248.4271,0.2510,3.8000,-0.4500,357.4328,179.9998,0.0081,0.0000,0.0000,0.0000
5.379,582.2788,-2.5990,248.4383,0.2510,3.8000,-0.4500,357.4328,179.9998,0.0081,0.0000,0.0000,0.0000
5.490,582.0184,-2.6416,248.4511,0.2510,3.8000,-0.4500,357.4328,179.9998,0.0081,0.0000,0.0000,0.0000
5.601,581.7579,-2.6806,248.4623,0.2510,3.8000,-0.4500,357.5842,179.9997,359.9293,0.0000,0.0000,0.0000
5.713,581.5407,-2.7096,248.4715,0.2510,3.8000,-0.4500,357.7324,179.9995,359.8618,0.0000,0.0000,0.0000
5.823,581.2811,-2.7402,248.4833,0.2510,3.8000,-0.4500,357.7324,179.9995,359.8618,0.0000,0.0000,0.0000
5.935,581.0649,-2.7601,248.4914,0.2510,3.8000,-0.4500,357.9855,179.9988,359.8505,0.0000,0.0000,0.0000
6.046,580.8059,-2.7798,248.5016,0.2510,3.8000,-0.4500,358.1483,179.9984,359.8673,0.0000,0.0000,0.0000
6.157,580.5904,-2.7924,248.5102,0.2510,3.8000,-0.4500,358.2286,179.9982,359.8830,0.0000,0.0000,0.0000
6.268,580.3326,-2.7989,248.5183,0.2510,3.8000,-0.4500,358.5583,179.9978,359.9795,0.0000,0.0000,0.0000
6.378,580.1176,-2.8033,248.5262,0.2510,3.8000,-0.4500,358.5583,179.9978,359.9795,0.0000,0.0000,0.0000
6.490,579.8610,-2.7980,248.5329,0.2510,3.8000,-0.4500,358.8692,179.9981,0.1162,0.0000,0.0000,0.0000
6.602,579.6047,-2.7873,248.5399,0.2510,3.8000,-0.4500,359.0844,179.9987,0.2302,0.0000,0.0000,0.0000
6.713,579.3918,-2.7726,248.5460,0.2510,3.8000,-0.4500,359.2930,179.9998,0.3554,0.0000,0.0000,0.0000
6.824,579.1370,-2.7496,248.5547,0.2510,3.8000,-0.4500,359.4940,180.0013,0.4873,0.0000,0.0000,0.0000
6.935,578.9255,-2.7256,248.5635,0.2510,3.8000,-0.4500,359.6304,180.0026,0.5836,0.0000,0.0000,0.0000
7.046,578.6727,-2.6897,248.5758,0.2510,3.8000,-0.4500,359.8344,180.0049,0.7316,0.0000,0.0000,0.0000
7.157,578.4634,-2.6523,248.5873,0.2510,3.8000,-0.4500,0.0989,180.0087,0.9346,0.0000,0.0000,0.0000
7.268,578.2126,-2.6053,248.6053,0.2510,3.8000,-0.4500,0.2246,180.0109,1.0340,0.0000,0.0000,0.0000
7.379,578.0045,-2.5601,248.6221,0.2510,3.8000,-0.4500,0.3620,180.0135,1.1462,0.0000,0.0000,0.0000
7.490,577.7567,-2.4974,248.6444,0.2510,3.8000,-0.4500,0.6259,180.0193,1.3639,0.0000,0.0000,0.0000
7.601,577.5099,-2.4298,248.6706,0.2510,3.8000,-0.4500,0.8147,180.0240,1.5242,0.0000,0.0000,0.0000
7.727,577.2645,-2.3558,248.6999,0.2510,3.8000,-0.4500,1.0027,180.0293,1.6861,0.0000,0.0000,0.0000
7.838,577.0605,-2.2916,248.7274,0.2510,3.8000,-0.4500,1.0651,180.0312,1.7405,0.0000,0.0000,0.0000
7.949,576.8172,-2.2079,248.7628,0.2510,3.8000,-0.4500,1.1909,180.0351,1.8504,0.0000,0.0000,0.0000
8.059,576.6163,-2.1307,248.7934,0.2510,3.8000,-0.4500,1.4375,180.0436,2.0687,0.0000,0.0000,0.0000
8.171,576.3748,-2.0386,248.8349,0.2510,3.8000,-0.4500,1.4977,180.0458,2.1227,0.0000,0.0000,0.0000
8.282,576.1351,-1.9402,248.8783,0.2510,3.8000,-0.4500,1.6200,180.0504,2.2327,0.0000,0.0000,0.0000
8.393,575.9361,-1.8544,248.9162,0.2510,3.8000,-0.4500,1.7397,180.0552,2.3413,0.0000,0.0000,0.0000
8.504,575.6976,-1.7513,248.9646,0.2510,3.8000,-0.4500,1.7397,180.0552,2.3413,0.0000,0.0000,0.0000
8.616,575.5008,-1.6583,249.0048,0.2510,3.8000,-0.4500,1.9295,180.0633,2.5154,0.0000,0.0000,0.0000
8.727,575.2637,-1.5493,249.0569,0.2510,3.8000,-0.4500,1.9295,180.0633,2.5154,0.0000,0.0000,0.0000
8.838,575.0671,-1.4551,249.1010,0.2510,3.8000,-0.4500,1.9898,180.0659,2.5713,0.0000,0.0000,0.0000
8.963,574.7928,-1.3203,249.1638,0.2510,3.8000,-0.4500,2.1107,180.0715,2.6840,0.0000,0.0000,0.0000
9.075,574.5966,-1.2249,249.2107,0.2510,3.8000,-0.4500,2.1107,180.0715,2.6840,0.0000,0.0000,0.0000
9.185,574.3615,-1.1099,249.2679,0.2510,3.8000,-0.4500,2.1107,180.0715,2.6840,0.0000,0.0000,0.0000
9.296,574.1656,-1.0138,249.3160,0.2510,3.8000,-0.4500,2.1107,180.0715,2.6840,0.0000,0.0000,0.0000
9.407,573.9308,-0.8991,249.3741,0.2510,3.8000,-0.4500,2.1107,180.0715,2.6840,0.0000,0.0000,0.0000
9.518,573.7352,-0.8043,249.4228,0.2510,3.8000,-0.4500,2.1107,180.0715,2.6840,0.0000,0.0000,0.0000
9.629,573.5001,-0.6920,249.4814,0.2510,3.8000,-0.4500,2.1107,180.0715,2.6840,0.0000,0.0000,0.0000
9.742,573.2650,-0.5818,249.5403,0.2510,3.8000,-0.4500,2.1107,180.0715,2.6840,0.0000,0.0000,0.0000
9.853,573.0685,-0.4921,249.5897,0.2510,3.8000,-0.4500,2.1107,180.0715,2.6840,0.0000,0.0000,0.0000
9.962,572.8326,-0.3873,249.6494,0.2510,3.8000,-0.4500,2.1107,180.0715,2.6840,0.0000,0.0000,0.0000
10.074,572.6357,-0.3029,249.6994,0.2510,3.8000,-0.4500,2.1107,180.0715,2.6840,0.0000,0.0000,0.0000
10.184,572.3989,-0.2054,249.7599,0.2510,3.8000,-0.4500,2.1107,180.0715,2.6840,0.0000,0.0000,0.0000
10.295,572.2011,-0.1276,249.8108,0.2510,3.8000,-0.4500,2.1107,180.0715,2.6840,0.0000,0.0000,0.0000
10.407,571.9630,-0.0389,249.8724,0.2510,3.8000,-0.4500,2.1107,180.0715,2.6840,0.0000,0.0000,0.0000
10.531,571.7242,0.0443,249.9348,0.2510,3.8000,-0.4500,2.1107,180.0715,2.6840,0.0000,0.0000,0.0000
10.658,571.4846,0.1218,249.9978,0.2510,3.8000,-0.4500,2.1107,180.0715,2.6840,0.0000,0.0000,0.0000
10.767,571.2436,0.1917,250.0619,0.2510,3.8000,-0.4500,2.0620,180.0692,2.6200,0.0000,0.0000,0.0000
10.878,571.0408,0.2419,250.1160,0.2510,3.8000,-0.4500,1.9120,180.0626,2.4238,0.0000,0.0000,0.0000
10.989,570.7960,0.2954,250.1791,0.2510,3.8000,-0.4500,1.7113,180.0546,2.1628,0.0000,0.0000,0.0000
11.101,570.5922,0.3383,250.2282,0.2510,3.8000,-0.4500,1.6619,180.0527,2.0979,0.0000,0.0000,0.0000
11.211,570.3451,0.3807,250.2846,0.2510,3.8000,-0.4500,1.5129,180.0475,1.9009,0.0000,0.0000,0.0000
11.323,570.0959,0.4145,250.3374,0.2510,3.8000,-0.4500,1.3146,180.0414,1.6293,0.0000,0.0000,0.0000
11.433,569.8884,0.4411,250.3770,0.2510,3.8000,-0.4500,1.2666,180.0401,1.5626,0.0000,0.0000,0.0000
11.545,569.6364,0.4623,250.4214,0.2510,3.8000,-0.4500,1.0791,180.0354,1.2899,0.0000,0.0000,0.0000
11.657,569.4258,0.4769,250.4542,0.2510,3.8000,-0.4500,0.9890,180.0335,1.1505,0.0000,0.0000,0.0000
11.767,569.1713,0.4857,250.4900,0.2510,3.8000,-0.4500,0.8139,180.0304,0.8647,0.0000,0.0000,0.0000
11.877,568.9589,0.4918,250.5153,0.2510,3.8000,-0.4500,0.7726,180.0298,0.7912,0.0000,0.0000,0.0000
11.989,568.7018,0.4906,250.5417,0.2510,3.8000,-0.4500,0.6505,180.0284,0.5686,0.0000,0.0000,0.0000
12.100,568.4863,0.4842,250.5601,0.2510,3.8000,-0.4500,0.5395,180.0275,0.3385,0.0000,0.0000,0.0000
12.212,568.2279,0.4758,250.5771,0.2510,3.8000,-0.4500,0.5044,180.0273,0.2631,0.0000,0.0000,0.0000
12.323,567.9668,0.4573,250.5910,0.2510,3.8000,-0.4500,0.3817,180.0271,359.9526,0.0000,0.0000,0.0000
12.432,567.7490,0.4403,250.6000,0.2510,3.8000,-0.4500,0.3324,180.0272,359.7966,0.0000,0.0000,0.0000
12.544,567.4877,0.4177,250.6101,0.2510,3.8000,-0.4500,0.3087,180.0273,359.7186,0.0000,0.0000,0.0000
12.668,567.2247,0.3856,250.6218,0.2510,3.8000,-0.4500,0.2226,180.0279,359.3982,0.0000,0.0000,0.0000
12.780,567.0065,0.3589,250.6337,0.2510,3.8000,-0.4500,0.2016,180.0282,359.3190,0.0000,0.0000,0.0000
12.891,566.7437,0.3211,250.6513,0.2510,3.8000,-0.4500,0.1588,180.0287,359.1591,0.0000,0.0000,0.0000
13.003,566.4806,0.2770,250.6731,0.2510,3.8000,-0.4500,0.0878,180.0299,358.9204,0.0000,0.0000,0.0000
13.114,566.2620,0.2390,250.6945,0.2510,3.8000,-0.4500,0.0631,180.0304,358.8410,0.0000,0.0000,0.0000
13.238,565.9987,0.1864,250.7246,0.2510,3.8000,-0.4500,359.9805,180.0323,358.6101,0.0000,0.0000,0.0000
13.350,565.7364,0.1326,250.7588,0.2510,3.8000,-0.4500,359.9483,180.0331,358.5338,0.0000,0.0000,0.0000
13.474,565.4739,0.0729,250.7973,0.2510,3.8000,-0.4500,359.8813,180.0349,358.3821,0.0000,0.0000,0.0000
13.586,565.2117,0.0108,250.8395,0.2510,3.8000,-0.4500,359.8411,180.0360,358.3067,0.0000,0.0000,0.0000
13.698,564.9930,-0.0456,250.8775,0.2510,3.8000,-0.4500,359.7595,180.0385,358.1578,0.0000,0.0000,0.0000
13.809,564.7311,-0.1140,250.9263,0.2510,3.8000,-0.4500,359.7137,180.0400,358.0895,0.0000,0.0000,0.0000
13.919,564.5132,-0.1737,250.9692,0.2510,3.8000,-0.4500,359.6641,180.0417,358.0226,0.0000,0.0000,0.0000
14.031,564.2518,-0.2473,251.0233,0.2510,3.8000,-0.4500,359.6140,180.0435,357.9565,0.0000,0.0000,0.0000
14.142,563.9902,-0.3247,251.0803,0.2510,3.8000,-0.4500,359.5028,180.0476,357.8392,0.0000,0.0000,0.0000
14.253,563.7733,-0.3880,251.1292,0.2510,3.8000,-0.4500,359.5028,180.0476,357.8392,0.0000,0.0000,0.0000
14.364,563.5131,-0.4654,251.1897,0.2510,3.8000,-0.4500,359.5028,180.0476,357.8392,0.0000,0.0000,0.0000
14.475,563.2957,-0.5334,251.2418,0.2510,3.8000,-0.4500,359.3674,180.0528,357.7479,0.0000,0.0000,0.0000
14.587,563.0359,-0.6124,251.3050,0.2510,3.8000,-0.4500,359.3674,180.0528,357.7479,0.0000,0.0000,0.0000
14.698,562.8196,-0.6784,251.3585,0.2510,3.8000,-0.4500,359.3674,180.0528,357.7479,0.0000,0.0000,0.0000
14.809,562.5602,-0.7595,251.4246,0.2510,3.8000,-0.4500,359.2089,180.0591,357.7050,0.0000,0.0000,0.0000
14.920,562.3443,-0.8251,251.4794,0.2510,3.8000,-0.4500,359.2089,180.0591,357.7050,0.0000,0.0000,0.0000
15.032,562.0856,-0.9030,251.5459,0.2510,3.8000,-0.4500,359.2089,180.0591,357.7050,0.0000,0.0000,0.0000
15.143,561.8274,-0.9816,251.6145,0.2510,3.8000,-0.4500,358.9563,180.0692,357.7298,0.0000,0.0000,0.0000
15.253,561.6120,-1.0447,251.6703,0.2510,3.8000,-0.4500,358.9563,180.0692,357.7298,0.0000,0.0000,0.0000
15.364,561.3544,-1.1192,251.7384,0.2510,3.8000,-0.4500,358.8012,180.0752,357.7946,0.0000,0.0000,0.0000
15.476,561.1398,-1.1799,251.7943,0.2510,3.8000,-0.4500,358.7261,180.0781,357.8285,0.0000,0.0000,0.0000
15.601,560.8829,-1.2505,251.8609,0.2510,3.8000,-0.4500,358.5912,180.0831,357.9226,0.0000,0.0000,0.0000
15.711,560.6256,-1.3193,251.9256,0.2510,3.8000,-0.4500,358.5261,180.0854,357.9705,0.0000,0.0000,0.0000
15.822,560.3693,-1.3845,251.9895,0.2510,3.8000,-0.4500,358.3523,180.0913,358.1468,0.0000,0.0000,0.0000
15.934,560.1550,-1.4385,252.0400,0.2510,3.8000,-0.4500,358.3523,180.0913,358.1468,0.0000,0.0000,0.0000
16.058,559.8987,-1.4997,252.0994,0.2510,3.8000,-0.4500,358.2516,180.0945,358.2775,0.0000,0.0000,0.0000
16.170,559.6428,-1.5574,252.1567,0.2510,3.8000,-0.4500,358.1173,180.0983,358.4815,0.0000,0.0000,0.0000
16.281,559.4289,-1.6057,252.2011,0.2510,3.8000,-0.4500,358.1173,180.0983,358.4815,0.0000,0.0000,0.0000
16.391,559.1729,-1.6594,252.2528,0.2510,3.8000,-0.4500,358.0394,180.1003,358.6277,0.0000,0.0000,0.0000
16.503,558.9169,-1.7103,252.3016,0.2510,3.8000,-0.4500,357.9675,180.1019,358.7792,0.0000,0.0000,0.0000
16.614,558.7034,-1.7514,252.3397,0.2510,3.8000,-0.4500,357.9352,180.1025,358.8557,0.0000,0.0000,0.0000
16.726,558.4478,-1.7975,252.3829,0.2510,3.8000,-0.4500,357.8737,180.1037,359.0102,0.0000,0.0000,0.0000
16.836,558.2344,-1.8357,252.4159,0.2510,3.8000,-0.4500,357.8737,180.1037,359.0101,0.0000,0.0000,0.0000
16.947,557.9796,-1.8756,252.4536,0.2510,3.8000,-0.4500,357.7954,180.1049,359.2459,0.0000,0.0000,0.0000
17.059,557.7662,-1.9087,252.4819,0.2510,3.8000,-0.4500,357.7735,180.1052,359.3223,0.0000,0.0000,0.0000
17.170,557.5109,-1.9448,252.5135,0.2510,3.8000,-0.4500,357.7333,180.1056,359.4825,0.0000,0.0000,0.0000
17.281,557.2546,-1.9809,252.5415,0.2510,3.8000,-0.4500,357.7333,180.1056,359.4825,0.0000,0.0000,0.0000
17.406,556.9995,-2.0118,252.5673,0.2510,3.8000,-0.4500,357.7006,180.1058,359.6452,0.0000,0.0000,0.0000
17.516,556.7865,-2.0364,252.5867,0.2510,3.8000,-0.4500,357.6879,180.1059,359.7254,0.0000,0.0000,0.0000
17.641,556.4882,-2.0683,252.6107,0.2510,3.8000,-0.4500,357.6763,180.1059,359.8050,0.0000,0.0000,0.0000
17.753,556.2754,-2.0885,252.6263,0.2510,3.8000,-0.4500,357.6687,180.1060,359.8878,0.0000,0.0000,0.0000
17.864,556.0209,-2.1093,252.6434,0.2510,3.8000,-0.4500,357.6581,180.1060,0.0528,0.0000,0.0000,0.0000
17.975,555.8082,-2.1269,252.6565,0.2510,3.8000,-0.4500,357.6581,180.1060,0.0528,0.0000,0.0000,0.0000
18.086,555.5538,-2.1444,252.6716,0.2510,3.8000,-0.4500,357.6584,180.1060,0.1334,0.0000,0.0000,0.0000
18.198,555.3425,-2.1551,252.6842,0.2510,3.8000,-0.4500,357.6681,180.1060,0.2991,0.0000,0.0000,0.0000
18.308,555.0879,-2.1693,252.7004,0.2510,3.8000,-0.4500,357.6681,180.1060,0.2991,0.0000,0.0000,0.0000
18.419,554.8767,-2.1776,252.7145,0.2510,3.8000,-0.4500,357.6812,180.1061,0.3816,0.0000,0.0000,0.0000
18.530,554.6243,-2.1838,252.7325,0.2510,3.8000,-0.4500,357.7172,180.1064,0.5464,0.0000,0.0000,0.0000
18.656,554.3710,-2.1906,252.7528,0.2510,3.8000,-0.4500,357.7172,180.1064,0.5464,0.0000,0.0000,0.0000
18.779,554.1193,-2.1914,252.7744,0.2510,3.8000,-0.4500,357.7732,180.1070,0.7059,0.0000,0.0000,0.0000
18.892,553.8675,-2.1913,252.7987,0.2510,3.8000,-0.4500,357.8017,180.1074,0.7804,0.0000,0.0000,0.0000
19.003,553.6162,-2.1883,252.8252,0.2510,3.8000,-0.4500,357.8377,180.1079,0.8505,0.0000,0.0000,0.0000
19.116,553.4072,-2.1834,252.8485,0.2510,3.8000,-0.4500,357.8812,180.1086,0.9205,0.0000,0.0000,0.0000
19.227,553.1570,-2.1751,252.8784,0.2510,3.8000,-0.4500,357.9255,180.1093,0.9900,0.0000,0.0000,0.0000
19.336,552.9491,-2.1643,252.9044,0.2510,3.8000,-0.4500,358.0243,180.1111,1.1161,0.0000,0.0000,0.0000
19.448,552.6993,-2.1522,252.9384,0.2510,3.8000,-0.4500,358.0243,180.1111,1.1161,0.0000,0.0000,0.0000
19.558,552.4927,-2.1353,252.9668,0.2510,3.8000,-0.4500,358.2041,180.1149,1.2927,0.0000,0.0000,0.0000
19.669,552.2438,-2.1176,253.0043,0.2510,3.8000,-0.4500,358.2041,180.1149,1.2927,0.0000,0.0000,0.0000
19.781,552.0378,-2.0963,253.0354,0.2510,3.8000,-0.4500,358.4063,180.1197,1.4424,0.0000,0.0000,0.0000
19.891,551.7897,-2.0730,253.0762,0.2510,3.8000,-0.4500,358.4063,180.1197,1.4424,0.0000,0.0000,0.0000
20.003,551.5429,-2.0427,253.1170,0.2510,3.8000,-0.4500,358.6243,180.1254,1.5670,0.0000,0.0000,0.0000
20.114,551.3364,-2.0183,253.1534,0.2510,3.8000,-0.4500,358.6243,180.1254,1.5670,0.0000,0.0000,0.0000
20.239,551.0897,-1.9839,253.1972,0.2510,3.8000,-0.4500,358.7758,180.1297,1.6355,0.0000,0.0000,0.0000
20.350,550.8437,-1.9455,253.2415,0.2510,3.8000,-0.4500,359.0111,180.1366,1.7235,0.0000,0.0000,0.0000
20.461,550.5974,-1.9075,253.2884,0.2510,3.8000,-0.4500,359.0111,180.1366,1.7235,0.0000,0.0000,0.0000
20.572,550.3931,-1.8696,253.3261,0.2510,3.8000,-0.4500,359.3303,180.1464,1.8110,0.0000,0.0000,0.0000
20.683,550.1470,-1.8265,253.3745,0.2510,3.8000,-0.4500,359.3303,180.1464,1.8110,0.0000,0.0000,0.0000
20.794,549.9428,-1.7859,253.4136,0.2510,3.8000,-0.4500,359.5785,180.1544,1.8523,0.0000,0.0000,0.0000
20.905,549.6974,-1.7379,253.4626,0.2510,3.8000,-0.4500,359.5785,180.1544,1.8523,0.0000,0.0000,0.0000
21.016,549.4932,-1.6938,253.5019,0.2510,3.8000,-0.4500,359.8258,180.1624,1.8766,0.0000,0.0000,0.0000
21.141,549.2070,-1.6314,253.5581,0.2510,3.8000,-0.4500,359.9893,180.1678,1.8821,0.0000,0.0000,0.0000
21.253,549.0026,-1.5855,253.5982,0.2510,3.8000,-0.4500,0.0726,180.1705,1.8810,0.0000,0.0000,0.0000
21.377,548.7574,-1.5284,253.6453,0.2510,3.8000,-0.4500,0.2385,180.1760,1.8746,0.0000,0.0000,0.0000
21.489,548.5121,-1.4692,253.6912,0.2510,3.8000,-0.4500,0.4884,180.1841,1.8511,0.0000,0.0000,0.0000
21.600,548.3076,-1.4202,253.7301,0.2510,3.8000,-0.4500,0.4884,180.1841,1.8511,0.0000,0.0000,0.0000
21.711,548.0617,-1.3595,253.7748,0.2510,3.8000,-0.4500,0.6484,180.1892,1.8248,0.0000,0.0000,0.0000
21.824,547.8155,-1.2981,253.8184,0.2510,3.8000,-0.4500,0.8118,180.1944,1.7872,0.0000,0.0000,0.0000
21.934,547.6102,-1.2467,253.8542,0.2510,3.8000,-0.4500,0.8902,180.1968,1.7661,0.0000,0.0000,0.0000
22.044,547.3633,-1.1845,253.8950,0.2510,3.8000,-0.4500,1.1303,180.2041,1.6863,0.0000,0.0000,0.0000
22.155,547.1576,-1.1328,253.9290,0.2510,3.8000,-0.4500,1.1303,180.2041,1.6863,0.0000,0.0000,0.0000
22.270,546.9094,-1.0709,253.9668,0.2510,3.8000,-0.4500,1.3552,180.2105,1.5884,0.0000,0.0000,0.0000
22.380,546.7027,-1.0197,253.9980,0.2510,3.8000,-0.4500,1.3552,180.2105,1.5884,0.0000,0.0000,0.0000
22.491,546.4537,-0.9589,254.0332,0.2510,3.8000,-0.4500,1.5005,180.2144,1.5057,0.0000,0.0000,0.0000
22.603,546.2042,-0.8991,254.0666,0.2510,3.8000,-0.4500,1.6373,180.2179,1.4179,0.0000,0.0000,0.0000
22.714,545.9963,-0.8495,254.0935,0.2510,3.8000,-0.4500,1.6373,180.2179,1.4179,0.0000,0.0000,0.0000
22.826,545.7454,-0.7919,254.1233,0.2510,3.8000,-0.4500,1.7698,180.2211,1.3146,0.0000,0.0000,0.0000
22.935,545.5361,-0.7447,254.1468,0.2510,3.8000,-0.4500,1.8321,180.2225,1.2592,0.0000,0.0000,0.0000
23.072,545.2428,-0.6799,254.1773,0.2510,3.8000,-0.4500,1.8940,180.2238,1.2033,0.0000,0.0000,0.0000
23.183,544.9894,-0.6275,254.2005,0.2510,3.8000,-0.4500,2.0666,180.2272,1.0195,0.0000,0.0000,0.0000
23.294,544.7786,-0.5835,254.2185,0.2510,3.8000,-0.4500,2.0666,180.2272,1.0195,0.0000,0.0000,0.0000
23.406,544.5246,-0.5327,254.2380,0.2510,3.8000,-0.4500,2.1163,180.2280,0.9555,0.0000,0.0000,0.0000
23.516,544.3125,-0.4917,254.2527,0.2510,3.8000,-0.4500,2.1647,180.2288,0.8916,0.0000,0.0000,0.0000
23.627,544.0576,-0.4437,254.2686,0.2510,3.8000,-0.4500,2.2098,180.2295,0.8240,0.0000,0.0000,0.0000
23.739,543.8452,-0.4039,254.2809,0.2510,3.8000,-0.4500,2.2098,180.2295,0.8240,0.0000,0.0000,0.0000
23.850,543.5893,-0.3580,254.2941,0.2510,3.8000,-0.4500,2.2524,180.2301,0.7554,0.0000,0.0000,0.0000
23.962,543.3336,-0.3120,254.3061,0.2510,3.8000,-0.4500,2.2524,180.2301,0.7554,0.0000,0.0000,0.0000
24.072,543.1201,-0.2740,254.3156,0.2510,3.8000,-0.4500,2.2524,180.2301,0.7554,0.0000,0.0000,0.0000
24.184,542.8638,-0.2289,254.3267,0.2510,3.8000,-0.4500,2.2524,180.2301,0.7554,0.0000,0.0000,0.0000
24.295,542.6497,-0.1926,254.3352,0.2510,3.8000,-0.4500,2.2927,180.2306,0.6837,0.0000,0.0000,0.0000
24.406,542.3929,-0.1487,254.3451,0.2510,3.8000,-0.4500,2.2927,180.2306,0.6837,0.0000,0.0000,0.0000
24.530,542.1351,-0.1079,254.3541,0.2510,3.8000,-0.4500,2.3648,180.2313,0.5352,0.0000,0.0000,0.0000
24.656,541.8780,-0.0667,254.3623,0.2510,3.8000,-0.4500,2.3648,180.2313,0.5352,0.0000,0.0000,0.0000
24.767,541.6205,-0.0273,254.3693,0.2510,3.8000,-0.4500,2.3648,180.2313,0.5352,0.0000,0.0000,0.0000
24.878,541.4048,0.0015,254.3742,0.2510,3.8000,-0.4500,2.4209,180.2318,0.3785,0.0000,0.0000,0.0000
24.989,541.1454,0.0355,254.3786,0.2510,3.8000,-0.4500,2.4470,180.2319,0.3002,0.0000,0.0000,0.0000
25.100,540.9284,0.0602,254.3811,0.2510,3.8000,-0.4500,2.4880,180.2321,0.1398,0.0000,0.0000,0.0000
25.211,540.6680,0.0891,254.3827,0.2510,3.8000,-0.4500,2.5045,180.2321,0.0605,0.0000,0.0000,0.0000
25.322,540.4065,0.1137,254.3831,0.2510,3.8000,-0.4500,2.5333,180.2321,359.8992,0.0000,0.0000,0.0000
25.434,540.1887,0.1328,254.3831,0.2510,3.8000,-0.4500,2.5445,180.2321,359.8211,0.0000,0.0000,0.0000
25.544,539.9269,0.1530,254.3832,0.2510,3.8000,-0.4500,2.5534,180.2321,359.7369,0.0000,0.0000,0.0000
25.669,539.6642,0.1688,254.3844,0.2510,3.8000,-0.4500,2.5702,180.2320,359.5690,0.0000,0.0000,0.0000
25.780,539.4454,0.1806,254.3869,0.2510,3.8000,-0.4500,2.5753,180.2319,359.4868,0.0000,0.0000,0.0000
25.892,539.1827,0.1922,254.3920,0.2510,3.8000,-0.4500,2.5798,180.2319,359.4042,0.0000,0.0000,0.0000
26.003,538.9187,0.1979,254.4000,0.2510,3.8000,-0.4500,2.5877,180.2318,359.1523,0.0000,0.0000,0.0000
26.113,538.6999,0.2041,254.4092,0.2510,3.8000,-0.4500,2.5877,180.2318,359.1523,0.0000,0.0000,0.0000
26.239,538.4363,0.2061,254.4231,0.2510,3.8000,-0.4500,2.5881,180.2318,358.9859,0.0000,0.0000,0.0000
26.350,538.1719,0.2037,254.4401,0.2510,3.8000,-0.4500,2.5837,180.2319,358.7315,0.0000,0.0000,0.0000
26.461,537.9523,0.2021,254.4574,0.2510,3.8000,-0.4500,2.5820,180.2319,358.6513,0.0000,0.0000,0.0000
26.572,537.6891,0.1997,254.4816,0.2510,3.8000,-0.4500,2.5820,180.2319,358.6513,0.0000,0.0000,0.0000
26.683,537.4246,0.1920,254.5082,0.2510,3.8000,-0.4500,2.5748,180.2321,358.4835,0.0000,0.0000,0.0000
26.795,537.2047,0.1863,254.5325,0.2510,3.8000,-0.4500,2.5748,180.2321,358.4835,0.0000,0.0000,0.0000
26.906,536.9397,0.1731,254.5642,0.2510,3.8000,-0.4500,2.5616,180.2325,358.2354,0.0000,0.0000,0.0000
27.017,536.7203,0.1645,254.5930,0.2510,3.8000,-0.4500,2.5616,180.2325,358.2354,0.0000,0.0000,0.0000
27.128,536.4570,0.1525,254.6301,0.2510,3.8000,-0.4500,2.5616,180.2325,358.2354,0.0000,0.0000,0.0000
27.239,536.2367,0.1399,254.6624,0.2510,3.8000,-0.4500,2.5564,180.2326,358.1531,0.0000,0.0000,0.0000
27.349,535.9730,0.1251,254.7027,0.2510,3.8000,-0.4500,2.5564,180.2326,358.1531,0.0000,0.0000,0.0000
27.461,535.7078,0.1044,254.7446,0.2510,3.8000,-0.4500,2.5393,180.2332,357.8970,0.0000,0.0000,0.0000
27.578,535.4882,0.0901,254.7815,0.2510,3.8000,-0.4500,2.5393,180.2332,357.8970,0.0000,0.0000,0.0000
27.697,535.2247,0.0722,254.8281,0.2510,3.8000,-0.4500,2.5393,180.2332,357.8970,0.0000,0.0000,0.0000
27.822,534.9174,0.0502,254.8841,0.2510,3.8000,-0.4500,2.5393,180.2332,357.8970,0.0000,0.0000,0.0000
27.933,534.6978,0.0339,254.9247,0.2510,3.8000,-0.4500,2.5393,180.2332,357.8970,0.0000,0.0000,0.0000
28.045,534.4334,0.0122,254.9741,0.2510,3.8000,-0.4500,2.5336,180.2334,357.8154,0.0000,0.0000,0.0000
28.156,534.2137,-0.0050,255.0161,0.2510,3.8000,-0.4500,2.5336,180.2334,357.8154,0.0000,0.0000,0.0000
28.266,533.9499,-0.0260,255.0671,0.2510,3.8000,-0.4500,2.5336,180.2334,357.8154,0.0000,0.0000,0.0000
28.378,533.7301,-0.0438,255.1101,0.2510,3.8000,-0.4500,2.5336,180.2334,357.8154,0.0000,0.0000,0.0000
28.488,533.4658,-0.0669,255.1621,0.2510,3.8000,-0.4500,2.5280,180.2336,357.7343,0.0000,0.0000,0.0000
28.599,533.2459,-0.0852,255.2058,0.2510,3.8000,-0.4500,2.5280,180.2336,357.7343,0.0000,0.0000,0.0000
28.724,532.9381,-0.1109,255.2681,0.2510,3.8000,-0.4500,2.5280,180.2336,357.7343,0.0000,0.0000,0.0000
28.835,532.7182,-0.1294,255.3130,0.2510,3.8000,-0.4500,2.5280,180.2336,357.7343,0.0000,0.0000,0.0000
28.947,532.4542,-0.1518,255.3671,0.2510,3.8000,-0.4500,2.5280,180.2336,357.7343,0.0000,0.0000,0.0000
29.057,532.2343,-0.1706,255.4122,0.2510,3.8000,-0.4500,2.5280,180.2336,357.7343,0.0000,0.0000,0.0000
29.168,531.9703,-0.1932,255.4665,0.2510,3.8000,-0.4500,2.5280,180.2336,357.7343,0.0000,0.0000,0.0000
29.293,531.7065,-0.2161,255.5207,0.2510,3.8000,-0.4500,2.5280,180.2336,357.7343,0.0000,0.0000,0.0000
29.404,531.4426,-0.2392,255.5751,0.2510,3.8000,-0.4500,2.5280,180.2336,357.7343,0.0000,0.0000,0.0000
29.515,531.2226,-0.2585,255.6204,0.2510,3.8000,-0.4500,2.5280,180.2336,357.7343,0.0000,0.0000,0.0000
29.640,530.9588,-0.2820,255.6748,0.2510,3.8000,-0.4500,2.5280,180.2336,357.7343,0.0000,0.0000,0.0000
29.765,530.6511,-0.3098,255.7383,0.2510,3.8000,-0.4500,2.5280,180.2336,357.7343,0.0000,0.0000,0.0000
29.876,530.4312,-0.3299,255.7837,0.2510,3.8000,-0.4500,2.5280,180.2336,357.7343,0.0000,0.0000,0.0000
29.987,530.1669,-0.3558,255.8387,0.2510,3.8000,-0.4500,2.5158,180.2341,357.6544,0.0000,0.0000,0.0000
30.098,529.9473,-0.3764,255.8852,0.2510,3.8000,-0.4500,2.5158,180.2341,357.6544,0.0000,0.0000,0.0000
30.210,529.6840,-0.4014,255.9414,0.2510,3.8000,-0.4500,2.5158,180.2341,357.6544,0.0000,0.0000,0.0000
30.320,529.4646,-0.4226,255.9885,0.2510,3.8000,-0.4500,2.5158,180.2341,357.6544,0.0000,0.0000,0.0000
30.432,529.2013,-0.4484,256.0453,0.2510,3.8000,-0.4500,2.5158,180.2341,357.6544,0.0000,0.0000,0.0000
30.543,528.9380,-0.4746,256.1023,0.2510,3.8000,-0.4500,2.5158,180.2341,357.6544,0.0000,0.0000,0.0000
30.654,528.7186,-0.4967,256.1498,0.2510,3.8000,-0.4500,2.5158,180.2341,357.6544,0.0000,0.0000,0.0000
30.765,528.4553,-0.5236,256.2070,0.2510,3.8000,-0.4500,2.5158,180.2341,357.6544,0.0000,0.0000,0.0000
30.890,528.1920,-0.5509,256.2643,0.2510,3.8000,-0.4500,2.5158,180.2341,357.6544,0.0000,0.0000,0.0000
31.001,527.9286,-0.5785,256.3217,0.2510,3.8000,-0.4500,2.5158,180.2341,357.6544,0.0000,0.0000,0.0000
31.113,527.7092,-0.6018,256.3697,0.2510,3.8000,-0.4500,2.5158,180.2341,357.6544,0.0000,0.0000,0.0000
31.224,527.4459,-0.6298,256.4272,0.2510,3.8000,-0.4500,2.5158,180.2341,357.6544,0.0000,0.0000,0.0000
31.335,527.2265,-0.6533,256.4753,0.2510,3.8000,-0.4500,2.5158,180.2341,357.6544,0.0000,0.0000,0.0000
31.446,526.9632,-0.6815,256.5328,0.2510,3.8000,-0.4500,2.5158,180.2341,357.6544,0.0000,0.0000,0.0000
31.557,526.7438,-0.7050,256.5809,0.2510,3.8000,-0.4500,2.5158,180.2341,357.6544,0.0000,0.0000,0.0000
31.668,526.4807,-0.7330,256.6386,0.2510,3.8000,-0.4500,2.5158,180.2341,357.6544,0.0000,0.0000,0.0000
31.779,526.2615,-0.7562,256.6867,0.2510,3.8000,-0.4500,2.5158,180.2341,357.6544,0.0000,0.0000,0.0000
31.890,525.9986,-0.7836,256.7445,0.2510,3.8000,-0.4500,2.5158,180.2341,357.6544,0.0000,0.0000,0.0000
32.001,525.7357,-0.8106,256.8024,0.2510,3.8000,-0.4500,2.5158,180.2341,357.6544,0.0000,0.0000,0.0000
32.113,525.5167,-0.8326,256.8507,0.2510,3.8000,-0.4500,2.5158,180.2341,357.6544,0.0000,0.0000,0.0000
32.224,525.2542,-0.8583,256.9087,0.2510,3.8000,-0.4500,2.5158,180.2341,357.6544,0.0000,0.0000,0.0000
32.336,525.0353,-0.8790,256.9569,0.2510,3.8000,-0.4500,2.5158,180.2341,357.6544,0.0000,0.0000,0.0000
32.446,524.7727,-0.9031,257.0150,0.2510,3.8000,-0.4500,2.5158,180.2341,357.6544,0.0000,0.0000,0.0000
32.557,524.5539,-0.9224,257.0633,0.2510,3.8000,-0.4500,2.5158,180.2341,357.6544,0.0000,0.0000,0.0000
32.668,524.2916,-0.9445,257.1214,0.2510,3.8000,-0.4500,2.5158,180.2341,357.6544,0.0000,0.0000,0.0000
32.779,524.0731,-0.9620,257.1697,0.2510,3.8000,-0.4500,2.5158,180.2341,357.6544,0.0000,0.0000,0.0000
32.891,523.8112,-0.9818,257.2275,0.2510,3.8000,-0.4500,2.5158,180.2341,357.6544,0.0000,0.0000,0.0000
33.002,523.5494,-1.0005,257.2854,0.2510,3.8000,-0.4500,2.5158,180.2341,357.6544,0.0000,0.0000,0.0000
33.113,523.3315,-1.0151,257.3336,0.2510,3.8000,-0.4500,2.5158,180.2341,357.6544,0.0000,0.0000,0.0000
33.224,523.0700,-1.0315,257.3914,0.2510,3.8000,-0.4500,2.5158,180.2341,357.6544,0.0000,0.0000,0.0000
33.335,522.8524,-1.0444,257.4395,0.2510,3.8000,-0.4500,2.5158,180.2341,357.6544,0.0000,0.0000,0.0000
33.446,522.5910,-1.0590,257.4972,0.2510,3.8000,-0.4500,2.5158,180.2341,357.6544,0.0000,0.0000,0.0000
33.571,522.3297,-1.0728,257.5548,0.2510,3.8000,-0.4500,2.5158,180.2341,357.6544,0.0000,0.0000,0.0000
33.682,522.0685,-1.0861,257.6124,0.2510,3.8000,-0.4500,2.5158,180.2341,357.6544,0.0000,0.0000,0.0000
33.807,521.8074,-1.0992,257.6699,0.2510,3.8000,-0.4500,2.5157,180.2341,357.6544,0.0000,0.0000,0.0000
33.918,521.5898,-1.1102,257.7178,0.2510,3.8000,-0.4500,2.5157,180.2341,357.6544,0.0000,0.0000,0.0000
34.029,521.3287,-1.1234,257.7752,0.2510,3.8000,-0.4500,2.5157,180.2341,357.6544,0.0000,0.0000,0.0000
34.141,521.1111,-1.1346,257.8230,0.2510,3.8000,-0.4500,2.5157,180.2341,357.6544,0.0000,0.0000,0.0000
34.252,520.8496,-1.1480,257.8803,0.2510,3.8000,-0.4500,2.5157,180.2341,357.6544,0.0000,0.0000,0.0000
34.362,520.5881,-1.1612,257.9374,0.2510,3.8000,-0.4500,2.5157,180.2341,357.6544,0.0000,0.0000,0.0000
34.488,520.3267,-1.1739,257.9948,0.2510,3.8000,-0.4500,2.5157,180.2341,357.6544,0.0000,0.0000,0.0000
34.599,520.1088,-1.1840,258.0428,0.2510,3.8000,-0.4500,2.5157,180.2341,357.6544,0.0000,0.0000,0.0000
34.710,519.8474,-1.1953,258.1006,0.2510,3.8000,-0.4500,2.5157,180.2341,357.6544,0.0000,0.0000,0.0000
34.820,519.6295,-1.2040,258.1489,0.2510,3.8000,-0.4500,2.5157,180.2341,357.6544,0.0000,0.0000,0.0000
34.934,519.3685,-1.2134,258.2071,0.2510,3.8000,-0.4500,2.5157,180.2341,357.6544,0.0000,0.0000,0.0000
35.043,519.1079,-1.2225,258.2287,0.2510,3.8000,-0.4500,2.5157,180.2341,357.6544,0.0000,0.0000,0.0000
35.154,518.8940,-1.2318,258.1741,0.2510,3.8000,-0.4500,2.5157,180.2341,357.6544,0.0000,0.0000,0.0000
35.266,518.6423,-1.2452,258.0245,0.2510,3.8000,-0.4500,2.5157,180.2341,357.6544,0.0000,0.0000,0.0000
35.376,518.4366,-1.2578,257.8437,0.2510,3.8000,-0.4500,2.5157,180.2341,357.6544,0.0000,0.0000,0.0000
35.487,518.1933,-1.2739,257.5785,0.2510,3.8000,-0.4500,2.5157,180.2341,357.6544,0.0000,0.0000,0.0000
35.612,517.9525,-1.2904,257.2780,0.2510,3.8000,-0.4500,2.5157,180.2341,357.6544,0.0000,0.0000,0.0000
35.723,517.7153,-1.3072,256.9308,0.2510,3.8000,-0.4500,2.5157,180.2341,357.6544,0.0000,0.0000,0.0000
35.836,517.5215,-1.3222,256.5836,0.2510,3.8000,-0.4500,2.5157,180.2341,357.6544,0.0000,0.0000,0.0000
35.946,517.2939,-1.3413,256.1040,0.2510,3.8000,-0.4500,2.5157,180.2341,357.6544,0.0000,0.0000,0.0000
36.056,517.1070,-1.3576,255.6647,0.2510,3.8000,-0.4500,2.5157,180.2341,357.6544,0.0000,0.0000,0.0000
36.168,516.8849,-1.3771,255.1048,0.2510,3.8000,-0.4500,2.5157,180.2341,357.6544,0.0000,0.0000,0.0000
36.279,516.7014,-1.3928,254.6203,0.2510,3.8000,-0.4500,2.5157,180.2341,357.6544,0.0000,0.0000,0.0000
36.390,516.4824,-1.4082,254.0397,0.2510,3.8000,-0.4500,2.4434,180.2370,357.8039,0.0000,0.0000,0.0000
36.500,516.2990,-1.4189,253.5700,0.2510,3.8000,-0.4500,2.3699,180.2397,357.9520,0.0000,0.0000,0.0000
36.626,516.0399,-1.4340,252.9374,0.2510,3.8000,-0.4500,2.3699,180.2397,357.9521,0.0000,0.0000,0.0000
36.751,515.8184,-1.4412,252.4152,0.2510,3.8000,-0.4500,2.2543,180.2436,358.1744,0.0000,0.0000,0.0000
36.863,515.5950,-1.4493,251.9052,0.2510,3.8000,-0.4500,2.2543,180.2436,358.1744,0.0000,0.0000,0.0000
36.974,515.4089,-1.4515,251.5040,0.2510,3.8000,-0.4500,2.1310,180.2473,358.3933,0.0000,0.0000,0.0000
37.085,515.1776,-1.4540,251.1124,0.2510,3.8000,-0.4500,2.1310,180.2473,358.3933,0.0000,0.0000,0.0000
37.196,514.9798,-1.4501,250.8732,0.2510,3.8000,-0.4500,1.9964,180.2508,358.6080,0.0000,0.0000,0.0000
37.307,514.7344,-1.4455,250.6724,0.2510,3.8000,-0.4500,1.9964,180.2508,358.6080,0.0000,0.0000,0.0000
37.418,514.5266,-1.4383,250.5588,0.2510,3.8000,-0.4500,1.9027,180.2530,358.7402,0.0000,0.0000,0.0000
37.529,514.2734,-1.4294,250.4633,0.2510,3.8000,-0.4500,1.8527,180.2541,358.8038,0.0000,0.0000,0.0000
37.641,514.0613,-1.4204,250.4197,0.2510,3.8000,-0.4500,1.7463,180.2562,358.9304,0.0000,0.0000,0.0000
37.752,513.8049,-1.4107,250.4008,0.2510,3.8000,-0.4500,1.7463,180.2562,358.9304,0.0000,0.0000,0.0000
37.863,513.5487,-1.3997,250.4033,0.2510,3.8000,-0.4500,1.6315,180.2582,359.0510,0.0000,0.0000,0.0000
37.974,513.3348,-1.3913,250.4133,0.2510,3.8000,-0.4500,1.5715,180.2592,359.1073,0.0000,0.0000,0.0000
38.085,513.0781,-1.3817,250.4308,0.2510,3.8000,-0.4500,1.4457,180.2610,359.2160,0.0000,0.0000,0.0000
38.197,512.8635,-1.3752,250.4466,0.2510,3.8000,-0.4500,1.4457,180.2610,359.2160,0.0000,0.0000,0.0000
38.308,512.6063,-1.3679,250.4675,0.2510,3.8000,-0.4500,1.3073,180.2628,359.3144,0.0000,0.0000,0.0000
38.419,512.3918,-1.3633,250.4846,0.2510,3.8000,-0.4500,1.2390,180.2636,359.3616,0.0000,0.0000,0.0000
38.530,512.1342,-1.3596,250.5046,0.2510,3.8000,-0.4500,1.1663,180.2643,359.4010,0.0000,0.0000,0.0000
38.641,511.9199,-1.3580,250.5215,0.2510,3.8000,-0.4500,1.0205,180.2658,359.4773,0.0000,0.0000,0.0000
38.752,511.6625,-1.3586,250.5408,0.2510,3.8000,-0.4500,0.8709,180.2671,359.5363,0.0000,0.0000,0.0000
38.864,511.4048,-1.3621,250.5598,0.2510,3.8000,-0.4500,0.7189,180.2682,359.5847,0.0000,0.0000,0.0000
38.976,511.1896,-1.3668,250.5743,0.2510,3.8000,-0.4500,0.7189,180.2682,359.5847,0.0000,0.0000,0.0000
39.085,510.9318,-1.3764,250.5929,0.2510,3.8000,-0.4500,0.4760,180.2699,359.6379,0.0000,0.0000,0.0000
39.210,510.6736,-1.3887,250.6102,0.2510,3.8000,-0.4500,0.3912,180.2704,359.6487,0.0000,0.0000,0.0000
39.335,510.4152,-1.4056,250.6284,0.2510,3.8000,-0.4500,0.1384,180.2719,359.6768,0.0000,0.0000,0.0000
39.447,510.1569,-1.4265,250.6467,0.2510,3.8000,-0.4500,359.8914,180.2733,359.6854,0.0000,0.0000,0.0000
39.571,509.8984,-1.4500,250.6642,0.2510,3.8000,-0.4500,359.8109,180.2737,359.6849,0.0000,0.0000,0.0000
39.683,509.6399,-1.4780,250.6824,0.2510,3.8000,-0.4500,359.6483,180.2746,359.6816,0.0000,0.0000,0.0000
39.794,509.4242,-1.5055,250.6986,0.2510,3.8000,-0.4500,359.3976,180.2760,359.6669,0.0000,0.0000,0.0000
39.905,509.1653,-1.5409,250.7177,0.2510,3.8000,-0.4500,359.2302,180.2770,359.6523,0.0000,0.0000,0.0000
40.016,508.9495,-1.5735,250.7342,0.2510,3.8000,-0.4500,359.0666,180.2780,359.6371,0.0000,0.0000,0.0000
40.127,508.6905,-1.6158,250.7544,0.2510,3.8000,-0.4500,358.9050,180.2791,359.6186,0.0000,0.0000,0.0000
40.238,508.4745,-1.6532,250.7714,0.2510,3.8000,-0.4500,358.8239,180.2796,359.6091,0.0000,0.0000,0.0000
40.350,508.2154,-1.7026,250.7933,0.2510,3.8000,-0.4500,358.5788,180.2814,359.5788,0.0000,0.0000,0.0000
40.460,507.9995,-1.7440,250.8107,0.2510,3.8000,-0.4500,358.5788,180.2814,359.5788,0.0000,0.0000,0.0000
40.572,507.7403,-1.7987,250.8338,0.2510,3.8000,-0.4500,358.3317,180.2832,359.5487,0.0000,0.0000,0.0000
40.699,507.4810,-1.8541,250.8565,0.2510,3.8000,-0.4500,358.2497,180.2839,359.5398,0.0000,0.0000,0.0000
40.807,507.2219,-1.9123,250.8802,0.2510,3.8000,-0.4500,358.0873,180.2852,359.5232,0.0000,0.0000,0.0000
40.918,507.0061,-1.9607,250.8997,0.2510,3.8000,-0.4500,358.0873,180.2852,359.5232,0.0000,0.0000,0.0000
41.033,506.7471,-2.0212,250.9249,0.2510,3.8000,-0.4500,357.9249,180.2866,359.5144,0.0000,0.0000,0.0000
41.140,506.5313,-2.0709,250.9456,0.2510,3.8000,-0.4500,357.9249,180.2866,359.5144,0.0000,0.0000,0.0000
41.252,506.2725,-2.1307,250.9711,0.2510,3.8000,-0.4500,357.9249,180.2866,359.5144,0.0000,0.0000,0.0000
41.376,506.0138,-2.1900,250.9970,0.2510,3.8000,-0.4500,357.9249,180.2866,359.5144,0.0000,0.0000,0.0000
41.489,505.7552,-2.2484,251.0231,0.2510,3.8000,-0.4500,357.9249,180.2866,359.5144,0.0000,0.0000,0.0000
41.613,505.4969,-2.3052,251.0495,0.2510,3.8000,-0.4500,357.9249,180.2866,359.5144,0.0000,0.0000,0.0000
41.724,505.2387,-2.3599,251.0759,0.2510,3.8000,-0.4500,357.9249,180.2866,359.5144,0.0000,0.0000,0.0000
41.836,505.0237,-2.4034,251.0980,0.2510,3.8000,-0.4500,357.9249,180.2866,359.5144,0.0000,0.0000,0.0000
41.946,504.7660,-2.4528,251.1244,0.2510,3.8000,-0.4500,357.9249,180.2866,359.5144,0.0000,0.0000,0.0000
42.058,504.5515,-2.4911,251.1463,0.2510,3.8000,-0.4500,357.9249,180.2866,359.5144,0.0000,0.0000,0.0000
42.169,504.2944,-2.5333,251.1726,0.2510,3.8000,-0.4500,357.9249,180.2866,359.5144,0.0000,0.0000,0.0000
42.280,504.0804,-2.5650,251.1945,0.2510,3.8000,-0.4500,357.9249,180.2866,359.5144,0.0000,0.0000,0.0000
42.392,503.8239,-2.5985,251.2207,0.2510,3.8000,-0.4500,357.9249,180.2866,359.5144,0.0000,0.0000,0.0000
42.501,503.5677,-2.6268,251.2468,0.2510,3.8000,-0.4500,357.9249,180.2866,359.5144,0.0000,0.0000,0.0000
42.612,503.3566,-2.6400,251.2680,0.2510,3.8000,-0.4500,357.9471,180.2865,359.8470,0.0000,0.0000,0.0000
42.724,503.1007,-2.6576,251.2913,0.2510,3.8000,-0.4500,357.9471,180.2865,359.8470,0.0000,0.0000,0.0000
42.835,502.8896,-2.6613,251.3083,0.2510,3.8000,-0.4500,358.1007,180.2865,0.1389,0.0000,0.0000,0.0000
42.946,502.6348,-2.6661,251.3279,0.2510,3.8000,-0.4500,358.1431,180.2866,0.2064,0.0000,0.0000,0.0000
43.057,502.4236,-2.6621,251.3429,0.2510,3.8000,-0.4500,358.3091,180.2875,0.3875,0.0000,0.0000,0.0000
43.168,502.1707,-2.6509,251.3608,0.2510,3.8000,-0.4500,358.5728,180.2898,0.6071,0.0000,0.0000,0.0000
43.280,501.9595,-2.6403,251.3776,0.2510,3.8000,-0.4500,358.6432,180.2906,0.6554,0.0000,0.0000,0.0000
43.393,501.7074,-2.6193,251.3986,0.2510,3.8000,-0.4500,358.8601,180.2933,0.7968,0.0000,0.0000,0.0000
43.516,501.4566,-2.5899,251.4210,0.2510,3.8000,-0.4500,359.2239,180.2990,0.9955,0.0000,0.0000,0.0000
43.640,501.2058,-2.5574,251.4469,0.2510,3.8000,-0.4500,359.4471,180.3031,1.0954,0.0000,0.0000,0.0000
43.765,500.9141,-2.5127,251.4796,0.2510,3.8000,-0.4500,359.6816,180.3078,1.1871,0.0000,0.0000,0.0000
43.875,500.7064,-2.4750,251.5039,0.2510,3.8000,-0.4500,359.9174,180.3128,1.2690,0.0000,0.0000,0.0000
43.987,500.4574,-2.4263,251.5352,0.2510,3.8000,-0.4500,0.0726,180.3163,1.3203,0.0000,0.0000,0.0000
44.097,500.2509,-2.3786,251.5610,0.2510,3.8000,-0.4500,0.3870,180.3239,1.4191,0.0000,0.0000,0.0000
44.223,499.9624,-2.3062,251.5990,0.2510,3.8000,-0.4500,0.7073,180.3321,1.5261,0.0000,0.0000,0.0000
44.334,499.7568,-2.2501,251.6274,0.2510,3.8000,-0.4500,0.8629,180.3363,1.5830,0.0000,0.0000,0.0000
44.445,499.5109,-2.1772,251.6625,0.2510,3.8000,-0.4500,1.0173,180.3407,1.6421,0.0000,0.0000,0.0000
44.557,499.3073,-2.1088,251.6913,0.2510,3.8000,-0.4500,1.3247,180.3498,1.7716,0.0000,0.0000,0.0000
44.668,499.0631,-2.0239,251.7283,0.2510,3.8000,-0.4500,1.4805,180.3547,1.8452,0.0000,0.0000,0.0000
44.779,498.8609,-1.9468,251.7594,0.2510,3.8000,-0.4500,1.7069,180.3623,1.9558,0.0000,0.0000,0.0000
44.891,498.6191,-1.8494,251.7984,0.2510,3.8000,-0.4500,1.9236,180.3699,2.0710,0.0000,0.0000,0.0000
45.002,498.3781,-1.7476,251.8394,0.2510,3.8000,-0.4500,2.0650,180.3751,2.1503,0.0000,0.0000,0.0000
45.112,498.1778,-1.6594,251.8750,0.2510,3.8000,-0.4500,2.1362,180.3778,2.1913,0.0000,0.0000,0.0000
45.224,497.9392,-1.5467,251.9181,0.2510,3.8000,-0.4500,2.3522,180.3863,2.3197,0.0000,0.0000,0.0000
45.337,497.7405,-1.4511,251.9559,0.2510,3.8000,-0.4500,2.4251,180.3893,2.3651,0.0000,0.0000,0.0000
45.450,497.5032,-1.3316,252.0020,0.2510,3.8000,-0.4500,2.5708,180.3954,2.4563,0.0000,0.0000,0.0000
45.556,497.3062,-1.2290,252.0413,0.2510,3.8000,-0.4500,2.7124,180.4016,2.5473,0.0000,0.0000,0.0000
45.668,497.0701,-1.1050,252.0903,0.2510,3.8000,-0.4500,2.7793,180.4046,2.5904,0.0000,0.0000,0.0000
45.779,496.8738,-0.9995,252.1321,0.2510,3.8000,-0.4500,2.8460,180.4077,2.6337,0.0000,0.0000,0.0000
45.891,496.6383,-0.8730,252.1837,0.2510,3.8000,-0.4500,2.8460,180.4077,2.6337,0.0000,0.0000,0.0000
46.001,496.4035,-0.7441,252.2355,0.2510,3.8000,-0.4500,2.9138,180.4108,2.6770,0.0000,0.0000,0.0000
46.113,496.2078,-0.6374,252.2795,0.2510,3.8000,-0.4500,2.9138,180.4108,2.6770,0.0000,0.0000,0.0000
46.224,495.9730,-0.5096,252.3328,0.2510,3.8000,-0.4500,2.9138,180.4108,2.6770,0.0000,0.0000,0.0000
46.335,495.7774,-0.4039,252.3774,0.2510,3.8000,-0.4500,2.9138,180.4108,2.6770,0.0000,0.0000,0.0000
46.446,495.5424,-0.2784,252.4313,0.2510,3.8000,-0.4500,2.9138,180.4108,2.6770,0.0000,0.0000,0.0000
46.557,495.3464,-0.1755,252.4764,0.2510,3.8000,-0.4500,2.9138,180.4108,2.6770,0.0000,0.0000,0.0000
46.682,495.0716,-0.0349,252.5399,0.2510,3.8000,-0.4500,2.9138,180.4108,2.6770,0.0000,0.0000,0.0000
46.792,494.8749,0.0625,252.5857,0.2510,3.8000,-0.4500,2.9138,180.4108,2.6770,0.0000,0.0000,0.0000
46.919,494.6384,0.1756,252.6412,0.2510,3.8000,-0.4500,2.9138,180.4108,2.6770,0.0000,0.0000,0.0000
47.029,494.4013,0.2838,252.6972,0.2510,3.8000,-0.4500,2.9138,180.4108,2.6770,0.0000,0.0000,0.0000
47.141,494.1635,0.3867,252.7540,0.2510,3.8000,-0.4500,2.9138,180.4108,2.6770,0.0000,0.0000,0.0000
47.252,493.9646,0.4678,252.8020,0.2510,3.8000,-0.4500,2.9138,180.4108,2.6770,0.0000,0.0000,0.0000
47.364,493.7252,0.5593,252.8604,0.2510,3.8000,-0.4500,2.9138,180.4108,2.6770,0.0000,0.0000,0.0000
47.474,493.5250,0.6303,252.9099,0.2510,3.8000,-0.4500,2.9138,180.4108,2.6770,0.0000,0.0000,0.0000
47.585,493.2806,0.7008,252.9713,0.2510,3.8000,-0.4500,2.6974,180.4014,2.3019,0.0000,0.0000,0.0000
47.710,493.0358,0.7668,253.0296,0.2510,3.8000,-0.4500,2.5472,180.3956,2.0894,0.0000,0.0000,0.0000
47.822,492.7893,0.8249,253.0841,0.2510,3.8000,-0.4500,2.3971,180.3904,1.8877,0.0000,0.0000,0.0000
47.932,492.5826,0.8661,253.1267,0.2510,3.8000,-0.4500,2.2329,180.3853,1.6884,0.0000,0.0000,0.0000
48.043,492.3326,0.9071,253.1740,0.2510,3.8000,-0.4500,2.0123,180.3793,1.4283,0.0000,0.0000,0.0000
48.155,492.1231,0.9353,253.2097,0.2510,3.8000,-0.4500,1.8417,180.3753,1.2351,0.0000,0.0000,0.0000
48.279,491.8706,0.9621,253.2481,0.2510,3.8000,-0.4500,1.6736,180.3720,1.0462,0.0000,0.0000,0.0000
48.391,491.6160,0.9788,253.2825,0.2510,3.8000,-0.4500,1.4512,180.3684,0.7987,0.0000,0.0000,0.0000
48.502,491.3595,0.9851,253.3134,0.2510,3.8000,-0.4500,1.1658,180.3652,0.4810,0.0000,0.0000,0.0000
48.612,491.1454,0.9875,253.3351,0.2510,3.8000,-0.4500,1.0577,180.3644,0.3601,0.0000,0.0000,0.0000
48.724,490.8874,0.9817,253.3587,0.2510,3.8000,-0.4500,0.8938,180.3637,0.1757,0.0000,0.0000,0.0000
48.835,490.6709,0.9683,253.3771,0.2510,3.8000,-0.4500,0.6732,180.3634,359.9243,0.0000,0.0000,0.0000
48.946,490.4109,0.9479,253.3973,0.2510,3.8000,-0.4500,0.5154,180.3639,359.7419,0.0000,0.0000,0.0000
49.058,490.1939,0.9257,253.4141,0.2510,3.8000,-0.4500,0.4078,180.3645,359.6160,0.0000,0.0000,0.0000
49.168,489.9323,0.8899,253.4362,0.2510,3.8000,-0.4500,0.1912,180.3665,359.3575,0.0000,0.0000,0.0000
49.280,489.7141,0.8552,253.4563,0.2510,3.8000,-0.4500,0.0310,180.3685,359.1606,0.0000,0.0000,0.0000
49.391,489.4530,0.8116,253.4828,0.2510,3.8000,-0.4500,359.9789,180.3693,359.0960,0.0000,0.0000,0.0000
49.515,489.1906,0.7571,253.5141,0.2510,3.8000,-0.4500,359.7703,180.3731,358.8273,0.0000,0.0000,0.0000
49.627,488.9286,0.6985,253.5492,0.2510,3.8000,-0.4500,359.6244,180.3763,358.6323,0.0000,0.0000,0.0000
49.738,488.7109,0.6478,253.5814,0.2510,3.8000,-0.4500,359.5766,180.3775,358.5681,0.0000,0.0000,0.0000
49.849,488.4495,0.5807,253.6240,0.2510,3.8000,-0.4500,359.4792,180.3801,358.4384,0.0000,0.0000,0.0000
49.975,488.1878,0.5068,253.6709,0.2510,3.8000,-0.4500,359.3260,180.3845,358.2423,0.0000,0.0000,0.0000
50.085,487.9262,0.4281,253.7218,0.2510,3.8000,-0.4500,359.1667,180.3896,358.0517,0.0000,0.0000,0.0000
50.198,487.7094,0.3629,253.7665,0.2510,3.8000,-0.4500,359.1667,180.3896,358.0517,0.0000,0.0000,0.0000
50.308,487.4482,0.2763,253.8242,0.2510,3.8000,-0.4500,358.9969,180.3957,357.8732,0.0000,0.0000,0.0000
50.419,487.2316,0.2049,253.8739,0.2510,3.8000,-0.4500,358.9969,180.3957,357.8732,0.0000,0.0000,0.0000
50.528,486.9713,0.1132,253.9371,0.2510,3.8000,-0.4500,358.8722,180.4005,357.7608,0.0000,0.0000,0.0000
50.640,486.7549,0.0356,253.9915,0.2510,3.8000,-0.4500,358.8071,180.4030,357.7097,0.0000,0.0000,0.0000
50.751,486.4953,-0.0595,254.0590,0.2510,3.8000,-0.4500,358.7416,180.4057,357.6593,0.0000,0.0000,0.0000
50.862,486.2360,-0.1563,254.1287,0.2510,3.8000,-0.4500,358.6713,180.4086,357.6168,0.0000,0.0000,0.0000
50.974,486.0202,-0.2368,254.1875,0.2510,3.8000,-0.4500,358.6713,180.4086,357.6168,0.0000,0.0000,0.0000
51.084,485.7610,-0.3375,254.2607,0.2510,3.8000,-0.4500,358.4453,180.4182,357.5174,0.0000,0.0000,0.0000
51.196,485.5457,-0.4184,254.3217,0.2510,3.8000,-0.4500,358.4453,180.4182,357.5174,0.0000,0.0000,0.0000
51.307,485.2875,-0.5150,254.3959,0.2510,3.8000,-0.4500,358.4453,180.4182,357.5174,0.0000,0.0000,0.0000
51.418,485.0725,-0.5944,254.4585,0.2510,3.8000,-0.4500,358.4453,180.4182,357.5174,0.0000,0.0000,0.0000
51.530,484.8148,-0.6880,254.5340,0.2510,3.8000,-0.4500,358.4453,180.4182,357.5174,0.0000,0.0000,0.0000
51.640,484.6003,-0.7641,254.5972,0.2510,3.8000,-0.4500,358.4453,180.4182,357.5174,0.0000,0.0000,0.0000
51.765,484.3005,-0.8668,254.6864,0.2510,3.8000,-0.4500,358.3690,180.4215,357.5508,0.0000,0.0000,0.0000
51.876,484.0866,-0.9369,254.7499,0.2510,3.8000,-0.4500,358.2965,180.4245,357.5878,0.0000,0.0000,0.0000
51.987,483.8303,-1.0166,254.8253,0.2510,3.8000,-0.4500,358.2373,180.4270,357.6416,0.0000,0.0000,0.0000
52.100,483.6171,-1.0788,254.8875,0.2510,3.8000,-0.4500,358.1887,180.4290,357.7112,0.0000,0.0000,0.0000
52.209,483.3614,-1.1478,254.9606,0.2510,3.8000,-0.4500,358.0981,180.4325,357.8540,0.0000,0.0000,0.0000
52.320,483.1488,-1.1998,255.0195,0.2510,3.8000,-0.4500,358.0498,180.4342,358.0186,0.0000,0.0000,0.0000
52.432,482.8936,-1.2571,255.0867,0.2510,3.8000,-0.4500,358.0109,180.4355,358.1819,0.0000,0.0000,0.0000
52.542,482.6387,-1.3064,255.1494,0.2510,3.8000,-0.4500,358.0038,180.4358,358.4214,0.0000,0.0000,0.0000
52.653,482.4267,-1.3415,255.1980,0.2510,3.8000,-0.4500,358.0286,180.4351,358.6658,0.0000,0.0000,0.0000
52.765,482.1709,-1.3813,255.2514,0.2510,3.8000,-0.4500,358.0479,180.4347,358.7469,0.0000,0.0000,0.0000
52.877,481.9589,-1.4058,255.2919,0.2510,3.8000,-0.4500,358.1182,180.4333,358.9939,0.0000,0.0000,0.0000
52.987,481.7042,-1.4301,255.3357,0.2510,3.8000,-0.4500,358.2178,180.4318,359.2368,0.0000,0.0000,0.0000
53.099,481.4917,-1.4463,255.3682,0.2510,3.8000,-0.4500,358.2860,180.4310,359.3899,0.0000,0.0000,0.0000
53.209,481.2370,-1.4593,255.4026,0.2510,3.8000,-0.4500,358.4136,180.4298,359.6084,0.0000,0.0000,0.0000
53.320,481.0245,-1.4665,255.4281,0.2510,3.8000,-0.4500,358.5053,180.4293,359.7446,0.0000,0.0000,0.0000
53.431,480.7690,-1.4724,255.4559,0.2510,3.8000,-0.4500,358.5517,180.4292,359.8109,0.0000,0.0000,0.0000
53.542,480.5146,-1.4702,255.4805,0.2510,3.8000,-0.4500,358.7100,180.4289,-0.0038,0.0000,0.0000,0.0000
53.668,480.2605,-1.4635,255.5034,0.2510,3.8000,-0.4500,358.8927,180.4292,0.1681,0.0000,0.0000,0.0000
53.779,480.0479,-1.4585,255.5227,0.2510,3.8000,-0.4500,358.8927,180.4292,0.1681,0.0000,0.0000,0.0000
53.890,479.7941,-1.4450,255.5441,0.2510,3.8000,-0.4500,359.0955,180.4300,0.3123,0.0000,0.0000,0.0000
54.000,479.5820,-1.4345,255.5628,0.2510,3.8000,-0.4500,359.0955,180.4300,0.3123,0.0000,0.0000,0.0000
54.111,479.3286,-1.4154,255.5836,0.2510,3.8000,-0.4500,359.3228,180.4315,0.4242,0.0000,0.0000,0.0000
54.224,479.0750,-1.3941,255.6042,0.2510,3.8000,-0.4500,359.5549,180.4333,0.5032,0.0000,0.0000,0.0000
54.334,478.8632,-1.3772,255.6225,0.2510,3.8000,-0.4500,359.5549,180.4333,0.5032,0.0000,0.0000,0.0000
54.448,478.6094,-1.3513,255.6423,0.2510,3.8000,-0.4500,359.8740,180.4363,0.5603,0.0000,0.0000,0.0000
54.557,478.3976,-1.3311,255.6604,0.2510,3.8000,-0.4500,359.8740,180.4363,0.5603,0.0000,0.0000,0.0000
54.667,478.1433,-1.3040,255.6808,0.2510,3.8000,-0.4500,0.0410,180.4380,0.5622,0.0000,0.0000,0.0000
54.780,477.9311,-1.2792,255.6961,0.2510,3.8000,-0.4500,0.3773,180.4412,0.5371,0.0000,0.0000,0.0000
54.889,477.6764,-1.2510,255.7166,0.2510,3.8000,-0.4500,0.3773,180.4412,0.5371,0.0000,0.0000,0.0000
55.000,477.4635,-1.2255,255.7311,0.2510,3.8000,-0.4500,0.7006,180.4440,0.4681,0.0000,0.0000,0.0000
55.112,477.2082,-1.1958,255.7500,0.2510,3.8000,-0.4500,0.7006,180.4440,0.4680,0.0000,0.0000,0.0000
55.224,476.9518,-1.1651,255.7660,0.2510,3.8000,-0.4500,1.0141,180.4463,0.3573,0.0000,0.0000,0.0000
55.334,476.7385,-1.1399,255.7801,0.2510,3.8000,-0.4500,1.0141,180.4463,0.3573,0.0000,0.0000,0.0000
55.445,476.4815,-1.1098,255.7945,0.2510,3.8000,-0.4500,1.2378,180.4475,0.2526,0.0000,0.0000,0.0000
55.570,476.2241,-1.0802,255.8083,0.2510,3.8000,-0.4500,1.3797,180.4480,0.1725,0.0000,0.0000,0.0000
55.682,475.9663,-1.0512,255.8214,0.2510,3.8000,-0.4500,1.4500,180.4482,0.1311,0.0000,0.0000,0.0000
55.793,475.7506,-1.0280,255.8312,0.2510,3.8000,-0.4500,1.5863,180.4484,0.0392,0.0000,0.0000,0.0000
55.903,475.4911,-1.0018,255.8419,0.2510,3.8000,-0.4500,1.7904,180.4483,359.8786,0.0000,0.0000,0.0000
56.015,475.2750,-0.9804,255.8510,0.2510,3.8000,-0.4500,1.8547,180.4481,359.8262,0.0000,0.0000,0.0000
56.127,475.0148,-0.9566,255.8614,0.2510,3.8000,-0.4500,1.9755,180.4476,359.7083,0.0000,0.0000,0.0000
56.239,474.7978,-0.9378,255.8704,0.2510,3.8000,-0.4500,2.0345,180.4473,359.6493,0.0000,0.0000,0.0000
56.348,474.5365,-0.9176,255.8812,0.2510,3.8000,-0.4500,2.1449,180.4465,359.5204,0.0000,0.0000,0.0000
56.459,474.3183,-0.9026,255.8908,0.2510,3.8000,-0.4500,2.2466,180.4455,359.3904,0.0000,0.0000,0.0000
56.571,474.0566,-0.8864,255.9076,0.2510,3.8000,-0.4500,2.3385,180.4444,359.2557,0.0000,0.0000,0.0000
56.682,473.7986,-0.8694,255.9615,0.2510,3.8000,-0.4500,2.3385,180.4444,359.2557,0.0000,0.0000,0.0000
56.792,473.5854,-0.8581,256.0443,0.2510,3.8000,-0.4500,2.4628,180.4426,359.0405,0.0000,0.0000,0.0000
56.903,473.3341,-0.8411,256.1852,0.2510,3.8000,-0.4500,2.4628,180.4426,359.0405,0.0000,0.0000,0.0000
57.015,473.1250,-0.8308,256.3280,0.2510,3.8000,-0.4500,2.5659,180.4406,358.8092,0.0000,0.0000,0.0000
57.140,472.8772,-0.8155,256.5217,0.2510,3.8000,-0.4500,2.5659,180.4406,358.8092,0.0000,0.0000,0.0000
57.251,472.6279,-0.8051,256.7132,0.2510,3.8000,-0.4500,2.6191,180.4395,358.6518,0.0000,0.0000,0.0000
57.362,472.3755,-0.7978,256.8690,0.2510,3.8000,-0.4500,2.6405,180.4389,358.5733,0.0000,0.0000,0.0000
57.473,472.1617,-0.7972,256.9684,0.2510,3.8000,-0.4500,2.6762,180.4380,358.4120,0.0000,0.0000,0.0000
57.599,471.9036,-0.7976,257.0596,0.2510,3.8000,-0.4500,2.6762,180.4380,358.4120,0.0000,0.0000,0.0000
57.709,471.6419,-0.8064,257.1302,0.2510,3.8000,-0.4500,2.7051,180.4371,358.1626,0.0000,0.0000,0.0000
57.821,471.4243,-0.8128,257.1759,0.2510,3.8000,-0.4500,2.7051,180.4371,358.1627,0.0000,0.0000,0.0000
57.932,471.1739,-0.8291,257.0379,0.2510,3.8000,-0.4500,2.7051,180.4371,358.1627,0.0000,0.0000,0.0000
58.042,470.9385,-0.8637,256.6254,0.2510,3.8000,-0.4500,2.6991,180.4374,357.9139,0.0000,0.0000,0.0000
58.154,470.7517,-0.8967,256.1460,0.2510,3.8000,-0.4500,2.6991,180.4373,357.9139,0.0000,0.0000,0.0000
58.265,470.5320,-0.9416,255.4910,0.2510,3.8000,-0.4500,2.6991,180.4373,357.9139,0.0000,0.0000,0.0000
58.390,470.3150,-0.9898,254.7920,0.2510,3.8000,-0.4500,2.6991,180.4373,357.9139,0.0000,0.0000,0.0000
58.500,470.1341,-1.0309,254.2115,0.2510,3.8000,-0.4500,2.6991,180.4373,357.9139,0.0000,0.0000,0.0000
58.612,469.9104,-1.0771,253.6212,0.2510,3.8000,-0.4500,2.6991,180.4373,357.9139,0.0000,0.0000,0.0000
58.737,469.6760,-1.1172,253.1850,0.2510,3.8000,-0.4500,2.6991,180.4373,357.9139,0.0000,0.0000,0.0000
58.862,469.3897,-1.1568,252.8460,0.2510,3.8000,-0.4500,2.6991,180.4373,357.9139,0.0000,0.0000,0.0000
58.973,469.1790,-1.1812,252.6841,0.2510,3.8000,-0.4500,2.6991,180.4373,357.9139,0.0000,0.0000,0.0000
59.084,468.9218,-1.2077,252.5447,0.2510,3.8000,-0.4500,2.6991,180.4373,357.9139,0.0000,0.0000,0.0000
59.196,468.7050,-1.2277,252.4731,0.2510,3.8000,-0.4500,2.6991,180.4373,357.9139,0.0000,0.0000,0.0000
59.307,468.4436,-1.2484,252.4465,0.2510,3.8000,-0.4500,2.6991,180.4373,357.9139,0.0000,0.0000,0.0000
59.432,468.1814,-1.2665,252.4559,0.2510,3.8000,-0.4500,2.6991,180.4373,357.9139,0.0000,0.0000,0.0000
59.542,467.9191,-1.2824,252.4849,0.2510,3.8000,-0.4500,2.6991,180.4373,357.9139,0.0000,0.0000,0.0000
59.654,467.7004,-1.2940,252.5173,0.2510,3.8000,-0.4500,2.6991,180.4373,357.9139,0.0000,0.0000,0.0000
59.766,467.4380,-1.3057,252.5618,0.2510,3.8000,-0.4500,2.6991,180.4373,357.9139,0.0000,0.0000,0.0000
59.875,467.2196,-1.3136,252.6015,0.2510,3.8000,-0.4500,2.6991,180.4373,357.9139,0.0000,0.0000,0.0000
60.000,466.9578,-1.3205,252.6510,0.2510,3.8000,-0.4500,2.6991,180.4373,357.9139,0.0000,0.0000,0.0000
60.126,466.6527,-1.3246,252.7099,0.2510,3.8000,-0.4500,2.6991,180.4373,357.9139,0.0000,0.0000,0.0000
60.237,466.4352,-1.3246,252.7524,0.2510,3.8000,-0.4500,2.6991,180.4373,357.9138,0.0000,0.0000,0.0000
60.348,466.1745,-1.3212,252.8035,0.2510,3.8000,-0.4500,2.6991,180.4373,357.9138,0.0000,0.0000,0.0000
60.459,465.9576,-1.3152,252.8460,0.2510,3.8000,-0.4500,2.6991,180.4373,357.9138,0.0000,0.0000,0.0000
60.570,465.6977,-1.3042,252.8969,0.2510,3.8000,-0.4500,2.6991,180.4373,357.9138,0.0000,0.0000,0.0000
60.682,465.4402,-1.2843,252.9477,0.2510,3.8000,-0.4500,2.5727,180.4416,358.2196,0.0000,0.0000,0.0000
60.794,465.2243,-1.2679,252.9873,0.2510,3.8000,-0.4500,2.5727,180.4416,358.2196,0.0000,0.0000,0.0000
60.903,464.9677,-1.2388,253.0320,0.2510,3.8000,-0.4500,2.5002,180.4437,358.5463,0.0000,0.0000,0.0000
61.015,464.7524,-1.2153,253.0654,0.2510,3.8000,-0.4500,2.5002,180.4437,358.5463,0.0000,0.0000,0.0000
61.126,464.4964,-1.1770,253.1014,0.2510,3.8000,-0.4500,2.4666,180.4444,358.8829,0.0000,0.0000,0.0000
61.250,464.2403,-1.1351,253.1321,0.2510,3.8000,-0.4500,2.4588,180.4445,359.1349,0.0000,0.0000,0.0000
61.363,463.9847,-1.0886,253.1577,0.2510,3.8000,-0.4500,2.4595,180.4445,359.3817,0.0000,0.0000,0.0000
61.472,463.7707,-1.0497,253.1752,0.2510,3.8000,-0.4500,2.4595,180.4445,359.3817,0.0000,0.0000,0.0000
61.586,463.5165,-0.9927,253.1919,0.2510,3.8000,-0.4500,2.4717,180.4445,359.7186,0.0000,0.0000,0.0000
61.709,463.2619,-0.9338,253.2046,0.2510,3.8000,-0.4500,2.4817,180.4444,359.8910,0.0000,0.0000,0.0000
61.821,463.0504,-0.8808,253.2128,0.2510,3.8000,-0.4500,2.4921,180.4444,0.0612,0.0000,0.0000,0.0000
61.932,462.7977,-0.8123,253.2207,0.2510,3.8000,-0.4500,2.5090,180.4445,0.3048,0.0000,0.0000,0.0000
62.042,462.5454,-0.7406,253.2281,0.2510,3.8000,-0.4500,2.5219,180.4446,0.4750,0.0000,0.0000,0.0000
62.154,462.3362,-0.6772,253.2347,0.2510,3.8000,-0.4500,2.5348,180.4447,0.6409,0.0000,0.0000,0.0000
62.265,462.0861,-0.5976,253.2438,0.2510,3.8000,-0.4500,2.5491,180.4449,0.8126,0.0000,0.0000,0.0000
62.390,461.8373,-0.5142,253.2554,0.2510,3.8000,-0.4500,2.5632,180.4451,0.9796,0.0000,0.0000,0.0000
62.501,461.5897,-0.4270,253.2695,0.2510,3.8000,-0.4500,2.5784,180.4454,1.1482,0.0000,0.0000,0.0000
62.626,461.3427,-0.3379,253.2869,0.2510,3.8000,-0.4500,2.5859,180.4455,1.2314,0.0000,0.0000,0.0000
62.751,461.0979,-0.2428,253.3068,0.2510,3.8000,-0.4500,2.6074,180.4460,1.4790,0.0000,0.0000,0.0000
62.862,460.8527,-0.1494,253.3306,0.2510,3.8000,-0.4500,2.6074,180.4460,1.4790,0.0000,0.0000,0.0000
62.975,460.6495,-0.0685,253.3522,0.2510,3.8000,-0.4500,2.6130,180.4462,1.5601,0.0000,0.0000,0.0000
63.084,460.4063,0.0299,253.3802,0.2510,3.8000,-0.4500,2.6172,180.4463,1.6426,0.0000,0.0000,0.0000
63.195,460.2038,0.1116,253.4052,0.2510,3.8000,-0.4500,2.6172,180.4463,1.6426,0.0000,0.0000,0.0000
63.306,459.9631,0.2147,253.4369,0.2510,3.8000,-0.4500,2.6187,180.4464,1.8903,0.0000,0.0000,0.0000
63.432,459.7214,0.3136,253.4719,0.2510,3.8000,-0.4500,2.6187,180.4464,1.8903,0.0000,0.0000,0.0000
63.543,459.4784,0.3782,253.5107,0.2510,3.8000,-0.4500,2.6187,180.4464,1.8903,0.0000,0.0000,0.0000
63.655,459.2706,0.4098,253.5449,0.2510,3.8000,-0.4500,2.5930,180.4456,1.5173,0.0000,0.0000,0.0000
63.767,459.0091,0.4251,253.5825,0.2510,3.8000,-0.4500,2.5424,180.4448,0.1611,0.0000,0.0000,0.0000
63.876,458.7861,0.3972,253.6067,0.2510,3.8000,-0.4500,2.5142,180.4450,358.9743,0.0000,0.0000,0.0000
63.988,458.5202,0.3722,253.6349,0.2510,3.8000,-0.4500,2.4942,180.4455,358.1542,0.0000,0.0000,0.0000
64.098,458.3021,0.3637,253.6633,0.2510,3.8000,-0.4500,2.4942,180.4455,358.1542,0.0000,0.0000,0.0000
64.209,458.0403,0.3553,253.7021,0.2510,3.8000,-0.4500,2.4942,180.4455,358.1542,0.0000,0.0000,0.0000
64.322,457.7784,0.3498,253.7437,0.2510,3.8000,-0.4500,2.4942,180.4455,358.1542,0.0000,0.0000,0.0000
64.444,457.5166,0.3479,253.7865,0.2510,3.8000,-0.4500,2.4942,180.4455,358.1542,0.0000,0.0000,0.0000
64.556,457.2987,0.3491,253.8227,0.2510,3.8000,-0.4500,2.4942,180.4455,358.1542,0.0000,0.0000,0.0000
64.668,457.0374,0.3538,253.8663,0.2510,3.8000,-0.4500,2.4942,180.4455,358.1542,0.0000,0.0000,0.0000
64.778,456.8199,0.3605,253.9027,0.2510,3.8000,-0.4500,2.4942,180.4455,358.1542,0.0000,0.0000,0.0000
64.890,456.5593,0.3716,253.9465,0.2510,3.8000,-0.4500,2.4942,180.4455,358.1542,0.0000,0.0000,0.0000
65.014,456.2992,0.3860,253.9901,0.2510,3.8000,-0.4500,2.4942,180.4455,358.1542,0.0000,0.0000,0.0000
65.126,456.0396,0.4038,254.0338,0.2510,3.8000,-0.4500,2.4942,180.4455,358.1542,0.0000,0.0000,0.0000
65.250,455.7805,0.4250,254.0773,0.2510,3.8000,-0.4500,2.4942,180.4455,358.1542,0.0000,0.0000,0.0000
65.362,455.5239,0.4554,254.1195,0.2510,3.8000,-0.4500,2.4733,180.4461,358.4945,0.0000,0.0000,0.0000
65.473,455.3085,0.4784,254.1522,0.2510,3.8000,-0.4500,2.4733,180.4461,358.4945,0.0000,0.0000,0.0000
65.584,455.0519,0.5133,254.1885,0.2510,3.8000,-0.4500,2.4609,180.4464,358.7432,0.0000,0.0000,0.0000
65.695,454.8374,0.5425,254.2159,0.2510,3.8000,-0.4500,2.4569,180.4465,358.8255,0.0000,0.0000,0.0000
65.806,454.5809,0.5816,254.2455,0.2510,3.8000,-0.4500,2.4489,180.4466,358.9911,0.0000,0.0000,0.0000
65.918,454.3676,0.6168,254.2674,0.2510,3.8000,-0.4500,2.4403,180.4468,359.1537,0.0000,0.0000,0.0000
66.028,454.1121,0.6624,254.2905,0.2510,3.8000,-0.4500,2.4254,180.4470,359.3989,0.0000,0.0000,0.0000
66.140,453.8983,0.6987,254.3069,0.2510,3.8000,-0.4500,2.4254,180.4470,359.3989,0.0000,0.0000,0.0000
66.264,453.6002,0.7550,254.3267,0.2510,3.8000,-0.4500,2.4121,180.4471,359.5613,0.0000,0.0000,0.0000
66.389,453.3446,0.8044,254.3412,0.2510,3.8000,-0.4500,2.4034,180.4471,359.6440,0.0000,0.0000,0.0000
66.500,453.1320,0.8472,254.3517,0.2510,3.8000,-0.4500,2.3943,180.4472,359.7269,0.0000,0.0000,0.0000
66.625,452.8344,0.9081,254.3645,0.2510,3.8000,-0.4500,2.3828,180.4472,359.8087,0.0000,0.0000,0.0000
66.751,452.5806,0.9631,254.3742,0.2510,3.8000,-0.4500,2.3555,180.4473,359.9721,0.0000,0.0000,0.0000
66.863,452.3259,1.0162,254.3831,0.2510,3.8000,-0.4500,2.3555,180.4473,359.9721,0.0000,0.0000,0.0000
66.973,452.1150,1.0633,254.3903,0.2510,3.8000,-0.4500,2.3168,180.4473,0.1307,0.0000,0.0000,0.0000
67.084,451.8609,1.1170,254.3986,0.2510,3.8000,-0.4500,2.3169,180.4473,0.1307,0.0000,0.0000,0.0000
67.195,451.6492,1.1616,254.4055,0.2510,3.8000,-0.4500,2.3169,180.4473,0.1307,0.0000,0.0000,0.0000
67.307,451.3965,1.2168,254.4138,0.2510,3.8000,-0.4500,2.2521,180.4470,0.2835,0.0000,0.0000,0.0000
67.418,451.1851,1.2604,254.4208,0.2510,3.8000,-0.4500,2.2521,180.4470,0.2835,0.0000,0.0000,0.0000
67.529,450.9315,1.3116,254.4296,0.2510,3.8000,-0.4500,2.2521,180.4470,0.2835,0.0000,0.0000,0.0000
67.640,450.7202,1.3531,254.4371,0.2510,3.8000,-0.4500,2.2521,180.4470,0.2835,0.0000,0.0000,0.0000
67.755,450.4675,1.4026,254.4474,0.2510,3.8000,-0.4500,2.1501,180.4464,0.4094,0.0000,0.0000,0.0000
67.876,450.2141,1.4485,254.4584,0.2510,3.8000,-0.4500,2.1501,180.4464,0.4094,0.0000,0.0000,0.0000
67.987,449.9604,1.4919,254.4703,0.2510,3.8000,-0.4500,2.1501,180.4464,0.4094,0.0000,0.0000,0.0000
68.098,449.7495,1.5261,254.4814,0.2510,3.8000,-0.4500,2.0797,180.4459,0.4507,0.0000,0.0000,0.0000
68.209,449.4961,1.5639,254.4961,0.2510,3.8000,-0.4500,1.9264,180.4446,0.5112,0.0000,0.0000,0.0000
68.320,449.2846,1.5929,254.5084,0.2510,3.8000,-0.4500,1.9264,180.4446,0.5112,0.0000,0.0000,0.0000
68.432,449.0307,1.6235,254.5253,0.2510,3.8000,-0.4500,1.7614,180.4431,0.5348,0.0000,0.0000,0.0000
68.543,448.7765,1.6506,254.5427,0.2510,3.8000,-0.4500,1.6804,180.4423,0.5440,0.0000,0.0000,0.0000
68.653,448.5644,1.6696,254.5580,0.2510,3.8000,-0.4500,1.5973,180.4415,0.5366,0.0000,0.0000,0.0000
68.780,448.3094,1.6878,254.5774,0.2510,3.8000,-0.4500,1.4317,180.4400,0.5179,0.0000,0.0000,0.0000
68.891,448.0537,1.7002,254.5977,0.2510,3.8000,-0.4500,1.1945,180.4380,0.4571,0.0000,0.0000,0.0000
69.001,447.7976,1.7098,254.6171,0.2510,3.8000,-0.4500,1.1181,180.4374,0.4284,0.0000,0.0000,0.0000
69.113,447.5839,1.7140,254.6335,0.2510,3.8000,-0.4500,1.0412,180.4368,0.3986,0.0000,0.0000,0.0000
69.224,447.3264,1.7123,254.6544,0.2510,3.8000,-0.4500,0.8139,180.4355,0.2944,0.0000,0.0000,0.0000
69.334,447.1115,1.7065,254.6719,0.2510,3.8000,-0.4500,0.5977,180.4346,0.1775,0.0000,0.0000,0.0000
69.447,446.8541,1.6996,254.6912,0.2510,3.8000,-0.4500,0.5977,180.4346,0.1775,0.0000,0.0000,0.0000
69.557,446.6383,1.6861,254.7088,0.2510,3.8000,-0.4500,0.3830,180.4341,0.0467,0.0000,0.0000,0.0000
69.668,446.3792,1.6664,254.7297,0.2510,3.8000,-0.4500,0.1741,180.4342,359.9107,0.0000,0.0000,0.0000
69.779,446.1634,1.6484,254.7465,0.2510,3.8000,-0.4500,0.1073,180.4344,359.8667,0.0000,0.0000,0.0000
69.891,445.9038,1.6215,254.7677,0.2510,3.8000,-0.4500,359.9719,180.4348,359.7744,0.0000,0.0000,0.0000
70.000,445.6876,1.5966,254.7857,0.2510,3.8000,-0.4500,359.9056,180.4351,359.7289,0.0000,0.0000,0.0000
70.112,445.4277,1.5617,254.8086,0.2510,3.8000,-0.4500,359.7686,180.4358,359.6348,0.0000,0.0000,0.0000
70.224,445.1671,1.5213,254.8332,0.2510,3.8000,-0.4500,359.5587,180.4374,359.4922,0.0000,0.0000,0.0000
70.336,444.9507,1.4881,254.8538,0.2510,3.8000,-0.4500,359.5587,180.4374,359.4922,0.0000,0.0000,0.0000
70.446,444.6898,1.4396,254.8815,0.2510,3.8000,-0.4500,359.2819,180.4403,359.3121,0.0000,0.0000,0.0000
70.557,444.4734,1.4010,254.9046,0.2510,3.8000,-0.4500,359.2819,180.4403,359.3121,0.0000,0.0000,0.0000
70.681,444.1701,1.3422,254.9392,0.2510,3.8000,-0.4500,359.2136,180.4412,359.2715,0.0000,0.0000,0.0000
70.794,443.9531,1.2963,254.9656,0.2510,3.8000,-0.4500,359.0709,180.4431,359.1913,0.0000,0.0000,0.0000
70.903,443.6934,1.2419,254.9974,0.2510,3.8000,-0.4500,359.0709,180.4431,359.1913,0.0000,0.0000,0.0000
71.015,443.4765,1.1925,255.0258,0.2510,3.8000,-0.4500,358.9224,180.4453,359.1174,0.0000,0.0000,0.0000
71.126,443.2169,1.1345,255.0600,0.2510,3.8000,-0.4500,358.9224,180.4453,359.1174,0.0000,0.0000,0.0000
71.237,443.0002,1.0817,255.0907,0.2510,3.8000,-0.4500,358.6926,180.4490,359.0277,0.0000,0.0000,0.0000
71.347,442.7409,1.0213,255.1272,0.2510,3.8000,-0.4500,358.6925,180.4490,359.0277,0.0000,0.0000,0.0000
71.459,442.5249,0.9704,255.1586,0.2510,3.8000,-0.4500,358.6925,180.4490,359.0277,0.0000,0.0000,0.0000
71.570,442.2658,0.9079,255.1975,0.2510,3.8000,-0.4500,358.6114,180.4504,359.0125,0.0000,0.0000,0.0000
71.683,442.0067,0.8461,255.2365,0.2510,3.8000,-0.4500,358.6114,180.4504,359.0125,0.0000,0.0000,0.0000
71.793,441.7910,0.7932,255.2704,0.2510,3.8000,-0.4500,358.4475,180.4532,359.0014,0.0000,0.0000,0.0000
71.904,441.5323,0.7319,255.3102,0.2510,3.8000,-0.4500,358.4475,180.4532,359.0014,0.0000,0.0000,0.0000
72.015,441.3169,0.6813,255.3435,0.2510,3.8000,-0.4500,358.4475,180.4532,359.0014,0.0000,0.0000,0.0000
72.126,441.0588,0.6207,255.3846,0.2510,3.8000,-0.4500,358.2846,180.4560,359.0312,0.0000,0.0000,0.0000
72.237,440.8438,0.5716,255.4177,0.2510,3.8000,-0.4500,358.2846,180.4560,359.0312,0.0000,0.0000,0.0000
72.348,440.5860,0.5139,255.4574,0.2510,3.8000,-0.4500,358.2846,180.4560,359.0312,0.0000,0.0000,0.0000
72.473,440.3286,0.4576,255.4975,0.2510,3.8000,-0.4500,358.2088,180.4573,359.0646,0.0000,0.0000,0.0000
72.583,440.0711,0.4027,255.5371,0.2510,3.8000,-0.4500,358.2088,180.4573,359.0646,0.0000,0.0000,0.0000
72.709,439.8147,0.3499,255.5778,0.2510,3.8000,-0.4500,357.9957,180.4605,359.1952,0.0000,0.0000,0.0000
72.820,439.6004,0.3066,255.6098,0.2510,3.8000,-0.4500,357.9957,180.4605,359.1952,0.0000,0.0000,0.0000
72.931,439.3434,0.2559,255.6477,0.2510,3.8000,-0.4500,357.9957,180.4605,359.1952,0.0000,0.0000,0.0000
73.042,439.0865,0.2066,255.6855,0.2510,3.8000,-0.4500,357.9957,180.4605,359.1952,0.0000,0.0000,0.0000
73.167,438.8309,0.1596,255.7236,0.2510,3.8000,-0.4500,357.8784,180.4620,359.3175,0.0000,0.0000,0.0000
73.278,438.6174,0.1201,255.7541,0.2510,3.8000,-0.4500,357.8784,180.4620,359.3175,0.0000,0.0000,0.0000
73.403,438.3186,0.0655,255.7960,0.2510,3.8000,-0.4500,357.8784,180.4621,359.3175,0.0000,0.0000,0.0000
73.514,438.1053,0.0268,255.8258,0.2510,3.8000,-0.4500,357.8784,180.4621,359.3175,0.0000,0.0000,0.0000
73.639,437.8493,-0.0196,255.8613,0.2510,3.8000,-0.4500,357.8784,180.4621,359.3175,0.0000,0.0000,0.0000
73.751,437.5933,-0.0660,255.8968,0.2510,3.8000,-0.4500,357.8784,180.4621,359.3176,0.0000,0.0000,0.0000
73.862,437.3375,-0.1125,255.9323,0.2510,3.8000,-0.4500,357.8783,180.4621,359.3176,0.0000,0.0000,0.0000
73.973,437.1243,-0.1513,255.9618,0.2510,3.8000,-0.4500,357.8783,180.4621,359.3175,0.0000,0.0000,0.0000
74.084,436.8685,-0.1977,255.9973,0.2510,3.8000,-0.4500,357.8783,180.4621,359.3175,0.0000,0.0000,0.0000
74.195,436.6554,-0.2363,256.0269,0.2510,3.8000,-0.4500,357.8784,180.4621,359.3176,0.0000,0.0000,0.0000
74.320,436.4000,-0.2817,256.0627,0.2510,3.8000,-0.4500,357.8274,180.4626,359.3811,0.0000,0.0000,0.0000
74.431,436.1440,-0.3276,256.0977,0.2510,3.8000,-0.4500,357.8274,180.4626,359.3811,0.0000,0.0000,0.0000
74.543,435.8880,-0.3734,256.1322,0.2510,3.8000,-0.4500,357.8274,180.4626,359.3811,0.0000,0.0000,0.0000
74.653,435.6752,-0.4107,256.1610,0.2510,3.8000,-0.4500,357.7772,180.4632,359.4437,0.0000,0.0000,0.0000
74.765,435.4194,-0.4561,256.1947,0.2510,3.8000,-0.4500,357.7772,180.4632,359.4437,0.0000,0.0000,0.0000
74.876,435.2062,-0.4938,256.2223,0.2510,3.8000,-0.4500,357.7772,180.4632,359.4437,0.0000,0.0000,0.0000
74.987,434.9507,-0.5380,256.2553,0.2510,3.8000,-0.4500,357.7261,180.4636,359.5067,0.0000,0.0000,0.0000
75.098,434.7375,-0.5750,256.2823,0.2510,3.8000,-0.4500,357.7261,180.4636,359.5067,0.0000,0.0000,0.0000
75.209,434.4822,-0.6182,256.3145,0.2510,3.8000,-0.4500,357.6733,180.4640,359.5728,0.0000,0.0000,0.0000
75.320,434.2696,-0.6535,256.3412,0.2510,3.8000,-0.4500,357.6209,180.4644,359.6403,0.0000,0.0000,0.0000
75.431,434.0148,-0.6944,256.3728,0.2510,3.8000,-0.4500,357.5201,180.4649,359.7716,0.0000,0.0000,0.0000
75.555,433.7592,-0.7358,256.4029,0.2510,3.8000,-0.4500,357.5201,180.4649,359.7716,0.0000,0.0000,0.0000
75.681,433.5044,-0.7752,256.4330,0.2510,3.8000,-0.4500,357.4741,180.4651,359.8392,0.0000,0.0000,0.0000
75.792,433.2497,-0.8132,256.4629,0.2510,3.8000,-0.4500,357.4296,180.4652,359.9078,0.0000,0.0000,0.0000
75.903,432.9957,-0.8487,256.4926,0.2510,3.8000,-0.4500,357.3445,180.4652,0.0525,0.0000,0.0000,0.0000
76.014,432.7833,-0.8786,256.5167,0.2510,3.8000,-0.4500,357.3445,180.4652,0.0525,0.0000,0.0000,0.0000
76.125,432.5293,-0.9120,256.5460,0.2510,3.8000,-0.4500,357.3070,180.4651,0.1244,0.0000,0.0000,0.0000
76.236,432.3180,-0.9382,256.5706,0.2510,3.8000,-0.4500,357.2715,180.4650,0.1977,0.0000,0.0000,0.0000
76.348,432.0646,-0.9680,256.6006,0.2510,3.8000,-0.4500,357.2385,180.4649,0.2718,0.0000,0.0000,0.0000
76.459,431.8543,-0.9900,256.6263,0.2510,3.8000,-0.4500,357.1775,180.4645,0.4295,0.0000,0.0000,0.0000
76.569,431.6017,-1.0162,256.6578,0.2510,3.8000,-0.4500,357.1485,180.4643,0.5064,0.0000,0.0000,0.0000
76.683,431.3495,-1.0404,256.6906,0.2510,3.8000,-0.4500,357.1253,180.4641,0.5834,0.0000,0.0000,0.0000
76.791,431.1394,-1.0600,256.7185,0.2510,3.8000,-0.4500,357.1253,180.4641,0.5834,0.0000,0.0000,0.0000
76.904,430.8888,-1.0791,256.7536,0.2510,3.8000,-0.4500,357.0830,180.4636,0.7480,0.0000,0.0000,0.0000
77.015,430.6792,-1.0957,256.7838,0.2510,3.8000,-0.4500,357.0830,180.4636,0.7480,0.0000,0.0000,0.0000
77.125,430.4299,-1.1099,256.8219,0.2510,3.8000,-0.4500,357.0326,180.4628,0.9955,0.0000,0.0000,0.0000
77.237,430.2213,-1.1236,256.8552,0.2510,3.8000,-0.4500,357.0326,180.4628,0.9955,0.0000,0.0000,0.0000
77.348,429.9714,-1.1384,256.8968,0.2510,3.8000,-0.4500,357.0326,180.4628,0.9955,0.0000,0.0000,0.0000
77.459,429.7640,-1.1482,256.9328,0.2510,3.8000,-0.4500,357.0203,180.4626,1.0763,0.0000,0.0000,0.0000
77.569,429.5167,-1.1561,256.9778,0.2510,3.8000,-0.4500,356.9879,180.4619,1.3207,0.0000,0.0000,0.0000
77.695,429.2682,-1.1666,257.0250,0.2510,3.8000,-0.4500,356.9879,180.4619,1.3207,0.0000,0.0000,0.0000
77.806,429.0202,-1.1758,257.0743,0.2510,3.8000,-0.4500,356.9879,180.4619,1.3207,0.0000,0.0000,0.0000
77.917,428.8138,-1.1825,257.1162,0.2510,3.8000,-0.4500,356.9879,180.4619,1.3207,0.0000,0.0000,0.0000
78.028,428.5676,-1.1869,257.1683,0.2510,3.8000,-0.4500,356.9709,180.4615,1.4838,0.0000,0.0000,0.0000
78.139,428.3618,-1.1921,257.2129,0.2510,3.8000,-0.4500,356.9709,180.4615,1.4838,0.0000,0.0000,0.0000
78.250,428.1151,-1.1977,257.2675,0.2510,3.8000,-0.4500,356.9709,180.4615,1.4838,0.0000,0.0000,0.0000
78.361,427.8692,-1.2013,257.3230,0.2510,3.8000,-0.4500,356.9619,180.4612,1.5661,0.0000,0.0000,0.0000
78.472,427.6640,-1.2051,257.3701,0.2510,3.8000,-0.4500,356.9619,180.4612,1.5661,0.0000,0.0000,0.0000
78.585,427.4180,-1.2092,257.4273,0.2510,3.8000,-0.4500,356.9619,180.4612,1.5661,0.0000,0.0000,0.0000
78.694,427.2131,-1.2125,257.4755,0.2510,3.8000,-0.4500,356.9619,180.4612,1.5661,0.0000,0.0000,0.0000
78.807,426.9687,-1.2137,257.5340,0.2510,3.8000,-0.4500,356.9388,180.4606,1.7309,0.0000,0.0000,0.0000
78.917,426.7641,-1.2169,257.5838,0.2510,3.8000,-0.4500,356.9388,180.4606,1.7309,0.0000,0.0000,0.0000
79.041,426.4779,-1.2217,257.6549,0.2510,3.8000,-0.4500,356.9388,180.4606,1.7309,0.0000,0.0000,0.0000
79.153,426.2735,-1.2252,257.7062,0.2510,3.8000,-0.4500,356.9388,180.4606,1.7309,0.0000,0.0000,0.0000
79.264,426.0284,-1.2297,257.7680,0.2510,3.8000,-0.4500,356.9388,180.4606,1.7309,0.0000,0.0000,0.0000
79.375,425.8241,-1.2337,257.8198,0.2510,3.8000,-0.4500,356.9388,180.4606,1.7309,0.0000,0.0000,0.0000
79.499,425.5790,-1.2388,257.8820,0.2510,3.8000,-0.4500,356.9388,180.4606,1.7309,0.0000,0.0000,0.0000
79.611,425.3339,-1.2443,257.9444,0.2510,3.8000,-0.4500,356.9388,180.4606,1.7309,0.0000,0.0000,0.0000
79.722,425.0887,-1.2501,258.0067,0.2510,3.8000,-0.4500,356.9388,180.4606,1.7309,0.0000,0.0000,0.0000
79.834,424.8842,-1.2552,258.0587,0.2510,3.8000,-0.4500,356.9388,180.4606,1.7309,0.0000,0.0000,0.0000
79.945,424.6389,-1.2616,258.1211,0.2510,3.8000,-0.4500,356.9388,180.4606,1.7309,0.0000,0.0000,0.0000
80.056,424.4344,-1.2672,258.1732,0.2510,3.8000,-0.4500,356.9388,180.4606,1.7309,0.0000,0.0000,0.0000
80.167,424.1889,-1.2739,258.2356,0.2510,3.8000,-0.4500,356.9388,180.4606,1.7309,0.0000,0.0000,0.0000
80.292,423.9434,-1.2807,258.2980,0.2510,3.8000,-0.4500,356.9388,180.4606,1.7309,0.0000,0.0000,0.0000
80.403,423.6978,-1.2874,258.3605,0.2510,3.8000,-0.4500,356.9388,180.4606,1.7309,0.0000,0.0000,0.0000
80.514,423.4930,-1.2929,258.4124,0.2510,3.8000,-0.4500,356.9388,180.4606,1.7309,0.0000,0.0000,0.0000
80.625,423.2473,-1.2990,258.4747,0.2510,3.8000,-0.4500,356.9388,180.4606,1.7309,0.0000,0.0000,0.0000
80.750,423.0016,-1.3046,258.5370,0.2510,3.8000,-0.4500,356.9388,180.4606,1.7309,0.0000,0.0000,0.0000
80.861,422.7557,-1.3095,258.5991,0.2510,3.8000,-0.4500,356.9388,180.4606,1.7309,0.0000,0.0000,0.0000
80.972,422.5508,-1.3128,258.6507,0.2510,3.8000,-0.4500,356.9388,180.4606,1.7309,0.0000,0.0000,0.0000
81.097,422.3050,-1.3158,258.7125,0.2510,3.8000,-0.4500,356.9388,180.4606,1.7309,0.0000,0.0000,0.0000
81.222,422.0182,-1.3174,258.7843,0.2510,3.8000,-0.4500,356.9388,180.4606,1.7309,0.0000,0.0000,0.0000
81.334,421.8133,-1.3173,258.8354,0.2510,3.8000,-0.4500,356.9388,180.4606,1.7309,0.0000,0.0000,0.0000
81.444,421.5674,-1.3154,258.8965,0.2510,3.8000,-0.4500,356.9388,180.4606,1.7309,0.0000,0.0000,0.0000
81.557,421.3626,-1.3123,258.9472,0.2510,3.8000,-0.4500,356.9388,180.4606,1.7309,0.0000,0.0000,0.0000
81.680,421.1172,-1.3052,259.0074,0.2510,3.8000,-0.4500,357.0082,180.4627,1.7761,0.0000,0.0000,0.0000
81.791,420.8723,-1.2943,259.0673,0.2510,3.8000,-0.4500,357.1536,180.4673,1.8584,0.0000,0.0000,0.0000
81.903,420.6272,-1.2822,259.1284,0.2510,3.8000,-0.4500,357.2279,180.4698,1.8934,0.0000,0.0000,0.0000
82.013,420.4233,-1.2686,259.1793,0.2510,3.8000,-0.4500,357.3855,180.4751,1.9572,0.0000,0.0000,0.0000
82.124,420.1787,-1.2501,259.2415,0.2510,3.8000,-0.4500,357.5374,180.4803,2.0138,0.0000,0.0000,0.0000
82.235,419.9747,-1.2341,259.2948,0.2510,3.8000,-0.4500,357.5374,180.4803,2.0138,0.0000,0.0000,0.0000
82.347,419.7313,-1.2067,259.3569,0.2510,3.8000,-0.4500,357.9481,180.4952,2.1230,0.0000,0.0000,0.0000
82.458,419.5280,-1.1855,259.4114,0.2510,3.8000,-0.4500,357.9481,180.4952,2.1230,0.0000,0.0000,0.0000
82.569,419.2845,-1.1550,259.4763,0.2510,3.8000,-0.4500,358.1109,180.5013,2.1560,0.0000,0.0000,0.0000
82.681,419.0412,-1.1208,259.5417,0.2510,3.8000,-0.4500,358.2758,180.5075,2.1867,0.0000,0.0000,0.0000
82.792,418.8390,-1.0881,259.5956,0.2510,3.8000,-0.4500,358.5334,180.5175,2.2299,0.0000,0.0000,0.0000
82.917,418.5964,-1.0470,259.6614,0.2510,3.8000,-0.4500,358.6959,180.5238,2.2564,0.0000,0.0000,0.0000
83.026,418.3542,-1.0012,259.7271,0.2510,3.8000,-0.4500,358.9414,180.5336,2.2927,0.0000,0.0000,0.0000
83.138,418.1523,-0.9621,259.7829,0.2510,3.8000,-0.4500,358.9414,180.5336,2.2927,0.0000,0.0000,0.0000
83.250,417.9108,-0.9082,259.8477,0.2510,3.8000,-0.4500,359.2819,180.5474,2.3408,0.0000,0.0000,0.0000
83.360,417.7094,-0.8632,259.9035,0.2510,3.8000,-0.4500,359.2819,180.5474,2.3408,0.0000,0.0000,0.0000
83.473,417.4685,-0.8021,259.9680,0.2510,3.8000,-0.4500,359.6118,180.5610,2.3872,0.0000,0.0000,0.0000
83.583,417.2278,-0.7395,260.0341,0.2510,3.8000,-0.4500,359.6938,180.5644,2.3999,0.0000,0.0000,0.0000
83.708,416.9875,-0.6717,260.0995,0.2510,3.8000,-0.4500,359.8596,180.5714,2.4272,0.0000,0.0000,0.0000
83.820,416.7878,-0.6106,260.1532,0.2510,3.8000,-0.4500,0.1047,180.5819,2.4759,0.0000,0.0000,0.0000
83.930,416.5487,-0.5334,260.2180,0.2510,3.8000,-0.4500,0.3449,180.5924,2.5374,0.0000,0.0000,0.0000
84.041,416.3099,-0.4534,260.2839,0.2510,3.8000,-0.4500,0.4233,180.5959,2.5619,0.0000,0.0000,0.0000
84.153,416.1118,-0.3820,260.3384,0.2510,3.8000,-0.4500,0.5802,180.6030,2.6127,0.0000,0.0000,0.0000
84.263,415.8745,-0.2922,260.4044,0.2510,3.8000,-0.4500,0.7418,180.6105,2.6764,0.0000,0.0000,0.0000
84.388,415.6382,-0.1977,260.4710,0.2510,3.8000,-0.4500,0.8989,180.6179,2.7404,0.0000,0.0000,0.0000
84.500,415.4419,-0.1151,260.5269,0.2510,3.8000,-0.4500,1.0475,180.6251,2.8100,0.0000,0.0000,0.0000
84.610,415.2070,-0.0125,260.5949,0.2510,3.8000,-0.4500,1.1986,180.6326,2.8863,0.0000,0.0000,0.0000
84.724,414.9727,0.0928,260.6643,0.2510,3.8000,-0.4500,1.2727,180.6364,2.9243,0.0000,0.0000,0.0000
84.833,414.7785,0.1850,260.7223,0.2510,3.8000,-0.4500,1.4185,180.6439,3.0045,0.0000,0.0000,0.0000
84.943,414.5456,0.2969,260.7934,0.2510,3.8000,-0.4500,1.4900,180.6477,3.0452,0.0000,0.0000,0.0000
85.054,414.3521,0.3928,260.8533,0.2510,3.8000,-0.4500,1.5610,180.6515,3.0859,0.0000,0.0000,0.0000
85.179,414.1203,0.5100,260.9259,0.2510,3.8000,-0.4500,1.6332,180.6554,3.1279,0.0000,0.0000,0.0000
85.291,413.8897,0.6321,260.9980,0.2510,3.8000,-0.4500,1.8499,180.6675,3.2531,0.0000,0.0000,0.0000
85.402,413.6587,0.7521,261.0729,0.2510,3.8000,-0.4500,1.8499,180.6675,3.2531,0.0000,0.0000,0.0000
85.515,413.4666,0.8532,261.1360,0.2510,3.8000,-0.4500,1.8499,180.6675,3.2531,0.0000,0.0000,0.0000
85.624,413.2362,0.9753,261.2121,0.2510,3.8000,-0.4500,1.8499,180.6675,3.2531,0.0000,0.0000,0.0000
85.735,413.0443,1.0772,261.2757,0.2510,3.8000,-0.4500,1.8499,180.6675,3.2531,0.0000,0.0000,0.0000
85.846,412.8139,1.1996,261.3521,0.2510,3.8000,-0.4500,1.8499,180.6675,3.2531,0.0000,0.0000,0.0000
85.958,412.6219,1.3011,261.4159,0.2510,3.8000,-0.4500,1.8499,180.6675,3.2530,0.0000,0.0000,0.0000
86.082,412.3529,1.4420,261.5053,0.2510,3.8000,-0.4500,1.8499,180.6675,3.2531,0.0000,0.0000,0.0000
86.193,412.1605,1.5412,261.5692,0.2510,3.8000,-0.4500,1.8499,180.6675,3.2531,0.0000,0.0000,0.0000
86.304,411.9293,1.6583,261.6460,0.2510,3.8000,-0.4500,1.8499,180.6675,3.2531,0.0000,0.0000,0.0000
86.415,411.7361,1.7537,261.7103,0.2510,3.8000,-0.4500,1.8499,180.6675,3.2531,0.0000,0.0000,0.0000
86.526,411.5039,1.8650,261.7877,0.2510,3.8000,-0.4500,1.8499,180.6675,3.2531,0.0000,0.0000,0.0000
86.651,411.2711,1.9722,261.8656,0.2510,3.8000,-0.4500,1.8499,180.6675,3.2531,0.0000,0.0000,0.0000
86.762,411.0377,2.0748,261.9440,0.2510,3.8000,-0.4500,1.8499,180.6675,3.2531,0.0000,0.0000,0.0000
86.888,410.8034,2.1721,262.0229,0.2510,3.8000,-0.4500,1.8499,180.6675,3.2531,0.0000,0.0000,0.0000
86.998,410.6074,2.2487,262.0892,0.2510,3.8000,-0.4500,1.8499,180.6675,3.2531,0.0000,0.0000,0.0000
87.124,410.3320,2.3485,262.1829,0.2510,3.8000,-0.4500,1.8499,180.6675,3.2531,0.0000,0.0000,0.0000
87.235,410.1317,2.4079,262.2505,0.2510,3.8000,-0.4500,1.8162,180.6657,2.9169,0.0000,0.0000,0.0000
87.346,409.8919,2.4765,262.3288,0.2510,3.8000,-0.4500,1.7773,180.6638,2.7604,0.0000,0.0000,0.0000
87.457,409.6898,2.5251,262.3922,0.2510,3.8000,-0.4500,1.6698,180.6588,2.5198,0.0000,0.0000,0.0000
87.583,409.4050,2.5840,262.4755,0.2510,3.8000,-0.4500,1.5100,180.6523,2.2243,0.0000,0.0000,0.0000
87.693,409.1994,2.6169,262.5315,0.2510,3.8000,-0.4500,1.3163,180.6452,1.9437,0.0000,0.0000,0.0000
87.805,408.9521,2.6511,262.5931,0.2510,3.8000,-0.4500,1.1623,180.6403,1.7439,0.0000,0.0000,0.0000
87.915,408.7444,2.6716,262.6408,0.2510,3.8000,-0.4500,1.0003,180.6356,1.5456,0.0000,0.0000,0.0000
88.027,408.4932,2.6870,262.6933,0.2510,3.8000,-0.4500,0.7803,180.6302,1.2918,0.0000,0.0000,0.0000
88.137,408.2818,2.6901,262.7339,0.2510,3.8000,-0.4500,0.4964,180.6245,0.9789,0.0000,0.0000,0.0000
88.249,408.0282,2.6894,262.7768,0.2510,3.8000,-0.4500,0.3247,180.6219,0.7953,0.0000,0.0000,0.0000
88.361,407.7718,2.6746,262.8164,0.2510,3.8000,-0.4500,359.9771,180.6181,0.4308,0.0000,0.0000,0.0000
88.471,407.5582,2.6595,262.8451,0.2510,3.8000,-0.4500,359.8616,180.6174,0.3124,0.0000,0.0000,0.0000
88.583,407.3001,2.6301,262.8772,0.2510,3.8000,-0.4500,359.6262,180.6166,0.0730,0.0000,0.0000,0.0000
88.707,407.0406,2.5897,262.9079,0.2510,3.8000,-0.4500,359.3313,180.6170,359.7777,0.0000,0.0000,0.0000
88.818,406.8246,2.5522,262.9324,0.2510,3.8000,-0.4500,359.2063,180.6176,359.6551,0.0000,0.0000,0.0000
88.931,406.5639,2.4947,262.9637,0.2510,3.8000,-0.4500,358.8942,180.6203,359.3521,0.0000,0.0000,0.0000
89.040,406.3469,2.4421,262.9909,0.2510,3.8000,-0.4500,358.7109,180.6227,359.1786,0.0000,0.0000,0.0000
89.151,406.0866,2.3719,263.0264,0.2510,3.8000,-0.4500,358.5309,180.6255,359.0101,0.0000,0.0000,0.0000
89.262,405.8255,2.2904,263.0662,0.2510,3.8000,-0.4500,358.2179,180.6317,358.7278,0.0000,0.0000,0.0000
89.374,405.6091,2.2212,263.1012,0.2510,3.8000,-0.4500,358.1541,180.6332,358.6723,0.0000,0.0000,0.0000
89.485,405.3488,2.1285,263.1479,0.2510,3.8000,-0.4500,357.9589,180.6380,358.5044,0.0000,0.0000,0.0000
89.596,405.1320,2.0453,263.1901,0.2510,3.8000,-0.4500,357.7653,180.6433,358.3441,0.0000,0.0000,0.0000
89.707,404.8722,1.9404,263.2442,0.2510,3.8000,-0.4500,357.5698,180.6492,358.1900,0.0000,0.0000,0.0000
89.818,404.6561,1.8493,263.2920,0.2510,3.8000,-0.4500,357.4389,180.6535,358.0901,0.0000,0.0000,0.0000
89.929,404.3968,1.7341,263.3530,0.2510,3.8000,-0.4500,357.2297,180.6608,357.9431,0.0000,0.0000,0.0000
90.046,404.1385,1.6172,263.4165,0.2510,3.8000,-0.4500,357.1619,180.6632,357.8964,0.0000,0.0000,0.0000
90.166,403.8802,1.4951,263.4830,0.2510,3.8000,-0.4500,357.0252,180.6683,357.8115,0.0000,0.0000,0.0000
90.277,403.6652,1.3918,263.5400,0.2510,3.8000,-0.4500,356.9518,180.6712,357.7718,0.0000,0.0000,0.0000
90.388,403.4075,1.2659,263.6099,0.2510,3.8000,-0.4500,356.8778,180.6741,357.7324,0.0000,0.0000,0.0000
90.499,403.1928,1.1595,263.6693,0.2510,3.8000,-0.4500,356.8015,180.6771,357.6996,0.0000,0.0000,0.0000
90.610,402.9356,1.0313,263.7419,0.2510,3.8000,-0.4500,356.7259,180.6802,357.6688,0.0000,0.0000,0.0000
90.721,402.6787,0.9040,263.8152,0.2510,3.8000,-0.4500,356.7259,180.6802,357.6688,0.0000,0.0000,0.0000
90.832,402.4646,0.7975,263.8773,0.2510,3.8000,-0.4500,356.6466,180.6834,357.6531,0.0000,0.0000,0.0000
90.957,402.2080,0.6719,263.9521,0.2510,3.8000,-0.4500,356.6466,180.6834,357.6531,0.0000,0.0000,0.0000
91.068,401.9517,0.5484,264.0275,0.2510,3.8000,-0.4500,356.6466,180.6834,357.6531,0.0000,0.0000,0.0000
91.180,401.7383,0.4476,264.0907,0.2510,3.8000,-0.4500,356.6466,180.6834,357.6531,0.0000,0.0000,0.0000
91.305,401.4400,0.3103,264.1801,0.2510,3.8000,-0.4500,356.5720,180.6865,357.6862,0.0000,0.0000,0.0000
91.429,401.1842,0.1971,264.2561,0.2510,3.8000,-0.4500,356.5720,180.6865,357.6862,0.0000,0.0000,0.0000
91.541,400.9295,0.0899,264.3329,0.2510,3.8000,-0.4500,356.4547,180.6911,357.8066,0.0000,0.0000,0.0000
91.652,400.7167,0.0036,264.3954,0.2510,3.8000,-0.4500,356.4547,180.6911,357.8066,0.0000,0.0000,0.0000
91.763,400.4629,-0.0915,264.4701,0.2510,3.8000,-0.4500,356.3469,180.6950,358.0352,0.0000,0.0000,0.0000
91.874,400.2506,-0.1674,264.5296,0.2510,3.8000,-0.4500,356.3283,180.6957,358.1130,0.0000,0.0000,0.0000
91.999,399.9969,-0.2495,264.5985,0.2510,3.8000,-0.4500,356.3045,180.6964,358.3594,0.0000,0.0000,0.0000
92.110,399.7426,-0.3259,264.6632,0.2510,3.8000,-0.4500,356.3145,180.6961,358.5239,0.0000,0.0000,0.0000
92.221,399.4887,-0.3931,264.7235,0.2510,3.8000,-0.4500,356.3606,180.6951,358.7741,0.0000,0.0000,0.0000
92.333,399.2778,-0.4409,264.7698,0.2510,3.8000,-0.4500,356.4607,180.6932,359.0945,0.0000,0.0000,0.0000
92.444,399.0233,-0.4959,264.8209,0.2510,3.8000,-0.4500,356.5279,180.6922,359.2481,0.0000,0.0000,0.0000
92.569,398.7687,-0.5434,264.8675,0.2510,3.8000,-0.4500,356.5988,180.6914,359.3995,0.0000,0.0000,0.0000
92.680,398.5578,-0.5731,264.9028,0.2510,3.8000,-0.4500,356.7764,180.6900,359.7033,0.0000,0.0000,0.0000
92.791,398.3037,-0.6070,264.9427,0.2510,3.8000,-0.4500,356.8683,180.6896,359.8439,0.0000,0.0000,0.0000
92.902,398.0502,-0.6323,264.9800,0.2510,3.8000,-0.4500,357.0156,180.6895,0.0489,0.0000,0.0000,0.0000
93.013,397.8400,-0.6459,265.0094,0.2510,3.8000,-0.4500,357.2291,180.6902,0.3057,0.0000,0.0000,0.0000
93.124,397.5862,-0.6637,265.0457,0.2510,3.8000,-0.4500,357.2291,180.6902,0.3057,0.0000,0.0000,0.0000
93.235,397.3772,-0.6661,265.0744,0.2510,3.8000,-0.4500,357.5396,180.6927,0.6122,0.0000,0.0000,0.0000
93.346,397.1252,-0.6701,265.1110,0.2510,3.8000,-0.4500,357.6633,180.6941,0.7159,0.0000,0.0000,0.0000
93.458,396.9159,-0.6688,265.1424,0.2510,3.8000,-0.4500,357.7920,180.6958,0.8141,0.0000,0.0000,0.0000
93.568,396.6651,-0.6625,265.1812,0.2510,3.8000,-0.4500,357.9272,180.6979,0.9085,0.0000,0.0000,0.0000
93.680,396.4572,-0.6512,265.2141,0.2510,3.8000,-0.4500,358.1365,180.7014,1.0470,0.0000,0.0000,0.0000
93.791,396.2081,-0.6330,265.2552,0.2510,3.8000,-0.4500,358.3529,180.7056,1.1811,0.0000,0.0000,0.0000
93.916,395.9594,-0.6103,265.2987,0.2510,3.8000,-0.4500,358.4927,180.7086,1.2671,0.0000,0.0000,0.0000
94.027,395.7123,-0.5786,265.3428,0.2510,3.8000,-0.4500,358.7755,180.7153,1.4398,0.0000,0.0000,0.0000
94.138,395.5063,-0.5504,265.3822,0.2510,3.8000,-0.4500,358.8442,180.7171,1.4820,0.0000,0.0000,0.0000
94.264,395.2203,-0.4987,265.4379,0.2510,3.8000,-0.4500,359.1947,180.7268,1.7014,0.0000,0.0000,0.0000
94.374,395.0164,-0.4582,265.4801,0.2510,3.8000,-0.4500,359.3355,180.7311,1.7920,0.0000,0.0000,0.0000
94.501,394.7326,-0.3926,265.5411,0.2510,3.8000,-0.4500,359.6136,180.7402,1.9732,0.0000,0.0000,0.0000
94.610,394.5301,-0.3428,265.5873,0.2510,3.8000,-0.4500,359.6852,180.7427,2.0206,0.0000,0.0000,0.0000
94.735,394.2890,-0.2748,265.6437,0.2510,3.8000,-0.4500,359.9007,180.7506,2.1638,0.0000,0.0000,0.0000
94.847,394.0493,-0.1995,265.7017,0.2510,3.8000,-0.4500,0.1787,180.7616,2.3492,0.0000,0.0000,0.0000
94.958,393.8497,-0.1356,265.7529,0.2510,3.8000,-0.4500,0.2464,180.7644,2.3941,0.0000,0.0000,0.0000
95.069,393.6117,-0.0513,265.8152,0.2510,3.8000,-0.4500,0.4557,180.7734,2.5320,0.0000,0.0000,0.0000
95.180,393.4136,0.0208,265.8694,0.2510,3.8000,-0.4500,0.5282,180.7766,2.5784,0.0000,0.0000,0.0000
95.291,393.1850,0.1117,265.7935,0.2510,3.8000,-0.4500,0.7452,180.7866,2.7162,0.0000,0.0000,0.0000
95.402,392.9723,0.1953,265.4366,0.2510,3.8000,-0.4500,0.8174,180.7901,2.7587,0.0000,0.0000,0.0000
95.513,392.8046,0.2626,264.9828,0.2510,3.8000,-0.4500,0.9612,180.7971,2.8422,0.0000,0.0000,0.0000
95.624,392.6082,0.3373,264.3417,0.2510,3.8000,-0.4500,0.9612,180.7971,2.8422,0.0000,0.0000,0.0000
95.735,392.4473,0.4003,263.7692,0.2510,3.8000,-0.4500,1.1089,180.8046,2.9107,0.0000,0.0000,0.0000
95.847,392.2546,0.4723,263.0677,0.2510,3.8000,-0.4500,1.1089,180.8046,2.9107,0.0000,0.0000,0.0000
95.957,392.0946,0.5317,262.4734,0.2510,3.8000,-0.4500,1.1089,180.8046,2.9107,0.0000,0.0000,0.0000
96.069,391.9027,0.6033,261.7603,0.2510,3.8000,-0.4500,1.1879,180.8086,2.9333,0.0000,0.0000,0.0000
96.180,391.7380,0.6650,261.2452,0.2510,3.8000,-0.4500,1.2653,180.8126,2.9525,0.0000,0.0000,0.0000
96.291,391.5307,0.7428,260.7704,0.2510,3.8000,-0.4500,1.2653,180.8126,2.9525,0.0000,0.0000,0.0000
96.401,391.3135,0.8277,260.4370,0.2510,3.8000,-0.4500,1.4297,180.8211,2.9627,0.0000,0.0000,0.0000
96.513,391.1262,0.9007,260.2408,0.2510,3.8000,-0.4500,1.4297,180.8211,2.9627,0.0000,0.0000,0.0000
96.626,390.8966,0.9917,260.0659,0.2510,3.8000,-0.4500,1.5928,180.8295,2.9400,0.0000,0.0000,0.0000
96.735,390.7025,1.0686,259.9748,0.2510,3.8000,-0.4500,1.6715,180.8336,2.9271,0.0000,0.0000,0.0000
96.847,390.4680,1.1626,259.9431,0.2510,3.8000,-0.4500,1.6715,180.8336,2.9271,0.0000,0.0000,0.0000
96.958,390.2712,1.2415,259.9535,0.2510,3.8000,-0.4500,1.7462,180.8374,2.8901,0.0000,0.0000,0.0000
97.069,390.0342,1.3354,259.9903,0.2510,3.8000,-0.4500,1.8204,180.8411,2.8516,0.0000,0.0000,0.0000
97.194,389.7953,1.4264,260.0407,0.2510,3.8000,-0.4500,2.0185,180.8507,2.6968,0.0000,0.0000,0.0000
97.305,389.5564,1.5158,260.0986,0.2510,3.8000,-0.4500,2.0185,180.8507,2.6968,0.0000,0.0000,0.0000
97.416,389.3546,1.5849,260.1480,0.2510,3.8000,-0.4500,2.2257,180.8600,2.4321,0.0000,0.0000,0.0000
97.527,389.1135,1.6679,260.2082,0.2510,3.8000,-0.4500,2.2257,180.8600,2.4321,0.0000,0.0000,0.0000
97.638,388.9099,1.7310,260.2568,0.2510,3.8000,-0.4500,2.3352,180.8644,2.2082,0.0000,0.0000,0.0000
97.748,388.6651,1.8040,260.3130,0.2510,3.8000,-0.4500,2.3963,180.8667,2.0566,0.0000,0.0000,0.0000
97.860,388.4592,1.8594,260.3574,0.2510,3.8000,-0.4500,2.4687,180.8692,1.8124,0.0000,0.0000,0.0000
97.971,388.2115,1.9233,260.4074,0.2510,3.8000,-0.4500,2.5057,180.8703,1.6453,0.0000,0.0000,0.0000
98.083,387.9615,1.9806,260.4531,0.2510,3.8000,-0.4500,2.5512,180.8715,1.3954,0.0000,0.0000,0.0000
98.193,387.7522,2.0251,260.4875,0.2510,3.8000,-0.4500,2.5764,180.8721,1.2317,0.0000,0.0000,0.0000
98.305,387.4999,2.0741,260.5249,0.2510,3.8000,-0.4500,2.5944,180.8724,1.0638,0.0000,0.0000,0.0000
98.430,387.2447,2.1147,260.5583,0.2510,3.8000,-0.4500,2.6253,180.8729,0.7162,0.0000,0.0000,0.0000
98.541,387.0317,2.1463,260.5829,0.2510,3.8000,-0.4500,2.6358,180.8730,0.5458,0.0000,0.0000,0.0000
98.651,386.7749,2.1801,260.6094,0.2510,3.8000,-0.4500,2.6455,180.8731,0.3762,0.0000,0.0000,0.0000
98.777,386.5158,2.2055,260.6334,0.2510,3.8000,-0.4500,2.6592,180.8732,0.0407,0.0000,0.0000,0.0000
98.902,386.2126,2.2291,260.6594,0.2510,3.8000,-0.4500,2.6614,180.8732,359.6991,0.0000,0.0000,0.0000
99.016,385.9960,2.2441,260.6777,0.2510,3.8000,-0.4500,2.6609,180.8732,359.6176,0.0000,0.0000,0.0000
99.138,385.7343,2.2540,260.7007,0.2510,3.8000,-0.4500,2.6459,180.8733,359.3596,0.0000,0.0000,0.0000
99.249,385.4713,2.2565,260.7257,0.2510,3.8000,-0.4500,2.6095,180.8738,359.0222,0.0000,0.0000,0.0000
99.360,385.2537,2.2592,260.7487,0.2510,3.8000,-0.4500,2.6095,180.8738,359.0221,0.0000,0.0000,0.0000
99.471,384.9896,2.2488,260.7804,0.2510,3.8000,-0.4500,2.5210,180.8757,358.5991,0.0000,0.0000,0.0000
99.597,384.7274,2.2389,260.8164,0.2510,3.8000,-0.4500,2.5022,180.8761,358.5217,0.0000,0.0000,0.0000
99.708,384.4641,2.2196,260.8577,0.2510,3.8000,-0.4500,2.4185,180.8785,358.2874,0.0000,0.0000,0.0000
99.818,384.2445,2.1978,260.8962,0.2510,3.8000,-0.4500,2.3238,180.8815,358.0578,0.0000,0.0000,0.0000
99.929,383.9814,2.1670,260.9473,0.2510,3.8000,-0.4500,2.2059,180.8857,357.8394,0.0000,0.0000,0.0000
100.055,383.7187,2.1313,261.0032,0.2510,3.8000,-0.4500,2.1135,180.8893,357.6973,0.0000,0.0000,0.0000
100.166,383.4561,2.0894,261.0641,0.2510,3.8000,-0.4500,2.0139,180.8935,357.5598,0.0000,0.0000,0.0000
100.277,383.2371,2.0477,261.1192,0.2510,3.8000,-0.4500,1.8526,180.9006,357.3616,0.0000,0.0000,0.0000
100.388,382.9751,1.9935,261.1901,0.2510,3.8000,-0.4500,1.6795,180.9089,357.1883,0.0000,0.0000,0.0000
100.499,382.7574,1.9460,261.2525,0.2510,3.8000,-0.4500,1.6196,180.9119,357.1323,0.0000,0.0000,0.0000
100.624,382.4525,1.8694,261.3464,0.2510,3.8000,-0.4500,1.3490,180.9259,356.9263,0.0000,0.0000,0.0000
100.749,382.1918,1.7991,261.4314,0.2510,3.8000,-0.4500,1.1307,180.9379,356.7974,0.0000,0.0000,0.0000
100.874,381.9320,1.7266,261.5192,0.2510,3.8000,-0.4500,1.0572,180.9420,356.7606,0.0000,0.0000,0.0000
100.986,381.6723,1.6475,261.6115,0.2510,3.8000,-0.4500,0.8252,180.9554,356.6601,0.0000,0.0000,0.0000
101.096,381.4565,1.5794,261.6908,0.2510,3.8000,-0.4500,0.6625,180.9649,356.6100,0.0000,0.0000,0.0000
101.221,381.1548,1.4802,261.8046,0.2510,3.8000,-0.4500,0.4219,180.9793,356.5530,0.0000,0.0000,0.0000
101.332,380.9397,1.4067,261.8883,0.2510,3.8000,-0.4500,0.1716,180.9945,356.5260,0.0000,0.0000,0.0000
101.443,380.6821,1.3194,261.9884,0.2510,3.8000,-0.4500,0.1716,180.9945,356.5260,0.0000,0.0000,0.0000
101.554,380.4680,1.2430,262.0750,0.2510,3.8000,-0.4500,359.8277,181.0153,356.5415,0.0000,0.0000,0.0000
101.679,380.2112,1.1529,262.1774,0.2510,3.8000,-0.4500,359.7451,181.0203,356.5578,0.0000,0.0000,0.0000
101.805,379.9123,1.0469,262.2980,0.2510,3.8000,-0.4500,359.5009,181.0349,356.6201,0.0000,0.0000,0.0000
101.916,379.6990,0.9719,262.3837,0.2510,3.8000,-0.4500,359.3450,181.0440,356.6755,0.0000,0.0000,0.0000
102.041,379.4435,0.8832,262.4858,0.2510,3.8000,-0.4500,359.1238,181.0566,356.7899,0.0000,0.0000,0.0000
102.152,379.1879,0.7959,262.5854,0.2510,3.8000,-0.4500,359.0567,181.0603,356.8310,0.0000,0.0000,0.0000
102.263,378.9332,0.7122,262.6846,0.2510,3.8000,-0.4500,358.7918,181.0745,357.0439,0.0000,0.0000,0.0000
102.374,378.7200,0.6428,262.7639,0.2510,3.8000,-0.4500,358.7918,181.0745,357.0439,0.0000,0.0000,0.0000
102.499,378.4658,0.5650,262.8581,0.2510,3.8000,-0.4500,358.5699,181.0855,357.2942,0.0000,0.0000,0.0000
102.624,378.1684,0.4769,262.9630,0.2510,3.8000,-0.4500,358.4779,181.0898,357.4313,0.0000,0.0000,0.0000
102.750,377.9135,0.4055,263.0493,0.2510,3.8000,-0.4500,358.3904,181.0936,357.5735,0.0000,0.0000,0.0000
102.860,377.7009,0.3484,263.1185,0.2510,3.8000,-0.4500,358.3538,181.0951,357.6469,0.0000,0.0000,0.0000
102.971,377.4470,0.2863,263.1990,0.2510,3.8000,-0.4500,358.2223,181.1002,357.9585,0.0000,0.0000,0.0000
103.082,377.1912,0.2234,263.2743,0.2510,3.8000,-0.4500,358.2223,181.1002,357.9585,0.0000,0.0000,0.0000
103.193,376.9792,0.1763,263.3354,0.2510,3.8000,-0.4500,358.1798,181.1016,358.1251,0.0000,0.0000,0.0000
103.305,376.7241,0.1208,263.4058,0.2510,3.8000,-0.4500,358.1632,181.1022,358.2053,0.0000,0.0000,0.0000
103.418,376.5122,0.0787,263.4622,0.2510,3.8000,-0.4500,358.1424,181.1028,358.3705,0.0000,0.0000,0.0000
103.526,376.2571,0.0293,263.5269,0.2510,3.8000,-0.4500,358.1336,181.1030,358.4510,0.0000,0.0000,0.0000
103.652,376.0016,-0.0182,263.5887,0.2510,3.8000,-0.4500,358.1336,181.1030,358.4510,0.0000,0.0000,0.0000
103.777,375.7478,-0.0576,263.6487,0.2510,3.8000,-0.4500,358.1519,181.1026,358.7004,0.0000,0.0000,0.0000
103.888,375.4926,-0.0964,263.7058,0.2510,3.8000,-0.4500,358.1605,181.1024,358.7814,0.0000,0.0000,0.0000
103.999,375.2796,-0.1272,263.7515,0.2510,3.8000,-0.4500,358.1605,181.1024,358.7814,0.0000,0.0000,0.0000
104.110,375.0252,-0.1576,263.8041,0.2510,3.8000,-0.4500,358.2002,181.1016,358.9433,0.0000,0.0000,0.0000
104.223,374.7710,-0.1843,263.8546,0.2510,3.8000,-0.4500,358.2575,181.1006,359.1061,0.0000,0.0000,0.0000
104.333,374.5588,-0.2051,263.8951,0.2510,3.8000,-0.4500,358.2865,181.1002,359.1853,0.0000,0.0000,0.0000
104.443,374.3129,-0.2255,263.8064,0.2510,3.8000,-0.4500,358.3222,181.0997,359.2593,0.0000,0.0000,0.0000
104.568,374.0848,-0.2377,263.4427,0.2510,3.8000,-0.4500,358.3585,181.0993,359.3329,0.0000,0.0000,0.0000
104.679,373.9034,-0.2445,262.9908,0.2510,3.8000,-0.4500,358.3585,181.0992,359.3329,0.0000,0.0000,0.0000
104.804,373.6575,-0.2470,262.2438,0.2510,3.8000,-0.4500,358.4545,181.0982,359.4684,0.0000,0.0000,0.0000
104.930,373.4491,-0.2501,261.5551,0.2510,3.8000,-0.4500,358.4545,181.0982,359.4684,0.0000,0.0000,0.0000
105.041,373.2760,-0.2522,260.9773,0.2510,3.8000,-0.4500,358.4545,181.0983,359.4684,0.0000,0.0000,0.0000
105.166,373.0256,-0.2567,260.3024,0.2510,3.8000,-0.4500,358.4545,181.0983,359.4683,0.0000,0.0000,0.0000
105.277,372.8381,-0.2605,259.9523,0.2510,3.8000,-0.4500,358.5125,181.0977,359.5243,0.0000,0.0000,0.0000
105.390,372.6029,-0.2689,259.6661,0.2510,3.8000,-0.4500,358.5125,181.0977,359.5243,0.0000,0.0000,0.0000
105.499,372.3999,-0.2773,259.5153,0.2510,3.8000,-0.4500,358.5125,181.0977,359.5243,0.0000,0.0000,0.0000
105.611,372.1505,-0.2886,259.4075,0.2510,3.8000,-0.4500,358.5125,181.0977,359.5243,0.0000,0.0000,0.0000
105.721,371.9399,-0.2976,259.3623,0.2510,3.8000,-0.4500,358.5785,181.0972,359.5690,0.0000,0.0000,0.0000
105.832,371.6853,-0.3109,259.3433,0.2510,3.8000,-0.4500,358.5785,181.0972,359.5690,0.0000,0.0000,0.0000
105.943,371.4298,-0.3251,259.3476,0.2510,3.8000,-0.4500,358.5785,181.0972,359.5690,0.0000,0.0000,0.0000
106.055,371.2168,-0.3377,259.3622,0.2510,3.8000,-0.4500,358.5785,181.0972,359.5690,0.0000,0.0000,0.0000
106.165,370.9609,-0.3539,259.3878,0.2510,3.8000,-0.4500,358.5785,181.0972,359.5690,0.0000,0.0000,0.0000
106.277,370.7474,-0.3685,259.4132,0.2510,3.8000,-0.4500,358.5785,181.0972,359.5690,0.0000,0.0000,0.0000
106.390,370.4908,-0.3875,259.4466,0.2510,3.8000,-0.4500,358.5785,181.0972,359.5690,0.0000,0.0000,0.0000
106.513,370.2340,-0.4082,259.4816,0.2510,3.8000,-0.4500,358.5785,181.0972,359.5690,0.0000,0.0000,0.0000
106.638,369.9768,-0.4307,259.5176,0.2510,3.8000,-0.4500,358.5785,181.0972,359.5690,0.0000,0.0000,0.0000
106.749,369.7193,-0.4549,259.5533,0.2510,3.8000,-0.4500,358.6572,181.0966,359.5523,0.0000,0.0000,0.0000
106.860,369.5043,-0.4767,259.5833,0.2510,3.8000,-0.4500,358.7319,181.0960,359.5248,0.0000,0.0000,0.0000
106.971,369.2457,-0.5052,259.6190,0.2510,3.8000,-0.4500,358.8731,181.0947,359.4446,0.0000,0.0000,0.0000
107.096,368.9873,-0.5354,259.6559,0.2510,3.8000,-0.4500,358.8731,181.0947,359.4446,0.0000,0.0000,0.0000
107.208,368.7278,-0.5683,259.6922,0.2510,3.8000,-0.4500,358.9994,181.0934,359.3393,0.0000,0.0000,0.0000
107.319,368.5118,-0.5964,259.7235,0.2510,3.8000,-0.4500,358.9994,181.0934,359.3393,0.0000,0.0000,0.0000
107.444,368.2084,-0.6389,259.7673,0.2510,3.8000,-0.4500,359.1140,181.0919,359.2212,0.0000,0.0000,0.0000
107.569,367.9479,-0.6772,259.8056,0.2510,3.8000,-0.4500,359.2210,181.0904,359.0947,0.0000,0.0000,0.0000
107.680,367.7314,-0.7088,259.8388,0.2510,3.8000,-0.4500,359.2210,181.0904,359.0947,0.0000,0.0000,0.0000
107.806,367.4268,-0.7565,259.8855,0.2510,3.8000,-0.4500,359.3778,181.0876,358.8960,0.0000,0.0000,0.0000
107.916,367.2100,-0.7895,259.9209,0.2510,3.8000,-0.4500,359.3778,181.0876,358.8960,0.0000,0.0000,0.0000
108.027,366.9489,-0.8308,259.9637,0.2510,3.8000,-0.4500,359.4812,181.0855,358.7693,0.0000,0.0000,0.0000
108.139,366.7315,-0.8646,260.0008,0.2510,3.8000,-0.4500,359.5330,181.0844,358.7069,0.0000,0.0000,0.0000
108.249,366.4707,-0.9047,260.0465,0.2510,3.8000,-0.4500,359.5893,181.0831,358.6475,0.0000,0.0000,0.0000
108.362,366.2094,-0.9444,260.0930,0.2510,3.8000,-0.4500,359.7088,181.0801,358.5323,0.0000,0.0000,0.0000
108.473,365.9924,-0.9757,260.1335,0.2510,3.8000,-0.4500,359.7088,181.0801,358.5323,0.0000,0.0000,0.0000
108.596,365.7314,-1.0125,260.1819,0.2510,3.8000,-0.4500,359.8432,181.0766,358.4316,0.0000,0.0000,0.0000
108.708,365.4710,-1.0466,260.2324,0.2510,3.8000,-0.4500,359.8432,181.0766,358.4316,0.0000,0.0000,0.0000
108.819,365.2534,-1.0735,260.2742,0.2510,3.8000,-0.4500,359.9911,181.0724,358.3498,0.0000,0.0000,0.0000
108.930,364.9930,-1.1028,260.3265,0.2510,3.8000,-0.4500,359.9911,181.0724,358.3498,0.0000,0.0000,0.0000
109.041,364.7321,-1.1287,260.3780,0.2510,3.8000,-0.4500,0.2267,181.0654,358.2622,0.0000,0.0000,0.0000
109.151,364.5152,-1.1476,260.4222,0.2510,3.8000,-0.4500,0.3051,181.0631,358.2470,0.0000,0.0000,0.0000
109.263,364.2550,-1.1666,260.4759,0.2510,3.8000,-0.4500,0.3842,181.0606,358.2344,0.0000,0.0000,0.0000
109.374,364.0382,-1.1786,260.5201,0.2510,3.8000,-0.4500,0.5452,181.0556,358.2249,0.0000,0.0000,0.0000
109.487,363.7785,-1.1878,260.5727,0.2510,3.8000,-0.4500,0.7926,181.0480,358.2472,0.0000,0.0000,0.0000
109.610,363.5188,-1.1947,260.6264,0.2510,3.8000,-0.4500,0.7926,181.0480,358.2472,0.0000,0.0000,0.0000
109.735,363.2596,-1.1937,260.6777,0.2510,3.8000,-0.4500,1.0306,181.0409,358.3103,0.0000,0.0000,0.0000
109.846,363.0005,-1.1885,260.7283,0.2510,3.8000,-0.4500,1.1837,181.0364,358.3652,0.0000,0.0000,0.0000
109.958,362.7850,-1.1795,260.7692,0.2510,3.8000,-0.4500,1.3346,181.0322,358.4410,0.0000,0.0000,0.0000
110.069,362.5264,-1.1656,260.8174,0.2510,3.8000,-0.4500,1.4088,181.0302,358.4801,0.0000,0.0000,0.0000
110.182,362.2685,-1.1437,260.8624,0.2510,3.8000,-0.4500,1.6185,181.0249,358.6183,0.0000,0.0000,0.0000
110.291,362.0541,-1.1205,260.8979,0.2510,3.8000,-0.4500,1.8111,181.0205,358.7768,0.0000,0.0000,0.0000
110.401,361.7964,-1.0916,260.9394,0.2510,3.8000,-0.4500,1.8698,181.0193,358.8349,0.0000,0.0000,0.0000
110.512,361.5820,-1.0634,260.9717,0.2510,3.8000,-0.4500,1.9284,181.0181,358.8943,0.0000,0.0000,0.0000
110.638,361.3258,-1.0221,261.0073,0.2510,3.8000,-0.4500,2.0931,181.0152,359.0878,0.0000,0.0000,0.0000
110.749,361.0702,-0.9758,261.0401,0.2510,3.8000,-0.4500,2.2360,181.0132,359.3014,0.0000,0.0000,0.0000
110.860,360.8569,-0.9364,261.0657,0.2510,3.8000,-0.4500,2.2802,181.0127,359.3711,0.0000,0.0000,0.0000
110.972,360.6022,-0.8823,261.0934,0.2510,3.8000,-0.4500,2.3869,181.0117,359.5919,0.0000,0.0000,0.0000
111.082,360.3473,-0.8272,261.1194,0.2510,3.8000,-0.4500,2.4144,181.0116,359.6703,0.0000,0.0000,0.0000
111.208,360.0936,-0.7665,261.1429,0.2510,3.8000,-0.4500,2.4671,181.0113,359.8291,0.0000,0.0000,0.0000
111.319,359.8835,-0.7105,261.1609,0.2510,3.8000,-0.4500,2.5318,181.0113,0.0711,0.0000,0.0000,0.0000
111.430,359.6312,-0.6418,261.1816,0.2510,3.8000,-0.4500,2.5715,181.0114,0.2297,0.0000,0.0000,0.0000
111.540,359.4213,-0.5820,261.1981,0.2510,3.8000,-0.4500,2.5914,181.0115,0.3093,0.0000,0.0000,0.0000
111.665,359.1292,-0.4901,261.2205,0.2510,3.8000,-0.4500,2.6562,181.0120,0.5528,0.0000,0.0000,0.0000
111.777,358.9220,-0.4191,261.2366,0.2510,3.8000,-0.4500,2.7254,181.0128,0.7912,0.0000,0.0000,0.0000
111.902,358.6312,-0.3191,261.2613,0.2510,3.8000,-0.4500,2.7511,181.0132,0.8695,0.0000,0.0000,0.0000
112.013,358.4255,-0.2418,261.2797,0.2510,3.8000,-0.4500,2.8049,181.0140,1.0276,0.0000,0.0000,0.0000
112.124,358.1798,-0.1440,261.3032,0.2510,3.8000,-0.4500,2.8929,181.0158,1.2613,0.0000,0.0000,0.0000
112.239,357.9745,-0.0631,261.3251,0.2510,3.8000,-0.4500,2.8929,181.0158,1.2613,0.0000,0.0000,0.0000
112.350,357.7303,0.0406,261.3523,0.2510,3.8000,-0.4500,2.9574,181.0173,1.4150,0.0000,0.0000,0.0000
112.460,357.5308,0.1286,261.3218,0.2510,3.8000,-0.4500,3.0263,181.0191,1.5687,0.0000,0.0000,0.0000
112.572,357.3061,0.2197,261.0406,0.2510,3.8000,-0.4500,3.0263,181.0191,1.5687,0.0000,0.0000,0.0000
112.683,357.0968,0.3010,260.5303,0.2510,3.8000,-0.4500,3.0945,181.0211,1.7248,0.0000,0.0000,0.0000
112.794,356.9279,0.3596,260.0023,0.2510,3.8000,-0.4500,3.0945,181.0211,1.7248,0.0000,0.0000,0.0000
112.905,356.7297,0.4273,259.3068,0.2510,3.8000,-0.4500,3.1225,181.0220,1.8018,0.0000,0.0000,0.0000
113.024,356.5338,0.4930,258.5804,0.2510,3.8000,-0.4500,3.1500,181.0229,1.8783,0.0000,0.0000,0.0000
113.126,356.3710,0.5457,257.9639,0.2510,3.8000,-0.4500,3.1500,181.0229,1.8783,0.0000,0.0000,0.0000
113.249,356.1718,0.6125,257.2973,0.2510,3.8000,-0.4500,3.1500,181.0229,1.8783,0.0000,0.0000,0.0000
113.360,355.9987,0.6746,256.8570,0.2510,3.8000,-0.4500,3.1500,181.0229,1.8783,0.0000,0.0000,0.0000
113.471,355.7810,0.7581,256.4743,0.2510,3.8000,-0.4500,3.1500,181.0228,1.8783,0.0000,0.0000,0.0000
113.583,355.5540,0.8498,256.2179,0.2510,3.8000,-0.4500,3.1500,181.0228,1.8783,0.0000,0.0000,0.0000
113.694,355.3597,0.9302,256.0703,0.2510,3.8000,-0.4500,3.1500,181.0228,1.8783,0.0000,0.0000,0.0000
113.819,355.1226,1.0293,255.9502,0.2510,3.8000,-0.4500,3.1500,181.0228,1.8783,0.0000,0.0000,0.0000
113.930,354.8832,1.1307,255.8988,0.2510,3.8000,-0.4500,3.1500,181.0228,1.8783,0.0000,0.0000,0.0000
114.041,354.6425,1.2321,255.8883,0.2510,3.8000,-0.4500,3.1500,181.0228,1.8783,0.0000,0.0000,0.0000
114.152,354.4412,1.3151,255.8975,0.2510,3.8000,-0.4500,3.1500,181.0229,1.8784,0.0000,0.0000,0.0000
114.263,354.1989,1.4117,255.9211,0.2510,3.8000,-0.4500,3.1500,181.0229,1.8784,0.0000,0.0000,0.0000
114.375,353.9965,1.4890,255.9472,0.2510,3.8000,-0.4500,3.1500,181.0229,1.8784,0.0000,0.0000,0.0000
114.485,353.7529,1.5769,255.9833,0.2510,3.8000,-0.4500,3.1500,181.0229,1.8784,0.0000,0.0000,0.0000
114.596,353.5494,1.6458,256.0161,0.2510,3.8000,-0.4500,3.1500,181.0229,1.8783,0.0000,0.0000,0.0000
114.705,353.3044,1.7225,256.0579,0.2510,3.8000,-0.4500,3.1500,181.0229,1.8783,0.0000,0.0000,0.0000
114.817,353.0991,1.7795,256.0947,0.2510,3.8000,-0.4500,3.0921,181.0210,1.8174,0.0000,0.0000,0.0000
114.928,352.8502,1.8366,256.1406,0.2510,3.8000,-0.4500,2.8575,181.0140,1.5633,0.0000,0.0000,0.0000
115.040,352.6414,1.8769,256.1781,0.2510,3.8000,-0.4500,2.6357,181.0085,1.3056,0.0000,0.0000,0.0000
115.151,352.3906,1.9217,256.2191,0.2510,3.8000,-0.4500,2.5304,181.0062,1.1806,0.0000,0.0000,0.0000
115.262,352.1363,1.9508,256.2590,0.2510,3.8000,-0.4500,2.2044,181.0006,0.7804,0.0000,0.0000,0.0000
115.386,351.8818,1.9751,256.2944,0.2510,3.8000,-0.4500,2.0445,180.9987,0.5819,0.0000,0.0000,0.0000
115.511,351.6248,1.9865,256.3276,0.2510,3.8000,-0.4500,1.7801,180.9968,0.2529,0.0000,0.0000,0.0000
115.636,351.3668,1.9892,256.3584,0.2510,3.8000,-0.4500,1.5660,180.9963,359.9865,0.0000,0.0000,0.0000
115.763,351.0643,1.9792,256.3936,0.2510,3.8000,-0.4500,1.3002,180.9972,359.6560,0.0000,0.0000,0.0000
115.873,350.8474,1.9630,256.4196,0.2510,3.8000,-0.4500,1.0906,180.9989,359.3958,0.0000,0.0000,0.0000
115.984,350.5868,1.9356,256.4528,0.2510,3.8000,-0.4500,0.8851,181.0015,359.1407,0.0000,0.0000,0.0000
116.095,350.3690,1.9041,256.4834,0.2510,3.8000,-0.4500,0.6794,181.0051,358.8853,0.0000,0.0000,0.0000
116.205,350.1076,1.8585,256.5239,0.2510,3.8000,-0.4500,0.4727,181.0096,358.6281,0.0000,0.0000,0.0000
116.319,349.8898,1.8136,256.5615,0.2510,3.8000,-0.4500,0.3176,181.0135,358.4346,0.0000,0.0000,0.0000
116.427,349.6284,1.7506,256.6118,0.2510,3.8000,-0.4500,0.1113,181.0196,358.1760,0.0000,0.0000,0.0000
116.542,349.3669,1.6785,256.6680,0.2510,3.8000,-0.4500,359.9024,181.0268,357.9126,0.0000,0.0000,0.0000
116.649,349.1492,1.6122,256.7192,0.2510,3.8000,-0.4500,359.7420,181.0329,357.7079,0.0000,0.0000,0.0000
116.762,348.8890,1.5282,256.7853,0.2510,3.8000,-0.4500,359.6372,181.0372,357.5736,0.0000,0.0000,0.0000
116.872,348.6714,1.4486,256.8455,0.2510,3.8000,-0.4500,359.4295,181.0465,357.3028,0.0000,0.0000,0.0000
116.983,348.4115,1.3515,256.9219,0.2510,3.8000,-0.4500,359.3254,181.0515,357.1636,0.0000,0.0000,0.0000
117.094,348.1947,1.2639,256.9898,0.2510,3.8000,-0.4500,359.1761,181.0592,356.9607,0.0000,0.0000,0.0000
117.205,347.9358,1.1582,257.0751,0.2510,3.8000,-0.4500,359.1282,181.0618,356.8929,0.0000,0.0000,0.0000
117.316,347.7199,1.0648,257.1498,0.2510,3.8000,-0.4500,359.0332,181.0670,356.7573,0.0000,0.0000,0.0000
117.431,347.4615,0.9517,257.2426,0.2510,3.8000,-0.4500,358.9884,181.0696,356.6883,0.0000,0.0000,0.0000
117.553,347.2033,0.8360,257.3386,0.2510,3.8000,-0.4500,358.9439,181.0722,356.6191,0.0000,0.0000,0.0000
117.664,346.9453,0.7201,257.4366,0.2510,3.8000,-0.4500,358.9439,181.0722,356.6191,0.0000,0.0000,0.0000
117.775,346.7303,0.6231,257.5193,0.2510,3.8000,-0.4500,358.9439,181.0722,356.6191,0.0000,0.0000,0.0000
117.886,346.4717,0.5035,257.6199,0.2510,3.8000,-0.4500,358.8708,181.0766,356.4713,0.0000,0.0000,0.0000
117.997,346.2568,0.4074,257.7046,0.2510,3.8000,-0.4500,358.8708,181.0766,356.4713,0.0000,0.0000,0.0000
118.108,345.9988,0.2939,257.8071,0.2510,3.8000,-0.4500,358.8708,181.0766,356.4713,0.0000,0.0000,0.0000
118.220,345.7837,0.2014,257.8929,0.2510,3.8000,-0.4500,358.8708,181.0766,356.4713,0.0000,0.0000,0.0000
118.330,345.5256,0.0938,257.9959,0.2510,3.8000,-0.4500,358.8708,181.0766,356.4713,0.0000,0.0000,0.0000
118.442,345.2674,-0.0095,258.0988,0.2510,3.8000,-0.4500,358.8708,181.0766,356.4713,0.0000,0.0000,0.0000
118.552,345.0521,-0.0917,258.1844,0.2510,3.8000,-0.4500,358.8708,181.0766,356.4713,0.0000,0.0000,0.0000
118.664,344.7937,-0.1851,258.2867,0.2510,3.8000,-0.4500,358.8708,181.0766,356.4713,0.0000,0.0000,0.0000
118.789,344.5353,-0.2722,258.3886,0.2510,3.8000,-0.4500,358.8708,181.0766,356.4713,0.0000,0.0000,0.0000
118.914,344.2766,-0.3507,258.4883,0.2510,3.8000,-0.4500,359.1322,181.0605,356.4583,0.0000,0.0000,0.0000
119.024,344.0181,-0.4224,258.5886,0.2510,3.8000,-0.4500,359.2988,181.0502,356.4641,0.0000,0.0000,0.0000
119.150,343.7599,-0.4830,258.6866,0.2510,3.8000,-0.4500,359.7073,181.0252,356.5615,0.0000,0.0000,0.0000
119.261,343.5445,-0.5307,258.7690,0.2510,3.8000,-0.4500,359.7865,181.0205,356.5916,0.0000,0.0000,0.0000
119.372,343.2865,-0.5760,258.8641,0.2510,3.8000,-0.4500,0.1761,180.9978,356.7573,0.0000,0.0000,0.0000
119.497,343.0281,-0.6157,258.9574,0.2510,3.8000,-0.4500,0.3967,180.9856,356.8696,0.0000,0.0000,0.0000
119.608,342.7694,-0.6487,259.0479,0.2510,3.8000,-0.4500,0.5463,180.9775,356.9509,0.0000,0.0000,0.0000
119.719,342.5545,-0.6659,259.1189,0.2510,3.8000,-0.4500,0.9241,180.9581,357.1665,0.0000,0.0000,0.0000
119.831,342.2956,-0.6853,259.2022,0.2510,3.8000,-0.4500,1.0639,180.9512,357.2492,0.0000,0.0000,0.0000
119.941,342.0367,-0.6964,259.2807,0.2510,3.8000,-0.4500,1.2795,180.9411,357.3778,0.0000,0.0000,0.0000
