time_sec,world_x,world_y,world_z,local_x,local_y,local_z,world_rot_x,world_rot_y,world_rot_z,local_rot_x,local_rot_y,local_rot_z
0.000,598.4180,4.8499,250.4659,0.2510,3.8000,-0.4500,0.0000,180.0000,0.0000,0.0000,0.0000,0.0000
0.000,598.4180,4.8499,250.4659,0.2510,3.8000,-0.4500,0.0000,180.0000,0.0000,0.0000,0.0000,0.0000
0.127,597.9604,4.4592,250.4765,0.2510,3.8000,-0.4500,0.0000,180.0000,0.0000,0.0000,0.0000,0.0000
0.250,597.3941,3.9813,250.4859,0.2510,3.8000,-0.4500,0.0000,180.0000,0.0000,0.0000,0.0000,0.0000
0.374,596.7365,3.4263,250.5504,0.2510,3.8000,-0.4500,0.0000,180.0000,0.0000,0.0000,0.0000,0.0000
0.499,595.8833,2.6930,250.8788,0.2510,3.8000,-0.4500,0.0000,180.0000,0.0000,0.0000,0.0000,0.0000
0.610,595.2285,2.1191,251.3260,0.2510,3.8000,-0.4500,0.0000,180.0000,0.0000,0.0000,0.0000,0.0000
0.710,594.5415,1.5080,251.9568,0.2510,3.8000,-0.4500,0.0000,180.0000,0.0000,0.0000,0.0000,0.0000
0.820,593.6802,0.7305,252.9485,0.2510,3.8000,-0.4500,0.0000,180.0000,0.0000,0.0000,0.0000,0.0000
0.931,592.9354,0.0496,253.9584,0.2510,3.8000,-0.4500,0.0000,180.0000,0.0000,0.0000,0.0000,0.0000
1.055,592.0127,-0.8029,255.3723,0.2510,3.8000,-0.4500,0.0000,180.0000,0.0000,0.0000,0.0000,0.0000
1.167,591.1354,-1.6536,256.8645,0.2510,3.8000,-0.4500,359.6964,180.0000,0.0035,0.0000,0.0000,0.0000
1.278,590.5461,-2.3179,257.9961,0.2510,3.8000,-0.4500,357.6447,179.9994,0.0278,0.0000,0.0000,0.0000
1.389,590.1943,-2.6004,258.7590,0.2510,3.8000,-0.4500,356.3777,179.9987,0.0423,0.0000,0.0000,0.0000
1.490,589.9144,-2.7062,259.4319,0.2510,3.8000,-0.4500,355.7086,179.9981,0.0473,0.0000,0.0000,0.0000
1.598,589.6770,-2.7088,260.0501,0.2510,3.8000,-0.4500,355.7086,179.9981,0.0473,0.0000,0.0000,0.0000
1.709,589.4241,-2.6701,260.7514,0.2510,3.8000,-0.4500,355.7086,179.9981,0.0473,0.0000,0.0000,0.0000
1.835,589.1906,-2.6510,261.4241,0.2510,3.8000,-0.4500,355.7086,179.9981,0.0473,0.0000,0.0000,0.0000
1.946,588.9672,-2.6814,262.0779,0.2510,3.8000,-0.4500,355.7086,179.9981,0.0473,0.0000,0.0000,0.0000
2.070,588.7492,-2.7609,262.7197,0.2510,3.8000,-0.4500,355.7086,179.9981,0.0473,0.0000,0.0000,0.0000
2.196,588.5340,-2.8732,263.3544,0.2510,3.8000,-0.4500,355.7086,179.9981,0.0473,0.0000,0.0000,0.0000
2.307,588.3198,-2.9979,263.9890,0.2510,3.8000,-0.4500,355.9487,179.9981,359.9598,0.0000,0.0000,0.0000
2.432,588.1068,-3.1191,264.6308,0.2510,3.8000,-0.4500,356.2699,179.9976,359.8477,0.0000,0.0000,0.0000
2.546,587.8943,-3.2265,265.2798,0.2510,3.8000,-0.4500,356.6802,179.9960,359.7123,0.0000,0.0000,0.0000
2.654,587.7175,-3.3032,265.8254,0.2510,3.8000,-0.4500,356.9959,179.9941,359.6083,0.0000,0.0000,0.0000
2.755,587.5408,-3.3684,266.3746,0.2510,3.8000,-0.4500,357.2373,179.9923,359.5271,0.0000,0.0000,0.0000
2.877,587.3281,-3.4330,267.0346,0.2510,3.8000,-0.4500,357.7324,179.9875,359.3555,0.0000,0.0000,0.0000
2.991,587.1155,-3.4864,267.6971,0.2510,3.8000,-0.4500,358.0453,179.9837,359.2421,0.0000,0.0000,0.0000
3.099,586.9020,-3.5308,268.3583,0.2510,3.8000,-0.4500,358.5376,179.9763,359.0549,0.0000,0.0000,0.0000
3.210,586.7235,-3.5623,268.9089,0.2510,3.8000,-0.4500,358.9277,179.9694,358.9004,0.0000,0.0000,0.0000
3.322,586.5093,-3.5944,269.5697,0.2510,3.8000,-0.4500,359.2532,179.9628,358.7656,0.0000,0.0000,0.0000
3.450,586.2938,-3.6200,270.2288,0.2510,3.8000,-0.4500,359.7392,179.9514,358.5592,0.0000,0.0000,0.0000
3.572,586.0778,-3.6389,270.8879,0.2510,3.8000,-0.4500,0.1243,179.9412,358.3911,0.0000,0.0000,0.0000
3.684,585.8610,-3.6507,271.5449,0.2510,3.8000,-0.4500,0.5076,179.9298,358.2212,0.0000,0.0000,0.0000
3.808,585.6430,-3.6552,272.1956,0.2510,3.8000,-0.4500,0.8908,179.9174,358.0501,0.0000,0.0000,0.0000
3.934,585.4239,-3.6525,272.8392,0.2510,3.8000,-0.4500,1.2887,179.9032,357.8741,0.0000,0.0000,0.0000
4.058,585.1652,-3.6410,273.5543,0.2510,3.8000,-0.4500,1.6742,179.8883,357.7075,0.0000,0.0000,0.0000
4.169,584.9753,-3.6301,273.9905,0.2510,3.8000,-0.4500,1.9054,179.8789,357.6111,0.0000,0.0000,0.0000
4.294,584.7406,-3.6163,274.4163,0.2510,3.8000,-0.4500,2.2217,179.8653,357.4897,0.0000,0.0000,0.0000
4.419,584.4562,-3.6018,274.7639,0.2510,3.8000,-0.4500,2.4620,179.8546,357.4099,0.0000,0.0000,0.0000
4.531,584.2465,-3.5961,274.8664,0.2510,3.8000,-0.4500,2.6204,179.8474,357.3633,0.0000,0.0000,0.0000
4.656,583.9944,-3.5947,274.8513,0.2510,3.8000,-0.4500,2.7017,179.8436,357.3509,0.0000,0.0000,0.0000
4.780,583.7047,-3.5987,274.6742,0.2510,3.8000,-0.4500,2.8637,179.8361,357.3302,0.0000,0.0000,0.0000
4.906,583.4628,-3.6072,274.3954,0.2510,3.8000,-0.4500,2.8637,179.8361,357.3302,0.0000,0.0000,0.0000
5.017,583.2656,-3.6144,274.0899,0.2510,3.8000,-0.4500,3.0297,179.8284,357.3722,0.0000,0.0000,0.0000
5.142,582.9940,-3.6269,273.5868,0.2510,3.8000,-0.4500,3.1097,179.8247,357.3958,0.0000,0.0000,0.0000
5.267,582.7647,-3.6338,273.1158,0.2510,3.8000,-0.4500,3.2485,179.8186,357.4994,0.0000,0.0000,0.0000
5.378,582.5371,-3.6373,272.6275,0.2510,3.8000,-0.4500,3.3779,179.8130,357.6073,0.0000,0.0000,0.0000
5.489,582.3468,-3.6355,272.2335,0.2510,3.8000,-0.4500,3.4772,179.8090,357.7360,0.0000,0.0000,0.0000
5.614,582.1097,-3.6173,271.9540,0.2510,3.8000,-0.4500,3.6096,179.8040,357.9435,0.0000,0.0000,0.0000
5.739,581.8351,-3.5610,271.9816,0.2510,3.8000,-0.4500,3.7986,179.7978,358.3294,0.0000,0.0000,0.0000
5.864,581.6051,-3.4917,272.2423,0.2510,3.8000,-0.4500,3.8336,179.7968,358.4024,0.0000,0.0000,0.0000
5.989,581.3826,-3.3952,272.6468,0.2510,3.8000,-0.4500,4.0218,179.7921,358.7882,0.0000,0.0000,0.0000
6.114,581.1640,-3.2850,273.1454,0.2510,3.8000,-0.4500,4.1361,179.7899,359.0219,0.0000,0.0000,0.0000
6.239,580.9139,-3.1391,273.7984,0.2510,3.8000,-0.4500,4.2769,179.7879,359.3247,0.0000,0.0000,0.0000
6.351,580.7366,-3.0292,274.2938,0.2510,3.8000,-0.4500,4.3098,179.7875,359.4001,0.0000,0.0000,0.0000
6.475,580.5276,-2.8855,274.9059,0.2510,3.8000,-0.4500,4.4279,179.7866,359.7234,0.0000,0.0000,0.0000
6.600,580.2858,-2.7131,275.6343,0.2510,3.8000,-0.4500,4.4934,179.7864,359.9637,0.0000,0.0000,0.0000
6.711,580.1149,-2.5850,276.1571,0.2510,3.8000,-0.4500,4.5299,179.7865,0.2246,0.0000,0.0000,0.0000
6.837,579.9108,-2.4301,276.7841,0.2510,3.8000,-0.4500,4.5424,179.7866,0.4761,0.0000,0.0000,0.0000
6.948,579.7070,-2.2758,277.3966,0.2510,3.8000,-0.4500,4.5292,179.7864,0.6453,0.0000,0.0000,0.0000
7.072,579.5007,-2.1245,277.9479,0.2510,3.8000,-0.4500,4.5066,179.7861,0.8110,0.0000,0.0000,0.0000
7.198,579.2917,-1.9761,278.4217,0.2510,3.8000,-0.4500,4.4151,179.7846,1.1394,0.0000,0.0000,0.0000
7.322,579.0420,-1.8115,278.8744,0.2510,3.8000,-0.4500,4.2864,179.7816,1.4352,0.0000,0.0000,0.0000
7.448,578.8211,-1.6781,279.1609,0.2510,3.8000,-0.4500,4.1607,179.7782,1.6540,0.0000,0.0000,0.0000
7.572,578.5941,-1.5514,279.3641,0.2510,3.8000,-0.4500,4.0683,179.7755,1.7924,0.0000,0.0000,0.0000
7.697,578.3631,-1.4289,279.5061,0.2510,3.8000,-0.4500,3.9728,179.7723,1.9286,0.0000,0.0000,0.0000
7.809,578.1303,-1.3080,279.6075,0.2510,3.8000,-0.4500,3.7622,179.7648,2.1880,0.0000,0.0000,0.0000
7.920,577.8947,-1.1910,279.6837,0.2510,3.8000,-0.4500,3.7074,179.7626,2.2485,0.0000,0.0000,0.0000
8.047,577.6602,-1.0733,279.7483,0.2510,3.8000,-0.4500,3.4714,179.7528,2.4912,0.0000,0.0000,0.0000
8.151,577.4633,-0.9778,279.7977,0.2510,3.8000,-0.4500,3.4714,179.7528,2.4912,0.0000,0.0000,0.0000
8.267,577.2283,-0.8629,279.8568,0.2510,3.8000,-0.4500,3.3427,179.7471,2.6032,0.0000,0.0000,0.0000
8.378,577.0327,-0.7681,279.9065,0.2510,3.8000,-0.4500,3.2789,179.7442,2.6577,0.0000,0.0000,0.0000
8.478,576.8369,-0.6744,279.9559,0.2510,3.8000,-0.4500,3.2789,179.7442,2.6577,0.0000,0.0000,0.0000
8.588,576.6027,-0.5621,280.0162,0.2510,3.8000,-0.4500,3.1428,179.7377,2.7577,0.0000,0.0000,0.0000
8.698,576.3679,-0.4518,280.0763,0.2510,3.8000,-0.4500,3.1428,179.7377,2.7577,0.0000,0.0000,0.0000
8.809,576.1726,-0.3610,280.1276,0.2510,3.8000,-0.4500,3.0728,179.7343,2.8007,0.0000,0.0000,0.0000
8.935,575.9382,-0.2539,280.1907,0.2510,3.8000,-0.4500,2.9245,179.7269,2.8729,0.0000,0.0000,0.0000
9.047,575.7034,-0.1494,280.2548,0.2510,3.8000,-0.4500,2.9245,179.7269,2.8729,0.0000,0.0000,0.0000
9.156,575.5078,-0.0646,280.3093,0.2510,3.8000,-0.4500,2.9245,179.7269,2.8729,0.0000,0.0000,0.0000
9.256,575.3120,0.0172,280.3660,0.2510,3.8000,-0.4500,2.7618,179.7187,2.9032,0.0000,0.0000,0.0000
9.364,575.0767,0.1121,280.4346,0.2510,3.8000,-0.4500,2.6802,179.7146,2.9039,0.0000,0.0000,0.0000
9.476,574.8801,0.1876,280.4932,0.2510,3.8000,-0.4500,2.5987,179.7104,2.8991,0.0000,0.0000,0.0000
9.576,574.6827,0.2587,280.5528,0.2510,3.8000,-0.4500,2.4385,179.7024,2.8687,0.0000,0.0000,0.0000
9.683,574.4454,0.3403,280.6243,0.2510,3.8000,-0.4500,2.3592,179.6984,2.8489,0.0000,0.0000,0.0000
9.809,574.2065,0.4133,280.6968,0.2510,3.8000,-0.4500,2.1283,179.6871,2.7503,0.0000,0.0000,0.0000
9.920,573.9656,0.4779,280.7550,0.2510,3.8000,-0.4500,1.8453,179.6739,2.5729,0.0000,0.0000,0.0000
10.031,573.7650,0.5285,280.7540,0.2510,3.8000,-0.4500,1.7780,179.6709,2.5197,0.0000,0.0000,0.0000
10.156,573.5225,0.5777,280.7111,0.2510,3.8000,-0.4500,1.5152,179.6599,2.2996,0.0000,0.0000,0.0000
10.281,573.2393,0.6257,280.6220,0.2510,3.8000,-0.4500,1.2663,179.6504,2.0504,0.0000,0.0000,0.0000
10.406,572.9969,0.6604,280.5206,0.2510,3.8000,-0.4500,1.1481,179.6463,1.9242,0.0000,0.0000,0.0000
10.532,572.7545,0.6839,280.3915,0.2510,3.8000,-0.4500,0.9134,179.6389,1.6598,0.0000,0.0000,0.0000
10.656,572.5124,0.6977,280.2366,0.2510,3.8000,-0.4500,0.6367,179.6317,1.3294,0.0000,0.0000,0.0000
10.781,572.2313,0.7066,280.0330,0.2510,3.8000,-0.4500,0.4218,179.6272,1.0622,0.0000,0.0000,0.0000
10.906,571.9899,0.7063,279.8499,0.2510,3.8000,-0.4500,0.2639,179.6246,0.8617,0.0000,0.0000,0.0000
11.018,571.7875,0.6973,279.6956,0.2510,3.8000,-0.4500,0.0553,179.6219,0.5929,0.0000,0.0000,0.0000
11.128,571.5441,0.6803,279.5105,0.2510,3.8000,-0.4500,359.8499,179.6203,0.3231,0.0000,0.0000,0.0000
11.253,571.3001,0.6566,279.3286,0.2510,3.8000,-0.4500,359.7006,179.6197,0.1251,0.0000,0.0000,0.0000
11.378,571.0132,0.6159,279.1220,0.2510,3.8000,-0.4500,359.4500,179.6199,359.7888,0.0000,0.0000,0.0000
11.490,570.8065,0.5790,278.9868,0.2510,3.8000,-0.4500,359.2552,179.6210,359.5241,0.0000,0.0000,0.0000
11.603,570.5533,0.5272,278.8761,0.2510,3.8000,-0.4500,359.0598,179.6231,359.2561,0.0000,0.0000,0.0000
11.712,570.3394,0.4765,278.8342,0.2510,3.8000,-0.4500,358.9120,179.6253,359.0514,0.0000,0.0000,0.0000
11.836,570.0816,0.4054,278.8358,0.2510,3.8000,-0.4500,358.7194,179.6290,358.7825,0.0000,0.0000,0.0000
11.948,569.8259,0.3236,278.9026,0.2510,3.8000,-0.4500,358.5277,179.6335,358.5104,0.0000,0.0000,0.0000
12.059,569.5787,0.2293,279.0939,0.2510,3.8000,-0.4500,358.3402,179.6388,358.2413,0.0000,0.0000,0.0000
12.184,569.3405,0.1227,279.4117,0.2510,3.8000,-0.4500,358.1919,179.6437,358.0218,0.0000,0.0000,0.0000
12.309,569.1089,0.0035,279.8294,0.2510,3.8000,-0.4500,358.0480,179.6489,357.8057,0.0000,0.0000,0.0000
12.434,568.8822,-0.1309,280.3303,0.2510,3.8000,-0.4500,357.8211,179.6583,357.4461,0.0000,0.0000,0.0000
12.546,568.6611,-0.2690,280.8898,0.2510,3.8000,-0.4500,357.7789,179.6602,357.3736,0.0000,0.0000,0.0000
12.659,568.4420,-0.4170,281.4886,0.2510,3.8000,-0.4500,357.6947,179.6642,357.2261,0.0000,0.0000,0.0000
12.767,568.2603,-0.5475,282.0073,0.2510,3.8000,-0.4500,357.5795,179.6700,357.0035,0.0000,0.0000,0.0000
12.892,568.0439,-0.7039,282.6444,0.2510,3.8000,-0.4500,357.5474,179.6717,356.9269,0.0000,0.0000,0.0000
13.017,567.8273,-0.8629,283.2804,0.2510,3.8000,-0.4500,357.5161,179.6734,356.8499,0.0000,0.0000,0.0000
13.142,567.5678,-1.0456,283.9230,0.2510,3.8000,-0.4500,357.4917,179.6748,356.7741,0.0000,0.0000,0.0000
13.267,567.3369,-1.1970,284.3555,0.2510,3.8000,-0.4500,357.4816,179.6754,356.6933,0.0000,0.0000,0.0000
13.392,567.0982,-1.3411,284.6828,0.2510,3.8000,-0.4500,357.4816,179.6754,356.6933,0.0000,0.0000,0.0000
13.517,566.8514,-1.4790,284.9020,0.2510,3.8000,-0.4500,357.4816,179.6754,356.6933,0.0000,0.0000,0.0000
13.628,566.5989,-1.6094,284.9880,0.2510,3.8000,-0.4500,357.4816,179.6754,356.6933,0.0000,0.0000,0.0000
13.753,566.3447,-1.7335,284.9812,0.2510,3.8000,-0.4500,357.4816,179.6754,356.6933,0.0000,0.0000,0.0000
13.878,566.0491,-1.8715,284.8829,0.2510,3.8000,-0.4500,357.4816,179.6753,356.6934,0.0000,0.0000,0.0000
13.990,565.8390,-1.9673,284.7679,0.2510,3.8000,-0.4500,357.5268,179.6727,356.6234,0.0000,0.0000,0.0000
14.100,565.5883,-2.0787,284.5966,0.2510,3.8000,-0.4500,357.5822,179.6694,356.5625,0.0000,0.0000,0.0000
14.211,565.3806,-2.1689,284.4373,0.2510,3.8000,-0.4500,357.5822,179.6694,356.5625,0.0000,0.0000,0.0000
14.336,565.1315,-2.2757,284.2329,0.2510,3.8000,-0.4500,357.7122,179.6615,356.4583,0.0000,0.0000,0.0000
14.462,564.8417,-2.3970,283.9855,0.2510,3.8000,-0.4500,357.8545,179.6526,356.3774,0.0000,0.0000,0.0000
14.576,564.6349,-2.4816,283.8084,0.2510,3.8000,-0.4500,357.8545,179.6526,356.3774,0.0000,0.0000,0.0000
14.684,564.3864,-2.5807,283.5968,0.2510,3.8000,-0.4500,357.9341,179.6475,356.3517,0.0000,0.0000,0.0000
14.809,564.1373,-2.6769,283.3868,0.2510,3.8000,-0.4500,358.0927,179.6373,356.3050,0.0000,0.0000,0.0000
14.934,563.8887,-2.7706,283.1795,0.2510,3.8000,-0.4500,358.0927,179.6373,356.3050,0.0000,0.0000,0.0000
15.059,563.5984,-2.8748,282.9385,0.2510,3.8000,-0.4500,358.2566,179.6267,356.2950,0.0000,0.0000,0.0000
15.170,563.3926,-2.9445,282.7446,0.2510,3.8000,-0.4500,358.5057,179.6106,356.3193,0.0000,0.0000,0.0000
15.295,563.1571,-3.0258,282.3461,0.2510,3.8000,-0.4500,358.5057,179.6106,356.3193,0.0000,0.0000,0.0000
15.395,562.9695,-3.0881,281.8791,0.2510,3.8000,-0.4500,358.5823,179.6057,356.3407,0.0000,0.0000,0.0000
15.503,562.7499,-3.1588,281.2281,0.2510,3.8000,-0.4500,358.6567,179.6010,356.3707,0.0000,0.0000,0.0000
15.614,562.5694,-3.2159,280.6489,0.2510,3.8000,-0.4500,358.6567,179.6010,356.3707,0.0000,0.0000,0.0000
15.740,562.3143,-3.2903,279.8929,0.2510,3.8000,-0.4500,358.7967,179.5922,356.4569,0.0000,0.0000,0.0000
15.865,562.0900,-3.3513,279.3549,0.2510,3.8000,-0.4500,358.9188,179.5848,356.5691,0.0000,0.0000,0.0000
15.990,561.8584,-3.4119,278.9219,0.2510,3.8000,-0.4500,358.9740,179.5815,356.6284,0.0000,0.0000,0.0000
16.100,561.6217,-3.4683,278.5735,0.2510,3.8000,-0.4500,359.0800,179.5754,356.7557,0.0000,0.0000,0.0000
16.213,561.4216,-3.5108,278.3298,0.2510,3.8000,-0.4500,359.2323,179.5670,356.9520,0.0000,0.0000,0.0000
16.315,561.2183,-3.5555,278.1182,0.2510,3.8000,-0.4500,359.2323,179.5670,356.9520,0.0000,0.0000,0.0000
16.420,560.9736,-3.6005,277.8917,0.2510,3.8000,-0.4500,359.3764,179.5596,357.1588,0.0000,0.0000,0.0000
16.530,560.7684,-3.6356,277.7198,0.2510,3.8000,-0.4500,359.4700,179.5551,357.2982,0.0000,0.0000,0.0000
16.631,560.5621,-3.6691,277.5585,0.2510,3.8000,-0.4500,359.5162,179.5529,357.3673,0.0000,0.0000,0.0000
16.739,560.3152,-3.7002,277.3743,0.2510,3.8000,-0.4500,359.7025,179.5448,357.6527,0.0000,0.0000,0.0000
16.864,560.0665,-3.7316,277.2007,0.2510,3.8000,-0.4500,359.7460,179.5430,357.7197,0.0000,0.0000,0.0000
16.989,559.8182,-3.7548,277.0335,0.2510,3.8000,-0.4500,359.8790,179.5380,357.9282,0.0000,0.0000,0.0000
17.103,559.5698,-3.7744,276.8718,0.2510,3.8000,-0.4500,359.9694,179.5348,358.0713,0.0000,0.0000,0.0000
17.211,559.3628,-3.7864,276.7399,0.2510,3.8000,-0.4500,0.0580,179.5320,358.2119,0.0000,0.0000,0.0000
17.337,559.1146,-3.7950,276.5839,0.2510,3.8000,-0.4500,0.1922,179.5280,358.4268,0.0000,0.0000,0.0000
17.462,558.8249,-3.8024,276.4054,0.2510,3.8000,-0.4500,0.2358,179.5268,358.4966,0.0000,0.0000,0.0000
17.587,558.5783,-3.7964,276.2528,0.2510,3.8000,-0.4500,0.4561,179.5217,358.8520,0.0000,0.0000,0.0000
17.700,558.3310,-3.7899,276.1028,0.2510,3.8000,-0.4500,0.5406,179.5201,358.9886,0.0000,0.0000,0.0000
17.809,558.1251,-3.7813,275.9789,0.2510,3.8000,-0.4500,0.5850,179.5194,359.0604,0.0000,0.0000,0.0000
17.934,557.8792,-3.7631,275.8301,0.2510,3.8000,-0.4500,0.7174,179.5175,359.2744,0.0000,0.0000,0.0000
18.059,557.5931,-3.7341,275.6554,0.2510,3.8000,-0.4500,0.8927,179.5157,359.5566,0.0000,0.0000,0.0000
18.170,557.3888,-3.7118,275.5305,0.2510,3.8000,-0.4500,0.9357,179.5154,359.6256,0.0000,0.0000,0.0000
18.295,557.1451,-3.6771,275.3790,0.2510,3.8000,-0.4500,1.0671,179.5148,359.8356,0.0000,0.0000,0.0000
18.420,556.8615,-3.6304,275.2012,0.2510,3.8000,-0.4500,1.2011,179.5146,0.0480,0.0000,0.0000,0.0000
18.545,556.6201,-3.5824,275.0471,0.2510,3.8000,-0.4500,1.3774,179.5152,0.3246,0.0000,0.0000,0.0000
18.656,556.4182,-3.5433,274.9190,0.2510,3.8000,-0.4500,1.3774,179.5152,0.3246,0.0000,0.0000,0.0000
18.756,556.2185,-3.4941,274.7888,0.2510,3.8000,-0.4500,1.5640,179.5167,0.6122,0.0000,0.0000,0.0000
18.866,555.9785,-3.4364,274.6330,0.2510,3.8000,-0.4500,1.6083,179.5172,0.6801,0.0000,0.0000,0.0000
18.976,555.7798,-3.3809,274.5018,0.2510,3.8000,-0.4500,1.7463,179.5191,0.8876,0.0000,0.0000,0.0000
19.087,555.5419,-3.3106,274.3439,0.2510,3.8000,-0.4500,1.8863,179.5215,1.0942,0.0000,0.0000,0.0000
19.199,555.3039,-3.2384,274.1854,0.2510,3.8000,-0.4500,1.9326,179.5225,1.1613,0.0000,0.0000,0.0000
19.309,555.1076,-3.1711,274.0513,0.2510,3.8000,-0.4500,2.0768,179.5256,1.3677,0.0000,0.0000,0.0000
19.434,554.8718,-3.0902,273.8895,0.2510,3.8000,-0.4500,2.1250,179.5268,1.4350,0.0000,0.0000,0.0000
19.559,554.5987,-2.9874,273.6974,0.2510,3.8000,-0.4500,2.2705,179.5307,1.6357,0.0000,0.0000,0.0000
19.670,554.4040,-2.9123,273.5583,0.2510,3.8000,-0.4500,2.3185,179.5321,1.7000,0.0000,0.0000,0.0000
19.795,554.1712,-2.8172,273.3886,0.2510,3.8000,-0.4500,2.4197,179.5352,1.8333,0.0000,0.0000,0.0000
19.921,553.9008,-2.6981,273.2606,0.2510,3.8000,-0.4500,2.5808,179.5407,2.0372,0.0000,0.0000,0.0000
20.031,553.7115,-2.6062,273.3187,0.2510,3.8000,-0.4500,2.5808,179.5407,2.0372,0.0000,0.0000,0.0000
20.156,553.4962,-2.4767,273.5582,0.2510,3.8000,-0.4500,2.8063,179.5492,2.2931,0.0000,0.0000,0.0000
20.281,553.2547,-2.3148,274.0167,0.2510,3.8000,-0.4500,2.8632,179.5516,2.3479,0.0000,0.0000,0.0000
20.406,553.0547,-2.1627,274.5080,0.2510,3.8000,-0.4500,2.9891,179.5569,2.4578,0.0000,0.0000,0.0000
20.531,552.8578,-2.0050,275.0575,0.2510,3.8000,-0.4500,2.9891,179.5568,2.4578,0.0000,0.0000,0.0000
20.657,552.6651,-1.8367,275.6407,0.2510,3.8000,-0.4500,3.1981,179.5661,2.6135,0.0000,0.0000,0.0000
20.770,552.4730,-1.6682,276.2470,0.2510,3.8000,-0.4500,3.1981,179.5661,2.6135,0.0000,0.0000,0.0000
20.878,552.2821,-1.4955,276.8650,0.2510,3.8000,-0.4500,3.2704,179.5694,2.6579,0.0000,0.0000,0.0000
21.003,552.0921,-1.3211,277.4894,0.2510,3.8000,-0.4500,3.3423,179.5728,2.7016,0.0000,0.0000,0.0000
21.118,551.9337,-1.1765,278.0132,0.2510,3.8000,-0.4500,3.3423,179.5728,2.7016,0.0000,0.0000,0.0000
21.230,551.7435,-1.0030,278.6433,0.2510,3.8000,-0.4500,3.3423,179.5728,2.7016,0.0000,0.0000,0.0000
21.340,551.5532,-0.8305,279.2719,0.2510,3.8000,-0.4500,3.3423,179.5728,2.7016,0.0000,0.0000,0.0000
21.451,551.3947,-0.6880,279.7931,0.2510,3.8000,-0.4500,3.3423,179.5728,2.7016,0.0000,0.0000,0.0000
21.563,551.2035,-0.5189,280.4117,0.2510,3.8000,-0.4500,3.3423,179.5728,2.7016,0.0000,0.0000,0.0000
21.674,551.0403,-0.3823,280.8748,0.2510,3.8000,-0.4500,3.3423,179.5728,2.7016,0.0000,0.0000,0.0000
21.785,550.8356,-0.2282,281.3096,0.2510,3.8000,-0.4500,3.3423,179.5728,2.7016,0.0000,0.0000,0.0000
21.888,550.6570,-0.1089,281.5710,0.2510,3.8000,-0.4500,3.3423,179.5728,2.7016,0.0000,0.0000,0.0000
21.989,550.4720,0.0026,281.7543,0.2510,3.8000,-0.4500,3.3423,179.5728,2.7016,0.0000,0.0000,0.0000
22.090,550.2817,0.1053,281.8398,0.2510,3.8000,-0.4500,3.3423,179.5728,2.7016,0.0000,0.0000,0.0000
22.197,550.0887,0.1997,281.8500,0.2510,3.8000,-0.4500,3.3423,179.5728,2.7016,0.0000,0.0000,0.0000
22.323,549.8167,0.3211,281.7812,0.2510,3.8000,-0.4500,3.3423,179.5728,2.7016,0.0000,0.0000,0.0000
22.448,549.5827,0.4171,281.6735,0.2510,3.8000,-0.4500,3.3423,179.5728,2.7016,0.0000,0.0000,0.0000
22.573,549.3486,0.5069,281.5383,0.2510,3.8000,-0.4500,3.3423,179.5728,2.7016,0.0000,0.0000,0.0000
22.697,549.1127,0.5889,281.3864,0.2510,3.8000,-0.4500,3.3718,179.5742,2.5348,0.0000,0.0000,0.0000
22.823,548.8364,0.6774,281.1975,0.2510,3.8000,-0.4500,3.3853,179.5747,2.2845,0.0000,0.0000,0.0000
22.948,548.5985,0.7477,281.0305,0.2510,3.8000,-0.4500,3.3629,179.5739,2.0409,0.0000,0.0000,0.0000
23.073,548.3608,0.8167,280.8615,0.2510,3.8000,-0.4500,3.3475,179.5733,1.9613,0.0000,0.0000,0.0000
23.197,548.1221,0.8817,280.6945,0.2510,3.8000,-0.4500,3.3311,179.5728,1.8811,0.0000,0.0000,0.0000
23.323,547.8411,0.9500,280.5051,0.2510,3.8000,-0.4500,3.2659,179.5708,1.6402,0.0000,0.0000,0.0000
23.448,547.6000,1.0071,280.3469,0.2510,3.8000,-0.4500,3.2387,179.5700,1.5624,0.0000,0.0000,0.0000
23.573,547.3572,1.0596,280.1937,0.2510,3.8000,-0.4500,3.1804,179.5685,1.4064,0.0000,0.0000,0.0000
23.698,547.0731,1.1177,280.0201,0.2510,3.8000,-0.4500,3.1129,179.5669,1.2545,0.0000,0.0000,0.0000
23.809,546.8704,1.1593,279.8990,0.2510,3.8000,-0.4500,3.1129,179.5669,1.2545,0.0000,0.0000,0.0000
23.934,546.6254,1.2043,279.7584,0.2510,3.8000,-0.4500,3.0330,179.5653,1.1068,0.0000,0.0000,0.0000
24.059,546.3397,1.2586,279.5989,0.2510,3.8000,-0.4500,3.0330,179.5653,1.1068,0.0000,0.0000,0.0000
24.170,546.1347,1.2951,279.4890,0.2510,3.8000,-0.4500,2.9843,179.5644,1.0407,0.0000,0.0000,0.0000
24.296,545.8881,1.3385,279.3647,0.2510,3.8000,-0.4500,2.9353,179.5635,0.9758,0.0000,0.0000,0.0000
24.406,545.6412,1.3829,279.2487,0.2510,3.8000,-0.4500,2.9353,179.5635,0.9758,0.0000,0.0000,0.0000
24.531,545.3937,1.4274,279.1785,0.2510,3.8000,-0.4500,2.9353,179.5635,0.9758,0.0000,0.0000,0.0000
24.656,545.1517,1.4736,279.2533,0.2510,3.8000,-0.4500,2.8711,179.5625,0.9223,0.0000,0.0000,0.0000
24.756,544.9563,1.5144,279.4308,0.2510,3.8000,-0.4500,2.8064,179.5614,0.8704,0.0000,0.0000,0.0000
24.864,544.7282,1.5632,279.7532,0.2510,3.8000,-0.4500,2.6740,179.5595,0.7715,0.0000,0.0000,0.0000
24.990,544.5059,1.6103,280.1790,0.2510,3.8000,-0.4500,2.4648,179.5570,0.6331,0.0000,0.0000,0.0000
25.115,544.2888,1.6580,280.6846,0.2510,3.8000,-0.4500,2.3966,179.5562,0.5894,0.0000,0.0000,0.0000
25.226,544.0743,1.6996,281.2467,0.2510,3.8000,-0.4500,2.1746,179.5542,0.4657,0.0000,0.0000,0.0000
25.338,543.8624,1.7407,281.8428,0.2510,3.8000,-0.4500,2.1746,179.5542,0.4657,0.0000,0.0000,0.0000
25.448,543.6855,1.7662,282.3593,0.2510,3.8000,-0.4500,1.8733,179.5522,0.3172,0.0000,0.0000,0.0000
25.573,543.4750,1.7981,282.9899,0.2510,3.8000,-0.4500,1.8733,179.5522,0.3172,0.0000,0.0000,0.0000
25.698,543.2640,1.8218,283.6313,0.2510,3.8000,-0.4500,1.6452,179.5511,0.2211,0.0000,0.0000,0.0000
25.823,543.0186,1.8469,284.3852,0.2510,3.8000,-0.4500,1.5675,179.5508,0.1928,0.0000,0.0000,0.0000
25.923,542.8432,1.8615,284.9268,0.2510,3.8000,-0.4500,1.4893,179.5505,0.1648,0.0000,0.0000,0.0000
26.033,542.6678,1.8729,285.4700,0.2510,3.8000,-0.4500,1.3344,179.5501,0.1167,0.0000,0.0000,0.0000
26.142,542.4576,1.8868,286.1210,0.2510,3.8000,-0.4500,1.3344,179.5501,0.1167,0.0000,0.0000,0.0000
26.267,542.2471,1.8971,286.7732,0.2510,3.8000,-0.4500,1.1771,179.5498,0.0803,0.0000,0.0000,0.0000
26.392,542.0369,1.9082,287.4232,0.2510,3.8000,-0.4500,1.1771,179.5499,0.0803,0.0000,0.0000,0.0000
26.517,541.8267,1.9190,288.0708,0.2510,3.8000,-0.4500,1.1771,179.5498,0.0803,0.0000,0.0000,0.0000
26.629,541.6163,1.9302,288.7144,0.2510,3.8000,-0.4500,1.1771,179.5498,0.0803,0.0000,0.0000,0.0000
26.738,541.4027,1.9423,289.3063,0.2510,3.8000,-0.4500,1.1771,179.5498,0.0803,0.0000,0.0000,0.0000
26.849,541.2192,1.9531,289.7135,0.2510,3.8000,-0.4500,1.1771,179.5498,0.0803,0.0000,0.0000,0.0000
26.974,540.9916,1.9670,290.0943,0.2510,3.8000,-0.4500,1.1771,179.5498,0.0803,0.0000,0.0000,0.0000
27.099,540.7153,1.9844,290.3945,0.2510,3.8000,-0.4500,1.1771,179.5498,0.0803,0.0000,0.0000,0.0000
27.212,540.5106,1.9974,290.5139,0.2510,3.8000,-0.4500,1.1771,179.5498,0.0803,0.0000,0.0000,0.0000
27.335,540.2612,2.0131,290.5723,0.2510,3.8000,-0.4500,1.1771,179.5498,0.0803,0.0000,0.0000,0.0000
27.460,539.9712,2.0311,290.5355,0.2510,3.8000,-0.4500,1.1771,179.5498,0.0803,0.0000,0.0000,0.0000
27.571,539.7668,2.0432,290.4406,0.2510,3.8000,-0.4500,1.1771,179.5498,0.0803,0.0000,0.0000,0.0000
27.696,539.5250,2.0565,290.2661,0.2510,3.8000,-0.4500,1.1771,179.5498,0.0803,0.0000,0.0000,0.0000
27.808,539.2856,2.0682,290.0433,0.2510,3.8000,-0.4500,1.1771,179.5498,0.0803,0.0000,0.0000,0.0000
27.932,539.0481,2.0781,289.7876,0.2510,3.8000,-0.4500,1.1771,179.5498,0.0803,0.0000,0.0000,0.0000
28.057,538.8114,2.0862,289.5100,0.2510,3.8000,-0.4500,1.1771,179.5498,0.0803,0.0000,0.0000,0.0000
28.183,538.5341,2.0900,289.1665,0.2510,3.8000,-0.4500,1.3825,179.5496,359.8118,0.0000,0.0000,0.0000
28.293,538.3362,2.0910,288.9124,0.2510,3.8000,-0.4500,1.5464,179.5488,359.6115,0.0000,0.0000,0.0000
28.405,538.0991,2.0914,288.6012,0.2510,3.8000,-0.4500,1.6522,179.5480,359.4834,0.0000,0.0000,0.0000
28.529,537.8610,2.0879,288.2841,0.2510,3.8000,-0.4500,1.8708,179.5455,359.2175,0.0000,0.0000,0.0000
28.655,537.6235,2.0841,287.9654,0.2510,3.8000,-0.4500,1.9229,179.5447,359.1537,0.0000,0.0000,0.0000
28.766,537.3843,2.0753,287.6441,0.2510,3.8000,-0.4500,2.1302,179.5412,358.8890,0.0000,0.0000,0.0000
28.879,537.1443,2.0636,287.3232,0.2510,3.8000,-0.4500,2.3284,179.5369,358.6209,0.0000,0.0000,0.0000
28.988,536.9453,2.0545,287.0602,0.2510,3.8000,-0.4500,2.3284,179.5369,358.6209,0.0000,0.0000,0.0000
29.113,536.7035,2.0374,286.7480,0.2510,3.8000,-0.4500,2.5215,179.5318,358.3383,0.0000,0.0000,0.0000
29.238,536.4179,2.0149,286.4198,0.2510,3.8000,-0.4500,2.7073,179.5259,358.0422,0.0000,0.0000,0.0000
29.349,536.2088,2.0010,286.2506,0.2510,3.8000,-0.4500,2.7502,179.5244,357.9693,0.0000,0.0000,0.0000
29.474,535.9515,1.9843,286.1416,0.2510,3.8000,-0.4500,2.8768,179.5197,357.7498,0.0000,0.0000,0.0000
29.599,535.6500,1.9678,286.1461,0.2510,3.8000,-0.4500,3.0346,179.5130,357.4460,0.0000,0.0000,0.0000
29.724,535.4004,1.9637,286.3124,0.2510,3.8000,-0.4500,3.0346,179.5130,357.4460,0.0000,0.0000,0.0000
29.849,535.1569,1.9633,286.6214,0.2510,3.8000,-0.4500,3.1399,179.5081,357.2165,0.0000,0.0000,0.0000
29.975,534.9199,1.9689,287.0409,0.2510,3.8000,-0.4500,3.2025,179.5050,357.0562,0.0000,0.0000,0.0000
30.089,534.6876,1.9791,287.5418,0.2510,3.8000,-0.4500,3.2326,179.5034,356.9769,0.0000,0.0000,0.0000
30.196,534.4954,1.9871,288.0022,0.2510,3.8000,-0.4500,3.2818,179.5007,356.8226,0.0000,0.0000,0.0000
30.307,534.2666,1.9969,288.5887,0.2510,3.8000,-0.4500,3.3225,179.4984,356.6620,0.0000,0.0000,0.0000
30.433,534.0389,2.0051,289.1986,0.2510,3.8000,-0.4500,3.3535,179.4966,356.5007,0.0000,0.0000,0.0000
30.558,533.7742,2.0134,289.9277,0.2510,3.8000,-0.4500,3.3645,179.4959,356.4206,0.0000,0.0000,0.0000
30.668,533.5851,2.0165,290.4556,0.2510,3.8000,-0.4500,3.3731,179.4953,356.3393,0.0000,0.0000,0.0000
30.794,533.3580,2.0165,291.0945,0.2510,3.8000,-0.4500,3.3856,179.4945,356.1791,0.0000,0.0000,0.0000
30.905,533.1308,2.0136,291.7379,0.2510,3.8000,-0.4500,3.3894,179.4942,356.0191,0.0000,0.0000,0.0000
31.030,532.9043,2.0109,292.3842,0.2510,3.8000,-0.4500,3.3894,179.4942,356.0191,0.0000,0.0000,0.0000
31.155,532.6768,2.0030,293.0304,0.2510,3.8000,-0.4500,3.3861,179.4945,355.8553,0.0000,0.0000,0.0000
31.280,532.4120,1.9948,293.7823,0.2510,3.8000,-0.4500,3.3861,179.4945,355.8553,0.0000,0.0000,0.0000
31.405,532.1831,1.9831,294.4146,0.2510,3.8000,-0.4500,3.3826,179.4947,355.6929,0.0000,0.0000,0.0000
31.530,531.9514,1.9707,294.9861,0.2510,3.8000,-0.4500,3.3826,179.4947,355.6929,0.0000,0.0000,0.0000
31.655,531.7144,1.9535,295.4752,0.2510,3.8000,-0.4500,3.3826,179.4947,355.6929,0.0000,0.0000,0.0000
31.780,531.4307,1.9249,295.9457,0.2510,3.8000,-0.4500,3.4072,179.4928,355.5306,0.0000,0.0000,0.0000
31.905,531.1824,1.8984,296.2671,0.2510,3.8000,-0.4500,3.4072,179.4928,355.5306,0.0000,0.0000,0.0000
32.030,530.9301,1.8691,296.5299,0.2510,3.8000,-0.4500,3.4072,179.4928,355.5306,0.0000,0.0000,0.0000
32.155,530.6741,1.8384,296.7439,0.2510,3.8000,-0.4500,3.4072,179.4928,355.5306,0.0000,0.0000,0.0000
32.269,530.4143,1.8059,296.8878,0.2510,3.8000,-0.4500,3.4072,179.4928,355.5306,0.0000,0.0000,0.0000
32.377,530.1965,1.7737,296.9092,0.2510,3.8000,-0.4500,3.4553,179.4890,355.4662,0.0000,0.0000,0.0000
32.502,529.8920,1.7252,296.8394,0.2510,3.8000,-0.4500,3.4553,179.4890,355.4662,0.0000,0.0000,0.0000
32.627,529.6318,1.6813,296.7175,0.2510,3.8000,-0.4500,3.5893,179.4783,355.3735,0.0000,0.0000,0.0000
32.738,529.3734,1.6380,296.5587,0.2510,3.8000,-0.4500,3.5893,179.4783,355.3735,0.0000,0.0000,0.0000
32.849,529.1589,1.6026,296.4056,0.2510,3.8000,-0.4500,3.5893,179.4783,355.3735,0.0000,0.0000,0.0000
32.974,528.9031,1.5620,296.1964,0.2510,3.8000,-0.4500,3.7497,179.4652,355.3370,0.0000,0.0000,0.0000
33.099,528.6071,1.5162,295.9257,0.2510,3.8000,-0.4500,3.7497,179.4652,355.3370,0.0000,0.0000,0.0000
33.212,528.3964,1.4873,295.7180,0.2510,3.8000,-0.4500,3.9979,179.4450,355.3485,0.0000,0.0000,0.0000
33.323,528.1444,1.4526,295.4644,0.2510,3.8000,-0.4500,3.9979,179.4450,355.3485,0.0000,0.0000,0.0000
33.432,527.9346,1.4281,295.2490,0.2510,3.8000,-0.4500,4.1572,179.4320,355.3976,0.0000,0.0000,0.0000
33.557,527.6832,1.4000,294.9901,0.2510,3.8000,-0.4500,4.2319,179.4260,355.4284,0.0000,0.0000,0.0000
33.682,527.3899,1.3724,294.6895,0.2510,3.8000,-0.4500,4.3789,179.4143,355.5007,0.0000,0.0000,0.0000
33.793,527.1800,1.3534,294.4777,0.2510,3.8000,-0.4500,4.3789,179.4143,355.5007,0.0000,0.0000,0.0000
33.893,526.9705,1.3391,294.2665,0.2510,3.8000,-0.4500,4.5207,179.4033,355.5892,0.0000,0.0000,0.0000
34.004,526.7182,1.3212,294.0176,0.2510,3.8000,-0.4500,4.5207,179.4033,355.5892,0.0000,0.0000,0.0000
34.126,526.4662,1.3083,293.7710,0.2510,3.8000,-0.4500,4.6568,179.3928,355.6846,0.0000,0.0000,0.0000
34.252,526.2138,1.2946,293.5284,0.2510,3.8000,-0.4500,4.6568,179.3928,355.6846,0.0000,0.0000,0.0000
34.364,525.9612,1.2849,293.2880,0.2510,3.8000,-0.4500,4.7867,179.3831,355.7765,0.0000,0.0000,0.0000
34.474,525.7505,1.2756,293.0911,0.2510,3.8000,-0.4500,4.7867,179.3831,355.7765,0.0000,0.0000,0.0000
34.585,525.4974,1.2651,292.8575,0.2510,3.8000,-0.4500,4.7867,179.3831,355.7765,0.0000,0.0000,0.0000
34.710,525.2438,1.2549,292.6265,0.2510,3.8000,-0.4500,4.7867,179.3831,355.7765,0.0000,0.0000,0.0000
34.835,524.9902,1.2445,292.3984,0.2510,3.8000,-0.4500,4.7867,179.3831,355.7765,0.0000,0.0000,0.0000
34.960,524.6940,1.2317,292.1354,0.2510,3.8000,-0.4500,4.7867,179.3831,355.7765,0.0000,0.0000,0.0000
35.071,524.4819,1.2215,291.9491,0.2510,3.8000,-0.4500,4.7867,179.3831,355.7765,0.0000,0.0000,0.0000
35.197,524.2274,1.2077,291.7268,0.2510,3.8000,-0.4500,4.7867,179.3831,355.7765,0.0000,0.0000,0.0000
35.308,523.9727,1.1918,291.5057,0.2510,3.8000,-0.4500,4.7867,179.3831,355.7765,0.0000,0.0000,0.0000
35.433,523.7180,1.1733,291.2851,0.2510,3.8000,-0.4500,4.7867,179.3831,355.7765,0.0000,0.0000,0.0000
35.544,523.4633,1.1516,291.0644,0.2510,3.8000,-0.4500,4.7867,179.3831,355.7765,0.0000,0.0000,0.0000
35.669,523.2084,1.1262,290.8434,0.2510,3.8000,-0.4500,4.7867,179.3831,355.7765,0.0000,0.0000,0.0000
35.783,522.9531,1.0967,290.6219,0.2510,3.8000,-0.4500,4.7867,179.3831,355.7765,0.0000,0.0000,0.0000
35.905,522.6978,1.0627,290.3999,0.2510,3.8000,-0.4500,4.7867,179.3831,355.7765,0.0000,0.0000,0.0000
36.030,522.4425,1.0237,290.1772,0.2510,3.8000,-0.4500,4.7867,179.3831,355.7765,0.0000,0.0000,0.0000
36.155,522.1858,0.9754,289.9543,0.2510,3.8000,-0.4500,4.8378,179.3792,355.5289,0.0000,0.0000,0.0000
36.266,521.9299,0.9240,289.7312,0.2510,3.8000,-0.4500,4.8331,179.3796,355.4446,0.0000,0.0000,0.0000
36.391,521.6735,0.8636,289.5077,0.2510,3.8000,-0.4500,4.8055,179.3819,355.1935,0.0000,0.0000,0.0000
36.516,521.4171,0.7952,289.2845,0.2510,3.8000,-0.4500,4.6958,179.3914,354.8791,0.0000,0.0000,0.0000
36.641,521.1194,0.7119,289.0230,0.2510,3.8000,-0.4500,4.6250,179.3979,354.7341,0.0000,0.0000,0.0000
36.766,520.8639,0.6297,288.7997,0.2510,3.8000,-0.4500,4.4511,179.4144,354.4523,0.0000,0.0000,0.0000
36.866,520.6514,0.5568,288.6127,0.2510,3.8000,-0.4500,4.2990,179.4295,354.2564,0.0000,0.0000,0.0000
36.980,520.3969,0.4627,288.3867,0.2510,3.8000,-0.4500,4.0855,179.4515,354.0114,0.0000,0.0000,0.0000
37.095,520.1860,0.3825,288.1954,0.2510,3.8000,-0.4500,4.0265,179.4577,353.9517,0.0000,0.0000,0.0000
37.209,519.9330,0.2759,287.9656,0.2510,3.8000,-0.4500,3.7832,179.4841,353.7145,0.0000,0.0000,0.0000
37.320,519.6804,0.1629,287.7352,0.2510,3.8000,-0.4500,3.5256,179.5131,353.4906,0.0000,0.0000,0.0000
37.421,519.4710,0.0674,287.5414,0.2510,3.8000,-0.4500,3.4623,179.5203,353.4373,0.0000,0.0000,0.0000
37.530,519.2611,-0.0371,287.3491,0.2510,3.8000,-0.4500,3.1813,179.5532,353.2218,0.0000,0.0000,0.0000
37.641,519.0107,-0.1637,287.1147,0.2510,3.8000,-0.4500,3.0460,179.5695,353.1215,0.0000,0.0000,0.0000
37.752,518.8021,-0.2766,286.9191,0.2510,3.8000,-0.4500,2.7715,179.6031,352.9359,0.0000,0.0000,0.0000
37.877,518.5531,-0.4146,286.6815,0.2510,3.8000,-0.4500,2.5562,179.6301,352.8039,0.0000,0.0000,0.0000
38.002,518.2635,-0.5799,286.3993,0.2510,3.8000,-0.4500,2.4159,179.6479,352.7206,0.0000,0.0000,0.0000
38.127,518.0160,-0.7307,286.1561,0.2510,3.8000,-0.4500,2.0394,179.6967,352.5279,0.0000,0.0000,0.0000
38.253,517.7697,-0.8792,285.9068,0.2510,3.8000,-0.4500,2.0394,179.6967,352.5279,0.0000,0.0000,0.0000
38.363,517.5236,-1.0348,285.6567,0.2510,3.8000,-0.4500,1.8081,179.7272,352.4305,0.0000,0.0000,0.0000
38.488,517.2784,-1.1920,285.4038,0.2510,3.8000,-0.4500,1.6524,179.7480,352.3747,0.0000,0.0000,0.0000
38.613,517.0336,-1.3534,285.1499,0.2510,3.8000,-0.4500,1.3436,179.7896,352.2829,0.0000,0.0000,0.0000
38.739,516.7488,-1.5390,284.8504,0.2510,3.8000,-0.4500,1.3436,179.7896,352.2829,0.0000,0.0000,0.0000
38.849,516.5458,-1.6748,284.6384,0.2510,3.8000,-0.4500,1.1009,179.8226,352.2513,0.0000,0.0000,0.0000
38.960,516.3021,-1.8353,284.3820,0.2510,3.8000,-0.4500,1.1009,179.8226,352.2513,0.0000,0.0000,0.0000
39.085,516.0587,-1.9973,284.1281,0.2510,3.8000,-0.4500,0.8574,179.8557,352.2568,0.0000,0.0000,0.0000
39.210,515.8151,-2.1565,283.8731,0.2510,3.8000,-0.4500,0.8574,179.8557,352.2568,0.0000,0.0000,0.0000
39.324,515.5718,-2.3146,283.6201,0.2510,3.8000,-0.4500,0.6989,179.8772,352.3000,0.0000,0.0000,0.0000
39.432,515.3690,-2.4441,283.4094,0.2510,3.8000,-0.4500,0.6243,179.8873,352.3371,0.0000,0.0000,0.0000
39.558,515.1253,-2.5967,283.1573,0.2510,3.8000,-0.4500,0.5503,179.8972,352.3760,0.0000,0.0000,0.0000
39.682,514.8415,-2.7689,282.8656,0.2510,3.8000,-0.4500,0.3571,179.9228,352.5284,0.0000,0.0000,0.0000
39.808,514.5980,-2.9110,282.6171,0.2510,3.8000,-0.4500,0.2606,179.9353,352.6660,0.0000,0.0000,0.0000
39.932,514.3541,-3.0469,282.3708,0.2510,3.8000,-0.4500,0.1346,179.9513,352.8801,0.0000,0.0000,0.0000
40.045,514.1096,-3.1770,282.1266,0.2510,3.8000,-0.4500,0.0886,179.9570,353.0504,0.0000,0.0000,0.0000
40.154,513.9059,-3.2772,281.9255,0.2510,3.8000,-0.4500,0.0209,179.9651,353.3882,0.0000,0.0000,0.0000
40.280,513.6191,-3.4122,281.6487,0.2510,3.8000,-0.4500,0.0196,179.9652,353.6533,0.0000,0.0000,0.0000
40.390,513.4140,-3.4993,281.4549,0.2510,3.8000,-0.4500,0.0398,179.9631,353.9945,0.0000,0.0000,0.0000
40.515,513.1664,-3.5990,281.2281,0.2510,3.8000,-0.4500,0.0748,179.9595,354.2339,0.0000,0.0000,0.0000
40.641,512.8774,-3.6996,280.9713,0.2510,3.8000,-0.4500,0.1938,179.9480,354.7284,0.0000,0.0000,0.0000
40.766,512.6285,-3.7772,280.7592,0.2510,3.8000,-0.4500,0.2964,179.9388,355.0505,0.0000,0.0000,0.0000
40.890,512.3799,-3.8410,280.5535,0.2510,3.8000,-0.4500,0.4787,179.9238,355.5441,0.0000,0.0000,0.0000
41.016,512.1297,-3.8979,280.3552,0.2510,3.8000,-0.4500,0.6075,179.9142,355.8540,0.0000,0.0000,0.0000
41.140,511.8383,-3.9460,280.1307,0.2510,3.8000,-0.4500,0.8594,179.8971,356.4071,0.0000,0.0000,0.0000
41.253,511.6295,-3.9728,279.9754,0.2510,3.8000,-0.4500,1.0076,179.8882,356.7103,0.0000,0.0000,0.0000
41.366,511.3794,-3.9935,279.7934,0.2510,3.8000,-0.4500,1.2111,179.8772,357.1065,0.0000,0.0000,0.0000
41.474,511.1714,-4.0004,279.6451,0.2510,3.8000,-0.4500,1.4166,179.8676,357.4926,0.0000,0.0000,0.0000
41.599,510.8799,-3.9998,279.4433,0.2510,3.8000,-0.4500,1.6204,179.8593,357.8618,0.0000,0.0000,0.0000
41.724,510.6318,-3.9827,279.2734,0.2510,3.8000,-0.4500,1.8923,179.8503,358.3368,0.0000,0.0000,0.0000
41.849,510.3846,-3.9541,279.1063,0.2510,3.8000,-0.4500,2.1581,179.8436,358.7891,0.0000,0.0000,0.0000
41.974,510.1378,-3.9159,278.9415,0.2510,3.8000,-0.4500,2.3726,179.8397,359.1455,0.0000,0.0000,0.0000
42.099,509.8520,-3.8564,278.7488,0.2510,3.8000,-0.4500,2.6390,179.8368,359.5790,0.0000,0.0000,0.0000
42.224,509.6163,-3.7976,278.4803,0.2510,3.8000,-0.4500,2.8647,179.8358,359.9411,0.0000,0.0000,0.0000
42.336,509.4317,-3.7519,278.0930,0.2510,3.8000,-0.4500,3.0064,179.8359,0.1710,0.0000,0.0000,0.0000
42.447,509.2213,-3.6975,277.4855,0.2510,3.8000,-0.4500,3.2305,179.8373,0.5444,0.0000,0.0000,0.0000
42.571,509.0166,-3.6463,276.7977,0.2510,3.8000,-0.4500,3.3569,179.8388,0.7702,0.0000,0.0000,0.0000
42.683,508.8130,-3.5904,276.1236,0.2510,3.8000,-0.4500,3.4782,179.8406,0.9926,0.0000,0.0000,0.0000
42.796,508.6411,-3.5332,275.6315,0.2510,3.8000,-0.4500,3.6350,179.8438,1.2857,0.0000,0.0000,0.0000
42.905,508.4281,-3.4562,275.1449,0.2510,3.8000,-0.4500,3.7190,179.8458,1.4385,0.0000,0.0000,0.0000
43.030,508.2109,-3.3621,274.7559,0.2510,3.8000,-0.4500,3.8874,179.8504,1.7379,0.0000,0.0000,0.0000
43.130,508.0263,-3.2760,274.4899,0.2510,3.8000,-0.4500,3.9746,179.8532,1.8814,0.0000,0.0000,0.0000
43.238,507.8411,-3.1789,274.2600,0.2510,3.8000,-0.4500,4.1532,179.8595,2.1662,0.0000,0.0000,0.0000
43.364,507.5791,-3.0361,273.9788,0.2510,3.8000,-0.4500,4.2937,179.8651,2.3728,0.0000,0.0000,0.0000
43.488,507.3540,-2.9065,273.7589,0.2510,3.8000,-0.4500,4.3894,179.8692,2.5074,0.0000,0.0000,0.0000
43.613,507.1290,-2.7727,273.5497,0.2510,3.8000,-0.4500,4.4378,179.8714,2.5746,0.0000,0.0000,0.0000
43.738,506.8687,-2.6064,273.3110,0.2510,3.8000,-0.4500,4.6384,179.8809,2.8396,0.0000,0.0000,0.0000
43.863,506.6451,-2.4638,273.1096,0.2510,3.8000,-0.4500,4.6872,179.8833,2.9015,0.0000,0.0000,0.0000
43.988,506.4222,-2.3183,272.9089,0.2510,3.8000,-0.4500,4.7378,179.8859,2.9639,0.0000,0.0000,0.0000
44.113,506.2005,-2.1692,272.7080,0.2510,3.8000,-0.4500,4.8398,179.8914,3.0868,0.0000,0.0000,0.0000
44.238,505.9411,-1.9965,272.4748,0.2510,3.8000,-0.4500,4.8398,179.8914,3.0868,0.0000,0.0000,0.0000
44.363,505.7192,-1.8468,272.2750,0.2510,3.8000,-0.4500,4.8398,179.8914,3.0868,0.0000,0.0000,0.0000
44.488,505.4987,-1.6931,272.0739,0.2510,3.8000,-0.4500,4.9507,179.8975,3.2107,0.0000,0.0000,0.0000
44.613,505.2776,-1.5413,271.8730,0.2510,3.8000,-0.4500,4.9507,179.8975,3.2107,0.0000,0.0000,0.0000
44.724,505.0571,-1.3872,271.6711,0.2510,3.8000,-0.4500,4.9992,179.9002,3.2730,0.0000,0.0000,0.0000
44.848,504.8365,-1.2338,271.4689,0.2510,3.8000,-0.4500,4.9992,179.9002,3.2730,0.0000,0.0000,0.0000
44.973,504.6163,-1.0798,271.2662,0.2510,3.8000,-0.4500,4.9992,179.9002,3.2730,0.0000,0.0000,0.0000
45.098,504.3595,-0.8997,271.0298,0.2510,3.8000,-0.4500,4.9992,179.9002,3.2730,0.0000,0.0000,0.0000
45.223,504.1396,-0.7454,270.8279,0.2510,3.8000,-0.4500,4.9992,179.9002,3.2730,0.0000,0.0000,0.0000
45.334,503.9564,-0.6171,270.6604,0.2510,3.8000,-0.4500,4.9992,179.9002,3.2730,0.0000,0.0000,0.0000
45.459,503.6999,-0.4384,270.4269,0.2510,3.8000,-0.4500,4.9992,179.9002,3.2730,0.0000,0.0000,0.0000
45.584,503.4802,-0.2866,270.2273,0.2510,3.8000,-0.4500,4.9992,179.9002,3.2730,0.0000,0.0000,0.0000
45.709,503.2603,-0.1366,270.0282,0.2510,3.8000,-0.4500,4.9992,179.9002,3.2730,0.0000,0.0000,0.0000
45.835,503.0400,0.0111,269.8306,0.2510,3.8000,-0.4500,4.9992,179.9002,3.2730,0.0000,0.0000,0.0000
45.960,502.7823,0.1802,269.6061,0.2510,3.8000,-0.4500,4.9992,179.9002,3.2730,0.0000,0.0000,0.0000
46.084,502.5606,0.3220,269.4190,0.2510,3.8000,-0.4500,4.9992,179.9002,3.2730,0.0000,0.0000,0.0000
46.213,502.3385,0.4635,269.3102,0.2510,3.8000,-0.4500,4.9992,179.9002,3.2730,0.0000,0.0000,0.0000
46.334,502.1234,0.6127,269.3951,0.2510,3.8000,-0.4500,4.8552,179.8919,3.3486,0.0000,0.0000,0.0000
46.459,501.8832,0.7924,269.7195,0.2510,3.8000,-0.4500,4.6097,179.8774,3.3869,0.0000,0.0000,0.0000
46.570,501.7166,0.9208,270.0603,0.2510,3.8000,-0.4500,4.4463,179.8677,3.3733,0.0000,0.0000,0.0000
46.696,501.5197,1.0697,270.5530,0.2510,3.8000,-0.4500,4.1246,179.8489,3.2835,0.0000,0.0000,0.0000
46.820,501.2922,1.2364,271.2020,0.2510,3.8000,-0.4500,3.9074,179.8366,3.1681,0.0000,0.0000,0.0000
46.945,501.0967,1.3679,271.7985,0.2510,3.8000,-0.4500,3.6411,179.8223,2.9639,0.0000,0.0000,0.0000
47.070,500.9005,1.4918,272.4159,0.2510,3.8000,-0.4500,3.4710,179.8137,2.7847,0.0000,0.0000,0.0000
47.196,500.7010,1.6015,273.0479,0.2510,3.8000,-0.4500,3.1914,179.8011,2.3594,0.0000,0.0000,0.0000
47.307,500.5011,1.7056,273.6850,0.2510,3.8000,-0.4500,3.0804,179.7967,2.1203,0.0000,0.0000,0.0000
47.432,500.2970,1.7937,274.3246,0.2510,3.8000,-0.4500,2.8830,179.7902,1.6364,0.0000,0.0000,0.0000
47.532,500.1263,1.8612,274.8568,0.2510,3.8000,-0.4500,2.7955,179.7879,1.3970,0.0000,0.0000,0.0000
47.640,499.9157,1.9247,275.4637,0.2510,3.8000,-0.4500,2.6134,179.7843,0.8920,0.0000,0.0000,0.0000
47.741,499.7339,1.9645,275.8965,0.2510,3.8000,-0.4500,2.4589,179.7824,0.4853,0.0000,0.0000,0.0000
47.848,499.5451,1.9911,276.2506,0.2510,3.8000,-0.4500,2.2958,179.7816,0.0913,0.0000,0.0000,0.0000
47.973,499.3096,2.0057,276.5767,0.2510,3.8000,-0.4500,2.0822,179.7822,359.6273,0.0000,0.0000,0.0000
48.098,499.0211,1.9986,276.8083,0.2510,3.8000,-0.4500,1.8057,179.7853,359.0936,0.0000,0.0000,0.0000
48.211,498.8086,1.9785,276.8857,0.2510,3.8000,-0.4500,1.5921,179.7894,358.7186,0.0000,0.0000,0.0000
48.322,498.5507,1.9396,276.9073,0.2510,3.8000,-0.4500,1.3221,179.7964,358.2783,0.0000,0.0000,0.0000
48.433,498.3351,1.8959,276.8848,0.2510,3.8000,-0.4500,1.0885,179.8042,357.9208,0.0000,0.0000,0.0000
48.542,498.0761,1.8310,276.8258,0.2510,3.8000,-0.4500,0.8007,179.8157,357.5041,0.0000,0.0000,0.0000
48.667,497.8177,1.7547,276.7431,0.2510,3.8000,-0.4500,0.5502,179.8274,357.1606,0.0000,0.0000,0.0000
48.779,497.5591,1.6642,276.6463,0.2510,3.8000,-0.4500,0.2330,179.8443,356.7448,0.0000,0.0000,0.0000
48.904,497.3015,1.5639,276.5391,0.2510,3.8000,-0.4500,359.9726,179.8598,356.4177,0.0000,0.0000,0.0000
49.029,497.0444,1.4520,276.4246,0.2510,3.8000,-0.4500,359.6969,179.8779,356.0877,0.0000,0.0000,0.0000
49.154,496.7876,1.3279,276.3041,0.2510,3.8000,-0.4500,359.3613,179.9020,355.7021,0.0000,0.0000,0.0000
49.279,496.4896,1.1750,276.1557,0.2510,3.8000,-0.4500,359.1200,179.9207,355.4415,0.0000,0.0000,0.0000
49.404,496.2350,1.0331,276.0229,0.2510,3.8000,-0.4500,358.8812,179.9403,355.1919,0.0000,0.0000,0.0000
49.515,496.0236,0.9092,275.9082,0.2510,3.8000,-0.4500,358.7017,179.9557,355.0122,0.0000,0.0000,0.0000
49.640,495.7288,0.7274,275.7420,0.2510,3.8000,-0.4500,358.4605,179.9772,354.7827,0.0000,0.0000,0.0000
49.765,495.4767,0.5637,275.5950,0.2510,3.8000,-0.4500,358.2128,180.0003,354.5634,0.0000,0.0000,0.0000
49.890,495.2258,0.3977,275.4433,0.2510,3.8000,-0.4500,358.0890,180.0122,354.4616,0.0000,0.0000,0.0000
50.015,494.9750,0.2244,275.2896,0.2510,3.8000,-0.4500,357.8230,180.0385,354.2627,0.0000,0.0000,0.0000
50.128,494.7256,0.0534,275.1312,0.2510,3.8000,-0.4500,357.8230,180.0385,354.2627,0.0000,0.0000,0.0000
50.238,494.5174,-0.0949,274.9991,0.2510,3.8000,-0.4500,357.6120,180.0599,354.1371,0.0000,0.0000,0.0000
50.362,494.2270,-0.2984,274.8102,0.2510,3.8000,-0.4500,357.6120,180.0599,354.1371,0.0000,0.0000,0.0000
50.474,494.0197,-0.4439,274.6746,0.2510,3.8000,-0.4500,357.6120,180.0599,354.1371,0.0000,0.0000,0.0000
50.587,493.7708,-0.6190,274.5122,0.2510,3.8000,-0.4500,357.5349,180.0679,354.1128,0.0000,0.0000,0.0000
50.696,493.5635,-0.7626,274.3765,0.2510,3.8000,-0.4500,357.5349,180.0679,354.1128,0.0000,0.0000,0.0000
50.821,493.2737,-0.9608,274.1872,0.2510,3.8000,-0.4500,357.4574,180.0759,354.1163,0.0000,0.0000,0.0000
50.932,493.0665,-1.0986,274.0516,0.2510,3.8000,-0.4500,357.4573,180.0759,354.1163,0.0000,0.0000,0.0000
51.056,492.8180,-1.2595,273.8887,0.2510,3.8000,-0.4500,357.4573,180.0759,354.1163,0.0000,0.0000,0.0000
51.181,492.5289,-1.4379,273.6994,0.2510,3.8000,-0.4500,357.2786,180.0941,354.2837,0.0000,0.0000,0.0000
51.282,492.3219,-1.5597,273.5644,0.2510,3.8000,-0.4500,357.2446,180.0974,354.3591,0.0000,0.0000,0.0000
51.390,492.1158,-1.6724,273.4311,0.2510,3.8000,-0.4500,357.1403,180.1075,354.6738,0.0000,0.0000,0.0000
51.490,491.9085,-1.7812,273.2999,0.2510,3.8000,-0.4500,357.1352,180.1080,354.8432,0.0000,0.0000,0.0000
51.598,491.7013,-1.8804,273.1719,0.2510,3.8000,-0.4500,357.1556,180.1062,355.1844,0.0000,0.0000,0.0000
51.698,491.4518,-1.9903,273.0241,0.2510,3.8000,-0.4500,357.2525,180.0984,355.5979,0.0000,0.0000,0.0000
51.806,491.2426,-2.0760,272.9068,0.2510,3.8000,-0.4500,357.3309,180.0925,355.8358,0.0000,0.0000,0.0000
51.933,490.9921,-2.1648,272.7728,0.2510,3.8000,-0.4500,357.5337,180.0786,356.3192,0.0000,0.0000,0.0000
52.057,490.7405,-2.2428,272.6476,0.2510,3.8000,-0.4500,357.7526,180.0654,356.7682,0.0000,0.0000,0.0000
52.181,490.4456,-2.3217,272.5125,0.2510,3.8000,-0.4500,357.9669,180.0541,357.1576,0.0000,0.0000,0.0000
52.293,490.2352,-2.3655,272.4227,0.2510,3.8000,-0.4500,358.1913,180.0437,357.5449,0.0000,0.0000,0.0000
52.418,489.9403,-2.4129,272.3071,0.2510,3.8000,-0.4500,358.5034,180.0317,358.0550,0.0000,0.0000,0.0000
52.529,489.7293,-2.4380,272.2316,0.2510,3.8000,-0.4500,358.6914,180.0258,358.3466,0.0000,0.0000,0.0000
52.654,489.4767,-2.4545,272.1478,0.2510,3.8000,-0.4500,358.9825,180.0185,358.7826,0.0000,0.0000,0.0000
52.779,489.1823,-2.4586,272.0591,0.2510,3.8000,-0.4500,359.3184,180.0128,359.2635,0.0000,0.0000,0.0000
52.904,488.9303,-2.4505,271.9896,0.2510,3.8000,-0.4500,359.5654,180.0103,359.6005,0.0000,0.0000,0.0000
53.004,488.7213,-2.4334,271.9342,0.2510,3.8000,-0.4500,359.8186,180.0093,359.9341,0.0000,0.0000,0.0000
53.112,488.5126,-2.4101,271.8809,0.2510,3.8000,-0.4500,0.0245,180.0096,0.1948,0.0000,0.0000,0.0000
53.227,488.2629,-2.3735,271.8181,0.2510,3.8000,-0.4500,0.2323,180.0107,0.4492,0.0000,0.0000,0.0000
53.335,488.0566,-2.3324,271.7650,0.2510,3.8000,-0.4500,0.5073,180.0137,0.7708,0.0000,0.0000,0.0000
53.446,487.8096,-2.2775,271.7006,0.2510,3.8000,-0.4500,0.7333,180.0172,1.0212,0.0000,0.0000,0.0000
53.571,487.5638,-2.2156,271.6339,0.2510,3.8000,-0.4500,0.9021,180.0205,1.2006,0.0000,0.0000,0.0000
53.696,487.3197,-2.1442,271.5633,0.2510,3.8000,-0.4500,1.1378,180.0259,1.4369,0.0000,0.0000,0.0000
53.820,487.0366,-2.0531,271.4757,0.2510,3.8000,-0.4500,1.3851,180.0326,1.6663,0.0000,0.0000,0.0000
53.946,486.7952,-1.9692,271.3960,0.2510,3.8000,-0.4500,1.5723,180.0383,1.8261,0.0000,0.0000,0.0000
54.057,486.5948,-1.8960,271.3273,0.2510,3.8000,-0.4500,1.6986,180.0425,1.9276,0.0000,0.0000,0.0000
54.170,486.3553,-1.8028,271.2424,0.2510,3.8000,-0.4500,1.9052,180.0497,2.0766,0.0000,0.0000,0.0000
54.280,486.1160,-1.7083,271.1562,0.2510,3.8000,-0.4500,1.9761,180.0523,2.1223,0.0000,0.0000,0.0000
54.391,485.9173,-1.6254,271.0825,0.2510,3.8000,-0.4500,2.1191,180.0577,2.2120,0.0000,0.0000,0.0000
54.515,485.6790,-1.5251,270.9945,0.2510,3.8000,-0.4500,2.1967,180.0607,2.2508,0.0000,0.0000,0.0000
54.640,485.4015,-1.4044,270.8908,0.2510,3.8000,-0.4500,2.3524,180.0670,2.3253,0.0000,0.0000,0.0000
54.765,485.1631,-1.3006,270.8033,0.2510,3.8000,-0.4500,2.4306,180.0702,2.3506,0.0000,0.0000,0.0000
54.890,484.9246,-1.1955,270.7166,0.2510,3.8000,-0.4500,2.5934,180.0769,2.3829,0.0000,0.0000,0.0000
55.015,484.6855,-1.0924,270.6320,0.2510,3.8000,-0.4500,2.5934,180.0769,2.3829,0.0000,0.0000,0.0000
55.140,484.4060,-0.9717,270.5320,0.2510,3.8000,-0.4500,2.8436,180.0873,2.3726,0.0000,0.0000,0.0000
55.253,484.2058,-0.8881,270.4619,0.2510,3.8000,-0.4500,2.8436,180.0873,2.3726,0.0000,0.0000,0.0000
55.363,483.9645,-0.7898,270.3770,0.2510,3.8000,-0.4500,3.0014,180.0938,2.3122,0.0000,0.0000,0.0000
55.473,483.7622,-0.7109,270.3065,0.2510,3.8000,-0.4500,3.2104,180.1020,2.1838,0.0000,0.0000,0.0000
55.598,483.4780,-0.6046,270.2110,0.2510,3.8000,-0.4500,3.3269,180.1063,2.0680,0.0000,0.0000,0.0000
55.723,483.2328,-0.5181,270.1318,0.2510,3.8000,-0.4500,3.4290,180.1099,1.9427,0.0000,0.0000,0.0000
55.849,482.9860,-0.4363,270.0607,0.2510,3.8000,-0.4500,3.5141,180.1127,1.8027,0.0000,0.0000,0.0000
55.974,482.7366,-0.3598,270.0294,0.2510,3.8000,-0.4500,3.6477,180.1166,1.4920,0.0000,0.0000,0.0000
56.098,482.4441,-0.2738,270.0238,0.2510,3.8000,-0.4500,3.7103,180.1181,1.2511,0.0000,0.0000,0.0000
56.198,482.2338,-0.2166,270.0290,0.2510,3.8000,-0.4500,3.7355,180.1186,1.0792,0.0000,0.0000,0.0000
56.306,482.0216,-0.1650,270.0364,0.2510,3.8000,-0.4500,3.7636,180.1191,0.8242,0.0000,0.0000,0.0000
56.406,481.8086,-0.1166,270.0437,0.2510,3.8000,-0.4500,3.7680,180.1191,0.6613,0.0000,0.0000,0.0000
56.529,481.5498,-0.0691,270.0511,0.2510,3.8000,-0.4500,3.7473,180.1190,0.2317,0.0000,0.0000,0.0000
56.654,481.2911,-0.0245,270.0562,0.2510,3.8000,-0.4500,3.7259,180.1189,0.0616,0.0000,0.0000,0.0000
56.779,480.9865,0.0158,270.0615,0.2510,3.8000,-0.4500,3.6756,180.1190,359.7291,0.0000,0.0000,0.0000
56.904,480.7240,0.0413,270.0678,0.2510,3.8000,-0.4500,3.6046,180.1196,359.4039,0.0000,0.0000,0.0000
57.015,480.5054,0.0591,270.0758,0.2510,3.8000,-0.4500,3.5629,180.1201,359.2436,0.0000,0.0000,0.0000
57.140,480.1986,0.0753,270.0931,0.2510,3.8000,-0.4500,3.4936,180.1211,358.9971,0.0000,0.0000,0.0000
57.265,479.9340,0.0776,270.1167,0.2510,3.8000,-0.4500,3.3590,180.1240,358.5864,0.0000,0.0000,0.0000
57.390,479.6707,0.0769,270.1512,0.2510,3.8000,-0.4500,3.2739,180.1262,358.3563,0.0000,0.0000,0.0000
57.501,479.4083,0.0715,270.1963,0.2510,3.8000,-0.4500,3.2137,180.1281,358.2043,0.0000,0.0000,0.0000
57.601,479.1889,0.0600,270.2405,0.2510,3.8000,-0.4500,3.1158,180.1313,357.9724,0.0000,0.0000,0.0000
57.711,478.9698,0.0458,270.2875,0.2510,3.8000,-0.4500,3.0430,180.1340,357.8145,0.0000,0.0000,0.0000
57.821,478.7069,0.0241,270.3471,0.2510,3.8000,-0.4500,2.9700,180.1369,357.6590,0.0000,0.0000,0.0000
57.934,478.4872,-0.0002,270.3998,0.2510,3.8000,-0.4500,2.8583,180.1417,357.4377,0.0000,0.0000,0.0000
58.043,478.2239,-0.0315,270.4637,0.2510,3.8000,-0.4500,2.7779,180.1454,357.2887,0.0000,0.0000,0.0000
58.168,477.9609,-0.0658,270.5292,0.2510,3.8000,-0.4500,2.7378,180.1473,357.2152,0.0000,0.0000,0.0000
58.293,477.6970,-0.1074,270.5822,0.2510,3.8000,-0.4500,2.6107,180.1538,356.9970,0.0000,0.0000,0.0000
58.419,477.3922,-0.1575,270.5517,0.2510,3.8000,-0.4500,2.6107,180.1538,356.9970,0.0000,0.0000,0.0000
58.531,477.1755,-0.2003,270.4810,0.2510,3.8000,-0.4500,2.5235,180.1584,356.8528,0.0000,0.0000,0.0000
58.640,476.9187,-0.2510,270.3521,0.2510,3.8000,-0.4500,2.5235,180.1584,356.8528,0.0000,0.0000,0.0000
58.765,476.6651,-0.3045,270.1738,0.2510,3.8000,-0.4500,2.5235,180.1584,356.8528,0.0000,0.0000,0.0000
58.890,476.4143,-0.3616,269.9506,0.2510,3.8000,-0.4500,2.4834,180.1607,356.7826,0.0000,0.0000,0.0000
58.990,476.2076,-0.4088,269.7375,0.2510,3.8000,-0.4500,2.4834,180.1607,356.7826,0.0000,0.0000,0.0000
59.098,475.9611,-0.4656,269.4604,0.2510,3.8000,-0.4500,2.4834,180.1607,356.7826,0.0000,0.0000,0.0000
59.211,475.7566,-0.5127,269.2188,0.2510,3.8000,-0.4500,2.4834,180.1607,356.7826,0.0000,0.0000,0.0000
59.321,475.5115,-0.5682,268.9212,0.2510,3.8000,-0.4500,2.4834,180.1607,356.7826,0.0000,0.0000,0.0000
59.446,475.2668,-0.6219,268.6212,0.2510,3.8000,-0.4500,2.4834,180.1607,356.7826,0.0000,0.0000,0.0000
59.556,475.0627,-0.6648,268.3733,0.2510,3.8000,-0.4500,2.4834,180.1607,356.7826,0.0000,0.0000,0.0000
59.681,474.7766,-0.7215,268.0300,0.2510,3.8000,-0.4500,2.4834,180.1607,356.7826,0.0000,0.0000,0.0000
59.793,474.5721,-0.7593,267.7879,0.2510,3.8000,-0.4500,2.4834,180.1607,356.7826,0.0000,0.0000,0.0000
59.918,474.3246,-0.8004,267.5259,0.2510,3.8000,-0.4500,2.4834,180.1607,356.7826,0.0000,0.0000,0.0000
60.042,474.0302,-0.8407,267.2876,0.2510,3.8000,-0.4500,2.4834,180.1607,356.7826,0.0000,0.0000,0.0000
60.154,473.8171,-0.8639,267.1538,0.2510,3.8000,-0.4500,2.4834,180.1607,356.7826,0.0000,0.0000,0.0000
60.279,473.5162,-0.8885,266.9988,0.2510,3.8000,-0.4500,2.4834,180.1607,356.7826,0.0000,0.0000,0.0000
60.404,473.2570,-0.9025,266.8829,0.2510,3.8000,-0.4500,2.4834,180.1607,356.7826,0.0000,0.0000,0.0000
60.515,473.0415,-0.9057,266.7920,0.2510,3.8000,-0.4500,2.5716,180.1558,356.9293,0.0000,0.0000,0.0000
60.627,472.7830,-0.9019,266.7035,0.2510,3.8000,-0.4500,2.7008,180.1492,357.1508,0.0000,0.0000,0.0000
60.739,472.5245,-0.8865,266.6806,0.2510,3.8000,-0.4500,2.8619,180.1415,357.4413,0.0000,0.0000,0.0000
60.848,472.3084,-0.8682,266.6910,0.2510,3.8000,-0.4500,2.9426,180.1380,357.5945,0.0000,0.0000,0.0000
60.973,472.0494,-0.8373,266.7192,0.2510,3.8000,-0.4500,3.0613,180.1333,357.8232,0.0000,0.0000,0.0000
61.098,471.7917,-0.7947,266.7531,0.2510,3.8000,-0.4500,3.2522,180.1266,358.2082,0.0000,0.0000,0.0000
61.210,471.5333,-0.7479,266.7869,0.2510,3.8000,-0.4500,3.3594,180.1235,358.4344,0.0000,0.0000,0.0000
61.334,471.2747,-0.6953,266.8170,0.2510,3.8000,-0.4500,3.4291,180.1217,358.5870,0.0000,0.0000,0.0000
61.460,470.9768,-0.6200,266.8630,0.2510,3.8000,-0.4500,3.5994,180.1180,358.9772,0.0000,0.0000,0.0000
61.571,470.7658,-0.5628,266.9222,0.2510,3.8000,-0.4500,3.6318,180.1175,359.0593,0.0000,0.0000,0.0000
61.696,470.5185,-0.4794,267.0231,0.2510,3.8000,-0.4500,3.7884,180.1155,359.4714,0.0000,0.0000,0.0000
61.821,470.2336,-0.3760,267.1825,0.2510,3.8000,-0.4500,3.8671,180.1149,359.7076,0.0000,0.0000,0.0000
61.946,469.9938,-0.2776,267.3497,0.2510,3.8000,-0.4500,3.9386,180.1147,359.9565,0.0000,0.0000,0.0000
62.071,469.7565,-0.1739,267.5380,0.2510,3.8000,-0.4500,3.9818,180.1147,0.1168,0.0000,0.0000,0.0000
62.196,469.5222,-0.0628,267.7391,0.2510,3.8000,-0.4500,4.0299,180.1149,0.3660,0.0000,0.0000,0.0000
62.321,469.2495,0.0695,267.9730,0.2510,3.8000,-0.4500,4.0517,180.1151,0.5275,0.0000,0.0000,0.0000
62.446,469.0171,0.1877,268.1664,0.2510,3.8000,-0.4500,4.0635,180.1152,0.7800,0.0000,0.0000,0.0000
62.557,468.8220,0.2819,268.2673,0.2510,3.8000,-0.4500,4.0636,180.1152,0.7800,0.0000,0.0000,0.0000
62.682,468.5646,0.3990,268.0428,0.2510,3.8000,-0.4500,4.0348,180.1147,1.1212,0.0000,0.0000,0.0000
62.792,468.3898,0.4652,267.6585,0.2510,3.8000,-0.4500,4.0170,180.1144,1.2029,0.0000,0.0000,0.0000
62.917,468.1875,0.5361,267.0558,0.2510,3.8000,-0.4500,3.9787,180.1135,1.3666,0.0000,0.0000,0.0000
63.042,467.9526,0.6177,266.3347,0.2510,3.8000,-0.4500,3.9017,180.1115,1.6105,0.0000,0.0000,0.0000
63.167,467.7444,0.6944,265.8228,0.2510,3.8000,-0.4500,3.8379,180.1096,1.7688,0.0000,0.0000,0.0000
63.292,467.5275,0.7795,265.4377,0.2510,3.8000,-0.4500,3.8052,180.1086,1.8464,0.0000,0.0000,0.0000
63.417,467.3045,0.8745,265.1584,0.2510,3.8000,-0.4500,3.6831,180.1044,2.0609,0.0000,0.0000,0.0000
63.543,467.0368,0.9892,264.9227,0.2510,3.8000,-0.4500,3.6349,180.1026,2.1258,0.0000,0.0000,0.0000
63.653,466.8441,1.0742,264.7933,0.2510,3.8000,-0.4500,3.4602,180.0958,2.3066,0.0000,0.0000,0.0000
63.764,466.6100,1.1743,264.6635,0.2510,3.8000,-0.4500,3.3963,180.0932,2.3575,0.0000,0.0000,0.0000
63.889,466.3755,1.2726,264.5527,0.2510,3.8000,-0.4500,3.1097,180.0810,2.5305,0.0000,0.0000,0.0000
64.014,466.1395,1.3664,264.4505,0.2510,3.8000,-0.4500,3.0336,180.0776,2.5579,0.0000,0.0000,0.0000
64.114,465.9419,1.4285,264.3726,0.2510,3.8000,-0.4500,2.7853,180.0663,2.6200,0.0000,0.0000,0.0000
64.222,465.6963,1.4495,264.2870,0.2510,3.8000,-0.4500,2.4148,180.0506,2.1187,0.0000,0.0000,0.0000
64.334,465.4822,1.4519,264.2232,0.2510,3.8000,-0.4500,2.1330,180.0425,1.0102,0.0000,0.0000,0.0000
64.458,465.1723,1.4080,264.1560,0.2510,3.8000,-0.4500,1.8728,180.0419,359.1604,0.0000,0.0000,0.0000
64.570,464.9514,1.3731,264.1165,0.2510,3.8000,-0.4500,1.7730,180.0440,358.3682,0.0000,0.0000,0.0000
64.683,464.6898,1.3468,264.0656,0.2510,3.8000,-0.4500,1.7474,180.0448,358.1847,0.0000,0.0000,0.0000
64.792,464.4726,1.3302,264.0201,0.2510,3.8000,-0.4500,1.7474,180.0448,358.1847,0.0000,0.0000,0.0000
64.917,464.2121,1.3145,263.9630,0.2510,3.8000,-0.4500,1.7474,180.0448,358.1847,0.0000,0.0000,0.0000
65.042,463.9085,1.3031,263.8943,0.2510,3.8000,-0.4500,1.7474,180.0448,358.1847,0.0000,0.0000,0.0000
65.167,463.6486,1.2993,263.8347,0.2510,3.8000,-0.4500,1.7474,180.0448,358.1847,0.0000,0.0000,0.0000
65.292,463.3891,1.3010,263.7751,0.2510,3.8000,-0.4500,1.7474,180.0448,358.1847,0.0000,0.0000,0.0000
65.417,463.1313,1.3108,263.7155,0.2510,3.8000,-0.4500,1.7348,180.0452,358.3507,0.0000,0.0000,0.0000
65.517,462.9171,1.3233,263.6675,0.2510,3.8000,-0.4500,1.7235,180.0455,358.5176,0.0000,0.0000,0.0000
65.639,462.6187,1.3500,263.6049,0.2510,3.8000,-0.4500,1.7076,180.0459,358.9415,0.0000,0.0000,0.0000
65.764,462.3611,1.3718,263.5576,0.2510,3.8000,-0.4500,1.7076,180.0459,358.9415,0.0000,0.0000,0.0000
65.889,462.1060,1.4044,263.5152,0.2510,3.8000,-0.4500,1.7008,180.0460,359.2814,0.0000,0.0000,0.0000
66.014,461.8507,1.4400,263.4789,0.2510,3.8000,-0.4500,1.6958,180.0460,359.5284,0.0000,0.0000,0.0000
66.139,461.5529,1.4864,263.4439,0.2510,3.8000,-0.4500,1.6891,180.0461,359.7751,0.0000,0.0000,0.0000
66.265,461.2980,1.5299,263.4180,0.2510,3.8000,-0.4500,1.6821,180.0461,359.9423,0.0000,0.0000,0.0000
66.389,461.0432,1.5756,263.3935,0.2510,3.8000,-0.4500,1.6783,180.0461,0.0253,0.0000,0.0000,0.0000
66.514,460.7905,1.6273,263.3687,0.2510,3.8000,-0.4500,1.6619,180.0460,0.2738,0.0000,0.0000,0.0000
66.639,460.4964,1.6905,263.3395,0.2510,3.8000,-0.4500,1.6353,180.0458,0.5258,0.0000,0.0000,0.0000
66.764,460.2437,1.7434,263.3137,0.2510,3.8000,-0.4500,1.6353,180.0458,0.5258,0.0000,0.0000,0.0000
66.889,459.9930,1.8007,263.2869,0.2510,3.8000,-0.4500,1.6095,180.0456,0.6894,0.0000,0.0000,0.0000
67.015,459.7429,1.8591,263.2591,0.2510,3.8000,-0.4500,1.5748,180.0451,0.8487,0.0000,0.0000,0.0000
67.127,459.4924,1.9157,263.2300,0.2510,3.8000,-0.4500,1.5748,180.0451,0.8487,0.0000,0.0000,0.0000
67.250,459.2433,1.9747,263.2000,0.2510,3.8000,-0.4500,1.5237,180.0443,1.0028,0.0000,0.0000,0.0000
67.375,458.9939,2.0310,263.1683,0.2510,3.8000,-0.4500,1.5237,180.0443,1.0028,0.0000,0.0000,0.0000
67.501,458.7038,2.0965,263.1300,0.2510,3.8000,-0.4500,1.4903,180.0437,1.0740,0.0000,0.0000,0.0000
67.625,458.4554,2.1510,263.0962,0.2510,3.8000,-0.4500,1.4441,180.0428,1.1394,0.0000,0.0000,0.0000
67.736,458.2487,2.1949,263.0674,0.2510,3.8000,-0.4500,1.3972,180.0418,1.2034,0.0000,0.0000,0.0000
67.847,458.0002,2.2444,263.0313,0.2510,3.8000,-0.4500,1.3972,180.0418,1.2034,0.0000,0.0000,0.0000
67.972,457.7519,2.2911,262.9952,0.2510,3.8000,-0.4500,1.3302,180.0404,1.2462,0.0000,0.0000,0.0000
68.084,457.5031,2.3340,262.9585,0.2510,3.8000,-0.4500,1.3302,180.0404,1.2461,0.0000,0.0000,0.0000
68.208,457.2543,2.3728,262.9224,0.2510,3.8000,-0.4500,1.1720,180.0369,1.2997,0.0000,0.0000,0.0000
68.333,457.0052,2.4064,262.8859,0.2510,3.8000,-0.4500,1.0083,180.0331,1.3178,0.0000,0.0000,0.0000
68.460,456.7141,2.4400,262.8426,0.2510,3.8000,-0.4500,0.9288,180.0313,1.3169,0.0000,0.0000,0.0000
68.572,456.5055,2.4585,262.8125,0.2510,3.8000,-0.4500,0.7676,180.0276,1.2964,0.0000,0.0000,0.0000
68.681,456.2540,2.4732,262.7781,0.2510,3.8000,-0.4500,0.4473,180.0206,1.1947,0.0000,0.0000,0.0000
68.792,456.0444,2.4845,262.7490,0.2510,3.8000,-0.4500,0.4473,180.0206,1.1947,0.0000,0.0000,0.0000
68.917,455.7914,2.4886,262.7173,0.2510,3.8000,-0.4500,0.2202,180.0161,1.0744,0.0000,0.0000,0.0000
69.028,455.5373,2.4861,262.6885,0.2510,3.8000,-0.4500,0.0099,180.0124,0.9429,0.0000,0.0000,0.0000
69.139,455.2821,2.4768,262.6632,0.2510,3.8000,-0.4500,359.8100,180.0094,0.7927,0.0000,0.0000,0.0000
69.264,455.0253,2.4588,262.6513,0.2510,3.8000,-0.4500,359.5468,180.0063,0.5672,0.0000,0.0000,0.0000
69.389,454.7682,2.4366,262.6537,0.2510,3.8000,-0.4500,359.4271,180.0052,0.4590,0.0000,0.0000,0.0000
69.514,454.5092,2.4040,262.6640,0.2510,3.8000,-0.4500,359.1866,180.0038,0.2235,0.0000,0.0000,0.0000
69.625,454.2500,2.3672,262.6756,0.2510,3.8000,-0.4500,359.0687,180.0034,0.1035,0.0000,0.0000,0.0000
69.736,454.0324,2.3275,262.6866,0.2510,3.8000,-0.4500,358.8353,180.0035,359.8594,0.0000,0.0000,0.0000
69.861,453.7281,2.2677,262.7025,0.2510,3.8000,-0.4500,358.6612,180.0042,359.6715,0.0000,0.0000,0.0000
69.986,453.4667,2.2084,262.7188,0.2510,3.8000,-0.4500,358.4927,180.0054,359.4878,0.0000,0.0000,0.0000
70.111,453.2056,2.1439,262.7383,0.2510,3.8000,-0.4500,358.3837,180.0065,359.3683,0.0000,0.0000,0.0000
70.222,452.9439,2.0713,262.7619,0.2510,3.8000,-0.4500,358.2137,180.0087,359.1817,0.0000,0.0000,0.0000
70.334,452.7257,2.0054,262.7852,0.2510,3.8000,-0.4500,358.0467,180.0113,358.9994,0.0000,0.0000,0.0000
70.459,452.4210,1.9079,262.8234,0.2510,3.8000,-0.4500,357.8749,180.0146,358.8147,0.0000,0.0000,0.0000
70.570,452.2039,1.8354,262.8542,0.2510,3.8000,-0.4500,357.8192,180.0158,358.7552,0.0000,0.0000,0.0000
70.694,451.9428,1.7409,262.8953,0.2510,3.8000,-0.4500,357.6425,180.0199,358.5727,0.0000,0.0000,0.0000
70.820,451.6393,1.6286,262.9465,0.2510,3.8000,-0.4500,357.5828,180.0215,358.5135,0.0000,0.0000,0.0000
70.920,451.4224,1.5429,262.9858,0.2510,3.8000,-0.4500,357.4631,180.0247,358.3961,0.0000,0.0000,0.0000
71.028,451.2061,1.4577,263.0263,0.2510,3.8000,-0.4500,357.4631,180.0247,358.3961,0.0000,0.0000,0.0000
71.153,450.9460,1.3495,263.0773,0.2510,3.8000,-0.4500,357.3393,180.0283,358.2837,0.0000,0.0000,0.0000
71.278,450.6863,1.2402,263.1281,0.2510,3.8000,-0.4500,357.2755,180.0302,358.2306,0.0000,0.0000,0.0000
71.389,450.4268,1.1304,263.1462,0.2510,3.8000,-0.4500,357.2116,180.0322,358.1794,0.0000,0.0000,0.0000
71.514,450.1671,1.0198,263.1360,0.2510,3.8000,-0.4500,357.0752,180.0367,358.0873,0.0000,0.0000,0.0000
71.614,449.9514,0.9303,263.1135,0.2510,3.8000,-0.4500,357.0752,180.0367,358.0873,0.0000,0.0000,0.0000
71.722,449.6928,0.8233,263.0759,0.2510,3.8000,-0.4500,357.0752,180.0367,358.0873,0.0000,0.0000,0.0000
71.847,449.4346,0.7173,263.0286,0.2510,3.8000,-0.4500,357.0752,180.0367,358.0873,0.0000,0.0000,0.0000
71.973,449.1771,0.6124,262.9736,0.2510,3.8000,-0.4500,357.0752,180.0367,358.0873,0.0000,0.0000,0.0000
72.083,448.9203,0.5082,262.9101,0.2510,3.8000,-0.4500,356.9947,180.0394,358.0717,0.0000,0.0000,0.0000
72.208,448.6654,0.4075,262.8287,0.2510,3.8000,-0.4500,356.9947,180.0394,358.0717,0.0000,0.0000,0.0000
72.320,448.4123,0.3100,262.7292,0.2510,3.8000,-0.4500,356.9947,180.0394,358.0717,0.0000,0.0000,0.0000
72.445,448.1608,0.2149,262.6167,0.2510,3.8000,-0.4500,356.8329,180.0448,358.0999,0.0000,0.0000,0.0000
72.570,447.9101,0.1238,262.4950,0.2510,3.8000,-0.4500,356.8329,180.0448,358.0999,0.0000,0.0000,0.0000
72.683,447.6601,0.0358,262.3690,0.2510,3.8000,-0.4500,356.8329,180.0448,358.0999,0.0000,0.0000,0.0000
72.792,447.4533,-0.0344,262.2638,0.2510,3.8000,-0.4500,356.6224,180.0515,358.2396,0.0000,0.0000,0.0000
72.917,447.2042,-0.1167,262.1357,0.2510,3.8000,-0.4500,356.6224,180.0515,358.2396,0.0000,0.0000,0.0000
73.041,446.9149,-0.2070,261.9913,0.2510,3.8000,-0.4500,356.4608,180.0562,358.4332,0.0000,0.0000,0.0000
73.154,446.7074,-0.2706,261.8906,0.2510,3.8000,-0.4500,356.4608,180.0562,358.4332,0.0000,0.0000,0.0000
73.278,446.4592,-0.3427,261.7766,0.2510,3.8000,-0.4500,356.3776,180.0584,358.5795,0.0000,0.0000,0.0000
73.391,446.2100,-0.4126,261.6764,0.2510,3.8000,-0.4500,356.3083,180.0600,358.7273,0.0000,0.0000,0.0000
73.500,445.9606,-0.4797,261.5901,0.2510,3.8000,-0.4500,356.2155,180.0619,358.9600,0.0000,0.0000,0.0000
73.611,445.7516,-0.5386,261.5558,0.2510,3.8000,-0.4500,356.2155,180.0619,358.9600,0.0000,0.0000,0.0000
73.736,445.5096,-0.6150,261.6664,0.2510,3.8000,-0.4500,356.1539,180.0630,359.1154,0.0000,0.0000,0.0000
73.836,445.3152,-0.6898,261.8902,0.2510,3.8000,-0.4500,356.1539,180.0630,359.1154,0.0000,0.0000,0.0000
73.945,445.0899,-0.7890,262.2813,0.2510,3.8000,-0.4500,356.1188,180.0635,359.1899,0.0000,0.0000,0.0000
74.070,444.8714,-0.8978,262.7708,0.2510,3.8000,-0.4500,356.0366,180.0645,359.3343,0.0000,0.0000,0.0000
74.194,444.6567,-1.0171,263.3279,0.2510,3.8000,-0.4500,355.9805,180.0652,359.3970,0.0000,0.0000,0.0000
74.320,444.4096,-1.1658,264.0320,0.2510,3.8000,-0.4500,355.8566,180.0663,359.5126,0.0000,0.0000,0.0000
74.444,444.1995,-1.3004,264.6633,0.2510,3.8000,-0.4500,355.7230,180.0674,359.6082,0.0000,0.0000,0.0000
74.570,443.9900,-1.4405,265.3090,0.2510,3.8000,-0.4500,355.6516,180.0678,359.6496,0.0000,0.0000,0.0000
74.684,443.7809,-1.5841,265.9636,0.2510,3.8000,-0.4500,355.5795,180.0682,359.6906,0.0000,0.0000,0.0000
74.792,443.6072,-1.7058,266.5135,0.2510,3.8000,-0.4500,355.4307,180.0689,359.7675,0.0000,0.0000,0.0000
74.917,443.3982,-1.8532,267.1748,0.2510,3.8000,-0.4500,355.4307,180.0689,359.7675,0.0000,0.0000,0.0000
75.041,443.1546,-2.0248,267.9414,0.2510,3.8000,-0.4500,355.2891,180.0694,359.8486,0.0000,0.0000,0.0000
75.167,442.9414,-2.1660,268.5309,0.2510,3.8000,-0.4500,355.2892,180.0694,359.8486,0.0000,0.0000,0.0000
75.292,442.7220,-2.2963,269.0228,0.2510,3.8000,-0.4500,355.2892,180.0694,359.8486,0.0000,0.0000,0.0000
75.416,442.4966,-2.4141,269.4211,0.2510,3.8000,-0.4500,355.2307,180.0695,359.9049,0.0000,0.0000,0.0000
75.542,442.2239,-2.5357,269.7603,0.2510,3.8000,-0.4500,355.2307,180.0695,359.9049,0.0000,0.0000,0.0000
75.653,442.0240,-2.6112,269.9290,0.2510,3.8000,-0.4500,355.1919,180.0696,359.9758,0.0000,0.0000,0.0000
75.778,441.7789,-2.6916,270.0680,0.2510,3.8000,-0.4500,355.1680,180.0696,0.0533,0.0000,0.0000,0.0000
75.903,441.4875,-2.7735,270.1597,0.2510,3.8000,-0.4500,355.1523,180.0695,0.1316,0.0000,0.0000,0.0000
76.028,441.2368,-2.8333,270.1942,0.2510,3.8000,-0.4500,355.1490,180.0695,0.2951,0.0000,0.0000,0.0000
76.153,440.9854,-2.8878,270.2007,0.2510,3.8000,-0.4500,355.1603,180.0696,0.3754,0.0000,0.0000,0.0000
76.278,440.6927,-2.9447,270.1883,0.2510,3.8000,-0.4500,355.1732,180.0697,0.4557,0.0000,0.0000,0.0000
76.392,440.4850,-2.9777,270.1721,0.2510,3.8000,-0.4500,355.2458,180.0704,0.6900,0.0000,0.0000,0.0000
76.500,440.2348,-3.0175,270.1482,0.2510,3.8000,-0.4500,355.2797,180.0708,0.7630,0.0000,0.0000,0.0000
76.612,440.0265,-3.0472,270.1269,0.2510,3.8000,-0.4500,355.3167,180.0714,0.8359,0.0000,0.0000,0.0000
76.722,439.7771,-3.0781,270.1010,0.2510,3.8000,-0.4500,355.3957,180.0726,0.9777,0.0000,0.0000,0.0000
76.847,439.5275,-3.1069,270.0750,0.2510,3.8000,-0.4500,355.4405,180.0734,1.0453,0.0000,0.0000,0.0000
76.959,439.2794,-3.1288,270.0484,0.2510,3.8000,-0.4500,355.5851,180.0763,1.2463,0.0000,0.0000,0.0000
77.083,439.0300,-3.1519,270.0217,0.2510,3.8000,-0.4500,355.5852,180.0763,1.2463,0.0000,0.0000,0.0000
77.209,438.7823,-3.1685,269.9938,0.2510,3.8000,-0.4500,355.6941,180.0788,1.3726,0.0000,0.0000,0.0000
77.334,438.5349,-3.1821,269.9634,0.2510,3.8000,-0.4500,355.8056,180.0816,1.4933,0.0000,0.0000,0.0000
77.458,438.2465,-3.1960,269.9240,0.2510,3.8000,-0.4500,355.8646,180.0832,1.5518,0.0000,0.0000,0.0000
77.584,438.0005,-3.2033,269.8859,0.2510,3.8000,-0.4500,355.9880,180.0867,1.6684,0.0000,0.0000,0.0000
77.694,437.7961,-3.2083,269.8474,0.2510,3.8000,-0.4500,356.0482,180.0885,1.7246,0.0000,0.0000,0.0000
77.795,437.5922,-3.2129,269.8011,0.2510,3.8000,-0.4500,356.0482,180.0885,1.7246,0.0000,0.0000,0.0000
77.905,437.3495,-3.2134,269.7356,0.2510,3.8000,-0.4500,356.1721,180.0923,1.8298,0.0000,0.0000,0.0000
78.014,437.1472,-3.2146,269.6765,0.2510,3.8000,-0.4500,356.1721,180.0923,1.8298,0.0000,0.0000,0.0000
78.139,436.8641,-3.2145,269.5910,0.2510,3.8000,-0.4500,356.1721,180.0923,1.8298,0.0000,0.0000,0.0000
78.264,436.6226,-3.2103,269.5162,0.2510,3.8000,-0.4500,356.3000,180.0965,1.9304,0.0000,0.0000,0.0000
78.389,436.3803,-3.2078,269.4420,0.2510,3.8000,-0.4500,356.3000,180.0965,1.9304,0.0000,0.0000,0.0000
78.500,436.1382,-3.2047,269.3686,0.2510,3.8000,-0.4500,356.3000,180.0965,1.9304,0.0000,0.0000,0.0000
78.625,435.8961,-3.2009,269.2961,0.2510,3.8000,-0.4500,356.3000,180.0965,1.9304,0.0000,0.0000,0.0000
78.736,435.6944,-3.1975,269.2366,0.2510,3.8000,-0.4500,356.3000,180.0965,1.9304,0.0000,0.0000,0.0000
78.861,435.4122,-3.1909,269.1552,0.2510,3.8000,-0.4500,356.3659,180.0988,1.9763,0.0000,0.0000,0.0000
78.986,435.1697,-3.1861,269.0871,0.2510,3.8000,-0.4500,356.3659,180.0988,1.9763,0.0000,0.0000,0.0000
79.111,434.9272,-3.1811,269.0207,0.2510,3.8000,-0.4500,356.3659,180.0988,1.9763,0.0000,0.0000,0.0000
79.236,434.6845,-3.1758,268.9561,0.2510,3.8000,-0.4500,356.3659,180.0988,1.9763,0.0000,0.0000,0.0000
79.361,434.4011,-3.1695,268.8825,0.2510,3.8000,-0.4500,356.3659,180.0988,1.9763,0.0000,0.0000,0.0000
79.486,434.1582,-3.1626,268.8224,0.2510,3.8000,-0.4500,356.4374,180.1013,2.0173,0.0000,0.0000,0.0000
79.611,433.9146,-3.1568,268.7671,0.2510,3.8000,-0.4500,356.4374,180.1013,2.0173,0.0000,0.0000,0.0000
79.736,433.6708,-3.1506,268.7151,0.2510,3.8000,-0.4500,356.4374,180.1013,2.0173,0.0000,0.0000,0.0000
79.861,433.3862,-3.1415,268.6578,0.2510,3.8000,-0.4500,356.5121,180.1039,2.0546,0.0000,0.0000,0.0000
79.972,433.1825,-3.1354,268.6239,0.2510,3.8000,-0.4500,356.5121,180.1039,2.0546,0.0000,0.0000,0.0000
80.097,432.9382,-3.1277,268.6252,0.2510,3.8000,-0.4500,356.5883,180.1067,2.0894,0.0000,0.0000,0.0000
80.211,432.6942,-3.1202,268.6579,0.2510,3.8000,-0.4500,356.6645,180.1095,2.1218,0.0000,0.0000,0.0000
80.322,432.4504,-3.1122,268.7100,0.2510,3.8000,-0.4500,356.7426,180.1124,2.1521,0.0000,0.0000,0.0000
80.431,432.2478,-3.1043,268.7633,0.2510,3.8000,-0.4500,356.8207,180.1154,2.1820,0.0000,0.0000,0.0000
80.542,432.0055,-3.0924,268.8388,0.2510,3.8000,-0.4500,356.9769,180.1214,2.2353,0.0000,0.0000,0.0000
80.653,431.8042,-3.0828,268.9138,0.2510,3.8000,-0.4500,356.9769,180.1214,2.2353,0.0000,0.0000,0.0000
80.764,431.5645,-3.0657,269.0149,0.2510,3.8000,-0.4500,357.2134,180.1308,2.3082,0.0000,0.0000,0.0000
80.889,431.3255,-3.0466,269.1254,0.2510,3.8000,-0.4500,357.3734,180.1373,2.3534,0.0000,0.0000,0.0000
81.002,431.0869,-3.0247,269.2395,0.2510,3.8000,-0.4500,357.4532,180.1406,2.3754,0.0000,0.0000,0.0000
81.112,430.8887,-3.0009,269.3336,0.2510,3.8000,-0.4500,357.6956,180.1508,2.4415,0.0000,0.0000,0.0000
81.236,430.6510,-2.9697,269.4472,0.2510,3.8000,-0.4500,357.8529,180.1576,2.4844,0.0000,0.0000,0.0000
81.361,430.3742,-2.9262,269.5778,0.2510,3.8000,-0.4500,358.0913,180.1681,2.5503,0.0000,0.0000,0.0000
81.461,430.1769,-2.8907,269.6690,0.2510,3.8000,-0.4500,358.2524,180.1753,2.5956,0.0000,0.0000,0.0000
81.569,429.9799,-2.8501,269.7581,0.2510,3.8000,-0.4500,358.4992,180.1867,2.6671,0.0000,0.0000,0.0000
81.681,429.7436,-2.7967,269.8602,0.2510,3.8000,-0.4500,358.7382,180.1980,2.7374,0.0000,0.0000,0.0000
81.794,429.5464,-2.7478,269.9227,0.2510,3.8000,-0.4500,358.9031,180.2059,2.7879,0.0000,0.0000,0.0000
81.903,429.3100,-2.6828,269.9319,0.2510,3.8000,-0.4500,359.1476,180.2180,2.8637,0.0000,0.0000,0.0000
82.028,429.0742,-2.6133,269.8968,0.2510,3.8000,-0.4500,359.3095,180.2262,2.9167,0.0000,0.0000,0.0000
82.139,428.8398,-2.5352,269.8350,0.2510,3.8000,-0.4500,359.7100,180.2470,3.0526,0.0000,0.0000,0.0000
82.264,428.6053,-2.4564,269.7612,0.2510,3.8000,-0.4500,359.7890,180.2513,3.0806,0.0000,0.0000,0.0000
82.375,428.4110,-2.3846,269.7023,0.2510,3.8000,-0.4500,0.0291,180.2644,3.1659,0.0000,0.0000,0.0000
82.475,428.2205,-2.3082,269.7287,0.2510,3.8000,-0.4500,0.2680,180.2778,3.2503,0.0000,0.0000,0.0000
82.583,428.0004,-2.2097,269.8987,0.2510,3.8000,-0.4500,0.5054,180.2914,3.3305,0.0000,0.0000,0.0000
82.709,427.7891,-2.1002,270.1949,0.2510,3.8000,-0.4500,0.8308,180.3106,3.4314,0.0000,0.0000,0.0000
82.819,427.5836,-1.9805,270.5665,0.2510,3.8000,-0.4500,1.1559,180.3304,3.5220,0.0000,0.0000,0.0000
82.944,427.3810,-1.8509,270.9707,0.2510,3.8000,-0.4500,1.4794,180.3505,3.6034,0.0000,0.0000,0.0000
83.069,427.1801,-1.7130,271.3881,0.2510,3.8000,-0.4500,1.7202,180.3658,3.6590,0.0000,0.0000,0.0000
83.194,426.9799,-1.5660,271.8008,0.2510,3.8000,-0.4500,2.0464,180.3869,3.7290,0.0000,0.0000,0.0000
83.319,426.7395,-1.3906,272.1810,0.2510,3.8000,-0.4500,2.2872,180.4027,3.7776,0.0000,0.0000,0.0000
83.444,426.5254,-1.2389,272.3943,0.2510,3.8000,-0.4500,2.5387,180.4194,3.8254,0.0000,0.0000,0.0000
83.569,426.3062,-1.0913,272.4711,0.2510,3.8000,-0.4500,2.7036,180.4305,3.8555,0.0000,0.0000,0.0000
83.681,426.0851,-0.9486,272.4440,0.2510,3.8000,-0.4500,2.7833,180.4359,3.8696,0.0000,0.0000,0.0000
83.805,425.8636,-0.8084,272.3533,0.2510,3.8000,-0.4500,2.8633,180.4413,3.8835,0.0000,0.0000,0.0000
83.930,425.6424,-0.6690,272.2232,0.2510,3.8000,-0.4500,3.0280,180.4526,3.9105,0.0000,0.0000,0.0000
84.042,425.4214,-0.5320,272.0718,0.2510,3.8000,-0.4500,3.0280,180.4526,3.9105,0.0000,0.0000,0.0000
84.153,425.2373,-0.4169,271.9379,0.2510,3.8000,-0.4500,3.1078,180.4580,3.9224,0.0000,0.0000,0.0000
84.278,425.0159,-0.2790,271.7750,0.2510,3.8000,-0.4500,3.1078,180.4580,3.9224,0.0000,0.0000,0.0000
84.403,424.7579,-0.1149,271.5838,0.2510,3.8000,-0.4500,3.2650,180.4689,3.9490,0.0000,0.0000,0.0000
84.528,424.5364,0.0259,271.4226,0.2510,3.8000,-0.4500,3.2650,180.4689,3.9490,0.0000,0.0000,0.0000
84.639,424.3151,0.1685,271.2636,0.2510,3.8000,-0.4500,3.2650,180.4689,3.9490,0.0000,0.0000,0.0000
84.764,424.0938,0.3131,271.1068,0.2510,3.8000,-0.4500,3.2650,180.4689,3.9490,0.0000,0.0000,0.0000
84.878,423.8727,0.4596,270.9538,0.2510,3.8000,-0.4500,3.2650,180.4689,3.9490,0.0000,0.0000,0.0000
84.989,423.6885,0.5831,270.8286,0.2510,3.8000,-0.4500,3.2650,180.4689,3.9490,0.0000,0.0000,0.0000
85.097,423.5052,0.7093,270.7048,0.2510,3.8000,-0.4500,3.3226,180.4729,4.0062,0.0000,0.0000,0.0000
85.210,423.2850,0.8604,270.5583,0.2510,3.8000,-0.4500,3.3226,180.4729,4.0062,0.0000,0.0000,0.0000
85.334,423.0664,1.0159,270.4125,0.2510,3.8000,-0.4500,3.3994,180.4784,4.1539,0.0000,0.0000,0.0000
85.459,422.8111,1.1948,270.2433,0.2510,3.8000,-0.4500,3.3994,180.4784,4.1539,0.0000,0.0000,0.0000
85.583,422.5942,1.3517,270.0980,0.2510,3.8000,-0.4500,3.4264,180.4804,4.3141,0.0000,0.0000,0.0000
85.684,422.4130,1.4800,269.9768,0.2510,3.8000,-0.4500,3.4263,180.4804,4.3141,0.0000,0.0000,0.0000
85.792,422.2333,1.6108,269.8557,0.2510,3.8000,-0.4500,3.4033,180.4786,4.4772,0.0000,0.0000,0.0000
85.918,422.0174,1.7649,269.7091,0.2510,3.8000,-0.4500,3.3773,180.4765,4.5524,0.0000,0.0000,0.0000
86.027,421.8030,1.9187,269.5608,0.2510,3.8000,-0.4500,3.3205,180.4719,4.6986,0.0000,0.0000,0.0000
86.153,421.5879,2.0687,269.4099,0.2510,3.8000,-0.4500,3.3205,180.4719,4.6986,0.0000,0.0000,0.0000
86.278,421.3388,2.2425,269.2331,0.2510,3.8000,-0.4500,3.1483,180.4575,4.8776,0.0000,0.0000,0.0000
86.403,421.1250,2.3872,269.0793,0.2510,3.8000,-0.4500,3.0137,180.4459,4.9639,0.0000,0.0000,0.0000
86.515,420.9468,2.5047,268.9501,0.2510,3.8000,-0.4500,2.8707,180.4333,5.0301,0.0000,0.0000,0.0000
86.627,420.7325,2.6418,268.7944,0.2510,3.8000,-0.4500,2.7917,180.4264,5.0507,0.0000,0.0000,0.0000
86.751,420.5178,2.7734,268.6417,0.2510,3.8000,-0.4500,2.5514,180.4050,5.0966,0.0000,0.0000,0.0000
86.863,420.3020,2.8998,268.4948,0.2510,3.8000,-0.4500,2.3892,180.3905,5.0984,0.0000,0.0000,0.0000
86.972,420.1216,2.9999,268.4541,0.2510,3.8000,-0.4500,2.0504,180.3603,5.0650,0.0000,0.0000,0.0000
87.098,419.9060,3.1152,268.5130,0.2510,3.8000,-0.4500,1.7244,180.3317,4.9832,0.0000,0.0000,0.0000
87.223,419.6562,3.2388,268.6897,0.2510,3.8000,-0.4500,1.3311,180.2978,4.8439,0.0000,0.0000,0.0000
87.334,419.4790,3.3173,268.8791,0.2510,3.8000,-0.4500,1.0201,180.2718,4.7091,0.0000,0.0000,0.0000
87.459,419.2336,3.4098,269.2393,0.2510,3.8000,-0.4500,0.4843,180.2289,4.4381,0.0000,0.0000,0.0000
87.570,419.0600,3.4640,269.5496,0.2510,3.8000,-0.4500,0.1736,180.2053,4.2659,0.0000,0.0000,0.0000
87.671,418.8863,3.5043,269.8941,0.2510,3.8000,-0.4500,359.7699,180.1760,4.0319,0.0000,0.0000,0.0000
87.780,418.6776,3.5354,270.3425,0.2510,3.8000,-0.4500,359.2854,180.1431,3.7385,0.0000,0.0000,0.0000
87.892,418.5030,3.5460,270.7374,0.2510,3.8000,-0.4500,358.8795,180.1174,3.4828,0.0000,0.0000,0.0000
87.994,418.3273,3.5421,271.1448,0.2510,3.8000,-0.4500,358.4691,180.0934,3.2150,0.0000,0.0000,0.0000
88.108,418.1145,3.5183,271.6374,0.2510,3.8000,-0.4500,357.9709,180.0669,2.8775,0.0000,0.0000,0.0000
88.234,417.8991,3.4741,272.1255,0.2510,3.8000,-0.4500,357.4709,180.0433,2.5237,0.0000,0.0000,0.0000
88.346,417.6811,3.4098,272.6031,0.2510,3.8000,-0.4500,356.9748,180.0229,2.1567,0.0000,0.0000,0.0000
88.471,417.4583,3.3282,273.0366,0.2510,3.8000,-0.4500,356.4888,180.0062,1.7798,0.0000,0.0000,0.0000
88.584,417.2294,3.2327,273.4048,0.2510,3.8000,-0.4500,356.0215,179.9932,1.3979,0.0000,0.0000,0.0000
88.693,417.0345,3.1438,273.6648,0.2510,3.8000,-0.4500,355.6520,179.9852,1.0791,0.0000,0.0000,0.0000
88.817,416.7949,3.0280,273.9142,0.2510,3.8000,-0.4500,355.2360,179.9787,0.6996,0.0000,0.0000,0.0000
88.942,416.5074,2.8830,274.1198,0.2510,3.8000,-0.4500,354.7917,179.9749,0.2656,0.0000,0.0000,0.0000
89.067,416.2560,2.7519,274.2399,0.2510,3.8000,-0.4500,354.4943,179.9743,359.9540,0.0000,0.0000,0.0000
89.179,416.0013,2.6126,274.3263,0.2510,3.8000,-0.4500,354.2095,179.9753,359.6398,0.0000,0.0000,0.0000
89.304,415.7444,2.4644,274.3931,0.2510,3.8000,-0.4500,353.9360,179.9778,359.3221,0.0000,0.0000,0.0000
89.429,415.4867,2.3088,274.4495,0.2510,3.8000,-0.4500,353.7263,179.9808,359.0674,0.0000,0.0000,0.0000
89.554,415.2286,2.1442,274.5024,0.2510,3.8000,-0.4500,353.5220,179.9846,358.8110,0.0000,0.0000,0.0000
89.679,414.9272,1.9403,274.5648,0.2510,3.8000,-0.4500,353.2668,179.9907,358.4728,0.0000,0.0000,0.0000
89.793,414.7133,1.7922,274.6109,0.2510,3.8000,-0.4500,353.2191,179.9920,358.4073,0.0000,0.0000,0.0000
89.901,414.4563,1.6049,274.6707,0.2510,3.8000,-0.4500,353.0755,179.9963,358.2056,0.0000,0.0000,0.0000
90.012,414.2426,1.4448,274.7248,0.2510,3.8000,-0.4500,352.9840,179.9993,358.0709,0.0000,0.0000,0.0000
90.125,413.9867,1.2482,274.7941,0.2510,3.8000,-0.4500,352.8932,180.0024,357.9285,0.0000,0.0000,0.0000
90.237,413.7736,1.0826,274.8493,0.2510,3.8000,-0.4500,352.8502,180.0040,357.8568,0.0000,0.0000,0.0000
90.348,413.5175,0.8852,274.8712,0.2510,3.8000,-0.4500,352.7669,180.0073,357.7153,0.0000,0.0000,0.0000
90.456,413.3045,0.7267,274.8578,0.2510,3.8000,-0.4500,352.7669,180.0073,357.7153,0.0000,0.0000,0.0000
90.568,413.0488,0.5395,274.8212,0.2510,3.8000,-0.4500,352.7669,180.0073,357.7153,0.0000,0.0000,0.0000
90.679,412.7928,0.3516,274.8123,0.2510,3.8000,-0.4500,352.7669,180.0073,357.7153,0.0000,0.0000,0.0000
90.790,412.5797,0.1922,274.8365,0.2510,3.8000,-0.4500,352.7669,180.0073,357.7153,0.0000,0.0000,0.0000
90.915,412.3247,0.0003,274.8901,0.2510,3.8000,-0.4500,352.7670,180.0073,357.7153,0.0000,0.0000,0.0000
91.040,412.0280,-0.2217,274.9749,0.2510,3.8000,-0.4500,352.7669,180.0073,357.7153,0.0000,0.0000,0.0000
91.153,411.8165,-0.3773,275.0447,0.2510,3.8000,-0.4500,352.7669,180.0073,357.7153,0.0000,0.0000,0.0000
91.262,411.5631,-0.5589,275.1351,0.2510,3.8000,-0.4500,352.7669,180.0073,357.7153,0.0000,0.0000,0.0000
91.387,411.3104,-0.7337,275.2317,0.2510,3.8000,-0.4500,352.7669,180.0073,357.7153,0.0000,0.0000,0.0000
91.512,411.0582,-0.9004,275.3338,0.2510,3.8000,-0.4500,352.7669,180.0073,357.7153,0.0000,0.0000,0.0000
91.637,410.8069,-1.0514,275.4379,0.2510,3.8000,-0.4500,353.2926,179.9866,357.8233,0.0000,0.0000,0.0000
91.762,410.5145,-1.2172,275.5684,0.2510,3.8000,-0.4500,353.6041,179.9750,357.9580,0.0000,0.0000,0.0000
91.887,410.2651,-1.3428,275.6844,0.2510,3.8000,-0.4500,354.0533,179.9599,358.2338,0.0000,0.0000,0.0000
91.988,410.0573,-1.4396,275.7835,0.2510,3.8000,-0.4500,354.3260,179.9519,358.4325,0.0000,0.0000,0.0000
92.099,409.8082,-1.5435,275.9044,0.2510,3.8000,-0.4500,354.6578,179.9436,358.6949,0.0000,0.0000,0.0000
92.211,409.6015,-1.6184,276.0072,0.2510,3.8000,-0.4500,354.9896,179.9368,358.9727,0.0000,0.0000,0.0000
92.322,409.3539,-1.6956,276.1330,0.2510,3.8000,-0.4500,355.3858,179.9308,359.3120,0.0000,0.0000,0.0000
92.433,409.1482,-1.7492,276.2398,0.2510,3.8000,-0.4500,355.7096,179.9277,359.5918,0.0000,0.0000,0.0000
92.545,408.9025,-1.8005,276.3723,0.2510,3.8000,-0.4500,356.0972,179.9261,359.9266,0.0000,0.0000,0.0000
92.655,408.6987,-1.8322,276.4868,0.2510,3.8000,-0.4500,356.4230,179.9265,0.2063,0.0000,0.0000,0.0000
92.777,408.4556,-1.8568,276.6281,0.2510,3.8000,-0.4500,356.8191,179.9291,0.5423,0.0000,0.0000,0.0000
92.902,408.1741,-1.8671,276.7972,0.2510,3.8000,-0.4500,357.2874,179.9351,0.9324,0.0000,0.0000,0.0000
93.026,407.9346,-1.8602,276.9451,0.2510,3.8000,-0.4500,357.6921,179.9429,1.2619,0.0000,0.0000,0.0000
93.151,407.6968,-1.8392,277.0949,0.2510,3.8000,-0.4500,358.0977,179.9530,1.5836,0.0000,0.0000,0.0000
93.277,407.4610,-1.8046,277.2464,0.2510,3.8000,-0.4500,358.5018,179.9652,1.8944,0.0000,0.0000,0.0000
93.401,407.1881,-1.7475,277.4243,0.2510,3.8000,-0.4500,358.9687,179.9821,2.2390,0.0000,0.0000,0.0000
93.526,406.9557,-1.6873,277.5783,0.2510,3.8000,-0.4500,359.2595,179.9940,2.4418,0.0000,0.0000,0.0000
93.652,406.7259,-1.6123,277.7320,0.2510,3.8000,-0.4500,359.6975,180.0138,2.7349,0.0000,0.0000,0.0000
93.777,406.4969,-1.5306,277.8884,0.2510,3.8000,-0.4500,359.9044,180.0239,2.8667,0.0000,0.0000,0.0000
93.901,406.2338,-1.4173,278.0771,0.2510,3.8000,-0.4500,0.4343,180.0519,3.1708,0.0000,0.0000,0.0000
94.027,406.0100,-1.3142,278.2511,0.2510,3.8000,-0.4500,0.6529,180.0642,3.2839,0.0000,0.0000,0.0000
94.152,405.7888,-1.2000,278.4325,0.2510,3.8000,-0.4500,1.0339,180.0867,3.4571,0.0000,0.0000,0.0000
94.265,405.5687,-1.0803,278.6209,0.2510,3.8000,-0.4500,1.2771,180.1016,3.5460,0.0000,0.0000,0.0000
94.374,405.3865,-0.9744,278.7801,0.2510,3.8000,-0.4500,1.5161,180.1166,3.6274,0.0000,0.0000,0.0000
94.499,405.1327,-0.8181,279.0052,0.2510,3.8000,-0.4500,1.8392,180.1373,3.7272,0.0000,0.0000,0.0000
94.610,404.9523,-0.7016,279.1668,0.2510,3.8000,-0.4500,1.9986,180.1478,3.7772,0.0000,0.0000,0.0000
94.735,404.7373,-0.5538,279.3593,0.2510,3.8000,-0.4500,2.3153,180.1690,3.8903,0.0000,0.0000,0.0000
94.860,404.4875,-0.3747,279.5839,0.2510,3.8000,-0.4500,2.5447,180.1848,3.9852,0.0000,0.0000,0.0000
94.985,404.2745,-0.2150,279.7759,0.2510,3.8000,-0.4500,2.6943,180.1953,4.0570,0.0000,0.0000,0.0000
95.110,404.0631,-0.0483,279.9665,0.2510,3.8000,-0.4500,2.9107,180.2109,4.1738,0.0000,0.0000,0.0000
95.210,403.8874,0.0930,280.1254,0.2510,3.8000,-0.4500,2.9801,180.2160,4.2162,0.0000,0.0000,0.0000
95.318,403.6777,0.2680,280.3136,0.2510,3.8000,-0.4500,3.1171,180.2263,4.3076,0.0000,0.0000,0.0000
95.443,403.4695,0.4485,280.4979,0.2510,3.8000,-0.4500,3.3181,180.2417,4.4611,0.0000,0.0000,0.0000
95.568,403.2609,0.6285,280.6818,0.2510,3.8000,-0.4500,3.3181,180.2417,4.4611,0.0000,0.0000,0.0000
95.693,403.0554,0.8136,280.8860,0.2510,3.8000,-0.4500,3.3771,180.2463,4.5157,0.0000,0.0000,0.0000
95.804,402.8550,1.0050,281.1359,0.2510,3.8000,-0.4500,3.4885,180.2552,4.6305,0.0000,0.0000,0.0000
95.915,402.6906,1.1658,281.3794,0.2510,3.8000,-0.4500,3.4885,180.2553,4.6305,0.0000,0.0000,0.0000
96.040,402.4683,1.4004,281.8011,0.2510,3.8000,-0.4500,3.5865,180.2633,4.7555,0.0000,0.0000,0.0000
96.154,402.3144,1.5720,282.1717,0.2510,3.8000,-0.4500,3.5865,180.2633,4.7555,0.0000,0.0000,0.0000
96.265,402.1346,1.7843,282.6783,0.2510,3.8000,-0.4500,3.5865,180.2633,4.7555,0.0000,0.0000,0.0000
96.374,401.9888,1.9686,283.1371,0.2510,3.8000,-0.4500,3.6952,180.2725,4.8727,0.0000,0.0000,0.0000
96.499,401.7865,2.2277,283.8189,0.2510,3.8000,-0.4500,3.6952,180.2725,4.8727,0.0000,0.0000,0.0000
96.623,401.6147,2.4529,284.4254,0.2510,3.8000,-0.4500,3.6952,180.2725,4.8727,0.0000,0.0000,0.0000
96.748,401.4437,2.6790,285.0438,0.2510,3.8000,-0.4500,3.6952,180.2725,4.8727,0.0000,0.0000,0.0000
96.862,401.2725,2.9041,285.6687,0.2510,3.8000,-0.4500,3.6952,180.2725,4.8727,0.0000,0.0000,0.0000
96.971,401.1296,3.0892,286.1923,0.2510,3.8000,-0.4500,3.6952,180.2725,4.8727,0.0000,0.0000,0.0000
97.096,400.9572,3.3067,286.8230,0.2510,3.8000,-0.4500,3.6952,180.2725,4.8727,0.0000,0.0000,0.0000
97.209,400.7835,3.5170,287.4559,0.2510,3.8000,-0.4500,3.6952,180.2725,4.8727,0.0000,0.0000,0.0000
97.318,400.6081,3.7176,288.0909,0.2510,3.8000,-0.4500,3.6952,180.2725,4.8727,0.0000,0.0000,0.0000
97.443,400.4281,3.9014,288.7278,0.2510,3.8000,-0.4500,3.7844,180.2799,4.5527,0.0000,0.0000,0.0000
97.568,400.2444,4.0696,289.3674,0.2510,3.8000,-0.4500,3.7595,180.2780,4.2127,0.0000,0.0000,0.0000
97.679,400.0555,4.2166,290.0107,0.2510,3.8000,-0.4500,3.5804,180.2657,3.7012,0.0000,0.0000,0.0000
97.805,399.8629,4.3439,290.6571,0.2510,3.8000,-0.4500,3.2946,180.2485,3.2180,0.0000,0.0000,0.0000
97.929,399.6664,4.4486,291.3061,0.2510,3.8000,-0.4500,2.9322,180.2296,2.7362,0.0000,0.0000,0.0000
98.054,399.4661,4.5282,291.9573,0.2510,3.8000,-0.4500,2.5085,180.2113,2.2354,0.0000,0.0000,0.0000
98.179,399.2253,4.5863,292.6837,0.2510,3.8000,-0.4500,1.9490,180.1924,1.6173,0.0000,0.0000,0.0000
98.304,399.0079,4.6043,293.1955,0.2510,3.8000,-0.4500,1.4265,180.1802,1.0626,0.0000,0.0000,0.0000
98.429,398.7793,4.5946,293.5867,0.2510,3.8000,-0.4500,0.8823,180.1728,0.4969,0.0000,0.0000,0.0000
98.554,398.5393,4.5600,293.8568,0.2510,3.8000,-0.4500,0.3320,180.1708,359.9312,0.0000,0.0000,0.0000
98.654,398.3319,4.5147,293.9701,0.2510,3.8000,-0.4500,359.8784,180.1732,359.4669,0.0000,0.0000,0.0000
98.762,398.0812,4.4442,293.9866,0.2510,3.8000,-0.4500,359.3506,180.1806,358.9265,0.0000,0.0000,0.0000
98.876,397.8728,4.3739,293.9250,0.2510,3.8000,-0.4500,358.9301,180.1900,358.4946,0.0000,0.0000,0.0000
98.985,397.6240,4.2772,293.7908,0.2510,3.8000,-0.4500,358.4503,180.2047,358.0005,0.0000,0.0000,0.0000
99.110,397.3764,4.1679,293.6151,0.2510,3.8000,-0.4500,357.9957,180.2225,357.5320,0.0000,0.0000,0.0000
99.235,397.1296,4.0464,293.4140,0.2510,3.8000,-0.4500,357.5629,180.2428,357.0876,0.0000,0.0000,0.0000
99.359,396.8426,3.8896,293.1618,0.2510,3.8000,-0.4500,357.0821,180.2694,356.5983,0.0000,0.0000,0.0000
99.484,396.5972,3.7428,292.9374,0.2510,3.8000,-0.4500,356.6887,180.2941,356.2037,0.0000,0.0000,0.0000
99.613,396.3526,3.5850,292.7082,0.2510,3.8000,-0.4500,356.3123,180.3204,355.8330,0.0000,0.0000,0.0000
99.723,396.1088,3.4182,292.4769,0.2510,3.8000,-0.4500,356.0023,180.3438,355.5350,0.0000,0.0000,0.0000
99.846,395.8657,3.2414,292.2446,0.2510,3.8000,-0.4500,355.6941,180.3688,355.2460,0.0000,0.0000,0.0000
99.957,395.6635,3.0875,292.0500,0.2510,3.8000,-0.4500,355.4503,180.3896,355.0239,0.0000,0.0000,0.0000
100.070,395.4217,2.8977,291.8166,0.2510,3.8000,-0.4500,355.2673,180.4058,354.8623,0.0000,0.0000,0.0000
100.179,395.1797,2.6958,291.5855,0.2510,3.8000,-0.4500,354.8835,180.4416,354.5399,0.0000,0.0000,0.0000
100.304,394.9391,2.4949,291.3534,0.2510,3.8000,-0.4500,354.8172,180.4480,354.4887,0.0000,0.0000,0.0000
100.418,394.7384,2.3187,291.1619,0.2510,3.8000,-0.4500,354.5491,180.4744,354.2871,0.0000,0.0000,0.0000
100.526,394.4985,2.1088,290.9317,0.2510,3.8000,-0.4500,354.4810,180.4813,354.2421,0.0000,0.0000,0.0000
100.651,394.2586,1.8942,290.7027,0.2510,3.8000,-0.4500,354.3438,180.4953,354.1542,0.0000,0.0000,0.0000
100.776,394.0190,1.6787,290.4748,0.2510,3.8000,-0.4500,354.2733,180.5026,354.1156,0.0000,0.0000,0.0000
100.901,393.7394,1.4262,290.2108,0.2510,3.8000,-0.4500,354.2012,180.5101,354.0803,0.0000,0.0000,0.0000
101.014,393.5398,1.2457,290.0236,0.2510,3.8000,-0.4500,354.1261,180.5179,354.0528,0.0000,0.0000,0.0000
101.137,393.3004,1.0315,289.8000,0.2510,3.8000,-0.4500,354.1261,180.5179,354.0528,0.0000,0.0000,0.0000
101.251,393.0607,0.8196,289.5779,0.2510,3.8000,-0.4500,354.1261,180.5179,354.0528,0.0000,0.0000,0.0000
101.359,392.8212,0.6107,289.3580,0.2510,3.8000,-0.4500,354.0466,180.5262,354.0575,0.0000,0.0000,0.0000
101.484,392.5811,0.4063,289.1453,0.2510,3.8000,-0.4500,354.0466,180.5262,354.0575,0.0000,0.0000,0.0000
101.596,392.3809,0.2400,288.9783,0.2510,3.8000,-0.4500,353.9189,180.5395,354.1533,0.0000,0.0000,0.0000
101.696,392.1797,0.0773,288.8190,0.2510,3.8000,-0.4500,353.8649,180.5450,354.2128,0.0000,0.0000,0.0000
101.804,391.9381,-0.1088,288.6403,0.2510,3.8000,-0.4500,353.7296,180.5585,354.5134,0.0000,0.0000,0.0000
101.915,391.7353,-0.2585,288.5026,0.2510,3.8000,-0.4500,353.6748,180.5637,354.7529,0.0000,0.0000,0.0000
102.039,391.4501,-0.4561,288.3260,0.2510,3.8000,-0.4500,353.7056,180.5610,355.1975,0.0000,0.0000,0.0000
102.153,391.2448,-0.5893,288.2108,0.2510,3.8000,-0.4500,353.7678,180.5560,355.5371,0.0000,0.0000,0.0000
102.262,390.9973,-0.7393,288.0839,0.2510,3.8000,-0.4500,353.9030,180.5459,355.9591,0.0000,0.0000,0.0000
102.387,390.7485,-0.8769,287.9695,0.2510,3.8000,-0.4500,354.0976,180.5329,356.4489,0.0000,0.0000,0.0000
102.512,390.4983,-1.0040,287.8848,0.2510,3.8000,-0.4500,354.3122,180.5204,356.9109,0.0000,0.0000,0.0000
102.637,390.2476,-1.1243,287.8803,0.2510,3.8000,-0.4500,354.5470,180.5086,357.3658,0.0000,0.0000,0.0000
102.762,389.9551,-1.2514,287.9362,0.2510,3.8000,-0.4500,354.8517,180.4960,357.9054,0.0000,0.0000,0.0000
102.888,389.7048,-1.3455,288.0112,0.2510,3.8000,-0.4500,355.1396,180.4867,358.3783,0.0000,0.0000,0.0000
102.998,389.4550,-1.4244,288.0992,0.2510,3.8000,-0.4500,355.4494,180.4792,358.8574,0.0000,0.0000,0.0000
103.110,389.2475,-1.4778,288.1775,0.2510,3.8000,-0.4500,355.7219,180.4747,359.2574,0.0000,0.0000,0.0000
103.234,388.9992,-1.5269,288.2743,0.2510,3.8000,-0.4500,356.0628,180.4717,359.7333,0.0000,0.0000,0.0000
103.346,388.7522,-1.5598,288.3727,0.2510,3.8000,-0.4500,356.4156,180.4715,0.1993,0.0000,0.0000,0.0000
103.459,388.5066,-1.5768,288.4723,0.2510,3.8000,-0.4500,356.7771,180.4742,0.6497,0.0000,0.0000,0.0000
103.568,388.3031,-1.5794,288.5561,0.2510,3.8000,-0.4500,357.0828,180.4786,1.0094,0.0000,0.0000,0.0000
103.693,388.0605,-1.5694,288.6568,0.2510,3.8000,-0.4500,357.4529,180.4865,1.4180,0.0000,0.0000,0.0000
103.818,387.8198,-1.5458,288.7578,0.2510,3.8000,-0.4500,357.8243,180.4969,1.7968,0.0000,0.0000,0.0000
103.943,387.5407,-1.5040,288.8772,0.2510,3.8000,-0.4500,358.1955,180.5098,2.1414,0.0000,0.0000,0.0000
104.068,387.3035,-1.4556,288.9797,0.2510,3.8000,-0.4500,358.5211,180.5227,2.4117,0.0000,0.0000,0.0000
104.193,387.0679,-1.3967,289.0820,0.2510,3.8000,-0.4500,358.8578,180.5376,2.6582,0.0000,0.0000,0.0000
104.318,386.8333,-1.3294,289.1849,0.2510,3.8000,-0.4500,359.1626,180.5523,2.8422,0.0000,0.0000,0.0000
104.429,386.6001,-1.2540,289.2885,0.2510,3.8000,-0.4500,359.4637,180.5677,3.0032,0.0000,0.0000,0.0000
104.554,386.3680,-1.1715,289.3928,0.2510,3.8000,-0.4500,359.7904,180.5852,3.1297,0.0000,0.0000,0.0000
104.679,386.0980,-1.0682,289.5158,0.2510,3.8000,-0.4500,0.1142,180.6032,3.2257,0.0000,0.0000,0.0000
104.779,385.9058,-0.9900,289.6042,0.2510,3.8000,-0.4500,0.3583,180.6171,3.2785,0.0000,0.0000,0.0000
104.888,385.7137,-0.9095,289.6946,0.2510,3.8000,-0.4500,0.5342,180.6271,3.2955,0.0000,0.0000,0.0000
105.012,385.4838,-0.8082,289.8036,0.2510,3.8000,-0.4500,0.8808,180.6472,3.3145,0.0000,0.0000,0.0000
105.137,385.2538,-0.7051,289.9149,0.2510,3.8000,-0.4500,1.1304,180.6616,3.2949,0.0000,0.0000,0.0000
105.251,385.0237,-0.5999,290.0284,0.2510,3.8000,-0.4500,1.3790,180.6758,3.2566,0.0000,0.0000,0.0000
105.359,384.7934,-0.4936,290.1443,0.2510,3.8000,-0.4500,1.6209,180.6895,3.1932,0.0000,0.0000,0.0000
105.484,384.5625,-0.3868,290.2611,0.2510,3.8000,-0.4500,1.8584,180.7026,3.1091,0.0000,0.0000,0.0000
105.610,384.3306,-0.2808,290.3806,0.2510,3.8000,-0.4500,2.2333,180.7223,2.9154,0.0000,0.0000,0.0000
105.735,384.0995,-0.1750,290.5147,0.2510,3.8000,-0.4500,2.3709,180.7292,2.8205,0.0000,0.0000,0.0000
105.860,383.8301,-0.0525,290.6891,0.2510,3.8000,-0.4500,2.5703,180.7388,2.6719,0.0000,0.0000,0.0000
105.971,383.6368,0.0326,290.8242,0.2510,3.8000,-0.4500,2.8221,180.7500,2.4294,0.0000,0.0000,0.0000
106.082,383.4055,0.1341,291.0001,0.2510,3.8000,-0.4500,2.9910,180.7569,2.2413,0.0000,0.0000,0.0000
106.195,383.2126,0.2175,291.1562,0.2510,3.8000,-0.4500,3.0970,180.7610,2.1119,0.0000,0.0000,0.0000
106.304,382.9799,0.3137,291.3523,0.2510,3.8000,-0.4500,3.2887,180.7676,1.8389,0.0000,0.0000,0.0000
106.429,382.7468,0.4066,291.5641,0.2510,3.8000,-0.4500,3.4616,180.7727,1.5383,0.0000,0.0000,0.0000
106.546,382.5146,0.4988,291.7934,0.2510,3.8000,-0.4500,3.5397,180.7747,1.3923,0.0000,0.0000,0.0000
106.661,382.2810,0.5841,292.0426,0.2510,3.8000,-0.4500,3.7068,180.7782,0.9959,0.0000,0.0000,0.0000
106.763,382.0895,0.6574,292.2869,0.2510,3.8000,-0.4500,3.7340,180.7787,0.9205,0.0000,0.0000,0.0000
106.873,381.8988,0.7274,292.5694,0.2510,3.8000,-0.4500,3.8085,180.7798,0.6817,0.0000,0.0000,0.0000
106.984,381.6717,0.8090,292.9533,0.2510,3.8000,-0.4500,3.8855,180.7805,0.3546,0.0000,0.0000,0.0000
107.109,381.4481,0.8923,293.3941,0.2510,3.8000,-0.4500,3.9197,180.7806,0.1816,0.0000,0.0000,0.0000
107.234,381.2260,0.9744,293.8981,0.2510,3.8000,-0.4500,3.9913,180.7806,359.8453,0.0000,0.0000,0.0000
107.359,380.9696,1.0742,294.5479,0.2510,3.8000,-0.4500,4.0993,180.7800,359.5197,0.0000,0.0000,0.0000
107.484,380.7510,1.1637,295.1401,0.2510,3.8000,-0.4500,4.2000,180.7789,359.2930,0.0000,0.0000,0.0000
107.609,380.5324,1.2566,295.7523,0.2510,3.8000,-0.4500,4.3255,180.7771,359.0768,0.0000,0.0000,0.0000
107.734,380.3130,1.3526,296.3763,0.2510,3.8000,-0.4500,4.5259,180.7734,358.8034,0.0000,0.0000,0.0000
107.859,380.0559,1.4700,297.1108,0.2510,3.8000,-0.4500,4.8136,180.7665,358.4970,0.0000,0.0000,0.0000
107.971,379.8723,1.5586,297.6373,0.2510,3.8000,-0.4500,4.9413,180.7631,358.3869,0.0000,0.0000,0.0000
108.095,379.6503,1.6684,298.2658,0.2510,3.8000,-0.4500,5.2047,180.7551,358.1819,0.0000,0.0000,0.0000
108.220,379.3887,1.8004,298.9649,0.2510,3.8000,-0.4500,5.4044,180.7485,358.0463,0.0000,0.0000,0.0000
108.333,379.1989,1.8948,299.4308,0.2510,3.8000,-0.4500,5.6869,180.7384,357.8807,0.0000,0.0000,0.0000
108.443,378.9695,2.0086,299.9547,0.2510,3.8000,-0.4500,5.7569,180.7358,357.8418,0.0000,0.0000,0.0000
108.568,378.7336,2.1177,300.3947,0.2510,3.8000,-0.4500,5.9817,180.7271,357.7303,0.0000,0.0000,0.0000
108.693,378.4891,2.2162,300.7159,0.2510,3.8000,-0.4500,6.2811,180.7148,357.5939,0.0000,0.0000,0.0000
108.804,378.2374,2.3033,300.9327,0.2510,3.8000,-0.4500,6.2811,180.7148,357.5939,0.0000,0.0000,0.0000
108.929,377.9789,2.3777,301.0315,0.2510,3.8000,-0.4500,6.5166,180.7046,357.4943,0.0000,0.0000,0.0000
109.039,377.7200,2.4371,301.0097,0.2510,3.8000,-0.4500,6.5166,180.7046,357.4943,0.0000,0.0000,0.0000
109.165,377.4622,2.4851,300.9024,0.2510,3.8000,-0.4500,6.5919,180.7012,357.4627,0.0000,0.0000,0.0000
109.290,377.2058,2.5251,300.7376,0.2510,3.8000,-0.4500,6.7413,180.6945,357.3999,0.0000,0.0000,0.0000
109.415,376.9514,2.5602,300.5368,0.2510,3.8000,-0.4500,6.7413,180.6945,357.3999,0.0000,0.0000,0.0000
109.540,376.6556,2.5976,300.2735,0.2510,3.8000,-0.4500,6.8158,180.6911,357.3694,0.0000,0.0000,0.0000
109.651,376.4449,2.6232,300.0757,0.2510,3.8000,-0.4500,6.8158,180.6911,357.3694,0.0000,0.0000,0.0000
109.776,376.1922,2.6537,299.8331,0.2510,3.8000,-0.4500,6.8158,180.6911,357.3694,0.0000,0.0000,0.0000
109.901,375.8976,2.6896,299.5464,0.2510,3.8000,-0.4500,6.8158,180.6911,357.3694,0.0000,0.0000,0.0000
110.002,375.6872,2.7155,299.3400,0.2510,3.8000,-0.4500,6.8158,180.6911,357.3694,0.0000,0.0000,0.0000
110.111,375.4769,2.7415,299.1325,0.2510,3.8000,-0.4500,6.8158,180.6911,357.3694,0.0000,0.0000,0.0000
110.221,375.2245,2.7730,298.8827,0.2510,3.8000,-0.4500,6.8158,180.6911,357.3694,0.0000,0.0000,0.0000
110.345,374.9709,2.8060,298.6483,0.2510,3.8000,-0.4500,6.8158,180.6911,357.3694,0.0000,0.0000,0.0000
110.457,374.7569,2.8369,298.4831,0.2510,3.8000,-0.4500,6.8158,180.6911,357.3694,0.0000,0.0000,0.0000
110.581,374.4536,2.8857,298.2948,0.2510,3.8000,-0.4500,6.8158,180.6911,357.3694,0.0000,0.0000,0.0000
110.706,374.1913,2.9316,298.1735,0.2510,3.8000,-0.4500,6.8158,180.6911,357.3694,0.0000,0.0000,0.0000
110.832,373.9275,2.9852,298.1230,0.2510,3.8000,-0.4500,6.8158,180.6911,357.3694,0.0000,0.0000,0.0000
110.957,373.6632,3.0434,298.1151,0.2510,3.8000,-0.4500,6.8158,180.6911,357.3694,0.0000,0.0000,0.0000
111.081,373.3546,3.1129,298.1348,0.2510,3.8000,-0.4500,6.8158,180.6911,357.3694,0.0000,0.0000,0.0000
111.207,373.0901,3.1713,298.1649,0.2510,3.8000,-0.4500,6.8158,180.6911,357.3694,0.0000,0.0000,0.0000
111.331,372.8260,3.2272,298.2021,0.2510,3.8000,-0.4500,6.8158,180.6911,357.3694,0.0000,0.0000,0.0000
111.457,372.5623,3.2794,298.2443,0.2510,3.8000,-0.4500,6.7355,180.6948,357.3918,0.0000,0.0000,0.0000
111.582,372.2559,3.3337,298.2995,0.2510,3.8000,-0.4500,6.2380,180.7170,357.5167,0.0000,0.0000,0.0000
111.707,371.9932,3.3747,298.3475,0.2510,3.8000,-0.4500,5.9084,180.7312,357.5784,0.0000,0.0000,0.0000
111.832,371.7308,3.4102,298.3961,0.2510,3.8000,-0.4500,5.5826,180.7449,357.6299,0.0000,0.0000,0.0000
111.958,371.4686,3.4392,298.4461,0.2510,3.8000,-0.4500,5.1680,180.7619,357.6836,0.0000,0.0000,0.0000
112.070,371.2065,3.4622,298.4962,0.2510,3.8000,-0.4500,4.8318,180.7755,357.7201,0.0000,0.0000,0.0000
112.179,370.9450,3.4781,298.5477,0.2510,3.8000,-0.4500,4.4009,180.7925,357.7602,0.0000,0.0000,0.0000
112.290,370.7273,3.4856,298.5917,0.2510,3.8000,-0.4500,3.9693,180.8093,357.7957,0.0000,0.0000,0.0000
112.415,370.4664,3.4892,298.6396,0.2510,3.8000,-0.4500,3.6325,180.8222,357.8203,0.0000,0.0000,0.0000
112.527,370.2164,3.4796,298.5135,0.2510,3.8000,-0.4500,3.1053,180.8422,357.8566,0.0000,0.0000,0.0000
112.652,369.9832,3.4578,298.1161,0.2510,3.8000,-0.4500,2.8500,180.8517,357.8815,0.0000,0.0000,0.0000
112.776,369.7612,3.4285,297.5412,0.2510,3.8000,-0.4500,2.5932,180.8611,357.9151,0.0000,0.0000,0.0000
112.901,369.5080,3.3916,296.7848,0.2510,3.8000,-0.4500,2.2645,180.8729,357.9839,0.0000,0.0000,0.0000
113.026,369.2872,3.3620,296.2111,0.2510,3.8000,-0.4500,1.9463,180.8839,358.0765,0.0000,0.0000,0.0000
113.126,369.0963,3.3394,295.8394,0.2510,3.8000,-0.4500,1.6937,180.8922,358.1583,0.0000,0.0000,0.0000
113.234,368.8990,3.3172,295.5653,0.2510,3.8000,-0.4500,1.3629,180.9025,358.2615,0.0000,0.0000,0.0000
113.360,368.6129,3.2836,295.3109,0.2510,3.8000,-0.4500,0.8744,180.9168,358.3851,0.0000,0.0000,0.0000
113.474,368.4036,3.2564,295.1925,0.2510,3.8000,-0.4500,0.6199,180.9239,358.4320,0.0000,0.0000,0.0000
113.584,368.1495,3.2172,295.0955,0.2510,3.8000,-0.4500,0.1103,180.9375,358.5041,0.0000,0.0000,0.0000
113.693,367.9359,3.1794,295.0546,0.2510,3.8000,-0.4500,359.7784,180.9461,358.5322,0.0000,0.0000,0.0000
113.818,367.6786,3.1260,295.0475,0.2510,3.8000,-0.4500,359.3678,180.9565,358.5504,0.0000,0.0000,0.0000
113.929,367.4207,3.0630,295.0673,0.2510,3.8000,-0.4500,358.9298,180.9676,358.5455,0.0000,0.0000,0.0000
114.041,367.1625,2.9896,295.1019,0.2510,3.8000,-0.4500,358.4194,180.9807,358.5182,0.0000,0.0000,0.0000
114.165,366.9042,2.9072,295.1442,0.2510,3.8000,-0.4500,358.0128,180.9913,358.4739,0.0000,0.0000,0.0000
114.277,366.6888,2.8318,295.1829,0.2510,3.8000,-0.4500,357.7615,180.9981,358.4336,0.0000,0.0000,0.0000
114.402,366.3872,2.7134,295.2221,0.2510,3.8000,-0.4500,357.2487,181.0126,358.3267,0.0000,0.0000,0.0000
114.513,366.1718,2.6229,295.2214,0.2510,3.8000,-0.4500,356.9146,181.0227,358.2347,0.0000,0.0000,0.0000
114.638,365.9140,2.5088,295.1971,0.2510,3.8000,-0.4500,356.5896,181.0330,358.1336,0.0000,0.0000,0.0000
114.762,365.6142,2.3681,295.1460,0.2510,3.8000,-0.4500,356.2712,181.0437,358.0258,0.0000,0.0000,0.0000
114.887,365.3575,2.2390,295.0913,0.2510,3.8000,-0.4500,355.8789,181.0577,357.8825,0.0000,0.0000,0.0000
115.013,365.1014,2.1061,295.0302,0.2510,3.8000,-0.4500,355.6384,181.0668,357.7910,0.0000,0.0000,0.0000
115.138,364.8032,1.9450,294.9528,0.2510,3.8000,-0.4500,355.4084,181.0759,357.7029,0.0000,0.0000,0.0000
115.251,364.5919,1.8273,294.8778,0.2510,3.8000,-0.4500,355.2572,181.0821,357.6449,0.0000,0.0000,0.0000
115.359,364.3418,1.6858,294.7436,0.2510,3.8000,-0.4500,355.0196,181.0921,357.5559,0.0000,0.0000,0.0000
115.485,364.0959,1.5487,294.5618,0.2510,3.8000,-0.4500,354.9456,181.0952,357.5286,0.0000,0.0000,0.0000
115.585,363.8930,1.4358,294.3837,0.2510,3.8000,-0.4500,354.8681,181.0986,357.5027,0.0000,0.0000,0.0000
115.693,363.6912,1.3230,294.1895,0.2510,3.8000,-0.4500,354.7112,181.1056,357.4545,0.0000,0.0000,0.0000
115.818,363.4107,1.1690,293.8984,0.2510,3.8000,-0.4500,354.6354,181.1090,357.4318,0.0000,0.0000,0.0000
115.932,363.2137,1.0631,293.6423,0.2510,3.8000,-0.4500,354.6354,181.1090,357.4318,0.0000,0.0000,0.0000
116.041,362.9873,0.9532,293.1691,0.2510,3.8000,-0.4500,354.6354,181.1090,357.4318,0.0000,0.0000,0.0000
116.151,362.8048,0.8751,292.6702,0.2510,3.8000,-0.4500,354.6354,181.1090,357.4318,0.0000,0.0000,0.0000
116.277,362.5895,0.7917,292.0050,0.2510,3.8000,-0.4500,354.6354,181.1090,357.4318,0.0000,0.0000,0.0000
116.402,362.3397,0.7007,291.2192,0.2510,3.8000,-0.4500,354.6354,181.1090,357.4318,0.0000,0.0000,0.0000
116.527,362.1216,0.6188,290.6199,0.2510,3.8000,-0.4500,354.6354,181.1090,357.4318,0.0000,0.0000,0.0000
116.651,361.8983,0.5296,290.1147,0.2510,3.8000,-0.4500,354.6354,181.1090,357.4318,0.0000,0.0000,0.0000
116.776,361.6699,0.4338,289.6938,0.2510,3.8000,-0.4500,354.6354,181.1090,357.4318,0.0000,0.0000,0.0000
116.902,361.3987,0.3172,289.2807,0.2510,3.8000,-0.4500,354.6354,181.1090,357.4318,0.0000,0.0000,0.0000
117.002,361.2029,0.2333,289.0217,0.2510,3.8000,-0.4500,354.6354,181.1090,357.4318,0.0000,0.0000,0.0000
117.109,361.0056,0.1504,288.7866,0.2510,3.8000,-0.4500,354.6354,181.1090,357.4318,0.0000,0.0000,0.0000
117.235,360.7691,0.0601,288.5289,0.2510,3.8000,-0.4500,354.6964,181.1064,357.7598,0.0000,0.0000,0.0000
117.360,360.4905,-0.0419,288.2516,0.2510,3.8000,-0.4500,354.7906,181.1029,357.9850,0.0000,0.0000,0.0000
117.485,360.2509,-0.1216,288.0266,0.2510,3.8000,-0.4500,354.9237,181.0985,358.2022,0.0000,0.0000,0.0000
117.596,360.0511,-0.1819,287.8450,0.2510,3.8000,-0.4500,355.0731,181.0941,358.4064,0.0000,0.0000,0.0000
117.721,359.7713,-0.2558,287.5960,0.2510,3.8000,-0.4500,355.3516,181.0871,358.7256,0.0000,0.0000,0.0000
117.832,359.5717,-0.3010,287.4200,0.2510,3.8000,-0.4500,355.6014,181.0820,358.9731,0.0000,0.0000,0.0000
117.942,359.3321,-0.3489,287.2104,0.2510,3.8000,-0.4500,355.8473,181.0781,359.2044,0.0000,0.0000,0.0000
118.067,359.0934,-0.3864,287.0007,0.2510,3.8000,-0.4500,356.1736,181.0744,359.4897,0.0000,0.0000,0.0000
118.178,358.8947,-0.4115,286.8265,0.2510,3.8000,-0.4500,356.4281,181.0726,359.7055,0.0000,0.0000,0.0000
118.303,358.6170,-0.4368,286.5835,0.2510,3.8000,-0.4500,356.7647,181.0717,359.9818,0.0000,0.0000,0.0000
118.428,358.3794,-0.4498,286.3796,0.2510,3.8000,-0.4500,357.0240,181.0721,0.1909,0.0000,0.0000,0.0000
118.553,358.1396,-0.4537,286.2153,0.2510,3.8000,-0.4500,357.3527,181.0739,0.4508,0.0000,0.0000,0.0000
118.678,357.8956,-0.4504,286.1067,0.2510,3.8000,-0.4500,357.6753,181.0772,0.7036,0.0000,0.0000,0.0000
118.803,357.6095,-0.4375,286.0653,0.2510,3.8000,-0.4500,358.0151,181.0821,0.9698,0.0000,0.0000,0.0000
118.928,357.3742,-0.4197,286.2059,0.2510,3.8000,-0.4500,358.2785,181.0871,1.1788,0.0000,0.0000,0.0000
119.039,357.1514,-0.3926,286.5209,0.2510,3.8000,-0.4500,358.6077,181.0946,1.4498,0.0000,0.0000,0.0000
119.150,356.9731,-0.3626,286.8854,0.2510,3.8000,-0.4500,358.8670,181.1017,1.6780,0.0000,0.0000,0.0000
119.275,356.7655,-0.3178,287.4079,0.2510,3.8000,-0.4500,359.1139,181.1094,1.9048,0.0000,0.0000,0.0000
119.400,356.5305,-0.2490,288.0921,0.2510,3.8000,-0.4500,359.4764,181.1226,2.2669,0.0000,0.0000,0.0000
119.500,356.3649,-0.1941,288.6116,0.2510,3.8000,-0.4500,359.5926,181.1273,2.3900,0.0000,0.0000,0.0000
119.608,356.2018,-0.1306,289.1458,0.2510,3.8000,-0.4500,359.7646,181.1348,2.5751,0.0000,0.0000,0.0000
119.733,356.0081,-0.0465,289.7994,0.2510,3.8000,-0.4500,359.9352,181.1427,2.7655,0.0000,0.0000,0.0000
119.858,355.7847,0.0633,290.5692,0.2510,3.8000,-0.4500,0.1563,181.1539,3.0144,0.0000,0.0000,0.0000
119.969,355.6256,0.1486,291.1054,0.2510,3.8000,-0.4500,0.3234,181.1630,3.1977,0.0000,0.0000,0.0000
