time_sec,world_x,world_y,world_z,local_x,local_y,local_z,world_rot_x,world_rot_y,world_rot_z,local_rot_x,local_rot_y,local_rot_z
0.000,598.8349,5.2159,250.4544,0.2510,3.8000,-0.4500,0.0000,180.0000,0.0000,0.0000,0.0000,0.0000
0.000,598.8349,5.2159,250.4544,0.2510,3.8000,-0.4500,0.0000,180.0000,0.0000,0.0000,0.0000,0.0000
0.109,598.6016,5.0092,250.4596,0.2510,3.8000,-0.4500,0.0000,180.0000,0.0000,0.0000,0.0000,0.0000
0.221,598.2030,4.6661,250.4651,0.2510,3.8000,-0.4500,0.0000,180.0000,0.0000,0.0000,0.0000,0.0000
0.346,597.6889,4.2305,250.4700,0.2510,3.8000,-0.4500,0.0000,180.0000,0.0000,0.0000,0.0000,0.0000
0.458,597.0726,3.7129,250.4743,0.2510,3.8000,-0.4500,0.0000,180.0000,0.0000,0.0000,0.0000,0.0000
0.569,596.4893,3.2258,250.4767,0.2510,3.8000,-0.4500,0.0000,180.0000,0.0000,0.0000,0.0000,0.0000
0.680,595.7158,2.5814,250.4689,0.2510,3.8000,-0.4500,0.0000,180.0000,0.0000,0.0000,0.0000,0.0000
0.791,595.0168,1.9998,250.4479,0.2510,3.8000,-0.4500,0.0000,180.0000,0.0000,0.0000,0.0000,0.0000
0.903,594.1203,1.2539,250.4019,0.2510,3.8000,-0.4500,0.0000,180.0000,0.0000,0.0000,0.0000,0.0000
1.013,593.1678,0.4615,250.3331,0.2510,3.8000,-0.4500,0.0000,180.0000,0.0000,0.0000,0.0000,0.0000
1.125,592.3361,-0.2305,250.2589,0.2510,3.8000,-0.4500,0.0000,180.0000,0.0000,0.0000,0.0000,0.0000
1.236,591.5482,-0.9014,250.1826,0.2510,3.8000,-0.4500,359.2266,180.0000,0.0029,0.0000,0.0000,0.0000
1.346,591.0884,-1.2160,250.1386,0.2510,3.8000,-0.4500,358.1757,179.9999,0.0067,0.0000,0.0000,0.0000
1.472,590.6050,-1.3383,250.0936,0.2510,3.8000,-0.4500,357.3257,179.9998,0.0097,0.0000,0.0000,0.0000
1.582,590.3229,-1.2872,250.0670,0.2510,3.8000,-0.4500,357.3257,179.9998,0.0097,0.0000,0.0000,0.0000
1.694,590.0209,-1.1770,250.0401,0.2510,3.8000,-0.4500,357.3257,179.9998,0.0097,0.0000,0.0000,0.0000
1.807,589.7861,-1.0954,250.0224,0.2510,3.8000,-0.4500,357.3257,179.9998,0.0097,0.0000,0.0000,0.0000
1.930,589.5151,-1.0430,250.0082,0.2510,3.8000,-0.4500,357.3257,179.9998,0.0097,0.0000,0.0000,0.0000
2.056,589.2064,-1.0527,249.9996,0.2510,3.8000,-0.4500,357.3257,179.9998,0.0097,0.0000,0.0000,0.0000
2.166,588.9882,-1.0961,249.9974,0.2510,3.8000,-0.4500,357.3257,179.9998,0.0097,0.0000,0.0000,0.0000
2.278,588.7275,-1.1711,249.9984,0.2510,3.8000,-0.4500,357.3257,179.9998,0.0097,0.0000,0.0000,0.0000
2.403,588.4677,-1.2547,250.0027,0.2510,3.8000,-0.4500,357.3257,179.9998,0.0097,0.0000,0.0000,0.0000
2.514,588.2083,-1.3354,250.0102,0.2510,3.8000,-0.4500,357.3257,179.9998,0.0097,0.0000,0.0000,0.0000
2.639,587.9492,-1.4079,250.0212,0.2510,3.8000,-0.4500,357.3257,179.9998,0.0097,0.0000,0.0000,0.0000
2.750,587.7335,-1.4618,250.0326,0.2510,3.8000,-0.4500,357.3257,179.9998,0.0097,0.0000,0.0000,0.0000
2.862,587.4745,-1.5206,250.0482,0.2510,3.8000,-0.4500,357.3257,179.9998,0.0097,0.0000,0.0000,0.0000
2.972,587.2159,-1.5759,250.0657,0.2510,3.8000,-0.4500,357.3257,179.9998,0.0097,0.0000,0.0000,0.0000
3.083,587.0005,-1.6213,250.0817,0.2510,3.8000,-0.4500,357.3257,179.9998,0.0097,0.0000,0.0000,0.0000
3.208,586.7419,-1.6766,250.1023,0.2510,3.8000,-0.4500,357.3257,179.9998,0.0097,0.0000,0.0000,0.0000
3.333,586.4403,-1.7432,250.1282,0.2510,3.8000,-0.4500,357.3257,179.9998,0.0097,0.0000,0.0000,0.0000
3.445,586.2249,-1.7922,250.1478,0.2510,3.8000,-0.4500,357.3257,179.9998,0.0097,0.0000,0.0000,0.0000
3.555,585.9663,-1.8521,250.1725,0.2510,3.8000,-0.4500,357.3257,179.9998,0.0096,0.0000,0.0000,0.0000
3.667,585.7509,-1.9025,250.1938,0.2510,3.8000,-0.4500,357.3257,179.9998,0.0097,0.0000,0.0000,0.0000
3.778,585.4923,-1.9633,250.2218,0.2510,3.8000,-0.4500,357.3257,179.9998,0.0097,0.0000,0.0000,0.0000
3.889,585.2770,-2.0139,250.2470,0.2510,3.8000,-0.4500,357.3257,179.9998,0.0097,0.0000,0.0000,0.0000
4.000,585.0189,-2.0744,250.2792,0.2510,3.8000,-0.4500,357.3257,179.9998,0.0097,0.0000,0.0000,0.0000
4.112,584.7607,-2.1345,250.3130,0.2510,3.8000,-0.4500,357.3257,179.9998,0.0097,0.0000,0.0000,0.0000
4.223,584.5454,-2.1842,250.3420,0.2510,3.8000,-0.4500,357.3257,179.9998,0.0097,0.0000,0.0000,0.0000
4.347,584.2869,-2.2432,250.3774,0.2510,3.8000,-0.4500,357.3257,179.9998,0.0097,0.0000,0.0000,0.0000
4.459,584.0283,-2.3014,250.4134,0.2510,3.8000,-0.4500,357.3257,179.9998,0.0097,0.0000,0.0000,0.0000
4.583,583.7698,-2.3585,250.4498,0.2510,3.8000,-0.4500,357.3257,179.9998,0.0097,0.0000,0.0000,0.0000
4.709,583.5112,-2.4141,250.4863,0.2510,3.8000,-0.4500,357.3257,179.9998,0.0097,0.0000,0.0000,0.0000
4.820,583.2518,-2.4696,250.5222,0.2510,3.8000,-0.4500,357.4133,179.9997,359.8715,0.0000,0.0000,0.0000
4.931,583.0363,-2.5129,250.5526,0.2510,3.8000,-0.4500,357.4133,179.9997,359.8715,0.0000,0.0000,0.0000
5.043,582.7778,-2.5624,250.5889,0.2510,3.8000,-0.4500,357.4133,179.9997,359.8714,0.0000,0.0000,0.0000
5.167,582.5186,-2.6097,250.6239,0.2510,3.8000,-0.4500,357.5502,179.9993,359.7703,0.0000,0.0000,0.0000
5.279,582.2598,-2.6529,250.6588,0.2510,3.8000,-0.4500,357.6215,179.9989,359.7328,0.0000,0.0000,0.0000
5.403,582.0011,-2.6923,250.6932,0.2510,3.8000,-0.4500,357.6976,179.9986,359.7036,0.0000,0.0000,0.0000
5.515,581.7427,-2.7271,250.7269,0.2510,3.8000,-0.4500,357.8563,179.9977,359.6608,0.0000,0.0000,0.0000
5.640,581.4847,-2.7574,250.7611,0.2510,3.8000,-0.4500,357.9373,179.9972,359.6517,0.0000,0.0000,0.0000
5.766,581.2270,-2.7804,250.7935,0.2510,3.8000,-0.4500,358.2788,179.9951,359.6579,0.0000,0.0000,0.0000
5.875,580.9697,-2.8010,250.8279,0.2510,3.8000,-0.4500,358.2788,179.9951,359.6579,0.0000,0.0000,0.0000
6.000,580.7130,-2.8132,250.8602,0.2510,3.8000,-0.4500,358.5227,179.9938,359.7086,0.0000,0.0000,0.0000
6.111,580.4572,-2.8177,250.8914,0.2510,3.8000,-0.4500,358.8454,179.9924,359.8207,0.0000,0.0000,0.0000
6.223,580.2438,-2.8195,250.9180,0.2510,3.8000,-0.4500,358.9209,179.9922,359.8498,0.0000,0.0000,0.0000
6.348,579.9891,-2.8121,250.9476,0.2510,3.8000,-0.4500,359.2234,179.9918,0.0035,0.0000,0.0000,0.0000
6.458,579.7344,-2.8005,250.9773,0.2510,3.8000,-0.4500,359.3690,179.9919,0.0894,0.0000,0.0000,0.0000
6.570,579.5229,-2.7841,251.0009,0.2510,3.8000,-0.4500,359.5804,179.9925,0.2195,0.0000,0.0000,0.0000
6.681,579.2694,-2.7602,251.0297,0.2510,3.8000,-0.4500,359.7135,179.9931,0.3103,0.0000,0.0000,0.0000
6.792,579.0170,-2.7280,251.0581,0.2510,3.8000,-0.4500,359.9152,179.9945,0.4553,0.0000,0.0000,0.0000
6.904,578.8079,-2.6937,251.0814,0.2510,3.8000,-0.4500,0.1771,179.9970,0.6558,0.0000,0.0000,0.0000
7.014,578.5573,-2.6487,251.1116,0.2510,3.8000,-0.4500,0.3705,179.9995,0.8130,0.0000,0.0000,0.0000
7.125,578.3492,-2.6067,251.1385,0.2510,3.8000,-0.4500,0.4950,180.0014,0.9167,0.0000,0.0000,0.0000
7.237,578.1013,-2.5476,251.1719,0.2510,3.8000,-0.4500,0.7496,180.0059,1.1367,0.0000,0.0000,0.0000
7.348,577.8947,-2.4966,251.2024,0.2510,3.8000,-0.4500,0.8110,180.0072,1.1915,0.0000,0.0000,0.0000
7.473,577.6075,-2.4154,251.2469,0.2510,3.8000,-0.4500,0.9957,180.0113,1.3575,0.0000,0.0000,0.0000
7.584,577.4033,-2.3524,251.2806,0.2510,3.8000,-0.4500,1.1154,180.0142,1.4680,0.0000,0.0000,0.0000
7.695,577.1599,-2.2702,251.3224,0.2510,3.8000,-0.4500,1.2989,180.0192,1.6409,0.0000,0.0000,0.0000
7.820,576.9170,-2.1839,251.3663,0.2510,3.8000,-0.4500,1.4193,180.0228,1.7569,0.0000,0.0000,0.0000
7.945,576.6759,-2.0907,251.4116,0.2510,3.8000,-0.4500,1.5991,180.0286,1.9330,0.0000,0.0000,0.0000
8.056,576.4351,-1.9955,251.4597,0.2510,3.8000,-0.4500,1.6559,180.0305,1.9899,0.0000,0.0000,0.0000
8.168,576.2363,-1.9094,251.5001,0.2510,3.8000,-0.4500,1.8350,180.0370,2.1726,0.0000,0.0000,0.0000
8.292,575.9580,-1.7875,251.5598,0.2510,3.8000,-0.4500,1.9492,180.0415,2.2925,0.0000,0.0000,0.0000
8.417,575.7206,-1.6788,251.6131,0.2510,3.8000,-0.4500,2.0600,180.0461,2.4120,0.0000,0.0000,0.0000
8.529,575.5228,-1.5883,251.6597,0.2510,3.8000,-0.4500,2.0600,180.0461,2.4120,0.0000,0.0000,0.0000
8.640,575.2866,-1.4760,251.7166,0.2510,3.8000,-0.4500,2.1153,180.0484,2.4745,0.0000,0.0000,0.0000
8.750,575.0903,-1.3806,251.7649,0.2510,3.8000,-0.4500,2.1703,180.0508,2.5369,0.0000,0.0000,0.0000
8.862,574.8547,-1.2666,251.8247,0.2510,3.8000,-0.4500,2.1703,180.0508,2.5369,0.0000,0.0000,0.0000
8.987,574.6193,-1.1517,251.8853,0.2510,3.8000,-0.4500,2.1702,180.0508,2.5369,0.0000,0.0000,0.0000
9.112,574.3451,-1.0175,251.9564,0.2510,3.8000,-0.4500,2.1702,180.0508,2.5369,0.0000,0.0000,0.0000
9.223,574.1492,-0.9221,252.0074,0.2510,3.8000,-0.4500,2.1702,180.0508,2.5369,0.0000,0.0000,0.0000
9.347,573.9141,-0.8085,252.0686,0.2510,3.8000,-0.4500,2.1702,180.0508,2.5369,0.0000,0.0000,0.0000
9.473,573.6398,-0.6780,252.1402,0.2510,3.8000,-0.4500,2.1702,180.0508,2.5369,0.0000,0.0000,0.0000
9.584,573.4438,-0.5867,252.1915,0.2510,3.8000,-0.4500,2.1702,180.0508,2.5369,0.0000,0.0000,0.0000
9.697,573.2083,-0.4797,252.2533,0.2510,3.8000,-0.4500,2.1702,180.0508,2.5369,0.0000,0.0000,0.0000
9.806,573.0116,-0.3929,252.3050,0.2510,3.8000,-0.4500,2.1702,180.0508,2.5369,0.0000,0.0000,0.0000
9.920,572.7753,-0.2923,252.3674,0.2510,3.8000,-0.4500,2.1702,180.0508,2.5369,0.0000,0.0000,0.0000
10.028,572.5781,-0.2117,252.4197,0.2510,3.8000,-0.4500,2.1702,180.0508,2.5369,0.0000,0.0000,0.0000
10.139,572.3407,-0.1191,252.4830,0.2510,3.8000,-0.4500,2.1702,180.0508,2.5369,0.0000,0.0000,0.0000
10.264,572.1027,-0.0316,252.5468,0.2510,3.8000,-0.4500,2.1702,180.0508,2.5369,0.0000,0.0000,0.0000
10.390,571.8641,0.0506,252.6111,0.2510,3.8000,-0.4500,2.1702,180.0508,2.5369,0.0000,0.0000,0.0000
10.501,571.6245,0.1270,252.6761,0.2510,3.8000,-0.4500,2.1702,180.0508,2.5369,0.0000,0.0000,0.0000
10.611,571.4243,0.1861,252.7307,0.2510,3.8000,-0.4500,2.1702,180.0508,2.5369,0.0000,0.0000,0.0000
10.737,571.1414,0.2562,252.8095,0.2510,3.8000,-0.4500,1.8919,180.0389,2.3451,0.0000,0.0000,0.0000
10.862,570.8975,0.3097,252.8753,0.2510,3.8000,-0.4500,1.7002,180.0313,2.1850,0.0000,0.0000,0.0000
10.973,570.6522,0.3564,252.9389,0.2510,3.8000,-0.4500,1.5161,180.0246,2.0077,0.0000,0.0000,0.0000
11.085,570.4468,0.3910,252.9892,0.2510,3.8000,-0.4500,1.4006,180.0207,1.8912,0.0000,0.0000,0.0000
11.195,570.1984,0.4240,253.0470,0.2510,3.8000,-0.4500,1.1854,180.0140,1.6410,0.0000,0.0000,0.0000
11.306,569.9910,0.4498,253.0819,0.2510,3.8000,-0.4500,1.1355,180.0126,1.5765,0.0000,0.0000,0.0000
11.430,569.7406,0.4733,253.0867,0.2510,3.8000,-0.4500,1.0356,180.0100,1.4446,0.0000,0.0000,0.0000
11.542,569.4877,0.4871,253.0683,0.2510,3.8000,-0.4500,0.8468,180.0057,1.1657,0.0000,0.0000,0.0000
11.653,569.2346,0.4964,253.0365,0.2510,3.8000,-0.4500,0.7187,180.0033,0.9459,0.0000,0.0000,0.0000
11.764,569.0235,0.5021,253.0030,0.2510,3.8000,-0.4500,0.6781,180.0027,0.8736,0.0000,0.0000,0.0000
11.889,568.7687,0.5011,252.9571,0.2510,3.8000,-0.4500,0.5703,180.0012,0.6517,0.0000,0.0000,0.0000
12.014,568.4719,0.4941,252.8891,0.2510,3.8000,-0.4500,0.4738,180.0003,0.4219,0.0000,0.0000,0.0000
12.125,568.2681,0.4835,252.7193,0.2510,3.8000,-0.4500,0.3905,179.9999,0.1910,0.0000,0.0000,0.0000
12.236,568.0399,0.4701,252.2894,0.2510,3.8000,-0.4500,0.3671,179.9998,0.1100,0.0000,0.0000,0.0000
12.348,567.8559,0.4506,251.8054,0.2510,3.8000,-0.4500,0.2784,179.9999,359.7899,0.0000,0.0000,0.0000
12.460,567.6421,0.4310,251.1459,0.2510,3.8000,-0.4500,0.2784,179.9999,359.7899,0.0000,0.0000,0.0000
12.570,567.4625,0.4087,250.6021,0.2510,3.8000,-0.4500,0.2416,180.0001,359.6324,0.0000,0.0000,0.0000
12.695,567.2020,0.3710,249.9724,0.2510,3.8000,-0.4500,0.1712,180.0008,359.3021,0.0000,0.0000,0.0000
12.806,567.0094,0.3454,249.6371,0.2510,3.8000,-0.4500,0.1712,180.0008,359.3021,0.0000,0.0000,0.0000
12.906,566.8083,0.3108,249.3862,0.2510,3.8000,-0.4500,0.1054,180.0017,358.9854,0.0000,0.0000,0.0000
13.014,566.5627,0.2728,249.1694,0.2510,3.8000,-0.4500,0.1054,180.0017,358.9854,0.0000,0.0000,0.0000
13.140,566.3100,0.2257,249.0171,0.2510,3.8000,-0.4500,0.0470,180.0029,358.7408,0.0000,0.0000,0.0000
13.264,566.0547,0.1778,248.9053,0.2510,3.8000,-0.4500,0.0265,180.0034,358.6644,0.0000,0.0000,0.0000
13.375,565.7964,0.1242,248.8183,0.2510,3.8000,-0.4500,359.9789,180.0045,358.5066,0.0000,0.0000,0.0000
13.487,565.5812,0.0777,248.7470,0.2510,3.8000,-0.4500,359.9520,180.0053,358.4293,0.0000,0.0000,0.0000
13.598,565.3341,0.0171,248.5042,0.2510,3.8000,-0.4500,359.8611,180.0079,358.1970,0.0000,0.0000,0.0000
13.710,565.1412,-0.0296,248.1230,0.2510,3.8000,-0.4500,359.8611,180.0079,358.1970,0.0000,0.0000,0.0000
13.820,564.9183,-0.0857,247.5292,0.2510,3.8000,-0.4500,359.8611,180.0080,358.1970,0.0000,0.0000,0.0000
13.931,564.7358,-0.1343,246.9775,0.2510,3.8000,-0.4500,359.8269,180.0091,358.1209,0.0000,0.0000,0.0000
14.043,564.5156,-0.1931,246.3511,0.2510,3.8000,-0.4500,359.7928,180.0102,358.0454,0.0000,0.0000,0.0000
14.167,564.2880,-0.2522,245.8456,0.2510,3.8000,-0.4500,359.7928,180.0102,358.0454,0.0000,0.0000,0.0000
14.278,564.0513,-0.3135,245.4732,0.2510,3.8000,-0.4500,359.7928,180.0102,358.0454,0.0000,0.0000,0.0000
14.389,563.8476,-0.3677,245.2473,0.2510,3.8000,-0.4500,359.7509,180.0117,357.9784,0.0000,0.0000,0.0000
14.501,563.5983,-0.4323,245.0488,0.2510,3.8000,-0.4500,359.7509,180.0117,357.9784,0.0000,0.0000,0.0000
14.612,563.3450,-0.4980,244.9034,0.2510,3.8000,-0.4500,359.7509,180.0117,357.9784,0.0000,0.0000,0.0000
14.722,563.1318,-0.5530,244.8087,0.2510,3.8000,-0.4500,359.7509,180.0117,357.9784,0.0000,0.0000,0.0000
14.848,562.8745,-0.6189,244.7178,0.2510,3.8000,-0.4500,359.7509,180.0117,357.9784,0.0000,0.0000,0.0000
14.959,562.6161,-0.6845,244.6432,0.2510,3.8000,-0.4500,359.7509,180.0117,357.9784,0.0000,0.0000,0.0000
15.070,562.4001,-0.7405,244.5896,0.2510,3.8000,-0.4500,359.5979,180.0171,357.9341,0.0000,0.0000,0.0000
15.195,562.0980,-0.8151,244.5447,0.2510,3.8000,-0.4500,359.5979,180.0171,357.9341,0.0000,0.0000,0.0000
15.306,561.8825,-0.8686,244.5522,0.2510,3.8000,-0.4500,359.5175,180.0201,357.9367,0.0000,0.0000,0.0000
15.431,561.6244,-0.9326,244.5870,0.2510,3.8000,-0.4500,359.2780,180.0286,357.9861,0.0000,0.0000,0.0000
15.542,561.3665,-0.9944,244.6372,0.2510,3.8000,-0.4500,359.2780,180.0286,357.9861,0.0000,0.0000,0.0000
15.654,561.1099,-1.0550,244.7015,0.2510,3.8000,-0.4500,359.1293,180.0337,358.0564,0.0000,0.0000,0.0000
15.764,560.8975,-1.1038,244.7632,0.2510,3.8000,-0.4500,358.9215,180.0405,358.1911,0.0000,0.0000,0.0000
15.876,560.6423,-1.1614,244.8416,0.2510,3.8000,-0.4500,358.8571,180.0425,358.2460,0.0000,0.0000,0.0000
15.987,560.4308,-1.2076,244.9101,0.2510,3.8000,-0.4500,358.7297,180.0463,358.3585,0.0000,0.0000,0.0000
16.112,560.1348,-1.2703,245.0066,0.2510,3.8000,-0.4500,358.6154,180.0495,358.4753,0.0000,0.0000,0.0000
16.224,559.9243,-1.3124,245.0757,0.2510,3.8000,-0.4500,358.4543,180.0535,358.6622,0.0000,0.0000,0.0000
16.348,559.6707,-1.3627,245.1540,0.2510,3.8000,-0.4500,358.4033,180.0547,358.7305,0.0000,0.0000,0.0000
16.461,559.4178,-1.4093,245.2283,0.2510,3.8000,-0.4500,358.2540,180.0577,358.9357,0.0000,0.0000,0.0000
16.571,559.1644,-1.4544,245.2974,0.2510,3.8000,-0.4500,358.1635,180.0593,359.0755,0.0000,0.0000,0.0000
16.681,558.9531,-1.4910,245.3510,0.2510,3.8000,-0.4500,358.1191,180.0600,359.1451,0.0000,0.0000,0.0000
16.794,558.7003,-1.5312,245.4121,0.2510,3.8000,-0.4500,357.9905,180.0616,359.3649,0.0000,0.0000,0.0000
16.903,558.4887,-1.5645,245.4595,0.2510,3.8000,-0.4500,357.9499,180.0621,359.4353,0.0000,0.0000,0.0000
17.014,558.2357,-1.6018,245.5135,0.2510,3.8000,-0.4500,357.8730,180.0627,359.5803,0.0000,0.0000,0.0000
17.129,558.0239,-1.6330,245.5558,0.2510,3.8000,-0.4500,357.8730,180.0627,359.5803,0.0000,0.0000,0.0000
17.237,557.7708,-1.6666,245.6051,0.2510,3.8000,-0.4500,357.7984,180.0632,359.7281,0.0000,0.0000,0.0000
17.362,557.5179,-1.6982,245.6529,0.2510,3.8000,-0.4500,357.7267,180.0634,359.8789,0.0000,0.0000,0.0000
17.487,557.2654,-1.7280,245.7003,0.2510,3.8000,-0.4500,357.6588,180.0635,0.0309,0.0000,0.0000,0.0000
17.598,557.0129,-1.7570,245.7475,0.2510,3.8000,-0.4500,357.6260,180.0634,0.1053,0.0000,0.0000,0.0000
17.709,556.8023,-1.7807,245.7867,0.2510,3.8000,-0.4500,357.6260,180.0634,0.1053,0.0000,0.0000,0.0000
17.820,556.5516,-1.8043,245.8343,0.2510,3.8000,-0.4500,357.5363,180.0631,0.3362,0.0000,0.0000,0.0000
17.945,556.2996,-1.8294,245.8811,0.2510,3.8000,-0.4500,357.5363,180.0631,0.3362,0.0000,0.0000,0.0000
18.057,556.0480,-1.8528,245.9278,0.2510,3.8000,-0.4500,357.5363,180.0631,0.3362,0.0000,0.0000,0.0000
18.168,555.8396,-1.8685,245.9677,0.2510,3.8000,-0.4500,357.4872,180.0627,0.4966,0.0000,0.0000,0.0000
18.292,555.5469,-1.8919,246.0241,0.2510,3.8000,-0.4500,357.4872,180.0627,0.4966,0.0000,0.0000,0.0000
18.417,555.2973,-1.9075,246.0738,0.2510,3.8000,-0.4500,357.4508,180.0624,0.6586,0.0000,0.0000,0.0000
18.543,555.0471,-1.9238,246.1241,0.2510,3.8000,-0.4500,357.4508,180.0624,0.6586,0.0000,0.0000,0.0000
18.654,554.7979,-1.9370,246.1750,0.2510,3.8000,-0.4500,357.4421,180.0623,0.7399,0.0000,0.0000,0.0000
18.779,554.5490,-1.9481,246.2265,0.2510,3.8000,-0.4500,357.4382,180.0622,0.8197,0.0000,0.0000,0.0000
18.904,554.2998,-1.9587,246.2787,0.2510,3.8000,-0.4500,357.4382,180.0622,0.8197,0.0000,0.0000,0.0000
19.029,554.0508,-1.9672,246.3314,0.2510,3.8000,-0.4500,357.4382,180.0622,0.8197,0.0000,0.0000,0.0000
19.140,553.8033,-1.9706,246.3847,0.2510,3.8000,-0.4500,357.4595,180.0625,0.9853,0.0000,0.0000,0.0000
19.251,553.5963,-1.9743,246.4299,0.2510,3.8000,-0.4500,357.4595,180.0625,0.9853,0.0000,0.0000,0.0000
19.376,553.3073,-1.9752,246.4938,0.2510,3.8000,-0.4500,357.4880,180.0631,1.0626,0.0000,0.0000,0.0000
19.488,553.1006,-1.9751,246.5398,0.2510,3.8000,-0.4500,357.4880,180.0631,1.0626,0.0000,0.0000,0.0000
19.598,552.8539,-1.9697,246.5954,0.2510,3.8000,-0.4500,357.5636,180.0646,1.2053,0.0000,0.0000,0.0000
19.709,552.6476,-1.9659,246.6427,0.2510,3.8000,-0.4500,357.5636,180.0646,1.2053,0.0000,0.0000,0.0000
19.820,552.4006,-1.9575,246.6999,0.2510,3.8000,-0.4500,357.6123,180.0656,1.2698,0.0000,0.0000,0.0000
19.945,552.1541,-1.9466,246.7577,0.2510,3.8000,-0.4500,357.6700,180.0669,1.3302,0.0000,0.0000,0.0000
20.056,551.9083,-1.9316,246.8161,0.2510,3.8000,-0.4500,357.7931,180.0699,1.4421,0.0000,0.0000,0.0000
20.168,551.7033,-1.9183,246.8656,0.2510,3.8000,-0.4500,357.8612,180.0717,1.4885,0.0000,0.0000,0.0000
20.278,551.4576,-1.8988,246.9254,0.2510,3.8000,-0.4500,358.0022,180.0754,1.5728,0.0000,0.0000,0.0000
20.402,551.2118,-1.8781,246.9867,0.2510,3.8000,-0.4500,358.0766,180.0775,1.6075,0.0000,0.0000,0.0000
20.528,550.9670,-1.8526,247.0479,0.2510,3.8000,-0.4500,358.3104,180.0842,1.6951,0.0000,0.0000,0.0000
20.653,550.6810,-1.8224,247.1215,0.2510,3.8000,-0.4500,358.3875,180.0865,1.7176,0.0000,0.0000,0.0000
20.764,550.4769,-1.7965,247.1734,0.2510,3.8000,-0.4500,358.6310,180.0940,1.7709,0.0000,0.0000,0.0000
20.876,550.2316,-1.7657,247.2375,0.2510,3.8000,-0.4500,358.7124,180.0965,1.7815,0.0000,0.0000,0.0000
21.001,549.9863,-1.7315,247.3011,0.2510,3.8000,-0.4500,358.8759,180.1016,1.8006,0.0000,0.0000,0.0000
21.112,549.7414,-1.6945,247.3640,0.2510,3.8000,-0.4500,359.1240,180.1094,1.8100,0.0000,0.0000,0.0000
21.224,549.5372,-1.6636,247.4175,0.2510,3.8000,-0.4500,359.1240,180.1094,1.8101,0.0000,0.0000,0.0000
21.348,549.2922,-1.6228,247.4796,0.2510,3.8000,-0.4500,359.3751,180.1173,1.8014,0.0000,0.0000,0.0000
21.473,549.0059,-1.5726,247.5509,0.2510,3.8000,-0.4500,359.7091,180.1277,1.7666,0.0000,0.0000,0.0000
21.597,548.7602,-1.5293,247.6129,0.2510,3.8000,-0.4500,359.7091,180.1277,1.7666,0.0000,0.0000,0.0000
21.723,548.5141,-1.4831,247.6724,0.2510,3.8000,-0.4500,359.9547,180.1352,1.7222,0.0000,0.0000,0.0000
21.834,548.2679,-1.4360,247.7314,0.2510,3.8000,-0.4500,0.1195,180.1401,1.6828,0.0000,0.0000,0.0000
21.945,548.0624,-1.3958,247.7794,0.2510,3.8000,-0.4500,0.2797,180.1448,1.6423,0.0000,0.0000,0.0000
22.070,547.8159,-1.3467,247.8360,0.2510,3.8000,-0.4500,0.4331,180.1491,1.5938,0.0000,0.0000,0.0000
22.181,547.5688,-1.2969,247.8911,0.2510,3.8000,-0.4500,0.5881,180.1534,1.5388,0.0000,0.0000,0.0000
22.292,547.3212,-1.2465,247.9447,0.2510,3.8000,-0.4500,0.7377,180.1573,1.4790,0.0000,0.0000,0.0000
22.403,547.1142,-1.2042,247.9879,0.2510,3.8000,-0.4500,0.8849,180.1610,1.4169,0.0000,0.0000,0.0000
22.515,546.8658,-1.1533,248.0388,0.2510,3.8000,-0.4500,0.9589,180.1628,1.3798,0.0000,0.0000,0.0000
22.640,546.6169,-1.1024,248.0874,0.2510,3.8000,-0.4500,1.1068,180.1663,1.3041,0.0000,0.0000,0.0000
22.749,546.4091,-1.0601,248.1271,0.2510,3.8000,-0.4500,1.1762,180.1678,1.2647,0.0000,0.0000,0.0000
22.861,546.1585,-1.0104,248.1718,0.2510,3.8000,-0.4500,1.4620,180.1737,1.0853,0.0000,0.0000,0.0000
22.972,545.9085,-0.9601,248.2161,0.2510,3.8000,-0.4500,1.4620,180.1737,1.0853,0.0000,0.0000,0.0000
23.097,545.6577,-0.9107,248.2584,0.2510,3.8000,-0.4500,1.5277,180.1749,1.0370,0.0000,0.0000,0.0000
23.207,545.4472,-0.8709,248.2916,0.2510,3.8000,-0.4500,1.7240,180.1782,0.8848,0.0000,0.0000,0.0000
23.332,545.1534,-0.8144,248.3379,0.2510,3.8000,-0.4500,1.7240,180.1782,0.8848,0.0000,0.0000,0.0000
23.457,544.9001,-0.7682,248.3751,0.2510,3.8000,-0.4500,1.9105,180.1808,0.7179,0.0000,0.0000,0.0000
23.568,544.6893,-0.7290,248.4061,0.2510,3.8000,-0.4500,1.9105,180.1808,0.7179,0.0000,0.0000,0.0000
23.693,544.3938,-0.6749,248.4481,0.2510,3.8000,-0.4500,1.9105,180.1808,0.7179,0.0000,0.0000,0.0000
23.818,544.1396,-0.6301,248.4825,0.2510,3.8000,-0.4500,2.0252,180.1822,0.6037,0.0000,0.0000,0.0000
23.930,543.9277,-0.5926,248.5106,0.2510,3.8000,-0.4500,2.0811,180.1827,0.5473,0.0000,0.0000,0.0000
24.055,543.6312,-0.5395,248.5496,0.2510,3.8000,-0.4500,2.0811,180.1827,0.5473,0.0000,0.0000,0.0000
24.181,543.3768,-0.4941,248.5824,0.2510,3.8000,-0.4500,2.0811,180.1827,0.5473,0.0000,0.0000,0.0000
24.290,543.1647,-0.4563,248.6096,0.2510,3.8000,-0.4500,2.0811,180.1827,0.5473,0.0000,0.0000,0.0000
24.402,542.9102,-0.4114,248.6419,0.2510,3.8000,-0.4500,2.0811,180.1827,0.5473,0.0000,0.0000,0.0000
24.513,542.6552,-0.3678,248.6737,0.2510,3.8000,-0.4500,2.1372,180.1832,0.4867,0.0000,0.0000,0.0000
24.624,542.4424,-0.3325,248.6999,0.2510,3.8000,-0.4500,2.1923,180.1837,0.4263,0.0000,0.0000,0.0000
24.735,542.1873,-0.2908,248.7314,0.2510,3.8000,-0.4500,2.1923,180.1837,0.4263,0.0000,0.0000,0.0000
24.860,541.9315,-0.2519,248.7624,0.2510,3.8000,-0.4500,2.2377,180.1840,0.3567,0.0000,0.0000,0.0000
24.985,541.6759,-0.2144,248.7937,0.2510,3.8000,-0.4500,2.2377,180.1840,0.3567,0.0000,0.0000,0.0000
25.111,541.4180,-0.1824,248.8240,0.2510,3.8000,-0.4500,2.3554,180.1845,0.1289,0.0000,0.0000,0.0000
25.235,541.1179,-0.1449,248.8598,0.2510,3.8000,-0.4500,2.3554,180.1845,0.1289,0.0000,0.0000,0.0000
25.346,540.9024,-0.1227,248.8851,0.2510,3.8000,-0.4500,2.4104,180.1845,359.9710,0.0000,0.0000,0.0000
25.461,540.6437,-0.0984,248.9157,0.2510,3.8000,-0.4500,2.4540,180.1844,359.8128,0.0000,0.0000,0.0000
25.583,540.3856,-0.0746,248.9467,0.2510,3.8000,-0.4500,2.4540,180.1844,359.8128,0.0000,0.0000,0.0000
25.693,540.1254,-0.0578,248.9779,0.2510,3.8000,-0.4500,2.5019,180.1842,359.5669,0.0000,0.0000,0.0000
25.805,539.9095,-0.0428,249.0045,0.2510,3.8000,-0.4500,2.5019,180.1842,359.5669,0.0000,0.0000,0.0000
25.930,539.6490,-0.0304,249.0371,0.2510,3.8000,-0.4500,2.5224,180.1840,359.4016,0.0000,0.0000,0.0000
26.040,539.3881,-0.0210,249.0707,0.2510,3.8000,-0.4500,2.5362,180.1839,359.2354,0.0000,0.0000,0.0000
26.166,539.1274,-0.0132,249.1057,0.2510,3.8000,-0.4500,2.5421,180.1837,359.1516,0.0000,0.0000,0.0000
26.291,538.8652,-0.0111,249.1424,0.2510,3.8000,-0.4500,2.5517,180.1836,358.8978,0.0000,0.0000,0.0000
26.402,538.6044,-0.0075,249.1811,0.2510,3.8000,-0.4500,2.5517,180.1836,358.8978,0.0000,0.0000,0.0000
26.515,538.3417,-0.0108,249.2218,0.2510,3.8000,-0.4500,2.5532,180.1836,358.6525,0.0000,0.0000,0.0000
26.624,538.1238,-0.0118,249.2575,0.2510,3.8000,-0.4500,2.5532,180.1836,358.6524,0.0000,0.0000,0.0000
26.750,537.8613,-0.0182,249.3019,0.2510,3.8000,-0.4500,2.5495,180.1837,358.4859,0.0000,0.0000,0.0000
26.874,537.5558,-0.0250,249.3561,0.2510,3.8000,-0.4500,2.5495,180.1837,358.4859,0.0000,0.0000,0.0000
26.987,537.3365,-0.0346,249.3963,0.2510,3.8000,-0.4500,2.5427,180.1839,358.3181,0.0000,0.0000,0.0000
27.110,537.0746,-0.0457,249.4467,0.2510,3.8000,-0.4500,2.5392,180.1839,358.2364,0.0000,0.0000,0.0000
27.222,536.8125,-0.0585,249.4992,0.2510,3.8000,-0.4500,2.5347,180.1841,358.1578,0.0000,0.0000,0.0000
27.346,536.5503,-0.0714,249.5533,0.2510,3.8000,-0.4500,2.5347,180.1841,358.1578,0.0000,0.0000,0.0000
27.471,536.2439,-0.0898,249.6181,0.2510,3.8000,-0.4500,2.5292,180.1843,358.0763,0.0000,0.0000,0.0000
27.583,536.0247,-0.1044,249.6654,0.2510,3.8000,-0.4500,2.5230,180.1845,357.9956,0.0000,0.0000,0.0000
27.695,535.7621,-0.1211,249.7232,0.2510,3.8000,-0.4500,2.5230,180.1845,357.9956,0.0000,0.0000,0.0000
27.804,535.5435,-0.1357,249.7722,0.2510,3.8000,-0.4500,2.5230,180.1845,357.9956,0.0000,0.0000,0.0000
27.916,535.2810,-0.1555,249.8319,0.2510,3.8000,-0.4500,2.5156,180.1848,357.9138,0.0000,0.0000,0.0000
28.027,535.0627,-0.1712,249.8824,0.2510,3.8000,-0.4500,2.5156,180.1848,357.9138,0.0000,0.0000,0.0000
28.151,534.8005,-0.1907,249.9438,0.2510,3.8000,-0.4500,2.5156,180.1848,357.9138,0.0000,0.0000,0.0000
28.262,534.5381,-0.2106,250.0059,0.2510,3.8000,-0.4500,2.5156,180.1848,357.9138,0.0000,0.0000,0.0000
28.374,534.2751,-0.2324,250.0686,0.2510,3.8000,-0.4500,2.5055,180.1851,357.8318,0.0000,0.0000,0.0000
28.497,534.0129,-0.2530,250.1320,0.2510,3.8000,-0.4500,2.5055,180.1851,357.8318,0.0000,0.0000,0.0000
28.622,533.7507,-0.2738,250.1961,0.2510,3.8000,-0.4500,2.5055,180.1851,357.8318,0.0000,0.0000,0.0000
28.748,533.4883,-0.2948,250.2605,0.2510,3.8000,-0.4500,2.5055,180.1851,357.8318,0.0000,0.0000,0.0000
28.873,533.1824,-0.3194,250.3358,0.2510,3.8000,-0.4500,2.5055,180.1851,357.8318,0.0000,0.0000,0.0000
28.998,532.9200,-0.3406,250.4003,0.2510,3.8000,-0.4500,2.5055,180.1851,357.8318,0.0000,0.0000,0.0000
29.110,532.7013,-0.3583,250.4541,0.2510,3.8000,-0.4500,2.5055,180.1851,357.8318,0.0000,0.0000,0.0000
29.222,532.4390,-0.3797,250.5186,0.2510,3.8000,-0.4500,2.5055,180.1851,357.8318,0.0000,0.0000,0.0000
29.333,532.1766,-0.4012,250.5831,0.2510,3.8000,-0.4500,2.5055,180.1851,357.8318,0.0000,0.0000,0.0000
29.457,531.9143,-0.4228,250.6477,0.2510,3.8000,-0.4500,2.5055,180.1851,357.8318,0.0000,0.0000,0.0000
29.568,531.6959,-0.4409,250.7014,0.2510,3.8000,-0.4500,2.5055,180.1851,357.8318,0.0000,0.0000,0.0000
29.680,531.4339,-0.4627,250.7660,0.2510,3.8000,-0.4500,2.5055,180.1851,357.8318,0.0000,0.0000,0.0000
29.791,531.2154,-0.4811,250.8197,0.2510,3.8000,-0.4500,2.5055,180.1851,357.8318,0.0000,0.0000,0.0000
29.902,530.9531,-0.5033,250.8845,0.2510,3.8000,-0.4500,2.5055,180.1851,357.8318,0.0000,0.0000,0.0000
30.013,530.6907,-0.5257,250.9494,0.2510,3.8000,-0.4500,2.5055,180.1851,357.8318,0.0000,0.0000,0.0000
30.125,530.4720,-0.5446,251.0036,0.2510,3.8000,-0.4500,2.5055,180.1851,357.8318,0.0000,0.0000,0.0000
30.236,530.2098,-0.5676,251.0688,0.2510,3.8000,-0.4500,2.5055,180.1851,357.8318,0.0000,0.0000,0.0000
30.360,529.9480,-0.5909,251.1343,0.2510,3.8000,-0.4500,2.5055,180.1851,357.8318,0.0000,0.0000,0.0000
30.472,529.6862,-0.6145,251.2000,0.2510,3.8000,-0.4500,2.5055,180.1851,357.8318,0.0000,0.0000,0.0000
30.583,529.4680,-0.6345,251.2549,0.2510,3.8000,-0.4500,2.5055,180.1851,357.8318,0.0000,0.0000,0.0000
30.708,529.2061,-0.6588,251.3208,0.2510,3.8000,-0.4500,2.5055,180.1851,357.8318,0.0000,0.0000,0.0000
30.819,528.9443,-0.6834,251.3868,0.2510,3.8000,-0.4500,2.5055,180.1851,357.8318,0.0000,0.0000,0.0000
30.944,528.6824,-0.7084,251.4528,0.2510,3.8000,-0.4500,2.5055,180.1851,357.8318,0.0000,0.0000,0.0000
31.055,528.4206,-0.7337,251.5190,0.2510,3.8000,-0.4500,2.5055,180.1851,357.8318,0.0000,0.0000,0.0000
31.166,528.2024,-0.7550,251.5743,0.2510,3.8000,-0.4500,2.5055,180.1851,357.8318,0.0000,0.0000,0.0000
31.291,527.9406,-0.7808,251.6408,0.2510,3.8000,-0.4500,2.5055,180.1851,357.8318,0.0000,0.0000,0.0000
31.402,527.6780,-0.8096,251.7084,0.2510,3.8000,-0.4500,2.3865,180.1897,357.7176,0.0000,0.0000,0.0000
31.527,527.4169,-0.8356,251.7761,0.2510,3.8000,-0.4500,2.3865,180.1897,357.7176,0.0000,0.0000,0.0000
31.638,527.1558,-0.8615,251.8461,0.2510,3.8000,-0.4500,2.3865,180.1897,357.7176,0.0000,0.0000,0.0000
31.750,526.9389,-0.8828,251.9102,0.2510,3.8000,-0.4500,2.3865,180.1897,357.7176,0.0000,0.0000,0.0000
31.862,526.6792,-0.9080,251.9954,0.2510,3.8000,-0.4500,2.3865,180.1897,357.7176,0.0000,0.0000,0.0000
31.985,526.4202,-0.9326,252.0874,0.2510,3.8000,-0.4500,2.3865,180.1897,357.7176,0.0000,0.0000,0.0000
32.097,526.1610,-0.9568,252.1781,0.2510,3.8000,-0.4500,2.3865,180.1897,357.7176,0.0000,0.0000,0.0000
32.208,525.9449,-0.9767,252.2497,0.2510,3.8000,-0.4500,2.3865,180.1897,357.7176,0.0000,0.0000,0.0000
32.319,525.6852,-1.0002,252.3311,0.2510,3.8000,-0.4500,2.3865,180.1897,357.7176,0.0000,0.0000,0.0000
32.444,525.4249,-1.0231,252.4081,0.2510,3.8000,-0.4500,2.3864,180.1897,357.7176,0.0000,0.0000,0.0000
32.555,525.1647,-1.0453,252.4821,0.2510,3.8000,-0.4500,2.3864,180.1897,357.7176,0.0000,0.0000,0.0000
32.667,524.9481,-1.0632,252.5421,0.2510,3.8000,-0.4500,2.3865,180.1897,357.7176,0.0000,0.0000,0.0000
32.777,524.6880,-1.0838,252.6125,0.2510,3.8000,-0.4500,2.3865,180.1897,357.7176,0.0000,0.0000,0.0000
32.889,524.4714,-1.1002,252.6702,0.2510,3.8000,-0.4500,2.3865,180.1897,357.7176,0.0000,0.0000,0.0000
33.002,524.2114,-1.1190,252.7387,0.2510,3.8000,-0.4500,2.3865,180.1897,357.7176,0.0000,0.0000,0.0000
33.111,523.9515,-1.1370,252.7978,0.2510,3.8000,-0.4500,2.3865,180.1897,357.7176,0.0000,0.0000,0.0000
33.221,523.7349,-1.1521,252.8061,0.2510,3.8000,-0.4500,2.3865,180.1897,357.7176,0.0000,0.0000,0.0000
33.347,523.4752,-1.1707,252.7766,0.2510,3.8000,-0.4500,2.3865,180.1897,357.7176,0.0000,0.0000,0.0000
33.458,523.2170,-1.1896,252.7101,0.2510,3.8000,-0.4500,2.3865,180.1897,357.7176,0.0000,0.0000,0.0000
33.582,522.9632,-1.2094,252.5845,0.2510,3.8000,-0.4500,2.3865,180.1897,357.7176,0.0000,0.0000,0.0000
33.708,522.7139,-1.2305,252.3994,0.2510,3.8000,-0.4500,2.3865,180.1897,357.7176,0.0000,0.0000,0.0000
33.819,522.4685,-1.2530,252.1625,0.2510,3.8000,-0.4500,2.3865,180.1898,357.7176,0.0000,0.0000,0.0000
33.930,522.2672,-1.2732,251.9243,0.2510,3.8000,-0.4500,2.3865,180.1898,357.7176,0.0000,0.0000,0.0000
34.055,521.9894,-1.3033,251.5383,0.2510,3.8000,-0.4500,2.3865,180.1898,357.7176,0.0000,0.0000,0.0000
34.165,521.7933,-1.3260,251.2344,0.2510,3.8000,-0.4500,2.3865,180.1898,357.7176,0.0000,0.0000,0.0000
34.291,521.5597,-1.3544,250.8452,0.2510,3.8000,-0.4500,2.3865,180.1898,357.7176,0.0000,0.0000,0.0000
34.404,521.3270,-1.3836,250.4366,0.2510,3.8000,-0.4500,2.3865,180.1898,357.7176,0.0000,0.0000,0.0000
34.528,521.0948,-1.4130,250.0237,0.2510,3.8000,-0.4500,2.3865,180.1898,357.7176,0.0000,0.0000,0.0000
34.638,520.8589,-1.4412,249.6619,0.2510,3.8000,-0.4500,2.3865,180.1898,357.7176,0.0000,0.0000,0.0000
34.749,520.6579,-1.4630,249.4176,0.2510,3.8000,-0.4500,2.3865,180.1898,357.7176,0.0000,0.0000,0.0000
34.860,520.4116,-1.4869,249.1852,0.2510,3.8000,-0.4500,2.3865,180.1898,357.7176,0.0000,0.0000,0.0000
34.973,520.1616,-1.5085,248.9987,0.2510,3.8000,-0.4500,2.3865,180.1898,357.7176,0.0000,0.0000,0.0000
35.083,519.9515,-1.5250,248.8651,0.2510,3.8000,-0.4500,2.3865,180.1898,357.7176,0.0000,0.0000,0.0000
35.194,519.6984,-1.5430,248.7209,0.2510,3.8000,-0.4500,2.3865,180.1898,357.7176,0.0000,0.0000,0.0000
35.305,519.4869,-1.5567,248.6092,0.2510,3.8000,-0.4500,2.3865,180.1898,357.7176,0.0000,0.0000,0.0000
35.430,519.2325,-1.5714,248.4811,0.2510,3.8000,-0.4500,2.3865,180.1898,357.7176,0.0000,0.0000,0.0000
35.541,518.9779,-1.5842,248.3568,0.2510,3.8000,-0.4500,2.3865,180.1898,357.7176,0.0000,0.0000,0.0000
35.666,518.7230,-1.5952,248.2356,0.2510,3.8000,-0.4500,2.3865,180.1898,357.7176,0.0000,0.0000,0.0000
35.777,518.4680,-1.6041,248.1181,0.2510,3.8000,-0.4500,2.3865,180.1898,357.7176,0.0000,0.0000,0.0000
35.888,518.2558,-1.6093,248.0229,0.2510,3.8000,-0.4500,2.3317,180.1919,357.7787,0.0000,0.0000,0.0000
35.999,518.0015,-1.6126,247.9110,0.2510,3.8000,-0.4500,2.2371,180.1955,357.9142,0.0000,0.0000,0.0000
36.124,517.7468,-1.6147,247.8010,0.2510,3.8000,-0.4500,2.1925,180.1971,357.9804,0.0000,0.0000,0.0000
36.237,517.4919,-1.6155,247.6924,0.2510,3.8000,-0.4500,2.1925,180.1971,357.9804,0.0000,0.0000,0.0000
36.346,517.2801,-1.6137,247.6027,0.2510,3.8000,-0.4500,2.1586,180.1983,358.0539,0.0000,0.0000,0.0000
36.457,517.0258,-1.6097,247.4994,0.2510,3.8000,-0.4500,2.1265,180.1993,358.1316,0.0000,0.0000,0.0000
36.582,516.7710,-1.6035,247.4064,0.2510,3.8000,-0.4500,2.0947,180.2003,358.2094,0.0000,0.0000,0.0000
36.696,516.5154,-1.5954,247.3235,0.2510,3.8000,-0.4500,2.0660,180.2012,358.2852,0.0000,0.0000,0.0000
36.802,516.3029,-1.5847,247.2618,0.2510,3.8000,-0.4500,1.9790,180.2037,358.5202,0.0000,0.0000,0.0000
36.928,516.0455,-1.5745,247.1991,0.2510,3.8000,-0.4500,1.9790,180.2037,358.5202,0.0000,0.0000,0.0000
37.053,515.7455,-1.5577,247.1718,0.2510,3.8000,-0.4500,1.9170,180.2052,358.6746,0.0000,0.0000,0.0000
37.165,515.5308,-1.5458,247.1745,0.2510,3.8000,-0.4500,1.9170,180.2052,358.6746,0.0000,0.0000,0.0000
37.276,515.2746,-1.5274,247.1928,0.2510,3.8000,-0.4500,1.8116,180.2074,358.9006,0.0000,0.0000,0.0000
37.401,515.0173,-1.5115,247.2201,0.2510,3.8000,-0.4500,1.8116,180.2074,358.9006,0.0000,0.0000,0.0000
37.526,514.7615,-1.4935,247.2542,0.2510,3.8000,-0.4500,1.7277,180.2089,359.0408,0.0000,0.0000,0.0000
37.651,514.5051,-1.4775,247.2923,0.2510,3.8000,-0.4500,1.7277,180.2089,359.0408,0.0000,0.0000,0.0000
37.762,514.2499,-1.4603,247.3340,0.2510,3.8000,-0.4500,1.6305,180.2104,359.1727,0.0000,0.0000,0.0000
37.887,513.9948,-1.4445,247.3769,0.2510,3.8000,-0.4500,1.5801,180.2111,359.2350,0.0000,0.0000,0.0000
38.012,513.6978,-1.4266,247.4279,0.2510,3.8000,-0.4500,1.4687,180.2125,359.3554,0.0000,0.0000,0.0000
38.137,513.4427,-1.4126,247.4706,0.2510,3.8000,-0.4500,1.4077,180.2132,359.4118,0.0000,0.0000,0.0000
38.248,513.2304,-1.4017,247.5056,0.2510,3.8000,-0.4500,1.3462,180.2137,359.4678,0.0000,0.0000,0.0000
38.361,512.9763,-1.3894,247.5468,0.2510,3.8000,-0.4500,1.2162,180.2148,359.5702,0.0000,0.0000,0.0000
38.470,512.7638,-1.3809,247.5792,0.2510,3.8000,-0.4500,1.2162,180.2148,359.5702,0.0000,0.0000,0.0000
38.582,512.5092,-1.3716,247.6176,0.2510,3.8000,-0.4500,1.0762,180.2158,359.6597,0.0000,0.0000,0.0000
38.693,512.2545,-1.3643,247.6550,0.2510,3.8000,-0.4500,0.9351,180.2165,359.7435,0.0000,0.0000,0.0000
38.804,512.0417,-1.3602,247.6856,0.2510,3.8000,-0.4500,0.9351,180.2165,359.7435,0.0000,0.0000,0.0000
38.915,511.7870,-1.3575,247.7243,0.2510,3.8000,-0.4500,0.7088,180.2173,359.8386,0.0000,0.0000,0.0000
39.026,511.5747,-1.3574,247.7564,0.2510,3.8000,-0.4500,0.6314,180.2175,359.8628,0.0000,0.0000,0.0000
39.151,511.3202,-1.3602,247.7960,0.2510,3.8000,-0.4500,0.4760,180.2178,359.9085,0.0000,0.0000,0.0000
39.263,511.0658,-1.3669,247.8368,0.2510,3.8000,-0.4500,0.2330,180.2182,359.9529,0.0000,0.0000,0.0000
39.375,510.8104,-1.3760,247.8766,0.2510,3.8000,-0.4500,0.2330,180.2182,359.9529,0.0000,0.0000,0.0000
39.484,510.5978,-1.3880,247.9119,0.2510,3.8000,-0.4500,359.9767,180.2183,359.9745,0.0000,0.0000,0.0000
39.597,510.3426,-1.4057,247.9542,0.2510,3.8000,-0.4500,359.7288,180.2184,359.9810,0.0000,0.0000,0.0000
39.707,510.1296,-1.4220,247.9881,0.2510,3.8000,-0.4500,359.7288,180.2184,359.9810,0.0000,0.0000,0.0000
39.832,509.8315,-1.4524,248.0379,0.2510,3.8000,-0.4500,359.3991,180.2186,359.9666,0.0000,0.0000,0.0000
39.943,509.6184,-1.4769,248.0735,0.2510,3.8000,-0.4500,359.2352,180.2187,359.9529,0.0000,0.0000,0.0000
40.054,509.3625,-1.5100,248.1169,0.2510,3.8000,-0.4500,359.0691,180.2188,359.9346,0.0000,0.0000,0.0000
40.179,509.1065,-1.5470,248.1610,0.2510,3.8000,-0.4500,358.9092,180.2190,359.9157,0.0000,0.0000,0.0000
40.290,508.8932,-1.5812,248.1989,0.2510,3.8000,-0.4500,358.7444,180.2193,359.8920,0.0000,0.0000,0.0000
40.416,508.5944,-1.6328,248.2530,0.2510,3.8000,-0.4500,358.5802,180.2197,359.8669,0.0000,0.0000,0.0000
40.541,508.3383,-1.6820,248.3013,0.2510,3.8000,-0.4500,358.3322,180.2203,359.8269,0.0000,0.0000,0.0000
40.652,508.0825,-1.7317,248.3488,0.2510,3.8000,-0.4500,358.3322,180.2203,359.8269,0.0000,0.0000,0.0000
40.764,507.8689,-1.7771,248.3899,0.2510,3.8000,-0.4500,358.1680,180.2209,359.8004,0.0000,0.0000,0.0000
40.875,507.6128,-1.8326,248.4391,0.2510,3.8000,-0.4500,358.0840,180.2212,359.7875,0.0000,0.0000,0.0000
40.998,507.3567,-1.8910,248.4892,0.2510,3.8000,-0.4500,357.9178,180.2218,359.7625,0.0000,0.0000,0.0000
41.124,507.1007,-1.9492,248.5385,0.2510,3.8000,-0.4500,357.9178,180.2218,359.7625,0.0000,0.0000,0.0000
41.249,506.8446,-2.0101,248.5890,0.2510,3.8000,-0.4500,357.7571,180.2225,359.7444,0.0000,0.0000,0.0000
41.361,506.5886,-2.0699,248.6386,0.2510,3.8000,-0.4500,357.7571,180.2225,359.7444,0.0000,0.0000,0.0000
41.485,506.3327,-2.1296,248.6888,0.2510,3.8000,-0.4500,357.7571,180.2225,359.7444,0.0000,0.0000,0.0000
41.596,506.0769,-2.1886,248.7399,0.2510,3.8000,-0.4500,357.7571,180.2225,359.7444,0.0000,0.0000,0.0000
41.707,505.8639,-2.2370,248.7830,0.2510,3.8000,-0.4500,357.7571,180.2225,359.7444,0.0000,0.0000,0.0000
41.819,505.6085,-2.2933,248.8353,0.2510,3.8000,-0.4500,357.7571,180.2225,359.7444,0.0000,0.0000,0.0000
41.930,505.3958,-2.3386,248.8790,0.2510,3.8000,-0.4500,357.7571,180.2225,359.7444,0.0000,0.0000,0.0000
42.054,505.0983,-2.3986,248.9405,0.2510,3.8000,-0.4500,357.7571,180.2225,359.7444,0.0000,0.0000,0.0000
42.182,504.8436,-2.4462,248.9931,0.2510,3.8000,-0.4500,357.7571,180.2225,359.7444,0.0000,0.0000,0.0000
42.292,504.5891,-2.4899,249.0454,0.2510,3.8000,-0.4500,357.7571,180.2225,359.7444,0.0000,0.0000,0.0000
42.403,504.3773,-2.5229,249.0888,0.2510,3.8000,-0.4500,357.7571,180.2225,359.7444,0.0000,0.0000,0.0000
42.526,504.1234,-2.5580,249.1404,0.2510,3.8000,-0.4500,357.7571,180.2225,359.7444,0.0000,0.0000,0.0000
42.652,503.8276,-2.5923,249.2001,0.2510,3.8000,-0.4500,357.7571,180.2225,359.7444,0.0000,0.0000,0.0000
42.763,503.6166,-2.6121,249.2422,0.2510,3.8000,-0.4500,357.7571,180.2225,359.7444,0.0000,0.0000,0.0000
42.874,503.3657,-2.6241,249.2916,0.2510,3.8000,-0.4500,357.8711,180.2223,0.0545,0.0000,0.0000,0.0000
42.985,503.1555,-2.6331,249.3325,0.2510,3.8000,-0.4500,357.9193,180.2224,0.1221,0.0000,0.0000,0.0000
43.110,502.9045,-2.6354,249.3806,0.2510,3.8000,-0.4500,358.0748,180.2230,0.3197,0.0000,0.0000,0.0000
43.221,502.6543,-2.6299,249.4278,0.2510,3.8000,-0.4500,358.3330,180.2250,0.5463,0.0000,0.0000,0.0000
43.333,502.4035,-2.6214,249.4759,0.2510,3.8000,-0.4500,358.4643,180.2263,0.6431,0.0000,0.0000,0.0000
43.445,502.1955,-2.6075,249.5155,0.2510,3.8000,-0.4500,358.6884,180.2291,0.7793,0.0000,0.0000,0.0000
43.554,501.9461,-2.5862,249.5640,0.2510,3.8000,-0.4500,358.9073,180.2323,0.9025,0.0000,0.0000,0.0000
43.665,501.7387,-2.5633,249.6047,0.2510,3.8000,-0.4500,359.1334,180.2361,1.0058,0.0000,0.0000,0.0000
43.776,501.4899,-2.5323,249.6549,0.2510,3.8000,-0.4500,359.2853,180.2389,1.0700,0.0000,0.0000,0.0000
43.901,501.2421,-2.4930,249.7046,0.2510,3.8000,-0.4500,359.6039,180.2451,1.1856,0.0000,0.0000,0.0000
44.003,501.0359,-2.4562,249.7465,0.2510,3.8000,-0.4500,359.8418,180.2502,1.2623,0.0000,0.0000,0.0000
44.106,500.8301,-2.4151,249.7887,0.2510,3.8000,-0.4500,0.0774,180.2556,1.3357,0.0000,0.0000,0.0000
44.207,500.6249,-2.3695,249.8311,0.2510,3.8000,-0.4500,0.3152,180.2613,1.4122,0.0000,0.0000,0.0000
44.319,500.3791,-2.3094,249.8825,0.2510,3.8000,-0.4500,0.5494,180.2672,1.4923,0.0000,0.0000,0.0000
44.430,500.1750,-2.2535,249.9253,0.2510,3.8000,-0.4500,0.7836,180.2735,1.5804,0.0000,0.0000,0.0000
44.541,499.9308,-2.1808,249.9773,0.2510,3.8000,-0.4500,1.0193,180.2802,1.6777,0.0000,0.0000,0.0000
44.665,499.6873,-2.1025,250.0305,0.2510,3.8000,-0.4500,1.1705,180.2847,1.7426,0.0000,0.0000,0.0000
44.790,499.4454,-2.0150,250.0832,0.2510,3.8000,-0.4500,1.4754,180.2944,1.8892,0.0000,0.0000,0.0000
44.901,499.2040,-1.9236,250.1378,0.2510,3.8000,-0.4500,1.6208,180.2993,1.9622,0.0000,0.0000,0.0000
45.012,498.9640,-1.8247,250.1927,0.2510,3.8000,-0.4500,1.8421,180.3071,2.0821,0.0000,0.0000,0.0000
45.137,498.7247,-1.7213,250.2492,0.2510,3.8000,-0.4500,1.9840,180.3123,2.1618,0.0000,0.0000,0.0000
45.263,498.4869,-1.6110,250.3061,0.2510,3.8000,-0.4500,2.2053,180.3209,2.2921,0.0000,0.0000,0.0000
45.375,498.2501,-1.4958,250.3642,0.2510,3.8000,-0.4500,2.4237,180.3299,2.4255,0.0000,0.0000,0.0000
45.484,498.0529,-1.3985,250.4129,0.2510,3.8000,-0.4500,2.4934,180.3329,2.4683,0.0000,0.0000,0.0000
45.595,497.8166,-1.2786,250.4656,0.2510,3.8000,-0.4500,2.5646,180.3360,2.5131,0.0000,0.0000,0.0000
45.709,497.6199,-1.1778,250.4709,0.2510,3.8000,-0.4500,2.6361,180.3392,2.5583,0.0000,0.0000,0.0000
45.820,497.3844,-1.0560,250.4378,0.2510,3.8000,-0.4500,2.7802,180.3458,2.6501,0.0000,0.0000,0.0000
45.929,497.1885,-0.9536,250.4286,0.2510,3.8000,-0.4500,2.8500,180.3490,2.6946,0.0000,0.0000,0.0000
46.042,496.9535,-0.8293,250.4481,0.2510,3.8000,-0.4500,2.8500,180.3490,2.6946,0.0000,0.0000,0.0000
46.152,496.7190,-0.7030,250.4872,0.2510,3.8000,-0.4500,2.8500,180.3490,2.6946,0.0000,0.0000,0.0000
46.263,496.5239,-0.5969,250.5287,0.2510,3.8000,-0.4500,2.8500,180.3490,2.6946,0.0000,0.0000,0.0000
46.376,496.2898,-0.4696,250.5849,0.2510,3.8000,-0.4500,2.8500,180.3490,2.6946,0.0000,0.0000,0.0000
46.485,496.0948,-0.3640,250.6351,0.2510,3.8000,-0.4500,2.8500,180.3490,2.6946,0.0000,0.0000,0.0000
46.610,495.8609,-0.2389,250.6978,0.2510,3.8000,-0.4500,2.8500,180.3490,2.6946,0.0000,0.0000,0.0000
46.721,495.6266,-0.1162,250.7624,0.2510,3.8000,-0.4500,2.8500,180.3490,2.6946,0.0000,0.0000,0.0000
46.832,495.3921,0.0033,250.8282,0.2510,3.8000,-0.4500,2.8500,180.3490,2.6946,0.0000,0.0000,0.0000
46.944,495.1962,0.0999,250.8839,0.2510,3.8000,-0.4500,2.8500,180.3490,2.6946,0.0000,0.0000,0.0000
47.057,494.9607,0.2117,250.9516,0.2510,3.8000,-0.4500,2.8500,180.3490,2.6946,0.0000,0.0000,0.0000
47.165,494.7640,0.3010,251.0089,0.2510,3.8000,-0.4500,2.8500,180.3490,2.6946,0.0000,0.0000,0.0000
47.291,494.5273,0.4030,251.0785,0.2510,3.8000,-0.4500,2.8500,180.3490,2.6946,0.0000,0.0000,0.0000
47.415,494.2499,0.5142,251.1606,0.2510,3.8000,-0.4500,2.8500,180.3490,2.6946,0.0000,0.0000,0.0000
47.541,494.0111,0.6022,251.2318,0.2510,3.8000,-0.4500,2.8500,180.3490,2.6946,0.0000,0.0000,0.0000
47.665,493.7687,0.6767,251.3045,0.2510,3.8000,-0.4500,2.7064,180.3426,2.3900,0.0000,0.0000,0.0000
47.776,493.5250,0.7435,251.3755,0.2510,3.8000,-0.4500,2.5309,180.3358,2.1025,0.0000,0.0000,0.0000
47.901,493.2805,0.8055,251.4424,0.2510,3.8000,-0.4500,2.4372,180.3324,1.9674,0.0000,0.0000,0.0000
48.013,493.0336,0.8559,251.5070,0.2510,3.8000,-0.4500,2.2316,180.3259,1.6979,0.0000,0.0000,0.0000
48.123,492.8262,0.8904,251.5586,0.2510,3.8000,-0.4500,2.0167,180.3200,1.4390,0.0000,0.0000,0.0000
48.237,492.5771,0.9282,251.6162,0.2510,3.8000,-0.4500,1.9070,180.3173,1.3116,0.0000,0.0000,0.0000
48.359,492.3252,0.9523,251.6723,0.2510,3.8000,-0.4500,1.6190,180.3115,0.9856,0.0000,0.0000,0.0000
48.471,492.1152,0.9691,251.7159,0.2510,3.8000,-0.4500,1.5016,180.3097,0.8550,0.0000,0.0000,0.0000
48.584,491.8612,0.9787,251.7666,0.2510,3.8000,-0.4500,1.2679,180.3067,0.5961,0.0000,0.0000,0.0000
48.693,491.6056,0.9784,251.8153,0.2510,3.8000,-0.4500,0.9859,180.3045,0.2839,0.0000,0.0000,0.0000
48.804,491.3927,0.9750,251.8536,0.2510,3.8000,-0.4500,0.8746,180.3041,0.1600,0.0000,0.0000,0.0000
48.929,491.1359,0.9624,251.8989,0.2510,3.8000,-0.4500,0.7087,180.3039,359.9748,0.0000,0.0000,0.0000
49.040,490.8783,0.9417,251.9440,0.2510,3.8000,-0.4500,0.5457,180.3042,359.7908,0.0000,0.0000,0.0000
49.165,490.6191,0.9101,251.9903,0.2510,3.8000,-0.4500,0.2682,180.3060,359.4724,0.0000,0.0000,0.0000
49.278,490.3602,0.8742,252.0370,0.2510,3.8000,-0.4500,0.1061,180.3078,359.2820,0.0000,0.0000,0.0000
49.388,490.1443,0.8397,252.0769,0.2510,3.8000,-0.4500,0.0017,180.3092,359.1574,0.0000,0.0000,0.0000
49.501,489.8846,0.7913,252.1268,0.2510,3.8000,-0.4500,359.8453,180.3118,358.9664,0.0000,0.0000,0.0000
49.623,489.6251,0.7382,252.1787,0.2510,3.8000,-0.4500,359.7429,180.3137,358.8376,0.0000,0.0000,0.0000
49.737,489.3649,0.6779,252.2334,0.2510,3.8000,-0.4500,359.5938,180.3170,358.6453,0.0000,0.0000,0.0000
49.860,489.1050,0.6137,252.2904,0.2510,3.8000,-0.4500,359.4949,180.3195,358.5159,0.0000,0.0000,0.0000
49.973,488.8449,0.5440,252.3500,0.2510,3.8000,-0.4500,359.3889,180.3223,358.3798,0.0000,0.0000,0.0000
50.082,488.6280,0.4815,252.4017,0.2510,3.8000,-0.4500,359.2791,180.3256,358.2444,0.0000,0.0000,0.0000
50.194,488.3685,0.4046,252.4660,0.2510,3.8000,-0.4500,359.2247,180.3273,358.1781,0.0000,0.0000,0.0000
50.308,488.1515,0.3338,252.5226,0.2510,3.8000,-0.4500,359.0555,180.3329,357.9886,0.0000,0.0000,0.0000
50.415,487.8926,0.2507,252.5918,0.2510,3.8000,-0.4500,359.0555,180.3329,357.9886,0.0000,0.0000,0.0000
50.541,487.6328,0.1596,252.6645,0.2510,3.8000,-0.4500,358.8770,180.3395,357.8145,0.0000,0.0000,0.0000
50.666,487.3741,0.0697,252.7385,0.2510,3.8000,-0.4500,358.8770,180.3395,357.8145,0.0000,0.0000,0.0000
50.790,487.1149,-0.0270,252.8154,0.2510,3.8000,-0.4500,358.6791,180.3473,357.6622,0.0000,0.0000,0.0000
50.902,486.8568,-0.1214,252.8933,0.2510,3.8000,-0.4500,358.6791,180.3473,357.6622,0.0000,0.0000,0.0000
51.026,486.5983,-0.2198,252.9737,0.2510,3.8000,-0.4500,358.5369,180.3532,357.5881,0.0000,0.0000,0.0000
51.152,486.2978,-0.3325,253.0680,0.2510,3.8000,-0.4500,358.5369,180.3532,357.5881,0.0000,0.0000,0.0000
51.263,486.0832,-0.4131,253.1363,0.2510,3.8000,-0.4500,358.5369,180.3532,357.5881,0.0000,0.0000,0.0000
51.388,485.8261,-0.5092,253.2141,0.2510,3.8000,-0.4500,358.5369,180.3532,357.5881,0.0000,0.0000,0.0000
51.513,485.5388,-0.6128,253.0675,0.2510,3.8000,-0.4500,358.4556,180.3566,357.5813,0.0000,0.0000,0.0000
51.637,485.3092,-0.6858,252.6512,0.2510,3.8000,-0.4500,358.4556,180.3567,357.5813,0.0000,0.0000,0.0000
51.763,485.0889,-0.7480,252.0730,0.2510,3.8000,-0.4500,358.3758,180.3600,357.6060,0.0000,0.0000,0.0000
51.888,484.8734,-0.8022,251.4139,0.2510,3.8000,-0.4500,358.3015,180.3631,357.6430,0.0000,0.0000,0.0000
51.998,484.6584,-0.8516,250.7534,0.2510,3.8000,-0.4500,358.2287,180.3661,357.6818,0.0000,0.0000,0.0000
52.123,484.4373,-0.9007,250.2091,0.2510,3.8000,-0.4500,358.1085,180.3708,357.7938,0.0000,0.0000,0.0000
52.235,484.2059,-0.9531,249.8183,0.2510,3.8000,-0.4500,358.0595,180.3727,357.8578,0.0000,0.0000,0.0000
52.345,484.0063,-0.9978,249.5959,0.2510,3.8000,-0.4500,357.9722,180.3759,357.9938,0.0000,0.0000,0.0000
52.457,483.7604,-1.0519,249.4184,0.2510,3.8000,-0.4500,357.9115,180.3779,358.1465,0.0000,0.0000,0.0000
52.568,483.5519,-1.0958,249.3210,0.2510,3.8000,-0.4500,357.8591,180.3796,358.2972,0.0000,0.0000,0.0000
52.679,483.2988,-1.1484,249.2710,0.2510,3.8000,-0.4500,357.8492,180.3798,358.3788,0.0000,0.0000,0.0000
52.790,483.0871,-1.1898,249.2669,0.2510,3.8000,-0.4500,357.8408,180.3801,358.4617,0.0000,0.0000,0.0000
52.901,482.8330,-1.2327,249.2846,0.2510,3.8000,-0.4500,357.8420,180.3801,358.7170,0.0000,0.0000,0.0000
53.012,482.5786,-1.2704,249.3132,0.2510,3.8000,-0.4500,357.8776,180.3793,358.9675,0.0000,0.0000,0.0000
53.137,482.3233,-1.3042,249.3457,0.2510,3.8000,-0.4500,357.9206,180.3786,359.1305,0.0000,0.0000,0.0000
53.262,482.0675,-1.3341,249.3795,0.2510,3.8000,-0.4500,357.9457,180.3783,359.2094,0.0000,0.0000,0.0000
53.374,481.8133,-1.3539,249.4124,0.2510,3.8000,-0.4500,358.0742,180.3768,359.5152,0.0000,0.0000,0.0000
53.498,481.5574,-1.3752,249.4446,0.2510,3.8000,-0.4500,358.0742,180.3768,359.5152,0.0000,0.0000,0.0000
53.610,481.3457,-1.3846,249.4707,0.2510,3.8000,-0.4500,358.2050,180.3760,359.7287,0.0000,0.0000,0.0000
53.720,481.0908,-1.3962,249.5029,0.2510,3.8000,-0.4500,358.2581,180.3758,359.7932,0.0000,0.0000,0.0000
53.832,480.8363,-1.4041,249.5359,0.2510,3.8000,-0.4500,358.3127,180.3756,359.8574,0.0000,0.0000,0.0000
53.943,480.6249,-1.4063,249.5641,0.2510,3.8000,-0.4500,358.4350,180.3754,359.9728,0.0000,0.0000,0.0000
54.054,480.3717,-1.4056,249.5997,0.2510,3.8000,-0.4500,358.6376,180.3756,0.1179,0.0000,0.0000,0.0000
54.165,480.1601,-1.4063,249.6321,0.2510,3.8000,-0.4500,358.6376,180.3756,0.1179,0.0000,0.0000,0.0000
54.276,479.9070,-1.4022,249.6718,0.2510,3.8000,-0.4500,358.7868,180.3760,0.1881,0.0000,0.0000,0.0000
54.387,479.6961,-1.3968,249.7063,0.2510,3.8000,-0.4500,358.9427,180.3766,0.2421,0.0000,0.0000,0.0000
54.513,479.4011,-1.3866,249.7565,0.2510,3.8000,-0.4500,359.1761,180.3777,0.2990,0.0000,0.0000,0.0000
54.624,479.1902,-1.3788,249.7938,0.2510,3.8000,-0.4500,359.2579,180.3781,0.3063,0.0000,0.0000,0.0000
54.748,478.9371,-1.3671,249.8386,0.2510,3.8000,-0.4500,359.4226,180.3790,0.3154,0.0000,0.0000,0.0000
54.860,478.6838,-1.3538,249.8836,0.2510,3.8000,-0.4500,359.5862,180.3799,0.3134,0.0000,0.0000,0.0000
54.971,478.4724,-1.3410,249.9203,0.2510,3.8000,-0.4500,359.8377,180.3812,0.2871,0.0000,0.0000,0.0000
55.096,478.1761,-1.3224,249.9726,0.2510,3.8000,-0.4500,0.0801,180.3823,0.2411,0.0000,0.0000,0.0000
55.221,477.9222,-1.3058,250.0183,0.2510,3.8000,-0.4500,0.1589,180.3826,0.2243,0.0000,0.0000,0.0000
55.332,477.6678,-1.2880,250.0636,0.2510,3.8000,-0.4500,0.3175,180.3832,0.1780,0.0000,0.0000,0.0000
55.443,477.4551,-1.2724,250.1008,0.2510,3.8000,-0.4500,0.6300,180.3839,0.0678,0.0000,0.0000,0.0000
55.568,477.2006,-1.2537,250.1483,0.2510,3.8000,-0.4500,0.6300,180.3839,0.0678,0.0000,0.0000,0.0000
55.680,476.9451,-1.2345,250.1945,0.2510,3.8000,-0.4500,0.8563,180.3840,359.9677,0.0000,0.0000,0.0000
55.791,476.7319,-1.2186,250.2323,0.2510,3.8000,-0.4500,1.0069,180.3838,359.8897,0.0000,0.0000,0.0000
55.916,476.4331,-1.1962,250.2843,0.2510,3.8000,-0.4500,1.0812,180.3836,359.8503,0.0000,0.0000,0.0000
56.041,476.1757,-1.1780,250.3261,0.2510,3.8000,-0.4500,1.3698,180.3824,359.6746,0.0000,0.0000,0.0000
56.152,475.9188,-1.1595,250.3692,0.2510,3.8000,-0.4500,1.3698,180.3824,359.6746,0.0000,0.0000,0.0000
56.263,475.7031,-1.1461,250.4032,0.2510,3.8000,-0.4500,1.6393,180.3804,359.4766,0.0000,0.0000,0.0000
56.374,475.4455,-1.1290,250.4462,0.2510,3.8000,-0.4500,1.6393,180.3804,359.4766,0.0000,0.0000,0.0000
56.499,475.1861,-1.1150,250.4884,0.2510,3.8000,-0.4500,1.8888,180.3777,359.2534,0.0000,0.0000,0.0000
56.610,474.9709,-1.1026,250.5260,0.2510,3.8000,-0.4500,1.8888,180.3777,359.2534,0.0000,0.0000,0.0000
56.735,474.6681,-1.0888,250.5789,0.2510,3.8000,-0.4500,2.0564,180.3752,359.0710,0.0000,0.0000,0.0000
56.847,474.4525,-1.0788,250.6183,0.2510,3.8000,-0.4500,2.0564,180.3752,359.0710,0.0000,0.0000,0.0000
56.957,474.1924,-1.0699,250.6660,0.2510,3.8000,-0.4500,2.1581,180.3734,358.9401,0.0000,0.0000,0.0000
57.071,473.9761,-1.0626,250.7070,0.2510,3.8000,-0.4500,2.1581,180.3734,358.9401,0.0000,0.0000,0.0000
57.180,473.7149,-1.0583,250.7556,0.2510,3.8000,-0.4500,2.2984,180.3706,358.7292,0.0000,0.0000,0.0000
57.305,473.4547,-1.0535,250.8057,0.2510,3.8000,-0.4500,2.2984,180.3706,358.7292,0.0000,0.0000,0.0000
57.416,473.1932,-1.0527,250.8560,0.2510,3.8000,-0.4500,2.3760,180.3688,358.5869,0.0000,0.0000,0.0000
57.540,472.9317,-1.0532,250.9068,0.2510,3.8000,-0.4500,2.4096,180.3679,358.5102,0.0000,0.0000,0.0000
57.665,472.6700,-1.0560,250.9579,0.2510,3.8000,-0.4500,2.4427,180.3670,358.4332,0.0000,0.0000,0.0000
57.791,472.4076,-1.0622,251.0096,0.2510,3.8000,-0.4500,2.4957,180.3655,358.2770,0.0000,0.0000,0.0000
57.902,472.1461,-1.0682,251.0631,0.2510,3.8000,-0.4500,2.4957,180.3655,358.2770,0.0000,0.0000,0.0000
58.013,471.8833,-1.0786,251.1180,0.2510,3.8000,-0.4500,2.5352,180.3643,358.1188,0.0000,0.0000,0.0000
58.138,471.6215,-1.0885,251.1748,0.2510,3.8000,-0.4500,2.5352,180.3643,358.1189,0.0000,0.0000,0.0000
58.250,471.4031,-1.0981,251.2228,0.2510,3.8000,-0.4500,2.5352,180.3643,358.1189,0.0000,0.0000,0.0000
58.360,471.1394,-1.1153,251.2807,0.2510,3.8000,-0.4500,2.5619,180.3633,357.8727,0.0000,0.0000,0.0000
58.485,470.8772,-1.1298,251.3402,0.2510,3.8000,-0.4500,2.5619,180.3633,357.8727,0.0000,0.0000,0.0000
58.610,470.6150,-1.1456,251.4013,0.2510,3.8000,-0.4500,2.5619,180.3633,357.8727,0.0000,0.0000,0.0000
58.725,470.3528,-1.1623,251.4632,0.2510,3.8000,-0.4500,2.5619,180.3633,357.8727,0.0000,0.0000,0.0000
58.833,470.0904,-1.1798,251.5257,0.2510,3.8000,-0.4500,2.5619,180.3633,357.8727,0.0000,0.0000,0.0000
58.944,469.8718,-1.1946,251.5783,0.2510,3.8000,-0.4500,2.5619,180.3633,357.8727,0.0000,0.0000,0.0000
59.055,469.6096,-1.2126,251.6420,0.2510,3.8000,-0.4500,2.5619,180.3633,357.8727,0.0000,0.0000,0.0000
59.179,469.3474,-1.2304,251.7065,0.2510,3.8000,-0.4500,2.5619,180.3633,357.8727,0.0000,0.0000,0.0000
59.304,469.0852,-1.2477,251.7712,0.2510,3.8000,-0.4500,2.5619,180.3633,357.8727,0.0000,0.0000,0.0000
59.418,468.8233,-1.2641,251.8359,0.2510,3.8000,-0.4500,2.5619,180.3633,357.8727,0.0000,0.0000,0.0000
59.540,468.5614,-1.2793,251.9006,0.2510,3.8000,-0.4500,2.5619,180.3633,357.8727,0.0000,0.0000,0.0000
59.653,468.2997,-1.2928,251.9651,0.2510,3.8000,-0.4500,2.5619,180.3633,357.8727,0.0000,0.0000,0.0000
59.762,468.0817,-1.3026,252.0187,0.2510,3.8000,-0.4500,2.5619,180.3633,357.8727,0.0000,0.0000,0.0000
59.888,467.8205,-1.3122,252.0831,0.2510,3.8000,-0.4500,2.5619,180.3633,357.8727,0.0000,0.0000,0.0000
59.998,467.5595,-1.3191,252.1475,0.2510,3.8000,-0.4500,2.5619,180.3633,357.8727,0.0000,0.0000,0.0000
60.111,467.3424,-1.3226,252.2013,0.2510,3.8000,-0.4500,2.5619,180.3633,357.8727,0.0000,0.0000,0.0000
60.221,467.0822,-1.3237,252.2659,0.2510,3.8000,-0.4500,2.5619,180.3633,357.8727,0.0000,0.0000,0.0000
60.333,466.8224,-1.3212,252.3306,0.2510,3.8000,-0.4500,2.5619,180.3633,357.8727,0.0000,0.0000,0.0000
60.443,466.6062,-1.3161,252.3843,0.2510,3.8000,-0.4500,2.5619,180.3633,357.8727,0.0000,0.0000,0.0000
60.568,466.3473,-1.3062,252.4486,0.2510,3.8000,-0.4500,2.5619,180.3633,357.8727,0.0000,0.0000,0.0000
60.693,466.0468,-1.2865,252.5233,0.2510,3.8000,-0.4500,2.5203,180.3648,358.0405,0.0000,0.0000,0.0000
60.818,465.7900,-1.2642,252.5853,0.2510,3.8000,-0.4500,2.4832,180.3660,358.2068,0.0000,0.0000,0.0000
60.943,465.5347,-1.2343,252.6442,0.2510,3.8000,-0.4500,2.4434,180.3672,358.5456,0.0000,0.0000,0.0000
61.055,465.2775,-1.2054,252.6992,0.2510,3.8000,-0.4500,2.4434,180.3672,358.5456,0.0000,0.0000,0.0000
61.165,465.0664,-1.1701,252.7421,0.2510,3.8000,-0.4500,2.4291,180.3675,358.9717,0.0000,0.0000,0.0000
61.276,464.8108,-1.1308,252.7897,0.2510,3.8000,-0.4500,2.4302,180.3675,359.0522,0.0000,0.0000,0.0000
61.401,464.5590,-1.0862,252.7866,0.2510,3.8000,-0.4500,2.4340,180.3674,359.2179,0.0000,0.0000,0.0000
61.513,464.3251,-1.0429,252.5238,0.2510,3.8000,-0.4500,2.4496,180.3672,359.5569,0.0000,0.0000,0.0000
61.637,464.1056,-1.0094,252.0233,0.2510,3.8000,-0.4500,2.4604,180.3672,359.7216,0.0000,0.0000,0.0000
61.760,463.8941,-0.9802,251.3933,0.2510,3.8000,-0.4500,2.4660,180.3672,359.8036,0.0000,0.0000,0.0000
61.872,463.6855,-0.9461,250.7555,0.2510,3.8000,-0.4500,2.4855,180.3672,0.0535,0.0000,0.0000,0.0000
61.983,463.5065,-0.9125,250.3108,0.2510,3.8000,-0.4500,2.4996,180.3672,0.2210,0.0000,0.0000,0.0000
62.096,463.2833,-0.8615,249.9162,0.2510,3.8000,-0.4500,2.5210,180.3673,0.4718,0.0000,0.0000,0.0000
62.206,463.0886,-0.8145,249.6928,0.2510,3.8000,-0.4500,2.5210,180.3673,0.4718,0.0000,0.0000,0.0000
62.316,462.8504,-0.7431,249.5203,0.2510,3.8000,-0.4500,2.5491,180.3676,0.8077,0.0000,0.0000,0.0000
62.429,462.6473,-0.6808,249.4393,0.2510,3.8000,-0.4500,2.5556,180.3677,0.8884,0.0000,0.0000,0.0000
62.539,462.4026,-0.5985,249.3925,0.2510,3.8000,-0.4500,2.5684,180.3679,1.0505,0.0000,0.0000,0.0000
62.650,462.1982,-0.5266,249.3809,0.2510,3.8000,-0.4500,2.5747,180.3681,1.1334,0.0000,0.0000,0.0000
62.775,461.9139,-0.4184,249.3902,0.2510,3.8000,-0.4500,2.5937,180.3685,1.3845,0.0000,0.0000,0.0000
62.886,461.7105,-0.3414,249.4094,0.2510,3.8000,-0.4500,2.5937,180.3685,1.3845,0.0000,0.0000,0.0000
63.011,461.4683,-0.2435,249.4404,0.2510,3.8000,-0.4500,2.6060,180.3688,1.5515,0.0000,0.0000,0.0000
63.122,461.2263,-0.1447,249.4779,0.2510,3.8000,-0.4500,2.6116,180.3689,1.6331,0.0000,0.0000,0.0000
63.233,460.9856,-0.0427,249.5196,0.2510,3.8000,-0.4500,2.6210,180.3692,1.7987,0.0000,0.0000,0.0000
63.346,460.7854,0.0423,249.5574,0.2510,3.8000,-0.4500,2.6253,180.3694,1.8787,0.0000,0.0000,0.0000
63.455,460.5449,0.1433,249.6061,0.2510,3.8000,-0.4500,2.6253,180.3694,1.8787,0.0000,0.0000,0.0000
63.580,460.3040,0.2249,249.6578,0.2510,3.8000,-0.4500,2.6253,180.3694,1.8787,0.0000,0.0000,0.0000
63.691,460.0583,0.2694,249.7121,0.2510,3.8000,-0.4500,2.6225,180.3693,1.6451,0.0000,0.0000,0.0000
63.802,459.8435,0.2901,249.7566,0.2510,3.8000,-0.4500,2.6111,180.3690,0.6138,0.0000,0.0000,0.0000
63.914,459.5779,0.2672,249.8052,0.2510,3.8000,-0.4500,2.5975,180.3691,359.0919,0.0000,0.0000,0.0000
64.025,459.3571,0.2455,249.8437,0.2510,3.8000,-0.4500,2.5908,180.3692,358.2778,0.0000,0.0000,0.0000
64.136,459.0958,0.2327,249.8937,0.2510,3.8000,-0.4500,2.5885,180.3693,358.0760,0.0000,0.0000,0.0000
64.248,458.8789,0.2261,249.9344,0.2510,3.8000,-0.4500,2.5885,180.3693,358.0760,0.0000,0.0000,0.0000
64.358,458.6293,0.2149,249.7969,0.2510,3.8000,-0.4500,2.5885,180.3693,358.0760,0.0000,0.0000,0.0000
64.482,458.3966,0.1952,249.3828,0.2510,3.8000,-0.4500,2.5885,180.3693,358.0760,0.0000,0.0000,0.0000
64.608,458.1743,0.1703,248.7974,0.2510,3.8000,-0.4500,2.5885,180.3693,358.0760,0.0000,0.0000,0.0000
64.719,457.9561,0.1444,248.1489,0.2510,3.8000,-0.4500,2.5885,180.3693,358.0760,0.0000,0.0000,0.0000
64.830,457.7712,0.1261,247.6625,0.2510,3.8000,-0.4500,2.5885,180.3693,358.0760,0.0000,0.0000,0.0000
64.941,457.5405,0.1120,247.2133,0.2510,3.8000,-0.4500,2.5885,180.3693,358.0760,0.0000,0.0000,0.0000
65.052,457.2995,0.1073,246.9055,0.2510,3.8000,-0.4500,2.5885,180.3693,358.0760,0.0000,0.0000,0.0000
65.165,457.0923,0.1101,246.7313,0.2510,3.8000,-0.4500,2.5885,180.3693,358.0760,0.0000,0.0000,0.0000
65.289,456.8390,0.1208,246.6086,0.2510,3.8000,-0.4500,2.5885,180.3693,358.0760,0.0000,0.0000,0.0000
65.400,456.5830,0.1391,246.5642,0.2510,3.8000,-0.4500,2.5885,180.3693,358.0761,0.0000,0.0000,0.0000
65.511,456.3280,0.1695,246.5626,0.2510,3.8000,-0.4500,2.6248,180.3682,358.4041,0.0000,0.0000,0.0000
65.622,456.1136,0.1935,246.5793,0.2510,3.8000,-0.4500,2.6248,180.3682,358.4041,0.0000,0.0000,0.0000
65.733,455.8582,0.2308,246.6110,0.2510,3.8000,-0.4500,2.6458,180.3677,358.6613,0.0000,0.0000,0.0000
65.845,455.6447,0.2623,246.6423,0.2510,3.8000,-0.4500,2.6522,180.3675,358.7436,0.0000,0.0000,0.0000
65.969,455.3887,0.3028,246.6830,0.2510,3.8000,-0.4500,2.6571,180.3674,358.8249,0.0000,0.0000,0.0000
66.081,455.1343,0.3496,246.7249,0.2510,3.8000,-0.4500,2.6699,180.3672,359.0719,0.0000,0.0000,0.0000
66.192,454.8791,0.3963,246.7670,0.2510,3.8000,-0.4500,2.6724,180.3671,359.1548,0.0000,0.0000,0.0000
66.302,454.6675,0.4390,246.8016,0.2510,3.8000,-0.4500,2.6768,180.3671,359.3203,0.0000,0.0000,0.0000
66.427,454.4132,0.4907,246.8423,0.2510,3.8000,-0.4500,2.6771,180.3671,359.4031,0.0000,0.0000,0.0000
66.552,454.1175,0.5537,246.8889,0.2510,3.8000,-0.4500,2.6767,180.3671,359.4865,0.0000,0.0000,0.0000
66.664,453.9072,0.6023,246.9210,0.2510,3.8000,-0.4500,2.6732,180.3671,359.6536,0.0000,0.0000,0.0000
66.789,453.6544,0.6602,246.9582,0.2510,3.8000,-0.4500,2.6694,180.3671,359.7345,0.0000,0.0000,0.0000
66.900,453.4026,0.7211,246.9942,0.2510,3.8000,-0.4500,2.6562,180.3672,359.9017,0.0000,0.0000,0.0000
67.010,453.1922,0.7704,247.0236,0.2510,3.8000,-0.4500,2.6562,180.3672,359.9017,0.0000,0.0000,0.0000
67.136,452.8984,0.8418,247.0645,0.2510,3.8000,-0.4500,2.6446,180.3672,359.9841,0.0000,0.0000,0.0000
67.247,452.6891,0.8936,247.0934,0.2510,3.8000,-0.4500,2.6322,180.3672,0.0650,0.0000,0.0000,0.0000
67.372,452.3961,0.9658,247.1344,0.2510,3.8000,-0.4500,2.6141,180.3671,0.1426,0.0000,0.0000,0.0000
67.497,452.1449,1.0265,247.1698,0.2510,3.8000,-0.4500,2.6141,180.3671,0.1425,0.0000,0.0000,0.0000
67.609,451.9358,1.0767,247.1998,0.2510,3.8000,-0.4500,2.6141,180.3671,0.1425,0.0000,0.0000,0.0000
67.733,451.6436,1.1471,247.2427,0.2510,3.8000,-0.4500,2.5847,180.3671,0.2191,0.0000,0.0000,0.0000
67.845,451.4348,1.1956,247.2739,0.2510,3.8000,-0.4500,2.5847,180.3671,0.2191,0.0000,0.0000,0.0000
67.955,451.1846,1.2532,247.3125,0.2510,3.8000,-0.4500,2.5429,180.3669,0.2888,0.0000,0.0000,0.0000
68.067,450.9756,1.2990,247.3450,0.2510,3.8000,-0.4500,2.5429,180.3669,0.2888,0.0000,0.0000,0.0000
68.178,450.7253,1.3524,247.3846,0.2510,3.8000,-0.4500,2.4869,180.3665,0.3470,0.0000,0.0000,0.0000
68.302,450.4747,1.4027,247.4243,0.2510,3.8000,-0.4500,2.4869,180.3666,0.3470,0.0000,0.0000,0.0000
68.427,450.2242,1.4502,247.4646,0.2510,3.8000,-0.4500,2.4153,180.3661,0.3898,0.0000,0.0000,0.0000
68.539,449.9734,1.4945,247.5049,0.2510,3.8000,-0.4500,2.3432,180.3656,0.4310,0.0000,0.0000,0.0000
68.650,449.7640,1.5284,247.5387,0.2510,3.8000,-0.4500,2.2653,180.3650,0.4543,0.0000,0.0000,0.0000
68.762,449.5125,1.5656,247.5793,0.2510,3.8000,-0.4500,2.1871,180.3643,0.4740,0.0000,0.0000,0.0000
68.885,449.2606,1.5980,247.6205,0.2510,3.8000,-0.4500,2.0249,180.3630,0.4863,0.0000,0.0000,0.0000
69.011,449.0081,1.6266,247.6613,0.2510,3.8000,-0.4500,1.9439,180.3623,0.4828,0.0000,0.0000,0.0000
69.136,448.7131,1.6535,247.7097,0.2510,3.8000,-0.4500,1.7797,180.3609,0.4626,0.0000,0.0000,0.0000
69.261,448.4596,1.6710,247.7519,0.2510,3.8000,-0.4500,1.6176,180.3597,0.4238,0.0000,0.0000,0.0000
69.386,448.2053,1.6816,247.7958,0.2510,3.8000,-0.4500,1.3107,180.3577,0.3210,0.0000,0.0000,0.0000
69.511,447.9510,1.6915,247.8380,0.2510,3.8000,-0.4500,1.3107,180.3577,0.3210,0.0000,0.0000,0.0000
69.622,447.6957,1.6930,247.8821,0.2510,3.8000,-0.4500,1.0881,180.3566,0.2165,0.0000,0.0000,0.0000
69.734,447.4398,1.6894,247.9265,0.2510,3.8000,-0.4500,0.8656,180.3560,0.0950,0.0000,0.0000,0.0000
69.846,447.2265,1.6845,247.9630,0.2510,3.8000,-0.4500,0.7950,180.3559,0.0539,0.0000,0.0000,0.0000
69.955,446.9702,1.6732,248.0078,0.2510,3.8000,-0.4500,0.6537,180.3559,359.9699,0.0000,0.0000,0.0000
70.068,446.7562,1.6598,248.0457,0.2510,3.8000,-0.4500,0.5153,180.3561,359.8846,0.0000,0.0000,0.0000
70.178,446.4989,1.6385,248.0922,0.2510,3.8000,-0.4500,0.3068,180.3567,359.7533,0.0000,0.0000,0.0000
70.289,446.2850,1.6206,248.1304,0.2510,3.8000,-0.4500,0.3068,180.3567,359.7533,0.0000,0.0000,0.0000
70.413,445.9846,1.5866,248.1862,0.2510,3.8000,-0.4500,0.0977,180.3579,359.6211,0.0000,0.0000,0.0000
70.524,445.7695,1.5577,248.2273,0.2510,3.8000,-0.4500,359.8879,180.3595,359.4917,0.0000,0.0000,0.0000
70.637,445.5122,1.5242,248.2768,0.2510,3.8000,-0.4500,359.8879,180.3595,359.4918,0.0000,0.0000,0.0000
70.761,445.2543,1.4831,248.3301,0.2510,3.8000,-0.4500,359.6741,180.3616,359.3671,0.0000,0.0000,0.0000
70.872,444.9970,1.4412,248.3851,0.2510,3.8000,-0.4500,359.6042,180.3624,359.3292,0.0000,0.0000,0.0000
70.983,444.7823,1.4025,248.4334,0.2510,3.8000,-0.4500,359.4572,180.3642,359.2540,0.0000,0.0000,0.0000
71.094,444.5251,1.3551,248.4934,0.2510,3.8000,-0.4500,359.3851,180.3652,359.2178,0.0000,0.0000,0.0000
71.205,444.3108,1.3136,248.5454,0.2510,3.8000,-0.4500,359.3126,180.3662,359.1862,0.0000,0.0000,0.0000
71.316,444.0538,1.2608,248.6104,0.2510,3.8000,-0.4500,359.1594,180.3685,359.1272,0.0000,0.0000,0.0000
71.430,443.8401,1.2173,248.6657,0.2510,3.8000,-0.4500,359.1594,180.3685,359.1272,0.0000,0.0000,0.0000
71.542,443.5837,1.1625,248.7345,0.2510,3.8000,-0.4500,359.0813,180.3697,359.1039,0.0000,0.0000,0.0000
71.653,443.3274,1.1055,248.8057,0.2510,3.8000,-0.4500,358.9211,180.3722,359.0661,0.0000,0.0000,0.0000
71.764,443.1141,1.0589,248.8653,0.2510,3.8000,-0.4500,358.9211,180.3722,359.0661,0.0000,0.0000,0.0000
71.875,442.8583,1.0017,248.9383,0.2510,3.8000,-0.4500,358.8403,180.3736,359.0575,0.0000,0.0000,0.0000
71.986,442.6454,0.9537,248.9996,0.2510,3.8000,-0.4500,358.7599,180.3749,359.0536,0.0000,0.0000,0.0000
72.097,442.3900,0.8964,249.0729,0.2510,3.8000,-0.4500,358.6798,180.3762,359.0569,0.0000,0.0000,0.0000
72.205,442.1773,0.8494,249.1330,0.2510,3.8000,-0.4500,358.6798,180.3762,359.0569,0.0000,0.0000,0.0000
72.330,441.9222,0.7930,249.2050,0.2510,3.8000,-0.4500,358.5967,180.3775,359.0724,0.0000,0.0000,0.0000
72.455,441.6249,0.7280,249.2890,0.2510,3.8000,-0.4500,358.4344,180.3801,359.1060,0.0000,0.0000,0.0000
72.566,441.4126,0.6827,249.3481,0.2510,3.8000,-0.4500,358.4344,180.3801,359.1059,0.0000,0.0000,0.0000
72.692,441.1160,0.6206,249.4314,0.2510,3.8000,-0.4500,358.3609,180.3813,359.1392,0.0000,0.0000,0.0000
72.816,440.8620,0.5686,249.5025,0.2510,3.8000,-0.4500,358.2890,180.3823,359.1804,0.0000,0.0000,0.0000
72.928,440.6505,0.5263,249.5613,0.2510,3.8000,-0.4500,358.2179,180.3833,359.2221,0.0000,0.0000,0.0000
73.039,440.3965,0.4763,249.6308,0.2510,3.8000,-0.4500,358.2179,180.3833,359.2221,0.0000,0.0000,0.0000
73.150,440.1856,0.4363,249.6895,0.2510,3.8000,-0.4500,358.0865,180.3850,359.3262,0.0000,0.0000,0.0000
73.275,439.8902,0.3805,249.7703,0.2510,3.8000,-0.4500,358.0236,180.3857,359.3772,0.0000,0.0000,0.0000
73.399,439.6367,0.3331,249.8387,0.2510,3.8000,-0.4500,358.0236,180.3857,359.3772,0.0000,0.0000,0.0000
73.511,439.4255,0.2938,249.8956,0.2510,3.8000,-0.4500,358.0236,180.3857,359.3772,0.0000,0.0000,0.0000
73.622,439.1722,0.2469,249.9634,0.2510,3.8000,-0.4500,358.0236,180.3857,359.3772,0.0000,0.0000,0.0000
73.734,438.9193,0.2004,250.0312,0.2510,3.8000,-0.4500,357.9661,180.3863,359.4321,0.0000,0.0000,0.0000
73.843,438.7083,0.1610,250.0870,0.2510,3.8000,-0.4500,357.9661,180.3863,359.4321,0.0000,0.0000,0.0000
73.969,438.4550,0.1136,250.1536,0.2510,3.8000,-0.4500,357.9661,180.3863,359.4321,0.0000,0.0000,0.0000
74.081,438.2018,0.0659,250.2202,0.2510,3.8000,-0.4500,357.9661,180.3863,359.4321,0.0000,0.0000,0.0000
74.205,437.9487,0.0180,250.2865,0.2510,3.8000,-0.4500,357.9661,180.3863,359.4321,0.0000,0.0000,0.0000
74.330,437.6956,-0.0301,250.3524,0.2510,3.8000,-0.4500,357.9661,180.3863,359.4321,0.0000,0.0000,0.0000
74.455,437.4003,-0.0860,250.4289,0.2510,3.8000,-0.4500,357.9661,180.3863,359.4321,0.0000,0.0000,0.0000
74.566,437.1891,-0.1258,250.4831,0.2510,3.8000,-0.4500,357.9661,180.3863,359.4321,0.0000,0.0000,0.0000
74.677,436.9358,-0.1732,250.5475,0.2510,3.8000,-0.4500,357.9661,180.3863,359.4321,0.0000,0.0000,0.0000
74.789,436.7246,-0.2122,250.6006,0.2510,3.8000,-0.4500,357.9661,180.3863,359.4321,0.0000,0.0000,0.0000
74.901,436.4711,-0.2583,250.6637,0.2510,3.8000,-0.4500,357.9661,180.3863,359.4321,0.0000,0.0000,0.0000
75.025,436.2176,-0.3036,250.7257,0.2510,3.8000,-0.4500,357.9661,180.3863,359.4321,0.0000,0.0000,0.0000
75.136,435.9642,-0.3480,250.7869,0.2510,3.8000,-0.4500,357.9661,180.3863,359.4321,0.0000,0.0000,0.0000
75.247,435.7534,-0.3839,250.8377,0.2510,3.8000,-0.4500,357.9150,180.3868,359.4932,0.0000,0.0000,0.0000
75.358,435.5000,-0.4269,250.8970,0.2510,3.8000,-0.4500,357.9150,180.3868,359.4932,0.0000,0.0000,0.0000
75.469,435.2892,-0.4613,250.9458,0.2510,3.8000,-0.4500,357.8663,180.3872,359.5577,0.0000,0.0000,0.0000
75.595,434.9940,-0.5086,251.0127,0.2510,3.8000,-0.4500,357.8181,180.3875,359.6219,0.0000,0.0000,0.0000
75.720,434.7405,-0.5487,251.0686,0.2510,3.8000,-0.4500,357.8181,180.3875,359.6219,0.0000,0.0000,0.0000
75.830,434.5295,-0.5812,251.1147,0.2510,3.8000,-0.4500,357.8181,180.3875,359.6219,0.0000,0.0000,0.0000
75.955,434.2354,-0.6226,251.1795,0.2510,3.8000,-0.4500,357.6832,180.3882,359.8359,0.0000,0.0000,0.0000
76.081,433.9824,-0.6589,251.2338,0.2510,3.8000,-0.4500,357.6832,180.3882,359.8359,0.0000,0.0000,0.0000
76.191,433.7307,-0.6917,251.2897,0.2510,3.8000,-0.4500,357.6053,180.3883,359.9844,0.0000,0.0000,0.0000
76.317,433.4790,-0.7240,251.3469,0.2510,3.8000,-0.4500,357.5679,180.3883,0.0569,0.0000,0.0000,0.0000
76.427,433.2692,-0.7504,251.3953,0.2510,3.8000,-0.4500,357.5679,180.3883,0.0569,0.0000,0.0000,0.0000
76.552,432.9767,-0.7834,251.4648,0.2510,3.8000,-0.4500,357.5027,180.3881,0.2058,0.0000,0.0000,0.0000
76.665,432.7675,-0.8070,251.5147,0.2510,3.8000,-0.4500,357.5027,180.3881,0.2058,0.0000,0.0000,0.0000
76.776,432.5178,-0.8313,251.5756,0.2510,3.8000,-0.4500,357.4436,180.3878,0.3617,0.0000,0.0000,0.0000
76.885,432.3098,-0.8508,251.6268,0.2510,3.8000,-0.4500,357.4174,180.3876,0.4384,0.0000,0.0000,0.0000
77.011,432.0609,-0.8715,251.6895,0.2510,3.8000,-0.4500,357.3675,180.3872,0.5997,0.0000,0.0000,0.0000
77.135,431.7701,-0.8959,251.7639,0.2510,3.8000,-0.4500,357.3675,180.3872,0.5997,0.0000,0.0000,0.0000
77.247,431.5638,-0.9094,251.8185,0.2510,3.8000,-0.4500,357.3232,180.3867,0.7624,0.0000,0.0000,0.0000
77.357,431.3153,-0.9269,251.8843,0.2510,3.8000,-0.4500,357.3232,180.3867,0.7625,0.0000,0.0000,0.0000
77.483,431.0683,-0.9400,251.9512,0.2510,3.8000,-0.4500,357.2836,180.3861,0.9257,0.0000,0.0000,0.0000
77.608,430.8211,-0.9527,252.0187,0.2510,3.8000,-0.4500,357.2657,180.3858,1.0067,0.0000,0.0000,0.0000
77.732,430.5333,-0.9656,252.0989,0.2510,3.8000,-0.4500,357.2483,180.3855,1.0868,0.0000,0.0000,0.0000
77.845,430.3282,-0.9732,252.1569,0.2510,3.8000,-0.4500,357.2314,180.3851,1.1700,0.0000,0.0000,0.0000
77.955,430.0826,-0.9814,252.2277,0.2510,3.8000,-0.4500,357.2145,180.3848,1.2531,0.0000,0.0000,0.0000
78.066,429.8781,-0.9870,252.2877,0.2510,3.8000,-0.4500,357.1984,180.3844,1.3338,0.0000,0.0000,0.0000
78.179,429.6331,-0.9931,252.3613,0.2510,3.8000,-0.4500,357.1823,180.3840,1.4142,0.0000,0.0000,0.0000
78.288,429.4287,-0.9985,252.4237,0.2510,3.8000,-0.4500,357.1823,180.3840,1.4142,0.0000,0.0000,0.0000
78.413,429.1442,-1.0027,252.5123,0.2510,3.8000,-0.4500,357.1485,180.3831,1.5742,0.0000,0.0000,0.0000
78.525,428.9404,-1.0069,252.5765,0.2510,3.8000,-0.4500,357.1485,180.3831,1.5742,0.0000,0.0000,0.0000
78.635,428.6961,-1.0114,252.6543,0.2510,3.8000,-0.4500,357.1485,180.3831,1.5742,0.0000,0.0000,0.0000
78.746,428.4933,-1.0138,252.7197,0.2510,3.8000,-0.4500,357.1291,180.3826,1.6522,0.0000,0.0000,0.0000
78.872,428.2087,-1.0185,252.8116,0.2510,3.8000,-0.4500,357.1291,180.3826,1.6522,0.0000,0.0000,0.0000
78.996,427.9655,-1.0213,252.8911,0.2510,3.8000,-0.4500,357.1069,180.3819,1.7285,0.0000,0.0000,0.0000
79.107,427.7624,-1.0247,252.9573,0.2510,3.8000,-0.4500,357.1069,180.3819,1.7286,0.0000,0.0000,0.0000
79.232,427.4780,-1.0295,253.0495,0.2510,3.8000,-0.4500,357.1069,180.3819,1.7286,0.0000,0.0000,0.0000
79.357,427.2344,-1.0340,253.1279,0.2510,3.8000,-0.4500,357.1069,180.3819,1.7286,0.0000,0.0000,0.0000
79.482,426.9906,-1.0387,253.2053,0.2510,3.8000,-0.4500,357.1069,180.3819,1.7286,0.0000,0.0000,0.0000
79.607,426.7467,-1.0438,253.2807,0.2510,3.8000,-0.4500,357.1069,180.3819,1.7286,0.0000,0.0000,0.0000
79.720,426.5026,-1.0493,253.3545,0.2510,3.8000,-0.4500,357.1069,180.3819,1.7285,0.0000,0.0000,0.0000
79.829,426.2991,-1.0543,253.4149,0.2510,3.8000,-0.4500,357.1069,180.3819,1.7285,0.0000,0.0000,0.0000
79.954,426.0140,-1.0618,253.4978,0.2510,3.8000,-0.4500,357.1069,180.3819,1.7285,0.0000,0.0000,0.0000
80.066,425.8103,-1.0675,253.5563,0.2510,3.8000,-0.4500,357.1069,180.3819,1.7285,0.0000,0.0000,0.0000
80.191,425.5656,-1.0749,253.6251,0.2510,3.8000,-0.4500,357.1069,180.3819,1.7285,0.0000,0.0000,0.0000
80.301,425.3207,-1.0826,253.6922,0.2510,3.8000,-0.4500,357.1069,180.3819,1.7285,0.0000,0.0000,0.0000
80.414,425.0756,-1.0906,253.7576,0.2510,3.8000,-0.4500,357.1069,180.3819,1.7285,0.0000,0.0000,0.0000
80.538,424.8304,-1.0988,253.8226,0.2510,3.8000,-0.4500,357.1069,180.3819,1.7285,0.0000,0.0000,0.0000
80.648,424.6260,-1.1059,253.8777,0.2510,3.8000,-0.4500,357.1069,180.3819,1.7285,0.0000,0.0000,0.0000
80.774,424.3400,-1.1160,253.9572,0.2510,3.8000,-0.4500,357.1069,180.3819,1.7285,0.0000,0.0000,0.0000
80.885,424.1357,-1.1232,254.0155,0.2510,3.8000,-0.4500,357.1069,180.3819,1.7285,0.0000,0.0000,0.0000
81.010,423.8906,-1.1318,254.0871,0.2510,3.8000,-0.4500,357.1069,180.3819,1.7285,0.0000,0.0000,0.0000
81.122,423.6458,-1.1400,254.1602,0.2510,3.8000,-0.4500,357.1069,180.3819,1.7285,0.0000,0.0000,0.0000
81.246,423.4010,-1.1475,254.2344,0.2510,3.8000,-0.4500,357.1069,180.3819,1.7285,0.0000,0.0000,0.0000
81.359,423.1562,-1.1543,254.3100,0.2510,3.8000,-0.4500,357.1069,180.3819,1.7285,0.0000,0.0000,0.0000
81.468,422.9523,-1.1592,254.3740,0.2510,3.8000,-0.4500,357.1069,180.3819,1.7285,0.0000,0.0000,0.0000
81.581,422.7077,-1.1638,254.4516,0.2510,3.8000,-0.4500,357.1069,180.3819,1.7285,0.0000,0.0000,0.0000
81.705,422.4632,-1.1669,254.5300,0.2510,3.8000,-0.4500,357.1069,180.3819,1.7285,0.0000,0.0000,0.0000
81.829,422.2188,-1.1682,254.6091,0.2510,3.8000,-0.4500,357.1069,180.3819,1.7285,0.0000,0.0000,0.0000
81.940,421.9745,-1.1675,254.6886,0.2510,3.8000,-0.4500,357.1069,180.3819,1.7285,0.0000,0.0000,0.0000
82.051,421.7303,-1.1645,254.7678,0.2510,3.8000,-0.4500,357.1069,180.3819,1.7285,0.0000,0.0000,0.0000
82.163,421.5269,-1.1600,254.8335,0.2510,3.8000,-0.4500,357.1069,180.3819,1.7285,0.0000,0.0000,0.0000
82.274,421.2834,-1.1495,254.9109,0.2510,3.8000,-0.4500,357.2539,180.3865,1.8122,0.0000,0.0000,0.0000
82.387,421.0804,-1.1394,254.9754,0.2510,3.8000,-0.4500,357.3271,180.3888,1.8520,0.0000,0.0000,0.0000
82.510,420.8372,-1.1224,255.0516,0.2510,3.8000,-0.4500,357.5525,180.3963,1.9463,0.0000,0.0000,0.0000
82.635,420.5530,-1.1015,255.1414,0.2510,3.8000,-0.4500,357.6318,180.3990,1.9715,0.0000,0.0000,0.0000
82.760,420.3100,-1.0786,255.2178,0.2510,3.8000,-0.4500,357.7917,180.4046,2.0205,0.0000,0.0000,0.0000
82.886,420.0673,-1.0513,255.2939,0.2510,3.8000,-0.4500,358.0306,180.4132,2.0801,0.0000,0.0000,0.0000
82.997,419.8246,-1.0222,255.3711,0.2510,3.8000,-0.4500,358.1094,180.4160,2.0984,0.0000,0.0000,0.0000
83.108,419.6229,-0.9930,255.4342,0.2510,3.8000,-0.4500,358.3535,180.4251,2.1480,0.0000,0.0000,0.0000
83.232,419.3405,-0.9488,255.5232,0.2510,3.8000,-0.4500,358.5996,180.4344,2.1928,0.0000,0.0000,0.0000
83.358,419.0988,-0.9072,255.5998,0.2510,3.8000,-0.4500,358.7611,180.4406,2.2204,0.0000,0.0000,0.0000
83.470,418.8977,-0.8692,255.6638,0.2510,3.8000,-0.4500,358.9215,180.4469,2.2476,0.0000,0.0000,0.0000
83.594,418.6168,-0.8108,255.7549,0.2510,3.8000,-0.4500,359.1752,180.4570,2.2903,0.0000,0.0000,0.0000
83.704,418.4164,-0.7666,255.8216,0.2510,3.8000,-0.4500,359.2573,180.4603,2.3044,0.0000,0.0000,0.0000
83.815,418.1768,-0.7077,255.9018,0.2510,3.8000,-0.4500,359.5059,180.4704,2.3533,0.0000,0.0000,0.0000
83.940,417.9377,-0.6440,255.9837,0.2510,3.8000,-0.4500,359.7484,180.4805,2.4103,0.0000,0.0000,0.0000
84.065,417.6989,-0.5783,256.0685,0.2510,3.8000,-0.4500,359.7484,180.4805,2.4103,0.0000,0.0000,0.0000
84.191,417.4617,-0.5033,256.1520,0.2510,3.8000,-0.4500,0.0768,180.4946,2.5086,0.0000,0.0000,0.0000
84.301,417.2248,-0.4253,256.2372,0.2510,3.8000,-0.4500,0.2368,180.5016,2.5670,0.0000,0.0000,0.0000
84.414,416.9887,-0.3422,256.3229,0.2510,3.8000,-0.4500,0.3914,180.5087,2.6260,0.0000,0.0000,0.0000
84.524,416.7927,-0.2685,256.3946,0.2510,3.8000,-0.4500,0.5502,180.5160,2.6953,0.0000,0.0000,0.0000
84.634,416.5581,-0.1762,256.4814,0.2510,3.8000,-0.4500,0.7051,180.5234,2.7646,0.0000,0.0000,0.0000
84.746,416.3638,-0.0939,256.5536,0.2510,3.8000,-0.4500,0.9290,180.5345,2.8745,0.0000,0.0000,0.0000
84.857,416.1302,0.0045,256.6429,0.2510,3.8000,-0.4500,0.9290,180.5345,2.8745,0.0000,0.0000,0.0000
84.968,415.9376,0.0948,256.7160,0.2510,3.8000,-0.4500,1.2297,180.5500,3.0323,0.0000,0.0000,0.0000
85.081,415.7056,0.2008,256.8073,0.2510,3.8000,-0.4500,1.2297,180.5500,3.0323,0.0000,0.0000,0.0000
85.190,415.5134,0.2944,256.8833,0.2510,3.8000,-0.4500,1.3778,180.5579,3.1120,0.0000,0.0000,0.0000
85.315,415.2448,0.4269,256.9936,0.2510,3.8000,-0.4500,1.4505,180.5619,3.1511,0.0000,0.0000,0.0000
85.427,415.0541,0.5256,257.0739,0.2510,3.8000,-0.4500,1.5975,180.5701,3.2276,0.0000,0.0000,0.0000
85.538,414.8250,0.6432,257.1737,0.2510,3.8000,-0.4500,1.5975,180.5701,3.2276,0.0000,0.0000,0.0000
85.649,414.6345,0.7427,257.2575,0.2510,3.8000,-0.4500,1.5975,180.5701,3.2276,0.0000,0.0000,0.0000
85.760,414.4070,0.8668,257.3564,0.2510,3.8000,-0.4500,1.8255,180.5832,3.3333,0.0000,0.0000,0.0000
85.871,414.2169,0.9682,257.4402,0.2510,3.8000,-0.4500,1.8255,180.5832,3.3333,0.0000,0.0000,0.0000
85.997,413.9507,1.1104,257.5576,0.2510,3.8000,-0.4500,1.8255,180.5832,3.3333,0.0000,0.0000,0.0000
86.107,413.7605,1.2119,257.6411,0.2510,3.8000,-0.4500,1.8255,180.5832,3.3333,0.0000,0.0000,0.0000
86.218,413.5320,1.3330,257.7398,0.2510,3.8000,-0.4500,1.8255,180.5832,3.3333,0.0000,0.0000,0.0000
86.329,413.3412,1.4331,257.8203,0.2510,3.8000,-0.4500,1.8255,180.5832,3.3333,0.0000,0.0000,0.0000
86.454,413.0735,1.5713,257.9309,0.2510,3.8000,-0.4500,1.8255,180.5832,3.3333,0.0000,0.0000,0.0000
86.565,412.8819,1.6681,258.0089,0.2510,3.8000,-0.4500,1.8255,180.5832,3.3333,0.0000,0.0000,0.0000
86.677,412.6516,1.7818,258.1024,0.2510,3.8000,-0.4500,1.8255,180.5832,3.3333,0.0000,0.0000,0.0000
86.788,412.4593,1.8740,258.1808,0.2510,3.8000,-0.4500,1.8255,180.5832,3.3333,0.0000,0.0000,0.0000
86.899,412.2278,1.9809,258.2754,0.2510,3.8000,-0.4500,1.8255,180.5832,3.3333,0.0000,0.0000,0.0000
87.009,412.0344,2.0667,258.3546,0.2510,3.8000,-0.4500,1.8255,180.5832,3.3333,0.0000,0.0000,0.0000
87.134,411.7627,2.1804,258.4658,0.2510,3.8000,-0.4500,1.8255,180.5832,3.3333,0.0000,0.0000,0.0000
87.246,411.5659,2.2541,258.5443,0.2510,3.8000,-0.4500,1.9451,180.5899,3.1127,0.0000,0.0000,0.0000
87.370,411.3300,2.3387,258.6381,0.2510,3.8000,-0.4500,1.9558,180.5905,3.0314,0.0000,0.0000,0.0000
87.482,411.0918,2.4149,258.7303,0.2510,3.8000,-0.4500,1.9691,180.5912,2.8666,0.0000,0.0000,0.0000
87.593,410.8506,2.4801,258.8211,0.2510,3.8000,-0.4500,1.9080,180.5883,2.5293,0.0000,0.0000,0.0000
87.718,410.6079,2.5372,258.9089,0.2510,3.8000,-0.4500,1.7904,180.5835,2.2163,0.0000,0.0000,0.0000
87.829,410.4052,2.5806,258.9789,0.2510,3.8000,-0.4500,1.7179,180.5807,2.0714,0.0000,0.0000,0.0000
87.940,410.1590,2.6204,259.0604,0.2510,3.8000,-0.4500,1.5006,180.5736,1.7156,0.0000,0.0000,0.0000
88.051,409.9542,2.6516,259.1241,0.2510,3.8000,-0.4500,1.4500,180.5721,1.6459,0.0000,0.0000,0.0000
88.176,409.6631,2.6769,259.2117,0.2510,3.8000,-0.4500,1.1322,180.5641,1.2307,0.0000,0.0000,0.0000
88.301,409.4126,2.6903,259.2829,0.2510,3.8000,-0.4500,0.9112,180.5599,0.9700,0.0000,0.0000,0.0000
88.426,409.1607,2.6942,259.3513,0.2510,3.8000,-0.4500,0.6908,180.5566,0.7208,0.0000,0.0000,0.0000
88.551,408.9080,2.6899,259.4172,0.2510,3.8000,-0.4500,0.5234,180.5548,0.5378,0.0000,0.0000,0.0000
88.662,408.6529,2.6709,259.4832,0.2510,3.8000,-0.4500,0.1667,180.5526,0.1635,0.0000,0.0000,0.0000
88.787,408.3980,2.6471,259.5469,0.2510,3.8000,-0.4500,-0.0045,180.5524,359.9886,0.0000,0.0000,0.0000
88.913,408.0991,2.6047,259.6217,0.2510,3.8000,-0.4500,359.6967,180.5532,359.6922,0.0000,0.0000,0.0000
89.024,407.8846,2.5658,259.6750,0.2510,3.8000,-0.4500,359.4553,180.5550,359.4591,0.0000,0.0000,0.0000
89.135,407.6271,2.5119,259.7385,0.2510,3.8000,-0.4500,359.2101,180.5578,359.2291,0.0000,0.0000,0.0000
89.259,407.3692,2.4492,259.8026,0.2510,3.8000,-0.4500,358.9699,180.5615,359.0084,0.0000,0.0000,0.0000
89.371,407.1541,2.3905,259.8586,0.2510,3.8000,-0.4500,358.7814,180.5650,358.8419,0.0000,0.0000,0.0000
89.496,406.8535,2.2990,259.9424,0.2510,3.8000,-0.4500,358.5279,180.5707,358.6245,0.0000,0.0000,0.0000
89.606,406.6389,2.2266,260.0064,0.2510,3.8000,-0.4500,358.3371,180.5755,358.4658,0.0000,0.0000,0.0000
89.720,406.3815,2.1336,260.0871,0.2510,3.8000,-0.4500,358.1319,180.5813,358.3047,0.0000,0.0000,0.0000
89.829,406.1675,2.0515,260.1569,0.2510,3.8000,-0.4500,357.9974,180.5854,358.2012,0.0000,0.0000,0.0000
89.940,405.9105,1.9461,260.2442,0.2510,3.8000,-0.4500,357.7882,180.5923,358.0507,0.0000,0.0000,0.0000
90.065,405.6541,1.8363,260.3341,0.2510,3.8000,-0.4500,357.6498,180.5971,357.9567,0.0000,0.0000,0.0000
90.190,405.3979,1.7200,260.4270,0.2510,3.8000,-0.4500,357.4380,180.6049,357.8198,0.0000,0.0000,0.0000
90.315,405.0992,1.5795,260.5383,0.2510,3.8000,-0.4500,357.2189,180.6135,357.6977,0.0000,0.0000,0.0000
90.427,404.8866,1.4789,260.6184,0.2510,3.8000,-0.4500,357.2189,180.6135,357.6977,0.0000,0.0000,0.0000
90.538,404.6312,1.3531,260.7171,0.2510,3.8000,-0.4500,357.0650,180.6198,357.6282,0.0000,0.0000,0.0000
90.649,404.4188,1.2486,260.7997,0.2510,3.8000,-0.4500,357.0650,180.6198,357.6282,0.0000,0.0000,0.0000
90.759,404.1639,1.1197,260.9005,0.2510,3.8000,-0.4500,356.9101,180.6263,357.5727,0.0000,0.0000,0.0000
90.885,403.9094,0.9924,261.0016,0.2510,3.8000,-0.4500,356.9101,180.6263,357.5727,0.0000,0.0000,0.0000
91.009,403.6550,0.8636,261.1044,0.2510,3.8000,-0.4500,356.7468,180.6333,357.5506,0.0000,0.0000,0.0000
91.135,403.3586,0.7166,261.2238,0.2510,3.8000,-0.4500,356.7468,180.6333,357.5506,0.0000,0.0000,0.0000
91.246,403.1472,0.6130,261.3093,0.2510,3.8000,-0.4500,356.7468,180.6332,357.5506,0.0000,0.0000,0.0000
91.371,402.8936,0.4912,261.4124,0.2510,3.8000,-0.4500,356.7468,180.6333,357.5506,0.0000,0.0000,0.0000
91.482,402.6404,0.3726,261.5158,0.2510,3.8000,-0.4500,356.6710,180.6365,357.5815,0.0000,0.0000,0.0000
91.607,402.3875,0.2580,261.6185,0.2510,3.8000,-0.4500,356.6710,180.6365,357.5815,0.0000,0.0000,0.0000
91.718,402.1353,0.1488,261.7214,0.2510,3.8000,-0.4500,356.5427,180.6418,357.6900,0.0000,0.0000,0.0000
91.831,401.9253,0.0620,261.8061,0.2510,3.8000,-0.4500,356.4980,180.6436,357.7622,0.0000,0.0000,0.0000
91.940,401.6734,-0.0361,261.9064,0.2510,3.8000,-0.4500,356.4154,180.6467,357.9101,0.0000,0.0000,0.0000
92.065,401.4223,-0.1260,262.0048,0.2510,3.8000,-0.4500,356.3607,180.6486,358.1638,0.0000,0.0000,0.0000
92.177,401.1700,-0.2120,262.1001,0.2510,3.8000,-0.4500,356.3502,180.6489,358.2451,0.0000,0.0000,0.0000
92.287,400.9615,-0.2733,262.1778,0.2510,3.8000,-0.4500,356.3703,180.6484,358.5914,0.0000,0.0000,0.0000
92.412,400.6682,-0.3546,262.2822,0.2510,3.8000,-0.4500,356.4244,180.6472,358.8402,0.0000,0.0000,0.0000
92.538,400.4164,-0.4174,262.3680,0.2510,3.8000,-0.4500,356.4662,180.6464,358.9985,0.0000,0.0000,0.0000
92.649,400.2074,-0.4617,262.4372,0.2510,3.8000,-0.4500,356.5612,180.6449,359.2319,0.0000,0.0000,0.0000
92.759,399.9561,-0.5107,262.5179,0.2510,3.8000,-0.4500,356.6305,180.6441,359.3846,0.0000,0.0000,0.0000
92.872,399.7065,-0.5474,262.5958,0.2510,3.8000,-0.4500,356.8410,180.6425,359.7527,0.0000,0.0000,0.0000
92.996,399.4557,-0.5817,262.6722,0.2510,3.8000,-0.4500,356.9372,180.6422,359.8929,0.0000,0.0000,0.0000
93.120,399.2063,-0.6061,262.7469,0.2510,3.8000,-0.4500,357.1375,180.6423,0.1598,0.0000,0.0000,0.0000
93.246,398.9565,-0.6268,262.8212,0.2510,3.8000,-0.4500,357.2474,180.6427,0.2853,0.0000,0.0000,0.0000
93.370,398.7072,-0.6412,262.8951,0.2510,3.8000,-0.4500,357.3632,180.6434,0.4072,0.0000,0.0000,0.0000
93.496,398.4174,-0.6493,262.9809,0.2510,3.8000,-0.4500,357.5461,180.6450,0.5829,0.0000,0.0000,0.0000
93.607,398.2114,-0.6476,263.0416,0.2510,3.8000,-0.4500,357.8077,180.6482,0.7917,0.0000,0.0000,0.0000
93.719,397.9635,-0.6458,263.1164,0.2510,3.8000,-0.4500,357.8762,180.6491,0.8396,0.0000,0.0000,0.0000
93.843,397.7168,-0.6353,263.1911,0.2510,3.8000,-0.4500,358.0849,180.6525,0.9822,0.0000,0.0000,0.0000
93.967,397.4706,-0.6188,263.2667,0.2510,3.8000,-0.4500,358.2900,180.6562,1.1142,0.0000,0.0000,0.0000
94.093,397.1845,-0.5907,263.3558,0.2510,3.8000,-0.4500,358.5732,180.6622,1.2923,0.0000,0.0000,0.0000
94.203,396.9807,-0.5664,263.4206,0.2510,3.8000,-0.4500,358.7146,180.6655,1.3811,0.0000,0.0000,0.0000
94.329,396.7371,-0.5303,263.4990,0.2510,3.8000,-0.4500,358.9272,180.6708,1.5154,0.0000,0.0000,0.0000
94.454,396.4545,-0.4777,263.5910,0.2510,3.8000,-0.4500,359.2733,180.6807,1.7380,0.0000,0.0000,0.0000
94.565,396.2526,-0.4380,263.6588,0.2510,3.8000,-0.4500,359.3403,180.6827,1.7818,0.0000,0.0000,0.0000
94.676,396.0125,-0.3791,263.7393,0.2510,3.8000,-0.4500,359.6825,180.6940,2.0083,0.0000,0.0000,0.0000
94.801,395.7722,-0.3190,263.8226,0.2510,3.8000,-0.4500,359.7509,180.6965,2.0542,0.0000,0.0000,0.0000
94.926,395.5335,-0.2498,263.9056,0.2510,3.8000,-0.4500,359.9583,180.7042,2.1934,0.0000,0.0000,0.0000
95.037,395.2964,-0.1733,263.9892,0.2510,3.8000,-0.4500,0.2304,180.7150,2.3759,0.0000,0.0000,0.0000
95.149,395.0987,-0.1081,264.0611,0.2510,3.8000,-0.4500,0.2985,180.7179,2.4209,0.0000,0.0000,0.0000
95.260,394.8628,-0.0237,264.1490,0.2510,3.8000,-0.4500,0.4364,180.7238,2.5119,0.0000,0.0000,0.0000
95.373,394.6286,0.0686,264.2375,0.2510,3.8000,-0.4500,0.7194,180.7367,2.6930,0.0000,0.0000,0.0000
95.482,394.4333,0.1447,264.3145,0.2510,3.8000,-0.4500,0.7194,180.7367,2.6930,0.0000,0.0000,0.0000
95.607,394.2004,0.2439,264.4064,0.2510,3.8000,-0.4500,0.9366,180.7471,2.8215,0.0000,0.0000,0.0000
95.718,393.9681,0.3455,264.5002,0.2510,3.8000,-0.4500,1.0783,180.7542,2.9020,0.0000,0.0000,0.0000
95.843,393.7361,0.4491,264.5956,0.2510,3.8000,-0.4500,1.1515,180.7580,2.9385,0.0000,0.0000,0.0000
95.968,393.5045,0.5555,264.6913,0.2510,3.8000,-0.4500,1.2252,180.7618,2.9742,0.0000,0.0000,0.0000
96.093,393.2351,0.6830,264.8029,0.2510,3.8000,-0.4500,1.3812,180.7700,3.0376,0.0000,0.0000,0.0000
96.206,393.0424,0.7738,264.8838,0.2510,3.8000,-0.4500,1.3812,180.7700,3.0375,0.0000,0.0000,0.0000
96.329,392.8118,0.8854,264.9802,0.2510,3.8000,-0.4500,1.5409,180.7785,3.0821,0.0000,0.0000,0.0000
96.440,392.5809,0.9955,265.0784,0.2510,3.8000,-0.4500,1.5409,180.7785,3.0821,0.0000,0.0000,0.0000
96.565,392.3498,1.1053,265.1772,0.2510,3.8000,-0.4500,1.5409,180.7785,3.0821,0.0000,0.0000,0.0000
96.677,392.1185,1.2149,265.2760,0.2510,3.8000,-0.4500,1.6248,180.7830,3.0838,0.0000,0.0000,0.0000
96.802,391.8868,1.3231,265.3752,0.2510,3.8000,-0.4500,1.7062,180.7874,3.0778,0.0000,0.0000,0.0000
96.913,391.6544,1.4291,265.4741,0.2510,3.8000,-0.4500,1.8641,180.7958,3.0279,0.0000,0.0000,0.0000
97.024,391.4604,1.5154,265.5566,0.2510,3.8000,-0.4500,1.8641,180.7958,3.0278,0.0000,0.0000,0.0000
97.148,391.2262,1.6160,265.6541,0.2510,3.8000,-0.4500,2.0022,180.8030,2.9364,0.0000,0.0000,0.0000
97.260,390.9918,1.7138,265.7512,0.2510,3.8000,-0.4500,2.0022,180.8030,2.9364,0.0000,0.0000,0.0000
97.371,390.7943,1.7909,265.8289,0.2510,3.8000,-0.4500,2.1755,180.8117,2.7592,0.0000,0.0000,0.0000
97.496,390.5170,1.8948,265.9350,0.2510,3.8000,-0.4500,2.2628,180.8158,2.6205,0.0000,0.0000,0.0000
97.607,390.3179,1.9657,266.0081,0.2510,3.8000,-0.4500,2.3002,180.8175,2.5428,0.0000,0.0000,0.0000
97.732,390.0363,2.0579,266.1043,0.2510,3.8000,-0.4500,2.4041,180.8219,2.3080,0.0000,0.0000,0.0000
97.843,389.8332,2.1183,266.1688,0.2510,3.8000,-0.4500,2.4752,180.8246,2.0603,0.0000,0.0000,0.0000
97.968,389.5890,2.1883,266.2413,0.2510,3.8000,-0.4500,2.5125,180.8259,1.8993,0.0000,0.0000,0.0000
98.079,389.3429,2.2529,266.3094,0.2510,3.8000,-0.4500,2.5405,180.8268,1.7338,0.0000,0.0000,0.0000
98.190,389.1352,2.2993,266.3631,0.2510,3.8000,-0.4500,2.5841,180.8280,1.3902,0.0000,0.0000,0.0000
98.315,388.8441,2.3614,266.4337,0.2510,3.8000,-0.4500,2.5988,180.8283,1.1453,0.0000,0.0000,0.0000
98.428,388.6349,2.4007,266.4810,0.2510,3.8000,-0.4500,2.5996,180.8283,0.9752,0.0000,0.0000,0.0000
98.552,388.3401,2.4482,266.5436,0.2510,3.8000,-0.4500,2.5957,180.8282,0.7246,0.0000,0.0000,0.0000
98.677,388.0847,2.4779,266.5947,0.2510,3.8000,-0.4500,2.5541,180.8279,0.3052,0.0000,0.0000,0.0000
98.788,387.8725,2.5021,266.6354,0.2510,3.8000,-0.4500,2.5403,180.8278,0.2240,0.0000,0.0000,0.0000
98.899,387.6157,2.5218,266.6834,0.2510,3.8000,-0.4500,2.4938,180.8277,359.9778,0.0000,0.0000,0.0000
99.010,387.4001,2.5298,266.7236,0.2510,3.8000,-0.4500,2.4053,180.8280,359.6456,0.0000,0.0000,0.0000
99.121,387.1421,2.5372,266.7714,0.2510,3.8000,-0.4500,2.3585,180.8284,359.4887,0.0000,0.0000,0.0000
99.246,386.8818,2.5315,266.8215,0.2510,3.8000,-0.4500,2.1997,180.8304,359.0895,0.0000,0.0000,0.0000
99.359,386.6224,2.5229,266.8730,0.2510,3.8000,-0.4500,2.1303,180.8316,358.9402,0.0000,0.0000,0.0000
99.482,386.3616,2.5029,266.9283,0.2510,3.8000,-0.4500,1.9731,180.8349,358.6420,0.0000,0.0000,0.0000
99.607,386.1006,2.4748,266.9875,0.2510,3.8000,-0.4500,1.7984,180.8395,358.3607,0.0000,0.0000,0.0000
99.732,385.7961,2.4324,267.0625,0.2510,3.8000,-0.4500,1.5913,180.8459,358.0782,0.0000,0.0000,0.0000
99.858,385.5351,2.3868,267.1326,0.2510,3.8000,-0.4500,1.3845,180.8533,357.8236,0.0000,0.0000,0.0000
99.982,385.2747,2.3346,267.2077,0.2510,3.8000,-0.4500,1.2106,180.8602,357.6385,0.0000,0.0000,0.0000
100.095,385.0147,2.2761,267.2871,0.2510,3.8000,-0.4500,1.0883,180.8654,357.5189,0.0000,0.0000,0.0000
100.218,384.7542,2.2053,267.3721,0.2510,3.8000,-0.4500,0.7638,180.8803,357.2320,0.0000,0.0000,0.0000
100.345,384.4993,2.1310,267.3621,0.2510,3.8000,-0.4500,0.5640,180.8902,357.0824,0.0000,0.0000,0.0000
100.455,384.2605,2.0539,267.0642,0.2510,3.8000,-0.4500,0.4246,180.8974,356.9870,0.0000,0.0000,0.0000
100.566,384.0712,1.9896,266.6435,0.2510,3.8000,-0.4500,0.3555,180.9011,356.9402,0.0000,0.0000,0.0000
100.677,383.8502,1.9120,266.0263,0.2510,3.8000,-0.4500,0.2863,180.9048,356.8954,0.0000,0.0000,0.0000
100.787,383.6684,1.8469,265.4677,0.2510,3.8000,-0.4500,0.2174,180.9085,356.8511,0.0000,0.0000,0.0000
100.913,383.4152,1.7558,264.6619,0.2510,3.8000,-0.4500,0.1474,180.9124,356.8079,0.0000,0.0000,0.0000
101.038,383.1991,1.6787,263.9561,0.2510,3.8000,-0.4500,0.1474,180.9124,356.8079,0.0000,0.0000,0.0000
101.149,383.0182,1.6118,263.3782,0.2510,3.8000,-0.4500,-0.0013,180.9208,356.7279,0.0000,0.0000,0.0000
101.260,382.7947,1.5333,262.7953,0.2510,3.8000,-0.4500,-0.0013,180.9208,356.7279,0.0000,0.0000,0.0000
101.385,382.5606,1.4512,262.3733,0.2510,3.8000,-0.4500,359.9244,180.9251,356.7001,0.0000,0.0000,0.0000
101.498,382.3173,1.3673,262.0834,0.2510,3.8000,-0.4500,359.9244,180.9251,356.7001,0.0000,0.0000,0.0000
101.608,382.1096,1.2948,261.9102,0.2510,3.8000,-0.4500,359.8417,180.9298,356.6831,0.0000,0.0000,0.0000
101.732,381.8146,1.1916,261.7303,0.2510,3.8000,-0.4500,359.6735,180.9396,356.6631,0.0000,0.0000,0.0000
101.843,381.6021,1.1172,261.6562,0.2510,3.8000,-0.4500,359.5103,180.9491,356.6722,0.0000,0.0000,0.0000
101.968,381.3467,1.0272,261.6502,0.2510,3.8000,-0.4500,359.3484,180.9585,356.7029,0.0000,0.0000,0.0000
102.093,381.0490,0.9221,261.7088,0.2510,3.8000,-0.4500,359.1945,180.9673,356.7562,0.0000,0.0000,0.0000
102.204,380.8369,0.8477,261.7758,0.2510,3.8000,-0.4500,358.9675,180.9800,356.8621,0.0000,0.0000,0.0000
102.329,380.5820,0.7594,261.8687,0.2510,3.8000,-0.4500,358.9675,180.9800,356.8621,0.0000,0.0000,0.0000
102.439,380.3291,0.6753,261.9719,0.2510,3.8000,-0.4500,358.6319,180.9976,357.1314,0.0000,0.0000,0.0000
102.565,380.0750,0.5923,262.0759,0.2510,3.8000,-0.4500,358.5782,181.0003,357.1924,0.0000,0.0000,0.0000
102.676,379.8214,0.5131,262.1814,0.2510,3.8000,-0.4500,358.4739,181.0053,357.3184,0.0000,0.0000,0.0000
102.801,379.5691,0.4394,262.2873,0.2510,3.8000,-0.4500,358.2928,181.0133,357.5980,0.0000,0.0000,0.0000
102.926,379.3152,0.3658,262.3905,0.2510,3.8000,-0.4500,358.2928,181.0133,357.5980,0.0000,0.0000,0.0000
103.037,379.0634,0.3004,262.4937,0.2510,3.8000,-0.4500,358.1568,181.0187,357.9043,0.0000,0.0000,0.0000
103.149,378.8522,0.2452,262.5776,0.2510,3.8000,-0.4500,358.1568,181.0187,357.9043,0.0000,0.0000,0.0000
103.260,378.6006,0.1860,262.6781,0.2510,3.8000,-0.4500,358.0907,181.0210,358.1481,0.0000,0.0000,0.0000
103.384,378.3481,0.1278,262.7772,0.2510,3.8000,-0.4500,358.0714,181.0216,358.2292,0.0000,0.0000,0.0000
103.510,378.0960,0.0732,262.8760,0.2510,3.8000,-0.4500,358.0620,181.0219,358.3136,0.0000,0.0000,0.0000
103.635,377.8027,0.0148,262.9909,0.2510,3.8000,-0.4500,358.0461,181.0223,358.4808,0.0000,0.0000,0.0000
103.760,377.5511,-0.0325,263.0884,0.2510,3.8000,-0.4500,358.0489,181.0222,358.5623,0.0000,0.0000,0.0000
103.871,377.3006,-0.0730,263.1850,0.2510,3.8000,-0.4500,358.0749,181.0216,358.8110,0.0000,0.0000,0.0000
103.982,377.0906,-0.1078,263.2645,0.2510,3.8000,-0.4500,358.0749,181.0216,358.8110,0.0000,0.0000,0.0000
104.093,376.8392,-0.1443,263.3565,0.2510,3.8000,-0.4500,358.0957,181.0212,358.8930,0.0000,0.0000,0.0000
104.194,376.6306,-0.1683,263.4292,0.2510,3.8000,-0.4500,358.1676,181.0200,359.1344,0.0000,0.0000,0.0000
104.311,376.4203,-0.1944,263.4987,0.2510,3.8000,-0.4500,358.1676,181.0200,359.1345,0.0000,0.0000,0.0000
104.426,376.1689,-0.2192,263.5772,0.2510,3.8000,-0.4500,358.2335,181.0191,359.2839,0.0000,0.0000,0.0000
104.551,375.9165,-0.2422,263.6493,0.2510,3.8000,-0.4500,358.2668,181.0187,359.3567,0.0000,0.0000,0.0000
104.662,375.6635,-0.2634,263.7153,0.2510,3.8000,-0.4500,358.2668,181.0187,359.3567,0.0000,0.0000,0.0000
104.787,375.4111,-0.2785,263.7764,0.2510,3.8000,-0.4500,358.3538,181.0178,359.4962,0.0000,0.0000,0.0000
104.900,375.1585,-0.2927,263.8362,0.2510,3.8000,-0.4500,358.4018,181.0174,359.5602,0.0000,0.0000,0.0000
105.009,374.9480,-0.3026,263.8856,0.2510,3.8000,-0.4500,358.4537,181.0170,359.6215,0.0000,0.0000,0.0000
105.124,374.6950,-0.3147,263.9451,0.2510,3.8000,-0.4500,358.4537,181.0170,359.6215,0.0000,0.0000,0.0000
105.232,374.4424,-0.3237,264.0034,0.2510,3.8000,-0.4500,358.5125,181.0167,359.6785,0.0000,0.0000,0.0000
105.356,374.1896,-0.3317,264.0602,0.2510,3.8000,-0.4500,358.5749,181.0164,359.7297,0.0000,0.0000,0.0000
105.468,373.9785,-0.3389,264.1066,0.2510,3.8000,-0.4500,358.5749,181.0164,359.7297,0.0000,0.0000,0.0000
105.579,373.7254,-0.3459,264.1602,0.2510,3.8000,-0.4500,358.6479,181.0160,359.7690,0.0000,0.0000,0.0000
105.691,373.5143,-0.3514,264.2036,0.2510,3.8000,-0.4500,358.7208,181.0158,359.8068,0.0000,0.0000,0.0000
105.801,373.2606,-0.3597,264.2549,0.2510,3.8000,-0.4500,358.7208,181.0158,359.8068,0.0000,0.0000,0.0000
105.912,373.0063,-0.3684,264.3055,0.2510,3.8000,-0.4500,358.7208,181.0158,359.8067,0.0000,0.0000,0.0000
106.037,372.7518,-0.3771,264.3553,0.2510,3.8000,-0.4500,358.8034,181.0155,359.8142,0.0000,0.0000,0.0000
106.147,372.5394,-0.3851,264.3966,0.2510,3.8000,-0.4500,358.8843,181.0152,359.8184,0.0000,0.0000,0.0000
106.260,372.2844,-0.3966,264.4465,0.2510,3.8000,-0.4500,358.8843,181.0152,359.8184,0.0000,0.0000,0.0000
106.371,372.0714,-0.4066,264.4864,0.2510,3.8000,-0.4500,359.0451,181.0147,359.7844,0.0000,0.0000,0.0000
106.482,371.8155,-0.4208,264.5349,0.2510,3.8000,-0.4500,359.0451,181.0147,359.7844,0.0000,0.0000,0.0000
106.593,371.5586,-0.4366,264.5812,0.2510,3.8000,-0.4500,359.2667,181.0137,359.6861,0.0000,0.0000,0.0000
106.718,371.3019,-0.4542,264.6286,0.2510,3.8000,-0.4500,359.2667,181.0137,359.6861,0.0000,0.0000,0.0000
106.843,371.0442,-0.4742,264.6747,0.2510,3.8000,-0.4500,359.3960,181.0128,359.5888,0.0000,0.0000,0.0000
106.954,370.7861,-0.4962,264.7208,0.2510,3.8000,-0.4500,359.5174,181.0119,359.4808,0.0000,0.0000,0.0000
107.065,370.5704,-0.5162,264.7591,0.2510,3.8000,-0.4500,359.6315,181.0107,359.3631,0.0000,0.0000,0.0000
107.191,370.3119,-0.5408,264.8057,0.2510,3.8000,-0.4500,359.6867,181.0101,359.3047,0.0000,0.0000,0.0000
107.301,370.0526,-0.5678,264.8525,0.2510,3.8000,-0.4500,359.7916,181.0087,359.1779,0.0000,0.0000,0.0000
107.426,369.7929,-0.5960,264.8999,0.2510,3.8000,-0.4500,359.8940,181.0071,359.0475,0.0000,0.0000,0.0000
107.538,369.5333,-0.6247,264.9486,0.2510,3.8000,-0.4500,359.9444,181.0062,358.9824,0.0000,0.0000,0.0000
107.651,369.3168,-0.6493,264.9901,0.2510,3.8000,-0.4500,-0.0051,181.0053,358.9170,0.0000,0.0000,0.0000
107.774,369.0132,-0.6848,265.0505,0.2510,3.8000,-0.4500,0.0957,181.0033,358.7883,0.0000,0.0000,0.0000
107.885,368.7965,-0.7100,265.0960,0.2510,3.8000,-0.4500,0.1465,181.0022,358.7259,0.0000,0.0000,0.0000
108.010,368.5361,-0.7407,265.1526,0.2510,3.8000,-0.4500,0.2544,180.9997,358.5999,0.0000,0.0000,0.0000
108.121,368.2756,-0.7709,265.2108,0.2510,3.8000,-0.4500,0.3676,180.9968,358.4805,0.0000,0.0000,0.0000
108.232,368.0160,-0.7991,265.2707,0.2510,3.8000,-0.4500,0.3676,180.9968,358.4805,0.0000,0.0000,0.0000
108.343,367.7987,-0.8227,265.3202,0.2510,3.8000,-0.4500,0.4937,180.9933,358.3680,0.0000,0.0000,0.0000
108.469,367.5380,-0.8494,265.3793,0.2510,3.8000,-0.4500,0.6262,180.9894,358.2680,0.0000,0.0000,0.0000
108.579,367.2778,-0.8735,265.4383,0.2510,3.8000,-0.4500,0.6262,180.9894,358.2680,0.0000,0.0000,0.0000
108.691,367.0599,-0.8926,265.4854,0.2510,3.8000,-0.4500,0.8375,180.9828,358.1440,0.0000,0.0000,0.0000
108.816,366.7559,-0.9157,265.5532,0.2510,3.8000,-0.4500,0.8375,180.9828,358.1440,0.0000,0.0000,0.0000
108.940,366.4950,-0.9324,265.6100,0.2510,3.8000,-0.4500,0.9935,180.9777,358.0900,0.0000,0.0000,0.0000
109.053,366.2344,-0.9462,265.6679,0.2510,3.8000,-0.4500,0.9935,180.9777,358.0900,0.0000,0.0000,0.0000
109.176,365.9735,-0.9555,265.7235,0.2510,3.8000,-0.4500,1.2463,180.9691,358.0494,0.0000,0.0000,0.0000
109.302,365.7129,-0.9625,265.7798,0.2510,3.8000,-0.4500,1.2463,180.9691,358.0494,0.0000,0.0000,0.0000
109.427,365.4524,-0.9636,265.8333,0.2510,3.8000,-0.4500,1.4939,180.9607,358.0625,0.0000,0.0000,0.0000
109.539,365.1920,-0.9631,265.8871,0.2510,3.8000,-0.4500,1.4939,180.9607,358.0625,0.0000,0.0000,0.0000
109.649,364.9752,-0.9576,265.9296,0.2510,3.8000,-0.4500,1.6565,180.9553,358.1053,0.0000,0.0000,0.0000
109.773,364.6717,-0.9471,265.9879,0.2510,3.8000,-0.4500,1.7356,180.9527,358.1282,0.0000,0.0000,0.0000
109.887,364.4550,-0.9358,266.0277,0.2510,3.8000,-0.4500,1.8081,180.9503,358.1614,0.0000,0.0000,0.0000
110.010,364.1956,-0.9175,266.0732,0.2510,3.8000,-0.4500,1.9512,180.9458,358.2441,0.0000,0.0000,0.0000
110.123,363.9363,-0.8950,266.1165,0.2510,3.8000,-0.4500,2.0815,180.9420,358.3509,0.0000,0.0000,0.0000
110.233,363.6772,-0.8701,266.1579,0.2510,3.8000,-0.4500,2.1390,180.9404,358.4088,0.0000,0.0000,0.0000
110.357,363.4181,-0.8416,266.1967,0.2510,3.8000,-0.4500,2.1938,180.9388,358.4683,0.0000,0.0000,0.0000
110.482,363.1599,-0.8080,266.2323,0.2510,3.8000,-0.4500,2.2871,180.9364,358.6031,0.0000,0.0000,0.0000
110.596,362.9025,-0.7688,266.2643,0.2510,3.8000,-0.4500,2.4052,180.9338,358.8224,0.0000,0.0000,0.0000
110.705,362.6877,-0.7353,266.2884,0.2510,3.8000,-0.4500,2.4386,180.9331,358.8987,0.0000,0.0000,0.0000
110.829,362.4307,-0.6897,266.3136,0.2510,3.8000,-0.4500,2.5047,180.9319,359.0529,0.0000,0.0000,0.0000
110.954,362.1315,-0.6293,266.3372,0.2510,3.8000,-0.4500,2.5983,180.9306,359.2872,0.0000,0.0000,0.0000
111.065,361.9186,-0.5808,266.3502,0.2510,3.8000,-0.4500,2.6891,180.9296,359.5156,0.0000,0.0000,0.0000
111.177,361.6627,-0.5203,266.3622,0.2510,3.8000,-0.4500,2.7532,180.9292,359.6724,0.0000,0.0000,0.0000
111.301,361.4071,-0.4548,266.3676,0.2510,3.8000,-0.4500,2.8165,180.9289,359.8258,0.0000,0.0000,0.0000
111.426,361.1525,-0.3829,266.3592,0.2510,3.8000,-0.4500,2.9165,180.9288,0.0562,0.0000,0.0000,0.0000
111.537,360.8983,-0.3082,266.3392,0.2510,3.8000,-0.4500,2.9828,180.9290,0.2058,0.0000,0.0000,0.0000
111.650,360.6870,-0.2436,266.3170,0.2510,3.8000,-0.4500,3.0164,180.9291,0.2807,0.0000,0.0000,0.0000
111.774,360.3925,-0.1448,266.2866,0.2510,3.8000,-0.4500,3.1214,180.9298,0.5112,0.0000,0.0000,0.0000
111.885,360.1834,-0.0686,266.2719,0.2510,3.8000,-0.4500,3.2263,180.9310,0.7404,0.0000,0.0000,0.0000
112.010,359.9317,0.0215,266.2639,0.2510,3.8000,-0.4500,3.2263,180.9310,0.7404,0.0000,0.0000,0.0000
112.120,359.6824,0.1196,266.2638,0.2510,3.8000,-0.4500,3.2962,180.9320,0.8942,0.0000,0.0000,0.0000
112.232,359.4347,0.2219,266.2718,0.2510,3.8000,-0.4500,3.3650,180.9332,1.0478,0.0000,0.0000,0.0000
112.345,359.2300,0.3120,266.2836,0.2510,3.8000,-0.4500,3.4646,180.9352,1.2781,0.0000,0.0000,0.0000
112.468,358.9848,0.4191,266.3074,0.2510,3.8000,-0.4500,3.4956,180.9359,1.3508,0.0000,0.0000,0.0000
112.593,358.6998,0.5460,266.3463,0.2510,3.8000,-0.4500,3.4956,180.9359,1.3507,0.0000,0.0000,0.0000
112.705,358.4975,0.6399,266.3793,0.2510,3.8000,-0.4500,3.5229,180.9366,1.4281,0.0000,0.0000,0.0000
112.816,358.2550,0.7521,266.4235,0.2510,3.8000,-0.4500,3.5229,180.9366,1.4281,0.0000,0.0000,0.0000
112.926,358.0541,0.8477,266.4638,0.2510,3.8000,-0.4500,3.5448,180.9371,1.5066,0.0000,0.0000,0.0000
113.052,357.7736,0.9809,266.5261,0.2510,3.8000,-0.4500,3.5658,180.9377,1.5843,0.0000,0.0000,0.0000
113.164,357.5733,1.0744,266.5742,0.2510,3.8000,-0.4500,3.5658,180.9377,1.5843,0.0000,0.0000,0.0000
113.273,357.3331,1.1851,266.6340,0.2510,3.8000,-0.4500,3.5658,180.9377,1.5843,0.0000,0.0000,0.0000
113.399,357.0928,1.2935,266.6952,0.2510,3.8000,-0.4500,3.5658,180.9377,1.5843,0.0000,0.0000,0.0000
113.510,356.8924,1.3814,266.7470,0.2510,3.8000,-0.4500,3.5658,180.9377,1.5843,0.0000,0.0000,0.0000
113.635,356.6115,1.5001,266.8212,0.2510,3.8000,-0.4500,3.5658,180.9377,1.5843,0.0000,0.0000,0.0000
113.746,356.4107,1.5812,266.8756,0.2510,3.8000,-0.4500,3.5658,180.9377,1.5843,0.0000,0.0000,0.0000
113.857,356.1693,1.6738,266.9424,0.2510,3.8000,-0.4500,3.5658,180.9377,1.5843,0.0000,0.0000,0.0000
113.980,355.9275,1.7605,267.0108,0.2510,3.8000,-0.4500,3.5658,180.9377,1.5843,0.0000,0.0000,0.0000
114.105,355.6851,1.8390,267.0824,0.2510,3.8000,-0.4500,3.3109,180.9306,1.5861,0.0000,0.0000,0.0000
114.216,355.4417,1.9108,267.1550,0.2510,3.8000,-0.4500,3.1477,180.9261,1.5746,0.0000,0.0000,0.0000
114.341,355.1968,1.9710,267.2308,0.2510,3.8000,-0.4500,2.7517,180.9156,1.4430,0.0000,0.0000,0.0000
114.454,354.9512,2.0260,267.3060,0.2510,3.8000,-0.4500,2.6075,180.9121,1.3749,0.0000,0.0000,0.0000
114.565,354.7450,2.0615,267.3704,0.2510,3.8000,-0.4500,2.3076,180.9053,1.1981,0.0000,0.0000,0.0000
114.675,354.4965,2.0969,267.4472,0.2510,3.8000,-0.4500,2.0314,180.9000,1.0162,0.0000,0.0000,0.0000
114.800,354.2468,2.1220,267.5236,0.2510,3.8000,-0.4500,1.7516,180.8955,0.8056,0.0000,0.0000,0.0000
114.925,353.9959,2.1373,267.5995,0.2510,3.8000,-0.4500,1.4860,180.8923,0.5970,0.0000,0.0000,0.0000
115.049,353.7434,2.1409,267.6755,0.2510,3.8000,-0.4500,1.1617,180.8896,0.3261,0.0000,0.0000,0.0000
115.175,353.4481,2.1348,267.7632,0.2510,3.8000,-0.4500,0.9086,180.8887,0.1085,0.0000,0.0000,0.0000
115.286,353.2356,2.1183,267.8271,0.2510,3.8000,-0.4500,0.5824,180.8889,359.8204,0.0000,0.0000,0.0000
115.411,352.9806,2.0926,267.9035,0.2510,3.8000,-0.4500,0.3378,180.8901,359.6006,0.0000,0.0000,0.0000
115.522,352.7250,2.0566,267.9811,0.2510,3.8000,-0.4500,0.0940,180.8923,359.3781,0.0000,0.0000,0.0000
115.633,352.4688,2.0108,268.0603,0.2510,3.8000,-0.4500,359.8487,180.8954,359.1516,0.0000,0.0000,0.0000
115.758,352.2117,1.9537,268.1419,0.2510,3.8000,-0.4500,359.5368,180.9008,358.8588,0.0000,0.0000,0.0000
115.884,351.9551,1.8906,268.2247,0.2510,3.8000,-0.4500,359.3557,180.9047,358.6866,0.0000,0.0000,0.0000
115.994,351.6982,1.8189,268.3100,0.2510,3.8000,-0.4500,359.1751,180.9091,358.5134,0.0000,0.0000,0.0000
116.119,351.4408,1.7378,268.3982,0.2510,3.8000,-0.4500,358.9402,180.9157,358.2848,0.0000,0.0000,0.0000
116.232,351.1837,1.6505,268.4886,0.2510,3.8000,-0.4500,358.7554,180.9216,358.1010,0.0000,0.0000,0.0000
116.342,350.9696,1.5736,268.5657,0.2510,3.8000,-0.4500,358.6366,180.9256,357.9821,0.0000,0.0000,0.0000
116.466,350.7128,1.4767,268.6607,0.2510,3.8000,-0.4500,358.5222,180.9298,357.8650,0.0000,0.0000,0.0000
116.591,350.4561,1.3746,268.7579,0.2510,3.8000,-0.4500,358.4062,180.9342,357.7437,0.0000,0.0000,0.0000
116.716,350.1565,1.2494,268.8742,0.2510,3.8000,-0.4500,358.2388,180.9411,357.5638,0.0000,0.0000,0.0000
116.827,349.9433,1.1607,268.9584,0.2510,3.8000,-0.4500,358.2388,180.9411,357.5638,0.0000,0.0000,0.0000
116.939,349.6868,1.0507,269.0609,0.2510,3.8000,-0.4500,358.1869,180.9433,357.5027,0.0000,0.0000,0.0000
117.049,349.4734,0.9594,269.1469,0.2510,3.8000,-0.4500,358.1869,180.9433,357.5027,0.0000,0.0000,0.0000
117.161,349.2172,0.8496,269.2508,0.2510,3.8000,-0.4500,358.1869,180.9433,357.5027,0.0000,0.0000,0.0000
117.286,348.9609,0.7404,269.3550,0.2510,3.8000,-0.4500,358.1869,180.9433,357.5027,0.0000,0.0000,0.0000
117.398,348.7045,0.6329,269.4591,0.2510,3.8000,-0.4500,358.1869,180.9433,357.5028,0.0000,0.0000,0.0000
117.508,348.4906,0.5452,269.5456,0.2510,3.8000,-0.4500,358.1869,180.9433,357.5027,0.0000,0.0000,0.0000
117.619,348.2339,0.4431,269.6491,0.2510,3.8000,-0.4500,358.1869,180.9433,357.5027,0.0000,0.0000,0.0000
117.730,348.0201,0.3611,269.7349,0.2510,3.8000,-0.4500,358.1869,180.9433,357.5027,0.0000,0.0000,0.0000
117.841,347.7634,0.2672,269.8373,0.2510,3.8000,-0.4500,358.1869,180.9433,357.5027,0.0000,0.0000,0.0000
117.952,347.5068,0.1789,269.9390,0.2510,3.8000,-0.4500,358.1869,180.9433,357.5027,0.0000,0.0000,0.0000
118.064,347.2930,0.1099,270.0233,0.2510,3.8000,-0.4500,358.1869,180.9433,357.5028,0.0000,0.0000,0.0000
118.189,347.0364,0.0333,270.1236,0.2510,3.8000,-0.4500,358.1869,180.9433,357.5027,0.0000,0.0000,0.0000
118.298,346.7799,-0.0363,270.2226,0.2510,3.8000,-0.4500,358.1869,180.9433,357.5027,0.0000,0.0000,0.0000
118.424,346.5238,-0.0935,270.3177,0.2510,3.8000,-0.4500,358.6070,180.9253,357.5906,0.0000,0.0000,0.0000
118.548,346.2678,-0.1446,270.4122,0.2510,3.8000,-0.4500,358.8383,180.9157,357.6730,0.0000,0.0000,0.0000
118.661,346.0119,-0.1874,270.5044,0.2510,3.8000,-0.4500,359.0695,180.9065,357.7760,0.0000,0.0000,0.0000
118.771,345.7562,-0.2209,270.5934,0.2510,3.8000,-0.4500,359.3685,180.8953,357.9273,0.0000,0.0000,0.0000
118.882,345.5428,-0.2445,270.6655,0.2510,3.8000,-0.4500,359.5116,180.8902,358.0057,0.0000,0.0000,0.0000
118.993,345.2872,-0.2634,270.7478,0.2510,3.8000,-0.4500,359.8009,180.8805,358.1747,0.0000,0.0000,0.0000
119.104,345.0741,-0.2738,270.8132,0.2510,3.8000,-0.4500,0.0161,180.8739,358.3051,0.0000,0.0000,0.0000
119.229,344.8182,-0.2804,270.8878,0.2510,3.8000,-0.4500,0.2305,180.8678,358.4363,0.0000,0.0000,0.0000
119.354,344.5197,-0.2788,270.9686,0.2510,3.8000,-0.4500,0.5126,180.8605,358.6097,0.0000,0.0000,0.0000
119.466,344.3064,-0.2735,271.0227,0.2510,3.8000,-0.4500,0.6522,180.8573,358.6950,0.0000,0.0000,0.0000
119.576,344.0505,-0.2609,271.0834,0.2510,3.8000,-0.4500,0.8651,180.8527,358.8230,0.0000,0.0000,0.0000
119.687,343.8375,-0.2457,271.1302,0.2510,3.8000,-0.4500,1.0813,180.8484,358.9491,0.0000,0.0000,0.0000
119.799,343.5811,-0.2252,271.1820,0.2510,3.8000,-0.4500,1.2239,180.8459,359.0292,0.0000,0.0000,0.0000
119.912,343.3245,-0.2019,271.2292,0.2510,3.8000,-0.4500,1.2945,180.8448,359.0685,0.0000,0.0000,0.0000
120.021,343.1109,-0.1782,271.2646,0.2510,3.8000,-0.4500,1.4468,180.8424,359.1466,0.0000,0.0000,0.0000
