time_sec,world_x,world_y,world_z,local_x,local_y,local_z,world_rot_x,world_rot_y,world_rot_z,local_rot_x,local_rot_y,local_rot_z
0.000,598.8699,5.2478,250.4535,0.2510,3.8000,-0.4500,0.0000,180.0000,0.0000,0.0000,0.0000,0.0000
0.000,598.8699,5.2478,250.4535,0.2510,3.8000,-0.4500,0.0000,180.0000,0.0000,0.0000,0.0000,0.0000
0.107,598.6557,5.0566,250.4581,0.2510,3.8000,-0.4500,0.0000,180.0000,0.0000,0.0000,0.0000,0.0000
0.208,598.3493,4.7913,250.4622,0.2510,3.8000,-0.4500,0.0000,180.0000,0.0000,0.0000,0.0000,0.0000
0.320,597.8721,4.3853,250.4667,0.2510,3.8000,-0.4500,0.0000,180.0000,0.0000,0.0000,0.0000,0.0000
0.429,597.2884,3.8939,250.4707,0.2510,3.8000,-0.4500,0.0000,180.0000,0.0000,0.0000,0.0000,0.0000
0.541,596.7295,3.4263,250.4736,0.2510,3.8000,-0.4500,0.0000,180.0000,0.0000,0.0000,0.0000,0.0000
0.666,595.9811,2.8030,250.4768,0.2510,3.8000,-0.4500,0.0000,180.0000,0.0000,0.0000,0.0000,0.0000
0.777,595.1570,2.1191,250.4796,0.2510,3.8000,-0.4500,0.0000,180.0000,0.0000,0.0000,0.0000,0.0000
0.890,594.2662,1.3816,250.4821,0.2510,3.8000,-0.4500,0.0000,180.0000,0.0000,0.0000,0.0000,0.0000
1.001,593.4781,0.7305,250.4839,0.2510,3.8000,-0.4500,0.0000,180.0000,0.0000,0.0000,0.0000,0.0000
1.111,592.4838,-0.0899,250.4859,0.2510,3.8000,-0.4500,0.0000,180.0000,0.0000,0.0000,0.0000,0.0000
1.236,591.4421,-0.9484,250.4877,0.2510,3.8000,-0.4500,0.0000,180.0000,0.0000,0.0000,0.0000,0.0000
1.347,590.5416,-1.6897,250.4890,0.2510,3.8000,-0.4500,0.0000,180.0000,0.0000,0.0000,0.0000,0.0000
1.458,589.5120,-2.5640,250.4943,0.2510,3.8000,-0.4500,359.4229,180.0000,0.0017,0.0000,0.0000,0.0000
1.583,588.8162,-3.2372,250.5307,0.2510,3.8000,-0.4500,355.4902,179.9995,0.0113,0.0000,0.0000,0.0000
1.708,588.2650,-3.6165,250.6895,0.2510,3.8000,-0.4500,352.3249,179.9988,0.0124,0.0000,0.0000,0.0000
1.820,587.9678,-3.7222,250.9149,0.2510,3.8000,-0.4500,351.2357,179.9986,0.0058,0.0000,0.0000,0.0000
1.920,587.7165,-3.7743,251.2182,0.2510,3.8000,-0.4500,350.6822,179.9986,359.9938,0.0000,0.0000,0.0000
2.028,587.4932,-3.8242,251.5763,0.2510,3.8000,-0.4500,350.6822,179.9986,359.9938,0.0000,0.0000,0.0000
2.139,587.2470,-3.9312,252.0531,0.2510,3.8000,-0.4500,350.6822,179.9986,359.9938,0.0000,0.0000,0.0000
2.250,587.0145,-4.1047,252.5581,0.2510,3.8000,-0.4500,350.6822,179.9986,359.9938,0.0000,0.0000,0.0000
2.362,586.8266,-4.2949,252.9903,0.2510,3.8000,-0.4500,350.6822,179.9986,359.9938,0.0000,0.0000,0.0000
2.487,586.6050,-4.5598,253.5172,0.2510,3.8000,-0.4500,350.6822,179.9986,359.9938,0.0000,0.0000,0.0000
2.587,586.4221,-4.7954,253.9611,0.2510,3.8000,-0.4500,350.6822,179.9986,359.9938,0.0000,0.0000,0.0000
2.695,586.2039,-5.0807,254.4988,0.2510,3.8000,-0.4500,350.6822,179.9986,359.9938,0.0000,0.0000,0.0000
2.821,585.9860,-5.3568,255.0411,0.2510,3.8000,-0.4500,350.6822,179.9986,359.9938,0.0000,0.0000,0.0000
2.931,585.7668,-5.6212,255.5858,0.2510,3.8000,-0.4500,350.8388,179.9982,359.7824,0.0000,0.0000,0.0000
3.056,585.5475,-5.8716,256.1327,0.2510,3.8000,-0.4500,351.2038,179.9956,359.4088,0.0000,0.0000,0.0000
3.181,585.3301,-6.1074,256.6832,0.2510,3.8000,-0.4500,351.4841,179.9921,359.2074,0.0000,0.0000,0.0000
3.295,585.1121,-6.3323,257.2347,0.2510,3.8000,-0.4500,351.9541,179.9844,358.9257,0.0000,0.0000,0.0000
3.403,584.9307,-6.5128,257.6955,0.2510,3.8000,-0.4500,352.3565,179.9760,358.7116,0.0000,0.0000,0.0000
3.517,584.7131,-6.7217,258.2498,0.2510,3.8000,-0.4500,352.8570,179.9635,358.4643,0.0000,0.0000,0.0000
3.640,584.4952,-6.9224,258.8050,0.2510,3.8000,-0.4500,353.3853,179.9481,358.2159,0.0000,0.0000,0.0000
3.751,584.2771,-7.1136,259.3610,0.2510,3.8000,-0.4500,353.9458,179.9293,357.9620,0.0000,0.0000,0.0000
3.862,584.0948,-7.2652,259.8249,0.2510,3.8000,-0.4500,354.4373,179.9108,357.7470,0.0000,0.0000,0.0000
3.987,583.8757,-7.4362,260.3821,0.2510,3.8000,-0.4500,355.0551,179.8850,357.4879,0.0000,0.0000,0.0000
4.099,583.6557,-7.5939,260.9398,0.2510,3.8000,-0.4500,355.7006,179.8551,357.2325,0.0000,0.0000,0.0000
4.223,583.4351,-7.7373,261.4977,0.2510,3.8000,-0.4500,356.3710,179.8211,356.9879,0.0000,0.0000,0.0000
4.348,583.2131,-7.8648,262.0554,0.2510,3.8000,-0.4500,357.0630,179.7833,356.7638,0.0000,0.0000,0.0000
4.448,583.0275,-7.9580,262.5197,0.2510,3.8000,-0.4500,357.6537,179.7490,356.6004,0.0000,0.0000,0.0000
4.559,582.8036,-8.0531,263.0762,0.2510,3.8000,-0.4500,358.3766,179.7049,356.4403,0.0000,0.0000,0.0000
4.668,582.6163,-8.1175,263.5388,0.2510,3.8000,-0.4500,358.9880,179.6663,356.3412,0.0000,0.0000,0.0000
4.781,582.3903,-8.1759,264.0922,0.2510,3.8000,-0.4500,359.7295,179.6184,356.2676,0.0000,0.0000,0.0000
4.889,582.1631,-8.2130,264.6429,0.2510,3.8000,-0.4500,0.4749,179.5695,356.2462,0.0000,0.0000,0.0000
5.014,581.9349,-8.2275,265.1904,0.2510,3.8000,-0.4500,1.2201,179.5208,356.2790,0.0000,0.0000,0.0000
5.114,581.7442,-8.2220,265.6436,0.2510,3.8000,-0.4500,1.8370,179.4810,356.3485,0.0000,0.0000,0.0000
5.237,581.5143,-8.1936,266.1831,0.2510,3.8000,-0.4500,2.5682,179.4351,356.4825,0.0000,0.0000,0.0000
5.362,581.2841,-8.1413,266.7174,0.2510,3.8000,-0.4500,3.2843,179.3922,356.6708,0.0000,0.0000,0.0000
5.462,581.0924,-8.0791,267.1581,0.2510,3.8000,-0.4500,3.8655,179.3592,356.8680,0.0000,0.0000,0.0000
5.572,580.8627,-7.9826,267.6813,0.2510,3.8000,-0.4500,4.5396,179.3239,357.1506,0.0000,0.0000,0.0000
5.684,580.6721,-7.8839,268.1122,0.2510,3.8000,-0.4500,5.0781,179.2982,357.4221,0.0000,0.0000,0.0000
5.793,580.4444,-7.7443,268.6230,0.2510,3.8000,-0.4500,5.6918,179.2724,357.7877,0.0000,0.0000,0.0000
5.917,580.2184,-7.5821,269.1267,0.2510,3.8000,-0.4500,6.2654,179.2521,358.1921,0.0000,0.0000,0.0000
6.029,579.9949,-7.3985,269.6237,0.2510,3.8000,-0.4500,6.7941,179.2373,358.6303,0.0000,0.0000,0.0000
6.140,579.8107,-7.2297,270.0328,0.2510,3.8000,-0.4500,7.1972,179.2289,359.0171,0.0000,0.0000,0.0000
6.265,579.5928,-7.0098,270.5179,0.2510,3.8000,-0.4500,7.6328,179.2232,359.5023,0.0000,0.0000,0.0000
6.390,579.3428,-6.7314,271.0654,0.2510,3.8000,-0.4500,8.0701,179.2215,0.0892,0.0000,0.0000,0.0000
6.501,579.1642,-6.5254,271.4034,0.2510,3.8000,-0.4500,8.3324,179.2229,0.5178,0.0000,0.0000,0.0000
6.612,578.9484,-6.2763,271.7264,0.2510,3.8000,-0.4500,8.5869,179.2263,1.0388,0.0000,0.0000,0.0000
6.723,578.7673,-6.0688,271.9324,0.2510,3.8000,-0.4500,8.7476,179.2299,1.4766,0.0000,0.0000,0.0000
6.834,578.5496,-5.8195,272.1216,0.2510,3.8000,-0.4500,8.8821,179.2340,2.0022,0.0000,0.0000,0.0000
6.948,578.3689,-5.6097,272.2455,0.2510,3.8000,-0.4500,8.9503,179.2366,2.4373,0.0000,0.0000,0.0000
7.058,578.1544,-5.3546,272.3691,0.2510,3.8000,-0.4500,8.9855,179.2383,2.9509,0.0000,0.0000,0.0000
7.167,577.9771,-5.1393,272.4601,0.2510,3.8000,-0.4500,8.9811,179.2380,3.2899,0.0000,0.0000,0.0000
7.281,577.7687,-4.8743,272.5618,0.2510,3.8000,-0.4500,8.9362,179.2351,3.8085,0.0000,0.0000,0.0000
7.389,577.5638,-4.6051,272.6624,0.2510,3.8000,-0.4500,8.8692,179.2304,4.2163,0.0000,0.0000,0.0000
7.490,577.3962,-4.3774,272.7480,0.2510,3.8000,-0.4500,8.7866,179.2240,4.5372,0.0000,0.0000,0.0000
7.600,577.2321,-4.1452,272.8368,0.2510,3.8000,-0.4500,8.6519,179.2126,4.9403,0.0000,0.0000,0.0000
7.709,577.0375,-3.8661,272.9491,0.2510,3.8000,-0.4500,8.5234,179.2010,5.2390,0.0000,0.0000,0.0000
7.809,576.8784,-3.6318,273.0483,0.2510,3.8000,-0.4500,8.3661,179.1860,5.5288,0.0000,0.0000,0.0000
7.919,576.7219,-3.3965,273.1530,0.2510,3.8000,-0.4500,8.1845,179.1678,5.8079,0.0000,0.0000,0.0000
8.028,576.5667,-3.1627,273.2631,0.2510,3.8000,-0.4500,8.0160,179.1502,6.0122,0.0000,0.0000,0.0000
8.139,576.3836,-2.8822,273.4034,0.2510,3.8000,-0.4500,7.7182,179.1177,6.3257,0.0000,0.0000,0.0000
8.265,576.2021,-2.6057,273.5518,0.2510,3.8000,-0.4500,7.4680,179.0892,6.5364,0.0000,0.0000,0.0000
8.376,576.0223,-2.3325,273.7090,0.2510,3.8000,-0.4500,7.1229,179.0486,6.7624,0.0000,0.0000,0.0000
8.502,575.8428,-2.0652,273.8733,0.2510,3.8000,-0.4500,6.9045,179.0223,6.8772,0.0000,0.0000,0.0000
8.614,575.6642,-1.8033,274.0456,0.2510,3.8000,-0.4500,6.5048,178.9732,7.0344,0.0000,0.0000,0.0000
8.723,575.5152,-1.5903,274.1944,0.2510,3.8000,-0.4500,6.1903,178.9339,7.1248,0.0000,0.0000,0.0000
8.848,575.3356,-1.3418,274.3777,0.2510,3.8000,-0.4500,5.8582,178.8920,7.1774,0.0000,0.0000,0.0000
8.959,575.1555,-1.1055,274.4528,0.2510,3.8000,-0.4500,5.6083,178.8603,7.1943,0.0000,0.0000,0.0000
9.070,574.9813,-0.8976,274.2246,0.2510,3.8000,-0.4500,5.4409,178.8390,7.1971,0.0000,0.0000,0.0000
9.195,574.8141,-0.7164,273.7444,0.2510,3.8000,-0.4500,5.1071,178.7967,7.1788,0.0000,0.0000,0.0000
9.320,574.6512,-0.5507,273.1129,0.2510,3.8000,-0.4500,4.9435,178.7760,7.1631,0.0000,0.0000,0.0000
9.445,574.4902,-0.3946,272.4051,0.2510,3.8000,-0.4500,4.7822,178.7557,7.1442,0.0000,0.0000,0.0000
9.570,574.3029,-0.2199,271.5359,0.2510,3.8000,-0.4500,4.6200,178.7354,7.1154,0.0000,0.0000,0.0000
9.695,574.1413,-0.0752,270.7769,0.2510,3.8000,-0.4500,4.3788,178.7053,7.0574,0.0000,0.0000,0.0000
9.820,573.9789,0.0658,270.0135,0.2510,3.8000,-0.4500,4.1434,178.6762,6.9712,0.0000,0.0000,0.0000
9.945,573.8152,0.2035,269.2495,0.2510,3.8000,-0.4500,3.9166,178.6487,6.8575,0.0000,0.0000,0.0000
10.057,573.6501,0.3371,268.4865,0.2510,3.8000,-0.4500,3.7074,178.6237,6.7256,0.0000,0.0000,0.0000
10.168,573.5114,0.4458,267.8514,0.2510,3.8000,-0.4500,3.5771,178.6084,6.6270,0.0000,0.0000,0.0000
10.279,573.3430,0.5704,267.0912,0.2510,3.8000,-0.4500,3.3882,178.5866,6.4658,0.0000,0.0000,0.0000
10.404,573.1718,0.6874,266.3328,0.2510,3.8000,-0.4500,3.1437,178.5594,6.1947,0.0000,0.0000,0.0000
10.515,572.9982,0.7981,265.5759,0.2510,3.8000,-0.4500,2.9279,178.5365,5.9260,0.0000,0.0000,0.0000
10.615,572.8511,0.8845,264.9464,0.2510,3.8000,-0.4500,2.7390,178.5173,5.6527,0.0000,0.0000,0.0000
10.723,572.7026,0.9657,264.3176,0.2510,3.8000,-0.4500,2.5665,178.5006,5.3647,0.0000,0.0000,0.0000
10.840,572.5222,1.0571,263.5639,0.2510,3.8000,-0.4500,2.4077,178.4861,5.0729,0.0000,0.0000,0.0000
10.949,572.3385,1.1389,262.8115,0.2510,3.8000,-0.4500,2.2184,178.4699,4.6870,0.0000,0.0000,0.0000
11.060,572.1827,1.1990,262.1855,0.2510,3.8000,-0.4500,2.0441,178.4562,4.2964,0.0000,0.0000,0.0000
11.172,571.9944,1.2647,261.4349,0.2510,3.8000,-0.4500,1.8821,178.4446,3.9034,0.0000,0.0000,0.0000
11.283,571.8347,1.3108,260.8102,0.2510,3.8000,-0.4500,1.7272,178.4345,3.5015,0.0000,0.0000,0.0000
11.394,571.6411,1.3589,260.0612,0.2510,3.8000,-0.4500,1.5795,178.4260,3.0924,0.0000,0.0000,0.0000
11.507,571.4773,1.3897,259.4378,0.2510,3.8000,-0.4500,1.4354,178.4188,2.6726,0.0000,0.0000,0.0000
11.629,571.2452,1.4210,258.5657,0.2510,3.8000,-0.4500,1.2470,178.4109,2.0926,0.0000,0.0000,0.0000
11.736,571.0774,1.4346,257.9434,0.2510,3.8000,-0.4500,1.1194,178.4067,1.6784,0.0000,0.0000,0.0000
11.852,570.8738,1.4407,257.1971,0.2510,3.8000,-0.4500,0.9710,178.4031,1.1760,0.0000,0.0000,0.0000
11.962,570.7026,1.4373,256.5757,0.2510,3.8000,-0.4500,0.8503,178.4010,0.7511,0.0000,0.0000,0.0000
12.071,570.4953,1.4228,255.8312,0.2510,3.8000,-0.4500,0.7088,178.3998,0.2340,0.0000,0.0000,0.0000
12.182,570.3206,1.4019,255.2188,0.2510,3.8000,-0.4500,0.5933,178.3998,359.7979,0.0000,0.0000,0.0000
12.297,570.1087,1.3664,254.5018,0.2510,3.8000,-0.4500,0.4572,178.4009,359.2697,0.0000,0.0000,0.0000
12.418,569.8944,1.3194,253.8045,0.2510,3.8000,-0.4500,0.3231,178.4032,358.7380,0.0000,0.0000,0.0000
12.543,569.6784,1.2608,253.1229,0.2510,3.8000,-0.4500,0.1903,178.4068,358.2053,0.0000,0.0000,0.0000
12.656,569.4606,1.1906,252.4529,0.2510,3.8000,-0.4500,0.0588,178.4115,357.6747,0.0000,0.0000,0.0000
12.768,569.2783,1.1236,251.9006,0.2510,3.8000,-0.4500,359.9502,178.4163,357.2361,0.0000,0.0000,0.0000
12.882,569.0588,1.0329,251.2429,0.2510,3.8000,-0.4500,359.8216,178.4231,356.7177,0.0000,0.0000,0.0000
12.993,568.8389,0.9317,250.5886,0.2510,3.8000,-0.4500,359.6951,178.4309,356.2106,0.0000,0.0000,0.0000
13.099,568.6554,0.8394,250.0451,0.2510,3.8000,-0.4500,359.5917,178.4381,355.7993,0.0000,0.0000,0.0000
13.199,568.4723,0.7418,249.4977,0.2510,3.8000,-0.4500,359.5095,178.4444,355.4750,0.0000,0.0000,0.0000
13.320,568.2534,0.6158,248.8180,0.2510,3.8000,-0.4500,359.4039,178.4532,355.0619,0.0000,0.0000,0.0000
13.445,568.0356,0.4795,248.1122,0.2510,3.8000,-0.4500,359.2788,178.4645,354.5705,0.0000,0.0000,0.0000
13.556,567.8195,0.3390,247.3866,0.2510,3.8000,-0.4500,359.1971,178.4725,354.2445,0.0000,0.0000,0.0000
13.667,567.6401,0.2167,246.7719,0.2510,3.8000,-0.4500,359.1371,178.4787,354.0024,0.0000,0.0000,0.0000
13.781,567.4254,0.0636,246.0265,0.2510,3.8000,-0.4500,359.0574,178.4873,353.6797,0.0000,0.0000,0.0000
13.890,567.2115,-0.0941,245.2759,0.2510,3.8000,-0.4500,358.9971,178.4942,353.4376,0.0000,0.0000,0.0000
14.004,567.0332,-0.2299,244.6480,0.2510,3.8000,-0.4500,358.9351,178.5014,353.1953,0.0000,0.0000,0.0000
14.114,566.8206,-0.3927,243.8925,0.2510,3.8000,-0.4500,358.9149,178.5038,353.1171,0.0000,0.0000,0.0000
14.223,566.6426,-0.5347,243.2621,0.2510,3.8000,-0.4500,358.8466,178.5122,352.8770,0.0000,0.0000,0.0000
14.347,566.4294,-0.7014,242.5262,0.2510,3.8000,-0.4500,358.8466,178.5122,352.8770,0.0000,0.0000,0.0000
14.459,566.2084,-0.8746,241.9218,0.2510,3.8000,-0.4500,358.8181,178.5158,352.8013,0.0000,0.0000,0.0000
14.584,565.9775,-1.0517,241.4808,0.2510,3.8000,-0.4500,358.8181,178.5158,352.8013,0.0000,0.0000,0.0000
14.709,565.6994,-1.2673,241.2604,0.2510,3.8000,-0.4500,358.8181,178.5158,352.8013,0.0000,0.0000,0.0000
14.834,565.4587,-1.4624,241.2788,0.2510,3.8000,-0.4500,358.6979,178.5311,352.6884,0.0000,0.0000,0.0000
14.945,565.2588,-1.6302,241.3800,0.2510,3.8000,-0.4500,358.4633,178.5614,352.6127,0.0000,0.0000,0.0000
15.055,565.0205,-1.8338,241.5643,0.2510,3.8000,-0.4500,358.1379,178.6037,352.6029,0.0000,0.0000,0.0000
15.166,564.8237,-2.0047,241.7512,0.2510,3.8000,-0.4500,357.8097,178.6461,352.6995,0.0000,0.0000,0.0000
15.281,564.5887,-2.2100,241.9987,0.2510,3.8000,-0.4500,357.3538,178.7037,352.9286,0.0000,0.0000,0.0000
15.402,564.3543,-2.4156,242.2589,0.2510,3.8000,-0.4500,357.0188,178.7446,353.1686,0.0000,0.0000,0.0000
15.527,564.1207,-2.6196,242.5261,0.2510,3.8000,-0.4500,356.6307,178.7900,353.5215,0.0000,0.0000,0.0000
15.639,563.8869,-2.8226,242.7948,0.2510,3.8000,-0.4500,356.2570,178.8312,353.9085,0.0000,0.0000,0.0000
15.749,563.6530,-3.0234,243.0620,0.2510,3.8000,-0.4500,355.9038,178.8678,354.3134,0.0000,0.0000,0.0000
15.861,563.4576,-3.1891,243.2823,0.2510,3.8000,-0.4500,355.6219,178.8951,354.6629,0.0000,0.0000,0.0000
15.986,563.2229,-3.3850,243.5430,0.2510,3.8000,-0.4500,355.2961,178.9244,355.0957,0.0000,0.0000,0.0000
16.100,562.9877,-3.5772,243.7994,0.2510,3.8000,-0.4500,354.9835,178.9501,355.5404,0.0000,0.0000,0.0000
16.225,562.7518,-3.7656,244.0511,0.2510,3.8000,-0.4500,354.6847,178.9723,355.9937,0.0000,0.0000,0.0000
16.343,562.5156,-3.9495,244.2983,0.2510,3.8000,-0.4500,354.4007,178.9911,356.4520,0.0000,0.0000,0.0000
16.445,562.3185,-4.0993,244.5010,0.2510,3.8000,-0.4500,354.1760,179.0044,356.8353,0.0000,0.0000,0.0000
16.555,562.0815,-4.2744,244.7405,0.2510,3.8000,-0.4500,353.9216,179.0175,357.2942,0.0000,0.0000,0.0000
16.679,561.8441,-4.4447,244.9764,0.2510,3.8000,-0.4500,353.6844,179.0278,357.7490,0.0000,0.0000,0.0000
16.805,561.6066,-4.6096,245.2090,0.2510,3.8000,-0.4500,353.4651,179.0357,358.1973,0.0000,0.0000,0.0000
16.930,561.3289,-4.7965,245.4768,0.2510,3.8000,-0.4500,353.2645,179.0413,358.6364,0.0000,0.0000,0.0000
17.044,561.1305,-4.9263,245.6662,0.2510,3.8000,-0.4500,353.1648,179.0435,358.8736,0.0000,0.0000,0.0000
17.152,560.8939,-5.0741,245.8934,0.2510,3.8000,-0.4500,352.9646,179.0466,359.3792,0.0000,0.0000,0.0000
17.263,560.6953,-5.1954,246.0812,0.2510,3.8000,-0.4500,352.8770,179.0473,359.6152,0.0000,0.0000,0.0000
17.388,560.4182,-5.3590,246.3435,0.2510,3.8000,-0.4500,352.7708,179.0478,359.9320,0.0000,0.0000,0.0000
17.513,560.1828,-5.4891,246.5694,0.2510,3.8000,-0.4500,352.6233,179.0473,0.4506,0.0000,0.0000,0.0000
17.639,559.9462,-5.6174,246.7947,0.2510,3.8000,-0.4500,352.5649,179.0467,0.6997,0.0000,0.0000,0.0000
17.764,559.7106,-5.7384,247.0213,0.2510,3.8000,-0.4500,352.4995,179.0457,1.0309,0.0000,0.0000,0.0000
17.889,559.4370,-5.8711,247.2869,0.2510,3.8000,-0.4500,352.4514,179.0447,1.4513,0.0000,0.0000,0.0000
18.001,559.2407,-5.9640,247.4773,0.2510,3.8000,-0.4500,352.4485,179.0446,1.5353,0.0000,0.0000,0.0000
18.125,559.0082,-6.0643,247.7078,0.2510,3.8000,-0.4500,352.4504,179.0447,1.9513,0.0000,0.0000,0.0000
18.251,558.7361,-6.1778,247.9784,0.2510,3.8000,-0.4500,352.4735,179.0455,2.1226,0.0000,0.0000,0.0000
18.361,558.5428,-6.2522,248.1734,0.2510,3.8000,-0.4500,352.5014,179.0466,2.2934,0.0000,0.0000,0.0000
18.486,558.3134,-6.3304,248.4093,0.2510,3.8000,-0.4500,352.6210,179.0519,2.7058,0.0000,0.0000,0.0000
18.611,558.0445,-6.4179,248.6873,0.2510,3.8000,-0.4500,352.6885,179.0552,2.8555,0.0000,0.0000,0.0000
18.736,557.8162,-6.4805,248.9281,0.2510,3.8000,-0.4500,352.8489,179.0637,3.1499,0.0000,0.0000,0.0000
18.864,557.5890,-6.5343,249.1713,0.2510,3.8000,-0.4500,353.0545,179.0756,3.4221,0.0000,0.0000,0.0000
18.986,557.3619,-6.5825,249.4176,0.2510,3.8000,-0.4500,353.1604,179.0821,3.5476,0.0000,0.0000,0.0000
19.096,557.1381,-6.6149,249.6656,0.2510,3.8000,-0.4500,353.5475,179.1074,3.8924,0.0000,0.0000,0.0000
19.221,556.9135,-6.6438,249.9177,0.2510,3.8000,-0.4500,353.6760,179.1163,3.9928,0.0000,0.0000,0.0000
19.346,556.6921,-6.6561,250.1709,0.2510,3.8000,-0.4500,354.1379,179.1499,4.2757,0.0000,0.0000,0.0000
19.471,556.4351,-6.6590,250.4704,0.2510,3.8000,-0.4500,354.5856,179.1845,4.5078,0.0000,0.0000,0.0000
19.596,556.2164,-6.6498,250.7301,0.2510,3.8000,-0.4500,354.9608,179.2148,4.6703,0.0000,0.0000,0.0000
19.721,555.9993,-6.6283,250.9919,0.2510,3.8000,-0.4500,355.3787,179.2496,4.8236,0.0000,0.0000,0.0000
19.846,555.7844,-6.5935,251.2552,0.2510,3.8000,-0.4500,355.8865,179.2934,4.9909,0.0000,0.0000,0.0000
19.958,555.5712,-6.5465,251.5206,0.2510,3.8000,-0.4500,356.3810,179.3373,5.1348,0.0000,0.0000,0.0000
20.068,555.3950,-6.4976,251.7430,0.2510,3.8000,-0.4500,356.7926,179.3747,5.2421,0.0000,0.0000,0.0000
20.193,555.1505,-6.4138,252.0557,0.2510,3.8000,-0.4500,357.3796,179.4294,5.3789,0.0000,0.0000,0.0000
20.318,554.9431,-6.3277,252.3245,0.2510,3.8000,-0.4500,357.8965,179.4786,5.4858,0.0000,0.0000,0.0000
20.443,554.7377,-6.2281,252.5938,0.2510,3.8000,-0.4500,358.4254,179.5299,5.5836,0.0000,0.0000,0.0000
20.568,554.5341,-6.1155,252.8630,0.2510,3.8000,-0.4500,358.9646,179.5830,5.6721,0.0000,0.0000,0.0000
20.682,554.3326,-5.9895,253.1317,0.2510,3.8000,-0.4500,359.5110,179.6377,5.7503,0.0000,0.0000,0.0000
20.790,554.1331,-5.8511,253.3996,0.2510,3.8000,-0.4500,0.0618,179.6935,5.8173,0.0000,0.0000,0.0000
20.902,553.9681,-5.7260,253.6221,0.2510,3.8000,-0.4500,0.5215,179.7405,5.8639,0.0000,0.0000,0.0000
21.013,553.7715,-5.5652,253.8876,0.2510,3.8000,-0.4500,1.0714,179.7972,5.9076,0.0000,0.0000,0.0000
21.123,553.6090,-5.4223,254.1076,0.2510,3.8000,-0.4500,1.5257,179.8444,5.9330,0.0000,0.0000,0.0000
21.249,553.3829,-5.2101,254.4131,0.2510,3.8000,-0.4500,2.1522,179.9096,5.9504,0.0000,0.0000,0.0000
21.360,553.2224,-5.0499,254.6292,0.2510,3.8000,-0.4500,2.5902,179.9553,5.9489,0.0000,0.0000,0.0000
21.485,553.0305,-4.8493,254.8862,0.2510,3.8000,-0.4500,3.1027,180.0087,5.9306,0.0000,0.0000,0.0000
21.610,552.8071,-4.6056,255.1829,0.2510,3.8000,-0.4500,3.6018,180.0605,5.8918,0.0000,0.0000,0.0000
21.735,552.6161,-4.3888,255.4339,0.2510,3.8000,-0.4500,4.0249,180.1041,5.8402,0.0000,0.0000,0.0000
21.860,552.4252,-4.1650,255.6809,0.2510,3.8000,-0.4500,4.5259,180.1551,5.7523,0.0000,0.0000,0.0000
21.960,552.2657,-3.9752,255.8852,0.2510,3.8000,-0.4500,4.7667,180.1793,5.6981,0.0000,0.0000,0.0000
22.068,552.1060,-3.7824,256.0861,0.2510,3.8000,-0.4500,5.1760,180.2199,5.5831,0.0000,0.0000,0.0000
22.193,551.8812,-3.5087,256.3647,0.2510,3.8000,-0.4500,5.4899,180.2504,5.4713,0.0000,0.0000,0.0000
22.318,551.6872,-3.2721,256.5988,0.2510,3.8000,-0.4500,5.8819,180.2876,5.3003,0.0000,0.0000,0.0000
22.443,551.4920,-3.0345,256.8302,0.2510,3.8000,-0.4500,6.1808,180.3150,5.1318,0.0000,0.0000,0.0000
22.568,551.2953,-2.7972,257.0585,0.2510,3.8000,-0.4500,6.3913,180.3338,4.9945,0.0000,0.0000,0.0000
22.693,551.0643,-2.5211,257.3412,0.2510,3.8000,-0.4500,6.7832,180.3672,4.6798,0.0000,0.0000,0.0000
22.818,550.8697,-2.2796,257.6445,0.2510,3.8000,-0.4500,6.9592,180.3814,4.4931,0.0000,0.0000,0.0000
22.943,550.6771,-2.0333,258.0074,0.2510,3.8000,-0.4500,7.1746,180.3980,4.2369,0.0000,0.0000,0.0000
23.054,550.4858,-1.7840,258.4174,0.2510,3.8000,-0.4500,7.3629,180.4116,3.9566,0.0000,0.0000,0.0000
23.165,550.3263,-1.5749,258.7842,0.2510,3.8000,-0.4500,7.4874,180.4201,3.7405,0.0000,0.0000,0.0000
23.276,550.1337,-1.3258,259.2441,0.2510,3.8000,-0.4500,7.6262,180.4289,3.4442,0.0000,0.0000,0.0000
23.401,549.9395,-1.0800,259.7183,0.2510,3.8000,-0.4500,7.7374,180.4353,3.1153,0.0000,0.0000,0.0000
23.526,549.7434,-0.8377,260.2009,0.2510,3.8000,-0.4500,7.8056,180.4389,2.8759,0.0000,0.0000,0.0000
23.650,549.5108,-0.5644,260.7710,0.2510,3.8000,-0.4500,7.8782,180.4423,2.4359,0.0000,0.0000,0.0000
23.776,549.3094,-0.3350,261.2628,0.2510,3.8000,-0.4500,7.9068,180.4435,2.1885,0.0000,0.0000,0.0000
23.901,549.1049,-0.1129,261.7570,0.2510,3.8000,-0.4500,7.9264,180.4442,1.8604,0.0000,0.0000,0.0000
24.012,548.8987,0.1038,262.2526,0.2510,3.8000,-0.4500,7.9261,180.4442,1.6055,0.0000,0.0000,0.0000
24.123,548.7262,0.2824,262.6660,0.2510,3.8000,-0.4500,7.9248,180.4442,1.5219,0.0000,0.0000,0.0000
24.248,548.4818,0.5231,263.2467,0.2510,3.8000,-0.4500,7.9046,180.4437,1.2719,0.0000,0.0000,0.0000
24.373,548.2706,0.7251,263.7451,0.2510,3.8000,-0.4500,7.8827,180.4432,1.1037,0.0000,0.0000,0.0000
24.499,548.0586,0.9224,264.2446,0.2510,3.8000,-0.4500,7.8414,180.4425,0.9450,0.0000,0.0000,0.0000
24.609,547.8467,1.1194,264.7441,0.2510,3.8000,-0.4500,7.8414,180.4425,0.9450,0.0000,0.0000,0.0000
24.734,547.6316,1.3087,265.2034,0.2510,3.8000,-0.4500,7.8006,180.4418,0.8740,0.0000,0.0000,0.0000
24.859,547.4091,1.4605,265.3290,0.2510,3.8000,-0.4500,7.7586,180.4412,0.8041,0.0000,0.0000,0.0000
24.985,547.1935,1.5591,265.0604,0.2510,3.8000,-0.4500,7.7084,180.4405,0.7381,0.0000,0.0000,0.0000
25.109,546.9478,1.6236,264.4427,0.2510,3.8000,-0.4500,7.6119,180.4394,0.6052,0.0000,0.0000,0.0000
25.234,546.7385,1.6516,263.7912,0.2510,3.8000,-0.4500,7.4932,180.4384,0.3828,0.0000,0.0000,0.0000
25.359,546.5289,1.6661,263.0946,0.2510,3.8000,-0.4500,7.4093,180.4380,0.1510,0.0000,0.0000,0.0000
25.484,546.3176,1.6703,262.3830,0.2510,3.8000,-0.4500,7.3384,180.4380,359.8251,0.0000,0.0000,0.0000
25.584,546.1408,1.6690,261.7876,0.2510,3.8000,-0.4500,7.3031,180.4381,359.5791,0.0000,0.0000,0.0000
25.692,545.9266,1.6602,261.0745,0.2510,3.8000,-0.4500,7.2812,180.4384,359.1569,0.0000,0.0000,0.0000
25.818,545.7122,1.6481,260.3634,0.2510,3.8000,-0.4500,7.2783,180.4384,358.9087,0.0000,0.0000,0.0000
25.931,545.4949,1.6248,259.6555,0.2510,3.8000,-0.4500,7.2893,180.4381,358.3873,0.0000,0.0000,0.0000
26.041,545.3146,1.6043,259.0668,0.2510,3.8000,-0.4500,7.2947,180.4380,358.2228,0.0000,0.0000,0.0000
26.154,545.0956,1.5680,258.3628,0.2510,3.8000,-0.4500,7.3161,180.4372,357.7544,0.0000,0.0000,0.0000
26.262,544.9121,1.5304,257.7777,0.2510,3.8000,-0.4500,7.3380,180.4362,357.3079,0.0000,0.0000,0.0000
26.387,544.6930,1.4828,257.0766,0.2510,3.8000,-0.4500,7.3505,180.4356,357.0628,0.0000,0.0000,0.0000
26.489,544.4713,1.4219,256.3775,0.2510,3.8000,-0.4500,7.3779,180.4341,356.5364,0.0000,0.0000,0.0000
26.605,544.2871,1.3681,255.7956,0.2510,3.8000,-0.4500,7.3911,180.4332,356.2828,0.0000,0.0000,0.0000
26.706,544.1017,1.3056,255.2149,0.2510,3.8000,-0.4500,7.4128,180.4318,355.8591,0.0000,0.0000,0.0000
26.831,543.8428,1.2121,254.4031,0.2510,3.8000,-0.4500,7.4334,180.4302,355.4457,0.0000,0.0000,0.0000
26.956,543.6205,1.1241,253.7085,0.2510,3.8000,-0.4500,7.4497,180.4288,355.1033,0.0000,0.0000,0.0000
27.069,543.3982,1.0289,253.0152,0.2510,3.8000,-0.4500,7.4652,180.4275,354.7671,0.0000,0.0000,0.0000
27.178,543.2125,0.9433,252.4384,0.2510,3.8000,-0.4500,7.4794,180.4261,354.4318,0.0000,0.0000,0.0000
27.304,542.9903,0.8371,251.7469,0.2510,3.8000,-0.4500,7.4894,180.4251,354.1700,0.0000,0.0000,0.0000
27.429,542.7314,0.7065,250.9413,0.2510,3.8000,-0.4500,7.4983,180.4242,353.9178,0.0000,0.0000,0.0000
27.553,542.5082,0.5843,250.2524,0.2510,3.8000,-0.4500,7.5100,180.4229,353.4825,0.0000,0.0000,0.0000
27.679,542.2863,0.4605,249.5641,0.2510,3.8000,-0.4500,7.5141,180.4224,353.2394,0.0000,0.0000,0.0000
27.790,542.0654,0.3347,248.8763,0.2510,3.8000,-0.4500,7.5144,180.4223,353.1557,0.0000,0.0000,0.0000
27.915,541.8438,0.2016,248.1897,0.2510,3.8000,-0.4500,7.5145,180.4223,352.9044,0.0000,0.0000,0.0000
28.015,541.6595,0.0901,247.6178,0.2510,3.8000,-0.4500,7.5128,180.4225,352.8224,0.0000,0.0000,0.0000
28.138,541.4376,-0.0510,246.9327,0.2510,3.8000,-0.4500,7.5017,180.4240,352.4932,0.0000,0.0000,0.0000
28.248,541.2173,-0.1890,246.2474,0.2510,3.8000,-0.4500,7.5017,180.4239,352.4932,0.0000,0.0000,0.0000
28.359,541.0337,-0.3058,245.6767,0.2510,3.8000,-0.4500,7.5017,180.4239,352.4932,0.0000,0.0000,0.0000
28.484,540.8129,-0.4509,244.9928,0.2510,3.8000,-0.4500,7.4842,180.4263,352.3301,0.0000,0.0000,0.0000
28.610,540.5557,-0.6199,244.1951,0.2510,3.8000,-0.4500,7.4692,180.4283,352.2505,0.0000,0.0000,0.0000
28.721,540.3717,-0.7404,243.6254,0.2510,3.8000,-0.4500,7.4692,180.4283,352.2505,0.0000,0.0000,0.0000
28.845,540.1511,-0.8854,242.9419,0.2510,3.8000,-0.4500,7.4692,180.4283,352.2505,0.0000,0.0000,0.0000
28.946,539.9670,-1.0064,242.3726,0.2510,3.8000,-0.4500,7.4692,180.4283,352.2505,0.0000,0.0000,0.0000
29.055,539.7462,-1.1528,241.6899,0.2510,3.8000,-0.4500,7.4362,180.4328,352.1774,0.0000,0.0000,0.0000
29.165,539.5627,-1.2728,241.1208,0.2510,3.8000,-0.4500,7.4362,180.4328,352.1774,0.0000,0.0000,0.0000
29.290,539.3055,-1.4396,240.3242,0.2510,3.8000,-0.4500,7.4362,180.4328,352.1774,0.0000,0.0000,0.0000
29.405,539.1219,-1.5574,239.7552,0.2510,3.8000,-0.4500,7.4362,180.4328,352.1774,0.0000,0.0000,0.0000
29.515,538.9015,-1.6969,239.0727,0.2510,3.8000,-0.4500,7.4362,180.4328,352.1774,0.0000,0.0000,0.0000
29.624,538.7178,-1.8125,238.5045,0.2510,3.8000,-0.4500,7.3632,180.4429,352.1474,0.0000,0.0000,0.0000
29.734,538.4976,-1.9490,237.8229,0.2510,3.8000,-0.4500,7.2077,180.4646,352.1234,0.0000,0.0000,0.0000
29.860,538.2778,-2.0819,237.1410,0.2510,3.8000,-0.4500,7.0450,180.4872,352.1453,0.0000,0.0000,0.0000
29.985,538.0583,-2.2114,236.4588,0.2510,3.8000,-0.4500,6.8060,180.5203,352.2049,0.0000,0.0000,0.0000
30.097,537.8394,-2.3359,235.7763,0.2510,3.8000,-0.4500,6.5139,180.5602,352.3633,0.0000,0.0000,0.0000
30.209,537.6202,-2.4563,235.0923,0.2510,3.8000,-0.4500,6.3154,180.5867,352.5074,0.0000,0.0000,0.0000
30.318,537.4375,-2.5529,234.5218,0.2510,3.8000,-0.4500,6.1259,180.6115,352.6664,0.0000,0.0000,0.0000
30.443,537.2187,-2.6642,233.8365,0.2510,3.8000,-0.4500,5.8888,180.6417,352.8958,0.0000,0.0000,0.0000
30.568,536.9997,-2.7707,233.1503,0.2510,3.8000,-0.4500,5.6639,180.6694,353.1334,0.0000,0.0000,0.0000
30.693,536.7443,-2.8883,232.3489,0.2510,3.8000,-0.4500,5.3841,180.7025,353.4516,0.0000,0.0000,0.0000
30.818,536.5258,-2.9828,231.6615,0.2510,3.8000,-0.4500,5.1054,180.7338,353.7807,0.0000,0.0000,0.0000
30.943,536.3078,-3.0729,230.9627,0.2510,3.8000,-0.4500,4.8374,180.7624,354.1018,0.0000,0.0000,0.0000
31.043,536.1191,-3.1406,230.4763,0.2510,3.8000,-0.4500,4.6734,180.7791,354.2992,0.0000,0.0000,0.0000
31.158,535.8809,-3.2002,230.1760,0.2510,3.8000,-0.4500,4.3420,180.8111,354.6919,0.0000,0.0000,0.0000
31.274,535.6378,-3.2421,230.1683,0.2510,3.8000,-0.4500,4.2851,180.8164,354.7535,0.0000,0.0000,0.0000
31.374,535.4381,-3.2631,230.3319,0.2510,3.8000,-0.4500,4.0546,180.8371,354.9935,0.0000,0.0000,0.0000
31.484,535.2395,-3.2797,230.6016,0.2510,3.8000,-0.4500,4.0546,180.8371,354.9935,0.0000,0.0000,0.0000
31.609,534.9658,-3.2959,231.0993,0.2510,3.8000,-0.4500,3.8567,180.8542,355.1424,0.0000,0.0000,0.0000
31.734,534.7328,-3.3092,231.5929,0.2510,3.8000,-0.4500,3.8567,180.8542,355.1424,0.0000,0.0000,0.0000
31.859,534.5014,-3.3238,232.1230,0.2510,3.8000,-0.4500,3.8567,180.8542,355.1424,0.0000,0.0000,0.0000
31.984,534.2713,-3.3408,232.6757,0.2510,3.8000,-0.4500,3.7787,180.8608,355.1715,0.0000,0.0000,0.0000
32.095,534.0418,-3.3608,233.2414,0.2510,3.8000,-0.4500,3.7016,180.8674,355.1974,0.0000,0.0000,0.0000
32.206,533.8508,-3.3798,233.7185,0.2510,3.8000,-0.4500,3.7016,180.8673,355.1974,0.0000,0.0000,0.0000
32.318,533.6216,-3.4053,234.2955,0.2510,3.8000,-0.4500,3.7016,180.8674,355.1974,0.0000,0.0000,0.0000
32.443,533.3929,-3.4347,234.8767,0.2510,3.8000,-0.4500,3.5376,180.8811,355.1957,0.0000,0.0000,0.0000
32.568,533.1258,-3.4702,235.5556,0.2510,3.8000,-0.4500,3.5376,180.8811,355.1957,0.0000,0.0000,0.0000
32.679,532.9351,-3.4971,236.0414,0.2510,3.8000,-0.4500,3.5376,180.8811,355.1957,0.0000,0.0000,0.0000
32.804,532.7059,-3.5305,236.6250,0.2510,3.8000,-0.4500,3.5376,180.8811,355.1957,0.0000,0.0000,0.0000
32.929,532.4380,-3.5705,237.3062,0.2510,3.8000,-0.4500,3.5376,180.8811,355.1957,0.0000,0.0000,0.0000
33.029,532.2466,-3.5992,237.7928,0.2510,3.8000,-0.4500,3.5376,180.8811,355.1957,0.0000,0.0000,0.0000
33.139,532.0549,-3.6277,238.2794,0.2510,3.8000,-0.4500,3.5376,180.8812,355.1957,0.0000,0.0000,0.0000
33.249,531.8246,-3.6611,238.8631,0.2510,3.8000,-0.4500,3.5376,180.8812,355.1957,0.0000,0.0000,0.0000
33.359,531.6327,-3.6879,239.3493,0.2510,3.8000,-0.4500,3.5376,180.8812,355.1957,0.0000,0.0000,0.0000
33.485,531.4016,-3.7184,239.9324,0.2510,3.8000,-0.4500,3.5376,180.8812,355.1957,0.0000,0.0000,0.0000
33.596,531.1705,-3.7465,240.5150,0.2510,3.8000,-0.4500,3.5376,180.8812,355.1957,0.0000,0.0000,0.0000
33.710,530.9387,-3.7718,241.0970,0.2510,3.8000,-0.4500,3.5376,180.8812,355.1957,0.0000,0.0000,0.0000
33.818,530.7454,-3.7903,241.5816,0.2510,3.8000,-0.4500,3.5376,180.8812,355.1957,0.0000,0.0000,0.0000
33.943,530.5129,-3.8094,242.1627,0.2510,3.8000,-0.4500,3.5376,180.8812,355.1957,0.0000,0.0000,0.0000
34.068,530.2802,-3.8247,242.7439,0.2510,3.8000,-0.4500,3.5376,180.8812,355.1957,0.0000,0.0000,0.0000
34.181,530.0462,-3.8382,243.3246,0.2510,3.8000,-0.4500,3.6180,180.8743,355.0493,0.0000,0.0000,0.0000
34.291,529.8110,-3.8488,243.9044,0.2510,3.8000,-0.4500,3.8246,180.8559,354.7959,0.0000,0.0000,0.0000
34.401,529.6159,-3.8525,244.3884,0.2510,3.8000,-0.4500,3.8246,180.8559,354.7959,0.0000,0.0000,0.0000
34.501,529.4187,-3.8562,244.8700,0.2510,3.8000,-0.4500,4.1530,180.8251,354.5333,0.0000,0.0000,0.0000
34.610,529.1831,-3.8561,245.4491,0.2510,3.8000,-0.4500,4.2815,180.8127,354.4399,0.0000,0.0000,0.0000
34.734,528.9460,-3.8548,246.0267,0.2510,3.8000,-0.4500,4.5556,180.7854,354.2376,0.0000,0.0000,0.0000
34.860,528.7083,-3.8518,246.6038,0.2510,3.8000,-0.4500,4.8164,180.7586,354.0313,0.0000,0.0000,0.0000
34.985,528.4703,-3.8457,247.1814,0.2510,3.8000,-0.4500,4.8787,180.7520,353.9805,0.0000,0.0000,0.0000
35.110,528.1900,-3.8383,247.8523,0.2510,3.8000,-0.4500,5.2819,180.7081,353.6443,0.0000,0.0000,0.0000
35.212,527.9897,-3.8292,248.3319,0.2510,3.8000,-0.4500,5.4142,180.6932,353.5458,0.0000,0.0000,0.0000
35.315,527.7885,-3.8176,248.8101,0.2510,3.8000,-0.4500,5.6154,180.6701,353.4071,0.0000,0.0000,0.0000
35.415,527.5874,-3.8021,249.2881,0.2510,3.8000,-0.4500,5.6154,180.6701,353.4071,0.0000,0.0000,0.0000
35.526,527.3848,-3.7839,249.7625,0.2510,3.8000,-0.4500,5.9142,180.6349,353.2535,0.0000,0.0000,0.0000
35.637,527.1418,-3.7569,250.3313,0.2510,3.8000,-0.4500,5.9915,180.6257,353.2263,0.0000,0.0000,0.0000
35.762,526.8977,-3.7246,250.8972,0.2510,3.8000,-0.4500,6.1479,180.6070,353.1753,0.0000,0.0000,0.0000
35.887,526.6530,-3.6863,251.4606,0.2510,3.8000,-0.4500,6.3937,180.5773,353.1367,0.0000,0.0000,0.0000
35.999,526.4082,-3.6441,252.0238,0.2510,3.8000,-0.4500,6.3937,180.5773,353.1367,0.0000,0.0000,0.0000
36.124,526.1628,-3.5962,252.5844,0.2510,3.8000,-0.4500,6.5586,180.5573,353.1437,0.0000,0.0000,0.0000
36.234,525.9174,-3.5457,253.1449,0.2510,3.8000,-0.4500,6.5586,180.5573,353.1436,0.0000,0.0000,0.0000
36.360,525.6719,-3.4913,253.7037,0.2510,3.8000,-0.4500,6.6365,180.5479,353.1600,0.0000,0.0000,0.0000
36.484,525.4265,-3.4359,254.2623,0.2510,3.8000,-0.4500,6.6365,180.5479,353.1600,0.0000,0.0000,0.0000
36.597,525.1815,-3.3799,254.8185,0.2510,3.8000,-0.4500,6.6365,180.5479,353.1600,0.0000,0.0000,0.0000
36.706,524.9774,-3.3338,255.2797,0.2510,3.8000,-0.4500,6.6365,180.5479,353.1600,0.0000,0.0000,0.0000
36.832,524.6917,-3.2714,255.9227,0.2510,3.8000,-0.4500,6.6364,180.5479,353.1600,0.0000,0.0000,0.0000
36.957,524.4474,-3.2188,256.4720,0.2510,3.8000,-0.4500,6.6365,180.5479,353.1600,0.0000,0.0000,0.0000
37.082,524.2031,-3.1658,257.0201,0.2510,3.8000,-0.4500,6.6365,180.5479,353.1600,0.0000,0.0000,0.0000
37.195,523.9588,-3.1116,257.5672,0.2510,3.8000,-0.4500,6.6364,180.5479,353.1600,0.0000,0.0000,0.0000
37.320,523.7149,-3.0547,258.1129,0.2510,3.8000,-0.4500,6.6868,180.5418,353.2223,0.0000,0.0000,0.0000
37.430,523.4705,-2.9984,258.6582,0.2510,3.8000,-0.4500,6.6868,180.5418,353.2223,0.0000,0.0000,0.0000
37.536,523.2668,-2.9516,259.1124,0.2510,3.8000,-0.4500,6.6868,180.5419,353.2223,0.0000,0.0000,0.0000
37.637,523.0630,-2.9057,259.5666,0.2510,3.8000,-0.4500,6.6868,180.5419,353.2223,0.0000,0.0000,0.0000
37.747,522.8592,-2.8617,260.0208,0.2510,3.8000,-0.4500,6.6868,180.5419,353.2223,0.0000,0.0000,0.0000
37.873,522.5736,-2.8056,260.6521,0.2510,3.8000,-0.4500,6.6868,180.5419,353.2223,0.0000,0.0000,0.0000
37.973,522.3657,-2.7845,260.9398,0.2510,3.8000,-0.4500,6.6868,180.5419,353.2223,0.0000,0.0000,0.0000
38.082,522.1633,-2.8020,260.9219,0.2510,3.8000,-0.4500,6.6868,180.5418,353.2223,0.0000,0.0000,0.0000
38.193,521.9322,-2.8668,260.5793,0.2510,3.8000,-0.4500,6.6868,180.5418,353.2223,0.0000,0.0000,0.0000
38.304,521.7458,-2.9440,260.1319,0.2510,3.8000,-0.4500,6.6868,180.5418,353.2223,0.0000,0.0000,0.0000
38.429,521.4894,-3.0697,259.3865,0.2510,3.8000,-0.4500,6.6868,180.5418,353.2223,0.0000,0.0000,0.0000
38.553,521.2717,-3.1856,258.7031,0.2510,3.8000,-0.4500,6.2239,180.5969,353.2983,0.0000,0.0000,0.0000
38.679,521.0548,-3.3015,258.0043,0.2510,3.8000,-0.4500,5.6807,180.6605,353.4341,0.0000,0.0000,0.0000
38.803,520.8376,-3.4145,257.3007,0.2510,3.8000,-0.4500,5.1861,180.7170,353.5966,0.0000,0.0000,0.0000
38.929,520.5841,-3.5419,256.4794,0.2510,3.8000,-0.4500,4.6344,180.7781,353.8057,0.0000,0.0000,0.0000
39.054,520.3665,-3.6474,255.7768,0.2510,3.8000,-0.4500,4.1610,180.8289,353.9956,0.0000,0.0000,0.0000
39.166,520.1854,-3.7331,255.1921,0.2510,3.8000,-0.4500,3.7598,180.8706,354.1593,0.0000,0.0000,0.0000
39.276,519.9681,-3.8335,254.4915,0.2510,3.8000,-0.4500,3.2678,180.9201,354.3610,0.0000,0.0000,0.0000
39.387,519.7870,-3.9155,253.9084,0.2510,3.8000,-0.4500,2.8491,180.9609,354.5329,0.0000,0.0000,0.0000
39.498,519.5702,-4.0117,253.2093,0.2510,3.8000,-0.4500,2.3365,181.0091,354.7429,0.0000,0.0000,0.0000
39.623,519.3536,-4.1060,252.5109,0.2510,3.8000,-0.4500,1.8143,181.0562,354.9565,0.0000,0.0000,0.0000
39.748,519.1374,-4.1980,251.8130,0.2510,3.8000,-0.4500,1.2838,181.1020,355.1729,0.0000,0.0000,0.0000
39.873,518.8856,-4.3027,250.9995,0.2510,3.8000,-0.4500,0.6566,181.1536,355.4284,0.0000,0.0000,0.0000
39.998,518.6702,-4.3898,250.3031,0.2510,3.8000,-0.4500,0.1136,181.1959,355.6490,0.0000,0.0000,0.0000
40.112,518.4550,-4.4748,249.6094,0.2510,3.8000,-0.4500,359.5677,181.2364,355.8706,0.0000,0.0000,0.0000
40.235,518.2401,-4.5575,248.9193,0.2510,3.8000,-0.4500,359.0204,181.2749,356.0919,0.0000,0.0000,0.0000
40.360,518.0255,-4.6383,248.2323,0.2510,3.8000,-0.4500,358.4736,181.3112,356.3121,0.0000,0.0000,0.0000
40.485,517.8112,-4.7170,247.5480,0.2510,3.8000,-0.4500,357.9288,181.3453,356.5303,0.0000,0.0000,0.0000
40.610,517.5616,-4.8062,246.7521,0.2510,3.8000,-0.4500,357.2986,181.3821,356.7819,0.0000,0.0000,0.0000
40.734,517.3481,-4.8806,246.0717,0.2510,3.8000,-0.4500,356.7649,181.4112,356.9945,0.0000,0.0000,0.0000
40.846,517.1705,-4.9413,245.5056,0.2510,3.8000,-0.4500,356.3261,181.4336,357.1696,0.0000,0.0000,0.0000
40.971,516.9224,-5.0241,244.7145,0.2510,3.8000,-0.4500,355.7230,181.4622,357.4106,0.0000,0.0000,0.0000
41.096,516.7102,-5.0929,244.0376,0.2510,3.8000,-0.4500,355.2184,181.4842,357.6135,0.0000,0.0000,0.0000
41.207,516.5338,-5.1490,243.4744,0.2510,3.8000,-0.4500,354.8078,181.5008,357.7795,0.0000,0.0000,0.0000
41.321,516.3225,-5.2144,242.7994,0.2510,3.8000,-0.4500,354.3286,181.5186,357.9749,0.0000,0.0000,0.0000
41.438,516.1115,-5.2782,242.1248,0.2510,3.8000,-0.4500,353.9414,181.5319,358.1342,0.0000,0.0000,0.0000
41.555,515.9011,-5.3401,241.4521,0.2510,3.8000,-0.4500,353.4703,181.5465,358.3310,0.0000,0.0000,0.0000
41.665,515.7263,-5.3896,240.8853,0.2510,3.8000,-0.4500,353.1577,181.5553,358.4636,0.0000,0.0000,0.0000
41.790,515.4699,-5.4756,240.2859,0.2510,3.8000,-0.4500,352.7003,181.5669,358.6583,0.0000,0.0000,0.0000
41.902,515.2765,-5.5702,240.1015,0.2510,3.8000,-0.4500,352.4612,181.5724,358.7455,0.0000,0.0000,0.0000
42.026,515.0460,-5.7254,240.1332,0.2510,3.8000,-0.4500,352.1392,181.5792,358.8352,0.0000,0.0000,0.0000
42.150,514.7830,-5.9560,240.4269,0.2510,3.8000,-0.4500,351.9798,181.5824,358.8613,0.0000,0.0000,0.0000
42.276,514.5622,-6.1850,240.8207,0.2510,3.8000,-0.4500,351.8150,181.5857,358.8716,0.0000,0.0000,0.0000
42.400,514.3445,-6.4307,241.2933,0.2510,3.8000,-0.4500,351.8150,181.5857,358.8716,0.0000,0.0000,0.0000
42.526,514.1292,-6.6848,241.8156,0.2510,3.8000,-0.4500,351.8150,181.5857,358.8716,0.0000,0.0000,0.0000
42.650,513.8796,-6.9819,242.4621,0.2510,3.8000,-0.4500,351.8150,181.5857,358.8716,0.0000,0.0000,0.0000
42.775,513.6661,-7.2290,243.0351,0.2510,3.8000,-0.4500,351.8150,181.5857,358.8716,0.0000,0.0000,0.0000
42.901,513.4536,-7.4637,243.6187,0.2510,3.8000,-0.4500,351.8150,181.5857,358.8716,0.0000,0.0000,0.0000
43.025,513.2416,-7.6793,244.2090,0.2510,3.8000,-0.4500,351.8673,181.5847,358.9333,0.0000,0.0000,0.0000
43.150,512.9967,-7.8933,244.9027,0.2510,3.8000,-0.4500,352.3924,181.5771,359.3983,0.0000,0.0000,0.0000
43.262,512.8214,-8.0245,245.4015,0.2510,3.8000,-0.4500,352.8714,181.5734,359.7168,0.0000,0.0000,0.0000
43.362,512.6464,-8.1358,245.9023,0.2510,3.8000,-0.4500,353.4142,181.5723,0.0322,0.0000,0.0000,0.0000
43.470,512.4370,-8.2401,246.5056,0.2510,3.8000,-0.4500,354.1435,181.5752,0.4264,0.0000,0.0000,0.0000
43.582,512.2634,-8.3004,247.0097,0.2510,3.8000,-0.4500,354.8118,181.5823,0.7754,0.0000,0.0000,0.0000
43.706,512.0568,-8.3394,247.6154,0.2510,3.8000,-0.4500,355.6798,181.5975,1.2204,0.0000,0.0000,0.0000
43.831,511.8188,-8.3366,248.3217,0.2510,3.8000,-0.4500,356.7702,181.6260,1.7696,0.0000,0.0000,0.0000
43.942,511.6518,-8.3021,248.8251,0.2510,3.8000,-0.4500,357.5905,181.6543,2.1759,0.0000,0.0000,0.0000
44.067,511.4550,-8.2249,249.4268,0.2510,3.8000,-0.4500,358.6085,181.6974,2.6710,0.0000,0.0000,0.0000
44.193,511.2306,-8.0860,250.1242,0.2510,3.8000,-0.4500,359.8246,181.7603,3.2478,0.0000,0.0000,0.0000
44.317,511.0436,-7.9268,250.7166,0.2510,3.8000,-0.4500,0.8754,181.8244,3.7315,0.0000,0.0000,0.0000
44.442,510.8620,-7.7319,251.3031,0.2510,3.8000,-0.4500,1.9194,181.8968,4.1967,0.0000,0.0000,0.0000
44.553,510.6856,-7.5041,251.8827,0.2510,3.8000,-0.4500,2.9435,181.9760,4.6359,0.0000,0.0000,0.0000
44.678,510.5147,-7.2453,252.4550,0.2510,3.8000,-0.4500,3.9356,182.0602,5.0424,0.0000,0.0000,0.0000
44.789,510.3492,-6.9589,253.0191,0.2510,3.8000,-0.4500,4.8853,182.1473,5.4112,0.0000,0.0000,0.0000
44.915,510.1885,-6.6470,253.5747,0.2510,3.8000,-0.4500,5.7832,182.2354,5.7386,0.0000,0.0000,0.0000
45.040,510.0323,-6.3124,254.1220,0.2510,3.8000,-0.4500,6.6214,182.3223,6.0285,0.0000,0.0000,0.0000
45.165,509.8808,-5.9566,254.6611,0.2510,3.8000,-0.4500,7.3931,182.4062,6.2955,0.0000,0.0000,0.0000
45.277,509.7337,-5.5820,255.1925,0.2510,3.8000,-0.4500,8.0927,182.4857,6.5576,0.0000,0.0000,0.0000
45.387,509.6146,-5.2562,255.6297,0.2510,3.8000,-0.4500,8.6171,182.5476,6.7795,0.0000,0.0000,0.0000
45.498,509.4759,-4.8515,256.1484,0.2510,3.8000,-0.4500,9.1735,182.6159,7.0500,0.0000,0.0000,0.0000
45.623,509.3416,-4.4330,256.6613,0.2510,3.8000,-0.4500,9.6474,182.6764,7.3198,0.0000,0.0000,0.0000
45.748,509.2098,-4.0084,257.1727,0.2510,3.8000,-0.4500,9.7868,182.6947,7.4083,0.0000,0.0000,0.0000
45.873,509.0617,-3.4967,257.7629,0.2510,3.8000,-0.4500,10.1318,182.7410,7.6726,0.0000,0.0000,0.0000
45.998,508.9374,-3.0532,258.2672,0.2510,3.8000,-0.4500,10.3102,182.7657,7.8419,0.0000,0.0000,0.0000
46.123,508.8138,-2.6090,258.7719,0.2510,3.8000,-0.4500,10.3102,182.7657,7.8419,0.0000,0.0000,0.0000
46.249,508.6709,-2.0898,259.3608,0.2510,3.8000,-0.4500,10.3102,182.7657,7.8419,0.0000,0.0000,0.0000
46.373,508.5498,-1.6447,259.8655,0.2510,3.8000,-0.4500,10.3493,182.7712,7.9144,0.0000,0.0000,0.0000
46.498,508.4278,-1.2063,260.3726,0.2510,3.8000,-0.4500,10.3493,182.7712,7.9144,0.0000,0.0000,0.0000
46.623,508.3051,-0.7744,260.8818,0.2510,3.8000,-0.4500,10.3493,182.7712,7.9144,0.0000,0.0000,0.0000
46.748,508.1809,-0.3527,261.3942,0.2510,3.8000,-0.4500,10.3493,182.7712,7.9144,0.0000,0.0000,0.0000
46.872,508.0362,0.1259,261.9999,0.2510,3.8000,-0.4500,9.9858,182.7191,8.1276,0.0000,0.0000,0.0000
46.998,507.9093,0.5178,262.5277,0.2510,3.8000,-0.4500,9.5782,182.6598,8.1701,0.0000,0.0000,0.0000
47.112,507.7780,0.8914,263.0638,0.2510,3.8000,-0.4500,9.0609,182.5850,8.0536,0.0000,0.0000,0.0000
47.223,507.6646,1.1884,263.5161,0.2510,3.8000,-0.4500,8.6402,182.5254,7.8727,0.0000,0.0000,0.0000
47.335,507.5233,1.5264,264.0653,0.2510,3.8000,-0.4500,8.1510,182.4583,7.5838,0.0000,0.0000,0.0000
47.438,507.4011,1.7930,264.5274,0.2510,3.8000,-0.4500,7.7541,182.4059,7.2942,0.0000,0.0000,0.0000
47.538,507.2743,2.0448,264.9936,0.2510,3.8000,-0.4500,7.3701,182.3574,6.9653,0.0000,0.0000,0.0000
47.638,507.1431,2.2827,265.4628,0.2510,3.8000,-0.4500,7.0061,182.3137,6.5999,0.0000,0.0000,0.0000
47.747,507.0072,2.5063,265.9348,0.2510,3.8000,-0.4500,6.6720,182.2760,6.1995,0.0000,0.0000,0.0000
47.860,506.8382,2.7575,266.5038,0.2510,3.8000,-0.4500,6.3266,182.2397,5.6749,0.0000,0.0000,0.0000
47.970,506.6627,2.9906,267.0749,0.2510,3.8000,-0.4500,6.0545,182.2138,5.1034,0.0000,0.0000,0.0000
48.095,506.4805,3.2050,267.6476,0.2510,3.8000,-0.4500,5.8388,182.1956,4.4851,0.0000,0.0000,0.0000
48.221,506.2917,3.3994,268.2218,0.2510,3.8000,-0.4500,5.6480,182.1816,3.8174,0.0000,0.0000,0.0000
48.345,506.0963,3.5715,268.7979,0.2510,3.8000,-0.4500,5.4554,182.1700,3.0984,0.0000,0.0000,0.0000
48.470,505.8601,3.7409,269.4729,0.2510,3.8000,-0.4500,5.2007,182.1582,2.1926,0.0000,0.0000,0.0000
48.582,505.6861,3.8386,269.9576,0.2510,3.8000,-0.4500,4.9860,182.1513,1.5019,0.0000,0.0000,0.0000
48.693,505.4720,3.9279,270.5424,0.2510,3.8000,-0.4500,4.6817,182.1456,0.6265,0.0000,0.0000,0.0000
48.803,505.2898,3.9769,271.0329,0.2510,3.8000,-0.4500,4.3838,182.1444,359.8609,0.0000,0.0000,0.0000
48.928,505.0672,4.0028,271.6256,0.2510,3.8000,-0.4500,3.9690,182.1489,358.9034,0.0000,0.0000,0.0000
49.053,504.8038,3.9848,272.3232,0.2510,3.8000,-0.4500,3.4039,182.1656,357.7422,0.0000,0.0000,0.0000
49.178,504.5763,3.9257,272.9269,0.2510,3.8000,-0.4500,2.8522,182.1924,356.7196,0.0000,0.0000,0.0000
49.279,504.3868,3.8450,273.4341,0.2510,3.8000,-0.4500,2.3483,182.2252,355.8563,0.0000,0.0000,0.0000
49.403,504.1608,3.7092,274.0475,0.2510,3.8000,-0.4500,1.6973,182.2784,354.8176,0.0000,0.0000,0.0000
49.528,503.9379,3.5316,274.6660,0.2510,3.8000,-0.4500,1.0041,182.3477,353.7880,0.0000,0.0000,0.0000
49.653,503.6839,3.2719,275.3934,0.2510,3.8000,-0.4500,0.1575,182.4487,352.6169,0.0000,0.0000,0.0000
49.778,503.4727,3.0067,276.0212,0.2510,3.8000,-0.4500,359.4132,182.5516,351.6545,0.0000,0.0000,0.0000
49.879,503.3024,2.7568,276.5471,0.2510,3.8000,-0.4500,358.7900,182.6473,350.8924,0.0000,0.0000,0.0000
49.995,503.1052,2.4255,277.1808,0.2510,3.8000,-0.4500,358.0498,182.7717,350.0367,0.0000,0.0000,0.0000
50.097,502.9472,2.1247,277.7105,0.2510,3.8000,-0.4500,357.4482,182.8811,349.3814,0.0000,0.0000,0.0000
50.205,502.7950,1.8041,278.2415,0.2510,3.8000,-0.4500,356.8678,182.9932,348.7852,0.0000,0.0000,0.0000
50.317,502.6196,1.3969,278.8798,0.2510,3.8000,-0.4500,356.2084,183.1280,348.1563,0.0000,0.0000,0.0000
50.430,502.4518,0.9682,279.5187,0.2510,3.8000,-0.4500,355.5989,183.2591,347.6301,0.0000,0.0000,0.0000
50.539,502.3168,0.5987,280.0515,0.2510,3.8000,-0.4500,355.1355,183.3626,347.2754,0.0000,0.0000,0.0000
50.664,502.1599,0.1433,280.6910,0.2510,3.8000,-0.4500,354.6394,183.4766,346.9557,0.0000,0.0000,0.0000
50.789,501.9778,-0.3900,281.3658,0.2510,3.8000,-0.4500,354.4178,183.5285,346.8406,0.0000,0.0000,0.0000
50.900,501.8367,-0.7450,281.5255,0.2510,3.8000,-0.4500,354.1773,183.5851,346.7878,0.0000,0.0000,0.0000
51.025,501.6591,-1.1220,281.3619,0.2510,3.8000,-0.4500,354.1773,183.5851,346.7878,0.0000,0.0000,0.0000
51.150,501.4459,-1.5101,280.8402,0.2510,3.8000,-0.4500,354.1773,183.5851,346.7878,0.0000,0.0000,0.0000
51.250,501.2916,-1.7605,280.3404,0.2510,3.8000,-0.4500,353.9773,183.6321,346.9210,0.0000,0.0000,0.0000
51.374,501.1033,-2.0419,279.6607,0.2510,3.8000,-0.4500,353.9350,183.6419,346.9897,0.0000,0.0000,0.0000
51.486,500.9446,-2.2623,279.0572,0.2510,3.8000,-0.4500,353.8600,183.6592,347.1365,0.0000,0.0000,0.0000
51.594,500.7533,-2.5101,278.3087,0.2510,3.8000,-0.4500,353.7862,183.6759,347.6503,0.0000,0.0000,0.0000
51.719,500.5587,-2.7507,277.5448,0.2510,3.8000,-0.4500,353.8109,183.6706,347.9795,0.0000,0.0000,0.0000
51.831,500.3625,-2.9774,276.7733,0.2510,3.8000,-0.4500,353.9339,183.6449,348.4904,0.0000,0.0000,0.0000
51.956,500.1641,-3.1957,275.9984,0.2510,3.8000,-0.4500,354.1002,183.6116,348.9819,0.0000,0.0000,0.0000
52.081,499.9635,-3.4036,275.2223,0.2510,3.8000,-0.4500,354.2930,183.5748,349.4647,0.0000,0.0000,0.0000
52.206,499.7611,-3.6010,274.4459,0.2510,3.8000,-0.4500,354.5067,183.5358,349.9581,0.0000,0.0000,0.0000
52.318,499.5567,-3.7862,273.6732,0.2510,3.8000,-0.4500,354.7384,183.4956,350.4715,0.0000,0.0000,0.0000
52.430,499.3503,-3.9599,272.9112,0.2510,3.8000,-0.4500,354.9870,183.4550,351.0083,0.0000,0.0000,0.0000
52.539,499.1768,-4.0948,272.2867,0.2510,3.8000,-0.4500,355.2064,183.4210,351.4744,0.0000,0.0000,0.0000
52.664,498.9671,-4.2454,271.5493,0.2510,3.8000,-0.4500,355.4840,183.3807,352.0555,0.0000,0.0000,0.0000
52.789,498.7206,-4.4035,270.7021,0.2510,3.8000,-0.4500,355.8268,183.3349,352.7615,0.0000,0.0000,0.0000
52.900,498.5435,-4.5048,270.1030,0.2510,3.8000,-0.4500,356.0829,183.3034,353.2817,0.0000,0.0000,0.0000
53.025,498.3303,-4.6126,269.3886,0.2510,3.8000,-0.4500,356.4016,183.2676,353.9203,0.0000,0.0000,0.0000
53.150,498.0812,-4.7198,268.5593,0.2510,3.8000,-0.4500,356.7863,183.2292,354.6798,0.0000,0.0000,0.0000
53.250,497.9033,-4.7836,267.9684,0.2510,3.8000,-0.4500,357.0680,183.2043,355.2286,0.0000,0.0000,0.0000
53.373,497.6900,-4.8466,267.2601,0.2510,3.8000,-0.4500,357.4116,183.1776,355.8896,0.0000,0.0000,0.0000
53.497,497.4774,-4.8946,266.5521,0.2510,3.8000,-0.4500,357.7594,183.1545,356.5495,0.0000,0.0000,0.0000
53.623,497.2658,-4.9283,265.8438,0.2510,3.8000,-0.4500,358.1090,183.1354,357.2037,0.0000,0.0000,0.0000
53.747,497.0556,-4.9478,265.1351,0.2510,3.8000,-0.4500,358.4588,183.1203,357.8484,0.0000,0.0000,0.0000
53.873,496.8121,-4.9535,264.3073,0.2510,3.8000,-0.4500,358.8640,183.1077,358.5825,0.0000,0.0000,0.0000
53.986,496.6398,-4.9469,263.7151,0.2510,3.8000,-0.4500,359.1504,183.1019,359.0918,0.0000,0.0000,0.0000
54.094,496.4348,-4.9277,263.0035,0.2510,3.8000,-0.4500,359.4888,183.0982,359.6826,0.0000,0.0000,0.0000
54.219,496.2318,-4.8971,262.2906,0.2510,3.8000,-0.4500,359.8207,183.0980,0.2482,0.0000,0.0000,0.0000
54.345,496.0310,-4.8559,261.5763,0.2510,3.8000,-0.4500,0.1445,183.1009,0.7846,0.0000,0.0000,0.0000
54.458,495.8323,-4.8049,260.8603,0.2510,3.8000,-0.4500,0.4595,183.1066,1.2891,0.0000,0.0000,0.0000
54.567,495.6683,-4.7557,260.2625,0.2510,3.8000,-0.4500,0.7146,183.1133,1.6827,0.0000,0.0000,0.0000
54.692,495.4412,-4.6773,259.4237,0.2510,3.8000,-0.4500,1.0604,183.1250,2.1900,0.0000,0.0000,0.0000
54.817,495.2475,-4.6052,258.7038,0.2510,3.8000,-0.4500,1.2646,183.1333,2.4684,0.0000,0.0000,0.0000
54.942,495.0565,-4.5247,257.9817,0.2510,3.8000,-0.4500,1.5290,183.1455,2.8093,0.0000,0.0000,0.0000
55.067,494.8667,-4.4402,257.2583,0.2510,3.8000,-0.4500,1.7570,183.1572,3.0723,0.0000,0.0000,0.0000
55.192,494.6462,-4.3381,256.4132,0.2510,3.8000,-0.4500,1.9266,183.1666,3.2566,0.0000,0.0000,0.0000
55.317,494.4596,-4.2434,255.6860,0.2510,3.8000,-0.4500,2.2358,183.1850,3.5376,0.0000,0.0000,0.0000
55.428,494.3033,-4.1668,255.0803,0.2510,3.8000,-0.4500,2.3043,183.1893,3.5866,0.0000,0.0000,0.0000
55.528,494.1483,-4.0865,254.4726,0.2510,3.8000,-0.4500,2.5173,183.2029,3.7254,0.0000,0.0000,0.0000
55.636,493.9622,-3.9904,253.7423,0.2510,3.8000,-0.4500,2.7463,183.2180,3.8323,0.0000,0.0000,0.0000
55.761,493.7761,-3.8961,253.0112,0.2510,3.8000,-0.4500,2.9022,183.2285,3.8809,0.0000,0.0000,0.0000
55.886,493.5897,-3.8016,252.2776,0.2510,3.8000,-0.4500,3.2317,183.2511,3.9232,0.0000,0.0000,0.0000
55.998,493.4024,-3.7116,251.5439,0.2510,3.8000,-0.4500,3.3937,183.2621,3.9095,0.0000,0.0000,0.0000
56.123,493.2139,-3.6243,250.8079,0.2510,3.8000,-0.4500,3.7150,183.2840,3.8357,0.0000,0.0000,0.0000
56.249,492.9923,-3.5289,249.9484,0.2510,3.8000,-0.4500,4.0229,183.3043,3.6961,0.0000,0.0000,0.0000
56.360,492.8326,-3.4650,249.3335,0.2510,3.8000,-0.4500,4.2408,183.3182,3.5683,0.0000,0.0000,0.0000
56.473,492.6388,-3.3946,248.5945,0.2510,3.8000,-0.4500,4.5640,183.3377,3.3113,0.0000,0.0000,0.0000
56.581,492.4759,-3.3408,247.9782,0.2510,3.8000,-0.4500,4.8005,183.3510,3.0782,0.0000,0.0000,0.0000
56.707,492.2791,-3.2819,247.2383,0.2510,3.8000,-0.4500,5.0203,183.3624,2.8268,0.0000,0.0000,0.0000
56.820,492.0792,-3.2321,246.4976,0.2510,3.8000,-0.4500,5.3331,183.3768,2.4094,0.0000,0.0000,0.0000
56.929,491.8780,-3.1887,245.7568,0.2510,3.8000,-0.4500,5.5650,183.3859,2.0578,0.0000,0.0000,0.0000
57.040,491.7094,-3.1577,245.1395,0.2510,3.8000,-0.4500,5.6989,183.3905,1.8342,0.0000,0.0000,0.0000
57.165,491.5039,-3.1301,244.3983,0.2510,3.8000,-0.4500,5.9620,183.3978,1.3616,0.0000,0.0000,0.0000
57.289,491.2625,-3.1069,243.5339,0.2510,3.8000,-0.4500,6.1923,183.4024,0.9094,0.0000,0.0000,0.0000
57.401,491.0883,-3.0979,242.9165,0.2510,3.8000,-0.4500,6.3713,183.4047,0.5271,0.0000,0.0000,0.0000
57.525,490.8787,-3.0927,242.1762,0.2510,3.8000,-0.4500,6.5043,183.4056,0.2244,0.0000,0.0000,0.0000
57.651,490.6309,-3.1002,241.3129,0.2510,3.8000,-0.4500,6.7358,183.4054,359.6524,0.0000,0.0000,0.0000
57.765,490.4528,-3.1124,240.6968,0.2510,3.8000,-0.4500,6.8825,183.4040,359.2630,0.0000,0.0000,0.0000
57.875,490.2388,-3.1323,239.9581,0.2510,3.8000,-0.4500,6.9947,183.4022,358.9386,0.0000,0.0000,0.0000
57.987,490.0593,-3.1562,239.3431,0.2510,3.8000,-0.4500,7.1019,183.3999,358.6129,0.0000,0.0000,0.0000
58.104,489.8423,-3.1935,238.6059,0.2510,3.8000,-0.4500,7.2465,183.3958,358.1357,0.0000,0.0000,0.0000
58.205,489.6620,-3.2288,237.9878,0.2510,3.8000,-0.4500,7.3136,183.3934,357.8907,0.0000,0.0000,0.0000
58.317,489.4368,-3.2699,237.3614,0.2510,3.8000,-0.4500,7.3984,183.3900,357.5642,0.0000,0.0000,0.0000
58.443,489.1947,-3.2861,237.0361,0.2510,3.8000,-0.4500,7.5042,183.3851,357.1552,0.0000,0.0000,0.0000
58.552,488.9488,-3.2676,237.0192,0.2510,3.8000,-0.4500,7.6278,183.3784,356.7554,0.0000,0.0000,0.0000
58.664,488.7447,-3.2291,237.1839,0.2510,3.8000,-0.4500,7.7487,183.3712,356.4431,0.0000,0.0000,0.0000
58.789,488.4601,-3.1512,237.5979,0.2510,3.8000,-0.4500,7.9573,183.3572,355.9734,0.0000,0.0000,0.0000
58.901,488.2567,-3.0855,237.9778,0.2510,3.8000,-0.4500,8.1329,183.3441,355.5963,0.0000,0.0000,0.0000
59.025,488.0136,-2.9995,238.4903,0.2510,3.8000,-0.4500,8.2671,183.3334,355.2892,0.0000,0.0000,0.0000
59.150,487.7291,-2.8995,239.1356,0.2510,3.8000,-0.4500,8.4152,183.3205,354.9000,0.0000,0.0000,0.0000
59.250,487.5255,-2.8308,239.6154,0.2510,3.8000,-0.4500,8.4894,183.3137,354.6509,0.0000,0.0000,0.0000
59.358,487.3205,-2.7692,240.1055,0.2510,3.8000,-0.4500,8.5867,183.3041,354.2317,0.0000,0.0000,0.0000
59.470,487.0754,-2.6985,240.7025,0.2510,3.8000,-0.4500,8.6159,183.3011,353.9787,0.0000,0.0000,0.0000
59.581,486.8705,-2.6468,241.2055,0.2510,3.8000,-0.4500,8.6328,183.2992,353.7288,0.0000,0.0000,0.0000
59.706,486.6242,-2.5939,241.8145,0.2510,3.8000,-0.4500,8.6145,183.3013,353.3940,0.0000,0.0000,0.0000
59.816,486.3782,-2.5487,242.4277,0.2510,3.8000,-0.4500,8.5802,183.3054,353.1474,0.0000,0.0000,0.0000
59.942,486.1317,-2.5160,243.0456,0.2510,3.8000,-0.4500,8.4727,183.3189,352.7461,0.0000,0.0000,0.0000
60.056,485.8865,-2.4857,243.6655,0.2510,3.8000,-0.4500,8.4395,183.3232,352.6712,0.0000,0.0000,0.0000
60.164,485.6822,-2.4688,244.1851,0.2510,3.8000,-0.4500,8.3677,183.3326,352.5206,0.0000,0.0000,0.0000
60.275,485.4371,-2.4579,244.8123,0.2510,3.8000,-0.4500,8.1942,183.3561,352.2449,0.0000,0.0000,0.0000
60.401,485.1935,-2.4478,245.4401,0.2510,3.8000,-0.4500,8.1942,183.3561,352.2449,0.0000,0.0000,0.0000
60.525,484.9500,-2.4482,246.0723,0.2510,3.8000,-0.4500,8.0052,183.3824,352.0706,0.0000,0.0000,0.0000
60.650,484.6671,-2.4529,246.8122,0.2510,3.8000,-0.4500,7.7985,183.4117,351.9468,0.0000,0.0000,0.0000
60.775,484.4253,-2.4581,247.4474,0.2510,3.8000,-0.4500,7.7246,183.4223,351.9214,0.0000,0.0000,0.0000
60.900,484.1843,-2.4661,248.0852,0.2510,3.8000,-0.4500,7.4805,183.4573,351.8920,0.0000,0.0000,0.0000
61.025,483.9439,-2.4719,248.7232,0.2510,3.8000,-0.4500,7.3190,183.4805,351.9263,0.0000,0.0000,0.0000
61.150,483.6643,-2.4757,249.4686,0.2510,3.8000,-0.4500,7.0852,183.5137,352.0063,0.0000,0.0000,0.0000
61.262,483.4656,-2.4726,250.0016,0.2510,3.8000,-0.4500,6.8171,183.5511,352.2313,0.0000,0.0000,0.0000
61.386,483.2274,-2.4629,250.6402,0.2510,3.8000,-0.4500,6.6008,183.5804,352.4919,0.0000,0.0000,0.0000
61.498,482.9900,-2.4430,251.2775,0.2510,3.8000,-0.4500,6.4094,183.6052,352.8750,0.0000,0.0000,0.0000
61.609,482.7533,-2.4112,251.9128,0.2510,3.8000,-0.4500,6.2573,183.6237,353.3733,0.0000,0.0000,0.0000
61.720,482.5561,-2.3769,252.4403,0.2510,3.8000,-0.4500,6.2014,183.6301,353.7085,0.0000,0.0000,0.0000
61.845,482.3206,-2.3211,253.0704,0.2510,3.8000,-0.4500,6.1715,183.6333,354.2525,0.0000,0.0000,0.0000
61.956,482.0860,-2.2502,253.6970,0.2510,3.8000,-0.4500,6.1920,183.6314,354.8115,0.0000,0.0000,0.0000
62.081,481.8524,-2.1626,254.3192,0.2510,3.8000,-0.4500,6.2606,183.6255,355.3788,0.0000,0.0000,0.0000
62.206,481.6203,-2.0568,254.9358,0.2510,3.8000,-0.4500,6.3797,183.6165,355.9577,0.0000,0.0000,0.0000
62.317,481.3898,-1.9318,255.5465,0.2510,3.8000,-0.4500,6.5464,183.6055,356.5477,0.0000,0.0000,0.0000
62.442,481.1615,-1.7869,256.1512,0.2510,3.8000,-0.4500,6.7502,183.5942,357.1450,0.0000,0.0000,0.0000
62.553,480.9356,-1.6225,256.7500,0.2510,3.8000,-0.4500,6.9774,183.5840,357.7444,0.0000,0.0000,0.0000
62.679,480.7126,-1.4391,257.3430,0.2510,3.8000,-0.4500,7.2137,183.5759,358.3399,0.0000,0.0000,0.0000
62.798,480.4929,-1.2380,257.9308,0.2510,3.8000,-0.4500,7.4455,183.5703,358.9256,0.0000,0.0000,0.0000
62.898,480.3125,-1.0578,258.4167,0.2510,3.8000,-0.4500,7.6264,183.5676,359.4019,0.0000,0.0000,0.0000
62.999,480.1348,-0.8675,258.8997,0.2510,3.8000,-0.4500,7.7893,183.5666,359.8641,0.0000,0.0000,0.0000
63.109,479.9249,-0.6269,259.4758,0.2510,3.8000,-0.4500,7.9532,183.5669,0.3959,0.0000,0.0000,0.0000
63.234,479.7189,-0.3755,260.0490,0.2510,3.8000,-0.4500,8.0751,183.5683,0.8983,0.0000,0.0000,0.0000
63.358,479.5147,-0.1193,260.6208,0.2510,3.8000,-0.4500,8.1151,183.5690,1.1436,0.0000,0.0000,0.0000
63.470,479.3159,0.1487,261.1905,0.2510,3.8000,-0.4500,8.1478,183.5697,1.6715,0.0000,0.0000,0.0000
63.583,479.1510,0.3710,261.6657,0.2510,3.8000,-0.4500,8.1392,183.5695,1.8370,0.0000,0.0000,0.0000
63.692,478.9575,0.6432,262.2359,0.2510,3.8000,-0.4500,8.0675,183.5668,2.2502,0.0000,0.0000,0.0000
63.817,478.7658,0.9127,262.8077,0.2510,3.8000,-0.4500,7.9392,183.5614,2.5545,0.0000,0.0000,0.0000
63.942,478.5760,1.1780,263.3818,0.2510,3.8000,-0.4500,7.8006,183.5549,2.7615,0.0000,0.0000,0.0000
64.068,478.3883,1.4374,263.9596,0.2510,3.8000,-0.4500,7.5692,183.5431,3.0111,0.0000,0.0000,0.0000
64.178,478.2023,1.6877,264.5425,0.2510,3.8000,-0.4500,7.1289,183.5186,3.2876,0.0000,0.0000,0.0000
64.303,478.0167,1.9245,265.1311,0.2510,3.8000,-0.4500,6.6476,183.4899,3.4640,0.0000,0.0000,0.0000
64.428,477.8306,2.1459,265.7253,0.2510,3.8000,-0.4500,6.1339,183.4582,3.5484,0.0000,0.0000,0.0000
64.541,477.6435,2.3486,266.3259,0.2510,3.8000,-0.4500,5.5753,183.4232,3.5604,0.0000,0.0000,0.0000
64.650,477.4550,2.5308,266.9329,0.2510,3.8000,-0.4500,4.9656,183.3853,3.5115,0.0000,0.0000,0.0000
64.775,477.2644,2.6894,267.5462,0.2510,3.8000,-0.4500,4.3041,183.3452,3.4072,0.0000,0.0000,0.0000
64.890,477.0715,2.8224,268.1657,0.2510,3.8000,-0.4500,3.5941,183.3037,3.2503,0.0000,0.0000,0.0000
65.000,476.9088,2.9118,268.6865,0.2510,3.8000,-0.4500,2.9688,183.2691,3.0806,0.0000,0.0000,0.0000
65.109,476.7109,2.9921,269.3162,0.2510,3.8000,-0.4500,2.1837,183.2284,2.8320,0.0000,0.0000,0.0000
65.234,476.5100,3.0411,269.9507,0.2510,3.8000,-0.4500,1.3671,183.1901,2.5356,0.0000,0.0000,0.0000
65.359,476.3061,3.0574,270.5889,0.2510,3.8000,-0.4500,0.5275,183.1554,2.1936,0.0000,0.0000,0.0000
65.459,476.1340,3.0453,271.1230,0.2510,3.8000,-0.4500,359.8161,183.1301,1.8751,0.0000,0.0000,0.0000
65.570,475.9245,2.9889,271.7653,0.2510,3.8000,-0.4500,358.9858,183.1060,1.4126,0.0000,0.0000,0.0000
65.678,475.7469,2.9192,272.3003,0.2510,3.8000,-0.4500,358.3943,183.0941,0.8627,0.0000,0.0000,0.0000
65.803,475.5330,2.8243,272.9382,0.2510,3.8000,-0.4500,357.7857,183.0882,0.2822,0.0000,0.0000,0.0000
65.928,475.2846,2.7219,273.6483,0.2510,3.8000,-0.4500,357.4384,183.0871,0.1118,0.0000,0.0000,0.0000
66.053,475.0722,2.6509,274.2226,0.2510,3.8000,-0.4500,357.2325,183.0864,0.2731,0.0000,0.0000,0.0000
66.178,474.8611,2.5956,274.7716,0.2510,3.8000,-0.4500,356.9062,183.0837,0.7156,0.0000,0.0000,0.0000
66.303,474.6506,2.5548,275.3008,0.2510,3.8000,-0.4500,356.7148,183.0806,1.2174,0.0000,0.0000,0.0000
66.428,474.4062,2.5239,275.9020,0.2510,3.8000,-0.4500,356.5996,183.0776,1.8192,0.0000,0.0000,0.0000
66.540,474.2329,2.5119,276.3251,0.2510,3.8000,-0.4500,356.5580,183.0761,2.2466,0.0000,0.0000,0.0000
66.654,474.0259,2.5063,276.8291,0.2510,3.8000,-0.4500,356.5379,183.0753,2.6674,0.0000,0.0000,0.0000
66.762,473.8558,2.5112,277.2477,0.2510,3.8000,-0.4500,356.5340,183.0751,3.0999,0.0000,0.0000,0.0000
66.886,473.6523,2.5230,277.7495,0.2510,3.8000,-0.4500,356.5390,183.0754,3.4350,0.0000,0.0000,0.0000
67.012,473.4189,2.5508,278.3354,0.2510,3.8000,-0.4500,356.5639,183.0770,3.9482,0.0000,0.0000,0.0000
67.136,473.2206,2.5823,278.8386,0.2510,3.8000,-0.4500,356.5915,183.0790,4.2882,0.0000,0.0000,0.0000
67.262,473.0205,2.6247,279.2423,0.2510,3.8000,-0.4500,356.6277,183.0818,4.6219,0.0000,0.0000,0.0000
67.386,472.8235,2.6883,279.2555,0.2510,3.8000,-0.4500,356.6502,183.0837,4.7816,0.0000,0.0000,0.0000
67.487,472.6682,2.7587,278.9974,0.2510,3.8000,-0.4500,356.6928,183.0873,4.9419,0.0000,0.0000,0.0000
67.598,472.4881,2.8542,278.4915,0.2510,3.8000,-0.4500,356.7156,183.0893,5.0198,0.0000,0.0000,0.0000
67.708,472.3406,2.9387,277.9810,0.2510,3.8000,-0.4500,356.7156,183.0893,5.0198,0.0000,0.0000,0.0000
67.817,472.1658,3.0451,277.3170,0.2510,3.8000,-0.4500,356.7634,183.0935,5.0866,0.0000,0.0000,0.0000
67.942,471.9922,3.1542,276.6280,0.2510,3.8000,-0.4500,356.8605,183.1022,5.2141,0.0000,0.0000,0.0000
68.067,471.8174,3.2598,275.9305,0.2510,3.8000,-0.4500,356.8605,183.1022,5.2141,0.0000,0.0000,0.0000
68.192,471.6130,3.3813,275.1138,0.2510,3.8000,-0.4500,356.8604,183.1022,5.2141,0.0000,0.0000,0.0000
68.305,471.4665,3.4663,274.5303,0.2510,3.8000,-0.4500,356.8604,183.1022,5.2141,0.0000,0.0000,0.0000
68.430,471.2606,3.5826,273.7137,0.2510,3.8000,-0.4500,356.8604,183.1022,5.2141,0.0000,0.0000,0.0000
68.542,471.1129,3.6641,273.1305,0.2510,3.8000,-0.4500,356.9395,183.1094,5.2142,0.0000,0.0000,0.0000
68.665,470.9349,3.7584,272.4312,0.2510,3.8000,-0.4500,356.9395,183.1094,5.2142,0.0000,0.0000,0.0000
68.789,470.7255,3.8643,271.6145,0.2510,3.8000,-0.4500,357.0931,183.1234,5.1534,0.0000,0.0000,0.0000
68.902,470.5753,3.9366,271.0316,0.2510,3.8000,-0.4500,357.0931,183.1233,5.1534,0.0000,0.0000,0.0000
69.011,470.3927,4.0183,270.3305,0.2510,3.8000,-0.4500,357.2827,183.1402,4.9905,0.0000,0.0000,0.0000
69.112,470.2396,4.0824,269.7465,0.2510,3.8000,-0.4500,357.3758,183.1482,4.8549,0.0000,0.0000,0.0000
69.220,470.0852,4.1429,269.1622,0.2510,3.8000,-0.4500,357.4590,183.1552,4.7161,0.0000,0.0000,0.0000
69.345,469.8981,4.2092,268.4611,0.2510,3.8000,-0.4500,357.5358,183.1614,4.4873,0.0000,0.0000,0.0000
69.470,469.6766,4.2767,267.6427,0.2510,3.8000,-0.4500,357.6059,183.1667,4.0756,0.0000,0.0000,0.0000
69.581,469.5179,4.3216,267.0583,0.2510,3.8000,-0.4500,357.6129,183.1672,3.9082,0.0000,0.0000,0.0000
69.692,469.3247,4.3672,266.3569,0.2510,3.8000,-0.4500,357.6084,183.1669,3.5731,0.0000,0.0000,0.0000
69.803,469.1631,4.4019,265.7722,0.2510,3.8000,-0.4500,357.5970,183.1662,3.4069,0.0000,0.0000,0.0000
69.928,468.9327,4.4370,264.9540,0.2510,3.8000,-0.4500,357.5303,183.1625,2.8912,0.0000,0.0000,0.0000
70.053,468.7341,4.4608,264.2527,0.2510,3.8000,-0.4500,357.4654,183.1595,2.5468,0.0000,0.0000,0.0000
70.179,468.5333,4.4758,263.5515,0.2510,3.8000,-0.4500,357.3762,183.1558,2.1354,0.0000,0.0000,0.0000
70.303,468.3321,4.4862,262.8502,0.2510,3.8000,-0.4500,357.3142,183.1536,1.8876,0.0000,0.0000,0.0000
70.403,468.1616,4.4845,262.2662,0.2510,3.8000,-0.4500,357.1999,183.1503,1.4637,0.0000,0.0000,0.0000
70.514,467.9570,4.4791,261.5652,0.2510,3.8000,-0.4500,357.1078,183.1482,1.1477,0.0000,0.0000,0.0000
70.625,467.7856,4.4688,260.9803,0.2510,3.8000,-0.4500,357.0341,183.1469,0.9085,0.0000,0.0000,0.0000
70.736,467.5782,4.4461,260.2604,0.2510,3.8000,-0.4500,356.8736,183.1450,0.4200,0.0000,0.0000,0.0000
70.844,467.4067,4.4267,259.6511,0.2510,3.8000,-0.4500,356.8186,183.1447,0.2603,0.0000,0.0000,0.0000
70.945,467.2321,4.3963,259.0535,0.2510,3.8000,-0.4500,356.6690,183.1446,359.8418,0.0000,0.0000,0.0000
71.053,467.0219,4.3566,258.3618,0.2510,3.8000,-0.4500,356.5798,183.1450,359.6028,0.0000,0.0000,0.0000
71.178,466.8076,4.3017,257.6993,0.2510,3.8000,-0.4500,356.3852,183.1472,359.1104,0.0000,0.0000,0.0000
71.303,466.5927,4.2424,257.0605,0.2510,3.8000,-0.4500,356.2797,183.1491,358.8626,0.0000,0.0000,0.0000
71.428,466.3751,4.1704,256.4393,0.2510,3.8000,-0.4500,356.1030,183.1532,358.4618,0.0000,0.0000,0.0000
71.528,466.1569,4.0915,255.8298,0.2510,3.8000,-0.4500,355.9533,183.1577,358.1461,0.0000,0.0000,0.0000
71.636,465.9741,4.0186,255.3277,0.2510,3.8000,-0.4500,355.8056,183.1629,357.8452,0.0000,0.0000,0.0000
71.748,465.7916,3.9438,254.8287,0.2510,3.8000,-0.4500,355.7251,183.1660,357.6919,0.0000,0.0000,0.0000
71.873,465.5347,3.8267,254.1339,0.2510,3.8000,-0.4500,355.5209,183.1749,357.3138,0.0000,0.0000,0.0000
71.986,465.3511,3.7390,253.6389,0.2510,3.8000,-0.4500,355.3966,183.1810,357.0995,0.0000,0.0000,0.0000
72.099,465.1310,3.6289,253.0456,0.2510,3.8000,-0.4500,355.2677,183.1878,356.8861,0.0000,0.0000,0.0000
72.204,464.9471,3.5321,252.5515,0.2510,3.8000,-0.4500,355.1348,183.1953,356.6779,0.0000,0.0000,0.0000
72.303,464.7631,3.4321,252.0576,0.2510,3.8000,-0.4500,354.9948,183.2038,356.4729,0.0000,0.0000,0.0000
72.414,464.5426,3.3085,251.4649,0.2510,3.8000,-0.4500,354.8467,183.2132,356.2729,0.0000,0.0000,0.0000
72.540,464.3227,3.1843,250.8715,0.2510,3.8000,-0.4500,354.7969,183.2165,356.2076,0.0000,0.0000,0.0000
72.653,464.1002,3.0499,250.3077,0.2510,3.8000,-0.4500,354.5741,183.2318,355.9498,0.0000,0.0000,0.0000
72.762,463.9075,2.9279,249.9925,0.2510,3.8000,-0.4500,354.5741,183.2318,355.9498,0.0000,0.0000,0.0000
72.886,463.6737,2.7422,249.9015,0.2510,3.8000,-0.4500,354.3951,183.2448,355.7749,0.0000,0.0000,0.0000
73.012,463.4089,2.4804,250.1182,0.2510,3.8000,-0.4500,354.1352,183.2646,355.5575,0.0000,0.0000,0.0000
73.137,463.1901,2.2307,250.4877,0.2510,3.8000,-0.4500,354.1352,183.2646,355.5575,0.0000,0.0000,0.0000
73.261,462.9758,1.9555,250.9647,0.2510,3.8000,-0.4500,353.8544,183.2870,355.3669,0.0000,0.0000,0.0000
73.386,462.7659,1.6719,251.5060,0.2510,3.8000,-0.4500,353.8544,183.2870,355.3669,0.0000,0.0000,0.0000
73.511,462.5236,1.3282,252.1872,0.2510,3.8000,-0.4500,353.7038,183.2994,355.2944,0.0000,0.0000,0.0000
73.623,462.3519,1.0805,252.6920,0.2510,3.8000,-0.4500,353.7038,183.2994,355.2944,0.0000,0.0000,0.0000
73.748,462.1466,0.7810,253.3104,0.2510,3.8000,-0.4500,353.6266,183.3058,355.2711,0.0000,0.0000,0.0000
73.872,461.9080,0.4316,254.0418,0.2510,3.8000,-0.4500,353.5479,183.3124,355.2602,0.0000,0.0000,0.0000
73.973,461.7380,0.1838,254.5683,0.2510,3.8000,-0.4500,353.4686,183.3190,355.2677,0.0000,0.0000,0.0000
74.082,461.5683,-0.0625,255.0968,0.2510,3.8000,-0.4500,353.3900,183.3255,355.2941,0.0000,0.0000,0.0000
74.193,461.3651,-0.3552,255.7325,0.2510,3.8000,-0.4500,353.2384,183.3380,355.3594,0.0000,0.0000,0.0000
74.302,461.1964,-0.5955,256.2637,0.2510,3.8000,-0.4500,353.0385,183.3541,355.5129,0.0000,0.0000,0.0000
74.427,460.9937,-0.8824,256.9010,0.2510,3.8000,-0.4500,352.8014,183.3724,355.7347,0.0000,0.0000,0.0000
74.552,460.7573,-1.2165,257.6442,0.2510,3.8000,-0.4500,352.5076,183.3937,356.0418,0.0000,0.0000,0.0000
74.663,460.5876,-1.4573,258.1740,0.2510,3.8000,-0.4500,352.3312,183.4057,356.2239,0.0000,0.0000,0.0000
74.788,460.3849,-1.7470,258.8103,0.2510,3.8000,-0.4500,351.9485,183.4300,356.5941,0.0000,0.0000,0.0000
74.913,460.1473,-2.0895,259.5508,0.2510,3.8000,-0.4500,351.5034,183.4551,356.9994,0.0000,0.0000,0.0000
75.038,459.9427,-2.3869,260.1835,0.2510,3.8000,-0.4500,351.2418,183.4685,357.2286,0.0000,0.0000,0.0000
75.163,459.7384,-2.6862,260.8161,0.2510,3.8000,-0.4500,350.8390,183.4870,357.5810,0.0000,0.0000,0.0000
75.288,459.5327,-2.9881,261.4465,0.2510,3.8000,-0.4500,350.5879,183.4972,357.8052,0.0000,0.0000,0.0000
75.399,459.3272,-3.2910,262.0766,0.2510,3.8000,-0.4500,350.2830,183.5083,358.0888,0.0000,0.0000,0.0000
75.512,459.1206,-3.5948,262.7049,0.2510,3.8000,-0.4500,350.1103,183.5139,358.2584,0.0000,0.0000,0.0000
75.621,458.9488,-3.8476,263.2286,0.2510,3.8000,-0.4500,349.9347,183.5190,358.4475,0.0000,0.0000,0.0000
75.746,458.7411,-4.1510,263.8555,0.2510,3.8000,-0.4500,349.8783,183.5205,358.5099,0.0000,0.0000,0.0000
75.857,458.5346,-4.4517,264.4832,0.2510,3.8000,-0.4500,349.7300,183.5242,358.7039,0.0000,0.0000,0.0000
75.968,458.3265,-4.7514,265.1100,0.2510,3.8000,-0.4500,349.7300,183.5242,358.7039,0.0000,0.0000,0.0000
76.093,458.1187,-5.0473,265.7373,0.2510,3.8000,-0.4500,349.7300,183.5242,358.7039,0.0000,0.0000,0.0000
76.219,457.9109,-5.3374,266.3654,0.2510,3.8000,-0.4500,349.7300,183.5242,358.7039,0.0000,0.0000,0.0000
76.330,457.7033,-5.6193,266.9944,0.2510,3.8000,-0.4500,349.7300,183.5242,358.7038,0.0000,0.0000,0.0000
76.441,457.5316,-5.8417,267.5195,0.2510,3.8000,-0.4500,349.8459,183.5217,358.9304,0.0000,0.0000,0.0000
76.566,457.3242,-6.0969,268.1512,0.2510,3.8000,-0.4500,350.0540,183.5183,359.1853,0.0000,0.0000,0.0000
76.677,457.1163,-6.3355,268.7843,0.2510,3.8000,-0.4500,350.4846,183.5132,359.4674,0.0000,0.0000,0.0000
76.788,456.9421,-6.5224,269.3138,0.2510,3.8000,-0.4500,350.8845,183.5101,359.6428,0.0000,0.0000,0.0000
76.913,456.6883,-6.7489,269.8803,0.2510,3.8000,-0.4500,351.4906,183.5074,359.8374,0.0000,0.0000,0.0000
77.039,456.4684,-6.8750,269.9322,0.2510,3.8000,-0.4500,352.0146,183.5066,359.9852,0.0000,0.0000,0.0000
77.163,456.2559,-6.9495,269.6313,0.2510,3.8000,-0.4500,352.1767,183.5066,0.0329,0.0000,0.0000,0.0000
77.288,456.0494,-6.9847,269.1200,0.2510,3.8000,-0.4500,352.4948,183.5071,0.1518,0.0000,0.0000,0.0000
77.399,455.8458,-7.0001,268.5042,0.2510,3.8000,-0.4500,352.7095,183.5079,0.2678,0.0000,0.0000,0.0000
77.524,455.6430,-7.0077,267.8409,0.2510,3.8000,-0.4500,352.7095,183.5079,0.2678,0.0000,0.0000,0.0000
77.649,455.4083,-7.0047,267.0418,0.2510,3.8000,-0.4500,352.9030,183.5092,0.4312,0.0000,0.0000,0.0000
77.762,455.2411,-6.9997,266.4654,0.2510,3.8000,-0.4500,353.0116,183.5101,0.5522,0.0000,0.0000,0.0000
77.871,455.0406,-6.9934,265.7722,0.2510,3.8000,-0.4500,353.0598,183.5106,0.6174,0.0000,0.0000,0.0000
77.997,454.8411,-6.9828,265.0788,0.2510,3.8000,-0.4500,353.1505,183.5117,0.7550,0.0000,0.0000,0.0000
78.122,454.6428,-6.9675,264.3859,0.2510,3.8000,-0.4500,353.2627,183.5134,0.9801,0.0000,0.0000,0.0000
78.247,454.4443,-6.9519,263.6938,0.2510,3.8000,-0.4500,353.2928,183.5139,1.0587,0.0000,0.0000,0.0000
78.358,454.2476,-6.9296,263.0025,0.2510,3.8000,-0.4500,353.3766,183.5157,1.2940,0.0000,0.0000,0.0000
78.469,454.0506,-6.9065,262.3120,0.2510,3.8000,-0.4500,353.3954,183.5161,1.3745,0.0000,0.0000,0.0000
78.594,453.8557,-6.8765,261.6221,0.2510,3.8000,-0.4500,353.4453,183.5175,1.6203,0.0000,0.0000,0.0000
78.719,453.6617,-6.8427,260.9330,0.2510,3.8000,-0.4500,353.4718,183.5183,1.8691,0.0000,0.0000,0.0000
78.830,453.4675,-6.8084,260.2443,0.2510,3.8000,-0.4500,353.4750,183.5184,1.9521,0.0000,0.0000,0.0000
78.955,453.2749,-6.7690,259.5562,0.2510,3.8000,-0.4500,353.4794,183.5186,2.1189,0.0000,0.0000,0.0000
79.080,453.0840,-6.7249,258.8689,0.2510,3.8000,-0.4500,353.4713,183.5183,2.3612,0.0000,0.0000,0.0000
79.205,452.8934,-6.6788,258.1820,0.2510,3.8000,-0.4500,353.4516,183.5175,2.5321,0.0000,0.0000,0.0000
79.330,452.6721,-6.6214,257.3814,0.2510,3.8000,-0.4500,353.4298,183.5164,2.6996,0.0000,0.0000,0.0000
79.441,452.5165,-6.5748,256.8107,0.2510,3.8000,-0.4500,353.3663,183.5132,3.0144,0.0000,0.0000,0.0000
79.541,452.3591,-6.5308,256.2396,0.2510,3.8000,-0.4500,353.3663,183.5132,3.0144,0.0000,0.0000,0.0000
79.650,452.1736,-6.4708,255.5558,0.2510,3.8000,-0.4500,353.2758,183.5081,3.3294,0.0000,0.0000,0.0000
79.761,452.0178,-6.4222,254.9857,0.2510,3.8000,-0.4500,353.2758,183.5081,3.3294,0.0000,0.0000,0.0000
79.886,451.8336,-6.3582,254.3032,0.2510,3.8000,-0.4500,353.1877,183.5028,3.5638,0.0000,0.0000,0.0000
80.011,451.6199,-6.2801,253.5008,0.2510,3.8000,-0.4500,353.0880,183.4964,3.7944,0.0000,0.0000,0.0000
80.136,451.4374,-6.2110,252.8032,0.2510,3.8000,-0.4500,353.0540,183.4941,3.8694,0.0000,0.0000,0.0000
80.261,451.2577,-6.1365,252.0989,0.2510,3.8000,-0.4500,352.9391,183.4860,4.0884,0.0000,0.0000,0.0000
80.386,451.0786,-6.0598,251.3892,0.2510,3.8000,-0.4500,352.8572,183.4800,4.2312,0.0000,0.0000,0.0000
80.497,450.9015,-5.9796,250.6770,0.2510,3.8000,-0.4500,352.7218,183.4696,4.4449,0.0000,0.0000,0.0000
80.623,450.7243,-5.8985,249.9625,0.2510,3.8000,-0.4500,352.6772,183.4661,4.5107,0.0000,0.0000,0.0000
80.747,450.5491,-5.8138,249.2482,0.2510,3.8000,-0.4500,352.5322,183.4543,4.7093,0.0000,0.0000,0.0000
80.857,450.3744,-5.7278,248.5335,0.2510,3.8000,-0.4500,352.4338,183.4460,4.8362,0.0000,0.0000,0.0000
80.983,450.2011,-5.6394,247.8197,0.2510,3.8000,-0.4500,352.2706,183.4318,5.0291,0.0000,0.0000,0.0000
81.108,450.0273,-5.5512,247.1053,0.2510,3.8000,-0.4500,352.2706,183.4318,5.0291,0.0000,0.0000,0.0000
81.233,449.8269,-5.4447,246.2741,0.2510,3.8000,-0.4500,352.1002,183.4164,5.2146,0.0000,0.0000,0.0000
81.358,449.6561,-5.3519,245.5627,0.2510,3.8000,-0.4500,351.9254,183.4000,5.3905,0.0000,0.0000,0.0000
81.483,449.4847,-5.2592,244.8509,0.2510,3.8000,-0.4500,351.9254,183.4000,5.3905,0.0000,0.0000,0.0000
81.607,449.3153,-5.1642,244.1407,0.2510,3.8000,-0.4500,351.7393,183.3819,5.5620,0.0000,0.0000,0.0000
81.719,449.1410,-5.0745,243.4928,0.2510,3.8000,-0.4500,351.7393,183.3819,5.5620,0.0000,0.0000,0.0000
81.844,448.9514,-5.0159,243.1266,0.2510,3.8000,-0.4500,351.6122,183.3693,5.6702,0.0000,0.0000,0.0000
81.969,448.7178,-5.0109,243.1245,0.2510,3.8000,-0.4500,351.6122,183.3693,5.6702,0.0000,0.0000,0.0000
82.094,448.5162,-5.0498,243.3855,0.2510,3.8000,-0.4500,351.6122,183.3693,5.6702,0.0000,0.0000,0.0000
82.219,448.3152,-5.1155,243.8035,0.2510,3.8000,-0.4500,351.6122,183.3693,5.6702,0.0000,0.0000,0.0000
82.344,448.1153,-5.1972,244.3210,0.2510,3.8000,-0.4500,351.6122,183.3693,5.6702,0.0000,0.0000,0.0000
82.469,447.8831,-5.3012,244.9997,0.2510,3.8000,-0.4500,351.6122,183.3693,5.6702,0.0000,0.0000,0.0000
82.584,447.7181,-5.3760,245.5138,0.2510,3.8000,-0.4500,351.6122,183.3693,5.6702,0.0000,0.0000,0.0000
82.695,447.5209,-5.4622,246.1498,0.2510,3.8000,-0.4500,351.6122,183.3693,5.6702,0.0000,0.0000,0.0000
82.806,447.3571,-5.5280,246.6891,0.2510,3.8000,-0.4500,351.6972,183.3779,5.6642,0.0000,0.0000,0.0000
82.917,447.1615,-5.5955,247.3414,0.2510,3.8000,-0.4500,352.2463,183.4326,5.6129,0.0000,0.0000,0.0000
83.028,446.9992,-5.6438,247.8893,0.2510,3.8000,-0.4500,352.6797,183.4754,5.5659,0.0000,0.0000,0.0000
83.138,446.8057,-5.6904,248.5504,0.2510,3.8000,-0.4500,353.1758,183.5239,5.5188,0.0000,0.0000,0.0000
83.251,446.6138,-5.7231,249.2143,0.2510,3.8000,-0.4500,353.6060,183.5656,5.4943,0.0000,0.0000,0.0000
83.370,446.4237,-5.7385,249.8790,0.2510,3.8000,-0.4500,354.1731,183.6204,5.4854,0.0000,0.0000,0.0000
83.470,446.2668,-5.7375,250.4336,0.2510,3.8000,-0.4500,354.6654,183.6680,5.4975,0.0000,0.0000,0.0000
83.579,446.1114,-5.7228,250.9884,0.2510,3.8000,-0.4500,355.1767,183.7175,5.5283,0.0000,0.0000,0.0000
83.704,445.9271,-5.6857,251.6540,0.2510,3.8000,-0.4500,355.8205,183.7803,5.5900,0.0000,0.0000,0.0000
83.814,445.7456,-5.6262,252.3188,0.2510,3.8000,-0.4500,356.4989,183.8474,5.6783,0.0000,0.0000,0.0000
83.940,445.5670,-5.5426,252.9823,0.2510,3.8000,-0.4500,357.2104,183.9189,5.7921,0.0000,0.0000,0.0000
84.051,445.3917,-5.4344,253.6438,0.2510,3.8000,-0.4500,357.9508,183.9950,5.9299,0.0000,0.0000,0.0000
84.176,445.2199,-5.3004,254.3027,0.2510,3.8000,-0.4500,358.7147,184.0754,6.0891,0.0000,0.0000,0.0000
84.301,445.0517,-5.1409,254.9583,0.2510,3.8000,-0.4500,359.4953,184.1599,6.2667,0.0000,0.0000,0.0000
84.426,444.8875,-4.9554,255.6098,0.2510,3.8000,-0.4500,0.2848,184.2479,6.4593,0.0000,0.0000,0.0000
84.551,444.7008,-4.7072,256.3641,0.2510,3.8000,-0.4500,1.2060,184.3542,6.6976,0.0000,0.0000,0.0000
84.676,444.5453,-4.4678,257.0050,0.2510,3.8000,-0.4500,1.9851,184.4471,6.9085,0.0000,0.0000,0.0000
84.801,444.3938,-4.2056,257.6404,0.2510,3.8000,-0.4500,2.7444,184.5406,7.1207,0.0000,0.0000,0.0000
84.926,444.2464,-3.9215,258.2698,0.2510,3.8000,-0.4500,3.4742,184.6333,7.3300,0.0000,0.0000,0.0000
85.051,444.0791,-3.5655,258.9967,0.2510,3.8000,-0.4500,4.2755,184.7383,7.5644,0.0000,0.0000,0.0000
85.176,443.9396,-3.2412,259.6134,0.2510,3.8000,-0.4500,4.9081,184.8236,7.7524,0.0000,0.0000,0.0000
85.301,443.8032,-2.9025,260.2246,0.2510,3.8000,-0.4500,5.4807,184.9028,7.9247,0.0000,0.0000,0.0000
85.426,443.6696,-2.5509,260.8311,0.2510,3.8000,-0.4500,5.9840,184.9739,8.0784,0.0000,0.0000,0.0000
85.537,443.5370,-2.1943,261.4370,0.2510,3.8000,-0.4500,6.0606,184.9848,8.1020,0.0000,0.0000,0.0000
85.662,443.4073,-1.8252,262.0365,0.2510,3.8000,-0.4500,6.4721,185.0442,8.2335,0.0000,0.0000,0.0000
85.773,443.2774,-1.4571,262.6345,0.2510,3.8000,-0.4500,6.4721,185.0442,8.2335,0.0000,0.0000,0.0000
85.898,443.1477,-1.0871,263.2291,0.2510,3.8000,-0.4500,6.4721,185.0442,8.2335,0.0000,0.0000,0.0000
86.023,443.0178,-0.7192,263.8216,0.2510,3.8000,-0.4500,6.4721,185.0442,8.2335,0.0000,0.0000,0.0000
86.148,442.8656,-0.2954,264.5120,0.2510,3.8000,-0.4500,6.4722,185.0442,8.2335,0.0000,0.0000,0.0000
86.273,442.7343,0.0595,265.1042,0.2510,3.8000,-0.4500,6.4722,185.0442,8.2335,0.0000,0.0000,0.0000
86.398,442.6015,0.4051,265.6983,0.2510,3.8000,-0.4500,6.4722,185.0442,8.2335,0.0000,0.0000,0.0000
86.523,442.4673,0.7390,266.2948,0.2510,3.8000,-0.4500,6.4722,185.0442,8.2335,0.0000,0.0000,0.0000
86.648,442.3323,1.0594,266.8983,0.2510,3.8000,-0.4500,6.0337,184.9799,8.3327,0.0000,0.0000,0.0000
86.761,442.1961,1.3645,267.5087,0.2510,3.8000,-0.4500,5.4533,184.8941,8.4090,0.0000,0.0000,0.0000
86.872,442.0585,1.6553,268.1255,0.2510,3.8000,-0.4500,4.8599,184.8057,8.4643,0.0000,0.0000,0.0000
86.982,441.9428,1.8857,268.6443,0.2510,3.8000,-0.4500,4.3477,184.7290,8.5140,0.0000,0.0000,0.0000
87.093,441.7981,2.1462,269.1936,0.2510,3.8000,-0.4500,3.7055,184.6322,8.5873,0.0000,0.0000,0.0000
87.217,441.6447,2.3765,269.3454,0.2510,3.8000,-0.4500,3.0599,184.5341,8.6786,0.0000,0.0000,0.0000
87.329,441.4943,2.5819,269.0936,0.2510,3.8000,-0.4500,2.4885,184.4462,8.7913,0.0000,0.0000,0.0000
87.454,441.3474,2.7749,268.5897,0.2510,3.8000,-0.4500,2.2481,184.4088,8.8556,0.0000,0.0000,0.0000
87.565,441.2272,2.9314,268.0670,0.2510,3.8000,-0.4500,2.0267,184.3741,8.9466,0.0000,0.0000,0.0000
87.690,441.0611,3.1502,267.2611,0.2510,3.8000,-0.4500,1.8078,184.3394,9.0647,0.0000,0.0000,0.0000
87.801,440.9436,3.3074,266.6615,0.2510,3.8000,-0.4500,1.6667,184.3168,9.1549,0.0000,0.0000,0.0000
87.926,440.8038,3.4986,265.9320,0.2510,3.8000,-0.4500,1.5312,184.2948,9.2453,0.0000,0.0000,0.0000
88.051,440.6430,3.7249,265.0776,0.2510,3.8000,-0.4500,1.2613,184.2504,9.4399,0.0000,0.0000,0.0000
88.175,440.5049,3.9205,264.3441,0.2510,3.8000,-0.4500,1.2613,184.2504,9.4399,0.0000,0.0000,0.0000
88.301,440.3695,4.1180,263.6140,0.2510,3.8000,-0.4500,0.9794,184.2031,9.6310,0.0000,0.0000,0.0000
88.412,440.2337,4.3156,262.8844,0.2510,3.8000,-0.4500,0.9057,184.1905,9.6720,0.0000,0.0000,0.0000
88.523,440.1212,4.4800,262.2784,0.2510,3.8000,-0.4500,0.7560,184.1649,9.7521,0.0000,0.0000,0.0000
88.648,439.9867,4.6767,261.5534,0.2510,3.8000,-0.4500,0.5318,184.1262,9.8461,0.0000,0.0000,0.0000
88.759,439.8515,4.8719,260.8291,0.2510,3.8000,-0.4500,0.4499,184.1120,9.8653,0.0000,0.0000,0.0000
88.883,439.7164,5.0646,260.1081,0.2510,3.8000,-0.4500,0.2030,184.0689,9.9135,0.0000,0.0000,0.0000
88.984,439.6030,5.2229,259.5083,0.2510,3.8000,-0.4500,0.0350,184.0395,9.9131,0.0000,0.0000,0.0000
89.094,439.4661,5.4098,258.7911,0.2510,3.8000,-0.4500,359.7898,183.9967,9.8991,0.0000,0.0000,0.0000
89.203,439.3506,5.5618,258.1950,0.2510,3.8000,-0.4500,359.5519,183.9553,9.8356,0.0000,0.0000,0.0000
89.315,439.2107,5.7405,257.4816,0.2510,3.8000,-0.4500,359.3271,183.9165,9.7526,0.0000,0.0000,0.0000
89.440,439.0682,5.9126,256.7705,0.2510,3.8000,-0.4500,359.0259,183.8651,9.5814,0.0000,0.0000,0.0000
89.565,438.9233,6.0791,256.0616,0.2510,3.8000,-0.4500,358.7552,183.8199,9.3936,0.0000,0.0000,0.0000
89.689,438.7508,6.2649,255.2371,0.2510,3.8000,-0.4500,358.4460,183.7694,9.1245,0.0000,0.0000,0.0000
89.816,438.5983,6.4135,254.5331,0.2510,3.8000,-0.4500,358.0959,183.7142,8.7527,0.0000,0.0000,0.0000
89.926,438.4695,6.5333,253.9474,0.2510,3.8000,-0.4500,357.8858,183.6823,8.5011,0.0000,0.0000,0.0000
90.026,438.3375,6.6454,253.3631,0.2510,3.8000,-0.4500,357.6329,183.6452,8.1651,0.0000,0.0000,0.0000
90.134,438.1759,6.7718,252.6634,0.2510,3.8000,-0.4500,357.3458,183.6051,7.7489,0.0000,0.0000,0.0000
90.259,438.0105,6.8885,251.9651,0.2510,3.8000,-0.4500,357.0723,183.5688,7.3191,0.0000,0.0000,0.0000
90.370,437.8411,6.9948,251.2680,0.2510,3.8000,-0.4500,356.8043,183.5354,6.8681,0.0000,0.0000,0.0000
90.495,437.6678,7.0897,250.5721,0.2510,3.8000,-0.4500,356.5365,183.5042,6.3917,0.0000,0.0000,0.0000
90.620,437.4903,7.1729,249.8772,0.2510,3.8000,-0.4500,356.2677,183.4753,5.8893,0.0000,0.0000,0.0000
90.744,437.3088,7.2437,249.1831,0.2510,3.8000,-0.4500,355.9974,183.4486,5.3614,0.0000,0.0000,0.0000
90.856,437.1234,7.3016,248.4896,0.2510,3.8000,-0.4500,355.7263,183.4244,4.8100,0.0000,0.0000,0.0000
90.981,436.9341,7.3462,247.7967,0.2510,3.8000,-0.4500,355.4546,183.4028,4.2369,0.0000,0.0000,0.0000
91.106,436.7411,7.3772,247.1040,0.2510,3.8000,-0.4500,355.1837,183.3840,3.6450,0.0000,0.0000,0.0000
91.230,436.5115,7.3958,246.2959,0.2510,3.8000,-0.4500,354.8693,183.3659,2.9337,0.0000,0.0000,0.0000
91.342,436.3448,7.3973,245.7187,0.2510,3.8000,-0.4500,354.6469,183.3555,2.4146,0.0000,0.0000,0.0000
91.455,436.1421,7.3860,245.0258,0.2510,3.8000,-0.4500,354.3829,183.3458,1.7820,0.0000,0.0000,0.0000
91.564,435.9712,7.3658,244.4480,0.2510,3.8000,-0.4500,354.1664,183.3400,1.2493,0.0000,0.0000,0.0000
91.689,435.7289,7.3207,243.6384,0.2510,3.8000,-0.4500,353.8694,183.3355,0.4984,0.0000,0.0000,0.0000
91.800,435.5541,7.2769,243.0596,0.2510,3.8000,-0.4500,353.6624,183.3347,359.9612,0.0000,0.0000,0.0000
91.925,435.3428,7.2114,242.3641,0.2510,3.8000,-0.4500,353.4207,183.3362,359.3186,0.0000,0.0000,0.0000
92.050,435.0946,7.1179,241.5516,0.2510,3.8000,-0.4500,353.1490,183.3412,358.5760,0.0000,0.0000,0.0000
92.161,434.9164,7.0399,240.9702,0.2510,3.8000,-0.4500,352.9625,183.3467,358.0532,0.0000,0.0000,0.0000
92.272,434.7018,6.9348,240.2716,0.2510,3.8000,-0.4500,352.7477,183.3553,357.4371,0.0000,0.0000,0.0000
92.397,434.4868,6.8170,239.5717,0.2510,3.8000,-0.4500,352.5436,183.3655,356.8365,0.0000,0.0000,0.0000
92.522,434.2714,6.6878,238.8707,0.2510,3.8000,-0.4500,352.3507,183.3773,356.2543,0.0000,0.0000,0.0000
92.647,434.0562,6.5470,238.1682,0.2510,3.8000,-0.4500,352.1700,183.3901,355.6935,0.0000,0.0000,0.0000
92.772,433.8054,6.3699,237.3472,0.2510,3.8000,-0.4500,351.9746,183.4060,355.0700,0.0000,0.0000,0.0000
92.886,433.6265,6.2350,236.7596,0.2510,3.8000,-0.4500,351.8459,183.4177,354.6470,0.0000,0.0000,0.0000
92.994,433.4133,6.0684,236.0537,0.2510,3.8000,-0.4500,351.7495,183.4271,354.3231,0.0000,0.0000,0.0000
93.119,433.1992,5.8887,235.3466,0.2510,3.8000,-0.4500,351.6041,183.4424,353.8162,0.0000,0.0000,0.0000
93.244,432.9870,5.7067,234.6385,0.2510,3.8000,-0.4500,351.5352,183.4501,353.5690,0.0000,0.0000,0.0000
93.369,432.7389,5.4819,233.8180,0.2510,3.8000,-0.4500,351.4209,183.4636,353.1436,0.0000,0.0000,0.0000
93.494,432.5188,5.2619,233.2736,0.2510,3.8000,-0.4500,351.3082,183.4777,352.7328,0.0000,0.0000,0.0000
93.619,432.2976,4.9906,233.0566,0.2510,3.8000,-0.4500,351.2364,183.4870,352.5736,0.0000,0.0000,0.0000
93.744,432.0853,4.6525,233.1382,0.2510,3.8000,-0.4500,350.9503,183.5260,352.1447,0.0000,0.0000,0.0000
93.871,431.8535,4.1997,233.4885,0.2510,3.8000,-0.4500,350.6428,183.5696,351.9448,0.0000,0.0000,0.0000
93.981,431.6961,3.8424,233.8442,0.2510,3.8000,-0.4500,350.2164,183.6315,351.7656,0.0000,0.0000,0.0000
94.105,431.5142,3.3907,234.3394,0.2510,3.8000,-0.4500,349.7920,183.6943,351.6780,0.0000,0.0000,0.0000
94.230,431.3082,2.8422,234.9744,0.2510,3.8000,-0.4500,349.2072,183.7813,351.7044,0.0000,0.0000,0.0000
94.356,431.1342,2.3629,235.5446,0.2510,3.8000,-0.4500,348.8925,183.8278,351.7971,0.0000,0.0000,0.0000
94.481,430.9608,1.8815,236.1285,0.2510,3.8000,-0.4500,348.5973,183.8708,351.9443,0.0000,0.0000,0.0000
94.606,430.7878,1.4034,236.7212,0.2510,3.8000,-0.4500,348.2195,183.9244,352.2739,0.0000,0.0000,0.0000
94.717,430.6123,0.9328,237.3178,0.2510,3.8000,-0.4500,348.0394,183.9489,352.5576,0.0000,0.0000,0.0000
94.843,430.4350,0.4752,237.9190,0.2510,3.8000,-0.4500,347.8600,183.9722,353.0591,0.0000,0.0000,0.0000
94.956,430.2538,0.0329,238.5236,0.2510,3.8000,-0.4500,347.7992,183.9795,353.6000,0.0000,0.0000,0.0000
95.064,430.0998,-0.3210,239.0304,0.2510,3.8000,-0.4500,347.8308,183.9761,354.0826,0.0000,0.0000,0.0000
95.190,429.8797,-0.7916,239.7447,0.2510,3.8000,-0.4500,347.9872,183.9607,354.8141,0.0000,0.0000,0.0000
95.300,429.7192,-1.1064,240.2590,0.2510,3.8000,-0.4500,348.1736,183.9444,355.3770,0.0000,0.0000,0.0000
95.411,429.5236,-1.4588,240.8806,0.2510,3.8000,-0.4500,348.4754,183.9215,356.0938,0.0000,0.0000,0.0000
95.536,429.3247,-1.7800,241.5078,0.2510,3.8000,-0.4500,348.8590,183.8974,356.8497,0.0000,0.0000,0.0000
95.661,429.1233,-2.0680,242.1406,0.2510,3.8000,-0.4500,349.3208,183.8748,357.6374,0.0000,0.0000,0.0000
95.786,428.9202,-2.3202,242.7791,0.2510,3.8000,-0.4500,349.8565,183.8563,358.4484,0.0000,0.0000,0.0000
95.898,428.7162,-2.5352,243.4232,0.2510,3.8000,-0.4500,350.4614,183.8441,359.2733,0.0000,0.0000,0.0000
96.023,428.5123,-2.7113,244.0726,0.2510,3.8000,-0.4500,351.1304,183.8405,0.1025,0.0000,0.0000,0.0000
96.148,428.3095,-2.8480,244.7267,0.2510,3.8000,-0.4500,351.8569,183.8472,0.9259,0.0000,0.0000,0.0000
96.248,428.1422,-2.9313,245.2751,0.2510,3.8000,-0.4500,352.5014,183.8616,1.6003,0.0000,0.0000,0.0000
96.356,427.9440,-2.9949,245.9363,0.2510,3.8000,-0.4500,353.3150,183.8902,2.3867,0.0000,0.0000,0.0000
96.481,427.7497,-3.0192,246.6000,0.2510,3.8000,-0.4500,354.1656,183.9316,3.1392,0.0000,0.0000,0.0000
96.606,427.5598,-3.0051,247.2650,0.2510,3.8000,-0.4500,355.0445,183.9856,3.8480,0.0000,0.0000,0.0000
96.706,427.4053,-2.9649,247.8189,0.2510,3.8000,-0.4500,355.7927,184.0397,4.3991,0.0000,0.0000,0.0000
96.817,427.2248,-2.8845,248.4827,0.2510,3.8000,-0.4500,356.7018,184.1148,5.0058,0.0000,0.0000,0.0000
96.925,427.0783,-2.7918,249.0345,0.2510,3.8000,-0.4500,357.4636,184.1847,5.4611,0.0000,0.0000,0.0000
97.050,426.8796,-2.6254,249.8041,0.2510,3.8000,-0.4500,358.5258,184.2917,6.0163,0.0000,0.0000,0.0000
97.175,426.7151,-2.4499,250.4601,0.2510,3.8000,-0.4500,359.4228,184.3895,6.4250,0.0000,0.0000,0.0000
97.300,426.5558,-2.2459,251.1122,0.2510,3.8000,-0.4500,0.2983,184.4910,6.7962,0.0000,0.0000,0.0000
97.426,426.4023,-2.0137,251.7596,0.2510,3.8000,-0.4500,1.1437,184.5944,7.1557,0.0000,0.0000,0.0000
97.536,426.2545,-1.7550,252.4019,0.2510,3.8000,-0.4500,1.9509,184.6983,7.5171,0.0000,0.0000,0.0000
97.662,426.1129,-1.4706,253.0386,0.2510,3.8000,-0.4500,2.7126,184.8014,7.8831,0.0000,0.0000,0.0000
97.786,425.9773,-1.1630,253.6698,0.2510,3.8000,-0.4500,3.4231,184.9022,8.2508,0.0000,0.0000,0.0000
97.912,425.8268,-0.7767,254.3992,0.2510,3.8000,-0.4500,4.1800,185.0151,8.6749,0.0000,0.0000,0.0000
98.036,425.7039,-0.4255,255.0185,0.2510,3.8000,-0.4500,4.7619,185.1059,9.0275,0.0000,0.0000,0.0000
98.161,425.5867,-0.0574,255.6331,0.2510,3.8000,-0.4500,5.2784,185.1899,9.3640,0.0000,0.0000,0.0000
98.273,425.4746,0.3241,256.2433,0.2510,3.8000,-0.4500,5.7265,185.2654,9.6794,0.0000,0.0000,0.0000
98.398,425.3651,0.7132,256.8528,0.2510,3.8000,-0.4500,5.8603,185.2884,9.7792,0.0000,0.0000,0.0000
98.509,425.2616,1.1178,257.4567,0.2510,3.8000,-0.4500,6.2658,185.3599,10.1186,0.0000,0.0000,0.0000
98.634,425.1590,1.5238,258.0615,0.2510,3.8000,-0.4500,6.3251,185.3706,10.1769,0.0000,0.0000,0.0000
98.759,425.0597,1.9359,258.6641,0.2510,3.8000,-0.4500,6.4422,185.3919,10.2960,0.0000,0.0000,0.0000
98.870,424.9615,2.3509,259.2667,0.2510,3.8000,-0.4500,6.4923,185.4011,10.3645,0.0000,0.0000,0.0000
98.981,424.8822,2.7002,259.7674,0.2510,3.8000,-0.4500,6.5901,185.4192,10.5017,0.0000,0.0000,0.0000
99.106,424.7885,3.1233,260.3678,0.2510,3.8000,-0.4500,6.6887,185.4377,10.6338,0.0000,0.0000,0.0000
99.231,424.6806,3.6201,261.0674,0.2510,3.8000,-0.4500,6.7428,185.4480,10.6948,0.0000,0.0000,0.0000
99.342,424.6066,3.9818,261.5641,0.2510,3.8000,-0.4500,6.9179,185.4816,10.8633,0.0000,0.0000,0.0000
99.467,424.5169,4.4147,262.1613,0.2510,3.8000,-0.4500,6.9179,185.4815,10.8633,0.0000,0.0000,0.0000
99.592,424.4138,4.9250,262.8548,0.2510,3.8000,-0.4500,7.1394,185.5246,10.9534,0.0000,0.0000,0.0000
99.717,424.3244,5.3599,263.4496,0.2510,3.8000,-0.4500,7.1394,185.5246,10.9535,0.0000,0.0000,0.0000
99.842,424.2340,5.7928,264.0446,0.2510,3.8000,-0.4500,7.1394,185.5246,10.9535,0.0000,0.0000,0.0000
99.953,424.1407,6.2197,264.6391,0.2510,3.8000,-0.4500,7.2875,185.5534,10.8804,0.0000,0.0000,0.0000
100.078,424.0426,6.6351,265.2344,0.2510,3.8000,-0.4500,7.4513,185.5849,10.7050,0.0000,0.0000,0.0000
100.203,423.9365,7.0338,265.8320,0.2510,3.8000,-0.4500,7.5691,185.6070,10.2895,0.0000,0.0000,0.0000
100.314,423.8210,7.4120,266.4339,0.2510,3.8000,-0.4500,7.5313,185.6004,9.7381,0.0000,0.0000,0.0000
100.439,423.6963,7.7674,267.0412,0.2510,3.8000,-0.4500,7.3283,185.5665,9.1419,0.0000,0.0000,0.0000
100.564,423.5608,8.0943,267.6551,0.2510,3.8000,-0.4500,6.9942,185.5144,8.4784,0.0000,0.0000,0.0000
100.689,423.3885,8.4334,268.3810,0.2510,3.8000,-0.4500,6.4604,185.4385,7.5981,0.0000,0.0000,0.0000
100.814,423.2278,8.6811,269.0123,0.2510,3.8000,-0.4500,5.8865,185.3660,6.7455,0.0000,0.0000,0.0000
100.925,423.0846,8.8537,269.5447,0.2510,3.8000,-0.4500,5.3288,185.3036,5.9652,0.0000,0.0000,0.0000
101.050,422.8706,9.0372,270.3002,0.2510,3.8000,-0.4500,4.4310,185.2190,4.7700,0.0000,0.0000,0.0000
101.175,422.6755,9.1359,270.9564,0.2510,3.8000,-0.4500,3.5592,185.1547,3.6567,0.0000,0.0000,0.0000
101.300,422.4711,9.1761,271.6193,0.2510,3.8000,-0.4500,2.6019,185.1034,2.4709,0.0000,0.0000,0.0000
101.425,422.2595,9.1549,272.2878,0.2510,3.8000,-0.4500,1.5707,185.0701,1.2241,0.0000,0.0000,0.0000
101.550,422.0065,9.0503,273.0721,0.2510,3.8000,-0.4500,0.2938,185.0598,359.7114,0.0000,0.0000,0.0000
101.675,421.7877,8.8914,273.7460,0.2510,3.8000,-0.4500,359.1560,185.0788,358.3838,0.0000,0.0000,0.0000
101.801,421.5700,8.6699,274.4194,0.2510,3.8000,-0.4500,357.9987,185.1249,357.0468,0.0000,0.0000,0.0000
101.911,421.3562,8.3875,275.0904,0.2510,3.8000,-0.4500,356.8423,185.1981,355.7192,0.0000,0.0000,0.0000
102.036,421.1487,8.0482,275.7574,0.2510,3.8000,-0.4500,355.7071,185.2963,354.4199,0.0000,0.0000,0.0000
102.161,420.9495,7.6557,276.4190,0.2510,3.8000,-0.4500,354.6126,185.4157,353.1671,0.0000,0.0000,0.0000
102.286,420.7603,7.2156,277.0743,0.2510,3.8000,-0.4500,353.5760,185.5516,351.9773,0.0000,0.0000,0.0000
102.397,420.5821,6.7326,277.7227,0.2510,3.8000,-0.4500,352.6126,185.6980,350.8654,0.0000,0.0000,0.0000
102.509,420.4152,6.2132,278.3641,0.2510,3.8000,-0.4500,351.7344,185.8486,349.8436,0.0000,0.0000,0.0000
102.620,420.2849,5.7557,278.8934,0.2510,3.8000,-0.4500,351.0750,185.9728,349.0684,0.0000,0.0000,0.0000
102.731,420.1381,5.1832,279.5228,0.2510,3.8000,-0.4500,350.3768,186.1147,348.2364,0.0000,0.0000,0.0000
102.844,420.0235,4.6893,280.0431,0.2510,3.8000,-0.4500,349.8763,186.2233,347.6291,0.0000,0.0000,0.0000
102.953,419.8940,4.0816,280.6631,0.2510,3.8000,-0.4500,349.3760,186.3378,347.0070,0.0000,0.0000,0.0000
103.064,419.7914,3.5670,281.1772,0.2510,3.8000,-0.4500,349.0445,186.4170,346.5794,0.0000,0.0000,0.0000
103.189,419.6545,2.8422,281.8944,0.2510,3.8000,-0.4500,348.8356,186.4683,346.2975,0.0000,0.0000,0.0000
103.314,419.5389,2.2211,282.5100,0.2510,3.8001,-0.4500,348.8357,186.4683,346.2975,0.0000,0.0000,0.0000
103.439,419.4232,1.5992,283.1269,0.2510,3.8001,-0.4500,348.8357,186.4683,346.2975,0.0000,0.0000,0.0000
103.564,419.3058,0.9842,283.7459,0.2510,3.8001,-0.4500,348.8357,186.4683,346.2975,0.0000,0.0000,0.0000
103.689,419.1655,0.2816,284.4713,0.2510,3.8001,-0.4500,348.8357,186.4683,346.2975,0.0000,0.0000,0.0000
103.814,419.0411,-0.3000,285.0973,0.2510,3.8000,-0.4500,348.8357,186.4683,346.2975,0.0000,0.0000,0.0000
103.926,418.9332,-0.7618,285.6212,0.2510,3.8000,-0.4500,349.2033,186.3774,346.4320,0.0000,0.0000,0.0000
104.038,418.7974,-1.2859,286.2579,0.2510,3.8000,-0.4500,349.8360,186.2241,346.7977,0.0000,0.0000,0.0000
104.147,418.6782,-1.6972,286.7954,0.2510,3.8000,-0.4500,350.4000,186.0920,347.2155,0.0000,0.0000,0.0000
104.247,418.5524,-2.0814,287.3389,0.2510,3.8000,-0.4500,351.0078,185.9550,347.7162,0.0000,0.0000,0.0000
104.355,418.3918,-2.5041,287.9980,0.2510,3.8000,-0.4500,351.8089,185.7837,348.4113,0.0000,0.0000,0.0000
104.469,418.2205,-2.8791,288.6641,0.2510,3.8000,-0.4500,352.6942,185.6068,349.1983,0.0000,0.0000,0.0000
104.578,418.0695,-3.1529,289.2232,0.2510,3.8000,-0.4500,353.4939,185.4584,349.9163,0.0000,0.0000,0.0000
104.703,417.8792,-3.4317,289.8978,0.2510,3.8000,-0.4500,354.5210,185.2833,350.8437,0.0000,0.0000,0.0000
104.828,417.6797,-3.6533,290.5745,0.2510,3.8000,-0.4500,355.6090,185.1169,351.8315,0.0000,0.0000,0.0000
104.954,417.4376,-3.8384,291.3635,0.2510,3.8000,-0.4500,356.9344,184.9406,353.0435,0.0000,0.0000,0.0000
105.066,417.2599,-3.9220,291.9248,0.2510,3.8000,-0.4500,357.9024,184.8300,353.9367,0.0000,0.0000,0.0000
105.175,417.0434,-3.9696,292.5938,0.2510,3.8000,-0.4500,359.0695,184.7172,355.0263,0.0000,0.0000,0.0000
105.300,416.8252,-3.9616,293.2559,0.2510,3.8000,-0.4500,0.2222,184.6279,356.1211,0.0000,0.0000,0.0000
105.425,416.6074,-3.9013,293.9094,0.2510,3.8000,-0.4500,1.3395,184.5627,357.2072,0.0000,0.0000,0.0000
105.550,416.3563,-3.7701,294.6596,0.2510,3.8000,-0.4500,2.5716,184.5159,358.4457,0.0000,0.0000,0.0000
105.675,416.1454,-3.6104,295.2917,0.2510,3.8000,-0.4500,3.5453,184.4981,359.4698,0.0000,0.0000,0.0000
105.800,415.9399,-3.4127,295.9137,0.2510,3.8000,-0.4500,4.4261,184.4974,0.4487,0.0000,0.0000,0.0000
105.900,415.7733,-3.2223,296.4245,0.2510,3.8000,-0.4500,5.0790,184.5069,1.2244,0.0000,0.0000,0.0000
106.024,415.5794,-2.9679,297.0287,0.2510,3.8000,-0.4500,5.7555,184.5265,2.1020,0.0000,0.0000,0.0000
106.133,415.3924,-2.6897,297.6243,0.2510,3.8000,-0.4500,6.3063,184.5507,2.9175,0.0000,0.0000,0.0000
106.259,415.2121,-2.3934,298.2133,0.2510,3.8000,-0.4500,6.7239,184.5748,3.6687,0.0000,0.0000,0.0000
106.383,415.0385,-2.0831,298.7979,0.2510,3.8000,-0.4500,7.0031,184.5944,4.3549,0.0000,0.0000,0.0000
106.495,414.8712,-1.7614,299.3798,0.2510,3.8000,-0.4500,7.1730,184.6083,4.9794,0.0000,0.0000,0.0000
106.605,414.7366,-1.4835,299.8627,0.2510,3.8000,-0.4500,7.2896,184.6191,5.4581,0.0000,0.0000,0.0000
106.731,414.5553,-1.0787,300.5356,0.2510,3.8000,-0.4500,7.4798,184.6385,6.0711,0.0000,0.0000,0.0000
106.855,414.4063,-0.7164,301.1087,0.2510,3.8000,-0.4500,7.6871,184.6617,6.5455,0.0000,0.0000,0.0000
106.981,414.2622,-0.3420,301.6787,0.2510,3.8000,-0.4500,7.8966,184.6866,6.9099,0.0000,0.0000,0.0000
107.106,414.1234,0.0463,302.2449,0.2510,3.8000,-0.4500,8.1369,184.7168,7.2548,0.0000,0.0000,0.0000
107.231,413.9668,0.5132,302.9013,0.2510,3.8000,-0.4500,8.4066,184.7523,7.5758,0.0000,0.0000,0.0000
107.356,413.8370,0.9254,303.4600,0.2510,3.8000,-0.4500,8.6428,184.7846,7.8189,0.0000,0.0000,0.0000
107.481,413.7100,1.3450,304.0159,0.2510,3.8000,-0.4500,8.8252,184.8103,7.9893,0.0000,0.0000,0.0000
107.606,413.5862,1.7740,304.5683,0.2510,3.8000,-0.4500,9.0821,184.8473,8.1964,0.0000,0.0000,0.0000
107.731,413.4431,2.2778,305.2117,0.2510,3.8000,-0.4500,9.2169,184.8671,8.2899,0.0000,0.0000,0.0000
107.855,413.3214,2.7121,305.7623,0.2510,3.8000,-0.4500,9.2169,184.8671,8.2899,0.0000,0.0000,0.0000
107.981,413.2010,3.1496,306.3108,0.2510,3.8000,-0.4500,9.3568,184.8878,8.3713,0.0000,0.0000,0.0000
108.092,413.0757,3.5795,306.7972,0.2510,3.8000,-0.4500,9.3568,184.8878,8.3713,0.0000,0.0000,0.0000
108.217,412.9343,3.9538,306.9280,0.2510,3.8000,-0.4500,9.3567,184.8878,8.3713,0.0000,0.0000,0.0000
108.342,412.7860,4.2575,306.6929,0.2510,3.8000,-0.4500,9.3567,184.8878,8.3713,0.0000,0.0000,0.0000
108.467,412.6349,4.5038,306.2020,0.2510,3.8000,-0.4500,9.3568,184.8878,8.3713,0.0000,0.0000,0.0000
108.579,412.4818,4.7112,305.5560,0.2510,3.8000,-0.4500,9.3568,184.8878,8.3713,0.0000,0.0000,0.0000
108.689,412.3268,4.8926,304.8220,0.2510,3.8000,-0.4500,9.3568,184.8878,8.3713,0.0000,0.0000,0.0000
108.814,412.1682,5.0542,304.0389,0.2510,3.8000,-0.4500,9.5088,184.9101,8.1612,0.0000,0.0000,0.0000
108.939,412.0071,5.2051,303.2291,0.2510,3.8000,-0.4500,9.6397,184.9289,7.9486,0.0000,0.0000,0.0000
109.051,411.8423,5.3448,302.4057,0.2510,3.8000,-0.4500,9.7933,184.9502,7.5622,0.0000,0.0000,0.0000
109.161,411.7045,5.4588,301.7135,0.2510,3.8000,-0.4500,9.8432,184.9568,7.4080,0.0000,0.0000,0.0000
109.261,411.5634,5.5655,301.0188,0.2510,3.8000,-0.4500,9.9340,184.9685,7.0837,0.0000,0.0000,0.0000
109.369,411.3915,5.6878,300.1835,0.2510,3.8000,-0.4500,10.0353,184.9810,6.6779,0.0000,0.0000,0.0000
109.481,411.2468,5.7852,299.4869,0.2510,3.8000,-0.4500,10.0960,184.9880,6.4239,0.0000,0.0000,0.0000
109.606,411.0696,5.8943,298.6513,0.2510,3.8000,-0.4500,10.1962,184.9991,6.0073,0.0000,0.0000,0.0000
109.731,410.8592,6.0113,297.6773,0.2510,3.8000,-0.4500,10.3147,185.0113,5.5310,0.0000,0.0000,0.0000
109.843,410.7067,6.0886,296.9825,0.2510,3.8000,-0.4500,10.4023,185.0196,5.1986,0.0000,0.0000,0.0000
109.953,410.5202,6.1718,296.1498,0.2510,3.8000,-0.4500,10.5380,185.0316,4.7052,0.0000,0.0000,0.0000
110.065,410.3634,6.2366,295.4565,0.2510,3.8000,-0.4500,10.6290,185.0390,4.3922,0.0000,0.0000,0.0000
110.175,410.1719,6.3050,294.6254,0.2510,3.8000,-0.4500,10.7744,185.0497,3.9168,0.0000,0.0000,0.0000
110.300,409.9782,6.3660,293.7981,0.2510,3.8000,-0.4500,10.9025,185.0582,3.5214,0.0000,0.0000,0.0000
110.425,409.7819,6.4201,292.9796,0.2510,3.8000,-0.4500,11.0399,185.0663,3.1166,0.0000,0.0000,0.0000
110.550,409.5483,6.4730,292.0376,0.2510,3.8000,-0.4500,11.2413,185.0764,2.5508,0.0000,0.0000,0.0000
110.675,409.3461,6.5127,291.2391,0.2510,3.8000,-0.4500,11.3852,185.0825,2.1655,0.0000,0.0000,0.0000
110.800,409.1414,6.5448,290.4470,0.2510,3.8000,-0.4500,11.5373,185.0878,1.7740,0.0000,0.0000,0.0000
110.925,408.9344,6.5697,289.6595,0.2510,3.8000,-0.4500,11.7066,185.0925,1.3581,0.0000,0.0000,0.0000
111.026,408.7600,6.5836,289.0060,0.2510,3.8000,-0.4500,11.8770,185.0960,0.9525,0.0000,0.0000,0.0000
111.147,408.5503,6.5963,288.2241,0.2510,3.8000,-0.4500,12.0082,185.0979,0.6501,0.0000,0.0000,0.0000
111.272,408.3025,6.5987,287.3139,0.2510,3.8000,-0.4500,12.2571,185.0996,0.1046,0.0000,0.0000,0.0000
111.397,408.0864,6.5987,286.5770,0.2510,3.8000,-0.4500,12.4386,185.0993,359.7240,0.0000,0.0000,0.0000
111.522,407.8536,6.6367,286.0834,0.2510,3.8000,-0.4500,12.5471,185.0985,359.5021,0.0000,0.0000,0.0000
111.647,407.6111,6.7366,285.9078,0.2510,3.8000,-0.4500,12.6988,185.0968,359.1953,0.0000,0.0000,0.0000
111.772,407.3289,6.9268,286.0242,0.2510,3.8000,-0.4500,12.8381,185.0944,358.8976,0.0000,0.0000,0.0000
111.897,407.0893,7.1371,286.3039,0.2510,3.8000,-0.4500,12.8708,185.0937,358.8238,0.0000,0.0000,0.0000
111.998,406.8906,7.3317,286.6177,0.2510,3.8000,-0.4500,12.8948,185.0932,358.7456,0.0000,0.0000,0.0000
112.119,406.6527,7.5791,287.0556,0.2510,3.8000,-0.4500,12.9158,185.0927,358.6669,0.0000,0.0000,0.0000
112.245,406.4149,7.8302,287.5365,0.2510,3.8000,-0.4500,12.9150,185.0927,358.4993,0.0000,0.0000,0.0000
112.356,406.1777,8.0820,288.0437,0.2510,3.8000,-0.4500,12.9006,185.0931,358.4208,0.0000,0.0000,0.0000
112.481,405.9395,8.3246,288.5699,0.2510,3.8000,-0.4500,12.8037,185.0961,358.1955,0.0000,0.0000,0.0000
112.605,405.7007,8.5559,289.1106,0.2510,3.8000,-0.4500,12.5274,185.1058,357.8884,0.0000,0.0000,0.0000
112.731,405.4230,8.8125,289.7541,0.2510,3.8000,-0.4500,12.1363,185.1214,357.6561,0.0000,0.0000,0.0000
112.844,405.2246,8.9835,290.2227,0.2510,3.8000,-0.4500,11.7165,185.1397,357.4702,0.0000,0.0000,0.0000
112.966,404.9871,9.1750,290.7934,0.2510,3.8000,-0.4500,11.1961,185.1640,357.2945,0.0000,0.0000,0.0000
113.078,404.7502,9.3495,291.3745,0.2510,3.8000,-0.4500,10.6402,185.1916,357.1370,0.0000,0.0000,0.0000
113.203,404.5145,9.5045,291.9693,0.2510,3.8000,-0.4500,10.0336,185.2233,356.9745,0.0000,0.0000,0.0000
113.314,404.2798,9.6374,292.5787,0.2510,3.8000,-0.4500,9.3697,185.2599,356.7950,0.0000,0.0000,0.0000
113.439,404.0463,9.7455,293.2015,0.2510,3.8000,-0.4500,8.6468,185.3023,356.5919,0.0000,0.0000,0.0000
113.564,403.8142,9.8261,293.8367,0.2510,3.8000,-0.4500,7.8672,185.3507,356.3616,0.0000,0.0000,0.0000
113.689,403.5451,9.8822,294.5919,0.2510,3.8000,-0.4500,6.8919,185.4159,356.0555,0.0000,0.0000,0.0000
113.802,403.3544,9.8954,295.1398,0.2510,3.8000,-0.4500,6.1571,185.4684,355.8112,0.0000,0.0000,0.0000
113.923,403.1272,9.8800,295.8055,0.2510,3.8000,-0.4500,5.2399,185.5385,355.4898,0.0000,0.0000,0.0000
114.036,402.9024,9.8293,296.4792,0.2510,3.8000,-0.4500,4.2922,185.6164,355.1382,0.0000,0.0000,0.0000
114.149,402.6801,9.7421,297.1600,0.2510,3.8000,-0.4500,3.3232,185.7022,354.7584,0.0000,0.0000,0.0000
114.257,402.4970,9.6413,297.7315,0.2510,3.8000,-0.4500,2.5068,185.7796,354.4221,0.0000,0.0000,0.0000
114.382,402.2805,9.4862,298.4199,0.2510,3.8000,-0.4500,1.5259,185.8791,353.9980,0.0000,0.0000,0.0000
114.507,402.0674,9.2948,299.1081,0.2510,3.8000,-0.4500,0.5543,185.9851,353.5558,0.0000,0.0000,0.0000
114.618,401.8581,9.0678,299.7950,0.2510,3.8000,-0.4500,359.6041,186.0962,353.1007,0.0000,0.0000,0.0000
114.744,401.6529,8.8070,300.4807,0.2510,3.8000,-0.4500,358.6858,186.2110,352.6385,0.0000,0.0000,0.0000
114.869,401.4193,8.4621,301.2782,0.2510,3.8000,-0.4500,357.6686,186.3474,352.0987,0.0000,0.0000,0.0000
114.970,401.2562,8.1914,301.8460,0.2510,3.8000,-0.4500,356.9848,186.4447,351.7180,0.0000,0.0000,0.0000
115.092,401.0649,7.8411,302.5254,0.2510,3.8000,-0.4500,356.2190,186.5594,351.2727,0.0000,0.0000,0.0000
115.204,400.9092,7.5302,303.0894,0.2510,3.8000,-0.4500,355.6307,186.6518,350.9154,0.0000,0.0000,0.0000
115.313,400.7264,7.1376,303.7640,0.2510,3.8000,-0.4500,354.9899,186.7569,350.5086,0.0000,0.0000,0.0000
115.438,400.5482,6.7254,304.4358,0.2510,3.8000,-0.4500,354.4241,186.8538,350.1311,0.0000,0.0000,0.0000
115.563,400.3737,6.2979,305.1052,0.2510,3.8000,-0.4500,353.9366,186.9406,349.7883,0.0000,0.0000,0.0000
115.688,400.2030,5.8585,305.7721,0.2510,3.8000,-0.4500,353.5913,187.0039,349.5323,0.0000,0.0000,0.0000
115.813,400.0067,5.3363,306.5488,0.2510,3.8000,-0.4500,353.3934,187.0410,349.3735,0.0000,0.0000,0.0000
115.938,399.8404,4.8789,307.2140,0.2510,3.8000,-0.4500,353.2025,187.0773,349.2117,0.0000,0.0000,0.0000
116.063,399.6753,4.4220,307.8783,0.2510,3.8000,-0.4500,353.2025,187.0774,349.2117,0.0000,0.0000,0.0000
116.188,399.5104,3.9609,308.5434,0.2510,3.8000,-0.4500,353.1454,187.0884,349.1555,0.0000,0.0000,0.0000
116.302,399.3454,3.5026,309.2086,0.2510,3.8000,-0.4500,353.1454,187.0884,349.1555,0.0000,0.0000,0.0000
116.410,399.1799,3.0468,309.8745,0.2510,3.8000,-0.4500,353.1454,187.0884,349.1555,0.0000,0.0000,0.0000
116.535,399.0135,2.5966,310.5411,0.2510,3.8000,-0.4500,353.1454,187.0884,349.1555,0.0000,0.0000,0.0000
116.646,398.8741,2.2258,311.0971,0.2510,3.8000,-0.4500,353.1454,187.0884,349.1555,0.0000,0.0000,0.0000
116.771,398.6777,1.7155,311.8763,0.2510,3.8000,-0.4500,353.1454,187.0884,349.1555,0.0000,0.0000,0.0000
116.896,398.5083,1.2854,312.5432,0.2510,3.8000,-0.4500,353.1454,187.0884,349.1555,0.0000,0.0000,0.0000
117.021,398.3380,0.8624,313.2075,0.2510,3.8000,-0.4500,353.1454,187.0884,349.1555,0.0000,0.0000,0.0000
117.133,398.1671,0.4433,313.8689,0.2510,3.8000,-0.4500,353.1454,187.0884,349.1555,0.0000,0.0000,0.0000
117.243,398.0249,0.0958,314.4184,0.2510,3.8000,-0.4500,353.1454,187.0884,349.1554,0.0000,0.0000,0.0000
117.368,397.8553,-0.3217,315.0765,0.2510,3.8000,-0.4500,353.1166,187.0939,349.2335,0.0000,0.0000,0.0000
117.493,397.6583,-0.8071,315.8439,0.2510,3.8000,-0.4500,352.8321,187.1470,349.7493,0.0000,0.0000,0.0000
117.605,397.5161,-1.1612,316.3894,0.2510,3.8000,-0.4500,352.6621,187.1777,349.9239,0.0000,0.0000,0.0000
117.729,397.3168,-1.6626,317.1509,0.2510,3.8000,-0.4500,352.3239,187.2374,350.1931,0.0000,0.0000,0.0000
117.842,397.1738,-2.0252,317.6925,0.2510,3.8000,-0.4500,352.0433,187.2859,350.3873,0.0000,0.0000,0.0000
117.952,397.0018,-2.4637,318.3405,0.2510,3.8000,-0.4500,351.7489,187.3358,350.5724,0.0000,0.0000,0.0000
118.077,396.8290,-2.9056,318.9861,0.2510,3.8000,-0.4500,351.4690,187.3823,350.7484,0.0000,0.0000,0.0000
118.202,396.6554,-3.3492,319.6293,0.2510,3.8000,-0.4500,351.3334,187.4045,350.8390,0.0000,0.0000,0.0000
118.327,396.4810,-3.7913,320.2720,0.2510,3.8000,-0.4500,351.1983,187.4264,350.9337,0.0000,0.0000,0.0000
118.452,396.2750,-4.2984,320.9863,0.2510,3.8000,-0.4500,350.9703,187.4628,351.1653,0.0000,0.0000,0.0000
118.577,396.0804,-4.6753,321.2348,0.2510,3.8000,-0.4500,350.8919,187.4751,351.3052,0.0000,0.0000,0.0000
118.688,395.9129,-4.9223,321.1305,0.2510,3.8000,-0.4500,350.7772,187.4925,351.7048,0.0000,0.0000,0.0000
118.801,395.7077,-5.1582,320.7345,0.2510,3.8000,-0.4500,350.7808,187.4920,351.9678,0.0000,0.0000,0.0000
118.910,395.5013,-5.3412,320.1669,0.2510,3.8000,-0.4500,350.8461,187.4830,352.4983,0.0000,0.0000,0.0000
119.023,395.3279,-5.4686,319.6241,0.2510,3.8000,-0.4500,350.9369,187.4713,352.9167,0.0000,0.0000,0.0000
119.133,395.1185,-5.6012,318.9308,0.2510,3.8000,-0.4500,351.0660,187.4556,353.4154,0.0000,0.0000,0.0000
119.247,394.9437,-5.6977,318.3355,0.2510,3.8000,-0.4500,351.1811,187.4426,353.8477,0.0000,0.0000,0.0000
119.355,394.7337,-5.8003,317.6117,0.2510,3.8000,-0.4500,351.3234,187.4277,354.3997,0.0000,0.0000,0.0000
119.480,394.5241,-5.8886,316.8840,0.2510,3.8000,-0.4500,351.4691,187.4141,354.9932,0.0000,0.0000,0.0000
119.605,394.3151,-5.9632,316.1555,0.2510,3.8000,-0.4500,351.6179,187.4017,355.6281,0.0000,0.0000,0.0000
119.716,394.1071,-6.0226,315.4278,0.2510,3.8000,-0.4500,351.7702,187.3909,356.3022,0.0000,0.0000,0.0000
119.829,393.9004,-6.0667,314.7013,0.2510,3.8000,-0.4500,351.9264,187.3816,357.0110,0.0000,0.0000,0.0000
119.939,393.7296,-6.0907,314.0970,0.2510,3.8000,-0.4500,352.0601,187.3753,357.6253,0.0000,0.0000,0.0000
