time_sec,world_x,world_y,world_z,local_x,local_y,local_z,world_rot_x,world_rot_y,world_rot_z,local_rot_x,local_rot_y,local_rot_z
0.000,598.7960,5.1807,250.4555,0.2510,3.8000,-0.4500,0.0000,180.0000,0.0000,0.0000,0.0000,0.0000
0.000,598.7960,5.1807,250.4555,0.2510,3.8000,-0.4500,0.0000,180.0000,0.0000,0.0000,0.0000,0.0000
0.123,598.4835,4.9058,250.4523,0.2510,3.8000,-0.4500,0.0000,180.0000,0.0000,0.0000,0.0000,0.0000
0.236,598.0479,4.5306,250.4261,0.2510,3.8000,-0.4500,0.0000,180.0000,0.0000,0.0000,0.0000,0.0000
0.348,597.6011,4.1497,250.3887,0.2510,3.8000,-0.4500,0.0000,180.0000,0.0000,0.0000,0.0000,0.0000
0.459,596.9753,3.6193,250.3272,0.2510,3.8000,-0.4500,0.0000,180.0000,0.0000,0.0000,0.0000,0.0000
0.571,596.2620,3.0179,250.2493,0.2510,3.8000,-0.4500,0.0000,180.0000,0.0000,0.0000,0.0000,0.0000
0.682,595.6082,2.4682,250.1737,0.2510,3.8000,-0.4500,0.0000,180.0000,0.0000,0.0000,0.0000,0.0000
0.793,594.7598,1.7567,250.0731,0.2510,3.8000,-0.4500,0.0000,180.0000,0.0000,0.0000,0.0000,0.0000
0.905,594.0049,1.1249,249.9827,0.2510,3.8000,-0.4500,0.0000,180.0000,0.0000,0.0000,0.0000,0.0000
1.016,593.0479,0.3253,249.8678,0.2510,3.8000,-0.4500,0.0000,180.0000,0.0000,0.0000,0.0000,0.0000
1.127,592.2119,-0.3721,249.7676,0.2510,3.8000,-0.4500,0.0000,180.0000,0.0000,0.0000,0.0000,0.0000
1.238,591.1678,-1.2423,249.6426,0.2510,3.8000,-0.4500,0.0000,180.0000,0.0000,0.0000,0.0000,0.0000
1.349,590.2669,-1.9923,249.5351,0.2510,3.8000,-0.4500,0.0000,180.0000,0.0000,0.0000,0.0000,0.0000
1.461,589.4221,-2.7931,249.4535,0.2510,3.8000,-0.4500,357.5395,179.9999,0.0060,0.0000,0.0000,0.0000
1.572,588.8533,-3.2558,249.4272,0.2510,3.8000,-0.4500,353.9341,179.9993,0.0124,0.0000,0.0000,0.0000
1.684,588.4946,-3.4174,249.4255,0.2510,3.8000,-0.4500,352.1544,179.9989,0.0119,0.0000,0.0000,0.0000
1.794,588.1404,-3.4571,249.4367,0.2510,3.8000,-0.4500,351.0834,179.9987,0.0053,0.0000,0.0000,0.0000
1.904,587.8814,-3.4425,249.4472,0.2510,3.8000,-0.4500,350.8796,179.9987,0.0018,0.0000,0.0000,0.0000
2.016,587.5945,-3.4415,249.4548,0.2510,3.8000,-0.4500,350.8796,179.9987,0.0018,0.0000,0.0000,0.0000
2.127,587.3669,-3.4826,249.4511,0.2510,3.8000,-0.4500,350.8796,179.9987,0.0018,0.0000,0.0000,0.0000
2.238,587.1029,-3.5875,249.4216,0.2510,3.8000,-0.4500,350.8796,179.9987,0.0018,0.0000,0.0000,0.0000
2.349,586.8876,-3.7114,249.3761,0.2510,3.8000,-0.4500,350.8796,179.9987,0.0018,0.0000,0.0000,0.0000
2.461,586.6329,-3.8873,249.3019,0.2510,3.8000,-0.4500,350.8796,179.9987,0.0018,0.0000,0.0000,0.0000
2.573,586.3807,-4.0743,249.2139,0.2510,3.8000,-0.4500,350.8796,179.9987,0.0018,0.0000,0.0000,0.0000
2.684,586.1714,-4.2294,249.1348,0.2510,3.8000,-0.4500,350.8796,179.9987,0.0018,0.0000,0.0000,0.0000
2.793,585.9204,-4.4105,249.0378,0.2510,3.8000,-0.4500,350.7325,179.9987,359.9357,0.0000,0.0000,0.0000
2.904,585.7120,-4.5527,248.9558,0.2510,3.8000,-0.4500,350.7325,179.9988,359.9357,0.0000,0.0000,0.0000
3.016,585.4615,-4.7164,248.8577,0.2510,3.8000,-0.4500,350.7325,179.9987,359.9357,0.0000,0.0000,0.0000
3.126,585.2526,-4.8492,248.7761,0.2510,3.8000,-0.4500,350.7325,179.9987,359.9357,0.0000,0.0000,0.0000
3.238,585.0016,-5.0076,248.6779,0.2510,3.8000,-0.4500,350.7325,179.9987,359.9357,0.0000,0.0000,0.0000
3.348,584.7923,-5.1402,248.5961,0.2510,3.8000,-0.4500,350.7325,179.9987,359.9357,0.0000,0.0000,0.0000
3.460,584.5400,-5.3049,248.4979,0.2510,3.8000,-0.4500,350.6541,179.9989,359.7904,0.0000,0.0000,0.0000
3.572,584.2886,-5.4690,248.3994,0.2510,3.8000,-0.4500,350.6541,179.9989,359.7904,0.0000,0.0000,0.0000
3.684,584.0775,-5.6124,248.3167,0.2510,3.8000,-0.4500,350.6038,179.9992,359.5577,0.0000,0.0000,0.0000
3.793,583.8259,-5.7806,248.2171,0.2510,3.8000,-0.4500,350.6038,179.9992,359.5577,0.0000,0.0000,0.0000
3.904,583.6163,-5.9213,248.1289,0.2510,3.8000,-0.4500,350.6038,179.9992,359.5577,0.0000,0.0000,0.0000
4.016,583.3643,-6.0933,248.0123,0.2510,3.8000,-0.4500,350.6309,179.9990,359.3135,0.0000,0.0000,0.0000
4.127,583.1563,-6.2318,247.9079,0.2510,3.8000,-0.4500,350.6309,179.9989,359.3135,0.0000,0.0000,0.0000
4.240,582.9056,-6.3998,247.7742,0.2510,3.8000,-0.4500,350.7272,179.9976,359.0778,0.0000,0.0000,0.0000
4.350,582.6986,-6.5353,247.6591,0.2510,3.8000,-0.4500,350.7272,179.9976,359.0778,0.0000,0.0000,0.0000
4.472,582.4078,-6.7240,247.4895,0.2510,3.8000,-0.4500,350.8303,179.9958,358.9429,0.0000,0.0000,0.0000
4.584,582.2012,-6.8555,247.3640,0.2510,3.8000,-0.4500,350.8828,179.9948,358.8786,0.0000,0.0000,0.0000
4.695,581.9532,-7.0103,247.2089,0.2510,3.8000,-0.4500,351.0154,179.9920,358.7812,0.0000,0.0000,0.0000
4.806,581.7473,-7.1355,247.0778,0.2510,3.8000,-0.4500,351.0855,179.9905,358.7423,0.0000,0.0000,0.0000
4.917,581.5005,-7.2815,246.9182,0.2510,3.8000,-0.4500,351.2363,179.9870,358.6839,0.0000,0.0000,0.0000
5.029,581.2950,-7.3988,246.7841,0.2510,3.8000,-0.4500,351.3969,179.9833,358.6426,0.0000,0.0000,0.0000
5.139,581.0490,-7.5326,246.6224,0.2510,3.8000,-0.4500,351.6478,179.9772,358.6288,0.0000,0.0000,0.0000
5.251,580.8036,-7.6571,246.4598,0.2510,3.8000,-0.4500,352.0701,179.9672,358.6854,0.0000,0.0000,0.0000
5.362,580.5989,-7.7576,246.3260,0.2510,3.8000,-0.4500,352.1480,179.9654,358.7040,0.0000,0.0000,0.0000
5.476,580.3549,-7.8641,246.1641,0.2510,3.8000,-0.4500,352.6450,179.9548,358.8947,0.0000,0.0000,0.0000
5.585,580.1514,-7.9468,246.0307,0.2510,3.8000,-0.4500,352.9461,179.9494,359.0391,0.0000,0.0000,0.0000
5.697,579.9077,-8.0360,245.8721,0.2510,3.8000,-0.4500,353.3155,179.9438,359.2571,0.0000,0.0000,0.0000
5.807,579.7048,-8.1006,245.7452,0.2510,3.8000,-0.4500,353.6774,179.9398,359.4916,0.0000,0.0000,0.0000
5.919,579.4614,-8.1680,245.6015,0.2510,3.8000,-0.4500,354.0943,179.9371,359.7825,0.0000,0.0000,0.0000
6.030,579.2585,-8.2146,245.4881,0.2510,3.8000,-0.4500,354.4417,179.9366,0.0365,0.0000,0.0000,0.0000
6.141,579.0157,-8.2578,245.3574,0.2510,3.8000,-0.4500,354.8711,179.9381,0.3595,0.0000,0.0000,0.0000
6.253,578.7736,-8.2863,245.2311,0.2510,3.8000,-0.4500,355.3206,179.9423,0.7043,0.0000,0.0000,0.0000
6.364,578.5728,-8.2980,245.1288,0.2510,3.8000,-0.4500,355.7114,179.9481,1.0080,0.0000,0.0000,0.0000
6.475,578.3331,-8.2971,245.0084,0.2510,3.8000,-0.4500,356.1995,179.9584,1.3910,0.0000,0.0000,0.0000
6.586,578.1348,-8.2835,244.9084,0.2510,3.8000,-0.4500,356.6210,179.9698,1.7243,0.0000,0.0000,0.0000
6.697,577.8989,-8.2512,244.7871,0.2510,3.8000,-0.4500,357.1418,179.9874,2.1390,0.0000,0.0000,0.0000
6.807,577.7050,-8.2108,244.6777,0.2510,3.8000,-0.4500,357.5864,180.0054,2.4951,0.0000,0.0000,0.0000
6.919,577.4778,-8.1460,244.5109,0.2510,3.8000,-0.4500,358.1264,180.0310,2.9316,0.0000,0.0000,0.0000
7.030,577.2935,-8.0789,244.3381,0.2510,3.8000,-0.4500,358.5743,180.0554,3.3000,0.0000,0.0000,0.0000
7.140,577.0779,-7.9841,244.0956,0.2510,3.8000,-0.4500,359.1010,180.0878,3.7432,0.0000,0.0000,0.0000
7.252,576.8677,-7.8747,243.8238,0.2510,3.8000,-0.4500,359.6123,180.1233,4.1840,0.0000,0.0000,0.0000
7.363,576.6956,-7.7731,243.5910,0.2510,3.8000,-0.4500,0.0266,180.1549,4.5471,0.0000,0.0000,0.0000
7.475,576.4911,-7.6380,243.3257,0.2510,3.8000,-0.4500,0.5148,180.1956,4.9765,0.0000,0.0000,0.0000
7.587,576.3224,-7.5149,243.1181,0.2510,3.8000,-0.4500,0.9194,180.2321,5.3285,0.0000,0.0000,0.0000
7.697,576.1224,-7.3538,242.8800,0.2510,3.8000,-0.4500,1.4054,180.2792,5.7428,0.0000,0.0000,0.0000
7.808,575.9582,-7.2093,242.6858,0.2510,3.8000,-0.4500,1.8105,180.3211,6.0800,0.0000,0.0000,0.0000
7.919,575.7646,-7.0235,242.4530,0.2510,3.8000,-0.4500,2.2933,180.3743,6.4724,0.0000,0.0000,0.0000
8.030,575.6064,-6.8593,242.2567,0.2510,3.8000,-0.4500,2.6902,180.4204,6.7873,0.0000,0.0000,0.0000
8.141,575.4200,-6.6522,242.0160,0.2510,3.8000,-0.4500,3.1556,180.4774,7.1479,0.0000,0.0000,0.0000
8.252,575.2381,-6.4344,241.7677,0.2510,3.8000,-0.4500,3.6063,180.5354,7.4874,0.0000,0.0000,0.0000
8.364,575.0892,-6.2462,241.5543,0.2510,3.8000,-0.4500,3.9683,180.5839,7.7523,0.0000,0.0000,0.0000
8.474,574.9141,-6.0122,241.2898,0.2510,3.8000,-0.4500,4.3846,180.6418,8.0467,0.0000,0.0000,0.0000
8.587,574.7697,-5.8141,241.0640,0.2510,3.8000,-0.4500,4.5935,180.6718,8.1882,0.0000,0.0000,0.0000
8.696,574.6008,-5.5661,240.7840,0.2510,3.8000,-0.4500,5.0256,180.7352,8.4691,0.0000,0.0000,0.0000
8.807,574.4607,-5.3590,240.5464,0.2510,3.8000,-0.4500,5.1655,180.7563,8.5550,0.0000,0.0000,0.0000
8.918,574.2962,-5.1016,240.2531,0.2510,3.8000,-0.4500,5.5324,180.8124,8.7675,0.0000,0.0000,0.0000
9.030,574.1599,-4.8861,240.0048,0.2510,3.8000,-0.4500,5.6854,180.8362,8.8466,0.0000,0.0000,0.0000
9.140,573.9989,-4.6228,239.7001,0.2510,3.8000,-0.4500,5.9875,180.8839,8.9932,0.0000,0.0000,0.0000
9.251,573.8388,-4.3572,239.3907,0.2510,3.8000,-0.4500,6.2203,180.9211,9.0856,0.0000,0.0000,0.0000
9.363,573.7056,-4.1363,239.1301,0.2510,3.8000,-0.4500,6.2964,180.9334,9.1141,0.0000,0.0000,0.0000
9.474,573.5469,-3.8677,238.8130,0.2510,3.8000,-0.4500,6.5365,180.9723,9.1755,0.0000,0.0000,0.0000
9.584,573.4146,-3.6445,238.5465,0.2510,3.8000,-0.4500,6.6917,180.9976,9.2023,0.0000,0.0000,0.0000
9.698,573.2554,-3.3779,238.2260,0.2510,3.8000,-0.4500,6.6917,180.9976,9.2023,0.0000,0.0000,0.0000
9.808,573.1227,-3.1563,237.9571,0.2510,3.8000,-0.4500,6.7724,181.0107,9.2023,0.0000,0.0000,0.0000
9.917,572.9625,-2.8908,237.6321,0.2510,3.8000,-0.4500,7.0184,181.0508,9.1670,0.0000,0.0000,0.0000
10.030,572.8276,-2.6723,237.3615,0.2510,3.8000,-0.4500,7.1660,181.0747,9.1074,0.0000,0.0000,0.0000
10.139,572.6648,-2.4138,237.0379,0.2510,3.8000,-0.4500,7.2330,181.0855,9.0646,0.0000,0.0000,0.0000
10.251,572.4990,-2.1596,236.7148,0.2510,3.8000,-0.4500,7.4171,181.1149,8.9117,0.0000,0.0000,0.0000
10.363,572.3589,-1.9523,236.4479,0.2510,3.8000,-0.4500,7.5123,181.1299,8.7849,0.0000,0.0000,0.0000
10.473,572.1865,-1.7097,236.1310,0.2510,3.8000,-0.4500,7.6693,181.1539,8.4949,0.0000,0.0000,0.0000
10.585,572.0395,-1.5140,235.8716,0.2510,3.8000,-0.4500,7.7582,181.1671,8.1765,0.0000,0.0000,0.0000
10.696,571.8599,-1.2842,235.5672,0.2510,3.8000,-0.4500,7.8028,181.1735,7.8503,0.0000,0.0000,0.0000
10.807,571.7061,-1.0999,235.3204,0.2510,3.8000,-0.4500,7.8141,181.1750,7.5142,0.0000,0.0000,0.0000
10.917,571.5170,-0.8866,235.0334,0.2510,3.8000,-0.4500,7.7807,181.1707,7.0710,0.0000,0.0000,0.0000
11.029,571.3547,-0.7170,234.8030,0.2510,3.8000,-0.4500,7.7207,181.1635,6.6303,0.0000,0.0000,0.0000
11.139,571.1552,-0.5226,234.5376,0.2510,3.8000,-0.4500,7.6214,181.1523,6.1189,0.0000,0.0000,0.0000
11.251,570.9504,-0.3387,234.2836,0.2510,3.8000,-0.4500,7.4961,181.1393,5.6060,0.0000,0.0000,0.0000
11.362,570.7751,-0.1952,234.0811,0.2510,3.8000,-0.4500,7.3734,181.1277,5.1660,0.0000,0.0000,0.0000
11.473,570.5601,-0.0346,233.8492,0.2510,3.8000,-0.4500,7.2048,181.1131,4.6168,0.0000,0.0000,0.0000
11.584,570.3765,0.0881,233.6656,0.2510,3.8000,-0.4500,7.0472,181.1010,4.1400,0.0000,0.0000,0.0000
11.697,570.1512,0.2220,233.4565,0.2510,3.8000,-0.4500,6.8381,181.0868,3.5456,0.0000,0.0000,0.0000
11.806,569.9593,0.3213,233.2913,0.2510,3.8000,-0.4500,6.6479,181.0758,3.0329,0.0000,0.0000,0.0000
11.919,569.7241,0.4256,233.1036,0.2510,3.8000,-0.4500,6.4016,181.0641,2.3994,0.0000,0.0000,0.0000
12.028,569.5244,0.4993,232.9556,0.2510,3.8000,-0.4500,6.1821,181.0559,1.8581,0.0000,0.0000,0.0000
12.139,569.2807,0.5713,232.7878,0.2510,3.8000,-0.4500,5.9035,181.0484,1.1959,0.0000,0.0000,0.0000
12.250,569.0743,0.6175,232.6550,0.2510,3.8000,-0.4500,5.6597,181.0445,0.6360,0.0000,0.0000,0.0000
12.363,568.8233,0.6558,232.5028,0.2510,3.8000,-0.4500,5.3553,181.0429,359.9583,0.0000,0.0000,0.0000
12.473,568.5692,0.6752,232.3563,0.2510,3.8000,-0.4500,5.0404,181.0451,359.2784,0.0000,0.0000,0.0000
12.584,568.3557,0.6769,232.2370,0.2510,3.8000,-0.4500,4.7720,181.0498,358.7137,0.0000,0.0000,0.0000
12.697,568.0977,0.6617,232.0949,0.2510,3.8000,-0.4500,4.4455,181.0591,358.0429,0.0000,0.0000,0.0000
12.806,567.8821,0.6349,231.9759,0.2510,3.8000,-0.4500,4.1718,181.0698,357.4928,0.0000,0.0000,0.0000
12.919,567.6226,0.5863,231.8304,0.2510,3.8000,-0.4500,3.8445,181.0860,356.8483,0.0000,0.0000,0.0000
13.028,567.4064,0.5325,231.7056,0.2510,3.8000,-0.4500,3.5748,181.1021,356.3274,0.0000,0.0000,0.0000
13.139,567.1473,0.4530,231.5501,0.2510,3.8000,-0.4500,3.2574,181.1242,355.7267,0.0000,0.0000,0.0000
13.252,566.8892,0.3580,231.3873,0.2510,3.8000,-0.4500,2.9493,181.1488,355.1568,0.0000,0.0000,0.0000
13.361,566.6750,0.2682,231.2453,0.2510,3.8000,-0.4500,2.7015,181.1708,354.7090,0.0000,0.0000,0.0000
13.474,566.4192,0.1486,231.0669,0.2510,3.8000,-0.4500,2.4165,181.1985,354.2083,0.0000,0.0000,0.0000
13.584,566.2073,0.0402,230.9114,0.2510,3.8000,-0.4500,2.1904,181.2222,353.8242,0.0000,0.0000,0.0000
13.694,565.9550,-0.0962,230.7161,0.2510,3.8000,-0.4500,2.0177,181.2413,353.5406,0.0000,0.0000,0.0000
13.804,565.7452,-0.2197,230.5484,0.2510,3.8000,-0.4500,1.7922,181.2676,353.1927,0.0000,0.0000,0.0000
13.916,565.4955,-0.3692,230.3393,0.2510,3.8000,-0.4500,1.6985,181.2789,353.0575,0.0000,0.0000,0.0000
14.028,565.2878,-0.5012,230.1615,0.2510,3.8000,-0.4500,1.5464,181.2977,352.8509,0.0000,0.0000,0.0000
14.140,565.0395,-0.6628,229.9433,0.2510,3.8000,-0.4500,1.3908,181.3175,352.6619,0.0000,0.0000,0.0000
14.249,564.8338,-0.7966,229.7570,0.2510,3.8000,-0.4500,1.3908,181.3175,352.6619,0.0000,0.0000,0.0000
14.360,564.5862,-0.9646,229.5326,0.2510,3.8000,-0.4500,1.1427,181.3499,352.4452,0.0000,0.0000,0.0000
14.471,564.3398,-1.1275,229.3032,0.2510,3.8000,-0.4500,1.1427,181.3499,352.4452,0.0000,0.0000,0.0000
14.583,564.1346,-1.2621,229.1106,0.2510,3.8000,-0.4500,1.1427,181.3499,352.4452,0.0000,0.0000,0.0000
14.693,563.8885,-1.4217,228.8772,0.2510,3.8000,-0.4500,1.1427,181.3499,352.4452,0.0000,0.0000,0.0000
14.805,563.6841,-1.5524,228.6818,0.2510,3.8000,-0.4500,0.9813,181.3713,352.4663,0.0000,0.0000,0.0000
14.916,563.4387,-1.7038,228.4444,0.2510,3.8000,-0.4500,0.9081,181.3810,352.5023,0.0000,0.0000,0.0000
15.026,563.2343,-1.8250,228.2462,0.2510,3.8000,-0.4500,0.7665,181.3995,352.5852,0.0000,0.0000,0.0000
15.138,562.9899,-1.9602,228.0093,0.2510,3.8000,-0.4500,0.5026,181.4332,352.9159,0.0000,0.0000,0.0000
15.250,562.7846,-2.0685,227.8132,0.2510,3.8000,-0.4500,0.4220,181.4431,353.0557,0.0000,0.0000,0.0000
15.360,562.5393,-2.1859,227.5818,0.2510,3.8000,-0.4500,0.2858,181.4591,353.4954,0.0000,0.0000,0.0000
15.471,562.2933,-2.2933,227.3566,0.2510,3.8000,-0.4500,0.1619,181.4727,354.0192,0.0000,0.0000,0.0000
15.583,562.0869,-2.3775,227.1750,0.2510,3.8000,-0.4500,0.0944,181.4796,354.3506,0.0000,0.0000,0.0000
15.694,561.8394,-2.4684,226.9654,0.2510,3.8000,-0.4500,359.9901,181.4894,354.8651,0.0000,0.0000,0.0000
15.805,561.6326,-2.5369,226.7978,0.2510,3.8000,-0.4500,359.8943,181.4977,355.3006,0.0000,0.0000,0.0000
15.917,561.3843,-2.6109,226.6056,0.2510,3.8000,-0.4500,359.7661,181.5076,355.8216,0.0000,0.0000,0.0000
16.041,561.1357,-2.6757,226.4233,0.2510,3.8000,-0.4500,359.6201,181.5176,356.3468,0.0000,0.0000,0.0000
16.152,560.8875,-2.7315,226.2506,0.2510,3.8000,-0.4500,359.4548,181.5274,356.8791,0.0000,0.0000,0.0000
16.264,560.6807,-2.7713,226.1140,0.2510,3.8000,-0.4500,359.3021,181.5351,357.3282,0.0000,0.0000,0.0000
16.389,560.4331,-2.8111,225.9583,0.2510,3.8000,-0.4500,359.1012,181.5435,357.8714,0.0000,0.0000,0.0000
16.499,560.1862,-2.8429,225.8110,0.2510,3.8000,-0.4500,358.8817,181.5506,358.4169,0.0000,0.0000,0.0000
16.610,559.9404,-2.8668,225.6711,0.2510,3.8000,-0.4500,358.6444,181.5560,358.9611,0.0000,0.0000,0.0000
16.722,559.7365,-2.8813,225.5595,0.2510,3.8000,-0.4500,358.4340,181.5590,359.4113,0.0000,0.0000,0.0000
16.832,559.4929,-2.8924,225.4304,0.2510,3.8000,-0.4500,358.1672,181.5605,359.9449,0.0000,0.0000,0.0000
16.943,559.2912,-2.8968,225.3259,0.2510,3.8000,-0.4500,357.9341,181.5598,0.3820,0.0000,0.0000,0.0000
17.055,559.0509,-2.8969,225.2029,0.2510,3.8000,-0.4500,357.6424,181.5565,0.8950,0.0000,0.0000,0.0000
17.166,558.8520,-2.8928,225.1014,0.2510,3.8000,-0.4500,357.3909,181.5517,1.3111,0.0000,0.0000,0.0000
17.276,558.6149,-2.8836,224.9795,0.2510,3.8000,-0.4500,357.0801,181.5432,1.7947,0.0000,0.0000,0.0000
17.403,558.3804,-2.8700,224.8562,0.2510,3.8000,-0.4500,356.7614,181.5319,2.2592,0.0000,0.0000,0.0000
17.515,558.1478,-2.8526,224.7305,0.2510,3.8000,-0.4500,356.4366,181.5178,2.7027,0.0000,0.0000,0.0000
17.625,557.9557,-2.8355,224.6232,0.2510,3.8000,-0.4500,356.1626,181.5040,3.0550,0.0000,0.0000,0.0000
17.736,557.7272,-2.8123,224.4908,0.2510,3.8000,-0.4500,355.8314,181.4851,3.4561,0.0000,0.0000,0.0000
17.847,557.5380,-2.7917,224.3768,0.2510,3.8000,-0.4500,355.6097,181.4712,3.7097,0.0000,0.0000,0.0000
17.958,557.3134,-2.7643,224.2365,0.2510,3.8000,-0.4500,355.2590,181.4472,4.0851,0.0000,0.0000,0.0000
18.084,557.0908,-2.7353,224.0917,0.2510,3.8000,-0.4500,354.9089,181.4210,4.4354,0.0000,0.0000,0.0000
18.194,556.8687,-2.7064,223.9411,0.2510,3.8000,-0.4500,354.7237,181.4063,4.6062,0.0000,0.0000,0.0000
18.305,556.6862,-2.6806,223.8139,0.2510,3.8000,-0.4500,354.3899,181.3784,4.8973,0.0000,0.0000,0.0000
18.416,556.4678,-2.6501,223.6562,0.2510,3.8000,-0.4500,354.1378,181.3562,5.1047,0.0000,0.0000,0.0000
18.528,556.2867,-2.6249,223.5217,0.2510,3.8000,-0.4500,353.9270,181.3370,5.2601,0.0000,0.0000,0.0000
18.638,556.0708,-2.5947,223.3577,0.2510,3.8000,-0.4500,353.5787,181.3040,5.5033,0.0000,0.0000,0.0000
18.751,555.8550,-2.5657,223.1891,0.2510,3.8000,-0.4500,353.3606,181.2826,5.6359,0.0000,0.0000,0.0000
18.861,555.6757,-2.5424,223.0462,0.2510,3.8000,-0.4500,353.2151,181.2680,5.7208,0.0000,0.0000,0.0000
18.972,555.4619,-2.5159,222.8728,0.2510,3.8000,-0.4500,352.9204,181.2379,5.8729,0.0000,0.0000,0.0000
19.085,555.2838,-2.4955,222.7264,0.2510,3.8000,-0.4500,352.6886,181.2136,5.9731,0.0000,0.0000,0.0000
19.194,555.0701,-2.4727,222.5477,0.2510,3.8000,-0.4500,352.5376,181.1976,6.0343,0.0000,0.0000,0.0000
19.307,554.8924,-2.4561,222.3982,0.2510,3.8000,-0.4500,352.2949,181.1716,6.1075,0.0000,0.0000,0.0000
19.415,554.6786,-2.4382,222.2165,0.2510,3.8000,-0.4500,352.1375,181.1545,6.1463,0.0000,0.0000,0.0000
19.527,554.5005,-2.4255,222.0639,0.2510,3.8000,-0.4500,352.0582,181.1459,6.1612,0.0000,0.0000,0.0000
19.638,554.2865,-2.4142,221.8809,0.2510,3.8000,-0.4500,351.8075,181.1185,6.1887,0.0000,0.0000,0.0000
19.749,554.1077,-2.4075,221.7276,0.2510,3.8000,-0.4500,351.6444,181.1006,6.1884,0.0000,0.0000,0.0000
19.860,553.8925,-2.4018,221.5425,0.2510,3.8000,-0.4500,351.5626,181.0917,6.1795,0.0000,0.0000,0.0000
19.973,553.6765,-2.4010,221.3581,0.2510,3.8000,-0.4500,351.4023,181.0741,6.1535,0.0000,0.0000,0.0000
20.082,553.4957,-2.4031,221.2064,0.2510,3.8000,-0.4500,351.3232,181.0655,6.1277,0.0000,0.0000,0.0000
20.192,553.2772,-2.4111,221.0282,0.2510,3.8000,-0.4500,351.1677,181.0487,6.0720,0.0000,0.0000,0.0000
20.306,553.0942,-2.4207,220.8821,0.2510,3.8000,-0.4500,351.0984,181.0413,6.0303,0.0000,0.0000,0.0000
20.415,552.8726,-2.4393,220.7099,0.2510,3.8000,-0.4500,350.9059,181.0209,5.8858,0.0000,0.0000,0.0000
20.528,552.6881,-2.4549,220.5667,0.2510,3.8000,-0.4500,350.9059,181.0209,5.8858,0.0000,0.0000,0.0000
20.637,552.4642,-2.4816,220.3909,0.2510,3.8000,-0.4500,350.7586,181.0058,5.6904,0.0000,0.0000,0.0000
20.748,552.2780,-2.5043,220.2394,0.2510,3.8000,-0.4500,350.7164,181.0016,5.6203,0.0000,0.0000,0.0000
20.859,552.0519,-2.5390,220.0530,0.2510,3.8000,-0.4500,350.5968,180.9899,5.3113,0.0000,0.0000,0.0000
20.973,551.8256,-2.5757,219.8635,0.2510,3.8000,-0.4500,350.5602,180.9866,5.0692,0.0000,0.0000,0.0000
21.083,551.6373,-2.6077,219.6951,0.2510,3.8000,-0.4500,350.5523,180.9859,4.9055,0.0000,0.0000,0.0000
21.192,551.4142,-2.6444,219.4443,0.2510,3.8000,-0.4500,350.5678,180.9872,4.6543,0.0000,0.0000,0.0000
21.303,551.2302,-2.6733,219.1906,0.2510,3.8000,-0.4500,350.6237,180.9916,4.3147,0.0000,0.0000,0.0000
21.417,551.0131,-2.7027,218.8427,0.2510,3.8000,-0.4500,350.6972,180.9971,4.0544,0.0000,0.0000,0.0000
21.526,550.8328,-2.7278,218.5252,0.2510,3.8000,-0.4500,350.8056,181.0045,3.7193,0.0000,0.0000,0.0000
21.637,550.6155,-2.7593,218.1477,0.2510,3.8000,-0.4500,350.9293,181.0123,3.4057,0.0000,0.0000,0.0000
21.748,550.4307,-2.7935,217.8717,0.2510,3.8000,-0.4500,351.0312,181.0182,3.1716,0.0000,0.0000,0.0000
21.859,550.2014,-2.8486,217.5940,0.2510,3.8000,-0.4500,351.2656,181.0304,2.7038,0.0000,0.0000,0.0000
21.973,549.9683,-2.9136,217.3679,0.2510,3.8000,-0.4500,351.4277,181.0377,2.4155,0.0000,0.0000,0.0000
22.081,549.7694,-2.9767,217.2080,0.2510,3.8000,-0.4500,351.6607,181.0469,2.0548,0.0000,0.0000,0.0000
22.193,549.5286,-3.0586,217.0407,0.2510,3.8000,-0.4500,351.9052,181.0550,1.7117,0.0000,0.0000,0.0000
22.303,549.3260,-3.1308,216.9143,0.2510,3.8000,-0.4500,352.1285,181.0612,1.4345,0.0000,0.0000,0.0000
22.415,549.0807,-3.2222,216.7723,0.2510,3.8000,-0.4500,352.4822,181.0688,1.0279,0.0000,0.0000,0.0000
22.527,548.8754,-3.3003,216.6597,0.2510,3.8000,-0.4500,352.7784,181.0734,0.7155,0.0000,0.0000,0.0000
22.651,548.5867,-3.4113,216.5080,0.2510,3.8000,-0.4500,353.2019,181.0771,0.3068,0.0000,0.0000,0.0000
22.763,548.3796,-3.4917,216.4018,0.2510,3.8000,-0.4500,353.5159,181.0780,0.0276,0.0000,0.0000,0.0000
22.874,548.1306,-3.5884,216.2753,0.2510,3.8000,-0.4500,353.9073,181.0771,359.7028,0.0000,0.0000,0.0000
22.985,547.9225,-3.6691,216.1700,0.2510,3.8000,-0.4500,354.2459,181.0746,359.4403,0.0000,0.0000,0.0000
23.095,547.6723,-3.7654,216.0429,0.2510,3.8000,-0.4500,354.6661,181.0693,359.1361,0.0000,0.0000,0.0000
23.208,547.4634,-3.8450,215.9361,0.2510,3.8000,-0.4500,355.0266,181.0631,358.8931,0.0000,0.0000,0.0000
23.320,547.2123,-3.9391,215.8068,0.2510,3.8000,-0.4500,355.4702,181.0534,358.6164,0.0000,0.0000,0.0000
23.428,547.0028,-4.0161,215.6979,0.2510,3.8000,-0.4500,355.8476,181.0435,358.4002,0.0000,0.0000,0.0000
23.541,546.7511,-4.1060,215.5655,0.2510,3.8000,-0.4500,356.3086,181.0296,358.1609,0.0000,0.0000,0.0000
23.651,546.4990,-4.1926,215.4307,0.2510,3.8000,-0.4500,356.7762,181.0137,357.9473,0.0000,0.0000,0.0000
23.762,546.2886,-4.2617,215.3162,0.2510,3.8000,-0.4500,357.1699,180.9990,357.7915,0.0000,0.0000,0.0000
23.873,546.0364,-4.3400,215.1757,0.2510,3.8000,-0.4500,357.5810,180.9826,357.6576,0.0000,0.0000,0.0000
23.984,545.8260,-4.4007,215.0553,0.2510,3.8000,-0.4500,358.0056,180.9648,357.5465,0.0000,0.0000,0.0000
24.096,545.5736,-4.4676,214.9079,0.2510,3.8000,-0.4500,358.4222,180.9467,357.4690,0.0000,0.0000,0.0000
24.207,545.3632,-4.5170,214.7820,0.2510,3.8000,-0.4500,358.8529,180.9274,357.4290,0.0000,0.0000,0.0000
24.317,545.1110,-4.5692,214.6289,0.2510,3.8000,-0.4500,359.2764,180.9084,357.4261,0.0000,0.0000,0.0000
24.429,544.9008,-4.6052,214.4991,0.2510,3.8000,-0.4500,359.7039,180.8893,357.4656,0.0000,0.0000,0.0000
24.540,544.6487,-4.6413,214.3423,0.2510,3.8000,-0.4500,0.1257,180.8708,357.5276,0.0000,0.0000,0.0000
24.651,544.3965,-4.6683,214.1833,0.2510,3.8000,-0.4500,0.6307,180.8494,357.6167,0.0000,0.0000,0.0000
24.764,544.1863,-4.6860,214.0504,0.2510,3.8000,-0.4500,0.9582,180.8360,357.6737,0.0000,0.0000,0.0000
24.874,543.9339,-4.7007,213.8887,0.2510,3.8000,-0.4500,1.3854,180.8189,357.7394,0.0000,0.0000,0.0000
24.985,543.7236,-4.7085,213.7521,0.2510,3.8000,-0.4500,1.7192,180.8058,357.7845,0.0000,0.0000,0.0000
25.096,543.4711,-4.7133,213.5858,0.2510,3.8000,-0.4500,2.0713,180.7923,357.8200,0.0000,0.0000,0.0000
25.205,543.2605,-4.7123,213.4442,0.2510,3.8000,-0.4500,2.4941,180.7763,357.8530,0.0000,0.0000,0.0000
25.317,543.0078,-4.7096,213.2740,0.2510,3.8000,-0.4500,2.7442,180.7669,357.8622,0.0000,0.0000,0.0000
25.428,542.7971,-4.7041,213.1304,0.2510,3.8000,-0.4500,2.9961,180.7575,357.8651,0.0000,0.0000,0.0000
25.540,542.5439,-4.6955,212.9579,0.2510,3.8000,-0.4500,3.1634,180.7513,357.8640,0.0000,0.0000,0.0000
25.651,542.2901,-4.6820,212.7819,0.2510,3.8000,-0.4500,3.6769,180.7320,357.8350,0.0000,0.0000,0.0000
25.762,542.0788,-4.6714,212.6368,0.2510,3.8000,-0.4500,3.7561,180.7290,357.8261,0.0000,0.0000,0.0000
25.873,541.8249,-4.6569,212.4610,0.2510,3.8000,-0.4500,3.9191,180.7228,357.8043,0.0000,0.0000,0.0000
25.984,541.6130,-4.6432,212.3125,0.2510,3.8000,-0.4500,4.2435,180.7101,357.7473,0.0000,0.0000,0.0000
26.095,541.3586,-4.6279,212.1364,0.2510,3.8000,-0.4500,4.2435,180.7101,357.7473,0.0000,0.0000,0.0000
26.208,541.1459,-4.6145,211.9883,0.2510,3.8000,-0.4500,4.4030,180.7038,357.7043,0.0000,0.0000,0.0000
26.317,540.8904,-4.5991,211.8101,0.2510,3.8000,-0.4500,4.5608,180.6974,357.6525,0.0000,0.0000,0.0000
26.428,540.6774,-4.5868,211.6610,0.2510,3.8000,-0.4500,4.7075,180.6913,357.5930,0.0000,0.0000,0.0000
26.539,540.4221,-4.5732,211.4830,0.2510,3.8000,-0.4500,4.7075,180.6913,357.5930,0.0000,0.0000,0.0000
26.651,540.1660,-4.5613,211.3037,0.2510,3.8000,-0.4500,4.8508,180.6851,357.5156,0.0000,0.0000,0.0000
26.763,539.9528,-4.5523,211.1550,0.2510,3.8000,-0.4500,4.8508,180.6851,357.5156,0.0000,0.0000,0.0000
26.874,539.6959,-4.5438,210.9760,0.2510,3.8000,-0.4500,4.9148,180.6823,357.4681,0.0000,0.0000,0.0000
26.986,539.4816,-4.5386,210.8268,0.2510,3.8000,-0.4500,4.9722,180.6797,357.4121,0.0000,0.0000,0.0000
27.097,539.2250,-4.5337,210.6481,0.2510,3.8000,-0.4500,4.9722,180.6797,357.4121,0.0000,0.0000,0.0000
27.221,538.9683,-4.5312,210.4694,0.2510,3.8000,-0.4500,4.9722,180.6797,357.4121,0.0000,0.0000,0.0000
27.332,538.7108,-4.5320,210.2908,0.2510,3.8000,-0.4500,5.0127,180.6779,357.3413,0.0000,0.0000,0.0000
27.443,538.4966,-4.5337,210.1420,0.2510,3.8000,-0.4500,5.0127,180.6779,357.3413,0.0000,0.0000,0.0000
27.553,538.2394,-4.5379,209.9636,0.2510,3.8000,-0.4500,5.0127,180.6779,357.3413,0.0000,0.0000,0.0000
27.666,538.0252,-4.5430,209.8150,0.2510,3.8000,-0.4500,5.0127,180.6779,357.3413,0.0000,0.0000,0.0000
27.777,537.7676,-4.5525,209.6368,0.2510,3.8000,-0.4500,5.0156,180.6777,357.2601,0.0000,0.0000,0.0000
27.887,537.5534,-4.5607,209.4881,0.2510,3.8000,-0.4500,5.0156,180.6777,357.2601,0.0000,0.0000,0.0000
27.998,537.2963,-4.5719,209.3096,0.2510,3.8000,-0.4500,5.0156,180.6777,357.2601,0.0000,0.0000,0.0000
28.109,537.0818,-4.5837,209.1615,0.2510,3.8000,-0.4500,4.9854,180.6792,357.1870,0.0000,0.0000,0.0000
28.219,536.8251,-4.5969,208.9837,0.2510,3.8000,-0.4500,4.9854,180.6792,357.1870,0.0000,0.0000,0.0000
28.332,536.5684,-4.6107,208.8066,0.2510,3.8000,-0.4500,4.9854,180.6792,357.1870,0.0000,0.0000,0.0000
28.443,536.3542,-4.6237,208.6599,0.2510,3.8000,-0.4500,4.9272,180.6821,357.1325,0.0000,0.0000,0.0000
28.555,536.0979,-4.6373,208.4834,0.2510,3.8000,-0.4500,4.9272,180.6821,357.1325,0.0000,0.0000,0.0000
28.665,535.8843,-4.6514,208.3384,0.2510,3.8000,-0.4500,4.7066,180.6934,357.0402,0.0000,0.0000,0.0000
28.777,535.6285,-4.6634,208.1624,0.2510,3.8000,-0.4500,4.7066,180.6934,357.0402,0.0000,0.0000,0.0000
28.887,535.4158,-4.6727,208.0166,0.2510,3.8000,-0.4500,4.6268,180.6975,357.0428,0.0000,0.0000,0.0000
28.998,535.1610,-4.6821,207.8424,0.2510,3.8000,-0.4500,4.4644,180.7059,357.0708,0.0000,0.0000,0.0000
29.109,534.9492,-4.6875,207.6977,0.2510,3.8000,-0.4500,4.3133,180.7136,357.1271,0.0000,0.0000,0.0000
29.220,534.6953,-4.6909,207.5246,0.2510,3.8000,-0.4500,4.1681,180.7208,357.2063,0.0000,0.0000,0.0000
29.331,534.4424,-4.6900,207.3531,0.2510,3.8000,-0.4500,3.9733,180.7301,357.3532,0.0000,0.0000,0.0000
29.442,534.2325,-4.6855,207.2113,0.2510,3.8000,-0.4500,3.7972,180.7380,357.5344,0.0000,0.0000,0.0000
29.554,533.9805,-4.6770,207.0424,0.2510,3.8000,-0.4500,3.6913,180.7424,357.6659,0.0000,0.0000,0.0000
29.665,533.7722,-4.6641,206.9039,0.2510,3.8000,-0.4500,3.4987,180.7498,357.9510,0.0000,0.0000,0.0000
29.777,533.5224,-4.6447,206.7397,0.2510,3.8000,-0.4500,3.3343,180.7553,358.2466,0.0000,0.0000,0.0000
29.887,533.3141,-4.6258,206.6046,0.2510,3.8000,-0.4500,3.2593,180.7575,358.4010,0.0000,0.0000,0.0000
29.998,533.0655,-4.5968,206.4451,0.2510,3.8000,-0.4500,3.1163,180.7611,358.7096,0.0000,0.0000,0.0000
30.111,532.8181,-4.5622,206.2899,0.2510,3.8000,-0.4500,2.9769,180.7639,359.0379,0.0000,0.0000,0.0000
30.220,532.6126,-4.5298,206.1645,0.2510,3.8000,-0.4500,2.8766,180.7653,359.2771,0.0000,0.0000,0.0000
30.331,532.3672,-4.4848,206.0187,0.2510,3.8000,-0.4500,2.7135,180.7668,359.6617,0.0000,0.0000,0.0000
30.442,532.1628,-4.4447,205.9002,0.2510,3.8000,-0.4500,2.6104,180.7672,359.8940,0.0000,0.0000,0.0000
30.553,531.9198,-4.3905,205.7610,0.2510,3.8000,-0.4500,2.4298,180.7670,0.2883,0.0000,0.0000,0.0000
30.664,531.7183,-4.3419,205.6465,0.2510,3.8000,-0.4500,2.2857,180.7658,0.5952,0.0000,0.0000,0.0000
30.775,531.4775,-4.2801,205.5091,0.2510,3.8000,-0.4500,2.1427,180.7640,0.8972,0.0000,0.0000,0.0000
30.886,531.2784,-4.2242,205.3938,0.2510,3.8000,-0.4500,1.9980,180.7613,1.2008,0.0000,0.0000,0.0000
31.011,531.0020,-4.1411,205.2304,0.2510,3.8000,-0.4500,1.8052,180.7566,1.5983,0.0000,0.0000,0.0000
31.123,530.8066,-4.0778,205.1118,0.2510,3.8000,-0.4500,1.6569,180.7521,1.8991,0.0000,0.0000,0.0000
31.235,530.5739,-3.9979,204.9674,0.2510,3.8000,-0.4500,1.4714,180.7453,2.2618,0.0000,0.0000,0.0000
31.346,530.3806,-3.9305,204.8445,0.2510,3.8000,-0.4500,1.3949,180.7422,2.4058,0.0000,0.0000,0.0000
31.457,530.1523,-3.8426,204.6960,0.2510,3.8000,-0.4500,1.1470,180.7308,2.8532,0.0000,0.0000,0.0000
31.569,529.9625,-3.7690,204.5699,0.2510,3.8000,-0.4500,1.0210,180.7243,3.0662,0.0000,0.0000,0.0000
31.679,529.7365,-3.6782,204.4161,0.2510,3.8000,-0.4500,0.8844,180.7167,3.2847,0.0000,0.0000,0.0000
31.793,529.5135,-3.5832,204.2603,0.2510,3.8000,-0.4500,0.6448,180.7022,3.6475,0.0000,0.0000,0.0000
31.918,529.2914,-3.4877,204.1002,0.2510,3.8000,-0.4500,0.5024,180.6929,3.8463,0.0000,0.0000,0.0000
32.029,529.1091,-3.4050,203.9655,0.2510,3.8000,-0.4500,0.2388,180.6743,4.1863,0.0000,0.0000,0.0000
32.142,528.8906,-3.3066,203.7994,0.2510,3.8000,-0.4500,0.0790,180.6624,4.3753,0.0000,0.0000,0.0000
32.265,528.6744,-3.2066,203.6275,0.2510,3.8000,-0.4500,359.8509,180.6444,4.6241,0.0000,0.0000,0.0000
32.376,528.4605,-3.1062,203.4477,0.2510,3.8000,-0.4500,359.6136,180.6247,4.8606,0.0000,0.0000,0.0000
32.487,528.2834,-3.0225,203.2919,0.2510,3.8000,-0.4500,359.4300,180.6089,5.0282,0.0000,0.0000,0.0000
32.592,528.0731,-2.9218,203.0999,0.2510,3.8000,-0.4500,359.1091,180.5798,5.2946,0.0000,0.0000,0.0000
32.720,527.8632,-2.8222,202.9018,0.2510,3.8000,-0.4500,358.9081,180.5610,5.4423,0.0000,0.0000,0.0000
32.831,527.6548,-2.7235,202.6992,0.2510,3.8000,-0.4500,358.7051,180.5414,5.5814,0.0000,0.0000,0.0000
32.942,527.4822,-2.6420,202.5276,0.2510,3.8000,-0.4500,358.4931,180.5204,5.7138,0.0000,0.0000,0.0000
33.054,527.2758,-2.5458,202.3183,0.2510,3.8000,-0.4500,358.2789,180.4987,5.8350,0.0000,0.0000,0.0000
33.165,527.1051,-2.4671,202.1433,0.2510,3.8000,-0.4500,357.8977,180.4591,6.0211,0.0000,0.0000,0.0000
33.276,526.8995,-2.3747,201.9291,0.2510,3.8000,-0.4500,357.7475,180.4432,6.0851,0.0000,0.0000,0.0000
33.387,526.7293,-2.3001,201.7510,0.2510,3.8000,-0.4500,357.3571,180.4010,6.2287,0.0000,0.0000,0.0000
33.500,526.5247,-2.2128,201.5338,0.2510,3.8000,-0.4500,357.1971,180.3835,6.2742,0.0000,0.0000,0.0000
33.609,526.3544,-2.1434,201.3533,0.2510,3.8000,-0.4500,356.8790,180.3482,6.3544,0.0000,0.0000,0.0000
33.720,526.1496,-2.0629,201.1351,0.2510,3.8000,-0.4500,356.6315,180.3205,6.3971,0.0000,0.0000,0.0000
33.831,525.9448,-1.9862,200.9158,0.2510,3.8000,-0.4500,356.4681,180.3021,6.4212,0.0000,0.0000,0.0000
33.943,525.7735,-1.9279,200.7345,0.2510,3.8000,-0.4500,356.0408,180.2538,6.4485,0.0000,0.0000,0.0000
34.054,525.5677,-1.8608,200.5152,0.2510,3.8000,-0.4500,355.7993,180.2264,6.4479,0.0000,0.0000,0.0000
34.164,525.3952,-1.8098,200.3328,0.2510,3.8000,-0.4500,355.5421,180.1973,6.4270,0.0000,0.0000,0.0000
34.275,525.1875,-1.7537,200.1141,0.2510,3.8000,-0.4500,355.2921,180.1691,6.3966,0.0000,0.0000,0.0000
34.387,525.0129,-1.7146,199.9334,0.2510,3.8000,-0.4500,354.8782,180.1228,6.3095,0.0000,0.0000,0.0000
34.498,524.8022,-1.6723,199.7164,0.2510,3.8000,-0.4500,354.5580,180.0876,6.2166,0.0000,0.0000,0.0000
34.609,524.6262,-1.6414,199.5359,0.2510,3.8000,-0.4500,354.3923,180.0695,6.1587,0.0000,0.0000,0.0000
34.720,524.4126,-1.6145,199.3217,0.2510,3.8000,-0.4500,353.9834,180.0257,6.0048,0.0000,0.0000,0.0000
34.831,524.1978,-1.5943,199.1087,0.2510,3.8000,-0.4500,353.6612,179.9920,5.8656,0.0000,0.0000,0.0000
34.942,524.0176,-1.5831,198.9323,0.2510,3.8000,-0.4500,353.4274,179.9680,5.7597,0.0000,0.0000,0.0000
35.055,523.7989,-1.5802,198.7233,0.2510,3.8000,-0.4500,352.9787,179.9233,5.5380,0.0000,0.0000,0.0000
35.164,523.6161,-1.5818,198.5500,0.2510,3.8000,-0.4500,352.7597,179.9022,5.4213,0.0000,0.0000,0.0000
35.275,523.3952,-1.5920,198.3440,0.2510,3.8000,-0.4500,352.4631,179.8742,5.2551,0.0000,0.0000,0.0000
35.387,523.2095,-1.6078,198.1741,0.2510,3.8000,-0.4500,352.1743,179.8478,5.0864,0.0000,0.0000,0.0000
35.499,522.9854,-1.6334,197.9720,0.2510,3.8000,-0.4500,351.8981,179.8234,4.9152,0.0000,0.0000,0.0000
35.608,522.7972,-1.6620,197.8052,0.2510,3.8000,-0.4500,351.6252,179.8002,4.7370,0.0000,0.0000,0.0000
35.719,522.5701,-1.7028,197.6067,0.2510,3.8000,-0.4500,351.3573,179.7782,4.5532,0.0000,0.0000,0.0000
35.830,522.3801,-1.7423,197.4425,0.2510,3.8000,-0.4500,351.1582,179.7624,4.4100,0.0000,0.0000,0.0000
35.941,522.1510,-1.7961,197.2470,0.2510,3.8000,-0.4500,350.9613,179.7472,4.2631,0.0000,0.0000,0.0000
36.053,521.9202,-1.8587,197.0533,0.2510,3.8000,-0.4500,350.6913,179.7274,4.0487,0.0000,0.0000,0.0000
36.163,521.7276,-1.9140,196.8929,0.2510,3.8000,-0.4500,350.5644,179.7184,3.9454,0.0000,0.0000,0.0000
36.275,521.4952,-1.9868,196.7017,0.2510,3.8000,-0.4500,350.3783,179.7056,3.7828,0.0000,0.0000,0.0000
36.386,521.3004,-2.0526,196.5434,0.2510,3.8000,-0.4500,350.2001,179.6939,3.6178,0.0000,0.0000,0.0000
36.499,521.0676,-2.1308,196.3539,0.2510,3.8000,-0.4500,350.2000,179.6939,3.6178,0.0000,0.0000,0.0000
36.608,520.8710,-2.2050,196.1971,0.2510,3.8000,-0.4500,349.9699,179.6796,3.3788,0.0000,0.0000,0.0000
36.719,520.6370,-2.2901,196.0093,0.2510,3.8000,-0.4500,349.9699,179.6796,3.3788,0.0000,0.0000,0.0000
36.830,520.4415,-2.3629,195.8536,0.2510,3.8000,-0.4500,349.9699,179.6796,3.3788,0.0000,0.0000,0.0000
36.939,520.2053,-2.4552,195.6675,0.2510,3.8000,-0.4500,349.8732,179.6740,3.2492,0.0000,0.0000,0.0000
37.051,519.9697,-2.5451,195.4821,0.2510,3.8000,-0.4500,349.8732,179.6740,3.2492,0.0000,0.0000,0.0000
37.175,519.7339,-2.6350,195.2973,0.2510,3.8000,-0.4500,349.8732,179.6740,3.2492,0.0000,0.0000,0.0000
37.287,519.5374,-2.7089,195.1438,0.2510,3.8000,-0.4500,349.8732,179.6740,3.2492,0.0000,0.0000,0.0000
37.398,519.3016,-2.7960,194.9602,0.2510,3.8000,-0.4500,349.8732,179.6740,3.2492,0.0000,0.0000,0.0000
37.511,519.0659,-2.8798,194.7771,0.2510,3.8000,-0.4500,349.8732,179.6740,3.2492,0.0000,0.0000,0.0000
37.621,518.8697,-2.9467,194.6249,0.2510,3.8000,-0.4500,349.8732,179.6740,3.2492,0.0000,0.0000,0.0000
37.731,518.6348,-3.0225,194.4426,0.2510,3.8000,-0.4500,349.8732,179.6740,3.2492,0.0000,0.0000,0.0000
37.843,518.4395,-3.0810,194.2909,0.2510,3.8000,-0.4500,349.8732,179.6740,3.2492,0.0000,0.0000,0.0000
37.954,518.2053,-3.1442,194.1075,0.2510,3.8000,-0.4500,350.1178,179.6879,3.1808,0.0000,0.0000,0.0000
38.066,518.0113,-3.1902,193.9553,0.2510,3.8000,-0.4500,350.3625,179.7016,3.1528,0.0000,0.0000,0.0000
38.177,517.7798,-3.2368,193.7735,0.2510,3.8000,-0.4500,350.6848,179.7197,3.1840,0.0000,0.0000,0.0000
38.288,517.5884,-3.2658,193.6221,0.2510,3.8000,-0.4500,351.0875,179.7428,3.3024,0.0000,0.0000,0.0000
38.398,517.3598,-3.2924,193.4413,0.2510,3.8000,-0.4500,351.4738,179.7658,3.4660,0.0000,0.0000,0.0000
38.509,517.1709,-3.3053,193.2902,0.2510,3.8000,-0.4500,351.8464,179.7893,3.6546,0.0000,0.0000,0.0000
38.620,516.9453,-3.3126,193.1088,0.2510,3.8000,-0.4500,352.1592,179.8099,3.8342,0.0000,0.0000,0.0000
38.732,516.7225,-3.3054,192.9253,0.2510,3.8000,-0.4500,352.6330,179.8432,4.1198,0.0000,0.0000,0.0000
38.844,516.5383,-3.2904,192.7707,0.2510,3.8000,-0.4500,353.0111,179.8714,4.3571,0.0000,0.0000,0.0000
38.955,516.3195,-3.2613,192.5825,0.2510,3.8000,-0.4500,353.4535,179.9064,4.6428,0.0000,0.0000,0.0000
39.065,516.1389,-3.2276,192.4228,0.2510,3.8000,-0.4500,353.8195,179.9371,4.8839,0.0000,0.0000,0.0000
39.177,515.9248,-3.1758,192.2273,0.2510,3.8000,-0.4500,354.2591,179.9760,5.1773,0.0000,0.0000,0.0000
39.288,515.7485,-3.1232,192.0610,0.2510,3.8000,-0.4500,354.6259,180.0102,5.4244,0.0000,0.0000,0.0000
39.398,515.5396,-3.0490,191.8568,0.2510,3.8000,-0.4500,355.0646,180.0532,5.7219,0.0000,0.0000,0.0000
39.509,515.3679,-2.9780,191.6827,0.2510,3.8000,-0.4500,355.4276,180.0905,5.9687,0.0000,0.0000,0.0000
39.621,515.1646,-2.8826,191.4688,0.2510,3.8000,-0.4500,355.8572,180.1367,6.2608,0.0000,0.0000,0.0000
39.732,514.9644,-2.7762,191.2492,0.2510,3.8000,-0.4500,356.2778,180.1840,6.5458,0.0000,0.0000,0.0000
39.843,514.7993,-2.6812,191.0621,0.2510,3.8000,-0.4500,356.5526,180.2160,6.7308,0.0000,0.0000,0.0000
39.954,514.6049,-2.5562,190.8319,0.2510,3.8000,-0.4500,356.9760,180.2671,7.0127,0.0000,0.0000,0.0000
40.067,514.4443,-2.4468,190.6359,0.2510,3.8000,-0.4500,357.2477,180.3010,7.1913,0.0000,0.0000,0.0000
40.176,514.2543,-2.3069,190.3957,0.2510,3.8000,-0.4500,357.5987,180.3461,7.4164,0.0000,0.0000,0.0000
40.288,514.0972,-2.1876,190.1922,0.2510,3.8000,-0.4500,357.7368,180.3641,7.5035,0.0000,0.0000,0.0000
40.399,513.9123,-2.0328,189.9420,0.2510,3.8000,-0.4500,358.1737,180.4228,7.7688,0.0000,0.0000,0.0000
40.512,513.7281,-1.8762,189.6882,0.2510,3.8000,-0.4500,358.3897,180.4525,7.8923,0.0000,0.0000,0.0000
40.621,513.5755,-1.7433,189.4740,0.2510,3.8000,-0.4500,358.4612,180.4624,7.9324,0.0000,0.0000,0.0000
40.732,513.3950,-1.5763,189.2122,0.2510,3.8000,-0.4500,358.7594,180.5044,8.0877,0.0000,0.0000,0.0000
40.844,513.2452,-1.4353,188.9917,0.2510,3.8000,-0.4500,358.9795,180.5359,8.1891,0.0000,0.0000,0.0000
40.954,513.0656,-1.2663,188.7256,0.2510,3.8000,-0.4500,359.0532,180.5465,8.2178,0.0000,0.0000,0.0000
41.066,512.9166,-1.1232,188.5015,0.2510,3.8000,-0.4500,359.2037,180.5683,8.2704,0.0000,0.0000,0.0000
41.176,512.7376,-0.9528,188.2321,0.2510,3.8000,-0.4500,359.2037,180.5683,8.2704,0.0000,0.0000,0.0000
41.288,512.5887,-0.8101,188.0061,0.2510,3.8000,-0.4500,359.2840,180.5800,8.2845,0.0000,0.0000,0.0000
41.398,512.4098,-0.6398,187.7338,0.2510,3.8000,-0.4500,359.3630,180.5915,8.2940,0.0000,0.0000,0.0000
41.511,512.2301,-0.4723,187.4614,0.2510,3.8000,-0.4500,359.3630,180.5915,8.2941,0.0000,0.0000,0.0000
41.621,512.0795,-0.3344,187.2335,0.2510,3.8000,-0.4500,359.4400,180.6027,8.2745,0.0000,0.0000,0.0000
41.747,511.8979,-0.1728,186.9601,0.2510,3.8000,-0.4500,359.4400,180.6027,8.2745,0.0000,0.0000,0.0000
41.857,511.7141,-0.0168,186.6854,0.2510,3.8000,-0.4500,359.5659,180.6209,8.1737,0.0000,0.0000,0.0000
41.968,511.5596,0.1092,186.4571,0.2510,3.8000,-0.4500,359.6223,180.6290,8.1153,0.0000,0.0000,0.0000
42.079,511.3699,0.2508,186.1841,0.2510,3.8000,-0.4500,359.7527,180.6473,7.8083,0.0000,0.0000,0.0000
42.189,511.2111,0.3657,185.9601,0.2510,3.8000,-0.4500,359.7754,180.6504,7.7286,0.0000,0.0000,0.0000
42.304,511.0137,0.4885,185.6960,0.2510,3.8000,-0.4500,359.7734,180.6502,7.2015,0.0000,0.0000,0.0000
42.412,510.8135,0.6040,185.4394,0.2510,3.8000,-0.4500,359.6989,180.6411,6.7994,0.0000,0.0000,0.0000
42.523,510.6441,0.6927,185.2322,0.2510,3.8000,-0.4500,359.6038,180.6300,6.4928,0.0000,0.0000,0.0000
42.633,510.4371,0.7885,184.9909,0.2510,3.8000,-0.4500,359.4338,180.6113,6.0923,0.0000,0.0000,0.0000
42.746,510.2612,0.8581,184.7961,0.2510,3.8000,-0.4500,359.2423,180.5915,5.6937,0.0000,0.0000,0.0000
42.857,510.0464,0.9306,184.5701,0.2510,3.8000,-0.4500,358.9988,180.5682,5.2355,0.0000,0.0000,0.0000
42.967,509.8645,0.9814,184.3880,0.2510,3.8000,-0.4500,358.7843,180.5493,4.8606,0.0000,0.0000,0.0000
43.080,509.6427,1.0300,184.1771,0.2510,3.8000,-0.4500,358.5116,180.5272,4.4101,0.0000,0.0000,0.0000
43.189,509.4552,1.0601,184.0072,0.2510,3.8000,-0.4500,358.2719,180.5095,4.0319,0.0000,0.0000,0.0000
43.300,509.2270,1.0832,183.8102,0.2510,3.8000,-0.4500,357.9701,180.4894,3.5760,0.0000,0.0000,0.0000
43.412,508.9957,1.0923,183.6201,0.2510,3.8000,-0.4500,357.6553,180.4710,3.1215,0.0000,0.0000,0.0000
43.523,508.8006,1.0893,183.4666,0.2510,3.8000,-0.4500,357.3849,180.4571,2.7474,0.0000,0.0000,0.0000
43.633,508.5644,1.0733,183.2878,0.2510,3.8000,-0.4500,357.0530,180.4425,2.3097,0.0000,0.0000,0.0000
43.745,508.3657,1.0499,183.1427,0.2510,3.8000,-0.4500,356.7722,180.4320,1.9582,0.0000,0.0000,0.0000
43.856,508.1256,1.0107,182.9730,0.2510,3.8000,-0.4500,356.4329,180.4216,1.5585,0.0000,0.0000,0.0000
43.967,507.9249,0.9707,182.8342,0.2510,3.8000,-0.4500,356.2064,180.4159,1.3087,0.0000,0.0000,0.0000
44.079,507.6810,0.9114,182.6870,0.2510,3.8000,-0.4500,355.8920,180.4096,0.9949,0.0000,0.0000,0.0000
44.190,507.4743,0.8523,182.5976,0.2510,3.8000,-0.4500,355.6372,180.4057,0.7619,0.0000,0.0000,0.0000
44.301,507.2220,0.7696,182.5322,0.2510,3.8000,-0.4500,355.2978,180.4019,0.5042,0.0000,0.0000,0.0000
44.412,506.9674,0.6777,182.5086,0.2510,3.8000,-0.4500,355.0860,180.4003,0.3736,0.0000,0.0000,0.0000
44.525,506.7538,0.5919,182.5111,0.2510,3.8000,-0.4500,354.7813,180.3987,0.2288,0.0000,0.0000,0.0000
44.634,506.4974,0.4833,182.5308,0.2510,3.8000,-0.4500,354.4516,180.3977,0.1385,0.0000,0.0000,0.0000
44.745,506.2841,0.3902,182.5555,0.2510,3.8000,-0.4500,354.2891,180.3973,0.1127,0.0000,0.0000,0.0000
44.857,506.0286,0.2742,182.5939,0.2510,3.8000,-0.4500,353.8643,180.3965,0.1252,0.0000,0.0000,0.0000
44.967,505.8159,0.1782,182.6281,0.2510,3.8000,-0.4500,353.7854,180.3963,0.1370,0.0000,0.0000,0.0000
45.078,505.5617,0.0623,182.6743,0.2510,3.8000,-0.4500,353.3811,180.3949,0.2708,0.0000,0.0000,0.0000
45.189,505.3504,-0.0322,182.7071,0.2510,3.8000,-0.4500,353.1581,180.3936,0.3961,0.0000,0.0000,0.0000
45.300,505.0982,-0.1385,182.7086,0.2510,3.8000,-0.4500,352.9531,180.3919,0.5359,0.0000,0.0000,0.0000
45.412,504.8503,-0.2341,182.6647,0.2510,3.8000,-0.4500,352.7137,180.3892,0.7655,0.0000,0.0000,0.0000
45.522,504.6472,-0.3043,182.5992,0.2510,3.8000,-0.4500,352.5131,180.3860,1.0358,0.0000,0.0000,0.0000
45.633,504.4055,-0.3804,182.4938,0.2510,3.8000,-0.4500,352.3874,180.3835,1.2507,0.0000,0.0000,0.0000
45.746,504.2070,-0.4345,182.3913,0.2510,3.8000,-0.4500,352.2524,180.3802,1.5616,0.0000,0.0000,0.0000
45.856,503.9707,-0.4912,182.2560,0.2510,3.8000,-0.4500,352.1590,180.3773,1.8945,0.0000,0.0000,0.0000
45.968,503.7748,-0.5328,182.1394,0.2510,3.8000,-0.4500,352.1079,180.3755,2.1434,0.0000,0.0000,0.0000
46.078,503.5411,-0.5759,182.0004,0.2510,3.8000,-0.4500,352.0542,180.3733,2.4717,0.0000,0.0000,0.0000
46.189,503.3476,-0.6063,181.8862,0.2510,3.8000,-0.4500,352.0070,180.3711,2.8035,0.0000,0.0000,0.0000
46.315,503.0766,-0.6457,181.7269,0.2510,3.8000,-0.4500,351.9704,180.3693,3.0466,0.0000,0.0000,0.0000
46.426,502.8861,-0.6656,181.6139,0.2510,3.8000,-0.4500,351.8964,180.3650,3.4707,0.0000,0.0000,0.0000
46.536,502.6564,-0.6901,181.4754,0.2510,3.8000,-0.4500,351.8647,180.3630,3.6302,0.0000,0.0000,0.0000
46.649,502.4687,-0.7028,181.3478,0.2510,3.8000,-0.4500,351.7923,180.3582,3.9602,0.0000,0.0000,0.0000
46.759,502.2463,-0.7130,181.1574,0.2510,3.8000,-0.4500,351.7554,180.3555,4.1191,0.0000,0.0000,0.0000
46.883,502.0302,-0.7107,180.9277,0.2510,3.8000,-0.4500,351.6754,180.3495,4.4436,0.0000,0.0000,0.0000
46.994,501.8178,-0.7009,180.6659,0.2510,3.8000,-0.4500,351.6148,180.3446,4.6887,0.0000,0.0000,0.0000
47.105,501.6424,-0.6887,180.4297,0.2510,3.8000,-0.4500,351.5958,180.3430,4.7667,0.0000,0.0000,0.0000
47.218,501.4356,-0.6662,180.1326,0.2510,3.8000,-0.4500,351.5386,180.3380,5.0144,0.0000,0.0000,0.0000
47.327,501.2646,-0.6443,179.8763,0.2510,3.8000,-0.4500,351.5052,180.3350,5.1739,0.0000,0.0000,0.0000
47.440,501.0593,-0.6172,179.5617,0.2510,3.8000,-0.4500,351.5052,180.3350,5.1738,0.0000,0.0000,0.0000
47.550,500.8905,-0.5892,179.3083,0.2510,3.8000,-0.4500,351.4622,180.3310,5.4241,0.0000,0.0000,0.0000
47.662,500.6830,-0.5625,179.0385,0.2510,3.8000,-0.4500,351.4622,180.3310,5.4241,0.0000,0.0000,0.0000
47.772,500.4740,-0.5366,178.8081,0.2510,3.8000,-0.4500,351.4500,180.3298,5.5908,0.0000,0.0000,0.0000
47.883,500.2970,-0.5194,178.6385,0.2510,3.8000,-0.4500,351.4500,180.3298,5.5908,0.0000,0.0000,0.0000
47.994,500.0831,-0.5003,178.4539,0.2510,3.8000,-0.4500,351.4500,180.3298,5.5908,0.0000,0.0000,0.0000
48.105,499.9041,-0.4849,178.3108,0.2510,3.8000,-0.4500,351.4500,180.3298,5.5908,0.0000,0.0000,0.0000
48.217,499.6894,-0.4651,178.1471,0.2510,3.8000,-0.4500,351.4652,180.3313,5.6701,0.0000,0.0000,0.0000
48.328,499.5097,-0.4492,178.0144,0.2510,3.8000,-0.4500,351.4652,180.3313,5.6701,0.0000,0.0000,0.0000
48.438,499.2946,-0.4279,177.8579,0.2510,3.8000,-0.4500,351.5107,180.3359,5.7360,0.0000,0.0000,0.0000
48.550,499.1153,-0.4090,177.7284,0.2510,3.8000,-0.4500,351.5581,180.3407,5.7999,0.0000,0.0000,0.0000
48.661,498.8998,-0.3858,177.5732,0.2510,3.8000,-0.4500,351.6275,180.3479,5.8410,0.0000,0.0000,0.0000
48.772,498.6845,-0.3602,177.4171,0.2510,3.8000,-0.4500,351.7774,180.3635,5.9042,0.0000,0.0000,0.0000
48.884,498.5048,-0.3371,177.2856,0.2510,3.8000,-0.4500,352.0182,180.3887,5.9542,0.0000,0.0000,0.0000
48.995,498.2885,-0.3098,177.1267,0.2510,3.8000,-0.4500,352.2657,180.4148,5.9493,0.0000,0.0000,0.0000
49.106,498.1077,-0.2866,176.9933,0.2510,3.8000,-0.4500,352.5067,180.4401,5.9160,0.0000,0.0000,0.0000
49.216,497.8895,-0.2586,176.8321,0.2510,3.8000,-0.4500,352.9009,180.4809,5.7950,0.0000,0.0000,0.0000
49.328,497.7068,-0.2355,176.6981,0.2510,3.8000,-0.4500,353.2098,180.5121,5.6655,0.0000,0.0000,0.0000
49.439,497.4871,-0.2082,176.5393,0.2510,3.8000,-0.4500,353.4366,180.5345,5.5529,0.0000,0.0000,0.0000
49.550,497.3023,-0.1855,176.4055,0.2510,3.8000,-0.4500,353.8333,180.5726,5.3337,0.0000,0.0000,0.0000
49.661,497.0800,-0.1582,176.2397,0.2510,3.8000,-0.4500,354.2732,180.6129,5.0709,0.0000,0.0000,0.0000
49.774,496.8578,-0.1305,176.0679,0.2510,3.8000,-0.4500,354.5503,180.6371,4.8937,0.0000,0.0000,0.0000
49.883,496.6714,-0.1079,175.9190,0.2510,3.8000,-0.4500,354.9228,180.6684,4.6437,0.0000,0.0000,0.0000
49.994,496.4468,-0.0811,175.7369,0.2510,3.8000,-0.4500,355.3582,180.7027,4.3408,0.0000,0.0000,0.0000
50.104,496.2587,-0.0594,175.5841,0.2510,3.8000,-0.4500,355.7068,180.7285,4.0900,0.0000,0.0000,0.0000
50.216,496.0316,-0.0344,175.4009,0.2510,3.8000,-0.4500,356.1181,180.7569,3.7855,0.0000,0.0000,0.0000
50.327,495.8410,-0.0146,175.2491,0.2510,3.8000,-0.4500,356.4603,180.7788,3.5256,0.0000,0.0000,0.0000
50.438,495.6107,0.0077,175.0687,0.2510,3.8000,-0.4500,356.8733,180.8031,3.2054,0.0000,0.0000,0.0000
50.550,495.4173,0.0250,174.9200,0.2510,3.8000,-0.4500,357.2199,180.8217,2.9315,0.0000,0.0000,0.0000
50.660,495.1835,0.0441,174.7438,0.2510,3.8000,-0.4500,357.6380,180.8419,2.5952,0.0000,0.0000,0.0000
50.772,494.9479,0.0612,174.5701,0.2510,3.8000,-0.4500,358.0576,180.8597,2.2518,0.0000,0.0000,0.0000
50.883,494.7501,0.0740,174.4272,0.2510,3.8000,-0.4500,358.4072,180.8726,1.9614,0.0000,0.0000,0.0000
50.994,494.5111,0.0875,174.2583,0.2510,3.8000,-0.4500,358.8254,180.8856,1.6090,0.0000,0.0000,0.0000
51.106,494.3105,0.0971,174.1194,0.2510,3.8000,-0.4500,359.1715,180.8944,1.3133,0.0000,0.0000,0.0000
51.217,494.0681,0.1068,173.9546,0.2510,3.8000,-0.4500,359.5829,180.9026,0.9576,0.0000,0.0000,0.0000
51.327,493.8649,0.1132,173.8183,0.2510,3.8000,-0.4500,359.9213,180.9074,0.6616,0.0000,0.0000,0.0000
51.439,493.6194,0.1189,173.6571,0.2510,3.8000,-0.4500,0.3207,180.9108,0.3086,0.0000,0.0000,0.0000
51.549,493.4117,0.1223,173.5452,0.2510,3.8000,-0.4500,0.6475,180.9117,0.0176,0.0000,0.0000,0.0000
51.661,493.1571,0.1260,173.4606,0.2510,3.8000,-0.4500,1.0347,180.9106,359.6750,0.0000,0.0000,0.0000
51.772,492.8993,0.1302,173.4264,0.2510,3.8000,-0.4500,1.4200,180.9073,359.3432,0.0000,0.0000,0.0000
51.883,492.6838,0.1350,173.4282,0.2510,3.8000,-0.4500,1.6877,180.9037,359.1209,0.0000,0.0000,0.0000
51.993,492.4242,0.1415,173.4555,0.2510,3.8000,-0.4500,2.0926,180.8964,358.7943,0.0000,0.0000,0.0000
52.118,492.1647,0.1500,173.5025,0.2510,3.8000,-0.4500,2.4178,180.8888,358.5405,0.0000,0.0000,0.0000
52.230,491.9482,0.1581,173.5517,0.2510,3.8000,-0.4500,2.6864,180.8815,358.3364,0.0000,0.0000,0.0000
52.341,491.6885,0.1698,173.6194,0.2510,3.8000,-0.4500,2.8880,180.8753,358.1854,0.0000,0.0000,0.0000
52.453,491.4273,0.1816,173.6916,0.2510,3.8000,-0.4500,3.3153,180.8606,357.8744,0.0000,0.0000,0.0000
52.564,491.2102,0.1935,173.7554,0.2510,3.8000,-0.4500,3.4495,180.8555,357.7786,0.0000,0.0000,0.0000
52.674,490.9474,0.2059,173.7913,0.2510,3.8000,-0.4500,3.8019,180.8410,357.5349,0.0000,0.0000,0.0000
52.786,490.7292,0.2137,173.7680,0.2510,3.8000,-0.4500,3.8711,180.8380,357.4882,0.0000,0.0000,0.0000
52.896,490.4677,0.2185,173.6876,0.2510,3.8000,-0.4500,4.1541,180.8251,357.2989,0.0000,0.0000,0.0000
53.007,490.2516,0.2206,173.5889,0.2510,3.8000,-0.4500,4.2232,180.8218,357.2542,0.0000,0.0000,0.0000
53.119,489.9933,0.2207,173.4426,0.2510,3.8000,-0.4500,4.3623,180.8150,357.1656,0.0000,0.0000,0.0000
53.229,489.7785,0.2198,173.3045,0.2510,3.8000,-0.4500,4.5011,180.8080,357.0815,0.0000,0.0000,0.0000
53.341,489.5215,0.2184,173.1262,0.2510,3.8000,-0.4500,4.6449,180.8006,357.0026,0.0000,0.0000,0.0000
53.453,489.2648,0.2178,172.9383,0.2510,3.8000,-0.4500,4.7956,180.7926,356.9331,0.0000,0.0000,0.0000
53.563,489.0515,0.2182,172.7778,0.2510,3.8000,-0.4500,4.7956,180.7926,356.9331,0.0000,0.0000,0.0000
53.674,488.7950,0.2206,172.5797,0.2510,3.8000,-0.4500,5.0284,180.7799,356.8556,0.0000,0.0000,0.0000
53.785,488.5818,0.2240,172.4154,0.2510,3.8000,-0.4500,5.0284,180.7799,356.8556,0.0000,0.0000,0.0000
53.896,488.3255,0.2310,172.2220,0.2510,3.8000,-0.4500,5.0284,180.7799,356.8556,0.0000,0.0000,0.0000
54.008,488.1113,0.2399,172.0638,0.2510,3.8000,-0.4500,5.1107,180.7754,356.8512,0.0000,0.0000,0.0000
54.119,487.8540,0.2542,171.8770,0.2510,3.8000,-0.4500,5.2717,180.7665,356.8527,0.0000,0.0000,0.0000
54.232,487.5967,0.2708,171.6939,0.2510,3.8000,-0.4500,5.2717,180.7665,356.8527,0.0000,0.0000,0.0000
54.342,487.3825,0.2892,171.5414,0.2510,3.8000,-0.4500,5.4265,180.7580,356.9040,0.0000,0.0000,0.0000
54.451,487.1253,0.3117,171.3610,0.2510,3.8000,-0.4500,5.4265,180.7580,356.9040,0.0000,0.0000,0.0000
54.563,486.9113,0.3335,171.2106,0.2510,3.8000,-0.4500,5.4952,180.7543,356.9452,0.0000,0.0000,0.0000
54.675,486.6544,0.3598,171.0314,0.2510,3.8000,-0.4500,5.4952,180.7543,356.9452,0.0000,0.0000,0.0000
54.785,486.4403,0.3823,170.8824,0.2510,3.8000,-0.4500,5.4952,180.7543,356.9452,0.0000,0.0000,0.0000
54.896,486.1836,0.4091,170.7041,0.2510,3.8000,-0.4500,5.4952,180.7543,356.9452,0.0000,0.0000,0.0000
55.007,485.9698,0.4301,170.5557,0.2510,3.8000,-0.4500,5.4952,180.7543,356.9452,0.0000,0.0000,0.0000
55.119,485.7132,0.4527,170.3782,0.2510,3.8000,-0.4500,5.4952,180.7543,356.9452,0.0000,0.0000,0.0000
55.229,485.4995,0.4688,170.2308,0.2510,3.8000,-0.4500,5.4952,180.7543,356.9452,0.0000,0.0000,0.0000
55.342,485.2427,0.4836,170.0547,0.2510,3.8000,-0.4500,5.4952,180.7543,356.9452,0.0000,0.0000,0.0000
55.466,484.9857,0.4928,169.8794,0.2510,3.8000,-0.4500,5.4952,180.7543,356.9452,0.0000,0.0000,0.0000
55.577,484.7284,0.4954,169.7053,0.2510,3.8000,-0.4500,5.4952,180.7543,356.9452,0.0000,0.0000,0.0000
55.689,484.5139,0.4920,169.5612,0.2510,3.8000,-0.4500,5.4952,180.7543,356.9452,0.0000,0.0000,0.0000
55.799,484.2564,0.4805,169.3871,0.2510,3.8000,-0.4500,5.4952,180.7543,356.9452,0.0000,0.0000,0.0000
55.909,484.0399,0.4557,169.2400,0.2510,3.8000,-0.4500,5.3121,180.7648,356.5465,0.0000,0.0000,0.0000
56.020,483.7816,0.4207,169.0556,0.2510,3.8000,-0.4500,5.1487,180.7751,356.2559,0.0000,0.0000,0.0000
56.132,483.5240,0.3746,168.8646,0.2510,3.8000,-0.4500,4.9139,180.7912,355.9261,0.0000,0.0000,0.0000
56.244,483.3097,0.3285,168.7012,0.2510,3.8000,-0.4500,4.6980,180.8072,355.6646,0.0000,0.0000,0.0000
56.354,483.0525,0.2640,168.5101,0.2510,3.8000,-0.4500,4.4219,180.8289,355.3553,0.0000,0.0000,0.0000
56.466,482.8368,0.2052,168.4087,0.2510,3.8000,-0.4500,4.1896,180.8483,355.1195,0.0000,0.0000,0.0000
56.578,482.5768,0.1288,168.4016,0.2510,3.8000,-0.4500,3.8068,180.8823,354.7759,0.0000,0.0000,0.0000
56.688,482.3608,0.0593,168.4586,0.2510,3.8000,-0.4500,3.4664,180.9143,354.5163,0.0000,0.0000,0.0000
56.800,482.1034,-0.0341,168.5777,0.2510,3.8000,-0.4500,3.0245,180.9579,354.2302,0.0000,0.0000,0.0000
56.911,481.8479,-0.1407,168.7345,0.2510,3.8000,-0.4500,2.5447,181.0076,353.9629,0.0000,0.0000,0.0000
57.022,481.6368,-0.2406,168.8851,0.2510,3.8000,-0.4500,2.1192,181.0535,353.7514,0.0000,0.0000,0.0000
57.134,481.3856,-0.3747,169.0828,0.2510,3.8000,-0.4500,1.5860,181.1130,353.5113,0.0000,0.0000,0.0000
57.243,481.1780,-0.4982,169.2581,0.2510,3.8000,-0.4500,1.1286,181.1658,353.3237,0.0000,0.0000,0.0000
57.354,480.9307,-0.6600,169.4755,0.2510,3.8000,-0.4500,0.5724,181.2320,353.1166,0.0000,0.0000,0.0000
57.466,480.7253,-0.8056,169.6143,0.2510,3.8000,-0.4500,0.1095,181.2885,352.9614,0.0000,0.0000,0.0000
57.577,480.4796,-0.9883,169.6289,0.2510,3.8000,-0.4500,359.5770,181.3550,352.7995,0.0000,0.0000,0.0000
57.687,480.2758,-1.1448,169.5588,0.2510,3.8000,-0.4500,359.1742,181.4063,352.6875,0.0000,0.0000,0.0000
57.799,480.0323,-1.3322,169.4138,0.2510,3.8000,-0.4500,359.0053,181.4281,352.6479,0.0000,0.0000,0.0000
57.911,479.7899,-1.5270,169.2315,0.2510,3.8000,-0.4500,358.5100,181.4925,352.5456,0.0000,0.0000,0.0000
58.021,479.5885,-1.6859,169.0588,0.2510,3.8000,-0.4500,358.5100,181.4925,352.5456,0.0000,0.0000,0.0000
58.131,479.3477,-1.8824,168.8422,0.2510,3.8000,-0.4500,358.0870,181.5480,352.5130,0.0000,0.0000,0.0000
58.242,479.1471,-2.0436,168.6537,0.2510,3.8000,-0.4500,358.0870,181.5480,352.5130,0.0000,0.0000,0.0000
58.354,478.9072,-2.2394,168.4270,0.2510,3.8000,-0.4500,357.6657,181.6032,352.5549,0.0000,0.0000,0.0000
58.465,478.7067,-2.4002,168.2347,0.2510,3.8000,-0.4500,357.6657,181.6032,352.5549,0.0000,0.0000,0.0000
58.576,478.4671,-2.5917,168.0060,0.2510,3.8000,-0.4500,357.3462,181.6447,352.6729,0.0000,0.0000,0.0000
58.688,478.2667,-2.7494,167.8148,0.2510,3.8000,-0.4500,357.2723,181.6542,352.7054,0.0000,0.0000,0.0000
58.800,478.0270,-2.9336,167.5884,0.2510,3.8000,-0.4500,357.0063,181.6878,352.9097,0.0000,0.0000,0.0000
58.910,477.8262,-3.0846,167.4005,0.2510,3.8000,-0.4500,356.9505,181.6947,352.9724,0.0000,0.0000,0.0000
59.021,477.5858,-3.2576,167.1796,0.2510,3.8000,-0.4500,356.6988,181.7251,353.3057,0.0000,0.0000,0.0000
59.132,477.3442,-3.4251,166.9624,0.2510,3.8000,-0.4500,356.5965,181.7369,353.5391,0.0000,0.0000,0.0000
59.243,477.1430,-3.5561,166.7862,0.2510,3.8000,-0.4500,356.4667,181.7513,353.9337,0.0000,0.0000,0.0000
59.354,476.8993,-3.7088,166.5804,0.2510,3.8000,-0.4500,356.4249,181.7556,354.1751,0.0000,0.0000,0.0000
59.466,476.6967,-3.8253,166.4145,0.2510,3.8000,-0.4500,356.3900,181.7591,354.6076,0.0000,0.0000,0.0000
59.577,476.4518,-3.9575,166.2230,0.2510,3.8000,-0.4500,356.3916,181.7590,355.0267,0.0000,0.0000,0.0000
59.688,476.2474,-4.0581,166.0699,0.2510,3.8000,-0.4500,356.4243,181.7562,355.4544,0.0000,0.0000,0.0000
59.800,476.0009,-4.1697,165.8944,0.2510,3.8000,-0.4500,356.4804,181.7520,355.8827,0.0000,0.0000,0.0000
59.908,475.7954,-4.2517,165.7548,0.2510,3.8000,-0.4500,356.5591,181.7466,356.3340,0.0000,0.0000,0.0000
60.020,475.5484,-4.3383,165.5954,0.2510,3.8000,-0.4500,356.6715,181.7400,356.8762,0.0000,0.0000,0.0000
60.131,475.3014,-4.4120,165.4618,0.2510,3.8000,-0.4500,356.7992,181.7336,357.4176,0.0000,0.0000,0.0000
60.242,475.1026,-4.4692,165.5295,0.2510,3.8000,-0.4500,356.9151,181.7289,357.8750,0.0000,0.0000,0.0000
60.354,474.8787,-4.5367,165.8940,0.2510,3.8000,-0.4500,357.0620,181.7241,358.4442,0.0000,0.0000,0.0000
60.464,474.7007,-4.5881,166.3497,0.2510,3.8000,-0.4500,357.1857,181.7213,358.9425,0.0000,0.0000,0.0000
60.576,474.4925,-4.6395,166.9837,0.2510,3.8000,-0.4500,357.3196,181.7195,359.5644,0.0000,0.0000,0.0000
60.687,474.3218,-4.6730,167.5419,0.2510,3.8000,-0.4500,357.4041,181.7193,0.0927,0.0000,0.0000,0.0000
60.798,474.1192,-4.7021,168.2211,0.2510,3.8000,-0.4500,357.4614,181.7196,0.7253,0.0000,0.0000,0.0000
60.909,473.9520,-4.7182,168.7865,0.2510,3.8000,-0.4500,357.4694,181.7197,1.2418,0.0000,0.0000,0.0000
61.020,473.7530,-4.7294,169.4612,0.2510,3.8000,-0.4500,357.4320,181.7187,1.8401,0.0000,0.0000,0.0000
61.131,473.5559,-4.7337,170.1316,0.2510,3.8000,-0.4500,357.3469,181.7155,2.4073,0.0000,0.0000,0.0000
61.242,473.3929,-4.7335,170.6878,0.2510,3.8000,-0.4500,357.2429,181.7107,2.8527,0.0000,0.0000,0.0000
61.355,473.2001,-4.7318,171.3811,0.2510,3.8000,-0.4500,357.0827,181.7019,3.3510,0.0000,0.0000,0.0000
61.464,473.0381,-4.7297,171.9265,0.2510,3.8000,-0.4500,356.9561,181.6942,3.6603,0.0000,0.0000,0.0000
61.575,472.8367,-4.7191,172.4433,0.2510,3.8000,-0.4500,356.7690,181.6815,4.0337,0.0000,0.0000,0.0000
61.687,472.6618,-4.7015,172.7518,0.2510,3.8000,-0.4500,356.5940,181.6687,4.3355,0.0000,0.0000,0.0000
61.799,472.4468,-4.6691,172.9673,0.2510,3.8000,-0.4500,356.3751,181.6514,4.6890,0.0000,0.0000,0.0000
61.908,472.2659,-4.6325,173.0214,0.2510,3.8000,-0.4500,356.2382,181.6399,4.8962,0.0000,0.0000,0.0000
62.022,472.0491,-4.5801,172.9933,0.2510,3.8000,-0.4500,356.1469,181.6319,5.0325,0.0000,0.0000,0.0000
62.130,471.8716,-4.5279,172.9217,0.2510,3.8000,-0.4500,355.9022,181.6096,5.3854,0.0000,0.0000,0.0000
62.241,471.6582,-4.4639,172.7960,0.2510,3.8000,-0.4500,355.8552,181.6051,5.4520,0.0000,0.0000,0.0000
62.353,471.4489,-4.3932,172.6459,0.2510,3.8000,-0.4500,355.6004,181.5800,5.7938,0.0000,0.0000,0.0000
62.463,471.2742,-4.3343,172.5067,0.2510,3.8000,-0.4500,355.5497,181.5748,5.8578,0.0000,0.0000,0.0000
62.575,471.0671,-4.2609,172.3306,0.2510,3.8000,-0.4500,355.3909,181.5581,6.0527,0.0000,0.0000,0.0000
62.686,470.8957,-4.1983,172.1783,0.2510,3.8000,-0.4500,355.2206,181.5397,6.2464,0.0000,0.0000,0.0000
62.798,470.6904,-4.1234,171.9898,0.2510,3.8000,-0.4500,355.1098,181.5274,6.3670,0.0000,0.0000,0.0000
62.911,470.4864,-4.0478,171.7971,0.2510,3.8000,-0.4500,354.9952,181.5145,6.4846,0.0000,0.0000,0.0000
63.020,470.3172,-3.9843,171.6343,0.2510,3.8000,-0.4500,354.8753,181.5007,6.6013,0.0000,0.0000,0.0000
63.131,470.1148,-3.9077,171.4364,0.2510,3.8000,-0.4500,354.7553,181.4866,6.7131,0.0000,0.0000,0.0000
63.242,469.9471,-3.8436,171.2700,0.2510,3.8000,-0.4500,354.6346,181.4722,6.8208,0.0000,0.0000,0.0000
63.353,469.7459,-3.7670,171.0678,0.2510,3.8000,-0.4500,354.5747,181.4650,6.8727,0.0000,0.0000,0.0000
63.464,469.5787,-3.7027,170.8981,0.2510,3.8000,-0.4500,354.5142,181.4577,6.9240,0.0000,0.0000,0.0000
63.576,469.3789,-3.6251,170.6935,0.2510,3.8000,-0.4500,354.3864,181.4419,7.0299,0.0000,0.0000,0.0000
63.686,469.2121,-3.5607,170.5214,0.2510,3.8000,-0.4500,354.3864,181.4419,7.0299,0.0000,0.0000,0.0000
63.798,469.0132,-3.4824,170.3149,0.2510,3.8000,-0.4500,354.2589,181.4260,7.1349,0.0000,0.0000,0.0000
63.909,468.8473,-3.4174,170.1412,0.2510,3.8000,-0.4500,354.2589,181.4260,7.1349,0.0000,0.0000,0.0000
64.020,468.6485,-3.3389,169.9321,0.2510,3.8000,-0.4500,354.2589,181.4260,7.1349,0.0000,0.0000,0.0000
64.131,468.4503,-3.2595,169.7236,0.2510,3.8000,-0.4500,354.1981,181.4183,7.1888,0.0000,0.0000,0.0000
64.242,468.2851,-3.1932,169.5493,0.2510,3.8000,-0.4500,354.1981,181.4183,7.1888,0.0000,0.0000,0.0000
64.353,468.0870,-3.1130,169.3400,0.2510,3.8000,-0.4500,354.1981,181.4183,7.1888,0.0000,0.0000,0.0000
64.464,467.9206,-3.0576,169.1644,0.2510,3.8000,-0.4500,354.1981,181.4183,7.1888,0.0000,0.0000,0.0000
64.590,467.6917,-3.1419,168.9397,0.2510,3.8000,-0.4500,354.0710,181.4030,6.2503,0.0000,0.0000,0.0000
64.700,467.4306,-3.2799,168.7205,0.2510,3.8000,-0.4500,353.9759,181.3947,2.6343,0.0000,0.0000,0.0000
64.812,467.1530,-3.5447,168.5170,0.2510,3.8000,-0.4500,354.0038,181.3935,357.7566,0.0000,0.0000,0.0000
64.922,466.9355,-3.8001,168.3575,0.2510,3.8000,-0.4500,354.1021,181.3869,354.8893,0.0000,0.0000,0.0000
65.033,466.6898,-4.0792,168.1609,0.2510,3.8000,-0.4500,354.2194,181.3744,353.1482,0.0000,0.0000,0.0000
65.144,466.4914,-4.2955,167.9840,0.2510,3.8000,-0.4500,354.3123,181.3626,352.5305,0.0000,0.0000,0.0000
65.255,466.2568,-4.5369,167.7584,0.2510,3.8000,-0.4500,354.3123,181.3626,352.5305,0.0000,0.0000,0.0000
65.366,466.0605,-4.7330,167.5626,0.2510,3.8000,-0.4500,354.3123,181.3626,352.5305,0.0000,0.0000,0.0000
65.477,465.8242,-4.9609,167.3227,0.2510,3.8000,-0.4500,354.3123,181.3626,352.5305,0.0000,0.0000,0.0000
65.588,465.6267,-5.1440,167.1206,0.2510,3.8000,-0.4500,354.3123,181.3626,352.5305,0.0000,0.0000,0.0000
65.698,465.3891,-5.3545,166.8764,0.2510,3.8000,-0.4500,354.4693,181.3419,352.5781,0.0000,0.0000,0.0000
65.810,465.1905,-5.5213,166.6732,0.2510,3.8000,-0.4500,354.6994,181.3120,352.6743,0.0000,0.0000,0.0000
65.921,464.9518,-5.7130,166.4314,0.2510,3.8000,-0.4500,354.9832,181.2758,352.8511,0.0000,0.0000,0.0000
66.033,464.7124,-5.8916,166.1922,0.2510,3.8000,-0.4500,355.3734,181.2278,353.1850,0.0000,0.0000,0.0000
66.144,464.5117,-6.0362,165.9972,0.2510,3.8000,-0.4500,355.5464,181.2073,353.3600,0.0000,0.0000,0.0000
66.255,464.2704,-6.1946,165.7669,0.2510,3.8000,-0.4500,355.8975,181.1676,353.7662,0.0000,0.0000,0.0000
66.367,464.0684,-6.3175,165.5796,0.2510,3.8000,-0.4500,356.1821,181.1373,354.1186,0.0000,0.0000,0.0000
66.477,463.8248,-6.4529,165.3610,0.2510,3.8000,-0.4500,356.5157,181.1041,354.5499,0.0000,0.0000,0.0000
66.590,463.6208,-6.5544,165.1842,0.2510,3.8000,-0.4500,356.7977,181.0781,354.9234,0.0000,0.0000,0.0000
66.699,463.3752,-6.6620,164.9786,0.2510,3.8000,-0.4500,357.1493,181.0483,355.3953,0.0000,0.0000,0.0000
66.811,463.1287,-6.7525,164.7801,0.2510,3.8000,-0.4500,357.5196,181.0201,355.8954,0.0000,0.0000,0.0000
66.922,462.9229,-6.8145,164.6200,0.2510,3.8000,-0.4500,357.8431,180.9981,356.3336,0.0000,0.0000,0.0000
67.033,462.6756,-6.8719,164.4345,0.2510,3.8000,-0.4500,358.2492,180.9740,356.8840,0.0000,0.0000,0.0000
67.145,462.4697,-6.9052,164.2859,0.2510,3.8000,-0.4500,358.6014,180.9563,357.3612,0.0000,0.0000,0.0000
67.255,462.2230,-6.9271,164.1143,0.2510,3.8000,-0.4500,359.0397,180.9384,357.9537,0.0000,0.0000,0.0000
67.365,462.0179,-6.9301,163.9759,0.2510,3.8000,-0.4500,359.4161,180.9266,358.4616,0.0000,0.0000,0.0000
67.478,461.7732,-6.9149,163.8143,0.2510,3.8000,-0.4500,359.8794,180.9167,359.0848,0.0000,0.0000,0.0000
67.588,461.5705,-6.8866,163.6820,0.2510,3.8000,-0.4500,0.2730,180.9122,359.6129,0.0000,0.0000,0.0000
67.701,461.3297,-6.8338,163.5247,0.2510,3.8000,-0.4500,0.7516,180.9116,0.2529,0.0000,0.0000,0.0000
67.810,461.1312,-6.7745,163.3932,0.2510,3.8000,-0.4500,1.1532,180.9153,0.7885,0.0000,0.0000,0.0000
67.921,460.8961,-6.6850,163.2333,0.2510,3.8000,-0.4500,1.6353,180.9246,1.4298,0.0000,0.0000,0.0000
68.032,460.6649,-6.5766,163.0686,0.2510,3.8000,-0.4500,2.1143,180.9392,2.0651,0.0000,0.0000,0.0000
68.144,460.4756,-6.4722,162.9257,0.2510,3.8000,-0.4500,2.5082,180.9552,2.5861,0.0000,0.0000,0.0000
68.256,460.2529,-6.3312,162.7463,0.2510,3.8000,-0.4500,2.9717,180.9787,3.1977,0.0000,0.0000,0.0000
68.366,460.0712,-6.2012,162.5892,0.2510,3.8000,-0.4500,3.3479,181.0014,3.6927,0.0000,0.0000,0.0000
68.477,459.8578,-6.0313,162.3909,0.2510,3.8000,-0.4500,3.7850,181.0318,4.2659,0.0000,0.0000,0.0000
68.588,459.6840,-5.8793,162.2172,0.2510,3.8000,-0.4500,4.1354,181.0594,4.7236,0.0000,0.0000,0.0000
68.699,459.4800,-5.6847,162.0010,0.2510,3.8000,-0.4500,4.5375,181.0946,5.2460,0.0000,0.0000,0.0000
68.811,459.2795,-5.4771,161.7932,0.2510,3.8000,-0.4500,4.9187,181.1314,5.7371,0.0000,0.0000,0.0000
68.921,459.1157,-5.2914,161.6707,0.2510,3.8000,-0.4500,5.2204,181.1629,6.1219,0.0000,0.0000,0.0000
69.034,458.9249,-5.0463,161.6396,0.2510,3.8000,-0.4500,5.5677,181.2016,6.5580,0.0000,0.0000,0.0000
69.158,458.7406,-4.7797,161.6840,0.2510,3.8000,-0.4500,5.9011,181.2414,6.9685,0.0000,0.0000,0.0000
69.269,458.5911,-4.5462,161.7568,0.2510,3.8000,-0.4500,6.1132,181.2679,7.2265,0.0000,0.0000,0.0000
69.380,458.4171,-4.2515,161.8700,0.2510,3.8000,-0.4500,6.3843,181.3033,7.5537,0.0000,0.0000,0.0000
69.491,458.2467,-3.9478,162.0023,0.2510,3.8000,-0.4500,6.5449,181.3250,7.7476,0.0000,0.0000,0.0000
69.602,458.1076,-3.6889,162.1217,0.2510,3.8000,-0.4500,6.6523,181.3398,7.8777,0.0000,0.0000,0.0000
69.714,457.9441,-3.3706,162.2713,0.2510,3.8000,-0.4500,6.8112,181.3623,8.0719,0.0000,0.0000,0.0000
69.824,457.8069,-3.1108,162.3328,0.2510,3.8000,-0.4500,6.8112,181.3623,8.0719,0.0000,0.0000,0.0000
69.936,457.6421,-2.8136,162.2503,0.2510,3.8000,-0.4500,6.9162,181.3774,8.2030,0.0000,0.0000,0.0000
70.048,457.5030,-2.5798,162.1043,0.2510,3.8000,-0.4500,6.9162,181.3774,8.2030,0.0000,0.0000,0.0000
70.158,457.3354,-2.3084,161.8737,0.2510,3.8000,-0.4500,6.9162,181.3774,8.2030,0.0000,0.0000,0.0000
70.270,457.1951,-2.0889,161.6534,0.2510,3.8000,-0.4500,6.9162,181.3774,8.2030,0.0000,0.0000,0.0000
70.381,457.0263,-1.8311,161.3696,0.2510,3.8000,-0.4500,6.9162,181.3774,8.2030,0.0000,0.0000,0.0000
70.491,456.8565,-1.5793,161.0734,0.2510,3.8000,-0.4500,6.9162,181.3774,8.2030,0.0000,0.0000,0.0000
70.601,456.7140,-1.3743,160.8217,0.2510,3.8000,-0.4500,6.9162,181.3774,8.2030,0.0000,0.0000,0.0000
70.714,456.5416,-1.1333,160.5164,0.2510,3.8000,-0.4500,6.9162,181.3774,8.2030,0.0000,0.0000,0.0000
70.826,456.3966,-0.9379,160.2613,0.2510,3.8000,-0.4500,6.9162,181.3774,8.2030,0.0000,0.0000,0.0000
70.935,456.2209,-0.7097,159.9554,0.2510,3.8000,-0.4500,6.9162,181.3774,8.2030,0.0000,0.0000,0.0000
71.047,456.0699,-0.5309,159.7025,0.2510,3.8000,-0.4500,6.8610,181.3695,7.9333,0.0000,0.0000,0.0000
71.157,455.8828,-0.3277,159.4049,0.2510,3.8000,-0.4500,6.7107,181.3492,7.3981,0.0000,0.0000,0.0000
71.269,455.7235,-0.1651,159.1637,0.2510,3.8000,-0.4500,6.5628,181.3304,6.9974,0.0000,0.0000,0.0000
71.380,455.5288,0.0228,158.8843,0.2510,3.8000,-0.4500,6.3893,181.3096,6.5990,0.0000,0.0000,0.0000
71.491,455.3278,0.1984,158.6242,0.2510,3.8000,-0.4500,6.1610,181.2840,6.1111,0.0000,0.0000,0.0000
71.601,455.1559,0.3358,158.4246,0.2510,3.8000,-0.4500,5.9598,181.2631,5.6990,0.0000,0.0000,0.0000
71.713,454.9438,0.4898,158.2049,0.2510,3.8000,-0.4500,5.7034,181.2385,5.1880,0.0000,0.0000,0.0000
71.824,454.7624,0.6072,158.0375,0.2510,3.8000,-0.4500,5.4761,181.2187,4.7435,0.0000,0.0000,0.0000
71.937,454.5392,0.7349,157.8542,0.2510,3.8000,-0.4500,5.1869,181.1960,4.1857,0.0000,0.0000,0.0000
72.046,454.3488,0.8288,157.7156,0.2510,3.8000,-0.4500,4.9330,181.1785,3.7009,0.0000,0.0000,0.0000
72.157,454.1151,0.9264,157.5659,0.2510,3.8000,-0.4500,4.6147,181.1595,3.0972,0.0000,0.0000,0.0000
72.268,453.9160,0.9941,157.4547,0.2510,3.8000,-0.4500,4.3393,181.1458,2.5775,0.0000,0.0000,0.0000
72.380,453.6722,1.0589,157.3372,0.2510,3.8000,-0.4500,3.9994,181.1324,1.9374,0.0000,0.0000,0.0000
72.490,453.4654,1.0985,157.2518,0.2510,3.8000,-0.4500,3.7100,181.1239,1.3924,0.0000,0.0000,0.0000
72.601,453.2130,1.1284,157.1633,0.2510,3.8000,-0.4500,3.3586,181.1174,0.7286,0.0000,0.0000,0.0000
72.713,452.9568,1.1390,157.0876,0.2510,3.8000,-0.4500,3.0060,181.1150,0.0582,0.0000,0.0000,0.0000
72.823,452.7408,1.1329,157.0316,0.2510,3.8000,-0.4500,2.7144,181.1161,359.4979,0.0000,0.0000,0.0000
72.934,452.4797,1.1080,156.9679,0.2510,3.8000,-0.4500,2.3712,181.1211,358.8280,0.0000,0.0000,0.0000
73.045,452.2611,1.0728,156.9125,0.2510,3.8000,-0.4500,2.0942,181.1281,358.2753,0.0000,0.0000,0.0000
73.156,451.9986,1.0138,156.8392,0.2510,3.8000,-0.4500,1.7777,181.1395,357.6237,0.0000,0.0000,0.0000
73.268,451.7799,0.9515,156.7708,0.2510,3.8000,-0.4500,1.5302,181.1509,357.0936,0.0000,0.0000,0.0000
73.379,451.5181,0.8621,156.6788,0.2510,3.8000,-0.4500,1.2563,181.1662,356.4776,0.0000,0.0000,0.0000
73.490,451.3007,0.7761,156.5931,0.2510,3.8000,-0.4500,1.0493,181.1799,355.9837,0.0000,0.0000,0.0000
73.601,451.0409,0.6608,156.4789,0.2510,3.8000,-0.4500,0.8287,181.1965,355.4181,0.0000,0.0000,0.0000
73.726,450.7826,0.5333,156.3523,0.2510,3.8000,-0.4500,0.6401,181.2124,354.8857,0.0000,0.0000,0.0000
73.838,450.5262,0.3970,156.2129,0.2510,3.8000,-0.4500,0.5082,181.2247,354.4700,0.0000,0.0000,0.0000
73.948,450.3136,0.2762,156.0879,0.2510,3.8000,-0.4500,0.4190,181.2336,354.1465,0.0000,0.0000,0.0000
74.060,450.0600,0.1250,155.9258,0.2510,3.8000,-0.4500,0.3429,181.2416,353.8246,0.0000,0.0000,0.0000
74.170,449.8074,-0.0352,155.7482,0.2510,3.8000,-0.4500,0.2714,181.2496,353.4074,0.0000,0.0000,0.0000
74.282,449.5997,-0.1661,155.5879,0.2510,3.8000,-0.4500,0.2714,181.2496,353.4074,0.0000,0.0000,0.0000
74.393,449.3494,-0.3352,155.3846,0.2510,3.8000,-0.4500,0.2417,181.2531,352.9858,0.0000,0.0000,0.0000
74.504,449.1431,-0.4717,155.2065,0.2510,3.8000,-0.4500,0.2417,181.2531,352.9858,0.0000,0.0000,0.0000
74.615,448.8950,-0.6395,154.9860,0.2510,3.8000,-0.4500,0.2604,181.2508,352.8202,0.0000,0.0000,0.0000
74.726,448.6893,-0.7775,154.7976,0.2510,3.8000,-0.4500,0.2604,181.2508,352.8202,0.0000,0.0000,0.0000
74.837,448.4425,-0.9430,154.5671,0.2510,3.8000,-0.4500,0.2604,181.2508,352.8202,0.0000,0.0000,0.0000
74.948,448.2355,-1.0853,154.3714,0.2510,3.8000,-0.4500,0.3852,181.2347,352.5204,0.0000,0.0000,0.0000
75.062,447.9893,-1.2507,154.1334,0.2510,3.8000,-0.4500,0.3852,181.2347,352.5204,0.0000,0.0000,0.0000
75.170,447.7421,-1.4208,153.8907,0.2510,3.8000,-0.4500,0.5709,181.2099,352.2451,0.0000,0.0000,0.0000
75.282,447.5370,-1.5623,153.6859,0.2510,3.8000,-0.4500,0.6703,181.1962,352.1115,0.0000,0.0000,0.0000
75.392,447.2915,-1.7349,153.4358,0.2510,3.8000,-0.4500,0.8208,181.1751,351.9145,0.0000,0.0000,0.0000
75.504,447.0869,-1.8821,153.2232,0.2510,3.8000,-0.4500,1.0255,181.1456,351.6519,0.0000,0.0000,0.0000
75.614,446.8423,-2.0608,152.9634,0.2510,3.8000,-0.4500,1.2317,181.1148,351.3866,0.0000,0.0000,0.0000
75.726,446.6399,-2.2113,152.7431,0.2510,3.8000,-0.4500,1.3318,181.0995,351.2569,0.0000,0.0000,0.0000
75.837,446.3963,-2.3981,152.4723,0.2510,3.8000,-0.4500,1.6360,181.0516,350.8567,0.0000,0.0000,0.0000
75.948,446.1952,-2.5542,152.2428,0.2510,3.8000,-0.4500,1.7377,181.0351,350.7214,0.0000,0.0000,0.0000
76.060,445.9541,-2.7459,151.9613,0.2510,3.8000,-0.4500,1.9414,181.0013,350.4499,0.0000,0.0000,0.0000
76.172,445.7136,-2.9423,151.6730,0.2510,3.8000,-0.4500,2.1973,180.9575,350.1097,0.0000,0.0000,0.0000
76.283,445.5147,-3.1062,151.4286,0.2510,3.8000,-0.4500,2.2952,180.9403,349.9807,0.0000,0.0000,0.0000
76.391,445.2764,-3.3074,151.1289,0.2510,3.8000,-0.4500,2.4959,180.9043,349.7193,0.0000,0.0000,0.0000
76.504,445.0782,-3.4778,150.8745,0.2510,3.8000,-0.4500,2.7017,180.8665,349.4585,0.0000,0.0000,0.0000
76.615,444.8423,-3.6820,150.5645,0.2510,3.8000,-0.4500,2.8039,180.8473,349.3325,0.0000,0.0000,0.0000
76.726,444.6458,-3.8552,150.3018,0.2510,3.8000,-0.4500,2.9631,180.8170,349.1422,0.0000,0.0000,0.0000
76.836,444.4110,-4.0631,149.9823,0.2510,3.8000,-0.4500,3.0692,180.7965,349.0188,0.0000,0.0000,0.0000
76.948,444.2151,-4.2393,149.7119,0.2510,3.8000,-0.4500,3.2955,180.7520,348.7734,0.0000,0.0000,0.0000
77.061,443.9818,-4.4482,149.3851,0.2510,3.8000,-0.4500,3.2955,180.7520,348.7734,0.0000,0.0000,0.0000
77.170,443.7478,-4.6604,149.0532,0.2510,3.8000,-0.4500,3.5370,180.7035,348.5432,0.0000,0.0000,0.0000
77.281,443.5539,-4.8350,148.7751,0.2510,3.8000,-0.4500,3.5370,180.7035,348.5432,0.0000,0.0000,0.0000
77.392,443.3208,-5.0456,148.4381,0.2510,3.8000,-0.4500,3.6651,180.6774,348.4444,0.0000,0.0000,0.0000
77.504,443.1270,-5.2198,148.1561,0.2510,3.8000,-0.4500,3.6651,180.6774,348.4444,0.0000,0.0000,0.0000
77.617,442.8937,-5.4278,147.8150,0.2510,3.8000,-0.4500,3.8021,180.6492,348.3625,0.0000,0.0000,0.0000
77.726,442.6998,-5.5997,147.5301,0.2510,3.8000,-0.4500,3.8021,180.6492,348.3625,0.0000,0.0000,0.0000
77.837,442.4664,-5.7919,147.4200,0.2510,3.8000,-0.4500,3.8777,180.6336,348.3393,0.0000,0.0000,0.0000
77.948,442.2735,-5.9259,147.6141,0.2510,3.8000,-0.4500,4.1096,180.5855,348.2829,0.0000,0.0000,0.0000
78.059,442.0435,-6.0583,148.0767,0.2510,3.8000,-0.4500,4.3572,180.5339,348.2530,0.0000,0.0000,0.0000
78.171,441.8124,-6.1676,148.6682,0.2510,3.8000,-0.4500,4.6027,180.4827,348.2309,0.0000,0.0000,0.0000
78.295,441.5789,-6.2588,149.3099,0.2510,3.8000,-0.4500,5.0179,180.3958,348.2148,0.0000,0.0000,0.0000
78.406,441.3826,-6.3261,149.8575,0.2510,3.8000,-0.4500,5.2615,180.3447,348.2111,0.0000,0.0000,0.0000
78.517,441.1448,-6.3975,150.5156,0.2510,3.8000,-0.4500,5.5884,180.2762,348.2136,0.0000,0.0000,0.0000
78.629,440.9459,-6.4502,151.0764,0.2510,3.8000,-0.4500,5.8244,180.2268,348.2213,0.0000,0.0000,0.0000
78.740,440.7051,-6.5054,151.7423,0.2510,3.8000,-0.4500,6.0724,180.1748,348.2378,0.0000,0.0000,0.0000
78.850,440.5004,-6.5536,152.2225,0.2510,3.8000,-0.4500,6.2321,180.1414,348.2528,0.0000,0.0000,0.0000
78.962,440.2496,-6.6194,152.6914,0.2510,3.8000,-0.4500,6.3889,180.1086,348.2758,0.0000,0.0000,0.0000
79.073,439.9948,-6.6898,153.0677,0.2510,3.8000,-0.4500,6.6215,180.0602,348.3380,0.0000,0.0000,0.0000
79.184,439.7838,-6.7668,153.1826,0.2510,3.8000,-0.4500,6.6939,180.0451,348.3651,0.0000,0.0000,0.0000
79.295,439.5347,-6.8807,153.1168,0.2510,3.8000,-0.4500,6.8292,180.0172,348.4509,0.0000,0.0000,0.0000
79.407,439.3292,-6.9870,152.9645,0.2510,3.8000,-0.4500,6.8857,180.0056,348.5117,0.0000,0.0000,0.0000
79.518,439.0839,-7.1170,152.7160,0.2510,3.8000,-0.4500,7.0407,179.9741,348.7059,0.0000,0.0000,0.0000
79.628,438.8803,-7.2236,152.4784,0.2510,3.8000,-0.4500,7.1629,179.9498,349.0055,0.0000,0.0000,0.0000
79.740,438.6355,-7.3502,152.1758,0.2510,3.8000,-0.4500,7.2271,179.9374,349.3265,0.0000,0.0000,0.0000
79.851,438.3896,-7.4729,151.8650,0.2510,3.8000,-0.4500,7.2417,179.9347,349.5832,0.0000,0.0000,0.0000
79.962,438.1845,-7.5665,151.6041,0.2510,3.8000,-0.4500,7.2425,179.9345,349.9994,0.0000,0.0000,0.0000
80.074,437.9361,-7.6775,151.2942,0.2510,3.8000,-0.4500,7.2297,179.9368,350.1739,0.0000,0.0000,0.0000
80.184,437.7292,-7.7587,151.0380,0.2510,3.8000,-0.4500,7.1909,179.9434,350.6158,0.0000,0.0000,0.0000
80.295,437.4784,-7.8533,150.7370,0.2510,3.8000,-0.4500,7.1661,179.9475,350.8605,0.0000,0.0000,0.0000
80.406,437.2696,-7.9217,150.4899,0.2510,3.8000,-0.4500,7.1194,179.9549,351.2875,0.0000,0.0000,0.0000
80.517,437.0177,-8.0010,150.1920,0.2510,3.8000,-0.4500,7.0926,179.9589,351.5374,0.0000,0.0000,0.0000
80.628,436.8089,-8.0573,149.9383,0.2510,3.8000,-0.4500,7.0481,179.9654,351.9821,0.0000,0.0000,0.0000
80.741,436.5577,-8.1213,149.6292,0.2510,3.8000,-0.4500,7.0160,179.9699,352.3233,0.0000,0.0000,0.0000
80.850,436.3492,-8.1662,149.3689,0.2510,3.8000,-0.4500,6.9803,179.9746,352.7482,0.0000,0.0000,0.0000
80.962,436.0984,-8.2156,149.0561,0.2510,3.8000,-0.4500,6.9553,179.9777,353.0852,0.0000,0.0000,0.0000
81.074,435.8479,-8.2549,148.7440,0.2510,3.8000,-0.4500,6.9285,179.9809,353.5143,0.0000,0.0000,0.0000
81.184,435.6391,-8.2811,148.4856,0.2510,3.8000,-0.4500,6.9125,179.9827,353.8607,0.0000,0.0000,0.0000
81.295,435.3882,-8.3056,148.1788,0.2510,3.8000,-0.4500,6.9006,179.9840,354.1997,0.0000,0.0000,0.0000
81.406,435.1799,-8.3165,147.9255,0.2510,3.8000,-0.4500,6.8948,179.9845,354.6252,0.0000,0.0000,0.0000
81.517,434.9287,-8.3259,147.6258,0.2510,3.8000,-0.4500,6.8951,179.9845,354.8730,0.0000,0.0000,0.0000
81.629,434.7208,-8.3224,147.3781,0.2510,3.8000,-0.4500,6.9066,179.9835,355.3154,0.0000,0.0000,0.0000
81.740,434.4704,-8.3113,147.0924,0.2510,3.8000,-0.4500,6.9261,179.9820,355.7322,0.0000,0.0000,0.0000
81.850,434.2603,-8.2952,146.8728,0.2510,3.8000,-0.4500,6.9461,179.9805,355.9819,0.0000,0.0000,0.0000
81.964,434.0074,-8.2630,146.6319,0.2510,3.8000,-0.4500,6.9910,179.9775,356.3984,0.0000,0.0000,0.0000
82.086,433.7531,-8.2212,146.4118,0.2510,3.8000,-0.4500,7.0418,179.9745,356.7242,0.0000,0.0000,0.0000
82.197,433.4984,-8.1679,146.2071,0.2510,3.8000,-0.4500,7.1143,179.9705,357.0679,0.0000,0.0000,0.0000
82.309,433.2864,-8.1151,146.0451,0.2510,3.8000,-0.4500,7.1934,179.9666,357.3945,0.0000,0.0000,0.0000
82.420,433.0315,-8.0450,145.8593,0.2510,3.8000,-0.4500,7.2701,179.9633,357.6449,0.0000,0.0000,0.0000
82.531,432.7781,-7.9629,145.6788,0.2510,3.8000,-0.4500,7.4043,179.9582,358.0453,0.0000,0.0000,0.0000
82.644,432.5665,-7.8908,145.5325,0.2510,3.8000,-0.4500,7.4666,179.9562,358.2028,0.0000,0.0000,0.0000
82.756,432.3147,-7.7948,145.3526,0.2510,3.8000,-0.4500,7.5969,179.9524,358.5159,0.0000,0.0000,0.0000
82.878,432.0649,-7.6918,145.1631,0.2510,3.8000,-0.4500,7.7436,179.9490,358.8302,0.0000,0.0000,0.0000
82.990,431.8583,-7.6022,144.9978,0.2510,3.8000,-0.4500,7.8512,179.9470,359.0520,0.0000,0.0000,0.0000
83.100,431.6118,-7.4902,144.7924,0.2510,3.8000,-0.4500,7.9698,179.9452,359.2784,0.0000,0.0000,0.0000
83.212,431.3669,-7.3724,144.5809,0.2510,3.8000,-0.4500,8.0877,179.9439,359.4966,0.0000,0.0000,0.0000
83.323,431.1641,-7.2693,144.4028,0.2510,3.8000,-0.4500,8.2094,179.9431,359.7112,0.0000,0.0000,0.0000
83.435,430.9203,-7.1414,144.1966,0.2510,3.8000,-0.4500,8.2950,179.9428,359.8542,0.0000,0.0000,0.0000
83.545,430.7177,-7.0293,144.0315,0.2510,3.8000,-0.4500,8.3817,179.9427,-0.0051,0.0000,0.0000,0.0000
83.656,430.4754,-6.8862,143.8393,0.2510,3.8000,-0.4500,8.5651,179.9431,0.2680,0.0000,0.0000,0.0000
83.767,430.2723,-6.7678,143.6849,0.2510,3.8000,-0.4500,8.5651,179.9431,0.2680,0.0000,0.0000,0.0000
83.878,430.0304,-6.6163,143.5008,0.2510,3.8000,-0.4500,8.7178,179.9441,0.4680,0.0000,0.0000,0.0000
83.989,429.8288,-6.4892,143.3472,0.2510,3.8000,-0.4500,8.7714,179.9445,0.5307,0.0000,0.0000,0.0000
84.099,429.5885,-6.3360,143.1513,0.2510,3.8000,-0.4500,8.8256,179.9451,0.5934,0.0000,0.0000,0.0000
84.211,429.3503,-6.1810,142.9398,0.2510,3.8000,-0.4500,8.9377,179.9464,0.7114,0.0000,0.0000,0.0000
84.322,429.1525,-6.0534,142.7542,0.2510,3.8000,-0.4500,8.9970,179.9472,0.7653,0.0000,0.0000,0.0000
84.433,428.9161,-5.9008,142.5227,0.2510,3.8000,-0.4500,9.0562,179.9480,0.8163,0.0000,0.0000,0.0000
84.544,428.7195,-5.7756,142.3252,0.2510,3.8000,-0.4500,9.0562,179.9480,0.8163,0.0000,0.0000,0.0000
84.656,428.4837,-5.6259,142.0843,0.2510,3.8000,-0.4500,9.0562,179.9480,0.8163,0.0000,0.0000,0.0000
84.766,428.2873,-5.5023,141.8831,0.2510,3.8000,-0.4500,9.0562,179.9480,0.8163,0.0000,0.0000,0.0000
84.877,428.0511,-5.3547,141.6430,0.2510,3.8000,-0.4500,9.0562,179.9480,0.8163,0.0000,0.0000,0.0000
84.989,427.8539,-5.2332,141.4443,0.2510,3.8000,-0.4500,9.0562,179.9480,0.8163,0.0000,0.0000,0.0000
85.100,427.6172,-5.0904,141.2031,0.2510,3.8000,-0.4500,9.0561,179.9480,0.8163,0.0000,0.0000,0.0000
85.212,427.3858,-4.9609,140.8821,0.2510,3.8000,-0.4500,9.1345,179.9491,0.7992,0.0000,0.0000,0.0000
85.322,427.1993,-4.8732,140.5172,0.2510,3.8000,-0.4500,9.1345,179.9491,0.7992,0.0000,0.0000,0.0000
85.433,426.9808,-4.7917,139.9780,0.2510,3.8000,-0.4500,9.2633,179.9508,0.6880,0.0000,0.0000,0.0000
85.544,426.8020,-4.7399,139.4684,0.2510,3.8000,-0.4500,9.3228,179.9515,0.6297,0.0000,0.0000,0.0000
85.657,426.5888,-4.6947,138.8096,0.2510,3.8000,-0.4500,9.4298,179.9525,0.4148,0.0000,0.0000,0.0000
85.766,426.4120,-4.6674,138.2355,0.2510,3.8000,-0.4500,9.4633,179.9527,0.2464,0.0000,0.0000,0.0000
85.876,426.1992,-4.6460,137.5284,0.2510,3.8000,-0.4500,9.4943,179.9528,359.9161,0.0000,0.0000,0.0000
85.988,426.0226,-4.6330,136.9299,0.2510,3.8000,-0.4500,9.4807,179.9528,359.7547,0.0000,0.0000,0.0000
86.099,425.8087,-4.6285,136.2066,0.2510,3.8000,-0.4500,9.4067,179.9534,359.3430,0.0000,0.0000,0.0000
86.210,425.6306,-4.6279,135.6003,0.2510,3.8000,-0.4500,9.3406,179.9544,359.1071,0.0000,0.0000,0.0000
86.322,425.4167,-4.6331,134.8672,0.2510,3.8000,-0.4500,9.2555,179.9559,358.8632,0.0000,0.0000,0.0000
86.434,425.2023,-4.6452,134.1280,0.2510,3.8000,-0.4500,9.1665,179.9579,358.6271,0.0000,0.0000,0.0000
86.545,425.0227,-4.6630,133.5093,0.2510,3.8000,-0.4500,9.0335,179.9615,358.3232,0.0000,0.0000,0.0000
86.654,424.8076,-4.6875,132.7634,0.2510,3.8000,-0.4500,8.9255,179.9649,358.0971,0.0000,0.0000,0.0000
86.765,424.6273,-4.7155,132.1415,0.2510,3.8000,-0.4500,8.7654,179.9707,357.7922,0.0000,0.0000,0.0000
86.877,424.4113,-4.7513,131.3937,0.2510,3.8000,-0.4500,8.6442,179.9757,357.5769,0.0000,0.0000,0.0000
86.988,424.2307,-4.7862,130.7708,0.2510,3.8000,-0.4500,8.5178,179.9813,357.3660,0.0000,0.0000,0.0000
87.100,424.0139,-4.8323,130.0236,0.2510,3.8000,-0.4500,8.3840,179.9878,357.1585,0.0000,0.0000,0.0000
87.210,423.8324,-4.8768,129.4023,0.2510,3.8000,-0.4500,8.1910,179.9980,356.8836,0.0000,0.0000,0.0000
87.324,423.6158,-4.9286,128.6556,0.2510,3.8000,-0.4500,8.1437,180.0006,356.8183,0.0000,0.0000,0.0000
87.447,423.3974,-4.9905,127.9130,0.2510,3.8000,-0.4500,7.8795,180.0162,356.4932,0.0000,0.0000,0.0000
87.557,423.1801,-5.0502,127.1702,0.2510,3.8000,-0.4500,7.8214,180.0198,356.4310,0.0000,0.0000,0.0000
87.669,422.9978,-5.1070,126.5545,0.2510,3.8000,-0.4500,7.5857,180.0351,356.1877,0.0000,0.0000,0.0000
87.782,422.7801,-5.1722,125.8147,0.2510,3.8000,-0.4500,7.5238,180.0393,356.1332,0.0000,0.0000,0.0000
87.891,422.5618,-5.2426,125.0773,0.2510,3.8000,-0.4500,7.3351,180.0525,355.9729,0.0000,0.0000,0.0000
88.001,422.3799,-5.3020,124.4634,0.2510,3.8000,-0.4500,7.2057,180.0618,355.8802,0.0000,0.0000,0.0000
88.114,422.1617,-5.3741,123.7272,0.2510,3.8000,-0.4500,7.0666,180.0720,355.7961,0.0000,0.0000,0.0000
88.224,421.9801,-5.4341,123.1139,0.2510,3.8000,-0.4500,6.9962,180.0772,355.7558,0.0000,0.0000,0.0000
88.337,421.7619,-5.5076,122.3789,0.2510,3.8000,-0.4500,6.8430,180.0887,355.6912,0.0000,0.0000,0.0000
88.448,421.5803,-5.5692,121.7658,0.2510,3.8000,-0.4500,6.6853,180.1008,355.6396,0.0000,0.0000,0.0000
88.557,421.3627,-5.6414,121.0270,0.2510,3.8000,-0.4500,6.6031,180.1071,355.6235,0.0000,0.0000,0.0000
88.668,421.1816,-5.7021,120.4102,0.2510,3.8000,-0.4500,6.4388,180.1198,355.5960,0.0000,0.0000,0.0000
88.779,420.9646,-5.7725,119.6677,0.2510,3.8000,-0.4500,6.3542,180.1264,355.5988,0.0000,0.0000,0.0000
88.891,420.7480,-5.8420,118.9252,0.2510,3.8000,-0.4500,6.1040,180.1457,355.6171,0.0000,0.0000,0.0000
89.001,420.5674,-5.8970,118.3044,0.2510,3.8000,-0.4500,6.1040,180.1457,355.6171,0.0000,0.0000,0.0000
89.113,420.3515,-5.9606,117.5606,0.2510,3.8000,-0.4500,5.8651,180.1639,355.6995,0.0000,0.0000,0.0000
89.224,420.1720,-6.0104,116.9406,0.2510,3.8000,-0.4500,5.6469,180.1802,355.8163,0.0000,0.0000,0.0000
89.335,419.9566,-6.0665,116.1957,0.2510,3.8000,-0.4500,5.5126,180.1899,355.9207,0.0000,0.0000,0.0000
89.447,419.7775,-6.1096,115.5748,0.2510,3.8000,-0.4500,5.3866,180.1988,356.0337,0.0000,0.0000,0.0000
89.557,419.5631,-6.1565,114.8291,0.2510,3.8000,-0.4500,5.2130,180.2107,356.2164,0.0000,0.0000,0.0000
89.668,419.3851,-6.1907,114.2068,0.2510,3.8000,-0.4500,5.0618,180.2204,356.4325,0.0000,0.0000,0.0000
89.780,419.1717,-6.2272,113.4589,0.2510,3.8000,-0.4500,4.9285,180.2285,356.6507,0.0000,0.0000,0.0000
89.893,418.9588,-6.2577,112.7101,0.2510,3.8000,-0.4500,4.8130,180.2351,356.8767,0.0000,0.0000,0.0000
90.016,418.7476,-6.2795,111.9609,0.2510,3.8000,-0.4500,4.6536,180.2433,357.2737,0.0000,0.0000,0.0000
90.128,418.5715,-6.2938,111.3361,0.2510,3.8000,-0.4500,4.5770,180.2468,357.5114,0.0000,0.0000,0.0000
90.238,418.3612,-6.3041,110.5858,0.2510,3.8000,-0.4500,4.4886,180.2504,357.8393,0.0000,0.0000,0.0000
90.350,418.1871,-6.3065,109.9604,0.2510,3.8000,-0.4500,4.4137,180.2530,358.1695,0.0000,0.0000,0.0000
90.461,417.9787,-6.3033,109.2094,0.2510,3.8000,-0.4500,4.3546,180.2548,358.5112,0.0000,0.0000,0.0000
90.572,417.7710,-6.2943,108.4582,0.2510,3.8000,-0.4500,4.3166,180.2556,358.7627,0.0000,0.0000,0.0000
90.683,417.5997,-6.2782,107.8319,0.2510,3.8000,-0.4500,4.2766,180.2564,359.1310,0.0000,0.0000,0.0000
90.793,417.3961,-6.2505,107.0815,0.2510,3.8000,-0.4500,4.2321,180.2569,359.6548,0.0000,0.0000,0.0000
90.906,417.2255,-6.2256,106.4586,0.2510,3.8000,-0.4500,4.2237,180.2569,359.8266,0.0000,0.0000,0.0000
91.017,417.0243,-6.1831,105.7131,0.2510,3.8000,-0.4500,4.2075,180.2569,0.3451,0.0000,0.0000,0.0000
91.128,416.8567,-6.1444,105.0935,0.2510,3.8000,-0.4500,4.2071,180.2569,0.5980,0.0000,0.0000,0.0000
91.238,416.6580,-6.0886,104.3509,0.2510,3.8000,-0.4500,4.2143,180.2570,1.0178,0.0000,0.0000,0.0000
91.350,416.4931,-6.0379,103.7325,0.2510,3.8000,-0.4500,4.2246,180.2572,1.2705,0.0000,0.0000,0.0000
91.461,416.2975,-5.9689,102.9904,0.2510,3.8000,-0.4500,4.2435,180.2577,1.6129,0.0000,0.0000,0.0000
91.572,416.1045,-5.8905,102.2485,0.2510,3.8000,-0.4500,4.2799,180.2589,2.0615,0.0000,0.0000,0.0000
91.684,415.9433,-5.8200,101.6559,0.2510,3.8000,-0.4500,4.3040,180.2598,2.3191,0.0000,0.0000,0.0000
91.794,415.7474,-5.7202,101.0349,0.2510,3.8000,-0.4500,4.3604,180.2623,2.7386,0.0000,0.0000,0.0000
91.919,415.5463,-5.6045,100.5262,0.2510,3.8000,-0.4500,4.4273,180.2658,3.0687,0.0000,0.0000,0.0000
92.029,415.3770,-5.4926,100.1743,0.2510,3.8000,-0.4500,4.5535,180.2730,3.4758,0.0000,0.0000,0.0000
92.141,415.1702,-5.3482,99.8163,0.2510,3.8000,-0.4500,4.6531,180.2793,3.7077,0.0000,0.0000,0.0000
92.251,414.9649,-5.1847,99.5025,0.2510,3.8000,-0.4500,4.9072,180.2969,4.1790,0.0000,0.0000,0.0000
92.362,414.7939,-5.0408,99.2619,0.2510,3.8000,-0.4500,5.0841,180.3103,4.4592,0.0000,0.0000,0.0000
92.472,414.5896,-4.8592,98.9873,0.2510,3.8000,-0.4500,5.2781,180.3260,4.7294,0.0000,0.0000,0.0000
92.584,414.4222,-4.6981,98.7637,0.2510,3.8000,-0.4500,5.5406,180.3486,5.0688,0.0000,0.0000,0.0000
92.697,414.2212,-4.5023,98.4994,0.2510,3.8000,-0.4500,5.6418,180.3577,5.1949,0.0000,0.0000,0.0000
92.806,414.0576,-4.3279,98.2771,0.2510,3.8000,-0.4500,5.9301,180.3849,5.5364,0.0000,0.0000,0.0000
92.931,413.8303,-4.0799,97.9637,0.2510,3.8000,-0.4500,6.1496,180.4068,5.7915,0.0000,0.0000,0.0000
93.043,413.6701,-3.8975,97.7361,0.2510,3.8000,-0.4500,6.3151,180.4240,5.9804,0.0000,0.0000,0.0000
93.155,413.4804,-3.6720,97.4586,0.2510,3.8000,-0.4500,6.5373,180.4479,6.2317,0.0000,0.0000,0.0000
93.265,413.3241,-3.4810,97.2236,0.2510,3.8000,-0.4500,6.7021,180.4663,6.4173,0.0000,0.0000,0.0000
93.376,413.1378,-3.2491,96.9377,0.2510,3.8000,-0.4500,6.8102,180.4787,6.5389,0.0000,0.0000,0.0000
93.489,412.9843,-3.0520,96.6960,0.2510,3.8000,-0.4500,6.9204,180.4915,6.6630,0.0000,0.0000,0.0000
93.598,412.8021,-2.8113,96.4036,0.2510,3.8000,-0.4500,7.0893,180.5117,6.8544,0.0000,0.0000,0.0000
93.709,412.6501,-2.6111,96.1601,0.2510,3.8000,-0.4500,7.0893,180.5117,6.8544,0.0000,0.0000,0.0000
93.820,412.4714,-2.3629,95.8644,0.2510,3.8000,-0.4500,7.3071,180.5386,7.1052,0.0000,0.0000,0.0000
93.931,412.2919,-2.1174,95.5686,0.2510,3.8000,-0.4500,7.3071,180.5386,7.1052,0.0000,0.0000,0.0000
94.043,412.1434,-1.9101,95.3209,0.2510,3.8000,-0.4500,7.3590,180.5451,7.1686,0.0000,0.0000,0.0000
94.155,411.9659,-1.6598,95.0226,0.2510,3.8000,-0.4500,7.4094,180.5515,7.2321,0.0000,0.0000,0.0000
94.264,411.8181,-1.4519,94.7734,0.2510,3.8000,-0.4500,7.4094,180.5515,7.2321,0.0000,0.0000,0.0000
94.374,411.6413,-1.2013,94.4737,0.2510,3.8000,-0.4500,7.4094,180.5515,7.2321,0.0000,0.0000,0.0000
94.486,411.4942,-0.9921,94.2236,0.2510,3.8000,-0.4500,7.4094,180.5515,7.2321,0.0000,0.0000,0.0000
94.597,411.3177,-0.7417,93.9233,0.2510,3.8000,-0.4500,7.4094,180.5515,7.2322,0.0000,0.0000,0.0000
94.708,411.1715,-0.5316,93.6716,0.2510,3.8000,-0.4500,7.4491,180.5566,7.3023,0.0000,0.0000,0.0000
94.818,410.9954,-0.2824,93.3689,0.2510,3.8000,-0.4500,7.4491,180.5566,7.3023,0.0000,0.0000,0.0000
94.929,410.8487,-0.0753,93.1161,0.2510,3.8000,-0.4500,7.4491,180.5566,7.3023,0.0000,0.0000,0.0000
95.042,410.6725,0.1716,92.8125,0.2510,3.8000,-0.4500,7.4491,180.5566,7.3023,0.0000,0.0000,0.0000
95.154,410.4962,0.4173,92.5089,0.2510,3.8000,-0.4500,7.4491,180.5566,7.3024,0.0000,0.0000,0.0000
95.265,410.3490,0.6201,92.2563,0.2510,3.8000,-0.4500,7.4491,180.5566,7.3024,0.0000,0.0000,0.0000
95.375,410.1722,0.8621,91.9537,0.2510,3.8000,-0.4500,7.4491,180.5566,7.3024,0.0000,0.0000,0.0000
95.485,410.0246,1.0618,91.7023,0.2510,3.8000,-0.4500,7.4491,180.5566,7.3024,0.0000,0.0000,0.0000
95.597,409.8480,1.2993,91.4022,0.2510,3.8000,-0.4500,7.3330,180.5415,7.4145,0.0000,0.0000,0.0000
95.708,409.7007,1.4945,91.1527,0.2510,3.8000,-0.4500,7.1948,180.5233,7.4992,0.0000,0.0000,0.0000
95.818,409.5236,1.7237,90.8545,0.2510,3.8000,-0.4500,6.8894,180.4825,7.6084,0.0000,0.0000,0.0000
95.930,409.3753,1.9114,90.6049,0.2510,3.8000,-0.4500,6.8097,180.4717,7.6189,0.0000,0.0000,0.0000
96.042,409.1966,2.1306,90.3069,0.2510,3.8000,-0.4500,6.5643,180.4386,7.6384,0.0000,0.0000,0.0000
96.154,409.0162,2.3422,90.0116,0.2510,3.8000,-0.4500,6.1245,180.3794,7.5947,0.0000,0.0000,0.0000
96.264,408.8647,2.5143,89.7666,0.2510,3.8000,-0.4500,5.8771,180.3464,7.5525,0.0000,0.0000,0.0000
96.376,408.6809,2.7129,89.4759,0.2510,3.8000,-0.4500,5.4595,180.2911,7.4345,0.0000,0.0000,0.0000
96.485,408.5258,2.8718,89.2370,0.2510,3.8000,-0.4500,5.0609,180.2394,7.2987,0.0000,0.0000,0.0000
96.596,408.3378,3.0555,88.9539,0.2510,3.8000,-0.4500,4.6804,180.1910,7.1460,0.0000,0.0000,0.0000
96.709,408.1789,3.2010,88.7224,0.2510,3.8000,-0.4500,4.2978,180.1434,6.9769,0.0000,0.0000,0.0000
96.820,407.9855,3.3664,88.4495,0.2510,3.8000,-0.4500,3.8430,180.0885,6.7605,0.0000,0.0000,0.0000
96.931,407.7893,3.5212,88.1822,0.2510,3.8000,-0.4500,3.3807,180.0345,6.5269,0.0000,0.0000,0.0000
97.043,407.6232,3.6410,87.9642,0.2510,3.8000,-0.4500,2.9819,179.9896,6.3170,0.0000,0.0000,0.0000
97.153,407.4209,3.7736,87.7087,0.2510,3.8000,-0.4500,2.4828,179.9355,6.0459,0.0000,0.0000,0.0000
97.263,407.2496,3.8736,87.5011,0.2510,3.8000,-0.4500,2.0479,179.8903,5.8035,0.0000,0.0000,0.0000
97.375,407.0407,3.9808,87.2586,0.2510,3.8000,-0.4500,1.5031,179.8364,5.4936,0.0000,0.0000,0.0000
97.488,406.8639,4.0586,87.0622,0.2510,3.8000,-0.4500,1.0298,179.7920,5.2197,0.0000,0.0000,0.0000
97.597,406.6483,4.1374,86.8334,0.2510,3.8000,-0.4500,0.4397,179.7399,4.8736,0.0000,0.0000,0.0000
97.709,406.4658,4.1906,86.6492,0.2510,3.8000,-0.4500,359.9299,179.6977,4.5715,0.0000,0.0000,0.0000
97.821,406.2432,4.2384,86.4375,0.2510,3.8000,-0.4500,359.2974,179.6493,4.1940,0.0000,0.0000,0.0000
97.930,406.0170,4.2683,86.2358,0.2510,3.8000,-0.4500,358.6434,179.6036,3.8020,0.0000,0.0000,0.0000
98.042,405.8258,4.2790,86.0747,0.2510,3.8000,-0.4500,358.0831,179.5679,3.4657,0.0000,0.0000,0.0000
98.155,405.5933,4.2742,85.8888,0.2510,3.8000,-0.4500,357.3946,179.5287,3.0531,0.0000,0.0000,0.0000
98.263,405.3972,4.2554,85.7394,0.2510,3.8000,-0.4500,356.8091,179.4992,2.7034,0.0000,0.0000,0.0000
98.389,405.1595,4.2147,85.5656,0.2510,3.8000,-0.4500,356.0963,179.4682,2.2795,0.0000,0.0000,0.0000
98.500,404.9194,4.1545,85.3968,0.2510,3.8000,-0.4500,355.3753,179.4421,1.8541,0.0000,0.0000,0.0000
98.610,404.6773,4.0747,85.2318,0.2510,3.8000,-0.4500,354.6509,179.4212,1.4306,0.0000,0.0000,0.0000
98.722,404.4744,3.9934,85.0962,0.2510,3.8000,-0.4500,354.0474,179.4079,1.0816,0.0000,0.0000,0.0000
98.833,404.2299,3.8792,84.9338,0.2510,3.8000,-0.4500,353.3278,179.3969,0.6708,0.0000,0.0000,0.0000
98.945,404.0255,3.7703,84.7978,0.2510,3.8000,-0.4500,352.7353,179.3916,0.3375,0.0000,0.0000,0.0000
99.056,403.7798,3.6242,84.6332,0.2510,3.8000,-0.4500,352.0368,179.3898,359.9516,0.0000,0.0000,0.0000
99.167,403.5748,3.4900,84.4946,0.2510,3.8000,-0.4500,351.4682,179.3919,359.6439,0.0000,0.0000,0.0000
99.280,403.3287,3.3152,84.3282,0.2510,3.8000,-0.4500,350.8052,179.3981,359.2942,0.0000,0.0000,0.0000
99.389,403.1235,3.1578,84.1914,0.2510,3.8000,-0.4500,350.2712,179.4061,359.0212,0.0000,0.0000,0.0000
99.500,402.8773,2.9564,84.0296,0.2510,3.8000,-0.4500,349.6534,179.4185,358.7178,0.0000,0.0000,0.0000
99.627,402.6313,2.7417,83.8685,0.2510,3.8000,-0.4500,349.0637,179.4334,358.4434,0.0000,0.0000,0.0000
99.738,402.3857,2.5158,83.7069,0.2510,3.8000,-0.4500,348.5045,179.4501,358.2003,0.0000,0.0000,0.0000
99.861,402.1406,2.2806,83.5436,0.2510,3.8000,-0.4500,347.9793,179.4679,357.9909,0.0000,0.0000,0.0000
99.972,401.8963,2.0368,83.3779,0.2510,3.8000,-0.4500,347.4904,179.4863,357.8169,0.0000,0.0000,0.0000
100.083,401.6936,1.8324,83.2357,0.2510,3.8000,-0.4500,347.3361,179.4924,357.7670,0.0000,0.0000,0.0000
100.195,401.4507,1.5783,83.0600,0.2510,3.8000,-0.4500,346.8933,179.5105,357.6523,0.0000,0.0000,0.0000
100.306,401.2491,1.3660,82.9077,0.2510,3.8000,-0.4500,346.6416,179.5213,357.5962,0.0000,0.0000,0.0000
100.417,401.0078,1.1092,82.7203,0.2510,3.8000,-0.4500,346.3812,179.5326,357.5633,0.0000,0.0000,0.0000
100.530,400.8073,0.8952,82.5609,0.2510,3.8000,-0.4500,346.2122,179.5400,357.5472,0.0000,0.0000,0.0000
100.638,400.5670,0.6373,82.3678,0.2510,3.8000,-0.4500,345.9669,179.5508,357.5560,0.0000,0.0000,0.0000
100.766,400.3270,0.3821,82.1730,0.2510,3.8000,-0.4500,345.8840,179.5545,357.5720,0.0000,0.0000,0.0000
100.875,400.0871,0.1275,81.9780,0.2510,3.8000,-0.4500,345.7199,179.5616,357.6093,0.0000,0.0000,0.0000
101.001,399.8478,-0.1230,81.7838,0.2510,3.8000,-0.4500,345.5749,179.5677,357.6821,0.0000,0.0000,0.0000
101.111,399.6086,-0.3698,81.5907,0.2510,3.8000,-0.4500,345.4428,179.5732,357.7774,0.0000,0.0000,0.0000
101.224,399.4097,-0.5704,81.4325,0.2510,3.8000,-0.4500,345.2802,179.5794,357.9591,0.0000,0.0000,0.0000
101.333,399.1703,-0.8058,81.2453,0.2510,3.8000,-0.4500,345.2088,179.5820,358.1060,0.0000,0.0000,0.0000
101.445,398.9706,-0.9968,81.0924,0.2510,3.8000,-0.4500,345.1496,179.5839,358.2620,0.0000,0.0000,0.0000
101.556,398.7321,-1.2146,80.9139,0.2510,3.8000,-0.4500,345.0929,179.5855,358.6844,0.0000,0.0000,0.0000
101.667,398.5321,-1.3916,80.7678,0.2510,3.8000,-0.4500,345.0998,179.5854,358.9291,0.0000,0.0000,0.0000
101.778,398.2931,-1.5907,80.5973,0.2510,3.8000,-0.4500,345.2021,179.5839,359.4307,0.0000,0.0000,0.0000
101.889,398.0925,-1.7525,80.4578,0.2510,3.8000,-0.4500,345.2788,179.5833,359.6708,0.0000,0.0000,0.0000
102.002,397.8530,-1.9317,80.2947,0.2510,3.8000,-0.4500,345.4897,179.5830,0.1651,0.0000,0.0000,0.0000
102.111,397.6132,-2.0999,80.1351,0.2510,3.8000,-0.4500,345.7303,179.5848,0.6283,0.0000,0.0000,0.0000
102.223,397.4135,-2.2309,80.0042,0.2510,3.8000,-0.4500,345.9483,179.5880,0.9929,0.0000,0.0000,0.0000
102.333,397.1744,-2.3756,79.8490,0.2510,3.8000,-0.4500,346.2322,179.5941,1.4180,0.0000,0.0000,0.0000
102.446,396.9759,-2.4860,79.7204,0.2510,3.8000,-0.4500,346.4880,179.6015,1.7676,0.0000,0.0000,0.0000
102.556,396.7387,-2.6052,79.5666,0.2510,3.8000,-0.4500,346.8173,179.6132,2.1830,0.0000,0.0000,0.0000
102.667,396.5421,-2.6939,79.4384,0.2510,3.8000,-0.4500,347.1089,179.6255,2.5245,0.0000,0.0000,0.0000
102.778,396.3079,-2.7869,79.2840,0.2510,3.8000,-0.4500,347.4778,179.6435,2.9265,0.0000,0.0000,0.0000
102.889,396.1139,-2.8538,79.1544,0.2510,3.8000,-0.4500,347.7993,179.6613,3.2521,0.0000,0.0000,0.0000
102.999,395.8829,-2.9211,78.9973,0.2510,3.8000,-0.4500,348.1997,179.6859,3.6289,0.0000,0.0000,0.0000
103.111,395.6541,-2.9750,78.8378,0.2510,3.8000,-0.4500,348.6135,179.7140,3.9870,0.0000,0.0000,0.0000
103.224,395.4650,-3.0099,78.7028,0.2510,3.8000,-0.4500,348.9669,179.7400,4.2689,0.0000,0.0000,0.0000
103.332,395.2400,-3.0401,78.5377,0.2510,3.8000,-0.4500,349.3987,179.7741,4.5851,0.0000,0.0000,0.0000
103.444,395.0542,-3.0561,78.3969,0.2510,3.8000,-0.4500,349.7636,179.8047,4.8283,0.0000,0.0000,0.0000
103.555,394.8334,-3.0648,78.2241,0.2510,3.8000,-0.4500,350.2059,179.8436,5.0944,0.0000,0.0000,0.0000
103.666,394.6507,-3.0638,78.0769,0.2510,3.8000,-0.4500,350.5764,179.8778,5.2937,0.0000,0.0000,0.0000
103.777,394.4331,-3.0544,77.8968,0.2510,3.8000,-0.4500,350.9672,179.9152,5.4779,0.0000,0.0000,0.0000
103.888,394.2534,-3.0384,77.7436,0.2510,3.8000,-0.4500,351.3624,179.9541,5.6435,0.0000,0.0000,0.0000
104.013,394.0033,-3.0071,77.5253,0.2510,3.8000,-0.4500,351.8366,180.0022,5.8107,0.0000,0.0000,0.0000
104.125,393.8258,-2.9784,77.3667,0.2510,3.8000,-0.4500,352.1575,180.0355,5.9067,0.0000,0.0000,0.0000
104.237,393.6143,-2.9359,77.1730,0.2510,3.8000,-0.4500,352.6451,180.0869,6.0244,0.0000,0.0000,0.0000
104.346,393.4387,-2.8963,77.0099,0.2510,3.8000,-0.4500,352.9701,180.1216,6.0865,0.0000,0.0000,0.0000
104.460,393.2287,-2.8435,76.8124,0.2510,3.8000,-0.4500,353.3064,180.1579,6.1370,0.0000,0.0000,0.0000
104.568,393.0547,-2.7931,76.6454,0.2510,3.8000,-0.4500,353.7453,180.2056,6.1879,0.0000,0.0000,0.0000
104.679,392.8465,-2.7285,76.4439,0.2510,3.8000,-0.4500,354.1557,180.2505,6.2245,0.0000,0.0000,0.0000
104.791,392.6387,-2.6587,76.2413,0.2510,3.8000,-0.4500,354.5085,180.2892,6.2465,0.0000,0.0000,0.0000
104.903,392.4663,-2.5945,76.0704,0.2510,3.8000,-0.4500,354.9446,180.3373,6.2722,0.0000,0.0000,0.0000
105.013,392.2600,-2.5136,75.8651,0.2510,3.8000,-0.4500,355.2754,180.3738,6.2942,0.0000,0.0000,0.0000
105.124,392.0891,-2.4395,75.6921,0.2510,3.8000,-0.4500,355.6994,180.4209,6.3315,0.0000,0.0000,0.0000
105.235,391.8846,-2.3464,75.4846,0.2510,3.8000,-0.4500,355.9482,180.4486,6.3628,0.0000,0.0000,0.0000
105.346,391.7158,-2.2599,75.3090,0.2510,3.8000,-0.4500,356.3987,180.4993,6.4462,0.0000,0.0000,0.0000
105.475,391.4818,-2.1286,75.0607,0.2510,3.8000,-0.4500,356.9812,180.5659,6.6001,0.0000,0.0000,0.0000
105.596,391.2828,-2.0083,74.8457,0.2510,3.8000,-0.4500,357.2849,180.6014,6.7070,0.0000,0.0000,0.0000
105.709,391.1196,-1.8978,74.6633,0.2510,3.8000,-0.4500,357.6849,180.6491,6.8857,0.0000,0.0000,0.0000
105.819,390.9263,-1.7558,74.4419,0.2510,3.8000,-0.4500,358.1573,180.7072,7.1265,0.0000,0.0000,0.0000
105.930,390.7674,-1.6295,74.2566,0.2510,3.8000,-0.4500,358.5268,180.7541,7.3368,0.0000,0.0000,0.0000
106.042,390.5795,-1.4686,74.0324,0.2510,3.8000,-0.4500,358.9510,180.8097,7.5989,0.0000,0.0000,0.0000
106.152,390.3949,-1.2971,73.8044,0.2510,3.8000,-0.4500,359.3634,180.8657,7.8696,0.0000,0.0000,0.0000
106.264,390.2432,-1.1478,73.6110,0.2510,3.8000,-0.4500,359.6420,180.9047,8.0588,0.0000,0.0000,0.0000
106.376,390.0652,-0.9573,73.3724,0.2510,3.8000,-0.4500,0.0701,180.9664,8.3537,0.0000,0.0000,0.0000
106.486,389.9196,-0.7915,73.1668,0.2510,3.8000,-0.4500,0.4143,181.0177,8.5914,0.0000,0.0000,0.0000
106.596,389.7478,-0.5860,72.9111,0.2510,3.8000,-0.4500,0.7611,181.0708,8.8283,0.0000,0.0000,0.0000
106.708,389.6079,-0.4071,72.6894,0.2510,3.8000,-0.4500,1.1025,181.1246,9.0569,0.0000,0.0000,0.0000
106.819,389.4417,-0.1891,72.4163,0.2510,3.8000,-0.4500,1.3266,181.1606,9.2003,0.0000,0.0000,0.0000
106.932,389.2802,0.0402,72.1327,0.2510,3.8000,-0.4500,1.7745,181.2343,9.4763,0.0000,0.0000,0.0000
107.040,389.1469,0.2329,71.8912,0.2510,3.8000,-0.4500,1.9862,181.2698,9.5974,0.0000,0.0000,0.0000
107.152,388.9895,0.4702,71.5942,0.2510,3.8000,-0.4500,2.2718,181.3186,9.7510,0.0000,0.0000,0.0000
107.263,388.8598,0.6712,71.3421,0.2510,3.8000,-0.4500,2.5080,181.3594,9.8605,0.0000,0.0000,0.0000
107.374,388.7062,0.9173,71.0335,0.2510,3.8000,-0.4500,2.8181,181.4138,9.9933,0.0000,0.0000,0.0000
107.485,388.5791,1.1246,70.7726,0.2510,3.8000,-0.4500,3.0571,181.4561,10.0724,0.0000,0.0000,0.0000
107.596,388.4275,1.3748,70.4550,0.2510,3.8000,-0.4500,3.2915,181.4980,10.1408,0.0000,0.0000,0.0000
107.708,388.3017,1.5857,70.1869,0.2510,3.8000,-0.4500,3.5404,181.5426,10.1819,0.0000,0.0000,0.0000
107.819,388.1507,1.8382,69.8625,0.2510,3.8000,-0.4500,3.7037,181.5721,10.2027,0.0000,0.0000,0.0000
107.944,387.9998,2.0935,69.5334,0.2510,3.8000,-0.4500,4.1254,181.6481,10.1908,0.0000,0.0000,0.0000
108.054,387.8481,2.3462,69.2040,0.2510,3.8000,-0.4500,4.2831,181.6765,10.1625,0.0000,0.0000,0.0000
108.166,387.7208,2.5566,68.9283,0.2510,3.8000,-0.4500,4.4417,181.7050,10.1253,0.0000,0.0000,0.0000
108.277,387.5659,2.8071,68.5957,0.2510,3.8000,-0.4500,4.8220,181.7726,9.9739,0.0000,0.0000,0.0000
108.388,387.4354,3.0140,68.3198,0.2510,3.8000,-0.4500,5.0301,181.8091,9.8474,0.0000,0.0000,0.0000
108.498,387.2762,3.2585,67.9901,0.2510,3.8000,-0.4500,5.2898,181.8539,9.6467,0.0000,0.0000,0.0000
108.610,387.1412,3.4601,67.7175,0.2510,3.8000,-0.4500,5.4689,181.8842,9.4822,0.0000,0.0000,0.0000
108.735,386.9470,3.7357,67.3403,0.2510,3.8000,-0.4500,5.7826,181.9359,9.1064,0.0000,0.0000,0.0000
108.846,386.8045,3.9271,67.0753,0.2510,3.8000,-0.4500,6.0076,181.9715,8.7661,0.0000,0.0000,0.0000
108.957,386.6306,4.1534,66.7636,0.2510,3.8000,-0.4500,6.1753,181.9970,8.4547,0.0000,0.0000,0.0000
109.068,386.4807,4.3351,66.5092,0.2510,3.8000,-0.4500,6.3688,182.0252,8.0499,0.0000,0.0000,0.0000
109.180,386.2962,4.5475,66.2123,0.2510,3.8000,-0.4500,6.5672,182.0527,7.5673,0.0000,0.0000,0.0000
109.291,386.1063,4.7522,65.9257,0.2510,3.8000,-0.4500,6.7399,182.0750,7.0760,0.0000,0.0000,0.0000
109.402,385.9438,4.9169,65.6954,0.2510,3.8000,-0.4500,6.8713,182.0909,6.6508,0.0000,0.0000,0.0000
109.514,385.7432,5.1061,65.4295,0.2510,3.8000,-0.4500,7.0186,182.1076,6.1162,0.0000,0.0000,0.0000
109.623,385.5715,5.2568,65.2172,0.2510,3.8000,-0.4500,7.1341,182.1196,5.6492,0.0000,0.0000,0.0000
109.736,385.3599,5.4284,64.9740,0.2510,3.8000,-0.4500,7.2650,182.1319,5.0634,0.0000,0.0000,0.0000
109.846,385.1788,5.5630,64.7812,0.2510,3.8000,-0.4500,7.3677,182.1407,4.5553,0.0000,0.0000,0.0000
109.957,384.9561,5.7148,64.5622,0.2510,3.8000,-0.4500,7.4833,182.1493,3.9235,0.0000,0.0000,0.0000
110.084,384.7272,5.8547,64.3568,0.2510,3.8000,-0.4500,7.5902,182.1561,3.2702,0.0000,0.0000,0.0000
110.193,384.4926,5.9827,64.1647,0.2510,3.8000,-0.4500,7.6881,182.1612,2.5984,0.0000,0.0000,0.0000
110.305,384.2926,6.0795,64.0144,0.2510,3.8000,-0.4500,7.7622,182.1642,2.0265,0.0000,0.0000,0.0000
110.415,384.0479,6.1839,63.8450,0.2510,3.8000,-0.4500,7.8414,182.1666,1.3291,0.0000,0.0000,0.0000
110.540,383.7982,6.2745,63.6861,0.2510,3.8000,-0.4500,7.9093,182.1677,0.6226,0.0000,0.0000,0.0000
110.650,383.5869,6.3394,63.5601,0.2510,3.8000,-0.4500,7.9563,182.1680,0.0297,0.0000,0.0000,0.0000
110.763,383.3298,6.4035,63.4140,0.2510,3.8000,-0.4500,7.9989,182.1678,359.3163,0.0000,0.0000,0.0000
110.874,383.0694,6.4523,63.2706,0.2510,3.8000,-0.4500,8.0179,182.1675,358.6045,0.0000,0.0000,0.0000
110.985,382.8505,6.4803,63.1505,0.2510,3.8000,-0.4500,8.0088,182.1678,358.0149,0.0000,0.0000,0.0000
111.095,382.5865,6.4982,63.0036,0.2510,3.8000,-0.4500,7.9645,182.1696,357.3156,0.0000,0.0000,0.0000
111.206,382.3657,6.5000,62.8773,0.2510,3.8000,-0.4500,7.8996,182.1730,356.7424,0.0000,0.0000,0.0000
111.319,382.1004,6.4862,62.7196,0.2510,3.8000,-0.4500,7.7904,182.1800,356.0695,0.0000,0.0000,0.0000
111.429,381.8794,6.4616,62.5822,0.2510,3.8000,-0.4500,7.6758,182.1885,355.5243,0.0000,0.0000,0.0000
111.540,381.6147,6.4165,62.4094,0.2510,3.8000,-0.4500,7.5132,182.2023,354.8917,0.0000,0.0000,0.0000
111.651,381.3513,6.3552,62.2271,0.2510,3.8000,-0.4500,7.3275,182.2201,354.2866,0.0000,0.0000,0.0000
111.763,381.1327,6.2921,62.0677,0.2510,3.8000,-0.4500,7.1575,182.2380,353.8054,0.0000,0.0000,0.0000
111.873,380.8722,6.2028,61.8673,0.2510,3.8000,-0.4500,6.9391,182.2629,353.2586,0.0000,0.0000,0.0000
111.985,380.6565,6.1176,61.6928,0.2510,3.8000,-0.4500,6.7470,182.2865,352.8300,0.0000,0.0000,0.0000
112.097,380.3994,6.0036,61.4745,0.2510,3.8000,-0.4500,6.5072,182.3179,352.3505,0.0000,0.0000,0.0000
112.207,380.1868,5.8992,61.2855,0.2510,3.8000,-0.4500,6.3014,182.3465,351.9808,0.0000,0.0000,0.0000
112.318,379.9339,5.7655,61.0501,0.2510,3.8000,-0.4500,6.0914,182.3769,351.6395,0.0000,0.0000,0.0000
112.429,379.7245,5.6472,60.8480,0.2510,3.8000,-0.4500,5.9415,182.3993,351.4267,0.0000,0.0000,0.0000
112.540,379.4747,5.4944,60.5999,0.2510,3.8000,-0.4500,5.6812,182.4396,351.0826,0.0000,0.0000,0.0000
112.651,379.2268,5.3332,60.3453,0.2510,3.8000,-0.4500,5.4105,182.4830,350.7749,0.0000,0.0000,0.0000
112.762,379.0217,5.1966,60.1276,0.2510,3.8000,-0.4500,5.2918,182.5025,350.6598,0.0000,0.0000,0.0000
112.874,378.7769,5.0255,59.8620,0.2510,3.8000,-0.4500,5.1091,182.5330,350.4928,0.0000,0.0000,0.0000
112.985,378.5737,4.8764,59.6386,0.2510,3.8000,-0.4500,4.8373,182.5791,350.2928,0.0000,0.0000,0.0000
113.096,378.3313,4.6975,59.3651,0.2510,3.8000,-0.4500,4.6986,182.6031,350.2069,0.0000,0.0000,0.0000
113.207,378.1301,4.5436,59.1356,0.2510,3.8000,-0.4500,4.4786,182.6414,350.0927,0.0000,0.0000,0.0000
113.318,377.8897,4.3564,58.8578,0.2510,3.8000,-0.4500,4.1796,182.6941,349.9814,0.0000,0.0000,0.0000
113.429,377.6901,4.2000,58.6240,0.2510,3.8000,-0.4500,4.0230,182.7219,349.9477,0.0000,0.0000,0.0000
113.540,377.4511,4.0108,58.3425,0.2510,3.8000,-0.4500,3.7802,182.7651,349.9179,0.0000,0.0000,0.0000
113.652,377.2125,3.8211,58.0595,0.2510,3.8000,-0.4500,3.6174,182.7941,349.9091,0.0000,0.0000,0.0000
113.762,377.0143,3.6620,57.8251,0.2510,3.8000,-0.4500,3.2835,182.8535,349.9379,0.0000,0.0000,0.0000
113.874,376.7768,3.4718,57.5439,0.2510,3.8000,-0.4500,2.9543,182.9118,350.0085,0.0000,0.0000,0.0000
113.999,376.5388,3.2831,57.2627,0.2510,3.8000,-0.4500,2.8000,182.9390,350.0510,0.0000,0.0000,0.0000
114.123,376.3016,3.0948,56.9850,0.2510,3.8000,-0.4500,2.4065,183.0076,350.2042,0.0000,0.0000,0.0000
114.235,376.0638,2.9081,56.7095,0.2510,3.8000,-0.4500,2.1125,183.0580,350.3441,0.0000,0.0000,0.0000
114.360,375.8260,2.7224,56.4375,0.2510,3.8000,-0.4500,1.8134,183.1085,350.5060,0.0000,0.0000,0.0000
114.471,375.5878,2.5378,56.1693,0.2510,3.8000,-0.4500,1.5255,183.1563,350.6705,0.0000,0.0000,0.0000
114.596,375.3495,2.3544,55.9063,0.2510,3.8000,-0.4500,1.1686,183.2142,350.8849,0.0000,0.0000,0.0000
114.706,375.1501,2.2013,55.6899,0.2510,3.8000,-0.4500,1.0200,183.2379,350.9738,0.0000,0.0000,0.0000
114.817,374.9112,2.0184,55.4358,0.2510,3.8000,-0.4500,0.6506,183.2959,351.1906,0.0000,0.0000,0.0000
114.928,374.7115,1.8651,55.2277,0.2510,3.8000,-0.4500,0.4289,183.3300,351.3113,0.0000,0.0000,0.0000
115.055,374.4320,1.6493,54.9425,0.2510,3.8000,-0.4500,0.0555,183.3865,351.4971,0.0000,0.0000,0.0000
115.165,374.2318,1.4933,54.7422,0.2510,3.8000,-0.4500,359.9053,183.4088,351.5620,0.0000,0.0000,0.0000
115.278,373.9922,1.3037,54.5072,0.2510,3.8000,-0.4500,359.5155,183.4661,351.7049,0.0000,0.0000,0.0000
115.386,373.7921,1.1430,54.3136,0.2510,3.8000,-0.4500,359.3538,183.4897,351.7451,0.0000,0.0000,0.0000
115.498,373.5523,0.9474,54.0851,0.2510,3.8000,-0.4500,359.0301,183.5364,351.8134,0.0000,0.0000,0.0000
115.609,373.3524,0.7818,53.8970,0.2510,3.8000,-0.4500,358.7807,183.5722,351.8531,0.0000,0.0000,0.0000
115.720,373.1126,0.5814,53.6734,0.2510,3.8000,-0.4500,358.4596,183.6181,351.9094,0.0000,0.0000,0.0000
115.830,372.8729,0.3811,53.4518,0.2510,3.8000,-0.4500,358.2168,183.6525,351.9713,0.0000,0.0000,0.0000
115.942,372.6734,0.2139,53.2694,0.2510,3.8000,-0.4500,357.8904,183.6982,352.0762,0.0000,0.0000,0.0000
116.053,372.4337,0.0153,53.0528,0.2510,3.8000,-0.4500,357.5760,183.7416,352.2211,0.0000,0.0000,0.0000
116.165,372.2337,-0.1489,52.8747,0.2510,3.8000,-0.4500,357.3529,183.7719,352.3405,0.0000,0.0000,0.0000
116.275,371.9940,-0.3419,52.6661,0.2510,3.8000,-0.4500,356.9394,183.8266,352.6274,0.0000,0.0000,0.0000
116.387,371.7933,-0.5006,52.4959,0.2510,3.8000,-0.4500,356.6914,183.8582,352.8344,0.0000,0.0000,0.0000
116.497,371.5521,-0.6865,52.2977,0.2510,3.8000,-0.4500,356.3943,183.8949,353.1279,0.0000,0.0000,0.0000
116.609,371.3504,-0.8381,52.1379,0.2510,3.8000,-0.4500,356.1625,183.9224,353.3898,0.0000,0.0000,0.0000
116.721,371.1080,-1.0146,51.9542,0.2510,3.8000,-0.4500,355.8387,183.9588,353.7955,0.0000,0.0000,0.0000
116.832,370.8643,-1.1852,51.7800,0.2510,3.8000,-0.4500,355.5503,183.9893,354.2039,0.0000,0.0000,0.0000
116.942,370.6603,-1.3239,51.6425,0.2510,3.8000,-0.4500,355.3650,184.0077,354.4968,0.0000,0.0000,0.0000
117.054,370.4151,-1.4828,51.4876,0.2510,3.8000,-0.4500,355.0943,184.0327,354.9587,0.0000,0.0000,0.0000
117.164,370.2100,-1.6104,51.3674,0.2510,3.8000,-0.4500,354.8839,184.0507,355.3497,0.0000,0.0000,0.0000
117.275,369.9630,-1.7567,51.2344,0.2510,3.8000,-0.4500,354.6470,184.0690,355.8283,0.0000,0.0000,0.0000
117.386,369.7565,-1.8731,51.1332,0.2510,3.8000,-0.4500,354.4605,184.0820,356.2377,0.0000,0.0000,0.0000
117.497,369.5081,-2.0052,51.0238,0.2510,3.8000,-0.4500,354.2482,184.0951,356.7431,0.0000,0.0000,0.0000
117.610,369.3006,-2.1092,50.9425,0.2510,3.8000,-0.4500,354.0808,184.1041,357.1758,0.0000,0.0000,0.0000
117.720,369.0511,-2.2260,50.8567,0.2510,3.8000,-0.4500,353.8916,184.1126,357.7080,0.0000,0.0000,0.0000
117.832,368.8015,-2.3335,50.7835,0.2510,3.8000,-0.4500,353.7159,184.1188,358.2527,0.0000,0.0000,0.0000
117.943,368.5933,-2.4161,50.7312,0.2510,3.8000,-0.4500,353.5800,184.1225,358.7151,0.0000,0.0000,0.0000
118.054,368.3438,-2.5058,50.6778,0.2510,3.8000,-0.4500,353.4305,184.1251,359.2785,0.0000,0.0000,0.0000
118.165,368.1363,-2.5729,50.6394,0.2510,3.8000,-0.4500,353.3174,184.1261,359.7536,0.0000,0.0000,0.0000
118.276,367.8885,-2.6431,50.5978,0.2510,3.8000,-0.4500,353.1959,184.1260,0.3288,0.0000,0.0000,0.0000
118.387,367.6834,-2.6930,50.5643,0.2510,3.8000,-0.4500,353.1067,184.1251,0.8106,0.0000,0.0000,0.0000
118.498,367.4391,-2.7417,50.5222,0.2510,3.8000,-0.4500,353.0141,184.1233,1.3903,0.0000,0.0000,0.0000
118.609,367.2376,-2.7729,50.4835,0.2510,3.8000,-0.4500,352.9489,184.1215,1.8725,0.0000,0.0000,0.0000
118.722,366.9987,-2.7987,50.4305,0.2510,3.8000,-0.4500,352.8845,184.1190,2.4484,0.0000,0.0000,0.0000
118.831,366.7633,-2.8116,50.3686,0.2510,3.8000,-0.4500,352.8347,184.1167,3.0187,0.0000,0.0000,0.0000
118.942,366.5701,-2.8126,50.3093,0.2510,3.8000,-0.4500,352.8034,184.1149,3.4881,0.0000,0.0000,0.0000
119.054,366.3419,-2.8021,50.2280,0.2510,3.8000,-0.4500,352.7772,184.1131,4.0422,0.0000,0.0000,0.0000
119.178,366.1180,-2.7792,50.1352,0.2510,3.8000,-0.4500,352.7621,184.1120,4.5842,0.0000,0.0000,0.0000
119.290,365.8984,-2.7443,50.0306,0.2510,3.8000,-0.4500,352.7570,184.1116,5.1120,0.0000,0.0000,0.0000
119.401,365.7188,-2.7062,49.9344,0.2510,3.8000,-0.4500,352.7592,184.1118,5.5394,0.0000,0.0000,0.0000
119.512,365.5068,-2.6514,49.8084,0.2510,3.8000,-0.4500,352.7676,184.1126,5.9683,0.0000,0.0000,0.0000
119.622,365.3342,-2.5961,49.6951,0.2510,3.8000,-0.4500,352.7806,184.1141,6.3959,0.0000,0.0000,0.0000
119.734,365.1297,-2.5230,49.5490,0.2510,3.8000,-0.4500,352.7951,184.1157,6.7388,0.0000,0.0000,0.0000
119.846,364.9641,-2.4521,49.4197,0.2510,3.8000,-0.4500,352.8168,184.1184,7.1705,0.0000,0.0000,0.0000
119.956,364.7669,-2.3627,49.2550,0.2510,3.8000,-0.4500,352.8322,184.1204,7.4255,0.0000,0.0000,0.0000
