time_sec,world_x,world_y,world_z,local_x,local_y,local_z,world_rot_x,world_rot_y,world_rot_z,local_rot_x,local_rot_y,local_rot_z
0.000,598.7960,5.1807,250.4555,0.2510,3.8000,-0.4500,0.0000,180.0000,0.0000,0.0000,0.0000,0.0000
0.000,598.7960,5.1807,250.4555,0.2510,3.8000,-0.4500,0.0000,180.0000,0.0000,0.0000,0.0000,0.0000
0.107,598.5439,4.9589,250.4612,0.2510,3.8000,-0.4500,0.0000,180.0000,0.0000,0.0000,0.0000,0.0000
0.221,598.1251,4.5996,250.4672,0.2510,3.8000,-0.4500,0.0000,180.0000,0.0000,0.0000,0.0000,0.0000
0.333,597.5931,4.1497,250.4726,0.2510,3.8000,-0.4500,0.0000,180.0000,0.0000,0.0000,0.0000,0.0000
0.444,597.0728,3.7129,250.4766,0.2510,3.8000,-0.4500,0.0000,180.0000,0.0000,0.0000,0.0000,0.0000
0.556,596.3659,3.1227,250.4798,0.2510,3.8000,-0.4500,0.0000,180.0000,0.0000,0.0000,0.0000,0.0000
0.666,595.7165,2.5814,250.4675,0.2510,3.8000,-0.4500,0.0000,180.0000,0.0000,0.0000,0.0000,0.0000
0.777,594.8748,1.8789,250.4147,0.2510,3.8000,-0.4500,0.0000,180.0000,0.0000,0.0000,0.0000,0.0000
0.888,594.1273,1.2539,250.3324,0.2510,3.8000,-0.4500,0.0000,180.0000,0.0000,0.0000,0.0000,0.0000
1.000,593.1821,0.4615,250.1853,0.2510,3.8000,-0.4500,0.0000,180.0000,0.0000,0.0000,0.0000,0.0000
1.113,592.2037,-0.3605,249.9902,0.2510,3.8000,-0.4500,0.0000,180.0000,0.0000,0.0000,0.0000,0.0000
1.223,591.5801,-0.8965,249.8410,0.2510,3.8000,-0.4500,359.2301,180.0000,0.0027,0.0000,0.0000,0.0000
1.335,591.0555,-1.2365,249.6385,0.2510,3.8000,-0.4500,358.0201,179.9999,0.0068,0.0000,0.0000,0.0000
1.445,590.7272,-1.3076,249.4224,0.2510,3.8000,-0.4500,357.4237,179.9998,0.0086,0.0000,0.0000,0.0000
1.557,590.4071,-1.2371,249.1058,0.2510,3.8000,-0.4500,357.4237,179.9998,0.0086,0.0000,0.0000,0.0000
1.668,590.1760,-1.1283,248.8056,0.2510,3.8000,-0.4500,357.4237,179.9998,0.0086,0.0000,0.0000,0.0000
1.779,589.9228,-1.0057,248.4123,0.2510,3.8000,-0.4500,357.4237,179.9998,0.0086,0.0000,0.0000,0.0000
1.890,589.6832,-0.9304,248.0087,0.2510,3.8000,-0.4500,357.4237,179.9998,0.0086,0.0000,0.0000,0.0000
2.001,589.4866,-0.9124,247.7038,0.2510,3.8000,-0.4500,357.4237,179.9998,0.0085,0.0000,0.0000,0.0000
2.112,589.2503,-0.9364,247.3911,0.2510,3.8000,-0.4500,357.4237,179.9998,0.0085,0.0000,0.0000,0.0000
2.224,589.0519,-0.9818,247.1709,0.2510,3.8000,-0.4500,357.4237,179.9998,0.0085,0.0000,0.0000,0.0000
2.334,588.8120,-1.0502,246.9442,0.2510,3.8000,-0.4500,357.4237,179.9998,0.0085,0.0000,0.0000,0.0000
2.445,588.6107,-1.1089,246.7780,0.2510,3.8000,-0.4500,357.4237,179.9998,0.0085,0.0000,0.0000,0.0000
2.557,588.3662,-1.1752,246.6175,0.2510,3.8000,-0.4500,357.4237,179.9998,0.0085,0.0000,0.0000,0.0000
2.668,588.1583,-1.2265,246.5343,0.2510,3.8000,-0.4500,357.4237,179.9998,0.0085,0.0000,0.0000,0.0000
2.779,587.9055,-1.2845,246.4923,0.2510,3.8000,-0.4500,357.4237,179.9998,0.0085,0.0000,0.0000,0.0000
2.890,587.6520,-1.3406,246.4989,0.2510,3.8000,-0.4500,357.4237,179.9998,0.0085,0.0000,0.0000,0.0000
3.001,587.4410,-1.3876,246.5308,0.2510,3.8000,-0.4500,357.4237,179.9998,0.0085,0.0000,0.0000,0.0000
3.112,587.1882,-1.4457,246.5903,0.2510,3.8000,-0.4500,357.4237,179.9998,0.0085,0.0000,0.0000,0.0000
3.223,586.9778,-1.4961,246.6517,0.2510,3.8000,-0.4500,357.4237,179.9998,0.0085,0.0000,0.0000,0.0000
3.335,586.7257,-1.5588,246.7341,0.2510,3.8000,-0.4500,357.4237,179.9998,0.0085,0.0000,0.0000,0.0000
3.445,586.5157,-1.6126,246.8073,0.2510,3.8000,-0.4500,357.4237,179.9998,0.0085,0.0000,0.0000,0.0000
3.557,586.2638,-1.6786,246.8987,0.2510,3.8000,-0.4500,357.4237,179.9998,0.0085,0.0000,0.0000,0.0000
3.668,586.0538,-1.7342,246.9765,0.2510,3.8000,-0.4500,357.4237,179.9998,0.0085,0.0000,0.0000,0.0000
3.779,585.8019,-1.8012,247.0711,0.2510,3.8000,-0.4500,357.4237,179.9998,0.0085,0.0000,0.0000,0.0000
3.890,585.5499,-1.8682,247.1663,0.2510,3.8000,-0.4500,357.4237,179.9998,0.0085,0.0000,0.0000,0.0000
4.001,585.3397,-1.9239,247.2457,0.2510,3.8000,-0.4500,357.4237,179.9998,0.0085,0.0000,0.0000,0.0000
4.113,585.0873,-1.9903,247.3410,0.2510,3.8000,-0.4500,357.4237,179.9998,0.0085,0.0000,0.0000,0.0000
4.224,584.8770,-2.0453,247.4203,0.2510,3.8000,-0.4500,357.4237,179.9998,0.0085,0.0000,0.0000,0.0000
4.336,584.6243,-2.1109,247.5152,0.2510,3.8000,-0.4500,357.4237,179.9998,0.0085,0.0000,0.0000,0.0000
4.460,584.3716,-2.1757,247.6099,0.2510,3.8000,-0.4500,357.4237,179.9998,0.0085,0.0000,0.0000,0.0000
4.571,584.1187,-2.2396,247.7045,0.2510,3.8000,-0.4500,357.4237,179.9998,0.0085,0.0000,0.0000,0.0000
4.682,583.9078,-2.2919,247.7831,0.2510,3.8000,-0.4500,357.4237,179.9998,0.0085,0.0000,0.0000,0.0000
4.793,583.6548,-2.3532,247.8771,0.2510,3.8000,-0.4500,357.4237,179.9998,0.0085,0.0000,0.0000,0.0000
4.904,583.4439,-2.4028,247.9553,0.2510,3.8000,-0.4500,357.4237,179.9998,0.0085,0.0000,0.0000,0.0000
5.016,583.1909,-2.4601,248.0489,0.2510,3.8000,-0.4500,357.4237,179.9998,0.0085,0.0000,0.0000,0.0000
5.127,582.9800,-2.5059,248.1265,0.2510,3.8000,-0.4500,357.4237,179.9998,0.0085,0.0000,0.0000,0.0000
5.238,582.7269,-2.5579,248.2192,0.2510,3.8000,-0.4500,357.4237,179.9998,0.0085,0.0000,0.0000,0.0000
5.350,582.4739,-2.6064,248.3115,0.2510,3.8000,-0.4500,357.4237,179.9998,0.0085,0.0000,0.0000,0.0000
5.460,582.2628,-2.6441,248.3876,0.2510,3.8000,-0.4500,357.4895,179.9998,359.9620,0.0000,0.0000,0.0000
5.572,582.0098,-2.6851,248.4787,0.2510,3.8000,-0.4500,357.5647,179.9997,359.9258,0.0000,0.0000,0.0000
5.682,581.7990,-2.7154,248.5536,0.2510,3.8000,-0.4500,357.7181,179.9994,359.8643,0.0000,0.0000,0.0000
5.794,581.5465,-2.7469,248.6437,0.2510,3.8000,-0.4500,357.8012,179.9992,359.8523,0.0000,0.0000,0.0000
5.905,581.3363,-2.7684,248.7177,0.2510,3.8000,-0.4500,357.9688,179.9988,359.8339,0.0000,0.0000,0.0000
6.016,581.0846,-2.7880,248.8057,0.2510,3.8000,-0.4500,358.2121,179.9981,359.8472,0.0000,0.0000,0.0000
6.127,580.8751,-2.7996,248.8788,0.2510,3.8000,-0.4500,358.3767,179.9977,359.8807,0.0000,0.0000,0.0000
6.239,580.6242,-2.8080,248.9662,0.2510,3.8000,-0.4500,358.5364,179.9974,359.9202,0.0000,0.0000,0.0000
6.350,580.3739,-2.8085,249.0512,0.2510,3.8000,-0.4500,358.7688,179.9973,0.0020,0.0000,0.0000,0.0000
6.460,580.1661,-2.8015,249.1185,0.2510,3.8000,-0.4500,359.0760,179.9976,0.1433,0.0000,0.0000,0.0000
6.571,579.9162,-2.7901,249.1972,0.2510,3.8000,-0.4500,359.2191,179.9981,0.2181,0.0000,0.0000,0.0000
6.682,579.7087,-2.7734,249.2598,0.2510,3.8000,-0.4500,359.4344,179.9991,0.3447,0.0000,0.0000,0.0000
6.794,579.4600,-2.7474,249.3329,0.2510,3.8000,-0.4500,359.6468,180.0007,0.4803,0.0000,0.0000,0.0000
6.905,579.2533,-2.7209,249.3929,0.2510,3.8000,-0.4500,359.7857,180.0019,0.5730,0.0000,0.0000,0.0000
7.016,579.0062,-2.6802,249.4616,0.2510,3.8000,-0.4500,0.0548,180.0051,0.7660,0.0000,0.0000,0.0000
7.127,578.8003,-2.6427,249.5168,0.2510,3.8000,-0.4500,0.1864,180.0069,0.8639,0.0000,0.0000,0.0000
7.239,578.5544,-2.5889,249.5796,0.2510,3.8000,-0.4500,0.4506,180.0114,1.0698,0.0000,0.0000,0.0000
7.349,578.3092,-2.5294,249.6410,0.2510,3.8000,-0.4500,0.6469,180.0153,1.2295,0.0000,0.0000,0.0000
7.459,578.1048,-2.4769,249.6922,0.2510,3.8000,-0.4500,0.7109,180.0167,1.2821,0.0000,0.0000,0.0000
7.570,577.8614,-2.4052,249.7530,0.2510,3.8000,-0.4500,0.9030,180.0213,1.4445,0.0000,0.0000,0.0000
7.682,577.6600,-2.3385,249.8045,0.2510,3.8000,-0.4500,1.1530,180.0281,1.6614,0.0000,0.0000,0.0000
7.794,577.4186,-2.2569,249.8704,0.2510,3.8000,-0.4500,1.2727,180.0317,1.7682,0.0000,0.0000,0.0000
7.903,577.2184,-2.1853,249.9277,0.2510,3.8000,-0.4500,1.3332,180.0336,1.8224,0.0000,0.0000,0.0000
8.014,576.9801,-2.0917,249.9979,0.2510,3.8000,-0.4500,1.5168,180.0397,1.9902,0.0000,0.0000,0.0000
8.126,576.7819,-2.0105,250.0583,0.2510,3.8000,-0.4500,1.6360,180.0439,2.1016,0.0000,0.0000,0.0000
8.237,576.5453,-1.9094,250.1329,0.2510,3.8000,-0.4500,1.7552,180.0484,2.2138,0.0000,0.0000,0.0000
8.348,576.3492,-1.8213,250.1965,0.2510,3.8000,-0.4500,1.8736,180.0531,2.3283,0.0000,0.0000,0.0000
8.459,576.1142,-1.7142,250.2753,0.2510,3.8000,-0.4500,1.9306,180.0555,2.3841,0.0000,0.0000,0.0000
8.570,575.8798,-1.6037,250.3556,0.2510,3.8000,-0.4500,1.9901,180.0580,2.4438,0.0000,0.0000,0.0000
8.681,575.6848,-1.5094,250.4234,0.2510,3.8000,-0.4500,2.0496,180.0606,2.5036,0.0000,0.0000,0.0000
8.792,575.4512,-1.3945,250.5060,0.2510,3.8000,-0.4500,2.1059,180.0630,2.5617,0.0000,0.0000,0.0000
8.904,575.2573,-1.2974,250.5756,0.2510,3.8000,-0.4500,2.1605,180.0655,2.6196,0.0000,0.0000,0.0000
9.029,575.0240,-1.1816,250.6605,0.2510,3.8000,-0.4500,2.1605,180.0655,2.6196,0.0000,0.0000,0.0000
9.140,574.7911,-1.0653,250.7461,0.2510,3.8000,-0.4500,2.1605,180.0655,2.6196,0.0000,0.0000,0.0000
9.251,574.5583,-0.9493,250.8321,0.2510,3.8000,-0.4500,2.1605,180.0655,2.6196,0.0000,0.0000,0.0000
9.362,574.3643,-0.8533,250.9040,0.2510,3.8000,-0.4500,2.1605,180.0655,2.6196,0.0000,0.0000,0.0000
9.473,574.1313,-0.7393,250.9907,0.2510,3.8000,-0.4500,2.1605,180.0655,2.6196,0.0000,0.0000,0.0000
9.584,573.9372,-0.6459,251.0632,0.2510,3.8000,-0.4500,2.1605,180.0655,2.6196,0.0000,0.0000,0.0000
9.695,573.7040,-0.5361,251.1506,0.2510,3.8000,-0.4500,2.1605,180.0655,2.6196,0.0000,0.0000,0.0000
9.806,573.5093,-0.4469,251.2239,0.2510,3.8000,-0.4500,2.1605,180.0655,2.6196,0.0000,0.0000,0.0000
9.917,573.2756,-0.3431,251.3121,0.2510,3.8000,-0.4500,2.1605,180.0655,2.6196,0.0000,0.0000,0.0000
10.029,573.0803,-0.2597,251.3861,0.2510,3.8000,-0.4500,2.1605,180.0655,2.6196,0.0000,0.0000,0.0000
10.140,572.8455,-0.1637,251.4754,0.2510,3.8000,-0.4500,2.1605,180.0655,2.6196,0.0000,0.0000,0.0000
10.250,572.6100,-0.0726,251.5653,0.2510,3.8000,-0.4500,2.1605,180.0655,2.6196,0.0000,0.0000,0.0000
10.362,572.4133,-0.0007,251.6402,0.2510,3.8000,-0.4500,2.1605,180.0655,2.6196,0.0000,0.0000,0.0000
10.474,572.1766,0.0802,251.7296,0.2510,3.8000,-0.4500,2.1605,180.0655,2.6196,0.0000,0.0000,0.0000
10.584,571.9786,0.1431,251.8037,0.2510,3.8000,-0.4500,2.1605,180.0655,2.6196,0.0000,0.0000,0.0000
10.695,571.7394,0.2101,251.8935,0.2510,3.8000,-0.4500,2.0292,180.0596,2.5115,0.0000,0.0000,0.0000
10.806,571.5391,0.2604,251.9678,0.2510,3.8000,-0.4500,1.8995,180.0541,2.4013,0.0000,0.0000,0.0000
10.917,571.2968,0.3122,252.0582,0.2510,3.8000,-0.4500,1.6496,180.0441,2.1601,0.0000,0.0000,0.0000
11.028,571.0956,0.3540,252.1422,0.2510,3.8000,-0.4500,1.5911,180.0419,2.1016,0.0000,0.0000,0.0000
11.140,570.8535,0.3938,252.2634,0.2510,3.8000,-0.4500,1.3652,180.0341,1.8507,0.0000,0.0000,0.0000
11.251,570.6129,0.4300,252.4026,0.2510,3.8000,-0.4500,1.2608,180.0309,1.7247,0.0000,0.0000,0.0000
11.362,570.4114,0.4513,252.5304,0.2510,3.8000,-0.4500,1.0545,180.0251,1.4623,0.0000,0.0000,0.0000
11.473,570.1706,0.4751,252.6915,0.2510,3.8000,-0.4500,0.9590,180.0228,1.3266,0.0000,0.0000,0.0000
11.584,569.9683,0.4877,252.8240,0.2510,3.8000,-0.4500,0.8221,180.0199,1.1213,0.0000,0.0000,0.0000
11.695,569.7242,0.4993,252.9650,0.2510,3.8000,-0.4500,0.7353,180.0183,0.9747,0.0000,0.0000,0.0000
11.806,569.5183,0.5038,253.0664,0.2510,3.8000,-0.4500,0.6519,180.0170,0.8285,0.0000,0.0000,0.0000
11.918,569.2688,0.5030,253.1719,0.2510,3.8000,-0.4500,0.5437,180.0156,0.6084,0.0000,0.0000,0.0000
12.029,569.0594,0.4991,253.2490,0.2510,3.8000,-0.4500,0.4820,180.0150,0.4559,0.0000,0.0000,0.0000
12.139,568.8071,0.4902,253.3326,0.2510,3.8000,-0.4500,0.4252,180.0147,0.2984,0.0000,0.0000,0.0000
12.251,568.5527,0.4744,253.4102,0.2510,3.8000,-0.4500,0.3464,180.0144,0.0586,0.0000,0.0000,0.0000
12.362,568.3395,0.4565,253.4722,0.2510,3.8000,-0.4500,0.2737,180.0145,359.8213,0.0000,0.0000,0.0000
12.473,568.0837,0.4326,253.5445,0.2510,3.8000,-0.4500,0.2242,180.0147,359.6628,0.0000,0.0000,0.0000
12.584,567.8703,0.4096,253.6041,0.2510,3.8000,-0.4500,0.1994,180.0149,359.5841,0.0000,0.0000,0.0000
12.696,567.6129,0.3739,253.6760,0.2510,3.8000,-0.4500,0.1175,180.0157,359.3434,0.0000,0.0000,0.0000
12.807,567.3982,0.3409,253.7362,0.2510,3.8000,-0.4500,0.0589,180.0164,359.1864,0.0000,0.0000,0.0000
12.918,567.1400,0.2953,253.8099,0.2510,3.8000,-0.4500,359.9647,180.0179,358.9537,0.0000,0.0000,0.0000
13.029,566.9260,0.2573,253.8721,0.2510,3.8000,-0.4500,359.9647,180.0179,358.9537,0.0000,0.0000,0.0000
13.140,566.6672,0.2005,253.9494,0.2510,3.8000,-0.4500,359.8207,180.0210,358.6483,0.0000,0.0000,0.0000
13.251,566.4089,0.1422,254.0287,0.2510,3.8000,-0.4500,359.7451,180.0228,358.5088,0.0000,0.0000,0.0000
13.362,566.1942,0.0910,254.0963,0.2510,3.8000,-0.4500,359.7063,180.0239,358.4395,0.0000,0.0000,0.0000
13.473,565.9361,0.0241,254.1787,0.2510,3.8000,-0.4500,359.6129,180.0265,358.2954,0.0000,0.0000,0.0000
13.587,565.7208,-0.0337,254.2462,0.2510,3.8000,-0.4500,359.5662,180.0279,358.2248,0.0000,0.0000,0.0000
13.699,565.4623,-0.1061,254.3255,0.2510,3.8000,-0.4500,359.5161,180.0295,358.1579,0.0000,0.0000,0.0000
13.810,565.2029,-0.1851,254.4044,0.2510,3.8000,-0.4500,359.3580,180.0349,357.9622,0.0000,0.0000,0.0000
13.921,564.9879,-0.2492,254.4696,0.2510,3.8000,-0.4500,359.3580,180.0349,357.9622,0.0000,0.0000,0.0000
14.031,564.7288,-0.3314,254.5486,0.2510,3.8000,-0.4500,359.2397,180.0392,357.8474,0.0000,0.0000,0.0000
14.143,564.5129,-0.3989,254.5915,0.2510,3.8000,-0.4500,359.2397,180.0392,357.8474,0.0000,0.0000,0.0000
14.254,564.2542,-0.4813,254.5857,0.2510,3.8000,-0.4500,359.1763,180.0416,357.7979,0.0000,0.0000,0.0000
14.375,563.9976,-0.5619,254.5298,0.2510,3.8000,-0.4500,359.1763,180.0416,357.7979,0.0000,0.0000,0.0000
14.487,563.7849,-0.6299,254.4557,0.2510,3.8000,-0.4500,359.1058,180.0444,357.7565,0.0000,0.0000,0.0000
14.598,563.5313,-0.7091,254.3426,0.2510,3.8000,-0.4500,359.1058,180.0444,357.7565,0.0000,0.0000,0.0000
14.709,563.3210,-0.7742,254.2319,0.2510,3.8000,-0.4500,359.1058,180.0444,357.7565,0.0000,0.0000,0.0000
14.820,563.0716,-0.8523,254.0583,0.2510,3.8000,-0.4500,358.9471,180.0506,357.7132,0.0000,0.0000,0.0000
14.931,562.8267,-0.9255,253.8304,0.2510,3.8000,-0.4500,358.9471,180.0506,357.7132,0.0000,0.0000,0.0000
15.042,562.6254,-0.9841,253.6063,0.2510,3.8000,-0.4500,358.9471,180.0506,357.7132,0.0000,0.0000,0.0000
15.153,562.3865,-1.0515,253.3073,0.2510,3.8000,-0.4500,358.9471,180.0506,357.7132,0.0000,0.0000,0.0000
15.265,562.1892,-1.1061,253.0417,0.2510,3.8000,-0.4500,358.7885,180.0569,357.7467,0.0000,0.0000,0.0000
15.376,561.9532,-1.1682,252.7113,0.2510,3.8000,-0.4500,358.7885,180.0569,357.7467,0.0000,0.0000,0.0000
15.487,561.7568,-1.2182,252.4401,0.2510,3.8000,-0.4500,358.7153,180.0598,357.7828,0.0000,0.0000,0.0000
15.598,561.5206,-1.2762,252.1245,0.2510,3.8000,-0.4500,358.6449,180.0625,357.8231,0.0000,0.0000,0.0000
15.709,561.3235,-1.3227,251.8697,0.2510,3.8000,-0.4500,358.5790,180.0649,357.8721,0.0000,0.0000,0.0000
15.821,561.0875,-1.3753,251.5728,0.2510,3.8000,-0.4500,358.3943,180.0715,358.0418,0.0000,0.0000,0.0000
15.933,560.8501,-1.4271,251.2816,0.2510,3.8000,-0.4500,358.3943,180.0715,358.0418,0.0000,0.0000,0.0000
16.042,560.6523,-1.4665,251.0604,0.2510,3.8000,-0.4500,358.2407,180.0765,358.2459,0.0000,0.0000,0.0000
16.153,560.4107,-1.5142,250.8458,0.2510,3.8000,-0.4500,358.1540,180.0791,358.3875,0.0000,0.0000,0.0000
16.265,560.2050,-1.5551,250.7090,0.2510,3.8000,-0.4500,358.1540,180.0791,358.3875,0.0000,0.0000,0.0000
16.376,559.9568,-1.6006,250.5863,0.2510,3.8000,-0.4500,358.0367,180.0822,358.6095,0.0000,0.0000,0.0000
16.488,559.7476,-1.6392,250.5087,0.2510,3.8000,-0.4500,358.0023,180.0830,358.6854,0.0000,0.0000,0.0000
16.598,559.4952,-1.6832,250.4371,0.2510,3.8000,-0.4500,357.9349,180.0844,358.8377,0.0000,0.0000,0.0000
16.709,559.2844,-1.7183,250.3923,0.2510,3.8000,-0.4500,357.8753,180.0855,358.9889,0.0000,0.0000,0.0000
16.821,559.0297,-1.7603,250.3522,0.2510,3.8000,-0.4500,357.8476,180.0860,359.0656,0.0000,0.0000,0.0000
16.932,558.7742,-1.8003,250.3250,0.2510,3.8000,-0.4500,357.8205,180.0865,359.1426,0.0000,0.0000,0.0000
17.043,558.5618,-1.8311,250.3210,0.2510,3.8000,-0.4500,357.7690,180.0871,359.3013,0.0000,0.0000,0.0000
17.154,558.3066,-1.8670,250.3302,0.2510,3.8000,-0.4500,357.7231,180.0876,359.4589,0.0000,0.0000,0.0000
17.265,558.0939,-1.8962,250.3450,0.2510,3.8000,-0.4500,357.7021,180.0878,359.5385,0.0000,0.0000,0.0000
17.392,557.7966,-1.9340,250.3738,0.2510,3.8000,-0.4500,357.6638,180.0881,359.6952,0.0000,0.0000,0.0000
17.503,557.5837,-1.9610,250.3979,0.2510,3.8000,-0.4500,357.6638,180.0881,359.6952,0.0000,0.0000,0.0000
17.612,557.3300,-1.9889,250.4301,0.2510,3.8000,-0.4500,357.6314,180.0882,359.8556,0.0000,0.0000,0.0000
17.723,557.1184,-2.0112,250.4583,0.2510,3.8000,-0.4500,357.6190,180.0882,359.9367,0.0000,0.0000,0.0000
17.835,556.8647,-2.0362,250.4935,0.2510,3.8000,-0.4500,357.6085,180.0882,0.0179,0.0000,0.0000,0.0000
17.946,556.6531,-2.0563,250.5235,0.2510,3.8000,-0.4500,357.6085,180.0882,0.0179,0.0000,0.0000,0.0000
18.057,556.4016,-2.0741,250.5605,0.2510,3.8000,-0.4500,357.5897,180.0882,0.2676,0.0000,0.0000,0.0000
18.167,556.1909,-2.0906,250.5918,0.2510,3.8000,-0.4500,357.5897,180.0882,0.2676,0.0000,0.0000,0.0000
18.279,555.9384,-2.1083,250.6297,0.2510,3.8000,-0.4500,357.5897,180.0882,0.2676,0.0000,0.0000,0.0000
18.405,555.6874,-2.1206,250.6695,0.2510,3.8000,-0.4500,357.5986,180.0883,0.4336,0.0000,0.0000,0.0000
18.516,555.4360,-2.1335,250.7126,0.2510,3.8000,-0.4500,357.5986,180.0883,0.4336,0.0000,0.0000,0.0000
18.626,555.2281,-2.1393,250.7510,0.2510,3.8000,-0.4500,357.6279,180.0885,0.5957,0.0000,0.0000,0.0000
18.737,554.9783,-2.1461,250.8000,0.2510,3.8000,-0.4500,357.6447,180.0887,0.6749,0.0000,0.0000,0.0000
18.867,554.7285,-2.1519,250.8513,0.2510,3.8000,-0.4500,357.6447,180.0887,0.6749,0.0000,0.0000,0.0000
18.988,554.4807,-2.1503,250.9038,0.2510,3.8000,-0.4500,357.7343,180.0899,0.9044,0.0000,0.0000,0.0000
19.098,554.2318,-2.1507,250.9586,0.2510,3.8000,-0.4500,357.7343,180.0899,0.9044,0.0000,0.0000,0.0000
19.209,553.9841,-2.1451,251.0137,0.2510,3.8000,-0.4500,357.8213,180.0914,1.0421,0.0000,0.0000,0.0000
19.321,553.7772,-2.1407,251.0609,0.2510,3.8000,-0.4500,357.8213,180.0914,1.0421,0.0000,0.0000,0.0000
19.432,553.5302,-2.1297,251.1175,0.2510,3.8000,-0.4500,357.9303,180.0935,1.1706,0.0000,0.0000,0.0000
19.544,553.3239,-2.1209,251.1659,0.2510,3.8000,-0.4500,357.9303,180.0935,1.1706,0.0000,0.0000,0.0000
19.654,553.0782,-2.1031,251.2242,0.2510,3.8000,-0.4500,358.1096,180.0975,1.3417,0.0000,0.0000,0.0000
19.765,552.8727,-2.0896,251.2750,0.2510,3.8000,-0.4500,358.1096,180.0975,1.3417,0.0000,0.0000,0.0000
19.876,552.6272,-2.0664,251.3361,0.2510,3.8000,-0.4500,358.3137,180.1025,1.4827,0.0000,0.0000,0.0000
19.987,552.4219,-2.0481,251.3892,0.2510,3.8000,-0.4500,358.3137,180.1025,1.4827,0.0000,0.0000,0.0000
20.098,552.1770,-2.0195,251.4526,0.2510,3.8000,-0.4500,358.5338,180.1084,1.6001,0.0000,0.0000,0.0000
20.209,551.9316,-1.9916,251.5185,0.2510,3.8000,-0.4500,358.5338,180.1084,1.6001,0.0000,0.0000,0.0000
20.320,551.7284,-1.9615,251.5723,0.2510,3.8000,-0.4500,358.8374,180.1172,1.7225,0.0000,0.0000,0.0000
20.432,551.4838,-1.9280,251.6405,0.2510,3.8000,-0.4500,358.8374,180.1172,1.7225,0.0000,0.0000,0.0000
20.543,551.2808,-1.8956,251.6967,0.2510,3.8000,-0.4500,359.0030,180.1223,1.7670,0.0000,0.0000,0.0000
20.654,551.0369,-1.8547,251.7650,0.2510,3.8000,-0.4500,359.1649,180.1273,1.8078,0.0000,0.0000,0.0000
20.779,550.7930,-1.8120,251.8343,0.2510,3.8000,-0.4500,359.2451,180.1299,1.8221,0.0000,0.0000,0.0000
20.890,550.5496,-1.7649,251.9028,0.2510,3.8000,-0.4500,359.4913,180.1378,1.8587,0.0000,0.0000,0.0000
21.002,550.3467,-1.7250,251.9617,0.2510,3.8000,-0.4500,359.5743,180.1405,1.8654,0.0000,0.0000,0.0000
21.112,550.1034,-1.6743,252.0329,0.2510,3.8000,-0.4500,359.7397,180.1459,1.8764,0.0000,0.0000,0.0000
21.224,549.9008,-1.6296,252.0922,0.2510,3.8000,-0.4500,359.9839,180.1539,1.8793,0.0000,0.0000,0.0000
21.334,549.6577,-1.5764,252.1656,0.2510,3.8000,-0.4500,359.9839,180.1539,1.8793,0.0000,0.0000,0.0000
21.446,549.4550,-1.5294,252.2257,0.2510,3.8000,-0.4500,0.1495,180.1593,1.8707,0.0000,0.0000,0.0000
21.557,549.2114,-1.4713,252.2976,0.2510,3.8000,-0.4500,0.3912,180.1672,1.8489,0.0000,0.0000,0.0000
21.668,549.0088,-1.4229,252.3592,0.2510,3.8000,-0.4500,0.3912,180.1672,1.8489,0.0000,0.0000,0.0000
21.779,548.7654,-1.3625,252.4318,0.2510,3.8000,-0.4500,0.6364,180.1750,1.8058,0.0000,0.0000,0.0000
21.890,548.5219,-1.3016,252.5050,0.2510,3.8000,-0.4500,0.7953,180.1800,1.7670,0.0000,0.0000,0.0000
22.001,548.3189,-1.2507,252.5667,0.2510,3.8000,-0.4500,0.7953,180.1800,1.7670,0.0000,0.0000,0.0000
22.113,548.0743,-1.1884,252.6378,0.2510,3.8000,-0.4500,1.1195,180.1897,1.6612,0.0000,0.0000,0.0000
22.223,547.8705,-1.1368,252.6972,0.2510,3.8000,-0.4500,1.1195,180.1897,1.6612,0.0000,0.0000,0.0000
22.334,547.6256,-1.0749,252.7659,0.2510,3.8000,-0.4500,1.1938,180.1918,1.6290,0.0000,0.0000,0.0000
22.445,547.4205,-1.0236,252.8202,0.2510,3.8000,-0.4500,1.4211,180.1980,1.5175,0.0000,0.0000,0.0000
22.555,547.1746,-0.9623,252.8852,0.2510,3.8000,-0.4500,1.4211,180.1980,1.5175,0.0000,0.0000,0.0000
22.668,546.9687,-0.9120,252.9370,0.2510,3.8000,-0.4500,1.5603,180.2016,1.4330,0.0000,0.0000,0.0000
22.778,546.7209,-0.8527,252.9954,0.2510,3.8000,-0.4500,1.6975,180.2049,1.3353,0.0000,0.0000,0.0000
22.889,546.5137,-0.8037,253.0365,0.2510,3.8000,-0.4500,1.6975,180.2049,1.3353,0.0000,0.0000,0.0000
23.000,546.2626,-0.7477,253.0749,0.2510,3.8000,-0.4500,1.8919,180.2092,1.1717,0.0000,0.0000,0.0000
23.112,546.0116,-0.6922,253.0965,0.2510,3.8000,-0.4500,1.8919,180.2092,1.1717,0.0000,0.0000,0.0000
23.222,545.8009,-0.6492,253.0906,0.2510,3.8000,-0.4500,2.0080,180.2115,1.0505,0.0000,0.0000,0.0000
23.334,545.5475,-0.5989,253.0692,0.2510,3.8000,-0.4500,2.0640,180.2124,0.9908,0.0000,0.0000,0.0000
23.459,545.2939,-0.5496,253.0520,0.2510,3.8000,-0.4500,2.0640,180.2124,0.9908,0.0000,0.0000,0.0000
23.570,545.0389,-0.5024,253.0500,0.2510,3.8000,-0.4500,2.1645,180.2141,0.8588,0.0000,0.0000,0.0000
23.681,544.8268,-0.4625,253.0555,0.2510,3.8000,-0.4500,2.1645,180.2141,0.8588,0.0000,0.0000,0.0000
23.792,544.5712,-0.4169,253.0665,0.2510,3.8000,-0.4500,2.2551,180.2153,0.7210,0.0000,0.0000,0.0000
23.903,544.3585,-0.3781,253.0780,0.2510,3.8000,-0.4500,2.2551,180.2153,0.7210,0.0000,0.0000,0.0000
24.015,544.1030,-0.3320,253.0933,0.2510,3.8000,-0.4500,2.2551,180.2153,0.7210,0.0000,0.0000,0.0000
24.126,543.8899,-0.2938,253.1071,0.2510,3.8000,-0.4500,2.2551,180.2153,0.7210,0.0000,0.0000,0.0000
24.237,543.6335,-0.2493,253.1243,0.2510,3.8000,-0.4500,2.2950,180.2158,0.6530,0.0000,0.0000,0.0000
24.348,543.4205,-0.2118,253.1391,0.2510,3.8000,-0.4500,2.2950,180.2158,0.6529,0.0000,0.0000,0.0000
24.459,543.1646,-0.1675,253.1572,0.2510,3.8000,-0.4500,2.2950,180.2158,0.6529,0.0000,0.0000,0.0000
24.571,542.9084,-0.1243,253.1755,0.2510,3.8000,-0.4500,2.2950,180.2158,0.6529,0.0000,0.0000,0.0000
24.682,542.6940,-0.0915,253.1903,0.2510,3.8000,-0.4500,2.3665,180.2165,0.5036,0.0000,0.0000,0.0000
24.792,542.4376,-0.0513,253.2079,0.2510,3.8000,-0.4500,2.3665,180.2165,0.5036,0.0000,0.0000,0.0000
24.917,542.1798,-0.0154,253.2247,0.2510,3.8000,-0.4500,2.4224,180.2169,0.3551,0.0000,0.0000,0.0000
25.029,541.9650,0.0133,253.2382,0.2510,3.8000,-0.4500,2.4460,180.2171,0.2784,0.0000,0.0000,0.0000
25.139,541.7065,0.0456,253.2539,0.2510,3.8000,-0.4500,2.4669,180.2172,0.1980,0.0000,0.0000,0.0000
25.250,541.4473,0.0738,253.2689,0.2510,3.8000,-0.4500,2.5066,180.2173,0.0385,0.0000,0.0000,0.0000
25.362,541.2319,0.0972,253.2812,0.2510,3.8000,-0.4500,2.5065,180.2173,0.0385,0.0000,0.0000,0.0000
25.487,540.9709,0.1185,253.2960,0.2510,3.8000,-0.4500,2.5460,180.2172,359.7833,0.0000,0.0000,0.0000
25.598,540.7109,0.1409,253.3118,0.2510,3.8000,-0.4500,2.5460,180.2172,359.7833,0.0000,0.0000,0.0000
25.709,540.4484,0.1546,253.3287,0.2510,3.8000,-0.4500,2.5777,180.2170,359.4482,0.0000,0.0000,0.0000
25.820,540.2313,0.1684,253.3442,0.2510,3.8000,-0.4500,2.5777,180.2170,359.4482,0.0000,0.0000,0.0000
25.931,539.9692,0.1792,253.3643,0.2510,3.8000,-0.4500,2.5843,180.2169,359.2807,0.0000,0.0000,0.0000
26.043,539.7510,0.1870,253.3825,0.2510,3.8000,-0.4500,2.5872,180.2169,359.1982,0.0000,0.0000,0.0000
26.154,539.4889,0.1926,253.4070,0.2510,3.8000,-0.4500,2.5890,180.2168,359.0388,0.0000,0.0000,0.0000
26.265,539.2712,0.1974,253.4306,0.2510,3.8000,-0.4500,2.5890,180.2168,359.0388,0.0000,0.0000,0.0000
26.376,539.0082,0.1964,253.4629,0.2510,3.8000,-0.4500,2.5862,180.2169,358.7920,0.0000,0.0000,0.0000
26.487,538.7903,0.1973,253.4929,0.2510,3.8000,-0.4500,2.5862,180.2169,358.7920,0.0000,0.0000,0.0000
26.598,538.5274,0.1931,253.5320,0.2510,3.8000,-0.4500,2.5808,180.2170,358.6247,0.0000,0.0000,0.0000
26.709,538.2651,0.1880,253.5739,0.2510,3.8000,-0.4500,2.5775,180.2171,358.5438,0.0000,0.0000,0.0000
26.821,538.0463,0.1818,253.6110,0.2510,3.8000,-0.4500,2.5735,180.2172,358.4601,0.0000,0.0000,0.0000
26.932,537.7838,0.1727,253.6585,0.2510,3.8000,-0.4500,2.5694,180.2173,358.3764,0.0000,0.0000,0.0000
27.043,537.5651,0.1635,253.7006,0.2510,3.8000,-0.4500,2.5647,180.2174,358.2941,0.0000,0.0000,0.0000
27.154,537.3026,0.1511,253.7538,0.2510,3.8000,-0.4500,2.5597,180.2176,358.2114,0.0000,0.0000,0.0000
27.265,537.0837,0.1394,253.8001,0.2510,3.8000,-0.4500,2.5547,180.2178,358.1307,0.0000,0.0000,0.0000
27.376,536.8217,0.1257,253.8578,0.2510,3.8000,-0.4500,2.5547,180.2178,358.1307,0.0000,0.0000,0.0000
27.487,536.6026,0.1118,253.9073,0.2510,3.8000,-0.4500,2.5491,180.2179,358.0469,0.0000,0.0000,0.0000
27.613,536.2964,0.0929,253.9755,0.2510,3.8000,-0.4500,2.5491,180.2179,358.0469,0.0000,0.0000,0.0000
27.723,536.0764,0.0754,254.0213,0.2510,3.8000,-0.4500,2.5376,180.2184,357.8805,0.0000,0.0000,0.0000
27.834,535.8134,0.0570,254.0739,0.2510,3.8000,-0.4500,2.5376,180.2184,357.8805,0.0000,0.0000,0.0000
27.948,535.5939,0.0410,254.1146,0.2510,3.8000,-0.4500,2.5376,180.2184,357.8806,0.0000,0.0000,0.0000
28.050,535.3303,0.0197,254.1227,0.2510,3.8000,-0.4500,2.5376,180.2184,357.8806,0.0000,0.0000,0.0000
28.165,535.1104,0.0003,254.1021,0.2510,3.8000,-0.4500,2.5376,180.2184,357.8806,0.0000,0.0000,0.0000
28.278,534.8464,-0.0260,254.0573,0.2510,3.8000,-0.4500,2.5318,180.2186,357.7974,0.0000,0.0000,0.0000
28.389,534.5851,-0.0525,253.9784,0.2510,3.8000,-0.4500,2.5318,180.2186,357.7974,0.0000,0.0000,0.0000
28.514,534.3273,-0.0809,253.8562,0.2510,3.8000,-0.4500,2.5318,180.2186,357.7974,0.0000,0.0000,0.0000
28.626,534.1147,-0.1060,253.7251,0.2510,3.8000,-0.4500,2.5318,180.2186,357.7974,0.0000,0.0000,0.0000
28.737,533.8615,-0.1374,253.5416,0.2510,3.8000,-0.4500,2.5318,180.2186,357.7974,0.0000,0.0000,0.0000
28.848,533.6519,-0.1643,253.3732,0.2510,3.8000,-0.4500,2.5318,180.2186,357.7974,0.0000,0.0000,0.0000
28.959,533.4007,-0.1971,253.1665,0.2510,3.8000,-0.4500,2.5318,180.2186,357.7974,0.0000,0.0000,0.0000
29.070,533.1486,-0.2295,252.9721,0.2510,3.8000,-0.4500,2.5318,180.2186,357.7974,0.0000,0.0000,0.0000
29.183,532.9374,-0.2561,252.8221,0.2510,3.8000,-0.4500,2.5318,180.2186,357.7974,0.0000,0.0000,0.0000
29.292,532.6830,-0.2876,252.6548,0.2510,3.8000,-0.4500,2.5318,180.2186,357.7974,0.0000,0.0000,0.0000
29.403,532.4700,-0.3135,252.5232,0.2510,3.8000,-0.4500,2.5318,180.2186,357.7974,0.0000,0.0000,0.0000
29.528,532.2142,-0.3443,252.3719,0.2510,3.8000,-0.4500,2.5318,180.2186,357.7974,0.0000,0.0000,0.0000
29.655,531.9150,-0.3800,252.2049,0.2510,3.8000,-0.4500,2.5318,180.2186,357.7974,0.0000,0.0000,0.0000
29.765,531.6997,-0.4050,252.1011,0.2510,3.8000,-0.4500,2.5318,180.2186,357.7974,0.0000,0.0000,0.0000
29.876,531.4400,-0.4345,251.9955,0.2510,3.8000,-0.4500,2.5318,180.2186,357.7974,0.0000,0.0000,0.0000
29.987,531.2224,-0.4587,251.9195,0.2510,3.8000,-0.4500,2.5318,180.2186,357.7974,0.0000,0.0000,0.0000
30.098,530.9606,-0.4876,251.8377,0.2510,3.8000,-0.4500,2.5318,180.2186,357.7974,0.0000,0.0000,0.0000
30.209,530.6983,-0.5164,251.7621,0.2510,3.8000,-0.4500,2.5318,180.2186,357.7974,0.0000,0.0000,0.0000
30.320,530.4796,-0.5404,251.7020,0.2510,3.8000,-0.4500,2.5318,180.2186,357.7974,0.0000,0.0000,0.0000
30.431,530.2168,-0.5694,251.6321,0.2510,3.8000,-0.4500,2.5318,180.2186,357.7974,0.0000,0.0000,0.0000
30.543,529.9977,-0.5937,251.5748,0.2510,3.8000,-0.4500,2.5318,180.2186,357.7974,0.0000,0.0000,0.0000
30.655,529.7349,-0.6231,251.5068,0.2510,3.8000,-0.4500,2.5318,180.2186,357.7974,0.0000,0.0000,0.0000
30.764,529.5159,-0.6477,251.4505,0.2510,3.8000,-0.4500,2.5318,180.2186,357.7974,0.0000,0.0000,0.0000
30.876,529.2534,-0.6774,251.3833,0.2510,3.8000,-0.4500,2.5318,180.2186,357.7974,0.0000,0.0000,0.0000
30.987,529.0347,-0.7023,251.3275,0.2510,3.8000,-0.4500,2.5318,180.2186,357.7974,0.0000,0.0000,0.0000
31.098,528.7720,-0.7323,251.2606,0.2510,3.8000,-0.4500,2.5318,180.2186,357.7974,0.0000,0.0000,0.0000
31.209,528.5093,-0.7639,251.1944,0.2510,3.8000,-0.4500,2.4752,180.2208,357.7398,0.0000,0.0000,0.0000
31.320,528.2905,-0.7890,251.1385,0.2510,3.8000,-0.4500,2.4752,180.2208,357.7398,0.0000,0.0000,0.0000
31.431,528.0283,-0.8192,251.0713,0.2510,3.8000,-0.4500,2.4752,180.2208,357.7398,0.0000,0.0000,0.0000
31.542,527.8098,-0.8443,251.0152,0.2510,3.8000,-0.4500,2.4752,180.2208,357.7398,0.0000,0.0000,0.0000
31.654,527.5476,-0.8742,250.9479,0.2510,3.8000,-0.4500,2.4752,180.2208,357.7398,0.0000,0.0000,0.0000
31.765,527.3295,-0.8987,250.9104,0.2510,3.8000,-0.4500,2.4752,180.2208,357.7398,0.0000,0.0000,0.0000
31.875,527.0678,-0.9265,250.9098,0.2510,3.8000,-0.4500,2.4752,180.2208,357.7398,0.0000,0.0000,0.0000
31.987,526.8494,-0.9498,250.9310,0.2510,3.8000,-0.4500,2.4007,180.2238,357.7087,0.0000,0.0000,0.0000
32.098,526.5878,-0.9756,250.9702,0.2510,3.8000,-0.4500,2.4007,180.2238,357.7087,0.0000,0.0000,0.0000
32.209,526.3693,-0.9964,251.0098,0.2510,3.8000,-0.4500,2.4007,180.2238,357.7087,0.0000,0.0000,0.0000
32.320,526.1075,-1.0207,251.0621,0.2510,3.8000,-0.4500,2.4007,180.2238,357.7087,0.0000,0.0000,0.0000
32.435,525.8459,-1.0442,251.1177,0.2510,3.8000,-0.4500,2.4007,180.2238,357.7087,0.0000,0.0000,0.0000
32.556,525.5848,-1.0669,251.1752,0.2510,3.8000,-0.4500,2.4007,180.2238,357.7088,0.0000,0.0000,0.0000
32.682,525.3239,-1.0887,251.2342,0.2510,3.8000,-0.4500,2.4007,180.2238,357.7088,0.0000,0.0000,0.0000
32.793,525.0631,-1.1096,251.2940,0.2510,3.8000,-0.4500,2.4007,180.2238,357.7088,0.0000,0.0000,0.0000
32.904,524.8459,-1.1263,251.3442,0.2510,3.8000,-0.4500,2.4007,180.2238,357.7088,0.0000,0.0000,0.0000
33.015,524.5856,-1.1454,251.4048,0.2510,3.8000,-0.4500,2.4007,180.2238,357.7088,0.0000,0.0000,0.0000
33.126,524.3687,-1.1605,251.4554,0.2510,3.8000,-0.4500,2.4007,180.2238,357.7088,0.0000,0.0000,0.0000
33.237,524.1088,-1.1781,251.5167,0.2510,3.8000,-0.4500,2.3222,180.2269,357.7257,0.0000,0.0000,0.0000
33.348,523.8921,-1.1919,251.5671,0.2510,3.8000,-0.4500,2.3222,180.2269,357.7257,0.0000,0.0000,0.0000
33.459,523.6323,-1.2077,251.6274,0.2510,3.8000,-0.4500,2.3222,180.2269,357.7257,0.0000,0.0000,0.0000
33.570,523.3724,-1.2230,251.6877,0.2510,3.8000,-0.4500,2.3222,180.2269,357.7257,0.0000,0.0000,0.0000
33.682,523.1557,-1.2354,251.7373,0.2510,3.8000,-0.4500,2.3222,180.2269,357.7257,0.0000,0.0000,0.0000
33.792,522.8956,-1.2502,251.7958,0.2510,3.8000,-0.4500,2.3222,180.2269,357.7257,0.0000,0.0000,0.0000
33.903,522.6786,-1.2628,251.8438,0.2510,3.8000,-0.4500,2.3222,180.2269,357.7257,0.0000,0.0000,0.0000
34.015,522.4183,-1.2781,251.8949,0.2510,3.8000,-0.4500,2.3222,180.2269,357.7257,0.0000,0.0000,0.0000
34.126,522.2015,-1.2922,251.9006,0.2510,3.8000,-0.4500,2.3222,180.2269,357.7257,0.0000,0.0000,0.0000
34.237,521.9412,-1.3104,251.8745,0.2510,3.8000,-0.4500,2.3222,180.2269,357.7257,0.0000,0.0000,0.0000
34.347,521.7243,-1.3264,251.8364,0.2510,3.8000,-0.4500,2.3222,180.2269,357.7257,0.0000,0.0000,0.0000
34.458,521.4642,-1.3460,251.7791,0.2510,3.8000,-0.4500,2.3222,180.2269,357.7257,0.0000,0.0000,0.0000
34.569,521.2475,-1.3623,251.7255,0.2510,3.8000,-0.4500,2.3222,180.2269,357.7257,0.0000,0.0000,0.0000
34.681,520.9875,-1.3816,251.6570,0.2510,3.8000,-0.4500,2.3222,180.2269,357.7257,0.0000,0.0000,0.0000
34.792,520.7275,-1.4003,251.5857,0.2510,3.8000,-0.4500,2.3222,180.2269,357.7257,0.0000,0.0000,0.0000
34.903,520.5108,-1.4151,251.5254,0.2510,3.8000,-0.4500,2.3222,180.2269,357.7257,0.0000,0.0000,0.0000
35.014,520.2508,-1.4319,251.4528,0.2510,3.8000,-0.4500,2.3222,180.2269,357.7257,0.0000,0.0000,0.0000
35.125,520.0341,-1.4449,251.3922,0.2510,3.8000,-0.4500,2.3222,180.2269,357.7257,0.0000,0.0000,0.0000
35.236,519.7737,-1.4593,251.3194,0.2510,3.8000,-0.4500,2.3222,180.2269,357.7257,0.0000,0.0000,0.0000
35.347,519.5571,-1.4700,251.2587,0.2510,3.8000,-0.4500,2.3222,180.2269,357.7257,0.0000,0.0000,0.0000
35.458,519.2971,-1.4814,251.1861,0.2510,3.8000,-0.4500,2.3222,180.2269,357.7257,0.0000,0.0000,0.0000
35.569,519.0371,-1.4910,251.1146,0.2510,3.8000,-0.4500,2.3222,180.2269,357.7257,0.0000,0.0000,0.0000
35.681,518.8205,-1.4977,251.0557,0.2510,3.8000,-0.4500,2.3222,180.2269,357.7257,0.0000,0.0000,0.0000
35.792,518.5607,-1.5040,250.9915,0.2510,3.8000,-0.4500,2.3222,180.2269,357.7257,0.0000,0.0000,0.0000
35.903,518.3439,-1.5068,250.9749,0.2510,3.8000,-0.4500,2.3222,180.2269,357.7257,0.0000,0.0000,0.0000
36.014,518.0843,-1.5072,250.9873,0.2510,3.8000,-0.4500,2.3222,180.2269,357.7257,0.0000,0.0000,0.0000
36.125,517.8683,-1.5056,251.0132,0.2510,3.8000,-0.4500,2.3222,180.2269,357.7257,0.0000,0.0000,0.0000
36.236,517.6093,-1.5017,251.0548,0.2510,3.8000,-0.4500,2.3222,180.2269,357.7257,0.0000,0.0000,0.0000
36.348,517.3942,-1.4948,251.0949,0.2510,3.8000,-0.4500,2.2695,180.2289,357.8813,0.0000,0.0000,0.0000
36.458,517.1351,-1.4879,251.1452,0.2510,3.8000,-0.4500,2.2695,180.2289,357.8813,0.0000,0.0000,0.0000
36.569,516.8770,-1.4788,251.1969,0.2510,3.8000,-0.4500,2.2438,180.2298,357.9584,0.0000,0.0000,0.0000
36.680,516.6624,-1.4692,251.2403,0.2510,3.8000,-0.4500,2.1895,180.2317,358.1125,0.0000,0.0000,0.0000
36.791,516.4039,-1.4599,251.2910,0.2510,3.8000,-0.4500,2.1895,180.2317,358.1125,0.0000,0.0000,0.0000
36.902,516.1897,-1.4496,251.3329,0.2510,3.8000,-0.4500,2.1269,180.2337,358.2640,0.0000,0.0000,0.0000
37.016,515.9315,-1.4397,251.3813,0.2510,3.8000,-0.4500,2.1269,180.2337,358.2640,0.0000,0.0000,0.0000
37.138,515.6743,-1.4279,251.4291,0.2510,3.8000,-0.4500,2.0498,180.2359,358.4102,0.0000,0.0000,0.0000
37.250,515.4168,-1.4173,251.4751,0.2510,3.8000,-0.4500,2.0087,180.2370,358.4793,0.0000,0.0000,0.0000
37.361,515.2023,-1.4087,251.5124,0.2510,3.8000,-0.4500,1.9635,180.2382,358.5467,0.0000,0.0000,0.0000
37.473,514.9452,-1.3980,251.5567,0.2510,3.8000,-0.4500,1.8625,180.2407,358.6809,0.0000,0.0000,0.0000
37.583,514.7310,-1.3899,251.5924,0.2510,3.8000,-0.4500,1.8128,180.2418,358.7456,0.0000,0.0000,0.0000
37.694,514.4738,-1.3815,251.6338,0.2510,3.8000,-0.4500,1.8128,180.2418,358.7456,0.0000,0.0000,0.0000
37.806,514.2605,-1.3736,251.6687,0.2510,3.8000,-0.4500,1.6979,180.2442,358.8671,0.0000,0.0000,0.0000
37.916,514.0034,-1.3664,251.7091,0.2510,3.8000,-0.4500,1.6979,180.2442,358.8671,0.0000,0.0000,0.0000
38.027,513.7900,-1.3600,251.7434,0.2510,3.8000,-0.4500,1.5795,180.2464,358.9749,0.0000,0.0000,0.0000
38.139,513.5336,-1.3543,251.7845,0.2510,3.8000,-0.4500,1.5176,180.2475,359.0245,0.0000,0.0000,0.0000
38.250,513.2772,-1.3504,251.8261,0.2510,3.8000,-0.4500,1.5176,180.2475,359.0245,0.0000,0.0000,0.0000
38.361,513.0640,-1.3479,251.8620,0.2510,3.8000,-0.4500,1.3780,180.2497,359.1177,0.0000,0.0000,0.0000
38.472,512.8080,-1.3471,251.9053,0.2510,3.8000,-0.4500,1.2289,180.2519,359.1967,0.0000,0.0000,0.0000
38.583,512.5945,-1.3485,251.9409,0.2510,3.8000,-0.4500,1.2289,180.2519,359.1967,0.0000,0.0000,0.0000
38.694,512.3388,-1.3527,251.9867,0.2510,3.8000,-0.4500,0.9948,180.2550,359.2885,0.0000,0.0000,0.0000
38.805,512.1254,-1.3584,252.0256,0.2510,3.8000,-0.4500,0.9185,180.2560,359.3142,0.0000,0.0000,0.0000
38.916,511.8696,-1.3686,252.0745,0.2510,3.8000,-0.4500,0.7568,180.2578,359.3526,0.0000,0.0000,0.0000
39.028,511.6564,-1.3795,252.1161,0.2510,3.8000,-0.4500,0.6774,180.2587,359.3682,0.0000,0.0000,0.0000
39.138,511.4005,-1.3969,252.1683,0.2510,3.8000,-0.4500,0.4302,180.2614,359.3990,0.0000,0.0000,0.0000
39.264,511.1450,-1.4178,252.2211,0.2510,3.8000,-0.4500,0.2684,180.2631,359.4094,0.0000,0.0000,0.0000
39.375,510.8895,-1.4434,252.2762,0.2510,3.8000,-0.4500,0.0205,180.2656,359.4131,0.0000,0.0000,0.0000
39.486,510.6763,-1.4670,252.3224,0.2510,3.8000,-0.4500,359.9391,180.2664,359.4102,0.0000,0.0000,0.0000
39.598,510.4205,-1.5005,252.3803,0.2510,3.8000,-0.4500,359.6926,180.2690,359.3975,0.0000,0.0000,0.0000
39.708,510.2073,-1.5304,252.4286,0.2510,3.8000,-0.4500,359.6123,180.2699,359.3905,0.0000,0.0000,0.0000
39.820,509.9520,-1.5707,252.4759,0.2510,3.8000,-0.4500,359.4491,180.2716,359.3748,0.0000,0.0000,0.0000
39.931,509.7085,-1.6107,252.3269,0.2510,3.8000,-0.4500,359.2859,180.2734,359.3561,0.0000,0.0000,0.0000
40.042,509.5182,-1.6409,251.9958,0.2510,3.8000,-0.4500,359.0318,180.2763,359.3313,0.0000,0.0000,0.0000
40.153,509.2998,-1.6699,251.4367,0.2510,3.8000,-0.4500,358.9479,180.2773,359.3297,0.0000,0.0000,0.0000
40.264,509.1219,-1.6918,250.9030,0.2510,3.8000,-0.4500,358.7800,180.2793,359.3293,0.0000,0.0000,0.0000
40.375,508.9109,-1.7158,250.2302,0.2510,3.8000,-0.4500,358.5334,180.2822,359.3537,0.0000,0.0000,0.0000
40.486,508.7357,-1.7332,249.6595,0.2510,3.8000,-0.4500,358.5334,180.2822,359.3537,0.0000,0.0000,0.0000
40.597,508.5263,-1.7545,248.9760,0.2510,3.8000,-0.4500,358.2889,180.2848,359.4020,0.0000,0.0000,0.0000
40.708,508.3516,-1.7710,248.4077,0.2510,3.8000,-0.4500,358.2889,180.2848,359.4020,0.0000,0.0000,0.0000
40.820,508.1426,-1.7914,247.7314,0.2510,3.8000,-0.4500,357.9675,180.2879,359.4915,0.0000,0.0000,0.0000
40.930,507.9333,-1.8104,247.0565,0.2510,3.8000,-0.4500,357.9674,180.2879,359.4915,0.0000,0.0000,0.0000
41.041,507.7591,-1.8261,246.4966,0.2510,3.8000,-0.4500,357.8901,180.2886,359.5181,0.0000,0.0000,0.0000
41.153,507.5502,-1.8446,245.8251,0.2510,3.8000,-0.4500,357.8124,180.2892,359.5452,0.0000,0.0000,0.0000
41.264,507.3777,-1.8590,245.2483,0.2510,3.8000,-0.4500,357.5812,180.2909,359.6339,0.0000,0.0000,0.0000
41.375,507.1674,-1.8764,244.6005,0.2510,3.8000,-0.4500,357.5812,180.2909,359.6339,0.0000,0.0000,0.0000
41.486,506.9853,-1.8958,244.1708,0.2510,3.8000,-0.4500,357.5812,180.2909,359.6339,0.0000,0.0000,0.0000
41.611,506.7174,-1.9335,243.7618,0.2510,3.8000,-0.4500,357.3571,180.2922,359.7302,0.0000,0.0000,0.0000
41.722,506.5169,-1.9674,243.5842,0.2510,3.8000,-0.4500,357.3571,180.2922,359.7302,0.0000,0.0000,0.0000
41.834,506.2693,-2.0140,243.4641,0.2510,3.8000,-0.4500,357.3571,180.2922,359.7302,0.0000,0.0000,0.0000
41.944,506.0598,-2.0565,243.4220,0.2510,3.8000,-0.4500,357.3571,180.2922,359.7302,0.0000,0.0000,0.0000
42.055,505.8073,-2.1101,243.4195,0.2510,3.8000,-0.4500,357.3571,180.2922,359.7303,0.0000,0.0000,0.0000
42.166,505.5970,-2.1556,243.4445,0.2510,3.8000,-0.4500,357.3571,180.2922,359.7302,0.0000,0.0000,0.0000
42.277,505.3449,-2.2099,243.4954,0.2510,3.8000,-0.4500,357.3571,180.2922,359.7302,0.0000,0.0000,0.0000
42.388,505.1351,-2.2539,243.5489,0.2510,3.8000,-0.4500,357.3571,180.2922,359.7302,0.0000,0.0000,0.0000
42.500,504.8837,-2.3045,243.6219,0.2510,3.8000,-0.4500,357.3571,180.2922,359.7302,0.0000,0.0000,0.0000
42.610,504.6328,-2.3519,243.7011,0.2510,3.8000,-0.4500,357.3571,180.2922,359.7302,0.0000,0.0000,0.0000
42.722,504.4240,-2.3885,243.7700,0.2510,3.8000,-0.4500,357.3571,180.2922,359.7302,0.0000,0.0000,0.0000
42.833,504.1738,-2.4284,243.8548,0.2510,3.8000,-0.4500,357.3571,180.2922,359.7302,0.0000,0.0000,0.0000
42.944,503.9656,-2.4581,243.9265,0.2510,3.8000,-0.4500,357.3571,180.2922,359.7302,0.0000,0.0000,0.0000
43.055,503.7170,-2.4858,244.0128,0.2510,3.8000,-0.4500,357.3899,180.2921,359.8914,0.0000,0.0000,0.0000
43.166,503.5097,-2.5057,244.0844,0.2510,3.8000,-0.4500,357.4272,180.2920,359.9681,0.0000,0.0000,0.0000
43.278,503.2614,-2.5230,244.1695,0.2510,3.8000,-0.4500,357.5087,180.2921,0.1188,0.0000,0.0000,0.0000
43.389,503.0553,-2.5310,244.2394,0.2510,3.8000,-0.4500,357.6677,180.2927,0.3132,0.0000,0.0000,0.0000
43.500,502.8075,-2.5363,244.3228,0.2510,3.8000,-0.4500,357.8524,180.2940,0.4760,0.0000,0.0000,0.0000
43.611,502.5598,-2.5371,244.4061,0.2510,3.8000,-0.4500,357.9875,180.2952,0.5736,0.0000,0.0000,0.0000
43.737,502.3129,-2.5291,244.4883,0.2510,3.8000,-0.4500,358.2802,180.2986,0.7444,0.0000,0.0000,0.0000
43.847,502.1071,-2.5198,244.5574,0.2510,3.8000,-0.4500,358.4290,180.3006,0.8154,0.0000,0.0000,0.0000
43.958,501.8610,-2.4998,244.6390,0.2510,3.8000,-0.4500,358.8284,180.3069,0.9744,0.0000,0.0000,0.0000
44.069,501.6556,-2.4822,244.7086,0.2510,3.8000,-0.4500,358.9077,180.3082,1.0016,0.0000,0.0000,0.0000
44.180,501.4100,-2.4518,244.7906,0.2510,3.8000,-0.4500,359.2279,180.3141,1.1096,0.0000,0.0000,0.0000
44.291,501.1651,-2.4145,244.8726,0.2510,3.8000,-0.4500,359.5505,180.3207,1.2203,0.0000,0.0000,0.0000
44.402,500.9612,-2.3795,244.9415,0.2510,3.8000,-0.4500,359.7046,180.3241,1.2749,0.0000,0.0000,0.0000
44.514,500.7177,-2.3286,245.0231,0.2510,3.8000,-0.4500,0.0293,180.3316,1.4034,0.0000,0.0000,0.0000
44.624,500.5151,-2.2820,245.0918,0.2510,3.8000,-0.4500,0.1854,180.3355,1.4692,0.0000,0.0000,0.0000
44.751,500.2326,-2.2065,245.1873,0.2510,3.8000,-0.4500,0.4927,180.3438,1.6069,0.0000,0.0000,0.0000
44.861,500.0319,-2.1461,245.2556,0.2510,3.8000,-0.4500,0.7206,180.3504,1.7194,0.0000,0.0000,0.0000
44.973,499.7921,-2.0663,245.3380,0.2510,3.8000,-0.4500,1.0216,180.3598,1.8751,0.0000,0.0000,0.0000
45.083,499.5929,-1.9960,245.4084,0.2510,3.8000,-0.4500,1.1654,180.3647,1.9528,0.0000,0.0000,0.0000
45.194,499.3551,-1.9045,245.4938,0.2510,3.8000,-0.4500,1.3832,180.3723,2.0750,0.0000,0.0000,0.0000
45.305,499.1579,-1.8225,245.5657,0.2510,3.8000,-0.4500,1.6005,180.3804,2.2006,0.0000,0.0000,0.0000
45.416,498.9219,-1.7205,245.6540,0.2510,3.8000,-0.4500,1.7399,180.3859,2.2826,0.0000,0.0000,0.0000
45.528,498.7265,-1.6291,245.7275,0.2510,3.8000,-0.4500,1.9624,180.3950,2.4157,0.0000,0.0000,0.0000
45.638,498.4925,-1.5169,245.8172,0.2510,3.8000,-0.4500,2.1038,180.4011,2.5006,0.0000,0.0000,0.0000
45.750,498.2594,-1.3998,245.9076,0.2510,3.8000,-0.4500,2.2453,180.4074,2.5857,0.0000,0.0000,0.0000
45.861,498.0654,-1.2999,245.9836,0.2510,3.8000,-0.4500,2.3181,180.4107,2.6291,0.0000,0.0000,0.0000
45.972,497.8337,-1.1758,246.0746,0.2510,3.8000,-0.4500,2.4629,180.4175,2.7150,0.0000,0.0000,0.0000
46.097,497.6023,-1.0500,246.1667,0.2510,3.8000,-0.4500,2.5352,180.4209,2.7561,0.0000,0.0000,0.0000
46.208,497.4104,-0.9421,246.2428,0.2510,3.8000,-0.4500,2.6779,180.4279,2.8367,0.0000,0.0000,0.0000
46.319,497.1796,-0.8141,246.3354,0.2510,3.8000,-0.4500,2.6779,180.4279,2.8367,0.0000,0.0000,0.0000
46.430,496.9489,-0.6853,246.4275,0.2510,3.8000,-0.4500,2.6779,180.4279,2.8367,0.0000,0.0000,0.0000
46.541,496.7566,-0.5780,246.5038,0.2510,3.8000,-0.4500,2.6779,180.4279,2.8367,0.0000,0.0000,0.0000
46.653,496.5258,-0.4497,246.5950,0.2510,3.8000,-0.4500,2.6779,180.4279,2.8367,0.0000,0.0000,0.0000
46.763,496.3334,-0.3439,246.6708,0.2510,3.8000,-0.4500,2.6779,180.4279,2.8367,0.0000,0.0000,0.0000
46.875,496.1020,-0.2187,246.7614,0.2510,3.8000,-0.4500,2.6779,180.4279,2.8367,0.0000,0.0000,0.0000
46.985,495.9087,-0.1166,246.8337,0.2510,3.8000,-0.4500,2.6779,180.4279,2.8366,0.0000,0.0000,0.0000
47.097,495.6758,0.0026,246.9143,0.2510,3.8000,-0.4500,2.6779,180.4279,2.8367,0.0000,0.0000,0.0000
47.208,495.4808,0.0987,246.9771,0.2510,3.8000,-0.4500,2.6779,180.4279,2.8366,0.0000,0.0000,0.0000
47.319,495.2458,0.2095,247.0488,0.2510,3.8000,-0.4500,2.6779,180.4279,2.8366,0.0000,0.0000,0.0000
47.430,495.0099,0.3150,247.1182,0.2510,3.8000,-0.4500,2.6779,180.4279,2.8366,0.0000,0.0000,0.0000
47.541,494.8124,0.3985,247.1750,0.2510,3.8000,-0.4500,2.6779,180.4279,2.8367,0.0000,0.0000,0.0000
47.653,494.5745,0.4929,247.2425,0.2510,3.8000,-0.4500,2.6779,180.4279,2.8366,0.0000,0.0000,0.0000
47.763,494.3755,0.5665,247.2984,0.2510,3.8000,-0.4500,2.6779,180.4279,2.8367,0.0000,0.0000,0.0000
47.874,494.1322,0.6406,247.3655,0.2510,3.8000,-0.4500,2.5916,180.4240,2.4291,0.0000,0.0000,0.0000
47.985,493.9295,0.6998,247.4184,0.2510,3.8000,-0.4500,2.5276,180.4213,2.2792,0.0000,0.0000,0.0000
48.096,493.6845,0.7625,247.4788,0.2510,3.8000,-0.4500,2.4100,180.4169,2.0562,0.0000,0.0000,0.0000
48.207,493.4786,0.8077,247.5260,0.2510,3.8000,-0.4500,2.2792,180.4124,1.8402,0.0000,0.0000,0.0000
48.318,493.2299,0.8535,247.5788,0.2510,3.8000,-0.4500,2.0759,180.4064,1.5605,0.0000,0.0000,0.0000
48.429,492.9803,0.8940,247.6261,0.2510,3.8000,-0.4500,1.9746,180.4038,1.4277,0.0000,0.0000,0.0000
48.542,492.7695,0.9157,247.6638,0.2510,3.8000,-0.4500,1.6979,180.3977,1.0958,0.0000,0.0000,0.0000
48.652,492.5170,0.9402,247.7031,0.2510,3.8000,-0.4500,1.5872,180.3957,0.9683,0.0000,0.0000,0.0000
48.763,492.3039,0.9486,247.7345,0.2510,3.8000,-0.4500,1.2977,180.3916,0.6442,0.0000,0.0000,0.0000
48.874,492.0483,0.9556,247.7675,0.2510,3.8000,-0.4500,1.1270,180.3900,0.4574,0.0000,0.0000,0.0000
48.985,491.8348,0.9558,247.7948,0.2510,3.8000,-0.4500,1.0144,180.3892,0.3351,0.0000,0.0000,0.0000
49.096,491.5774,0.9459,247.8318,0.2510,3.8000,-0.4500,0.7870,180.3883,0.0904,0.0000,0.0000,0.0000
49.208,491.3623,0.9302,247.8665,0.2510,3.8000,-0.4500,0.5546,180.3885,359.8420,0.0000,0.0000,0.0000
49.318,491.1045,0.9070,247.9113,0.2510,3.8000,-0.4500,0.3857,180.3892,359.6619,0.0000,0.0000,0.0000
49.445,490.8464,0.8761,247.9599,0.2510,3.8000,-0.4500,0.2163,180.3905,359.4812,0.0000,0.0000,0.0000
49.555,490.5876,0.8361,248.0130,0.2510,3.8000,-0.4500,359.9883,180.3930,359.2375,0.0000,0.0000,0.0000
49.666,490.3730,0.8010,248.0615,0.2510,3.8000,-0.4500,359.9325,180.3938,359.1778,0.0000,0.0000,0.0000
49.777,490.1147,0.7499,248.1268,0.2510,3.8000,-0.4500,359.7648,180.3965,358.9970,0.0000,0.0000,0.0000
49.888,489.8991,0.7002,248.1863,0.2510,3.8000,-0.4500,359.5391,180.4009,358.7509,0.0000,0.0000,0.0000
49.999,489.6418,0.6411,248.2611,0.2510,3.8000,-0.4500,359.4850,180.4021,358.6907,0.0000,0.0000,0.0000
50.111,489.3842,0.5752,248.3403,0.2510,3.8000,-0.4500,359.3748,180.4048,358.5669,0.0000,0.0000,0.0000
50.222,489.1695,0.5159,248.4098,0.2510,3.8000,-0.4500,359.2648,180.4076,358.4422,0.0000,0.0000,0.0000
50.334,488.9121,0.4413,248.4984,0.2510,3.8000,-0.4500,359.1524,180.4108,358.3165,0.0000,0.0000,0.0000
50.444,488.6979,0.3754,248.5763,0.2510,3.8000,-0.4500,359.0427,180.4141,358.1951,0.0000,0.0000,0.0000
50.555,488.4419,0.2963,248.6734,0.2510,3.8000,-0.4500,359.0427,180.4141,358.1951,0.0000,0.0000,0.0000
50.679,488.1853,0.2106,248.7747,0.2510,3.8000,-0.4500,358.9264,180.4179,358.0797,0.0000,0.0000,0.0000
50.791,487.9290,0.1217,248.8787,0.2510,3.8000,-0.4500,358.8062,180.4221,357.9716,0.0000,0.0000,0.0000
50.902,487.7159,0.0479,248.9662,0.2510,3.8000,-0.4500,358.8062,180.4221,357.9716,0.0000,0.0000,0.0000
51.013,487.4599,-0.0454,249.0728,0.2510,3.8000,-0.4500,358.6729,180.4269,357.8737,0.0000,0.0000,0.0000
51.124,487.2472,-0.1222,249.1618,0.2510,3.8000,-0.4500,358.6729,180.4269,357.8737,0.0000,0.0000,0.0000
51.235,486.9917,-0.2167,249.2695,0.2510,3.8000,-0.4500,358.6021,180.4296,357.8341,0.0000,0.0000,0.0000
51.347,486.7788,-0.2950,249.3595,0.2510,3.8000,-0.4500,358.6021,180.4296,357.8340,0.0000,0.0000,0.0000
51.458,486.5238,-0.3900,249.4684,0.2510,3.8000,-0.4500,358.5251,180.4325,357.8042,0.0000,0.0000,0.0000
51.569,486.3114,-0.4678,249.5592,0.2510,3.8000,-0.4500,358.5251,180.4325,357.8042,0.0000,0.0000,0.0000
51.680,486.0567,-0.5617,249.6696,0.2510,3.8000,-0.4500,358.3589,180.4389,357.7896,0.0000,0.0000,0.0000
51.791,485.8022,-0.6522,249.7791,0.2510,3.8000,-0.4500,358.3589,180.4389,357.7896,0.0000,0.0000,0.0000
51.902,485.5904,-0.7259,249.8707,0.2510,3.8000,-0.4500,358.3589,180.4389,357.7896,0.0000,0.0000,0.0000
52.013,485.3365,-0.8115,249.9808,0.2510,3.8000,-0.4500,358.3589,180.4389,357.7896,0.0000,0.0000,0.0000
52.124,485.1254,-0.8800,250.0732,0.2510,3.8000,-0.4500,358.2861,180.4417,357.8323,0.0000,0.0000,0.0000
52.235,484.8725,-0.9584,250.1836,0.2510,3.8000,-0.4500,358.2148,180.4443,357.8768,0.0000,0.0000,0.0000
52.346,484.6625,-1.0191,250.2756,0.2510,3.8000,-0.4500,358.1067,180.4482,358.0027,0.0000,0.0000,0.0000
52.457,484.4101,-1.0883,250.3843,0.2510,3.8000,-0.4500,358.0567,180.4500,358.0667,0.0000,0.0000,0.0000
52.569,484.1592,-1.1494,250.4922,0.2510,3.8000,-0.4500,357.9719,180.4526,358.3007,0.0000,0.0000,0.0000
52.680,483.9491,-1.1988,250.5682,0.2510,3.8000,-0.4500,357.9719,180.4526,358.3007,0.0000,0.0000,0.0000
52.791,483.7083,-1.2431,250.4582,0.2510,3.8000,-0.4500,357.9449,180.4534,358.5456,0.0000,0.0000,0.0000
52.903,483.5197,-1.2688,250.1474,0.2510,3.8000,-0.4500,357.9425,180.4534,358.7094,0.0000,0.0000,0.0000
53.013,483.3030,-1.2892,249.6028,0.2510,3.8000,-0.4500,357.9596,180.4531,358.8742,0.0000,0.0000,0.0000
53.124,483.1265,-1.3011,249.0743,0.2510,3.8000,-0.4500,357.9731,180.4528,358.9581,0.0000,0.0000,0.0000
53.235,482.9181,-1.3077,248.4025,0.2510,3.8000,-0.4500,358.0160,180.4521,359.2044,0.0000,0.0000,0.0000
53.346,482.7445,-1.3144,247.8252,0.2510,3.8000,-0.4500,358.0161,180.4522,359.2044,0.0000,0.0000,0.0000
53.457,482.5368,-1.3182,247.1357,0.2510,3.8000,-0.4500,358.0367,180.4519,359.2844,0.0000,0.0000,0.0000
53.568,482.3600,-1.3182,246.6478,0.2510,3.8000,-0.4500,358.1113,180.4511,359.5287,0.0000,0.0000,0.0000
53.680,482.1357,-1.3252,246.2231,0.2510,3.8000,-0.4500,358.1358,180.4509,359.6046,0.0000,0.0000,0.0000
53.791,481.8992,-1.3362,245.9595,0.2510,3.8000,-0.4500,358.1358,180.4509,359.6046,0.0000,0.0000,0.0000
53.903,481.6955,-1.3448,245.8357,0.2510,3.8000,-0.4500,358.1785,180.4507,359.6750,0.0000,0.0000,0.0000
54.013,481.4473,-1.3540,245.7692,0.2510,3.8000,-0.4500,358.2663,180.4503,359.8118,0.0000,0.0000,0.0000
54.124,481.2386,-1.3636,245.7608,0.2510,3.8000,-0.4500,358.2663,180.4503,359.8118,0.0000,0.0000,0.0000
54.236,480.9883,-1.3722,245.7866,0.2510,3.8000,-0.4500,358.3250,180.4501,359.8657,0.0000,0.0000,0.0000
54.346,480.7800,-1.3762,245.8271,0.2510,3.8000,-0.4500,358.4585,180.4499,359.9622,0.0000,0.0000,0.0000
54.458,480.5297,-1.3809,245.8904,0.2510,3.8000,-0.4500,358.5305,180.4499,-0.0001,0.0000,0.0000,0.0000
54.569,480.3215,-1.3817,245.9499,0.2510,3.8000,-0.4500,358.6845,180.4500,0.0635,0.0000,0.0000,0.0000
54.680,480.0716,-1.3813,246.0273,0.2510,3.8000,-0.4500,358.8428,180.4502,0.1078,0.0000,0.0000,0.0000
54.791,479.8216,-1.3781,246.1087,0.2510,3.8000,-0.4500,359.0927,180.4507,0.1430,0.0000,0.0000,0.0000
54.902,479.6133,-1.3753,246.1796,0.2510,3.8000,-0.4500,359.1754,180.4509,0.1454,0.0000,0.0000,0.0000
55.013,479.3630,-1.3696,246.2657,0.2510,3.8000,-0.4500,359.3415,180.4514,0.1468,0.0000,0.0000,0.0000
55.139,479.1126,-1.3619,246.3522,0.2510,3.8000,-0.4500,359.5835,180.4520,0.1248,0.0000,0.0000,0.0000
55.263,478.8619,-1.3528,246.4389,0.2510,3.8000,-0.4500,359.8324,180.4524,0.0803,0.0000,0.0000,0.0000
55.374,478.6109,-1.3431,246.5261,0.2510,3.8000,-0.4500,359.9122,180.4525,0.0645,0.0000,0.0000,0.0000
55.485,478.4014,-1.3337,246.5976,0.2510,3.8000,-0.4500,0.0720,180.4526,0.0209,0.0000,0.0000,0.0000
55.596,478.1494,-1.3213,246.6819,0.2510,3.8000,-0.4500,0.3871,180.4525,359.9197,0.0000,0.0000,0.0000
55.707,477.9399,-1.3107,246.7533,0.2510,3.8000,-0.4500,0.3871,180.4525,359.9197,0.0000,0.0000,0.0000
55.818,477.6873,-1.2971,246.8368,0.2510,3.8000,-0.4500,0.6185,180.4519,359.8241,0.0000,0.0000,0.0000
55.930,477.4346,-1.2831,246.9202,0.2510,3.8000,-0.4500,0.7677,180.4514,359.7561,0.0000,0.0000,0.0000
56.040,477.2237,-1.2711,246.9892,0.2510,3.8000,-0.4500,0.9146,180.4507,359.6835,0.0000,0.0000,0.0000
56.152,476.9703,-1.2565,247.0724,0.2510,3.8000,-0.4500,0.9852,180.4503,359.6460,0.0000,0.0000,0.0000
56.263,476.7582,-1.2447,247.1405,0.2510,3.8000,-0.4500,1.2040,180.4487,359.5197,0.0000,0.0000,0.0000
56.374,476.5036,-1.2306,247.2228,0.2510,3.8000,-0.4500,1.3448,180.4474,359.4281,0.0000,0.0000,0.0000
56.485,476.2915,-1.2190,247.2915,0.2510,3.8000,-0.4500,1.4139,180.4466,359.3822,0.0000,0.0000,0.0000
56.597,476.0363,-1.2058,247.3736,0.2510,3.8000,-0.4500,1.5440,180.4451,359.2867,0.0000,0.0000,0.0000
56.707,475.8232,-1.1957,247.4418,0.2510,3.8000,-0.4500,1.6723,180.4434,359.1838,0.0000,0.0000,0.0000
56.819,475.5672,-1.1844,247.5240,0.2510,3.8000,-0.4500,1.7955,180.4416,359.0747,0.0000,0.0000,0.0000
56.930,475.3113,-1.1738,247.6068,0.2510,3.8000,-0.4500,1.8553,180.4406,359.0206,0.0000,0.0000,0.0000
57.041,475.0977,-1.1660,247.6760,0.2510,3.8000,-0.4500,1.9118,180.4396,358.9619,0.0000,0.0000,0.0000
57.152,474.8401,-1.1593,247.7587,0.2510,3.8000,-0.4500,2.0770,180.4363,358.7779,0.0000,0.0000,0.0000
57.263,474.6262,-1.1533,247.8285,0.2510,3.8000,-0.4500,2.0770,180.4363,358.7779,0.0000,0.0000,0.0000
57.374,474.3687,-1.1484,247.9120,0.2510,3.8000,-0.4500,2.1265,180.4352,358.7097,0.0000,0.0000,0.0000
57.485,474.1538,-1.1459,247.9816,0.2510,3.8000,-0.4500,2.1756,180.4341,358.6410,0.0000,0.0000,0.0000
57.597,473.8952,-1.1454,248.0653,0.2510,3.8000,-0.4500,2.2644,180.4319,358.4955,0.0000,0.0000,0.0000
57.708,473.6798,-1.1458,248.1359,0.2510,3.8000,-0.4500,2.3068,180.4307,358.4242,0.0000,0.0000,0.0000
57.818,473.4216,-1.1470,248.2219,0.2510,3.8000,-0.4500,2.3068,180.4307,358.4242,0.0000,0.0000,0.0000
57.930,473.1628,-1.1511,248.3087,0.2510,3.8000,-0.4500,2.3413,180.4297,358.3502,0.0000,0.0000,0.0000
58.041,472.9469,-1.1562,248.3822,0.2510,3.8000,-0.4500,2.3729,180.4288,358.2752,0.0000,0.0000,0.0000
58.152,472.6873,-1.1650,248.4714,0.2510,3.8000,-0.4500,2.4269,180.4271,358.1201,0.0000,0.0000,0.0000
58.263,472.4716,-1.1717,248.5472,0.2510,3.8000,-0.4500,2.4269,180.4271,358.1200,0.0000,0.0000,0.0000
58.374,472.2127,-1.1813,248.6391,0.2510,3.8000,-0.4500,2.4269,180.4271,358.1201,0.0000,0.0000,0.0000
58.485,471.9964,-1.1918,248.7162,0.2510,3.8000,-0.4500,2.4442,180.4265,358.0399,0.0000,0.0000,0.0000
58.596,471.7373,-1.2040,248.8095,0.2510,3.8000,-0.4500,2.4442,180.4265,358.0399,0.0000,0.0000,0.0000
58.708,471.5212,-1.2152,248.8877,0.2510,3.8000,-0.4500,2.4442,180.4265,358.0399,0.0000,0.0000,0.0000
58.819,471.2615,-1.2309,248.9819,0.2510,3.8000,-0.4500,2.4536,180.4262,357.9585,0.0000,0.0000,0.0000
58.929,471.0022,-1.2460,249.0768,0.2510,3.8000,-0.4500,2.4536,180.4262,357.9585,0.0000,0.0000,0.0000
59.042,470.7862,-1.2589,249.1563,0.2510,3.8000,-0.4500,2.4536,180.4262,357.9585,0.0000,0.0000,0.0000
59.152,470.5269,-1.2747,249.2518,0.2510,3.8000,-0.4500,2.4536,180.4262,357.9585,0.0000,0.0000,0.0000
59.263,470.3109,-1.2877,249.3313,0.2510,3.8000,-0.4500,2.4536,180.4262,357.9585,0.0000,0.0000,0.0000
59.364,470.0949,-1.3006,249.4108,0.2510,3.8000,-0.4500,2.4536,180.4262,357.9585,0.0000,0.0000,0.0000
59.472,469.8358,-1.3153,249.5062,0.2510,3.8000,-0.4500,2.4536,180.4262,357.9585,0.0000,0.0000,0.0000
59.583,469.6199,-1.3268,249.5858,0.2510,3.8000,-0.4500,2.4536,180.4262,357.9585,0.0000,0.0000,0.0000
59.693,469.3610,-1.3394,249.6811,0.2510,3.8000,-0.4500,2.4536,180.4262,357.9585,0.0000,0.0000,0.0000
59.818,469.1022,-1.3503,249.7762,0.2510,3.8000,-0.4500,2.4536,180.4262,357.9585,0.0000,0.0000,0.0000
59.929,468.8868,-1.3579,249.8551,0.2510,3.8000,-0.4500,2.4537,180.4262,357.9585,0.0000,0.0000,0.0000
60.042,468.6285,-1.3647,249.9496,0.2510,3.8000,-0.4500,2.4537,180.4262,357.9585,0.0000,0.0000,0.0000
60.151,468.3705,-1.3688,250.0437,0.2510,3.8000,-0.4500,2.4537,180.4262,357.9585,0.0000,0.0000,0.0000
60.263,468.1557,-1.3698,250.1220,0.2510,3.8000,-0.4500,2.4537,180.4262,357.9585,0.0000,0.0000,0.0000
60.388,467.8984,-1.3679,250.2156,0.2510,3.8000,-0.4500,2.4537,180.4262,357.9585,0.0000,0.0000,0.0000
60.499,467.6414,-1.3624,250.3087,0.2510,3.8000,-0.4500,2.4537,180.4262,357.9585,0.0000,0.0000,0.0000
60.610,467.3848,-1.3529,250.4014,0.2510,3.8000,-0.4500,2.4537,180.4262,357.9585,0.0000,0.0000,0.0000
60.722,467.1714,-1.3418,250.4783,0.2510,3.8000,-0.4500,2.4537,180.4262,357.9585,0.0000,0.0000,0.0000
60.833,466.9158,-1.3244,250.5702,0.2510,3.8000,-0.4500,2.4537,180.4262,357.9585,0.0000,0.0000,0.0000
60.944,466.7053,-1.3005,250.6461,0.2510,3.8000,-0.4500,2.4200,180.4273,358.3042,0.0000,0.0000,0.0000
61.055,466.4521,-1.2702,250.7351,0.2510,3.8000,-0.4500,2.4093,180.4276,358.5509,0.0000,0.0000,0.0000
61.166,466.2403,-1.2450,250.8074,0.2510,3.8000,-0.4500,2.4093,180.4276,358.5509,0.0000,0.0000,0.0000
61.278,465.9893,-1.2025,250.8918,0.2510,3.8000,-0.4500,2.4132,180.4275,358.9823,0.0000,0.0000,0.0000
61.388,465.7784,-1.1697,250.9603,0.2510,3.8000,-0.4500,2.4132,180.4275,358.9823,0.0000,0.0000,0.0000
61.499,465.5282,-1.1195,251.0402,0.2510,3.8000,-0.4500,2.4302,180.4273,359.3321,0.0000,0.0000,0.0000
61.610,465.2770,-1.0692,251.1181,0.2510,3.8000,-0.4500,2.4347,180.4272,359.4150,0.0000,0.0000,0.0000
61.722,465.0689,-1.0218,251.1813,0.2510,3.8000,-0.4500,2.4458,180.4271,359.5796,0.0000,0.0000,0.0000
61.833,464.8215,-0.9564,251.2555,0.2510,3.8000,-0.4500,2.4776,180.4270,-0.0001,0.0000,0.0000,0.0000
61.943,464.6137,-0.9046,251.3168,0.2510,3.8000,-0.4500,2.4776,180.4270,-0.0001,0.0000,0.0000,0.0000
62.055,464.3670,-0.8338,251.3891,0.2510,3.8000,-0.4500,2.4981,180.4271,0.2495,0.0000,0.0000,0.0000
62.166,464.1619,-0.7720,251.4490,0.2510,3.8000,-0.4500,2.5123,180.4272,0.4200,0.0000,0.0000,0.0000
62.277,463.9167,-0.6946,251.5212,0.2510,3.8000,-0.4500,2.5263,180.4273,0.5870,0.0000,0.0000,0.0000
62.388,463.7133,-0.6263,251.5819,0.2510,3.8000,-0.4500,2.5405,180.4275,0.7526,0.0000,0.0000,0.0000
62.499,463.4699,-0.5412,251.6556,0.2510,3.8000,-0.4500,2.5561,180.4277,0.9257,0.0000,0.0000,0.0000
62.611,463.2278,-0.4524,251.7305,0.2510,3.8000,-0.4500,2.5714,180.4279,1.0937,0.0000,0.0000,0.0000
62.722,463.0262,-0.3768,251.7939,0.2510,3.8000,-0.4500,2.5792,180.4281,1.1767,0.0000,0.0000,0.0000
62.833,462.7859,-0.2819,251.8710,0.2510,3.8000,-0.4500,2.5947,180.4285,1.3425,0.0000,0.0000,0.0000
62.944,462.5859,-0.2018,251.9363,0.2510,3.8000,-0.4500,2.6017,180.4286,1.4247,0.0000,0.0000,0.0000
63.055,462.3464,-0.1037,252.0161,0.2510,3.8000,-0.4500,2.6086,180.4288,1.5072,0.0000,0.0000,0.0000
63.166,462.1482,-0.0188,252.0835,0.2510,3.8000,-0.4500,2.6184,180.4291,1.6730,0.0000,0.0000,0.0000
63.277,461.9106,0.0822,252.1660,0.2510,3.8000,-0.4500,2.6228,180.4292,1.7535,0.0000,0.0000,0.0000
63.388,461.7125,0.1660,252.2361,0.2510,3.8000,-0.4500,2.6228,180.4292,1.7535,0.0000,0.0000,0.0000
63.499,461.4750,0.2667,252.3206,0.2510,3.8000,-0.4500,2.6228,180.4292,1.7535,0.0000,0.0000,0.0000
63.612,461.2376,0.3666,252.4052,0.2510,3.8000,-0.4500,2.6228,180.4292,1.7535,0.0000,0.0000,0.0000
63.723,461.0379,0.4081,252.4773,0.2510,3.8000,-0.4500,2.6228,180.4292,1.7535,0.0000,0.0000,0.0000
63.833,460.7900,0.4438,252.5642,0.2510,3.8000,-0.4500,2.5774,180.4280,1.1286,0.0000,0.0000,0.0000
63.946,460.5738,0.4471,252.6355,0.2510,3.8000,-0.4500,2.5251,180.4275,359.9046,0.0000,0.0000,0.0000
64.055,460.3116,0.4179,252.7189,0.2510,3.8000,-0.4500,2.4855,180.4280,358.6424,0.0000,0.0000,0.0000
64.166,460.0951,0.4027,252.7881,0.2510,3.8000,-0.4500,2.4687,180.4285,358.1705,0.0000,0.0000,0.0000
64.280,459.8379,0.3951,252.8721,0.2510,3.8000,-0.4500,2.4687,180.4285,358.1705,0.0000,0.0000,0.0000
64.402,459.5802,0.3895,252.9567,0.2510,3.8000,-0.4500,2.4687,180.4285,358.1705,0.0000,0.0000,0.0000
64.513,459.3224,0.3870,253.0411,0.2510,3.8000,-0.4500,2.4687,180.4285,358.1705,0.0000,0.0000,0.0000
64.625,459.1076,0.3876,253.1113,0.2510,3.8000,-0.4500,2.4687,180.4285,358.1705,0.0000,0.0000,0.0000
64.735,458.8499,0.3917,253.1952,0.2510,3.8000,-0.4500,2.4687,180.4285,358.1705,0.0000,0.0000,0.0000
64.847,458.6353,0.3977,253.2655,0.2510,3.8000,-0.4500,2.4686,180.4285,358.1705,0.0000,0.0000,0.0000
64.958,458.3782,0.4082,253.3505,0.2510,3.8000,-0.4500,2.4686,180.4285,358.1705,0.0000,0.0000,0.0000
65.069,458.1216,0.4221,253.4361,0.2510,3.8000,-0.4500,2.4686,180.4285,358.1705,0.0000,0.0000,0.0000
65.180,457.9081,0.4362,253.5077,0.2510,3.8000,-0.4500,2.4686,180.4285,358.1704,0.0000,0.0000,0.0000
65.291,457.6525,0.4562,253.5939,0.2510,3.8000,-0.4500,2.4686,180.4285,358.1705,0.0000,0.0000,0.0000
65.402,457.4409,0.4782,253.6660,0.2510,3.8000,-0.4500,2.4505,180.4290,358.3325,0.0000,0.0000,0.0000
65.513,457.1879,0.5086,253.7527,0.2510,3.8000,-0.4500,2.4258,180.4297,358.5813,0.0000,0.0000,0.0000
65.624,456.9762,0.5330,253.8246,0.2510,3.8000,-0.4500,2.4258,180.4297,358.5813,0.0000,0.0000,0.0000
65.736,456.7249,0.5709,253.9104,0.2510,3.8000,-0.4500,2.3972,180.4303,358.9151,0.0000,0.0000,0.0000
65.847,456.5141,0.6002,253.9810,0.2510,3.8000,-0.4500,2.3972,180.4303,358.9151,0.0000,0.0000,0.0000
65.958,456.2631,0.6424,254.0649,0.2510,3.8000,-0.4500,2.3760,180.4307,359.1631,0.0000,0.0000,0.0000
66.069,456.0530,0.6762,254.1327,0.2510,3.8000,-0.4500,2.3760,180.4307,359.1631,0.0000,0.0000,0.0000
66.180,455.8022,0.7218,254.2090,0.2510,3.8000,-0.4500,2.3607,180.4309,359.3253,0.0000,0.0000,0.0000
66.291,455.5509,0.7683,254.2800,0.2510,3.8000,-0.4500,2.3521,180.4310,359.4066,0.0000,0.0000,0.0000
66.403,455.3423,0.8102,254.3357,0.2510,3.8000,-0.4500,2.3322,180.4312,359.5719,0.0000,0.0000,0.0000
66.513,455.0913,0.8602,254.3996,0.2510,3.8000,-0.4500,2.3215,180.4312,359.6537,0.0000,0.0000,0.0000
66.625,454.8836,0.9059,254.4513,0.2510,3.8000,-0.4500,2.2823,180.4314,359.8980,0.0000,0.0000,0.0000
66.735,454.6329,0.9572,254.5121,0.2510,3.8000,-0.4500,2.2823,180.4314,359.8980,0.0000,0.0000,0.0000
66.848,454.4247,1.0020,254.5624,0.2510,3.8000,-0.4500,2.2647,180.4314,359.9758,0.0000,0.0000,0.0000
66.958,454.1747,1.0549,254.6224,0.2510,3.8000,-0.4500,2.2647,180.4314,359.9758,0.0000,0.0000,0.0000
67.069,453.9677,1.1018,254.6726,0.2510,3.8000,-0.4500,2.2193,180.4314,0.1350,0.0000,0.0000,0.0000
67.180,453.7183,1.1551,254.7328,0.2510,3.8000,-0.4500,2.2193,180.4314,0.1350,0.0000,0.0000,0.0000
67.292,453.4698,1.2092,254.7933,0.2510,3.8000,-0.4500,2.1886,180.4313,0.2101,0.0000,0.0000,0.0000
67.402,453.2624,1.2530,254.8438,0.2510,3.8000,-0.4500,2.1886,180.4313,0.2101,0.0000,0.0000,0.0000
67.513,453.0146,1.3064,254.9053,0.2510,3.8000,-0.4500,2.1092,180.4309,0.3534,0.0000,0.0000,0.0000
67.624,452.8073,1.3483,254.9564,0.2510,3.8000,-0.4500,2.1092,180.4309,0.3534,0.0000,0.0000,0.0000
67.735,452.5584,1.3969,255.0157,0.2510,3.8000,-0.4500,2.1092,180.4309,0.3534,0.0000,0.0000,0.0000
67.847,452.3511,1.4363,255.0631,0.2510,3.8000,-0.4500,2.0507,180.4305,0.4104,0.0000,0.0000,0.0000
67.958,452.1017,1.4807,255.1172,0.2510,3.8000,-0.4500,2.0507,180.4305,0.4104,0.0000,0.0000,0.0000
68.070,451.8526,1.5229,255.1705,0.2510,3.8000,-0.4500,1.9151,180.4294,0.5027,0.0000,0.0000,0.0000
68.179,451.6444,1.5552,255.2135,0.2510,3.8000,-0.4500,1.9151,180.4294,0.5027,0.0000,0.0000,0.0000
68.291,451.3942,1.5908,255.2649,0.2510,3.8000,-0.4500,1.8356,180.4287,0.5284,0.0000,0.0000,0.0000
68.402,451.1855,1.6176,255.3075,0.2510,3.8000,-0.4500,1.7556,180.4279,0.5526,0.0000,0.0000,0.0000
68.513,450.9347,1.6450,255.3596,0.2510,3.8000,-0.4500,1.5100,180.4255,0.5792,0.0000,0.0000,0.0000
68.625,450.7254,1.6660,255.4018,0.2510,3.8000,-0.4500,1.5100,180.4255,0.5792,0.0000,0.0000,0.0000
68.736,450.4740,1.6864,255.4533,0.2510,3.8000,-0.4500,1.4287,180.4247,0.5716,0.0000,0.0000,0.0000
68.850,450.2220,1.7014,255.5056,0.2510,3.8000,-0.4500,1.2643,180.4231,0.5467,0.0000,0.0000,0.0000
68.972,449.9694,1.7114,255.5582,0.2510,3.8000,-0.4500,1.1068,180.4216,0.5060,0.0000,0.0000,0.0000
69.084,449.7582,1.7145,255.6029,0.2510,3.8000,-0.4500,0.8742,180.4198,0.4211,0.0000,0.0000,0.0000
69.194,449.5048,1.7164,255.6553,0.2510,3.8000,-0.4500,0.7990,180.4192,0.3873,0.0000,0.0000,0.0000
69.305,449.2927,1.7116,255.7002,0.2510,3.8000,-0.4500,0.5770,180.4179,0.2798,0.0000,0.0000,0.0000
69.416,449.0381,1.7031,255.7535,0.2510,3.8000,-0.4500,0.4383,180.4173,0.2014,0.0000,0.0000,0.0000
69.541,448.7828,1.6882,255.8076,0.2510,3.8000,-0.4500,0.2294,180.4168,0.0724,0.0000,0.0000,0.0000
69.652,448.5277,1.6709,255.8611,0.2510,3.8000,-0.4500,0.1617,180.4168,0.0276,0.0000,0.0000,0.0000
69.763,448.3145,1.6511,255.9064,0.2510,3.8000,-0.4500,0.0261,180.4168,359.9361,0.0000,0.0000,0.0000
69.874,448.0580,1.6222,255.9615,0.2510,3.8000,-0.4500,359.8272,180.4173,359.7974,0.0000,0.0000,0.0000
69.985,447.8447,1.5978,256.0066,0.2510,3.8000,-0.4500,359.8272,180.4173,359.7974,0.0000,0.0000,0.0000
70.098,447.5876,1.5603,256.0627,0.2510,3.8000,-0.4500,359.6262,180.4182,359.6536,0.0000,0.0000,0.0000
70.207,447.3733,1.5263,256.1097,0.2510,3.8000,-0.4500,359.4921,180.4192,359.5575,0.0000,0.0000,0.0000
70.319,447.1164,1.4837,256.1661,0.2510,3.8000,-0.4500,359.4258,180.4197,359.5100,0.0000,0.0000,0.0000
70.430,446.8588,1.4345,256.2242,0.2510,3.8000,-0.4500,359.2254,180.4217,359.3701,0.0000,0.0000,0.0000
70.541,446.6444,1.3928,256.2727,0.2510,3.8000,-0.4500,359.1598,180.4224,359.3247,0.0000,0.0000,0.0000
70.652,446.3871,1.3399,256.3318,0.2510,3.8000,-0.4500,359.0912,180.4232,359.2802,0.0000,0.0000,0.0000
70.764,446.1726,1.2931,256.3817,0.2510,3.8000,-0.4500,359.0222,180.4241,359.2356,0.0000,0.0000,0.0000
70.874,445.9148,1.2322,256.4432,0.2510,3.8000,-0.4500,358.8096,180.4272,359.1086,0.0000,0.0000,0.0000
70.985,445.7006,1.1828,256.4948,0.2510,3.8000,-0.4500,358.8096,180.4272,359.1086,0.0000,0.0000,0.0000
71.097,445.4437,1.1215,256.5589,0.2510,3.8000,-0.4500,358.8096,180.4272,359.1086,0.0000,0.0000,0.0000
71.208,445.2294,1.0678,256.6140,0.2510,3.8000,-0.4500,358.7373,180.4284,359.0723,0.0000,0.0000,0.0000
71.319,444.9723,1.0011,256.6820,0.2510,3.8000,-0.4500,358.5844,180.4309,359.0064,0.0000,0.0000,0.0000
71.430,444.7157,0.9356,256.7504,0.2510,3.8000,-0.4500,358.5844,180.4309,359.0064,0.0000,0.0000,0.0000
71.541,444.5022,0.8805,256.8087,0.2510,3.8000,-0.4500,358.5844,180.4309,359.0064,0.0000,0.0000,0.0000
71.653,444.2458,0.8108,256.8839,0.2510,3.8000,-0.4500,358.3467,180.4352,358.9447,0.0000,0.0000,0.0000
71.764,444.0329,0.7550,256.9482,0.2510,3.8000,-0.4500,358.3467,180.4352,358.9447,0.0000,0.0000,0.0000
71.875,443.7777,0.6881,257.0287,0.2510,3.8000,-0.4500,358.3467,180.4352,358.9447,0.0000,0.0000,0.0000
71.985,443.5654,0.6327,257.0980,0.2510,3.8000,-0.4500,358.3467,180.4352,358.9447,0.0000,0.0000,0.0000
72.097,443.3110,0.5667,257.1828,0.2510,3.8000,-0.4500,358.3467,180.4352,358.9447,0.0000,0.0000,0.0000
72.208,443.0993,0.5119,257.2552,0.2510,3.8000,-0.4500,358.2664,180.4367,358.9550,0.0000,0.0000,0.0000
72.319,442.8457,0.4478,257.3429,0.2510,3.8000,-0.4500,358.2664,180.4367,358.9550,0.0000,0.0000,0.0000
72.429,442.6347,0.3951,257.4176,0.2510,3.8000,-0.4500,358.1879,180.4381,358.9791,0.0000,0.0000,0.0000
72.540,442.3816,0.3335,257.5077,0.2510,3.8000,-0.4500,358.1879,180.4381,358.9791,0.0000,0.0000,0.0000
72.652,442.1293,0.2736,257.5994,0.2510,3.8000,-0.4500,358.0390,180.4406,359.0526,0.0000,0.0000,0.0000
72.763,441.9189,0.2248,257.6752,0.2510,3.8000,-0.4500,358.0390,180.4406,359.0526,0.0000,0.0000,0.0000
72.873,441.6671,0.1681,257.7681,0.2510,3.8000,-0.4500,357.9747,180.4417,359.1011,0.0000,0.0000,0.0000
72.985,441.4572,0.1218,257.8466,0.2510,3.8000,-0.4500,357.9747,180.4417,359.1011,0.0000,0.0000,0.0000
73.095,441.2066,0.0687,257.9432,0.2510,3.8000,-0.4500,357.8558,180.4434,359.2142,0.0000,0.0000,0.0000
73.207,440.9974,0.0246,258.0240,0.2510,3.8000,-0.4500,357.8558,180.4434,359.2142,0.0000,0.0000,0.0000
73.317,440.7466,-0.0272,258.1218,0.2510,3.8000,-0.4500,357.8558,180.4434,359.2142,0.0000,0.0000,0.0000
73.442,440.4965,-0.0772,258.2207,0.2510,3.8000,-0.4500,357.8056,180.4441,359.2816,0.0000,0.0000,0.0000
73.554,440.2464,-0.1266,258.3196,0.2510,3.8000,-0.4500,357.7561,180.4447,359.3484,0.0000,0.0000,0.0000
73.665,440.0378,-0.1680,258.4016,0.2510,3.8000,-0.4500,357.7561,180.4447,359.3485,0.0000,0.0000,0.0000
73.776,439.7877,-0.2174,258.5000,0.2510,3.8000,-0.4500,357.7561,180.4447,359.3485,0.0000,0.0000,0.0000
73.887,439.5792,-0.2587,258.5820,0.2510,3.8000,-0.4500,357.7561,180.4447,359.3485,0.0000,0.0000,0.0000
73.998,439.3292,-0.3083,258.6804,0.2510,3.8000,-0.4500,357.7561,180.4447,359.3485,0.0000,0.0000,0.0000
74.109,439.0792,-0.3582,258.7788,0.2510,3.8000,-0.4500,357.7561,180.4447,359.3485,0.0000,0.0000,0.0000
74.220,438.8708,-0.4002,258.8606,0.2510,3.8000,-0.4500,357.7561,180.4447,359.3485,0.0000,0.0000,0.0000
74.344,438.6211,-0.4504,258.9589,0.2510,3.8000,-0.4500,357.7045,180.4452,359.4108,0.0000,0.0000,0.0000
74.456,438.3712,-0.5018,259.0565,0.2510,3.8000,-0.4500,357.7045,180.4452,359.4108,0.0000,0.0000,0.0000
74.567,438.1629,-0.5451,259.1379,0.2510,3.8000,-0.4500,357.7045,180.4452,359.4108,0.0000,0.0000,0.0000
74.679,437.9136,-0.5961,259.2361,0.2510,3.8000,-0.4500,357.5901,180.4463,359.5316,0.0000,0.0000,0.0000
74.805,437.6636,-0.6486,259.3336,0.2510,3.8000,-0.4500,357.5901,180.4463,359.5316,0.0000,0.0000,0.0000
74.916,437.4146,-0.7002,259.4327,0.2510,3.8000,-0.4500,357.4715,180.4471,359.6469,0.0000,0.0000,0.0000
75.026,437.2065,-0.7441,259.5149,0.2510,3.8000,-0.4500,357.4715,180.4471,359.6469,0.0000,0.0000,0.0000
75.138,436.9572,-0.7960,259.6145,0.2510,3.8000,-0.4500,357.4136,180.4475,359.7036,0.0000,0.0000,0.0000
75.248,436.7494,-0.8394,259.6973,0.2510,3.8000,-0.4500,357.4136,180.4475,359.7036,0.0000,0.0000,0.0000
75.359,436.5005,-0.8903,259.7969,0.2510,3.8000,-0.4500,357.3555,180.4477,359.7629,0.0000,0.0000,0.0000
75.470,436.2521,-0.9396,259.8971,0.2510,3.8000,-0.4500,357.2421,180.4481,359.8863,0.0000,0.0000,0.0000
75.581,436.0445,-0.9809,259.9798,0.2510,3.8000,-0.4500,357.2421,180.4481,359.8863,0.0000,0.0000,0.0000
75.693,435.7960,-1.0287,260.0795,0.2510,3.8000,-0.4500,357.1909,180.4482,359.9498,0.0000,0.0000,0.0000
75.804,435.5893,-1.0671,260.1627,0.2510,3.8000,-0.4500,357.1420,180.4482,0.0170,0.0000,0.0000,0.0000
75.915,435.3415,-1.1120,260.2620,0.2510,3.8000,-0.4500,357.0938,180.4481,0.0843,0.0000,0.0000,0.0000
76.026,435.1346,-1.1486,260.3433,0.2510,3.8000,-0.4500,357.0938,180.4481,0.0843,0.0000,0.0000,0.0000
76.137,434.8879,-1.1878,260.4406,0.2510,3.8000,-0.4500,356.9716,180.4477,0.3019,0.0000,0.0000,0.0000
76.247,434.6812,-1.2212,260.5201,0.2510,3.8000,-0.4500,356.9716,180.4477,0.3019,0.0000,0.0000,0.0000
76.358,434.4335,-1.2593,260.6151,0.2510,3.8000,-0.4500,356.9716,180.4477,0.3019,0.0000,0.0000,0.0000
76.469,434.1870,-1.2929,260.7099,0.2510,3.8000,-0.4500,356.9129,180.4473,0.4584,0.0000,0.0000,0.0000
76.581,433.9810,-1.3210,260.7872,0.2510,3.8000,-0.4500,356.9129,180.4473,0.4584,0.0000,0.0000,0.0000
76.692,433.7353,-1.3488,260.8780,0.2510,3.8000,-0.4500,356.8492,180.4467,0.6973,0.0000,0.0000,0.0000
76.803,433.5293,-1.3732,260.9514,0.2510,3.8000,-0.4500,356.8492,180.4467,0.6973,0.0000,0.0000,0.0000
76.914,433.2822,-1.4002,261.0379,0.2510,3.8000,-0.4500,356.8492,180.4467,0.6973,0.0000,0.0000,0.0000
77.025,433.0769,-1.4196,261.1092,0.2510,3.8000,-0.4500,356.8382,180.4465,0.7795,0.0000,0.0000,0.0000
77.136,432.8316,-1.4397,261.1944,0.2510,3.8000,-0.4500,356.8228,180.4463,0.9456,0.0000,0.0000,0.0000
77.248,432.6265,-1.4571,261.2654,0.2510,3.8000,-0.4500,356.8228,180.4463,0.9456,0.0000,0.0000,0.0000
77.358,432.3806,-1.4761,261.3506,0.2510,3.8000,-0.4500,356.8228,180.4463,0.9456,0.0000,0.0000,0.0000
77.469,432.1777,-1.4861,261.4227,0.2510,3.8000,-0.4500,356.8222,180.4463,1.2016,0.0000,0.0000,0.0000
77.580,431.9326,-1.5020,261.5112,0.2510,3.8000,-0.4500,356.8222,180.4463,1.2016,0.0000,0.0000,0.0000
77.692,431.6880,-1.5162,261.6018,0.2510,3.8000,-0.4500,356.8222,180.4463,1.2016,0.0000,0.0000,0.0000
77.802,431.4845,-1.5270,261.6784,0.2510,3.8000,-0.4500,356.8222,180.4463,1.2016,0.0000,0.0000,0.0000
77.914,431.2416,-1.5358,261.7718,0.2510,3.8000,-0.4500,356.8356,180.4466,1.3659,0.0000,0.0000,0.0000
78.038,430.9980,-1.5465,261.8664,0.2510,3.8000,-0.4500,356.8356,180.4466,1.3659,0.0000,0.0000,0.0000
78.150,430.7546,-1.5561,261.9616,0.2510,3.8000,-0.4500,356.8356,180.4466,1.3659,0.0000,0.0000,0.0000
78.261,430.5525,-1.5620,262.0414,0.2510,3.8000,-0.4500,356.8467,180.4469,1.4465,0.0000,0.0000,0.0000
78.372,430.3094,-1.5701,262.1375,0.2510,3.8000,-0.4500,356.8467,180.4469,1.4465,0.0000,0.0000,0.0000
78.483,430.1070,-1.5764,262.2179,0.2510,3.8000,-0.4500,356.8467,180.4469,1.4465,0.0000,0.0000,0.0000
78.594,429.8642,-1.5835,262.3146,0.2510,3.8000,-0.4500,356.8467,180.4469,1.4465,0.0000,0.0000,0.0000
78.705,429.6619,-1.5891,262.3953,0.2510,3.8000,-0.4500,356.8467,180.4469,1.4465,0.0000,0.0000,0.0000
78.816,429.4193,-1.5957,262.4926,0.2510,3.8000,-0.4500,356.8467,180.4469,1.4465,0.0000,0.0000,0.0000
78.927,429.2172,-1.6010,262.5739,0.2510,3.8000,-0.4500,356.8467,180.4469,1.4465,0.0000,0.0000,0.0000
79.038,428.9748,-1.6073,262.6720,0.2510,3.8000,-0.4500,356.8467,180.4469,1.4465,0.0000,0.0000,0.0000
79.150,428.7326,-1.6135,262.7703,0.2510,3.8000,-0.4500,356.8467,180.4469,1.4465,0.0000,0.0000,0.0000
79.261,428.5307,-1.6187,262.8523,0.2510,3.8000,-0.4500,356.8467,180.4469,1.4465,0.0000,0.0000,0.0000
79.372,428.2882,-1.6249,262.9504,0.2510,3.8000,-0.4500,356.8467,180.4469,1.4465,0.0000,0.0000,0.0000
79.483,428.0857,-1.6299,263.0280,0.2510,3.8000,-0.4500,356.8467,180.4469,1.4465,0.0000,0.0000,0.0000
79.595,427.8418,-1.6354,263.1126,0.2510,3.8000,-0.4500,356.8467,180.4469,1.4465,0.0000,0.0000,0.0000
79.706,427.6380,-1.6396,263.1768,0.2510,3.8000,-0.4500,356.8467,180.4469,1.4465,0.0000,0.0000,0.0000
79.817,427.3928,-1.6442,263.2481,0.2510,3.8000,-0.4500,356.8467,180.4469,1.4465,0.0000,0.0000,0.0000
79.927,427.1882,-1.6477,263.3041,0.2510,3.8000,-0.4500,356.8467,180.4469,1.4465,0.0000,0.0000,0.0000
80.039,426.9426,-1.6513,263.3687,0.2510,3.8000,-0.4500,356.8467,180.4469,1.4465,0.0000,0.0000,0.0000
80.150,426.6968,-1.6545,263.4323,0.2510,3.8000,-0.4500,356.8467,180.4469,1.4465,0.0000,0.0000,0.0000
80.262,426.4921,-1.6567,263.4855,0.2510,3.8000,-0.4500,356.8467,180.4469,1.4465,0.0000,0.0000,0.0000
80.373,426.2464,-1.6587,263.5497,0.2510,3.8000,-0.4500,356.8467,180.4469,1.4465,0.0000,0.0000,0.0000
80.483,426.0416,-1.6597,263.6036,0.2510,3.8000,-0.4500,356.8467,180.4469,1.4465,0.0000,0.0000,0.0000
80.594,425.7973,-1.6554,263.6678,0.2510,3.8000,-0.4500,357.0039,180.4511,1.6394,0.0000,0.0000,0.0000
80.706,425.5926,-1.6547,263.7232,0.2510,3.8000,-0.4500,357.0039,180.4511,1.6394,0.0000,0.0000,0.0000
80.817,425.3470,-1.6525,263.7910,0.2510,3.8000,-0.4500,357.0039,180.4511,1.6394,0.0000,0.0000,0.0000
80.928,425.1426,-1.6495,263.8481,0.2510,3.8000,-0.4500,357.0038,180.4511,1.6394,0.0000,0.0000,0.0000
81.039,424.8981,-1.6415,263.9161,0.2510,3.8000,-0.4500,357.1382,180.4551,1.7325,0.0000,0.0000,0.0000
81.150,424.6531,-1.6340,263.9857,0.2510,3.8000,-0.4500,357.1382,180.4551,1.7325,0.0000,0.0000,0.0000
81.276,424.4090,-1.6217,264.0555,0.2510,3.8000,-0.4500,357.2820,180.4595,1.8134,0.0000,0.0000,0.0000
81.386,424.2059,-1.6092,264.1164,0.2510,3.8000,-0.4500,357.4335,180.4644,1.8827,0.0000,0.0000,0.0000
81.497,423.9626,-1.5937,264.1959,0.2510,3.8000,-0.4500,357.5069,180.4669,1.9145,0.0000,0.0000,0.0000
81.622,423.7201,-1.5742,264.2809,0.2510,3.8000,-0.4500,357.6612,180.4721,1.9699,0.0000,0.0000,0.0000
81.734,423.4784,-1.5518,264.3709,0.2510,3.8000,-0.4500,357.8159,180.4775,2.0223,0.0000,0.0000,0.0000
81.844,423.2774,-1.5302,264.4485,0.2510,3.8000,-0.4500,357.9747,180.4832,2.0673,0.0000,0.0000,0.0000
81.956,423.0364,-1.5025,264.5446,0.2510,3.8000,-0.4500,358.0578,180.4862,2.0885,0.0000,0.0000,0.0000
82.067,422.8362,-1.4743,264.6254,0.2510,3.8000,-0.4500,358.3051,180.4954,2.1501,0.0000,0.0000,0.0000
82.178,422.5962,-1.4387,264.7253,0.2510,3.8000,-0.4500,358.4663,180.5015,2.1858,0.0000,0.0000,0.0000
82.291,422.3566,-1.3992,264.8268,0.2510,3.8000,-0.4500,358.6257,180.5076,2.2195,0.0000,0.0000,0.0000
82.400,422.1572,-1.3637,264.9124,0.2510,3.8000,-0.4500,358.7055,180.5107,2.2358,0.0000,0.0000,0.0000
82.525,421.9187,-1.3146,265.0142,0.2510,3.8000,-0.4500,359.0412,180.5240,2.2996,0.0000,0.0000,0.0000
82.636,421.6804,-1.2633,265.1167,0.2510,3.8000,-0.4500,359.2035,180.5306,2.3284,0.0000,0.0000,0.0000
82.762,421.4420,-1.2087,265.2190,0.2510,3.8000,-0.4500,359.2842,180.5339,2.3426,0.0000,0.0000,0.0000
82.885,421.2043,-1.1482,265.3187,0.2510,3.8000,-0.4500,359.5321,180.5441,2.3837,0.0000,0.0000,0.0000
82.997,420.9668,-1.0845,265.4183,0.2510,3.8000,-0.4500,359.6914,180.5508,2.4089,0.0000,0.0000,0.0000
83.109,420.7691,-1.0282,265.5004,0.2510,3.8000,-0.4500,359.8544,180.5576,2.4335,0.0000,0.0000,0.0000
83.221,420.5322,-0.9564,265.5979,0.2510,3.8000,-0.4500,0.1056,180.5684,2.4694,0.0000,0.0000,0.0000
83.331,420.2953,-0.8819,265.6951,0.2510,3.8000,-0.4500,0.2679,180.5754,2.4913,0.0000,0.0000,0.0000
83.442,420.0983,-0.8167,265.7753,0.2510,3.8000,-0.4500,0.4328,180.5826,2.5122,0.0000,0.0000,0.0000
83.553,419.8620,-0.7356,265.8710,0.2510,3.8000,-0.4500,0.6032,180.5901,2.5327,0.0000,0.0000,0.0000
83.664,419.6654,-0.6652,265.9500,0.2510,3.8000,-0.4500,0.7687,180.5975,2.5523,0.0000,0.0000,0.0000
83.775,419.4295,-0.5787,266.0452,0.2510,3.8000,-0.4500,0.8513,180.6012,2.5627,0.0000,0.0000,0.0000
83.886,419.2332,-0.5030,266.1232,0.2510,3.8000,-0.4500,1.0166,180.6086,2.5843,0.0000,0.0000,0.0000
83.998,418.9980,-0.4091,266.2168,0.2510,3.8000,-0.4500,1.1812,180.6161,2.6140,0.0000,0.0000,0.0000
84.109,418.8022,-0.3288,266.2947,0.2510,3.8000,-0.4500,1.2620,180.6198,2.6294,0.0000,0.0000,0.0000
84.220,418.5679,-0.2281,266.3875,0.2510,3.8000,-0.4500,1.4199,180.6271,2.6713,0.0000,0.0000,0.0000
84.332,418.3337,-0.1259,266.4811,0.2510,3.8000,-0.4500,1.4199,180.6271,2.6713,0.0000,0.0000,0.0000
84.442,418.1396,-0.0358,266.5580,0.2510,3.8000,-0.4500,1.5785,180.6346,2.7273,0.0000,0.0000,0.0000
84.553,417.9071,0.0751,266.6508,0.2510,3.8000,-0.4500,1.7327,180.6420,2.7961,0.0000,0.0000,0.0000
84.664,417.7137,0.1690,266.7289,0.2510,3.8000,-0.4500,1.8075,180.6457,2.8307,0.0000,0.0000,0.0000
84.776,417.4818,0.2830,266.8241,0.2510,3.8000,-0.4500,1.8075,180.6457,2.8307,0.0000,0.0000,0.0000
84.886,417.2900,0.3838,266.9023,0.2510,3.8000,-0.4500,2.0158,180.6562,2.9608,0.0000,0.0000,0.0000
84.998,417.0594,0.5021,266.9987,0.2510,3.8000,-0.4500,2.0158,180.6562,2.9608,0.0000,0.0000,0.0000
85.109,416.8292,0.6222,267.0960,0.2510,3.8000,-0.4500,2.0158,180.6562,2.9608,0.0000,0.0000,0.0000
85.220,416.6377,0.7234,267.1777,0.2510,3.8000,-0.4500,2.0158,180.6562,2.9608,0.0000,0.0000,0.0000
85.331,416.4082,0.8458,267.2763,0.2510,3.8000,-0.4500,2.0158,180.6562,2.9608,0.0000,0.0000,0.0000
85.442,416.2172,0.9481,267.3586,0.2510,3.8000,-0.4500,2.0158,180.6562,2.9608,0.0000,0.0000,0.0000
85.553,415.9887,1.0723,267.4574,0.2510,3.8000,-0.4500,2.0714,180.6591,3.0202,0.0000,0.0000,0.0000
85.664,415.7980,1.1741,267.5408,0.2510,3.8000,-0.4500,2.0714,180.6591,3.0202,0.0000,0.0000,0.0000
85.776,415.5692,1.2954,267.6416,0.2510,3.8000,-0.4500,2.0714,180.6591,3.0202,0.0000,0.0000,0.0000
85.887,415.3789,1.3952,267.7265,0.2510,3.8000,-0.4500,2.0714,180.6591,3.0202,0.0000,0.0000,0.0000
85.998,415.1502,1.5130,267.8298,0.2510,3.8000,-0.4500,2.0714,180.6591,3.0202,0.0000,0.0000,0.0000
86.109,414.9596,1.6091,267.9168,0.2510,3.8000,-0.4500,2.0714,180.6591,3.0202,0.0000,0.0000,0.0000
86.220,414.7306,1.7213,268.0223,0.2510,3.8000,-0.4500,2.0714,180.6591,3.0202,0.0000,0.0000,0.0000
86.331,414.5013,1.8296,268.1287,0.2510,3.8000,-0.4500,2.0714,180.6591,3.0202,0.0000,0.0000,0.0000
86.442,414.3098,1.9165,268.2181,0.2510,3.8000,-0.4500,2.0714,180.6591,3.0202,0.0000,0.0000,0.0000
86.553,414.0796,2.0160,268.3264,0.2510,3.8000,-0.4500,2.0714,180.6591,3.0202,0.0000,0.0000,0.0000
86.664,413.8873,2.0947,268.4174,0.2510,3.8000,-0.4500,2.0714,180.6592,3.0203,0.0000,0.0000,0.0000
86.789,413.6172,2.1975,268.5461,0.2510,3.8000,-0.4500,2.0714,180.6592,3.0203,0.0000,0.0000,0.0000
86.900,413.4234,2.2631,268.6408,0.2510,3.8000,-0.4500,1.8174,180.6458,3.0018,0.0000,0.0000,0.0000
87.015,413.1897,2.3350,268.7551,0.2510,3.8000,-0.4500,1.5641,180.6326,2.9472,0.0000,0.0000,0.0000
87.136,412.9547,2.3977,268.8706,0.2510,3.8000,-0.4500,1.2481,180.6166,2.8377,0.0000,0.0000,0.0000
87.248,412.7581,2.4460,268.9658,0.2510,3.8000,-0.4500,1.1732,180.6129,2.8056,0.0000,0.0000,0.0000
87.358,412.5194,2.4894,269.0825,0.2510,3.8000,-0.4500,0.7157,180.5915,2.5476,0.0000,0.0000,0.0000
87.470,412.2807,2.5290,269.1958,0.2510,3.8000,-0.4500,0.5754,180.5854,2.4560,0.0000,0.0000,0.0000
87.581,412.0792,2.5498,269.2910,0.2510,3.8000,-0.4500,0.2196,180.5709,2.2009,0.0000,0.0000,0.0000
87.692,411.8372,2.5703,269.4019,0.2510,3.8000,-0.4500,0.0189,180.5634,2.0457,0.0000,0.0000,0.0000
87.817,411.5933,2.5793,269.5110,0.2510,3.8000,-0.4500,359.7514,180.5544,1.8301,0.0000,0.0000,0.0000
87.942,411.3474,2.5769,269.6182,0.2510,3.8000,-0.4500,359.4299,180.5449,1.5584,0.0000,0.0000,0.0000
88.053,411.1002,2.5641,269.7230,0.2510,3.8000,-0.4500,359.1119,180.5370,1.2796,0.0000,0.0000,0.0000
88.164,410.8931,2.5461,269.8083,0.2510,3.8000,-0.4500,358.8708,180.5321,1.0636,0.0000,0.0000,0.0000
88.275,410.6438,2.5161,269.9084,0.2510,3.8000,-0.4500,358.6245,180.5280,0.8383,0.0000,0.0000,0.0000
88.386,410.4352,2.4840,269.9888,0.2510,3.8000,-0.4500,358.4450,180.5256,0.6726,0.0000,0.0000,0.0000
88.497,410.1830,2.4341,270.0804,0.2510,3.8000,-0.4500,358.1360,180.5228,0.3828,0.0000,0.0000,0.0000
88.608,409.9726,2.3886,270.1512,0.2510,3.8000,-0.4500,358.0167,180.5221,0.2702,0.0000,0.0000,0.0000
88.720,409.7180,2.3210,270.2331,0.2510,3.8000,-0.4500,357.6965,180.5214,359.9643,0.0000,0.0000,0.0000
88.831,409.4633,2.2478,270.3108,0.2510,3.8000,-0.4500,357.5171,180.5218,359.7919,0.0000,0.0000,0.0000
88.942,409.2498,2.1778,270.3746,0.2510,3.8000,-0.4500,357.2702,180.5232,359.5531,0.0000,0.0000,0.0000
89.067,408.9939,2.0891,270.4477,0.2510,3.8000,-0.4500,357.0947,180.5249,359.3829,0.0000,0.0000,0.0000
89.178,408.7368,1.9911,270.5178,0.2510,3.8000,-0.4500,356.8538,180.5279,359.1491,0.0000,0.0000,0.0000
89.289,408.5230,1.9075,270.5736,0.2510,3.8000,-0.4500,356.7944,180.5289,359.0915,0.0000,0.0000,0.0000
89.400,408.2650,1.7967,270.6405,0.2510,3.8000,-0.4500,356.5539,180.5332,358.8590,0.0000,0.0000,0.0000
89.511,408.0075,1.6828,270.7068,0.2510,3.8000,-0.4500,356.4341,180.5357,358.7442,0.0000,0.0000,0.0000
89.623,407.7927,1.5830,270.7617,0.2510,3.8000,-0.4500,356.3119,180.5385,358.6276,0.0000,0.0000,0.0000
89.734,407.5341,1.4581,270.8227,0.2510,3.8000,-0.4500,356.1250,180.5433,358.4525,0.0000,0.0000,0.0000
89.845,407.3189,1.3551,270.8687,0.2510,3.8000,-0.4500,356.1250,180.5433,358.4525,0.0000,0.0000,0.0000
89.956,407.0597,1.2267,270.8971,0.2510,3.8000,-0.4500,356.0004,180.5468,358.3390,0.0000,0.0000,0.0000
90.067,406.8440,1.1222,270.8968,0.2510,3.8000,-0.4500,356.0004,180.5468,358.3390,0.0000,0.0000,0.0000
90.178,406.5847,0.9951,270.8806,0.2510,3.8000,-0.4500,355.9385,180.5486,358.2841,0.0000,0.0000,0.0000
90.290,406.3257,0.8680,270.8542,0.2510,3.8000,-0.4500,355.8757,180.5505,358.2303,0.0000,0.0000,0.0000
90.401,406.1101,0.7634,270.8271,0.2510,3.8000,-0.4500,355.8757,180.5505,358.2303,0.0000,0.0000,0.0000
90.525,405.8513,0.6384,270.7910,0.2510,3.8000,-0.4500,355.8757,180.5505,358.2303,0.0000,0.0000,0.0000
90.637,405.5925,0.5145,270.7528,0.2510,3.8000,-0.4500,355.8757,180.5505,358.2303,0.0000,0.0000,0.0000
90.748,405.3768,0.4125,270.7201,0.2510,3.8000,-0.4500,355.8757,180.5505,358.2303,0.0000,0.0000,0.0000
90.873,405.0753,0.2724,270.6733,0.2510,3.8000,-0.4500,355.8757,180.5505,358.2303,0.0000,0.0000,0.0000
90.984,404.8600,0.1748,270.6388,0.2510,3.8000,-0.4500,355.8757,180.5505,358.2303,0.0000,0.0000,0.0000
91.095,404.6021,0.0611,270.5959,0.2510,3.8000,-0.4500,355.8757,180.5505,358.2303,0.0000,0.0000,0.0000
91.206,404.3873,-0.0306,270.5588,0.2510,3.8000,-0.4500,355.8757,180.5505,358.2303,0.0000,0.0000,0.0000
91.318,404.1301,-0.1363,270.5132,0.2510,3.8000,-0.4500,355.8757,180.5505,358.2303,0.0000,0.0000,0.0000
91.428,403.9160,-0.2204,270.4746,0.2510,3.8000,-0.4500,355.8757,180.5505,358.2303,0.0000,0.0000,0.0000
91.553,403.6168,-0.3317,270.4203,0.2510,3.8000,-0.4500,355.8757,180.5505,358.2303,0.0000,0.0000,0.0000
91.665,403.4033,-0.4062,270.3820,0.2510,3.8000,-0.4500,355.8757,180.5505,358.2303,0.0000,0.0000,0.0000
91.775,403.1474,-0.4898,270.3368,0.2510,3.8000,-0.4500,355.8757,180.5505,358.2303,0.0000,0.0000,0.0000
91.887,402.9364,-0.5480,270.3002,0.2510,3.8000,-0.4500,355.9686,180.5479,358.5567,0.0000,0.0000,0.0000
91.997,402.6819,-0.6146,270.2596,0.2510,3.8000,-0.4500,356.0615,180.5457,358.7853,0.0000,0.0000,0.0000
92.109,402.4696,-0.6656,270.2293,0.2510,3.8000,-0.4500,356.1337,180.5443,358.9318,0.0000,0.0000,0.0000
92.220,402.2155,-0.7176,270.1962,0.2510,3.8000,-0.4500,356.3023,180.5416,359.2231,0.0000,0.0000,0.0000
92.331,401.9612,-0.7637,270.1662,0.2510,3.8000,-0.4500,356.4481,180.5399,359.4382,0.0000,0.0000,0.0000
92.442,401.7495,-0.7957,270.1429,0.2510,3.8000,-0.4500,356.5936,180.5387,359.6431,0.0000,0.0000,0.0000
92.553,401.4955,-0.8282,270.1167,0.2510,3.8000,-0.4500,356.7491,180.5380,359.8398,0.0000,0.0000,0.0000
92.664,401.2846,-0.8486,270.0956,0.2510,3.8000,-0.4500,356.9108,180.5379,0.0360,0.0000,0.0000,0.0000
92.790,400.9902,-0.8672,270.0667,0.2510,3.8000,-0.4500,357.1955,180.5388,0.3526,0.0000,0.0000,0.0000
92.901,400.7794,-0.8784,270.0471,0.2510,3.8000,-0.4500,357.2542,180.5392,0.4132,0.0000,0.0000,0.0000
93.012,400.5283,-0.8809,270.0229,0.2510,3.8000,-0.4500,357.4936,180.5414,0.6538,0.0000,0.0000,0.0000
93.123,400.3193,-0.8783,270.0019,0.2510,3.8000,-0.4500,357.6791,180.5439,0.8244,0.0000,0.0000,0.0000
93.234,400.0690,-0.8701,269.9751,0.2510,3.8000,-0.4500,357.8661,180.5468,0.9856,0.0000,0.0000,0.0000
93.345,399.8610,-0.8593,269.9510,0.2510,3.8000,-0.4500,357.9935,180.5491,1.0876,0.0000,0.0000,0.0000
93.456,399.6119,-0.8415,269.9191,0.2510,3.8000,-0.4500,358.1242,180.5517,1.1868,0.0000,0.0000,0.0000
93.567,399.4055,-0.8207,269.8894,0.2510,3.8000,-0.4500,358.3318,180.5563,1.3267,0.0000,0.0000,0.0000
93.678,399.1585,-0.7907,269.8503,0.2510,3.8000,-0.4500,358.6119,180.5632,1.4914,0.0000,0.0000,0.0000
93.790,398.9114,-0.7595,269.8090,0.2510,3.8000,-0.4500,358.6861,180.5651,1.5299,0.0000,0.0000,0.0000
93.900,398.7066,-0.7269,269.7711,0.2510,3.8000,-0.4500,358.9106,180.5714,1.6446,0.0000,0.0000,0.0000
94.026,398.4610,-0.6850,269.7234,0.2510,3.8000,-0.4500,359.0570,180.5757,1.7176,0.0000,0.0000,0.0000
94.136,398.2170,-0.6355,269.6710,0.2510,3.8000,-0.4500,359.3473,180.5847,1.8638,0.0000,0.0000,0.0000
94.247,398.0138,-0.5928,269.6253,0.2510,3.8000,-0.4500,359.4207,180.5871,1.9026,0.0000,0.0000,0.0000
94.359,397.7713,-0.5344,269.5660,0.2510,3.8000,-0.4500,359.6426,180.5948,2.0214,0.0000,0.0000,0.0000
94.469,397.5298,-0.4706,269.5031,0.2510,3.8000,-0.4500,359.8630,180.6028,2.1464,0.0000,0.0000,0.0000
94.580,397.3292,-0.4139,269.4482,0.2510,3.8000,-0.4500,0.0096,180.6084,2.2332,0.0000,0.0000,0.0000
94.692,397.0892,-0.3417,269.3796,0.2510,3.8000,-0.4500,0.1531,180.6141,2.3193,0.0000,0.0000,0.0000
94.803,396.8907,-0.2747,269.3204,0.2510,3.8000,-0.4500,0.4310,180.6257,2.4936,0.0000,0.0000,0.0000
94.914,396.6516,-0.1961,269.2499,0.2510,3.8000,-0.4500,0.4310,180.6257,2.4936,0.0000,0.0000,0.0000
95.025,396.4541,-0.1230,269.1884,0.2510,3.8000,-0.4500,0.6465,180.6354,2.6336,0.0000,0.0000,0.0000
95.136,396.2169,-0.0349,269.1131,0.2510,3.8000,-0.4500,0.7170,180.6387,2.6796,0.0000,0.0000,0.0000
95.248,396.0204,0.0430,269.0478,0.2510,3.8000,-0.4500,0.8547,180.6452,2.7695,0.0000,0.0000,0.0000
95.358,395.7856,0.1418,269.0117,0.2510,3.8000,-0.4500,1.0717,180.6560,2.9089,0.0000,0.0000,0.0000
95.469,395.5514,0.2429,269.0287,0.2510,3.8000,-0.4500,1.1409,180.6595,2.9531,0.0000,0.0000,0.0000
95.580,395.3571,0.3309,269.0672,0.2510,3.8000,-0.4500,1.2122,180.6632,2.9957,0.0000,0.0000,0.0000
95.692,395.1251,0.4397,269.1317,0.2510,3.8000,-0.4500,1.2841,180.6670,3.0384,0.0000,0.0000,0.0000
95.803,394.9327,0.5342,269.1945,0.2510,3.8000,-0.4500,1.4328,180.6750,3.1193,0.0000,0.0000,0.0000
95.927,394.7018,0.6468,269.2786,0.2510,3.8000,-0.4500,1.4328,180.6750,3.1193,0.0000,0.0000,0.0000
96.042,394.4723,0.7637,269.3692,0.2510,3.8000,-0.4500,1.5837,180.6833,3.1894,0.0000,0.0000,0.0000
96.164,394.2429,0.8795,269.4685,0.2510,3.8000,-0.4500,1.5838,180.6833,3.1894,0.0000,0.0000,0.0000
96.275,394.0140,0.9961,269.5737,0.2510,3.8000,-0.4500,1.5838,180.6833,3.1894,0.0000,0.0000,0.0000
96.387,393.8239,1.0953,269.6634,0.2510,3.8000,-0.4500,1.7447,180.6924,3.2327,0.0000,0.0000,0.0000
96.497,393.5954,1.2116,269.7751,0.2510,3.8000,-0.4500,1.7447,180.6924,3.2327,0.0000,0.0000,0.0000
96.608,393.4050,1.3078,269.8697,0.2510,3.8000,-0.4500,1.7447,180.6924,3.2327,0.0000,0.0000,0.0000
96.719,393.1761,1.4219,269.9845,0.2510,3.8000,-0.4500,1.7447,180.6924,3.2327,0.0000,0.0000,0.0000
96.830,392.9468,1.5345,270.0993,0.2510,3.8000,-0.4500,1.8254,180.6969,3.2191,0.0000,0.0000,0.0000
96.941,392.7552,1.6263,270.1952,0.2510,3.8000,-0.4500,1.9013,180.7012,3.1908,0.0000,0.0000,0.0000
97.053,392.5244,1.7338,270.3092,0.2510,3.8000,-0.4500,1.9721,180.7051,3.1556,0.0000,0.0000,0.0000
97.163,392.3315,1.8209,270.4011,0.2510,3.8000,-0.4500,1.9721,180.7051,3.1556,0.0000,0.0000,0.0000
97.275,392.0981,1.9212,270.5058,0.2510,3.8000,-0.4500,2.0952,180.7118,3.0470,0.0000,0.0000,0.0000
97.386,391.9021,2.0013,270.5891,0.2510,3.8000,-0.4500,2.2016,180.7173,2.9187,0.0000,0.0000,0.0000
97.496,391.6662,2.0945,270.6854,0.2510,3.8000,-0.4500,2.2462,180.7196,2.8518,0.0000,0.0000,0.0000
97.608,391.4670,2.1664,270.7600,0.2510,3.8000,-0.4500,2.3582,180.7249,2.6262,0.0000,0.0000,0.0000
97.719,391.2271,2.2504,270.8237,0.2510,3.8000,-0.4500,2.3908,180.7264,2.5514,0.0000,0.0000,0.0000
97.831,390.9831,2.3230,270.8230,0.2510,3.8000,-0.4500,2.4804,180.7302,2.2217,0.0000,0.0000,0.0000
97.941,390.7799,2.3807,270.7926,0.2510,3.8000,-0.4500,2.4932,180.7307,2.1384,0.0000,0.0000,0.0000
98.052,390.5334,2.4414,270.7364,0.2510,3.8000,-0.4500,2.5257,180.7318,1.8864,0.0000,0.0000,0.0000
98.164,390.3264,2.4860,270.6815,0.2510,3.8000,-0.4500,2.5326,180.7320,1.6271,0.0000,0.0000,0.0000
98.290,390.0359,2.5443,270.6021,0.2510,3.8000,-0.4500,2.5325,180.7320,1.4594,0.0000,0.0000,0.0000
98.400,389.8249,2.5750,270.5473,0.2510,3.8000,-0.4500,2.4914,180.7311,1.0349,0.0000,0.0000,0.0000
98.510,389.5725,2.6118,270.4847,0.2510,3.8000,-0.4500,2.4620,180.7307,0.8685,0.0000,0.0000,0.0000
98.622,389.3602,2.6350,270.4359,0.2510,3.8000,-0.4500,2.4125,180.7300,0.6220,0.0000,0.0000,0.0000
98.733,389.1037,2.6555,270.3815,0.2510,3.8000,-0.4500,2.3213,180.7293,0.2940,0.0000,0.0000,0.0000
98.844,388.8901,2.6705,270.3389,0.2510,3.8000,-0.4500,2.2972,180.7292,0.2145,0.0000,0.0000,0.0000
98.955,388.6299,2.6734,270.2942,0.2510,3.8000,-0.4500,2.1152,180.7293,359.7317,0.0000,0.0000,0.0000
99.067,388.4141,2.6763,270.2599,0.2510,3.8000,-0.4500,2.0799,180.7295,359.6542,0.0000,0.0000,0.0000
99.177,388.1518,2.6643,270.2234,0.2510,3.8000,-0.4500,1.8557,180.7317,359.1956,0.0000,0.0000,0.0000
99.288,387.9347,2.6544,270.1920,0.2510,3.8000,-0.4500,1.8194,180.7323,359.1267,0.0000,0.0000,0.0000
99.393,387.6718,2.6283,270.1553,0.2510,3.8000,-0.4500,1.5920,180.7365,358.7568,0.0000,0.0000,0.0000
99.509,387.4091,2.5955,270.1158,0.2510,3.8000,-0.4500,1.4022,180.7411,358.4787,0.0000,0.0000,0.0000
99.620,387.1907,2.5639,270.0795,0.2510,3.8000,-0.4500,1.3032,180.7438,358.3460,0.0000,0.0000,0.0000
99.732,386.9283,2.5173,270.0322,0.2510,3.8000,-0.4500,1.1481,180.7486,358.1468,0.0000,0.0000,0.0000
99.843,386.7093,2.4697,269.9905,0.2510,3.8000,-0.4500,0.9161,180.7566,357.8795,0.0000,0.0000,0.0000
99.954,386.4474,2.4087,269.9349,0.2510,3.8000,-0.4500,0.7470,180.7632,357.6957,0.0000,0.0000,0.0000
100.066,386.2293,2.3513,269.8852,0.2510,3.8000,-0.4500,0.5595,180.7710,357.5129,0.0000,0.0000,0.0000
100.177,385.9681,2.2772,269.8206,0.2510,3.8000,-0.4500,0.3736,180.7794,357.3418,0.0000,0.0000,0.0000
100.288,385.7507,2.2098,269.7635,0.2510,3.8000,-0.4500,0.1802,180.7886,357.1799,0.0000,0.0000,0.0000
100.399,385.4905,2.1245,269.6908,0.2510,3.8000,-0.4500,359.9858,180.7985,357.0319,0.0000,0.0000,0.0000
100.510,385.2307,2.0338,269.6143,0.2510,3.8000,-0.4500,359.7809,180.8093,356.8928,0.0000,0.0000,0.0000
100.635,384.9715,1.9395,269.5341,0.2510,3.8000,-0.4500,359.6323,180.8175,356.8064,0.0000,0.0000,0.0000
100.746,384.7558,1.8574,269.4653,0.2510,3.8000,-0.4500,359.4845,180.8259,356.7239,0.0000,0.0000,0.0000
100.857,384.4973,1.7549,269.3812,0.2510,3.8000,-0.4500,359.2518,180.8394,356.6212,0.0000,0.0000,0.0000
100.969,384.2824,1.6692,269.3088,0.2510,3.8000,-0.4500,359.1749,180.8440,356.5938,0.0000,0.0000,0.0000
101.080,384.0249,1.5643,269.2207,0.2510,3.8000,-0.4500,359.0973,180.8486,356.5672,0.0000,0.0000,0.0000
101.191,383.7675,1.4558,269.1324,0.2510,3.8000,-0.4500,358.8551,180.8633,356.5094,0.0000,0.0000,0.0000
101.302,383.5534,1.3663,269.0575,0.2510,3.8000,-0.4500,358.7730,180.8683,356.5021,0.0000,0.0000,0.0000
101.413,383.2967,1.2579,268.9677,0.2510,3.8000,-0.4500,358.6092,180.8783,356.4915,0.0000,0.0000,0.0000
101.524,383.0832,1.1685,268.8925,0.2510,3.8000,-0.4500,358.5273,180.8833,356.5012,0.0000,0.0000,0.0000
101.635,382.8271,1.0617,268.8030,0.2510,3.8000,-0.4500,358.3662,180.8931,356.5317,0.0000,0.0000,0.0000
101.746,382.6139,0.9743,268.7286,0.2510,3.8000,-0.4500,358.2884,180.8978,356.5579,0.0000,0.0000,0.0000
101.858,382.3583,0.8713,268.6408,0.2510,3.8000,-0.4500,358.1373,180.9068,356.6219,0.0000,0.0000,0.0000
101.968,382.1458,0.7880,268.5688,0.2510,3.8000,-0.4500,357.9987,180.9149,356.7140,0.0000,0.0000,0.0000
102.080,381.8903,0.6903,268.4838,0.2510,3.8000,-0.4500,357.9318,180.9187,356.7617,0.0000,0.0000,0.0000
102.191,381.6354,0.5969,268.4014,0.2510,3.8000,-0.4500,357.8156,180.9252,356.8805,0.0000,0.0000,0.0000
102.302,381.4236,0.5234,268.3353,0.2510,3.8000,-0.4500,357.6643,180.9332,357.0851,0.0000,0.0000,0.0000
102.413,381.1684,0.4371,268.2585,0.2510,3.8000,-0.4500,357.6242,180.9352,357.1568,0.0000,0.0000,0.0000
102.525,380.9572,0.3723,268.1981,0.2510,3.8000,-0.4500,357.4864,180.9417,357.4726,0.0000,0.0000,0.0000
102.635,380.7018,0.2945,268.1295,0.2510,3.8000,-0.4500,357.4632,180.9427,357.5498,0.0000,0.0000,0.0000
102.746,380.4900,0.2361,268.0762,0.2510,3.8000,-0.4500,357.4074,180.9449,357.7931,0.0000,0.0000,0.0000
102.857,380.2350,0.1688,268.0167,0.2510,3.8000,-0.4500,357.3865,180.9457,357.9627,0.0000,0.0000,0.0000
102.983,379.9797,0.1063,267.9627,0.2510,3.8000,-0.4500,357.3703,180.9463,358.1296,0.0000,0.0000,0.0000
103.094,379.7251,0.0505,267.9137,0.2510,3.8000,-0.4500,357.3761,180.9461,358.3909,0.0000,0.0000,0.0000
103.205,379.5120,0.0052,267.8769,0.2510,3.8000,-0.4500,357.3799,180.9460,358.4753,0.0000,0.0000,0.0000
103.316,379.2567,-0.0438,267.8370,0.2510,3.8000,-0.4500,357.4021,180.9454,358.6409,0.0000,0.0000,0.0000
103.427,379.0446,-0.0797,267.8181,0.2510,3.8000,-0.4500,357.4534,180.9444,358.8843,0.0000,0.0000,0.0000
103.539,378.7881,-0.1258,267.8238,0.2510,3.8000,-0.4500,357.4534,180.9444,358.8843,0.0000,0.0000,0.0000
103.649,378.5757,-0.1585,267.8433,0.2510,3.8000,-0.4500,357.5057,180.9434,359.0371,0.0000,0.0000,0.0000
103.760,378.3209,-0.1953,267.8775,0.2510,3.8000,-0.4500,357.5741,180.9423,359.1871,0.0000,0.0000,0.0000
103.886,378.0657,-0.2316,267.9192,0.2510,3.8000,-0.4500,357.5741,180.9423,359.1871,0.0000,0.0000,0.0000
103.997,377.8121,-0.2591,267.9643,0.2510,3.8000,-0.4500,357.6999,180.9408,359.4058,0.0000,0.0000,0.0000
104.108,377.5999,-0.2830,268.0040,0.2510,3.8000,-0.4500,357.6999,180.9408,359.4058,0.0000,0.0000,0.0000
104.219,377.3473,-0.3019,268.0520,0.2510,3.8000,-0.4500,357.9001,180.9392,359.6744,0.0000,0.0000,0.0000
104.330,377.0934,-0.3233,268.1016,0.2510,3.8000,-0.4500,357.9001,180.9392,359.6744,0.0000,0.0000,0.0000
104.441,376.8829,-0.3338,268.1423,0.2510,3.8000,-0.4500,358.0751,180.9385,359.8526,0.0000,0.0000,0.0000
104.552,376.6293,-0.3489,268.1921,0.2510,3.8000,-0.4500,358.0751,180.9385,359.8526,0.0000,0.0000,0.0000
104.663,376.4191,-0.3549,268.2322,0.2510,3.8000,-0.4500,358.2603,180.9382,0.0046,0.0000,0.0000,0.0000
104.774,376.1657,-0.3646,268.2805,0.2510,3.8000,-0.4500,358.2603,180.9382,0.0046,0.0000,0.0000,0.0000
104.885,375.9550,-0.3695,268.3193,0.2510,3.8000,-0.4500,358.3284,180.9383,0.0475,0.0000,0.0000,0.0000
104.997,375.7020,-0.3737,268.3648,0.2510,3.8000,-0.4500,358.4002,180.9384,0.0873,0.0000,0.0000,0.0000
105.111,375.4489,-0.3763,268.4095,0.2510,3.8000,-0.4500,358.4722,180.9385,0.1240,0.0000,0.0000,0.0000
105.222,375.2381,-0.3762,268.4454,0.2510,3.8000,-0.4500,358.6296,180.9389,0.1811,0.0000,0.0000,0.0000
105.332,374.9846,-0.3768,268.4873,0.2510,3.8000,-0.4500,358.7067,180.9392,0.2074,0.0000,0.0000,0.0000
105.444,374.7729,-0.3777,268.5203,0.2510,3.8000,-0.4500,358.7067,180.9392,0.2074,0.0000,0.0000,0.0000
105.554,374.5187,-0.3769,268.5561,0.2510,3.8000,-0.4500,358.8682,180.9398,0.2255,0.0000,0.0000,0.0000
105.666,374.3064,-0.3775,268.5850,0.2510,3.8000,-0.4500,358.8682,180.9398,0.2255,0.0000,0.0000,0.0000
105.777,374.0513,-0.3775,268.6172,0.2510,3.8000,-0.4500,359.0287,180.9404,0.2146,0.0000,0.0000,0.0000
105.909,373.7532,-0.3792,268.6538,0.2510,3.8000,-0.4500,359.1073,180.9407,0.1980,0.0000,0.0000,0.0000
106.023,373.5396,-0.3810,268.6785,0.2510,3.8000,-0.4500,359.2657,180.9412,0.1459,0.0000,0.0000,0.0000
106.135,373.2831,-0.3847,268.7082,0.2510,3.8000,-0.4500,359.3397,180.9413,0.1122,0.0000,0.0000,0.0000
106.246,373.0686,-0.3888,268.7318,0.2510,3.8000,-0.4500,359.4833,180.9415,0.0398,0.0000,0.0000,0.0000
106.357,372.8111,-0.3953,268.7603,0.2510,3.8000,-0.4500,359.5499,180.9415,359.9941,0.0000,0.0000,0.0000
106.469,372.5961,-0.4020,268.7834,0.2510,3.8000,-0.4500,359.6156,180.9415,359.9451,0.0000,0.0000,0.0000
106.579,372.3372,-0.4120,268.8103,0.2510,3.8000,-0.4500,359.7430,180.9413,359.8389,0.0000,0.0000,0.0000
106.690,372.0775,-0.4245,268.8365,0.2510,3.8000,-0.4500,359.9177,180.9405,359.6706,0.0000,0.0000,0.0000
106.802,371.8616,-0.4348,268.8594,0.2510,3.8000,-0.4500,359.9177,180.9405,359.6706,0.0000,0.0000,0.0000
106.902,371.6443,-0.4484,268.8814,0.2510,3.8000,-0.4500,0.0812,180.9393,359.4800,0.0000,0.0000,0.0000
107.011,371.3847,-0.4637,268.9100,0.2510,3.8000,-0.4500,0.0812,180.9393,359.4800,0.0000,0.0000,0.0000
107.122,371.1667,-0.4799,268.9336,0.2510,3.8000,-0.4500,0.2370,180.9376,359.2785,0.0000,0.0000,0.0000
107.232,370.9056,-0.4994,268.9639,0.2510,3.8000,-0.4500,0.3363,180.9363,359.1440,0.0000,0.0000,0.0000
107.343,370.6878,-0.5168,268.9906,0.2510,3.8000,-0.4500,0.4322,180.9347,359.0135,0.0000,0.0000,0.0000
107.456,370.4273,-0.5367,269.0251,0.2510,3.8000,-0.4500,0.4322,180.9347,359.0135,0.0000,0.0000,0.0000
107.566,370.2086,-0.5563,269.0533,0.2510,3.8000,-0.4500,0.5790,180.9319,358.8154,0.0000,0.0000,0.0000
107.676,369.9474,-0.5776,269.0892,0.2510,3.8000,-0.4500,0.5790,180.9319,358.8154,0.0000,0.0000,0.0000
107.777,369.7283,-0.5978,269.1184,0.2510,3.8000,-0.4500,0.7348,180.9285,358.6198,0.0000,0.0000,0.0000
107.886,369.5105,-0.6158,269.1496,0.2510,3.8000,-0.4500,0.7348,180.9285,358.6198,0.0000,0.0000,0.0000
107.996,369.2482,-0.6385,269.1877,0.2510,3.8000,-0.4500,0.8415,180.9258,358.4976,0.0000,0.0000,0.0000
108.107,369.0303,-0.6560,269.2209,0.2510,3.8000,-0.4500,0.8415,180.9258,358.4976,0.0000,0.0000,0.0000
108.218,368.7673,-0.6780,269.2610,0.2510,3.8000,-0.4500,1.0243,180.9207,358.3186,0.0000,0.0000,0.0000
108.343,368.5052,-0.6976,269.3037,0.2510,3.8000,-0.4500,1.0869,180.9188,358.2676,0.0000,0.0000,0.0000
108.455,368.2430,-0.7158,269.3482,0.2510,3.8000,-0.4500,1.1502,180.9169,358.2170,0.0000,0.0000,0.0000
108.565,368.0241,-0.7298,269.3856,0.2510,3.8000,-0.4500,1.2870,180.9125,358.1292,0.0000,0.0000,0.0000
108.677,367.7624,-0.7442,269.4326,0.2510,3.8000,-0.4500,1.2870,180.9125,358.1292,0.0000,0.0000,0.0000
108.788,367.5440,-0.7545,269.4725,0.2510,3.8000,-0.4500,1.3626,180.9100,358.0946,0.0000,0.0000,0.0000
108.898,367.2824,-0.7646,269.5234,0.2510,3.8000,-0.4500,1.4386,180.9075,358.0609,0.0000,0.0000,0.0000
109.010,367.0212,-0.7720,269.5777,0.2510,3.8000,-0.4500,1.4386,180.9075,358.0609,0.0000,0.0000,0.0000
109.121,366.8035,-0.7754,269.6238,0.2510,3.8000,-0.4500,1.6026,180.9018,358.0204,0.0000,0.0000,0.0000
109.232,366.5426,-0.7773,269.6821,0.2510,3.8000,-0.4500,1.6026,180.9018,358.0204,0.0000,0.0000,0.0000
109.343,366.3254,-0.7755,269.7304,0.2510,3.8000,-0.4500,1.7672,180.8961,358.0142,0.0000,0.0000,0.0000
109.455,366.0652,-0.7718,269.7903,0.2510,3.8000,-0.4500,1.7672,180.8961,358.0142,0.0000,0.0000,0.0000
109.565,365.8487,-0.7646,269.8395,0.2510,3.8000,-0.4500,1.9285,180.8906,358.0426,0.0000,0.0000,0.0000
109.677,365.5889,-0.7553,269.9000,0.2510,3.8000,-0.4500,1.9285,180.8906,358.0426,0.0000,0.0000,0.0000
109.787,365.3727,-0.7452,269.9503,0.2510,3.8000,-0.4500,1.9285,180.8906,358.0426,0.0000,0.0000,0.0000
109.901,365.1138,-0.7292,270.0101,0.2510,3.8000,-0.4500,2.0017,180.8881,358.0862,0.0000,0.0000,0.0000
110.010,364.8553,-0.7087,270.0688,0.2510,3.8000,-0.4500,2.1428,180.8835,358.1762,0.0000,0.0000,0.0000
110.121,364.6399,-0.6913,270.1180,0.2510,3.8000,-0.4500,2.1428,180.8835,358.1762,0.0000,0.0000,0.0000
110.233,364.3830,-0.6607,270.1746,0.2510,3.8000,-0.4500,2.3669,180.8768,358.4164,0.0000,0.0000,0.0000
110.343,364.1680,-0.6370,270.2217,0.2510,3.8000,-0.4500,2.3669,180.8768,358.4164,0.0000,0.0000,0.0000
110.448,363.9542,-0.6069,270.2672,0.2510,3.8000,-0.4500,2.4640,180.8742,358.5505,0.0000,0.0000,0.0000
110.549,363.6978,-0.5669,270.3197,0.2510,3.8000,-0.4500,2.5568,180.8720,358.6855,0.0000,0.0000,0.0000
110.675,363.4423,-0.5201,270.3701,0.2510,3.8000,-0.4500,2.6943,180.8691,358.8987,0.0000,0.0000,0.0000
110.776,363.2297,-0.4778,270.4128,0.2510,3.8000,-0.4500,2.7808,180.8675,359.0368,0.0000,0.0000,0.0000
110.885,363.0174,-0.4330,270.4563,0.2510,3.8000,-0.4500,2.8261,180.8668,359.1101,0.0000,0.0000,0.0000
111.010,362.7216,-0.3612,270.5171,0.2510,3.8000,-0.4500,2.9609,180.8650,359.3291,0.0000,0.0000,0.0000
111.121,362.5114,-0.3038,270.5600,0.2510,3.8000,-0.4500,3.0946,180.8637,359.5493,0.0000,0.0000,0.0000
111.233,362.2589,-0.2342,270.6115,0.2510,3.8000,-0.4500,3.1379,180.8633,359.6207,0.0000,0.0000,0.0000
111.344,362.0500,-0.1687,270.6531,0.2510,3.8000,-0.4500,3.2651,180.8627,359.8338,0.0000,0.0000,0.0000
111.455,361.8002,-0.0862,270.7050,0.2510,3.8000,-0.4500,3.3909,180.8626,0.0506,0.0000,0.0000,0.0000
111.566,361.5917,-0.0174,270.7523,0.2510,3.8000,-0.4500,3.3909,180.8626,0.0506,0.0000,0.0000,0.0000
111.691,361.3030,0.0894,270.8219,0.2510,3.8000,-0.4500,3.5122,180.8629,0.2681,0.0000,0.0000,0.0000
111.816,361.0564,0.1850,270.8849,0.2510,3.8000,-0.4500,3.5879,180.8634,0.4129,0.0000,0.0000,0.0000
111.928,360.8519,0.2683,270.9389,0.2510,3.8000,-0.4500,3.6614,180.8640,0.5602,0.0000,0.0000,0.0000
112.039,360.6067,0.3694,271.0060,0.2510,3.8000,-0.4500,3.6953,180.8644,0.6350,0.0000,0.0000,0.0000
112.150,360.3630,0.4753,271.0752,0.2510,3.8000,-0.4500,3.7589,180.8652,0.7856,0.0000,0.0000,0.0000
112.261,360.1603,0.5646,271.1349,0.2510,3.8000,-0.4500,3.7864,180.8656,0.8619,0.0000,0.0000,0.0000
112.372,359.9178,0.6734,271.2082,0.2510,3.8000,-0.4500,3.8103,180.8659,0.9405,0.0000,0.0000,0.0000
112.483,359.7170,0.7670,271.2702,0.2510,3.8000,-0.4500,3.8551,180.8667,1.0950,0.0000,0.0000,0.0000
112.594,359.4753,0.8767,271.3462,0.2510,3.8000,-0.4500,3.8551,180.8667,1.0950,0.0000,0.0000,0.0000
112.706,359.2738,0.9680,271.4055,0.2510,3.8000,-0.4500,3.8551,180.8667,1.0950,0.0000,0.0000,0.0000
112.816,359.0314,1.0769,271.4671,0.2510,3.8000,-0.4500,3.8551,180.8667,1.0950,0.0000,0.0000,0.0000
112.928,358.8288,1.1663,271.5109,0.2510,3.8000,-0.4500,3.8551,180.8667,1.0950,0.0000,0.0000,0.0000
113.039,358.5856,1.2730,271.5568,0.2510,3.8000,-0.4500,3.8407,180.8664,1.1771,0.0000,0.0000,0.0000
113.151,358.3416,1.3758,271.5982,0.2510,3.8000,-0.4500,3.8407,180.8664,1.1771,0.0000,0.0000,0.0000
113.262,358.1380,1.4590,271.6296,0.2510,3.8000,-0.4500,3.8407,180.8664,1.1771,0.0000,0.0000,0.0000
113.372,357.8931,1.5559,271.6558,0.2510,3.8000,-0.4500,3.7964,180.8655,1.2471,0.0000,0.0000,0.0000
113.485,357.6884,1.6321,271.6531,0.2510,3.8000,-0.4500,3.7407,180.8643,1.3058,0.0000,0.0000,0.0000
113.594,357.4424,1.7177,271.6284,0.2510,3.8000,-0.4500,3.5998,180.8609,1.3921,0.0000,0.0000,0.0000
113.705,357.2367,1.7840,271.5953,0.2510,3.8000,-0.4500,3.5998,180.8609,1.3921,0.0000,0.0000,0.0000
113.816,356.9903,1.8572,271.5494,0.2510,3.8000,-0.4500,3.2761,180.8528,1.4722,0.0000,0.0000,0.0000
113.927,356.7842,1.9141,271.5052,0.2510,3.8000,-0.4500,3.2761,180.8528,1.4722,0.0000,0.0000,0.0000
114.039,356.5359,1.9726,271.4547,0.2510,3.8000,-0.4500,2.8472,180.8419,1.4278,0.0000,0.0000,0.0000
114.150,356.2867,2.0252,271.4044,0.2510,3.8000,-0.4500,2.6054,180.8360,1.3562,0.0000,0.0000,0.0000
114.260,356.0782,2.0639,271.3643,0.2510,3.8000,-0.4500,2.4492,180.8324,1.2976,0.0000,0.0000,0.0000
114.372,355.8267,2.1012,271.3202,0.2510,3.8000,-0.4500,2.1425,180.8258,1.1580,0.0000,0.0000,0.0000
114.497,355.5737,2.1300,271.2800,0.2510,3.8000,-0.4500,1.8371,180.8201,0.9831,0.0000,0.0000,0.0000
114.608,355.3618,2.1468,271.2504,0.2510,3.8000,-0.4500,1.5540,180.8157,0.8069,0.0000,0.0000,0.0000
114.719,355.1067,2.1613,271.2192,0.2510,3.8000,-0.4500,1.3490,180.8130,0.6668,0.0000,0.0000,0.0000
114.833,354.8500,2.1654,271.1940,0.2510,3.8000,-0.4500,1.0736,180.8103,0.4690,0.0000,0.0000,0.0000
114.941,354.6348,2.1606,271.1779,0.2510,3.8000,-0.4500,0.7977,180.8085,0.2590,0.0000,0.0000,0.0000
115.052,354.3757,2.1477,271.1634,0.2510,3.8000,-0.4500,0.5352,180.8078,0.0535,0.0000,0.0000,0.0000
115.163,354.1586,2.1288,271.1556,0.2510,3.8000,-0.4500,0.2710,180.8080,359.8391,0.0000,0.0000,0.0000
115.274,353.8976,2.0987,271.1480,0.2510,3.8000,-0.4500,0.0134,180.8092,359.6250,0.0000,0.0000,0.0000
115.399,353.6364,2.0610,271.1401,0.2510,3.8000,-0.4500,359.8261,180.8107,359.4667,0.0000,0.0000,0.0000
115.510,353.3745,2.0129,271.1306,0.2510,3.8000,-0.4500,359.5721,180.8136,359.2470,0.0000,0.0000,0.0000
115.621,353.1562,1.9668,271.1201,0.2510,3.8000,-0.4500,359.3832,180.8163,359.0806,0.0000,0.0000,0.0000
115.745,352.8937,1.9021,271.1043,0.2510,3.8000,-0.4500,359.0725,180.8221,358.8013,0.0000,0.0000,0.0000
115.856,352.6320,1.8328,271.0831,0.2510,3.8000,-0.4500,358.8877,180.8262,358.6302,0.0000,0.0000,0.0000
115.982,352.3708,1.7581,271.0568,0.2510,3.8000,-0.4500,358.7684,180.8292,358.5184,0.0000,0.0000,0.0000
116.093,352.1092,1.6742,271.0262,0.2510,3.8000,-0.4500,358.5317,180.8358,358.2911,0.0000,0.0000,0.0000
116.204,351.8921,1.6034,270.9962,0.2510,3.8000,-0.4500,358.4726,180.8376,358.2321,0.0000,0.0000,0.0000
116.315,351.6310,1.5111,270.9568,0.2510,3.8000,-0.4500,358.2959,180.8433,358.0540,0.0000,0.0000,0.0000
116.426,351.4142,1.4332,270.9205,0.2510,3.8000,-0.4500,358.2392,180.8453,357.9939,0.0000,0.0000,0.0000
116.538,351.1541,1.3367,270.8736,0.2510,3.8000,-0.4500,358.1821,180.8473,357.9330,0.0000,0.0000,0.0000
116.648,350.9369,1.2507,270.8318,0.2510,3.8000,-0.4500,358.0160,180.8536,357.7458,0.0000,0.0000,0.0000
116.762,350.6779,1.1511,270.7751,0.2510,3.8000,-0.4500,358.0160,180.8536,357.7458,0.0000,0.0000,0.0000
116.870,350.4189,1.0500,270.7143,0.2510,3.8000,-0.4500,358.0160,180.8536,357.7458,0.0000,0.0000,0.0000
116.996,350.1600,0.9483,270.6504,0.2510,3.8000,-0.4500,358.0160,180.8536,357.7458,0.0000,0.0000,0.0000
117.107,349.9438,0.8619,270.5960,0.2510,3.8000,-0.4500,357.9710,180.8554,357.6777,0.0000,0.0000,0.0000
117.233,349.6419,0.7439,270.5172,0.2510,3.8000,-0.4500,357.9710,180.8554,357.6777,0.0000,0.0000,0.0000
117.342,349.4264,0.6609,270.4596,0.2510,3.8000,-0.4500,357.9710,180.8554,357.6777,0.0000,0.0000,0.0000
117.467,349.1676,0.5630,270.3896,0.2510,3.8000,-0.4500,357.9710,180.8554,357.6777,0.0000,0.0000,0.0000
117.593,348.8658,0.4523,270.3067,0.2510,3.8000,-0.4500,357.9710,180.8554,357.6777,0.0000,0.0000,0.0000
117.705,348.6501,0.3760,270.2470,0.2510,3.8000,-0.4500,357.9710,180.8554,357.6777,0.0000,0.0000,0.0000
117.815,348.3913,0.2880,270.1767,0.2510,3.8000,-0.4500,357.9710,180.8554,357.6777,0.0000,0.0000,0.0000
117.926,348.1753,0.2179,270.1216,0.2510,3.8000,-0.4500,357.9710,180.8554,357.6777,0.0000,0.0000,0.0000
118.037,347.9158,0.1375,270.0957,0.2510,3.8000,-0.4500,357.9710,180.8554,357.6777,0.0000,0.0000,0.0000
118.137,347.6995,0.0738,270.1081,0.2510,3.8000,-0.4500,357.9710,180.8554,357.6777,0.0000,0.0000,0.0000
118.247,347.4833,0.0146,270.1376,0.2510,3.8000,-0.4500,358.0547,180.8520,357.6691,0.0000,0.0000,0.0000
118.357,347.2239,-0.0487,270.1855,0.2510,3.8000,-0.4500,358.3905,180.8382,357.6589,0.0000,0.0000,0.0000
118.468,347.0082,-0.0963,270.2329,0.2510,3.8000,-0.4500,358.5550,180.8316,357.6921,0.0000,0.0000,0.0000
118.578,346.7495,-0.1460,270.2932,0.2510,3.8000,-0.4500,358.7974,180.8219,357.7538,0.0000,0.0000,0.0000
118.704,346.4913,-0.1860,270.3545,0.2510,3.8000,-0.4500,359.1229,180.8095,357.8867,0.0000,0.0000,0.0000
118.804,346.2762,-0.2140,270.4052,0.2510,3.8000,-0.4500,359.3477,180.8014,357.9890,0.0000,0.0000,0.0000
118.926,346.0179,-0.2410,270.4641,0.2510,3.8000,-0.4500,359.5707,180.7938,358.1068,0.0000,0.0000,0.0000
119.037,345.7598,-0.2604,270.5201,0.2510,3.8000,-0.4500,359.7915,180.7868,358.2289,0.0000,0.0000,0.0000
119.148,345.5450,-0.2690,270.5633,0.2510,3.8000,-0.4500,0.0796,180.7783,358.3946,0.0000,0.0000,0.0000
119.259,345.2869,-0.2751,270.6120,0.2510,3.8000,-0.4500,0.2933,180.7725,358.5205,0.0000,0.0000,0.0000
119.370,345.0285,-0.2759,270.6570,0.2510,3.8000,-0.4500,0.4353,180.7690,358.6043,0.0000,0.0000,0.0000
119.482,344.8137,-0.2701,270.6906,0.2510,3.8000,-0.4500,0.6519,180.7639,358.7317,0.0000,0.0000,0.0000
119.593,344.5556,-0.2586,270.7276,0.2510,3.8000,-0.4500,0.8661,180.7594,358.8554,0.0000,0.0000,0.0000
119.718,344.2974,-0.2431,270.7610,0.2510,3.8000,-0.4500,1.0152,180.7565,358.9388,0.0000,0.0000,0.0000
119.829,344.0389,-0.2230,270.7903,0.2510,3.8000,-0.4500,1.1619,180.7539,359.0199,0.0000,0.0000,0.0000
119.940,343.8238,-0.2028,270.8116,0.2510,3.8000,-0.4500,1.3081,180.7515,359.0963,0.0000,0.0000,0.0000
