time_sec,world_x,world_y,world_z,local_x,local_y,local_z,world_rot_x,world_rot_y,world_rot_z,local_rot_x,local_rot_y,local_rot_z
0.000,598.7960,5.1807,250.4555,0.2510,3.8000,-0.4500,0.0000,180.0000,0.0000,0.0000,0.0000,0.0000
0.000,598.7960,5.1807,250.4555,0.2510,3.8000,-0.4500,0.0000,180.0000,0.0000,0.0000,0.0000,0.0000
0.108,598.5439,4.9589,250.4612,0.2510,3.8000,-0.4500,0.0000,180.0000,0.0000,0.0000,0.0000,0.0000
0.235,598.0439,4.5306,250.4682,0.2510,3.8000,-0.4500,0.0000,180.0000,0.0000,0.0000,0.0000,0.0000
0.347,597.5931,4.1497,250.4726,0.2510,3.8000,-0.4500,0.0000,180.0000,0.0000,0.0000,0.0000,0.0000
0.459,596.9609,3.6194,250.4774,0.2510,3.8000,-0.4500,0.0000,180.0000,0.0000,0.0000,0.0000,0.0000
0.571,596.3661,3.1227,250.4843,0.2510,3.8000,-0.4500,0.0000,180.0000,0.0000,0.0000,0.0000,0.0000
0.682,595.5831,2.4682,250.5331,0.2510,3.8000,-0.4500,0.0000,180.0000,0.0000,0.0000,0.0000,0.0000
0.807,594.7359,1.7567,250.6575,0.2510,3.8000,-0.4500,0.0000,180.0000,0.0000,0.0000,0.0000,0.0000
0.932,593.8337,0.9947,250.8703,0.2510,3.8000,-0.4500,0.0000,180.0000,0.0000,0.0000,0.0000,0.0000
1.043,592.8844,0.1880,251.1806,0.2510,3.8000,-0.4500,0.0000,180.0000,0.0000,0.0000,0.0000,0.0000
1.155,591.9341,-0.6352,251.5744,0.2510,3.8000,-0.4500,0.0000,180.0000,0.0000,0.0000,0.0000,0.0000
1.265,591.3599,-1.1476,251.8705,0.2510,3.8000,-0.4500,358.9716,180.0000,0.0053,0.0000,0.0000,0.0000
1.377,590.8681,-1.4460,252.1868,0.2510,3.8000,-0.4500,357.8071,179.9998,0.0115,0.0000,0.0000,0.0000
1.487,590.5521,-1.4976,252.4336,0.2510,3.8000,-0.4500,357.2581,179.9997,0.0144,0.0000,0.0000,0.0000
1.599,590.2349,-1.4297,252.7179,0.2510,3.8000,-0.4500,357.2581,179.9997,0.0144,0.0000,0.0000,0.0000
1.710,590.0001,-1.3425,252.9487,0.2510,3.8000,-0.4500,357.2581,179.9997,0.0144,0.0000,0.0000,0.0000
1.821,589.7374,-1.2619,253.2160,0.2510,3.8000,-0.4500,357.2581,179.9997,0.0144,0.0000,0.0000,0.0000
1.932,589.5275,-1.2366,253.4308,0.2510,3.8000,-0.4500,357.2581,179.9997,0.0144,0.0000,0.0000,0.0000
2.058,589.2369,-1.2655,253.6475,0.2510,3.8000,-0.4500,357.2581,179.9997,0.0144,0.0000,0.0000,0.0000
2.168,589.0341,-1.3137,253.6303,0.2510,3.8000,-0.4500,357.2581,179.9997,0.0144,0.0000,0.0000,0.0000
2.292,588.8008,-1.3815,253.4092,0.2510,3.8000,-0.4500,357.2581,179.9997,0.0144,0.0000,0.0000,0.0000
2.418,588.5405,-1.4549,252.9323,0.2510,3.8000,-0.4500,357.2581,179.9996,0.0144,0.0000,0.0000,0.0000
2.529,588.3610,-1.4960,252.4744,0.2510,3.8000,-0.4500,357.2581,179.9996,0.0144,0.0000,0.0000,0.0000
2.640,588.1503,-1.5311,251.8382,0.2510,3.8000,-0.4500,357.2581,179.9996,0.0144,0.0000,0.0000,0.0000
2.751,587.9772,-1.5505,251.2624,0.2510,3.8000,-0.4500,357.2581,179.9996,0.0144,0.0000,0.0000,0.0000
2.863,587.7709,-1.5659,250.5393,0.2510,3.8000,-0.4500,357.2581,179.9996,0.0144,0.0000,0.0000,0.0000
2.974,587.5656,-1.5771,249.7982,0.2510,3.8000,-0.4500,357.2581,179.9997,0.0144,0.0000,0.0000,0.0000
3.084,587.3947,-1.5858,249.1763,0.2510,3.8000,-0.4500,357.2581,179.9996,0.0144,0.0000,0.0000,0.0000
3.196,587.1896,-1.5975,248.4299,0.2510,3.8000,-0.4500,357.2581,179.9997,0.0144,0.0000,0.0000,0.0000
3.307,587.0158,-1.6106,247.8564,0.2510,3.8000,-0.4500,357.2581,179.9996,0.0144,0.0000,0.0000,0.0000
3.418,586.7961,-1.6367,247.3388,0.2510,3.8000,-0.4500,357.2581,179.9996,0.0144,0.0000,0.0000,0.0000
3.529,586.6011,-1.6691,247.0724,0.2510,3.8000,-0.4500,357.2581,179.9996,0.0144,0.0000,0.0000,0.0000
3.654,586.3184,-1.7292,246.9238,0.2510,3.8000,-0.4500,357.2581,179.9996,0.0144,0.0000,0.0000,0.0000
3.764,586.1160,-1.7805,246.9431,0.2510,3.8000,-0.4500,357.2581,179.9996,0.0144,0.0000,0.0000,0.0000
3.877,585.8741,-1.8482,247.0578,0.2510,3.8000,-0.4500,357.2581,179.9996,0.0144,0.0000,0.0000,0.0000
3.987,585.6722,-1.9038,247.0907,0.2510,3.8000,-0.4500,357.2581,179.9996,0.0144,0.0000,0.0000,0.0000
4.113,585.4413,-1.9574,246.8621,0.2510,3.8000,-0.4500,357.2581,179.9997,0.0144,0.0000,0.0000,0.0000
4.224,585.2219,-1.9971,246.3945,0.2510,3.8000,-0.4500,357.2581,179.9997,0.0144,0.0000,0.0000,0.0000
4.338,585.0068,-2.0290,245.8285,0.2510,3.8000,-0.4500,357.2581,179.9997,0.0144,0.0000,0.0000,0.0000
4.450,584.8228,-2.0569,245.4203,0.2510,3.8000,-0.4500,357.2581,179.9997,0.0144,0.0000,0.0000,0.0000
4.560,584.5899,-2.0977,245.0888,0.2510,3.8000,-0.4500,357.2581,179.9997,0.0144,0.0000,0.0000,0.0000
4.806,584.0960,-2.2038,244.8665,0.2510,3.8000,-0.4500,357.2581,179.9997,0.0144,0.0000,0.0000,0.0000
4.930,583.8448,-2.2637,244.8792,0.2510,3.8000,-0.4500,357.2581,179.9997,0.0144,0.0000,0.0000,0.0000
5.040,583.5942,-2.3253,244.9463,0.2510,3.8000,-0.4500,357.2581,179.9997,0.0144,0.0000,0.0000,0.0000
5.150,583.3871,-2.3772,245.0408,0.2510,3.8000,-0.4500,357.2581,179.9997,0.0144,0.0000,0.0000,0.0000
5.261,583.1409,-2.4389,245.1937,0.2510,3.8000,-0.4500,357.2581,179.9997,0.0144,0.0000,0.0000,0.0000
5.373,582.9373,-2.4889,245.3457,0.2510,3.8000,-0.4500,357.2581,179.9997,0.0144,0.0000,0.0000,0.0000
5.485,582.6945,-2.5461,245.5489,0.2510,3.8000,-0.4500,357.2581,179.9996,0.0144,0.0000,0.0000,0.0000
5.595,582.4530,-2.5995,245.7677,0.2510,3.8000,-0.4500,357.2581,179.9996,0.0144,0.0000,0.0000,0.0000
5.707,582.2524,-2.6404,245.9579,0.2510,3.8000,-0.4500,357.2581,179.9996,0.0144,0.0000,0.0000,0.0000
5.831,582.0118,-2.6840,246.1907,0.2510,3.8000,-0.4500,357.4985,179.9996,359.9384,0.0000,0.0000,0.0000
5.944,581.7722,-2.7221,246.4288,0.2510,3.8000,-0.4500,357.5770,179.9995,359.9182,0.0000,0.0000,0.0000
6.068,581.5330,-2.7514,246.6652,0.2510,3.8000,-0.4500,357.9161,179.9990,359.9169,0.0000,0.0000,0.0000
6.179,581.2939,-2.7757,246.8992,0.2510,3.8000,-0.4500,358.0000,179.9988,359.9297,0.0000,0.0000,0.0000
6.290,581.0950,-2.7873,247.0889,0.2510,3.8000,-0.4500,358.3326,179.9986,-0.0056,0.0000,0.0000,0.0000
6.402,580.8565,-2.7957,247.3137,0.2510,3.8000,-0.4500,358.5671,179.9987,0.0698,0.0000,0.0000,0.0000
6.513,580.6575,-2.7983,247.4966,0.2510,3.8000,-0.4500,358.6437,179.9988,0.0966,0.0000,0.0000,0.0000
6.638,580.3793,-2.7882,247.7365,0.2510,3.8000,-0.4500,359.0276,180.0000,0.2646,0.0000,0.0000,0.0000
6.749,580.1802,-2.7748,247.8987,0.2510,3.8000,-0.4500,359.2515,180.0013,0.3813,0.0000,0.0000,0.0000
6.875,579.9013,-2.7469,248.1107,0.2510,3.8000,-0.4500,359.5365,180.0036,0.5422,0.0000,0.0000,0.0000
6.986,579.7015,-2.7214,248.2501,0.2510,3.8000,-0.4500,359.6745,180.0050,0.6256,0.0000,0.0000,0.0000
7.111,579.4621,-2.6815,248.4048,0.2510,3.8000,-0.4500,359.9484,180.0084,0.8023,0.0000,0.0000,0.0000
7.222,579.2230,-2.6338,248.5502,0.2510,3.8000,-0.4500,0.2181,180.0126,0.9885,0.0000,0.0000,0.0000
7.335,578.9831,-2.5825,248.6919,0.2510,3.8000,-0.4500,0.2844,180.0138,1.0354,0.0000,0.0000,0.0000
7.445,578.7853,-2.5280,248.8056,0.2510,3.8000,-0.4500,0.6327,180.0209,1.2950,0.0000,0.0000,0.0000
7.569,578.5471,-2.4618,248.9424,0.2510,3.8000,-0.4500,0.7659,180.0240,1.3986,0.0000,0.0000,0.0000
7.695,578.2708,-2.3748,249.1003,0.2510,3.8000,-0.4500,0.9623,180.0291,1.5542,0.0000,0.0000,0.0000
7.806,578.0746,-2.3059,249.2119,0.2510,3.8000,-0.4500,1.1585,180.0347,1.7145,0.0000,0.0000,0.0000
7.931,577.8396,-2.2198,249.3458,0.2510,3.8000,-0.4500,1.2853,180.0386,1.8196,0.0000,0.0000,0.0000
8.043,577.6063,-2.1250,249.4764,0.2510,3.8000,-0.4500,1.5351,180.0470,2.0340,0.0000,0.0000,0.0000
8.153,577.3726,-2.0290,249.6060,0.2510,3.8000,-0.4500,1.5959,180.0492,2.0877,0.0000,0.0000,0.0000
8.265,577.1788,-1.9437,249.7108,0.2510,3.8000,-0.4500,1.7176,180.0537,2.1964,0.0000,0.0000,0.0000
8.375,576.9455,-1.8395,249.8246,0.2510,3.8000,-0.4500,1.7779,180.0561,2.2513,0.0000,0.0000,0.0000
8.489,576.7515,-1.7470,249.9063,0.2510,3.8000,-0.4500,1.9605,180.0635,2.4214,0.0000,0.0000,0.0000
8.598,576.5169,-1.6385,249.9938,0.2510,3.8000,-0.4500,1.9605,180.0635,2.4214,0.0000,0.0000,0.0000
8.709,576.3214,-1.5455,250.0338,0.2510,3.8000,-0.4500,2.0198,180.0660,2.4795,0.0000,0.0000,0.0000
8.834,576.0485,-1.4158,250.0062,0.2510,3.8000,-0.4500,2.1349,180.0712,2.5957,0.0000,0.0000,0.0000
8.959,575.8154,-1.3081,249.9276,0.2510,3.8000,-0.4500,2.1349,180.0712,2.5957,0.0000,0.0000,0.0000
9.084,575.5852,-1.2021,249.8011,0.2510,3.8000,-0.4500,2.1349,180.0712,2.5958,0.0000,0.0000,0.0000
9.195,575.3581,-1.0978,249.6319,0.2510,3.8000,-0.4500,2.1349,180.0712,2.5958,0.0000,0.0000,0.0000
9.307,575.1701,-1.0123,249.4661,0.2510,3.8000,-0.4500,2.1349,180.0712,2.5958,0.0000,0.0000,0.0000
9.419,574.9456,-0.9110,249.2542,0.2510,3.8000,-0.4500,2.1349,180.0712,2.5958,0.0000,0.0000,0.0000
9.528,574.7584,-0.8272,249.0774,0.2510,3.8000,-0.4500,2.1349,180.0712,2.5958,0.0000,0.0000,0.0000
9.639,574.5331,-0.7275,248.8701,0.2510,3.8000,-0.4500,2.1349,180.0712,2.5958,0.0000,0.0000,0.0000
9.751,574.3432,-0.6447,248.7242,0.2510,3.8000,-0.4500,2.1349,180.0712,2.5958,0.0000,0.0000,0.0000
9.862,574.1124,-0.5431,248.6483,0.2510,3.8000,-0.4500,2.1349,180.0712,2.5958,0.0000,0.0000,0.0000
9.987,573.8826,-0.4396,248.6721,0.2510,3.8000,-0.4500,2.1349,180.0712,2.5958,0.0000,0.0000,0.0000
10.112,573.6547,-0.3362,248.7701,0.2510,3.8000,-0.4500,2.1349,180.0712,2.5958,0.0000,0.0000,0.0000
10.223,573.4280,-0.2345,248.9198,0.2510,3.8000,-0.4500,2.1349,180.0712,2.5958,0.0000,0.0000,0.0000
10.334,573.2025,-0.1362,249.1035,0.2510,3.8000,-0.4500,2.1349,180.0712,2.5958,0.0000,0.0000,0.0000
10.459,572.9774,-0.0425,249.3089,0.2510,3.8000,-0.4500,2.1349,180.0712,2.5958,0.0000,0.0000,0.0000
10.584,572.7521,0.0455,249.5272,0.2510,3.8000,-0.4500,2.1349,180.0712,2.5958,0.0000,0.0000,0.0000
10.709,572.5267,0.1271,249.7534,0.2510,3.8000,-0.4500,2.1349,180.0712,2.5958,0.0000,0.0000,0.0000
10.834,572.2621,0.2122,250.0200,0.2510,3.8000,-0.4500,2.0760,180.0685,2.5381,0.0000,0.0000,0.0000
10.946,572.0701,0.2619,250.2059,0.2510,3.8000,-0.4500,1.8389,180.0585,2.3011,0.0000,0.0000,0.0000
11.056,571.8387,0.3174,250.4187,0.2510,3.8000,-0.4500,1.6684,180.0519,2.1207,0.0000,0.0000,0.0000
11.167,571.6452,0.3600,250.5897,0.2510,3.8000,-0.4500,1.6141,180.0499,2.0618,0.0000,0.0000,0.0000
11.278,571.4099,0.3984,250.7953,0.2510,3.8000,-0.4500,1.3336,180.0406,1.7389,0.0000,0.0000,0.0000
11.390,571.2144,0.4296,250.9662,0.2510,3.8000,-0.4500,1.2819,180.0390,1.6751,0.0000,0.0000,0.0000
11.501,570.9778,0.4577,251.1734,0.2510,3.8000,-0.4500,1.1272,180.0348,1.4803,0.0000,0.0000,0.0000
11.612,570.7798,0.4748,251.3465,0.2510,3.8000,-0.4500,0.9782,180.0312,1.2755,0.0000,0.0000,0.0000
11.737,570.5017,0.4927,251.5875,0.2510,3.8000,-0.4500,0.8379,180.0283,1.0703,0.0000,0.0000,0.0000
11.861,570.2619,0.5002,251.7930,0.2510,3.8000,-0.4500,0.7078,180.0261,0.8578,0.0000,0.0000,0.0000
11.972,570.0607,0.5010,251.9621,0.2510,3.8000,-0.4500,0.5896,180.0246,0.6425,0.0000,0.0000,0.0000
12.084,569.8192,0.4992,252.1611,0.2510,3.8000,-0.4500,0.5204,180.0239,0.4901,0.0000,0.0000,0.0000
12.195,569.5765,0.4922,252.3566,0.2510,3.8000,-0.4500,0.4553,180.0234,0.3383,0.0000,0.0000,0.0000
12.319,569.3323,0.4784,252.5507,0.2510,3.8000,-0.4500,0.3741,180.0231,0.1051,0.0000,0.0000,0.0000
12.431,569.1286,0.4635,252.7128,0.2510,3.8000,-0.4500,0.3233,180.0231,359.9471,0.0000,0.0000,0.0000
12.542,568.8826,0.4379,252.9088,0.2510,3.8000,-0.4500,0.2208,180.0235,359.6282,0.0000,0.0000,0.0000
12.653,568.6790,0.4176,253.0725,0.2510,3.8000,-0.4500,0.2208,180.0235,359.6282,0.0000,0.0000,0.0000
12.764,568.4322,0.3815,253.2719,0.2510,3.8000,-0.4500,0.1075,180.0245,359.3117,0.0000,0.0000,0.0000
12.875,568.1862,0.3428,253.4742,0.2510,3.8000,-0.4500,0.0468,180.0253,359.1626,0.0000,0.0000,0.0000
12.986,567.9815,0.3072,253.6449,0.2510,3.8000,-0.4500,0.0150,180.0258,359.0882,0.0000,0.0000,0.0000
13.111,567.7351,0.2577,253.8524,0.2510,3.8000,-0.4500,359.9453,180.0270,358.9378,0.0000,0.0000,0.0000
13.223,567.4874,0.1993,254.0607,0.2510,3.8000,-0.4500,359.7896,180.0303,358.6399,0.0000,0.0000,0.0000
13.334,567.2392,0.1404,254.2520,0.2510,3.8000,-0.4500,359.7456,180.0314,358.5686,0.0000,0.0000,0.0000
13.459,566.9885,0.0749,254.4206,0.2510,3.8000,-0.4500,359.6559,180.0338,358.4261,0.0000,0.0000,0.0000
13.584,566.7357,0.0036,254.5704,0.2510,3.8000,-0.4500,359.5154,180.0378,358.2289,0.0000,0.0000,0.0000
13.695,566.4819,-0.0672,254.6970,0.2510,3.8000,-0.4500,359.5154,180.0378,358.2289,0.0000,0.0000,0.0000
13.805,566.2673,-0.1329,254.7447,0.2510,3.8000,-0.4500,359.3558,180.0430,358.0346,0.0000,0.0000,0.0000
13.930,566.0123,-0.2074,254.7194,0.2510,3.8000,-0.4500,359.3558,180.0431,358.0346,0.0000,0.0000,0.0000
14.056,565.7180,-0.2981,254.5965,0.2510,3.8000,-0.4500,359.2403,180.0471,357.9144,0.0000,0.0000,0.0000
14.181,565.4706,-0.3731,254.4130,0.2510,3.8000,-0.4500,359.2403,180.0471,357.9144,0.0000,0.0000,0.0000
14.305,565.2266,-0.4504,254.1710,0.2510,3.8000,-0.4500,359.1184,180.0517,357.8050,0.0000,0.0000,0.0000
14.430,564.9859,-0.5241,253.8871,0.2510,3.8000,-0.4500,359.1184,180.0517,357.8050,0.0000,0.0000,0.0000
14.542,564.7466,-0.5973,253.5831,0.2510,3.8000,-0.4500,359.1184,180.0517,357.8050,0.0000,0.0000,0.0000
14.653,564.5079,-0.6698,253.2714,0.2510,3.8000,-0.4500,359.1184,180.0517,357.8050,0.0000,0.0000,0.0000
14.764,564.3088,-0.7299,253.0143,0.2510,3.8000,-0.4500,359.1184,180.0517,357.8050,0.0000,0.0000,0.0000
14.875,564.0666,-0.8021,252.7484,0.2510,3.8000,-0.4500,359.1184,180.0517,357.8050,0.0000,0.0000,0.0000
14.987,563.8610,-0.8652,252.5741,0.2510,3.8000,-0.4500,358.9610,180.0578,357.7565,0.0000,0.0000,0.0000
15.097,563.6107,-0.9388,252.4148,0.2510,3.8000,-0.4500,358.9610,180.0578,357.7565,0.0000,0.0000,0.0000
15.208,563.3995,-1.0013,252.3553,0.2510,3.8000,-0.4500,358.9610,180.0578,357.7565,0.0000,0.0000,0.0000
15.334,563.1050,-1.0917,252.3861,0.2510,3.8000,-0.4500,358.7985,180.0641,357.7825,0.0000,0.0000,0.0000
15.445,562.8963,-1.1566,252.4701,0.2510,3.8000,-0.4500,358.7985,180.0641,357.7825,0.0000,0.0000,0.0000
15.569,562.6505,-1.2315,252.4691,0.2510,3.8000,-0.4500,358.6463,180.0699,357.8471,0.0000,0.0000,0.0000
15.680,562.4179,-1.2945,252.1791,0.2510,3.8000,-0.4500,358.6463,180.0699,357.8471,0.0000,0.0000,0.0000
15.792,562.2338,-1.3373,251.7680,0.2510,3.8000,-0.4500,358.4453,180.0773,357.9846,0.0000,0.0000,0.0000
15.903,562.0165,-1.3821,251.1825,0.2510,3.8000,-0.4500,358.4453,180.0773,357.9846,0.0000,0.0000,0.0000
16.028,561.7951,-1.4236,250.6705,0.2510,3.8000,-0.4500,358.3356,180.0810,358.1093,0.0000,0.0000,0.0000
16.139,561.5618,-1.4684,250.3203,0.2510,3.8000,-0.4500,358.2859,180.0826,358.1720,0.0000,0.0000,0.0000
16.251,561.3604,-1.5064,250.1543,0.2510,3.8000,-0.4500,358.1493,180.0867,358.3851,0.0000,0.0000,0.0000
16.361,561.1127,-1.5586,250.0795,0.2510,3.8000,-0.4500,358.1493,180.0867,358.3851,0.0000,0.0000,0.0000
16.472,560.9066,-1.6005,250.0885,0.2510,3.8000,-0.4500,358.0321,180.0898,358.6084,0.0000,0.0000,0.0000
16.597,560.6170,-1.6631,250.1675,0.2510,3.8000,-0.4500,357.9977,180.0906,358.6844,0.0000,0.0000,0.0000
16.709,560.4114,-1.7061,250.2578,0.2510,3.8000,-0.4500,357.9301,180.0921,358.8364,0.0000,0.0000,0.0000
16.834,560.1256,-1.7660,250.4217,0.2510,3.8000,-0.4500,357.8704,180.0932,358.9932,0.0000,0.0000,0.0000
16.959,559.8817,-1.8167,250.5876,0.2510,3.8000,-0.4500,357.8434,180.0937,359.0717,0.0000,0.0000,0.0000
17.083,559.6398,-1.8645,250.7710,0.2510,3.8000,-0.4500,357.7911,180.0945,359.2273,0.0000,0.0000,0.0000
17.195,559.3990,-1.9116,250.9707,0.2510,3.8000,-0.4500,357.7700,180.0947,359.3058,0.0000,0.0000,0.0000
17.306,559.1993,-1.9492,251.1475,0.2510,3.8000,-0.4500,357.7501,180.0950,359.3847,0.0000,0.0000,0.0000
17.430,558.9602,-1.9927,251.3685,0.2510,3.8000,-0.4500,357.7321,180.0951,359.4622,0.0000,0.0000,0.0000
17.544,558.7233,-2.0312,251.5962,0.2510,3.8000,-0.4500,357.6926,180.0954,359.7076,0.0000,0.0000,0.0000
17.655,558.4852,-2.0712,251.8275,0.2510,3.8000,-0.4500,357.6926,180.0954,359.7076,0.0000,0.0000,0.0000
17.765,558.2872,-2.1027,252.0220,0.2510,3.8000,-0.4500,357.6926,180.0954,359.7076,0.0000,0.0000,0.0000
17.875,558.0503,-2.1365,252.2564,0.2510,3.8000,-0.4500,357.6893,180.0955,359.7899,0.0000,0.0000,0.0000
17.986,557.8540,-2.1607,252.4520,0.2510,3.8000,-0.4500,357.6924,180.0955,359.9573,0.0000,0.0000,0.0000
18.111,557.6174,-2.1906,252.6862,0.2510,3.8000,-0.4500,357.6924,180.0955,359.9573,0.0000,0.0000,0.0000
18.236,557.3430,-2.2169,252.9539,0.2510,3.8000,-0.4500,357.7270,180.0955,0.2016,0.0000,0.0000,0.0000
18.361,557.1060,-2.2395,253.1763,0.2510,3.8000,-0.4500,357.7270,180.0955,0.2016,0.0000,0.0000,0.0000
18.486,556.8694,-2.2571,253.3913,0.2510,3.8000,-0.4500,357.7510,180.0956,0.2783,0.0000,0.0000,0.0000
18.611,556.6326,-2.2691,253.5927,0.2510,3.8000,-0.4500,357.8181,180.0960,0.4360,0.0000,0.0000,0.0000
18.736,556.3544,-2.2802,253.8094,0.2510,3.8000,-0.4500,357.8521,180.0963,0.5124,0.0000,0.0000,0.0000
18.861,556.1160,-2.2821,253.9791,0.2510,3.8000,-0.4500,357.9816,180.0977,0.7211,0.0000,0.0000,0.0000
18.986,555.8742,-2.2844,254.1224,0.2510,3.8000,-0.4500,357.9816,180.0977,0.7211,0.0000,0.0000,0.0000
19.111,555.6309,-2.2792,254.2359,0.2510,3.8000,-0.4500,358.0858,180.0991,0.8472,0.0000,0.0000,0.0000
19.223,555.3854,-2.2713,254.3258,0.2510,3.8000,-0.4500,358.1427,180.1000,0.9077,0.0000,0.0000,0.0000
19.333,555.1387,-2.2579,254.3946,0.2510,3.8000,-0.4500,358.2599,180.1020,1.0251,0.0000,0.0000,0.0000
19.458,554.8907,-2.2422,254.4493,0.2510,3.8000,-0.4500,358.3198,180.1031,1.0787,0.0000,0.0000,0.0000
19.569,554.6847,-2.2232,254.4876,0.2510,3.8000,-0.4500,358.5121,180.1070,1.2354,0.0000,0.0000,0.0000
19.669,554.4776,-2.2061,254.5282,0.2510,3.8000,-0.4500,358.5121,180.1070,1.2354,0.0000,0.0000,0.0000
19.791,554.2307,-2.1798,254.5820,0.2510,3.8000,-0.4500,358.6492,180.1100,1.3293,0.0000,0.0000,0.0000
19.916,553.9440,-2.1453,254.6543,0.2510,3.8000,-0.4500,358.7923,180.1135,1.4167,0.0000,0.0000,0.0000
20.041,553.6992,-2.1119,254.7230,0.2510,3.8000,-0.4500,358.9369,180.1171,1.4966,0.0000,0.0000,0.0000
20.154,553.4547,-2.0763,254.7971,0.2510,3.8000,-0.4500,359.0095,180.1191,1.5328,0.0000,0.0000,0.0000
20.264,553.2519,-2.0427,254.8608,0.2510,3.8000,-0.4500,359.1575,180.1231,1.6022,0.0000,0.0000,0.0000
20.389,553.0087,-2.0010,254.9399,0.2510,3.8000,-0.4500,359.2328,180.1252,1.6332,0.0000,0.0000,0.0000
20.514,552.7256,-1.9460,255.0325,0.2510,3.8000,-0.4500,359.4681,180.1321,1.7213,0.0000,0.0000,0.0000
20.625,552.5239,-1.9044,255.0992,0.2510,3.8000,-0.4500,359.6288,180.1370,1.7699,0.0000,0.0000,0.0000
20.736,552.2817,-1.8531,255.1798,0.2510,3.8000,-0.4500,359.7083,180.1395,1.7931,0.0000,0.0000,0.0000
20.849,552.0801,-1.8061,255.2453,0.2510,3.8000,-0.4500,359.9466,180.1471,1.8484,0.0000,0.0000,0.0000
20.972,551.8376,-1.7496,255.3245,0.2510,3.8000,-0.4500,0.0261,180.1497,1.8626,0.0000,0.0000,0.0000
21.084,551.5958,-1.6898,255.4030,0.2510,3.8000,-0.4500,0.1857,180.1549,1.8883,0.0000,0.0000,0.0000
21.196,551.3542,-1.6276,255.4818,0.2510,3.8000,-0.4500,0.3470,180.1602,1.9052,0.0000,0.0000,0.0000
21.306,551.1528,-1.5755,255.5486,0.2510,3.8000,-0.4500,0.3470,180.1602,1.9052,0.0000,0.0000,0.0000
21.416,550.9110,-1.5089,255.6270,0.2510,3.8000,-0.4500,0.5965,180.1686,1.9165,0.0000,0.0000,0.0000
21.527,550.7094,-1.4533,255.6929,0.2510,3.8000,-0.4500,0.6781,180.1713,1.9144,0.0000,0.0000,0.0000
21.652,550.4676,-1.3854,255.7714,0.2510,3.8000,-0.4500,0.7601,180.1740,1.9118,0.0000,0.0000,0.0000
21.764,550.2258,-1.3159,255.8487,0.2510,3.8000,-0.4500,0.9245,180.1795,1.8952,0.0000,0.0000,0.0000
21.889,549.9839,-1.2456,255.9248,0.2510,3.8000,-0.4500,1.0891,180.1849,1.8733,0.0000,0.0000,0.0000
22.000,549.7420,-1.1755,256.0011,0.2510,3.8000,-0.4500,1.0891,180.1849,1.8733,0.0000,0.0000,0.0000
22.110,549.5400,-1.1164,256.0627,0.2510,3.8000,-0.4500,1.2536,180.1902,1.8323,0.0000,0.0000,0.0000
22.222,549.2968,-1.0457,256.1357,0.2510,3.8000,-0.4500,1.4135,180.1953,1.7792,0.0000,0.0000,0.0000
22.334,549.0532,-0.9755,256.2083,0.2510,3.8000,-0.4500,1.4135,180.1953,1.7792,0.0000,0.0000,0.0000
22.458,548.8112,-0.9070,256.2246,0.2510,3.8000,-0.4500,1.5678,180.2000,1.7114,0.0000,0.0000,0.0000
22.569,548.6202,-0.8581,256.0352,0.2510,3.8000,-0.4500,1.7108,180.2042,1.6315,0.0000,0.0000,0.0000
22.680,548.4039,-0.8110,255.5763,0.2510,3.8000,-0.4500,1.7797,180.2061,1.5908,0.0000,0.0000,0.0000
22.791,548.2301,-0.7790,255.0744,0.2510,3.8000,-0.4500,1.7797,180.2061,1.5908,0.0000,0.0000,0.0000
22.905,548.0233,-0.7473,254.4233,0.2510,3.8000,-0.4500,1.9036,180.2094,1.4746,0.0000,0.0000,0.0000
23.027,547.8109,-0.7150,253.8593,0.2510,3.8000,-0.4500,1.9629,180.2109,1.4170,0.0000,0.0000,0.0000
23.139,547.5881,-0.6781,253.4461,0.2510,3.8000,-0.4500,1.9629,180.2109,1.4170,0.0000,0.0000,0.0000
23.263,547.3531,-0.6389,253.1715,0.2510,3.8000,-0.4500,2.1141,180.2144,1.2152,0.0000,0.0000,0.0000
23.389,547.1111,-0.5937,253.0025,0.2510,3.8000,-0.4500,2.1141,180.2144,1.2152,0.0000,0.0000,0.0000
23.499,546.8627,-0.5475,252.9189,0.2510,3.8000,-0.4500,2.1995,180.2161,1.0748,0.0000,0.0000,0.0000
23.610,546.6542,-0.5071,252.8914,0.2510,3.8000,-0.4500,2.2398,180.2168,1.0059,0.0000,0.0000,0.0000
23.725,546.4029,-0.4582,252.8904,0.2510,3.8000,-0.4500,2.2770,180.2175,0.9350,0.0000,0.0000,0.0000
23.830,546.1929,-0.4178,252.9064,0.2510,3.8000,-0.4500,2.3138,180.2180,0.8640,0.0000,0.0000,0.0000
23.942,545.9423,-0.3683,252.9499,0.2510,3.8000,-0.4500,2.3138,180.2180,0.8641,0.0000,0.0000,0.0000
24.053,545.6945,-0.3183,253.0343,0.2510,3.8000,-0.4500,2.3138,180.2180,0.8641,0.0000,0.0000,0.0000
24.179,545.4479,-0.2704,253.1581,0.2510,3.8000,-0.4500,2.4135,180.2193,0.6358,0.0000,0.0000,0.0000
24.290,545.2452,-0.2271,253.2855,0.2510,3.8000,-0.4500,2.4135,180.2193,0.6358,0.0000,0.0000,0.0000
24.403,545.0035,-0.1745,253.4604,0.2510,3.8000,-0.4500,2.4135,180.2193,0.6358,0.0000,0.0000,0.0000
24.514,544.7631,-0.1215,253.6521,0.2510,3.8000,-0.4500,2.4135,180.2193,0.6358,0.0000,0.0000,0.0000
24.637,544.5234,-0.0687,253.8546,0.2510,3.8000,-0.4500,2.4135,180.2193,0.6358,0.0000,0.0000,0.0000
24.763,544.2841,-0.0167,254.0633,0.2510,3.8000,-0.4500,2.4135,180.2193,0.6358,0.0000,0.0000,0.0000
24.875,544.0444,0.0328,254.2753,0.2510,3.8000,-0.4500,2.4382,180.2196,0.5597,0.0000,0.0000,0.0000
24.984,543.8450,0.0737,254.4536,0.2510,3.8000,-0.4500,2.4382,180.2196,0.5597,0.0000,0.0000,0.0000
25.096,543.6040,0.1184,254.6679,0.2510,3.8000,-0.4500,2.4820,180.2200,0.3996,0.0000,0.0000,0.0000
25.221,543.3620,0.1602,254.8695,0.2510,3.8000,-0.4500,2.5157,180.2201,0.2370,0.0000,0.0000,0.0000
25.332,543.1588,0.1943,255.0158,0.2510,3.8000,-0.4500,2.5157,180.2201,0.2370,0.0000,0.0000,0.0000
25.443,542.9110,0.2286,255.1647,0.2510,3.8000,-0.4500,2.5409,180.2202,0.0713,0.0000,0.0000,0.0000
25.568,542.6613,0.2601,255.2890,0.2510,3.8000,-0.4500,2.5509,180.2202,359.9919,0.0000,0.0000,0.0000
25.679,542.4084,0.2846,255.3905,0.2510,3.8000,-0.4500,2.5721,180.2202,359.7409,0.0000,0.0000,0.0000
25.791,542.1970,0.3054,255.4612,0.2510,3.8000,-0.4500,2.5721,180.2202,359.7409,0.0000,0.0000,0.0000
25.902,541.9399,0.3224,255.5294,0.2510,3.8000,-0.4500,2.5807,180.2201,359.4926,0.0000,0.0000,0.0000
26.013,541.7249,0.3368,255.5652,0.2510,3.8000,-0.4500,2.5807,180.2201,359.4926,0.0000,0.0000,0.0000
26.124,541.4639,0.3471,255.5785,0.2510,3.8000,-0.4500,2.5813,180.2201,359.3283,0.0000,0.0000,0.0000
26.249,541.2021,0.3529,255.5652,0.2510,3.8000,-0.4500,2.5786,180.2201,359.1612,0.0000,0.0000,0.0000
26.360,540.9409,0.3563,255.5330,0.2510,3.8000,-0.4500,2.5764,180.2202,359.0800,0.0000,0.0000,0.0000
26.485,540.6791,0.3547,255.4880,0.2510,3.8000,-0.4500,2.5706,180.2203,358.9178,0.0000,0.0000,0.0000
26.596,540.4179,0.3513,255.4342,0.2510,3.8000,-0.4500,2.5672,180.2204,358.8364,0.0000,0.0000,0.0000
26.707,540.1994,0.3446,255.3860,0.2510,3.8000,-0.4500,2.5591,180.2205,358.6721,0.0000,0.0000,0.0000
26.819,539.9382,0.3377,255.3258,0.2510,3.8000,-0.4500,2.5591,180.2205,358.6721,0.0000,0.0000,0.0000
26.929,539.7192,0.3270,255.2749,0.2510,3.8000,-0.4500,2.5499,180.2208,358.5081,0.0000,0.0000,0.0000
27.041,539.4570,0.3143,255.2122,0.2510,3.8000,-0.4500,2.5454,180.2209,358.4283,0.0000,0.0000,0.0000
27.152,539.2383,0.3019,255.1596,0.2510,3.8000,-0.4500,2.5405,180.2210,358.3464,0.0000,0.0000,0.0000
27.263,538.9756,0.2854,255.0958,0.2510,3.8000,-0.4500,2.5356,180.2212,358.2644,0.0000,0.0000,0.0000
27.374,538.7132,0.2686,255.0310,0.2510,3.8000,-0.4500,2.5356,180.2212,358.2644,0.0000,0.0000,0.0000
27.485,538.4935,0.2503,254.9767,0.2510,3.8000,-0.4500,2.5259,180.2215,358.0986,0.0000,0.0000,0.0000
27.610,538.2312,0.2307,254.9100,0.2510,3.8000,-0.4500,2.5259,180.2215,358.0986,0.0000,0.0000,0.0000
27.735,537.9246,0.2046,254.8312,0.2510,3.8000,-0.4500,2.5216,180.2216,358.0176,0.0000,0.0000,0.0000
27.846,537.7055,0.1846,254.7745,0.2510,3.8000,-0.4500,2.5175,180.2218,357.9366,0.0000,0.0000,0.0000
27.957,537.4426,0.1615,254.7058,0.2510,3.8000,-0.4500,2.5175,180.2218,357.9366,0.0000,0.0000,0.0000
28.069,537.2234,0.1414,254.6482,0.2510,3.8000,-0.4500,2.5175,180.2218,357.9366,0.0000,0.0000,0.0000
28.179,536.9598,0.1153,254.5789,0.2510,3.8000,-0.4500,2.5141,180.2219,357.8541,0.0000,0.0000,0.0000
28.304,536.6965,0.0899,254.5086,0.2510,3.8000,-0.4500,2.5141,180.2219,357.8541,0.0000,0.0000,0.0000
28.429,536.4329,0.0639,254.4379,0.2510,3.8000,-0.4500,2.5141,180.2219,357.8541,0.0000,0.0000,0.0000
28.554,536.1251,0.0316,254.3556,0.2510,3.8000,-0.4500,2.5115,180.2220,357.7702,0.0000,0.0000,0.0000
28.665,535.9055,0.0078,254.2964,0.2510,3.8000,-0.4500,2.5091,180.2221,357.6875,0.0000,0.0000,0.0000
28.790,535.6425,-0.0193,254.2242,0.2510,3.8000,-0.4500,2.5091,180.2221,357.6875,0.0000,0.0000,0.0000
28.901,535.3796,-0.0466,254.1514,0.2510,3.8000,-0.4500,2.5091,180.2221,357.6875,0.0000,0.0000,0.0000
29.012,535.1605,-0.0696,254.0906,0.2510,3.8000,-0.4500,2.5091,180.2221,357.6875,0.0000,0.0000,0.0000
29.123,534.8976,-0.0974,254.0175,0.2510,3.8000,-0.4500,2.5091,180.2221,357.6875,0.0000,0.0000,0.0000
29.236,534.6349,-0.1253,253.9445,0.2510,3.8000,-0.4500,2.5091,180.2221,357.6875,0.0000,0.0000,0.0000
29.345,534.4160,-0.1486,253.8839,0.2510,3.8000,-0.4500,2.5091,180.2221,357.6875,0.0000,0.0000,0.0000
29.470,534.1530,-0.1769,253.8113,0.2510,3.8000,-0.4500,2.5091,180.2221,357.6875,0.0000,0.0000,0.0000
29.581,533.8896,-0.2053,253.7389,0.2510,3.8000,-0.4500,2.5091,180.2221,357.6875,0.0000,0.0000,0.0000
29.706,533.6263,-0.2338,253.6667,0.2510,3.8000,-0.4500,2.5091,180.2221,357.6875,0.0000,0.0000,0.0000
29.831,533.3630,-0.2626,253.5947,0.2510,3.8000,-0.4500,2.5091,180.2221,357.6875,0.0000,0.0000,0.0000
29.942,533.0997,-0.2916,253.5228,0.2510,3.8000,-0.4500,2.5091,180.2221,357.6875,0.0000,0.0000,0.0000
30.053,532.8803,-0.3159,253.4631,0.2510,3.8000,-0.4500,2.5091,180.2221,357.6875,0.0000,0.0000,0.0000
30.164,532.6170,-0.3454,253.3916,0.2510,3.8000,-0.4500,2.5091,180.2221,357.6875,0.0000,0.0000,0.0000
30.278,532.3537,-0.3751,253.3203,0.2510,3.8000,-0.4500,2.5091,180.2221,357.6875,0.0000,0.0000,0.0000
30.387,532.1343,-0.4001,253.2609,0.2510,3.8000,-0.4500,2.5091,180.2221,357.6875,0.0000,0.0000,0.0000
30.497,531.8710,-0.4304,253.1898,0.2510,3.8000,-0.4500,2.5091,180.2221,357.6875,0.0000,0.0000,0.0000
30.623,531.6077,-0.4609,253.1188,0.2510,3.8000,-0.4500,2.5091,180.2221,357.6875,0.0000,0.0000,0.0000
30.734,531.3444,-0.4918,253.0478,0.2510,3.8000,-0.4500,2.5091,180.2221,357.6875,0.0000,0.0000,0.0000
30.845,531.1251,-0.5178,252.9887,0.2510,3.8000,-0.4500,2.5091,180.2221,357.6875,0.0000,0.0000,0.0000
30.955,530.8620,-0.5492,252.9179,0.2510,3.8000,-0.4500,2.5091,180.2221,357.6875,0.0000,0.0000,0.0000
31.068,530.6427,-0.5755,252.8590,0.2510,3.8000,-0.4500,2.5091,180.2221,357.6875,0.0000,0.0000,0.0000
31.192,530.3796,-0.6074,252.7884,0.2510,3.8000,-0.4500,2.5091,180.2221,357.6875,0.0000,0.0000,0.0000
31.317,530.0729,-0.6447,252.7061,0.2510,3.8000,-0.4500,2.5091,180.2221,357.6875,0.0000,0.0000,0.0000
31.428,529.8538,-0.6714,252.6474,0.2510,3.8000,-0.4500,2.5091,180.2221,357.6875,0.0000,0.0000,0.0000
31.553,529.5909,-0.7036,252.5770,0.2510,3.8000,-0.4500,2.5091,180.2221,357.6875,0.0000,0.0000,0.0000
31.678,529.2841,-0.7410,252.4950,0.2510,3.8000,-0.4500,2.5091,180.2221,357.6875,0.0000,0.0000,0.0000
31.789,529.0653,-0.7676,252.4364,0.2510,3.8000,-0.4500,2.5091,180.2221,357.6875,0.0000,0.0000,0.0000
31.902,528.8030,-0.7993,252.3659,0.2510,3.8000,-0.4500,2.5091,180.2221,357.6875,0.0000,0.0000,0.0000
32.011,528.5845,-0.8255,252.3071,0.2510,3.8000,-0.4500,2.5091,180.2221,357.6875,0.0000,0.0000,0.0000
32.122,528.3220,-0.8565,252.2368,0.2510,3.8000,-0.4500,2.5091,180.2221,357.6875,0.0000,0.0000,0.0000
32.233,528.0598,-0.8870,252.1667,0.2510,3.8000,-0.4500,2.5091,180.2221,357.6875,0.0000,0.0000,0.0000
32.359,527.7976,-0.9168,252.0969,0.2510,3.8000,-0.4500,2.5091,180.2221,357.6875,0.0000,0.0000,0.0000
32.470,527.5793,-0.9410,252.0388,0.2510,3.8000,-0.4500,2.5091,180.2221,357.6875,0.0000,0.0000,0.0000
32.581,527.3177,-0.9694,251.9688,0.2510,3.8000,-0.4500,2.5091,180.2221,357.6875,0.0000,0.0000,0.0000
32.693,527.0562,-0.9968,251.8986,0.2510,3.8000,-0.4500,2.5091,180.2221,357.6875,0.0000,0.0000,0.0000
32.803,526.8383,-1.0189,251.8400,0.2510,3.8000,-0.4500,2.5091,180.2221,357.6875,0.0000,0.0000,0.0000
32.915,526.5772,-1.0445,251.7695,0.2510,3.8000,-0.4500,2.5091,180.2221,357.6875,0.0000,0.0000,0.0000
33.039,526.3160,-1.0689,251.6989,0.2510,3.8000,-0.4500,2.5091,180.2221,357.6875,0.0000,0.0000,0.0000
33.150,526.0984,-1.0885,251.6399,0.2510,3.8000,-0.4500,2.5091,180.2221,357.6875,0.0000,0.0000,0.0000
33.261,525.8376,-1.1109,251.5679,0.2510,3.8000,-0.4500,2.5091,180.2221,357.6875,0.0000,0.0000,0.0000
33.373,525.6207,-1.1289,251.5068,0.2510,3.8000,-0.4500,2.5091,180.2221,357.6876,0.0000,0.0000,0.0000
33.484,525.3607,-1.1495,251.4326,0.2510,3.8000,-0.4500,2.5091,180.2221,357.6875,0.0000,0.0000,0.0000
33.594,525.1006,-1.1692,251.3663,0.2510,3.8000,-0.4500,2.5091,180.2221,357.6875,0.0000,0.0000,0.0000
33.719,524.8407,-1.1869,251.3499,0.2510,3.8000,-0.4500,2.5091,180.2221,357.6876,0.0000,0.0000,0.0000
33.831,524.6240,-1.2004,251.3637,0.2510,3.8000,-0.4500,2.5091,180.2221,357.6875,0.0000,0.0000,0.0000
33.942,524.3643,-1.2157,251.3992,0.2510,3.8000,-0.4500,2.5091,180.2221,357.6876,0.0000,0.0000,0.0000
34.042,524.1473,-1.2281,251.4383,0.2510,3.8000,-0.4500,2.5091,180.2221,357.6876,0.0000,0.0000,0.0000
34.150,523.9307,-1.2405,251.4830,0.2510,3.8000,-0.4500,2.5091,180.2221,357.6876,0.0000,0.0000,0.0000
34.261,523.6706,-1.2554,251.5422,0.2510,3.8000,-0.4500,2.5091,180.2221,357.6876,0.0000,0.0000,0.0000
34.386,523.4113,-1.2704,251.6080,0.2510,3.8000,-0.4500,2.5091,180.2221,357.6876,0.0000,0.0000,0.0000
34.498,523.1519,-1.2854,251.6798,0.2510,3.8000,-0.4500,2.5091,180.2221,357.6876,0.0000,0.0000,0.0000
34.609,522.9363,-1.2975,251.7499,0.2510,3.8000,-0.4500,2.5091,180.2221,357.6876,0.0000,0.0000,0.0000
34.720,522.6799,-1.3108,251.8578,0.2510,3.8000,-0.4500,2.5091,180.2221,357.6876,0.0000,0.0000,0.0000
34.831,522.4678,-1.3207,251.9677,0.2510,3.8000,-0.4500,2.5091,180.2221,357.6876,0.0000,0.0000,0.0000
34.956,522.1732,-1.3323,252.1482,0.2510,3.8000,-0.4500,2.5091,180.2221,357.6876,0.0000,0.0000,0.0000
35.081,521.9226,-1.3400,252.3266,0.2510,3.8000,-0.4500,2.5091,180.2221,357.6876,0.0000,0.0000,0.0000
35.192,521.7150,-1.3447,252.4888,0.2510,3.8000,-0.4500,2.5091,180.2221,357.6876,0.0000,0.0000,0.0000
35.305,521.4665,-1.3485,252.6952,0.2510,3.8000,-0.4500,2.5091,180.2221,357.6876,0.0000,0.0000,0.0000
35.414,521.2191,-1.3503,252.9111,0.2510,3.8000,-0.4500,2.5091,180.2221,357.6876,0.0000,0.0000,0.0000
35.527,521.0134,-1.3503,253.0961,0.2510,3.8000,-0.4500,2.5091,180.2221,357.6876,0.0000,0.0000,0.0000
35.650,520.7672,-1.3485,253.3220,0.2510,3.8000,-0.4500,2.5091,180.2221,357.6876,0.0000,0.0000,0.0000
35.761,520.5215,-1.3451,253.5503,0.2510,3.8000,-0.4500,2.5091,180.2221,357.6876,0.0000,0.0000,0.0000
35.886,520.2759,-1.3402,253.7798,0.2510,3.8000,-0.4500,2.5091,180.2221,357.6876,0.0000,0.0000,0.0000
35.998,520.0295,-1.3345,253.9711,0.2510,3.8000,-0.4500,2.5091,180.2221,357.6876,0.0000,0.0000,0.0000
36.108,519.8293,-1.3356,253.9166,0.2510,3.8000,-0.4500,2.5091,180.2221,357.6876,0.0000,0.0000,0.0000
36.234,519.5640,-1.3497,253.4840,0.2510,3.8000,-0.4500,2.5091,180.2221,357.6876,0.0000,0.0000,0.0000
36.345,519.3818,-1.3656,253.0130,0.2510,3.8000,-0.4500,2.5091,180.2221,357.6876,0.0000,0.0000,0.0000
36.455,519.1662,-1.3872,252.3736,0.2510,3.8000,-0.4500,2.5091,180.2221,357.6876,0.0000,0.0000,0.0000
36.567,518.9856,-1.4044,251.8511,0.2510,3.8000,-0.4500,2.5091,180.2221,357.6876,0.0000,0.0000,0.0000
36.678,518.7662,-1.4196,251.2824,0.2510,3.8000,-0.4500,2.4338,180.2251,357.8382,0.0000,0.0000,0.0000
36.790,518.5818,-1.4306,250.8271,0.2510,3.8000,-0.4500,2.3953,180.2265,357.9145,0.0000,0.0000,0.0000
36.913,518.3279,-1.4442,250.1335,0.2510,3.8000,-0.4500,2.3195,180.2292,358.0616,0.0000,0.0000,0.0000
37.025,518.1495,-1.4531,249.5931,0.2510,3.8000,-0.4500,2.2394,180.2318,358.2108,0.0000,0.0000,0.0000
37.135,517.9375,-1.4643,248.9085,0.2510,3.8000,-0.4500,2.1999,180.2330,358.2839,0.0000,0.0000,0.0000
37.246,517.7620,-1.4727,248.3188,0.2510,3.8000,-0.4500,2.1604,180.2341,358.3542,0.0000,0.0000,0.0000
37.371,517.5533,-1.4795,247.5978,0.2510,3.8000,-0.4500,2.0369,180.2375,358.5688,0.0000,0.0000,0.0000
37.483,517.3438,-1.4851,246.8935,0.2510,3.8000,-0.4500,1.9517,180.2395,358.7095,0.0000,0.0000,0.0000
37.607,517.1254,-1.4869,246.3257,0.2510,3.8000,-0.4500,1.9091,180.2404,358.7779,0.0000,0.0000,0.0000
37.708,516.9335,-1.4826,246.0022,0.2510,3.8000,-0.4500,1.8186,180.2423,358.9170,0.0000,0.0000,0.0000
37.816,516.6926,-1.4729,245.7850,0.2510,3.8000,-0.4500,1.7240,180.2439,359.0510,0.0000,0.0000,0.0000
37.927,516.4876,-1.4630,245.7196,0.2510,3.8000,-0.4500,1.7240,180.2439,359.0510,0.0000,0.0000,0.0000
38.038,516.2426,-1.4475,245.7463,0.2510,3.8000,-0.4500,1.6178,180.2456,359.1789,0.0000,0.0000,0.0000
38.150,516.0395,-1.4342,245.8302,0.2510,3.8000,-0.4500,1.5640,180.2463,359.2412,0.0000,0.0000,0.0000
38.274,515.7578,-1.4153,246.0100,0.2510,3.8000,-0.4500,1.4480,180.2477,359.3536,0.0000,0.0000,0.0000
38.386,515.5569,-1.4031,246.1667,0.2510,3.8000,-0.4500,1.4480,180.2477,359.3536,0.0000,0.0000,0.0000
38.510,515.3177,-1.3886,246.3755,0.2510,3.8000,-0.4500,1.2563,180.2497,359.5037,0.0000,0.0000,0.0000
38.621,515.0784,-1.3772,246.5964,0.2510,3.8000,-0.4500,1.2563,180.2497,359.5037,0.0000,0.0000,0.0000
38.732,514.8795,-1.3693,246.7867,0.2510,3.8000,-0.4500,1.2563,180.2497,359.5037,0.0000,0.0000,0.0000
38.843,514.6415,-1.3621,247.0205,0.2510,3.8000,-0.4500,1.1123,180.2508,359.5797,0.0000,0.0000,0.0000
38.969,514.4034,-1.3581,247.2569,0.2510,3.8000,-0.4500,1.0377,180.2514,359.6097,0.0000,0.0000,0.0000
39.094,514.1257,-1.3581,247.5350,0.2510,3.8000,-0.4500,0.8831,180.2523,359.6610,0.0000,0.0000,0.0000
39.205,513.9274,-1.3621,247.7353,0.2510,3.8000,-0.4500,0.6426,180.2537,359.7094,0.0000,0.0000,0.0000
39.316,513.6884,-1.3695,247.9693,0.2510,3.8000,-0.4500,0.6426,180.2537,359.7094,0.0000,0.0000,0.0000
39.427,513.4884,-1.3801,248.1561,0.2510,3.8000,-0.4500,0.4811,180.2545,359.7221,0.0000,0.0000,0.0000
39.538,513.2473,-1.3976,248.3694,0.2510,3.8000,-0.4500,0.2345,180.2557,359.7230,0.0000,0.0000,0.0000
39.649,513.0455,-1.4150,248.5399,0.2510,3.8000,-0.4500,0.1510,180.2561,359.7166,0.0000,0.0000,0.0000
39.760,512.8030,-1.4419,248.7451,0.2510,3.8000,-0.4500,359.9015,180.2574,359.6935,0.0000,0.0000,0.0000
39.871,512.6011,-1.4670,248.9172,0.2510,3.8000,-0.4500,359.8222,180.2578,359.6818,0.0000,0.0000,0.0000
39.982,512.3588,-1.5035,249.1278,0.2510,3.8000,-0.4500,359.5764,180.2592,359.6397,0.0000,0.0000,0.0000
40.093,512.1168,-1.5454,249.3419,0.2510,3.8000,-0.4500,359.3320,180.2609,359.5878,0.0000,0.0000,0.0000
40.205,511.9153,-1.5827,249.5222,0.2510,3.8000,-0.4500,359.2507,180.2615,359.5684,0.0000,0.0000,0.0000
40.330,511.6735,-1.6329,249.7413,0.2510,3.8000,-0.4500,359.0874,180.2628,359.5288,0.0000,0.0000,0.0000
40.454,511.3910,-1.6992,250.0016,0.2510,3.8000,-0.4500,358.7505,180.2658,359.4404,0.0000,0.0000,0.0000
40.567,511.1896,-1.7472,250.1886,0.2510,3.8000,-0.4500,358.7505,180.2658,359.4404,0.0000,0.0000,0.0000
40.677,510.9477,-1.8115,250.4171,0.2510,3.8000,-0.4500,358.5100,180.2683,359.3760,0.0000,0.0000,0.0000
40.788,510.7466,-1.8651,250.6090,0.2510,3.8000,-0.4500,358.5100,180.2683,359.3759,0.0000,0.0000,0.0000
40.899,510.5055,-1.9333,250.8439,0.2510,3.8000,-0.4500,358.4304,180.2691,359.3554,0.0000,0.0000,0.0000
41.010,510.3045,-1.9941,251.0435,0.2510,3.8000,-0.4500,358.1900,180.2720,359.2964,0.0000,0.0000,0.0000
41.123,510.0638,-2.0651,251.2839,0.2510,3.8000,-0.4500,358.1900,180.2720,359.2964,0.0000,0.0000,0.0000
41.246,509.8234,-2.1371,251.5268,0.2510,3.8000,-0.4500,358.1900,180.2720,359.2964,0.0000,0.0000,0.0000
41.357,509.5830,-2.2094,251.7714,0.2510,3.8000,-0.4500,358.1900,180.2720,359.2964,0.0000,0.0000,0.0000
41.467,509.3820,-2.2689,251.9652,0.2510,3.8000,-0.4500,358.1900,180.2720,359.2964,0.0000,0.0000,0.0000
41.579,509.1361,-2.3370,252.1428,0.2510,3.8000,-0.4500,358.1900,180.2720,359.2964,0.0000,0.0000,0.0000
41.691,508.9270,-2.3900,252.2410,0.2510,3.8000,-0.4500,358.1900,180.2720,359.2964,0.0000,0.0000,0.0000
41.815,508.6329,-2.4570,252.2776,0.2510,3.8000,-0.4500,358.1900,180.2720,359.2964,0.0000,0.0000,0.0000
41.943,508.3927,-2.5029,252.1010,0.2510,3.8000,-0.4500,358.1900,180.2720,359.2964,0.0000,0.0000,0.0000
42.065,508.1646,-2.5371,251.7299,0.2510,3.8000,-0.4500,358.1900,180.2720,359.2964,0.0000,0.0000,0.0000
42.177,507.9457,-2.5614,251.2088,0.2510,3.8000,-0.4500,358.1900,180.2720,359.2964,0.0000,0.0000,0.0000
42.287,507.7686,-2.5755,250.6861,0.2510,3.8000,-0.4500,358.1900,180.2720,359.2964,0.0000,0.0000,0.0000
42.413,507.5597,-2.5871,250.0052,0.2510,3.8000,-0.4500,358.1900,180.2720,359.2964,0.0000,0.0000,0.0000
42.538,507.3184,-2.5945,249.1886,0.2510,3.8000,-0.4500,358.1033,180.2729,359.4359,0.0000,0.0000,0.0000
42.663,507.1114,-2.5997,248.4895,0.2510,3.8000,-0.4500,358.1033,180.2729,359.4359,0.0000,0.0000,0.0000
42.787,506.9054,-2.6008,247.7977,0.2510,3.8000,-0.4500,358.0424,180.2735,359.5884,0.0000,0.0000,0.0000
42.899,506.6992,-2.6011,247.1124,0.2510,3.8000,-0.4500,358.0268,180.2735,359.6673,0.0000,0.0000,0.0000
43.009,506.5269,-2.6009,246.5453,0.2510,3.8000,-0.4500,358.0268,180.2735,359.6673,0.0000,0.0000,0.0000
43.120,506.3215,-2.5962,245.8685,0.2510,3.8000,-0.4500,358.0171,180.2736,359.8333,0.0000,0.0000,0.0000
43.246,506.1156,-2.5923,245.1858,0.2510,3.8000,-0.4500,358.0171,180.2736,359.8333,0.0000,0.0000,0.0000
43.371,505.9105,-2.5831,244.5110,0.2510,3.8000,-0.4500,358.0418,180.2735,0.0004,0.0000,0.0000,0.0000
43.496,505.6570,-2.5768,243.9329,0.2510,3.8000,-0.4500,358.0659,180.2736,0.0788,0.0000,0.0000,0.0000
43.621,505.4242,-2.5745,243.6691,0.2510,3.8000,-0.4500,358.0931,180.2736,0.1558,0.0000,0.0000,0.0000
43.734,505.1871,-2.5697,243.5872,0.2510,3.8000,-0.4500,358.2265,180.2742,0.3760,0.0000,0.0000,0.0000
43.857,504.9504,-2.5634,243.6391,0.2510,3.8000,-0.4500,358.3976,180.2757,0.5633,0.0000,0.0000,0.0000
43.969,504.7539,-2.5574,243.7535,0.2510,3.8000,-0.4500,358.4571,180.2763,0.6188,0.0000,0.0000,0.0000
44.079,504.5215,-2.5397,243.9447,0.2510,3.8000,-0.4500,358.8012,180.2807,0.8573,0.0000,0.0000,0.0000
44.191,504.3283,-2.5228,244.1353,0.2510,3.8000,-0.4500,358.9477,180.2830,0.9308,0.0000,0.0000,0.0000
44.315,504.0597,-2.4887,244.4294,0.2510,3.8000,-0.4500,359.2558,180.2884,1.0643,0.0000,0.0000,0.0000
44.427,503.8690,-2.4562,244.6511,0.2510,3.8000,-0.4500,359.5752,180.2947,1.1814,0.0000,0.0000,0.0000
44.551,503.6410,-2.4101,244.9252,0.2510,3.8000,-0.4500,359.8980,180.3016,1.2928,0.0000,0.0000,0.0000
44.676,503.3761,-2.3458,245.2507,0.2510,3.8000,-0.4500,0.2103,180.3090,1.4036,0.0000,0.0000,0.0000
44.789,503.1875,-2.2921,245.4844,0.2510,3.8000,-0.4500,0.4446,180.3149,1.4906,0.0000,0.0000,0.0000
44.912,502.9621,-2.2200,245.7653,0.2510,3.8000,-0.4500,0.6713,180.3210,1.5801,0.0000,0.0000,0.0000
45.023,502.7381,-2.1365,246.0446,0.2510,3.8000,-0.4500,1.0641,180.3324,1.7484,0.0000,0.0000,0.0000
45.134,502.5150,-2.0454,246.3237,0.2510,3.8000,-0.4500,1.3702,180.3421,1.8903,0.0000,0.0000,0.0000
45.246,502.3292,-1.9661,246.5570,0.2510,3.8000,-0.4500,1.4440,180.3446,1.9254,0.0000,0.0000,0.0000
45.357,502.1084,-1.8589,246.8337,0.2510,3.8000,-0.4500,1.8186,180.3578,2.1137,0.0000,0.0000,0.0000
45.482,501.8875,-1.7480,247.1100,0.2510,3.8000,-0.4500,1.9692,180.3634,2.1936,0.0000,0.0000,0.0000
45.595,501.6680,-1.6291,247.3832,0.2510,3.8000,-0.4500,2.1904,180.3722,2.3123,0.0000,0.0000,0.0000
45.706,501.4855,-1.5260,247.6098,0.2510,3.8000,-0.4500,2.3373,180.3782,2.3938,0.0000,0.0000,0.0000
45.829,501.2672,-1.3979,247.8800,0.2510,3.8000,-0.4500,2.4818,180.3844,2.4748,0.0000,0.0000,0.0000
45.955,501.0132,-1.2430,248.1935,0.2510,3.8000,-0.4500,2.6245,180.3906,2.5557,0.0000,0.0000,0.0000
46.065,500.8317,-1.1298,248.4117,0.2510,3.8000,-0.4500,2.6954,180.3938,2.5959,0.0000,0.0000,0.0000
46.176,500.6123,-0.9928,248.6477,0.2510,3.8000,-0.4500,2.7662,180.3971,2.6360,0.0000,0.0000,0.0000
46.288,500.4282,-0.8770,248.8203,0.2510,3.8000,-0.4500,2.9083,180.4037,2.7157,0.0000,0.0000,0.0000
46.412,500.2047,-0.7412,249.0032,0.2510,3.8000,-0.4500,2.9083,180.4037,2.7157,0.0000,0.0000,0.0000
46.514,499.9780,-0.6073,249.1466,0.2510,3.8000,-0.4500,2.9083,180.4037,2.7157,0.0000,0.0000,0.0000
46.634,499.7481,-0.4760,249.2542,0.2510,3.8000,-0.4500,2.9083,180.4037,2.7157,0.0000,0.0000,0.0000
46.746,499.5548,-0.3687,249.3248,0.2510,3.8000,-0.4500,2.9083,180.4037,2.7157,0.0000,0.0000,0.0000
46.857,499.3215,-0.2426,249.3961,0.2510,3.8000,-0.4500,2.9083,180.4037,2.7157,0.0000,0.0000,0.0000
46.968,499.1262,-0.1399,249.4492,0.2510,3.8000,-0.4500,2.9083,180.4037,2.7157,0.0000,0.0000,0.0000
47.081,498.8910,-0.0201,249.4977,0.2510,3.8000,-0.4500,2.9083,180.4037,2.7157,0.0000,0.0000,0.0000
47.190,498.6949,0.0763,249.5346,0.2510,3.8000,-0.4500,2.9083,180.4037,2.7157,0.0000,0.0000,0.0000
47.301,498.4603,0.1892,249.6022,0.2510,3.8000,-0.4500,2.9083,180.4037,2.7157,0.0000,0.0000,0.0000
47.413,498.2657,0.2805,249.6777,0.2510,3.8000,-0.4500,2.9083,180.4037,2.7157,0.0000,0.0000,0.0000
47.524,498.0331,0.3861,249.7894,0.2510,3.8000,-0.4500,2.9083,180.4037,2.7157,0.0000,0.0000,0.0000
47.637,497.8015,0.4867,249.9246,0.2510,3.8000,-0.4500,2.9083,180.4037,2.7157,0.0000,0.0000,0.0000
47.759,497.5708,0.5812,250.0796,0.2510,3.8000,-0.4500,2.9083,180.4037,2.7157,0.0000,0.0000,0.0000
47.871,497.3772,0.6516,250.2187,0.2510,3.8000,-0.4500,2.8305,180.4001,2.5619,0.0000,0.0000,0.0000
47.984,497.1430,0.7277,250.3833,0.2510,3.8000,-0.4500,2.7048,180.3947,2.3350,0.0000,0.0000,0.0000
48.093,496.9057,0.7919,250.5402,0.2510,3.8000,-0.4500,2.4560,180.3854,1.9785,0.0000,0.0000,0.0000
48.218,496.6673,0.8505,250.6874,0.2510,3.8000,-0.4500,2.2970,180.3802,1.7771,0.0000,0.0000,0.0000
48.331,496.4672,0.8931,250.8041,0.2510,3.8000,-0.4500,2.1909,180.3770,1.6466,0.0000,0.0000,0.0000
48.454,496.1840,0.9387,250.9616,0.2510,3.8000,-0.4500,1.9161,180.3699,1.3264,0.0000,0.0000,0.0000
48.565,495.9805,0.9641,251.0705,0.2510,3.8000,-0.4500,1.7394,180.3661,1.1264,0.0000,0.0000,0.0000
48.676,495.7350,0.9858,251.1991,0.2510,3.8000,-0.4500,1.5108,180.3621,0.8687,0.0000,0.0000,0.0000
48.787,495.5291,0.9961,251.3052,0.2510,3.8000,-0.4500,1.2925,180.3593,0.6220,0.0000,0.0000,0.0000
48.898,495.2814,1.0013,251.4315,0.2510,3.8000,-0.4500,1.0740,180.3574,0.3717,0.0000,0.0000,0.0000
49.009,495.0750,1.0023,251.5351,0.2510,3.8000,-0.4500,1.0173,180.3570,0.3055,0.0000,0.0000,0.0000
49.120,494.8245,0.9893,251.6599,0.2510,3.8000,-0.4500,0.7337,180.3563,359.9704,0.0000,0.0000,0.0000
49.246,494.5740,0.9715,251.7827,0.2510,3.8000,-0.4500,0.5755,180.3567,359.7768,0.0000,0.0000,0.0000
49.358,494.3219,0.9440,251.9016,0.2510,3.8000,-0.4500,0.3698,180.3580,359.5170,0.0000,0.0000,0.0000
49.468,494.1113,0.9173,251.9944,0.2510,3.8000,-0.4500,0.2688,180.3589,359.3830,0.0000,0.0000,0.0000
49.593,493.8577,0.8793,252.0993,0.2510,3.8000,-0.4500,0.1690,180.3601,359.2485,0.0000,0.0000,0.0000
49.718,493.5597,0.8237,252.2162,0.2510,3.8000,-0.4500,359.9771,180.3631,358.9740,0.0000,0.0000,0.0000
49.843,493.3034,0.7695,252.3132,0.2510,3.8000,-0.4500,359.8303,180.3660,358.7535,0.0000,0.0000,0.0000
49.954,493.0471,0.7108,252.4087,0.2510,3.8000,-0.4500,359.7361,180.3681,358.6120,0.0000,0.0000,0.0000
50.078,492.7905,0.6462,252.5043,0.2510,3.8000,-0.4500,359.6425,180.3705,358.4748,0.0000,0.0000,0.0000
50.189,492.5754,0.5840,252.5841,0.2510,3.8000,-0.4500,359.4481,180.3762,358.2003,0.0000,0.0000,0.0000
50.315,492.2754,0.4963,252.6933,0.2510,3.8000,-0.4500,359.3460,180.3795,358.0686,0.0000,0.0000,0.0000
50.427,492.0608,0.4284,252.7708,0.2510,3.8000,-0.4500,359.2444,180.3830,357.9402,0.0000,0.0000,0.0000
50.536,491.8026,0.3430,252.8583,0.2510,3.8000,-0.4500,359.1341,180.3871,357.8163,0.0000,0.0000,0.0000
50.661,491.5439,0.2550,252.9358,0.2510,3.8000,-0.4500,359.0788,180.3893,357.7570,0.0000,0.0000,0.0000
50.786,491.2841,0.1624,252.9714,0.2510,3.8000,-0.4500,358.9612,180.3940,357.6411,0.0000,0.0000,0.0000
50.912,491.0242,0.0683,252.9624,0.2510,3.8000,-0.4500,358.8419,180.3990,357.5361,0.0000,0.0000,0.0000
51.023,490.7646,-0.0262,252.9411,0.2510,3.8000,-0.4500,358.7768,180.4019,357.4886,0.0000,0.0000,0.0000
51.148,490.5056,-0.1223,252.9594,0.2510,3.8000,-0.4500,358.7768,180.4019,357.4886,0.0000,0.0000,0.0000
51.261,490.2462,-0.2233,253.0048,0.2510,3.8000,-0.4500,358.6359,180.4081,357.4028,0.0000,0.0000,0.0000
51.384,489.9876,-0.3231,253.0648,0.2510,3.8000,-0.4500,358.6359,180.4081,357.4028,0.0000,0.0000,0.0000
51.509,489.7291,-0.4245,253.1345,0.2510,3.8000,-0.4500,358.5606,180.4116,357.3748,0.0000,0.0000,0.0000
51.619,489.4711,-0.5245,253.2095,0.2510,3.8000,-0.4500,358.5606,180.4116,357.3747,0.0000,0.0000,0.0000
51.745,489.2134,-0.6234,253.2885,0.2510,3.8000,-0.4500,358.5606,180.4116,357.3747,0.0000,0.0000,0.0000
51.870,488.9562,-0.7203,253.3701,0.2510,3.8000,-0.4500,358.5606,180.4116,357.3747,0.0000,0.0000,0.0000
51.981,488.6993,-0.8155,253.4544,0.2510,3.8000,-0.4500,358.3966,180.4191,357.3922,0.0000,0.0000,0.0000
52.092,488.4857,-0.8914,253.5284,0.2510,3.8000,-0.4500,358.3966,180.4191,357.3922,0.0000,0.0000,0.0000
52.217,488.1884,-0.9934,253.6453,0.2510,3.8000,-0.4500,358.3966,180.4191,357.3922,0.0000,0.0000,0.0000
52.328,487.9778,-1.0616,253.7391,0.2510,3.8000,-0.4500,358.2766,180.4244,357.5103,0.0000,0.0000,0.0000
52.440,487.7259,-1.1396,253.8626,0.2510,3.8000,-0.4500,358.2216,180.4268,357.5721,0.0000,0.0000,0.0000
52.564,487.4764,-1.2098,253.9996,0.2510,3.8000,-0.4500,358.1182,180.4310,357.7925,0.0000,0.0000,0.0000
52.690,487.2278,-1.2744,254.1465,0.2510,3.8000,-0.4500,358.0911,180.4320,357.9582,0.0000,0.0000,0.0000
52.801,486.9799,-1.3324,254.2992,0.2510,3.8000,-0.4500,358.0731,180.4326,358.1232,0.0000,0.0000,0.0000
52.911,486.7745,-1.3732,254.4281,0.2510,3.8000,-0.4500,358.0932,180.4320,358.3690,0.0000,0.0000,0.0000
53.023,486.5281,-1.4163,254.5828,0.2510,3.8000,-0.4500,358.1423,180.4307,358.6108,0.0000,0.0000,0.0000
53.147,486.2826,-1.4500,254.7364,0.2510,3.8000,-0.4500,358.2508,180.4284,358.9323,0.0000,0.0000,0.0000
53.272,486.0360,-1.4811,254.8889,0.2510,3.8000,-0.4500,358.2797,180.4279,359.0081,0.0000,0.0000,0.0000
53.384,485.7918,-1.4977,255.0389,0.2510,3.8000,-0.4500,358.4830,180.4251,359.3954,0.0000,0.0000,0.0000
53.495,485.5465,-1.5123,255.1877,0.2510,3.8000,-0.4500,358.5736,180.4242,359.5370,0.0000,0.0000,0.0000
53.607,485.3425,-1.5185,255.3098,0.2510,3.8000,-0.4500,358.6664,180.4236,359.6742,0.0000,0.0000,0.0000
53.717,485.0988,-1.5172,255.4539,0.2510,3.8000,-0.4500,358.8705,180.4229,359.9353,0.0000,0.0000,0.0000
53.831,484.8951,-1.5147,255.5731,0.2510,3.8000,-0.4500,358.9264,180.4229,-0.0040,0.0000,0.0000,0.0000
53.939,484.6514,-1.5050,255.7144,0.2510,3.8000,-0.4500,359.0417,180.4230,0.1174,0.0000,0.0000,0.0000
54.050,484.4494,-1.4892,255.8300,0.2510,3.8000,-0.4500,359.2885,180.4240,0.3397,0.0000,0.0000,0.0000
54.163,484.2061,-1.4711,255.9691,0.2510,3.8000,-0.4500,359.3553,180.4244,0.3877,0.0000,0.0000,0.0000
54.273,484.0038,-1.4507,256.0837,0.2510,3.8000,-0.4500,359.4918,180.4254,0.4822,0.0000,0.0000,0.0000
54.384,483.7613,-1.4229,256.2207,0.2510,3.8000,-0.4500,359.6326,180.4267,0.5633,0.0000,0.0000,0.0000
54.496,483.5190,-1.3912,256.3570,0.2510,3.8000,-0.4500,359.7780,180.4282,0.6343,0.0000,0.0000,0.0000
54.606,483.3175,-1.3606,256.4695,0.2510,3.8000,-0.4500,0.0141,180.4310,0.7203,0.0000,0.0000,0.0000
54.717,483.0753,-1.3229,256.6048,0.2510,3.8000,-0.4500,0.1750,180.4331,0.7603,0.0000,0.0000,0.0000
54.828,482.8735,-1.2899,256.7175,0.2510,3.8000,-0.4500,0.2550,180.4342,0.7785,0.0000,0.0000,0.0000
54.939,482.6313,-1.2474,256.8520,0.2510,3.8000,-0.4500,0.4127,180.4363,0.8004,0.0000,0.0000,0.0000
55.050,482.4294,-1.2095,256.9628,0.2510,3.8000,-0.4500,0.6609,180.4398,0.8117,0.0000,0.0000,0.0000
55.162,482.1867,-1.1643,257.0966,0.2510,3.8000,-0.4500,0.7438,180.4410,0.8066,0.0000,0.0000,0.0000
55.274,481.9438,-1.1170,257.2290,0.2510,3.8000,-0.4500,0.9100,180.4433,0.7933,0.0000,0.0000,0.0000
55.384,481.7411,-1.0769,257.3386,0.2510,3.8000,-0.4500,1.0713,180.4455,0.7656,0.0000,0.0000,0.0000
55.509,481.4975,-1.0284,257.4695,0.2510,3.8000,-0.4500,1.2314,180.4476,0.7255,0.0000,0.0000,0.0000
55.620,481.2533,-0.9796,257.5991,0.2510,3.8000,-0.4500,1.4698,180.4505,0.6422,0.0000,0.0000,0.0000
55.730,481.0500,-0.9392,257.7078,0.2510,3.8000,-0.4500,1.4698,180.4505,0.6423,0.0000,0.0000,0.0000
55.842,480.8050,-0.8911,257.8371,0.2510,3.8000,-0.4500,1.6206,180.4521,0.5708,0.0000,0.0000,0.0000
55.967,480.5594,-0.8439,257.9661,0.2510,3.8000,-0.4500,1.7683,180.4534,0.4849,0.0000,0.0000,0.0000
56.078,480.3129,-0.7984,258.0939,0.2510,3.8000,-0.4500,1.9760,180.4549,0.3413,0.0000,0.0000,0.0000
56.191,480.1077,-0.7607,258.2006,0.2510,3.8000,-0.4500,1.9760,180.4549,0.3413,0.0000,0.0000,0.0000
56.301,479.8594,-0.7193,258.3262,0.2510,3.8000,-0.4500,2.2248,180.4559,0.1093,0.0000,0.0000,0.0000
56.425,479.6118,-0.6778,258.4511,0.2510,3.8000,-0.4500,2.2248,180.4559,0.1093,0.0000,0.0000,0.0000
56.536,479.3619,-0.6412,258.5714,0.2510,3.8000,-0.4500,2.3807,180.4559,359.9075,0.0000,0.0000,0.0000
56.663,479.1126,-0.6050,258.6892,0.2510,3.8000,-0.4500,2.3807,180.4559,359.9075,0.0000,0.0000,0.0000
56.788,478.8608,-0.5746,258.8038,0.2510,3.8000,-0.4500,2.5095,180.4555,359.6946,0.0000,0.0000,0.0000
56.890,478.6512,-0.5505,258.8989,0.2510,3.8000,-0.4500,2.5441,180.4553,359.6192,0.0000,0.0000,0.0000
57.006,478.3985,-0.5255,259.0128,0.2510,3.8000,-0.4500,2.6108,180.4547,359.4672,0.0000,0.0000,0.0000
57.133,478.1455,-0.5041,259.1276,0.2510,3.8000,-0.4500,2.6597,180.4542,359.3111,0.0000,0.0000,0.0000
57.244,477.8924,-0.4851,259.2442,0.2510,3.8000,-0.4500,2.6822,180.4539,359.2319,0.0000,0.0000,0.0000
57.369,477.6386,-0.4710,259.3631,0.2510,3.8000,-0.4500,2.7152,180.4534,359.0715,0.0000,0.0000,0.0000
57.494,477.3420,-0.4590,259.5049,0.2510,3.8000,-0.4500,2.7350,180.4531,358.9041,0.0000,0.0000,0.0000
57.620,477.0867,-0.4548,259.6291,0.2510,3.8000,-0.4500,2.7440,180.4529,358.6474,0.0000,0.0000,0.0000
57.731,476.8751,-0.4503,259.7341,0.2510,3.8000,-0.4500,2.7440,180.4529,358.6474,0.0000,0.0000,0.0000
57.841,476.6194,-0.4527,259.8622,0.2510,3.8000,-0.4500,2.7289,180.4533,358.4006,0.0000,0.0000,0.0000
57.967,476.3649,-0.4542,259.9918,0.2510,3.8000,-0.4500,2.7289,180.4533,358.4006,0.0000,0.0000,0.0000
58.078,476.1093,-0.4621,260.1234,0.2510,3.8000,-0.4500,2.7016,180.4541,358.2376,0.0000,0.0000,0.0000
58.189,475.8968,-0.4686,260.2340,0.2510,3.8000,-0.4500,2.7016,180.4541,358.2376,0.0000,0.0000,0.0000
58.314,475.5980,-0.4860,260.3912,0.2510,3.8000,-0.4500,2.6396,180.4561,357.9948,0.0000,0.0000,0.0000
58.425,475.3853,-0.4973,260.5046,0.2510,3.8000,-0.4500,2.6396,180.4561,357.9948,0.0000,0.0000,0.0000
58.536,475.1301,-0.5132,260.6418,0.2510,3.8000,-0.4500,2.6396,180.4561,357.9948,0.0000,0.0000,0.0000
58.647,474.9165,-0.5312,260.7581,0.2510,3.8000,-0.4500,2.5772,180.4584,357.8410,0.0000,0.0000,0.0000
58.771,474.6614,-0.5507,260.8992,0.2510,3.8000,-0.4500,2.5772,180.4584,357.8410,0.0000,0.0000,0.0000
58.897,474.3638,-0.5752,261.0664,0.2510,3.8000,-0.4500,2.5772,180.4584,357.8410,0.0000,0.0000,0.0000
59.006,474.1507,-0.5952,261.1868,0.2510,3.8000,-0.4500,2.5359,180.4600,357.7691,0.0000,0.0000,0.0000
59.118,473.8954,-0.6180,261.3301,0.2510,3.8000,-0.4500,2.5359,180.4600,357.7691,0.0000,0.0000,0.0000
59.229,473.6826,-0.6372,261.4485,0.2510,3.8000,-0.4500,2.5359,180.4600,357.7691,0.0000,0.0000,0.0000
59.340,473.4271,-0.6601,261.5893,0.2510,3.8000,-0.4500,2.5359,180.4600,357.7691,0.0000,0.0000,0.0000
59.465,473.1713,-0.6826,261.7261,0.2510,3.8000,-0.4500,2.5360,180.4600,357.7691,0.0000,0.0000,0.0000
59.576,472.9152,-0.7042,261.8581,0.2510,3.8000,-0.4500,2.5359,180.4600,357.7691,0.0000,0.0000,0.0000
59.687,472.7016,-0.7213,261.9626,0.2510,3.8000,-0.4500,2.5359,180.4600,357.7691,0.0000,0.0000,0.0000
59.812,472.4438,-0.7406,262.0677,0.2510,3.8000,-0.4500,2.5359,180.4600,357.7691,0.0000,0.0000,0.0000
59.937,472.1406,-0.7613,262.1571,0.2510,3.8000,-0.4500,2.5359,180.4600,357.7691,0.0000,0.0000,0.0000
60.062,471.8802,-0.7780,262.1697,0.2510,3.8000,-0.4500,2.5359,180.4600,357.7691,0.0000,0.0000,0.0000
60.173,471.6216,-0.7935,262.1216,0.2510,3.8000,-0.4500,2.5359,180.4600,357.7691,0.0000,0.0000,0.0000
60.285,471.4085,-0.8053,262.0407,0.2510,3.8000,-0.4500,2.5359,180.4600,357.7691,0.0000,0.0000,0.0000
60.409,471.1552,-0.8176,261.9051,0.2510,3.8000,-0.4500,2.5359,180.4600,357.7691,0.0000,0.0000,0.0000
60.520,470.9048,-0.8273,261.7327,0.2510,3.8000,-0.4500,2.5359,180.4600,357.7691,0.0000,0.0000,0.0000
60.631,470.6982,-0.8333,261.5645,0.2510,3.8000,-0.4500,2.5359,180.4600,357.7691,0.0000,0.0000,0.0000
60.756,470.4125,-0.8359,261.3022,0.2510,3.8000,-0.4500,2.4552,180.4631,357.9117,0.0000,0.0000,0.0000
60.881,470.1690,-0.8350,261.0602,0.2510,3.8000,-0.4500,2.4209,180.4643,357.9858,0.0000,0.0000,0.0000
60.992,469.9677,-0.8296,260.8510,0.2510,3.8000,-0.4500,2.3717,180.4659,358.1426,0.0000,0.0000,0.0000
61.118,469.6871,-0.8166,260.5518,0.2510,3.8000,-0.4500,2.3263,180.4673,358.3917,0.0000,0.0000,0.0000
61.229,469.4870,-0.8037,260.3379,0.2510,3.8000,-0.4500,2.3147,180.4676,358.5578,0.0000,0.0000,0.0000
61.340,469.2466,-0.7859,260.0836,0.2510,3.8000,-0.4500,2.3105,180.4677,358.6402,0.0000,0.0000,0.0000
61.451,469.0471,-0.7640,259.8803,0.2510,3.8000,-0.4500,2.3165,180.4676,358.8899,0.0000,0.0000,0.0000
61.562,468.8023,-0.7319,259.7101,0.2510,3.8000,-0.4500,2.3385,180.4672,359.1417,0.0000,0.0000,0.0000
61.673,468.5958,-0.6989,259.6539,0.2510,3.8000,-0.4500,2.3549,180.4670,359.3011,0.0000,0.0000,0.0000
61.785,468.3487,-0.6527,259.6762,0.2510,3.8000,-0.4500,2.3673,180.4669,359.3823,0.0000,0.0000,0.0000
61.909,468.1057,-0.5947,259.7715,0.2510,3.8000,-0.4500,2.4081,180.4665,359.6313,0.0000,0.0000,0.0000
62.020,467.8662,-0.5276,259.9160,0.2510,3.8000,-0.4500,2.4700,180.4663,359.9580,0.0000,0.0000,0.0000
62.131,467.6669,-0.4718,260.0620,0.2510,3.8000,-0.4500,2.4700,180.4663,359.9580,0.0000,0.0000,0.0000
62.256,467.3912,-0.3841,260.2903,0.2510,3.8000,-0.4500,2.5025,180.4663,0.1197,0.0000,0.0000,0.0000
62.381,467.1568,-0.3031,260.4999,0.2510,3.8000,-0.4500,2.5355,180.4664,0.2860,0.0000,0.0000,0.0000
62.492,466.9633,-0.2304,260.6801,0.2510,3.8000,-0.4500,2.5821,180.4668,0.5353,0.0000,0.0000,0.0000
62.603,466.7307,-0.1441,260.8985,0.2510,3.8000,-0.4500,2.5948,180.4669,0.6182,0.0000,0.0000,0.0000
62.728,466.4990,-0.0537,261.1124,0.2510,3.8000,-0.4500,2.6191,180.4672,0.7837,0.0000,0.0000,0.0000
62.853,466.2292,0.0551,261.3550,0.2510,3.8000,-0.4500,2.6381,180.4675,1.0298,0.0000,0.0000,0.0000
62.966,466.0359,0.1309,261.5269,0.2510,3.8000,-0.4500,2.6381,180.4675,1.0298,0.0000,0.0000,0.0000
63.089,465.8047,0.2229,261.7366,0.2510,3.8000,-0.4500,2.6381,180.4675,1.0298,0.0000,0.0000,0.0000
63.204,465.5760,0.3196,261.9507,0.2510,3.8000,-0.4500,2.6189,180.4671,1.2771,0.0000,0.0000,0.0000
63.325,465.3466,0.4121,262.1696,0.2510,3.8000,-0.4500,2.6189,180.4671,1.2771,0.0000,0.0000,0.0000
63.451,465.1177,0.5039,262.3929,0.2510,3.8000,-0.4500,2.6189,180.4671,1.2771,0.0000,0.0000,0.0000
63.561,464.8899,0.5951,262.6198,0.2510,3.8000,-0.4500,2.5917,180.4665,1.3531,0.0000,0.0000,0.0000
63.687,464.6629,0.6848,262.8487,0.2510,3.8000,-0.4500,2.5129,180.4645,1.4942,0.0000,0.0000,0.0000
63.798,464.4349,0.7695,263.0760,0.2510,3.8000,-0.4500,2.5129,180.4645,1.4942,0.0000,0.0000,0.0000
63.909,464.2454,0.8381,263.2650,0.2510,3.8000,-0.4500,2.3946,180.4613,1.6077,0.0000,0.0000,0.0000
64.034,463.9779,0.9070,263.5258,0.2510,3.8000,-0.4500,2.3946,180.4613,1.6077,0.0000,0.0000,0.0000
64.159,463.7418,0.9299,263.7459,0.2510,3.8000,-0.4500,2.0284,180.4521,1.1829,0.0000,0.0000,0.0000
64.269,463.5381,0.9373,263.9238,0.2510,3.8000,-0.4500,1.7474,180.4481,0.3347,0.0000,0.0000,0.0000
64.395,463.2463,0.9067,264.1478,0.2510,3.8000,-0.4500,1.5086,180.4491,359.1338,0.0000,0.0000,0.0000
64.506,463.0363,0.8918,264.2660,0.2510,3.8000,-0.4500,1.4481,180.4502,358.8315,0.0000,0.0000,0.0000
64.618,462.7819,0.8807,264.3628,0.2510,3.8000,-0.4500,1.4481,180.4502,358.8315,0.0000,0.0000,0.0000
64.730,462.5678,0.8724,264.4040,0.2510,3.8000,-0.4500,1.4481,180.4502,358.8315,0.0000,0.0000,0.0000
64.839,462.3125,0.8640,264.3806,0.2510,3.8000,-0.4500,1.4481,180.4502,358.8315,0.0000,0.0000,0.0000
64.964,462.0605,0.8576,264.2872,0.2510,3.8000,-0.4500,1.4481,180.4502,358.8315,0.0000,0.0000,0.0000
65.089,461.8118,0.8537,264.1405,0.2510,3.8000,-0.4500,1.4481,180.4502,358.8315,0.0000,0.0000,0.0000
65.200,461.5665,0.8523,263.9478,0.2510,3.8000,-0.4500,1.4481,180.4502,358.8315,0.0000,0.0000,0.0000
65.313,461.3242,0.8535,263.7186,0.2510,3.8000,-0.4500,1.4481,180.4502,358.8315,0.0000,0.0000,0.0000
65.437,461.0841,0.8572,263.4652,0.2510,3.8000,-0.4500,1.4481,180.4502,358.8315,0.0000,0.0000,0.0000
65.550,460.8847,0.8625,263.2467,0.2510,3.8000,-0.4500,1.4481,180.4502,358.8315,0.0000,0.0000,0.0000
65.658,460.6466,0.8729,262.9831,0.2510,3.8000,-0.4500,1.4392,180.4504,358.9112,0.0000,0.0000,0.0000
65.783,460.4082,0.8865,262.7282,0.2510,3.8000,-0.4500,1.4313,180.4505,358.9917,0.0000,0.0000,0.0000
65.895,460.1648,0.9058,262.5475,0.2510,3.8000,-0.4500,1.4206,180.4507,359.1544,0.0000,0.0000,0.0000
66.007,459.9592,0.9281,262.4796,0.2510,3.8000,-0.4500,1.4107,180.4508,359.4014,0.0000,0.0000,0.0000
66.131,459.7113,0.9545,262.4855,0.2510,3.8000,-0.4500,1.4107,180.4508,359.4014,0.0000,0.0000,0.0000
66.256,459.4262,0.9938,262.5854,0.2510,3.8000,-0.4500,1.4032,180.4509,359.5605,0.0000,0.0000,0.0000
66.367,459.2257,1.0273,262.7014,0.2510,3.8000,-0.4500,1.3826,180.4510,359.8093,0.0000,0.0000,0.0000
66.480,458.9853,1.0650,262.8738,0.2510,3.8000,-0.4500,1.3826,180.4510,359.8093,0.0000,0.0000,0.0000
66.589,458.7871,1.0995,263.0366,0.2510,3.8000,-0.4500,1.3717,180.4510,359.8891,0.0000,0.0000,0.0000
66.699,458.5504,1.1421,263.2471,0.2510,3.8000,-0.4500,1.3587,180.4511,359.9698,0.0000,0.0000,0.0000
66.811,458.3548,1.1799,263.4312,0.2510,3.8000,-0.4500,1.3247,180.4510,0.1341,0.0000,0.0000,0.0000
66.922,458.1202,1.2252,263.6551,0.2510,3.8000,-0.4500,1.2798,180.4509,0.2921,0.0000,0.0000,0.0000
67.033,457.8846,1.2680,263.8739,0.2510,3.8000,-0.4500,1.2798,180.4509,0.2921,0.0000,0.0000,0.0000
67.144,457.6881,1.3034,264.0511,0.2510,3.8000,-0.4500,1.2798,180.4509,0.2921,0.0000,0.0000,0.0000
67.272,457.4538,1.3474,264.2667,0.2510,3.8000,-0.4500,1.2150,180.4504,0.4455,0.0000,0.0000,0.0000
67.394,457.1820,1.3953,264.5505,0.2510,3.8000,-0.4500,1.2150,180.4504,0.4455,0.0000,0.0000,0.0000
67.519,456.9521,1.4358,264.8260,0.2510,3.8000,-0.4500,1.1709,180.4501,0.5147,0.0000,0.0000,0.0000
67.646,456.7232,1.4742,265.1133,0.2510,3.8000,-0.4500,1.1202,180.4496,0.5783,0.0000,0.0000,0.0000
67.756,456.4921,1.5097,265.3743,0.2510,3.8000,-0.4500,1.0600,180.4490,0.6335,0.0000,0.0000,0.0000
67.880,456.2577,1.5416,265.5995,0.2510,3.8000,-0.4500,1.0600,180.4490,0.6335,0.0000,0.0000,0.0000
67.991,456.0610,1.5661,265.7649,0.2510,3.8000,-0.4500,0.9207,180.4473,0.7207,0.0000,0.0000,0.0000
68.102,455.8225,1.5917,265.9427,0.2510,3.8000,-0.4500,0.9207,180.4473,0.7207,0.0000,0.0000,0.0000
68.227,455.5824,1.6138,266.1064,0.2510,3.8000,-0.4500,0.9207,180.4473,0.7207,0.0000,0.0000,0.0000
68.352,455.3418,1.6310,266.2642,0.2510,3.8000,-0.4500,0.6777,180.4442,0.7763,0.0000,0.0000,0.0000
68.465,455.1005,1.6449,266.4198,0.2510,3.8000,-0.4500,0.6777,180.4442,0.7763,0.0000,0.0000,0.0000
68.589,454.8589,1.6530,266.5786,0.2510,3.8000,-0.4500,0.5144,180.4419,0.7665,0.0000,0.0000,0.0000
68.714,454.5768,1.6563,266.7714,0.2510,3.8000,-0.4500,0.3517,180.4398,0.7306,0.0000,0.0000,0.0000
68.825,454.3757,1.6538,266.9216,0.2510,3.8000,-0.4500,0.1955,180.4379,0.6780,0.0000,0.0000,0.0000
68.950,454.1350,1.6449,267.1161,0.2510,3.8000,-0.4500,359.9734,180.4355,0.5764,0.0000,0.0000,0.0000
69.061,453.8952,1.6342,267.3216,0.2510,3.8000,-0.4500,359.9734,180.4355,0.5764,0.0000,0.0000,0.0000
69.172,453.6951,1.6184,267.5010,0.2510,3.8000,-0.4500,359.8334,180.4342,0.4908,0.0000,0.0000,0.0000
69.283,453.4546,1.5934,267.7227,0.2510,3.8000,-0.4500,359.6324,180.4327,0.3486,0.0000,0.0000,0.0000
69.394,453.2143,1.5642,267.9484,0.2510,3.8000,-0.4500,359.5062,180.4320,0.2465,0.0000,0.0000,0.0000
69.519,452.9737,1.5293,268.1776,0.2510,3.8000,-0.4500,359.3824,180.4316,0.1366,0.0000,0.0000,0.0000
69.631,452.7728,1.4956,268.3707,0.2510,3.8000,-0.4500,359.2639,180.4314,0.0239,0.0000,0.0000,0.0000
69.741,452.5316,1.4509,268.6039,0.2510,3.8000,-0.4500,359.1469,180.4315,359.9083,0.0000,0.0000,0.0000
69.866,452.2901,1.4010,268.8382,0.2510,3.8000,-0.4500,359.0360,180.4318,359.7910,0.0000,0.0000,0.0000
69.991,452.0488,1.3477,269.0725,0.2510,3.8000,-0.4500,358.9813,180.4320,359.7305,0.0000,0.0000,0.0000
70.104,451.8062,1.2865,269.3077,0.2510,3.8000,-0.4500,358.8118,180.4331,359.5364,0.0000,0.0000,0.0000
70.227,451.5632,1.2209,269.5442,0.2510,3.8000,-0.4500,358.6520,180.4347,359.3453,0.0000,0.0000,0.0000
70.338,451.3214,1.1558,269.7815,0.2510,3.8000,-0.4500,358.6520,180.4347,359.3453,0.0000,0.0000,0.0000
70.463,451.0790,1.0853,270.0209,0.2510,3.8000,-0.4500,358.6009,180.4353,359.2823,0.0000,0.0000,0.0000
70.576,450.8362,1.0097,270.2624,0.2510,3.8000,-0.4500,358.4960,180.4367,359.1516,0.0000,0.0000,0.0000
70.686,450.6337,0.9439,270.4648,0.2510,3.8000,-0.4500,358.3957,180.4383,359.0257,0.0000,0.0000,0.0000
70.797,450.3914,0.8659,270.7077,0.2510,3.8000,-0.4500,358.3957,180.4383,359.0257,0.0000,0.0000,0.0000
70.908,450.1886,0.7977,270.9028,0.2510,3.8000,-0.4500,358.3454,180.4392,358.9629,0.0000,0.0000,0.0000
71.033,449.9429,0.7151,271.1122,0.2510,3.8000,-0.4500,358.2933,180.4402,358.8992,0.0000,0.0000,0.0000
71.144,449.6949,0.6318,271.2945,0.2510,3.8000,-0.4500,358.2422,180.4412,358.8371,0.0000,0.0000,0.0000
71.269,449.4442,0.5504,271.4225,0.2510,3.8000,-0.4500,358.2422,180.4412,358.8371,0.0000,0.0000,0.0000
71.382,449.1965,0.4738,271.3911,0.2510,3.8000,-0.4500,358.2422,180.4412,358.8371,0.0000,0.0000,0.0000
71.491,448.9955,0.4151,271.2422,0.2510,3.8000,-0.4500,358.2422,180.4412,358.8371,0.0000,0.0000,0.0000
71.616,448.7227,0.3390,270.8655,0.2510,3.8000,-0.4500,358.1849,180.4424,358.7805,0.0000,0.0000,0.0000
71.727,448.5351,0.2918,270.4723,0.2510,3.8000,-0.4500,358.1849,180.4424,358.7805,0.0000,0.0000,0.0000
71.853,448.3158,0.2411,269.8969,0.2510,3.8000,-0.4500,358.1849,180.4424,358.7805,0.0000,0.0000,0.0000
71.977,448.0654,0.1883,269.1342,0.2510,3.8000,-0.4500,358.1849,180.4424,358.7805,0.0000,0.0000,0.0000
72.089,447.8885,0.1535,268.5548,0.2510,3.8000,-0.4500,358.1849,180.4424,358.7805,0.0000,0.0000,0.0000
72.199,447.6776,0.1143,267.8380,0.2510,3.8000,-0.4500,358.1849,180.4424,358.7805,0.0000,0.0000,0.0000
72.310,447.5026,0.0835,267.2303,0.2510,3.8000,-0.4500,358.1849,180.4424,358.7805,0.0000,0.0000,0.0000
72.435,447.2583,0.0427,266.3724,0.2510,3.8000,-0.4500,358.1849,180.4424,358.7805,0.0000,0.0000,0.0000
72.547,447.0842,0.0152,265.7578,0.2510,3.8000,-0.4500,358.1849,180.4424,358.7805,0.0000,0.0000,0.0000
72.671,446.8752,-0.0162,265.0258,0.2510,3.8000,-0.4500,358.1849,180.4424,358.7805,0.0000,0.0000,0.0000
72.783,446.6614,-0.0488,264.3846,0.2510,3.8000,-0.4500,358.1096,180.4440,358.8035,0.0000,0.0000,0.0000
72.893,446.4369,-0.0863,263.9126,0.2510,3.8000,-0.4500,358.1096,180.4440,358.8035,0.0000,0.0000,0.0000
73.006,446.2410,-0.1221,263.6503,0.2510,3.8000,-0.4500,358.0390,180.4455,358.8461,0.0000,0.0000,0.0000
73.116,445.9976,-0.1704,263.4900,0.2510,3.8000,-0.4500,357.9735,180.4468,358.8950,0.0000,0.0000,0.0000
73.240,445.7522,-0.2238,263.4702,0.2510,3.8000,-0.4500,357.9092,180.4480,358.9445,0.0000,0.0000,0.0000
73.366,445.5081,-0.2804,263.5512,0.2510,3.8000,-0.4500,357.8540,180.4490,359.0031,0.0000,0.0000,0.0000
73.478,445.2660,-0.3391,263.6987,0.2510,3.8000,-0.4500,357.8010,180.4499,359.0642,0.0000,0.0000,0.0000
73.602,445.0251,-0.3996,263.8885,0.2510,3.8000,-0.4500,357.8010,180.4499,359.0642,0.0000,0.0000,0.0000
73.713,444.8268,-0.4485,264.0681,0.2510,3.8000,-0.4500,357.6443,180.4522,359.2592,0.0000,0.0000,0.0000
73.838,444.5482,-0.5208,264.3368,0.2510,3.8000,-0.4500,357.6443,180.4522,359.2592,0.0000,0.0000,0.0000
73.950,444.3499,-0.5732,264.5371,0.2510,3.8000,-0.4500,357.6443,180.4522,359.2592,0.0000,0.0000,0.0000
74.074,444.0739,-0.6458,264.8251,0.2510,3.8000,-0.4500,357.4773,180.4541,359.4470,0.0000,0.0000,0.0000
74.185,443.8758,-0.7002,265.0300,0.2510,3.8000,-0.4500,357.4773,180.4541,359.4470,0.0000,0.0000,0.0000
74.298,443.6377,-0.7664,265.2711,0.2510,3.8000,-0.4500,357.4773,180.4541,359.4470,0.0000,0.0000,0.0000
74.407,443.4398,-0.8218,265.4681,0.2510,3.8000,-0.4500,357.3446,180.4552,359.5478,0.0000,0.0000,0.0000
74.518,443.2006,-0.8900,265.6949,0.2510,3.8000,-0.4500,357.3446,180.4552,359.5478,0.0000,0.0000,0.0000
74.629,442.9975,-0.9452,265.8343,0.2510,3.8000,-0.4500,357.2774,180.4557,359.5916,0.0000,0.0000,0.0000
74.754,442.7092,-1.0164,265.8991,0.2510,3.8000,-0.4500,357.2774,180.4557,359.5916,0.0000,0.0000,0.0000
74.866,442.5053,-1.0617,265.8625,0.2510,3.8000,-0.4500,357.1391,180.4566,359.6795,0.0000,0.0000,0.0000
74.990,442.2627,-1.1117,265.7458,0.2510,3.8000,-0.4500,357.1391,180.4566,359.6795,0.0000,0.0000,0.0000
75.102,442.0259,-1.1554,265.5321,0.2510,3.8000,-0.4500,357.1391,180.4566,359.6795,0.0000,0.0000,0.0000
75.227,441.7960,-1.1918,265.2156,0.2510,3.8000,-0.4500,357.1391,180.4566,359.6795,0.0000,0.0000,0.0000
75.351,441.5723,-1.2212,264.8192,0.2510,3.8000,-0.4500,357.0118,180.4572,359.7814,0.0000,0.0000,0.0000
75.463,441.3516,-1.2463,264.3654,0.2510,3.8000,-0.4500,357.0118,180.4572,359.7814,0.0000,0.0000,0.0000
75.587,441.1339,-1.2674,263.8685,0.2510,3.8000,-0.4500,357.0118,180.4572,359.7814,0.0000,0.0000,0.0000
75.713,440.9184,-1.2852,263.3398,0.2510,3.8000,-0.4500,357.0118,180.4572,359.7814,0.0000,0.0000,0.0000
75.823,440.7046,-1.2991,262.8031,0.2510,3.8000,-0.4500,356.9103,180.4575,359.9080,0.0000,0.0000,0.0000
75.949,440.4821,-1.3181,262.3786,0.2510,3.8000,-0.4500,356.9103,180.4575,359.9080,0.0000,0.0000,0.0000
76.072,440.2465,-1.3460,262.1361,0.2510,3.8000,-0.4500,356.9103,180.4575,359.9080,0.0000,0.0000,0.0000
76.184,440.0063,-1.3807,262.0588,0.2510,3.8000,-0.4500,356.8337,180.4575,0.0515,0.0000,0.0000,0.0000
76.309,439.7654,-1.4236,262.1022,0.2510,3.8000,-0.4500,356.8337,180.4575,0.0515,0.0000,0.0000,0.0000
76.434,439.4875,-1.4759,262.2564,0.2510,3.8000,-0.4500,356.7797,180.4574,0.2057,0.0000,0.0000,0.0000
76.545,439.2896,-1.5160,262.4098,0.2510,3.8000,-0.4500,356.7797,180.4574,0.2057,0.0000,0.0000,0.0000
76.657,439.0536,-1.5639,262.6237,0.2510,3.8000,-0.4500,356.7797,180.4574,0.2057,0.0000,0.0000,0.0000
76.768,438.8589,-1.6000,262.8179,0.2510,3.8000,-0.4500,356.7505,180.4572,0.3702,0.0000,0.0000,0.0000
76.893,438.5854,-1.6516,263.1006,0.2510,3.8000,-0.4500,356.7505,180.4572,0.3702,0.0000,0.0000,0.0000
77.004,438.3896,-1.6839,263.2879,0.2510,3.8000,-0.4500,356.7471,180.4572,0.4533,0.0000,0.0000,0.0000
77.115,438.1524,-1.7169,263.4792,0.2510,3.8000,-0.4500,356.7536,180.4573,0.6222,0.0000,0.0000,0.0000
77.226,437.9518,-1.7432,263.6125,0.2510,3.8000,-0.4500,356.7536,180.4573,0.6222,0.0000,0.0000,0.0000
77.337,437.7101,-1.7676,263.7468,0.2510,3.8000,-0.4500,356.7797,180.4576,0.7868,0.0000,0.0000,0.0000
77.462,437.4656,-1.7913,263.8589,0.2510,3.8000,-0.4500,356.7797,180.4576,0.7868,0.0000,0.0000,0.0000
77.587,437.2201,-1.8116,263.9552,0.2510,3.8000,-0.4500,356.7797,180.4576,0.7868,0.0000,0.0000,0.0000
77.699,436.9750,-1.8259,264.0395,0.2510,3.8000,-0.4500,356.8259,180.4583,0.9504,0.0000,0.0000,0.0000
77.823,436.7285,-1.8394,264.1138,0.2510,3.8000,-0.4500,356.8522,180.4588,1.0257,0.0000,0.0000,0.0000
77.936,436.4810,-1.8523,264.1808,0.2510,3.8000,-0.4500,356.8522,180.4588,1.0257,0.0000,0.0000,0.0000
78.059,436.2347,-1.8602,264.2460,0.2510,3.8000,-0.4500,356.9154,180.4600,1.1761,0.0000,0.0000,0.0000
78.184,435.9881,-1.8701,264.3175,0.2510,3.8000,-0.4500,356.9154,180.4600,1.1761,0.0000,0.0000,0.0000
78.310,435.7422,-1.8790,264.3964,0.2510,3.8000,-0.4500,356.9154,180.4600,1.1761,0.0000,0.0000,0.0000
78.435,435.4562,-1.8884,264.4947,0.2510,3.8000,-0.4500,356.9154,180.4600,1.1761,0.0000,0.0000,0.0000
78.546,435.2526,-1.8928,264.5666,0.2510,3.8000,-0.4500,356.9546,180.4608,1.2473,0.0000,0.0000,0.0000
78.671,435.0080,-1.8993,264.6542,0.2510,3.8000,-0.4500,356.9546,180.4608,1.2473,0.0000,0.0000,0.0000
78.782,434.7634,-1.9051,264.7422,0.2510,3.8000,-0.4500,356.9546,180.4608,1.2473,0.0000,0.0000,0.0000
78.907,434.5187,-1.9103,264.8300,0.2510,3.8000,-0.4500,356.9546,180.4608,1.2473,0.0000,0.0000,0.0000
79.031,434.2745,-1.9135,264.9170,0.2510,3.8000,-0.4500,357.0009,180.4619,1.3145,0.0000,0.0000,0.0000
79.143,434.0299,-1.9179,265.0043,0.2510,3.8000,-0.4500,357.0009,180.4619,1.3145,0.0000,0.0000,0.0000
79.255,433.7854,-1.9220,265.0923,0.2510,3.8000,-0.4500,357.0009,180.4619,1.3145,0.0000,0.0000,0.0000
79.378,433.5410,-1.9258,265.1809,0.2510,3.8000,-0.4500,357.0009,180.4619,1.3145,0.0000,0.0000,0.0000
79.492,433.3378,-1.9290,265.2584,0.2510,3.8000,-0.4500,357.0009,180.4619,1.3145,0.0000,0.0000,0.0000
79.615,433.0544,-1.9337,265.3805,0.2510,3.8000,-0.4500,357.0009,180.4619,1.3145,0.0000,0.0000,0.0000
79.728,432.8528,-1.9372,265.4776,0.2510,3.8000,-0.4500,357.0009,180.4619,1.3145,0.0000,0.0000,0.0000
79.851,432.6115,-1.9416,265.6020,0.2510,3.8000,-0.4500,357.0009,180.4619,1.3145,0.0000,0.0000,0.0000
79.962,432.3710,-1.9443,265.7303,0.2510,3.8000,-0.4500,357.0648,180.4633,1.3675,0.0000,0.0000,0.0000
80.087,432.1300,-1.9481,265.8611,0.2510,3.8000,-0.4500,357.0648,180.4633,1.3675,0.0000,0.0000,0.0000
80.198,431.8887,-1.9511,265.9859,0.2510,3.8000,-0.4500,357.0648,180.4633,1.3675,0.0000,0.0000,0.0000
80.323,431.6457,-1.9496,266.0843,0.2510,3.8000,-0.4500,357.2039,180.4668,1.4564,0.0000,0.0000,0.0000
80.435,431.3999,-1.9488,266.1566,0.2510,3.8000,-0.4500,357.2039,180.4668,1.4564,0.0000,0.0000,0.0000
80.560,431.1544,-1.9451,266.1707,0.2510,3.8000,-0.4500,357.2039,180.4668,1.4564,0.0000,0.0000,0.0000
80.684,430.9135,-1.9364,266.0995,0.2510,3.8000,-0.4500,357.2767,180.4687,1.4925,0.0000,0.0000,0.0000
80.809,430.6778,-1.9238,265.9504,0.2510,3.8000,-0.4500,357.3512,180.4706,1.5275,0.0000,0.0000,0.0000
80.934,430.4079,-1.9066,265.7015,0.2510,3.8000,-0.4500,357.3512,180.4706,1.5275,0.0000,0.0000,0.0000
81.060,430.1806,-1.8865,265.4384,0.2510,3.8000,-0.4500,357.5027,180.4748,1.5988,0.0000,0.0000,0.0000
81.185,429.9553,-1.8667,265.1443,0.2510,3.8000,-0.4500,357.5027,180.4748,1.5988,0.0000,0.0000,0.0000
81.309,429.7315,-1.8450,264.8302,0.2510,3.8000,-0.4500,357.5027,180.4747,1.5988,0.0000,0.0000,0.0000
81.420,429.5088,-1.8205,264.5048,0.2510,3.8000,-0.4500,357.5782,180.4769,1.6359,0.0000,0.0000,0.0000
81.546,429.2871,-1.7932,264.1731,0.2510,3.8000,-0.4500,357.7302,180.4813,1.7112,0.0000,0.0000,0.0000
81.671,429.0651,-1.7671,263.8404,0.2510,3.8000,-0.4500,357.7302,180.4813,1.7113,0.0000,0.0000,0.0000
81.781,428.8434,-1.7383,263.5092,0.2510,3.8000,-0.4500,357.8039,180.4835,1.7476,0.0000,0.0000,0.0000
81.892,428.6584,-1.7142,263.2356,0.2510,3.8000,-0.4500,357.8039,180.4836,1.7476,0.0000,0.0000,0.0000
82.004,428.4370,-1.6802,262.9093,0.2510,3.8000,-0.4500,358.0315,180.4907,1.8575,0.0000,0.0000,0.0000
82.114,428.2146,-1.6484,262.5916,0.2510,3.8000,-0.4500,358.0316,180.4907,1.8575,0.0000,0.0000,0.0000
82.226,428.0294,-1.6183,262.3318,0.2510,3.8000,-0.4500,358.1809,180.4957,1.9245,0.0000,0.0000,0.0000
82.339,427.8056,-1.5836,262.0347,0.2510,3.8000,-0.4500,358.1809,180.4957,1.9245,0.0000,0.0000,0.0000
82.450,427.6164,-1.5502,261.8319,0.2510,3.8000,-0.4500,358.4068,180.5034,2.0194,0.0000,0.0000,0.0000
82.561,427.3827,-1.5131,261.6594,0.2510,3.8000,-0.4500,358.4068,180.5034,2.0194,0.0000,0.0000,0.0000
82.670,427.1849,-1.4786,261.5753,0.2510,3.8000,-0.4500,358.5626,180.5090,2.0766,0.0000,0.0000,0.0000
82.796,426.9073,-1.4277,261.5679,0.2510,3.8000,-0.4500,358.7979,180.5177,2.1553,0.0000,0.0000,0.0000
82.906,426.7105,-1.3913,261.6314,0.2510,3.8000,-0.4500,358.7979,180.5177,2.1553,0.0000,0.0000,0.0000
83.031,426.4778,-1.3400,261.7621,0.2510,3.8000,-0.4500,359.1286,180.5304,2.2476,0.0000,0.0000,0.0000
83.142,426.2476,-1.2856,261.9371,0.2510,3.8000,-0.4500,359.3717,180.5401,2.3059,0.0000,0.0000,0.0000
83.254,426.0191,-1.2285,262.1423,0.2510,3.8000,-0.4500,359.4507,180.5433,2.3242,0.0000,0.0000,0.0000
83.378,425.7926,-1.1635,262.3641,0.2510,3.8000,-0.4500,359.7820,180.5569,2.3909,0.0000,0.0000,0.0000
83.492,425.6039,-1.1086,262.5553,0.2510,3.8000,-0.4500,359.7820,180.5569,2.3909,0.0000,0.0000,0.0000
83.615,425.3404,-1.0215,262.8167,0.2510,3.8000,-0.4500,0.2015,180.5747,2.4638,0.0000,0.0000,0.0000
83.726,425.1519,-0.9579,263.0008,0.2510,3.8000,-0.4500,0.2822,180.5782,2.4761,0.0000,0.0000,0.0000
83.851,424.9252,-0.8768,263.2115,0.2510,3.8000,-0.4500,0.4453,180.5853,2.5003,0.0000,0.0000,0.0000
83.962,424.6975,-0.7903,263.4023,0.2510,3.8000,-0.4500,0.7842,180.6002,2.5460,0.0000,0.0000,0.0000
84.087,424.4683,-0.7038,263.5778,0.2510,3.8000,-0.4500,0.7842,180.6002,2.5460,0.0000,0.0000,0.0000
84.200,424.2385,-0.6118,263.7374,0.2510,3.8000,-0.4500,1.0325,180.6113,2.5754,0.0000,0.0000,0.0000
84.323,424.0078,-0.5184,263.8865,0.2510,3.8000,-0.4500,1.1156,180.6151,2.5854,0.0000,0.0000,0.0000
84.434,423.7768,-0.4211,264.0261,0.2510,3.8000,-0.4500,1.2814,180.6226,2.6059,0.0000,0.0000,0.0000
84.559,423.5457,-0.3207,264.1598,0.2510,3.8000,-0.4500,1.4456,180.6301,2.6346,0.0000,0.0000,0.0000
84.684,423.3144,-0.2190,264.2897,0.2510,3.8000,-0.4500,1.4456,180.6301,2.6346,0.0000,0.0000,0.0000
84.809,423.0834,-0.1122,264.4145,0.2510,3.8000,-0.4500,1.6068,180.6376,2.6734,0.0000,0.0000,0.0000
84.921,422.8525,-0.0033,264.5370,0.2510,3.8000,-0.4500,1.6858,180.6413,2.7002,0.0000,0.0000,0.0000
85.044,422.6223,0.1096,264.6568,0.2510,3.8000,-0.4500,1.8400,180.6486,2.7603,0.0000,0.0000,0.0000
85.169,422.3919,0.2229,264.7767,0.2510,3.8000,-0.4500,1.8400,180.6486,2.7603,0.0000,0.0000,0.0000
85.295,422.1240,0.3593,264.9151,0.2510,3.8000,-0.4500,1.9118,180.6521,2.8002,0.0000,0.0000,0.0000
85.406,421.9328,0.4575,265.0139,0.2510,3.8000,-0.4500,1.9118,180.6521,2.8002,0.0000,0.0000,0.0000
85.516,421.7042,0.5782,265.1321,0.2510,3.8000,-0.4500,1.9803,180.6555,2.8474,0.0000,0.0000,0.0000
85.642,421.4757,0.6988,265.2509,0.2510,3.8000,-0.4500,1.9803,180.6555,2.8475,0.0000,0.0000,0.0000
85.767,421.2485,0.8230,265.3692,0.2510,3.8000,-0.4500,2.1007,180.6616,2.9587,0.0000,0.0000,0.0000
85.879,421.0208,0.9446,265.4896,0.2510,3.8000,-0.4500,2.1007,180.6616,2.9587,0.0000,0.0000,0.0000
85.990,420.8312,1.0457,265.5905,0.2510,3.8000,-0.4500,2.1007,180.6616,2.9587,0.0000,0.0000,0.0000
86.102,420.6039,1.1664,265.7127,0.2510,3.8000,-0.4500,2.1007,180.6616,2.9587,0.0000,0.0000,0.0000
86.225,420.3769,1.2858,265.8369,0.2510,3.8000,-0.4500,2.1007,180.6616,2.9587,0.0000,0.0000,0.0000
86.336,420.1501,1.4033,265.9631,0.2510,3.8000,-0.4500,2.1007,180.6616,2.9587,0.0000,0.0000,0.0000
86.461,419.9232,1.5184,266.0909,0.2510,3.8000,-0.4500,2.1007,180.6616,2.9587,0.0000,0.0000,0.0000
86.572,419.7340,1.6120,266.1985,0.2510,3.8000,-0.4500,2.1007,180.6616,2.9587,0.0000,0.0000,0.0000
86.684,419.5068,1.7209,266.3289,0.2510,3.8000,-0.4500,2.1007,180.6616,2.9587,0.0000,0.0000,0.0000
86.795,419.2793,1.8256,266.4606,0.2510,3.8000,-0.4500,2.1007,180.6616,2.9587,0.0000,0.0000,0.0000
86.906,419.0895,1.9092,266.5721,0.2510,3.8000,-0.4500,2.1007,180.6616,2.9588,0.0000,0.0000,0.0000
87.017,418.8614,2.0045,266.7081,0.2510,3.8000,-0.4500,2.1007,180.6616,2.9588,0.0000,0.0000,0.0000
87.128,418.6717,2.0789,266.8256,0.2510,3.8000,-0.4500,1.7763,180.6445,3.0689,0.0000,0.0000,0.0000
87.253,418.4045,2.1762,266.9908,0.2510,3.8000,-0.4500,1.7763,180.6445,3.0689,0.0000,0.0000,0.0000
87.378,418.1745,2.2482,267.1386,0.2510,3.8000,-0.4500,1.3409,180.6212,3.0495,0.0000,0.0000,0.0000
87.503,417.9435,2.3133,267.2871,0.2510,3.8000,-0.4500,1.0949,180.6082,2.9865,0.0000,0.0000,0.0000
87.614,417.7112,2.3698,267.4363,0.2510,3.8000,-0.4500,0.8601,180.5962,2.9042,0.0000,0.0000,0.0000
87.739,417.4772,2.4161,267.5859,0.2510,3.8000,-0.4500,0.5606,180.5813,2.7647,0.0000,0.0000,0.0000
87.854,417.2417,2.4529,267.7352,0.2510,3.8000,-0.4500,0.2717,180.5678,2.6034,0.0000,0.0000,0.0000
87.965,417.0441,2.4751,267.8608,0.2510,3.8000,-0.4500,359.9850,180.5552,2.4188,0.0000,0.0000,0.0000
88.076,416.8065,2.4952,268.0121,0.2510,3.8000,-0.4500,359.7806,180.5468,2.2775,0.0000,0.0000,0.0000
88.186,416.6065,2.5004,268.1400,0.2510,3.8000,-0.4500,359.4371,180.5339,2.0217,0.0000,0.0000,0.0000
88.299,416.3665,2.5015,268.2924,0.2510,3.8000,-0.4500,359.2381,180.5271,1.8650,0.0000,0.0000,0.0000
88.409,416.1645,2.4906,268.4204,0.2510,3.8000,-0.4500,358.9047,180.5171,1.5929,0.0000,0.0000,0.0000
88.520,415.9223,2.4723,268.5717,0.2510,3.8000,-0.4500,358.7125,180.5120,1.4301,0.0000,0.0000,0.0000
88.630,415.7183,2.4452,268.6973,0.2510,3.8000,-0.4500,358.3884,180.5047,1.1485,0.0000,0.0000,0.0000
88.739,415.4734,2.4078,268.8432,0.2510,3.8000,-0.4500,358.2010,180.5012,0.9812,0.0000,0.0000,0.0000
88.863,415.2266,2.3570,268.9861,0.2510,3.8000,-0.4500,357.8854,180.4966,0.6939,0.0000,0.0000,0.0000
88.988,414.9788,2.2976,269.1250,0.2510,3.8000,-0.4500,357.6329,180.4940,0.4580,0.0000,0.0000,0.0000
89.114,414.6891,2.2187,269.2817,0.2510,3.8000,-0.4500,357.4502,180.4929,0.2853,0.0000,0.0000,0.0000
89.238,414.4384,2.1354,269.4143,0.2510,3.8000,-0.4500,357.0720,180.4922,359.9195,0.0000,0.0000,0.0000
89.349,414.2301,2.0641,269.5220,0.2510,3.8000,-0.4500,356.9563,180.4924,359.8062,0.0000,0.0000,0.0000
89.474,413.9368,1.9494,269.6725,0.2510,3.8000,-0.4500,356.6068,180.4947,359.4588,0.0000,0.0000,0.0000
89.588,413.7280,1.8658,269.7784,0.2510,3.8000,-0.4500,356.5499,180.4953,359.4013,0.0000,0.0000,0.0000
89.710,413.4762,1.7542,269.9058,0.2510,3.8000,-0.4500,356.3175,180.4982,359.1656,0.0000,0.0000,0.0000
89.822,413.2248,1.6389,270.0318,0.2510,3.8000,-0.4500,356.2037,180.5000,359.0494,0.0000,0.0000,0.0000
89.933,413.0149,1.5376,270.1366,0.2510,3.8000,-0.4500,356.0894,180.5020,358.9319,0.0000,0.0000,0.0000
90.058,412.7203,1.3871,270.2837,0.2510,3.8000,-0.4500,355.8506,180.5069,358.6848,0.0000,0.0000,0.0000
90.169,412.5109,1.2802,270.3881,0.2510,3.8000,-0.4500,355.8506,180.5070,358.6848,0.0000,0.0000,0.0000
90.294,412.2169,1.1227,270.5358,0.2510,3.8000,-0.4500,355.7371,180.5097,358.5665,0.0000,0.0000,0.0000
90.405,412.0070,1.0083,270.6416,0.2510,3.8000,-0.4500,355.6800,180.5111,358.5070,0.0000,0.0000,0.0000
90.530,411.7552,0.8691,270.7691,0.2510,3.8000,-0.4500,355.6231,180.5126,358.4475,0.0000,0.0000,0.0000
90.642,411.5035,0.7299,270.8969,0.2510,3.8000,-0.4500,355.6231,180.5126,358.4475,0.0000,0.0000,0.0000
90.753,411.2938,0.6134,271.0037,0.2510,3.8000,-0.4500,355.6231,180.5126,358.4475,0.0000,0.0000,0.0000
90.877,410.9999,0.4491,271.1535,0.2510,3.8000,-0.4500,355.5677,180.5142,358.3899,0.0000,0.0000,0.0000
91.002,410.7483,0.3108,271.2817,0.2510,3.8000,-0.4500,355.5677,180.5142,358.3899,0.0000,0.0000,0.0000
91.114,410.4965,0.1745,271.4099,0.2510,3.8000,-0.4500,355.5677,180.5142,358.3899,0.0000,0.0000,0.0000
91.224,410.2868,0.0632,271.5164,0.2510,3.8000,-0.4500,355.5677,180.5142,358.3899,0.0000,0.0000,0.0000
91.349,410.0352,-0.0671,271.6436,0.2510,3.8000,-0.4500,355.5677,180.5142,358.3899,0.0000,0.0000,0.0000
91.463,409.7836,-0.1929,271.7700,0.2510,3.8000,-0.4500,355.5677,180.5142,358.3899,0.0000,0.0000,0.0000
91.581,409.5319,-0.3134,271.8922,0.2510,3.8000,-0.4500,355.5677,180.5142,358.3899,0.0000,0.0000,0.0000
91.682,409.3220,-0.4090,271.9898,0.2510,3.8000,-0.4500,355.5677,180.5142,358.3899,0.0000,0.0000,0.0000
91.793,409.0700,-0.5176,272.1029,0.2510,3.8000,-0.4500,355.5677,180.5142,358.3899,0.0000,0.0000,0.0000
91.905,408.8603,-0.6028,272.1972,0.2510,3.8000,-0.4500,355.5677,180.5142,358.3899,0.0000,0.0000,0.0000
92.014,408.6093,-0.6985,272.3146,0.2510,3.8000,-0.4500,355.5677,180.5142,358.3899,0.0000,0.0000,0.0000
92.126,408.4023,-0.7661,272.4151,0.2510,3.8000,-0.4500,355.7963,180.5083,358.6417,0.0000,0.0000,0.0000
92.238,408.1534,-0.8429,272.5391,0.2510,3.8000,-0.4500,355.9649,180.5045,358.8237,0.0000,0.0000,0.0000
92.362,407.9052,-0.9096,272.6641,0.2510,3.8000,-0.4500,356.1906,180.5004,359.0632,0.0000,0.0000,0.0000
92.487,407.6573,-0.9686,272.7894,0.2510,3.8000,-0.4500,356.3785,180.4976,359.2567,0.0000,0.0000,0.0000
92.598,407.4102,-1.0168,272.9139,0.2510,3.8000,-0.4500,356.6239,180.4949,359.5067,0.0000,0.0000,0.0000
92.709,407.2047,-1.0489,273.0161,0.2510,3.8000,-0.4500,356.8657,180.4934,359.7468,0.0000,0.0000,0.0000
92.834,406.9167,-1.0868,273.1580,0.2510,3.8000,-0.4500,357.0464,180.4928,359.9229,0.0000,0.0000,0.0000
92.946,406.7126,-1.1012,273.2569,0.2510,3.8000,-0.4500,357.3671,180.4933,0.2275,0.0000,0.0000,0.0000
93.071,406.4670,-1.1149,273.3747,0.2510,3.8000,-0.4500,357.5527,180.4943,0.3987,0.0000,0.0000,0.0000
93.182,406.2227,-1.1177,273.4900,0.2510,3.8000,-0.4500,357.8025,180.4965,0.6243,0.0000,0.0000,0.0000
93.307,405.9790,-1.1115,273.6036,0.2510,3.8000,-0.4500,358.0562,180.4998,0.8440,0.0000,0.0000,0.0000
93.432,405.7360,-1.0968,273.7158,0.2510,3.8000,-0.4500,358.3058,180.5039,1.0524,0.0000,0.0000,0.0000
93.543,405.4939,-1.0735,273.8266,0.2510,3.8000,-0.4500,358.5689,180.5092,1.2601,0.0000,0.0000,0.0000
93.654,405.2523,-1.0436,273.9371,0.2510,3.8000,-0.4500,358.7696,180.5139,1.4103,0.0000,0.0000,0.0000
93.778,405.0113,-1.0076,274.0479,0.2510,3.8000,-0.4500,358.9052,180.5174,1.5084,0.0000,0.0000,0.0000
93.903,404.7719,-0.9617,274.1575,0.2510,3.8000,-0.4500,359.1921,180.5254,1.6993,0.0000,0.0000,0.0000
94.015,404.5331,-0.9110,274.2680,0.2510,3.8000,-0.4500,359.4035,180.5319,1.8269,0.0000,0.0000,0.0000
94.125,404.3349,-0.8636,274.3600,0.2510,3.8000,-0.4500,359.6213,180.5391,1.9473,0.0000,0.0000,0.0000
94.251,404.0973,-0.8025,274.4709,0.2510,3.8000,-0.4500,359.8492,180.5471,2.0535,0.0000,0.0000,0.0000
94.375,403.8202,-0.7275,274.6017,0.2510,3.8000,-0.4500,359.9240,180.5498,2.0871,0.0000,0.0000,0.0000
94.489,403.6236,-0.6657,274.6931,0.2510,3.8000,-0.4500,0.2429,180.5618,2.2156,0.0000,0.0000,0.0000
94.599,403.3876,-0.5899,274.8037,0.2510,3.8000,-0.4500,0.4002,180.5679,2.2793,0.0000,0.0000,0.0000
94.723,403.1519,-0.5101,274.9146,0.2510,3.8000,-0.4500,0.4785,180.5710,2.3113,0.0000,0.0000,0.0000
94.835,402.9179,-0.4213,275.0230,0.2510,3.8000,-0.4500,0.7930,180.5841,2.4492,0.0000,0.0000,0.0000
94.945,402.7228,-0.3462,275.1144,0.2510,3.8000,-0.4500,0.8687,180.5874,2.4860,0.0000,0.0000,0.0000
95.070,402.4898,-0.2492,275.2226,0.2510,3.8000,-0.4500,1.0936,180.5974,2.5982,0.0000,0.0000,0.0000
95.181,402.2570,-0.1498,275.3318,0.2510,3.8000,-0.4500,1.1684,180.6008,2.6403,0.0000,0.0000,0.0000
95.292,402.0643,-0.0607,275.4213,0.2510,3.8000,-0.4500,1.3898,180.6113,2.7672,0.0000,0.0000,0.0000
95.418,401.7945,0.0648,275.5486,0.2510,3.8000,-0.4500,1.4587,180.6146,2.8104,0.0000,0.0000,0.0000
95.529,401.6029,0.1594,275.6389,0.2510,3.8000,-0.4500,1.6014,180.6217,2.9037,0.0000,0.0000,0.0000
95.654,401.3351,0.2934,275.7670,0.2510,3.8000,-0.4500,1.6710,180.6253,2.9497,0.0000,0.0000,0.0000
95.767,401.1447,0.3934,275.8586,0.2510,3.8000,-0.4500,1.8062,180.6324,3.0447,0.0000,0.0000,0.0000
95.876,400.9161,0.5125,275.9704,0.2510,3.8000,-0.4500,1.8062,180.6324,3.0447,0.0000,0.0000,0.0000
95.987,400.7259,0.6134,276.0642,0.2510,3.8000,-0.4500,1.8062,180.6324,3.0447,0.0000,0.0000,0.0000
96.098,400.4990,0.7386,276.1764,0.2510,3.8000,-0.4500,1.9413,180.6397,3.1434,0.0000,0.0000,0.0000
96.211,400.3095,0.8417,276.2716,0.2510,3.8000,-0.4500,1.9413,180.6397,3.1433,0.0000,0.0000,0.0000
96.334,400.0445,0.9869,276.4055,0.2510,3.8000,-0.4500,1.9413,180.6397,3.1433,0.0000,0.0000,0.0000
96.459,399.8175,1.1116,276.5209,0.2510,3.8000,-0.4500,1.9413,180.6397,3.1433,0.0000,0.0000,0.0000
96.571,399.6283,1.2153,276.6173,0.2510,3.8000,-0.4500,1.9413,180.6397,3.1433,0.0000,0.0000,0.0000
96.695,399.3634,1.3600,276.7523,0.2510,3.8000,-0.4500,1.9413,180.6397,3.1433,0.0000,0.0000,0.0000
96.820,399.1361,1.4832,276.8676,0.2510,3.8000,-0.4500,1.9413,180.6397,3.1433,0.0000,0.0000,0.0000
96.932,398.9466,1.5851,276.9634,0.2510,3.8000,-0.4500,1.9413,180.6397,3.1433,0.0000,0.0000,0.0000
97.043,398.7189,1.7062,277.0780,0.2510,3.8000,-0.4500,1.9413,180.6397,3.1433,0.0000,0.0000,0.0000
97.154,398.4908,1.8258,277.1923,0.2510,3.8000,-0.4500,1.9413,180.6397,3.1433,0.0000,0.0000,0.0000
97.266,398.3004,1.9239,277.2871,0.2510,3.8000,-0.4500,1.9413,180.6397,3.1433,0.0000,0.0000,0.0000
97.390,398.0714,2.0393,277.4008,0.2510,3.8000,-0.4500,1.9413,180.6397,3.1433,0.0000,0.0000,0.0000
97.501,397.8416,2.1516,277.5140,0.2510,3.8000,-0.4500,1.9413,180.6397,3.1433,0.0000,0.0000,0.0000
97.612,397.6496,2.2423,277.6081,0.2510,3.8000,-0.4500,1.9413,180.6397,3.1434,0.0000,0.0000,0.0000
97.737,397.3792,2.3637,277.7384,0.2510,3.8000,-0.4500,2.0775,180.6471,3.0479,0.0000,0.0000,0.0000
97.848,397.1854,2.4466,277.8305,0.2510,3.8000,-0.4500,2.0775,180.6470,3.0479,0.0000,0.0000,0.0000
97.973,396.9108,2.5531,277.9551,0.2510,3.8000,-0.4500,2.2077,180.6538,2.8358,0.0000,0.0000,0.0000
98.084,396.7138,2.6244,278.0412,0.2510,3.8000,-0.4500,2.2401,180.6553,2.7622,0.0000,0.0000,0.0000
98.197,396.4738,2.6992,278.1413,0.2510,3.8000,-0.4500,2.2926,180.6578,2.4302,0.0000,0.0000,0.0000
98.306,396.2730,2.7567,278.2200,0.2510,3.8000,-0.4500,2.2820,180.6573,2.2562,0.0000,0.0000,0.0000
98.432,396.0287,2.8151,278.3053,0.2510,3.8000,-0.4500,2.2366,180.6557,1.9172,0.0000,0.0000,0.0000
98.544,395.7818,2.8637,278.3803,0.2510,3.8000,-0.4500,2.1295,180.6524,1.5848,0.0000,0.0000,0.0000
98.654,395.5325,2.9026,278.4460,0.2510,3.8000,-0.4500,2.0005,180.6492,1.2713,0.0000,0.0000,0.0000
98.766,395.3226,2.9260,278.4949,0.2510,3.8000,-0.4500,1.8500,180.6463,0.9707,0.0000,0.0000,0.0000
98.876,395.0698,2.9474,278.5470,0.2510,3.8000,-0.4500,1.7296,180.6445,0.7544,0.0000,0.0000,0.0000
98.987,394.8565,2.9524,278.5874,0.2510,3.8000,-0.4500,1.4915,180.6421,0.3809,0.0000,0.0000,0.0000
99.112,394.5999,2.9518,278.6305,0.2510,3.8000,-0.4500,1.2994,180.6413,0.0978,0.0000,0.0000,0.0000
99.222,394.3413,2.9379,278.6704,0.2510,3.8000,-0.4500,1.0301,180.6417,359.7358,0.0000,0.0000,0.0000
99.348,394.0821,2.9145,278.7087,0.2510,3.8000,-0.4500,0.8154,180.6432,359.4594,0.0000,0.0000,0.0000
99.459,393.8213,2.8766,278.7508,0.2510,3.8000,-0.4500,0.4804,180.6476,359.0562,0.0000,0.0000,0.0000
99.572,393.6044,2.8382,278.7896,0.2510,3.8000,-0.4500,0.2622,180.6517,358.8048,0.0000,0.0000,0.0000
99.695,393.3005,2.7706,278.8517,0.2510,3.8000,-0.4500,359.9183,180.6600,358.4328,0.0000,0.0000,0.0000
99.806,393.0841,2.7150,278.9030,0.2510,3.8000,-0.4500,359.7419,180.6651,358.2514,0.0000,0.0000,0.0000
99.917,392.8244,2.6360,278.9736,0.2510,3.8000,-0.4500,359.4380,180.6751,357.9507,0.0000,0.0000,0.0000
100.029,392.6084,2.5623,279.0392,0.2510,3.8000,-0.4500,359.1894,180.6846,357.7191,0.0000,0.0000,0.0000
100.139,392.3502,2.4656,279.1247,0.2510,3.8000,-0.4500,358.9395,180.6950,357.4972,0.0000,0.0000,0.0000
100.251,392.1355,2.3780,279.2008,0.2510,3.8000,-0.4500,358.7482,180.7036,357.3347,0.0000,0.0000,0.0000
100.362,391.8779,2.2622,279.2982,0.2510,3.8000,-0.4500,358.4101,180.7202,357.0684,0.0000,0.0000,0.0000
100.487,391.6215,2.1408,279.4000,0.2510,3.8000,-0.4500,358.2095,180.7307,356.9216,0.0000,0.0000,0.0000
100.611,391.3657,2.0115,279.5065,0.2510,3.8000,-0.4500,357.9975,180.7424,356.7785,0.0000,0.0000,0.0000
100.722,391.1107,1.8765,279.6168,0.2510,3.8000,-0.4500,357.8535,180.7506,356.6860,0.0000,0.0000,0.0000
100.834,390.8558,1.7329,279.7314,0.2510,3.8000,-0.4500,357.5590,180.7681,356.5204,0.0000,0.0000,0.0000
100.947,390.6440,1.6113,279.8287,0.2510,3.8000,-0.4500,357.4106,180.7772,356.4482,0.0000,0.0000,0.0000
101.070,390.3904,1.4620,279.9476,0.2510,3.8000,-0.4500,357.2525,180.7871,356.3855,0.0000,0.0000,0.0000
101.182,390.1374,1.3098,280.0681,0.2510,3.8000,-0.4500,357.0979,180.7970,356.3283,0.0000,0.0000,0.0000
101.306,389.8846,1.1568,280.1895,0.2510,3.8000,-0.4500,357.0181,180.8021,356.3128,0.0000,0.0000,0.0000
101.431,389.6322,1.0031,280.3114,0.2510,3.8000,-0.4500,356.9379,180.8073,356.3000,0.0000,0.0000,0.0000
101.544,389.3800,0.8498,280.4336,0.2510,3.8000,-0.4500,356.8589,180.8124,356.2951,0.0000,0.0000,0.0000
101.653,389.1701,0.7227,280.5361,0.2510,3.8000,-0.4500,356.7001,180.8227,356.3145,0.0000,0.0000,0.0000
101.766,388.9182,0.5736,280.6577,0.2510,3.8000,-0.4500,356.7000,180.8227,356.3145,0.0000,0.0000,0.0000
101.889,388.6668,0.4277,280.7801,0.2510,3.8000,-0.4500,356.5530,180.8321,356.3818,0.0000,0.0000,0.0000
102.015,388.3740,0.2643,280.9220,0.2510,3.8000,-0.4500,356.4311,180.8397,356.4995,0.0000,0.0000,0.0000
102.140,388.1229,0.1305,281.0422,0.2510,3.8000,-0.4500,356.3289,180.8459,356.6255,0.0000,0.0000,0.0000
102.264,387.8721,0.0039,281.1605,0.2510,3.8000,-0.4500,356.2571,180.8500,356.7751,0.0000,0.0000,0.0000
102.377,387.6214,-0.1140,281.2759,0.2510,3.8000,-0.4500,356.1825,180.8541,357.0129,0.0000,0.0000,0.0000
102.487,387.4124,-0.2051,281.3691,0.2510,3.8000,-0.4500,356.1518,180.8557,357.2603,0.0000,0.0000,0.0000
102.612,387.1624,-0.3038,281.4769,0.2510,3.8000,-0.4500,356.1707,180.8548,357.6886,0.0000,0.0000,0.0000
102.724,386.9110,-0.3963,281.5790,0.2510,3.8000,-0.4500,356.2170,180.8531,357.9412,0.0000,0.0000,0.0000
102.834,386.6591,-0.4794,281.6753,0.2510,3.8000,-0.4500,356.2780,180.8510,358.1887,0.0000,0.0000,0.0000
102.959,386.4081,-0.5492,281.7660,0.2510,3.8000,-0.4500,356.4138,180.8472,358.5995,0.0000,0.0000,0.0000
103.084,386.1565,-0.6108,281.8510,0.2510,3.8000,-0.4500,356.5484,180.8443,358.9194,0.0000,0.0000,0.0000
103.194,385.9046,-0.6644,281.9308,0.2510,3.8000,-0.4500,356.6528,180.8425,359.1480,0.0000,0.0000,0.0000
103.306,385.6959,-0.6975,281.9935,0.2510,3.8000,-0.4500,356.8499,180.8403,359.5204,0.0000,0.0000,0.0000
103.431,385.4449,-0.7320,282.0659,0.2510,3.8000,-0.4500,357.0195,180.8393,359.8066,0.0000,0.0000,0.0000
103.556,385.1525,-0.7618,282.1474,0.2510,3.8000,-0.4500,357.1980,180.8391,0.0789,0.0000,0.0000,0.0000
103.668,384.9439,-0.7771,282.2047,0.2510,3.8000,-0.4500,357.2922,180.8393,0.2136,0.0000,0.0000,0.0000
103.779,384.6956,-0.7836,282.2726,0.2510,3.8000,-0.4500,357.5604,180.8411,0.5527,0.0000,0.0000,0.0000
103.889,384.4879,-0.7884,282.3307,0.2510,3.8000,-0.4500,357.6128,180.8417,0.6156,0.0000,0.0000,0.0000
104.015,384.1992,-0.7829,282.4123,0.2510,3.8000,-0.4500,357.8438,180.8447,0.8544,0.0000,0.0000,0.0000
104.139,383.9524,-0.7719,282.4832,0.2510,3.8000,-0.4500,358.0291,180.8477,1.0232,0.0000,0.0000,0.0000
104.264,383.7066,-0.7538,282.5546,0.2510,3.8000,-0.4500,358.3006,180.8530,1.2204,0.0000,0.0000,0.0000
104.375,383.4604,-0.7348,282.6272,0.2510,3.8000,-0.4500,358.3724,180.8546,1.2621,0.0000,0.0000,0.0000
104.488,383.2560,-0.7124,282.6838,0.2510,3.8000,-0.4500,358.5911,180.8596,1.3824,0.0000,0.0000,0.0000
104.611,383.0101,-0.6837,282.7479,0.2510,3.8000,-0.4500,358.7473,180.8635,1.4472,0.0000,0.0000,0.0000
104.724,382.7640,-0.6511,282.8062,0.2510,3.8000,-0.4500,358.9027,180.8675,1.5074,0.0000,0.0000,0.0000
104.833,382.5589,-0.6211,282.8242,0.2510,3.8000,-0.4500,359.0611,180.8717,1.5504,0.0000,0.0000,0.0000
104.944,382.3138,-0.5831,282.8007,0.2510,3.8000,-0.4500,359.2228,180.8762,1.5879,0.0000,0.0000,0.0000
105.069,382.0704,-0.5420,282.7361,0.2510,3.8000,-0.4500,359.5496,180.8853,1.6217,0.0000,0.0000,0.0000
105.183,381.8281,-0.5029,282.6453,0.2510,3.8000,-0.4500,359.5496,180.8853,1.6217,0.0000,0.0000,0.0000
105.292,381.6269,-0.4689,282.5546,0.2510,3.8000,-0.4500,359.7143,180.8900,1.6109,0.0000,0.0000,0.0000
105.417,381.3453,-0.4214,282.4143,0.2510,3.8000,-0.4500,359.9592,180.8968,1.5714,0.0000,0.0000,0.0000
105.528,381.1445,-0.3886,282.3096,0.2510,3.8000,-0.4500,359.9592,180.8968,1.5714,0.0000,0.0000,0.0000
105.653,380.9027,-0.3493,282.1796,0.2510,3.8000,-0.4500,0.2033,180.9033,1.4887,0.0000,0.0000,0.0000
105.778,380.6200,-0.3054,282.0269,0.2510,3.8000,-0.4500,0.4291,180.9090,1.3814,0.0000,0.0000,0.0000
105.889,380.4172,-0.2748,281.9276,0.2510,3.8000,-0.4500,0.4291,180.9090,1.3814,0.0000,0.0000,0.0000
106.014,380.1284,-0.2341,281.8188,0.2510,3.8000,-0.4500,0.7138,180.9154,1.1920,0.0000,0.0000,0.0000
106.125,379.9203,-0.2054,281.7685,0.2510,3.8000,-0.4500,0.7763,180.9166,1.1413,0.0000,0.0000,0.0000
106.236,379.6682,-0.1724,281.7446,0.2510,3.8000,-0.4500,0.9628,180.9201,0.9764,0.0000,0.0000,0.0000
106.361,379.4155,-0.1402,281.7497,0.2510,3.8000,-0.4500,1.0790,180.9220,0.8577,0.0000,0.0000,0.0000
106.472,379.2053,-0.1137,281.7745,0.2510,3.8000,-0.4500,1.1361,180.9228,0.7979,0.0000,0.0000,0.0000
106.596,378.9104,-0.0800,281.8336,0.2510,3.8000,-0.4500,1.3523,180.9253,0.5425,0.0000,0.0000,0.0000
106.708,378.7004,-0.0565,281.8893,0.2510,3.8000,-0.4500,1.4522,180.9261,0.4125,0.0000,0.0000,0.0000
106.819,378.4486,-0.0296,281.9667,0.2510,3.8000,-0.4500,1.5515,180.9267,0.2748,0.0000,0.0000,0.0000
106.944,378.1966,-0.0045,282.0516,0.2510,3.8000,-0.4500,1.6470,180.9271,0.1374,0.0000,0.0000,0.0000
107.067,377.9437,0.0179,282.1400,0.2510,3.8000,-0.4500,1.7847,180.9272,359.9276,0.0000,0.0000,0.0000
107.192,377.6911,0.0400,282.2286,0.2510,3.8000,-0.4500,1.8276,180.9271,359.8590,0.0000,0.0000,0.0000
107.303,377.4361,0.0572,282.3149,0.2510,3.8000,-0.4500,2.0001,180.9262,359.5732,0.0000,0.0000,0.0000
107.414,377.1820,0.0760,282.3990,0.2510,3.8000,-0.4500,2.0001,180.9262,359.5732,0.0000,0.0000,0.0000
107.526,376.9686,0.0881,282.4641,0.2510,3.8000,-0.4500,2.0805,180.9255,359.4307,0.0000,0.0000,0.0000
107.637,376.7111,0.0999,282.5368,0.2510,3.8000,-0.4500,2.1999,180.9241,359.2096,0.0000,0.0000,0.0000
107.748,376.4968,0.1105,282.5927,0.2510,3.8000,-0.4500,2.1999,180.9241,359.2096,0.0000,0.0000,0.0000
107.859,376.2373,0.1191,282.6469,0.2510,3.8000,-0.4500,2.2746,180.9230,359.0625,0.0000,0.0000,0.0000
107.970,376.0201,0.1249,282.6823,0.2510,3.8000,-0.4500,2.3108,180.9224,358.9865,0.0000,0.0000,0.0000
108.082,375.7579,0.1290,282.7170,0.2510,3.8000,-0.4500,2.3816,180.9210,358.8356,0.0000,0.0000,0.0000
108.192,375.5396,0.1324,282.7317,0.2510,3.8000,-0.4500,2.3816,180.9210,358.8356,0.0000,0.0000,0.0000
108.317,375.2332,0.1323,282.7156,0.2510,3.8000,-0.4500,2.4123,180.9204,358.7609,0.0000,0.0000,0.0000
108.442,374.9707,0.1293,282.6801,0.2510,3.8000,-0.4500,2.4411,180.9197,358.6829,0.0000,0.0000,0.0000
108.555,374.7079,0.1247,282.6324,0.2510,3.8000,-0.4500,2.4692,180.9191,358.6060,0.0000,0.0000,0.0000
108.668,374.4890,0.1199,282.5870,0.2510,3.8000,-0.4500,2.4996,180.9183,358.5295,0.0000,0.0000,0.0000
108.789,374.2269,0.1153,282.5281,0.2510,3.8000,-0.4500,2.4996,180.9183,358.5295,0.0000,0.0000,0.0000
108.915,373.9205,0.1094,282.4583,0.2510,3.8000,-0.4500,2.5356,180.9174,358.4550,0.0000,0.0000,0.0000
109.039,373.6572,0.1053,282.3995,0.2510,3.8000,-0.4500,2.5779,180.9162,358.3851,0.0000,0.0000,0.0000
109.151,373.4381,0.1036,282.3510,0.2510,3.8000,-0.4500,2.5779,180.9162,358.3851,0.0000,0.0000,0.0000
109.262,373.1745,0.1027,282.2927,0.2510,3.8000,-0.4500,2.6353,180.9145,358.3226,0.0000,0.0000,0.0000
109.373,372.9110,0.1038,282.2336,0.2510,3.8000,-0.4500,2.6934,180.9128,358.2614,0.0000,0.0000,0.0000
109.484,372.6918,0.1070,282.1835,0.2510,3.8000,-0.4500,2.6934,180.9128,358.2614,0.0000,0.0000,0.0000
109.598,372.4285,0.1130,282.1219,0.2510,3.8000,-0.4500,2.7624,180.9107,358.2163,0.0000,0.0000,0.0000
109.708,372.2088,0.1202,282.0688,0.2510,3.8000,-0.4500,2.9109,180.9060,358.1444,0.0000,0.0000,0.0000
109.817,371.9461,0.1319,282.0043,0.2510,3.8000,-0.4500,2.9109,180.9060,358.1444,0.0000,0.0000,0.0000
109.942,371.6832,0.1475,281.9371,0.2510,3.8000,-0.4500,3.0753,180.9006,358.1103,0.0000,0.0000,0.0000
110.068,371.4209,0.1658,281.8696,0.2510,3.8000,-0.4500,3.0753,180.9006,358.1103,0.0000,0.0000,0.0000
110.178,371.1586,0.1897,281.7989,0.2510,3.8000,-0.4500,3.3293,180.8922,358.1088,0.0000,0.0000,0.0000
110.289,370.9404,0.2108,281.7406,0.2510,3.8000,-0.4500,3.3293,180.8922,358.1088,0.0000,0.0000,0.0000
110.414,370.6353,0.2475,281.6565,0.2510,3.8000,-0.4500,3.5696,180.8843,358.1564,0.0000,0.0000,0.0000
110.539,370.3739,0.2820,281.5849,0.2510,3.8000,-0.4500,3.6466,180.8819,358.1870,0.0000,0.0000,0.0000
110.665,370.1128,0.3204,281.5133,0.2510,3.8000,-0.4500,3.7236,180.8795,358.2189,0.0000,0.0000,0.0000
110.777,369.8522,0.3640,281.4414,0.2510,3.8000,-0.4500,3.8685,180.8750,358.2968,0.0000,0.0000,0.0000
110.887,369.6351,0.4026,281.3823,0.2510,3.8000,-0.4500,3.9392,180.8729,358.3466,0.0000,0.0000,0.0000
111.011,369.3754,0.4548,281.3110,0.2510,3.8000,-0.4500,4.1394,180.8674,358.4968,0.0000,0.0000,0.0000
111.123,369.1151,0.5066,281.2431,0.2510,3.8000,-0.4500,4.1394,180.8674,358.4968,0.0000,0.0000,0.0000
111.234,368.8557,0.5649,281.1752,0.2510,3.8000,-0.4500,4.2520,180.8646,358.6162,0.0000,0.0000,0.0000
111.347,368.6397,0.6151,281.1201,0.2510,3.8000,-0.4500,4.3021,180.8634,358.6830,0.0000,0.0000,0.0000
111.457,368.3807,0.6779,281.0555,0.2510,3.8000,-0.4500,4.3515,180.8623,358.7505,0.0000,0.0000,0.0000
111.567,368.1656,0.7344,281.0026,0.2510,3.8000,-0.4500,4.4326,180.8606,358.8965,0.0000,0.0000,0.0000
111.692,367.9069,0.8024,280.9415,0.2510,3.8000,-0.4500,4.4649,180.8600,358.9722,0.0000,0.0000,0.0000
111.803,367.6489,0.8729,280.8828,0.2510,3.8000,-0.4500,4.4961,180.8595,359.0482,0.0000,0.0000,0.0000
111.914,367.3912,0.9454,280.8264,0.2510,3.8000,-0.4500,4.5161,180.8591,359.1286,0.0000,0.0000,0.0000
112.027,367.1773,1.0090,280.7811,0.2510,3.8000,-0.4500,4.5441,180.8587,359.2921,0.0000,0.0000,0.0000
112.150,366.9203,1.0845,280.7297,0.2510,3.8000,-0.4500,4.5451,180.8587,359.3736,0.0000,0.0000,0.0000
112.261,366.6642,1.1624,280.6810,0.2510,3.8000,-0.4500,4.5303,180.8589,359.5396,0.0000,0.0000,0.0000
112.372,366.4506,1.2267,280.6429,0.2510,3.8000,-0.4500,4.5144,180.8590,359.6176,0.0000,0.0000,0.0000
112.498,366.1516,1.3167,280.5933,0.2510,3.8000,-0.4500,4.4880,180.8592,359.6963,0.0000,0.0000,0.0000
112.598,365.9384,1.3811,280.5603,0.2510,3.8000,-0.4500,4.4567,180.8593,359.7738,0.0000,0.0000,0.0000
112.707,365.7265,1.4471,280.5298,0.2510,3.8000,-0.4500,4.3402,180.8595,-0.0052,0.0000,0.0000,0.0000
112.817,365.4707,1.5218,280.4952,0.2510,3.8000,-0.4500,4.3402,180.8595,-0.0052,0.0000,0.0000,0.0000
112.928,365.2594,1.5858,280.4693,0.2510,3.8000,-0.4500,4.1134,180.8590,0.2485,0.0000,0.0000,0.0000
113.039,365.0041,1.6575,280.4380,0.2510,3.8000,-0.4500,4.1134,180.8590,0.2485,0.0000,0.0000,0.0000
113.151,364.7931,1.7168,280.4145,0.2510,3.8000,-0.4500,3.8356,180.8573,0.4471,0.0000,0.0000,0.0000
113.261,364.5390,1.7840,280.3855,0.2510,3.8000,-0.4500,3.6859,180.8561,0.5234,0.0000,0.0000,0.0000
113.372,364.3275,1.8373,280.3609,0.2510,3.8000,-0.4500,3.6101,180.8553,0.5597,0.0000,0.0000,0.0000
113.497,364.0320,1.9069,280.3276,0.2510,3.8000,-0.4500,3.2872,180.8519,0.6697,0.0000,0.0000,0.0000
113.609,363.8210,1.9527,280.3036,0.2510,3.8000,-0.4500,3.0413,180.8488,0.7302,0.0000,0.0000,0.0000
113.722,363.5677,2.0027,280.2744,0.2510,3.8000,-0.4500,2.7804,180.8454,0.7624,0.0000,0.0000,0.0000
113.830,363.3567,2.0406,280.2498,0.2510,3.8000,-0.4500,2.6099,180.8431,0.7778,0.0000,0.0000,0.0000
113.956,363.0609,2.0849,280.2169,0.2510,3.8000,-0.4500,2.1831,180.8373,0.7721,0.0000,0.0000,0.0000
114.067,362.8493,2.1122,280.1933,0.2510,3.8000,-0.4500,2.0178,180.8351,0.7552,0.0000,0.0000,0.0000
114.192,362.5950,2.1381,280.1664,0.2510,3.8000,-0.4500,1.7677,180.8319,0.7187,0.0000,0.0000,0.0000
114.303,362.3399,2.1544,280.1425,0.2510,3.8000,-0.4500,1.3464,180.8270,0.6228,0.0000,0.0000,0.0000
114.428,362.0842,2.1639,280.1204,0.2510,3.8000,-0.4500,1.0144,180.8236,0.5218,0.0000,0.0000,0.0000
114.542,361.8278,2.1665,280.1008,0.2510,3.8000,-0.4500,0.7765,180.8217,0.4400,0.0000,0.0000,0.0000
114.664,361.5701,2.1574,280.0860,0.2510,3.8000,-0.4500,0.3081,180.8188,0.2545,0.0000,0.0000,0.0000
114.775,361.3124,2.1446,280.0723,0.2510,3.8000,-0.4500,0.1511,180.8182,0.1834,0.0000,0.0000,0.0000
114.900,361.0530,2.1183,280.0636,0.2510,3.8000,-0.4500,359.6899,180.8176,359.9652,0.0000,0.0000,0.0000
115.011,360.8373,2.0950,280.0560,0.2510,3.8000,-0.4500,359.6151,180.8177,359.9268,0.0000,0.0000,0.0000
115.122,360.5768,2.0532,280.0503,0.2510,3.8000,-0.4500,359.1628,180.8192,359.6880,0.0000,0.0000,0.0000
115.235,360.3169,2.0084,280.0422,0.2510,3.8000,-0.4500,359.0135,180.8201,359.6044,0.0000,0.0000,0.0000
115.346,360.0996,1.9620,280.0358,0.2510,3.8000,-0.4500,358.7176,180.8226,359.4359,0.0000,0.0000,0.0000
115.470,359.8391,1.9019,280.0254,0.2510,3.8000,-0.4500,358.5050,180.8249,359.3102,0.0000,0.0000,0.0000
115.582,359.5788,1.8360,280.0125,0.2510,3.8000,-0.4500,358.3634,180.8267,359.2251,0.0000,0.0000,0.0000
115.691,359.3609,1.7714,280.0014,0.2510,3.8000,-0.4500,358.0031,180.8323,359.0020,0.0000,0.0000,0.0000
115.817,359.0576,1.6822,279.9798,0.2510,3.8000,-0.4500,357.9362,180.8335,358.9601,0.0000,0.0000,0.0000
115.927,358.8401,1.6093,279.9642,0.2510,3.8000,-0.4500,357.6495,180.8392,358.7749,0.0000,0.0000,0.0000
116.039,358.5800,1.5228,279.9413,0.2510,3.8000,-0.4500,357.5812,180.8406,358.7299,0.0000,0.0000,0.0000
116.164,358.3198,1.4307,279.9165,0.2510,3.8000,-0.4500,357.4447,180.8438,358.6395,0.0000,0.0000,0.0000
116.289,358.0600,1.3365,279.8893,0.2510,3.8000,-0.4500,357.3738,180.8455,358.5916,0.0000,0.0000,0.0000
116.399,357.7999,1.2382,279.8604,0.2510,3.8000,-0.4500,357.2335,180.8491,358.4964,0.0000,0.0000,0.0000
116.517,357.5404,1.1407,279.8287,0.2510,3.8000,-0.4500,357.2335,180.8491,358.4964,0.0000,0.0000,0.0000
116.619,357.3238,1.0572,279.8017,0.2510,3.8000,-0.4500,357.1659,180.8509,358.4493,0.0000,0.0000,0.0000
116.733,357.1078,0.9747,279.7735,0.2510,3.8000,-0.4500,357.1659,180.8509,358.4493,0.0000,0.0000,0.0000
116.858,356.8068,0.8598,279.7122,0.2510,3.8000,-0.4500,357.1659,180.8509,358.4493,0.0000,0.0000,0.0000
116.969,356.6032,0.7858,279.5164,0.2510,3.8000,-0.4500,357.1659,180.8508,358.4493,0.0000,0.0000,0.0000
117.094,356.3362,0.7005,278.9739,0.2510,3.8000,-0.4500,357.1659,180.8508,358.4493,0.0000,0.0000,0.0000
117.205,356.1530,0.6486,278.4686,0.2510,3.8000,-0.4500,357.1659,180.8508,358.4493,0.0000,0.0000,0.0000
117.316,355.9362,0.5914,277.8232,0.2510,3.8000,-0.4500,357.1659,180.8508,358.4493,0.0000,0.0000,0.0000
117.441,355.7151,0.5324,277.2563,0.2510,3.8000,-0.4500,357.1659,180.8508,358.4493,0.0000,0.0000,0.0000
117.554,355.4852,0.4678,276.8265,0.2510,3.8000,-0.4500,357.1659,180.8508,358.4493,0.0000,0.0000,0.0000
117.678,355.2460,0.3979,276.5265,0.2510,3.8000,-0.4500,357.1659,180.8508,358.4493,0.0000,0.0000,0.0000
117.802,354.9997,0.3250,276.3250,0.2510,3.8000,-0.4500,357.1659,180.8508,358.4493,0.0000,0.0000,0.0000
117.914,354.7481,0.2520,276.1902,0.2510,3.8000,-0.4500,357.1659,180.8508,358.4493,0.0000,0.0000,0.0000
118.024,354.5360,0.1929,276.1108,0.2510,3.8000,-0.4500,357.1659,180.8508,358.4493,0.0000,0.0000,0.0000
118.135,354.2797,0.1256,276.0398,0.2510,3.8000,-0.4500,357.1659,180.8508,358.4493,0.0000,0.0000,0.0000
118.246,354.0652,0.0735,275.9930,0.2510,3.8000,-0.4500,357.1659,180.8508,358.4493,0.0000,0.0000,0.0000
118.371,353.8083,0.0213,275.9726,0.2510,3.8000,-0.4500,357.5817,180.8399,358.5531,0.0000,0.0000,0.0000
118.483,353.5532,-0.0297,276.0124,0.2510,3.8000,-0.4500,357.6587,180.8380,358.5767,0.0000,0.0000,0.0000
118.608,353.3018,-0.0690,276.0991,0.2510,3.8000,-0.4500,358.0424,180.8290,358.7509,0.0000,0.0000,0.0000
118.732,353.0529,-0.1032,276.2260,0.2510,3.8000,-0.4500,358.2704,180.8243,358.8784,0.0000,0.0000,0.0000
118.843,352.8069,-0.1295,276.3864,0.2510,3.8000,-0.4500,358.4890,180.8203,359.0095,0.0000,0.0000,0.0000
118.955,352.5635,-0.1462,276.5704,0.2510,3.8000,-0.4500,358.7721,180.8158,359.1936,0.0000,0.0000,0.0000
119.066,352.3623,-0.1526,276.7362,0.2510,3.8000,-0.4500,359.0445,180.8124,359.3836,0.0000,0.0000,0.0000
119.177,352.1212,-0.1565,276.9460,0.2510,3.8000,-0.4500,359.1776,180.8111,359.4793,0.0000,0.0000,0.0000
119.302,351.8819,-0.1491,277.1616,0.2510,3.8000,-0.4500,359.4522,180.8091,359.6816,0.0000,0.0000,0.0000
119.427,351.6432,-0.1354,277.3792,0.2510,3.8000,-0.4500,359.6534,180.8082,359.8315,0.0000,0.0000,0.0000
119.552,351.4052,-0.1130,277.5914,0.2510,3.8000,-0.4500,359.9219,180.8079,0.0320,0.0000,0.0000,0.0000
119.663,351.1662,-0.0881,277.7985,0.2510,3.8000,-0.4500,359.9894,180.8080,0.0818,0.0000,0.0000,0.0000
119.774,350.9282,-0.0533,277.9959,0.2510,3.8000,-0.4500,0.2564,180.8088,0.2776,0.0000,0.0000,0.0000
119.887,350.7284,-0.0250,278.1514,0.2510,3.8000,-0.4500,0.2564,180.8088,0.2776,0.0000,0.0000,0.0000
119.996,350.4889,0.0171,278.3230,0.2510,3.8000,-0.4500,0.4614,180.8101,0.4197,0.0000,0.0000,0.0000
