time_sec,world_x,world_y,world_z,local_x,local_y,local_z,world_rot_x,world_rot_y,world_rot_z,local_rot_x,local_rot_y,local_rot_z
0.000,598.8699,5.2478,250.4535,0.2510,3.8000,-0.4500,0.0000,180.0000,0.0000,0.0000,0.0000,0.0000
0.000,598.8699,5.2478,250.4535,0.2510,3.8000,-0.4500,0.0000,180.0000,0.0000,0.0000,0.0000,0.0000
0.108,598.6557,5.0566,250.4581,0.2510,3.8000,-0.4500,0.0000,180.0000,0.0000,0.0000,0.0000,0.0000
0.220,598.2777,4.7300,250.4630,0.2510,3.8000,-0.4500,0.0000,180.0000,0.0000,0.0000,0.0000,0.0000
0.333,597.7819,4.3091,250.4674,0.2510,3.8000,-0.4500,0.0000,180.0000,0.0000,0.0000,0.0000,0.0000
0.443,597.2886,3.8939,250.4686,0.2510,3.8000,-0.4500,0.0000,180.0000,0.0000,0.0000,0.0000,0.0000
0.555,596.6160,3.3270,250.4129,0.2510,3.8000,-0.4500,0.0000,180.0000,0.0000,0.0000,0.0000,0.0000
0.667,596.0004,2.8030,250.2603,0.2510,3.8000,-0.4500,0.0000,180.0000,0.0000,0.0000,0.0000,0.0000
0.778,595.2064,2.1191,249.9190,0.2510,3.8000,-0.4500,0.0000,180.0000,0.0000,0.0000,0.0000,0.0000
0.890,594.3605,1.3816,249.3982,0.2510,3.8000,-0.4500,0.0000,180.0000,0.0000,0.0000,0.0000,0.0000
0.999,593.6207,0.7305,248.8315,0.2510,3.8000,-0.4500,0.0000,180.0000,0.0000,0.0000,0.0000,0.0000
1.112,592.6966,-0.0900,248.0026,0.2510,3.8000,-0.4500,0.0000,180.0000,0.0000,0.0000,0.0000,0.0000
1.224,591.9724,-0.7380,247.2733,0.2510,3.8000,-0.4500,0.0000,180.0000,0.0000,0.0000,0.0000,0.0000
1.333,591.3744,-1.2430,246.6195,0.2510,3.8000,-0.4500,358.2436,180.0000,0.0028,0.0000,0.0000,0.0000
1.445,591.0127,-1.4316,246.1889,0.2510,3.8000,-0.4500,356.9536,179.9999,0.0046,0.0000,0.0000,0.0000
1.556,590.6689,-1.4544,245.7480,0.2510,3.8000,-0.4500,356.1045,179.9998,0.0055,0.0000,0.0000,0.0000
1.668,590.4254,-1.3795,245.4125,0.2510,3.8000,-0.4500,356.0169,179.9998,0.0055,0.0000,0.0000,0.0000
1.779,590.1619,-1.2640,245.0278,0.2510,3.8000,-0.4500,356.0169,179.9998,0.0055,0.0000,0.0000,0.0000
1.890,589.9158,-1.1778,244.6489,0.2510,3.8000,-0.4500,356.0169,179.9998,0.0055,0.0000,0.0000,0.0000
2.001,589.7181,-1.1467,244.3304,0.2510,3.8000,-0.4500,356.0169,179.9998,0.0055,0.0000,0.0000,0.0000
2.114,589.4862,-1.1575,243.9404,0.2510,3.8000,-0.4500,356.0169,179.9998,0.0055,0.0000,0.0000,0.0000
2.221,589.2955,-1.1965,243.6092,0.2510,3.8000,-0.4500,356.0169,179.9998,0.0055,0.0000,0.0000,0.0000
2.325,589.1047,-1.2523,243.2950,0.2510,3.8000,-0.4500,356.0169,179.9998,0.0055,0.0000,0.0000,0.0000
2.432,588.8704,-1.3327,242.9993,0.2510,3.8000,-0.4500,356.0169,179.9998,0.0055,0.0000,0.0000,0.0000
2.543,588.6694,-1.4047,242.8302,0.2510,3.8000,-0.4500,356.0169,179.9998,0.0055,0.0000,0.0000,0.0000
2.651,588.4242,-1.4914,242.6784,0.2510,3.8000,-0.4500,355.9340,179.9998,0.0019,0.0000,0.0000,0.0000
2.762,588.2267,-1.5522,242.4643,0.2510,3.8000,-0.4500,355.9340,179.9998,0.0019,0.0000,0.0000,0.0000
2.863,588.0375,-1.5998,242.1344,0.2510,3.8000,-0.4500,355.8500,179.9998,-0.0041,0.0000,0.0000,0.0000
2.973,587.8190,-1.6414,241.6128,0.2510,3.8000,-0.4500,355.7669,179.9998,359.9899,0.0000,0.0000,0.0000
3.085,587.6418,-1.6667,241.1037,0.2510,3.8000,-0.4500,355.7669,179.9998,359.9898,0.0000,0.0000,0.0000
3.196,587.4327,-1.6907,240.4299,0.2510,3.8000,-0.4500,355.7670,179.9998,359.9898,0.0000,0.0000,0.0000
3.306,587.2601,-1.7087,239.8438,0.2510,3.8000,-0.4500,355.7670,179.9998,359.9898,0.0000,0.0000,0.0000
3.418,587.0532,-1.7308,239.1358,0.2510,3.8000,-0.4500,355.7670,179.9998,359.9898,0.0000,0.0000,0.0000
3.529,586.8815,-1.7508,238.5358,0.2510,3.8000,-0.4500,355.6855,179.9999,359.9791,0.0000,0.0000,0.0000
3.640,586.6748,-1.7753,237.8288,0.2510,3.8000,-0.4500,355.6855,179.9999,359.9791,0.0000,0.0000,0.0000
3.751,586.4647,-1.8058,237.1849,0.2510,3.8000,-0.4500,355.6855,179.9999,359.9791,0.0000,0.0000,0.0000
3.862,586.2841,-1.8393,236.7333,0.2510,3.8000,-0.4500,355.6026,179.9999,359.9656,0.0000,0.0000,0.0000
3.974,586.0565,-1.8923,236.3434,0.2510,3.8000,-0.4500,355.6026,179.9999,359.9656,0.0000,0.0000,0.0000
4.085,585.8573,-1.9497,236.1414,0.2510,3.8000,-0.4500,355.5211,180.0000,359.9507,0.0000,0.0000,0.0000
4.197,585.6103,-2.0312,236.0171,0.2510,3.8000,-0.4500,355.4415,180.0000,359.9342,0.0000,0.0000,0.0000
4.307,585.4021,-2.1071,235.9885,0.2510,3.8000,-0.4500,355.4415,180.0000,359.9342,0.0000,0.0000,0.0000
4.415,585.1519,-2.2072,236.0180,0.2510,3.8000,-0.4500,355.3629,180.0001,359.9145,0.0000,0.0000,0.0000
4.529,584.9434,-2.2944,236.0698,0.2510,3.8000,-0.4500,355.3629,180.0001,359.9145,0.0000,0.0000,0.0000
4.640,584.7007,-2.3902,235.9784,0.2510,3.8000,-0.4500,355.3629,180.0001,359.9145,0.0000,0.0000,0.0000
4.753,584.4724,-2.4639,235.6320,0.2510,3.8000,-0.4500,355.2858,180.0003,359.8894,0.0000,0.0000,0.0000
4.863,584.2906,-2.5092,235.1975,0.2510,3.8000,-0.4500,355.2857,180.0003,359.8894,0.0000,0.0000,0.0000
4.972,584.0783,-2.5511,234.5745,0.2510,3.8000,-0.4500,355.2857,180.0003,359.8894,0.0000,0.0000,0.0000
5.084,583.9036,-2.5803,234.0154,0.2510,3.8000,-0.4500,355.2857,180.0003,359.8894,0.0000,0.0000,0.0000
5.194,583.6944,-2.6133,233.3305,0.2510,3.8000,-0.4500,355.2073,180.0004,359.8681,0.0000,0.0000,0.0000
5.305,583.5204,-2.6393,232.7594,0.2510,3.8000,-0.4500,355.2073,180.0004,359.8681,0.0000,0.0000,0.0000
5.415,583.3115,-2.6706,232.0795,0.2510,3.8000,-0.4500,355.2073,180.0004,359.8681,0.0000,0.0000,0.0000
5.529,583.1373,-2.6980,231.5186,0.2510,3.8000,-0.4500,355.1306,180.0006,359.8569,0.0000,0.0000,0.0000
5.640,582.9281,-2.7303,230.8503,0.2510,3.8000,-0.4500,355.1306,180.0006,359.8569,0.0000,0.0000,0.0000
5.751,582.7189,-2.7625,230.1864,0.2510,3.8000,-0.4500,355.1306,180.0006,359.8569,0.0000,0.0000,0.0000
5.862,582.5444,-2.7891,229.6355,0.2510,3.8000,-0.4500,355.1306,180.0006,359.8569,0.0000,0.0000,0.0000
5.974,582.3353,-2.8202,228.9765,0.2510,3.8000,-0.4500,355.1306,180.0006,359.8569,0.0000,0.0000,0.0000
6.084,582.1616,-2.8448,228.4182,0.2510,3.8000,-0.4500,355.1306,180.0006,359.8569,0.0000,0.0000,0.0000
6.194,581.9550,-2.8701,227.7212,0.2510,3.8000,-0.4500,355.1306,180.0006,359.8569,0.0000,0.0000,0.0000
6.307,581.7815,-2.8912,227.1649,0.2510,3.8000,-0.4500,355.1306,180.0006,359.8569,0.0000,0.0000,0.0000
6.415,581.5693,-2.9209,226.5677,0.2510,3.8000,-0.4500,355.1306,180.0006,359.8569,0.0000,0.0000,0.0000
6.529,581.3882,-2.9507,226.1398,0.2510,3.8000,-0.4500,355.1306,180.0006,359.8569,0.0000,0.0000,0.0000
6.640,581.1658,-2.9922,225.7062,0.2510,3.8000,-0.4500,355.1306,180.0006,359.8569,0.0000,0.0000,0.0000
6.752,580.9395,-3.0382,225.3364,0.2510,3.8000,-0.4500,355.1306,180.0006,359.8569,0.0000,0.0000,0.0000
6.862,580.7542,-3.0732,224.9836,0.2510,3.8000,-0.4500,355.1306,180.0006,359.8569,0.0000,0.0000,0.0000
6.973,580.5401,-3.1018,224.4290,0.2510,3.8000,-0.4500,355.1306,180.0006,359.8569,0.0000,0.0000,0.0000
7.085,580.3660,-3.1163,223.8936,0.2510,3.8000,-0.4500,355.1306,180.0006,359.8569,0.0000,0.0000,0.0000
7.196,580.1611,-3.1242,223.2137,0.2510,3.8000,-0.4500,355.1045,180.0006,0.0142,0.0000,0.0000,0.0000
7.306,579.9904,-3.1295,222.6384,0.2510,3.8000,-0.4500,355.1045,180.0006,0.0142,0.0000,0.0000,0.0000
7.418,579.7862,-3.1318,221.9509,0.2510,3.8000,-0.4500,355.1050,180.0006,0.0933,0.0000,0.0000,0.0000
7.528,579.6170,-3.1304,221.3834,0.2510,3.8000,-0.4500,355.1334,180.0007,0.2552,0.0000,0.0000,0.0000
7.640,579.4133,-3.1291,220.7089,0.2510,3.8000,-0.4500,355.1572,180.0008,0.3340,0.0000,0.0000,0.0000
7.752,579.2100,-3.1245,220.0400,0.2510,3.8000,-0.4500,355.2165,180.0013,0.4860,0.0000,0.0000,0.0000
7.862,579.0404,-3.1203,219.4859,0.2510,3.8000,-0.4500,355.2528,180.0016,0.5584,0.0000,0.0000,0.0000
7.974,578.8379,-3.1104,218.8232,0.2510,3.8000,-0.4500,355.3826,180.0031,0.7662,0.0000,0.0000,0.0000
8.085,578.6682,-3.1044,218.2727,0.2510,3.8000,-0.4500,355.3826,180.0031,0.7662,0.0000,0.0000,0.0000
8.195,578.4657,-3.0917,217.6126,0.2510,3.8000,-0.4500,355.4868,180.0046,0.8960,0.0000,0.0000,0.0000
8.307,578.2976,-3.0786,217.0628,0.2510,3.8000,-0.4500,355.6010,180.0066,1.0186,0.0000,0.0000,0.0000
8.418,578.0963,-3.0599,216.4029,0.2510,3.8000,-0.4500,355.7837,180.0101,1.1879,0.0000,0.0000,0.0000
8.530,577.8949,-3.0400,215.7431,0.2510,3.8000,-0.4500,355.9180,180.0130,1.2940,0.0000,0.0000,0.0000
8.640,577.7275,-3.0221,215.1799,0.2510,3.8000,-0.4500,355.9853,180.0146,1.3457,0.0000,0.0000,0.0000
8.752,577.5285,-2.9949,214.4879,0.2510,3.8000,-0.4500,356.1881,180.0196,1.4840,0.0000,0.0000,0.0000
8.862,577.3597,-2.9741,213.9559,0.2510,3.8000,-0.4500,356.2582,180.0215,1.5268,0.0000,0.0000,0.0000
8.973,577.1521,-2.9486,213.4102,0.2510,3.8000,-0.4500,356.4771,180.0276,1.6522,0.0000,0.0000,0.0000
9.085,576.9730,-2.9284,213.0486,0.2510,3.8000,-0.4500,356.7090,180.0345,1.7687,0.0000,0.0000,0.0000
9.196,576.7503,-2.9073,212.7206,0.2510,3.8000,-0.4500,356.8600,180.0393,1.8418,0.0000,0.0000,0.0000
9.307,576.5609,-2.8850,212.5154,0.2510,3.8000,-0.4500,357.2438,180.0522,2.0072,0.0000,0.0000,0.0000
9.418,576.3281,-2.8603,212.3304,0.2510,3.8000,-0.4500,357.4048,180.0579,2.0697,0.0000,0.0000,0.0000
9.529,576.1324,-2.8324,212.2087,0.2510,3.8000,-0.4500,357.8033,180.0729,2.2181,0.0000,0.0000,0.0000
9.640,575.8955,-2.7984,212.0905,0.2510,3.8000,-0.4500,357.9608,180.0790,2.2712,0.0000,0.0000,0.0000
9.751,575.6578,-2.7548,211.9871,0.2510,3.8000,-0.4500,358.3660,180.0956,2.4009,0.0000,0.0000,0.0000
9.860,575.4595,-2.7151,211.9079,0.2510,3.8000,-0.4500,358.5999,180.1055,2.4683,0.0000,0.0000,0.0000
9.973,575.2218,-2.6621,211.8162,0.2510,3.8000,-0.4500,358.8420,180.1161,2.5324,0.0000,0.0000,0.0000
10.085,575.0241,-2.6116,211.7395,0.2510,3.8000,-0.4500,359.1811,180.1314,2.6129,0.0000,0.0000,0.0000
10.196,574.7874,-2.5461,211.6461,0.2510,3.8000,-0.4500,359.5896,180.1503,2.6949,0.0000,0.0000,0.0000
10.307,574.5900,-2.4903,211.5682,0.2510,3.8000,-0.4500,359.6733,180.1543,2.7080,0.0000,0.0000,0.0000
10.418,574.3542,-2.4165,211.4707,0.2510,3.8000,-0.4500,0.0159,180.1706,2.7562,0.0000,0.0000,0.0000
10.529,574.1578,-2.3513,211.3873,0.2510,3.8000,-0.4500,0.3543,180.1870,2.7874,0.0000,0.0000,0.0000
10.641,573.9219,-2.2712,211.2858,0.2510,3.8000,-0.4500,0.6090,180.1994,2.7981,0.0000,0.0000,0.0000
10.752,573.6865,-2.1879,211.1822,0.2510,3.8000,-0.4500,0.8534,180.2114,2.8025,0.0000,0.0000,0.0000
10.862,573.4902,-2.1163,211.0933,0.2510,3.8000,-0.4500,1.1047,180.2236,2.7877,0.0000,0.0000,0.0000
10.973,573.2547,-2.0293,210.9840,0.2510,3.8000,-0.4500,1.2687,180.2316,2.7744,0.0000,0.0000,0.0000
11.084,573.0583,-1.9551,210.8895,0.2510,3.8000,-0.4500,1.5122,180.2433,2.7372,0.0000,0.0000,0.0000
11.196,572.8221,-1.8656,210.7758,0.2510,3.8000,-0.4500,1.7551,180.2549,2.6833,0.0000,0.0000,0.0000
11.298,572.6245,-1.7907,210.6837,0.2510,3.8000,-0.4500,1.9988,180.2661,2.6071,0.0000,0.0000,0.0000
11.404,572.4266,-1.7159,210.5958,0.2510,3.8000,-0.4500,2.0777,180.2697,2.5803,0.0000,0.0000,0.0000
11.515,572.1874,-1.6264,210.4937,0.2510,3.8000,-0.4500,2.3062,180.2798,2.4807,0.0000,0.0000,0.0000
11.624,571.9867,-1.5530,210.4114,0.2510,3.8000,-0.4500,2.6000,180.2921,2.3137,0.0000,0.0000,0.0000
11.727,571.7857,-1.4801,210.3336,0.2510,3.8000,-0.4500,2.6669,180.2948,2.2661,0.0000,0.0000,0.0000
11.835,571.5430,-1.3950,210.2431,0.2510,3.8000,-0.4500,2.8622,180.3023,2.1131,0.0000,0.0000,0.0000
11.946,571.3391,-1.3265,210.1704,0.2510,3.8000,-0.4500,3.0411,180.3086,1.9466,0.0000,0.0000,0.0000
12.057,571.0934,-1.2466,210.0870,0.2510,3.8000,-0.4500,3.1529,180.3123,1.8110,0.0000,0.0000,0.0000
12.167,570.8870,-1.1837,210.0196,0.2510,3.8000,-0.4500,3.3109,180.3170,1.6048,0.0000,0.0000,0.0000
12.279,570.6378,-1.1121,209.9428,0.2510,3.8000,-0.4500,3.4428,180.3205,1.3777,0.0000,0.0000,0.0000
12.390,570.3875,-1.0438,209.8708,0.2510,3.8000,-0.4500,3.5232,180.3223,1.2272,0.0000,0.0000,0.0000
12.501,570.1761,-0.9936,209.8143,0.2510,3.8000,-0.4500,3.6509,180.3247,0.9114,0.0000,0.0000,0.0000
12.611,569.9220,-0.9364,209.7514,0.2510,3.8000,-0.4500,3.7233,180.3257,0.6682,0.0000,0.0000,0.0000
12.723,569.7078,-0.8950,209.7021,0.2510,3.8000,-0.4500,3.8019,180.3264,0.3435,0.0000,0.0000,0.0000
12.834,569.4508,-0.8478,209.6464,0.2510,3.8000,-0.4500,3.8253,180.3265,0.1725,0.0000,0.0000,0.0000
12.945,569.2347,-0.8153,209.6018,0.2510,3.8000,-0.4500,3.8541,180.3266,359.9142,0.0000,0.0000,0.0000
13.057,568.9738,-0.7846,209.5498,0.2510,3.8000,-0.4500,3.8704,180.3265,359.4920,0.0000,0.0000,0.0000
13.168,568.7569,-0.7598,209.5063,0.2510,3.8000,-0.4500,3.8679,180.3265,359.4073,0.0000,0.0000,0.0000
13.279,568.4943,-0.7411,209.4536,0.2510,3.8000,-0.4500,3.8507,180.3267,359.0637,0.0000,0.0000,0.0000
13.389,568.2748,-0.7306,209.4082,0.2510,3.8000,-0.4500,3.8223,180.3273,358.8102,0.0000,0.0000,0.0000
13.501,568.0117,-0.7222,209.3503,0.2510,3.8000,-0.4500,3.7998,180.3278,358.6417,0.0000,0.0000,0.0000
13.612,567.7465,-0.7274,209.2897,0.2510,3.8000,-0.4500,3.7011,180.3306,358.1415,0.0000,0.0000,0.0000
13.724,567.5279,-0.7291,209.2344,0.2510,3.8000,-0.4500,3.7011,180.3306,358.1415,0.0000,0.0000,0.0000
13.834,567.2632,-0.7438,209.1656,0.2510,3.8000,-0.4500,3.6053,180.3340,357.8105,0.0000,0.0000,0.0000
13.946,567.0433,-0.7587,209.1046,0.2510,3.8000,-0.4500,3.5496,180.3362,357.6515,0.0000,0.0000,0.0000
14.047,566.8239,-0.7760,209.0402,0.2510,3.8000,-0.4500,3.5209,180.3374,357.5728,0.0000,0.0000,0.0000
14.154,566.5601,-0.8029,208.9599,0.2510,3.8000,-0.4500,3.4566,180.3402,357.4200,0.0000,0.0000,0.0000
14.264,566.3399,-0.8310,208.8909,0.2510,3.8000,-0.4500,3.3450,180.3454,357.1960,0.0000,0.0000,0.0000
14.376,566.0773,-0.8626,208.8039,0.2510,3.8000,-0.4500,3.3450,180.3454,357.1960,0.0000,0.0000,0.0000
14.487,565.8571,-0.8977,208.7316,0.2510,3.8000,-0.4500,3.1503,180.3555,356.9242,0.0000,0.0000,0.0000
14.598,565.5945,-0.9345,208.6400,0.2510,3.8000,-0.4500,3.1503,180.3555,356.9242,0.0000,0.0000,0.0000
14.709,565.3757,-0.9665,208.5620,0.2510,3.8000,-0.4500,3.1503,180.3555,356.9242,0.0000,0.0000,0.0000
14.820,565.1137,-1.0058,208.4676,0.2510,3.8000,-0.4500,3.1503,180.3555,356.9242,0.0000,0.0000,0.0000
14.931,564.8518,-1.0480,208.3736,0.2510,3.8000,-0.4500,3.0050,180.3634,356.8440,0.0000,0.0000,0.0000
15.043,564.6341,-1.0817,208.2943,0.2510,3.8000,-0.4500,2.9251,180.3678,356.8256,0.0000,0.0000,0.0000
15.153,564.3730,-1.1211,208.1988,0.2510,3.8000,-0.4500,2.8394,180.3726,356.8214,0.0000,0.0000,0.0000
15.265,564.1559,-1.1543,208.1204,0.2510,3.8000,-0.4500,2.5879,180.3866,356.8239,0.0000,0.0000,0.0000
15.375,563.8958,-1.1903,208.0242,0.2510,3.8000,-0.4500,2.5879,180.3866,356.8239,0.0000,0.0000,0.0000
15.487,563.6799,-1.2191,207.9462,0.2510,3.8000,-0.4500,2.3494,180.3996,356.9128,0.0000,0.0000,0.0000
15.598,563.4215,-1.2504,207.8537,0.2510,3.8000,-0.4500,2.0588,180.4149,357.0873,0.0000,0.0000,0.0000
15.709,563.1628,-1.2795,207.7623,0.2510,3.8000,-0.4500,1.9956,180.4181,357.1367,0.0000,0.0000,0.0000
15.820,562.9480,-1.3003,207.6893,0.2510,3.8000,-0.4500,1.8081,180.4272,357.3067,0.0000,0.0000,0.0000
15.932,562.6913,-1.3210,207.6056,0.2510,3.8000,-0.4500,1.5280,180.4396,357.6195,0.0000,0.0000,0.0000
16.043,562.4762,-1.3377,207.5386,0.2510,3.8000,-0.4500,1.4790,180.4416,357.6852,0.0000,0.0000,0.0000
16.153,562.2192,-1.3530,207.4635,0.2510,3.8000,-0.4500,1.3331,180.4473,357.8885,0.0000,0.0000,0.0000
16.264,562.0049,-1.3632,207.4049,0.2510,3.8000,-0.4500,1.2427,180.4505,358.0285,0.0000,0.0000,0.0000
16.373,561.7497,-1.3691,207.3401,0.2510,3.8000,-0.4500,1.0199,180.4574,358.4100,0.0000,0.0000,0.0000
16.487,561.5362,-1.3731,207.2898,0.2510,3.8000,-0.4500,0.9390,180.4596,358.5650,0.0000,0.0000,0.0000
16.597,561.2804,-1.3734,207.2349,0.2510,3.8000,-0.4500,0.8220,180.4623,358.7968,0.0000,0.0000,0.0000
16.708,561.0684,-1.3687,207.1931,0.2510,3.8000,-0.4500,0.6788,180.4649,359.1119,0.0000,0.0000,0.0000
16.820,560.8137,-1.3611,207.1450,0.2510,3.8000,-0.4500,0.5803,180.4662,359.3499,0.0000,0.0000,0.0000
16.930,560.5594,-1.3502,207.0988,0.2510,3.8000,-0.4500,0.5185,180.4668,359.5045,0.0000,0.0000,0.0000
17.042,560.3501,-1.3338,207.0616,0.2510,3.8000,-0.4500,0.3806,180.4675,359.8955,0.0000,0.0000,0.0000
17.153,560.0977,-1.3145,207.0156,0.2510,3.8000,-0.4500,0.3325,180.4676,0.0522,0.0000,0.0000,0.0000
17.264,559.8884,-1.2945,206.9761,0.2510,3.8000,-0.4500,0.2860,180.4675,0.2092,0.0000,0.0000,0.0000
17.374,559.6392,-1.2641,206.9270,0.2510,3.8000,-0.4500,0.2048,180.4669,0.5318,0.0000,0.0000,0.0000
17.485,559.4316,-1.2382,206.8828,0.2510,3.8000,-0.4500,0.1860,180.4668,0.6119,0.0000,0.0000,0.0000
17.597,559.1848,-1.2005,206.8257,0.2510,3.8000,-0.4500,0.1379,180.4661,0.8541,0.0000,0.0000,0.0000
17.709,558.9806,-1.1648,206.7748,0.2510,3.8000,-0.4500,0.0971,180.4654,1.1045,0.0000,0.0000,0.0000
17.820,558.7358,-1.1201,206.7102,0.2510,3.8000,-0.4500,0.0754,180.4650,1.2661,0.0000,0.0000,0.0000
17.931,558.4926,-1.0712,206.6433,0.2510,3.8000,-0.4500,0.0563,180.4646,1.4312,0.0000,0.0000,0.0000
18.043,558.2914,-1.0257,206.5862,0.2510,3.8000,-0.4500,0.0286,180.4638,1.6897,0.0000,0.0000,0.0000
18.153,558.0497,-0.9720,206.5167,0.2510,3.8000,-0.4500,0.0192,180.4635,1.7729,0.0000,0.0000,0.0000
18.262,557.8495,-0.9238,206.4599,0.2510,3.8000,-0.4500,-0.0045,180.4627,1.9329,0.0000,0.0000,0.0000
18.375,557.6105,-0.8634,206.3931,0.2510,3.8000,-0.4500,359.9414,180.4608,2.1778,0.0000,0.0000,0.0000
18.486,557.4111,-0.8139,206.3369,0.2510,3.8000,-0.4500,359.9221,180.4601,2.2566,0.0000,0.0000,0.0000
18.597,557.1724,-0.7540,206.2686,0.2510,3.8000,-0.4500,359.8915,180.4588,2.3359,0.0000,0.0000,0.0000
18.709,556.9746,-0.7024,206.2107,0.2510,3.8000,-0.4500,359.8273,180.4561,2.4933,0.0000,0.0000,0.0000
18.824,556.7371,-0.6423,206.1390,0.2510,3.8000,-0.4500,359.7880,180.4544,2.5653,0.0000,0.0000,0.0000
18.935,556.5011,-0.5820,206.0660,0.2510,3.8000,-0.4500,359.7012,180.4504,2.7060,0.0000,0.0000,0.0000
19.046,556.3049,-0.5326,206.0044,0.2510,3.8000,-0.4500,359.5952,180.4453,2.8330,0.0000,0.0000,0.0000
19.157,556.0695,-0.4753,205.9292,0.2510,3.8000,-0.4500,359.4749,180.4392,2.9483,0.0000,0.0000,0.0000
19.268,555.8726,-0.4298,205.8643,0.2510,3.8000,-0.4500,359.4749,180.4392,2.9483,0.0000,0.0000,0.0000
19.380,555.6384,-0.3763,205.7870,0.2510,3.8000,-0.4500,359.1904,180.4240,3.1375,0.0000,0.0000,0.0000
19.506,555.4032,-0.3265,205.7054,0.2510,3.8000,-0.4500,359.1904,180.4240,3.1375,0.0000,0.0000,0.0000
19.612,555.1679,-0.2799,205.6231,0.2510,3.8000,-0.4500,359.0417,180.4158,3.1968,0.0000,0.0000,0.0000
19.723,554.9720,-0.2440,205.5541,0.2510,3.8000,-0.4500,358.8826,180.4069,3.2431,0.0000,0.0000,0.0000
19.846,554.7366,-0.2042,205.4704,0.2510,3.8000,-0.4500,358.8039,180.4024,3.2591,0.0000,0.0000,0.0000
19.960,554.5009,-0.1697,205.3880,0.2510,3.8000,-0.4500,358.5522,180.3880,3.2838,0.0000,0.0000,0.0000
20.070,554.2643,-0.1394,205.3051,0.2510,3.8000,-0.4500,358.3858,180.3784,3.2787,0.0000,0.0000,0.0000
20.181,554.0668,-0.1190,205.2370,0.2510,3.8000,-0.4500,358.1389,180.3643,3.2494,0.0000,0.0000,0.0000
20.292,553.8293,-0.0970,205.1543,0.2510,3.8000,-0.4500,358.0568,180.3597,3.2290,0.0000,0.0000,0.0000
20.400,553.6305,-0.0849,205.0869,0.2510,3.8000,-0.4500,357.8127,180.3461,3.1611,0.0000,0.0000,0.0000
20.513,553.3917,-0.0726,205.0051,0.2510,3.8000,-0.4500,357.7327,180.3417,3.1272,0.0000,0.0000,0.0000
20.626,553.1913,-0.0704,204.9388,0.2510,3.8000,-0.4500,357.4210,180.3250,2.9840,0.0000,0.0000,0.0000
20.737,552.9512,-0.0670,204.8581,0.2510,3.8000,-0.4500,357.4210,180.3250,2.9840,0.0000,0.0000,0.0000
20.848,552.7490,-0.0741,204.7932,0.2510,3.8000,-0.4500,357.1253,180.3101,2.7883,0.0000,0.0000,0.0000
20.959,552.5068,-0.0825,204.7154,0.2510,3.8000,-0.4500,357.0568,180.3068,2.7401,0.0000,0.0000,0.0000
21.070,552.2628,-0.0997,204.6403,0.2510,3.8000,-0.4500,356.8631,180.2978,2.5736,0.0000,0.0000,0.0000
21.179,552.0583,-0.1195,204.5795,0.2510,3.8000,-0.4500,356.6821,180.2899,2.3921,0.0000,0.0000,0.0000
21.292,551.8134,-0.1446,204.5082,0.2510,3.8000,-0.4500,356.6248,180.2875,2.3321,0.0000,0.0000,0.0000
21.399,551.6066,-0.1750,204.4516,0.2510,3.8000,-0.4500,356.4118,180.2793,2.0630,0.0000,0.0000,0.0000
21.501,551.4005,-0.2047,204.3967,0.2510,3.8000,-0.4500,356.3657,180.2777,1.9953,0.0000,0.0000,0.0000
21.613,551.1511,-0.2486,204.3350,0.2510,3.8000,-0.4500,356.2332,180.2733,1.7825,0.0000,0.0000,0.0000
21.723,550.9422,-0.2903,204.2870,0.2510,3.8000,-0.4500,356.1155,180.2699,1.5641,0.0000,0.0000,0.0000
21.834,550.6918,-0.3414,204.2332,0.2510,3.8000,-0.4500,356.0818,180.2690,1.4882,0.0000,0.0000,0.0000
21.945,550.4815,-0.3900,204.1914,0.2510,3.8000,-0.4500,356.0161,180.2673,1.3337,0.0000,0.0000,0.0000
22.056,550.2279,-0.4539,204.1442,0.2510,3.8000,-0.4500,355.9341,180.2656,1.0964,0.0000,0.0000,0.0000
22.167,550.0155,-0.5117,204.1071,0.2510,3.8000,-0.4500,355.8710,180.2645,0.8554,0.0000,0.0000,0.0000
22.279,549.7612,-0.5812,204.0647,0.2510,3.8000,-0.4500,355.8562,180.2643,0.7723,0.0000,0.0000,0.0000
22.388,549.5477,-0.6458,204.0307,0.2510,3.8000,-0.4500,355.8169,180.2639,0.5227,0.0000,0.0000,0.0000
22.498,549.2920,-0.7228,203.9909,0.2510,3.8000,-0.4500,355.8125,180.2638,0.4358,0.0000,0.0000,0.0000
22.612,549.0348,-0.8065,203.9515,0.2510,3.8000,-0.4500,355.8058,180.2638,0.1764,0.0000,0.0000,0.0000
22.723,548.8201,-0.8776,203.9189,0.2510,3.8000,-0.4500,355.8149,180.2638,0.0122,0.0000,0.0000,0.0000
22.834,548.5623,-0.9650,203.8798,0.2510,3.8000,-0.4500,355.8341,180.2638,359.8450,0.0000,0.0000,0.0000
22.945,548.3466,-1.0413,203.8465,0.2510,3.8000,-0.4500,355.8822,180.2635,359.5975,0.0000,0.0000,0.0000
23.056,548.0889,-1.1312,203.8064,0.2510,3.8000,-0.4500,355.9006,180.2634,359.5166,0.0000,0.0000,0.0000
23.167,547.8727,-1.2099,203.7717,0.2510,3.8000,-0.4500,355.9785,180.2626,359.2793,0.0000,0.0000,0.0000
23.278,547.6136,-1.3042,203.7289,0.2510,3.8000,-0.4500,356.0818,180.2610,359.0497,0.0000,0.0000,0.0000
23.389,547.3983,-1.3817,203.6924,0.2510,3.8000,-0.4500,356.1170,180.2604,358.9765,0.0000,0.0000,0.0000
23.499,547.1400,-1.4745,203.6465,0.2510,3.8000,-0.4500,356.1577,180.2597,358.9083,0.0000,0.0000,0.0000
23.612,546.8799,-1.5694,203.5973,0.2510,3.8000,-0.4500,356.3583,180.2554,358.6296,0.0000,0.0000,0.0000
23.723,546.6644,-1.6457,203.5549,0.2510,3.8000,-0.4500,356.4152,180.2540,358.5691,0.0000,0.0000,0.0000
23.834,546.4055,-1.7365,203.5015,0.2510,3.8000,-0.4500,356.5323,180.2509,358.4497,0.0000,0.0000,0.0000
23.945,546.1894,-1.8104,203.4548,0.2510,3.8000,-0.4500,356.6619,180.2473,358.3467,0.0000,0.0000,0.0000
24.056,545.9306,-1.8965,203.3968,0.2510,3.8000,-0.4500,356.8000,180.2432,358.2490,0.0000,0.0000,0.0000
24.168,545.7149,-1.9656,203.3457,0.2510,3.8000,-0.4500,357.0145,180.2364,358.1335,0.0000,0.0000,0.0000
24.279,545.4565,-2.0443,203.2827,0.2510,3.8000,-0.4500,357.1740,180.2311,358.0810,0.0000,0.0000,0.0000
24.387,545.2415,-2.1068,203.2289,0.2510,3.8000,-0.4500,357.2543,180.2284,358.0571,0.0000,0.0000,0.0000
24.501,544.9835,-2.1757,203.1610,0.2510,3.8000,-0.4500,357.5924,180.2168,358.0117,0.0000,0.0000,0.0000
24.612,544.7260,-2.2402,203.0924,0.2510,3.8000,-0.4500,357.7622,180.2109,358.0135,0.0000,0.0000,0.0000
24.724,544.5111,-2.2898,203.0342,0.2510,3.8000,-0.4500,357.9304,180.2050,358.0197,0.0000,0.0000,0.0000
24.834,544.2539,-2.3428,202.9623,0.2510,3.8000,-0.4500,358.2697,180.1934,358.0631,0.0000,0.0000,0.0000
24.945,544.0394,-2.3852,202.9028,0.2510,3.8000,-0.4500,358.3518,180.1906,358.0778,0.0000,0.0000,0.0000
25.056,543.7828,-2.4287,202.8290,0.2510,3.8000,-0.4500,358.6772,180.1799,358.1423,0.0000,0.0000,0.0000
25.168,543.5687,-2.4634,202.7681,0.2510,3.8000,-0.4500,358.7591,180.1772,358.1614,0.0000,0.0000,0.0000
25.278,543.3120,-2.4978,202.6926,0.2510,3.8000,-0.4500,359.0835,180.1671,358.2393,0.0000,0.0000,0.0000
25.389,543.0981,-2.5252,202.6302,0.2510,3.8000,-0.4500,359.1636,180.1646,358.2604,0.0000,0.0000,0.0000
25.500,542.8415,-2.5521,202.5535,0.2510,3.8000,-0.4500,359.4056,180.1574,358.3248,0.0000,0.0000,0.0000
25.611,542.5854,-2.5745,202.4767,0.2510,3.8000,-0.4500,359.6529,180.1503,358.3934,0.0000,0.0000,0.0000
25.723,542.3714,-2.5916,202.4142,0.2510,3.8000,-0.4500,359.7331,180.1481,358.4157,0.0000,0.0000,0.0000
25.834,542.1147,-2.6067,202.3389,0.2510,3.8000,-0.4500,359.9693,180.1417,358.4828,0.0000,0.0000,0.0000
25.945,541.9006,-2.6180,202.2778,0.2510,3.8000,-0.4500,0.0495,180.1396,358.5058,0.0000,0.0000,0.0000
26.056,541.6437,-2.6274,202.2053,0.2510,3.8000,-0.4500,0.2090,180.1355,358.5516,0.0000,0.0000,0.0000
26.167,541.4296,-2.6325,202.1459,0.2510,3.8000,-0.4500,0.3658,180.1316,358.5968,0.0000,0.0000,0.0000
26.279,541.1727,-2.6353,202.0752,0.2510,3.8000,-0.4500,0.5995,180.1260,358.6642,0.0000,0.0000,0.0000
26.389,540.9152,-2.6385,202.0070,0.2510,3.8000,-0.4500,0.5995,180.1260,358.6642,0.0000,0.0000,0.0000
26.500,540.7007,-2.6382,201.9501,0.2510,3.8000,-0.4500,0.6787,180.1241,358.6870,0.0000,0.0000,0.0000
26.613,540.4437,-2.6353,201.8816,0.2510,3.8000,-0.4500,0.8355,180.1206,358.7321,0.0000,0.0000,0.0000
26.723,540.2291,-2.6331,201.8244,0.2510,3.8000,-0.4500,0.8355,180.1206,358.7321,0.0000,0.0000,0.0000
26.834,539.9724,-2.6282,201.7535,0.2510,3.8000,-0.4500,0.9141,180.1189,358.7549,0.0000,0.0000,0.0000
26.946,539.7582,-2.6230,201.6931,0.2510,3.8000,-0.4500,0.9923,180.1172,358.7775,0.0000,0.0000,0.0000
27.055,539.5015,-2.6171,201.6201,0.2510,3.8000,-0.4500,0.9923,180.1172,358.7775,0.0000,0.0000,0.0000
27.167,539.2877,-2.6117,201.5597,0.2510,3.8000,-0.4500,0.9923,180.1172,358.7775,0.0000,0.0000,0.0000
27.279,539.0309,-2.6047,201.4884,0.2510,3.8000,-0.4500,0.9923,180.1172,358.7775,0.0000,0.0000,0.0000
27.387,538.8172,-2.5975,201.4295,0.2510,3.8000,-0.4500,1.0686,180.1156,358.8014,0.0000,0.0000,0.0000
27.501,538.5605,-2.5900,201.3604,0.2510,3.8000,-0.4500,1.0686,180.1156,358.8014,0.0000,0.0000,0.0000
27.612,538.3038,-2.5825,201.2918,0.2510,3.8000,-0.4500,1.0686,180.1156,358.8014,0.0000,0.0000,0.0000
27.723,538.0898,-2.5764,201.2348,0.2510,3.8000,-0.4500,1.0686,180.1156,358.8013,0.0000,0.0000,0.0000
27.834,537.8331,-2.5693,201.1665,0.2510,3.8000,-0.4500,1.0686,180.1156,358.8013,0.0000,0.0000,0.0000
27.945,537.6192,-2.5637,201.1099,0.2510,3.8000,-0.4500,1.0686,180.1156,358.8013,0.0000,0.0000,0.0000
28.056,537.3625,-2.5573,201.0423,0.2510,3.8000,-0.4500,1.0686,180.1156,358.8013,0.0000,0.0000,0.0000
28.168,537.1486,-2.5523,200.9862,0.2510,3.8000,-0.4500,1.0686,180.1156,358.8013,0.0000,0.0000,0.0000
28.278,536.8918,-2.5467,200.9190,0.2510,3.8000,-0.4500,1.0686,180.1156,358.8013,0.0000,0.0000,0.0000
28.390,536.6354,-2.5414,200.8519,0.2510,3.8000,-0.4500,1.0686,180.1156,358.8013,0.0000,0.0000,0.0000
28.500,536.4218,-2.5372,200.7961,0.2510,3.8000,-0.4500,1.0686,180.1156,358.8013,0.0000,0.0000,0.0000
28.612,536.1654,-2.5323,200.7305,0.2510,3.8000,-0.4500,1.0686,180.1156,358.8013,0.0000,0.0000,0.0000
28.723,535.9518,-2.5283,200.6772,0.2510,3.8000,-0.4500,1.0686,180.1156,358.8013,0.0000,0.0000,0.0000
28.834,535.6954,-2.5233,200.6150,0.2510,3.8000,-0.4500,1.0686,180.1156,358.8013,0.0000,0.0000,0.0000
28.945,535.4819,-2.5190,200.5642,0.2510,3.8000,-0.4500,1.0686,180.1156,358.8013,0.0000,0.0000,0.0000
29.056,535.2256,-2.5133,200.5057,0.2510,3.8000,-0.4500,1.0686,180.1156,358.8013,0.0000,0.0000,0.0000
29.167,535.0119,-2.5081,200.4594,0.2510,3.8000,-0.4500,1.0686,180.1156,358.8013,0.0000,0.0000,0.0000
29.278,534.7554,-2.5010,200.4065,0.2510,3.8000,-0.4500,1.0686,180.1156,358.8013,0.0000,0.0000,0.0000
29.390,534.4992,-2.4929,200.3522,0.2510,3.8000,-0.4500,1.0686,180.1156,358.8013,0.0000,0.0000,0.0000
29.501,534.2872,-2.4823,200.3019,0.2510,3.8000,-0.4500,1.0623,180.1157,358.9647,0.0000,0.0000,0.0000
29.612,534.0334,-2.4704,200.2358,0.2510,3.8000,-0.4500,1.0585,180.1158,359.0443,0.0000,0.0000,0.0000
29.723,533.8212,-2.4602,200.1815,0.2510,3.8000,-0.4500,1.0585,180.1158,359.0443,0.0000,0.0000,0.0000
29.834,533.5668,-2.4432,200.1344,0.2510,3.8000,-0.4500,1.0411,180.1161,359.2071,0.0000,0.0000,0.0000
29.945,533.3540,-2.4279,200.1198,0.2510,3.8000,-0.4500,1.0314,180.1162,359.2897,0.0000,0.0000,0.0000
30.056,533.0986,-2.4073,200.1220,0.2510,3.8000,-0.4500,1.0216,180.1163,359.3725,0.0000,0.0000,0.0000
30.167,532.8868,-2.3850,200.1257,0.2510,3.8000,-0.4500,0.9942,180.1165,359.6244,0.0000,0.0000,0.0000
30.279,532.6308,-2.3610,200.1181,0.2510,3.8000,-0.4500,0.9942,180.1165,359.6244,0.0000,0.0000,0.0000
30.389,532.4200,-2.3348,200.1029,0.2510,3.8000,-0.4500,0.9712,180.1167,359.8686,0.0000,0.0000,0.0000
30.501,532.1658,-2.3059,200.0769,0.2510,3.8000,-0.4500,0.9712,180.1167,359.8686,0.0000,0.0000,0.0000
30.612,531.9139,-2.2699,200.0471,0.2510,3.8000,-0.4500,0.9494,180.1167,0.1181,0.0000,0.0000,0.0000
30.723,531.7040,-2.2385,200.0213,0.2510,3.8000,-0.4500,0.9348,180.1166,0.2779,0.0000,0.0000,0.0000
30.834,531.4517,-2.2000,199.9898,0.2510,3.8000,-0.4500,0.9263,180.1166,0.3591,0.0000,0.0000,0.0000
30.945,531.2430,-2.1643,199.9618,0.2510,3.8000,-0.4500,0.9088,180.1164,0.5214,0.0000,0.0000,0.0000
31.056,530.9938,-2.1185,199.9239,0.2510,3.8000,-0.4500,0.8742,180.1160,0.7618,0.0000,0.0000,0.0000
31.167,530.7854,-2.0817,199.8885,0.2510,3.8000,-0.4500,0.8742,180.1160,0.7618,0.0000,0.0000,0.0000
31.278,530.5383,-2.0318,199.8426,0.2510,3.8000,-0.4500,0.8243,180.1153,1.0015,0.0000,0.0000,0.0000
31.389,530.3328,-1.9894,199.8024,0.2510,3.8000,-0.4500,0.7843,180.1145,1.1569,0.0000,0.0000,0.0000
31.500,530.0856,-1.9395,199.7524,0.2510,3.8000,-0.4500,0.7843,180.1145,1.1569,0.0000,0.0000,0.0000
31.612,529.8411,-1.8841,199.7019,0.2510,3.8000,-0.4500,0.7089,180.1128,1.3986,0.0000,0.0000,0.0000
31.723,529.6376,-1.8373,199.6586,0.2510,3.8000,-0.4500,0.6512,180.1113,1.5564,0.0000,0.0000,0.0000
31.834,529.3937,-1.7813,199.6045,0.2510,3.8000,-0.4500,0.6220,180.1105,1.6341,0.0000,0.0000,0.0000
31.945,529.1923,-1.7314,199.5584,0.2510,3.8000,-0.4500,0.5238,180.1075,1.8612,0.0000,0.0000,0.0000
32.056,528.9496,-1.6743,199.5000,0.2510,3.8000,-0.4500,0.5238,180.1075,1.8612,0.0000,0.0000,0.0000
32.167,528.7496,-1.6230,199.4505,0.2510,3.8000,-0.4500,0.4095,180.1036,2.0833,0.0000,0.0000,0.0000
32.280,528.5086,-1.5635,199.3878,0.2510,3.8000,-0.4500,0.3694,180.1021,2.1522,0.0000,0.0000,0.0000
32.389,528.3093,-1.5125,199.3341,0.2510,3.8000,-0.4500,0.2817,180.0987,2.2912,0.0000,0.0000,0.0000
32.500,528.0706,-1.4516,199.2674,0.2510,3.8000,-0.4500,0.1825,180.0946,2.4277,0.0000,0.0000,0.0000
32.612,527.8322,-1.3916,199.1976,0.2510,3.8000,-0.4500,0.1328,180.0925,2.4942,0.0000,0.0000,0.0000
32.723,527.6349,-1.3405,199.1384,0.2510,3.8000,-0.4500,359.9675,180.0850,2.6806,0.0000,0.0000,0.0000
32.834,527.3975,-1.2820,199.0636,0.2510,3.8000,-0.4500,359.9675,180.0850,2.6806,0.0000,0.0000,0.0000
32.945,527.2012,-1.2324,199.0009,0.2510,3.8000,-0.4500,359.7798,180.0759,2.8510,0.0000,0.0000,0.0000
33.056,526.9646,-1.1755,198.9221,0.2510,3.8000,-0.4500,359.7798,180.0759,2.8509,0.0000,0.0000,0.0000
33.167,526.7686,-1.1284,198.8559,0.2510,3.8000,-0.4500,359.6446,180.0691,2.9512,0.0000,0.0000,0.0000
33.279,526.5339,-1.0733,198.7751,0.2510,3.8000,-0.4500,359.4403,180.0583,3.0832,0.0000,0.0000,0.0000
33.389,526.2991,-1.0207,198.6910,0.2510,3.8000,-0.4500,359.4403,180.0583,3.0832,0.0000,0.0000,0.0000
33.501,526.1042,-0.9782,198.6217,0.2510,3.8000,-0.4500,359.2121,180.0458,3.1930,0.0000,0.0000,0.0000
33.611,525.8698,-0.9294,198.5354,0.2510,3.8000,-0.4500,359.2121,180.0458,3.1930,0.0000,0.0000,0.0000
33.723,525.6749,-0.8913,198.4649,0.2510,3.8000,-0.4500,358.8859,180.0273,3.3026,0.0000,0.0000,0.0000
33.834,525.4401,-0.8471,198.3765,0.2510,3.8000,-0.4500,358.8859,180.0273,3.3026,0.0000,0.0000,0.0000
33.945,525.2448,-0.8137,198.3039,0.2510,3.8000,-0.4500,358.6370,180.0128,3.3508,0.0000,0.0000,0.0000
34.056,525.0100,-0.7755,198.2150,0.2510,3.8000,-0.4500,358.5572,180.0081,3.3605,0.0000,0.0000,0.0000
34.167,524.8143,-0.7471,198.1418,0.2510,3.8000,-0.4500,358.3944,179.9986,3.3735,0.0000,0.0000,0.0000
34.278,524.5793,-0.7166,198.0541,0.2510,3.8000,-0.4500,358.2269,179.9887,3.3727,0.0000,0.0000,0.0000
34.390,524.3433,-0.6910,197.9675,0.2510,3.8000,-0.4500,357.9807,179.9742,3.3547,0.0000,0.0000,0.0000
34.501,524.1463,-0.6718,197.8952,0.2510,3.8000,-0.4500,357.9003,179.9695,3.3463,0.0000,0.0000,0.0000
34.623,523.9090,-0.6549,197.8102,0.2510,3.8000,-0.4500,357.6460,179.9547,3.2949,0.0000,0.0000,0.0000
34.723,523.7108,-0.6429,197.7393,0.2510,3.8000,-0.4500,357.5639,179.9500,3.2768,0.0000,0.0000,0.0000
34.844,523.4719,-0.6361,197.6560,0.2510,3.8000,-0.4500,357.2365,179.9315,3.1787,0.0000,0.0000,0.0000
34.959,523.2333,-0.6310,197.5718,0.2510,3.8000,-0.4500,357.1586,179.9272,3.1503,0.0000,0.0000,0.0000
35.070,522.9935,-0.6321,197.4894,0.2510,3.8000,-0.4500,357.0019,179.9186,3.0914,0.0000,0.0000,0.0000
35.179,522.7926,-0.6400,197.4235,0.2510,3.8000,-0.4500,356.6898,179.9021,2.9550,0.0000,0.0000,0.0000
35.292,522.5516,-0.6495,197.3453,0.2510,3.8000,-0.4500,356.6167,179.8984,2.9218,0.0000,0.0000,0.0000
35.403,522.3494,-0.6643,197.2831,0.2510,3.8000,-0.4500,356.3925,179.8871,2.8042,0.0000,0.0000,0.0000
35.514,522.1062,-0.6849,197.2106,0.2510,3.8000,-0.4500,356.2464,179.8801,2.7213,0.0000,0.0000,0.0000
35.625,521.9028,-0.7064,197.1525,0.2510,3.8000,-0.4500,356.1045,179.8734,2.6369,0.0000,0.0000,0.0000
35.737,521.6581,-0.7364,197.0854,0.2510,3.8000,-0.4500,355.9651,179.8671,2.5480,0.0000,0.0000,0.0000
35.848,521.4539,-0.7655,197.0317,0.2510,3.8000,-0.4500,355.8284,179.8611,2.4585,0.0000,0.0000,0.0000
35.956,521.2078,-0.8041,196.9693,0.2510,3.8000,-0.4500,355.6992,179.8556,2.3665,0.0000,0.0000,0.0000
36.056,521.0021,-0.8387,196.9188,0.2510,3.8000,-0.4500,355.6328,179.8529,2.3163,0.0000,0.0000,0.0000
36.167,520.7958,-0.8775,196.8701,0.2510,3.8000,-0.4500,355.5014,179.8477,2.2156,0.0000,0.0000,0.0000
36.279,520.5483,-0.9253,196.8132,0.2510,3.8000,-0.4500,355.4406,179.8454,2.1655,0.0000,0.0000,0.0000
36.390,520.2997,-0.9778,196.7585,0.2510,3.8000,-0.4500,355.3185,179.8409,2.0596,0.0000,0.0000,0.0000
36.500,520.0928,-1.0214,196.7139,0.2510,3.8000,-0.4500,355.3185,179.8409,2.0596,0.0000,0.0000,0.0000
36.612,519.8433,-1.0785,196.6620,0.2510,3.8000,-0.4500,355.2030,179.8368,1.9475,0.0000,0.0000,0.0000
36.723,519.6357,-1.1249,196.6193,0.2510,3.8000,-0.4500,355.2030,179.8368,1.9475,0.0000,0.0000,0.0000
36.834,519.3865,-1.1817,196.5690,0.2510,3.8000,-0.4500,355.2030,179.8368,1.9475,0.0000,0.0000,0.0000
36.945,519.1784,-1.2294,196.5274,0.2510,3.8000,-0.4500,355.2030,179.8368,1.9475,0.0000,0.0000,0.0000
37.056,518.9285,-1.2866,196.4778,0.2510,3.8000,-0.4500,355.2030,179.8368,1.9475,0.0000,0.0000,0.0000
37.167,518.7202,-1.3337,196.4366,0.2510,3.8000,-0.4500,355.2030,179.8368,1.9475,0.0000,0.0000,0.0000
37.276,518.4700,-1.3891,196.3873,0.2510,3.8000,-0.4500,355.2030,179.8368,1.9475,0.0000,0.0000,0.0000
37.376,518.2619,-1.4337,196.3463,0.2510,3.8000,-0.4500,355.2030,179.8368,1.9475,0.0000,0.0000,0.0000
37.486,518.0538,-1.4767,196.3052,0.2510,3.8000,-0.4500,355.2030,179.8368,1.9475,0.0000,0.0000,0.0000
37.596,517.8043,-1.5255,196.2559,0.2510,3.8000,-0.4500,355.2030,179.8368,1.9475,0.0000,0.0000,0.0000
37.708,517.5965,-1.5635,196.2146,0.2510,3.8000,-0.4500,355.2030,179.8368,1.9475,0.0000,0.0000,0.0000
37.819,517.3475,-1.6052,196.1647,0.2510,3.8000,-0.4500,355.2030,179.8368,1.9475,0.0000,0.0000,0.0000
37.930,517.0989,-1.6424,196.1146,0.2510,3.8000,-0.4500,355.2030,179.8368,1.9475,0.0000,0.0000,0.0000
38.041,516.8920,-1.6693,196.0726,0.2510,3.8000,-0.4500,355.2030,179.8368,1.9474,0.0000,0.0000,0.0000
38.152,516.6445,-1.6966,196.0217,0.2510,3.8000,-0.4500,355.2030,179.8368,1.9474,0.0000,0.0000,0.0000
38.263,516.4385,-1.7140,195.9786,0.2510,3.8000,-0.4500,355.2858,179.8396,1.9472,0.0000,0.0000,0.0000
38.374,516.1926,-1.7276,195.9251,0.2510,3.8000,-0.4500,355.5362,179.8482,1.9637,0.0000,0.0000,0.0000
38.485,515.9883,-1.7327,195.8793,0.2510,3.8000,-0.4500,355.7828,179.8568,2.0205,0.0000,0.0000,0.0000
38.597,515.7440,-1.7339,195.8233,0.2510,3.8000,-0.4500,355.9445,179.8626,2.0750,0.0000,0.0000,0.0000
38.708,515.5421,-1.7250,195.7733,0.2510,3.8000,-0.4500,356.3421,179.8776,2.2460,0.0000,0.0000,0.0000
38.819,515.3001,-1.7126,195.7116,0.2510,3.8000,-0.4500,356.4889,179.8835,2.3254,0.0000,0.0000,0.0000
38.930,515.0597,-1.6914,195.6456,0.2510,3.8000,-0.4500,356.7089,179.8927,2.4523,0.0000,0.0000,0.0000
39.041,514.8605,-1.6672,195.5872,0.2510,3.8000,-0.4500,356.9334,179.9026,2.5950,0.0000,0.0000,0.0000
39.152,514.6228,-1.6324,195.5126,0.2510,3.8000,-0.4500,357.1480,179.9126,2.7354,0.0000,0.0000,0.0000
39.263,514.4265,-1.5959,195.4460,0.2510,3.8000,-0.4500,357.4237,179.9262,2.9274,0.0000,0.0000,0.0000
39.374,514.1907,-1.5510,195.3626,0.2510,3.8000,-0.4500,357.4902,179.9296,2.9743,0.0000,0.0000,0.0000
39.485,513.9968,-1.5037,195.2877,0.2510,3.8000,-0.4500,357.7804,179.9453,3.1869,0.0000,0.0000,0.0000
39.597,513.7639,-1.4454,195.1932,0.2510,3.8000,-0.4500,357.9170,179.9530,3.2878,0.0000,0.0000,0.0000
39.708,513.5718,-1.3902,195.1099,0.2510,3.8000,-0.4500,358.1263,179.9653,3.4453,0.0000,0.0000,0.0000
39.819,513.3420,-1.3214,195.0064,0.2510,3.8000,-0.4500,358.2607,179.9735,3.5468,0.0000,0.0000,0.0000
39.930,513.1138,-1.2463,194.8989,0.2510,3.8000,-0.4500,358.4520,179.9856,3.6920,0.0000,0.0000,0.0000
40.041,512.9241,-1.1821,194.8077,0.2510,3.8000,-0.4500,358.5199,179.9901,3.7435,0.0000,0.0000,0.0000
40.152,512.6979,-1.0989,194.6953,0.2510,3.8000,-0.4500,358.7201,180.0034,3.8949,0.0000,0.0000,0.0000
40.263,512.5095,-1.0289,194.6006,0.2510,3.8000,-0.4500,358.7854,180.0079,3.9437,0.0000,0.0000,0.0000
40.375,512.2841,-0.9425,194.4852,0.2510,3.8000,-0.4500,358.8510,180.0124,3.9925,0.0000,0.0000,0.0000
40.486,512.0970,-0.8670,194.3875,0.2510,3.8000,-0.4500,358.9860,180.0220,4.0903,0.0000,0.0000,0.0000
40.597,511.8723,-0.7781,194.2693,0.2510,3.8000,-0.4500,358.9860,180.0220,4.0903,0.0000,0.0000,0.0000
40.708,511.6853,-0.7029,194.1697,0.2510,3.8000,-0.4500,358.9860,180.0220,4.0903,0.0000,0.0000,0.0000
40.819,511.4621,-0.6096,194.0484,0.2510,3.8000,-0.4500,359.1237,180.0320,4.1809,0.0000,0.0000,0.0000
40.930,511.2380,-0.5189,193.9267,0.2510,3.8000,-0.4500,359.1237,180.0320,4.1809,0.0000,0.0000,0.0000
41.041,511.0515,-0.4439,193.8247,0.2510,3.8000,-0.4500,359.1237,180.0320,4.1809,0.0000,0.0000,0.0000
41.152,510.8275,-0.3551,193.7021,0.2510,3.8000,-0.4500,359.1237,180.0320,4.1809,0.0000,0.0000,0.0000
41.263,510.6404,-0.2826,193.5997,0.2510,3.8000,-0.4500,359.1237,180.0320,4.1809,0.0000,0.0000,0.0000
41.374,510.4158,-0.1980,193.4765,0.2510,3.8000,-0.4500,359.1237,180.0320,4.1809,0.0000,0.0000,0.0000
41.483,510.2281,-0.1299,193.3736,0.2510,3.8000,-0.4500,359.1237,180.0320,4.1809,0.0000,0.0000,0.0000
41.597,510.0023,-0.0516,193.2500,0.2510,3.8000,-0.4500,359.1237,180.0320,4.1809,0.0000,0.0000,0.0000
41.708,509.8136,0.0103,193.1470,0.2510,3.8000,-0.4500,359.1237,180.0320,4.1809,0.0000,0.0000,0.0000
41.819,509.5862,0.0801,193.0235,0.2510,3.8000,-0.4500,359.1237,180.0320,4.1809,0.0000,0.0000,0.0000
41.930,509.3579,0.1446,192.9002,0.2510,3.8000,-0.4500,359.1237,180.0320,4.1809,0.0000,0.0000,0.0000
42.041,509.1669,0.1938,192.7975,0.2510,3.8000,-0.4500,359.1237,180.0320,4.1809,0.0000,0.0000,0.0000
42.152,508.9352,0.2441,192.6747,0.2510,3.8000,-0.4500,359.0895,180.0295,4.0141,0.0000,0.0000,0.0000
42.263,508.7402,0.2787,192.5741,0.2510,3.8000,-0.4500,359.0263,180.0252,3.7683,0.0000,0.0000,0.0000
42.374,508.5052,0.3148,192.4565,0.2510,3.8000,-0.4500,358.9317,180.0192,3.5356,0.0000,0.0000,0.0000
42.485,508.3077,0.3383,192.3611,0.2510,3.8000,-0.4500,358.8150,180.0122,3.3024,0.0000,0.0000,0.0000
42.597,508.0696,0.3607,192.2505,0.2510,3.8000,-0.4500,358.6959,180.0056,3.0831,0.0000,0.0000,0.0000
42.708,507.8691,0.3712,192.1630,0.2510,3.8000,-0.4500,358.5256,179.9968,2.8056,0.0000,0.0000,0.0000
42.819,507.6273,0.3776,192.0635,0.2510,3.8000,-0.4500,358.3410,179.9882,2.5295,0.0000,0.0000,0.0000
42.930,507.3847,0.3791,191.9696,0.2510,3.8000,-0.4500,358.2449,179.9841,2.3923,0.0000,0.0000,0.0000
43.041,507.1795,0.3688,191.8977,0.2510,3.8000,-0.4500,357.9957,179.9744,2.0452,0.0000,0.0000,0.0000
43.152,506.9336,0.3555,191.8183,0.2510,3.8000,-0.4500,357.8952,179.9709,1.9102,0.0000,0.0000,0.0000
43.264,506.7267,0.3364,191.7586,0.2510,3.8000,-0.4500,357.7439,179.9662,1.7089,0.0000,0.0000,0.0000
43.374,506.4772,0.3074,191.6937,0.2510,3.8000,-0.4500,357.5883,179.9618,1.5074,0.0000,0.0000,0.0000
43.486,506.2674,0.2754,191.6462,0.2510,3.8000,-0.4500,357.3819,179.9568,1.2455,0.0000,0.0000,0.0000
43.596,506.0159,0.2366,191.5953,0.2510,3.8000,-0.4500,357.3291,179.9557,1.1807,0.0000,0.0000,0.0000
43.707,505.8045,0.1960,191.5583,0.2510,3.8000,-0.4500,357.1689,179.9527,0.9860,0.0000,0.0000,0.0000
43.819,505.5505,0.1446,191.5186,0.2510,3.8000,-0.4500,357.0573,179.9509,0.8570,0.0000,0.0000,0.0000
43.930,505.2957,0.0883,191.4835,0.2510,3.8000,-0.4500,356.9473,179.9493,0.7314,0.0000,0.0000,0.0000
44.041,505.0831,0.0394,191.4570,0.2510,3.8000,-0.4500,356.8916,179.9487,0.6726,0.0000,0.0000,0.0000
44.152,504.8273,-0.0234,191.4271,0.2510,3.8000,-0.4500,356.7779,179.9474,0.5577,0.0000,0.0000,0.0000
44.263,504.6145,-0.0749,191.4023,0.2510,3.8000,-0.4500,356.7779,179.9474,0.5577,0.0000,0.0000,0.0000
44.374,504.3590,-0.1378,191.3726,0.2510,3.8000,-0.4500,356.7779,179.9474,0.5577,0.0000,0.0000,0.0000
44.485,504.1455,-0.1933,191.3472,0.2510,3.8000,-0.4500,356.6458,179.9463,0.4584,0.0000,0.0000,0.0000
44.597,503.8907,-0.2558,191.3127,0.2510,3.8000,-0.4500,356.6458,179.9463,0.4584,0.0000,0.0000,0.0000
44.707,503.6787,-0.3067,191.2811,0.2510,3.8000,-0.4500,356.6458,179.9463,0.4584,0.0000,0.0000,0.0000
44.818,503.4248,-0.3657,191.2404,0.2510,3.8000,-0.4500,356.6458,179.9463,0.4584,0.0000,0.0000,0.0000
44.930,503.1715,-0.4221,191.1970,0.2510,3.8000,-0.4500,356.6458,179.9463,0.4584,0.0000,0.0000,0.0000
45.041,502.9609,-0.4672,191.1593,0.2510,3.8000,-0.4500,356.6458,179.9463,0.4584,0.0000,0.0000,0.0000
45.150,502.7089,-0.5186,191.1104,0.2510,3.8000,-0.4500,356.6458,179.9463,0.4584,0.0000,0.0000,0.0000
45.263,502.5005,-0.5588,191.0578,0.2510,3.8000,-0.4500,356.6458,179.9463,0.4584,0.0000,0.0000,0.0000
45.374,502.2534,-0.6030,190.9778,0.2510,3.8000,-0.4500,356.4282,179.9443,0.5805,0.0000,0.0000,0.0000
45.485,502.0487,-0.6367,190.8963,0.2510,3.8000,-0.4500,356.3597,179.9436,0.6257,0.0000,0.0000,0.0000
45.597,501.8069,-0.6717,190.7665,0.2510,3.8000,-0.4500,356.2407,179.9421,0.7422,0.0000,0.0000,0.0000
45.708,501.6085,-0.6964,190.6239,0.2510,3.8000,-0.4500,356.1865,179.9414,0.8064,0.0000,0.0000,0.0000
45.819,501.3748,-0.7192,190.4178,0.2510,3.8000,-0.4500,356.0368,179.9390,1.0047,0.0000,0.0000,0.0000
45.930,501.1432,-0.7378,190.1842,0.2510,3.8000,-0.4500,355.9936,179.9383,1.0797,0.0000,0.0000,0.0000
46.041,500.9526,-0.7479,189.9801,0.2510,3.8000,-0.4500,355.8717,179.9357,1.3034,0.0000,0.0000,0.0000
46.151,500.7239,-0.7589,189.7283,0.2510,3.8000,-0.4500,355.8383,179.9349,1.3800,0.0000,0.0000,0.0000
46.263,500.5344,-0.7644,189.5193,0.2510,3.8000,-0.4500,355.7732,179.9333,1.5342,0.0000,0.0000,0.0000
46.374,500.3063,-0.7694,189.2824,0.2510,3.8000,-0.4500,355.7192,179.9318,1.6910,0.0000,0.0000,0.0000
46.485,500.1152,-0.7732,189.0997,0.2510,3.8000,-0.4500,355.6934,179.9310,1.7694,0.0000,0.0000,0.0000
46.595,499.8855,-0.7755,188.8980,0.2510,3.8000,-0.4500,355.6511,179.9296,1.9257,0.0000,0.0000,0.0000
46.707,499.6928,-0.7764,188.7524,0.2510,3.8000,-0.4500,355.6156,179.9284,2.0839,0.0000,0.0000,0.0000
46.818,499.4589,-0.7788,188.6066,0.2510,3.8000,-0.4500,355.6021,179.9279,2.1637,0.0000,0.0000,0.0000
46.929,499.2238,-0.7803,188.4810,0.2510,3.8000,-0.4500,355.5898,179.9274,2.2433,0.0000,0.0000,0.0000
47.040,499.0328,-0.7767,188.3230,0.2510,3.8000,-0.4500,355.5836,179.9271,2.3274,0.0000,0.0000,0.0000
47.152,498.8144,-0.7604,188.0063,0.2510,3.8000,-0.4500,355.5750,179.9268,2.4930,0.0000,0.0000,0.0000
47.263,498.6387,-0.7402,187.6466,0.2510,3.8000,-0.4500,355.5750,179.9268,2.4930,0.0000,0.0000,0.0000
47.374,498.4362,-0.7050,187.1109,0.2510,3.8000,-0.4500,355.5810,179.9270,2.5722,0.0000,0.0000,0.0000
47.485,498.2727,-0.6679,186.5858,0.2510,3.8000,-0.4500,355.5938,179.9276,2.6507,0.0000,0.0000,0.0000
47.596,498.0794,-0.6197,185.9041,0.2510,3.8000,-0.4500,355.5938,179.9276,2.6507,0.0000,0.0000,0.0000
47.707,497.9196,-0.5772,185.3190,0.2510,3.8000,-0.4500,355.5938,179.9276,2.6507,0.0000,0.0000,0.0000
47.818,497.7288,-0.5239,184.6169,0.2510,3.8000,-0.4500,355.6210,179.9289,2.7265,0.0000,0.0000,0.0000
47.929,497.5371,-0.4726,183.9238,0.2510,3.8000,-0.4500,355.6210,179.9289,2.7265,0.0000,0.0000,0.0000
48.040,497.3770,-0.4307,183.3545,0.2510,3.8000,-0.4500,355.6210,179.9289,2.7265,0.0000,0.0000,0.0000
48.152,497.1847,-0.3800,182.6798,0.2510,3.8000,-0.4500,355.6657,179.9311,2.7895,0.0000,0.0000,0.0000
48.262,497.0237,-0.3400,182.1231,0.2510,3.8000,-0.4500,355.6657,179.9311,2.7895,0.0000,0.0000,0.0000
48.374,496.8300,-0.2930,181.4595,0.2510,3.8000,-0.4500,355.6658,179.9311,2.7895,0.0000,0.0000,0.0000
48.485,496.6685,-0.2547,180.9090,0.2510,3.8000,-0.4500,355.6657,179.9311,2.7895,0.0000,0.0000,0.0000
48.596,496.4742,-0.2099,180.2502,0.2510,3.8000,-0.4500,355.6657,179.9311,2.7895,0.0000,0.0000,0.0000
48.707,496.3123,-0.1725,179.7016,0.2510,3.8000,-0.4500,355.7394,179.9347,2.8204,0.0000,0.0000,0.0000
48.818,496.1172,-0.1303,179.0442,0.2510,3.8000,-0.4500,355.7395,179.9347,2.8204,0.0000,0.0000,0.0000
48.929,495.9546,-0.0947,178.4955,0.2510,3.8000,-0.4500,355.9027,179.9428,2.8423,0.0000,0.0000,0.0000
49.041,495.7587,-0.0552,177.8374,0.2510,3.8000,-0.4500,355.9832,179.9468,2.8351,0.0000,0.0000,0.0000
49.151,495.5620,-0.0175,177.1785,0.2510,3.8000,-0.4500,356.1437,179.9547,2.8034,0.0000,0.0000,0.0000
49.262,495.3976,0.0117,176.6294,0.2510,3.8000,-0.4500,356.2198,179.9585,2.7759,0.0000,0.0000,0.0000
49.373,495.1995,0.0443,175.9694,0.2510,3.8000,-0.4500,356.3717,179.9657,2.7048,0.0000,0.0000,0.0000
49.485,495.0338,0.0695,175.4193,0.2510,3.8000,-0.4500,356.4428,179.9691,2.6638,0.0000,0.0000,0.0000
49.596,494.8343,0.0968,174.7580,0.2510,3.8000,-0.4500,356.5818,179.9754,2.5723,0.0000,0.0000,0.0000
49.707,494.6664,0.1162,174.2054,0.2510,3.8000,-0.4500,356.8440,179.9867,2.3519,0.0000,0.0000,0.0000
49.818,494.4656,0.1381,173.5434,0.2510,3.8000,-0.4500,356.9020,179.9891,2.2930,0.0000,0.0000,0.0000
49.929,494.2971,0.1533,172.9907,0.2510,3.8000,-0.4500,357.0175,179.9936,2.1725,0.0000,0.0000,0.0000
50.040,494.0934,0.1672,172.3261,0.2510,3.8000,-0.4500,357.2382,180.0014,1.9085,0.0000,0.0000,0.0000
50.151,493.8902,0.1799,171.6619,0.2510,3.8000,-0.4500,357.2893,180.0032,1.8450,0.0000,0.0000,0.0000
50.263,493.7192,0.1862,171.1071,0.2510,3.8000,-0.4500,357.4395,180.0078,1.6386,0.0000,0.0000,0.0000
50.373,493.5136,0.1909,170.4410,0.2510,3.8000,-0.4500,357.5801,180.0115,1.4361,0.0000,0.0000,0.0000
50.485,493.3419,0.1926,169.8855,0.2510,3.8000,-0.4500,357.6718,180.0137,1.2974,0.0000,0.0000,0.0000
50.595,493.1346,0.1907,169.2181,0.2510,3.8000,-0.4500,357.8090,180.0166,1.0839,0.0000,0.0000,0.0000
50.707,492.9611,0.1860,168.6613,0.2510,3.8000,-0.4500,357.9421,180.0188,0.8728,0.0000,0.0000,0.0000
50.818,492.7525,0.1776,167.9929,0.2510,3.8000,-0.4500,358.0716,180.0206,0.6618,0.0000,0.0000,0.0000
50.929,492.5782,0.1683,167.4355,0.2510,3.8000,-0.4500,358.1577,180.0215,0.5199,0.0000,0.0000,0.0000
51.040,492.3687,0.1542,166.7663,0.2510,3.8000,-0.4500,358.2423,180.0221,0.3801,0.0000,0.0000,0.0000
51.152,492.1576,0.1348,166.0959,0.2510,3.8000,-0.4500,358.4145,180.0229,0.0938,0.0000,0.0000,0.0000
51.262,491.9821,0.1181,165.5376,0.2510,3.8000,-0.4500,358.4581,180.0229,0.0214,0.0000,0.0000,0.0000
51.371,491.7701,0.0932,164.8665,0.2510,3.8000,-0.4500,358.5900,180.0227,359.8029,0.0000,0.0000,0.0000
51.485,491.5927,0.0696,164.3068,0.2510,3.8000,-0.4500,358.7194,180.0220,359.5907,0.0000,0.0000,0.0000
51.596,491.3794,0.0388,163.6349,0.2510,3.8000,-0.4500,358.8517,180.0208,359.3769,0.0000,0.0000,0.0000
51.706,491.2020,0.0121,163.0751,0.2510,3.8000,-0.4500,358.8948,180.0203,359.3076,0.0000,0.0000,0.0000
51.818,490.9873,-0.0252,162.4021,0.2510,3.8000,-0.4500,359.0777,180.0176,359.0210,0.0000,0.0000,0.0000
51.929,490.8093,-0.0563,161.8416,0.2510,3.8000,-0.4500,359.1219,180.0168,358.9536,0.0000,0.0000,0.0000
52.040,490.5953,-0.0961,161.1689,0.2510,3.8000,-0.4500,359.1667,180.0160,358.8855,0.0000,0.0000,0.0000
52.151,490.3792,-0.1411,160.4947,0.2510,3.8000,-0.4500,359.3597,180.0118,358.6018,0.0000,0.0000,0.0000
52.262,490.2000,-0.1783,159.9334,0.2510,3.8000,-0.4500,359.4068,180.0106,358.5354,0.0000,0.0000,0.0000
52.372,489.9839,-0.2266,159.2590,0.2510,3.8000,-0.4500,359.5528,180.0066,358.3351,0.0000,0.0000,0.0000
52.484,489.8042,-0.2672,158.6973,0.2510,3.8000,-0.4500,359.6039,180.0051,358.2686,0.0000,0.0000,0.0000
52.596,489.5879,-0.3183,158.0226,0.2510,3.8000,-0.4500,359.7086,180.0018,358.1359,0.0000,0.0000,0.0000
52.707,489.4073,-0.3625,157.4600,0.2510,3.8000,-0.4500,359.8147,179.9982,358.0054,0.0000,0.0000,0.0000
52.817,489.1900,-0.4171,156.7844,0.2510,3.8000,-0.4500,359.9774,179.9923,357.8203,0.0000,0.0000,0.0000
52.929,489.0097,-0.4620,156.2222,0.2510,3.8000,-0.4500,359.9774,179.9923,357.8203,0.0000,0.0000,0.0000
53.040,488.7921,-0.5187,155.5460,0.2510,3.8000,-0.4500,0.1537,179.9853,357.6416,0.0000,0.0000,0.0000
53.151,488.5754,-0.5747,154.8708,0.2510,3.8000,-0.4500,0.1537,179.9853,357.6416,0.0000,0.0000,0.0000
53.260,488.3940,-0.6229,154.3072,0.2510,3.8000,-0.4500,0.2754,179.9802,357.5320,0.0000,0.0000,0.0000
53.374,488.1770,-0.6801,153.6316,0.2510,3.8000,-0.4500,0.2754,179.9802,357.5320,0.0000,0.0000,0.0000
53.484,487.9951,-0.7293,153.0670,0.2510,3.8000,-0.4500,0.4778,179.9712,357.3754,0.0000,0.0000,0.0000
53.595,487.7780,-0.7870,152.3909,0.2510,3.8000,-0.4500,0.4778,179.9712,357.3754,0.0000,0.0000,0.0000
53.707,487.5960,-0.8359,151.8259,0.2510,3.8000,-0.4500,0.6835,179.9615,357.2416,0.0000,0.0000,0.0000
53.818,487.3786,-0.8935,151.1494,0.2510,3.8000,-0.4500,0.6835,179.9615,357.2416,0.0000,0.0000,0.0000
53.929,487.1970,-0.9415,150.5844,0.2510,3.8000,-0.4500,0.8299,179.9544,357.1684,0.0000,0.0000,0.0000
54.039,486.9798,-0.9985,149.9074,0.2510,3.8000,-0.4500,0.8299,179.9544,357.1684,0.0000,0.0000,0.0000
54.150,486.7617,-1.0546,149.2284,0.2510,3.8000,-0.4500,1.0679,179.9424,357.0784,0.0000,0.0000,0.0000
54.262,486.5805,-1.1011,148.6638,0.2510,3.8000,-0.4500,1.0679,179.9424,357.0784,0.0000,0.0000,0.0000
54.371,486.3628,-1.1556,147.9849,0.2510,3.8000,-0.4500,1.2276,179.9342,357.0369,0.0000,0.0000,0.0000
54.484,486.1816,-1.2008,147.4198,0.2510,3.8000,-0.4500,1.2276,179.9341,357.0369,0.0000,0.0000,0.0000
54.602,485.9638,-1.2538,146.7404,0.2510,3.8000,-0.4500,1.3914,179.9256,357.0064,0.0000,0.0000,0.0000
54.706,485.7822,-1.2973,146.1738,0.2510,3.8000,-0.4500,1.5549,179.9170,356.9819,0.0000,0.0000,0.0000
54.817,485.5646,-1.3498,145.4946,0.2510,3.8000,-0.4500,1.6349,179.9128,356.9702,0.0000,0.0000,0.0000
54.929,485.3833,-1.3938,144.9288,0.2510,3.8000,-0.4500,1.6349,179.9128,356.9702,0.0000,0.0000,0.0000
55.039,485.1655,-1.4454,144.2480,0.2510,3.8000,-0.4500,1.8816,179.8996,356.9312,0.0000,0.0000,0.0000
55.149,484.9842,-1.4896,143.6818,0.2510,3.8000,-0.4500,1.8816,179.8996,356.9312,0.0000,0.0000,0.0000
55.262,484.7661,-1.5418,143.0005,0.2510,3.8000,-0.4500,2.1260,179.8864,356.8827,0.0000,0.0000,0.0000
55.373,484.5482,-1.5952,142.3207,0.2510,3.8000,-0.4500,2.1260,179.8864,356.8827,0.0000,0.0000,0.0000
55.484,484.3663,-1.6394,141.7529,0.2510,3.8000,-0.4500,2.2878,179.8775,356.8445,0.0000,0.0000,0.0000
55.595,484.1482,-1.6930,141.0720,0.2510,3.8000,-0.4500,2.3696,179.8731,356.8239,0.0000,0.0000,0.0000
55.708,483.9663,-1.7377,140.5045,0.2510,3.8000,-0.4500,2.4515,179.8685,356.8033,0.0000,0.0000,0.0000
55.818,483.7477,-1.7908,139.8221,0.2510,3.8000,-0.4500,2.6951,179.8548,356.7425,0.0000,0.0000,0.0000
55.927,483.5658,-1.8356,139.2548,0.2510,3.8000,-0.4500,2.6951,179.8548,356.7425,0.0000,0.0000,0.0000
56.038,483.3474,-1.8890,138.5737,0.2510,3.8000,-0.4500,2.6951,179.8548,356.7425,0.0000,0.0000,0.0000
56.152,483.1287,-1.9413,137.8914,0.2510,3.8000,-0.4500,2.8565,179.8456,356.7092,0.0000,0.0000,0.0000
56.263,482.9467,-1.9848,137.3234,0.2510,3.8000,-0.4500,2.8565,179.8456,356.7092,0.0000,0.0000,0.0000
56.374,482.7280,-2.0357,136.6411,0.2510,3.8000,-0.4500,2.9386,179.8408,356.6971,0.0000,0.0000,0.0000
56.483,482.5458,-2.0766,136.0717,0.2510,3.8000,-0.4500,3.1043,179.8312,356.6814,0.0000,0.0000,0.0000
56.593,482.3274,-2.1255,135.3895,0.2510,3.8000,-0.4500,3.1043,179.8312,356.6814,0.0000,0.0000,0.0000
56.694,482.1454,-2.1644,134.8203,0.2510,3.8000,-0.4500,3.1856,179.8265,356.6839,0.0000,0.0000,0.0000
56.805,481.9636,-2.2019,134.2508,0.2510,3.8000,-0.4500,3.2662,179.8219,356.6928,0.0000,0.0000,0.0000
56.916,481.7454,-2.2459,133.5679,0.2510,3.8000,-0.4500,3.2662,179.8219,356.6928,0.0000,0.0000,0.0000
57.027,481.5638,-2.2789,132.9975,0.2510,3.8000,-0.4500,3.4270,179.8126,356.7346,0.0000,0.0000,0.0000
57.137,481.3460,-2.3174,132.3135,0.2510,3.8000,-0.4500,3.4999,179.8084,356.7681,0.0000,0.0000,0.0000
57.248,481.1647,-2.3471,131.7434,0.2510,3.8000,-0.4500,3.5705,179.8045,356.8040,0.0000,0.0000,0.0000
57.359,480.9478,-2.3789,131.0586,0.2510,3.8000,-0.4500,3.6980,179.7975,356.8966,0.0000,0.0000,0.0000
57.472,480.7306,-2.4101,130.3746,0.2510,3.8000,-0.4500,3.6980,179.7975,356.8966,0.0000,0.0000,0.0000
57.582,480.5501,-2.4321,129.8040,0.2510,3.8000,-0.4500,3.7527,179.7946,356.9547,0.0000,0.0000,0.0000
57.692,480.3345,-2.4522,129.1183,0.2510,3.8000,-0.4500,3.9001,179.7870,357.1553,0.0000,0.0000,0.0000
57.805,480.1547,-2.4685,128.5475,0.2510,3.8000,-0.4500,3.9359,179.7853,357.2304,0.0000,0.0000,0.0000
57.914,479.9397,-2.4831,127.8620,0.2510,3.8000,-0.4500,4.0019,179.7822,357.3828,0.0000,0.0000,0.0000
58.027,479.7615,-2.4902,127.2904,0.2510,3.8000,-0.4500,4.0688,179.7792,357.6209,0.0000,0.0000,0.0000
58.138,479.5469,-2.4990,126.6049,0.2510,3.8000,-0.4500,4.0874,179.7785,357.7006,0.0000,0.0000,0.0000
58.249,479.3702,-2.4982,126.0330,0.2510,3.8000,-0.4500,4.1209,179.7772,358.0357,0.0000,0.0000,0.0000
58.359,479.1568,-2.4992,125.3472,0.2510,3.8000,-0.4500,4.1235,179.7771,358.1154,0.0000,0.0000,0.0000
58.471,478.9463,-2.4899,124.6609,0.2510,3.8000,-0.4500,4.1021,179.7778,358.5414,0.0000,0.0000,0.0000
58.582,478.7696,-2.4834,124.0892,0.2510,3.8000,-0.4500,4.0918,179.7780,358.6213,0.0000,0.0000,0.0000
58.693,478.5598,-2.4676,123.4031,0.2510,3.8000,-0.4500,4.0345,179.7792,358.9584,0.0000,0.0000,0.0000
58.805,478.3845,-2.4542,122.8312,0.2510,3.8000,-0.4500,4.0191,179.7795,359.0385,0.0000,0.0000,0.0000
58.916,478.1770,-2.4290,122.1453,0.2510,3.8000,-0.4500,3.9122,179.7809,359.4494,0.0000,0.0000,0.0000
59.024,478.0031,-2.4087,121.5734,0.2510,3.8000,-0.4500,3.8904,179.7811,359.5263,0.0000,0.0000,0.0000
59.138,477.7972,-2.3755,120.8878,0.2510,3.8000,-0.4500,3.7538,179.7818,359.9244,0.0000,0.0000,0.0000
59.253,477.5904,-2.3427,120.2019,0.2510,3.8000,-0.4500,3.7217,179.7818,0.0053,0.0000,0.0000,0.0000
59.359,477.4211,-2.3071,119.6310,0.2510,3.8000,-0.4500,3.5553,179.7812,0.4077,0.0000,0.0000,0.0000
59.471,477.2166,-2.2652,118.9457,0.2510,3.8000,-0.4500,3.4846,179.7806,0.5605,0.0000,0.0000,0.0000
59.582,477.0475,-2.2266,118.3750,0.2510,3.8000,-0.4500,3.4120,179.7798,0.7134,0.0000,0.0000,0.0000
59.691,476.8469,-2.1740,117.6910,0.2510,3.8000,-0.4500,3.2199,179.7768,1.0867,0.0000,0.0000,0.0000
59.804,476.6794,-2.1293,117.1210,0.2510,3.8000,-0.4500,3.1373,179.7751,1.2333,0.0000,0.0000,0.0000
59.916,476.4804,-2.0707,116.4379,0.2510,3.8000,-0.4500,2.9706,179.7711,1.5184,0.0000,0.0000,0.0000
60.024,476.3150,-2.0202,115.8688,0.2510,3.8000,-0.4500,2.8784,179.7686,1.6636,0.0000,0.0000,0.0000
60.135,476.1182,-1.9550,115.1870,0.2510,3.8000,-0.4500,2.6941,179.7627,1.9443,0.0000,0.0000,0.0000
60.247,475.9544,-1.8992,114.6191,0.2510,3.8000,-0.4500,2.5941,179.7592,2.0852,0.0000,0.0000,0.0000
60.361,475.7593,-1.8288,113.9386,0.2510,3.8000,-0.4500,2.4435,179.7535,2.2925,0.0000,0.0000,0.0000
60.471,475.5657,-1.7548,113.2593,0.2510,3.8000,-0.4500,2.2347,179.7446,2.5588,0.0000,0.0000,0.0000
60.579,475.4046,-1.6920,112.6936,0.2510,3.8000,-0.4500,2.1308,179.7399,2.6841,0.0000,0.0000,0.0000
60.694,475.2129,-1.6132,112.0161,0.2510,3.8000,-0.4500,1.9121,179.7291,2.9339,0.0000,0.0000,0.0000
60.805,475.0544,-1.5462,111.4422,0.2510,3.8000,-0.4500,1.7437,179.7202,3.1138,0.0000,0.0000,0.0000
60.914,474.8659,-1.4653,110.7203,0.2510,3.8000,-0.4500,1.6252,179.7136,3.2334,0.0000,0.0000,0.0000
61.027,474.7092,-1.3961,110.1296,0.2510,3.8000,-0.4500,1.5065,179.7068,3.3514,0.0000,0.0000,0.0000
61.135,474.5198,-1.3097,109.4747,0.2510,3.8000,-0.4500,1.2547,179.6915,3.5837,0.0000,0.0000,0.0000
61.249,474.3569,-1.2368,109.0073,0.2510,3.8000,-0.4500,1.1939,179.6877,3.6380,0.0000,0.0000,0.0000
61.360,474.1545,-1.1469,108.5682,0.2510,3.8000,-0.4500,0.9991,179.6751,3.7901,0.0000,0.0000,0.0000
61.471,473.9448,-1.0565,108.2444,0.2510,3.8000,-0.4500,0.7160,179.6559,3.9702,0.0000,0.0000,0.0000
61.583,473.7644,-0.9826,108.0386,0.2510,3.8000,-0.4500,0.7160,179.6559,3.9702,0.0000,0.0000,0.0000
61.691,473.5452,-0.8961,107.8482,0.2510,3.8000,-0.4500,0.3238,179.6280,4.1408,0.0000,0.0000,0.0000
61.803,473.3596,-0.8262,107.7160,0.2510,3.8000,-0.4500,0.3238,179.6280,4.1408,0.0000,0.0000,0.0000
61.915,473.1359,-0.7469,107.5804,0.2510,3.8000,-0.4500,359.8996,179.5969,4.2530,0.0000,0.0000,0.0000
62.027,472.9481,-0.6825,107.4748,0.2510,3.8000,-0.4500,359.8996,179.5969,4.2530,0.0000,0.0000,0.0000
62.135,472.7223,-0.6105,107.3567,0.2510,3.8000,-0.4500,359.5647,179.5718,4.3055,0.0000,0.0000,0.0000
62.249,472.5337,-0.5529,107.2607,0.2510,3.8000,-0.4500,359.4007,179.5594,4.3212,0.0000,0.0000,0.0000
62.360,472.3069,-0.4876,107.1483,0.2510,3.8000,-0.4500,359.1489,179.5404,4.3358,0.0000,0.0000,0.0000
62.471,472.0797,-0.4254,107.0373,0.2510,3.8000,-0.4500,358.9786,179.5275,4.3384,0.0000,0.0000,0.0000
62.578,471.8900,-0.3765,106.9461,0.2510,3.8000,-0.4500,358.8117,179.5148,4.3393,0.0000,0.0000,0.0000
62.679,471.7002,-0.3291,106.8550,0.2510,3.8000,-0.4500,358.7274,179.5084,4.3364,0.0000,0.0000,0.0000
62.789,471.5099,-0.2847,106.7653,0.2510,3.8000,-0.4500,358.5581,179.4956,4.3297,0.0000,0.0000,0.0000
62.900,471.2814,-0.2337,106.6581,0.2510,3.8000,-0.4500,358.3939,179.4831,4.3190,0.0000,0.0000,0.0000
63.011,471.0594,-0.1833,106.4627,0.2510,3.8000,-0.4500,358.2330,179.4710,4.3052,0.0000,0.0000,0.0000
63.123,470.8868,-0.1352,106.1288,0.2510,3.8000,-0.4500,358.2330,179.4710,4.3052,0.0000,0.0000,0.0000
63.235,470.6901,-0.0721,105.5722,0.2510,3.8000,-0.4500,358.1519,179.4649,4.2974,0.0000,0.0000,0.0000
63.346,470.5307,-0.0173,105.0398,0.2510,3.8000,-0.4500,357.9875,179.4525,4.2819,0.0000,0.0000,0.0000
63.457,470.3427,0.0525,104.3578,0.2510,3.8000,-0.4500,357.9875,179.4525,4.2819,0.0000,0.0000,0.0000
63.568,470.1855,0.1098,103.8045,0.2510,3.8000,-0.4500,357.9074,179.4465,4.2740,0.0000,0.0000,0.0000
63.679,469.9901,0.1742,103.2479,0.2510,3.8000,-0.4500,357.8294,179.4407,4.2653,0.0000,0.0000,0.0000
63.790,469.7849,0.2322,102.8294,0.2510,3.8000,-0.4500,357.8294,179.4407,4.2653,0.0000,0.0000,0.0000
63.902,469.6077,0.2754,102.5638,0.2510,3.8000,-0.4500,357.8294,179.4407,4.2653,0.0000,0.0000,0.0000
64.013,469.3895,0.3216,102.3133,0.2510,3.8000,-0.4500,357.7495,179.4348,4.2521,0.0000,0.0000,0.0000
64.123,469.2048,0.3580,102.1418,0.2510,3.8000,-0.4500,357.7495,179.4347,4.2521,0.0000,0.0000,0.0000
64.234,468.9804,0.3993,101.9662,0.2510,3.8000,-0.4500,357.7495,179.4348,4.2521,0.0000,0.0000,0.0000
64.346,468.7919,0.4314,101.8377,0.2510,3.8000,-0.4500,357.6722,179.4290,4.2354,0.0000,0.0000,0.0000
64.455,468.5645,0.4701,101.6964,0.2510,3.8000,-0.4500,357.6722,179.4290,4.2354,0.0000,0.0000,0.0000
64.568,468.3741,0.4967,101.5856,0.2510,3.8000,-0.4500,357.6722,179.4290,4.2354,0.0000,0.0000,0.0000
64.679,468.1324,0.4426,101.4559,0.2510,3.8000,-0.4500,357.3436,179.4061,3.5323,0.0000,0.0000,0.0000
64.790,467.8753,0.3629,101.3334,0.2510,3.8000,-0.4500,357.1095,179.3949,1.5492,0.0000,0.0000,0.0000
64.902,467.6522,0.2492,101.2413,0.2510,3.8000,-0.4500,357.0235,179.3940,359.3965,0.0000,0.0000,0.0000
65.013,467.3876,0.0868,101.1433,0.2510,3.8000,-0.4500,356.9852,179.3949,357.5276,0.0000,0.0000,0.0000
65.124,467.1714,-0.0375,101.0657,0.2510,3.8000,-0.4500,356.9918,179.3946,356.7261,0.0000,0.0000,0.0000
65.234,466.9161,-0.1731,100.9703,0.2510,3.8000,-0.4500,357.0010,179.3940,356.5345,0.0000,0.0000,0.0000
65.346,466.7036,-0.2820,100.8891,0.2510,3.8000,-0.4500,357.0010,179.3940,356.5345,0.0000,0.0000,0.0000
65.456,466.4479,-0.4103,100.7920,0.2510,3.8000,-0.4500,357.0010,179.3940,356.5345,0.0000,0.0000,0.0000
65.568,466.2344,-0.5148,100.7120,0.2510,3.8000,-0.4500,357.0010,179.3940,356.5345,0.0000,0.0000,0.0000
65.679,465.9777,-0.6371,100.6170,0.2510,3.8000,-0.4500,357.0010,179.3940,356.5345,0.0000,0.0000,0.0000
65.787,465.7636,-0.7364,100.5385,0.2510,3.8000,-0.4500,357.0010,179.3940,356.5345,0.0000,0.0000,0.0000
65.888,465.5494,-0.8333,100.4606,0.2510,3.8000,-0.4500,357.0010,179.3940,356.5345,0.0000,0.0000,0.0000
65.999,465.2923,-0.9464,100.3675,0.2510,3.8000,-0.4500,357.0010,179.3940,356.5345,0.0000,0.0000,0.0000
66.110,465.0352,-1.0558,100.2744,0.2510,3.8000,-0.4500,357.0010,179.3940,356.5345,0.0000,0.0000,0.0000
66.221,464.8210,-1.1434,100.1958,0.2510,3.8000,-0.4500,357.0826,179.3891,356.5310,0.0000,0.0000,0.0000
66.338,464.5641,-1.2431,100.1002,0.2510,3.8000,-0.4500,357.3296,179.3741,356.5491,0.0000,0.0000,0.0000
66.446,464.3501,-1.3247,100.0214,0.2510,3.8000,-0.4500,357.3296,179.3741,356.5491,0.0000,0.0000,0.0000
66.557,464.0939,-1.4147,99.9247,0.2510,3.8000,-0.4500,357.5653,179.3600,356.6345,0.0000,0.0000,0.0000
66.668,463.8803,-1.4876,99.8449,0.2510,3.8000,-0.4500,357.6406,179.3556,356.6658,0.0000,0.0000,0.0000
66.780,463.6245,-1.5688,99.7491,0.2510,3.8000,-0.4500,357.7862,179.3473,356.7609,0.0000,0.0000,0.0000
66.884,463.4113,-1.6321,99.6701,0.2510,3.8000,-0.4500,357.9260,179.3395,356.8585,0.0000,0.0000,0.0000
66.988,463.1979,-1.6931,99.5929,0.2510,3.8000,-0.4500,357.9873,179.3361,356.9122,0.0000,0.0000,0.0000
67.096,462.9424,-1.7587,99.5017,0.2510,3.8000,-0.4500,358.1678,179.3267,357.0888,0.0000,0.0000,0.0000
67.206,462.7296,-1.8099,99.4275,0.2510,3.8000,-0.4500,358.2771,179.3212,357.2234,0.0000,0.0000,0.0000
67.316,462.4743,-1.8659,99.3408,0.2510,3.8000,-0.4500,358.4296,179.3141,357.4225,0.0000,0.0000,0.0000
67.429,462.2612,-1.9110,99.2711,0.2510,3.8000,-0.4500,358.4722,179.3122,357.4937,0.0000,0.0000,0.0000
67.540,462.0063,-1.9578,99.1889,0.2510,3.8000,-0.4500,358.5956,179.3070,357.7103,0.0000,0.0000,0.0000
67.651,461.7513,-2.0014,99.1084,0.2510,3.8000,-0.4500,358.6642,179.3044,357.8679,0.0000,0.0000,0.0000
67.763,461.5392,-2.0338,99.0420,0.2510,3.8000,-0.4500,358.7258,179.3022,358.0241,0.0000,0.0000,0.0000
67.874,461.2853,-2.0679,98.9635,0.2510,3.8000,-0.4500,358.8016,179.2997,358.2611,0.0000,0.0000,0.0000
67.985,461.0734,-2.0956,98.8982,0.2510,3.8000,-0.4500,358.8201,179.2992,358.3402,0.0000,0.0000,0.0000
68.096,460.8201,-2.1241,98.8192,0.2510,3.8000,-0.4500,358.8514,179.2983,358.5030,0.0000,0.0000,0.0000
68.204,460.6101,-2.1432,98.7529,0.2510,3.8000,-0.4500,358.8844,179.2975,358.7477,0.0000,0.0000,0.0000
68.315,460.3575,-2.1672,98.6718,0.2510,3.8000,-0.4500,358.8881,179.2974,358.8281,0.0000,0.0000,0.0000
68.427,460.1488,-2.1816,98.6026,0.2510,3.8000,-0.4500,358.8888,179.2974,359.0761,0.0000,0.0000,0.0000
68.540,459.8977,-2.2003,98.5179,0.2510,3.8000,-0.4500,358.8815,179.2975,359.1587,0.0000,0.0000,0.0000
68.651,459.6478,-2.2149,98.4306,0.2510,3.8000,-0.4500,358.8643,179.2977,359.3245,0.0000,0.0000,0.0000
68.761,459.4404,-2.2251,98.3551,0.2510,3.8000,-0.4500,358.8375,179.2980,359.4836,0.0000,0.0000,0.0000
68.874,459.1928,-2.2345,98.2617,0.2510,3.8000,-0.4500,358.7780,179.2984,359.7278,0.0000,0.0000,0.0000
68.984,458.9863,-2.2428,98.1799,0.2510,3.8000,-0.4500,358.7535,179.2985,359.8065,0.0000,0.0000,0.0000
69.095,458.7403,-2.2500,98.0741,0.2510,3.8000,-0.4500,358.6994,179.2986,359.9644,0.0000,0.0000,0.0000
69.206,458.5368,-2.2532,97.9798,0.2510,3.8000,-0.4500,358.6109,179.2985,0.1957,0.0000,0.0000,0.0000
69.318,458.2922,-2.2594,97.8578,0.2510,3.8000,-0.4500,358.6109,179.2985,0.1957,0.0000,0.0000,0.0000
69.418,458.0918,-2.2591,97.7466,0.2510,3.8000,-0.4500,358.4656,179.2976,0.4959,0.0000,0.0000,0.0000
69.527,457.8906,-2.2615,97.6240,0.2510,3.8000,-0.4500,358.4656,179.2976,0.4959,0.0000,0.0000,0.0000
69.638,457.6524,-2.2592,97.4670,0.2510,3.8000,-0.4500,358.3076,179.2959,0.7773,0.0000,0.0000,0.0000
69.751,457.4137,-2.2589,97.3002,0.2510,3.8000,-0.4500,358.3076,179.2959,0.7773,0.0000,0.0000,0.0000
69.859,457.2158,-2.2566,97.1574,0.2510,3.8000,-0.4500,358.2645,179.2953,0.8478,0.0000,0.0000,0.0000
69.970,456.9796,-2.2519,96.9831,0.2510,3.8000,-0.4500,358.1743,179.2938,0.9929,0.0000,0.0000,0.0000
70.082,456.7835,-2.2466,96.8350,0.2510,3.8000,-0.4500,358.0828,179.2921,1.1370,0.0000,0.0000,0.0000
70.193,456.5485,-2.2404,96.6522,0.2510,3.8000,-0.4500,358.0380,179.2912,1.2074,0.0000,0.0000,0.0000
70.304,456.3533,-2.2340,96.4965,0.2510,3.8000,-0.4500,357.9936,179.2902,1.2771,0.0000,0.0000,0.0000
70.415,456.1197,-2.2255,96.3061,0.2510,3.8000,-0.4500,357.9492,179.2892,1.3469,0.0000,0.0000,0.0000
70.525,455.9260,-2.2165,96.1448,0.2510,3.8000,-0.4500,357.8628,179.2871,1.4859,0.0000,0.0000,0.0000
70.637,455.6931,-2.2066,95.9474,0.2510,3.8000,-0.4500,357.8628,179.2871,1.4859,0.0000,0.0000,0.0000
70.749,455.4993,-2.1977,95.7808,0.2510,3.8000,-0.4500,357.8628,179.2871,1.4859,0.0000,0.0000,0.0000
70.860,455.2678,-2.1851,95.5786,0.2510,3.8000,-0.4500,357.8215,179.2860,1.5568,0.0000,0.0000,0.0000
70.971,455.0364,-2.1726,95.3733,0.2510,3.8000,-0.4500,357.8215,179.2860,1.5568,0.0000,0.0000,0.0000
71.081,454.8444,-2.1607,95.2009,0.2510,3.8000,-0.4500,357.7832,179.2849,1.6276,0.0000,0.0000,0.0000
71.191,454.6135,-2.1470,94.9927,0.2510,3.8000,-0.4500,357.7832,179.2849,1.6276,0.0000,0.0000,0.0000
71.305,454.4212,-2.1352,94.8189,0.2510,3.8000,-0.4500,357.7832,179.2849,1.6276,0.0000,0.0000,0.0000
71.415,454.1904,-2.1207,94.6104,0.2510,3.8000,-0.4500,357.7832,179.2849,1.6276,0.0000,0.0000,0.0000
71.524,453.9981,-2.1085,94.4367,0.2510,3.8000,-0.4500,357.7832,179.2849,1.6276,0.0000,0.0000,0.0000
71.636,453.7672,-2.0939,94.2289,0.2510,3.8000,-0.4500,357.7832,179.2849,1.6276,0.0000,0.0000,0.0000
71.749,453.5747,-2.0818,94.0565,0.2510,3.8000,-0.4500,357.7832,179.2849,1.6276,0.0000,0.0000,0.0000
71.860,453.3437,-2.0676,93.8506,0.2510,3.8000,-0.4500,357.7832,179.2849,1.6276,0.0000,0.0000,0.0000
71.971,453.1122,-2.0539,93.6455,0.2510,3.8000,-0.4500,357.7832,179.2849,1.6276,0.0000,0.0000,0.0000
72.082,452.9191,-2.0429,93.4751,0.2510,3.8000,-0.4500,357.7832,179.2849,1.6276,0.0000,0.0000,0.0000
72.194,452.6869,-2.0306,93.2711,0.2510,3.8000,-0.4500,357.7832,179.2849,1.6276,0.0000,0.0000,0.0000
72.304,452.4933,-2.0210,93.1010,0.2510,3.8000,-0.4500,357.7832,179.2849,1.6276,0.0000,0.0000,0.0000
72.415,452.2607,-2.0106,92.8952,0.2510,3.8000,-0.4500,357.7832,179.2849,1.6276,0.0000,0.0000,0.0000
72.527,452.0666,-2.0029,92.7218,0.2510,3.8000,-0.4500,357.7832,179.2849,1.6276,0.0000,0.0000,0.0000
72.637,451.8335,-1.9951,92.5118,0.2510,3.8000,-0.4500,357.7832,179.2849,1.6276,0.0000,0.0000,0.0000
72.748,451.6389,-1.9899,92.3353,0.2510,3.8000,-0.4500,357.7832,179.2849,1.6276,0.0000,0.0000,0.0000
72.857,451.4051,-1.9853,92.1217,0.2510,3.8000,-0.4500,357.7832,179.2849,1.6276,0.0000,0.0000,0.0000
72.972,451.1707,-1.9828,91.9067,0.2510,3.8000,-0.4500,357.7832,179.2849,1.6276,0.0000,0.0000,0.0000
73.082,450.9743,-1.9834,91.7257,0.2510,3.8000,-0.4500,357.9106,179.2884,1.5115,0.0000,0.0000,0.0000
73.192,450.7381,-1.9862,91.5078,0.2510,3.8000,-0.4500,358.0328,179.2915,1.3943,0.0000,0.0000,0.0000
73.305,450.5401,-1.9917,91.3250,0.2510,3.8000,-0.4500,358.1949,179.2952,1.2013,0.0000,0.0000,0.0000
73.415,450.3029,-1.9988,91.1062,0.2510,3.8000,-0.4500,358.2460,179.2962,1.1378,0.0000,0.0000,0.0000
73.526,450.1037,-2.0088,90.9229,0.2510,3.8000,-0.4500,358.3907,179.2988,0.9241,0.0000,0.0000,0.0000
73.638,449.8653,-2.0210,90.7044,0.2510,3.8000,-0.4500,358.4367,179.2996,0.8542,0.0000,0.0000,0.0000
73.749,449.6644,-2.0363,90.5216,0.2510,3.8000,-0.4500,358.6071,179.3017,0.5623,0.0000,0.0000,0.0000
73.857,449.4246,-2.0536,90.3041,0.2510,3.8000,-0.4500,358.6453,179.3020,0.4913,0.0000,0.0000,0.0000
73.971,449.1837,-2.0745,90.0866,0.2510,3.8000,-0.4500,358.7218,179.3026,0.3463,0.0000,0.0000,0.0000
74.082,448.9818,-2.0951,89.9051,0.2510,3.8000,-0.4500,358.8320,179.3030,0.1280,0.0000,0.0000,0.0000
74.193,448.7408,-2.1183,89.6883,0.2510,3.8000,-0.4500,358.8320,179.3030,0.1280,0.0000,0.0000,0.0000
74.304,448.5385,-2.1412,89.5070,0.2510,3.8000,-0.4500,358.9058,179.3031,359.9779,0.0000,0.0000,0.0000
74.414,448.2951,-2.1708,89.2890,0.2510,3.8000,-0.4500,359.0171,179.3028,359.7531,0.0000,0.0000,0.0000
74.527,448.0932,-2.1940,89.1077,0.2510,3.8000,-0.4500,359.0171,179.3028,359.7531,0.0000,0.0000,0.0000
74.638,447.8497,-2.2245,88.8891,0.2510,3.8000,-0.4500,359.0952,179.3024,359.6074,0.0000,0.0000,0.0000
74.749,447.6473,-2.2485,88.7073,0.2510,3.8000,-0.4500,359.0952,179.3024,359.6074,0.0000,0.0000,0.0000
74.859,447.4042,-2.2772,88.4889,0.2510,3.8000,-0.4500,359.0952,179.3024,359.6074,0.0000,0.0000,0.0000
74.971,447.1610,-2.3049,88.2705,0.2510,3.8000,-0.4500,359.0952,179.3024,359.6074,0.0000,0.0000,0.0000
75.081,446.9584,-2.3270,88.0881,0.2510,3.8000,-0.4500,359.0952,179.3024,359.6074,0.0000,0.0000,0.0000
75.191,446.7154,-2.3518,87.8684,0.2510,3.8000,-0.4500,359.0952,179.3024,359.6074,0.0000,0.0000,0.0000
75.302,446.5129,-2.3706,87.6847,0.2510,3.8000,-0.4500,359.0952,179.3024,359.6074,0.0000,0.0000,0.0000
75.413,446.2704,-2.3910,87.4634,0.2510,3.8000,-0.4500,359.0952,179.3024,359.6074,0.0000,0.0000,0.0000
75.527,446.0685,-2.4058,87.2780,0.2510,3.8000,-0.4500,359.0952,179.3024,359.6074,0.0000,0.0000,0.0000
75.636,445.8267,-2.4208,87.0546,0.2510,3.8000,-0.4500,359.0952,179.3024,359.6074,0.0000,0.0000,0.0000
75.749,445.6254,-2.4310,86.8680,0.2510,3.8000,-0.4500,359.0952,179.3024,359.6074,0.0000,0.0000,0.0000
75.859,445.3843,-2.4404,86.6446,0.2510,3.8000,-0.4500,359.0952,179.3024,359.6074,0.0000,0.0000,0.0000
75.971,445.1436,-2.4467,86.4222,0.2510,3.8000,-0.4500,359.0952,179.3024,359.6074,0.0000,0.0000,0.0000
76.081,444.9434,-2.4495,86.2377,0.2510,3.8000,-0.4500,359.0952,179.3024,359.6074,0.0000,0.0000,0.0000
76.192,444.7036,-2.4503,86.0176,0.2510,3.8000,-0.4500,359.0952,179.3024,359.6074,0.0000,0.0000,0.0000
76.304,444.5049,-2.4457,85.8347,0.2510,3.8000,-0.4500,359.2087,179.3018,359.7316,0.0000,0.0000,0.0000
76.415,444.2664,-2.4398,85.6168,0.2510,3.8000,-0.4500,359.2614,179.3016,359.7943,0.0000,0.0000,0.0000
76.527,444.0682,-2.4326,85.4358,0.2510,3.8000,-0.4500,359.2937,179.3015,359.8669,0.0000,0.0000,0.0000
76.638,443.8308,-2.4222,85.2188,0.2510,3.8000,-0.4500,359.3223,179.3014,359.9414,0.0000,0.0000,0.0000
76.749,443.6342,-2.4100,85.0380,0.2510,3.8000,-0.4500,359.3547,179.3014,0.1022,0.0000,0.0000,0.0000
76.857,443.3991,-2.3929,84.8209,0.2510,3.8000,-0.4500,359.3607,179.3014,0.3506,0.0000,0.0000,0.0000
76.970,443.1637,-2.3770,84.6030,0.2510,3.8000,-0.4500,359.3484,179.3014,0.4321,0.0000,0.0000,0.0000
77.080,442.9689,-2.3611,84.4209,0.2510,3.8000,-0.4500,359.3189,179.3011,0.5950,0.0000,0.0000,0.0000
77.191,442.7354,-2.3415,84.2018,0.2510,3.8000,-0.4500,359.2722,179.3005,0.7485,0.0000,0.0000,0.0000
77.304,442.5415,-2.3240,84.0190,0.2510,3.8000,-0.4500,359.1999,179.2995,0.9080,0.0000,0.0000,0.0000
77.414,442.3093,-2.3027,83.7994,0.2510,3.8000,-0.4500,359.1245,179.2982,1.0626,0.0000,0.0000,0.0000
77.527,442.1169,-2.2833,83.6168,0.2510,3.8000,-0.4500,358.9833,179.2953,1.2809,0.0000,0.0000,0.0000
77.637,441.8852,-2.2619,83.3978,0.2510,3.8000,-0.4500,358.9358,179.2942,1.3506,0.0000,0.0000,0.0000
77.749,441.6940,-2.2416,83.2177,0.2510,3.8000,-0.4500,358.7220,179.2887,1.6111,0.0000,0.0000,0.0000
77.860,441.4636,-2.2192,83.0019,0.2510,3.8000,-0.4500,358.6049,179.2852,1.7323,0.0000,0.0000,0.0000
77.970,441.2338,-2.1967,82.7867,0.2510,3.8000,-0.4500,358.4869,179.2816,1.8505,0.0000,0.0000,0.0000
78.082,441.0436,-2.1770,82.6082,0.2510,3.8000,-0.4500,358.2330,179.2729,2.0746,0.0000,0.0000,0.0000
78.192,440.8146,-2.1551,82.3919,0.2510,3.8000,-0.4500,358.1664,179.2704,2.1281,0.0000,0.0000,0.0000
78.304,440.6253,-2.1357,82.2123,0.2510,3.8000,-0.4500,357.8984,179.2599,2.3380,0.0000,0.0000,0.0000
78.416,440.3978,-2.1136,81.9933,0.2510,3.8000,-0.4500,357.7628,179.2543,2.4365,0.0000,0.0000,0.0000
78.527,440.2090,-2.0951,81.8092,0.2510,3.8000,-0.4500,357.6271,179.2484,2.5337,0.0000,0.0000,0.0000
78.638,439.9836,-2.0726,81.5877,0.2510,3.8000,-0.4500,357.3428,179.2353,2.7280,0.0000,0.0000,0.0000
78.748,439.7953,-2.0545,81.4014,0.2510,3.8000,-0.4500,357.2746,179.2320,2.7741,0.0000,0.0000,0.0000
78.859,439.5709,-2.0321,81.1793,0.2510,3.8000,-0.4500,356.9834,179.2174,2.9663,0.0000,0.0000,0.0000
78.971,439.3460,-2.0106,80.9558,0.2510,3.8000,-0.4500,356.9137,179.2138,3.0121,0.0000,0.0000,0.0000
79.081,439.1601,-1.9920,80.7726,0.2510,3.8000,-0.4500,356.6206,179.1978,3.2043,0.0000,0.0000,0.0000
79.191,438.9365,-1.9703,80.5530,0.2510,3.8000,-0.4500,356.4838,179.1901,3.2942,0.0000,0.0000,0.0000
79.303,438.7509,-1.9520,80.3723,0.2510,3.8000,-0.4500,356.2761,179.1778,3.4329,0.0000,0.0000,0.0000
79.416,438.5276,-1.9305,80.1616,0.2510,3.8000,-0.4500,356.1354,179.1692,3.5287,0.0000,0.0000,0.0000
79.527,438.3412,-1.9130,79.9953,0.2510,3.8000,-0.4500,355.9973,179.1606,3.6234,0.0000,0.0000,0.0000
79.637,438.1176,-1.8923,79.8062,0.2510,3.8000,-0.4500,355.7940,179.1474,3.7670,0.0000,0.0000,0.0000
79.747,437.9303,-1.8758,79.6561,0.2510,3.8000,-0.4500,355.7260,179.1429,3.8167,0.0000,0.0000,0.0000
79.860,437.7059,-1.8560,79.4888,0.2510,3.8000,-0.4500,355.5235,179.1291,3.9661,0.0000,0.0000,0.0000
79.971,437.4807,-1.8369,79.3318,0.2510,3.8000,-0.4500,355.3959,179.1201,4.0654,0.0000,0.0000,0.0000
80.082,437.2929,-1.8211,79.2082,0.2510,3.8000,-0.4500,355.2684,179.1109,4.1667,0.0000,0.0000,0.0000
80.194,437.0670,-1.8023,79.0706,0.2510,3.8000,-0.4500,355.1417,179.1015,4.2748,0.0000,0.0000,0.0000
80.304,436.8788,-1.7866,78.9639,0.2510,3.8000,-0.4500,355.0194,179.0922,4.3810,0.0000,0.0000,0.0000
80.414,436.6522,-1.7681,78.8421,0.2510,3.8000,-0.4500,354.9620,179.0878,4.4361,0.0000,0.0000,0.0000
80.527,436.4633,-1.7523,78.7471,0.2510,3.8000,-0.4500,354.9048,179.0833,4.4921,0.0000,0.0000,0.0000
80.636,436.2369,-1.7323,78.6396,0.2510,3.8000,-0.4500,354.7903,179.0741,4.6162,0.0000,0.0000,0.0000
80.749,436.0481,-1.7153,78.5529,0.2510,3.8000,-0.4500,354.7380,179.0699,4.6772,0.0000,0.0000,0.0000
80.860,435.8214,-1.6944,78.4499,0.2510,3.8000,-0.4500,354.7380,179.0699,4.6772,0.0000,0.0000,0.0000
80.972,435.5967,-1.6699,78.3490,0.2510,3.8000,-0.4500,354.5896,179.0574,4.8800,0.0000,0.0000,0.0000
81.083,435.4084,-1.6536,78.3195,0.2510,3.8000,-0.4500,354.5896,179.0574,4.8800,0.0000,0.0000,0.0000
81.192,435.1821,-1.6412,78.3660,0.2510,3.8000,-0.4500,354.5896,179.0574,4.8800,0.0000,0.0000,0.0000
81.304,434.9936,-1.6340,78.4437,0.2510,3.8000,-0.4500,354.5896,179.0574,4.8800,0.0000,0.0000,0.0000
81.416,434.7681,-1.6257,78.5630,0.2510,3.8000,-0.4500,354.5605,179.0549,4.9556,0.0000,0.0000,0.0000
81.527,434.5798,-1.6194,78.6749,0.2510,3.8000,-0.4500,354.5605,179.0549,4.9556,0.0000,0.0000,0.0000
81.638,434.3545,-1.6106,78.8177,0.2510,3.8000,-0.4500,354.5605,179.0549,4.9556,0.0000,0.0000,0.0000
81.748,434.1670,-1.6017,78.9407,0.2510,3.8000,-0.4500,354.5605,179.0549,4.9556,0.0000,0.0000,0.0000
81.861,433.9424,-1.5886,79.0910,0.2510,3.8000,-0.4500,354.5605,179.0549,4.9556,0.0000,0.0000,0.0000
81.969,433.7188,-1.5713,79.2434,0.2510,3.8000,-0.4500,354.5721,179.0559,5.0384,0.0000,0.0000,0.0000
82.082,433.5330,-1.5541,79.3586,0.2510,3.8000,-0.4500,354.5968,179.0581,5.1152,0.0000,0.0000,0.0000
82.193,433.3104,-1.5254,79.3974,0.2510,3.8000,-0.4500,354.5968,179.0581,5.1152,0.0000,0.0000,0.0000
82.303,433.1267,-1.4915,79.3732,0.2510,3.8000,-0.4500,354.6916,179.0668,5.2483,0.0000,0.0000,0.0000
82.415,432.9055,-1.4492,79.3059,0.2510,3.8000,-0.4500,354.6915,179.0668,5.2483,0.0000,0.0000,0.0000
82.527,432.7215,-1.4121,79.2574,0.2510,3.8000,-0.4500,354.6915,179.0668,5.2483,0.0000,0.0000,0.0000
82.635,432.5005,-1.3718,79.2909,0.2510,3.8000,-0.4500,354.7553,179.0727,5.2975,0.0000,0.0000,0.0000
82.748,432.3165,-1.3412,79.3468,0.2510,3.8000,-0.4500,354.8285,179.0795,5.3352,0.0000,0.0000,0.0000
82.859,432.1065,-1.2934,79.2027,0.2510,3.8000,-0.4500,354.9027,179.0865,5.3674,0.0000,0.0000,0.0000
82.968,431.9434,-1.2405,78.8765,0.2510,3.8000,-0.4500,354.9027,179.0865,5.3674,0.0000,0.0000,0.0000
83.081,431.7568,-1.1647,78.3290,0.2510,3.8000,-0.4500,354.9817,179.0939,5.3810,0.0000,0.0000,0.0000
83.191,431.5744,-1.0836,77.7013,0.2510,3.8000,-0.4500,354.9817,179.0939,5.3810,0.0000,0.0000,0.0000
83.303,431.4206,-1.0171,77.2052,0.2510,3.8000,-0.4500,354.9817,179.0939,5.3810,0.0000,0.0000,0.0000
83.414,431.2280,-0.9445,76.7141,0.2510,3.8000,-0.4500,355.0610,179.1014,5.3649,0.0000,0.0000,0.0000
83.525,431.0599,-0.8922,76.3999,0.2510,3.8000,-0.4500,355.0610,179.1014,5.3649,0.0000,0.0000,0.0000
83.637,430.8498,-0.8374,76.1119,0.2510,3.8000,-0.4500,355.2865,179.1225,5.2788,0.0000,0.0000,0.0000
83.748,430.6702,-0.7980,75.9265,0.2510,3.8000,-0.4500,355.2865,179.1225,5.2789,0.0000,0.0000,0.0000
83.859,430.4502,-0.7563,75.7437,0.2510,3.8000,-0.4500,355.3522,179.1285,5.2296,0.0000,0.0000,0.0000
83.971,430.2268,-0.7194,75.5873,0.2510,3.8000,-0.4500,355.4779,179.1400,5.1245,0.0000,0.0000,0.0000
84.081,430.0397,-0.6907,75.4703,0.2510,3.8000,-0.4500,355.4779,179.1400,5.1245,0.0000,0.0000,0.0000
84.192,429.8124,-0.6606,75.3373,0.2510,3.8000,-0.4500,355.6376,179.1541,4.9271,0.0000,0.0000,0.0000
84.301,429.6228,-0.6364,75.2328,0.2510,3.8000,-0.4500,355.6859,179.1582,4.8642,0.0000,0.0000,0.0000
84.414,429.3947,-0.6086,75.1125,0.2510,3.8000,-0.4500,355.6859,179.1582,4.8642,0.0000,0.0000,0.0000
84.524,429.2041,-0.5869,75.0145,0.2510,3.8000,-0.4500,355.6859,179.1582,4.8642,0.0000,0.0000,0.0000
84.637,428.9771,-0.5613,74.8703,0.2510,3.8000,-0.4500,355.6859,179.1582,4.8642,0.0000,0.0000,0.0000
84.746,428.7935,-0.5377,74.6721,0.2510,3.8000,-0.4500,355.7111,179.1603,4.7895,0.0000,0.0000,0.0000
84.859,428.5819,-0.5021,74.3292,0.2510,3.8000,-0.4500,355.7111,179.1603,4.7895,0.0000,0.0000,0.0000
84.970,428.3762,-0.4610,73.9111,0.2510,3.8000,-0.4500,355.7111,179.1603,4.7895,0.0000,0.0000,0.0000
85.081,428.2041,-0.4266,73.5737,0.2510,3.8000,-0.4500,355.7111,179.1603,4.7895,0.0000,0.0000,0.0000
85.193,427.9940,-0.3886,73.2188,0.2510,3.8000,-0.4500,355.7111,179.1603,4.7895,0.0000,0.0000,0.0000
85.304,427.8154,-0.3602,72.9672,0.2510,3.8000,-0.4500,355.7111,179.1603,4.7895,0.0000,0.0000,0.0000
85.414,427.5964,-0.3309,72.7207,0.2510,3.8000,-0.4500,355.7111,179.1603,4.7895,0.0000,0.0000,0.0000
85.526,427.4105,-0.3102,72.5545,0.2510,3.8000,-0.4500,355.7111,179.1603,4.7895,0.0000,0.0000,0.0000
85.635,427.1845,-0.2893,72.3882,0.2510,3.8000,-0.4500,355.7111,179.1603,4.7895,0.0000,0.0000,0.0000
85.758,426.9562,-0.2716,72.2453,0.2510,3.8000,-0.4500,355.7111,179.1603,4.7895,0.0000,0.0000,0.0000
85.859,426.7650,-0.2589,72.1374,0.2510,3.8000,-0.4500,355.7111,179.1603,4.7895,0.0000,0.0000,0.0000
85.970,426.5342,-0.2469,72.0161,0.2510,3.8000,-0.4500,355.6713,179.1570,4.7225,0.0000,0.0000,0.0000
86.082,426.3419,-0.2371,71.9195,0.2510,3.8000,-0.4500,355.6713,179.1570,4.7225,0.0000,0.0000,0.0000
86.190,426.1108,-0.2280,71.7976,0.2510,3.8000,-0.4500,355.6187,179.1527,4.6616,0.0000,0.0000,0.0000
86.301,425.9267,-0.2143,71.5960,0.2510,3.8000,-0.4500,355.6187,179.1527,4.6616,0.0000,0.0000,0.0000
86.413,425.7184,-0.1870,71.1721,0.2510,3.8000,-0.4500,355.5027,179.1433,4.5502,0.0000,0.0000,0.0000
86.524,425.5538,-0.1518,70.7037,0.2510,3.8000,-0.4500,355.5027,179.1433,4.5502,0.0000,0.0000,0.0000
86.635,425.3620,-0.1019,70.0616,0.2510,3.8000,-0.4500,355.5026,179.1433,4.5502,0.0000,0.0000,0.0000
86.746,425.2046,-0.0569,69.4941,0.2510,3.8000,-0.4500,355.5026,179.1433,4.5502,0.0000,0.0000,0.0000
86.859,425.0168,-0.0015,68.7977,0.2510,3.8000,-0.4500,355.5026,179.1433,4.5502,0.0000,0.0000,0.0000
86.968,424.8610,0.0449,68.2061,0.2510,3.8000,-0.4500,355.5026,179.1433,4.5502,0.0000,0.0000,0.0000
87.079,424.6737,0.0982,67.4802,0.2510,3.8000,-0.4500,355.3950,179.1348,4.4299,0.0000,0.0000,0.0000
87.191,424.4869,0.1532,66.7563,0.2510,3.8000,-0.4500,355.3951,179.1348,4.4299,0.0000,0.0000,0.0000
87.302,424.3309,0.1975,66.1567,0.2510,3.8000,-0.4500,355.3951,179.1348,4.4299,0.0000,0.0000,0.0000
87.413,424.1424,0.2488,65.4535,0.2510,3.8000,-0.4500,355.3951,179.1348,4.4299,0.0000,0.0000,0.0000
87.524,423.9783,0.2804,64.9462,0.2510,3.8000,-0.4500,355.2814,179.1262,4.2154,0.0000,0.0000,0.0000
87.636,423.7737,0.3121,64.4682,0.2510,3.8000,-0.4500,355.2814,179.1262,4.2154,0.0000,0.0000,0.0000
87.745,423.5950,0.3283,64.1732,0.2510,3.8000,-0.4500,355.2814,179.1262,4.2154,0.0000,0.0000,0.0000
87.858,423.3727,0.3373,63.9141,0.2510,3.8000,-0.4500,355.2814,179.1262,4.2154,0.0000,0.0000,0.0000
87.969,423.1813,0.3347,63.7531,0.2510,3.8000,-0.4500,355.2104,179.1210,4.0617,0.0000,0.0000,0.0000
88.079,422.9485,0.3277,63.6024,0.2510,3.8000,-0.4500,355.1757,179.1186,3.9873,0.0000,0.0000,0.0000
88.191,422.7137,0.3171,63.4802,0.2510,3.8000,-0.4500,355.1757,179.1186,3.9873,0.0000,0.0000,0.0000
88.302,422.5151,0.2994,63.4373,0.2510,3.8000,-0.4500,355.0970,179.1132,3.8430,0.0000,0.0000,0.0000
88.413,422.2823,0.2796,63.3342,0.2510,3.8000,-0.4500,355.0970,179.1132,3.8430,0.0000,0.0000,0.0000
88.525,422.0995,0.2734,63.0611,0.2510,3.8000,-0.4500,355.0138,179.1076,3.7040,0.0000,0.0000,0.0000
88.634,421.8934,0.2856,62.5508,0.2510,3.8000,-0.4500,355.0137,179.1077,3.7040,0.0000,0.0000,0.0000
88.748,421.7264,0.3025,62.0398,0.2510,3.8000,-0.4500,354.9770,179.1053,3.6338,0.0000,0.0000,0.0000
88.859,421.5266,0.3243,61.4106,0.2510,3.8000,-0.4500,354.9157,179.1014,3.4802,0.0000,0.0000,0.0000
88.967,421.3562,0.3395,60.9554,0.2510,3.8000,-0.4500,354.9157,179.1014,3.4802,0.0000,0.0000,0.0000
89.079,421.1418,0.3440,60.5331,0.2510,3.8000,-0.4500,354.8931,179.1001,3.4027,0.0000,0.0000,0.0000
89.180,420.9546,0.3355,60.2766,0.2510,3.8000,-0.4500,354.8529,179.0977,3.2466,0.0000,0.0000,0.0000
89.287,420.7629,0.3213,60.0879,0.2510,3.8000,-0.4500,354.8529,179.0977,3.2466,0.0000,0.0000,0.0000
89.401,420.5259,0.2923,59.9237,0.2510,3.8000,-0.4500,354.8127,179.0955,3.0930,0.0000,0.0000,0.0000
89.512,420.2860,0.2588,59.8031,0.2510,3.8000,-0.4500,354.8127,179.0955,3.0930,0.0000,0.0000,0.0000
89.623,420.0823,0.2223,59.7226,0.2510,3.8000,-0.4500,354.7393,179.0917,2.8608,0.0000,0.0000,0.0000
89.735,419.8384,0.1802,59.6417,0.2510,3.8000,-0.4500,354.7393,179.0917,2.8608,0.0000,0.0000,0.0000
89.845,419.6342,0.1429,59.5821,0.2510,3.8000,-0.4500,354.7393,179.0917,2.8608,0.0000,0.0000,0.0000
89.956,419.3872,0.0928,59.5162,0.2510,3.8000,-0.4500,354.6792,179.0887,2.7125,0.0000,0.0000,0.0000
90.066,419.1818,0.0521,59.4648,0.2510,3.8000,-0.4500,354.6792,179.0887,2.7125,0.0000,0.0000,0.0000
90.176,418.9349,0.0014,59.4057,0.2510,3.8000,-0.4500,354.6792,179.0887,2.7125,0.0000,0.0000,0.0000
90.289,418.7276,-0.0453,59.3582,0.2510,3.8000,-0.4500,354.6105,179.0856,2.5653,0.0000,0.0000,0.0000
90.401,418.4801,-0.0991,59.3031,0.2510,3.8000,-0.4500,354.6105,179.0856,2.5653,0.0000,0.0000,0.0000
90.512,418.2320,-0.1544,59.2491,0.2510,3.8000,-0.4500,354.6105,179.0856,2.5653,0.0000,0.0000,0.0000
90.623,418.0245,-0.2030,59.2050,0.2510,3.8000,-0.4500,354.5738,179.0839,2.4933,0.0000,0.0000,0.0000
90.732,417.7759,-0.2606,59.1528,0.2510,3.8000,-0.4500,354.5738,179.0839,2.4933,0.0000,0.0000,0.0000
90.844,417.5681,-0.3108,59.1100,0.2510,3.8000,-0.4500,354.5363,179.0823,2.4221,0.0000,0.0000,0.0000
90.955,417.3246,-0.3661,58.9918,0.2510,3.8000,-0.4500,354.5363,179.0823,2.4221,0.0000,0.0000,0.0000
91.066,417.1354,-0.3966,58.7120,0.2510,3.8000,-0.4500,354.5363,179.0823,2.4221,0.0000,0.0000,0.0000
91.175,416.9206,-0.4158,58.1974,0.2510,3.8000,-0.4500,354.5033,179.0809,2.3504,0.0000,0.0000,0.0000
91.275,416.7481,-0.4205,57.6837,0.2510,3.8000,-0.4500,354.5033,179.0809,2.3504,0.0000,0.0000,0.0000
91.386,416.5772,-0.4212,57.1518,0.2510,3.8000,-0.4500,354.5034,179.0809,2.3503,0.0000,0.0000,0.0000
91.497,416.3678,-0.4267,56.5868,0.2510,3.8000,-0.4500,354.5034,179.0809,2.3503,0.0000,0.0000,0.0000
91.608,416.1865,-0.4399,56.2142,0.2510,3.8000,-0.4500,354.5034,179.0809,2.3503,0.0000,0.0000,0.0000
91.719,415.9603,-0.4672,55.8829,0.2510,3.8000,-0.4500,354.5034,179.0809,2.3503,0.0000,0.0000,0.0000
91.831,415.7262,-0.5050,55.6508,0.2510,3.8000,-0.4500,354.5034,179.0809,2.3503,0.0000,0.0000,0.0000
91.939,415.5267,-0.5422,55.5112,0.2510,3.8000,-0.4500,354.5034,179.0809,2.3503,0.0000,0.0000,0.0000
92.053,415.2838,-0.5910,55.3870,0.2510,3.8000,-0.4500,354.5034,179.0809,2.3503,0.0000,0.0000,0.0000
92.161,415.0793,-0.6335,55.3070,0.2510,3.8000,-0.4500,354.5034,179.0809,2.3503,0.0000,0.0000,0.0000
92.276,414.8326,-0.6849,55.2284,0.2510,3.8000,-0.4500,354.5034,179.0809,2.3503,0.0000,0.0000,0.0000
92.385,414.6264,-0.7271,55.1718,0.2510,3.8000,-0.4500,354.5034,179.0809,2.3503,0.0000,0.0000,0.0000
92.494,414.3788,-0.7763,55.1100,0.2510,3.8000,-0.4500,354.5034,179.0809,2.3503,0.0000,0.0000,0.0000
92.608,414.1723,-0.8157,55.0617,0.2510,3.8000,-0.4500,354.5034,179.0809,2.3503,0.0000,0.0000,0.0000
92.719,413.9247,-0.8606,55.0058,0.2510,3.8000,-0.4500,354.5034,179.0809,2.3503,0.0000,0.0000,0.0000
92.830,413.6772,-0.9030,54.9509,0.2510,3.8000,-0.4500,354.5034,179.0809,2.3503,0.0000,0.0000,0.0000
92.940,413.4712,-0.9361,54.9054,0.2510,3.8000,-0.4500,354.5034,179.0809,2.3503,0.0000,0.0000,0.0000
93.053,413.2244,-0.9731,54.8510,0.2510,3.8000,-0.4500,354.5034,179.0809,2.3503,0.0000,0.0000,0.0000
93.164,413.0189,-1.0016,54.8057,0.2510,3.8000,-0.4500,354.5034,179.0809,2.3503,0.0000,0.0000,0.0000
93.273,412.7728,-1.0327,54.7510,0.2510,3.8000,-0.4500,354.5034,179.0809,2.3503,0.0000,0.0000,0.0000
93.384,412.5679,-1.0557,54.7047,0.2510,3.8000,-0.4500,354.5795,179.0841,2.3369,0.0000,0.0000,0.0000
93.497,412.3224,-1.0793,54.6487,0.2510,3.8000,-0.4500,354.7433,179.0908,2.3265,0.0000,0.0000,0.0000
93.607,412.1183,-1.0964,54.6021,0.2510,3.8000,-0.4500,354.8269,179.0942,2.3304,0.0000,0.0000,0.0000
93.719,411.8738,-1.1128,54.5450,0.2510,3.8000,-0.4500,354.9936,179.1010,2.3411,0.0000,0.0000,0.0000
93.828,411.6705,-1.1230,54.4966,0.2510,3.8000,-0.4500,355.1568,179.1078,2.3662,0.0000,0.0000,0.0000
93.942,411.4271,-1.1318,54.4375,0.2510,3.8000,-0.4500,355.3155,179.1144,2.3970,0.0000,0.0000,0.0000
94.053,411.1844,-1.1355,54.3764,0.2510,3.8000,-0.4500,355.5522,179.1244,2.4525,0.0000,0.0000,0.0000
94.160,410.9823,-1.1367,54.3249,0.2510,3.8000,-0.4500,355.6296,179.1278,2.4727,0.0000,0.0000,0.0000
94.261,410.7808,-1.1340,54.2717,0.2510,3.8000,-0.4500,355.7854,179.1346,2.5145,0.0000,0.0000,0.0000
94.372,410.5395,-1.1271,54.2057,0.2510,3.8000,-0.4500,355.9463,179.1417,2.5597,0.0000,0.0000,0.0000
94.481,410.3392,-1.1165,54.1479,0.2510,3.8000,-0.4500,356.1899,179.1528,2.6291,0.0000,0.0000,0.0000
94.593,410.0989,-1.1027,54.0773,0.2510,3.8000,-0.4500,356.2674,179.1564,2.6511,0.0000,0.0000,0.0000
94.705,409.8996,-1.0853,54.0152,0.2510,3.8000,-0.4500,356.5121,179.1679,2.7201,0.0000,0.0000,0.0000
94.817,409.6610,-1.0611,53.9382,0.2510,3.8000,-0.4500,356.7535,179.1795,2.7866,0.0000,0.0000,0.0000
94.927,409.4625,-1.0381,53.8721,0.2510,3.8000,-0.4500,356.9179,179.1876,2.8308,0.0000,0.0000,0.0000
95.039,409.2249,-1.0069,53.7900,0.2510,3.8000,-0.4500,357.0789,179.1956,2.8736,0.0000,0.0000,0.0000
95.150,408.9881,-0.9706,53.7040,0.2510,3.8000,-0.4500,357.3209,179.2079,2.9327,0.0000,0.0000,0.0000
95.261,408.7912,-0.9377,53.6300,0.2510,3.8000,-0.4500,357.4810,179.2161,2.9679,0.0000,0.0000,0.0000
95.372,408.5553,-0.8951,53.5384,0.2510,3.8000,-0.4500,357.6449,179.2247,2.9996,0.0000,0.0000,0.0000
95.482,408.3594,-0.8547,53.4583,0.2510,3.8000,-0.4500,357.9786,179.2424,3.0525,0.0000,0.0000,0.0000
95.594,408.1242,-0.8065,53.3610,0.2510,3.8000,-0.4500,358.0589,179.2467,3.0618,0.0000,0.0000,0.0000
95.706,407.9286,-0.7620,53.2767,0.2510,3.8000,-0.4500,358.3125,179.2603,3.0847,0.0000,0.0000,0.0000
95.815,407.6941,-0.7063,53.1745,0.2510,3.8000,-0.4500,358.5635,179.2738,3.0966,0.0000,0.0000,0.0000
95.928,407.4986,-0.6574,53.0902,0.2510,3.8000,-0.4500,358.8127,179.2873,3.0988,0.0000,0.0000,0.0000
96.039,407.2637,-0.5972,52.9923,0.2510,3.8000,-0.4500,358.9766,179.2962,3.0952,0.0000,0.0000,0.0000
96.150,407.0285,-0.5336,52.8950,0.2510,3.8000,-0.4500,359.2243,179.3096,3.0828,0.0000,0.0000,0.0000
96.260,406.8329,-0.4790,52.8084,0.2510,3.8000,-0.4500,359.3890,179.3184,3.0674,0.0000,0.0000,0.0000
96.372,406.5992,-0.4101,52.6886,0.2510,3.8000,-0.4500,359.8114,179.3409,3.0138,0.0000,0.0000,0.0000
96.480,406.4054,-0.3532,52.5791,0.2510,3.8000,-0.4500,359.8114,179.3409,3.0138,0.0000,0.0000,0.0000
96.581,406.2121,-0.2936,52.4561,0.2510,3.8000,-0.4500,0.1493,179.3585,2.9482,0.0000,0.0000,0.0000
96.691,405.9853,-0.2229,52.2450,0.2510,3.8000,-0.4500,0.3143,179.3669,2.9084,0.0000,0.0000,0.0000
96.803,405.8023,-0.1652,51.9849,0.2510,3.8000,-0.4500,0.3964,179.3710,2.8877,0.0000,0.0000,0.0000
96.914,405.5885,-0.0982,51.5788,0.2510,3.8000,-0.4500,0.6397,179.3832,2.8130,0.0000,0.0000,0.0000
97.022,405.4149,-0.0453,51.1669,0.2510,3.8000,-0.4500,0.7927,179.3906,2.7565,0.0000,0.0000,0.0000
97.122,405.2449,0.0043,50.6836,0.2510,3.8000,-0.4500,1.0245,179.4016,2.6477,0.0000,0.0000,0.0000
97.232,405.0452,0.0594,50.0320,0.2510,3.8000,-0.4500,1.0963,179.4049,2.6069,0.0000,0.0000,0.0000
97.344,404.8798,0.1014,49.4457,0.2510,3.8000,-0.4500,1.3065,179.4142,2.4766,0.0000,0.0000,0.0000
97.455,404.6833,0.1483,48.7080,0.2510,3.8000,-0.4500,1.3728,179.4171,2.4233,0.0000,0.0000,0.0000
97.567,404.5190,0.1833,48.0743,0.2510,3.8000,-0.4500,1.5680,179.4250,2.2592,0.0000,0.0000,0.0000
97.677,404.3227,0.2230,47.3038,0.2510,3.8000,-0.4500,1.6260,179.4273,2.2014,0.0000,0.0000,0.0000
97.788,404.1577,0.2520,46.6558,0.2510,3.8000,-0.4500,1.8000,179.4337,2.0146,0.0000,0.0000,0.0000
97.900,403.9593,0.2837,45.8747,0.2510,3.8000,-0.4500,1.9592,179.4390,1.8207,0.0000,0.0000,0.0000
98.011,403.7601,0.3116,45.0911,0.2510,3.8000,-0.4500,2.1081,179.4434,1.6191,0.0000,0.0000,0.0000
98.122,403.5942,0.3333,44.4372,0.2510,3.8000,-0.4500,2.1555,179.4448,1.5531,0.0000,0.0000,0.0000
98.233,403.3930,0.3534,43.6505,0.2510,3.8000,-0.4500,2.3380,179.4492,1.2723,0.0000,0.0000,0.0000
98.344,403.2258,0.3693,42.9947,0.2510,3.8000,-0.4500,2.3812,179.4502,1.2013,0.0000,0.0000,0.0000
98.456,403.0240,0.3840,42.2068,0.2510,3.8000,-0.4500,2.4676,179.4519,1.0574,0.0000,0.0000,0.0000
98.567,402.8545,0.3920,41.5494,0.2510,3.8000,-0.4500,2.5937,179.4540,0.8363,0.0000,0.0000,0.0000
98.678,402.6506,0.3987,40.7602,0.2510,3.8000,-0.4500,2.7138,179.4555,0.6170,0.0000,0.0000,0.0000
98.789,402.4799,0.4006,40.1021,0.2510,3.8000,-0.4500,2.8309,179.4565,0.3942,0.0000,0.0000,0.0000
98.900,402.2756,0.4020,39.3127,0.2510,3.8000,-0.4500,2.8686,179.4568,0.3215,0.0000,0.0000,0.0000
99.009,402.1037,0.3979,38.6542,0.2510,3.8000,-0.4500,2.9814,179.4572,0.0968,0.0000,0.0000,0.0000
99.122,401.8970,0.3901,37.8642,0.2510,3.8000,-0.4500,3.0914,179.4572,359.8721,0.0000,0.0000,0.0000
99.230,401.6894,0.3800,37.0886,0.2510,3.8000,-0.4500,3.1626,179.4569,359.7246,0.0000,0.0000,0.0000
99.331,401.5132,0.3679,36.4734,0.2510,3.8000,-0.4500,3.3050,179.4558,359.4238,0.0000,0.0000,0.0000
99.439,401.3364,0.3598,35.8956,0.2510,3.8000,-0.4500,3.3050,179.4559,359.4238,0.0000,0.0000,0.0000
99.550,401.1173,0.3482,35.2812,0.2510,3.8000,-0.4500,3.4105,179.4546,359.2009,0.0000,0.0000,0.0000
99.650,400.9270,0.3420,34.8741,0.2510,3.8000,-0.4500,3.5201,179.4529,358.9744,0.0000,0.0000,0.0000
99.763,400.7308,0.3436,34.5641,0.2510,3.8000,-0.4500,3.5201,179.4529,358.9744,0.0000,0.0000,0.0000
99.872,400.4846,0.3470,34.2967,0.2510,3.8000,-0.4500,3.6696,179.4498,358.6789,0.0000,0.0000,0.0000
99.983,400.2753,0.3567,34.1407,0.2510,3.8000,-0.4500,3.6697,179.4498,358.6789,0.0000,0.0000,0.0000
100.094,400.0177,0.3679,34.0065,0.2510,3.8000,-0.4500,3.7857,179.4469,358.4585,0.0000,0.0000,0.0000
100.206,399.8015,0.3806,33.9224,0.2510,3.8000,-0.4500,3.7857,179.4469,358.4585,0.0000,0.0000,0.0000
100.317,399.5386,0.3934,33.8582,0.2510,3.8000,-0.4500,3.9001,179.4436,358.2332,0.0000,0.0000,0.0000
100.428,399.3197,0.4078,33.8396,0.2510,3.8000,-0.4500,3.9001,179.4436,358.2332,0.0000,0.0000,0.0000
100.538,399.0553,0.4229,33.8405,0.2510,3.8000,-0.4500,3.9672,179.4414,358.0846,0.0000,0.0000,0.0000
100.647,398.8353,0.4368,33.8540,0.2510,3.8000,-0.4500,3.9672,179.4414,358.0846,0.0000,0.0000,0.0000
100.748,398.6137,0.4462,33.8741,0.2510,3.8000,-0.4500,4.0526,179.4384,357.8526,0.0000,0.0000,0.0000
100.859,398.3496,0.4604,33.9061,0.2510,3.8000,-0.4500,4.0526,179.4384,357.8526,0.0000,0.0000,0.0000
100.970,398.0855,0.4728,33.9429,0.2510,3.8000,-0.4500,4.0526,179.4384,357.8526,0.0000,0.0000,0.0000
101.081,397.8646,0.4805,33.9757,0.2510,3.8000,-0.4500,4.0675,179.4378,357.7728,0.0000,0.0000,0.0000
101.192,397.5993,0.4883,34.0174,0.2510,3.8000,-0.4500,4.0769,179.4374,357.6938,0.0000,0.0000,0.0000
101.303,397.3788,0.4948,34.0537,0.2510,3.8000,-0.4500,4.0769,179.4374,357.6938,0.0000,0.0000,0.0000
101.414,397.1142,0.5012,34.0988,0.2510,3.8000,-0.4500,4.0769,179.4374,357.6938,0.0000,0.0000,0.0000
101.525,396.8936,0.5058,34.1369,0.2510,3.8000,-0.4500,4.0769,179.4374,357.6938,0.0000,0.0000,0.0000
101.636,396.6284,0.5090,34.1834,0.2510,3.8000,-0.4500,4.0725,179.4376,357.6138,0.0000,0.0000,0.0000
101.748,396.4077,0.5126,34.2228,0.2510,3.8000,-0.4500,4.0725,179.4376,357.6138,0.0000,0.0000,0.0000
101.858,396.1429,0.5172,34.2707,0.2510,3.8000,-0.4500,4.0726,179.4376,357.6138,0.0000,0.0000,0.0000
101.969,395.8783,0.5222,34.3189,0.2510,3.8000,-0.4500,4.0725,179.4376,357.6138,0.0000,0.0000,0.0000
102.081,395.6579,0.5267,34.3591,0.2510,3.8000,-0.4500,4.0726,179.4376,357.6138,0.0000,0.0000,0.0000
102.191,395.3935,0.5325,34.4076,0.2510,3.8000,-0.4500,4.0726,179.4376,357.6138,0.0000,0.0000,0.0000
102.303,395.1734,0.5375,34.4481,0.2510,3.8000,-0.4500,4.0725,179.4376,357.6138,0.0000,0.0000,0.0000
102.414,394.9096,0.5436,34.4971,0.2510,3.8000,-0.4500,4.0726,179.4376,357.6138,0.0000,0.0000,0.0000
102.525,394.6898,0.5488,34.5381,0.2510,3.8000,-0.4500,4.0725,179.4376,357.6138,0.0000,0.0000,0.0000
102.636,394.4264,0.5550,34.5878,0.2510,3.8000,-0.4500,4.0726,179.4376,357.6138,0.0000,0.0000,0.0000
102.745,394.2073,0.5602,34.6296,0.2510,3.8000,-0.4500,4.0726,179.4376,357.6138,0.0000,0.0000,0.0000
102.858,393.9448,0.5647,34.6821,0.2510,3.8000,-0.4500,3.8213,179.4481,357.6170,0.0000,0.0000,0.0000
102.969,393.7265,0.5698,34.7254,0.2510,3.8000,-0.4500,3.7394,179.4515,357.6329,0.0000,0.0000,0.0000
103.080,393.4655,0.5759,34.7787,0.2510,3.8000,-0.4500,3.4921,179.4616,357.7068,0.0000,0.0000,0.0000
103.191,393.2050,0.5823,34.8136,0.2510,3.8000,-0.4500,3.2560,179.4709,357.8001,0.0000,0.0000,0.0000
103.303,392.9886,0.5872,34.8064,0.2510,3.8000,-0.4500,3.0329,179.4792,357.9295,0.0000,0.0000,0.0000
103.414,392.7288,0.5924,34.7734,0.2510,3.8000,-0.4500,2.8905,179.4843,358.0187,0.0000,0.0000,0.0000
103.525,392.5138,0.5987,34.7375,0.2510,3.8000,-0.4500,2.5591,179.4950,358.2703,0.0000,0.0000,0.0000
103.636,392.2546,0.6051,34.6882,0.2510,3.8000,-0.4500,2.4950,179.4969,358.3260,0.0000,0.0000,0.0000
103.747,392.0404,0.6134,34.6482,0.2510,3.8000,-0.4500,2.1794,179.5054,358.6085,0.0000,0.0000,0.0000
103.858,391.7821,0.6225,34.6010,0.2510,3.8000,-0.4500,2.0617,179.5081,358.7205,0.0000,0.0000,0.0000
103.969,391.5669,0.6305,34.5642,0.2510,3.8000,-0.4500,2.0024,179.5094,358.7773,0.0000,0.0000,0.0000
104.080,391.3103,0.6433,34.5252,0.2510,3.8000,-0.4500,1.6942,179.5152,359.0767,0.0000,0.0000,0.0000
104.192,391.0528,0.6550,34.4904,0.2510,3.8000,-0.4500,1.5773,179.5170,359.1894,0.0000,0.0000,0.0000
104.303,390.8389,0.6658,34.4657,0.2510,3.8000,-0.4500,1.3880,179.5193,359.3671,0.0000,0.0000,0.0000
104.414,390.5816,0.6780,34.4402,0.2510,3.8000,-0.4500,1.2636,179.5206,359.4804,0.0000,0.0000,0.0000
104.525,390.3676,0.6881,34.4228,0.2510,3.8000,-0.4500,1.1373,179.5216,359.5917,0.0000,0.0000,0.0000
104.636,390.1112,0.6998,34.4065,0.2510,3.8000,-0.4500,0.9427,179.5227,359.7514,0.0000,0.0000,0.0000
104.747,389.8972,0.7083,34.3961,0.2510,3.8000,-0.4500,0.8061,179.5232,359.8518,0.0000,0.0000,0.0000
104.858,389.6402,0.7168,34.3863,0.2510,3.8000,-0.4500,0.7377,179.5234,359.9009,0.0000,0.0000,0.0000
104.970,389.3839,0.7241,34.3805,0.2510,3.8000,-0.4500,0.5259,179.5235,0.0331,0.0000,0.0000,0.0000
105.081,389.1701,0.7286,34.3766,0.2510,3.8000,-0.4500,0.3790,179.5233,0.1105,0.0000,0.0000,0.0000
105.191,388.9134,0.7323,34.3718,0.2510,3.8000,-0.4500,0.3061,179.5231,0.1481,0.0000,0.0000,0.0000
105.299,388.7001,0.7344,34.3690,0.2510,3.8000,-0.4500,0.0788,179.5223,0.2548,0.0000,0.0000,0.0000
105.400,388.4863,0.7357,34.3647,0.2510,3.8000,-0.4500,0.0788,179.5223,0.2548,0.0000,0.0000,0.0000
105.511,388.2305,0.7367,34.3604,0.2510,3.8000,-0.4500,359.9311,179.5216,0.3239,0.0000,0.0000,0.0000
105.623,388.0177,0.7372,34.3567,0.2510,3.8000,-0.4500,359.7846,179.5207,0.3955,0.0000,0.0000,0.0000
105.733,387.7624,0.7376,34.3509,0.2510,3.8000,-0.4500,359.7124,179.5201,0.4338,0.0000,0.0000,0.0000
105.844,387.5499,0.7382,34.3454,0.2510,3.8000,-0.4500,359.6403,179.5196,0.4727,0.0000,0.0000,0.0000
105.955,387.2957,0.7396,34.3384,0.2510,3.8000,-0.4500,359.5003,179.5183,0.5593,0.0000,0.0000,0.0000
106.067,387.0840,0.7413,34.3311,0.2510,3.8000,-0.4500,359.4323,179.5176,0.6028,0.0000,0.0000,0.0000
106.178,386.8300,0.7441,34.3206,0.2510,3.8000,-0.4500,359.4323,179.5176,0.6028,0.0000,0.0000,0.0000
106.289,386.6194,0.7482,34.3120,0.2510,3.8000,-0.4500,359.3036,179.5162,0.7084,0.0000,0.0000,0.0000
106.400,386.3667,0.7542,34.2996,0.2510,3.8000,-0.4500,359.2465,179.5154,0.7638,0.0000,0.0000,0.0000
106.511,386.1141,0.7615,34.2856,0.2510,3.8000,-0.4500,359.2465,179.5154,0.7638,0.0000,0.0000,0.0000
106.622,385.9046,0.7698,34.2735,0.2510,3.8000,-0.4500,359.1931,179.5147,0.8264,0.0000,0.0000,0.0000
106.733,385.6545,0.7835,34.2584,0.2510,3.8000,-0.4500,359.0532,179.5124,1.0333,0.0000,0.0000,0.0000
106.844,385.4454,0.7947,34.2432,0.2510,3.8000,-0.4500,359.0532,179.5124,1.0333,0.0000,0.0000,0.0000
106.956,385.1950,0.8103,34.2229,0.2510,3.8000,-0.4500,359.0532,179.5124,1.0333,0.0000,0.0000,0.0000
107.067,384.9869,0.8253,34.2051,0.2510,3.8000,-0.4500,359.0532,179.5124,1.0333,0.0000,0.0000,0.0000
107.177,384.7386,0.8479,34.1828,0.2510,3.8000,-0.4500,359.0047,179.5115,1.1901,0.0000,0.0000,0.0000
107.289,384.5312,0.8668,34.1621,0.2510,3.8000,-0.4500,359.0047,179.5115,1.1901,0.0000,0.0000,0.0000
107.400,384.2834,0.8931,34.1355,0.2510,3.8000,-0.4500,358.9954,179.5113,1.2698,0.0000,0.0000,0.0000
107.510,384.0356,0.9206,34.1065,0.2510,3.8000,-0.4500,358.9954,179.5113,1.2698,0.0000,0.0000,0.0000
107.622,383.8307,0.9482,34.0802,0.2510,3.8000,-0.4500,359.0052,179.5115,1.4331,0.0000,0.0000,0.0000
107.733,383.5840,0.9797,34.0451,0.2510,3.8000,-0.4500,359.0052,179.5115,1.4331,0.0000,0.0000,0.0000
107.844,383.3787,1.0076,34.0137,0.2510,3.8000,-0.4500,359.0052,179.5115,1.4331,0.0000,0.0000,0.0000
107.956,383.1328,1.0426,33.9740,0.2510,3.8000,-0.4500,359.0052,179.5115,1.4331,0.0000,0.0000,0.0000
108.067,382.9285,1.0745,33.9389,0.2510,3.8000,-0.4500,359.0378,179.5123,1.5071,0.0000,0.0000,0.0000
108.178,382.6831,1.1120,33.8947,0.2510,3.8000,-0.4500,359.0378,179.5123,1.5071,0.0000,0.0000,0.0000
108.289,382.4792,1.1454,33.8565,0.2510,3.8000,-0.4500,359.0888,179.5137,1.5693,0.0000,0.0000,0.0000
108.401,382.2342,1.1857,33.8109,0.2510,3.8000,-0.4500,359.1405,179.5152,1.6297,0.0000,0.0000,0.0000
108.511,381.9886,1.2248,33.7665,0.2510,3.8000,-0.4500,359.1405,179.5152,1.6297,0.0000,0.0000,0.0000
108.622,381.7836,1.2572,33.7300,0.2510,3.8000,-0.4500,359.1405,179.5152,1.6297,0.0000,0.0000,0.0000
108.733,381.5374,1.2957,33.6864,0.2510,3.8000,-0.4500,359.1405,179.5152,1.6296,0.0000,0.0000,0.0000
108.844,381.3322,1.3288,33.6624,0.2510,3.8000,-0.4500,359.3036,179.5199,1.6617,0.0000,0.0000,0.0000
108.954,381.0851,1.3653,33.6665,0.2510,3.8000,-0.4500,359.3036,179.5199,1.6617,0.0000,0.0000,0.0000
109.067,380.8789,1.3951,33.6759,0.2510,3.8000,-0.4500,359.3861,179.5222,1.6520,0.0000,0.0000,0.0000
109.178,380.6308,1.4289,33.6629,0.2510,3.8000,-0.4500,359.5498,179.5269,1.6115,0.0000,0.0000,0.0000
109.288,380.4230,1.4545,33.6398,0.2510,3.8000,-0.4500,359.7030,179.5311,1.5334,0.0000,0.0000,0.0000
109.397,380.1729,1.4825,33.6053,0.2510,3.8000,-0.4500,359.8479,179.5349,1.4497,0.0000,0.0000,0.0000
109.508,379.9630,1.5020,33.5734,0.2510,3.8000,-0.4500,0.0304,179.5392,1.2778,0.0000,0.0000,0.0000
109.622,379.7104,1.5224,33.5355,0.2510,3.8000,-0.4500,0.1369,179.5415,1.1447,0.0000,0.0000,0.0000
109.733,379.4561,1.5381,33.5073,0.2510,3.8000,-0.4500,0.2836,179.5442,0.9427,0.0000,0.0000,0.0000
109.844,379.2428,1.5471,33.5018,0.2510,3.8000,-0.4500,0.4027,179.5459,0.7186,0.0000,0.0000,0.0000
109.955,378.9860,1.5554,33.5054,0.2510,3.8000,-0.4500,0.4759,179.5467,0.5697,0.0000,0.0000,0.0000
110.066,378.7692,1.5548,33.5104,0.2510,3.8000,-0.4500,0.6289,179.5477,0.1783,0.0000,0.0000,0.0000
110.175,378.5096,1.5540,33.5167,0.2510,3.8000,-0.4500,0.6795,179.5478,0.0259,0.0000,0.0000,0.0000
110.275,378.2906,1.5452,33.5212,0.2510,3.8000,-0.4500,0.7968,179.5475,359.6316,0.0000,0.0000,0.0000
110.386,378.0724,1.5364,33.5275,0.2510,3.8000,-0.4500,0.8375,179.5471,359.4754,0.0000,0.0000,0.0000
110.498,377.8091,1.5187,33.5375,0.2510,3.8000,-0.4500,0.9159,179.5462,359.1556,0.0000,0.0000,0.0000
110.606,377.5900,1.5015,33.5493,0.2510,3.8000,-0.4500,0.9527,179.5456,358.9938,0.0000,0.0000,0.0000
110.716,377.3252,1.4722,33.5676,0.2510,3.8000,-0.4500,1.0455,179.5437,358.5687,0.0000,0.0000,0.0000
110.817,377.1057,1.4469,33.5886,0.2510,3.8000,-0.4500,1.0793,179.5428,358.4105,0.0000,0.0000,0.0000
110.928,376.8853,1.4164,33.6058,0.2510,3.8000,-0.4500,1.1340,179.5411,358.1523,0.0000,0.0000,0.0000
111.039,376.6208,1.3740,33.5943,0.2510,3.8000,-0.4500,1.2042,179.5387,357.8224,0.0000,0.0000,0.0000
111.150,376.3569,1.3274,33.5584,0.2510,3.8000,-0.4500,1.2553,179.5366,357.5835,0.0000,0.0000,0.0000
111.261,376.1369,1.2838,33.5157,0.2510,3.8000,-0.4500,1.3082,179.5343,357.3398,0.0000,0.0000,0.0000
111.372,375.8728,1.2265,33.4529,0.2510,3.8000,-0.4500,1.3807,179.5307,357.0148,0.0000,0.0000,0.0000
111.483,375.6536,1.1770,33.3917,0.2510,3.8000,-0.4500,1.4181,179.5287,356.8541,0.0000,0.0000,0.0000
111.592,375.3987,1.1113,33.2021,0.2510,3.8000,-0.4500,1.4766,179.5253,356.6124,0.0000,0.0000,0.0000
111.705,375.2001,1.0512,32.8579,0.2510,3.8000,-0.4500,1.4957,179.5242,356.5311,0.0000,0.0000,0.0000
111.817,374.9718,0.9704,32.2863,0.2510,3.8000,-0.4500,1.5333,179.5218,356.3674,0.0000,0.0000,0.0000
111.927,374.7860,0.8977,31.7367,0.2510,3.8000,-0.4500,1.5634,179.5199,356.2025,0.0000,0.0000,0.0000
112.038,374.5643,0.8075,31.0705,0.2510,3.8000,-0.4500,1.5862,179.5184,356.0374,0.0000,0.0000,0.0000
112.149,374.3770,0.7337,30.5715,0.2510,3.8000,-0.4500,1.5862,179.5184,356.0374,0.0000,0.0000,0.0000
112.261,374.1447,0.6410,30.0675,0.2510,3.8000,-0.4500,1.6139,179.5164,355.7864,0.0000,0.0000,0.0000
112.372,373.9076,0.5534,29.6526,0.2510,3.8000,-0.4500,1.6139,179.5164,355.7864,0.0000,0.0000,0.0000
112.483,373.7062,0.4808,29.3569,0.2510,3.8000,-0.4500,1.6139,179.5164,355.7864,0.0000,0.0000,0.0000
112.594,373.4611,0.3931,29.0434,0.2510,3.8000,-0.4500,1.6285,179.5153,355.7061,0.0000,0.0000,0.0000
112.706,373.2548,0.3204,28.8055,0.2510,3.8000,-0.4500,1.6482,179.5138,355.6271,0.0000,0.0000,0.0000
112.817,373.0063,0.2356,28.5377,0.2510,3.8000,-0.4500,1.6482,179.5138,355.6271,0.0000,0.0000,0.0000
112.927,372.7979,0.1647,28.3239,0.2510,3.8000,-0.4500,1.6786,179.5114,355.5520,0.0000,0.0000,0.0000
113.038,372.5478,0.0822,28.0750,0.2510,3.8000,-0.4500,1.6786,179.5114,355.5520,0.0000,0.0000,0.0000
113.150,372.2970,0.0016,27.8325,0.2510,3.8000,-0.4500,1.6786,179.5114,355.5520,0.0000,0.0000,0.0000
113.261,372.0873,-0.0646,27.6336,0.2510,3.8000,-0.4500,1.7280,179.5076,355.4891,0.0000,0.0000,0.0000
113.372,371.8358,-0.1408,27.3978,0.2510,3.8000,-0.4500,1.7280,179.5076,355.4891,0.0000,0.0000,0.0000
113.483,371.6261,-0.2021,27.2022,0.2510,3.8000,-0.4500,1.7280,179.5076,355.4891,0.0000,0.0000,0.0000
113.595,371.3742,-0.2731,26.9670,0.2510,3.8000,-0.4500,1.7976,179.5020,355.4484,0.0000,0.0000,0.0000
113.706,371.1642,-0.3295,26.7711,0.2510,3.8000,-0.4500,1.8710,179.4962,355.4196,0.0000,0.0000,0.0000
113.808,370.9543,-0.3834,26.5792,0.2510,3.8000,-0.4500,1.8710,179.4962,355.4196,0.0000,0.0000,0.0000
113.931,370.6592,-0.4529,26.3186,0.2510,3.8000,-0.4500,2.1177,179.4763,355.3950,0.0000,0.0000,0.0000
114.056,370.4058,-0.5093,26.1045,0.2510,3.8000,-0.4500,2.1177,179.4763,355.3950,0.0000,0.0000,0.0000
114.164,370.1945,-0.5506,25.9278,0.2510,3.8000,-0.4500,2.3595,179.4570,355.4421,0.0000,0.0000,0.0000
114.264,369.9830,-0.5920,25.7546,0.2510,3.8000,-0.4500,2.3595,179.4570,355.4421,0.0000,0.0000,0.0000
114.376,369.7294,-0.6352,25.5462,0.2510,3.8000,-0.4500,2.5961,179.4382,355.5296,0.0000,0.0000,0.0000
114.487,369.5179,-0.6716,25.3740,0.2510,3.8000,-0.4500,2.5961,179.4382,355.5296,0.0000,0.0000,0.0000
114.594,369.2645,-0.7106,25.1642,0.2510,3.8000,-0.4500,2.7425,179.4269,355.5957,0.0000,0.0000,0.0000
114.706,369.0535,-0.7423,24.9881,0.2510,3.8000,-0.4500,2.8150,179.4213,355.6289,0.0000,0.0000,0.0000
114.817,368.8001,-0.7802,24.7756,0.2510,3.8000,-0.4500,2.8150,179.4213,355.6289,0.0000,0.0000,0.0000
114.928,368.5894,-0.8081,24.5957,0.2510,3.8000,-0.4500,2.9652,179.4099,355.6930,0.0000,0.0000,0.0000
115.039,368.3362,-0.8428,24.3797,0.2510,3.8000,-0.4500,2.9652,179.4099,355.6930,0.0000,0.0000,0.0000
115.150,368.0834,-0.8732,24.1610,0.2510,3.8000,-0.4500,3.1098,179.3991,355.7575,0.0000,0.0000,0.0000
115.261,367.8729,-0.8972,23.9779,0.2510,3.8000,-0.4500,3.1785,179.3940,355.7948,0.0000,0.0000,0.0000
115.372,367.6204,-0.9235,23.7565,0.2510,3.8000,-0.4500,3.2449,179.3891,355.8378,0.0000,0.0000,0.0000
115.481,367.4105,-0.9412,23.5703,0.2510,3.8000,-0.4500,3.3704,179.3801,355.9380,0.0000,0.0000,0.0000
115.594,367.1584,-0.9624,23.3477,0.2510,3.8000,-0.4500,3.3704,179.3801,355.9380,0.0000,0.0000,0.0000
115.706,366.9492,-0.9724,23.1609,0.2510,3.8000,-0.4500,3.5267,179.3692,356.1280,0.0000,0.0000,0.0000
115.817,366.6979,-0.9831,22.9383,0.2510,3.8000,-0.4500,3.6060,179.3639,356.2723,0.0000,0.0000,0.0000
115.929,366.4886,-0.9899,22.7538,0.2510,3.8000,-0.4500,3.6408,179.3617,356.3449,0.0000,0.0000,0.0000
116.039,366.2385,-0.9913,22.5333,0.2510,3.8000,-0.4500,3.7167,179.3570,356.5729,0.0000,0.0000,0.0000
116.149,366.0301,-0.9901,22.3509,0.2510,3.8000,-0.4500,3.7475,179.3552,356.7320,0.0000,0.0000,0.0000
116.261,365.7815,-0.9822,22.1333,0.2510,3.8000,-0.4500,3.7734,179.3537,357.0696,0.0000,0.0000,0.0000
116.372,365.5323,-0.9734,21.9174,0.2510,3.8000,-0.4500,3.7670,179.3541,357.2352,0.0000,0.0000,0.0000
116.484,365.3253,-0.9625,21.7384,0.2510,3.8000,-0.4500,3.7525,179.3548,357.4007,0.0000,0.0000,0.0000
116.594,365.0776,-0.9451,21.5251,0.2510,3.8000,-0.4500,3.7178,179.3562,357.6477,0.0000,0.0000,0.0000
116.706,364.8722,-0.9271,21.3498,0.2510,3.8000,-0.4500,3.6622,179.3584,357.8928,0.0000,0.0000,0.0000
116.817,364.6252,-0.9042,21.1427,0.2510,3.8000,-0.4500,3.6182,179.3600,358.0531,0.0000,0.0000,0.0000
116.924,364.4215,-0.8782,20.9733,0.2510,3.8000,-0.4500,3.4818,179.3641,358.4579,0.0000,0.0000,0.0000
117.025,364.2159,-0.8560,20.8046,0.2510,3.8000,-0.4500,3.4818,179.3641,358.4579,0.0000,0.0000,0.0000
117.136,363.9725,-0.8207,20.6029,0.2510,3.8000,-0.4500,3.3116,179.3681,358.8566,0.0000,0.0000,0.0000
117.248,363.7693,-0.7917,20.4341,0.2510,3.8000,-0.4500,3.2367,179.3695,359.0103,0.0000,0.0000,0.0000
117.359,363.5273,-0.7528,20.2315,0.2510,3.8000,-0.4500,3.0857,179.3717,359.3068,0.0000,0.0000,0.0000
117.470,363.2858,-0.7125,20.0275,0.2510,3.8000,-0.4500,2.9604,179.3730,359.5253,0.0000,0.0000,0.0000
117.578,363.0854,-0.6777,19.8551,0.2510,3.8000,-0.4500,2.8767,179.3736,359.6672,0.0000,0.0000,0.0000
117.678,362.8862,-0.6407,19.6808,0.2510,3.8000,-0.4500,2.7442,179.3741,359.8769,0.0000,0.0000,0.0000
117.788,362.6878,-0.6022,19.5048,0.2510,3.8000,-0.4500,2.6042,179.3742,0.0872,0.0000,0.0000,0.0000
117.897,362.4502,-0.5558,19.2904,0.2510,3.8000,-0.4500,2.5129,179.3739,0.2216,0.0000,0.0000,0.0000
117.998,362.2537,-0.5148,19.1079,0.2510,3.8000,-0.4500,2.3673,179.3731,0.4236,0.0000,0.0000,0.0000
118.109,362.0581,-0.4727,18.9217,0.2510,3.8000,-0.4500,2.2174,179.3717,0.6241,0.0000,0.0000,0.0000
118.220,361.8240,-0.4221,18.6936,0.2510,3.8000,-0.4500,2.1139,179.3705,0.7575,0.0000,0.0000,0.0000
118.330,361.5908,-0.3701,18.4657,0.2510,3.8000,-0.4500,2.0092,179.3690,0.8898,0.0000,0.0000,0.0000
118.442,361.3971,-0.3254,18.2779,0.2510,3.8000,-0.4500,1.9026,179.3672,1.0221,0.0000,0.0000,0.0000
118.553,361.1659,-0.2694,18.0558,0.2510,3.8000,-0.4500,1.6898,179.3629,1.2777,0.0000,0.0000,0.0000
118.664,360.9722,-0.2242,17.8718,0.2510,3.8000,-0.4500,1.6898,179.3629,1.2777,0.0000,0.0000,0.0000
118.775,360.7405,-0.1675,17.6602,0.2510,3.8000,-0.4500,1.5819,179.3604,1.4023,0.0000,0.0000,0.0000
118.887,360.5478,-0.1184,17.4946,0.2510,3.8000,-0.4500,1.4137,179.3560,1.5916,0.0000,0.0000,0.0000
118.994,360.3155,-0.0598,17.3061,0.2510,3.8000,-0.4500,1.2998,179.3527,1.7156,0.0000,0.0000,0.0000
119.095,360.1215,-0.0107,17.1570,0.2510,3.8000,-0.4500,1.2434,179.3510,1.7767,0.0000,0.0000,0.0000
119.223,359.8891,0.0499,16.9877,0.2510,3.8000,-0.4500,1.0700,179.3453,1.9585,0.0000,0.0000,0.0000
119.330,359.6555,0.1094,16.8249,0.2510,3.8000,-0.4500,1.0700,179.3453,1.9585,0.0000,0.0000,0.0000
119.442,359.4612,0.1599,16.6933,0.2510,3.8000,-0.4500,1.0092,179.3432,2.0202,0.0000,0.0000,0.0000
119.553,359.2289,0.2213,16.5367,0.2510,3.8000,-0.4500,0.8882,179.3388,2.1423,0.0000,0.0000,0.0000
119.664,359.0349,0.2717,16.4053,0.2510,3.8000,-0.4500,0.8882,179.3388,2.1423,0.0000,0.0000,0.0000
119.776,358.8037,0.3342,16.2479,0.2510,3.8000,-0.4500,0.7117,179.3319,2.3168,0.0000,0.0000,0.0000
119.887,358.6103,0.3850,16.1142,0.2510,3.8000,-0.4500,0.7117,179.3319,2.3168,0.0000,0.0000,0.0000
119.998,358.3788,0.4462,15.9521,0.2510,3.8000,-0.4500,0.7117,179.3319,2.3168,0.0000,0.0000,0.0000
