time_sec,world_x,world_y,world_z,local_x,local_y,local_z,world_rot_x,world_rot_y,world_rot_z,local_rot_x,local_rot_y,local_rot_z
0.000,598.7960,5.1807,250.4555,0.2510,3.8000,-0.4500,0.0000,180.0000,0.0000,0.0000,0.0000,0.0000
0.000,598.7960,5.1807,250.4555,0.2510,3.8000,-0.4500,0.0000,180.0000,0.0000,0.0000,0.0000,0.0000
0.101,598.5439,4.9589,250.4612,0.2510,3.8000,-0.4500,0.0000,180.0000,0.0000,0.0000,0.0000,0.0000
0.211,598.2031,4.6661,250.4663,0.2510,3.8000,-0.4500,0.0000,180.0000,0.0000,0.0000,0.0000,0.0000
0.321,597.6891,4.2305,250.4717,0.2510,3.8000,-0.4500,0.0000,180.0000,0.0000,0.0000,0.0000,0.0000
0.432,597.1821,3.8045,250.4758,0.2510,3.8000,-0.4500,0.0000,180.0000,0.0000,0.0000,0.0000,0.0000
0.543,596.4896,3.2258,250.4793,0.2510,3.8000,-0.4500,0.0000,180.0000,0.0000,0.0000,0.0000,0.0000
0.655,595.7153,2.5814,250.4793,0.2510,3.8000,-0.4500,0.0000,180.0000,0.0000,0.0000,0.0000,0.0000
0.765,595.0145,1.9998,250.4758,0.2510,3.8000,-0.4500,0.0000,180.0000,0.0000,0.0000,0.0000,0.0000
0.877,594.1143,1.2539,250.4711,0.2510,3.8000,-0.4500,0.0000,180.0000,0.0000,0.0000,0.0000,0.0000
0.988,593.3199,0.5966,250.4724,0.2510,3.8000,-0.4500,0.0000,180.0000,0.0000,0.0000,0.0000,0.0000
1.101,592.3195,-0.2305,250.4841,0.2510,3.8000,-0.4500,0.0000,180.0000,0.0000,0.0000,0.0000,0.0000
1.211,591.6367,-0.8124,250.5034,0.2510,3.8000,-0.4500,359.6728,180.0000,0.0013,0.0000,0.0000,0.0000
1.322,591.0640,-1.2272,250.5475,0.2510,3.8000,-0.4500,358.3470,179.9999,0.0066,0.0000,0.0000,0.0000
1.434,590.6406,-1.3600,250.6073,0.2510,3.8000,-0.4500,357.4829,179.9998,0.0099,0.0000,0.0000,0.0000
1.544,590.3505,-1.3335,250.6647,0.2510,3.8000,-0.4500,357.3059,179.9997,0.0105,0.0000,0.0000,0.0000
1.656,590.0439,-1.2355,250.7396,0.2510,3.8000,-0.4500,357.3059,179.9997,0.0105,0.0000,0.0000,0.0000
1.766,589.8080,-1.1552,250.8038,0.2510,3.8000,-0.4500,357.3059,179.9998,0.0105,0.0000,0.0000,0.0000
1.878,589.5381,-1.0992,250.8800,0.2510,3.8000,-0.4500,357.3059,179.9998,0.0105,0.0000,0.0000,0.0000
1.989,589.3194,-1.0952,250.9417,0.2510,3.8000,-0.4500,357.3058,179.9998,0.0105,0.0000,0.0000,0.0000
2.100,589.0610,-1.1351,251.0135,0.2510,3.8000,-0.4500,357.3059,179.9998,0.0105,0.0000,0.0000,0.0000
2.211,588.8475,-1.1937,251.0720,0.2510,3.8000,-0.4500,357.3059,179.9998,0.0105,0.0000,0.0000,0.0000
2.322,588.5927,-1.2783,251.1414,0.2510,3.8000,-0.4500,357.3059,179.9998,0.0105,0.0000,0.0000,0.0000
2.433,588.3384,-1.3646,251.2102,0.2510,3.8000,-0.4500,357.3059,179.9998,0.0105,0.0000,0.0000,0.0000
2.544,588.1268,-1.4318,251.2671,0.2510,3.8000,-0.4500,357.3059,179.9998,0.0105,0.0000,0.0000,0.0000
2.655,587.8730,-1.5042,251.3351,0.2510,3.8000,-0.4500,357.3059,179.9998,0.0105,0.0000,0.0000,0.0000
2.767,587.6616,-1.5582,251.3919,0.2510,3.8000,-0.4500,357.3058,179.9998,0.0105,0.0000,0.0000,0.0000
2.880,587.4078,-1.6178,251.4608,0.2510,3.8000,-0.4500,357.3058,179.9998,0.0105,0.0000,0.0000,0.0000
2.989,587.1963,-1.6652,251.5188,0.2510,3.8000,-0.4500,357.3058,179.9998,0.0105,0.0000,0.0000,0.0000
3.099,586.9425,-1.7215,251.5888,0.2510,3.8000,-0.4500,357.3058,179.9998,0.0105,0.0000,0.0000,0.0000
3.210,586.7309,-1.7692,251.6476,0.2510,3.8000,-0.4500,357.3059,179.9998,0.0105,0.0000,0.0000,0.0000
3.323,586.4771,-1.8276,251.7193,0.2510,3.8000,-0.4500,357.3059,179.9998,0.0105,0.0000,0.0000,0.0000
3.432,586.2656,-1.8773,251.7803,0.2510,3.8000,-0.4500,357.3059,179.9998,0.0105,0.0000,0.0000,0.0000
3.544,586.0118,-1.9379,251.8547,0.2510,3.8000,-0.4500,357.3059,179.9998,0.0105,0.0000,0.0000,0.0000
3.657,585.7579,-1.9989,251.9304,0.2510,3.8000,-0.4500,357.3059,179.9998,0.0105,0.0000,0.0000,0.0000
3.766,585.5461,-2.0497,251.9944,0.2510,3.8000,-0.4500,357.3059,179.9998,0.0105,0.0000,0.0000,0.0000
3.878,585.2919,-2.1103,252.0722,0.2510,3.8000,-0.4500,357.3059,179.9998,0.0105,0.0000,0.0000,0.0000
3.989,585.0801,-2.1604,252.1385,0.2510,3.8000,-0.4500,357.3059,179.9998,0.0105,0.0000,0.0000,0.0000
4.099,584.8260,-2.2198,252.2203,0.2510,3.8000,-0.4500,357.3059,179.9998,0.0105,0.0000,0.0000,0.0000
4.210,584.6142,-2.2687,252.2898,0.2510,3.8000,-0.4500,357.3059,179.9998,0.0105,0.0000,0.0000,0.0000
4.322,584.3600,-2.3264,252.3743,0.2510,3.8000,-0.4500,357.3059,179.9998,0.0105,0.0000,0.0000,0.0000
4.433,584.1472,-2.3755,252.4447,0.2510,3.8000,-0.4500,357.3872,179.9997,359.8662,0.0000,0.0000,0.0000
4.544,583.8931,-2.4307,252.5302,0.2510,3.8000,-0.4500,357.3872,179.9997,359.8662,0.0000,0.0000,0.0000
4.656,583.6382,-2.4856,252.6151,0.2510,3.8000,-0.4500,357.4932,179.9993,359.7393,0.0000,0.0000,0.0000
4.767,583.4264,-2.5285,252.6862,0.2510,3.8000,-0.4500,357.4932,179.9993,359.7393,0.0000,0.0000,0.0000
4.878,583.1714,-2.5785,252.7704,0.2510,3.8000,-0.4500,357.6193,179.9986,359.6340,0.0000,0.0000,0.0000
4.989,582.9591,-2.6176,252.8401,0.2510,3.8000,-0.4500,357.7567,179.9976,359.5512,0.0000,0.0000,0.0000
5.100,582.7047,-2.6610,252.9240,0.2510,3.8000,-0.4500,357.8305,179.9970,359.5209,0.0000,0.0000,0.0000
5.211,582.4926,-2.6940,252.9928,0.2510,3.8000,-0.4500,357.9826,179.9957,359.4701,0.0000,0.0000,0.0000
5.322,582.2386,-2.7303,253.0761,0.2510,3.8000,-0.4500,357.9826,179.9957,359.4701,0.0000,0.0000,0.0000
5.434,581.9847,-2.7613,253.1589,0.2510,3.8000,-0.4500,358.1476,179.9941,359.4463,0.0000,0.0000,0.0000
5.546,581.7736,-2.7821,253.2276,0.2510,3.8000,-0.4500,358.4046,179.9916,359.4442,0.0000,0.0000,0.0000
5.655,581.5206,-2.8030,253.3117,0.2510,3.8000,-0.4500,358.5728,179.9900,359.4648,0.0000,0.0000,0.0000
5.767,581.3098,-2.8168,253.3838,0.2510,3.8000,-0.4500,358.6561,179.9893,359.4770,0.0000,0.0000,0.0000
5.878,581.0581,-2.8240,253.4713,0.2510,3.8000,-0.4500,359.0562,179.9860,359.5853,0.0000,0.0000,0.0000
5.991,580.8484,-2.8295,253.5484,0.2510,3.8000,-0.4500,359.0562,179.9860,359.5853,0.0000,0.0000,0.0000
6.100,580.5984,-2.8243,253.6402,0.2510,3.8000,-0.4500,359.4395,179.9837,359.7520,0.0000,0.0000,0.0000
6.212,580.3898,-2.8199,253.7198,0.2510,3.8000,-0.4500,359.4395,179.9837,359.7520,0.0000,0.0000,0.0000
6.323,580.1409,-2.8033,253.8140,0.2510,3.8000,-0.4500,359.7296,179.9829,359.9129,0.0000,0.0000,0.0000
6.434,579.8927,-2.7794,253.9080,0.2510,3.8000,-0.4500,0.0110,179.9829,0.0925,0.0000,0.0000,0.0000
6.544,579.6859,-2.7559,253.9859,0.2510,3.8000,-0.4500,0.1445,179.9832,0.1854,0.0000,0.0000,0.0000
6.656,579.4387,-2.7202,254.0775,0.2510,3.8000,-0.4500,0.3443,179.9841,0.3322,0.0000,0.0000,0.0000
6.767,579.2332,-2.6858,254.1528,0.2510,3.8000,-0.4500,0.4728,179.9850,0.4323,0.0000,0.0000,0.0000
6.878,578.9872,-2.6371,254.2407,0.2510,3.8000,-0.4500,0.6666,179.9867,0.5900,0.0000,0.0000,0.0000
7.003,578.7419,-2.5814,254.3264,0.2510,3.8000,-0.4500,0.8566,179.9889,0.7527,0.0000,0.0000,0.0000
7.114,578.4979,-2.5190,254.4100,0.2510,3.8000,-0.4500,1.0421,179.9916,0.9180,0.0000,0.0000,0.0000
7.225,578.2953,-2.4610,254.4776,0.2510,3.8000,-0.4500,1.2269,179.9949,1.0928,0.0000,0.0000,0.0000
7.336,578.0518,-2.3895,254.5578,0.2510,3.8000,-0.4500,1.2870,179.9960,1.1504,0.0000,0.0000,0.0000
7.448,577.8511,-2.3203,254.6218,0.2510,3.8000,-0.4500,1.5339,180.0015,1.4004,0.0000,0.0000,0.0000
7.560,577.6094,-2.2379,254.6999,0.2510,3.8000,-0.4500,1.5919,180.0030,1.4600,0.0000,0.0000,0.0000
7.669,577.4100,-2.1619,254.7642,0.2510,3.8000,-0.4500,1.7583,180.0075,1.6404,0.0000,0.0000,0.0000
7.781,577.1713,-2.0667,254.8422,0.2510,3.8000,-0.4500,1.9212,180.0124,1.8255,0.0000,0.0000,0.0000
7.891,576.9726,-1.9861,254.9089,0.2510,3.8000,-0.4500,1.9729,180.0141,1.8850,0.0000,0.0000,0.0000
8.002,576.7349,-1.8854,254.9904,0.2510,3.8000,-0.4500,2.0241,180.0158,1.9481,0.0000,0.0000,0.0000
8.113,576.4987,-1.7794,255.0728,0.2510,3.8000,-0.4500,2.1261,180.0194,2.0759,0.0000,0.0000,0.0000
8.225,576.3029,-1.6879,255.1423,0.2510,3.8000,-0.4500,2.2221,180.0230,2.2042,0.0000,0.0000,0.0000
8.337,576.0679,-1.5776,255.2265,0.2510,3.8000,-0.4500,2.2669,180.0247,2.2684,0.0000,0.0000,0.0000
8.448,575.8721,-1.4852,255.2969,0.2510,3.8000,-0.4500,2.2669,180.0247,2.2684,0.0000,0.0000,0.0000
8.558,575.6381,-1.3711,255.3804,0.2510,3.8000,-0.4500,2.3108,180.0265,2.3395,0.0000,0.0000,0.0000
8.670,575.4443,-1.2733,255.4482,0.2510,3.8000,-0.4500,2.3953,180.0301,2.4789,0.0000,0.0000,0.0000
8.780,575.2103,-1.1591,255.5291,0.2510,3.8000,-0.4500,2.3953,180.0301,2.4789,0.0000,0.0000,0.0000
8.894,574.9763,-1.0449,255.6081,0.2510,3.8000,-0.4500,2.3953,180.0301,2.4789,0.0000,0.0000,0.0000
9.003,574.7816,-0.9501,255.6707,0.2510,3.8000,-0.4500,2.3953,180.0301,2.4789,0.0000,0.0000,0.0000
9.114,574.5473,-0.8375,255.7409,0.2510,3.8000,-0.4500,2.3953,180.0301,2.4789,0.0000,0.0000,0.0000
9.225,574.3518,-0.7450,255.7961,0.2510,3.8000,-0.4500,2.3953,180.0301,2.4789,0.0000,0.0000,0.0000
9.336,574.1168,-0.6358,255.8588,0.2510,3.8000,-0.4500,2.3953,180.0301,2.4789,0.0000,0.0000,0.0000
9.446,573.9201,-0.5470,255.9086,0.2510,3.8000,-0.4500,2.3953,180.0301,2.4789,0.0000,0.0000,0.0000
9.558,573.6838,-0.4431,255.9662,0.2510,3.8000,-0.4500,2.3953,180.0301,2.4789,0.0000,0.0000,0.0000
9.669,573.4865,-0.3593,256.0134,0.2510,3.8000,-0.4500,2.3953,180.0301,2.4789,0.0000,0.0000,0.0000
9.780,573.2490,-0.2628,256.0401,0.2510,3.8000,-0.4500,2.3953,180.0301,2.4789,0.0000,0.0000,0.0000
9.892,573.0505,-0.1868,256.0238,0.2510,3.8000,-0.4500,2.3953,180.0301,2.4788,0.0000,0.0000,0.0000
10.003,572.8118,-0.1005,255.9789,0.2510,3.8000,-0.4500,2.3953,180.0301,2.4789,0.0000,0.0000,0.0000
10.114,572.5724,-0.0193,255.9190,0.2510,3.8000,-0.4500,2.3953,180.0301,2.4789,0.0000,0.0000,0.0000
10.224,572.3724,0.0445,255.8631,0.2510,3.8000,-0.4500,2.3953,180.0301,2.4789,0.0000,0.0000,0.0000
10.335,572.1318,0.1151,255.7936,0.2510,3.8000,-0.4500,2.2302,180.0229,2.4617,0.0000,0.0000,0.0000
10.447,571.9309,0.1702,255.7341,0.2510,3.8000,-0.4500,2.1493,180.0195,2.4419,0.0000,0.0000,0.0000
10.560,571.6888,0.2305,255.6694,0.2510,3.8000,-0.4500,1.9882,180.0126,2.3888,0.0000,0.0000,0.0000
10.668,571.4858,0.2754,255.6548,0.2510,3.8000,-0.4500,1.7598,180.0034,2.2774,0.0000,0.0000,0.0000
10.780,571.2412,0.3252,255.6702,0.2510,3.8000,-0.4500,1.5560,179.9955,2.1424,0.0000,0.0000,0.0000
10.891,571.0366,0.3627,255.6985,0.2510,3.8000,-0.4500,1.4258,179.9907,2.0360,0.0000,0.0000,0.0000
11.003,570.7905,0.4030,255.7461,0.2510,3.8000,-0.4500,1.3027,179.9865,1.9268,0.0000,0.0000,0.0000
11.113,570.5430,0.4340,255.8081,0.2510,3.8000,-0.4500,1.0708,179.9792,1.6759,0.0000,0.0000,0.0000
11.224,570.3379,0.4604,255.8666,0.2510,3.8000,-0.4500,1.0708,179.9792,1.6759,0.0000,0.0000,0.0000
11.335,570.0889,0.4785,255.9462,0.2510,3.8000,-0.4500,0.8148,179.9724,1.3263,0.0000,0.0000,0.0000
11.460,569.8415,0.4974,256.0310,0.2510,3.8000,-0.4500,0.7731,179.9715,1.2565,0.0000,0.0000,0.0000
11.571,569.6343,0.5071,256.1063,0.2510,3.8000,-0.4500,0.6909,179.9698,1.1141,0.0000,0.0000,0.0000
11.681,569.3846,0.5130,256.2004,0.2510,3.8000,-0.4500,0.5853,179.9679,0.8921,0.0000,0.0000,0.0000
11.792,569.1769,0.5163,256.2811,0.2510,3.8000,-0.4500,0.5543,179.9675,0.8177,0.0000,0.0000,0.0000
11.903,568.9261,0.5123,256.3809,0.2510,3.8000,-0.4500,0.4650,179.9664,0.5799,0.0000,0.0000,0.0000
12.014,568.6747,0.5028,256.4825,0.2510,3.8000,-0.4500,0.3818,179.9657,0.3404,0.0000,0.0000,0.0000
12.125,568.4645,0.4898,256.5678,0.2510,3.8000,-0.4500,0.2990,179.9654,0.1003,0.0000,0.0000,0.0000
12.236,568.2128,0.4730,256.6695,0.2510,3.8000,-0.4500,0.2720,179.9654,0.0226,0.0000,0.0000,0.0000
12.348,568.0009,0.4493,256.7548,0.2510,3.8000,-0.4500,0.1519,179.9657,359.7006,0.0000,0.0000,0.0000
12.459,567.7474,0.4201,256.8565,0.2510,3.8000,-0.4500,0.0915,179.9661,359.5509,0.0000,0.0000,0.0000
12.570,567.5357,0.3906,256.9415,0.2510,3.8000,-0.4500,0.0245,179.9667,359.3961,0.0000,0.0000,0.0000
12.681,567.2813,0.3505,257.0439,0.2510,3.8000,-0.4500,359.9551,179.9675,359.2443,0.0000,0.0000,0.0000
12.792,567.0688,0.3120,257.1299,0.2510,3.8000,-0.4500,359.8826,179.9686,359.0938,0.0000,0.0000,0.0000
12.903,566.8135,0.2598,257.2333,0.2510,3.8000,-0.4500,359.7678,179.9706,358.8751,0.0000,0.0000,0.0000
13.014,566.5577,0.2020,257.3372,0.2510,3.8000,-0.4500,359.6425,179.9733,358.6601,0.0000,0.0000,0.0000
13.125,566.3453,0.1539,257.4228,0.2510,3.8000,-0.4500,359.6425,179.9733,358.6601,0.0000,0.0000,0.0000
13.237,566.0884,0.0868,257.5213,0.2510,3.8000,-0.4500,359.5086,179.9767,358.4519,0.0000,0.0000,0.0000
13.348,565.8743,0.0297,257.5975,0.2510,3.8000,-0.4500,359.4610,179.9780,358.3846,0.0000,0.0000,0.0000
13.478,565.5728,-0.0576,257.6979,0.2510,3.8000,-0.4500,359.3087,179.9825,358.1808,0.0000,0.0000,0.0000
13.587,565.3580,-0.1197,257.7652,0.2510,3.8000,-0.4500,359.3087,179.9825,358.1808,0.0000,0.0000,0.0000
13.697,565.0988,-0.2004,257.8428,0.2510,3.8000,-0.4500,359.2033,179.9860,358.0551,0.0000,0.0000,0.0000
13.808,564.8829,-0.2689,257.9055,0.2510,3.8000,-0.4500,359.1456,179.9880,357.9940,0.0000,0.0000,0.0000
13.919,564.6234,-0.3545,257.9800,0.2510,3.8000,-0.4500,359.0318,179.9921,357.8765,0.0000,0.0000,0.0000
14.031,564.4079,-0.4251,258.0415,0.2510,3.8000,-0.4500,359.0318,179.9921,357.8765,0.0000,0.0000,0.0000
14.142,564.1487,-0.5128,258.1159,0.2510,3.8000,-0.4500,358.9690,179.9945,357.8247,0.0000,0.0000,0.0000
14.247,563.9326,-0.5871,258.1782,0.2510,3.8000,-0.4500,358.9054,179.9969,357.7769,0.0000,0.0000,0.0000
14.348,563.7169,-0.6608,258.2408,0.2510,3.8000,-0.4500,358.9054,179.9969,357.7769,0.0000,0.0000,0.0000
14.458,563.4578,-0.7508,258.3169,0.2510,3.8000,-0.4500,358.8361,179.9996,357.7386,0.0000,0.0000,0.0000
14.569,563.2427,-0.8249,258.3804,0.2510,3.8000,-0.4500,358.8361,179.9996,357.7386,0.0000,0.0000,0.0000
14.681,562.9845,-0.9135,258.4575,0.2510,3.8000,-0.4500,358.8361,179.9996,357.7386,0.0000,0.0000,0.0000
14.793,562.7266,-1.0015,258.5355,0.2510,3.8000,-0.4500,358.8361,179.9996,357.7386,0.0000,0.0000,0.0000
14.903,562.5115,-1.0748,258.6014,0.2510,3.8000,-0.4500,358.7557,180.0028,357.7277,0.0000,0.0000,0.0000
15.014,562.2537,-1.1605,258.6804,0.2510,3.8000,-0.4500,358.7557,180.0028,357.7277,0.0000,0.0000,0.0000
15.125,562.0391,-1.2307,258.7462,0.2510,3.8000,-0.4500,358.7557,180.0028,357.7277,0.0000,0.0000,0.0000
15.237,561.7820,-1.3137,258.8259,0.2510,3.8000,-0.4500,358.6754,180.0060,357.7405,0.0000,0.0000,0.0000
15.348,561.5679,-1.3809,258.8908,0.2510,3.8000,-0.4500,358.6754,180.0060,357.7405,0.0000,0.0000,0.0000
15.459,561.3113,-1.4595,258.9665,0.2510,3.8000,-0.4500,358.5235,180.0119,357.8021,0.0000,0.0000,0.0000
15.570,561.0971,-1.5229,259.0261,0.2510,3.8000,-0.4500,358.5235,180.0119,357.8021,0.0000,0.0000,0.0000
15.682,560.8408,-1.5958,259.0963,0.2510,3.8000,-0.4500,358.3945,180.0167,357.9033,0.0000,0.0000,0.0000
15.792,560.6266,-1.6546,259.1269,0.2510,3.8000,-0.4500,358.3945,180.0167,357.9033,0.0000,0.0000,0.0000
15.904,560.3705,-1.7195,259.1263,0.2510,3.8000,-0.4500,358.2876,180.0205,358.0308,0.0000,0.0000,0.0000
16.015,560.1140,-1.7813,259.1032,0.2510,3.8000,-0.4500,358.2434,180.0220,358.0993,0.0000,0.0000,0.0000
16.126,559.9005,-1.8300,259.0757,0.2510,3.8000,-0.4500,358.2000,180.0235,358.1685,0.0000,0.0000,0.0000
16.239,559.6442,-1.8856,259.0380,0.2510,3.8000,-0.4500,358.1642,180.0246,358.2392,0.0000,0.0000,0.0000
16.347,559.4312,-1.9281,259.0054,0.2510,3.8000,-0.4500,358.1020,180.0264,358.3959,0.0000,0.0000,0.0000
16.459,559.1761,-1.9758,258.9670,0.2510,3.8000,-0.4500,358.0292,180.0283,358.6257,0.0000,0.0000,0.0000
16.570,558.9620,-2.0162,258.9366,0.2510,3.8000,-0.4500,358.0292,180.0283,358.6257,0.0000,0.0000,0.0000
16.681,558.7058,-2.0608,258.9024,0.2510,3.8000,-0.4500,358.0142,180.0287,358.7058,0.0000,0.0000,0.0000
16.792,558.4928,-2.0942,258.8758,0.2510,3.8000,-0.4500,357.9885,180.0292,358.8676,0.0000,0.0000,0.0000
16.904,558.2359,-2.1349,258.8463,0.2510,3.8000,-0.4500,357.9885,180.0292,358.8676,0.0000,0.0000,0.0000
17.014,557.9805,-2.1700,258.8198,0.2510,3.8000,-0.4500,357.9743,180.0295,359.0303,0.0000,0.0000,0.0000
17.126,557.7672,-2.1980,258.7998,0.2510,3.8000,-0.4500,357.9716,180.0295,359.1114,0.0000,0.0000,0.0000
17.236,557.5117,-2.2276,258.7807,0.2510,3.8000,-0.4500,357.9729,180.0295,359.2769,0.0000,0.0000,0.0000
17.348,557.2981,-2.2530,258.7792,0.2510,3.8000,-0.4500,357.9729,180.0295,359.2769,0.0000,0.0000,0.0000
17.459,557.0428,-2.2780,258.7891,0.2510,3.8000,-0.4500,357.9839,180.0294,359.4429,0.0000,0.0000,0.0000
17.570,556.8303,-2.2962,258.8022,0.2510,3.8000,-0.4500,358.0059,180.0292,359.6077,0.0000,0.0000,0.0000
17.682,556.5745,-2.3174,258.8203,0.2510,3.8000,-0.4500,358.0205,180.0291,359.6867,0.0000,0.0000,0.0000
17.792,556.3611,-2.3340,258.8363,0.2510,3.8000,-0.4500,358.0205,180.0291,359.6867,0.0000,0.0000,0.0000
17.904,556.1067,-2.3463,258.8552,0.2510,3.8000,-0.4500,358.0811,180.0289,359.9302,0.0000,0.0000,0.0000
18.014,555.8509,-2.3601,258.8728,0.2510,3.8000,-0.4500,358.0811,180.0289,359.9302,0.0000,0.0000,0.0000
18.125,555.6387,-2.3658,258.8858,0.2510,3.8000,-0.4500,358.1381,180.0289,0.0862,0.0000,0.0000,0.0000
18.236,555.3834,-2.3735,258.9007,0.2510,3.8000,-0.4500,358.1381,180.0289,0.0862,0.0000,0.0000,0.0000
18.347,555.1716,-2.3741,258.9117,0.2510,3.8000,-0.4500,358.2065,180.0291,0.2402,0.0000,0.0000,0.0000
18.472,554.9175,-2.3725,258.9248,0.2510,3.8000,-0.4500,358.2814,180.0295,0.3856,0.0000,0.0000,0.0000
18.584,554.6635,-2.3691,258.9388,0.2510,3.8000,-0.4500,358.3244,180.0298,0.4560,0.0000,0.0000,0.0000
18.694,554.4100,-2.3623,258.9544,0.2510,3.8000,-0.4500,358.3681,180.0302,0.5265,0.0000,0.0000,0.0000
18.820,554.1580,-2.3489,258.9712,0.2510,3.8000,-0.4500,358.5128,180.0318,0.7252,0.0000,0.0000,0.0000
18.931,553.9472,-2.3391,258.9877,0.2510,3.8000,-0.4500,358.5128,180.0318,0.7252,0.0000,0.0000,0.0000
19.042,553.6958,-2.3209,258.9995,0.2510,3.8000,-0.4500,358.6195,180.0332,0.8495,0.0000,0.0000,0.0000
19.153,553.4454,-2.2977,258.9957,0.2510,3.8000,-0.4500,358.7931,180.0361,1.0266,0.0000,0.0000,0.0000
19.266,553.2360,-2.2792,258.9856,0.2510,3.8000,-0.4500,358.7931,180.0361,1.0266,0.0000,0.0000,0.0000
19.376,552.9861,-2.2511,258.9666,0.2510,3.8000,-0.4500,358.9176,180.0384,1.1354,0.0000,0.0000,0.0000
19.487,552.7781,-2.2260,258.9468,0.2510,3.8000,-0.4500,358.9786,180.0397,1.1868,0.0000,0.0000,0.0000
19.598,552.5300,-2.1904,258.9187,0.2510,3.8000,-0.4500,359.1776,180.0441,1.3350,0.0000,0.0000,0.0000
19.710,552.3224,-2.1617,258.8933,0.2510,3.8000,-0.4500,359.1776,180.0441,1.3350,0.0000,0.0000,0.0000
19.819,552.0750,-2.1205,258.8661,0.2510,3.8000,-0.4500,359.3818,180.0490,1.4666,0.0000,0.0000,0.0000
19.931,551.8686,-2.0870,258.8679,0.2510,3.8000,-0.4500,359.3818,180.0490,1.4666,0.0000,0.0000,0.0000
20.041,551.6224,-2.0400,258.8905,0.2510,3.8000,-0.4500,359.6047,180.0550,1.5855,0.0000,0.0000,0.0000
20.168,551.3765,-1.9935,258.9315,0.2510,3.8000,-0.4500,359.6047,180.0550,1.5855,0.0000,0.0000,0.0000
20.278,551.1324,-1.9403,258.9824,0.2510,3.8000,-0.4500,359.8309,180.0614,1.6851,0.0000,0.0000,0.0000
20.389,550.9291,-1.8954,259.0316,0.2510,3.8000,-0.4500,359.9057,180.0637,1.7138,0.0000,0.0000,0.0000
20.500,550.6859,-1.8389,259.0955,0.2510,3.8000,-0.4500,359.9807,180.0659,1.7414,0.0000,0.0000,0.0000
20.611,550.4838,-1.7874,259.1504,0.2510,3.8000,-0.4500,0.2217,180.0734,1.8150,0.0000,0.0000,0.0000
20.722,550.2416,-1.7259,259.2202,0.2510,3.8000,-0.4500,0.3002,180.0759,1.8340,0.0000,0.0000,0.0000
20.833,549.9997,-1.6600,259.2906,0.2510,3.8000,-0.4500,0.5417,180.0838,1.8835,0.0000,0.0000,0.0000
20.945,549.7979,-1.6056,259.3518,0.2510,3.8000,-0.4500,0.5417,180.0838,1.8835,0.0000,0.0000,0.0000
21.055,549.5560,-1.5368,259.4255,0.2510,3.8000,-0.4500,0.7075,180.0892,1.9024,0.0000,0.0000,0.0000
21.181,549.3144,-1.4670,259.5007,0.2510,3.8000,-0.4500,0.7890,180.0919,1.9108,0.0000,0.0000,0.0000
21.292,549.1130,-1.4076,259.5631,0.2510,3.8000,-0.4500,0.8706,180.0947,1.9131,0.0000,0.0000,0.0000
21.403,548.8710,-1.3347,259.6342,0.2510,3.8000,-0.4500,1.0343,180.1001,1.9130,0.0000,0.0000,0.0000
21.515,548.6285,-1.2617,259.7016,0.2510,3.8000,-0.4500,1.1149,180.1028,1.9066,0.0000,0.0000,0.0000
21.625,548.4258,-1.2004,259.7548,0.2510,3.8000,-0.4500,1.1982,180.1056,1.8953,0.0000,0.0000,0.0000
21.750,548.1826,-1.1266,259.8159,0.2510,3.8000,-0.4500,1.2814,180.1084,1.8834,0.0000,0.0000,0.0000
21.861,547.9386,-1.0524,259.8741,0.2510,3.8000,-0.4500,1.5181,180.1160,1.8290,0.0000,0.0000,0.0000
21.972,547.7354,-0.9914,259.9225,0.2510,3.8000,-0.4500,1.5181,180.1160,1.8290,0.0000,0.0000,0.0000
22.084,547.4909,-0.9186,259.9797,0.2510,3.8000,-0.4500,1.5941,180.1184,1.7976,0.0000,0.0000,0.0000
22.195,547.2460,-0.8466,260.0373,0.2510,3.8000,-0.4500,1.6699,180.1208,1.7653,0.0000,0.0000,0.0000
22.306,547.0413,-0.7876,260.0855,0.2510,3.8000,-0.4500,1.8139,180.1251,1.6834,0.0000,0.0000,0.0000
22.417,546.7966,-0.7177,260.1302,0.2510,3.8000,-0.4500,1.8139,180.1251,1.6834,0.0000,0.0000,0.0000
22.529,546.6006,-0.6660,260.0124,0.2510,3.8000,-0.4500,1.8801,180.1270,1.6358,0.0000,0.0000,0.0000
22.639,546.3798,-0.6172,259.6165,0.2510,3.8000,-0.4500,1.9435,180.1288,1.5837,0.0000,0.0000,0.0000
22.750,546.2029,-0.5863,259.1430,0.2510,3.8000,-0.4500,2.0620,180.1319,1.4650,0.0000,0.0000,0.0000
22.861,545.9963,-0.5551,258.4850,0.2510,3.8000,-0.4500,2.0620,180.1319,1.4650,0.0000,0.0000,0.0000
22.972,545.8246,-0.5345,257.9087,0.2510,3.8000,-0.4500,2.1625,180.1344,1.3340,0.0000,0.0000,0.0000
23.083,545.6141,-0.5076,257.3035,0.2510,3.8000,-0.4500,2.1625,180.1344,1.3340,0.0000,0.0000,0.0000
23.194,545.3918,-0.4778,256.8557,0.2510,3.8000,-0.4500,2.2475,180.1363,1.1935,0.0000,0.0000,0.0000
23.306,545.1978,-0.4482,256.5996,0.2510,3.8000,-0.4500,2.2842,180.1370,1.1219,0.0000,0.0000,0.0000
23.417,544.9564,-0.4084,256.4040,0.2510,3.8000,-0.4500,2.3187,180.1377,1.0477,0.0000,0.0000,0.0000
23.529,544.7502,-0.3725,256.3179,0.2510,3.8000,-0.4500,2.3511,180.1382,0.9720,0.0000,0.0000,0.0000
23.639,544.5007,-0.3269,256.2805,0.2510,3.8000,-0.4500,2.3830,180.1388,0.8966,0.0000,0.0000,0.0000
23.750,544.2935,-0.2866,256.2982,0.2510,3.8000,-0.4500,2.3830,180.1388,0.8966,0.0000,0.0000,0.0000
23.861,544.0454,-0.2391,256.3662,0.2510,3.8000,-0.4500,2.4376,180.1396,0.7462,0.0000,0.0000,0.0000
23.972,543.8408,-0.1969,256.4523,0.2510,3.8000,-0.4500,2.4376,180.1396,0.7462,0.0000,0.0000,0.0000
24.097,543.5561,-0.1369,256.6074,0.2510,3.8000,-0.4500,2.4376,180.1396,0.7462,0.0000,0.0000,0.0000
24.208,543.3539,-0.0936,256.7367,0.2510,3.8000,-0.4500,2.4376,180.1396,0.7462,0.0000,0.0000,0.0000
24.319,543.1121,-0.0417,256.9055,0.2510,3.8000,-0.4500,2.4376,180.1396,0.7462,0.0000,0.0000,0.0000
24.430,542.9111,0.0013,257.0537,0.2510,3.8000,-0.4500,2.4376,180.1396,0.7462,0.0000,0.0000,0.0000
24.556,542.6292,0.0594,257.2684,0.2510,3.8000,-0.4500,2.4601,180.1398,0.6691,0.0000,0.0000,0.0000
24.666,542.4277,0.0994,257.4248,0.2510,3.8000,-0.4500,2.4802,180.1401,0.5901,0.0000,0.0000,0.0000
24.777,542.1853,0.1446,257.6149,0.2510,3.8000,-0.4500,2.5151,180.1404,0.4283,0.0000,0.0000,0.0000
24.889,541.9840,0.1829,257.7748,0.2510,3.8000,-0.4500,2.5151,180.1404,0.4283,0.0000,0.0000,0.0000
25.000,541.7418,0.2254,257.9677,0.2510,3.8000,-0.4500,2.5284,180.1405,0.3485,0.0000,0.0000,0.0000
25.111,541.5392,0.2584,258.1248,0.2510,3.8000,-0.4500,2.5395,180.1405,0.2654,0.0000,0.0000,0.0000
25.222,541.2938,0.2939,258.3006,0.2510,3.8000,-0.4500,2.5587,180.1406,0.1001,0.0000,0.0000,0.0000
25.333,541.0469,0.3257,258.4622,0.2510,3.8000,-0.4500,2.5706,180.1406,359.9380,0.0000,0.0000,0.0000
25.444,540.8403,0.3502,258.5864,0.2510,3.8000,-0.4500,2.5737,180.1406,359.8562,0.0000,0.0000,0.0000
25.555,540.5905,0.3764,258.7190,0.2510,3.8000,-0.4500,2.5765,180.1406,359.7740,0.0000,0.0000,0.0000
25.666,540.3798,0.3918,258.8170,0.2510,3.8000,-0.4500,2.5766,180.1406,359.5196,0.0000,0.0000,0.0000
25.778,540.1274,0.4122,258.9229,0.2510,3.8000,-0.4500,2.5766,180.1406,359.5196,0.0000,0.0000,0.0000
25.889,539.9144,0.4219,259.0025,0.2510,3.8000,-0.4500,2.5683,180.1407,359.2676,0.0000,0.0000,0.0000
26.002,539.6592,0.4355,259.0882,0.2510,3.8000,-0.4500,2.5683,180.1407,359.2676,0.0000,0.0000,0.0000
26.111,539.4446,0.4413,259.1537,0.2510,3.8000,-0.4500,2.5593,180.1408,359.1047,0.0000,0.0000,0.0000
26.222,539.1866,0.4459,259.2289,0.2510,3.8000,-0.4500,2.5482,180.1410,358.9397,0.0000,0.0000,0.0000
26.333,538.9715,0.4485,259.2918,0.2510,3.8000,-0.4500,2.5426,180.1411,358.8591,0.0000,0.0000,0.0000
26.444,538.7139,0.4510,259.3691,0.2510,3.8000,-0.4500,2.5426,180.1411,358.8591,0.0000,0.0000,0.0000
26.569,538.4543,0.4465,259.4491,0.2510,3.8000,-0.4500,2.5217,180.1416,358.6079,0.0000,0.0000,0.0000
26.680,538.1959,0.4441,259.5311,0.2510,3.8000,-0.4500,2.5217,180.1416,358.6079,0.0000,0.0000,0.0000
26.792,537.9801,0.4390,259.6009,0.2510,3.8000,-0.4500,2.5145,180.1417,358.5261,0.0000,0.0000,0.0000
26.903,537.7205,0.4298,259.6865,0.2510,3.8000,-0.4500,2.4997,180.1421,358.3592,0.0000,0.0000,0.0000
27.013,537.4623,0.4219,259.7756,0.2510,3.8000,-0.4500,2.4997,180.1421,358.3592,0.0000,0.0000,0.0000
27.124,537.2466,0.4125,259.8524,0.2510,3.8000,-0.4500,2.4926,180.1423,358.2751,0.0000,0.0000,0.0000
27.236,536.9888,0.4017,259.9469,0.2510,3.8000,-0.4500,2.4925,180.1423,358.2751,0.0000,0.0000,0.0000
27.347,536.7728,0.3887,260.0282,0.2510,3.8000,-0.4500,2.4791,180.1428,358.1070,0.0000,0.0000,0.0000
27.457,536.5146,0.3756,260.1279,0.2510,3.8000,-0.4500,2.4791,180.1428,358.1070,0.0000,0.0000,0.0000
27.569,536.2985,0.3611,260.2127,0.2510,3.8000,-0.4500,2.4686,180.1431,357.9453,0.0000,0.0000,0.0000
27.680,536.0400,0.3463,260.3162,0.2510,3.8000,-0.4500,2.4686,180.1431,357.9453,0.0000,0.0000,0.0000
27.793,535.8244,0.3334,260.4037,0.2510,3.8000,-0.4500,2.4686,180.1431,357.9453,0.0000,0.0000,0.0000
27.903,535.5656,0.3173,260.5098,0.2510,3.8000,-0.4500,2.4686,180.1431,357.9453,0.0000,0.0000,0.0000
28.013,535.3501,0.3034,260.5986,0.2510,3.8000,-0.4500,2.4686,180.1431,357.9453,0.0000,0.0000,0.0000
28.125,535.0908,0.2834,260.7051,0.2510,3.8000,-0.4500,2.4659,180.1432,357.7802,0.0000,0.0000,0.0000
28.235,534.8322,0.2658,260.8118,0.2510,3.8000,-0.4500,2.4659,180.1432,357.7802,0.0000,0.0000,0.0000
28.347,534.6167,0.2510,260.9005,0.2510,3.8000,-0.4500,2.4659,180.1432,357.7802,0.0000,0.0000,0.0000
28.458,534.3579,0.2328,261.0065,0.2510,3.8000,-0.4500,2.4659,180.1432,357.7802,0.0000,0.0000,0.0000
28.570,534.1420,0.2174,261.0942,0.2510,3.8000,-0.4500,2.4659,180.1432,357.7802,0.0000,0.0000,0.0000
28.681,533.8828,0.1988,261.1989,0.2510,3.8000,-0.4500,2.4659,180.1432,357.7802,0.0000,0.0000,0.0000
28.792,533.6660,0.1816,261.2856,0.2510,3.8000,-0.4500,2.4722,180.1430,357.6979,0.0000,0.0000,0.0000
28.902,533.4063,0.1611,261.3898,0.2510,3.8000,-0.4500,2.4787,180.1427,357.6167,0.0000,0.0000,0.0000
29.013,533.1901,0.1450,261.4768,0.2510,3.8000,-0.4500,2.4787,180.1427,357.6167,0.0000,0.0000,0.0000
29.124,532.9311,0.1255,261.5834,0.2510,3.8000,-0.4500,2.4787,180.1427,357.6167,0.0000,0.0000,0.0000
29.235,532.6724,0.1060,261.6940,0.2510,3.8000,-0.4500,2.4787,180.1427,357.6167,0.0000,0.0000,0.0000
29.347,532.4569,0.0897,261.7889,0.2510,3.8000,-0.4500,2.4787,180.1427,357.6167,0.0000,0.0000,0.0000
29.458,532.1976,0.0686,261.9055,0.2510,3.8000,-0.4500,2.4904,180.1422,357.5386,0.0000,0.0000,0.0000
29.570,531.9822,0.0519,262.0045,0.2510,3.8000,-0.4500,2.4904,180.1422,357.5386,0.0000,0.0000,0.0000
29.679,531.7239,0.0317,262.1249,0.2510,3.8000,-0.4500,2.4904,180.1422,357.5386,0.0000,0.0000,0.0000
29.791,531.5085,0.0144,262.2249,0.2510,3.8000,-0.4500,2.4904,180.1422,357.5386,0.0000,0.0000,0.0000
29.902,531.2495,-0.0069,262.3401,0.2510,3.8000,-0.4500,2.4904,180.1422,357.5387,0.0000,0.0000,0.0000
30.013,530.9892,-0.0318,262.4493,0.2510,3.8000,-0.4500,2.5199,180.1409,357.3723,0.0000,0.0000,0.0000
30.124,530.7726,-0.0511,262.5263,0.2510,3.8000,-0.4500,2.5200,180.1409,357.3723,0.0000,0.0000,0.0000
30.235,530.5135,-0.0784,262.5210,0.2510,3.8000,-0.4500,2.5200,180.1409,357.3723,0.0000,0.0000,0.0000
30.347,530.3016,-0.1056,262.4267,0.2510,3.8000,-0.4500,2.5200,180.1409,357.3723,0.0000,0.0000,0.0000
30.458,530.0518,-0.1429,262.2246,0.2510,3.8000,-0.4500,2.5200,180.1409,357.3723,0.0000,0.0000,0.0000
30.569,529.8471,-0.1769,262.0012,0.2510,3.8000,-0.4500,2.5200,180.1409,357.3723,0.0000,0.0000,0.0000
30.680,529.6046,-0.2220,261.6762,0.2510,3.8000,-0.4500,2.5288,180.1405,357.2924,0.0000,0.0000,0.0000
30.791,529.4058,-0.2606,261.3635,0.2510,3.8000,-0.4500,2.5288,180.1405,357.2924,0.0000,0.0000,0.0000
30.902,529.1699,-0.3087,260.9506,0.2510,3.8000,-0.4500,2.5288,180.1405,357.2924,0.0000,0.0000,0.0000
31.013,528.9362,-0.3583,260.5030,0.2510,3.8000,-0.4500,2.5288,180.1405,357.2924,0.0000,0.0000,0.0000
31.138,528.7049,-0.4090,260.0215,0.2510,3.8000,-0.4500,2.5288,180.1405,357.2924,0.0000,0.0000,0.0000
31.249,528.5136,-0.4520,259.5996,0.2510,3.8000,-0.4500,2.5288,180.1405,357.2924,0.0000,0.0000,0.0000
31.361,528.2836,-0.5032,259.0989,0.2510,3.8000,-0.4500,2.5288,180.1405,357.2924,0.0000,0.0000,0.0000
31.472,528.0895,-0.5444,258.7193,0.2510,3.8000,-0.4500,2.5288,180.1405,357.2924,0.0000,0.0000,0.0000
31.583,527.8528,-0.5913,258.3173,0.2510,3.8000,-0.4500,2.5288,180.1405,357.2924,0.0000,0.0000,0.0000
31.694,527.6124,-0.6357,257.9656,0.2510,3.8000,-0.4500,2.5288,180.1404,357.2924,0.0000,0.0000,0.0000
31.805,527.4081,-0.6705,257.7276,0.2510,3.8000,-0.4500,2.5288,180.1404,357.2924,0.0000,0.0000,0.0000
31.916,527.1559,-0.7079,257.5616,0.2510,3.8000,-0.4500,2.5288,180.1404,357.2924,0.0000,0.0000,0.0000
32.027,526.9434,-0.7347,257.5234,0.2510,3.8000,-0.4500,2.5288,180.1404,357.2924,0.0000,0.0000,0.0000
32.138,526.6881,-0.7627,257.5627,0.2510,3.8000,-0.4500,2.5288,180.1404,357.2924,0.0000,0.0000,0.0000
32.249,526.4762,-0.7834,257.6452,0.2510,3.8000,-0.4500,2.5288,180.1404,357.2924,0.0000,0.0000,0.0000
32.374,526.1812,-0.8091,257.8101,0.2510,3.8000,-0.4500,2.5288,180.1404,357.2924,0.0000,0.0000,0.0000
32.485,525.9710,-0.8257,257.9504,0.2510,3.8000,-0.4500,2.5288,180.1404,357.2924,0.0000,0.0000,0.0000
32.596,525.7195,-0.8440,258.1342,0.2510,3.8000,-0.4500,2.5288,180.1404,357.2924,0.0000,0.0000,0.0000
32.708,525.5106,-0.8581,258.2954,0.2510,3.8000,-0.4500,2.5288,180.1404,357.2924,0.0000,0.0000,0.0000
32.818,525.2603,-0.8738,258.4945,0.2510,3.8000,-0.4500,2.5288,180.1404,357.2923,0.0000,0.0000,0.0000
32.929,525.0521,-0.8858,258.6613,0.2510,3.8000,-0.4500,2.5288,180.1404,357.2923,0.0000,0.0000,0.0000
33.043,524.8019,-0.8991,258.8590,0.2510,3.8000,-0.4500,2.5288,180.1404,357.2923,0.0000,0.0000,0.0000
33.151,524.5930,-0.9093,259.0211,0.2510,3.8000,-0.4500,2.5288,180.1404,357.2923,0.0000,0.0000,0.0000
33.264,524.3446,-0.9239,259.0672,0.2510,3.8000,-0.4500,2.5288,180.1404,357.2923,0.0000,0.0000,0.0000
33.374,524.1095,-0.9481,258.7984,0.2510,3.8000,-0.4500,2.5288,180.1405,357.2923,0.0000,0.0000,0.0000
33.485,523.9224,-0.9748,258.3892,0.2510,3.8000,-0.4500,2.5288,180.1405,357.2923,0.0000,0.0000,0.0000
33.596,523.7035,-1.0113,257.7733,0.2510,3.8000,-0.4500,2.5288,180.1404,357.2923,0.0000,0.0000,0.0000
33.708,523.5234,-1.0436,257.2112,0.2510,3.8000,-0.4500,2.5288,180.1405,357.2923,0.0000,0.0000,0.0000
33.818,523.3040,-1.0811,256.5923,0.2510,3.8000,-0.4500,2.5288,180.1405,357.2923,0.0000,0.0000,0.0000
33.929,523.1138,-1.1089,256.1848,0.2510,3.8000,-0.4500,2.5288,180.1405,357.2923,0.0000,0.0000,0.0000
34.040,522.8753,-1.1377,255.8336,0.2510,3.8000,-0.4500,2.5288,180.1405,357.2923,0.0000,0.0000,0.0000
34.151,522.6694,-1.1583,255.6325,0.2510,3.8000,-0.4500,2.5288,180.1405,357.2923,0.0000,0.0000,0.0000
34.263,522.4167,-1.1797,255.4933,0.2510,3.8000,-0.4500,2.5288,180.1405,357.2923,0.0000,0.0000,0.0000
34.373,522.1607,-1.1973,255.4529,0.2510,3.8000,-0.4500,2.5288,180.1405,357.2924,0.0000,0.0000,0.0000
34.485,521.9464,-1.2099,255.4644,0.2510,3.8000,-0.4500,2.5288,180.1405,357.2924,0.0000,0.0000,0.0000
34.596,521.6894,-1.2230,255.5230,0.2510,3.8000,-0.4500,2.5288,180.1405,357.2924,0.0000,0.0000,0.0000
34.707,521.4766,-1.2321,255.6045,0.2510,3.8000,-0.4500,2.5288,180.1405,357.2924,0.0000,0.0000,0.0000
34.818,521.2229,-1.2410,255.7323,0.2510,3.8000,-0.4500,2.5288,180.1405,357.2924,0.0000,0.0000,0.0000
34.929,521.0123,-1.2469,255.8570,0.2510,3.8000,-0.4500,2.5288,180.1405,357.2924,0.0000,0.0000,0.0000
35.040,520.7610,-1.2522,256.0231,0.2510,3.8000,-0.4500,2.5288,180.1405,357.2924,0.0000,0.0000,0.0000
35.151,520.5522,-1.2552,256.1718,0.2510,3.8000,-0.4500,2.5288,180.1405,357.2924,0.0000,0.0000,0.0000
35.264,520.3018,-1.2572,256.3587,0.2510,3.8000,-0.4500,2.5288,180.1405,357.2924,0.0000,0.0000,0.0000
35.373,520.0519,-1.2575,256.5511,0.2510,3.8000,-0.4500,2.5288,180.1405,357.2924,0.0000,0.0000,0.0000
35.498,519.8027,-1.2564,256.7463,0.2510,3.8000,-0.4500,2.5288,180.1405,357.2924,0.0000,0.0000,0.0000
35.610,519.5952,-1.2544,256.9098,0.2510,3.8000,-0.4500,2.5288,180.1405,357.2924,0.0000,0.0000,0.0000
35.720,519.3461,-1.2511,257.1035,0.2510,3.8000,-0.4500,2.5288,180.1405,357.2924,0.0000,0.0000,0.0000
35.831,519.1382,-1.2477,257.2606,0.2510,3.8000,-0.4500,2.5288,180.1405,357.2924,0.0000,0.0000,0.0000
35.943,518.8884,-1.2432,257.4441,0.2510,3.8000,-0.4500,2.5288,180.1405,357.2924,0.0000,0.0000,0.0000
36.054,518.6377,-1.2384,257.6155,0.2510,3.8000,-0.4500,2.5288,180.1405,357.2924,0.0000,0.0000,0.0000
36.166,518.4277,-1.2348,257.7416,0.2510,3.8000,-0.4500,2.5288,180.1405,357.2924,0.0000,0.0000,0.0000
36.276,518.1754,-1.2287,257.8742,0.2510,3.8000,-0.4500,2.4784,180.1428,357.4512,0.0000,0.0000,0.0000
36.387,517.9632,-1.2261,257.9715,0.2510,3.8000,-0.4500,2.4784,180.1428,357.4512,0.0000,0.0000,0.0000
36.498,517.7077,-1.2237,258.0746,0.2510,3.8000,-0.4500,2.4784,180.1428,357.4512,0.0000,0.0000,0.0000
36.610,517.4944,-1.2209,258.1520,0.2510,3.8000,-0.4500,2.4466,180.1442,357.5264,0.0000,0.0000,0.0000
36.722,517.2381,-1.2180,258.2366,0.2510,3.8000,-0.4500,2.4127,180.1456,357.5998,0.0000,0.0000,0.0000
36.831,517.0239,-1.2165,258.3015,0.2510,3.8000,-0.4500,2.4128,180.1456,357.5998,0.0000,0.0000,0.0000
36.943,516.7671,-1.2128,258.3751,0.2510,3.8000,-0.4500,2.3385,180.1487,357.7455,0.0000,0.0000,0.0000
37.054,516.5093,-1.2111,258.4436,0.2510,3.8000,-0.4500,2.3385,180.1487,357.7455,0.0000,0.0000,0.0000
37.165,516.2942,-1.2098,258.4985,0.2510,3.8000,-0.4500,2.3385,180.1487,357.7455,0.0000,0.0000,0.0000
37.276,516.0366,-1.2067,258.5623,0.2510,3.8000,-0.4500,2.2533,180.1519,357.8850,0.0000,0.0000,0.0000
37.400,515.7780,-1.2060,258.6226,0.2510,3.8000,-0.4500,2.2533,180.1519,357.8850,0.0000,0.0000,0.0000
37.511,515.5626,-1.2060,258.6720,0.2510,3.8000,-0.4500,2.2534,180.1519,357.8850,0.0000,0.0000,0.0000
37.623,515.3052,-1.2054,258.7329,0.2510,3.8000,-0.4500,2.1487,180.1556,358.0114,0.0000,0.0000,0.0000
37.734,515.0470,-1.2076,258.7940,0.2510,3.8000,-0.4500,2.1487,180.1556,358.0114,0.0000,0.0000,0.0000
37.845,514.8322,-1.2107,258.8459,0.2510,3.8000,-0.4500,2.1487,180.1556,358.0114,0.0000,0.0000,0.0000
37.956,514.5748,-1.2157,258.9094,0.2510,3.8000,-0.4500,2.0850,180.1578,358.0647,0.0000,0.0000,0.0000
38.068,514.3608,-1.2214,258.9633,0.2510,3.8000,-0.4500,1.9438,180.1625,358.1597,0.0000,0.0000,0.0000
38.178,514.1038,-1.2312,259.0281,0.2510,3.8000,-0.4500,1.7966,180.1671,358.2338,0.0000,0.0000,0.0000
38.290,513.8887,-1.2417,259.0805,0.2510,3.8000,-0.4500,1.7966,180.1671,358.2338,0.0000,0.0000,0.0000
38.401,513.6312,-1.2576,259.1431,0.2510,3.8000,-0.4500,1.6368,180.1720,358.2876,0.0000,0.0000,0.0000
38.512,513.4164,-1.2738,259.1929,0.2510,3.8000,-0.4500,1.4752,180.1767,358.3270,0.0000,0.0000,0.0000
38.623,513.1599,-1.2966,259.1939,0.2510,3.8000,-0.4500,1.3967,180.1790,358.3422,0.0000,0.0000,0.0000
38.735,512.9081,-1.3245,259.1046,0.2510,3.8000,-0.4500,1.1520,180.1861,358.3723,0.0000,0.0000,0.0000
38.846,512.7021,-1.3507,258.9687,0.2510,3.8000,-0.4500,0.9091,180.1929,358.3888,0.0000,0.0000,0.0000
38.956,512.4601,-1.3826,258.7263,0.2510,3.8000,-0.4500,0.9091,180.1929,358.3888,0.0000,0.0000,0.0000
39.067,512.2634,-1.4124,258.4515,0.2510,3.8000,-0.4500,0.6579,180.2000,358.4015,0.0000,0.0000,0.0000
39.179,512.0330,-1.4487,258.0464,0.2510,3.8000,-0.4500,0.4119,180.2068,358.4183,0.0000,0.0000,0.0000
39.290,511.8443,-1.4784,257.6590,0.2510,3.8000,-0.4500,0.3304,180.2090,358.4262,0.0000,0.0000,0.0000
39.401,511.6215,-1.5143,257.1432,0.2510,3.8000,-0.4500,0.1658,180.2135,358.4444,0.0000,0.0000,0.0000
39.512,511.4382,-1.5444,256.6807,0.2510,3.8000,-0.4500,359.9145,180.2203,358.4833,0.0000,0.0000,0.0000
39.624,511.2200,-1.5788,256.0962,0.2510,3.8000,-0.4500,359.8337,180.2224,358.4968,0.0000,0.0000,0.0000
39.735,511.0036,-1.6134,255.4941,0.2510,3.8000,-0.4500,359.5043,180.2308,358.5714,0.0000,0.0000,0.0000
39.847,510.8235,-1.6407,254.9818,0.2510,3.8000,-0.4500,359.5043,180.2308,358.5714,0.0000,0.0000,0.0000
39.957,510.6083,-1.6734,254.3621,0.2510,3.8000,-0.4500,359.3486,180.2346,358.6141,0.0000,0.0000,0.0000
40.068,510.4296,-1.7004,253.8450,0.2510,3.8000,-0.4500,359.1109,180.2402,358.6861,0.0000,0.0000,0.0000
40.180,510.2149,-1.7318,253.2247,0.2510,3.8000,-0.4500,359.0299,180.2421,358.7136,0.0000,0.0000,0.0000
40.289,510.0364,-1.7579,252.7108,0.2510,3.8000,-0.4500,358.7893,180.2473,358.7970,0.0000,0.0000,0.0000
40.402,509.8207,-1.7888,252.1130,0.2510,3.8000,-0.4500,358.7139,180.2489,358.8253,0.0000,0.0000,0.0000
40.512,509.6391,-1.8158,251.6554,0.2510,3.8000,-0.4500,358.4846,180.2534,358.9136,0.0000,0.0000,0.0000
40.623,509.4168,-1.8498,251.1648,0.2510,3.8000,-0.4500,358.4846,180.2534,358.9136,0.0000,0.0000,0.0000
40.734,509.1858,-1.8889,250.8077,0.2510,3.8000,-0.4500,358.2538,180.2576,359.0057,0.0000,0.0000,0.0000
40.844,508.9840,-1.9268,250.6293,0.2510,3.8000,-0.4500,358.2538,180.2576,359.0057,0.0000,0.0000,0.0000
40.956,508.7372,-1.9794,250.5413,0.2510,3.8000,-0.4500,358.0182,180.2615,359.0947,0.0000,0.0000,0.0000
41.067,508.5297,-2.0275,250.5395,0.2510,3.8000,-0.4500,358.0182,180.2615,359.0947,0.0000,0.0000,0.0000
41.178,508.2807,-2.0889,250.5952,0.2510,3.8000,-0.4500,358.0182,180.2615,359.0947,0.0000,0.0000,0.0000
41.303,508.0324,-2.1531,250.6922,0.2510,3.8000,-0.4500,357.9430,180.2627,359.1228,0.0000,0.0000,0.0000
41.416,507.7850,-2.2184,250.8188,0.2510,3.8000,-0.4500,357.9430,180.2627,359.1228,0.0000,0.0000,0.0000
41.526,507.5803,-2.2731,250.9470,0.2510,3.8000,-0.4500,357.8714,180.2638,359.1571,0.0000,0.0000,0.0000
41.636,507.3356,-2.3381,251.1160,0.2510,3.8000,-0.4500,357.8714,180.2638,359.1571,0.0000,0.0000,0.0000
41.747,507.1317,-2.3906,251.2599,0.2510,3.8000,-0.4500,357.8714,180.2638,359.1571,0.0000,0.0000,0.0000
41.858,506.8868,-2.4507,251.4311,0.2510,3.8000,-0.4500,357.8714,180.2638,359.1571,0.0000,0.0000,0.0000
41.969,506.6828,-2.4978,251.5714,0.2510,3.8000,-0.4500,357.8714,180.2638,359.1571,0.0000,0.0000,0.0000
42.081,506.4381,-2.5503,251.7384,0.2510,3.8000,-0.4500,357.8714,180.2638,359.1571,0.0000,0.0000,0.0000
42.192,506.2347,-2.5903,251.8828,0.2510,3.8000,-0.4500,357.8714,180.2638,359.1571,0.0000,0.0000,0.0000
42.303,505.9923,-2.6324,252.0671,0.2510,3.8000,-0.4500,357.8594,180.2639,359.2379,0.0000,0.0000,0.0000
42.414,505.7516,-2.6671,252.2614,0.2510,3.8000,-0.4500,357.8619,180.2639,359.4028,0.0000,0.0000,0.0000
42.525,505.5518,-2.6904,252.4284,0.2510,3.8000,-0.4500,357.9060,180.2635,359.5605,0.0000,0.0000,0.0000
42.637,505.3129,-2.7108,252.6320,0.2510,3.8000,-0.4500,358.0073,180.2630,359.7885,0.0000,0.0000,0.0000
42.748,505.1143,-2.7214,252.8029,0.2510,3.8000,-0.4500,358.1535,180.2627,359.9912,0.0000,0.0000,0.0000
42.859,504.8772,-2.7279,252.8678,0.2510,3.8000,-0.4500,358.2635,180.2628,0.1152,0.0000,0.0000,0.0000
42.983,504.6538,-2.7209,252.6096,0.2510,3.8000,-0.4500,358.4459,180.2634,0.2909,0.0000,0.0000,0.0000
43.096,504.4415,-2.7056,252.1143,0.2510,3.8000,-0.4500,358.6409,180.2647,0.4562,0.0000,0.0000,0.0000
43.206,504.2682,-2.6926,251.6121,0.2510,3.8000,-0.4500,358.6409,180.2647,0.4562,0.0000,0.0000,0.0000
43.317,504.0598,-2.6700,251.0268,0.2510,3.8000,-0.4500,358.8390,180.2665,0.6185,0.0000,0.0000,0.0000
43.428,503.8802,-2.6534,250.6172,0.2510,3.8000,-0.4500,358.8390,180.2665,0.6185,0.0000,0.0000,0.0000
43.539,503.6593,-2.6260,250.2213,0.2510,3.8000,-0.4500,359.1028,180.2699,0.8176,0.0000,0.0000,0.0000
43.650,503.4713,-2.6058,249.9370,0.2510,3.8000,-0.4500,359.1028,180.2699,0.8176,0.0000,0.0000,0.0000
43.762,503.2451,-2.5747,249.6175,0.2510,3.8000,-0.4500,359.3145,180.2731,0.9504,0.0000,0.0000,0.0000
43.874,503.0194,-2.5395,249.2996,0.2510,3.8000,-0.4500,359.6102,180.2784,1.1064,0.0000,0.0000,0.0000
43.983,502.8315,-2.5120,249.0239,0.2510,3.8000,-0.4500,359.6102,180.2784,1.1064,0.0000,0.0000,0.0000
44.094,502.6086,-2.4717,248.6734,0.2510,3.8000,-0.4500,359.9201,180.2848,1.2349,0.0000,0.0000,0.0000
44.206,502.4231,-2.4399,248.3707,0.2510,3.8000,-0.4500,359.9201,180.2848,1.2349,0.0000,0.0000,0.0000
44.316,502.2022,-2.3956,247.9949,0.2510,3.8000,-0.4500,0.1586,180.2901,1.3243,0.0000,0.0000,0.0000
44.428,502.0184,-2.3569,247.6795,0.2510,3.8000,-0.4500,0.3133,180.2937,1.3844,0.0000,0.0000,0.0000
44.539,501.7977,-2.3087,247.3047,0.2510,3.8000,-0.4500,0.3897,180.2956,1.4145,0.0000,0.0000,0.0000
44.651,501.6141,-2.2644,246.9951,0.2510,3.8000,-0.4500,0.5417,180.2995,1.4797,0.0000,0.0000,0.0000
44.761,501.3929,-2.2063,246.6461,0.2510,3.8000,-0.4500,0.7734,180.3057,1.5888,0.0000,0.0000,0.0000
44.872,501.2056,-2.1542,246.3959,0.2510,3.8000,-0.4500,0.9221,180.3099,1.6662,0.0000,0.0000,0.0000
44.982,500.9778,-2.0854,246.1459,0.2510,3.8000,-0.4500,1.1394,180.3164,1.7837,0.0000,0.0000,0.0000
45.094,500.7456,-2.0111,245.9547,0.2510,3.8000,-0.4500,1.2790,180.3209,1.8668,0.0000,0.0000,0.0000
45.203,500.5493,-1.9421,245.8727,0.2510,3.8000,-0.4500,1.4218,180.3256,1.9538,0.0000,0.0000,0.0000
45.314,500.3142,-1.8487,245.8589,0.2510,3.8000,-0.4500,1.7073,180.3358,2.1346,0.0000,0.0000,0.0000
45.426,500.1193,-1.7673,245.9030,0.2510,3.8000,-0.4500,1.7775,180.3385,2.1796,0.0000,0.0000,0.0000
45.537,499.8885,-1.6597,246.0028,0.2510,3.8000,-0.4500,1.9876,180.3467,2.3143,0.0000,0.0000,0.0000
45.651,499.6977,-1.5664,246.1153,0.2510,3.8000,-0.4500,2.0543,180.3495,2.3569,0.0000,0.0000,0.0000
45.760,499.4717,-1.4447,246.2719,0.2510,3.8000,-0.4500,2.3366,180.3615,2.5347,0.0000,0.0000,0.0000
45.870,499.2836,-1.3433,246.4169,0.2510,3.8000,-0.4500,2.3366,180.3615,2.5347,0.0000,0.0000,0.0000
45.981,499.0599,-1.2147,246.6001,0.2510,3.8000,-0.4500,2.4776,180.3679,2.6212,0.0000,0.0000,0.0000
46.093,498.8373,-1.0824,246.7904,0.2510,3.8000,-0.4500,2.6221,180.3746,2.7069,0.0000,0.0000,0.0000
46.204,498.6518,-0.9719,246.9530,0.2510,3.8000,-0.4500,2.6221,180.3746,2.7069,0.0000,0.0000,0.0000
46.315,498.4302,-0.8364,247.1498,0.2510,3.8000,-0.4500,2.6947,180.3781,2.7476,0.0000,0.0000,0.0000
46.426,498.2455,-0.7235,247.3154,0.2510,3.8000,-0.4500,2.6947,180.3781,2.7476,0.0000,0.0000,0.0000
46.537,498.0245,-0.5855,247.5122,0.2510,3.8000,-0.4500,2.8433,180.3853,2.8226,0.0000,0.0000,0.0000
46.648,497.8396,-0.4730,247.6734,0.2510,3.8000,-0.4500,2.8433,180.3853,2.8226,0.0000,0.0000,0.0000
46.760,497.6171,-0.3395,247.8611,0.2510,3.8000,-0.4500,2.8433,180.3853,2.8226,0.0000,0.0000,0.0000
46.869,497.4304,-0.2308,247.9849,0.2510,3.8000,-0.4500,2.8433,180.3853,2.8226,0.0000,0.0000,0.0000
46.983,497.2119,-0.1146,247.8907,0.2510,3.8000,-0.4500,2.8433,180.3853,2.8226,0.0000,0.0000,0.0000
47.092,497.0391,-0.0335,247.5876,0.2510,3.8000,-0.4500,2.8433,180.3853,2.8226,0.0000,0.0000,0.0000
47.203,496.8389,0.0489,247.0407,0.2510,3.8000,-0.4500,2.8432,180.3853,2.8226,0.0000,0.0000,0.0000
47.315,496.6408,0.1225,246.4253,0.2510,3.8000,-0.4500,2.8433,180.3853,2.8226,0.0000,0.0000,0.0000
47.426,496.4712,0.1837,245.9734,0.2510,3.8000,-0.4500,2.8433,180.3853,2.8226,0.0000,0.0000,0.0000
47.538,496.2584,0.2612,245.5576,0.2510,3.8000,-0.4500,2.8433,180.3853,2.8226,0.0000,0.0000,0.0000
47.648,496.0733,0.3290,245.3110,0.2510,3.8000,-0.4500,2.8433,180.3853,2.8226,0.0000,0.0000,0.0000
47.759,495.8438,0.4122,245.1098,0.2510,3.8000,-0.4500,2.8433,180.3853,2.8226,0.0000,0.0000,0.0000
47.870,495.6489,0.4828,245.0321,0.2510,3.8000,-0.4500,2.8433,180.3853,2.8226,0.0000,0.0000,0.0000
47.981,495.4125,0.5649,245.0170,0.2510,3.8000,-0.4500,2.8146,180.3839,2.7427,0.0000,0.0000,0.0000
48.092,495.2126,0.6243,245.0563,0.2510,3.8000,-0.4500,2.6525,180.3767,2.3529,0.0000,0.0000,0.0000
48.204,494.9767,0.7003,245.1483,0.2510,3.8000,-0.4500,2.6525,180.3767,2.3529,0.0000,0.0000,0.0000
48.315,494.7379,0.7599,245.2798,0.2510,3.8000,-0.4500,2.3713,180.3663,1.9113,0.0000,0.0000,0.0000
48.425,494.5410,0.8100,245.4083,0.2510,3.8000,-0.4500,2.3202,180.3646,1.8426,0.0000,0.0000,0.0000
48.537,494.3021,0.8548,245.5822,0.2510,3.8000,-0.4500,2.0044,180.3556,1.4372,0.0000,0.0000,0.0000
48.648,494.1046,0.8914,245.7356,0.2510,3.8000,-0.4500,1.9497,180.3542,1.3727,0.0000,0.0000,0.0000
48.759,493.8648,0.9191,245.9298,0.2510,3.8000,-0.4500,1.6134,180.3473,0.9852,0.0000,0.0000,0.0000
48.871,493.6661,0.9410,246.0940,0.2510,3.8000,-0.4500,1.5559,180.3464,0.9216,0.0000,0.0000,0.0000
48.981,493.4247,0.9507,246.2963,0.2510,3.8000,-0.4500,1.2046,180.3419,0.5368,0.0000,0.0000,0.0000
49.092,493.2241,0.9562,246.4651,0.2510,3.8000,-0.4500,1.0903,180.3409,0.4137,0.0000,0.0000,0.0000
49.203,492.9817,0.9516,246.6693,0.2510,3.8000,-0.4500,0.8623,180.3398,0.1688,0.0000,0.0000,0.0000
49.314,492.7385,0.9376,246.8740,0.2510,3.8000,-0.4500,0.6348,180.3396,359.9254,0.0000,0.0000,0.0000
49.427,492.5349,0.9179,247.0453,0.2510,3.8000,-0.4500,0.4087,180.3404,359.6829,0.0000,0.0000,0.0000
49.538,492.2907,0.8888,247.2507,0.2510,3.8000,-0.4500,0.2382,180.3416,359.4985,0.0000,0.0000,0.0000
49.648,492.0870,0.8589,247.4224,0.2510,3.8000,-0.4500,0.1270,180.3427,359.3777,0.0000,0.0000,0.0000
49.759,491.8414,0.8132,247.6298,0.2510,3.8000,-0.4500,359.9027,180.3456,359.1298,0.0000,0.0000,0.0000
49.869,491.6369,0.7714,247.8028,0.2510,3.8000,-0.4500,359.7940,180.3474,359.0071,0.0000,0.0000,0.0000
49.981,491.3908,0.7140,248.0117,0.2510,3.8000,-0.4500,359.6332,180.3504,358.8217,0.0000,0.0000,0.0000
50.092,491.1856,0.6620,248.1863,0.2510,3.8000,-0.4500,359.5270,180.3527,358.6949,0.0000,0.0000,0.0000
50.203,490.9390,0.5948,248.3959,0.2510,3.8000,-0.4500,359.4174,180.3553,358.5589,0.0000,0.0000,0.0000
50.314,490.6922,0.5222,248.6047,0.2510,3.8000,-0.4500,359.3107,180.3581,358.4256,0.0000,0.0000,0.0000
50.426,490.4858,0.4557,248.7789,0.2510,3.8000,-0.4500,359.1536,180.3627,358.2320,0.0000,0.0000,0.0000
50.536,490.2395,0.3771,248.9862,0.2510,3.8000,-0.4500,359.1536,180.3627,358.2320,0.0000,0.0000,0.0000
50.648,490.0328,0.3035,249.1589,0.2510,3.8000,-0.4500,358.9903,180.3680,358.0447,0.0000,0.0000,0.0000
50.759,489.7859,0.2169,249.3643,0.2510,3.8000,-0.4500,358.9903,180.3680,358.0447,0.0000,0.0000,0.0000
50.869,489.5789,0.1373,249.5354,0.2510,3.8000,-0.4500,358.8128,180.3744,357.8692,0.0000,0.0000,0.0000
50.980,489.3315,0.0442,249.7366,0.2510,3.8000,-0.4500,358.8128,180.3744,357.8692,0.0000,0.0000,0.0000
51.092,489.1245,-0.0383,249.9024,0.2510,3.8000,-0.4500,358.6840,180.3793,357.7651,0.0000,0.0000,0.0000
51.203,488.8768,-0.1360,250.0979,0.2510,3.8000,-0.4500,358.6840,180.3793,357.7651,0.0000,0.0000,0.0000
51.314,488.6286,-0.2364,250.2918,0.2510,3.8000,-0.4500,358.6158,180.3820,357.7211,0.0000,0.0000,0.0000
51.425,488.4216,-0.3208,250.4524,0.2510,3.8000,-0.4500,358.5441,180.3849,357.6835,0.0000,0.0000,0.0000
51.536,488.1737,-0.4209,250.6437,0.2510,3.8000,-0.4500,358.5441,180.3849,357.6835,0.0000,0.0000,0.0000
51.660,487.9258,-0.5214,250.8347,0.2510,3.8000,-0.4500,358.4664,180.3880,357.6605,0.0000,0.0000,0.0000
51.772,487.7193,-0.6034,250.9927,0.2510,3.8000,-0.4500,358.4664,180.3880,357.6605,0.0000,0.0000,0.0000
51.883,487.4716,-0.7000,251.1817,0.2510,3.8000,-0.4500,358.4664,180.3880,357.6605,0.0000,0.0000,0.0000
51.994,487.2242,-0.7944,251.3707,0.2510,3.8000,-0.4500,358.3871,180.3913,357.6731,0.0000,0.0000,0.0000
52.119,486.9768,-0.8850,251.5589,0.2510,3.8000,-0.4500,358.3871,180.3913,357.6731,0.0000,0.0000,0.0000
52.230,486.7710,-0.9574,251.7154,0.2510,3.8000,-0.4500,358.3871,180.3912,357.6731,0.0000,0.0000,0.0000
52.342,486.5251,-1.0392,251.9045,0.2510,3.8000,-0.4500,358.2585,180.3964,357.7788,0.0000,0.0000,0.0000
52.454,486.2792,-1.1161,252.0942,0.2510,3.8000,-0.4500,358.1999,180.3986,357.8360,0.0000,0.0000,0.0000
52.563,486.0755,-1.1743,252.2534,0.2510,3.8000,-0.4500,358.1263,180.4013,357.9871,0.0000,0.0000,0.0000
52.675,485.8305,-1.2399,252.4447,0.2510,3.8000,-0.4500,358.0935,180.4024,358.0634,0.0000,0.0000,0.0000
52.786,485.6283,-1.2849,252.6046,0.2510,3.8000,-0.4500,358.0467,180.4039,358.3985,0.0000,0.0000,0.0000
52.897,485.3839,-1.3379,252.7956,0.2510,3.8000,-0.4500,358.0502,180.4038,358.4788,0.0000,0.0000,0.0000
53.008,485.1818,-1.3733,252.9542,0.2510,3.8000,-0.4500,358.0835,180.4030,358.7237,0.0000,0.0000,0.0000
53.119,484.9391,-1.4101,253.1436,0.2510,3.8000,-0.4500,358.1442,180.4018,358.9596,0.0000,0.0000,0.0000
53.230,484.7369,-1.4359,253.3005,0.2510,3.8000,-0.4500,358.2062,180.4007,359.1188,0.0000,0.0000,0.0000
53.341,484.4955,-1.4577,253.4875,0.2510,3.8000,-0.4500,358.3472,180.3990,359.4196,0.0000,0.0000,0.0000
53.453,484.2934,-1.4743,253.6391,0.2510,3.8000,-0.4500,358.3892,180.3985,359.4897,0.0000,0.0000,0.0000
53.565,484.0567,-1.4827,253.6287,0.2510,3.8000,-0.4500,358.5208,180.3976,359.6976,0.0000,0.0000,0.0000
53.675,483.8340,-1.4811,253.3118,0.2510,3.8000,-0.4500,358.6721,180.3971,359.8940,0.0000,0.0000,0.0000
53.786,483.6554,-1.4783,252.8824,0.2510,3.8000,-0.4500,358.6721,180.3971,359.8940,0.0000,0.0000,0.0000
53.897,483.4456,-1.4697,252.2810,0.2510,3.8000,-0.4500,358.7240,180.3970,359.9547,0.0000,0.0000,0.0000
54.009,483.2677,-1.4597,251.8311,0.2510,3.8000,-0.4500,358.8356,180.3971,0.0749,0.0000,0.0000,0.0000
54.120,483.0424,-1.4513,251.4428,0.2510,3.8000,-0.4500,358.8356,180.3971,0.0749,0.0000,0.0000,0.0000
54.232,482.8454,-1.4413,251.2486,0.2510,3.8000,-0.4500,358.9606,180.3973,0.1797,0.0000,0.0000,0.0000
54.342,482.6023,-1.4304,251.1420,0.2510,3.8000,-0.4500,359.0327,180.3976,0.2251,0.0000,0.0000,0.0000
54.453,482.3987,-1.4184,251.1296,0.2510,3.8000,-0.4500,359.1784,180.3983,0.3120,0.0000,0.0000,0.0000
54.564,482.1544,-1.4017,251.1782,0.2510,3.8000,-0.4500,359.4078,180.3997,0.4039,0.0000,0.0000,0.0000
54.676,481.9111,-1.3845,251.2783,0.2510,3.8000,-0.4500,359.4822,180.4003,0.4306,0.0000,0.0000,0.0000
54.785,481.7095,-1.3669,251.3888,0.2510,3.8000,-0.4500,359.6474,180.4016,0.4600,0.0000,0.0000,0.0000
54.897,481.4684,-1.3443,251.5448,0.2510,3.8000,-0.4500,359.7300,180.4022,0.4729,0.0000,0.0000,0.0000
55.012,481.2680,-1.3217,251.6872,0.2510,3.8000,-0.4500,359.9828,180.4044,0.4869,0.0000,0.0000,0.0000
55.134,480.9883,-1.2876,251.9015,0.2510,3.8000,-0.4500,0.3095,180.4071,0.4736,0.0000,0.0000,0.0000
55.245,480.7887,-1.2627,252.0631,0.2510,3.8000,-0.4500,0.3095,180.4071,0.4736,0.0000,0.0000,0.0000
55.356,480.5491,-1.2297,252.2596,0.2510,3.8000,-0.4500,0.5503,180.4090,0.4354,0.0000,0.0000,0.0000
55.466,480.3493,-1.2009,252.4249,0.2510,3.8000,-0.4500,0.7941,180.4108,0.3773,0.0000,0.0000,0.0000
55.578,480.1096,-1.1656,252.6255,0.2510,3.8000,-0.4500,0.8722,180.4112,0.3572,0.0000,0.0000,0.0000
55.690,479.9093,-1.1351,252.7915,0.2510,3.8000,-0.4500,1.1111,180.4126,0.2727,0.0000,0.0000,0.0000
55.799,479.6689,-1.0981,252.9913,0.2510,3.8000,-0.4500,1.1886,180.4129,0.2397,0.0000,0.0000,0.0000
55.911,479.4677,-1.0669,253.1561,0.2510,3.8000,-0.4500,1.4170,180.4137,0.1377,0.0000,0.0000,0.0000
56.021,479.2264,-1.0294,253.3543,0.2510,3.8000,-0.4500,1.4893,180.4138,0.0975,0.0000,0.0000,0.0000
56.133,479.0247,-0.9984,253.5182,0.2510,3.8000,-0.4500,1.6321,180.4139,0.0139,0.0000,0.0000,0.0000
56.244,478.7817,-0.9621,253.7139,0.2510,3.8000,-0.4500,1.8408,180.4137,359.8714,0.0000,0.0000,0.0000
56.355,478.5388,-0.9260,253.9096,0.2510,3.8000,-0.4500,1.9064,180.4136,359.8247,0.0000,0.0000,0.0000
56.466,478.3355,-0.8974,254.0716,0.2510,3.8000,-0.4500,2.0310,180.4131,359.7157,0.0000,0.0000,0.0000
56.578,478.0915,-0.8637,254.2660,0.2510,3.8000,-0.4500,2.0918,180.4127,359.6609,0.0000,0.0000,0.0000
56.688,477.8873,-0.8377,254.4271,0.2510,3.8000,-0.4500,2.2040,180.4120,359.5423,0.0000,0.0000,0.0000
56.799,477.6418,-0.8078,254.6049,0.2510,3.8000,-0.4500,2.2577,180.4115,359.4744,0.0000,0.0000,0.0000
56.911,477.4390,-0.7922,254.5903,0.2510,3.8000,-0.4500,2.4118,180.4098,359.2715,0.0000,0.0000,0.0000
57.022,477.2089,-0.7862,254.2884,0.2510,3.8000,-0.4500,2.4118,180.4098,359.2715,0.0000,0.0000,0.0000
57.132,477.0239,-0.7945,253.8622,0.2510,3.8000,-0.4500,2.4911,180.4087,359.1314,0.0000,0.0000,0.0000
57.244,476.8056,-0.8133,253.2589,0.2510,3.8000,-0.4500,2.5574,180.4076,358.9791,0.0000,0.0000,0.0000
57.356,476.5818,-0.8326,252.7294,0.2510,3.8000,-0.4500,2.5886,180.4070,358.9041,0.0000,0.0000,0.0000
57.466,476.3852,-0.8458,252.4164,0.2510,3.8000,-0.4500,2.6124,180.4065,358.8259,0.0000,0.0000,0.0000
57.578,476.1380,-0.8564,252.1996,0.2510,3.8000,-0.4500,2.6356,180.4061,358.7473,0.0000,0.0000,0.0000
57.688,475.9271,-0.8627,252.1290,0.2510,3.8000,-0.4500,2.6729,180.4052,358.5885,0.0000,0.0000,0.0000
57.800,475.6741,-0.8643,252.1384,0.2510,3.8000,-0.4500,2.6729,180.4052,358.5885,0.0000,0.0000,0.0000
57.912,475.4619,-0.8683,252.2001,0.2510,3.8000,-0.4500,2.7123,180.4041,358.3432,0.0000,0.0000,0.0000
58.021,475.2095,-0.8681,252.3159,0.2510,3.8000,-0.4500,2.7123,180.4041,358.3432,0.0000,0.0000,0.0000
58.132,474.9988,-0.8701,252.4345,0.2510,3.8000,-0.4500,2.7182,180.4039,358.2624,0.0000,0.0000,0.0000
58.244,474.7459,-0.8752,252.5933,0.2510,3.8000,-0.4500,2.7240,180.4038,358.0995,0.0000,0.0000,0.0000
58.355,474.4942,-0.8795,252.7629,0.2510,3.8000,-0.4500,2.7240,180.4038,358.0995,0.0000,0.0000,0.0000
58.466,474.2844,-0.8847,252.9092,0.2510,3.8000,-0.4500,2.7240,180.4038,358.0995,0.0000,0.0000,0.0000
58.577,474.0316,-0.8961,253.0887,0.2510,3.8000,-0.4500,2.7113,180.4042,357.9318,0.0000,0.0000,0.0000
58.689,473.8218,-0.9045,253.2403,0.2510,3.8000,-0.4500,2.7113,180.4042,357.9318,0.0000,0.0000,0.0000
58.800,473.5696,-0.9177,253.4256,0.2510,3.8000,-0.4500,2.6955,180.4048,357.8510,0.0000,0.0000,0.0000
58.912,473.3599,-0.9284,253.5827,0.2510,3.8000,-0.4500,2.6955,180.4048,357.8510,0.0000,0.0000,0.0000
59.022,473.1086,-0.9422,253.7746,0.2510,3.8000,-0.4500,2.6955,180.4048,357.8510,0.0000,0.0000,0.0000
59.133,472.8993,-0.9543,253.9364,0.2510,3.8000,-0.4500,2.6955,180.4048,357.8510,0.0000,0.0000,0.0000
59.257,472.6057,-0.9733,254.1641,0.2510,3.8000,-0.4500,2.6651,180.4059,357.7762,0.0000,0.0000,0.0000
59.370,472.3964,-0.9859,254.3270,0.2510,3.8000,-0.4500,2.6651,180.4059,357.7762,0.0000,0.0000,0.0000
59.480,472.1454,-1.0008,254.5227,0.2510,3.8000,-0.4500,2.6651,180.4059,357.7762,0.0000,0.0000,0.0000
59.595,471.8943,-1.0151,254.7183,0.2510,3.8000,-0.4500,2.6651,180.4059,357.7762,0.0000,0.0000,0.0000
59.711,471.6851,-1.0263,254.8811,0.2510,3.8000,-0.4500,2.6651,180.4059,357.7762,0.0000,0.0000,0.0000
59.825,471.4343,-1.0384,255.0760,0.2510,3.8000,-0.4500,2.6651,180.4059,357.7762,0.0000,0.0000,0.0000
59.938,471.1837,-1.0487,255.2700,0.2510,3.8000,-0.4500,2.6651,180.4059,357.7762,0.0000,0.0000,0.0000
60.049,470.9749,-1.0557,255.4307,0.2510,3.8000,-0.4500,2.6651,180.4059,357.7762,0.0000,0.0000,0.0000
60.160,470.7246,-1.0617,255.6226,0.2510,3.8000,-0.4500,2.6651,180.4059,357.7762,0.0000,0.0000,0.0000
60.271,470.5161,-1.0645,255.7808,0.2510,3.8000,-0.4500,2.6651,180.4059,357.7762,0.0000,0.0000,0.0000
60.382,470.2662,-1.0649,255.9685,0.2510,3.8000,-0.4500,2.6651,180.4059,357.7762,0.0000,0.0000,0.0000
60.493,470.0165,-1.0618,256.1541,0.2510,3.8000,-0.4500,2.6651,180.4059,357.7762,0.0000,0.0000,0.0000
60.605,469.8087,-1.0563,256.3069,0.2510,3.8000,-0.4500,2.6651,180.4059,357.7761,0.0000,0.0000,0.0000
60.716,469.5594,-1.0459,256.4878,0.2510,3.8000,-0.4500,2.6651,180.4059,357.7761,0.0000,0.0000,0.0000
60.827,469.3530,-1.0319,256.6374,0.2510,3.8000,-0.4500,2.5818,180.4091,357.9306,0.0000,0.0000,0.0000
60.940,469.1053,-1.0112,256.8142,0.2510,3.8000,-0.4500,2.5067,180.4117,358.0846,0.0000,0.0000,0.0000
61.049,468.8994,-0.9898,256.9589,0.2510,3.8000,-0.4500,2.4592,180.4132,358.2408,0.0000,0.0000,0.0000
61.160,468.6530,-0.9587,257.1296,0.2510,3.8000,-0.4500,2.4067,180.4147,358.4828,0.0000,0.0000,0.0000
61.271,468.4474,-0.9308,257.2696,0.2510,3.8000,-0.4500,2.3980,180.4149,358.5676,0.0000,0.0000,0.0000
61.385,468.2023,-0.8901,257.4357,0.2510,3.8000,-0.4500,2.3768,180.4155,358.8228,0.0000,0.0000,0.0000
61.495,467.9578,-0.8443,257.5999,0.2510,3.8000,-0.4500,2.3757,180.4155,359.0728,0.0000,0.0000,0.0000
61.605,467.7544,-0.8029,257.7354,0.2510,3.8000,-0.4500,2.3801,180.4154,359.2373,0.0000,0.0000,0.0000
61.716,467.5108,-0.7490,257.8964,0.2510,3.8000,-0.4500,2.3914,180.4153,359.4014,0.0000,0.0000,0.0000
61.827,467.3091,-0.6979,258.0290,0.2510,3.8000,-0.4500,2.4185,180.4151,359.6585,0.0000,0.0000,0.0000
61.939,467.0670,-0.6345,258.1867,0.2510,3.8000,-0.4500,2.4390,180.4149,359.8210,0.0000,0.0000,0.0000
62.049,466.8661,-0.5775,258.3160,0.2510,3.8000,-0.4500,2.4636,180.4149,359.9854,0.0000,0.0000,0.0000
62.160,466.6258,-0.5039,258.4681,0.2510,3.8000,-0.4500,2.5027,180.4150,0.2256,0.0000,0.0000,0.0000
62.271,466.4249,-0.4429,258.5929,0.2510,3.8000,-0.4500,2.5027,180.4150,0.2256,0.0000,0.0000,0.0000
62.382,466.1867,-0.3596,258.7394,0.2510,3.8000,-0.4500,2.5606,180.4154,0.5655,0.0000,0.0000,0.0000
62.494,465.9470,-0.2790,258.8834,0.2510,3.8000,-0.4500,2.5606,180.4154,0.5655,0.0000,0.0000,0.0000
62.606,465.7494,-0.2046,259.0009,0.2510,3.8000,-0.4500,2.5986,180.4159,0.8127,0.0000,0.0000,0.0000
62.716,465.5109,-0.1182,259.1408,0.2510,3.8000,-0.4500,2.5986,180.4159,0.8127,0.0000,0.0000,0.0000
62.841,465.2749,-0.0247,259.2786,0.2510,3.8000,-0.4500,2.6265,180.4163,1.0641,0.0000,0.0000,0.0000
62.953,465.0772,0.0510,259.3931,0.2510,3.8000,-0.4500,2.6265,180.4163,1.0641,0.0000,0.0000,0.0000
63.063,464.8423,0.1476,259.5296,0.2510,3.8000,-0.4500,2.6325,180.4164,1.3160,0.0000,0.0000,0.0000
63.175,464.6063,0.2407,259.6672,0.2510,3.8000,-0.4500,2.6325,180.4164,1.3160,0.0000,0.0000,0.0000
63.286,464.4100,0.3187,259.7827,0.2510,3.8000,-0.4500,2.6325,180.4164,1.3160,0.0000,0.0000,0.0000
63.396,464.1755,0.4134,259.9222,0.2510,3.8000,-0.4500,2.6209,180.4162,1.3975,0.0000,0.0000,0.0000
63.508,463.9804,0.4918,260.0389,0.2510,3.8000,-0.4500,2.5998,180.4156,1.4777,0.0000,0.0000,0.0000
63.619,463.7464,0.5843,260.1792,0.2510,3.8000,-0.4500,2.5695,180.4148,1.5533,0.0000,0.0000,0.0000
63.730,463.5509,0.6589,260.2962,0.2510,3.8000,-0.4500,2.5695,180.4148,1.5533,0.0000,0.0000,0.0000
63.841,463.3169,0.7468,260.4373,0.2510,3.8000,-0.4500,2.5207,180.4135,1.6208,0.0000,0.0000,0.0000
63.953,463.1211,0.7931,260.5565,0.2510,3.8000,-0.4500,2.4705,180.4120,1.6868,0.0000,0.0000,0.0000
64.063,462.8795,0.8220,260.7028,0.2510,3.8000,-0.4500,2.2621,180.4066,1.2575,0.0000,0.0000,0.0000
64.174,462.6280,0.8283,260.8499,0.2510,3.8000,-0.4500,2.0142,180.4034,0.0734,0.0000,0.0000,0.0000
64.285,462.4154,0.8036,260.9722,0.2510,3.8000,-0.4500,1.8836,180.4043,359.1084,0.0000,0.0000,0.0000
64.396,462.1623,0.7840,261.1181,0.2510,3.8000,-0.4500,1.8049,180.4059,358.5490,0.0000,0.0000,0.0000
64.508,461.9534,0.7770,261.2389,0.2510,3.8000,-0.4500,1.8049,180.4059,358.5490,0.0000,0.0000,0.0000
64.618,461.7022,0.7704,261.3818,0.2510,3.8000,-0.4500,1.8049,180.4059,358.5490,0.0000,0.0000,0.0000
64.729,461.4926,0.7671,261.4991,0.2510,3.8000,-0.4500,1.8049,180.4059,358.5490,0.0000,0.0000,0.0000
64.844,461.2410,0.7664,261.6386,0.2510,3.8000,-0.4500,1.8049,180.4059,358.5490,0.0000,0.0000,0.0000
64.952,461.0318,0.7686,261.7549,0.2510,3.8000,-0.4500,1.8049,180.4059,358.5490,0.0000,0.0000,0.0000
65.063,460.7810,0.7744,261.8946,0.2510,3.8000,-0.4500,1.8049,180.4059,358.5490,0.0000,0.0000,0.0000
65.175,460.5307,0.7838,262.0348,0.2510,3.8000,-0.4500,1.8049,180.4059,358.5490,0.0000,0.0000,0.0000
65.286,460.3223,0.7940,262.1512,0.2510,3.8000,-0.4500,1.8049,180.4059,358.5490,0.0000,0.0000,0.0000
65.396,460.0726,0.8093,262.2895,0.2510,3.8000,-0.4500,1.8049,180.4059,358.5490,0.0000,0.0000,0.0000
65.507,459.8670,0.8292,262.4039,0.2510,3.8000,-0.4500,1.7046,180.4081,358.8708,0.0000,0.0000,0.0000
65.620,459.6181,0.8501,262.5375,0.2510,3.8000,-0.4500,1.7046,180.4081,358.8708,0.0000,0.0000,0.0000
65.730,459.4123,0.8734,262.6438,0.2510,3.8000,-0.4500,1.6459,180.4092,359.1067,0.0000,0.0000,0.0000
65.840,459.1638,0.9007,262.7642,0.2510,3.8000,-0.4500,1.6281,180.4095,359.1879,0.0000,0.0000,0.0000
65.951,458.9576,0.9270,262.8597,0.2510,3.8000,-0.4500,1.5929,180.4099,359.3504,0.0000,0.0000,0.0000
66.062,458.7094,0.9591,262.9700,0.2510,3.8000,-0.4500,1.5768,180.4101,359.4286,0.0000,0.0000,0.0000
66.173,458.5042,0.9905,263.0603,0.2510,3.8000,-0.4500,1.5282,180.4104,359.6686,0.0000,0.0000,0.0000
66.284,458.2564,1.0256,263.1673,0.2510,3.8000,-0.4500,1.5282,180.4104,359.6686,0.0000,0.0000,0.0000
66.395,458.0102,1.0653,263.2740,0.2510,3.8000,-0.4500,1.4945,180.4106,359.8286,0.0000,0.0000,0.0000
66.507,457.8056,1.1001,263.3629,0.2510,3.8000,-0.4500,1.4565,180.4106,359.9919,0.0000,0.0000,0.0000
66.617,457.5598,1.1413,263.4698,0.2510,3.8000,-0.4500,1.4376,180.4106,0.0715,0.0000,0.0000,0.0000
66.729,457.3548,1.1754,263.5594,0.2510,3.8000,-0.4500,1.4376,180.4106,0.0715,0.0000,0.0000,0.0000
66.839,457.1108,1.2194,263.6524,0.2510,3.8000,-0.4500,1.3918,180.4105,0.2277,0.0000,0.0000,0.0000
66.951,456.9138,1.2520,263.5724,0.2510,3.8000,-0.4500,1.3918,180.4105,0.2277,0.0000,0.0000,0.0000
67.062,456.6928,1.2885,263.2094,0.2510,3.8000,-0.4500,1.3342,180.4102,0.3829,0.0000,0.0000,0.0000
67.173,456.4813,1.3188,262.6525,0.2510,3.8000,-0.4500,1.3342,180.4102,0.3829,0.0000,0.0000,0.0000
67.283,456.3087,1.3422,262.1205,0.2510,3.8000,-0.4500,1.3342,180.4102,0.3829,0.0000,0.0000,0.0000
67.395,456.0981,1.3708,261.5413,0.2510,3.8000,-0.4500,1.3342,180.4102,0.3829,0.0000,0.0000,0.0000
67.507,455.9144,1.3965,261.1750,0.2510,3.8000,-0.4500,1.3342,180.4102,0.3829,0.0000,0.0000,0.0000
67.619,455.6828,1.4300,260.8845,0.2510,3.8000,-0.4500,1.3342,180.4102,0.3829,0.0000,0.0000,0.0000
67.730,455.4822,1.4594,260.7465,0.2510,3.8000,-0.4500,1.3342,180.4102,0.3829,0.0000,0.0000,0.0000
67.839,455.2375,1.4953,260.6744,0.2510,3.8000,-0.4500,1.3342,180.4102,0.3829,0.0000,0.0000,0.0000
67.964,454.9916,1.5308,260.6730,0.2510,3.8000,-0.4500,1.3342,180.4102,0.3829,0.0000,0.0000,0.0000
68.075,454.7461,1.5645,260.7217,0.2510,3.8000,-0.4500,1.3342,180.4102,0.3829,0.0000,0.0000,0.0000
68.186,454.5426,1.5912,260.7899,0.2510,3.8000,-0.4500,1.2676,180.4098,0.4348,0.0000,0.0000,0.0000
68.297,454.2990,1.6200,260.8942,0.2510,3.8000,-0.4500,1.2004,180.4092,0.4848,0.0000,0.0000,0.0000
68.409,454.0963,1.6410,260.9967,0.2510,3.8000,-0.4500,1.2004,180.4092,0.4848,0.0000,0.0000,0.0000
68.520,453.8542,1.6620,261.1362,0.2510,3.8000,-0.4500,1.0441,180.4078,0.5377,0.0000,0.0000,0.0000
68.634,453.6123,1.6780,261.2878,0.2510,3.8000,-0.4500,0.8808,180.4063,0.5548,0.0000,0.0000,0.0000
68.756,453.3704,1.6901,261.4455,0.2510,3.8000,-0.4500,0.8808,180.4063,0.5548,0.0000,0.0000,0.0000
68.867,453.1683,1.6942,261.5816,0.2510,3.8000,-0.4500,0.6330,180.4039,0.5336,0.0000,0.0000,0.0000
68.992,452.9255,1.6961,261.7455,0.2510,3.8000,-0.4500,0.5523,180.4032,0.5119,0.0000,0.0000,0.0000
69.104,452.6824,1.6917,261.9109,0.2510,3.8000,-0.4500,0.3915,180.4018,0.4644,0.0000,0.0000,0.0000
69.214,452.4384,1.6804,262.0768,0.2510,3.8000,-0.4500,0.1593,180.4001,0.3620,0.0000,0.0000,0.0000
69.325,452.2350,1.6688,262.2142,0.2510,3.8000,-0.4500,0.0877,180.3997,0.3272,0.0000,0.0000,0.0000
69.436,451.9896,1.6459,262.3802,0.2510,3.8000,-0.4500,359.8014,180.3985,0.1535,0.0000,0.0000,0.0000
69.548,451.7856,1.6271,262.5167,0.2510,3.8000,-0.4500,359.8014,180.3985,0.1535,0.0000,0.0000,0.0000
69.659,451.5394,1.5956,262.6818,0.2510,3.8000,-0.4500,359.6013,180.3982,0.0100,0.0000,0.0000,0.0000
69.769,451.3343,1.5673,262.8185,0.2510,3.8000,-0.4500,359.5352,180.3982,359.9580,0.0000,0.0000,0.0000
69.881,451.0870,1.5260,262.9819,0.2510,3.8000,-0.4500,359.3396,180.3986,359.8014,0.0000,0.0000,0.0000
69.992,450.8810,1.4899,263.1164,0.2510,3.8000,-0.4500,359.2769,180.3989,359.7477,0.0000,0.0000,0.0000
70.102,450.6332,1.4411,263.2771,0.2510,3.8000,-0.4500,359.1512,180.3996,359.6392,0.0000,0.0000,0.0000
70.215,450.3850,1.3876,263.4362,0.2510,3.8000,-0.4500,359.0271,180.4005,359.5287,0.0000,0.0000,0.0000
70.324,450.1777,1.3393,263.5680,0.2510,3.8000,-0.4500,358.9044,180.4016,359.4178,0.0000,0.0000,0.0000
70.436,449.9290,1.2797,263.7246,0.2510,3.8000,-0.4500,358.8424,180.4022,359.3614,0.0000,0.0000,0.0000
70.546,449.7214,1.2269,263.8535,0.2510,3.8000,-0.4500,358.7801,180.4030,359.3048,0.0000,0.0000,0.0000
70.658,449.4716,1.1593,264.0060,0.2510,3.8000,-0.4500,358.6550,180.4046,359.1920,0.0000,0.0000,0.0000
70.769,449.2638,1.1030,264.1305,0.2510,3.8000,-0.4500,358.6550,180.4046,359.1920,0.0000,0.0000,0.0000
70.881,449.0131,1.0287,264.2785,0.2510,3.8000,-0.4500,358.4680,180.4075,359.0278,0.0000,0.0000,0.0000
70.994,448.7629,0.9565,264.4219,0.2510,3.8000,-0.4500,358.4680,180.4075,359.0278,0.0000,0.0000,0.0000
71.102,448.5540,0.8948,264.5392,0.2510,3.8000,-0.4500,358.4680,180.4075,359.0278,0.0000,0.0000,0.0000
71.213,448.3025,0.8164,264.6775,0.2510,3.8000,-0.4500,358.3373,180.4099,358.9249,0.0000,0.0000,0.0000
71.324,448.0930,0.7526,264.7878,0.2510,3.8000,-0.4500,358.3373,180.4099,358.9249,0.0000,0.0000,0.0000
71.435,447.8410,0.6755,264.9150,0.2510,3.8000,-0.4500,358.3373,180.4099,358.9249,0.0000,0.0000,0.0000
71.546,447.6304,0.6095,265.0174,0.2510,3.8000,-0.4500,358.2683,180.4112,358.8816,0.0000,0.0000,0.0000
71.657,447.3776,0.5320,265.1337,0.2510,3.8000,-0.4500,358.2683,180.4112,358.8816,0.0000,0.0000,0.0000
71.768,447.1664,0.4676,265.2261,0.2510,3.8000,-0.4500,358.2683,180.4112,358.8816,0.0000,0.0000,0.0000
71.880,446.9126,0.3909,265.3324,0.2510,3.8000,-0.4500,358.2683,180.4112,358.8816,0.0000,0.0000,0.0000
71.993,446.6586,0.3151,265.4331,0.2510,3.8000,-0.4500,358.2683,180.4112,358.8816,0.0000,0.0000,0.0000
72.102,446.4466,0.2529,265.5121,0.2510,3.8000,-0.4500,358.2683,180.4112,358.8816,0.0000,0.0000,0.0000
72.213,446.1917,0.1797,265.6014,0.2510,3.8000,-0.4500,358.2683,180.4112,358.8816,0.0000,0.0000,0.0000
72.324,445.9793,0.1198,265.6722,0.2510,3.8000,-0.4500,358.2683,180.4112,358.8816,0.0000,0.0000,0.0000
72.436,445.7243,0.0491,265.7539,0.2510,3.8000,-0.4500,358.1867,180.4128,358.8835,0.0000,0.0000,0.0000
72.546,445.5116,-0.0078,265.8189,0.2510,3.8000,-0.4500,358.1867,180.4128,358.8835,0.0000,0.0000,0.0000
72.658,445.2565,-0.0743,265.8950,0.2510,3.8000,-0.4500,358.1867,180.4128,358.8835,0.0000,0.0000,0.0000
72.769,445.0442,-0.1283,265.9581,0.2510,3.8000,-0.4500,358.1101,180.4142,358.9054,0.0000,0.0000,0.0000
72.880,444.7896,-0.1910,266.0329,0.2510,3.8000,-0.4500,358.1101,180.4142,358.9054,0.0000,0.0000,0.0000
72.992,444.5782,-0.2414,266.0960,0.2510,3.8000,-0.4500,357.9676,180.4169,358.9890,0.0000,0.0000,0.0000
73.102,444.3239,-0.3006,266.1684,0.2510,3.8000,-0.4500,357.9676,180.4169,358.9890,0.0000,0.0000,0.0000
73.215,444.0703,-0.3572,266.2376,0.2510,3.8000,-0.4500,357.8398,180.4190,359.0988,0.0000,0.0000,0.0000
73.324,443.8582,-0.4041,266.2915,0.2510,3.8000,-0.4500,357.8398,180.4190,359.0988,0.0000,0.0000,0.0000
73.436,443.6039,-0.4587,266.3515,0.2510,3.8000,-0.4500,357.7812,180.4199,359.1555,0.0000,0.0000,0.0000
73.546,443.3921,-0.5027,266.3962,0.2510,3.8000,-0.4500,357.6652,180.4215,359.2742,0.0000,0.0000,0.0000
73.658,443.1364,-0.5562,266.4425,0.2510,3.8000,-0.4500,357.6652,180.4215,359.2742,0.0000,0.0000,0.0000
73.769,442.9239,-0.5995,266.4773,0.2510,3.8000,-0.4500,357.5525,180.4228,359.3901,0.0000,0.0000,0.0000
73.893,442.6248,-0.6614,266.5072,0.2510,3.8000,-0.4500,357.5525,180.4228,359.3901,0.0000,0.0000,0.0000
74.005,442.4113,-0.7048,266.5150,0.2510,3.8000,-0.4500,357.4933,180.4234,359.4451,0.0000,0.0000,0.0000
74.131,442.1551,-0.7576,266.5110,0.2510,3.8000,-0.4500,357.4933,180.4234,359.4451,0.0000,0.0000,0.0000
74.241,441.9001,-0.8098,266.4958,0.2510,3.8000,-0.4500,357.3624,180.4245,359.5465,0.0000,0.0000,0.0000
74.352,441.6874,-0.8541,266.4759,0.2510,3.8000,-0.4500,357.3624,180.4245,359.5465,0.0000,0.0000,0.0000
74.463,441.4323,-0.9076,266.4513,0.2510,3.8000,-0.4500,357.3624,180.4245,359.5465,0.0000,0.0000,0.0000
74.574,441.1772,-0.9613,266.4303,0.2510,3.8000,-0.4500,357.2920,180.4251,359.5930,0.0000,0.0000,0.0000
74.685,440.9643,-1.0064,266.4158,0.2510,3.8000,-0.4500,357.2221,180.4255,359.6393,0.0000,0.0000,0.0000
74.796,440.7083,-1.0608,266.4017,0.2510,3.8000,-0.4500,357.2221,180.4255,359.6393,0.0000,0.0000,0.0000
74.921,440.4523,-1.1150,266.3919,0.2510,3.8000,-0.4500,357.1551,180.4259,359.6860,0.0000,0.0000,0.0000
75.033,440.1959,-1.1687,266.3851,0.2510,3.8000,-0.4500,357.0912,180.4263,359.7322,0.0000,0.0000,0.0000
75.144,439.9822,-1.2133,266.3804,0.2510,3.8000,-0.4500,357.0912,180.4263,359.7322,0.0000,0.0000,0.0000
75.255,439.7257,-1.2658,266.3748,0.2510,3.8000,-0.4500,357.0912,180.4263,359.7322,0.0000,0.0000,0.0000
75.366,439.5126,-1.3080,266.3701,0.2510,3.8000,-0.4500,357.0306,180.4265,359.7883,0.0000,0.0000,0.0000
75.491,439.2566,-1.3579,266.3638,0.2510,3.8000,-0.4500,357.0305,180.4265,359.7883,0.0000,0.0000,0.0000
75.602,439.0014,-1.4055,266.3581,0.2510,3.8000,-0.4500,356.9757,180.4267,359.8500,0.0000,0.0000,0.0000
75.713,438.7463,-1.4512,266.3528,0.2510,3.8000,-0.4500,356.9278,180.4268,359.9167,0.0000,0.0000,0.0000
75.824,438.5334,-1.4883,266.3484,0.2510,3.8000,-0.4500,356.9278,180.4268,359.9167,0.0000,0.0000,0.0000
75.935,438.2795,-1.5281,266.3446,0.2510,3.8000,-0.4500,356.8126,180.4267,0.1338,0.0000,0.0000,0.0000
76.046,438.0670,-1.5618,266.3409,0.2510,3.8000,-0.4500,356.8126,180.4267,0.1338,0.0000,0.0000,0.0000
76.157,437.8121,-1.6002,266.3364,0.2510,3.8000,-0.4500,356.8126,180.4267,0.1338,0.0000,0.0000,0.0000
76.268,437.6001,-1.6302,266.3323,0.2510,3.8000,-0.4500,356.8126,180.4267,0.1338,0.0000,0.0000,0.0000
76.381,437.3471,-1.6613,266.3270,0.2510,3.8000,-0.4500,356.7817,180.4266,0.2998,0.0000,0.0000,0.0000
76.490,437.1361,-1.6861,266.3213,0.2510,3.8000,-0.4500,356.7682,180.4265,0.3804,0.0000,0.0000,0.0000
76.602,436.8827,-1.7151,266.3129,0.2510,3.8000,-0.4500,356.7682,180.4265,0.3804,0.0000,0.0000,0.0000
76.715,436.6297,-1.7414,266.3037,0.2510,3.8000,-0.4500,356.7682,180.4265,0.3804,0.0000,0.0000,0.0000
76.824,436.4208,-1.7570,266.2956,0.2510,3.8000,-0.4500,356.7796,180.4267,0.6345,0.0000,0.0000,0.0000
76.934,436.1686,-1.7787,266.2841,0.2510,3.8000,-0.4500,356.7796,180.4267,0.6345,0.0000,0.0000,0.0000
77.046,435.9585,-1.7950,266.2740,0.2510,3.8000,-0.4500,356.7796,180.4267,0.6345,0.0000,0.0000,0.0000
77.157,435.7079,-1.8094,266.2614,0.2510,3.8000,-0.4500,356.8091,180.4270,0.7952,0.0000,0.0000,0.0000
77.268,435.4984,-1.8222,266.2501,0.2510,3.8000,-0.4500,356.8091,180.4270,0.7952,0.0000,0.0000,0.0000
77.380,435.2485,-1.8325,266.2357,0.2510,3.8000,-0.4500,356.8537,180.4277,0.9541,0.0000,0.0000,0.0000
77.504,434.9979,-1.8440,266.2203,0.2510,3.8000,-0.4500,356.8537,180.4277,0.9541,0.0000,0.0000,0.0000
77.616,434.7516,-1.8512,266.1623,0.2510,3.8000,-0.4500,356.8803,180.4282,1.0298,0.0000,0.0000,0.0000
77.741,434.5221,-1.8496,265.8796,0.2510,3.8000,-0.4500,356.8803,180.4282,1.0298,0.0000,0.0000,0.0000
77.852,434.3432,-1.8373,265.4733,0.2510,3.8000,-0.4500,356.9078,180.4287,1.1073,0.0000,0.0000,0.0000
77.963,434.1366,-1.8154,264.8687,0.2510,3.8000,-0.4500,356.9348,180.4292,1.1842,0.0000,0.0000,0.0000
78.075,433.9345,-1.7900,264.1996,0.2510,3.8000,-0.4500,356.9348,180.4292,1.1842,0.0000,0.0000,0.0000
78.185,433.7668,-1.7670,263.6378,0.2510,3.8000,-0.4500,356.9348,180.4292,1.1842,0.0000,0.0000,0.0000
78.296,433.5603,-1.7420,263.0595,0.2510,3.8000,-0.4500,356.9348,180.4292,1.1842,0.0000,0.0000,0.0000
78.408,433.3824,-1.7211,262.6907,0.2510,3.8000,-0.4500,356.9833,180.4303,1.4294,0.0000,0.0000,0.0000
78.519,433.1579,-1.7074,262.3758,0.2510,3.8000,-0.4500,356.9833,180.4303,1.4294,0.0000,0.0000,0.0000
78.643,432.9248,-1.6992,262.1716,0.2510,3.8000,-0.4500,356.9833,180.4303,1.4294,0.0000,0.0000,0.0000
78.754,432.6857,-1.6948,262.0439,0.2510,3.8000,-0.4500,356.9833,180.4303,1.4294,0.0000,0.0000,0.0000
78.865,432.4836,-1.6931,261.9814,0.2510,3.8000,-0.4500,356.9833,180.4303,1.4294,0.0000,0.0000,0.0000
78.977,432.2403,-1.6941,261.9738,0.2510,3.8000,-0.4500,356.9833,180.4303,1.4294,0.0000,0.0000,0.0000
79.088,432.0389,-1.6973,262.0195,0.2510,3.8000,-0.4500,356.9833,180.4303,1.4294,0.0000,0.0000,0.0000
79.198,431.7993,-1.7036,262.1235,0.2510,3.8000,-0.4500,356.9833,180.4303,1.4294,0.0000,0.0000,0.0000
79.309,431.6013,-1.7103,262.2406,0.2510,3.8000,-0.4500,356.9833,180.4303,1.4294,0.0000,0.0000,0.0000
79.421,431.3652,-1.7196,262.4076,0.2510,3.8000,-0.4500,356.9833,180.4303,1.4294,0.0000,0.0000,0.0000
79.532,431.1695,-1.7281,262.5620,0.2510,3.8000,-0.4500,356.9833,180.4303,1.4294,0.0000,0.0000,0.0000
79.642,430.9354,-1.7387,262.7595,0.2510,3.8000,-0.4500,356.9833,180.4303,1.4294,0.0000,0.0000,0.0000
79.754,430.7018,-1.7496,262.9653,0.2510,3.8000,-0.4500,356.9833,180.4303,1.4293,0.0000,0.0000,0.0000
79.865,430.5074,-1.7586,263.1406,0.2510,3.8000,-0.4500,356.9833,180.4303,1.4293,0.0000,0.0000,0.0000
79.976,430.2743,-1.7692,263.3535,0.2510,3.8000,-0.4500,356.9833,180.4303,1.4293,0.0000,0.0000,0.0000
80.088,430.0800,-1.7776,263.5311,0.2510,3.8000,-0.4500,356.9833,180.4303,1.4293,0.0000,0.0000,0.0000
80.198,429.8467,-1.7870,263.7434,0.2510,3.8000,-0.4500,356.9833,180.4303,1.4293,0.0000,0.0000,0.0000
80.309,429.6521,-1.7942,263.9192,0.2510,3.8000,-0.4500,356.9833,180.4303,1.4294,0.0000,0.0000,0.0000
80.434,429.3787,-1.8027,264.1542,0.2510,3.8000,-0.4500,356.9833,180.4303,1.4294,0.0000,0.0000,0.0000
80.547,429.1828,-1.8058,264.3098,0.2510,3.8000,-0.4500,357.0418,180.4318,1.4856,0.0000,0.0000,0.0000
80.658,428.9462,-1.8093,264.4840,0.2510,3.8000,-0.4500,357.0418,180.4318,1.4856,0.0000,0.0000,0.0000
80.768,428.7478,-1.8089,264.6079,0.2510,3.8000,-0.4500,357.1091,180.4336,1.5358,0.0000,0.0000,0.0000
80.880,428.5067,-1.8057,264.7243,0.2510,3.8000,-0.4500,357.1765,180.4354,1.5850,0.0000,0.0000,0.0000
80.991,428.3040,-1.8006,264.7999,0.2510,3.8000,-0.4500,357.2472,180.4374,1.6266,0.0000,0.0000,0.0000
81.101,428.0593,-1.7921,264.8698,0.2510,3.8000,-0.4500,357.3210,180.4395,1.6655,0.0000,0.0000,0.0000
81.212,427.8548,-1.7820,264.8929,0.2510,3.8000,-0.4500,357.3950,180.4417,1.7038,0.0000,0.0000,0.0000
81.323,427.6092,-1.7671,264.8904,0.2510,3.8000,-0.4500,357.4696,180.4440,1.7377,0.0000,0.0000,0.0000
81.435,427.3636,-1.7492,264.8686,0.2510,3.8000,-0.4500,357.5451,180.4463,1.7702,0.0000,0.0000,0.0000
81.546,427.1591,-1.7320,264.8423,0.2510,3.8000,-0.4500,357.6220,180.4487,1.8012,0.0000,0.0000,0.0000
81.657,426.9140,-1.7079,264.8043,0.2510,3.8000,-0.4500,357.7797,180.4537,1.8611,0.0000,0.0000,0.0000
81.768,426.7098,-1.6856,264.7793,0.2510,3.8000,-0.4500,357.9348,180.4588,1.9156,0.0000,0.0000,0.0000
81.880,426.4657,-1.6575,264.7938,0.2510,3.8000,-0.4500,358.0948,180.4643,1.9676,0.0000,0.0000,0.0000
81.990,426.2637,-1.6331,264.8381,0.2510,3.8000,-0.4500,358.1737,180.4670,1.9928,0.0000,0.0000,0.0000
82.101,426.0233,-1.5994,264.9195,0.2510,3.8000,-0.4500,358.4116,180.4754,2.0621,0.0000,0.0000,0.0000
82.212,425.8240,-1.5703,265.0077,0.2510,3.8000,-0.4500,358.4904,180.4783,2.0832,0.0000,0.0000,0.0000
82.323,425.5871,-1.5303,265.1335,0.2510,3.8000,-0.4500,358.7298,180.4871,2.1449,0.0000,0.0000,0.0000
82.434,425.3516,-1.4880,265.2780,0.2510,3.8000,-0.4500,358.8137,180.4903,2.1648,0.0000,0.0000,0.0000
82.546,425.1568,-1.4463,265.4065,0.2510,3.8000,-0.4500,359.1435,180.5030,2.2416,0.0000,0.0000,0.0000
82.657,424.9235,-1.3968,265.5733,0.2510,3.8000,-0.4500,359.1435,180.5030,2.2416,0.0000,0.0000,0.0000
82.768,424.7304,-1.3481,265.7166,0.2510,3.8000,-0.4500,359.4729,180.5161,2.3109,0.0000,0.0000,0.0000
82.878,424.4992,-1.2881,265.8952,0.2510,3.8000,-0.4500,359.6360,180.5227,2.3430,0.0000,0.0000,0.0000
82.990,424.3070,-1.2341,266.0461,0.2510,3.8000,-0.4500,359.7968,180.5293,2.3743,0.0000,0.0000,0.0000
83.101,424.0769,-1.1654,266.2283,0.2510,3.8000,-0.4500,359.9574,180.5360,2.4035,0.0000,0.0000,0.0000
83.214,423.8474,-1.0904,266.4096,0.2510,3.8000,-0.4500,0.2913,180.5502,2.4611,0.0000,0.0000,0.0000
83.323,423.6559,-1.0275,266.5605,0.2510,3.8000,-0.4500,0.2913,180.5502,2.4611,0.0000,0.0000,0.0000
83.434,423.4265,-0.9456,266.7359,0.2510,3.8000,-0.4500,0.5398,180.5610,2.4997,0.0000,0.0000,0.0000
83.546,423.2352,-0.8758,266.8795,0.2510,3.8000,-0.4500,0.6234,180.5646,2.5123,0.0000,0.0000,0.0000
83.656,423.0057,-0.7872,267.0461,0.2510,3.8000,-0.4500,0.8659,180.5753,2.5462,0.0000,0.0000,0.0000
83.770,422.8139,-0.7129,267.1811,0.2510,3.8000,-0.4500,0.8659,180.5753,2.5462,0.0000,0.0000,0.0000
83.879,422.5840,-0.6176,267.3350,0.2510,3.8000,-0.4500,1.2098,180.5907,2.5878,0.0000,0.0000,0.0000
83.990,422.3921,-0.5388,267.4617,0.2510,3.8000,-0.4500,1.2098,180.5907,2.5878,0.0000,0.0000,0.0000
84.101,422.1620,-0.4400,267.6105,0.2510,3.8000,-0.4500,1.3767,180.5983,2.6070,0.0000,0.0000,0.0000
84.211,421.9703,-0.3560,267.7342,0.2510,3.8000,-0.4500,1.4584,180.6021,2.6181,0.0000,0.0000,0.0000
84.323,421.7405,-0.2528,267.8823,0.2510,3.8000,-0.4500,1.5399,180.6058,2.6295,0.0000,0.0000,0.0000
84.435,421.5114,-0.1455,268.0318,0.2510,3.8000,-0.4500,1.7011,180.6132,2.6638,0.0000,0.0000,0.0000
84.545,421.3210,-0.0545,268.1588,0.2510,3.8000,-0.4500,1.7796,180.6169,2.6819,0.0000,0.0000,0.0000
84.656,421.0929,0.0562,268.3144,0.2510,3.8000,-0.4500,1.7796,180.6169,2.6819,0.0000,0.0000,0.0000
84.769,420.9034,0.1514,268.4449,0.2510,3.8000,-0.4500,1.8535,180.6204,2.7087,0.0000,0.0000,0.0000
84.878,420.6763,0.2666,268.6031,0.2510,3.8000,-0.4500,1.8535,180.6204,2.7087,0.0000,0.0000,0.0000
84.990,420.4881,0.3666,268.7343,0.2510,3.8000,-0.4500,1.9991,180.6274,2.7849,0.0000,0.0000,0.0000
85.101,420.2619,0.4852,268.8929,0.2510,3.8000,-0.4500,1.9991,180.6274,2.7849,0.0000,0.0000,0.0000
85.213,420.0358,0.6051,269.0502,0.2510,3.8000,-0.4500,1.9991,180.6274,2.7849,0.0000,0.0000,0.0000
85.323,419.8477,0.7055,269.1802,0.2510,3.8000,-0.4500,1.9991,180.6274,2.7849,0.0000,0.0000,0.0000
85.435,419.6222,0.8264,269.3351,0.2510,3.8000,-0.4500,1.9991,180.6274,2.7849,0.0000,0.0000,0.0000
85.545,419.4343,0.9269,269.4630,0.2510,3.8000,-0.4500,1.9991,180.6274,2.7849,0.0000,0.0000,0.0000
85.657,419.2089,1.0469,269.6154,0.2510,3.8000,-0.4500,1.9991,180.6274,2.7849,0.0000,0.0000,0.0000
85.767,419.0210,1.1461,269.7419,0.2510,3.8000,-0.4500,1.9991,180.6274,2.7849,0.0000,0.0000,0.0000
85.879,418.7958,1.2637,269.8945,0.2510,3.8000,-0.4500,1.9991,180.6274,2.7849,0.0000,0.0000,0.0000
85.989,418.6081,1.3601,270.0229,0.2510,3.8000,-0.4500,1.9991,180.6274,2.7849,0.0000,0.0000,0.0000
86.100,418.3831,1.4734,270.1782,0.2510,3.8000,-0.4500,1.9991,180.6274,2.7849,0.0000,0.0000,0.0000
86.212,418.1953,1.5654,270.3078,0.2510,3.8000,-0.4500,1.9991,180.6274,2.7849,0.0000,0.0000,0.0000
86.323,417.9696,1.6723,270.4622,0.2510,3.8000,-0.4500,1.9991,180.6274,2.7849,0.0000,0.0000,0.0000
86.434,417.7442,1.7760,270.6159,0.2510,3.8000,-0.4500,1.9650,180.6257,2.8574,0.0000,0.0000,0.0000
86.546,417.5555,1.8578,270.7432,0.2510,3.8000,-0.4500,1.9650,180.6257,2.8574,0.0000,0.0000,0.0000
86.656,417.3297,1.9520,270.8963,0.2510,3.8000,-0.4500,1.7601,180.6152,3.0074,0.0000,0.0000,0.0000
86.767,417.1402,2.0250,271.0229,0.2510,3.8000,-0.4500,1.7601,180.6152,3.0074,0.0000,0.0000,0.0000
86.879,416.9129,2.1059,271.1771,0.2510,3.8000,-0.4500,1.4337,180.5977,3.0995,0.0000,0.0000,0.0000
86.989,416.7223,2.1680,271.3050,0.2510,3.8000,-0.4500,1.3478,180.5931,3.0989,0.0000,0.0000,0.0000
87.100,416.4925,2.2326,271.4615,0.2510,3.8000,-0.4500,0.9255,180.5703,3.0601,0.0000,0.0000,0.0000
87.212,416.3003,2.2825,271.5905,0.2510,3.8000,-0.4500,0.8440,180.5660,3.0369,0.0000,0.0000,0.0000
87.323,416.0681,2.3316,271.7484,0.2510,3.8000,-0.4500,0.5173,180.5489,2.9287,0.0000,0.0000,0.0000
87.434,415.8342,2.3702,271.9084,0.2510,3.8000,-0.4500,0.1330,180.5298,2.7484,0.0000,0.0000,0.0000
87.545,415.6386,2.3965,272.0416,0.2510,3.8000,-0.4500,359.9165,180.5197,2.6270,0.0000,0.0000,0.0000
87.656,415.4029,2.4201,272.2010,0.2510,3.8000,-0.4500,359.7068,180.5103,2.4984,0.0000,0.0000,0.0000
87.768,415.2043,2.4285,272.3333,0.2510,3.8000,-0.4500,359.3555,180.4957,2.2597,0.0000,0.0000,0.0000
87.878,414.9655,2.4335,272.4871,0.2510,3.8000,-0.4500,359.1538,180.4880,2.1108,0.0000,0.0000,0.0000
87.990,414.7647,2.4277,272.6130,0.2510,3.8000,-0.4500,358.8843,180.4785,1.9035,0.0000,0.0000,0.0000
88.101,414.5222,2.4111,272.7599,0.2510,3.8000,-0.4500,358.5581,180.4684,1.6376,0.0000,0.0000,0.0000
88.212,414.3197,2.3926,272.8774,0.2510,3.8000,-0.4500,358.4311,180.4649,1.5301,0.0000,0.0000,0.0000
88.322,414.0739,2.3556,273.0159,0.2510,3.8000,-0.4500,358.0417,180.4557,1.1890,0.0000,0.0000,0.0000
88.434,413.8280,2.3131,273.1491,0.2510,3.8000,-0.4500,357.8574,180.4521,1.0212,0.0000,0.0000,0.0000
88.544,413.6208,2.2665,273.2561,0.2510,3.8000,-0.4500,357.5543,180.4475,0.7384,0.0000,0.0000,0.0000
88.670,413.3719,2.2063,273.3738,0.2510,3.8000,-0.4500,357.3711,180.4454,0.5616,0.0000,0.0000,0.0000
88.781,413.1208,2.1357,273.4819,0.2510,3.8000,-0.4500,357.1311,180.4435,0.3255,0.0000,0.0000,0.0000
88.907,412.8689,2.0580,273.5817,0.2510,3.8000,-0.4500,356.9560,180.4428,0.1500,0.0000,0.0000,0.0000
89.018,412.6149,1.9686,273.6766,0.2510,3.8000,-0.4500,356.6562,180.4428,359.8398,0.0000,0.0000,0.0000
89.128,412.4039,1.8930,273.7519,0.2510,3.8000,-0.4500,356.5968,180.4430,359.7769,0.0000,0.0000,0.0000
89.239,412.1490,1.7908,273.8419,0.2510,3.8000,-0.4500,356.3591,180.4445,359.5231,0.0000,0.0000,0.0000
89.351,411.9366,1.7006,273.9189,0.2510,3.8000,-0.4500,356.1877,180.4462,359.3358,0.0000,0.0000,0.0000
89.461,411.6830,1.5900,274.0145,0.2510,3.8000,-0.4500,356.1318,180.4469,359.2744,0.0000,0.0000,0.0000
89.587,411.4277,1.4664,274.1151,0.2510,3.8000,-0.4500,355.8439,180.4513,358.9509,0.0000,0.0000,0.0000
89.698,411.1802,1.3520,274.0860,0.2510,3.8000,-0.4500,355.8439,180.4513,358.9509,0.0000,0.0000,0.0000
89.809,410.9849,1.2677,273.8412,0.2510,3.8000,-0.4500,355.7368,180.4534,358.8246,0.0000,0.0000,0.0000
89.920,410.7618,1.1848,273.3460,0.2510,3.8000,-0.4500,355.6837,180.4546,358.7608,0.0000,0.0000,0.0000
90.030,410.5802,1.1224,272.8371,0.2510,3.8000,-0.4500,355.5857,180.4568,358.6286,0.0000,0.0000,0.0000
90.156,410.3305,1.0457,272.0576,0.2510,3.8000,-0.4500,355.5857,180.4568,358.6286,0.0000,0.0000,0.0000
90.268,410.1498,0.9890,271.5383,0.2510,3.8000,-0.4500,355.5857,180.4568,358.6286,0.0000,0.0000,0.0000
90.379,409.9235,0.9079,271.0531,0.2510,3.8000,-0.4500,355.5422,180.4579,358.5580,0.0000,0.0000,0.0000
90.489,409.7260,0.8282,270.7739,0.2510,3.8000,-0.4500,355.5015,180.4589,358.4888,0.0000,0.0000,0.0000
90.600,409.4803,0.7217,270.5609,0.2510,3.8000,-0.4500,355.5015,180.4589,358.4889,0.0000,0.0000,0.0000
90.711,409.2704,0.6245,270.4689,0.2510,3.8000,-0.4500,355.5015,180.4589,358.4889,0.0000,0.0000,0.0000
90.823,409.0162,0.5000,270.4373,0.2510,3.8000,-0.4500,355.5015,180.4589,358.4889,0.0000,0.0000,0.0000
90.933,408.7618,0.3703,270.4688,0.2510,3.8000,-0.4500,355.5015,180.4589,358.4889,0.0000,0.0000,0.0000
91.058,408.5088,0.2384,270.5461,0.2510,3.8000,-0.4500,355.5015,180.4589,358.4889,0.0000,0.0000,0.0000
91.170,408.2989,0.1286,270.6352,0.2510,3.8000,-0.4500,355.5015,180.4589,358.4889,0.0000,0.0000,0.0000
91.294,408.0064,-0.0228,270.7854,0.2510,3.8000,-0.4500,355.5015,180.4589,358.4889,0.0000,0.0000,0.0000
91.405,407.7985,-0.1280,270.9056,0.2510,3.8000,-0.4500,355.5015,180.4589,358.4889,0.0000,0.0000,0.0000
91.530,407.5497,-0.2500,271.0589,0.2510,3.8000,-0.4500,355.5015,180.4589,358.4889,0.0000,0.0000,0.0000
91.641,407.3016,-0.3664,271.2185,0.2510,3.8000,-0.4500,355.5015,180.4589,358.4889,0.0000,0.0000,0.0000
91.752,407.0953,-0.4584,271.3543,0.2510,3.8000,-0.4500,355.5015,180.4589,358.4889,0.0000,0.0000,0.0000
91.858,406.8483,-0.5624,271.5193,0.2510,3.8000,-0.4500,355.5015,180.4589,358.4889,0.0000,0.0000,0.0000
91.985,406.6017,-0.6587,271.6848,0.2510,3.8000,-0.4500,355.5015,180.4589,358.4889,0.0000,0.0000,0.0000
92.098,406.3574,-0.7372,271.8470,0.2510,3.8000,-0.4500,355.8717,180.4503,358.8522,0.0000,0.0000,0.0000
92.209,406.1527,-0.8009,271.9813,0.2510,3.8000,-0.4500,355.9882,180.4481,358.9709,0.0000,0.0000,0.0000
92.320,405.9077,-0.8664,272.1389,0.2510,3.8000,-0.4500,356.2194,180.4444,359.2088,0.0000,0.0000,0.0000
92.434,405.6629,-0.9223,272.2918,0.2510,3.8000,-0.4500,356.4576,180.4416,359.4543,0.0000,0.0000,0.0000
92.544,405.4589,-0.9622,272.4163,0.2510,3.8000,-0.4500,356.6374,180.4402,359.6380,0.0000,0.0000,0.0000
92.653,405.2549,-0.9954,272.5378,0.2510,3.8000,-0.4500,356.8123,180.4394,359.8152,0.0000,0.0000,0.0000
92.765,405.0104,-1.0254,272.6773,0.2510,3.8000,-0.4500,357.0617,180.4391,0.0610,0.0000,0.0000,0.0000
92.875,404.7657,-1.0475,272.8106,0.2510,3.8000,-0.4500,357.2460,180.4396,0.2389,0.0000,0.0000,0.0000
92.987,404.5626,-1.0563,272.9167,0.2510,3.8000,-0.4500,357.4978,180.4412,0.4753,0.0000,0.0000,0.0000
93.097,404.3186,-1.0594,273.0356,0.2510,3.8000,-0.4500,357.7559,180.4438,0.7075,0.0000,0.0000,0.0000
93.209,404.1148,-1.0572,273.1273,0.2510,3.8000,-0.4500,357.8839,180.4455,0.8191,0.0000,0.0000,0.0000
93.321,403.8711,-1.0442,273.2295,0.2510,3.8000,-0.4500,358.1460,180.4498,1.0400,0.0000,0.0000,0.0000
93.430,403.6682,-1.0275,273.3114,0.2510,3.8000,-0.4500,358.3523,180.4538,1.2028,0.0000,0.0000,0.0000
93.542,403.4252,-1.0014,273.4091,0.2510,3.8000,-0.4500,358.5559,180.4584,1.3571,0.0000,0.0000,0.0000
93.654,403.1833,-0.9681,273.5072,0.2510,3.8000,-0.4500,358.7605,180.4635,1.5033,0.0000,0.0000,0.0000
93.764,402.9825,-0.9347,273.5908,0.2510,3.8000,-0.4500,358.9666,180.4691,1.6385,0.0000,0.0000,0.0000
93.875,402.7425,-0.8897,273.6962,0.2510,3.8000,-0.4500,359.1846,180.4756,1.7655,0.0000,0.0000,0.0000
93.987,402.5434,-0.8484,273.7880,0.2510,3.8000,-0.4500,359.3339,180.4803,1.8471,0.0000,0.0000,0.0000
94.098,402.3057,-0.7917,273.9016,0.2510,3.8000,-0.4500,359.6346,180.4904,1.9892,0.0000,0.0000,0.0000
94.209,402.1080,-0.7431,274.0026,0.2510,3.8000,-0.4500,359.7112,180.4931,2.0216,0.0000,0.0000,0.0000
94.320,401.8720,-0.6785,274.1297,0.2510,3.8000,-0.4500,359.8672,180.4987,2.0870,0.0000,0.0000,0.0000
94.431,401.6769,-0.6174,274.2389,0.2510,3.8000,-0.4500,0.1821,180.5105,2.2188,0.0000,0.0000,0.0000
94.542,401.4430,-0.5433,274.3773,0.2510,3.8000,-0.4500,0.2592,180.5135,2.2528,0.0000,0.0000,0.0000
94.656,401.2110,-0.4607,274.5198,0.2510,3.8000,-0.4500,0.4945,180.5230,2.3593,0.0000,0.0000,0.0000
94.764,401.0186,-0.3869,274.6416,0.2510,3.8000,-0.4500,0.7208,180.5326,2.4695,0.0000,0.0000,0.0000
94.876,400.7887,-0.2938,274.7904,0.2510,3.8000,-0.4500,0.9408,180.5423,2.5850,0.0000,0.0000,0.0000
94.987,400.5974,-0.2140,274.9157,0.2510,3.8000,-0.4500,1.0113,180.5455,2.6228,0.0000,0.0000,0.0000
95.098,400.3690,-0.1124,275.0658,0.2510,3.8000,-0.4500,1.1533,180.5521,2.7053,0.0000,0.0000,0.0000
95.209,400.1794,-0.0235,275.1904,0.2510,3.8000,-0.4500,1.2960,180.5589,2.7902,0.0000,0.0000,0.0000
95.322,399.9526,0.0879,275.3384,0.2510,3.8000,-0.4500,1.5035,180.5693,2.9211,0.0000,0.0000,0.0000
95.431,399.7634,0.1806,275.4617,0.2510,3.8000,-0.4500,1.5035,180.5693,2.9212,0.0000,0.0000,0.0000
95.542,399.5374,0.2978,275.6074,0.2510,3.8000,-0.4500,1.6446,180.5766,3.0148,0.0000,0.0000,0.0000
95.654,399.3117,0.4167,275.7517,0.2510,3.8000,-0.4500,1.7136,180.5803,3.0608,0.0000,0.0000,0.0000
95.765,399.1234,0.5167,275.8711,0.2510,3.8000,-0.4500,1.7136,180.5803,3.0608,0.0000,0.0000,0.0000
95.876,398.8987,0.6411,276.0120,0.2510,3.8000,-0.4500,1.8491,180.5876,3.1525,0.0000,0.0000,0.0000
95.987,398.7112,0.7439,276.1301,0.2510,3.8000,-0.4500,1.8491,180.5876,3.1525,0.0000,0.0000,0.0000
96.098,398.4867,0.8697,276.2719,0.2510,3.8000,-0.4500,1.9163,180.5914,3.1964,0.0000,0.0000,0.0000
96.209,398.2996,0.9740,276.3909,0.2510,3.8000,-0.4500,1.9163,180.5914,3.1964,0.0000,0.0000,0.0000
96.321,398.0751,1.0994,276.5348,0.2510,3.8000,-0.4500,1.9163,180.5914,3.1964,0.0000,0.0000,0.0000
96.431,397.8882,1.2039,276.6559,0.2510,3.8000,-0.4500,1.9163,180.5914,3.1964,0.0000,0.0000,0.0000
96.542,397.6639,1.3286,276.8024,0.2510,3.8000,-0.4500,1.9163,180.5914,3.1964,0.0000,0.0000,0.0000
96.654,397.4396,1.4525,276.9503,0.2510,3.8000,-0.4500,1.9163,180.5914,3.1964,0.0000,0.0000,0.0000
96.765,397.2526,1.5549,277.0753,0.2510,3.8000,-0.4500,1.9163,180.5914,3.1964,0.0000,0.0000,0.0000
96.876,397.0281,1.6767,277.2271,0.2510,3.8000,-0.4500,1.9163,180.5914,3.1964,0.0000,0.0000,0.0000
96.988,396.8409,1.7769,277.3547,0.2510,3.8000,-0.4500,1.9163,180.5914,3.1964,0.0000,0.0000,0.0000
97.100,396.6160,1.8955,277.5089,0.2510,3.8000,-0.4500,1.9163,180.5914,3.1964,0.0000,0.0000,0.0000
97.223,396.3907,2.0117,277.6637,0.2510,3.8000,-0.4500,1.9163,180.5914,3.1964,0.0000,0.0000,0.0000
97.334,396.1647,2.1250,277.8188,0.2510,3.8000,-0.4500,1.9163,180.5914,3.1964,0.0000,0.0000,0.0000
97.445,395.9754,2.2166,277.9465,0.2510,3.8000,-0.4500,1.9907,180.5955,3.1637,0.0000,0.0000,0.0000
97.557,395.7472,2.3223,278.0983,0.2510,3.8000,-0.4500,2.0554,180.5990,3.1121,0.0000,0.0000,0.0000
97.669,395.5555,2.4057,278.2231,0.2510,3.8000,-0.4500,2.1675,180.6050,2.9908,0.0000,0.0000,0.0000
97.779,395.3242,2.5003,278.3718,0.2510,3.8000,-0.4500,2.2449,180.6090,2.8467,0.0000,0.0000,0.0000
97.889,395.1306,2.5746,278.4949,0.2510,3.8000,-0.4500,2.2698,180.6102,2.7671,0.0000,0.0000,0.0000
98.001,394.8964,2.6565,278.6414,0.2510,3.8000,-0.4500,2.3126,180.6122,2.6044,0.0000,0.0000,0.0000
98.112,394.6984,2.7151,278.7625,0.2510,3.8000,-0.4500,2.3269,180.6128,2.2635,0.0000,0.0000,0.0000
98.223,394.4598,2.7786,278.9064,0.2510,3.8000,-0.4500,2.2787,180.6111,1.9292,0.0000,0.0000,0.0000
98.334,394.2198,2.8345,279.0480,0.2510,3.8000,-0.4500,2.2134,180.6090,1.6884,0.0000,0.0000,0.0000
98.445,394.0176,2.8712,279.1651,0.2510,3.8000,-0.4500,2.0993,180.6060,1.3731,0.0000,0.0000,0.0000
98.557,393.7740,2.9069,279.3040,0.2510,3.8000,-0.4500,1.9486,180.6028,1.0620,0.0000,0.0000,0.0000
98.667,393.5693,2.9275,279.4189,0.2510,3.8000,-0.4500,1.7862,180.6002,0.7654,0.0000,0.0000,0.0000
98.779,393.3224,2.9418,279.5559,0.2510,3.8000,-0.4500,1.5680,180.5980,0.4142,0.0000,0.0000,0.0000
98.889,393.1160,2.9467,279.6694,0.2510,3.8000,-0.4500,1.4241,180.5972,0.2047,0.0000,0.0000,0.0000
99.001,392.8660,2.9376,279.8062,0.2510,3.8000,-0.4500,1.1155,180.5973,359.7849,0.0000,0.0000,0.0000
99.113,392.6579,2.9243,279.9193,0.2510,3.8000,-0.4500,0.9645,180.5981,359.5915,0.0000,0.0000,0.0000
99.223,392.4062,2.8932,280.0567,0.2510,3.8000,-0.4500,0.6348,180.6016,359.1963,0.0000,0.0000,0.0000
99.334,392.1548,2.8532,280.1950,0.2510,3.8000,-0.4500,0.4138,180.6052,358.9450,0.0000,0.0000,0.0000
99.446,391.9442,2.8076,280.3130,0.2510,3.8000,-0.4500,0.1161,180.6115,358.6243,0.0000,0.0000,0.0000
99.556,391.6920,2.7452,280.4563,0.2510,3.8000,-0.4500,359.8828,180.6176,358.3825,0.0000,0.0000,0.0000
99.668,391.4809,2.6816,280.5775,0.2510,3.8000,-0.4500,359.5760,180.6270,358.0827,0.0000,0.0000,0.0000
99.778,391.2280,2.5979,280.7201,0.2510,3.8000,-0.4500,359.3332,180.6357,357.8544,0.0000,0.0000,0.0000
99.890,391.0167,2.5185,280.8380,0.2510,3.8000,-0.4500,359.0693,180.6461,357.6216,0.0000,0.0000,0.0000
100.001,390.7634,2.4150,280.9785,0.2510,3.8000,-0.4500,358.8069,180.6575,357.3992,0.0000,0.0000,0.0000
100.115,390.5101,2.3015,281.1202,0.2510,3.8000,-0.4500,358.5363,180.6703,357.1844,0.0000,0.0000,0.0000
100.222,390.2991,2.1990,281.2400,0.2510,3.8000,-0.4500,358.2621,180.6843,356.9780,0.0000,0.0000,0.0000
100.348,390.0467,2.0708,281.3853,0.2510,3.8000,-0.4500,358.0472,180.6959,356.8311,0.0000,0.0000,0.0000
100.459,389.7948,1.9350,281.5338,0.2510,3.8000,-0.4500,357.8364,180.7079,356.6925,0.0000,0.0000,0.0000
100.570,389.5854,1.8173,281.6606,0.2510,3.8000,-0.4500,357.6922,180.7163,356.6093,0.0000,0.0000,0.0000
100.681,389.3347,1.6698,281.8166,0.2510,3.8000,-0.4500,357.4671,180.7299,356.4872,0.0000,0.0000,0.0000
100.792,389.1263,1.5439,281.9490,0.2510,3.8000,-0.4500,357.3151,180.7393,356.4185,0.0000,0.0000,0.0000
100.917,388.8351,1.3629,282.1375,0.2510,3.8000,-0.4500,357.0774,180.7544,356.3308,0.0000,0.0000,0.0000
101.028,388.6277,1.2337,282.2732,0.2510,3.8000,-0.4500,357.0774,180.7544,356.3308,0.0000,0.0000,0.0000
101.139,388.3790,1.0753,282.4385,0.2510,3.8000,-0.4500,356.9197,180.7646,356.2938,0.0000,0.0000,0.0000
101.250,388.1721,0.9436,282.5771,0.2510,3.8000,-0.4500,356.8390,180.7699,356.2877,0.0000,0.0000,0.0000
101.362,387.9239,0.7863,282.7435,0.2510,3.8000,-0.4500,356.7589,180.7751,356.2866,0.0000,0.0000,0.0000
101.472,387.7172,0.6571,282.8817,0.2510,3.8000,-0.4500,356.7589,180.7751,356.2866,0.0000,0.0000,0.0000
101.599,387.4284,0.4785,283.0761,0.2510,3.8000,-0.4500,356.5199,180.7905,356.3516,0.0000,0.0000,0.0000
101.708,387.2220,0.3547,283.2141,0.2510,3.8000,-0.4500,356.5199,180.7905,356.3516,0.0000,0.0000,0.0000
101.821,386.9753,0.2113,283.3825,0.2510,3.8000,-0.4500,356.3954,180.7983,356.4569,0.0000,0.0000,0.0000
101.945,386.7289,0.0742,283.5529,0.2510,3.8000,-0.4500,356.2960,180.8044,356.5869,0.0000,0.0000,0.0000
102.056,386.4837,-0.0537,283.7247,0.2510,3.8000,-0.4500,356.1629,180.8120,356.8949,0.0000,0.0000,0.0000
102.168,386.2786,-0.1556,283.8669,0.2510,3.8000,-0.4500,356.1328,180.8136,357.0544,0.0000,0.0000,0.0000
102.279,386.0333,-0.2677,284.0363,0.2510,3.8000,-0.4500,356.1121,180.8146,357.3882,0.0000,0.0000,0.0000
102.403,385.7875,-0.3718,284.2031,0.2510,3.8000,-0.4500,356.1430,180.8132,357.6502,0.0000,0.0000,0.0000
102.515,385.5417,-0.4648,284.3641,0.2510,3.8000,-0.4500,356.2071,180.8108,357.9865,0.0000,0.0000,0.0000
102.640,385.2953,-0.5476,284.5172,0.2510,3.8000,-0.4500,356.3017,180.8078,358.3069,0.0000,0.0000,0.0000
102.751,385.0901,-0.6075,284.6391,0.2510,3.8000,-0.4500,356.4198,180.8046,358.6230,0.0000,0.0000,0.0000
102.862,384.8434,-0.6708,284.7802,0.2510,3.8000,-0.4500,356.5660,180.8015,358.9435,0.0000,0.0000,0.0000
102.973,384.6379,-0.7163,284.8946,0.2510,3.8000,-0.4500,356.6793,180.7996,359.1741,0.0000,0.0000,0.0000
103.085,384.3922,-0.7594,285.0285,0.2510,3.8000,-0.4500,356.8804,180.7974,359.5375,0.0000,0.0000,0.0000
103.195,384.1466,-0.7938,285.1592,0.2510,3.8000,-0.4500,357.0645,180.7964,359.8314,0.0000,0.0000,0.0000
103.306,383.9421,-0.8156,285.2656,0.2510,3.8000,-0.4500,357.2043,180.7962,0.0410,0.0000,0.0000,0.0000
103.419,383.6974,-0.8324,285.3904,0.2510,3.8000,-0.4500,357.3968,180.7968,0.3086,0.0000,0.0000,0.0000
103.529,383.4943,-0.8385,285.4908,0.2510,3.8000,-0.4500,357.6052,180.7984,0.5672,0.0000,0.0000,0.0000
103.640,383.2490,-0.8437,285.6036,0.2510,3.8000,-0.4500,357.6575,180.7990,0.6295,0.0000,0.0000,0.0000
103.765,383.0058,-0.8326,285.7046,0.2510,3.8000,-0.4500,358.0246,180.8042,1.0071,0.0000,0.0000,0.0000
103.876,382.7607,-0.8223,285.7998,0.2510,3.8000,-0.4500,358.0825,180.8053,1.0626,0.0000,0.0000,0.0000
103.987,382.5577,-0.8040,285.8731,0.2510,3.8000,-0.4500,358.3513,180.8108,1.2719,0.0000,0.0000,0.0000
104.113,382.2722,-0.7783,285.9734,0.2510,3.8000,-0.4500,358.4172,180.8123,1.3201,0.0000,0.0000,0.0000
104.222,382.0698,-0.7500,286.0409,0.2510,3.8000,-0.4500,358.7839,180.8214,1.5257,0.0000,0.0000,0.0000
104.334,381.8255,-0.7194,286.1239,0.2510,3.8000,-0.4500,358.7839,180.8214,1.5257,0.0000,0.0000,0.0000
104.446,381.6230,-0.6873,286.1912,0.2510,3.8000,-0.4500,359.0146,180.8277,1.6173,0.0000,0.0000,0.0000
104.556,381.3798,-0.6463,286.2720,0.2510,3.8000,-0.4500,359.2496,180.8345,1.6862,0.0000,0.0000,0.0000
104.667,381.1772,-0.6112,286.3398,0.2510,3.8000,-0.4500,359.3282,180.8368,1.7064,0.0000,0.0000,0.0000
104.781,380.9342,-0.5650,286.4198,0.2510,3.8000,-0.4500,359.5775,180.8443,1.7424,0.0000,0.0000,0.0000
104.892,380.7316,-0.5268,286.4872,0.2510,3.8000,-0.4500,359.5775,180.8443,1.7424,0.0000,0.0000,0.0000
105.003,380.4883,-0.4766,286.5652,0.2510,3.8000,-0.4500,359.9192,180.8548,1.7477,0.0000,0.0000,0.0000
105.115,380.2446,-0.4267,286.6432,0.2510,3.8000,-0.4500,0.0834,180.8597,1.7279,0.0000,0.0000,0.0000
105.226,380.0413,-0.3848,286.7076,0.2510,3.8000,-0.4500,0.1647,180.8622,1.7164,0.0000,0.0000,0.0000
105.337,379.7966,-0.3338,286.7828,0.2510,3.8000,-0.4500,0.4097,180.8694,1.6512,0.0000,0.0000,0.0000
105.449,379.5926,-0.2918,286.8449,0.2510,3.8000,-0.4500,0.4881,180.8716,1.6215,0.0000,0.0000,0.0000
105.551,379.3879,-0.2499,286.9051,0.2510,3.8000,-0.4500,0.6441,180.8759,1.5585,0.0000,0.0000,0.0000
105.654,379.1413,-0.2008,286.9751,0.2510,3.8000,-0.4500,0.8654,180.8818,1.4401,0.0000,0.0000,0.0000
105.764,378.9355,-0.1607,287.0323,0.2510,3.8000,-0.4500,0.9351,180.8835,1.3938,0.0000,0.0000,0.0000
105.876,378.6871,-0.1143,287.0974,0.2510,3.8000,-0.4500,1.1394,180.8882,1.2506,0.0000,0.0000,0.0000
105.987,378.4796,-0.0770,287.1500,0.2510,3.8000,-0.4500,1.2642,180.8908,1.1412,0.0000,0.0000,0.0000
106.098,378.2297,-0.0338,287.2113,0.2510,3.8000,-0.4500,1.3823,180.8930,1.0295,0.0000,0.0000,0.0000
106.209,378.0211,0.0009,287.2613,0.2510,3.8000,-0.4500,1.4383,180.8940,0.9706,0.0000,0.0000,0.0000
106.321,377.7687,0.0386,287.3188,0.2510,3.8000,-0.4500,1.6594,180.8973,0.7135,0.0000,0.0000,0.0000
106.431,377.5586,0.0698,287.3671,0.2510,3.8000,-0.4500,1.7089,180.8979,0.6464,0.0000,0.0000,0.0000
106.541,377.3052,0.1036,287.4256,0.2510,3.8000,-0.4500,1.8544,180.8993,0.4433,0.0000,0.0000,0.0000
106.653,377.0943,0.1311,287.4760,0.2510,3.8000,-0.4500,1.8985,180.8996,0.3736,0.0000,0.0000,0.0000
106.765,376.8397,0.1602,287.5376,0.2510,3.8000,-0.4500,2.0289,180.9002,0.1597,0.0000,0.0000,0.0000
106.875,376.5847,0.1867,287.6018,0.2510,3.8000,-0.4500,2.1485,180.9003,359.9391,0.0000,0.0000,0.0000
106.986,376.3730,0.2094,287.6578,0.2510,3.8000,-0.4500,2.1485,180.9003,359.9391,0.0000,0.0000,0.0000
107.097,376.1165,0.2303,287.7263,0.2510,3.8000,-0.4500,2.2945,180.8997,359.6374,0.0000,0.0000,0.0000
107.207,375.9042,0.2494,287.7865,0.2510,3.8000,-0.4500,2.2945,180.8997,359.6374,0.0000,0.0000,0.0000
107.320,375.6477,0.2668,287.8617,0.2510,3.8000,-0.4500,2.3901,180.8989,359.4080,0.0000,0.0000,0.0000
107.431,375.4351,0.2823,287.9271,0.2510,3.8000,-0.4500,2.3901,180.8989,359.4080,0.0000,0.0000,0.0000
107.542,375.1781,0.2953,288.0082,0.2510,3.8000,-0.4500,2.4709,180.8979,359.1772,0.0000,0.0000,0.0000
107.653,374.9224,0.3093,288.0928,0.2510,3.8000,-0.4500,2.4709,180.8979,359.1772,0.0000,0.0000,0.0000
107.764,374.7081,0.3170,288.1653,0.2510,3.8000,-0.4500,2.5156,180.8972,359.0220,0.0000,0.0000,0.0000
107.875,374.4514,0.3263,288.2554,0.2510,3.8000,-0.4500,2.5372,180.8969,358.9436,0.0000,0.0000,0.0000
107.986,374.2376,0.3331,288.3344,0.2510,3.8000,-0.4500,2.5592,180.8964,358.8658,0.0000,0.0000,0.0000
108.097,373.9811,0.3411,288.4339,0.2510,3.8000,-0.4500,2.5878,180.8959,358.7852,0.0000,0.0000,0.0000
108.208,373.7668,0.3465,288.5199,0.2510,3.8000,-0.4500,2.6463,180.8945,358.6266,0.0000,0.0000,0.0000
108.319,373.5110,0.3563,288.6266,0.2510,3.8000,-0.4500,2.6463,180.8945,358.6266,0.0000,0.0000,0.0000
108.430,373.2967,0.3632,288.7166,0.2510,3.8000,-0.4500,2.7294,180.8924,358.4818,0.0000,0.0000,0.0000
108.542,373.0406,0.3750,288.8266,0.2510,3.8000,-0.4500,2.7294,180.8924,358.4818,0.0000,0.0000,0.0000
108.653,372.8266,0.3854,288.9181,0.2510,3.8000,-0.4500,2.7797,180.8911,358.4164,0.0000,0.0000,0.0000
108.777,372.5265,0.4021,289.0448,0.2510,3.8000,-0.4500,2.8928,180.8878,358.2935,0.0000,0.0000,0.0000
108.888,372.3118,0.4161,289.1341,0.2510,3.8000,-0.4500,3.0269,180.8837,358.1909,0.0000,0.0000,0.0000
109.014,372.0116,0.4395,289.2586,0.2510,3.8000,-0.4500,3.0936,180.8816,358.1424,0.0000,0.0000,0.0000
109.124,371.7967,0.4587,289.3460,0.2510,3.8000,-0.4500,3.2438,180.8766,358.0716,0.0000,0.0000,0.0000
109.236,371.5394,0.4848,289.4512,0.2510,3.8000,-0.4500,3.2438,180.8766,358.0716,0.0000,0.0000,0.0000
109.347,371.3246,0.5093,289.5370,0.2510,3.8000,-0.4500,3.4024,180.8712,358.0205,0.0000,0.0000,0.0000
109.458,371.0670,0.5422,289.6392,0.2510,3.8000,-0.4500,3.5698,180.8653,357.9907,0.0000,0.0000,0.0000
109.569,370.8523,0.5720,289.7237,0.2510,3.8000,-0.4500,3.6520,180.8624,357.9778,0.0000,0.0000,0.0000
109.681,370.5948,0.6106,289.8246,0.2510,3.8000,-0.4500,3.6520,180.8624,357.9778,0.0000,0.0000,0.0000
109.791,370.3801,0.6472,289.9059,0.2510,3.8000,-0.4500,3.9074,180.8534,357.9813,0.0000,0.0000,0.0000
109.903,370.1226,0.6920,290.0042,0.2510,3.8000,-0.4500,3.9074,180.8534,357.9813,0.0000,0.0000,0.0000
110.013,369.8653,0.7426,290.0993,0.2510,3.8000,-0.4500,4.1509,180.8449,358.0233,0.0000,0.0000,0.0000
110.124,369.6509,0.7849,290.1783,0.2510,3.8000,-0.4500,4.1509,180.8449,358.0233,0.0000,0.0000,0.0000
110.236,369.3938,0.8396,290.2708,0.2510,3.8000,-0.4500,4.2281,180.8422,358.0518,0.0000,0.0000,0.0000
110.347,369.1796,0.8873,290.3459,0.2510,3.8000,-0.4500,4.3050,180.8396,358.0813,0.0000,0.0000,0.0000
110.457,368.9224,0.9467,290.4310,0.2510,3.8000,-0.4500,4.3757,180.8373,358.1198,0.0000,0.0000,0.0000
110.569,368.7076,0.9964,290.4963,0.2510,3.8000,-0.4500,4.3757,180.8373,358.1198,0.0000,0.0000,0.0000
110.680,368.4502,1.0601,290.5668,0.2510,3.8000,-0.4500,4.5070,180.8331,358.2136,0.0000,0.0000,0.0000
110.791,368.2351,1.1118,290.6208,0.2510,3.8000,-0.4500,4.5070,180.8331,358.2136,0.0000,0.0000,0.0000
110.902,367.9766,1.1746,290.6795,0.2510,3.8000,-0.4500,4.5070,180.8331,358.2136,0.0000,0.0000,0.0000
111.014,367.7183,1.2397,290.7325,0.2510,3.8000,-0.4500,4.5530,180.8316,358.2789,0.0000,0.0000,0.0000
111.124,367.5027,1.2929,290.7728,0.2510,3.8000,-0.4500,4.5530,180.8316,358.2789,0.0000,0.0000,0.0000
111.250,367.2442,1.3582,290.8139,0.2510,3.8000,-0.4500,4.5836,180.8307,358.3525,0.0000,0.0000,0.0000
111.360,366.9851,1.4215,290.8486,0.2510,3.8000,-0.4500,4.5836,180.8307,358.3525,0.0000,0.0000,0.0000
111.472,366.7695,1.4753,290.8736,0.2510,3.8000,-0.4500,4.5968,180.8304,358.4316,0.0000,0.0000,0.0000
111.583,366.5109,1.5378,290.8812,0.2510,3.8000,-0.4500,4.5970,180.8304,358.5118,0.0000,0.0000,0.0000
111.693,366.2529,1.5980,290.8557,0.2510,3.8000,-0.4500,4.5683,180.8311,358.6690,0.0000,0.0000,0.0000
111.805,366.0382,1.6464,290.8217,0.2510,3.8000,-0.4500,4.5041,180.8325,358.8204,0.0000,0.0000,0.0000
111.916,365.7802,1.7010,290.7740,0.2510,3.8000,-0.4500,4.4592,180.8334,358.8907,0.0000,0.0000,0.0000
112.027,365.5658,1.7460,290.7329,0.2510,3.8000,-0.4500,4.3597,180.8352,359.0249,0.0000,0.0000,0.0000
112.152,365.3082,1.7980,290.6848,0.2510,3.8000,-0.4500,4.2507,180.8369,359.1494,0.0000,0.0000,0.0000
112.281,365.0082,1.8564,290.6336,0.2510,3.8000,-0.4500,3.9786,180.8405,359.3578,0.0000,0.0000,0.0000
112.383,364.7933,1.8955,290.6001,0.2510,3.8000,-0.4500,3.9094,180.8412,359.4054,0.0000,0.0000,0.0000
112.483,364.5787,1.9331,290.5709,0.2510,3.8000,-0.4500,3.6906,180.8432,359.5248,0.0000,0.0000,0.0000
112.597,364.3315,1.9715,290.4152,0.2510,3.8000,-0.4500,3.3123,180.8458,359.6866,0.0000,0.0000,0.0000
112.707,364.1390,1.9935,290.0867,0.2510,3.8000,-0.4500,3.3123,180.8458,359.6866,0.0000,0.0000,0.0000
112.818,363.9205,2.0112,289.5248,0.2510,3.8000,-0.4500,3.0782,180.8469,359.7711,0.0000,0.0000,0.0000
112.930,363.7438,2.0223,288.9806,0.2510,3.8000,-0.4500,2.9204,180.8475,359.8312,0.0000,0.0000,0.0000
113.041,363.5307,2.0359,288.3565,0.2510,3.8000,-0.4500,2.8422,180.8477,359.8614,0.0000,0.0000,0.0000
113.151,363.3468,2.0504,287.9485,0.2510,3.8000,-0.4500,2.6095,180.8481,359.9542,0.0000,0.0000,0.0000
113.277,363.0749,2.0759,287.5756,0.2510,3.8000,-0.4500,2.3713,180.8481,0.0380,0.0000,0.0000,0.0000
113.388,362.8720,2.0959,287.4336,0.2510,3.8000,-0.4500,2.2089,180.8479,0.0887,0.0000,0.0000,0.0000
113.499,362.6255,2.1181,287.3683,0.2510,3.8000,-0.4500,1.7922,180.8469,0.1715,0.0000,0.0000,0.0000
113.610,362.4193,2.1350,287.3741,0.2510,3.8000,-0.4500,1.7107,180.8467,0.1793,0.0000,0.0000,0.0000
113.723,362.1723,2.1479,287.4376,0.2510,3.8000,-0.4500,1.2845,180.8453,0.1916,0.0000,0.0000,0.0000
113.832,361.9673,2.1537,287.5241,0.2510,3.8000,-0.4500,1.0386,180.8445,0.1813,0.0000,0.0000,0.0000
113.957,361.6813,2.1498,287.6825,0.2510,3.8000,-0.4500,0.5439,180.8432,0.1050,0.0000,0.0000,0.0000
114.068,361.4778,2.1410,287.8143,0.2510,3.8000,-0.4500,0.3770,180.8429,0.0647,0.0000,0.0000,0.0000
114.194,361.1932,2.1137,288.0228,0.2510,3.8000,-0.4500,359.8842,180.8430,359.9268,0.0000,0.0000,0.0000
114.304,360.9905,2.0869,288.1828,0.2510,3.8000,-0.4500,359.6416,180.8435,359.8428,0.0000,0.0000,0.0000
114.415,360.7471,2.0439,288.3835,0.2510,3.8000,-0.4500,359.2476,180.8450,359.6966,0.0000,0.0000,0.0000
114.541,360.5038,1.9918,288.5886,0.2510,3.8000,-0.4500,358.9337,180.8470,359.5669,0.0000,0.0000,0.0000
114.652,360.3009,1.9414,288.7614,0.2510,3.8000,-0.4500,358.7061,180.8490,359.4692,0.0000,0.0000,0.0000
114.763,360.0570,1.8716,288.9706,0.2510,3.8000,-0.4500,358.3845,180.8524,359.3232,0.0000,0.0000,0.0000
114.876,359.8132,1.7944,289.1796,0.2510,3.8000,-0.4500,358.1544,180.8553,359.2166,0.0000,0.0000,0.0000
114.985,359.6095,1.7220,289.3546,0.2510,3.8000,-0.4500,357.8582,180.8597,359.0746,0.0000,0.0000,0.0000
115.096,359.3652,1.6302,289.5634,0.2510,3.8000,-0.4500,357.6357,180.8635,358.9660,0.0000,0.0000,0.0000
115.208,359.1615,1.5491,289.7359,0.2510,3.8000,-0.4500,357.4887,180.8663,358.8938,0.0000,0.0000,0.0000
115.319,358.9165,1.4454,289.9415,0.2510,3.8000,-0.4500,357.2641,180.8708,358.7828,0.0000,0.0000,0.0000
115.430,358.7122,1.3555,290.1111,0.2510,3.8000,-0.4500,357.1159,180.8741,358.7099,0.0000,0.0000,0.0000
115.541,358.4670,1.2457,290.3091,0.2510,3.8000,-0.4500,357.0428,180.8757,358.6740,0.0000,0.0000,0.0000
115.652,358.2620,1.1503,290.4700,0.2510,3.8000,-0.4500,356.8917,180.8793,358.6023,0.0000,0.0000,0.0000
115.763,358.0158,1.0368,290.6571,0.2510,3.8000,-0.4500,356.8917,180.8793,358.6023,0.0000,0.0000,0.0000
115.874,357.7688,0.9197,290.8392,0.2510,3.8000,-0.4500,356.7407,180.8831,358.5361,0.0000,0.0000,0.0000
115.985,357.5629,0.8241,290.9858,0.2510,3.8000,-0.4500,356.7407,180.8831,358.5361,0.0000,0.0000,0.0000
116.096,357.3155,0.7100,291.1573,0.2510,3.8000,-0.4500,356.7407,180.8831,358.5361,0.0000,0.0000,0.0000
116.221,357.0674,0.5977,291.3216,0.2510,3.8000,-0.4500,356.7407,180.8831,358.5361,0.0000,0.0000,0.0000
116.346,356.8184,0.4886,291.4748,0.2510,3.8000,-0.4500,356.7407,180.8831,358.5361,0.0000,0.0000,0.0000
116.457,356.5686,0.3834,291.6180,0.2510,3.8000,-0.4500,356.7407,180.8831,358.5361,0.0000,0.0000,0.0000
116.568,356.3597,0.2995,291.7281,0.2510,3.8000,-0.4500,356.7407,180.8831,358.5361,0.0000,0.0000,0.0000
116.680,356.1079,0.2041,291.8452,0.2510,3.8000,-0.4500,356.7407,180.8831,358.5361,0.0000,0.0000,0.0000
116.790,355.8972,0.1296,291.9312,0.2510,3.8000,-0.4500,356.7407,180.8831,358.5361,0.0000,0.0000,0.0000
116.902,355.6437,0.0463,292.0240,0.2510,3.8000,-0.4500,356.7407,180.8831,358.5361,0.0000,0.0000,0.0000
117.013,355.4322,-0.0177,292.0958,0.2510,3.8000,-0.4500,356.7407,180.8831,358.5361,0.0000,0.0000,0.0000
117.124,355.1784,-0.0878,292.1775,0.2510,3.8000,-0.4500,356.7407,180.8831,358.5361,0.0000,0.0000,0.0000
117.235,354.9260,-0.1456,292.2548,0.2510,3.8000,-0.4500,356.8376,180.8808,358.7653,0.0000,0.0000,0.0000
117.346,354.7160,-0.1852,292.3135,0.2510,3.8000,-0.4500,357.0115,180.8775,359.0599,0.0000,0.0000,0.0000
117.471,354.4627,-0.2283,292.3763,0.2510,3.8000,-0.4500,357.1622,180.8753,359.2630,0.0000,0.0000,0.0000
117.582,354.2088,-0.2634,292.4311,0.2510,3.8000,-0.4500,357.3230,180.8735,359.4553,0.0000,0.0000,0.0000
117.693,353.9546,-0.2901,292.4770,0.2510,3.8000,-0.4500,357.4922,180.8722,359.6404,0.0000,0.0000,0.0000
117.804,353.7432,-0.3040,292.5076,0.2510,3.8000,-0.4500,357.7266,180.8712,359.8792,0.0000,0.0000,0.0000
117.915,353.4888,-0.3159,292.5376,0.2510,3.8000,-0.4500,357.9107,180.8711,0.0549,0.0000,0.0000,0.0000
118.027,353.2766,-0.3207,292.5586,0.2510,3.8000,-0.4500,358.0322,180.8714,0.1691,0.0000,0.0000,0.0000
118.138,353.0231,-0.3169,292.5802,0.2510,3.8000,-0.4500,358.2937,180.8727,0.4061,0.0000,0.0000,0.0000
118.249,352.8114,-0.3120,292.5986,0.2510,3.8000,-0.4500,358.3572,180.8731,0.4632,0.0000,0.0000,0.0000
118.361,352.5593,-0.2956,292.6203,0.2510,3.8000,-0.4500,358.6134,180.8757,0.6890,0.0000,0.0000,0.0000
118.471,352.3502,-0.2762,292.6399,0.2510,3.8000,-0.4500,358.8605,180.8792,0.9031,0.0000,0.0000,0.0000
118.582,352.0988,-0.2528,292.6673,0.2510,3.8000,-0.4500,358.9229,180.8802,0.9563,0.0000,0.0000,0.0000
118.693,351.8492,-0.2206,292.6963,0.2510,3.8000,-0.4500,359.1108,180.8836,1.1153,0.0000,0.0000,0.0000
118.804,351.6421,-0.1890,292.7216,0.2510,3.8000,-0.4500,359.3011,180.8875,1.2733,0.0000,0.0000,0.0000
118.917,351.3930,-0.1516,292.7551,0.2510,3.8000,-0.4500,359.3011,180.8875,1.2733,0.0000,0.0000,0.0000
119.037,351.1459,-0.1053,292.7890,0.2510,3.8000,-0.4500,359.4986,180.8922,1.4323,0.0000,0.0000,0.0000
119.137,350.9407,-0.0629,292.8186,0.2510,3.8000,-0.4500,359.6931,180.8973,1.5827,0.0000,0.0000,0.0000
119.249,350.7351,-0.0221,292.8514,0.2510,3.8000,-0.4500,359.6931,180.8973,1.5827,0.0000,0.0000,0.0000
119.360,350.4900,0.0341,292.8912,0.2510,3.8000,-0.4500,359.8955,180.9032,1.7265,0.0000,0.0000,0.0000
119.471,350.2854,0.0800,292.9270,0.2510,3.8000,-0.4500,359.8955,180.9032,1.7265,0.0000,0.0000,0.0000
119.583,350.0409,0.1403,292.9708,0.2510,3.8000,-0.4500,0.0369,180.9075,1.8137,0.0000,0.0000,0.0000
119.693,349.7965,0.2018,293.0167,0.2510,3.8000,-0.4500,0.1078,180.9098,1.8526,0.0000,0.0000,0.0000
119.804,349.5930,0.2538,293.0563,0.2510,3.8000,-0.4500,0.1078,180.9098,1.8526,0.0000,0.0000,0.0000
119.916,349.3502,0.3216,293.1039,0.2510,3.8000,-0.4500,0.3317,180.9173,1.9579,0.0000,0.0000,0.0000
