time_sec,world_x,world_y,world_z,local_x,local_y,local_z,world_rot_x,world_rot_y,world_rot_z,local_rot_x,local_rot_y,local_rot_z
0.000,598.8699,5.2478,250.4535,0.2510,3.8000,-0.4500,0.0000,180.0000,0.0000,0.0000,0.0000,0.0000
0.000,598.8699,5.2478,250.4535,0.2510,3.8000,-0.4500,0.0000,180.0000,0.0000,0.0000,0.0000,0.0000
0.108,598.6557,5.0566,250.4581,0.2510,3.8000,-0.4500,0.0000,180.0000,0.0000,0.0000,0.0000,0.0000
0.209,598.3493,4.7913,250.4622,0.2510,3.8000,-0.4500,0.0000,180.0000,0.0000,0.0000,0.0000,0.0000
0.319,597.8721,4.3853,250.4667,0.2510,3.8000,-0.4500,0.0000,180.0000,0.0000,0.0000,0.0000,0.0000
0.444,597.2884,3.8939,250.4707,0.2510,3.8000,-0.4500,0.0000,180.0000,0.0000,0.0000,0.0000,0.0000
0.544,596.7295,3.4263,250.4736,0.2510,3.8000,-0.4500,0.0000,180.0000,0.0000,0.0000,0.0000,0.0000
0.653,596.1117,2.9113,250.4724,0.2510,3.8000,-0.4500,0.0000,180.0000,0.0000,0.0000,0.0000,0.0000
0.765,595.3019,2.2370,250.4533,0.2510,3.8000,-0.4500,0.0000,180.0000,0.0000,0.0000,0.0000,0.0000
0.876,594.4262,1.5080,250.4083,0.2510,3.8000,-0.4500,0.0000,180.0000,0.0000,0.0000,0.0000,0.0000
0.987,593.6520,0.8632,250.3492,0.2510,3.8000,-0.4500,0.0000,180.0000,0.0000,0.0000,0.0000,0.0000
1.099,592.6755,0.0496,250.2525,0.2510,3.8000,-0.4500,0.0000,180.0000,0.0000,0.0000,0.0000,0.0000
1.210,591.8264,-0.6583,250.1518,0.2510,3.8000,-0.4500,0.0000,180.0000,0.0000,0.0000,0.0000,0.0000
1.335,590.5891,-1.6897,249.9918,0.2510,3.8000,-0.4500,0.0000,180.0000,0.0000,0.0000,0.0000,0.0000
1.446,589.7578,-2.4066,249.8883,0.2510,3.8000,-0.4500,359.4281,180.0000,0.0016,0.0000,0.0000,0.0000
1.571,589.0726,-3.0685,249.8360,0.2510,3.8000,-0.4500,355.5314,179.9996,0.0109,0.0000,0.0000,0.0000
1.684,588.5881,-3.4030,249.8247,0.2510,3.8000,-0.4500,352.7070,179.9989,0.0136,0.0000,0.0000,0.0000
1.794,588.2679,-3.5055,249.8349,0.2510,3.8000,-0.4500,351.4755,179.9986,0.0098,0.0000,0.0000,0.0000
1.905,587.9387,-3.5253,249.8616,0.2510,3.8000,-0.4500,350.8434,179.9986,0.0016,0.0000,0.0000,0.0000
2.016,587.6432,-3.5256,249.9009,0.2510,3.8000,-0.4500,350.8434,179.9986,0.0016,0.0000,0.0000,0.0000
2.127,587.4114,-3.5574,249.9403,0.2510,3.8000,-0.4500,350.8434,179.9986,0.0016,0.0000,0.0000,0.0000
2.240,587.1434,-3.6510,249.9898,0.2510,3.8000,-0.4500,350.8434,179.9986,0.0016,0.0000,0.0000,0.0000
2.363,586.8815,-3.8006,250.0392,0.2510,3.8000,-0.4500,350.8434,179.9986,0.0016,0.0000,0.0000,0.0000
2.474,586.6660,-3.9556,250.0801,0.2510,3.8000,-0.4500,350.8434,179.9986,0.0016,0.0000,0.0000,0.0000
2.585,586.4090,-4.1605,250.1298,0.2510,3.8000,-0.4500,350.8435,179.9986,0.0016,0.0000,0.0000,0.0000
2.710,586.1531,-4.3710,250.1817,0.2510,3.8000,-0.4500,350.8435,179.9986,0.0016,0.0000,0.0000,0.0000
2.822,585.8975,-4.5771,250.2364,0.2510,3.8000,-0.4500,350.8435,179.9986,0.0016,0.0000,0.0000,0.0000
2.922,585.6844,-4.7426,250.2838,0.2510,3.8000,-0.4500,350.8435,179.9986,0.0016,0.0000,0.0000,0.0000
3.043,585.4288,-4.9341,250.3425,0.2510,3.8000,-0.4500,350.8435,179.9986,0.0016,0.0000,0.0000,0.0000
3.155,585.1730,-5.1201,250.4026,0.2510,3.8000,-0.4500,350.8435,179.9986,0.0016,0.0000,0.0000,0.0000
3.266,584.9587,-5.2762,250.4529,0.2510,3.8000,-0.4500,350.7796,179.9987,359.8537,0.0000,0.0000,0.0000
3.391,584.7027,-5.4594,250.5133,0.2510,3.8000,-0.4500,350.7796,179.9987,359.8537,0.0000,0.0000,0.0000
3.505,584.4454,-5.6466,250.5728,0.2510,3.8000,-0.4500,350.7750,179.9987,359.6887,0.0000,0.0000,0.0000
3.613,584.2316,-5.8028,250.6224,0.2510,3.8000,-0.4500,350.7776,179.9987,359.6067,0.0000,0.0000,0.0000
3.724,583.9740,-5.9935,250.6811,0.2510,3.8000,-0.4500,350.8454,179.9980,359.3629,0.0000,0.0000,0.0000
3.838,583.7174,-6.1835,250.7421,0.2510,3.8000,-0.4500,350.9113,179.9972,359.2142,0.0000,0.0000,0.0000
3.946,583.5032,-6.3430,250.7954,0.2510,3.8000,-0.4500,351.0356,179.9952,359.0083,0.0000,0.0000,0.0000
4.046,583.2900,-6.5012,250.8520,0.2510,3.8000,-0.4500,351.1349,179.9934,358.8809,0.0000,0.0000,0.0000
4.169,583.0342,-6.6903,250.9226,0.2510,3.8000,-0.4500,351.3640,179.9884,358.6468,0.0000,0.0000,0.0000
4.294,582.7370,-6.9069,251.0103,0.2510,3.8000,-0.4500,351.5588,179.9834,358.4939,0.0000,0.0000,0.0000
4.404,582.5247,-7.0590,251.0752,0.2510,3.8000,-0.4500,351.7672,179.9776,358.3559,0.0000,0.0000,0.0000
4.516,582.2701,-7.2368,251.1549,0.2510,3.8000,-0.4500,352.1397,179.9662,358.1786,0.0000,0.0000,0.0000
4.629,582.0590,-7.3810,251.2248,0.2510,3.8000,-0.4500,352.2212,179.9636,358.1536,0.0000,0.0000,0.0000
4.740,581.8051,-7.5467,251.3087,0.2510,3.8000,-0.4500,352.6441,179.9494,358.0502,0.0000,0.0000,0.0000
4.863,581.5516,-7.7042,251.3951,0.2510,3.8000,-0.4500,353.0533,179.9352,357.9996,0.0000,0.0000,0.0000
4.974,581.3402,-7.8282,251.4684,0.2510,3.8000,-0.4500,353.3849,179.9235,358.0030,0.0000,0.0000,0.0000
5.098,581.0447,-7.9889,251.5721,0.2510,3.8000,-0.4500,353.8945,179.9059,358.0595,0.0000,0.0000,0.0000
5.210,580.8336,-8.0930,251.6462,0.2510,3.8000,-0.4500,354.3108,179.8920,358.1432,0.0000,0.0000,0.0000
5.321,580.5804,-8.2070,251.7351,0.2510,3.8000,-0.4500,354.7147,179.8792,358.2552,0.0000,0.0000,0.0000
5.435,580.3271,-8.3049,251.8219,0.2510,3.8000,-0.4500,355.2269,179.8643,358.4408,0.0000,0.0000,0.0000
5.543,580.1161,-8.3743,251.8927,0.2510,3.8000,-0.4500,355.6658,179.8530,358.6256,0.0000,0.0000,0.0000
5.668,579.8630,-8.4422,251.9749,0.2510,3.8000,-0.4500,356.1956,179.8414,358.8780,0.0000,0.0000,0.0000
5.793,579.6104,-8.4923,252.0536,0.2510,3.8000,-0.4500,356.7344,179.8322,359.1642,0.0000,0.0000,0.0000
5.904,579.3583,-8.5236,252.1281,0.2510,3.8000,-0.4500,357.2861,179.8257,359.4844,0.0000,0.0000,0.0000
6.015,579.1069,-8.5354,252.1985,0.2510,3.8000,-0.4500,357.8512,179.8223,359.8376,0.0000,0.0000,0.0000
6.141,578.8569,-8.5271,252.2652,0.2510,3.8000,-0.4500,358.4282,179.8226,0.2215,0.0000,0.0000,0.0000
6.251,578.6498,-8.5044,252.3184,0.2510,3.8000,-0.4500,358.9165,179.8259,0.5632,0.0000,0.0000,0.0000
6.363,578.4031,-8.4581,252.3790,0.2510,3.8000,-0.4500,359.5092,179.8340,0.9964,0.0000,0.0000,0.0000
6.474,578.1998,-8.4035,252.4275,0.2510,3.8000,-0.4500,0.0065,179.8442,1.3745,0.0000,0.0000,0.0000
6.574,577.9985,-8.3342,252.4754,0.2510,3.8000,-0.4500,0.5049,179.8579,1.7657,0.0000,0.0000,0.0000
6.682,577.7604,-8.2317,252.5338,0.2510,3.8000,-0.4500,1.1020,179.8788,2.2495,0.0000,0.0000,0.0000
6.793,577.5656,-8.1302,252.5846,0.2510,3.8000,-0.4500,1.5968,179.9000,2.6617,0.0000,0.0000,0.0000
6.904,577.3358,-7.9893,252.6494,0.2510,3.8000,-0.4500,2.1849,179.9300,3.1637,0.0000,0.0000,0.0000
7.004,577.1483,-7.8561,252.7067,0.2510,3.8000,-0.4500,2.6680,179.9585,3.5853,0.0000,0.0000,0.0000
7.113,576.9645,-7.7089,252.7673,0.2510,3.8000,-0.4500,3.1425,179.9900,4.0074,0.0000,0.0000,0.0000
7.214,576.7847,-7.5481,252.8317,0.2510,3.8000,-0.4500,3.6062,180.0242,4.4274,0.0000,0.0000,0.0000
7.322,576.5743,-7.3374,252.9146,0.2510,3.8000,-0.4500,4.1455,180.0685,4.9256,0.0000,0.0000,0.0000
7.429,576.4037,-7.1479,252.9888,0.2510,3.8000,-0.4500,4.5781,180.1074,5.3331,0.0000,0.0000,0.0000
7.542,576.2048,-6.9058,253.0547,0.2510,3.8000,-0.4500,5.0735,180.1559,5.8095,0.0000,0.0000,0.0000
7.668,576.0112,-6.6597,253.0009,0.2510,3.8000,-0.4500,5.5316,180.2045,6.2676,0.0000,0.0000,0.0000
7.768,575.8531,-6.4525,252.8919,0.2510,3.8000,-0.4500,5.8725,180.2432,6.6316,0.0000,0.0000,0.0000
7.890,575.6683,-6.2007,252.7111,0.2510,3.8000,-0.4500,6.2303,180.2864,7.0443,0.0000,0.0000,0.0000
8.015,575.4572,-5.9042,252.4554,0.2510,3.8000,-0.4500,6.4938,180.3199,7.3742,0.0000,0.0000,0.0000
8.140,575.2823,-5.6439,252.1969,0.2510,3.8000,-0.4500,6.7486,180.3539,7.7131,0.0000,0.0000,0.0000
8.265,575.1174,-5.3917,251.8102,0.2510,3.8000,-0.4500,6.9433,180.3809,7.9899,0.0000,0.0000,0.0000
8.390,574.9618,-5.1580,251.2656,0.2510,3.8000,-0.4500,7.0342,180.3939,8.1275,0.0000,0.0000,0.0000
8.515,574.7896,-4.9003,250.4859,0.2510,3.8000,-0.4500,7.1633,180.4127,8.3399,0.0000,0.0000,0.0000
8.641,574.6465,-4.6887,249.7436,0.2510,3.8000,-0.4500,7.2420,180.4244,8.4824,0.0000,0.0000,0.0000
8.765,574.5070,-4.4795,248.9638,0.2510,3.8000,-0.4500,7.3552,180.4417,8.7045,0.0000,0.0000,0.0000
8.891,574.3654,-4.2709,248.2204,0.2510,3.8000,-0.4500,7.3552,180.4417,8.7046,0.0000,0.0000,0.0000
9.001,574.2206,-4.0424,247.5997,0.2510,3.8000,-0.4500,7.4293,180.4532,8.8519,0.0000,0.0000,0.0000
9.127,574.0698,-3.7969,247.1040,0.2510,3.8000,-0.4500,7.4293,180.4532,8.8519,0.0000,0.0000,0.0000
9.251,573.9157,-3.5356,246.6956,0.2510,3.8000,-0.4500,7.4293,180.4532,8.8519,0.0000,0.0000,0.0000
9.363,573.7614,-3.2619,246.3353,0.2510,3.8000,-0.4500,7.5166,180.4670,8.9869,0.0000,0.0000,0.0000
9.474,573.6326,-3.0234,246.1596,0.2510,3.8000,-0.4500,7.5166,180.4670,8.9869,0.0000,0.0000,0.0000
9.598,573.4559,-2.6606,246.1194,0.2510,3.8000,-0.4500,7.5166,180.4670,8.9869,0.0000,0.0000,0.0000
9.724,573.3060,-2.3362,246.1890,0.2510,3.8000,-0.4500,7.5166,180.4670,8.9869,0.0000,0.0000,0.0000
9.835,573.1561,-2.0080,246.3090,0.2510,3.8000,-0.4500,7.5166,180.4670,8.9869,0.0000,0.0000,0.0000
9.960,573.0052,-1.6816,246.4572,0.2510,3.8000,-0.4500,7.5166,180.4670,8.9869,0.0000,0.0000,0.0000
10.084,572.8525,-1.3613,246.6216,0.2510,3.8000,-0.4500,7.5166,180.4670,8.9870,0.0000,0.0000,0.0000
10.196,572.6973,-1.0501,246.7962,0.2510,3.8000,-0.4500,7.5166,180.4670,8.9870,0.0000,0.0000,0.0000
10.307,572.5632,-0.8041,246.9488,0.2510,3.8000,-0.4500,7.3737,180.4445,8.7481,0.0000,0.0000,0.0000
10.432,572.3953,-0.5249,247.1367,0.2510,3.8000,-0.4500,7.0454,180.3951,8.2593,0.0000,0.0000,0.0000
10.543,572.2213,-0.2599,247.3236,0.2510,3.8000,-0.4500,6.7007,180.3461,7.8056,0.0000,0.0000,0.0000
10.668,572.0410,-0.0114,247.5073,0.2510,3.8000,-0.4500,6.3383,180.2976,7.3620,0.0000,0.0000,0.0000
10.768,571.8855,0.1817,247.6569,0.2510,3.8000,-0.4500,6.0188,180.2571,6.9819,0.0000,0.0000,0.0000
10.876,571.6926,0.3953,247.8315,0.2510,3.8000,-0.4500,5.6138,180.2090,6.5029,0.0000,0.0000,0.0000
10.990,571.5265,0.5575,247.9724,0.2510,3.8000,-0.4500,5.2602,180.1698,6.0818,0.0000,0.0000,0.0000
11.100,571.3206,0.7326,248.1353,0.2510,3.8000,-0.4500,4.8208,180.1249,5.5499,0.0000,0.0000,0.0000
11.224,571.1076,0.8858,248.2907,0.2510,3.8000,-0.4500,4.3700,180.0832,4.9909,0.0000,0.0000,0.0000
11.334,570.8879,1.0166,248.4376,0.2510,3.8000,-0.4500,3.9142,180.0456,4.4073,0.0000,0.0000,0.0000
11.446,570.6997,1.1086,248.5529,0.2510,3.8000,-0.4500,3.5354,180.0180,3.9046,0.0000,0.0000,0.0000
11.557,570.4684,1.1985,248.6821,0.2510,3.8000,-0.4500,3.0879,179.9898,3.2846,0.0000,0.0000,0.0000
11.670,570.2712,1.2567,248.7817,0.2510,3.8000,-0.4500,2.7255,179.9707,2.7565,0.0000,0.0000,0.0000
11.781,570.0295,1.3067,248.8916,0.2510,3.8000,-0.4500,2.3091,179.9529,2.1121,0.0000,0.0000,0.0000
11.893,569.8246,1.3324,248.9751,0.2510,3.8000,-0.4500,1.9818,179.9424,1.5688,0.0000,0.0000,0.0000
12.015,569.5326,1.3451,249.0806,0.2510,3.8000,-0.4500,1.5608,179.9336,0.8031,0.0000,0.0000,0.0000
12.140,569.2783,1.3355,249.1622,0.2510,3.8000,-0.4500,1.2407,179.9309,0.1461,0.0000,0.0000,0.0000
12.251,569.0643,1.3139,249.2257,0.2510,3.8000,-0.4500,1.0066,179.9314,359.6010,0.0000,0.0000,0.0000
12.363,568.8056,1.2729,249.2995,0.2510,3.8000,-0.4500,0.7695,179.9343,358.9529,0.0000,0.0000,0.0000
12.487,568.5452,1.2167,249.3742,0.2510,3.8000,-0.4500,0.5847,179.9387,358.3148,0.0000,0.0000,0.0000
12.612,568.2841,1.1466,249.4531,0.2510,3.8000,-0.4500,0.4498,179.9434,357.6902,0.0000,0.0000,0.0000
12.737,567.9794,1.0472,249.5545,0.2510,3.8000,-0.4500,0.3183,179.9495,356.9828,0.0000,0.0000,0.0000
12.848,567.7623,0.9644,249.6350,0.2510,3.8000,-0.4500,0.2167,179.9553,356.4941,0.0000,0.0000,0.0000
12.948,567.5458,0.8716,249.7232,0.2510,3.8000,-0.4500,0.0984,179.9631,356.0214,0.0000,0.0000,0.0000
13.058,567.2871,0.7470,249.8402,0.2510,3.8000,-0.4500,359.9294,179.9756,355.4777,0.0000,0.0000,0.0000
13.167,567.0727,0.6322,249.9472,0.2510,3.8000,-0.4500,359.7653,179.9893,355.0464,0.0000,0.0000,0.0000
13.279,566.8169,0.4813,250.0871,0.2510,3.8000,-0.4500,359.5415,180.0096,354.5579,0.0000,0.0000,0.0000
13.404,566.5635,0.3167,250.2393,0.2510,3.8000,-0.4500,359.2909,180.0346,354.1044,0.0000,0.0000,0.0000
13.515,566.3127,0.1402,250.4029,0.2510,3.8000,-0.4500,359.0599,180.0591,353.7536,0.0000,0.0000,0.0000
13.625,566.1052,-0.0184,250.5476,0.2510,3.8000,-0.4500,358.8002,180.0884,353.4154,0.0000,0.0000,0.0000
13.737,565.8587,-0.2167,250.7299,0.2510,3.8000,-0.4500,358.5825,180.1140,353.1691,0.0000,0.0000,0.0000
13.862,565.6141,-0.4298,250.9216,0.2510,3.8000,-0.4500,358.2121,180.1595,352.8209,0.0000,0.0000,0.0000
13.962,565.4123,-0.6109,251.0863,0.2510,3.8000,-0.4500,358.0883,180.1753,352.7197,0.0000,0.0000,0.0000
14.070,565.2113,-0.8033,251.2570,0.2510,3.8000,-0.4500,357.7361,180.2210,352.4852,0.0000,0.0000,0.0000
14.195,564.9327,-1.0769,251.5011,0.2510,3.8000,-0.4500,357.5274,180.2488,352.3659,0.0000,0.0000,0.0000
14.306,564.7354,-1.2818,251.6809,0.2510,3.8000,-0.4500,357.1355,180.3019,352.2176,0.0000,0.0000,0.0000
14.431,564.5000,-1.5286,251.8983,0.2510,3.8000,-0.4500,356.9763,180.3238,352.1779,0.0000,0.0000,0.0000
14.542,564.2657,-1.7820,252.1196,0.2510,3.8000,-0.4500,356.6390,180.3703,352.1372,0.0000,0.0000,0.0000
14.653,564.0714,-1.9957,252.3055,0.2510,3.8000,-0.4500,356.3087,180.4160,352.1428,0.0000,0.0000,0.0000
14.753,563.8774,-2.2095,252.4911,0.2510,3.8000,-0.4500,356.1512,180.4378,352.1728,0.0000,0.0000,0.0000
14.862,563.6453,-2.4672,252.7144,0.2510,3.8000,-0.4500,355.8291,180.4819,352.2687,0.0000,0.0000,0.0000
14.973,563.4524,-2.6811,252.9000,0.2510,3.8000,-0.4500,355.5227,180.5232,352.4235,0.0000,0.0000,0.0000
15.084,563.2205,-2.9363,253.1197,0.2510,3.8000,-0.4500,355.2445,180.5599,352.6074,0.0000,0.0000,0.0000
15.209,562.9881,-3.1887,253.3358,0.2510,3.8000,-0.4500,354.9892,180.5927,352.8293,0.0000,0.0000,0.0000
15.334,562.7162,-3.4775,253.5826,0.2510,3.8000,-0.4500,354.6459,180.6349,353.2021,0.0000,0.0000,0.0000
15.459,562.4819,-3.7206,253.7871,0.2510,3.8000,-0.4500,354.4514,180.6578,353.4774,0.0000,0.0000,0.0000
15.573,562.2862,-3.9173,253.9526,0.2510,3.8000,-0.4500,354.2271,180.6828,353.8437,0.0000,0.0000,0.0000
15.695,562.0096,-4.1873,254.1732,0.2510,3.8000,-0.4500,354.0399,180.7026,354.2102,0.0000,0.0000,0.0000
15.820,561.7715,-4.4102,254.3537,0.2510,3.8000,-0.4500,353.8740,180.7189,354.6064,0.0000,0.0000,0.0000
15.945,561.5317,-4.6256,254.5254,0.2510,3.8000,-0.4500,353.7324,180.7319,354.9986,0.0000,0.0000,0.0000
16.070,561.2904,-4.8330,254.6880,0.2510,3.8000,-0.4500,353.6125,180.7420,355.3999,0.0000,0.0000,0.0000
16.195,561.0063,-5.0652,254.8626,0.2510,3.8000,-0.4500,353.5123,180.7498,355.8029,0.0000,0.0000,0.0000
16.321,560.7620,-5.2520,254.9998,0.2510,3.8000,-0.4500,353.4131,180.7567,356.3002,0.0000,0.0000,0.0000
16.445,560.5151,-5.4332,255.1248,0.2510,3.8000,-0.4500,353.3741,180.7591,356.5635,0.0000,0.0000,0.0000
16.556,560.2682,-5.6009,255.2404,0.2510,3.8000,-0.4500,353.3107,180.7627,357.0838,0.0000,0.0000,0.0000
16.681,560.0186,-5.7637,255.3443,0.2510,3.8000,-0.4500,353.2899,180.7637,357.3268,0.0000,0.0000,0.0000
16.807,559.7695,-5.9122,255.4387,0.2510,3.8000,-0.4500,353.2659,180.7648,357.8410,0.0000,0.0000,0.0000
16.917,559.5181,-6.0553,255.5220,0.2510,3.8000,-0.4500,353.2651,180.7648,358.1060,0.0000,0.0000,0.0000
17.028,559.3090,-6.1634,255.5844,0.2510,3.8000,-0.4500,353.2733,180.7646,358.5376,0.0000,0.0000,0.0000
17.153,559.0566,-6.2874,255.6497,0.2510,3.8000,-0.4500,353.2932,180.7641,358.8667,0.0000,0.0000,0.0000
17.279,558.7605,-6.4224,255.7143,0.2510,3.8000,-0.4500,353.3158,180.7637,359.1131,0.0000,0.0000,0.0000
17.391,558.5507,-6.5059,255.7552,0.2510,3.8000,-0.4500,353.3739,180.7630,359.5535,0.0000,0.0000,0.0000
17.502,558.2968,-6.6028,255.7988,0.2510,3.8000,-0.4500,353.4136,180.7628,359.7961,0.0000,0.0000,0.0000
17.614,558.0444,-6.6874,255.8393,0.2510,3.8000,-0.4500,353.4989,180.7628,0.1998,0.0000,0.0000,0.0000
17.723,557.8340,-6.7527,255.8724,0.2510,3.8000,-0.4500,353.5648,180.7632,0.4457,0.0000,0.0000,0.0000
17.848,557.5820,-6.8241,255.9136,0.2510,3.8000,-0.4500,353.6352,180.7639,0.6865,0.0000,0.0000,0.0000
17.948,557.3740,-6.8742,255.9506,0.2510,3.8000,-0.4500,353.7561,180.7657,1.0183,0.0000,0.0000,0.0000
18.058,557.1249,-6.9284,256.0009,0.2510,3.8000,-0.4500,353.8843,180.7683,1.3282,0.0000,0.0000,0.0000
18.167,556.9186,-6.9677,256.0485,0.2510,3.8000,-0.4500,353.9951,180.7712,1.5543,0.0000,0.0000,0.0000
18.284,556.6722,-7.0078,256.1126,0.2510,3.8000,-0.4500,354.1154,180.7747,1.7781,0.0000,0.0000,0.0000
18.391,556.4696,-7.0305,256.1711,0.2510,3.8000,-0.4500,354.3486,180.7827,2.1425,0.0000,0.0000,0.0000
18.502,556.2263,-7.0545,256.2488,0.2510,3.8000,-0.4500,354.4944,180.7885,2.3441,0.0000,0.0000,0.0000
18.611,556.0259,-7.0650,256.3184,0.2510,3.8000,-0.4500,354.7122,180.7979,2.6094,0.0000,0.0000,0.0000
18.722,555.7871,-7.0688,256.4082,0.2510,3.8000,-0.4500,354.9962,180.8117,2.9130,0.0000,0.0000,0.0000
18.822,555.5889,-7.0664,256.4884,0.2510,3.8000,-0.4500,355.1760,180.8212,3.0847,0.0000,0.0000,0.0000
18.931,555.3931,-7.0539,256.5723,0.2510,3.8000,-0.4500,355.5010,180.8395,3.3640,0.0000,0.0000,0.0000
19.056,555.1204,-7.0275,256.6976,0.2510,3.8000,-0.4500,355.8336,180.8599,3.6176,0.0000,0.0000,0.0000
19.166,554.9279,-6.9980,256.7914,0.2510,3.8000,-0.4500,356.1805,180.8826,3.8558,0.0000,0.0000,0.0000
19.293,554.6983,-6.9540,256.9092,0.2510,3.8000,-0.4500,356.5375,180.9074,4.0764,0.0000,0.0000,0.0000
19.417,554.4333,-6.8885,257.0529,0.2510,3.8000,-0.4500,356.9821,180.9402,4.3243,0.0000,0.0000,0.0000
19.541,554.2090,-6.8192,257.1806,0.2510,3.8000,-0.4500,357.4294,180.9749,4.5511,0.0000,0.0000,0.0000
19.653,554.0234,-6.7539,257.2905,0.2510,3.8000,-0.4500,357.7361,180.9997,4.6928,0.0000,0.0000,0.0000
19.777,553.7666,-6.6473,257.4475,0.2510,3.8000,-0.4500,358.2834,181.0459,4.9267,0.0000,0.0000,0.0000
19.903,553.5484,-6.5457,257.5855,0.2510,3.8000,-0.4500,358.6050,181.0739,5.0517,0.0000,0.0000,0.0000
20.027,553.3329,-6.4296,257.7226,0.2510,3.8000,-0.4500,359.1321,181.1214,5.2409,0.0000,0.0000,0.0000
20.153,553.1193,-6.3025,257.8604,0.2510,3.8000,-0.4500,359.6415,181.1689,5.4088,0.0000,0.0000,0.0000
20.278,552.8727,-6.1415,258.0227,0.2510,3.8000,-0.4500,0.1360,181.2164,5.5554,0.0000,0.0000,0.0000
20.391,552.6983,-6.0166,258.1335,0.2510,3.8000,-0.4500,0.5642,181.2585,5.6692,0.0000,0.0000,0.0000
20.500,552.4918,-5.8606,258.1426,0.2510,3.8000,-0.4500,1.0620,181.3084,5.7889,0.0000,0.0000,0.0000
20.625,552.2911,-5.7055,257.9940,0.2510,3.8000,-0.4500,1.3089,181.3336,5.8422,0.0000,0.0000,0.0000
20.736,552.0971,-5.5502,257.7137,0.2510,3.8000,-0.4500,1.6449,181.3682,5.9101,0.0000,0.0000,0.0000
20.861,551.9078,-5.3975,257.3417,0.2510,3.8000,-0.4500,1.8878,181.3934,5.9522,0.0000,0.0000,0.0000
20.972,551.7530,-5.2703,256.9830,0.2510,3.8000,-0.4500,2.2136,181.4276,5.9953,0.0000,0.0000,0.0000
21.083,551.5687,-5.1223,256.5104,0.2510,3.8000,-0.4500,2.2952,181.4361,6.0005,0.0000,0.0000,0.0000
21.208,551.3887,-4.9767,255.9588,0.2510,3.8000,-0.4500,2.5408,181.4620,6.0111,0.0000,0.0000,0.0000
21.309,551.2417,-4.8608,255.4390,0.2510,3.8000,-0.4500,2.6239,181.4708,6.0048,0.0000,0.0000,0.0000
21.431,551.0674,-4.7264,254.7601,0.2510,3.8000,-0.4500,2.7908,181.4883,5.9887,0.0000,0.0000,0.0000
21.544,550.8942,-4.5968,254.0416,0.2510,3.8000,-0.4500,3.0240,181.5127,5.9397,0.0000,0.0000,0.0000
21.653,550.7501,-4.4928,253.4255,0.2510,3.8000,-0.4500,3.0997,181.5206,5.9087,0.0000,0.0000,0.0000
21.764,550.5734,-4.3694,252.7226,0.2510,3.8000,-0.4500,3.3920,181.5505,5.7624,0.0000,0.0000,0.0000
21.890,550.3885,-4.2396,252.1573,0.2510,3.8000,-0.4500,3.4598,181.5574,5.7235,0.0000,0.0000,0.0000
22.014,550.1916,-4.1014,251.7423,0.2510,3.8000,-0.4500,3.8093,181.5917,5.4664,0.0000,0.0000,0.0000
22.124,549.9874,-3.9532,251.4510,0.2510,3.8000,-0.4500,3.9405,181.6041,5.3665,0.0000,0.0000,0.0000
22.249,549.7768,-3.7930,251.3287,0.2510,3.8000,-0.4500,4.3608,181.6425,5.0398,0.0000,0.0000,0.0000
22.375,549.5287,-3.5904,251.3211,0.2510,3.8000,-0.4500,4.6280,181.6657,4.8372,0.0000,0.0000,0.0000
22.486,549.3491,-3.4406,251.3633,0.2510,3.8000,-0.4500,4.9882,181.6954,4.5715,0.0000,0.0000,0.0000
22.597,549.1318,-3.2568,251.4424,0.2510,3.8000,-0.4500,5.4001,181.7274,4.2625,0.0000,0.0000,0.0000
22.709,548.9502,-3.1013,251.5220,0.2510,3.8000,-0.4500,5.5983,181.7419,4.1046,0.0000,0.0000,0.0000
22.818,548.7296,-2.9152,251.6243,0.2510,3.8000,-0.4500,5.9202,181.7644,3.8347,0.0000,0.0000,0.0000
22.943,548.5069,-2.7306,251.7292,0.2510,3.8000,-0.4500,6.2267,181.7843,3.5466,0.0000,0.0000,0.0000
23.068,548.2822,-2.5477,251.8334,0.2510,3.8000,-0.4500,6.4527,181.7979,3.3164,0.0000,0.0000,0.0000
23.179,548.0542,-2.3690,251.9350,0.2510,3.8000,-0.4500,6.7245,181.8130,2.9953,0.0000,0.0000,0.0000
23.304,547.8243,-2.1934,252.0334,0.2510,3.8000,-0.4500,6.9216,181.8230,2.7376,0.0000,0.0000,0.0000
23.415,547.5922,-2.0215,252.1287,0.2510,3.8000,-0.4500,7.0688,181.8298,2.5133,0.0000,0.0000,0.0000
23.540,547.3564,-1.8558,252.2201,0.2510,3.8000,-0.4500,7.2920,181.8390,2.1476,0.0000,0.0000,0.0000
23.665,547.1201,-1.6920,252.3078,0.2510,3.8000,-0.4500,7.3705,181.8418,1.9935,0.0000,0.0000,0.0000
23.776,546.8799,-1.5350,252.3906,0.2510,3.8000,-0.4500,7.5185,181.8466,1.6870,0.0000,0.0000,0.0000
23.887,546.6796,-1.4051,252.4565,0.2510,3.8000,-0.4500,7.5496,181.8475,1.6131,0.0000,0.0000,0.0000
23.998,546.4366,-1.2551,252.5325,0.2510,3.8000,-0.4500,7.6409,181.8499,1.3769,0.0000,0.0000,0.0000
24.110,546.2324,-1.1335,252.5937,0.2510,3.8000,-0.4500,7.7243,181.8518,1.1428,0.0000,0.0000,0.0000
24.235,545.9475,-0.9615,252.6769,0.2510,3.8000,-0.4500,7.7243,181.8518,1.1428,0.0000,0.0000,0.0000
24.346,545.7426,-0.8414,252.7347,0.2510,3.8000,-0.4500,7.7473,181.8522,1.0667,0.0000,0.0000,0.0000
24.457,545.4967,-0.6975,252.8026,0.2510,3.8000,-0.4500,7.7473,181.8522,1.0667,0.0000,0.0000,0.0000
24.581,545.2495,-0.5566,252.8694,0.2510,3.8000,-0.4500,7.7695,181.8526,0.9883,0.0000,0.0000,0.0000
24.681,545.0426,-0.4422,252.9246,0.2510,3.8000,-0.4500,7.8093,181.8533,0.8279,0.0000,0.0000,0.0000
24.804,544.7936,-0.3073,252.9904,0.2510,3.8000,-0.4500,7.8432,181.8537,0.6638,0.0000,0.0000,0.0000
24.904,544.5852,-0.1985,253.0445,0.2510,3.8000,-0.4500,7.8722,181.8540,0.5037,0.0000,0.0000,0.0000
25.012,544.3759,-0.0934,253.0979,0.2510,3.8000,-0.4500,7.8949,181.8542,0.3327,0.0000,0.0000,0.0000
25.137,544.0804,0.0450,253.1718,0.2510,3.8000,-0.4500,7.9326,181.8543,-0.0001,0.0000,0.0000,0.0000
25.250,543.8677,0.1377,253.2246,0.2510,3.8000,-0.4500,7.9482,181.8542,359.7372,0.0000,0.0000,0.0000
25.360,543.6108,0.2415,253.2888,0.2510,3.8000,-0.4500,7.9634,181.8541,359.3934,0.0000,0.0000,0.0000
25.474,543.3953,0.3213,253.3436,0.2510,3.8000,-0.4500,7.9697,181.8541,359.0634,0.0000,0.0000,0.0000
25.584,543.1354,0.4099,253.4110,0.2510,3.8000,-0.4500,7.9691,181.8541,358.7029,0.0000,0.0000,0.0000
25.692,542.9169,0.4747,253.4695,0.2510,3.8000,-0.4500,7.9642,181.8542,358.2674,0.0000,0.0000,0.0000
25.803,542.6545,0.5478,253.5430,0.2510,3.8000,-0.4500,7.9563,181.8545,357.9341,0.0000,0.0000,0.0000
25.928,542.3901,0.6106,253.6218,0.2510,3.8000,-0.4500,7.9431,181.8550,357.5158,0.0000,0.0000,0.0000
26.053,542.1252,0.6657,253.7063,0.2510,3.8000,-0.4500,7.9286,181.8557,357.1642,0.0000,0.0000,0.0000
26.165,541.8584,0.7089,253.7966,0.2510,3.8000,-0.4500,7.9039,181.8570,356.6384,0.0000,0.0000,0.0000
26.290,541.5921,0.7482,253.8913,0.2510,3.8000,-0.4500,7.8909,181.8578,356.3914,0.0000,0.0000,0.0000
26.414,541.2786,0.7773,254.0092,0.2510,3.8000,-0.4500,7.8551,181.8603,355.7816,0.0000,0.0000,0.0000
26.528,541.0552,0.7946,254.0988,0.2510,3.8000,-0.4500,7.8388,181.8616,355.5282,0.0000,0.0000,0.0000
26.651,540.7867,0.8075,254.2136,0.2510,3.8000,-0.4500,7.8163,181.8634,355.1908,0.0000,0.0000,0.0000
26.776,540.4730,0.8128,254.3564,0.2510,3.8000,-0.4500,7.7869,181.8660,354.7711,0.0000,0.0000,0.0000
26.889,540.2487,0.8114,254.4619,0.2510,3.8000,-0.4500,7.7688,181.8677,354.5223,0.0000,0.0000,0.0000
26.998,539.9799,0.8043,254.5926,0.2510,3.8000,-0.4500,7.7507,181.8695,354.2779,0.0000,0.0000,0.0000
27.123,539.7109,0.7909,254.7287,0.2510,3.8000,-0.4500,7.7320,181.8714,354.0259,0.0000,0.0000,0.0000
27.248,539.4410,0.7685,254.8715,0.2510,3.8000,-0.4500,7.7007,181.8749,353.6018,0.0000,0.0000,0.0000
27.373,539.1725,0.7459,255.0204,0.2510,3.8000,-0.4500,7.6887,181.8763,353.4337,0.0000,0.0000,0.0000
27.484,538.9042,0.7189,255.1755,0.2510,3.8000,-0.4500,7.6771,181.8776,353.2670,0.0000,0.0000,0.0000
27.609,538.6352,0.6846,255.3366,0.2510,3.8000,-0.4500,7.6556,181.8802,352.9265,0.0000,0.0000,0.0000
27.734,538.3677,0.6531,255.5026,0.2510,3.8000,-0.4500,7.6556,181.8802,352.9265,0.0000,0.0000,0.0000
27.845,538.0994,0.6141,255.6744,0.2510,3.8000,-0.4500,7.6429,181.8819,352.6804,0.0000,0.0000,0.0000
27.970,537.8320,0.5756,255.8505,0.2510,3.8000,-0.4500,7.6401,181.8822,352.5966,0.0000,0.0000,0.0000
28.083,537.5646,0.5348,256.0303,0.2510,3.8000,-0.4500,7.6374,181.8826,352.5124,0.0000,0.0000,0.0000
28.193,537.3416,0.4978,256.1831,0.2510,3.8000,-0.4500,7.6348,181.8829,352.3486,0.0000,0.0000,0.0000
28.305,537.0742,0.4540,256.3693,0.2510,3.8000,-0.4500,7.6356,181.8828,352.2666,0.0000,0.0000,0.0000
28.415,536.8073,0.4091,256.5585,0.2510,3.8000,-0.4500,7.6369,181.8826,352.1856,0.0000,0.0000,0.0000
28.525,536.5849,0.3722,256.7180,0.2510,3.8000,-0.4500,7.6369,181.8826,352.1856,0.0000,0.0000,0.0000
28.650,536.3175,0.3179,256.8464,0.2510,3.8000,-0.4500,7.6540,181.8802,351.9351,0.0000,0.0000,0.0000
28.775,536.0115,0.2334,256.7865,0.2510,3.8000,-0.4500,7.6540,181.8802,351.9351,0.0000,0.0000,0.0000
28.900,535.7520,0.1454,256.6359,0.2510,3.8000,-0.4500,7.6540,181.8802,351.9351,0.0000,0.0000,0.0000
29.012,535.5365,0.0640,256.4726,0.2510,3.8000,-0.4500,7.6651,181.8786,351.8556,0.0000,0.0000,0.0000
29.136,535.2366,-0.0546,256.2111,0.2510,3.8000,-0.4500,7.6651,181.8786,351.8556,0.0000,0.0000,0.0000
29.262,534.9799,-0.1613,255.9699,0.2510,3.8000,-0.4500,7.6772,181.8769,351.7752,0.0000,0.0000,0.0000
29.373,534.7672,-0.2527,255.7502,0.2510,3.8000,-0.4500,7.6891,181.8751,351.6957,0.0000,0.0000,0.0000
29.486,534.5174,-0.3669,255.4292,0.2510,3.8000,-0.4500,7.6891,181.8751,351.6957,0.0000,0.0000,0.0000
29.595,534.2733,-0.4890,255.0416,0.2510,3.8000,-0.4500,7.6891,181.8751,351.6957,0.0000,0.0000,0.0000
29.706,534.0737,-0.5959,254.6776,0.2510,3.8000,-0.4500,7.6891,181.8751,351.6957,0.0000,0.0000,0.0000
29.831,533.8373,-0.7290,254.2047,0.2510,3.8000,-0.4500,7.6891,181.8751,351.6957,0.0000,0.0000,0.0000
29.956,533.5636,-0.8880,253.6326,0.2510,3.8000,-0.4500,7.6891,181.8751,351.6957,0.0000,0.0000,0.0000
30.067,533.3646,-0.9984,253.2670,0.2510,3.8000,-0.4500,7.6890,181.8751,351.6957,0.0000,0.0000,0.0000
30.192,533.1193,-1.1229,252.9104,0.2510,3.8000,-0.4500,7.6890,181.8751,351.6957,0.0000,0.0000,0.0000
30.292,532.9090,-1.2102,252.7787,0.2510,3.8000,-0.4500,7.6890,181.8751,351.6957,0.0000,0.0000,0.0000
30.400,532.6514,-1.2945,252.7828,0.2510,3.8000,-0.4500,7.6890,181.8751,351.6957,0.0000,0.0000,0.0000
30.511,532.4344,-1.3541,252.8651,0.2510,3.8000,-0.4500,7.6890,181.8751,351.6957,0.0000,0.0000,0.0000
30.623,532.1725,-1.4185,253.0184,0.2510,3.8000,-0.4500,7.6890,181.8751,351.6957,0.0000,0.0000,0.0000
30.747,531.9094,-1.4803,253.2076,0.2510,3.8000,-0.4500,7.6447,181.8817,351.6298,0.0000,0.0000,0.0000
30.861,531.6462,-1.5404,253.4179,0.2510,3.8000,-0.4500,7.6014,181.8881,351.5665,0.0000,0.0000,0.0000
30.970,531.4272,-1.5892,253.6029,0.2510,3.8000,-0.4500,7.6014,181.8881,351.5665,0.0000,0.0000,0.0000
31.083,531.1647,-1.6485,253.8324,0.2510,3.8000,-0.4500,7.6014,181.8881,351.5665,0.0000,0.0000,0.0000
31.192,530.9457,-1.7019,254.0285,0.2510,3.8000,-0.4500,7.5096,181.9020,351.4366,0.0000,0.0000,0.0000
31.317,530.6399,-1.7737,254.3063,0.2510,3.8000,-0.4500,7.5096,181.9020,351.4366,0.0000,0.0000,0.0000
31.430,530.4215,-1.8259,254.5063,0.2510,3.8000,-0.4500,7.5096,181.9020,351.4366,0.0000,0.0000,0.0000
31.541,530.1595,-1.8894,254.7474,0.2510,3.8000,-0.4500,7.5096,181.9020,351.4366,0.0000,0.0000,0.0000
31.653,529.9413,-1.9442,254.9494,0.2510,3.8000,-0.4500,7.4628,181.9091,351.3751,0.0000,0.0000,0.0000
31.761,529.6795,-2.0085,255.1921,0.2510,3.8000,-0.4500,7.4628,181.9091,351.3751,0.0000,0.0000,0.0000
31.872,529.4613,-2.0621,255.3939,0.2510,3.8000,-0.4500,7.4628,181.9091,351.3751,0.0000,0.0000,0.0000
31.997,529.1555,-2.1374,255.6714,0.2510,3.8000,-0.4500,7.4628,181.9091,351.3751,0.0000,0.0000,0.0000
32.122,528.8930,-2.2018,255.9046,0.2510,3.8000,-0.4500,7.4628,181.9091,351.3751,0.0000,0.0000,0.0000
32.247,528.6305,-2.2656,256.1346,0.2510,3.8000,-0.4500,7.4628,181.9091,351.3751,0.0000,0.0000,0.0000
32.361,528.3679,-2.3281,256.3624,0.2510,3.8000,-0.4500,7.4628,181.9091,351.3751,0.0000,0.0000,0.0000
32.470,528.1487,-2.3790,256.5506,0.2510,3.8000,-0.4500,7.4628,181.9091,351.3751,0.0000,0.0000,0.0000
32.581,527.8867,-2.4427,256.7027,0.2510,3.8000,-0.4500,7.4628,181.9091,351.3751,0.0000,0.0000,0.0000
32.694,527.6278,-2.5235,256.6684,0.2510,3.8000,-0.4500,7.4628,181.9091,351.3751,0.0000,0.0000,0.0000
32.803,527.4138,-2.5988,256.5559,0.2510,3.8000,-0.4500,7.4628,181.9091,351.3751,0.0000,0.0000,0.0000
32.917,527.1586,-2.6936,256.3637,0.2510,3.8000,-0.4500,7.4628,181.9091,351.3751,0.0000,0.0000,0.0000
33.026,526.9474,-2.7729,256.1766,0.2510,3.8000,-0.4500,7.2547,181.9407,351.5020,0.0000,0.0000,0.0000
33.151,526.6957,-2.8662,255.9237,0.2510,3.8000,-0.4500,7.0140,181.9765,351.7239,0.0000,0.0000,0.0000
33.275,526.4061,-2.9780,255.5583,0.2510,3.8000,-0.4500,6.9648,181.9837,351.7888,0.0000,0.0000,0.0000
33.386,526.2040,-3.0556,255.2512,0.2510,3.8000,-0.4500,6.7777,182.0104,352.0674,0.0000,0.0000,0.0000
33.498,525.9638,-3.1513,254.8427,0.2510,3.8000,-0.4500,6.6936,182.0221,352.2164,0.0000,0.0000,0.0000
33.609,525.7636,-3.2286,254.5032,0.2510,3.8000,-0.4500,6.6121,182.0332,352.3650,0.0000,0.0000,0.0000
33.733,525.5192,-3.3132,254.1500,0.2510,3.8000,-0.4500,6.4954,182.0487,352.5980,0.0000,0.0000,0.0000
33.860,525.2263,-3.4028,253.8468,0.2510,3.8000,-0.4500,6.4584,182.0535,352.6731,0.0000,0.0000,0.0000
33.969,525.0127,-3.4515,253.7877,0.2510,3.8000,-0.4500,6.4584,182.0535,352.6731,0.0000,0.0000,0.0000
34.094,524.7112,-3.5006,253.8429,0.2510,3.8000,-0.4500,6.3950,182.0616,352.8236,0.0000,0.0000,0.0000
34.220,524.4503,-3.5359,253.9591,0.2510,3.8000,-0.4500,6.3950,182.0616,352.8236,0.0000,0.0000,0.0000
34.344,524.1887,-3.5666,254.1109,0.2510,3.8000,-0.4500,6.3950,182.0616,352.8236,0.0000,0.0000,0.0000
34.457,523.9266,-3.5948,254.2843,0.2510,3.8000,-0.4500,6.3950,182.0616,352.8236,0.0000,0.0000,0.0000
34.567,523.7080,-3.6171,254.4388,0.2510,3.8000,-0.4500,6.3950,182.0616,352.8236,0.0000,0.0000,0.0000
34.692,523.4454,-3.6424,254.6314,0.2510,3.8000,-0.4500,6.3950,182.0616,352.8236,0.0000,0.0000,0.0000
34.803,523.1826,-3.6657,254.8286,0.2510,3.8000,-0.4500,6.3950,182.0616,352.8236,0.0000,0.0000,0.0000
34.914,522.9630,-3.6834,254.9942,0.2510,3.8000,-0.4500,6.3950,182.0616,352.8236,0.0000,0.0000,0.0000
35.039,522.6553,-3.7050,255.2265,0.2510,3.8000,-0.4500,6.3950,182.0616,352.8236,0.0000,0.0000,0.0000
35.150,522.4351,-3.7177,255.3921,0.2510,3.8000,-0.4500,6.3950,182.0616,352.8236,0.0000,0.0000,0.0000
35.276,522.1262,-3.7302,255.6225,0.2510,3.8000,-0.4500,6.4694,182.0522,352.8615,0.0000,0.0000,0.0000
35.386,521.9058,-3.7344,255.7849,0.2510,3.8000,-0.4500,6.6163,182.0338,352.9387,0.0000,0.0000,0.0000
35.512,521.6414,-3.7465,255.8837,0.2510,3.8000,-0.4500,6.6163,182.0338,352.9387,0.0000,0.0000,0.0000
35.624,521.3811,-3.7714,255.8083,0.2510,3.8000,-0.4500,6.8108,182.0098,353.0858,0.0000,0.0000,0.0000
35.733,521.1672,-3.8048,255.6564,0.2510,3.8000,-0.4500,6.8108,182.0098,353.0858,0.0000,0.0000,0.0000
35.858,520.8733,-3.8555,255.3506,0.2510,3.8000,-0.4500,6.9495,181.9931,353.2940,0.0000,0.0000,0.0000
35.970,520.6652,-3.8981,255.0912,0.2510,3.8000,-0.4500,6.9495,181.9931,353.2940,0.0000,0.0000,0.0000
36.094,520.3775,-3.9526,254.6881,0.2510,3.8000,-0.4500,7.0492,181.9816,353.6042,0.0000,0.0000,0.0000
36.209,520.1730,-3.9938,254.3793,0.2510,3.8000,-0.4500,7.0531,181.9811,353.6892,0.0000,0.0000,0.0000
36.319,519.9302,-4.0373,253.9911,0.2510,3.8000,-0.4500,7.0504,181.9814,354.0299,0.0000,0.0000,0.0000
36.428,519.7282,-4.0737,253.6585,0.2510,3.8000,-0.4500,7.0191,181.9847,354.1984,0.0000,0.0000,0.0000
36.554,519.4869,-4.1135,253.2523,0.2510,3.8000,-0.4500,6.9617,181.9904,354.4476,0.0000,0.0000,0.0000
36.666,519.2467,-4.1474,252.8456,0.2510,3.8000,-0.4500,6.8226,182.0036,354.8364,0.0000,0.0000,0.0000
36.789,519.0018,-4.1759,252.4902,0.2510,3.8000,-0.4500,6.7094,182.0136,355.0695,0.0000,0.0000,0.0000
36.914,518.7081,-4.1942,252.1866,0.2510,3.8000,-0.4500,6.5515,182.0269,355.3653,0.0000,0.0000,0.0000
37.025,518.4943,-4.1934,252.0950,0.2510,3.8000,-0.4500,6.4021,182.0388,355.5875,0.0000,0.0000,0.0000
37.150,518.2360,-4.1794,252.0820,0.2510,3.8000,-0.4500,6.1483,182.0577,355.9277,0.0000,0.0000,0.0000
37.275,517.9321,-4.1576,252.1402,0.2510,3.8000,-0.4500,6.0223,182.0666,356.0563,0.0000,0.0000,0.0000
37.400,517.6730,-4.1330,252.2264,0.2510,3.8000,-0.4500,5.7076,182.0876,356.3591,0.0000,0.0000,0.0000
37.526,517.4131,-4.1092,252.3290,0.2510,3.8000,-0.4500,5.5800,182.0956,356.4672,0.0000,0.0000,0.0000
37.636,517.1542,-4.0853,252.4418,0.2510,3.8000,-0.4500,5.4514,182.1035,356.5738,0.0000,0.0000,0.0000
37.761,516.8963,-4.0617,252.5606,0.2510,3.8000,-0.4500,5.1867,182.1189,356.7737,0.0000,0.0000,0.0000
37.872,516.6813,-4.0442,252.6613,0.2510,3.8000,-0.4500,5.0452,182.1268,356.8661,0.0000,0.0000,0.0000
37.984,516.4236,-4.0257,252.7830,0.2510,3.8000,-0.4500,4.9027,182.1345,356.9552,0.0000,0.0000,0.0000
38.108,516.1672,-4.0105,252.9059,0.2510,3.8000,-0.4500,4.5153,182.1545,357.1439,0.0000,0.0000,0.0000
38.233,515.9103,-4.0004,253.0262,0.2510,3.8000,-0.4500,4.3549,182.1625,357.1999,0.0000,0.0000,0.0000
38.347,515.6536,-3.9958,253.1461,0.2510,3.8000,-0.4500,4.1119,182.1742,357.2743,0.0000,0.0000,0.0000
38.456,515.3972,-3.9992,253.2676,0.2510,3.8000,-0.4500,3.6122,182.1977,357.3604,0.0000,0.0000,0.0000
38.567,515.1830,-4.0069,253.3654,0.2510,3.8000,-0.4500,3.4443,182.2054,357.3714,0.0000,0.0000,0.0000
38.678,514.9254,-4.0269,253.4719,0.2510,3.8000,-0.4500,2.9183,182.2296,357.3750,0.0000,0.0000,0.0000
38.803,514.6666,-4.0555,253.5627,0.2510,3.8000,-0.4500,2.5775,182.2453,357.3539,0.0000,0.0000,0.0000
38.928,514.4072,-4.0968,253.6240,0.2510,3.8000,-0.4500,2.0384,182.2704,357.2950,0.0000,0.0000,0.0000
39.052,514.1475,-4.1493,253.6229,0.2510,3.8000,-0.4500,1.5154,182.2955,357.2256,0.0000,0.0000,0.0000
39.178,513.8450,-4.2232,253.5772,0.2510,3.8000,-0.4500,0.9123,182.3251,357.1467,0.0000,0.0000,0.0000
39.303,513.5888,-4.2965,253.4907,0.2510,3.8000,-0.4500,0.3868,182.3516,357.0838,0.0000,0.0000,0.0000
39.428,513.3377,-4.3777,253.3387,0.2510,3.8000,-0.4500,359.8494,182.3793,357.0299,0.0000,0.0000,0.0000
39.553,513.0916,-4.4648,253.1275,0.2510,3.8000,-0.4500,359.3020,182.4079,356.9918,0.0000,0.0000,0.0000
39.664,512.8491,-4.5567,252.8730,0.2510,3.8000,-0.4500,358.7484,182.4371,356.9731,0.0000,0.0000,0.0000
39.776,512.6093,-4.6528,252.5903,0.2510,3.8000,-0.4500,358.1923,182.4665,356.9730,0.0000,0.0000,0.0000
39.886,512.4099,-4.7362,252.3512,0.2510,3.8000,-0.4500,357.7296,182.4909,356.9845,0.0000,0.0000,0.0000
39.986,512.2098,-4.8239,252.1276,0.2510,3.8000,-0.4500,357.2694,182.5151,357.0024,0.0000,0.0000,0.0000
40.094,512.0085,-4.9166,251.9236,0.2510,3.8000,-0.4500,356.8134,182.5390,357.0220,0.0000,0.0000,0.0000
40.219,511.7251,-5.0554,251.6667,0.2510,3.8000,-0.4500,356.1854,182.5716,357.0462,0.0000,0.0000,0.0000
40.333,511.5211,-5.1614,251.5077,0.2510,3.8000,-0.4500,355.7472,182.5942,357.0604,0.0000,0.0000,0.0000
40.441,511.2729,-5.2980,251.3587,0.2510,3.8000,-0.4500,355.2363,182.6204,357.0737,0.0000,0.0000,0.0000
40.567,511.0219,-5.4436,251.2460,0.2510,3.8000,-0.4500,354.9030,182.6375,357.0798,0.0000,0.0000,0.0000
40.678,510.7697,-5.6021,251.1889,0.2510,3.8000,-0.4500,354.3725,182.6647,357.0870,0.0000,0.0000,0.0000
40.788,510.5591,-5.7434,251.1914,0.2510,3.8000,-0.4500,354.1211,182.6775,357.0895,0.0000,0.0000,0.0000
40.899,510.3067,-5.9234,251.2301,0.2510,3.8000,-0.4500,353.7857,182.6947,357.0917,0.0000,0.0000,0.0000
41.010,510.0970,-6.0806,251.2855,0.2510,3.8000,-0.4500,353.4494,182.7118,357.0977,0.0000,0.0000,0.0000
41.135,509.8050,-6.3058,251.3897,0.2510,3.8000,-0.4500,353.3683,182.7160,357.1000,0.0000,0.0000,0.0000
41.235,509.5978,-6.4726,251.4815,0.2510,3.8000,-0.4500,353.0307,182.7331,357.1312,0.0000,0.0000,0.0000
41.344,509.3910,-6.6386,251.5803,0.2510,3.8000,-0.4500,353.0307,182.7331,357.1312,0.0000,0.0000,0.0000
41.454,509.1440,-6.8385,251.7087,0.2510,3.8000,-0.4500,352.8735,182.7410,357.1785,0.0000,0.0000,0.0000
41.567,508.9380,-7.0027,251.8179,0.2510,3.8000,-0.4500,352.8735,182.7410,357.1785,0.0000,0.0000,0.0000
41.678,508.6905,-7.1946,251.9438,0.2510,3.8000,-0.4500,352.8735,182.7410,357.1785,0.0000,0.0000,0.0000
41.802,508.4430,-7.3773,252.0623,0.2510,3.8000,-0.4500,352.7570,182.7466,357.2947,0.0000,0.0000,0.0000
41.927,508.1954,-7.5472,252.1733,0.2510,3.8000,-0.4500,352.6752,182.7504,357.5336,0.0000,0.0000,0.0000
42.038,507.9472,-7.7029,252.2769,0.2510,3.8000,-0.4500,352.6723,182.7506,357.8613,0.0000,0.0000,0.0000
42.163,507.6987,-7.8401,252.3591,0.2510,3.8000,-0.4500,352.8231,182.7456,358.3447,0.0000,0.0000,0.0000
42.288,507.4540,-7.9518,252.3180,0.2510,3.8000,-0.4500,353.0787,182.7392,358.7730,0.0000,0.0000,0.0000
42.401,507.2184,-8.0329,252.1214,0.2510,3.8000,-0.4500,353.3847,182.7337,359.1736,0.0000,0.0000,0.0000
42.524,506.9910,-8.0873,251.8001,0.2510,3.8000,-0.4500,353.7016,182.7302,359.5666,0.0000,0.0000,0.0000
42.635,506.7698,-8.1214,251.3922,0.2510,3.8000,-0.4500,353.9695,182.7290,359.9039,0.0000,0.0000,0.0000
42.760,506.5539,-8.1368,250.9274,0.2510,3.8000,-0.4500,354.2912,182.7296,0.3147,0.0000,0.0000,0.0000
42.885,506.3410,-8.1405,250.4287,0.2510,3.8000,-0.4500,354.5576,182.7318,0.6518,0.0000,0.0000,0.0000
43.010,506.1308,-8.1331,249.9115,0.2510,3.8000,-0.4500,354.8284,182.7357,0.9839,0.0000,0.0000,0.0000
43.135,505.8884,-8.1117,249.2949,0.2510,3.8000,-0.4500,355.1885,182.7432,1.3916,0.0000,0.0000,0.0000
43.260,505.6828,-8.0832,248.7598,0.2510,3.8000,-0.4500,355.5513,182.7533,1.7702,0.0000,0.0000,0.0000
43.386,505.4771,-8.0515,248.2262,0.2510,3.8000,-0.4500,355.7366,182.7593,1.9460,0.0000,0.0000,0.0000
43.496,505.2689,-8.0095,247.7681,0.2510,3.8000,-0.4500,356.1725,182.7756,2.3158,0.0000,0.0000,0.0000
43.607,505.0883,-7.9728,247.4925,0.2510,3.8000,-0.4500,356.5472,182.7917,2.5945,0.0000,0.0000,0.0000
43.720,504.8641,-7.9238,247.2858,0.2510,3.8000,-0.4500,357.0284,182.8149,2.8949,0.0000,0.0000,0.0000
43.829,504.6743,-7.8762,247.2219,0.2510,3.8000,-0.4500,357.4774,182.8385,3.1298,0.0000,0.0000,0.0000
43.940,504.4468,-7.8065,247.2322,0.2510,3.8000,-0.4500,358.0887,182.8735,3.4028,0.0000,0.0000,0.0000
44.051,504.2587,-7.7355,247.2880,0.2510,3.8000,-0.4500,358.6548,182.9083,3.6238,0.0000,0.0000,0.0000
44.176,503.9989,-7.6138,247.4133,0.2510,3.8000,-0.4500,359.5142,182.9650,3.9188,0.0000,0.0000,0.0000
44.288,503.8162,-7.5098,247.5249,0.2510,3.8000,-0.4500,0.1608,183.0105,4.1214,0.0000,0.0000,0.0000
44.413,503.6003,-7.3654,247.6732,0.2510,3.8000,-0.4500,0.9570,183.0695,4.3700,0.0000,0.0000,0.0000
44.537,503.3538,-7.1688,247.8576,0.2510,3.8000,-0.4500,1.8955,183.1439,4.6928,0.0000,0.0000,0.0000
44.649,503.1812,-7.0095,247.9931,0.2510,3.8000,-0.4500,2.5617,183.2001,4.9533,0.0000,0.0000,0.0000
44.759,502.9786,-6.7976,248.1574,0.2510,3.8000,-0.4500,3.3477,183.2707,5.2979,0.0000,0.0000,0.0000
44.884,502.7812,-6.5637,248.3223,0.2510,3.8000,-0.4500,4.1117,183.3441,5.6710,0.0000,0.0000,0.0000
45.009,502.5893,-6.3084,248.4872,0.2510,3.8000,-0.4500,4.8472,183.4199,6.0637,0.0000,0.0000,0.0000
45.122,502.4031,-6.0329,248.6518,0.2510,3.8000,-0.4500,5.5490,183.4973,6.4669,0.0000,0.0000,0.0000
45.231,502.2524,-5.7887,248.7887,0.2510,3.8000,-0.4500,6.1046,183.5622,6.8046,0.0000,0.0000,0.0000
45.343,502.0769,-5.4791,248.9525,0.2510,3.8000,-0.4500,6.7328,183.6399,7.2044,0.0000,0.0000,0.0000
45.468,501.9072,-5.1532,249.1149,0.2510,3.8000,-0.4500,7.3156,183.7161,7.5914,0.0000,0.0000,0.0000
45.579,501.7430,-4.8127,249.2757,0.2510,3.8000,-0.4500,7.8498,183.7897,7.9584,0.0000,0.0000,0.0000
45.690,501.6102,-4.5188,249.4093,0.2510,3.8000,-0.4500,8.2561,183.8481,8.2446,0.0000,0.0000,0.0000
45.814,501.4299,-4.0942,249.5962,0.2510,3.8000,-0.4500,8.7630,183.9240,8.6090,0.0000,0.0000,0.0000
45.926,501.3032,-3.7856,249.7319,0.2510,3.8000,-0.4500,8.9046,183.9459,8.7122,0.0000,0.0000,0.0000
46.037,501.1552,-3.4060,249.8884,0.2510,3.8000,-0.4500,9.1862,183.9901,8.9178,0.0000,0.0000,0.0000
46.137,501.0327,-3.0866,250.0149,0.2510,3.8000,-0.4500,9.3226,184.0119,9.0170,0.0000,0.0000,0.0000
46.245,500.9117,-2.7643,250.1372,0.2510,3.8000,-0.4500,9.4581,184.0338,9.1149,0.0000,0.0000,0.0000
46.371,500.7667,-2.3767,250.2815,0.2510,3.8000,-0.4500,9.5264,184.0449,9.1625,0.0000,0.0000,0.0000
46.497,500.5986,-1.9238,250.4385,0.2510,3.8000,-0.4500,9.5944,184.0561,9.2098,0.0000,0.0000,0.0000
46.608,500.4756,-1.6199,250.4166,0.2510,3.8000,-0.4500,9.5944,184.0561,9.2098,0.0000,0.0000,0.0000
46.732,500.3262,-1.2936,250.1945,0.2510,3.8000,-0.4500,9.5944,184.0561,9.2098,0.0000,0.0000,0.0000
46.842,500.1771,-1.0037,249.8058,0.2510,3.8000,-0.4500,9.5944,184.0561,9.2098,0.0000,0.0000,0.0000
46.956,500.0284,-0.7426,249.3018,0.2510,3.8000,-0.4500,9.5944,184.0561,9.2098,0.0000,0.0000,0.0000
47.067,499.9045,-0.5412,248.8235,0.2510,3.8000,-0.4500,9.5944,184.0561,9.2098,0.0000,0.0000,0.0000
47.179,499.7555,-0.3132,248.2050,0.2510,3.8000,-0.4500,9.5944,184.0561,9.2098,0.0000,0.0000,0.0000
47.290,499.6309,-0.1320,247.6647,0.2510,3.8000,-0.4500,9.5944,184.0561,9.2098,0.0000,0.0000,0.0000
47.400,499.4807,0.0777,246.9971,0.2510,3.8000,-0.4500,9.5944,184.0561,9.2098,0.0000,0.0000,0.0000
47.512,499.3549,0.2470,246.4309,0.2510,3.8000,-0.4500,9.5944,184.0561,9.2098,0.0000,0.0000,0.0000
47.624,499.1991,0.4377,245.7480,0.2510,3.8000,-0.4500,9.3268,184.0130,8.8510,0.0000,0.0000,0.0000
47.755,499.0150,0.6550,244.9495,0.2510,3.8000,-0.4500,9.0626,183.9721,8.5210,0.0000,0.0000,0.0000
47.872,498.8792,0.8119,244.4313,0.2510,3.8000,-0.4500,8.9003,183.9478,8.3264,0.0000,0.0000,0.0000
47.980,498.7060,1.0083,243.9350,0.2510,3.8000,-0.4500,8.5683,183.8998,7.9318,0.0000,0.0000,0.0000
48.105,498.5240,1.2141,243.5655,0.2510,3.8000,-0.4500,8.2435,183.8552,7.5411,0.0000,0.0000,0.0000
48.230,498.3367,1.4364,243.4078,0.2510,3.8000,-0.4500,7.9114,183.8120,7.1332,0.0000,0.0000,0.0000
48.356,498.1122,1.7015,243.4000,0.2510,3.8000,-0.4500,7.4809,183.7597,6.5942,0.0000,0.0000,0.0000
48.475,497.9134,1.9193,243.4767,0.2510,3.8000,-0.4500,7.0612,183.7128,6.0666,0.0000,0.0000,0.0000
48.575,497.7428,2.0880,243.5746,0.2510,3.8000,-0.4500,6.6749,183.6731,5.5837,0.0000,0.0000,0.0000
48.675,497.5678,2.2415,243.6914,0.2510,3.8000,-0.4500,6.2576,183.6339,5.0666,0.0000,0.0000,0.0000
48.799,497.3516,2.4027,243.8463,0.2510,3.8000,-0.4500,5.7207,183.5892,4.4083,0.0000,0.0000,0.0000
48.924,497.1286,2.5365,244.0097,0.2510,3.8000,-0.4500,5.1506,183.5485,3.7168,0.0000,0.0000,0.0000
49.049,496.8992,2.6415,244.1766,0.2510,3.8000,-0.4500,4.5544,183.5134,2.9997,0.0000,0.0000,0.0000
49.174,496.6243,2.7269,244.3716,0.2510,3.8000,-0.4500,3.8352,183.4810,2.1404,0.0000,0.0000,0.0000
49.275,496.4237,2.7634,244.5099,0.2510,3.8000,-0.4500,3.3121,183.4643,1.5172,0.0000,0.0000,0.0000
49.397,496.1791,2.7807,244.6744,0.2510,3.8000,-0.4500,2.6806,183.4517,0.7649,0.0000,0.0000,0.0000
49.522,495.9310,2.7697,244.8380,0.2510,3.8000,-0.4500,2.0516,183.4474,0.0133,0.0000,0.0000,0.0000
49.633,495.7223,2.7396,244.9744,0.2510,3.8000,-0.4500,1.5344,183.4501,359.3917,0.0000,0.0000,0.0000
49.744,495.4702,2.6790,245.1373,0.2510,3.8000,-0.4500,0.9277,183.4605,358.6559,0.0000,0.0000,0.0000
49.844,495.2591,2.6091,245.2707,0.2510,3.8000,-0.4500,0.4383,183.4745,358.0549,0.0000,0.0000,0.0000
49.952,495.0475,2.5222,245.4026,0.2510,3.8000,-0.4500,359.9675,183.4929,357.4684,0.0000,0.0000,0.0000
50.077,494.7512,2.3740,245.5879,0.2510,3.8000,-0.4500,359.3467,183.5246,356.6769,0.0000,0.0000,0.0000
50.202,494.4981,2.2240,245.7506,0.2510,3.8000,-0.4500,358.8561,183.5559,356.0304,0.0000,0.0000,0.0000
50.302,494.2884,2.0841,245.8906,0.2510,3.8000,-0.4500,358.4807,183.5836,355.5169,0.0000,0.0000,0.0000
50.425,494.0384,1.9000,246.0648,0.2510,3.8000,-0.4500,358.0747,183.6175,354.9338,0.0000,0.0000,0.0000
50.550,493.7907,1.6996,246.2465,0.2510,3.8000,-0.4500,357.7154,183.6511,354.3891,0.0000,0.0000,0.0000
50.661,493.5454,1.4836,246.4365,0.2510,3.8000,-0.4500,357.3821,183.6854,353.8841,0.0000,0.0000,0.0000
50.787,493.3027,1.2526,246.6350,0.2510,3.8000,-0.4500,357.0548,183.7219,353.4203,0.0000,0.0000,0.0000
50.899,493.0630,1.0073,246.8419,0.2510,3.8000,-0.4500,356.7243,183.7613,352.9997,0.0000,0.0000,0.0000
51.007,492.8655,0.7927,247.0205,0.2510,3.8000,-0.4500,356.4450,183.7965,352.6843,0.0000,0.0000,0.0000
51.132,492.6313,0.5274,247.2421,0.2510,3.8000,-0.4500,356.2469,183.8223,352.4944,0.0000,0.0000,0.0000
51.258,492.3610,0.1975,247.5130,0.2510,3.8000,-0.4500,355.7742,183.8865,352.0907,0.0000,0.0000,0.0000
51.370,492.1706,-0.0405,247.7121,0.2510,3.8000,-0.4500,355.7102,183.8954,352.0422,0.0000,0.0000,0.0000
51.480,491.9435,-0.3397,247.9584,0.2510,3.8000,-0.4500,355.3404,183.9480,351.8234,0.0000,0.0000,0.0000
51.604,491.7186,-0.6425,248.2089,0.2510,3.8000,-0.4500,355.1177,183.9803,351.7229,0.0000,0.0000,0.0000
51.730,491.4950,-0.9501,248.4634,0.2510,3.8000,-0.4500,354.8669,184.0171,351.6606,0.0000,0.0000,0.0000
51.855,491.2352,-1.3110,248.7621,0.2510,3.8000,-0.4500,354.6281,184.0523,351.6328,0.0000,0.0000,0.0000
51.966,491.0501,-1.5677,248.9762,0.2510,3.8000,-0.4500,354.5451,184.0646,351.6472,0.0000,0.0000,0.0000
52.077,490.8281,-1.8742,249.2339,0.2510,3.8000,-0.4500,354.2996,184.1007,351.7078,0.0000,0.0000,0.0000
52.202,490.6065,-2.1740,249.4921,0.2510,3.8000,-0.4500,354.0200,184.1411,351.9044,0.0000,0.0000,0.0000
52.313,490.4206,-2.4180,249.7051,0.2510,3.8000,-0.4500,353.8506,184.1651,352.0759,0.0000,0.0000,0.0000
52.438,490.1594,-2.7452,250.0006,0.2510,3.8000,-0.4500,353.6687,184.1900,352.4821,0.0000,0.0000,0.0000
52.562,489.9333,-3.0097,250.2493,0.2510,3.8000,-0.4500,353.5540,184.2048,352.9991,0.0000,0.0000,0.0000
52.688,489.7043,-3.2590,250.4914,0.2510,3.8000,-0.4500,353.5435,184.2061,353.5240,0.0000,0.0000,0.0000
52.799,489.4725,-3.4908,250.7265,0.2510,3.8000,-0.4500,353.6111,184.1988,354.0730,0.0000,0.0000,0.0000
52.910,489.2774,-3.6691,250.9168,0.2510,3.8000,-0.4500,353.7155,184.1884,354.5558,0.0000,0.0000,0.0000
53.021,489.0412,-3.8638,251.1384,0.2510,3.8000,-0.4500,353.8911,184.1725,355.1660,0.0000,0.0000,0.0000
53.146,488.8029,-4.0365,251.3523,0.2510,3.8000,-0.4500,354.1172,184.1546,355.8051,0.0000,0.0000,0.0000
53.257,488.5631,-4.1861,251.5587,0.2510,3.8000,-0.4500,354.3904,184.1361,356.4650,0.0000,0.0000,0.0000
53.382,488.3220,-4.3123,251.7571,0.2510,3.8000,-0.4500,354.7073,184.1183,357.1363,0.0000,0.0000,0.0000
53.508,488.0798,-4.4147,251.9435,0.2510,3.8000,-0.4500,355.0641,184.1025,357.8086,0.0000,0.0000,0.0000
53.618,487.8370,-4.4934,252.1162,0.2510,3.8000,-0.4500,355.4567,184.0898,358.4712,0.0000,0.0000,0.0000
53.731,487.6343,-4.5415,252.2509,0.2510,3.8000,-0.4500,355.8076,184.0821,359.0081,0.0000,0.0000,0.0000
53.843,487.3916,-4.5791,252.4038,0.2510,3.8000,-0.4500,356.2537,184.0768,359.6250,0.0000,0.0000,0.0000
53.952,487.1899,-4.5947,252.5256,0.2510,3.8000,-0.4500,356.6435,184.0759,0.1097,0.0000,0.0000,0.0000
54.066,486.9491,-4.5957,252.6684,0.2510,3.8000,-0.4500,357.1300,184.0792,0.6484,0.0000,0.0000,0.0000
54.174,486.7498,-4.5829,252.7873,0.2510,3.8000,-0.4500,357.5494,184.0854,1.0563,0.0000,0.0000,0.0000
54.286,486.5123,-4.5524,252.9314,0.2510,3.8000,-0.4500,358.0676,184.0970,1.4909,0.0000,0.0000,0.0000
54.396,486.2767,-4.5067,253.0773,0.2510,3.8000,-0.4500,358.6005,184.1127,1.8609,0.0000,0.0000,0.0000
54.522,486.0429,-4.4472,253.2249,0.2510,3.8000,-0.4500,359.1462,184.1319,2.1633,0.0000,0.0000,0.0000
54.635,485.8103,-4.3751,253.3736,0.2510,3.8000,-0.4500,359.7026,184.1541,2.3992,0.0000,0.0000,0.0000
54.743,485.6174,-4.3061,253.4981,0.2510,3.8000,-0.4500,0.1727,184.1745,2.5483,0.0000,0.0000,0.0000
54.857,485.3869,-4.2135,253.6477,0.2510,3.8000,-0.4500,0.7421,184.2005,2.6751,0.0000,0.0000,0.0000
54.980,485.1570,-4.1112,253.7966,0.2510,3.8000,-0.4500,1.3143,184.2276,2.7495,0.0000,0.0000,0.0000
55.090,484.9655,-4.0193,253.9196,0.2510,3.8000,-0.4500,1.7907,184.2507,2.7744,0.0000,0.0000,0.0000
55.190,484.7741,-3.9221,254.0411,0.2510,3.8000,-0.4500,2.2641,184.2736,2.7675,0.0000,0.0000,0.0000
55.313,484.5440,-3.7993,254.1848,0.2510,3.8000,-0.4500,2.8256,184.3006,2.7196,0.0000,0.0000,0.0000
55.438,484.2749,-3.6489,254.3496,0.2510,3.8000,-0.4500,3.4670,184.3305,2.6122,0.0000,0.0000,0.0000
55.549,484.0819,-3.5378,254.4651,0.2510,3.8000,-0.4500,3.9134,184.3505,2.5032,0.0000,0.0000,0.0000
55.673,483.8492,-3.4015,254.6007,0.2510,3.8000,-0.4500,4.4329,184.3726,2.3390,0.0000,0.0000,0.0000
55.785,483.6149,-3.2632,254.7329,0.2510,3.8000,-0.4500,4.9324,184.3922,2.1399,0.0000,0.0000,0.0000
55.896,483.3788,-3.1240,254.8616,0.2510,3.8000,-0.4500,5.4087,184.4091,1.9076,0.0000,0.0000,0.0000
56.007,483.1805,-3.0082,254.9666,0.2510,3.8000,-0.4500,5.7863,184.4211,1.6900,0.0000,0.0000,0.0000
56.121,482.9406,-2.8704,255.0905,0.2510,3.8000,-0.4500,6.2144,184.4327,1.4016,0.0000,0.0000,0.0000
56.229,482.7393,-2.7568,255.1924,0.2510,3.8000,-0.4500,6.4836,184.4389,1.1937,0.0000,0.0000,0.0000
56.340,482.4952,-2.6243,255.3124,0.2510,3.8000,-0.4500,6.8790,184.4460,0.8373,0.0000,0.0000,0.0000
56.451,482.2897,-2.5171,255.4112,0.2510,3.8000,-0.4500,7.1860,184.4496,0.5202,0.0000,0.0000,0.0000
56.576,481.9993,-2.3731,255.5484,0.2510,3.8000,-0.4500,7.5642,184.4516,0.0609,0.0000,0.0000,0.0000
56.687,481.7903,-2.2744,255.6462,0.2510,3.8000,-0.4500,7.7552,184.4514,359.7899,0.0000,0.0000,0.0000
56.800,481.5367,-2.1636,255.7639,0.2510,3.8000,-0.4500,8.0191,184.4494,359.3455,0.0000,0.0000,0.0000
56.924,481.2807,-2.0605,255.8832,0.2510,3.8000,-0.4500,8.2481,184.4459,358.8857,0.0000,0.0000,0.0000
57.048,481.0231,-1.9646,256.0049,0.2510,3.8000,-0.4500,8.4080,184.4422,358.4877,0.0000,0.0000,0.0000
57.173,480.7629,-1.8787,256.1304,0.2510,3.8000,-0.4500,8.5685,184.4372,357.9946,0.0000,0.0000,0.0000
57.274,480.5454,-1.8127,256.2392,0.2510,3.8000,-0.4500,8.6525,184.4340,357.6711,0.0000,0.0000,0.0000
57.382,480.2828,-1.7428,256.3758,0.2510,3.8000,-0.4500,8.7326,184.4304,357.2350,0.0000,0.0000,0.0000
57.482,480.0627,-1.6934,256.4953,0.2510,3.8000,-0.4500,8.7904,184.4274,356.7885,0.0000,0.0000,0.0000
57.590,479.8419,-1.6504,256.6204,0.2510,3.8000,-0.4500,8.8216,184.4255,356.3650,0.0000,0.0000,0.0000
57.715,479.5328,-1.5997,256.8047,0.2510,3.8000,-0.4500,8.8206,184.4256,355.9208,0.0000,0.0000,0.0000
57.826,479.3109,-1.5741,256.9440,0.2510,3.8000,-0.4500,8.7987,184.4273,355.4857,0.0000,0.0000,0.0000
57.939,479.0452,-1.5494,257.1191,0.2510,3.8000,-0.4500,8.7635,184.4302,355.1548,0.0000,0.0000,0.0000
58.047,478.8233,-1.5378,257.2721,0.2510,3.8000,-0.4500,8.7097,184.4350,354.8177,0.0000,0.0000,0.0000
58.173,478.5572,-1.5336,257.4642,0.2510,3.8000,-0.4500,8.6205,184.4435,354.4002,0.0000,0.0000,0.0000
58.298,478.2470,-1.5415,257.6998,0.2510,3.8000,-0.4500,8.4770,184.4584,353.9059,0.0000,0.0000,0.0000
58.424,477.9822,-1.5547,257.9106,0.2510,3.8000,-0.4500,8.3961,184.4673,353.6757,0.0000,0.0000,0.0000
58.537,477.7174,-1.5804,258.1307,0.2510,3.8000,-0.4500,8.2265,184.4869,353.2836,0.0000,0.0000,0.0000
58.647,477.4980,-1.6045,258.3192,0.2510,3.8000,-0.4500,8.1540,184.4956,353.1375,0.0000,0.0000,0.0000
58.756,477.2348,-1.6432,258.5530,0.2510,3.8000,-0.4500,7.9874,184.5163,352.8475,0.0000,0.0000,0.0000
58.867,477.0163,-1.6785,258.7524,0.2510,3.8000,-0.4500,7.8928,184.5284,352.7111,0.0000,0.0000,0.0000
58.978,476.7550,-1.7260,258.9969,0.2510,3.8000,-0.4500,7.7932,184.5414,352.5806,0.0000,0.0000,0.0000
59.102,476.4943,-1.7785,259.2469,0.2510,3.8000,-0.4500,7.6862,184.5556,352.4570,0.0000,0.0000,0.0000
59.228,476.2342,-1.8364,259.5020,0.2510,3.8000,-0.4500,7.5011,184.5806,352.2935,0.0000,0.0000,0.0000
59.352,475.9749,-1.8942,259.7595,0.2510,3.8000,-0.4500,7.4347,184.5897,352.2505,0.0000,0.0000,0.0000
59.464,475.7161,-1.9534,260.0197,0.2510,3.8000,-0.4500,7.3607,184.5999,352.2164,0.0000,0.0000,0.0000
59.575,475.4576,-2.0127,260.2818,0.2510,3.8000,-0.4500,7.2850,184.6103,352.1887,0.0000,0.0000,0.0000
59.700,475.1994,-2.0712,260.5458,0.2510,3.8000,-0.4500,7.1260,184.6323,352.1746,0.0000,0.0000,0.0000
59.826,474.9416,-2.1260,260.8097,0.2510,3.8000,-0.4500,7.0471,184.6432,352.1860,0.0000,0.0000,0.0000
59.936,474.6837,-2.1763,261.0737,0.2510,3.8000,-0.4500,6.9700,184.6539,352.2110,0.0000,0.0000,0.0000
60.061,474.4267,-2.2195,261.3376,0.2510,3.8000,-0.4500,6.6824,184.6930,352.4032,0.0000,0.0000,0.0000
60.186,474.1697,-2.2537,261.5982,0.2510,3.8000,-0.4500,6.4757,184.7203,352.6847,0.0000,0.0000,0.0000
60.312,473.9124,-2.2788,261.8539,0.2510,3.8000,-0.4500,6.3317,184.7386,352.9889,0.0000,0.0000,0.0000
60.422,473.6554,-2.2910,262.1029,0.2510,3.8000,-0.4500,6.2099,184.7532,353.4783,0.0000,0.0000,0.0000
60.547,473.3972,-2.2944,262.3439,0.2510,3.8000,-0.4500,6.1852,184.7560,353.8299,0.0000,0.0000,0.0000
60.672,473.1396,-2.2828,262.5756,0.2510,3.8000,-0.4500,6.1898,184.7555,354.3687,0.0000,0.0000,0.0000
60.797,472.8387,-2.2533,262.8322,0.2510,3.8000,-0.4500,6.2458,184.7503,354.9809,0.0000,0.0000,0.0000
60.908,472.6238,-2.2210,263.0061,0.2510,3.8000,-0.4500,6.3116,184.7448,355.4188,0.0000,0.0000,0.0000
61.033,472.3662,-2.1690,263.2041,0.2510,3.8000,-0.4500,6.4162,184.7368,355.9545,0.0000,0.0000,0.0000
61.158,472.0667,-2.0891,263.4206,0.2510,3.8000,-0.4500,6.5707,184.7267,356.5972,0.0000,0.0000,0.0000
61.284,471.8111,-2.0038,263.5936,0.2510,3.8000,-0.4500,6.7249,184.7183,357.1619,0.0000,0.0000,0.0000
61.409,471.5569,-1.9030,263.7552,0.2510,3.8000,-0.4500,6.8922,184.7108,357.7360,0.0000,0.0000,0.0000
61.534,471.3045,-1.7869,263.9059,0.2510,3.8000,-0.4500,7.0653,184.7048,358.3156,0.0000,0.0000,0.0000
61.645,471.0541,-1.6557,264.0467,0.2510,3.8000,-0.4500,7.2374,184.7005,358.8969,0.0000,0.0000,0.0000
61.770,470.8064,-1.5100,264.1783,0.2510,3.8000,-0.4500,7.4022,184.6982,359.4756,0.0000,0.0000,0.0000
61.881,470.5616,-1.3505,264.3022,0.2510,3.8000,-0.4500,7.5543,184.6975,0.0479,0.0000,0.0000,0.0000
61.991,470.3600,-1.2075,264.4007,0.2510,3.8000,-0.4500,7.6678,184.6981,0.5171,0.0000,0.0000,0.0000
62.103,470.1212,-1.0245,264.5143,0.2510,3.8000,-0.4500,7.7842,184.6997,1.0677,0.0000,0.0000,0.0000
62.214,469.8860,-0.8300,264.6244,0.2510,3.8000,-0.4500,7.8757,184.7018,1.6012,0.0000,0.0000,0.0000
62.325,469.6929,-0.6597,264.7147,0.2510,3.8000,-0.4500,7.9305,184.7036,2.0305,0.0000,0.0000,0.0000
62.436,469.4647,-0.4467,264.8226,0.2510,3.8000,-0.4500,7.9682,184.7051,2.5242,0.0000,0.0000,0.0000
62.561,469.2392,-0.2272,264.9319,0.2510,3.8000,-0.4500,7.9688,184.7051,2.8677,0.0000,0.0000,0.0000
62.686,469.0178,-0.0001,265.0427,0.2510,3.8000,-0.4500,7.9540,184.7043,3.2080,0.0000,0.0000,0.0000
62.811,468.8004,0.2348,265.1561,0.2510,3.8000,-0.4500,7.8976,184.7009,3.6277,0.0000,0.0000,0.0000
62.922,468.5866,0.4743,265.2731,0.2510,3.8000,-0.4500,7.7948,184.6939,4.0384,0.0000,0.0000,0.0000
63.033,468.4096,0.6738,265.3741,0.2510,3.8000,-0.4500,7.7456,184.6903,4.1917,0.0000,0.0000,0.0000
63.158,468.1663,0.9574,265.5204,0.2510,3.8000,-0.4500,7.5554,184.6756,4.5684,0.0000,0.0000,0.0000
63.284,467.9604,1.1999,265.6513,0.2510,3.8000,-0.4500,7.3583,184.6592,4.8436,0.0000,0.0000,0.0000
63.408,467.7567,1.4407,265.7884,0.2510,3.8000,-0.4500,7.0600,184.6329,5.1374,0.0000,0.0000,0.0000
63.533,467.5543,1.6768,265.9316,0.2510,3.8000,-0.4500,6.7829,184.6074,5.3235,0.0000,0.0000,0.0000
63.644,467.3531,1.9072,266.0823,0.2510,3.8000,-0.4500,6.4096,184.5717,5.4989,0.0000,0.0000,0.0000
63.769,467.1521,2.1295,266.2399,0.2510,3.8000,-0.4500,6.0040,184.5320,5.6095,0.0000,0.0000,0.0000
63.880,466.9509,2.3418,266.4048,0.2510,3.8000,-0.4500,5.5075,184.4827,5.6725,0.0000,0.0000,0.0000
63.993,466.7824,2.5099,266.5472,0.2510,3.8000,-0.4500,5.0896,184.4410,5.6712,0.0000,0.0000,0.0000
64.102,466.5789,2.6993,266.7233,0.2510,3.8000,-0.4500,4.5707,184.3895,5.6135,0.0000,0.0000,0.0000
64.228,466.3733,2.8736,266.9045,0.2510,3.8000,-0.4500,4.0242,184.3361,5.4997,0.0000,0.0000,0.0000
64.352,466.1596,2.9845,267.0927,0.2510,3.8000,-0.4500,3.5101,184.2874,5.2010,0.0000,0.0000,0.0000
64.463,465.9242,3.0152,267.2841,0.2510,3.8000,-0.4500,3.1422,184.2581,3.6035,0.0000,0.0000,0.0000
64.589,465.6688,3.0102,267.4668,0.2510,3.8000,-0.4500,2.7838,184.2437,0.8540,0.0000,0.0000,0.0000
64.713,465.4056,2.9243,267.6370,0.2510,3.8000,-0.4500,2.5765,184.2450,358.3488,0.0000,0.0000,0.0000
64.839,465.1054,2.8535,267.8261,0.2510,3.8000,-0.4500,2.4298,184.2511,357.0722,0.0000,0.0000,0.0000
64.952,464.8951,2.8243,267.9612,0.2510,3.8000,-0.4500,2.4298,184.2511,357.0722,0.0000,0.0000,0.0000
65.063,464.6423,2.7970,268.1250,0.2510,3.8000,-0.4500,2.4298,184.2511,357.0722,0.0000,0.0000,0.0000
65.172,464.4317,2.7822,268.2624,0.2510,3.8000,-0.4500,2.4298,184.2511,357.0722,0.0000,0.0000,0.0000
65.284,464.1823,2.7807,268.4283,0.2510,3.8000,-0.4500,2.2276,184.2607,357.5113,0.0000,0.0000,0.0000
65.397,463.9343,2.7924,268.5918,0.2510,3.8000,-0.4500,2.0359,184.2682,358.0672,0.0000,0.0000,0.0000
65.519,463.6871,2.8144,268.7495,0.2510,3.8000,-0.4500,1.9001,184.2722,358.5981,0.0000,0.0000,0.0000
65.647,463.4406,2.8461,268.8956,0.2510,3.8000,-0.4500,1.7954,184.2743,359.1104,0.0000,0.0000,0.0000
65.755,463.1950,2.8868,269.0299,0.2510,3.8000,-0.4500,1.7064,184.2753,359.6109,0.0000,0.0000,0.0000
65.880,462.9500,2.9353,269.1546,0.2510,3.8000,-0.4500,1.6357,184.2755,0.0400,0.0000,0.0000,0.0000
65.993,462.7475,2.9833,269.2532,0.2510,3.8000,-0.4500,1.5669,184.2752,0.4657,0.0000,0.0000,0.0000
66.104,462.5057,3.0468,269.3674,0.2510,3.8000,-0.4500,1.4995,184.2744,0.8776,0.0000,0.0000,0.0000
66.213,462.3053,3.1053,269.4566,0.2510,3.8000,-0.4500,1.4437,184.2734,1.2062,0.0000,0.0000,0.0000
66.328,462.0661,3.1824,269.5545,0.2510,3.8000,-0.4500,1.3677,184.2715,1.6240,0.0000,0.0000,0.0000
66.453,461.8274,3.2633,269.6456,0.2510,3.8000,-0.4500,1.3209,184.2701,1.8672,0.0000,0.0000,0.0000
66.562,461.5910,3.3512,269.7332,0.2510,3.8000,-0.4500,1.2494,184.2675,2.1995,0.0000,0.0000,0.0000
66.687,461.3566,3.4441,269.8206,0.2510,3.8000,-0.4500,1.1693,184.2642,2.5299,0.0000,0.0000,0.0000
66.799,461.1228,3.5394,269.8962,0.2510,3.8000,-0.4500,1.1001,184.2610,2.7727,0.0000,0.0000,0.0000
66.910,460.9293,3.6208,269.9068,0.2510,3.8000,-0.4500,1.0244,184.2572,3.0066,0.0000,0.0000,0.0000
67.018,460.6977,3.7165,269.8632,0.2510,3.8000,-0.4500,0.9954,184.2556,3.0831,0.0000,0.0000,0.0000
67.130,460.5070,3.7979,269.7935,0.2510,3.8000,-0.4500,0.9327,184.2522,3.2385,0.0000,0.0000,0.0000
67.255,460.2422,3.9111,269.6614,0.2510,3.8000,-0.4500,0.8577,184.2478,3.3901,0.0000,0.0000,0.0000
67.366,460.0536,3.9900,269.5505,0.2510,3.8000,-0.4500,0.8577,184.2478,3.3901,0.0000,0.0000,0.0000
67.491,459.8288,4.0850,269.4100,0.2510,3.8000,-0.4500,0.7597,184.2419,3.5251,0.0000,0.0000,0.0000
67.616,459.5657,4.1916,269.2419,0.2510,3.8000,-0.4500,0.7597,184.2419,3.5251,0.0000,0.0000,0.0000
67.740,459.3400,4.2797,269.0973,0.2510,3.8000,-0.4500,0.7597,184.2419,3.5251,0.0000,0.0000,0.0000
67.866,459.1143,4.3641,268.9543,0.2510,3.8000,-0.4500,0.6096,184.2326,3.6006,0.0000,0.0000,0.0000
67.992,458.8877,4.4432,268.8126,0.2510,3.8000,-0.4500,0.5296,184.2275,3.6157,0.0000,0.0000,0.0000
68.116,458.6209,4.5281,268.6641,0.2510,3.8000,-0.4500,0.4488,184.2224,3.6279,0.0000,0.0000,0.0000
68.241,458.3890,4.5891,268.5971,0.2510,3.8000,-0.4500,0.0267,184.1959,3.5465,0.0000,0.0000,0.0000
68.352,458.1944,4.6347,268.6026,0.2510,3.8000,-0.4500,359.8777,184.1868,3.4786,0.0000,0.0000,0.0000
68.477,457.9185,4.6816,268.6644,0.2510,3.8000,-0.4500,359.4420,184.1613,3.1891,0.0000,0.0000,0.0000
68.588,457.7205,4.7090,268.7271,0.2510,3.8000,-0.4500,359.3127,184.1542,3.0855,0.0000,0.0000,0.0000
68.714,457.4794,4.7245,268.8172,0.2510,3.8000,-0.4500,358.9329,184.1350,2.7000,0.0000,0.0000,0.0000
68.824,457.2366,4.7273,268.9174,0.2510,3.8000,-0.4500,358.5920,184.1201,2.3054,0.0000,0.0000,0.0000
68.924,457.0334,4.7211,269.0048,0.2510,3.8000,-0.4500,358.3860,184.1123,2.0411,0.0000,0.0000,0.0000
69.046,456.7872,4.6985,269.1129,0.2510,3.8000,-0.4500,358.0793,184.1024,1.6180,0.0000,0.0000,0.0000
69.172,456.5393,4.6617,269.2216,0.2510,3.8000,-0.4500,357.7870,184.0953,1.1891,0.0000,0.0000,0.0000
69.286,456.2896,4.6104,269.3284,0.2510,3.8000,-0.4500,357.5060,184.0905,0.7551,0.0000,0.0000,0.0000
69.408,456.0380,4.5445,269.4311,0.2510,3.8000,-0.4500,357.2317,184.0879,0.3132,0.0000,0.0000,0.0000
69.533,455.7850,4.4639,269.5292,0.2510,3.8000,-0.4500,356.9624,184.0875,359.8635,0.0000,0.0000,0.0000
69.658,455.4879,4.3516,269.6392,0.2510,3.8000,-0.4500,356.6544,184.0897,359.3325,0.0000,0.0000,0.0000
69.769,455.2751,4.2594,269.7162,0.2510,3.8000,-0.4500,356.4392,184.0929,358.9518,0.0000,0.0000,0.0000
69.882,455.0192,4.1357,269.8080,0.2510,3.8000,-0.4500,356.1868,184.0985,358.4969,0.0000,0.0000,0.0000
70.005,454.7636,3.9999,269.9005,0.2510,3.8000,-0.4500,355.9819,184.1046,358.1221,0.0000,0.0000,0.0000
70.129,454.5076,3.8484,269.9953,0.2510,3.8000,-0.4500,355.7313,184.1138,357.6576,0.0000,0.0000,0.0000
70.255,454.2095,3.6554,270.1101,0.2510,3.8000,-0.4500,355.4503,184.1267,357.1323,0.0000,0.0000,0.0000
70.379,453.9555,3.4797,270.2131,0.2510,3.8000,-0.4500,355.2913,184.1351,356.8340,0.0000,0.0000,0.0000
70.504,453.7019,3.2902,270.3202,0.2510,3.8000,-0.4500,355.0888,184.1470,356.4548,0.0000,0.0000,0.0000
70.604,453.4913,3.1263,270.4077,0.2510,3.8000,-0.4500,354.9701,184.1546,356.2333,0.0000,0.0000,0.0000
70.713,453.2800,2.9523,270.4934,0.2510,3.8000,-0.4500,354.7720,184.1683,355.8679,0.0000,0.0000,0.0000
70.824,453.0281,2.7407,270.5855,0.2510,3.8000,-0.4500,354.6541,184.1771,355.6547,0.0000,0.0000,0.0000
70.935,452.7760,2.5263,270.5985,0.2510,3.8000,-0.4500,354.4877,184.1902,355.3638,0.0000,0.0000,0.0000
71.046,452.5672,2.3519,270.5630,0.2510,3.8000,-0.4500,354.4473,184.1936,355.2944,0.0000,0.0000,0.0000
71.171,452.3156,2.1369,270.4893,0.2510,3.8000,-0.4500,354.2669,184.2089,355.0131,0.0000,0.0000,0.0000
71.296,452.0244,1.8917,270.3758,0.2510,3.8000,-0.4500,354.2669,184.2089,355.0131,0.0000,0.0000,0.0000
71.407,451.8159,1.7120,270.2850,0.2510,3.8000,-0.4500,354.1642,184.2181,354.8795,0.0000,0.0000,0.0000
71.532,451.5666,1.4958,270.1924,0.2510,3.8000,-0.4500,354.1068,184.2233,354.8172,0.0000,0.0000,0.0000
71.643,451.3187,1.2674,270.1951,0.2510,3.8000,-0.4500,354.0486,184.2286,354.7557,0.0000,0.0000,0.0000
71.756,451.0719,1.0297,270.2570,0.2510,3.8000,-0.4500,353.9872,184.2343,354.7039,0.0000,0.0000,0.0000
71.867,450.8669,0.8271,270.3344,0.2510,3.8000,-0.4500,353.9197,184.2406,354.6618,0.0000,0.0000,0.0000
71.978,450.6217,0.5827,270.4449,0.2510,3.8000,-0.4500,353.9197,184.2406,354.6618,0.0000,0.0000,0.0000
72.088,450.4178,0.3781,270.5460,0.2510,3.8000,-0.4500,353.9197,184.2406,354.6618,0.0000,0.0000,0.0000
72.212,450.1735,0.1313,270.6749,0.2510,3.8000,-0.4500,353.7614,184.2556,354.6364,0.0000,0.0000,0.0000
72.313,449.9703,-0.0722,270.7854,0.2510,3.8000,-0.4500,353.6831,184.2629,354.6433,0.0000,0.0000,0.0000
72.420,449.7270,-0.3139,270.9206,0.2510,3.8000,-0.4500,353.5255,184.2778,354.6905,0.0000,0.0000,0.0000
72.532,449.5242,-0.5130,271.0334,0.2510,3.8000,-0.4500,353.4485,184.2849,354.7179,0.0000,0.0000,0.0000
72.645,449.2822,-0.7480,271.1703,0.2510,3.8000,-0.4500,353.0809,184.3184,354.9583,0.0000,0.0000,0.0000
72.754,449.0794,-0.9418,271.2808,0.2510,3.8000,-0.4500,352.9502,184.3299,355.0648,0.0000,0.0000,0.0000
72.866,448.8369,-1.1695,271.4116,0.2510,3.8000,-0.4500,352.5781,184.3611,355.4222,0.0000,0.0000,0.0000
72.979,448.5927,-1.3947,271.5357,0.2510,3.8000,-0.4500,352.3531,184.3788,355.6657,0.0000,0.0000,0.0000
73.089,448.3888,-1.5788,271.6246,0.2510,3.8000,-0.4500,352.1317,184.3953,355.9168,0.0000,0.0000,0.0000
73.198,448.1451,-1.7833,271.6241,0.2510,3.8000,-0.4500,351.8541,184.4145,356.2479,0.0000,0.0000,0.0000
73.310,447.9448,-1.9363,271.5234,0.2510,3.8000,-0.4500,351.6951,184.4247,356.4455,0.0000,0.0000,0.0000
73.435,447.6721,-2.1206,271.2544,0.2510,3.8000,-0.4500,351.3460,184.4452,356.9259,0.0000,0.0000,0.0000
73.548,447.4797,-2.2377,270.9942,0.2510,3.8000,-0.4500,351.2524,184.4502,357.0714,0.0000,0.0000,0.0000
73.658,447.2530,-2.3614,270.6344,0.2510,3.8000,-0.4500,351.0267,184.4612,357.4388,0.0000,0.0000,0.0000
73.770,447.0652,-2.4562,270.3075,0.2510,3.8000,-0.4500,350.9063,184.4664,357.6510,0.0000,0.0000,0.0000
73.881,446.8420,-2.5610,269.8945,0.2510,3.8000,-0.4500,350.7489,184.4725,357.9401,0.0000,0.0000,0.0000
74.004,446.6197,-2.6598,269.4667,0.2510,3.8000,-0.4500,350.6305,184.4766,358.1619,0.0000,0.0000,0.0000
74.104,446.4348,-2.7390,269.1033,0.2510,3.8000,-0.4500,350.5543,184.4790,358.3041,0.0000,0.0000,0.0000
74.212,446.2503,-2.8169,268.7359,0.2510,3.8000,-0.4500,350.5139,184.4802,358.3752,0.0000,0.0000,0.0000
74.312,446.0666,-2.8925,268.3664,0.2510,3.8000,-0.4500,350.4318,184.4824,358.5172,0.0000,0.0000,0.0000
74.421,445.8446,-2.9859,267.9348,0.2510,3.8000,-0.4500,350.4318,184.4824,358.5172,0.0000,0.0000,0.0000
74.546,445.6203,-3.0854,267.5535,0.2510,3.8000,-0.4500,350.3280,184.4850,358.6482,0.0000,0.0000,0.0000
74.657,445.3914,-3.1957,267.2270,0.2510,3.8000,-0.4500,350.2767,184.4862,358.7106,0.0000,0.0000,0.0000
74.768,445.1978,-3.2953,266.9896,0.2510,3.8000,-0.4500,350.2767,184.4862,358.7106,0.0000,0.0000,0.0000
74.893,444.9633,-3.4212,266.7357,0.2510,3.8000,-0.4500,350.2767,184.4862,358.7106,0.0000,0.0000,0.0000
75.007,444.7279,-3.5506,266.5100,0.2510,3.8000,-0.4500,350.0898,184.4902,358.8796,0.0000,0.0000,0.0000
75.115,444.4876,-3.6880,266.3278,0.2510,3.8000,-0.4500,350.0898,184.4902,358.8796,0.0000,0.0000,0.0000
75.226,444.2851,-3.8074,266.2144,0.2510,3.8000,-0.4500,349.9717,184.4924,358.9949,0.0000,0.0000,0.0000
75.351,444.0387,-3.9559,266.1157,0.2510,3.8000,-0.4500,349.8616,184.4943,359.1186,0.0000,0.0000,0.0000
75.477,443.7473,-4.1343,266.0377,0.2510,3.8000,-0.4500,349.8089,184.4951,359.1800,0.0000,0.0000,0.0000
75.587,443.5386,-4.2612,265.9993,0.2510,3.8000,-0.4500,349.7219,184.4962,359.3188,0.0000,0.0000,0.0000
75.698,443.2867,-4.4126,265.9689,0.2510,3.8000,-0.4500,349.6516,184.4970,359.4711,0.0000,0.0000,0.0000
75.823,443.0330,-4.5632,265.9538,0.2510,3.8000,-0.4500,349.6190,184.4973,359.5472,0.0000,0.0000,0.0000
75.935,442.7800,-4.7090,265.9568,0.2510,3.8000,-0.4500,349.5562,184.4977,359.7858,0.0000,0.0000,0.0000
76.048,442.5692,-4.8280,265.9693,0.2510,3.8000,-0.4500,349.5406,184.4977,359.9545,0.0000,0.0000,0.0000
76.157,442.3170,-4.9659,265.9948,0.2510,3.8000,-0.4500,349.5313,184.4977,0.2076,0.0000,0.0000,0.0000
76.282,442.0662,-5.0965,266.0293,0.2510,3.8000,-0.4500,349.5737,184.4980,0.5442,0.0000,0.0000,0.0000
76.395,441.8148,-5.2243,266.0719,0.2510,3.8000,-0.4500,349.6076,184.4984,0.7043,0.0000,0.0000,0.0000
76.504,441.6069,-5.3237,266.1134,0.2510,3.8000,-0.4500,349.6763,184.4994,0.9449,0.0000,0.0000,0.0000
76.629,441.3589,-5.4358,266.1700,0.2510,3.8000,-0.4500,349.8029,184.5019,1.2680,0.0000,0.0000,0.0000
76.754,441.1112,-5.5429,266.2345,0.2510,3.8000,-0.4500,349.9052,184.5044,1.4928,0.0000,0.0000,0.0000
76.865,440.8654,-5.6415,266.3069,0.2510,3.8000,-0.4500,350.0591,184.5089,1.7807,0.0000,0.0000,0.0000
76.965,440.6608,-5.7203,266.3732,0.2510,3.8000,-0.4500,350.1416,184.5116,1.9212,0.0000,0.0000,0.0000
77.075,440.4175,-5.8057,266.4593,0.2510,3.8000,-0.4500,350.3230,184.5182,2.2004,0.0000,0.0000,0.0000
77.184,440.2157,-5.8717,266.5363,0.2510,3.8000,-0.4500,350.4775,184.5245,2.4118,0.0000,0.0000,0.0000
77.310,439.9749,-5.9442,266.6351,0.2510,3.8000,-0.4500,350.6799,184.5336,2.6757,0.0000,0.0000,0.0000
77.434,439.6949,-6.0227,266.7590,0.2510,3.8000,-0.4500,350.8458,184.5417,2.8664,0.0000,0.0000,0.0000
77.559,439.4564,-6.0823,266.8715,0.2510,3.8000,-0.4500,351.0154,184.5506,3.0493,0.0000,0.0000,0.0000
77.685,439.2192,-6.1356,266.9895,0.2510,3.8000,-0.4500,351.1919,184.5604,3.2275,0.0000,0.0000,0.0000
77.809,438.9834,-6.1832,267.1125,0.2510,3.8000,-0.4500,351.3713,184.5709,3.3926,0.0000,0.0000,0.0000
77.934,438.7094,-6.2326,267.2620,0.2510,3.8000,-0.4500,351.5558,184.5823,3.5485,0.0000,0.0000,0.0000
78.048,438.5149,-6.2625,267.3716,0.2510,3.8000,-0.4500,351.7513,184.5948,3.6961,0.0000,0.0000,0.0000
78.157,438.2820,-6.2937,267.4699,0.2510,3.8000,-0.4500,351.8888,184.6039,3.7897,0.0000,0.0000,0.0000
78.282,438.0526,-6.3089,267.4595,0.2510,3.8000,-0.4500,352.0229,184.6129,3.8774,0.0000,0.0000,0.0000
78.396,437.8274,-6.3115,267.3639,0.2510,3.8000,-0.4500,352.0927,184.6177,3.9222,0.0000,0.0000,0.0000
78.506,437.6429,-6.3052,267.2366,0.2510,3.8000,-0.4500,352.1624,184.6226,3.9674,0.0000,0.0000,0.0000
78.615,437.4245,-6.2908,267.0441,0.2510,3.8000,-0.4500,352.2270,184.6272,4.0114,0.0000,0.0000,0.0000
78.726,437.2444,-6.2742,266.8613,0.2510,3.8000,-0.4500,352.2888,184.6316,4.0580,0.0000,0.0000,0.0000
78.839,437.0291,-6.2525,266.6283,0.2510,3.8000,-0.4500,352.2889,184.6316,4.0580,0.0000,0.0000,0.0000
78.948,436.8506,-6.2316,266.4309,0.2510,3.8000,-0.4500,352.3471,184.6358,4.1114,0.0000,0.0000,0.0000
79.073,436.6358,-6.2074,266.1949,0.2510,3.8000,-0.4500,352.3471,184.6358,4.1114,0.0000,0.0000,0.0000
79.198,436.3855,-6.1787,265.9220,0.2510,3.8000,-0.4500,352.3471,184.6358,4.1114,0.0000,0.0000,0.0000
79.323,436.1710,-6.1539,265.6902,0.2510,3.8000,-0.4500,352.3471,184.6358,4.1113,0.0000,0.0000,0.0000
79.448,435.9572,-6.1260,265.4620,0.2510,3.8000,-0.4500,352.4451,184.6430,4.2364,0.0000,0.0000,0.0000
79.573,435.7417,-6.1018,265.2455,0.2510,3.8000,-0.4500,352.4451,184.6430,4.2364,0.0000,0.0000,0.0000
79.698,435.4891,-6.0748,265.0080,0.2510,3.8000,-0.4500,352.4451,184.6430,4.2364,0.0000,0.0000,0.0000
79.809,435.3080,-6.0560,264.8461,0.2510,3.8000,-0.4500,352.4451,184.6430,4.2364,0.0000,0.0000,0.0000
79.934,435.0903,-6.0339,264.6577,0.2510,3.8000,-0.4500,352.4451,184.6430,4.2364,0.0000,0.0000,0.0000
80.047,434.8723,-6.0119,264.4740,0.2510,3.8000,-0.4500,352.4451,184.6430,4.2364,0.0000,0.0000,0.0000
80.158,434.6540,-5.9897,264.2941,0.2510,3.8000,-0.4500,352.4451,184.6430,4.2364,0.0000,0.0000,0.0000
80.267,434.4725,-5.9695,264.1463,0.2510,3.8000,-0.4500,352.4862,184.6461,4.3021,0.0000,0.0000,0.0000
80.392,434.2542,-5.9465,263.9707,0.2510,3.8000,-0.4500,352.4862,184.6461,4.3021,0.0000,0.0000,0.0000
80.517,434.0001,-5.9169,263.7672,0.2510,3.8000,-0.4500,352.5311,184.6495,4.3663,0.0000,0.0000,0.0000
80.642,433.7820,-5.8914,263.5933,0.2510,3.8000,-0.4500,352.5311,184.6495,4.3663,0.0000,0.0000,0.0000
80.767,433.5647,-5.8628,263.4192,0.2510,3.8000,-0.4500,352.5810,184.6534,4.4292,0.0000,0.0000,0.0000
80.892,433.3482,-5.8307,263.2442,0.2510,3.8000,-0.4500,352.6918,184.6621,4.5523,0.0000,0.0000,0.0000
81.018,433.0960,-5.7908,263.0387,0.2510,3.8000,-0.4500,352.8107,184.6718,4.6660,0.0000,0.0000,0.0000
81.131,432.9161,-5.7606,262.8909,0.2510,3.8000,-0.4500,352.8696,184.6767,4.7209,0.0000,0.0000,0.0000
81.241,432.7010,-5.7206,262.7121,0.2510,3.8000,-0.4500,352.9930,184.6871,4.8193,0.0000,0.0000,0.0000
81.353,432.5223,-5.6842,262.5623,0.2510,3.8000,-0.4500,353.1227,184.6982,4.9144,0.0000,0.0000,0.0000
81.461,432.3084,-5.6377,262.3824,0.2510,3.8000,-0.4500,353.2626,184.7104,5.0060,0.0000,0.0000,0.0000
81.586,432.0951,-5.5871,262.2019,0.2510,3.8000,-0.4500,353.4013,184.7227,5.0941,0.0000,0.0000,0.0000
81.711,431.8833,-5.5295,262.0198,0.2510,3.8000,-0.4500,353.6929,184.7493,5.2570,0.0000,0.0000,0.0000
81.812,431.7070,-5.4797,261.8674,0.2510,3.8000,-0.4500,353.8342,184.7625,5.3327,0.0000,0.0000,0.0000
81.935,431.4619,-5.4012,261.6519,0.2510,3.8000,-0.4500,354.2052,184.7979,5.5123,0.0000,0.0000,0.0000
82.046,431.2870,-5.3427,261.4999,0.2510,3.8000,-0.4500,354.3529,184.8123,5.5794,0.0000,0.0000,0.0000
82.156,431.0779,-5.2666,261.3192,0.2510,3.8000,-0.4500,354.5748,184.8343,5.6780,0.0000,0.0000,0.0000
82.267,430.9048,-5.1967,261.1690,0.2510,3.8000,-0.4500,354.8939,184.8666,5.8116,0.0000,0.0000,0.0000
82.392,430.6979,-5.1083,260.9889,0.2510,3.8000,-0.4500,355.2007,184.8983,5.9367,0.0000,0.0000,0.0000
82.517,430.4581,-4.9961,260.7774,0.2510,3.8000,-0.4500,355.6122,184.9418,6.0952,0.0000,0.0000,0.0000
82.628,430.2881,-4.9089,260.6254,0.2510,3.8000,-0.4500,356.0022,184.9840,6.2413,0.0000,0.0000,0.0000
82.754,430.0844,-4.8013,260.4447,0.2510,3.8000,-0.4500,356.2438,185.0107,6.3279,0.0000,0.0000,0.0000
82.866,429.8828,-4.6831,260.2621,0.2510,3.8000,-0.4500,356.7271,185.0651,6.4970,0.0000,0.0000,0.0000
82.975,429.6816,-4.5612,260.0793,0.2510,3.8000,-0.4500,356.9630,185.0922,6.5764,0.0000,0.0000,0.0000
83.101,429.4828,-4.4283,259.8925,0.2510,3.8000,-0.4500,357.4736,185.1519,6.7427,0.0000,0.0000,0.0000
83.211,429.3179,-4.3133,259.7352,0.2510,3.8000,-0.4500,357.7956,185.1903,6.8445,0.0000,0.0000,0.0000
83.337,429.0886,-4.1435,259.5134,0.2510,3.8000,-0.4500,358.2950,185.2509,6.9948,0.0000,0.0000,0.0000
83.448,428.9262,-4.0155,259.3528,0.2510,3.8000,-0.4500,358.6986,185.3009,7.1119,0.0000,0.0000,0.0000
83.560,428.7319,-3.8576,259.1585,0.2510,3.8000,-0.4500,359.0331,185.3429,7.2042,0.0000,0.0000,0.0000
83.684,428.5395,-3.6907,258.9595,0.2510,3.8000,-0.4500,359.5305,185.4064,7.3366,0.0000,0.0000,0.0000
83.809,428.3481,-3.5192,258.7577,0.2510,3.8000,-0.4500,359.8596,185.4490,7.4197,0.0000,0.0000,0.0000
83.920,428.1586,-3.3382,258.6107,0.2510,3.8000,-0.4500,0.3614,185.5149,7.5409,0.0000,0.0000,0.0000
84.031,428.0023,-3.1781,258.6068,0.2510,3.8000,-0.4500,0.7625,185.5683,7.6331,0.0000,0.0000,0.0000
84.155,427.7862,-2.9381,258.7018,0.2510,3.8000,-0.4500,1.3340,185.6455,7.7568,0.0000,0.0000,0.0000
84.281,427.6034,-2.7176,258.8314,0.2510,3.8000,-0.4500,1.8447,185.7156,7.8618,0.0000,0.0000,0.0000
84.393,427.4529,-2.5241,258.9561,0.2510,3.8000,-0.4500,2.2794,185.7760,7.9481,0.0000,0.0000,0.0000
84.517,427.2445,-2.2393,259.1424,0.2510,3.8000,-0.4500,2.8875,185.8616,8.0653,0.0000,0.0000,0.0000
84.631,427.0974,-2.0264,259.2788,0.2510,3.8000,-0.4500,3.3122,185.9222,8.1473,0.0000,0.0000,0.0000
84.738,426.9228,-1.7611,259.4430,0.2510,3.8000,-0.4500,3.8028,185.9930,8.2513,0.0000,0.0000,0.0000
84.852,426.7789,-1.5326,259.5795,0.2510,3.8000,-0.4500,4.1270,186.0404,8.3362,0.0000,0.0000,0.0000
84.963,426.6085,-1.2484,259.7415,0.2510,3.8000,-0.4500,4.5229,186.0990,8.4645,0.0000,0.0000,0.0000
85.072,426.4686,-1.0033,259.8751,0.2510,3.8000,-0.4500,4.8401,186.1467,8.5966,0.0000,0.0000,0.0000
85.183,426.3038,-0.6999,260.0337,0.2510,3.8000,-0.4500,5.2116,186.2037,8.7833,0.0000,0.0000,0.0000
85.283,426.1685,-0.4407,260.1656,0.2510,3.8000,-0.4500,5.4215,186.2365,8.9103,0.0000,0.0000,0.0000
85.391,426.0355,-0.1751,260.2973,0.2510,3.8000,-0.4500,5.6217,186.2683,9.0475,0.0000,0.0000,0.0000
85.516,425.8542,0.2099,260.4803,0.2510,3.8000,-0.4500,6.0076,186.3312,9.3728,0.0000,0.0000,0.0000
85.641,425.7005,0.5430,260.6327,0.2510,3.8000,-0.4500,6.0657,186.3408,9.4348,0.0000,0.0000,0.0000
85.741,425.5754,0.8174,260.6262,0.2510,3.8000,-0.4500,6.2905,186.3789,9.6912,0.0000,0.0000,0.0000
85.852,425.4494,1.0708,260.4822,0.2510,3.8000,-0.4500,6.2905,186.3789,9.6912,0.0000,0.0000,0.0000
85.960,425.3034,1.3626,260.1689,0.2510,3.8000,-0.4500,6.4243,186.4022,9.9050,0.0000,0.0000,0.0000
86.072,425.1834,1.5931,259.8268,0.2510,3.8000,-0.4500,6.4603,186.4085,9.9781,0.0000,0.0000,0.0000
86.182,425.0437,1.8639,259.3491,0.2510,3.8000,-0.4500,6.5524,186.4250,10.2120,0.0000,0.0000,0.0000
86.308,424.9062,2.1271,258.8178,0.2510,3.8000,-0.4500,6.5954,186.4329,10.3711,0.0000,0.0000,0.0000
86.434,424.7510,2.4194,258.0831,0.2510,3.8000,-0.4500,6.6153,186.4365,10.4494,0.0000,0.0000,0.0000
86.545,424.6425,2.6183,257.4882,0.2510,3.8000,-0.4500,6.6153,186.4365,10.4494,0.0000,0.0000,0.0000
86.670,424.5154,2.8514,256.7227,0.2510,3.8000,-0.4500,6.6270,186.4387,10.5300,0.0000,0.0000,0.0000
86.781,424.3899,3.0799,255.9238,0.2510,3.8000,-0.4500,6.6357,186.4403,10.6110,0.0000,0.0000,0.0000
86.892,424.2854,3.2669,255.2439,0.2510,3.8000,-0.4500,6.6356,186.4403,10.6110,0.0000,0.0000,0.0000
87.017,424.1385,3.5287,254.3047,0.2510,3.8000,-0.4500,6.6356,186.4404,10.6111,0.0000,0.0000,0.0000
87.129,424.0314,3.7221,253.6938,0.2510,3.8000,-0.4500,6.6357,186.4404,10.6110,0.0000,0.0000,0.0000
87.254,423.8766,4.0077,252.9577,0.2510,3.8000,-0.4500,6.6356,186.4404,10.6110,0.0000,0.0000,0.0000
87.378,423.7397,4.2646,252.4204,0.2510,3.8000,-0.4500,6.6356,186.4404,10.6110,0.0000,0.0000,0.0000
87.489,423.6230,4.4843,252.0209,0.2510,3.8000,-0.4500,6.6356,186.4404,10.6110,0.0000,0.0000,0.0000
87.601,423.4798,4.7518,251.5887,0.2510,3.8000,-0.4500,6.6356,186.4404,10.6110,0.0000,0.0000,0.0000
87.712,423.3581,4.9800,251.3148,0.2510,3.8000,-0.4500,6.6356,186.4404,10.6110,0.0000,0.0000,0.0000
87.822,423.2140,5.2760,251.2141,0.2510,3.8000,-0.4500,6.6356,186.4404,10.6110,0.0000,0.0000,0.0000
87.933,423.0949,5.5332,251.2522,0.2510,3.8000,-0.4500,6.6356,186.4404,10.6110,0.0000,0.0000,0.0000
88.045,422.9489,5.8389,251.3895,0.2510,3.8000,-0.4500,6.4210,186.4005,10.3316,0.0000,0.0000,0.0000
88.155,422.7979,6.1368,251.5873,0.2510,3.8000,-0.4500,6.0733,186.3381,9.8838,0.0000,0.0000,0.0000
88.267,422.6684,6.3769,251.7795,0.2510,3.8000,-0.4500,5.7711,186.2862,9.5125,0.0000,0.0000,0.0000
88.378,422.5077,6.6502,252.0314,0.2510,3.8000,-0.4500,5.3751,186.2212,9.0534,0.0000,0.0000,0.0000
88.489,422.3686,6.8626,252.2526,0.2510,3.8000,-0.4500,5.0063,186.1635,8.6469,0.0000,0.0000,0.0000
88.599,422.1949,7.0957,252.5264,0.2510,3.8000,-0.4500,4.5118,186.0904,8.1222,0.0000,0.0000,0.0000
88.713,422.0441,7.2699,252.7587,0.2510,3.8000,-0.4500,4.0563,186.0271,7.6515,0.0000,0.0000,0.0000
88.822,421.8558,7.4528,253.0393,0.2510,3.8000,-0.4500,3.4600,185.9501,7.0461,0.0000,0.0000,0.0000
88.933,421.6923,7.5822,253.2719,0.2510,3.8000,-0.4500,2.9246,185.8863,6.5088,0.0000,0.0000,0.0000
89.045,421.4887,7.7085,253.5468,0.2510,3.8000,-0.4500,2.2407,185.8124,5.8268,0.0000,0.0000,0.0000
89.156,421.2773,7.8020,253.8161,0.2510,3.8000,-0.4500,1.5178,185.7431,5.1077,0.0000,0.0000,0.0000
89.266,421.0953,7.8541,254.0357,0.2510,3.8000,-0.4500,0.8899,185.6904,4.4831,0.0000,0.0000,0.0000
89.377,420.8708,7.8851,254.2934,0.2510,3.8000,-0.4500,0.1117,185.6347,3.7074,0.0000,0.0000,0.0000
89.489,420.6788,7.8845,254.4988,0.2510,3.8000,-0.4500,359.4468,185.5955,3.0431,0.0000,0.0000,0.0000
89.599,420.4418,7.8527,254.7179,0.2510,3.8000,-0.4500,358.6371,185.5582,2.2299,0.0000,0.0000,0.0000
89.710,420.2393,7.8012,254.8750,0.2510,3.8000,-0.4500,357.9612,185.5359,1.5440,0.0000,0.0000,0.0000
89.821,419.9915,7.7108,255.0358,0.2510,3.8000,-0.4500,357.1588,185.5201,0.7176,0.0000,0.0000,0.0000
89.931,419.7818,7.6124,255.1507,0.2510,3.8000,-0.4500,356.5024,185.5157,0.0311,0.0000,0.0000,0.0000
90.042,419.5274,7.4677,255.2693,0.2510,3.8000,-0.4500,355.7336,185.5208,359.2158,0.0000,0.0000,0.0000
90.153,419.3131,7.3279,255.3264,0.2510,3.8000,-0.4500,355.1115,185.5330,358.5481,0.0000,0.0000,0.0000
90.264,419.0573,7.1438,255.3167,0.2510,3.8000,-0.4500,354.4001,185.5559,357.7684,0.0000,0.0000,0.0000
90.375,418.8052,6.9458,255.2296,0.2510,3.8000,-0.4500,353.7428,185.5860,357.0209,0.0000,0.0000,0.0000
90.487,418.5981,6.7717,255.1111,0.2510,3.8000,-0.4500,353.2423,185.6148,356.4274,0.0000,0.0000,0.0000
90.598,418.3528,6.5521,254.9282,0.2510,3.8000,-0.4500,352.6965,185.6523,355.7535,0.0000,0.0000,0.0000
90.709,418.1507,6.3606,254.7507,0.2510,3.8000,-0.4500,352.2829,185.6852,355.2253,0.0000,0.0000,0.0000
90.820,417.9110,6.1212,254.5121,0.2510,3.8000,-0.4500,351.8298,185.7258,354.6324,0.0000,0.0000,0.0000
90.931,417.7135,5.9144,254.2954,0.2510,3.8000,-0.4500,351.4844,185.7600,354.1732,0.0000,0.0000,0.0000
91.042,417.4789,5.6579,254.0185,0.2510,3.8000,-0.4500,351.1050,185.8009,353.6654,0.0000,0.0000,0.0000
91.153,417.2851,5.4380,253.7764,0.2510,3.8000,-0.4500,350.8159,185.8344,353.2788,0.0000,0.0000,0.0000
91.278,417.0169,5.1246,253.4245,0.2510,3.8000,-0.4500,350.5495,185.8671,352.9262,0.0000,0.0000,0.0000
91.388,416.8251,4.8900,253.1830,0.2510,3.8000,-0.4500,350.2830,185.9014,352.5838,0.0000,0.0000,0.0000
91.513,416.5945,4.6007,252.9374,0.2510,3.8000,-0.4500,350.1788,185.9153,352.4534,0.0000,0.0000,0.0000
91.628,416.3654,4.2736,252.8434,0.2510,3.8000,-0.4500,349.8842,185.9559,352.1260,0.0000,0.0000,0.0000
91.736,416.1415,3.9158,252.8756,0.2510,3.8000,-0.4500,349.6980,185.9823,351.9583,0.0000,0.0000,0.0000
91.847,415.9582,3.5968,252.9611,0.2510,3.8000,-0.4500,349.4196,186.0228,351.7636,0.0000,0.0000,0.0000
91.972,415.7418,3.2023,253.1070,0.2510,3.8000,-0.4500,349.2686,186.0452,351.6958,0.0000,0.0000,0.0000
92.083,415.5287,2.7949,253.2892,0.2510,3.8000,-0.4500,349.0344,186.0801,351.6268,0.0000,0.0000,0.0000
92.194,415.3533,2.4504,253.4614,0.2510,3.8000,-0.4500,348.8752,186.1040,351.6104,0.0000,0.0000,0.0000
92.306,415.1445,2.0347,253.6857,0.2510,3.8000,-0.4500,348.7167,186.1278,351.6277,0.0000,0.0000,0.0000
92.416,414.9368,1.6203,253.9231,0.2510,3.8000,-0.4500,348.4919,186.1614,351.7079,0.0000,0.0000,0.0000
92.527,414.7639,1.2794,254.1274,0.2510,3.8000,-0.4500,348.3630,186.1805,351.8195,0.0000,0.0000,0.0000
92.638,414.5557,0.8788,254.3773,0.2510,3.8000,-0.4500,348.1489,186.2115,352.0801,0.0000,0.0000,0.0000
92.763,414.3459,0.4925,254.6295,0.2510,3.8000,-0.4500,347.9691,186.2364,352.5546,0.0000,0.0000,0.0000
92.888,414.1326,0.1208,254.8808,0.2510,3.8000,-0.4500,347.9203,186.2428,353.0505,0.0000,0.0000,0.0000
93.013,413.9159,-0.2341,255.1305,0.2510,3.8000,-0.4500,347.9724,186.2366,353.5688,0.0000,0.0000,0.0000
93.124,413.6958,-0.5700,255.3787,0.2510,3.8000,-0.4500,348.1003,186.2225,354.1227,0.0000,0.0000,0.0000
93.236,413.4727,-0.8846,255.6251,0.2510,3.8000,-0.4500,348.2905,186.2036,354.7173,0.0000,0.0000,0.0000
93.346,413.2844,-1.1292,255.8288,0.2510,3.8000,-0.4500,348.4916,186.1855,355.2432,0.0000,0.0000,0.0000
93.472,413.0561,-1.4001,256.0710,0.2510,3.8000,-0.4500,348.7807,186.1628,355.9071,0.0000,0.0000,0.0000
93.584,412.8256,-1.6452,256.3112,0.2510,3.8000,-0.4500,349.1191,186.1402,356.6013,0.0000,0.0000,0.0000
93.694,412.6321,-1.8290,256.5104,0.2510,3.8000,-0.4500,349.4365,186.1228,357.1978,0.0000,0.0000,0.0000
93.805,412.3989,-2.0245,256.7487,0.2510,3.8000,-0.4500,349.8575,186.1046,357.9289,0.0000,0.0000,0.0000
93.930,412.1653,-2.1922,256.9869,0.2510,3.8000,-0.4500,350.3192,186.0907,358.6694,0.0000,0.0000,0.0000
94.055,411.8931,-2.3527,257.2656,0.2510,3.8000,-0.4500,350.9056,186.0814,359.5342,0.0000,0.0000,0.0000
94.166,411.6994,-2.4443,257.4659,0.2510,3.8000,-0.4500,351.3531,186.0802,0.1456,0.0000,0.0000,0.0000
94.279,411.4686,-2.5292,257.7084,0.2510,3.8000,-0.4500,351.9186,186.0853,0.8647,0.0000,0.0000,0.0000
94.402,411.2401,-2.5875,257.9543,0.2510,3.8000,-0.4500,352.5121,186.0980,1.5599,0.0000,0.0000,0.0000
94.527,411.0143,-2.6200,258.2037,0.2510,3.8000,-0.4500,353.1304,186.1186,2.2232,0.0000,0.0000,0.0000
94.652,410.7917,-2.6278,258.4570,0.2510,3.8000,-0.4500,353.7703,186.1472,2.8466,0.0000,0.0000,0.0000
94.763,410.5724,-2.6119,258.7141,0.2510,3.8000,-0.4500,354.4287,186.1835,3.4225,0.0000,0.0000,0.0000
94.888,410.3566,-2.5738,258.9751,0.2510,3.8000,-0.4500,355.1024,186.2271,3.9434,0.0000,0.0000,0.0000
95.013,410.1444,-2.5143,259.2405,0.2510,3.8000,-0.4500,355.7875,186.2774,4.4062,0.0000,0.0000,0.0000
95.125,409.9360,-2.4337,259.5103,0.2510,3.8000,-0.4500,356.4790,186.3333,4.8226,0.0000,0.0000,0.0000
95.238,409.7317,-2.3319,259.7841,0.2510,3.8000,-0.4500,357.1725,186.3944,5.2182,0.0000,0.0000,0.0000
95.347,409.5647,-2.2303,260.0146,0.2510,3.8000,-0.4500,357.7481,186.4487,5.5496,0.0000,0.0000,0.0000
95.471,409.3690,-2.0881,260.2943,0.2510,3.8000,-0.4500,358.4319,186.5176,5.9603,0.0000,0.0000,0.0000
95.572,409.2100,-1.9525,260.5298,0.2510,3.8000,-0.4500,358.9932,186.5779,6.3157,0.0000,0.0000,0.0000
95.694,409.0239,-1.7694,260.8151,0.2510,3.8000,-0.4500,359.6537,186.6536,6.7561,0.0000,0.0000,0.0000
95.819,408.8145,-1.5282,261.1510,0.2510,3.8000,-0.4500,0.4020,186.7457,7.2831,0.0000,0.0000,0.0000
95.930,408.6701,-1.3384,261.3926,0.2510,3.8000,-0.4500,0.9192,186.8135,7.6632,0.0000,0.0000,0.0000
96.041,408.5024,-1.0920,261.6840,0.2510,3.8000,-0.4500,1.5180,186.8965,8.1172,0.0000,0.0000,0.0000
96.166,408.3411,-0.8265,261.9770,0.2510,3.8000,-0.4500,2.0899,186.9804,8.5628,0.0000,0.0000,0.0000
96.279,408.1859,-0.5431,262.2712,0.2510,3.8000,-0.4500,2.6324,187.0642,8.9934,0.0000,0.0000,0.0000
96.388,408.0612,-0.2943,262.5174,0.2510,3.8000,-0.4500,3.0602,187.1333,9.3363,0.0000,0.0000,0.0000
96.513,407.9171,0.0182,262.8138,0.2510,3.8000,-0.4500,3.5426,187.2144,9.7238,0.0000,0.0000,0.0000
96.625,407.7784,0.3444,263.1114,0.2510,3.8000,-0.4500,3.9894,187.2926,10.0803,0.0000,0.0000,0.0000
96.735,407.6442,0.6813,263.4102,0.2510,3.8000,-0.4500,4.3337,187.3548,10.3505,0.0000,0.0000,0.0000
96.846,407.5362,0.9716,263.6592,0.2510,3.8000,-0.4500,4.6638,187.4161,10.6018,0.0000,0.0000,0.0000
96.971,407.4086,1.3253,263.9598,0.2510,3.8000,-0.4500,4.8673,187.4546,10.7488,0.0000,0.0000,0.0000
97.082,407.2844,1.6871,264.2599,0.2510,3.8000,-0.4500,5.0730,187.4940,10.8920,0.0000,0.0000,0.0000
97.183,407.1831,1.9942,264.5097,0.2510,3.8000,-0.4500,5.2759,187.5335,11.0228,0.0000,0.0000,0.0000
97.292,407.0822,2.3027,264.7607,0.2510,3.8000,-0.4500,5.3492,187.5478,11.0637,0.0000,0.0000,0.0000
97.403,406.9630,2.6770,265.0609,0.2510,3.8000,-0.4500,5.4970,187.5770,11.1435,0.0000,0.0000,0.0000
97.513,406.8640,2.9900,265.3115,0.2510,3.8000,-0.4500,5.5707,187.5916,11.1745,0.0000,0.0000,0.0000
97.638,406.7257,3.4293,265.6617,0.2510,3.8000,-0.4500,5.7247,187.6222,11.2202,0.0000,0.0000,0.0000
97.749,406.6264,3.7414,265.9125,0.2510,3.8000,-0.4500,5.7247,187.6222,11.2202,0.0000,0.0000,0.0000
97.874,406.5065,4.1141,266.2139,0.2510,3.8000,-0.4500,5.7247,187.6222,11.2202,0.0000,0.0000,0.0000
97.985,406.3853,4.4843,266.5150,0.2510,3.8000,-0.4500,5.8024,187.6377,11.2053,0.0000,0.0000,0.0000
98.110,406.2616,4.8507,266.8147,0.2510,3.8000,-0.4500,6.0253,187.6819,11.1007,0.0000,0.0000,0.0000
98.236,406.1139,5.2720,267.1632,0.2510,3.8000,-0.4500,6.2135,187.7188,10.9448,0.0000,0.0000,0.0000
98.349,406.0050,5.5682,267.4104,0.2510,3.8000,-0.4500,6.3712,187.7492,10.7592,0.0000,0.0000,0.0000
98.472,405.8699,5.9173,267.7046,0.2510,3.8000,-0.4500,6.5470,187.7824,10.4799,0.0000,0.0000,0.0000
98.596,405.7048,6.3133,268.0442,0.2510,3.8000,-0.4500,6.7345,187.8166,10.0266,0.0000,0.0000,0.0000
98.721,405.5579,6.6422,268.3322,0.2510,3.8000,-0.4500,6.8091,187.8297,9.6637,0.0000,0.0000,0.0000
98.847,405.4024,6.9564,268.6176,0.2510,3.8000,-0.4500,6.8717,187.8401,9.0928,0.0000,0.0000,0.0000
98.958,405.2393,7.2560,268.8994,0.2510,3.8000,-0.4500,6.8685,187.8397,8.5182,0.0000,0.0000,0.0000
99.070,405.0973,7.4923,269.1315,0.2510,3.8000,-0.4500,6.8183,187.8324,8.0188,0.0000,0.0000,0.0000
99.181,404.9189,7.7572,269.4073,0.2510,3.8000,-0.4500,6.7019,187.8166,7.3766,0.0000,0.0000,0.0000
99.291,404.7635,7.9602,269.6350,0.2510,3.8000,-0.4500,6.5570,187.7985,6.7980,0.0000,0.0000,0.0000
99.403,404.5688,8.1800,269.9063,0.2510,3.8000,-0.4500,6.3233,187.7720,6.0478,0.0000,0.0000,0.0000
99.527,404.3650,8.3711,270.1757,0.2510,3.8000,-0.4500,6.0222,187.7422,5.2363,0.0000,0.0000,0.0000
99.639,404.1524,8.5308,270.4438,0.2510,3.8000,-0.4500,5.6518,187.7110,4.3655,0.0000,0.0000,0.0000
99.749,403.9689,8.6379,270.6665,0.2510,3.8000,-0.4500,5.2902,187.6857,3.5973,0.0000,0.0000,0.0000
99.861,403.7417,8.7333,270.9337,0.2510,3.8000,-0.4500,4.7931,187.6586,2.6291,0.0000,0.0000,0.0000
99.971,403.5472,8.7837,271.1567,0.2510,3.8000,-0.4500,4.3279,187.6407,1.7881,0.0000,0.0000,0.0000
100.082,403.3087,8.8078,271.4255,0.2510,3.8000,-0.4500,3.7113,187.6270,0.7445,0.0000,0.0000,0.0000
100.194,403.1066,8.7966,271.6514,0.2510,3.8000,-0.4500,3.1518,187.6241,359.8522,0.0000,0.0000,0.0000
100.305,402.8615,8.7447,271.9255,0.2510,3.8000,-0.4500,2.4306,187.6329,358.7626,0.0000,0.0000,0.0000
100.416,402.6152,8.6504,272.2041,0.2510,3.8000,-0.4500,1.6613,187.6570,357.6624,0.0000,0.0000,0.0000
100.527,402.4102,8.5393,272.4405,0.2510,3.8000,-0.4500,0.9891,187.6899,356.7453,0.0000,0.0000,0.0000
100.637,402.1659,8.3673,272.7303,0.2510,3.8000,-0.4500,0.1523,187.7456,355.6544,0.0000,0.0000,0.0000
100.763,401.9251,8.1537,273.0276,0.2510,3.8000,-0.4500,359.2911,187.8192,354.5846,0.0000,0.0000,0.0000
100.873,401.7282,7.9447,273.2814,0.2510,3.8000,-0.4500,358.5616,187.8940,353.7174,0.0000,0.0000,0.0000
100.985,401.4977,7.6583,273.5935,0.2510,3.8000,-0.4500,357.6802,187.9989,352.7154,0.0000,0.0000,0.0000
101.109,401.2743,7.3347,273.9135,0.2510,3.8000,-0.4500,356.8016,188.1189,351.7654,0.0000,0.0000,0.0000
101.210,401.0941,7.0385,274.1859,0.2510,3.8000,-0.4500,356.0785,188.2286,351.0206,0.0000,0.0000,0.0000
101.321,400.8854,6.6532,274.5188,0.2510,3.8000,-0.4500,355.2296,188.3695,350.1907,0.0000,0.0000,0.0000
101.431,400.7179,6.3095,274.8009,0.2510,3.8000,-0.4500,354.5438,188.4925,349.5578,0.0000,0.0000,0.0000
101.541,400.5244,5.8723,275.1443,0.2510,3.8000,-0.4500,353.7538,188.6438,348.8751,0.0000,0.0000,0.0000
101.652,400.3694,5.4899,275.4337,0.2510,3.8000,-0.4500,353.1277,188.7706,348.3742,0.0000,0.0000,0.0000
101.762,400.1901,5.0123,275.7841,0.2510,3.8000,-0.4500,352.4209,188.9206,347.8592,0.0000,0.0000,0.0000
101.862,400.0457,4.6010,276.0780,0.2510,3.8000,-0.4500,351.8728,189.0415,347.5047,0.0000,0.0000,0.0000
101.972,399.9051,4.1800,276.3731,0.2510,3.8000,-0.4500,351.3650,189.1566,347.2199,0.0000,0.0000,0.0000
102.083,399.7404,3.6652,276.7282,0.2510,3.8000,-0.4500,350.8119,189.2849,346.9724,0.0000,0.0000,0.0000
102.193,399.6056,3.2305,277.0246,0.2510,3.8000,-0.4500,350.4001,189.3820,346.8458,0.0000,0.0000,0.0000
102.307,399.4452,2.7083,277.3802,0.2510,3.8000,-0.4500,350.2351,189.4212,346.8315,0.0000,0.0000,0.0000
102.420,399.2857,2.1824,277.7366,0.2510,3.8000,-0.4500,349.8996,189.5009,346.8397,0.0000,0.0000,0.0000
102.523,399.1526,1.7468,278.0338,0.2510,3.8000,-0.4500,349.6033,189.5710,346.9353,0.0000,0.0000,0.0000
102.636,398.9913,1.2308,278.3894,0.2510,3.8000,-0.4500,349.3490,189.6307,347.1217,0.0000,0.0000,0.0000
102.736,398.8547,0.8091,278.6852,0.2510,3.8000,-0.4500,349.1489,189.6768,347.3779,0.0000,0.0000,0.0000
102.845,398.7152,0.3986,278.9803,0.2510,3.8000,-0.4500,348.9799,189.7148,347.7738,0.0000,0.0000,0.0000
102.959,398.5422,-0.0780,279.3322,0.2510,3.8000,-0.4500,348.8881,189.7347,348.3190,0.0000,0.0000,0.0000
103.068,398.3932,-0.4593,279.6237,0.2510,3.8000,-0.4500,348.8908,189.7342,348.8311,0.0000,0.0000,0.0000
103.193,398.2083,-0.8949,279.9715,0.2510,3.8000,-0.4500,348.9741,189.7180,349.5193,0.0000,0.0000,0.0000
103.319,397.9836,-1.3681,280.3747,0.2510,3.8000,-0.4500,349.1687,189.6831,350.4237,0.0000,0.0000,0.0000
103.443,397.7836,-1.7403,280.7178,0.2510,3.8000,-0.4500,349.4130,189.6431,351.2813,0.0000,0.0000,0.0000
103.555,397.5768,-2.0787,281.0586,0.2510,3.8000,-0.4500,349.7249,189.5972,352.2073,0.0000,0.0000,0.0000
103.679,397.3642,-2.3807,281.3966,0.2510,3.8000,-0.4500,350.1009,189.5483,353.1928,0.0000,0.0000,0.0000
103.791,397.1830,-2.6034,281.6762,0.2510,3.8000,-0.4500,350.4602,189.5076,354.0516,0.0000,0.0000,0.0000
103.902,396.9617,-2.8345,282.0092,0.2510,3.8000,-0.4500,350.9427,189.4613,355.1173,0.0000,0.0000,0.0000
104.026,396.7375,-3.0254,282.3394,0.2510,3.8000,-0.4500,351.4763,189.4204,356.2094,0.0000,0.0000,0.0000
104.151,396.5117,-3.1759,282.6675,0.2510,3.8000,-0.4500,352.0556,189.3873,357.3143,0.0000,0.0000,0.0000
104.277,396.2483,-3.3007,283.0480,0.2510,3.8000,-0.4500,352.7812,189.3613,358.6015,0.0000,0.0000,0.0000
104.387,396.0612,-3.3572,283.3188,0.2510,3.8000,-0.4500,353.3272,189.3523,359.5082,0.0000,0.0000,0.0000
104.512,395.8392,-3.3901,283.6434,0.2510,3.8000,-0.4500,354.0073,189.3528,0.5699,0.0000,0.0000,0.0000
104.637,395.5850,-3.3828,284.0229,0.2510,3.8000,-0.4500,354.8273,189.3697,1.7561,0.0000,0.0000,0.0000
104.762,395.3723,-3.3394,284.3498,0.2510,3.8000,-0.4500,355.5465,189.3979,2.7147,0.0000,0.0000,0.0000
104.887,395.1650,-3.2642,284.6790,0.2510,3.8000,-0.4500,356.2752,189.4384,3.6085,0.0000,0.0000,0.0000
105.012,394.9635,-3.1594,285.0108,0.2510,3.8000,-0.4500,357.0086,189.4901,4.4282,0.0000,0.0000,0.0000
105.137,394.7358,-3.0029,285.4013,0.2510,3.8000,-0.4500,357.8647,189.5630,5.2808,0.0000,0.0000,0.0000
105.250,394.5780,-2.8708,285.6822,0.2510,3.8000,-0.4500,358.4731,189.6222,5.8160,0.0000,0.0000,0.0000
105.360,394.3935,-2.6922,286.0211,0.2510,3.8000,-0.4500,359.1967,189.6995,6.3726,0.0000,0.0000,0.0000
105.470,394.2432,-2.5284,286.3046,0.2510,3.8000,-0.4500,359.7919,189.7681,6.7626,0.0000,0.0000,0.0000
105.595,394.0375,-2.2788,286.7018,0.2510,3.8000,-0.4500,0.6082,189.8682,7.1976,0.0000,0.0000,0.0000
105.706,393.8933,-2.0878,286.9853,0.2510,3.8000,-0.4500,1.1761,189.9412,7.4340,0.0000,0.0000,0.0000
105.831,393.7223,-1.8467,287.3244,0.2510,3.8000,-0.4500,1.8371,190.0287,7.6427,0.0000,0.0000,0.0000
105.956,393.5248,-1.5517,287.7175,0.2510,3.8000,-0.4500,2.5749,190.1289,7.7905,0.0000,0.0000,0.0000
106.081,393.3563,-1.2895,288.0514,0.2510,3.8000,-0.4500,3.1746,190.2114,7.8396,0.0000,0.0000,0.0000
106.194,393.2157,-1.0662,288.3273,0.2510,3.8000,-0.4500,3.6491,190.2768,7.8285,0.0000,0.0000,0.0000
106.319,393.0176,-0.7485,288.7092,0.2510,3.8000,-0.4500,4.2717,190.3622,7.7375,0.0000,0.0000,0.0000
106.429,392.8746,-0.5196,288.9787,0.2510,3.8000,-0.4500,4.6853,190.4182,7.6216,0.0000,0.0000,0.0000
106.558,392.6718,-0.1991,289.3516,0.2510,3.8000,-0.4500,5.1457,190.4793,7.4301,0.0000,0.0000,0.0000
106.678,392.4943,0.0738,289.6667,0.2510,3.8000,-0.4500,5.5831,190.5356,7.1642,0.0000,0.0000,0.0000
106.804,392.3131,0.3432,289.9777,0.2510,3.8000,-0.4500,5.9797,190.5846,6.8496,0.0000,0.0000,0.0000
106.915,392.1287,0.6081,290.2854,0.2510,3.8000,-0.4500,6.2166,190.6127,6.6052,0.0000,0.0000,0.0000
107.026,391.9706,0.8223,290.5389,0.2510,3.8000,-0.4500,6.5010,190.6450,6.2433,0.0000,0.0000,0.0000
107.137,391.7764,1.0718,290.8402,0.2510,3.8000,-0.4500,6.7847,190.6752,5.7910,0.0000,0.0000,0.0000
107.248,391.6108,1.2725,291.0891,0.2510,3.8000,-0.4500,6.9698,190.6935,5.4051,0.0000,0.0000,0.0000
107.360,391.4077,1.5035,291.3856,0.2510,3.8000,-0.4500,7.1417,190.7092,4.9277,0.0000,0.0000,0.0000
107.473,391.2347,1.6882,291.6298,0.2510,3.8000,-0.4500,7.2682,190.7197,4.5200,0.0000,0.0000,0.0000
107.581,391.0226,1.9017,291.9183,0.2510,3.8000,-0.4500,7.4381,190.7325,4.0257,0.0000,0.0000,0.0000
107.707,390.8058,2.1073,292.2016,0.2510,3.8000,-0.4500,7.6499,190.7466,3.5324,0.0000,0.0000,0.0000
107.831,390.5845,2.3063,292.4802,0.2510,3.8000,-0.4500,7.9093,190.7616,3.0446,0.0000,0.0000,0.0000
107.931,390.3970,2.4678,292.7090,0.2510,3.8000,-0.4500,8.1597,190.7741,2.6449,0.0000,0.0000,0.0000
108.041,390.1682,2.6572,292.9785,0.2510,3.8000,-0.4500,8.4961,190.7884,2.1759,0.0000,0.0000,0.0000
108.150,389.9738,2.8105,293.1902,0.2510,3.8000,-0.4500,8.8011,190.7991,1.7956,0.0000,0.0000,0.0000
108.276,389.6957,3.0177,293.4609,0.2510,3.8000,-0.4500,9.2560,190.8114,1.2817,0.0000,0.0000,0.0000
108.388,389.4933,3.1606,293.6386,0.2510,3.8000,-0.4500,9.5946,190.8180,0.9292,0.0000,0.0000,0.0000
108.498,389.2467,3.3276,293.8393,0.2510,3.8000,-0.4500,10.0097,190.8233,0.5237,0.0000,0.0000,0.0000
108.624,388.9964,3.4908,294.0289,0.2510,3.8000,-0.4500,10.4299,190.8258,0.1394,0.0000,0.0000,0.0000
108.749,388.7414,3.6483,294.1910,0.2510,3.8000,-0.4500,10.8507,190.8255,359.7779,0.0000,0.0000,0.0000
108.860,388.4810,3.7966,294.3122,0.2510,3.8000,-0.4500,11.2664,190.8226,359.4395,0.0000,0.0000,0.0000
108.969,388.2603,3.9136,294.3871,0.2510,3.8000,-0.4500,11.6051,190.8184,359.1747,0.0000,0.0000,0.0000
109.094,387.9929,4.0488,294.4565,0.2510,3.8000,-0.4500,11.8727,190.8139,358.9726,0.0000,0.0000,0.0000
109.208,387.7217,4.1784,294.5111,0.2510,3.8000,-0.4500,12.3058,190.8048,358.6599,0.0000,0.0000,0.0000
109.317,387.4488,4.3055,294.5521,0.2510,3.8000,-0.4500,12.5829,190.7977,358.4685,0.0000,0.0000,0.0000
109.442,387.1750,4.4165,294.5069,0.2510,3.8000,-0.4500,12.9368,190.7872,358.2367,0.0000,0.0000,0.0000
109.566,386.9032,4.5074,294.3785,0.2510,3.8000,-0.4500,13.2228,190.7777,358.0550,0.0000,0.0000,0.0000
109.692,386.6336,4.5831,294.1941,0.2510,3.8000,-0.4500,13.4326,190.7701,357.9229,0.0000,0.0000,0.0000
109.803,386.3651,4.6472,293.9721,0.2510,3.8000,-0.4500,13.7107,190.7593,357.7505,0.0000,0.0000,0.0000
109.927,386.0972,4.7036,293.7289,0.2510,3.8000,-0.4500,13.9987,190.7472,357.5783,0.0000,0.0000,0.0000
110.052,385.8289,4.7590,293.4887,0.2510,3.8000,-0.4500,14.0681,190.7442,357.5374,0.0000,0.0000,0.0000
110.164,385.5577,4.8152,293.2566,0.2510,3.8000,-0.4500,14.3638,190.7306,357.3770,0.0000,0.0000,0.0000
110.293,385.2859,4.8739,293.0317,0.2510,3.8000,-0.4500,14.4347,190.7272,357.3400,0.0000,0.0000,0.0000
110.401,385.0112,4.9441,292.8713,0.2510,3.8000,-0.4500,14.6635,190.7160,357.2354,0.0000,0.0000,0.0000
110.513,384.7807,5.0245,292.8200,0.2510,3.8000,-0.4500,14.6635,190.7160,357.2353,0.0000,0.0000,0.0000
110.622,384.5017,5.1397,292.8186,0.2510,3.8000,-0.4500,14.8977,190.7042,357.1513,0.0000,0.0000,0.0000
110.724,384.2703,5.2507,292.8685,0.2510,3.8000,-0.4500,14.8977,190.7042,357.1513,0.0000,0.0000,0.0000
110.825,384.0400,5.3747,292.9601,0.2510,3.8000,-0.4500,14.8977,190.7042,357.1513,0.0000,0.0000,0.0000
110.939,383.7650,5.5374,293.1130,0.2510,3.8000,-0.4500,14.8977,190.7042,357.1513,0.0000,0.0000,0.0000
111.039,383.5369,5.6815,293.2667,0.2510,3.8000,-0.4500,14.8977,190.7042,357.1513,0.0000,0.0000,0.0000
111.149,383.3096,5.8303,293.4371,0.2510,3.8000,-0.4500,14.8977,190.7041,357.1513,0.0000,0.0000,0.0000
111.274,382.9924,6.0422,293.6945,0.2510,3.8000,-0.4500,14.8977,190.7041,357.1513,0.0000,0.0000,0.0000
111.386,382.7665,6.1936,293.8873,0.2510,3.8000,-0.4500,14.8977,190.7041,357.1513,0.0000,0.0000,0.0000
111.510,382.4963,6.3728,294.1256,0.2510,3.8000,-0.4500,14.8977,190.7041,357.1513,0.0000,0.0000,0.0000
111.635,382.1823,6.5760,294.4109,0.2510,3.8000,-0.4500,14.8977,190.7041,357.1513,0.0000,0.0000,0.0000
111.747,381.9589,6.7156,294.6189,0.2510,3.8000,-0.4500,14.8977,190.7041,357.1513,0.0000,0.0000,0.0000
111.858,381.6917,6.8714,294.8738,0.2510,3.8000,-0.4500,14.4649,190.7267,357.0734,0.0000,0.0000,0.0000
111.982,381.4257,7.0155,295.1290,0.2510,3.8000,-0.4500,13.9130,190.7563,356.9831,0.0000,0.0000,0.0000
112.108,381.1604,7.1476,295.3842,0.2510,3.8000,-0.4500,13.3581,190.7868,356.8932,0.0000,0.0000,0.0000
112.219,380.8964,7.2658,295.6416,0.2510,3.8000,-0.4500,12.7776,190.8197,356.7934,0.0000,0.0000,0.0000
112.345,380.6337,7.3689,295.9034,0.2510,3.8000,-0.4500,12.1546,190.8560,356.6773,0.0000,0.0000,0.0000
112.457,380.3715,7.4542,296.1590,0.2510,3.8000,-0.4500,11.4816,190.8968,356.5422,0.0000,0.0000,0.0000
112.566,380.1521,7.5073,296.3441,0.2510,3.8000,-0.4500,10.8841,190.9342,356.4159,0.0000,0.0000,0.0000
112.691,379.8876,7.5488,296.5321,0.2510,3.8000,-0.4500,10.1318,190.9833,356.2519,0.0000,0.0000,0.0000
112.791,379.6668,7.5663,296.6693,0.2510,3.8000,-0.4500,9.4815,191.0273,356.1082,0.0000,0.0000,0.0000
112.900,379.4022,7.5684,296.8217,0.2510,3.8000,-0.4500,8.6769,191.0840,355.9297,0.0000,0.0000,0.0000
113.024,379.1384,7.5512,296.9690,0.2510,3.8000,-0.4500,7.8471,191.1451,355.7454,0.0000,0.0000,0.0000
113.150,378.8761,7.5153,297.1105,0.2510,3.8000,-0.4500,6.9924,191.2106,355.5556,0.0000,0.0000,0.0000
113.275,378.5729,7.4433,297.1414,0.2510,3.8000,-0.4500,5.9755,191.2922,355.3336,0.0000,0.0000,0.0000
113.386,378.3579,7.3753,297.0910,0.2510,3.8000,-0.4500,5.2591,191.3519,355.1878,0.0000,0.0000,0.0000
113.499,378.1016,7.2807,296.9886,0.2510,3.8000,-0.4500,4.4226,191.4237,355.0350,0.0000,0.0000,0.0000
113.608,377.8890,7.1929,296.8841,0.2510,3.8000,-0.4500,3.7426,191.4836,354.9252,0.0000,0.0000,0.0000
113.733,377.6348,7.0783,296.7471,0.2510,3.8000,-0.4500,2.9404,191.5558,354.8104,0.0000,0.0000,0.0000
113.844,377.3817,6.9542,296.6718,0.2510,3.8000,-0.4500,2.1452,191.6288,354.7083,0.0000,0.0000,0.0000
113.970,377.1298,6.8172,296.7061,0.2510,3.8000,-0.4500,1.3346,191.7046,354.6021,0.0000,0.0000,0.0000
114.080,376.8793,6.6639,296.7985,0.2510,3.8000,-0.4500,0.4925,191.7851,354.4769,0.0000,0.0000,0.0000
114.205,376.6303,6.4928,296.9216,0.2510,3.8000,-0.4500,359.6260,191.8700,354.3328,0.0000,0.0000,0.0000
114.305,376.4241,6.3366,297.0365,0.2510,3.8000,-0.4500,358.8968,191.9432,354.2026,0.0000,0.0000,0.0000
114.417,376.1780,6.1332,297.1815,0.2510,3.8000,-0.4500,358.0267,192.0328,354.0396,0.0000,0.0000,0.0000
114.525,375.9737,5.9547,297.2407,0.2510,3.8000,-0.4500,357.3162,192.1079,353.9020,0.0000,0.0000,0.0000
114.650,375.7287,5.7378,297.2193,0.2510,3.8000,-0.4500,356.5031,192.1960,353.7483,0.0000,0.0000,0.0000
114.775,375.4434,5.4805,297.1255,0.2510,3.8000,-0.4500,355.6285,192.2933,353.5952,0.0000,0.0000,0.0000
114.886,375.2398,5.2932,297.0392,0.2510,3.8000,-0.4500,355.0518,192.3587,353.4990,0.0000,0.0000,0.0000
114.986,375.0373,5.0941,297.0179,0.2510,3.8000,-0.4500,354.5092,192.4212,353.4051,0.0000,0.0000,0.0000
115.094,374.7965,4.8344,297.0707,0.2510,3.8000,-0.4500,353.8889,192.4940,353.2760,0.0000,0.0000,0.0000
115.208,374.5977,4.6020,297.1545,0.2510,3.8000,-0.4500,353.3933,192.5534,353.1439,0.0000,0.0000,0.0000
115.319,374.3611,4.3055,297.2833,0.2510,3.8000,-0.4500,352.8299,192.6225,352.9513,0.0000,0.0000,0.0000
115.442,374.1266,3.9914,297.4304,0.2510,3.8000,-0.4500,352.3103,192.6884,352.7215,0.0000,0.0000,0.0000
115.566,373.8938,3.6631,297.5697,0.2510,3.8000,-0.4500,351.8417,192.7498,352.4613,0.0000,0.0000,0.0000
115.692,373.6605,3.3466,297.5707,0.2510,3.8000,-0.4500,351.5606,192.7879,352.2798,0.0000,0.0000,0.0000
115.817,373.3911,3.0005,297.4013,0.2510,3.8000,-0.4500,351.2845,192.8262,352.0907,0.0000,0.0000,0.0000
115.941,373.1631,2.7217,297.1497,0.2510,3.8000,-0.4500,351.0761,192.8558,351.9517,0.0000,0.0000,0.0000
116.052,372.9746,2.4984,296.8888,0.2510,3.8000,-0.4500,350.8610,192.8868,351.8242,0.0000,0.0000,0.0000
116.165,372.7502,2.2445,296.5302,0.2510,3.8000,-0.4500,350.8610,192.8868,351.8242,0.0000,0.0000,0.0000
116.275,372.5301,2.0049,296.0763,0.2510,3.8000,-0.4500,350.7120,192.9086,351.7578,0.0000,0.0000,0.0000
116.387,372.3504,1.8261,295.6063,0.2510,3.8000,-0.4500,350.6333,192.9202,351.7348,0.0000,0.0000,0.0000
116.513,372.1379,1.6309,294.9613,0.2510,3.8000,-0.4500,350.4779,192.9431,351.6943,0.0000,0.0000,0.0000
116.625,371.9271,1.4537,294.2614,0.2510,3.8000,-0.4500,350.4779,192.9431,351.6943,0.0000,0.0000,0.0000
116.749,371.7175,1.2871,293.5321,0.2510,3.8000,-0.4500,350.3988,192.9548,351.7106,0.0000,0.0000,0.0000
116.875,371.4734,1.1024,292.6622,0.2510,3.8000,-0.4500,350.3202,192.9664,351.7291,0.0000,0.0000,0.0000
116.977,371.2999,0.9756,292.0361,0.2510,3.8000,-0.4500,350.1837,192.9865,351.8071,0.0000,0.0000,0.0000
117.091,371.1264,0.8525,291.4093,0.2510,3.8000,-0.4500,350.0629,193.0040,351.9084,0.0000,0.0000,0.0000
117.205,370.9182,0.7092,290.6579,0.2510,3.8000,-0.4500,349.9694,193.0174,352.0366,0.0000,0.0000,0.0000
117.316,370.7094,0.5694,289.9080,0.2510,3.8000,-0.4500,349.9261,193.0235,352.1024,0.0000,0.0000,0.0000
117.430,370.5365,0.4603,289.2896,0.2510,3.8000,-0.4500,349.8236,193.0377,352.4223,0.0000,0.0000,0.0000
117.538,370.3226,0.3164,288.6509,0.2510,3.8000,-0.4500,349.8060,193.0401,352.5909,0.0000,0.0000,0.0000
117.663,370.0985,0.1452,288.2133,0.2510,3.8000,-0.4500,349.7992,193.0410,352.9259,0.0000,0.0000,0.0000
117.788,369.8685,-0.0611,288.0235,0.2510,3.8000,-0.4500,349.8893,193.0300,353.3584,0.0000,0.0000,0.0000
117.913,369.6385,-0.2940,288.0306,0.2510,3.8000,-0.4500,350.0702,193.0095,353.8729,0.0000,0.0000,0.0000
118.038,369.3715,-0.5784,288.1998,0.2510,3.8000,-0.4500,350.3679,192.9788,354.4791,0.0000,0.0000,0.0000
118.163,369.1441,-0.8175,288.4365,0.2510,3.8000,-0.4500,350.6896,192.9489,355.0427,0.0000,0.0000,0.0000
118.289,368.9183,-1.0423,288.7340,0.2510,3.8000,-0.4500,351.0648,192.9180,355.6632,0.0000,0.0000,0.0000
118.400,368.6936,-1.2457,289.0740,0.2510,3.8000,-0.4500,351.4846,192.8883,356.3418,0.0000,0.0000,0.0000
118.525,368.4698,-1.4225,289.4417,0.2510,3.8000,-0.4500,351.9385,192.8619,357.0723,0.0000,0.0000,0.0000
118.635,368.2469,-1.5700,289.8277,0.2510,3.8000,-0.4500,352.4148,192.8405,357.8448,0.0000,0.0000,0.0000
118.761,368.0256,-1.6869,290.2253,0.2510,3.8000,-0.4500,352.9012,192.8255,358.6482,0.0000,0.0000,0.0000
118.885,367.8059,-1.7731,290.6302,0.2510,3.8000,-0.4500,353.3854,192.8175,359.4705,0.0000,0.0000,0.0000
119.010,367.5886,-1.8297,291.0395,0.2510,3.8000,-0.4500,353.8554,192.8165,0.3007,0.0000,0.0000,0.0000
119.122,367.3744,-1.8580,291.4522,0.2510,3.8000,-0.4500,354.3004,192.8221,1.1282,0.0000,0.0000,0.0000
119.246,367.1638,-1.8599,291.8681,0.2510,3.8000,-0.4500,354.7104,192.8331,1.9442,0.0000,0.0000,0.0000
119.372,366.9567,-1.8371,292.2779,0.2510,3.8000,-0.4500,355.0778,192.8481,2.7411,0.0000,0.0000,0.0000
119.483,366.7517,-1.7903,292.6552,0.2510,3.8000,-0.4500,355.3965,192.8656,3.5118,0.0000,0.0000,0.0000
119.607,366.5489,-1.7215,292.9986,0.2510,3.8000,-0.4500,355.6643,192.8837,4.2496,0.0000,0.0000,0.0000
119.733,366.3492,-1.6329,293.3166,0.2510,3.8000,-0.4500,355.8880,192.9017,4.9524,0.0000,0.0000,0.0000
119.833,366.1857,-1.5450,293.5697,0.2510,3.8000,-0.4500,356.0538,192.9170,5.5136,0.0000,0.0000,0.0000
119.941,365.9936,-1.4233,293.8563,0.2510,3.8000,-0.4500,356.2429,192.9364,6.1614,0.0000,0.0000,0.0000
