time_sec,world_x,world_y,world_z,local_x,local_y,local_z,world_rot_x,world_rot_y,world_rot_z,local_rot_x,local_rot_y,local_rot_z
0.000,598.7960,5.1807,250.4555,0.2510,3.8000,-0.4500,0.0000,180.0000,0.0000,0.0000,0.0000,0.0000
0.000,598.7960,5.1807,250.4555,0.2510,3.8000,-0.4500,0.0000,180.0000,0.0000,0.0000,0.0000,0.0000
0.107,598.5439,4.9589,250.4612,0.2510,3.8000,-0.4500,0.0000,180.0000,0.0000,0.0000,0.0000,0.0000
0.235,598.1251,4.5996,250.4672,0.2510,3.8000,-0.4500,0.0000,180.0000,0.0000,0.0000,0.0000,0.0000
0.362,597.4944,4.0666,250.4734,0.2510,3.8000,-0.4500,0.0000,180.0000,0.0000,0.0000,0.0000,0.0000
0.473,596.9609,3.6194,250.4774,0.2510,3.8000,-0.4500,0.0000,180.0000,0.0000,0.0000,0.0000,0.0000
0.585,596.2399,3.0179,250.4816,0.2510,3.8000,-0.4500,0.0000,180.0000,0.0000,0.0000,0.0000,0.0000
0.696,595.5786,2.4682,250.4847,0.2510,3.8000,-0.4500,0.0000,180.0000,0.0000,0.0000,0.0000,0.0000
0.807,594.7203,1.7567,250.4881,0.2510,3.8000,-0.4500,0.0000,180.0000,0.0000,0.0000,0.0000,0.0000
0.918,593.9565,1.1250,250.4906,0.2510,3.8000,-0.4500,0.0000,180.0000,0.0000,0.0000,0.0000,0.0000
1.029,592.9882,0.3254,250.4933,0.2510,3.8000,-0.4500,0.0000,180.0000,0.0000,0.0000,0.0000,0.0000
1.141,592.0102,-0.4811,250.4956,0.2510,3.8000,-0.4500,0.0000,180.0000,0.0000,0.0000,0.0000,0.0000
1.252,591.4143,-0.9863,250.5035,0.2510,3.8000,-0.4500,359.2216,180.0000,0.0031,0.0000,0.0000,0.0000
1.363,590.8986,-1.2956,250.5206,0.2510,3.8000,-0.4500,357.9961,179.9999,0.0079,0.0000,0.0000,0.0000
1.474,590.5636,-1.3582,250.5375,0.2510,3.8000,-0.4500,357.3898,179.9998,0.0101,0.0000,0.0000,0.0000
1.585,590.2241,-1.2971,250.5572,0.2510,3.8000,-0.4500,357.3898,179.9998,0.0101,0.0000,0.0000,0.0000
1.697,589.9709,-1.2080,250.5744,0.2510,3.8000,-0.4500,357.3898,179.9998,0.0101,0.0000,0.0000,0.0000
1.808,589.6873,-1.1174,250.5998,0.2510,3.8000,-0.4500,357.3898,179.9998,0.0102,0.0000,0.0000,0.0000
1.919,589.4614,-1.0800,250.6309,0.2510,3.8000,-0.4500,357.3898,179.9998,0.0102,0.0000,0.0000,0.0000
2.031,589.1981,-1.0868,250.6809,0.2510,3.8000,-0.4500,357.3898,179.9998,0.0102,0.0000,0.0000,0.0000
2.142,588.9396,-1.1388,250.7422,0.2510,3.8000,-0.4500,357.3898,179.9998,0.0102,0.0000,0.0000,0.0000
2.252,588.7266,-1.2030,250.7995,0.2510,3.8000,-0.4500,357.3898,179.9998,0.0102,0.0000,0.0000,0.0000
2.364,588.4724,-1.2898,250.8740,0.2510,3.8000,-0.4500,357.3898,179.9998,0.0101,0.0000,0.0000,0.0000
2.475,588.2614,-1.3614,250.9395,0.2510,3.8000,-0.4500,357.3898,179.9998,0.0102,0.0000,0.0000,0.0000
2.586,588.0087,-1.4408,251.0211,0.2510,3.8000,-0.4500,357.3898,179.9998,0.0102,0.0000,0.0000,0.0000
2.697,587.7983,-1.5002,251.0909,0.2510,3.8000,-0.4500,357.3898,179.9998,0.0102,0.0000,0.0000,0.0000
2.808,587.5460,-1.5645,251.1760,0.2510,3.8000,-0.4500,357.3898,179.9998,0.0102,0.0000,0.0000,0.0000
2.919,587.3358,-1.6143,251.2476,0.2510,3.8000,-0.4500,357.3898,179.9998,0.0102,0.0000,0.0000,0.0000
3.031,587.0834,-1.6720,251.3339,0.2510,3.8000,-0.4500,357.3898,179.9998,0.0102,0.0000,0.0000,0.0000
3.142,586.8311,-1.7296,251.4203,0.2510,3.8000,-0.4500,357.3898,179.9998,0.0102,0.0000,0.0000,0.0000
3.266,586.5785,-1.7883,251.5067,0.2510,3.8000,-0.4500,357.3898,179.9998,0.0102,0.0000,0.0000,0.0000
3.378,586.3679,-1.8383,251.5786,0.2510,3.8000,-0.4500,357.3898,179.9998,0.0102,0.0000,0.0000,0.0000
3.490,586.1152,-1.8993,251.6646,0.2510,3.8000,-0.4500,357.3898,179.9998,0.0102,0.0000,0.0000,0.0000
3.600,585.8621,-1.9609,251.7505,0.2510,3.8000,-0.4500,357.3898,179.9998,0.0102,0.0000,0.0000,0.0000
3.711,585.6512,-2.0123,251.8218,0.2510,3.8000,-0.4500,357.3898,179.9998,0.0102,0.0000,0.0000,0.0000
3.822,585.3979,-2.0738,251.9073,0.2510,3.8000,-0.4500,357.3898,179.9998,0.0101,0.0000,0.0000,0.0000
3.933,585.1867,-2.1245,251.9782,0.2510,3.8000,-0.4500,357.3898,179.9998,0.0101,0.0000,0.0000,0.0000
4.046,584.9330,-2.1847,252.0632,0.2510,3.8000,-0.4500,357.3898,179.9998,0.0101,0.0000,0.0000,0.0000
4.156,584.7215,-2.2343,252.1345,0.2510,3.8000,-0.4500,357.3898,179.9998,0.0101,0.0000,0.0000,0.0000
4.267,584.4677,-2.2928,252.2223,0.2510,3.8000,-0.4500,357.3898,179.9998,0.0101,0.0000,0.0000,0.0000
4.381,584.2139,-2.3504,252.3124,0.2510,3.8000,-0.4500,357.3898,179.9998,0.0102,0.0000,0.0000,0.0000
4.502,583.9592,-2.4085,252.4036,0.2510,3.8000,-0.4500,357.4733,179.9997,359.8608,0.0000,0.0000,0.0000
4.629,583.7054,-2.4640,252.4964,0.2510,3.8000,-0.4500,357.5156,179.9995,359.7895,0.0000,0.0000,0.0000
4.739,583.4942,-2.5080,252.5745,0.2510,3.8000,-0.4500,357.5156,179.9995,359.7895,0.0000,0.0000,0.0000
4.851,583.2407,-2.5591,252.6682,0.2510,3.8000,-0.4500,357.5703,179.9993,359.7320,0.0000,0.0000,0.0000
4.961,582.9869,-2.6075,252.7618,0.2510,3.8000,-0.4500,357.7006,179.9986,359.6301,0.0000,0.0000,0.0000
5.073,582.7758,-2.6448,252.8399,0.2510,3.8000,-0.4500,357.7736,179.9981,359.5915,0.0000,0.0000,0.0000
5.183,582.5220,-2.6860,252.9328,0.2510,3.8000,-0.4500,358.0041,179.9963,359.4977,0.0000,0.0000,0.0000
5.295,582.3112,-2.7174,253.0114,0.2510,3.8000,-0.4500,358.0041,179.9963,359.4977,0.0000,0.0000,0.0000
5.406,582.0584,-2.7507,253.1051,0.2510,3.8000,-0.4500,358.0834,179.9956,359.4827,0.0000,0.0000,0.0000
5.517,581.8478,-2.7735,253.1818,0.2510,3.8000,-0.4500,358.3341,179.9932,359.4594,0.0000,0.0000,0.0000
5.629,581.5955,-2.7958,253.2740,0.2510,3.8000,-0.4500,358.5795,179.9910,359.4746,0.0000,0.0000,0.0000
5.739,581.3851,-2.8121,253.3519,0.2510,3.8000,-0.4500,358.5795,179.9910,359.4746,0.0000,0.0000,0.0000
5.864,581.0912,-2.8253,253.4585,0.2510,3.8000,-0.4500,358.8240,179.9888,359.5240,0.0000,0.0000,0.0000
5.975,580.8821,-2.8274,253.5333,0.2510,3.8000,-0.4500,359.1400,179.9865,359.6246,0.0000,0.0000,0.0000
6.087,580.6312,-2.8269,253.6237,0.2510,3.8000,-0.4500,359.2932,179.9855,359.6914,0.0000,0.0000,0.0000
6.213,580.3807,-2.8197,253.7132,0.2510,3.8000,-0.4500,359.4442,179.9848,359.7610,0.0000,0.0000,0.0000
6.323,580.1312,-2.8031,253.8010,0.2510,3.8000,-0.4500,359.7340,179.9840,359.9199,0.0000,0.0000,0.0000
6.434,579.9237,-2.7843,253.8736,0.2510,3.8000,-0.4500,359.9444,179.9839,0.0529,0.0000,0.0000,0.0000
6.545,579.6749,-2.7574,253.9606,0.2510,3.8000,-0.4500,0.0791,179.9842,0.1413,0.0000,0.0000,0.0000
6.656,579.4688,-2.7262,254.0315,0.2510,3.8000,-0.4500,0.3478,179.9853,0.3384,0.0000,0.0000,0.0000
6.781,579.1798,-2.6778,254.1252,0.2510,3.8000,-0.4500,0.5469,179.9867,0.4964,0.0000,0.0000,0.0000
6.906,578.9315,-2.6298,254.1879,0.2510,3.8000,-0.4500,0.6756,179.9880,0.6031,0.0000,0.0000,0.0000
7.017,578.7245,-2.5830,254.2268,0.2510,3.8000,-0.4500,0.8671,179.9903,0.7684,0.0000,0.0000,0.0000
7.128,578.4758,-2.5218,254.2629,0.2510,3.8000,-0.4500,1.0517,179.9930,0.9379,0.0000,0.0000,0.0000
7.239,578.2686,-2.4669,254.2876,0.2510,3.8000,-0.4500,1.1716,179.9951,1.0530,0.0000,0.0000,0.0000
7.350,578.0210,-2.3942,254.3137,0.2510,3.8000,-0.4500,1.3567,179.9988,1.2392,0.0000,0.0000,0.0000
7.463,577.7734,-2.3189,254.3398,0.2510,3.8000,-0.4500,1.4150,180.0001,1.2990,0.0000,0.0000,0.0000
7.572,577.5694,-2.2469,254.3608,0.2510,3.8000,-0.4500,1.6468,180.0059,1.5473,0.0000,0.0000,0.0000
7.686,577.3244,-2.1600,254.3893,0.2510,3.8000,-0.4500,1.7553,180.0089,1.6697,0.0000,0.0000,0.0000
7.794,577.1212,-2.0846,254.4152,0.2510,3.8000,-0.4500,1.8089,180.0105,1.7307,0.0000,0.0000,0.0000
7.920,576.8387,-1.9711,254.4536,0.2510,3.8000,-0.4500,1.9680,180.0156,1.9217,0.0000,0.0000,0.0000
8.031,576.6368,-1.8895,254.4839,0.2510,3.8000,-0.4500,1.9680,180.0156,1.9217,0.0000,0.0000,0.0000
8.142,576.3976,-1.7820,254.5207,0.2510,3.8000,-0.4500,2.1748,180.0230,2.1879,0.0000,0.0000,0.0000
8.255,576.1974,-1.6950,254.5551,0.2510,3.8000,-0.4500,2.1748,180.0230,2.1879,0.0000,0.0000,0.0000
8.364,575.9584,-1.5863,254.5981,0.2510,3.8000,-0.4500,2.2221,180.0248,2.2551,0.0000,0.0000,0.0000
8.476,575.7603,-1.4936,254.6353,0.2510,3.8000,-0.4500,2.2691,180.0267,2.3226,0.0000,0.0000,0.0000
8.602,575.4828,-1.3637,254.6902,0.2510,3.8000,-0.4500,2.2691,180.0267,2.3226,0.0000,0.0000,0.0000
8.712,575.2856,-1.2687,254.7150,0.2510,3.8000,-0.4500,2.3122,180.0285,2.3931,0.0000,0.0000,0.0000
8.814,575.0908,-1.1774,254.6737,0.2510,3.8000,-0.4500,2.3122,180.0285,2.3931,0.0000,0.0000,0.0000
8.929,574.8627,-1.0722,254.5289,0.2510,3.8000,-0.4500,2.3122,180.0285,2.3931,0.0000,0.0000,0.0000
9.031,574.6768,-0.9880,254.3430,0.2510,3.8000,-0.4500,2.3122,180.0285,2.3931,0.0000,0.0000,0.0000
9.154,574.4575,-0.8907,254.0620,0.2510,3.8000,-0.4500,2.3122,180.0285,2.3931,0.0000,0.0000,0.0000
9.279,574.2413,-0.7966,253.7382,0.2510,3.8000,-0.4500,2.3122,180.0285,2.3931,0.0000,0.0000,0.0000
9.394,574.0266,-0.7049,253.3871,0.2510,3.8000,-0.4500,2.3122,180.0285,2.3931,0.0000,0.0000,0.0000
9.503,573.8129,-0.6154,253.0192,0.2510,3.8000,-0.4500,2.3122,180.0285,2.3931,0.0000,0.0000,0.0000
9.627,573.6000,-0.5279,252.6414,0.2510,3.8000,-0.4500,2.3122,180.0285,2.3931,0.0000,0.0000,0.0000
9.739,573.4227,-0.4565,252.3220,0.2510,3.8000,-0.4500,2.3122,180.0285,2.3931,0.0000,0.0000,0.0000
9.864,573.1744,-0.3590,251.8708,0.2510,3.8000,-0.4500,2.3122,180.0285,2.3931,0.0000,0.0000,0.0000
9.989,572.9614,-0.2781,251.4821,0.2510,3.8000,-0.4500,2.3122,180.0285,2.3931,0.0000,0.0000,0.0000
10.100,572.7479,-0.2000,251.0925,0.2510,3.8000,-0.4500,2.3122,180.0285,2.3931,0.0000,0.0000,0.0000
10.211,572.5697,-0.1371,250.7677,0.2510,3.8000,-0.4500,2.3122,180.0285,2.3931,0.0000,0.0000,0.0000
10.323,572.3553,-0.0646,250.3779,0.2510,3.8000,-0.4500,2.3122,180.0285,2.3931,0.0000,0.0000,0.0000
10.434,572.1763,-0.0069,250.0532,0.2510,3.8000,-0.4500,2.3122,180.0285,2.3931,0.0000,0.0000,0.0000
10.545,571.9614,0.0589,249.6563,0.2510,3.8000,-0.4500,2.3122,180.0285,2.3931,0.0000,0.0000,0.0000
10.669,571.7477,0.1199,249.2296,0.2510,3.8000,-0.4500,2.3122,180.0285,2.3931,0.0000,0.0000,0.0000
10.781,571.5356,0.1759,248.7706,0.2510,3.8000,-0.4500,2.3122,180.0285,2.3931,0.0000,0.0000,0.0000
10.892,571.3589,0.2162,248.3694,0.2510,3.8000,-0.4500,2.1742,180.0228,2.2963,0.0000,0.0000,0.0000
11.017,571.1472,0.2606,247.8710,0.2510,3.8000,-0.4500,2.0422,180.0177,2.1970,0.0000,0.0000,0.0000
11.128,570.9355,0.3002,247.3602,0.2510,3.8000,-0.4500,1.9269,180.0134,2.0811,0.0000,0.0000,0.0000
11.239,570.7587,0.3291,246.9288,0.2510,3.8000,-0.4500,1.8166,180.0095,1.9565,0.0000,0.0000,0.0000
11.350,570.5452,0.3570,246.4073,0.2510,3.8000,-0.4500,1.6152,180.0031,1.6891,0.0000,0.0000,0.0000
11.461,570.3328,0.3865,245.8816,0.2510,3.8000,-0.4500,1.6152,180.0031,1.6892,0.0000,0.0000,0.0000
11.572,570.1537,0.4028,245.4436,0.2510,3.8000,-0.4500,1.4815,179.9993,1.4743,0.0000,0.0000,0.0000
11.698,569.9374,0.4176,244.9229,0.2510,3.8000,-0.4500,1.3225,179.9957,1.1892,0.0000,0.0000,0.0000
11.822,569.6792,0.4340,244.4026,0.2510,3.8000,-0.4500,1.2473,179.9942,1.0385,0.0000,0.0000,0.0000
11.933,569.4878,0.4418,244.1180,0.2510,3.8000,-0.4500,1.1738,179.9930,0.8876,0.0000,0.0000,0.0000
12.045,569.2496,0.4451,243.8624,0.2510,3.8000,-0.4500,1.0327,179.9911,0.5909,0.0000,0.0000,0.0000
12.156,569.0472,0.4477,243.7041,0.2510,3.8000,-0.4500,0.9970,179.9908,0.5150,0.0000,0.0000,0.0000
12.267,568.7985,0.4416,243.5623,0.2510,3.8000,-0.4500,0.8548,179.9899,0.2125,0.0000,0.0000,0.0000
12.378,568.5894,0.4359,243.4710,0.2510,3.8000,-0.4500,0.8189,179.9898,0.1358,0.0000,0.0000,0.0000
12.489,568.3350,0.4207,243.3833,0.2510,3.8000,-0.4500,0.7101,179.9897,359.9028,0.0000,0.0000,0.0000
12.614,568.0781,0.3983,243.3108,0.2510,3.8000,-0.4500,0.5718,179.9903,359.6001,0.0000,0.0000,0.0000
12.725,567.8208,0.3736,243.2465,0.2510,3.8000,-0.4500,0.5057,179.9909,359.4487,0.0000,0.0000,0.0000
12.836,567.6057,0.3485,243.1967,0.2510,3.8000,-0.4500,0.4414,179.9916,359.2991,0.0000,0.0000,0.0000
12.947,567.3469,0.3144,243.1391,0.2510,3.8000,-0.4500,0.3804,179.9924,359.1455,0.0000,0.0000,0.0000
13.058,567.1306,0.2821,243.0918,0.2510,3.8000,-0.4500,0.3234,179.9933,358.9923,0.0000,0.0000,0.0000
13.184,566.8283,0.2350,243.0249,0.2510,3.8000,-0.4500,0.2958,179.9939,358.9155,0.0000,0.0000,0.0000
13.295,566.6104,0.1932,242.9769,0.2510,3.8000,-0.4500,0.1994,179.9959,358.5984,0.0000,0.0000,0.0000
13.406,566.3513,0.1477,242.9165,0.2510,3.8000,-0.4500,0.1994,179.9959,358.5984,0.0000,0.0000,0.0000
13.516,566.1340,0.1042,242.8655,0.2510,3.8000,-0.4500,0.1603,179.9969,358.4376,0.0000,0.0000,0.0000
13.628,565.8741,0.0533,242.8023,0.2510,3.8000,-0.4500,0.1603,179.9969,358.4376,0.0000,0.0000,0.0000
13.739,565.6564,0.0055,242.7623,0.2510,3.8000,-0.4500,0.1179,179.9982,358.2728,0.0000,0.0000,0.0000
13.850,565.3962,-0.0503,242.7651,0.2510,3.8000,-0.4500,0.1179,179.9982,358.2728,0.0000,0.0000,0.0000
13.961,565.1361,-0.1135,242.8155,0.2510,3.8000,-0.4500,0.0371,180.0008,358.0324,0.0000,0.0000,0.0000
14.072,564.9220,-0.1637,242.8849,0.2510,3.8000,-0.4500,0.0371,180.0008,358.0324,0.0000,0.0000,0.0000
14.183,564.6662,-0.2259,242.9918,0.2510,3.8000,-0.4500,0.0371,180.0008,358.0324,0.0000,0.0000,0.0000
14.295,564.4538,-0.2791,243.0944,0.2510,3.8000,-0.4500,0.0371,180.0008,358.0324,0.0000,0.0000,0.0000
14.406,564.1994,-0.3460,243.2283,0.2510,3.8000,-0.4500,359.9906,180.0024,357.9663,0.0000,0.0000,0.0000
14.530,563.9462,-0.4126,243.3695,0.2510,3.8000,-0.4500,359.9906,180.0024,357.9663,0.0000,0.0000,0.0000
14.641,563.6929,-0.4815,243.5159,0.2510,3.8000,-0.4500,359.9296,180.0046,357.9135,0.0000,0.0000,0.0000
14.753,563.4823,-0.5382,243.6400,0.2510,3.8000,-0.4500,359.9296,180.0046,357.9135,0.0000,0.0000,0.0000
14.864,563.2299,-0.6077,243.7913,0.2510,3.8000,-0.4500,359.8524,180.0074,357.8815,0.0000,0.0000,0.0000
14.975,563.0199,-0.6658,243.9186,0.2510,3.8000,-0.4500,359.7749,180.0103,357.8515,0.0000,0.0000,0.0000
15.086,562.7686,-0.7340,244.0720,0.2510,3.8000,-0.4500,359.7749,180.0103,357.8515,0.0000,0.0000,0.0000
15.197,562.5594,-0.7920,244.2015,0.2510,3.8000,-0.4500,359.6081,180.0166,357.8415,0.0000,0.0000,0.0000
15.308,562.3090,-0.8601,244.3575,0.2510,3.8000,-0.4500,359.4414,180.0228,357.8692,0.0000,0.0000,0.0000
15.419,562.1008,-0.9158,244.4873,0.2510,3.8000,-0.4500,359.3601,180.0258,357.8856,0.0000,0.0000,0.0000
15.531,561.8513,-0.9814,244.6423,0.2510,3.8000,-0.4500,359.2037,180.0315,357.9537,0.0000,0.0000,0.0000
15.641,561.6014,-1.0457,244.7902,0.2510,3.8000,-0.4500,359.1273,180.0342,357.9895,0.0000,0.0000,0.0000
15.753,561.3927,-1.0976,244.9082,0.2510,3.8000,-0.4500,358.9875,180.0390,358.0766,0.0000,0.0000,0.0000
15.878,561.1422,-1.1583,245.0431,0.2510,3.8000,-0.4500,358.8566,180.0433,358.1731,0.0000,0.0000,0.0000
15.989,560.8921,-1.2164,245.1732,0.2510,3.8000,-0.4500,358.6714,180.0489,358.3406,0.0000,0.0000,0.0000
16.102,560.6420,-1.2730,245.2988,0.2510,3.8000,-0.4500,358.5572,180.0521,358.4649,0.0000,0.0000,0.0000
16.210,560.4335,-1.3184,245.4013,0.2510,3.8000,-0.4500,358.4477,180.0549,358.5882,0.0000,0.0000,0.0000
16.335,560.1834,-1.3713,245.5221,0.2510,3.8000,-0.4500,358.3474,180.0573,358.7199,0.0000,0.0000,0.0000
16.447,559.9335,-1.4230,245.6409,0.2510,3.8000,-0.4500,358.2983,180.0584,358.7858,0.0000,0.0000,0.0000
16.558,559.7258,-1.4637,245.7392,0.2510,3.8000,-0.4500,358.2063,180.0602,358.9202,0.0000,0.0000,0.0000
16.672,559.4771,-1.5101,245.8564,0.2510,3.8000,-0.4500,358.0728,180.0625,359.1322,0.0000,0.0000,0.0000
16.780,559.2281,-1.5563,245.9720,0.2510,3.8000,-0.4500,358.0316,180.0631,359.2032,0.0000,0.0000,0.0000
16.891,559.0217,-1.5913,246.0685,0.2510,3.8000,-0.4500,357.9104,180.0645,359.4194,0.0000,0.0000,0.0000
17.016,558.7726,-1.6350,246.1831,0.2510,3.8000,-0.4500,357.9104,180.0645,359.4194,0.0000,0.0000,0.0000
17.128,558.5255,-1.6739,246.2994,0.2510,3.8000,-0.4500,357.7990,180.0655,359.6395,0.0000,0.0000,0.0000
17.239,558.3188,-1.7074,246.3965,0.2510,3.8000,-0.4500,357.7990,180.0655,359.6395,0.0000,0.0000,0.0000
17.363,558.0316,-1.7490,246.5340,0.2510,3.8000,-0.4500,357.6962,180.0659,359.8669,0.0000,0.0000,0.0000
17.464,557.8254,-1.7795,246.6323,0.2510,3.8000,-0.4500,357.6962,180.0659,359.8669,0.0000,0.0000,0.0000
17.575,557.6202,-1.8077,246.7310,0.2510,3.8000,-0.4500,357.6661,180.0660,359.9413,0.0000,0.0000,0.0000
17.685,557.3746,-1.8389,246.8501,0.2510,3.8000,-0.4500,357.6083,180.0659,0.0941,0.0000,0.0000,0.0000
17.796,557.1695,-1.8653,246.9491,0.2510,3.8000,-0.4500,357.6083,180.0659,0.0941,0.0000,0.0000,0.0000
17.907,556.9243,-1.8941,247.0684,0.2510,3.8000,-0.4500,357.5833,180.0659,0.1723,0.0000,0.0000,0.0000
18.018,556.7203,-1.9163,247.1680,0.2510,3.8000,-0.4500,357.5609,180.0658,0.2546,0.0000,0.0000,0.0000
18.129,556.4762,-1.9402,247.2878,0.2510,3.8000,-0.4500,357.5185,180.0655,0.4164,0.0000,0.0000,0.0000
18.256,556.2314,-1.9646,247.4075,0.2510,3.8000,-0.4500,357.5185,180.0655,0.4164,0.0000,0.0000,0.0000
18.375,555.9874,-1.9855,247.5274,0.2510,3.8000,-0.4500,357.5078,180.0655,0.4966,0.0000,0.0000,0.0000
18.486,555.7432,-2.0056,247.6474,0.2510,3.8000,-0.4500,357.5078,180.0655,0.4966,0.0000,0.0000,0.0000
18.587,555.5410,-2.0178,247.7476,0.2510,3.8000,-0.4500,357.5024,180.0654,0.6620,0.0000,0.0000,0.0000
18.698,555.3381,-2.0313,247.8478,0.2510,3.8000,-0.4500,357.5024,180.0654,0.6620,0.0000,0.0000,0.0000
18.809,555.0949,-2.0452,247.9682,0.2510,3.8000,-0.4500,357.5024,180.0654,0.6620,0.0000,0.0000,0.0000
18.920,554.8525,-2.0552,248.0887,0.2510,3.8000,-0.4500,357.5134,180.0655,0.7440,0.0000,0.0000,0.0000
19.031,554.6508,-2.0597,248.1849,0.2510,3.8000,-0.4500,357.5510,180.0661,0.9044,0.0000,0.0000,0.0000
19.139,554.4461,-2.0645,248.2528,0.2510,3.8000,-0.4500,357.5510,180.0661,0.9044,0.0000,0.0000,0.0000
19.251,554.1993,-2.0659,248.2809,0.2510,3.8000,-0.4500,357.5510,180.0661,0.9044,0.0000,0.0000,0.0000
19.365,553.9545,-2.0599,248.2611,0.2510,3.8000,-0.4500,357.6224,180.0673,1.0562,0.0000,0.0000,0.0000
19.473,553.7507,-2.0547,248.2174,0.2510,3.8000,-0.4500,357.6224,180.0673,1.0562,0.0000,0.0000,0.0000
19.584,553.5083,-2.0423,248.1413,0.2510,3.8000,-0.4500,357.7125,180.0691,1.1937,0.0000,0.0000,0.0000
19.709,553.2661,-2.0303,248.0486,0.2510,3.8000,-0.4500,357.7125,180.0691,1.1937,0.0000,0.0000,0.0000
19.835,553.0257,-2.0127,247.9443,0.2510,3.8000,-0.4500,357.8226,180.0715,1.3178,0.0000,0.0000,0.0000
19.959,552.7846,-1.9959,247.8335,0.2510,3.8000,-0.4500,357.8226,180.0715,1.3178,0.0000,0.0000,0.0000
20.084,552.5053,-1.9693,247.6975,0.2510,3.8000,-0.4500,358.0114,180.0761,1.4793,0.0000,0.0000,0.0000
20.198,552.3053,-1.9516,247.5986,0.2510,3.8000,-0.4500,358.0114,180.0761,1.4793,0.0000,0.0000,0.0000
20.306,552.0660,-1.9261,247.4771,0.2510,3.8000,-0.4500,358.1504,180.0798,1.5624,0.0000,0.0000,0.0000
20.407,551.8668,-1.9043,247.3750,0.2510,3.8000,-0.4500,358.2244,180.0818,1.5983,0.0000,0.0000,0.0000
20.515,551.6680,-1.8812,247.2718,0.2510,3.8000,-0.4500,358.2988,180.0839,1.6335,0.0000,0.0000,0.0000
20.641,551.3898,-1.8451,247.1253,0.2510,3.8000,-0.4500,358.5384,180.0909,1.7155,0.0000,0.0000,0.0000
20.765,551.1508,-1.8151,246.9997,0.2510,3.8000,-0.4500,358.5384,180.0909,1.7155,0.0000,0.0000,0.0000
20.876,550.9523,-1.7879,246.8854,0.2510,3.8000,-0.4500,358.6174,180.0933,1.7340,0.0000,0.0000,0.0000
20.990,550.7166,-1.7531,246.7206,0.2510,3.8000,-0.4500,358.7837,180.0984,1.7634,0.0000,0.0000,0.0000
21.113,550.4832,-1.7172,246.5253,0.2510,3.8000,-0.4500,358.9487,180.1035,1.7812,0.0000,0.0000,0.0000
21.237,550.2518,-1.6811,246.3065,0.2510,3.8000,-0.4500,359.0302,180.1060,1.7847,0.0000,0.0000,0.0000
21.348,550.0214,-1.6437,246.0701,0.2510,3.8000,-0.4500,359.1955,180.1112,1.7851,0.0000,0.0000,0.0000
21.474,549.7917,-1.6059,245.8224,0.2510,3.8000,-0.4500,359.3603,180.1163,1.7730,0.0000,0.0000,0.0000
21.586,549.5622,-1.5681,245.5675,0.2510,3.8000,-0.4500,359.5227,180.1213,1.7505,0.0000,0.0000,0.0000
21.709,549.3329,-1.5309,245.3089,0.2510,3.8000,-0.4500,359.5227,180.1213,1.7505,0.0000,0.0000,0.0000
21.821,549.1034,-1.4926,245.0457,0.2510,3.8000,-0.4500,359.7654,180.1286,1.6980,0.0000,0.0000,0.0000
21.932,548.9124,-1.4617,244.8263,0.2510,3.8000,-0.4500,359.7654,180.1286,1.6980,0.0000,0.0000,0.0000
22.043,548.6821,-1.4241,244.5603,0.2510,3.8000,-0.4500,0.0033,180.1355,1.6221,0.0000,0.0000,0.0000
22.169,548.4516,-1.3873,244.2940,0.2510,3.8000,-0.4500,0.1568,180.1398,1.5597,0.0000,0.0000,0.0000
22.295,548.2208,-1.3510,244.0278,0.2510,3.8000,-0.4500,0.2321,180.1418,1.5282,0.0000,0.0000,0.0000
22.405,547.9891,-1.3155,243.7607,0.2510,3.8000,-0.4500,0.4572,180.1476,1.4136,0.0000,0.0000,0.0000
22.516,547.7962,-1.2861,243.5397,0.2510,3.8000,-0.4500,0.4572,180.1476,1.4136,0.0000,0.0000,0.0000
22.627,547.5640,-1.2519,243.2739,0.2510,3.8000,-0.4500,0.5991,180.1510,1.3309,0.0000,0.0000,0.0000
22.738,547.3697,-1.2244,243.0520,0.2510,3.8000,-0.4500,0.8073,180.1556,1.1968,0.0000,0.0000,0.0000
22.848,547.1373,-1.1913,242.7876,0.2510,3.8000,-0.4500,0.8073,180.1556,1.1968,0.0000,0.0000,0.0000
22.974,546.9034,-1.1601,242.5219,0.2510,3.8000,-0.4500,1.0084,180.1595,1.0494,0.0000,0.0000,0.0000
23.085,546.6693,-1.1291,242.2573,0.2510,3.8000,-0.4500,1.0720,180.1607,0.9994,0.0000,0.0000,0.0000
23.210,546.4349,-1.0991,241.9925,0.2510,3.8000,-0.4500,1.1352,180.1617,0.9489,0.0000,0.0000,0.0000
23.321,546.1998,-1.0704,241.7273,0.2510,3.8000,-0.4500,1.2617,180.1637,0.8430,0.0000,0.0000,0.0000
23.433,546.0034,-1.0473,241.5061,0.2510,3.8000,-0.4500,1.3861,180.1655,0.7343,0.0000,0.0000,0.0000
23.543,545.7677,-1.0197,241.2412,0.2510,3.8000,-0.4500,1.4467,180.1662,0.6810,0.0000,0.0000,0.0000
23.655,545.5714,-0.9967,241.0207,0.2510,3.8000,-0.4500,1.4467,180.1662,0.6810,0.0000,0.0000,0.0000
23.779,545.3349,-0.9706,240.7551,0.2510,3.8000,-0.4500,1.5678,180.1675,0.5715,0.0000,0.0000,0.0000
23.891,545.0989,-0.9438,240.4902,0.2510,3.8000,-0.4500,1.5678,180.1675,0.5715,0.0000,0.0000,0.0000
24.015,544.8619,-0.9180,240.2243,0.2510,3.8000,-0.4500,1.6915,180.1686,0.4624,0.0000,0.0000,0.0000
24.140,544.5841,-0.8859,239.9391,0.2510,3.8000,-0.4500,1.6915,180.1686,0.4624,0.0000,0.0000,0.0000
24.251,544.3810,-0.8618,239.7789,0.2510,3.8000,-0.4500,1.8186,180.1696,0.3627,0.0000,0.0000,0.0000
24.377,544.1337,-0.8292,239.6400,0.2510,3.8000,-0.4500,1.8186,180.1696,0.3627,0.0000,0.0000,0.0000
24.488,543.8823,-0.7942,239.5462,0.2510,3.8000,-0.4500,1.8186,180.1696,0.3627,0.0000,0.0000,0.0000
24.588,543.6707,-0.7637,239.4922,0.2510,3.8000,-0.4500,1.8186,180.1696,0.3627,0.0000,0.0000,0.0000
24.698,543.4570,-0.7328,239.4524,0.2510,3.8000,-0.4500,1.8864,180.1700,0.3171,0.0000,0.0000,0.0000
24.808,543.1989,-0.6960,239.4181,0.2510,3.8000,-0.4500,2.0185,180.1706,0.2200,0.0000,0.0000,0.0000
24.919,542.9838,-0.6650,239.4006,0.2510,3.8000,-0.4500,2.0185,180.1706,0.2200,0.0000,0.0000,0.0000
25.030,542.7250,-0.6287,239.3870,0.2510,3.8000,-0.4500,2.0185,180.1706,0.2200,0.0000,0.0000,0.0000
25.140,542.4653,-0.5943,239.3775,0.2510,3.8000,-0.4500,2.0768,180.1708,0.1655,0.0000,0.0000,0.0000
25.252,542.2485,-0.5675,239.3713,0.2510,3.8000,-0.4500,2.1308,180.1709,0.1011,0.0000,0.0000,0.0000
25.363,541.9879,-0.5373,239.3647,0.2510,3.8000,-0.4500,2.1838,180.1710,0.0361,0.0000,0.0000,0.0000
25.474,541.7700,-0.5150,239.3593,0.2510,3.8000,-0.4500,2.2711,180.1709,359.9032,0.0000,0.0000,0.0000
25.585,541.5090,-0.4887,239.3535,0.2510,3.8000,-0.4500,2.2711,180.1709,359.9032,0.0000,0.0000,0.0000
25.697,541.2902,-0.4711,239.3471,0.2510,3.8000,-0.4500,2.3369,180.1707,359.7487,0.0000,0.0000,0.0000
25.807,541.0279,-0.4514,239.3353,0.2510,3.8000,-0.4500,2.3677,180.1706,359.6727,0.0000,0.0000,0.0000
25.933,540.7659,-0.4336,239.3199,0.2510,3.8000,-0.4500,2.3677,180.1706,359.6726,0.0000,0.0000,0.0000
26.057,540.5026,-0.4215,239.3018,0.2510,3.8000,-0.4500,2.4073,180.1703,359.5078,0.0000,0.0000,0.0000
26.171,540.2385,-0.4141,239.2810,0.2510,3.8000,-0.4500,2.4448,180.1699,359.2560,0.0000,0.0000,0.0000
26.279,540.0192,-0.4082,239.2605,0.2510,3.8000,-0.4500,2.4552,180.1697,359.1766,0.0000,0.0000,0.0000
26.391,539.7566,-0.4024,239.2327,0.2510,3.8000,-0.4500,2.4552,180.1697,359.1766,0.0000,0.0000,0.0000
26.515,539.4926,-0.4024,239.2029,0.2510,3.8000,-0.4500,2.4581,180.1697,359.0049,0.0000,0.0000,0.0000
26.640,539.1856,-0.4040,239.1652,0.2510,3.8000,-0.4500,2.4569,180.1697,358.9221,0.0000,0.0000,0.0000
26.751,538.9659,-0.4078,239.1359,0.2510,3.8000,-0.4500,2.4547,180.1698,358.8405,0.0000,0.0000,0.0000
26.862,538.7019,-0.4158,239.0986,0.2510,3.8000,-0.4500,2.4453,180.1700,358.6769,0.0000,0.0000,0.0000
26.987,538.4388,-0.4233,239.0582,0.2510,3.8000,-0.4500,2.4453,180.1700,358.6769,0.0000,0.0000,0.0000
27.111,538.1748,-0.4361,239.0159,0.2510,3.8000,-0.4500,2.4291,180.1704,358.5088,0.0000,0.0000,0.0000
27.225,537.9117,-0.4493,238.9704,0.2510,3.8000,-0.4500,2.4210,180.1706,358.4273,0.0000,0.0000,0.0000
27.334,537.6928,-0.4606,238.9301,0.2510,3.8000,-0.4500,2.4210,180.1706,358.4273,0.0000,0.0000,0.0000
27.448,537.4299,-0.4756,238.8802,0.2510,3.8000,-0.4500,2.4210,180.1706,358.4273,0.0000,0.0000,0.0000
27.570,537.1658,-0.4951,238.8296,0.2510,3.8000,-0.4500,2.3953,180.1713,358.2625,0.0000,0.0000,0.0000
27.697,536.9026,-0.5129,238.7767,0.2510,3.8000,-0.4500,2.3953,180.1713,358.2625,0.0000,0.0000,0.0000
27.807,536.6392,-0.5318,238.7224,0.2510,3.8000,-0.4500,2.3953,180.1713,358.2625,0.0000,0.0000,0.0000
27.933,536.3755,-0.5531,238.6676,0.2510,3.8000,-0.4500,2.3784,180.1718,358.1844,0.0000,0.0000,0.0000
28.043,536.1127,-0.5736,238.6116,0.2510,3.8000,-0.4500,2.3784,180.1718,358.1844,0.0000,0.0000,0.0000
28.156,535.8937,-0.5912,238.5643,0.2510,3.8000,-0.4500,2.3784,180.1718,358.1844,0.0000,0.0000,0.0000
28.278,535.6309,-0.6126,238.5073,0.2510,3.8000,-0.4500,2.3784,180.1718,358.1844,0.0000,0.0000,0.0000
28.392,535.3682,-0.6343,238.4501,0.2510,3.8000,-0.4500,2.3784,180.1718,358.1844,0.0000,0.0000,0.0000
28.501,535.1054,-0.6562,238.3927,0.2510,3.8000,-0.4500,2.3784,180.1718,358.1844,0.0000,0.0000,0.0000
28.612,534.8864,-0.6744,238.3450,0.2510,3.8000,-0.4500,2.3784,180.1718,358.1844,0.0000,0.0000,0.0000
28.723,534.6237,-0.6962,238.2877,0.2510,3.8000,-0.4500,2.3784,180.1718,358.1844,0.0000,0.0000,0.0000
28.848,534.3610,-0.7179,238.2305,0.2510,3.8000,-0.4500,2.3784,180.1718,358.1844,0.0000,0.0000,0.0000
28.973,534.0984,-0.7393,238.1734,0.2510,3.8000,-0.4500,2.3784,180.1718,358.1844,0.0000,0.0000,0.0000
29.098,533.8360,-0.7604,238.1164,0.2510,3.8000,-0.4500,2.3784,180.1718,358.1844,0.0000,0.0000,0.0000
29.223,533.5298,-0.7845,238.0499,0.2510,3.8000,-0.4500,2.3784,180.1718,358.1844,0.0000,0.0000,0.0000
29.334,533.3113,-0.8014,238.0021,0.2510,3.8000,-0.4500,2.3784,180.1718,358.1844,0.0000,0.0000,0.0000
29.461,533.0056,-0.8246,237.9346,0.2510,3.8000,-0.4500,2.3784,180.1718,358.1844,0.0000,0.0000,0.0000
29.571,532.7874,-0.8409,237.8861,0.2510,3.8000,-0.4500,2.3784,180.1718,358.1844,0.0000,0.0000,0.0000
29.682,532.5254,-0.8600,237.8276,0.2510,3.8000,-0.4500,2.3784,180.1718,358.1844,0.0000,0.0000,0.0000
29.793,532.3071,-0.8756,237.7787,0.2510,3.8000,-0.4500,2.3784,180.1718,358.1844,0.0000,0.0000,0.0000
29.919,532.0453,-0.8940,237.7200,0.2510,3.8000,-0.4500,2.3784,180.1718,358.1844,0.0000,0.0000,0.0000
30.029,531.7837,-0.9119,237.6612,0.2510,3.8000,-0.4500,2.3784,180.1718,358.1844,0.0000,0.0000,0.0000
30.155,531.5224,-0.9296,237.6026,0.2510,3.8000,-0.4500,2.3784,180.1718,358.1844,0.0000,0.0000,0.0000
30.266,531.2612,-0.9486,237.5451,0.2510,3.8000,-0.4500,2.2176,180.1770,358.1623,0.0000,0.0000,0.0000
30.391,531.0002,-0.9657,237.4866,0.2510,3.8000,-0.4500,2.2176,180.1770,358.1623,0.0000,0.0000,0.0000
30.502,530.7394,-0.9826,237.4280,0.2510,3.8000,-0.4500,2.2176,180.1770,358.1623,0.0000,0.0000,0.0000
30.612,530.5225,-0.9977,237.3804,0.2510,3.8000,-0.4500,2.0564,180.1821,358.1716,0.0000,0.0000,0.0000
30.738,530.2625,-1.0143,237.3217,0.2510,3.8000,-0.4500,2.0564,180.1821,358.1716,0.0000,0.0000,0.0000
30.848,530.0026,-1.0313,237.2628,0.2510,3.8000,-0.4500,1.9784,180.1846,358.1850,0.0000,0.0000,0.0000
30.974,529.7429,-1.0479,237.2025,0.2510,3.8000,-0.4500,1.9784,180.1846,358.1850,0.0000,0.0000,0.0000
31.085,529.4838,-1.0650,237.1425,0.2510,3.8000,-0.4500,1.8170,180.1897,358.2263,0.0000,0.0000,0.0000
31.211,529.2248,-1.0818,237.0820,0.2510,3.8000,-0.4500,1.7395,180.1921,358.2508,0.0000,0.0000,0.0000
31.321,528.9655,-1.0985,237.0211,0.2510,3.8000,-0.4500,1.7395,180.1921,358.2508,0.0000,0.0000,0.0000
31.432,528.7504,-1.1126,236.9717,0.2510,3.8000,-0.4500,1.5817,180.1968,358.3077,0.0000,0.0000,0.0000
31.543,528.4918,-1.1294,236.9119,0.2510,3.8000,-0.4500,1.5817,180.1968,358.3077,0.0000,0.0000,0.0000
31.669,528.2336,-1.1463,236.8539,0.2510,3.8000,-0.4500,1.4313,180.2012,358.3693,0.0000,0.0000,0.0000
31.779,528.0183,-1.1604,236.8055,0.2510,3.8000,-0.4500,1.4313,180.2012,358.3693,0.0000,0.0000,0.0000
31.890,527.7606,-1.1773,236.7491,0.2510,3.8000,-0.4500,1.2812,180.2054,358.4387,0.0000,0.0000,0.0000
32.001,527.5024,-1.1944,236.6927,0.2510,3.8000,-0.4500,1.2812,180.2054,358.4387,0.0000,0.0000,0.0000
32.107,527.2875,-1.2085,236.6471,0.2510,3.8000,-0.4500,1.2093,180.2073,358.4743,0.0000,0.0000,0.0000
32.220,527.0298,-1.2253,236.5940,0.2510,3.8000,-0.4500,1.0666,180.2110,358.5482,0.0000,0.0000,0.0000
32.333,526.8147,-1.2395,236.5504,0.2510,3.8000,-0.4500,1.0666,180.2110,358.5482,0.0000,0.0000,0.0000
32.445,526.5571,-1.2563,236.4999,0.2510,3.8000,-0.4500,0.9957,180.2128,358.5882,0.0000,0.0000,0.0000
32.545,526.3422,-1.2703,236.4584,0.2510,3.8000,-0.4500,0.9957,180.2128,358.5882,0.0000,0.0000,0.0000
32.653,526.1279,-1.2839,236.4186,0.2510,3.8000,-0.4500,0.8520,180.2162,358.6732,0.0000,0.0000,0.0000
32.778,525.8701,-1.3006,236.3710,0.2510,3.8000,-0.4500,0.8520,180.2162,358.6732,0.0000,0.0000,0.0000
32.890,525.6123,-1.3172,236.3243,0.2510,3.8000,-0.4500,0.8520,180.2162,358.6732,0.0000,0.0000,0.0000
33.001,525.3555,-1.3332,236.2794,0.2510,3.8000,-0.4500,0.7107,180.2194,358.7634,0.0000,0.0000,0.0000
33.127,525.0983,-1.3496,236.2347,0.2510,3.8000,-0.4500,0.7107,180.2194,358.7634,0.0000,0.0000,0.0000
33.237,524.8840,-1.3633,236.1982,0.2510,3.8000,-0.4500,0.7107,180.2194,358.7634,0.0000,0.0000,0.0000
33.349,524.6273,-1.3792,236.1557,0.2510,3.8000,-0.4500,0.5763,180.2222,358.8522,0.0000,0.0000,0.0000
33.460,524.3699,-1.3959,236.1133,0.2510,3.8000,-0.4500,0.5763,180.2222,358.8521,0.0000,0.0000,0.0000
33.585,524.1124,-1.4128,236.0718,0.2510,3.8000,-0.4500,0.5763,180.2222,358.8521,0.0000,0.0000,0.0000
33.697,523.8979,-1.4273,236.0374,0.2510,3.8000,-0.4500,0.5763,180.2222,358.8521,0.0000,0.0000,0.0000
33.807,523.6404,-1.4455,235.9965,0.2510,3.8000,-0.4500,0.5763,180.2222,358.8521,0.0000,0.0000,0.0000
33.918,523.4259,-1.4614,235.9625,0.2510,3.8000,-0.4500,0.5763,180.2222,358.8521,0.0000,0.0000,0.0000
34.029,523.1681,-1.4817,235.9218,0.2510,3.8000,-0.4500,0.5763,180.2222,358.8521,0.0000,0.0000,0.0000
34.140,522.9103,-1.5034,235.8812,0.2510,3.8000,-0.4500,0.5763,180.2222,358.8521,0.0000,0.0000,0.0000
34.266,522.6521,-1.5266,235.8405,0.2510,3.8000,-0.4500,0.5763,180.2222,358.8521,0.0000,0.0000,0.0000
34.377,522.4368,-1.5470,235.8066,0.2510,3.8000,-0.4500,0.5763,180.2222,358.8521,0.0000,0.0000,0.0000
34.487,522.1783,-1.5725,235.7660,0.2510,3.8000,-0.4500,0.5763,180.2222,358.8521,0.0000,0.0000,0.0000
34.599,521.9626,-1.5944,235.7322,0.2510,3.8000,-0.4500,0.5763,180.2222,358.8521,0.0000,0.0000,0.0000
34.710,521.7037,-1.6211,235.6916,0.2510,3.8000,-0.4500,0.5763,180.2222,358.8521,0.0000,0.0000,0.0000
34.821,521.4447,-1.6480,235.6509,0.2510,3.8000,-0.4500,0.5763,180.2222,358.8521,0.0000,0.0000,0.0000
34.932,521.2286,-1.6704,235.6172,0.2510,3.8000,-0.4500,0.5763,180.2222,358.8521,0.0000,0.0000,0.0000
35.045,520.9691,-1.6968,235.5781,0.2510,3.8000,-0.4500,0.5763,180.2222,358.8521,0.0000,0.0000,0.0000
35.154,520.7527,-1.7183,235.5471,0.2510,3.8000,-0.4500,0.5763,180.2222,358.8521,0.0000,0.0000,0.0000
35.264,520.4930,-1.7432,235.5113,0.2510,3.8000,-0.4500,0.5763,180.2222,358.8521,0.0000,0.0000,0.0000
35.389,520.2330,-1.7668,235.4765,0.2510,3.8000,-0.4500,0.5763,180.2222,358.8521,0.0000,0.0000,0.0000
35.501,519.9730,-1.7888,235.4423,0.2510,3.8000,-0.4500,0.5763,180.2222,358.8521,0.0000,0.0000,0.0000
35.612,519.7564,-1.8057,235.4141,0.2510,3.8000,-0.4500,0.5763,180.2222,358.8521,0.0000,0.0000,0.0000
35.738,519.4968,-1.8241,235.3803,0.2510,3.8000,-0.4500,0.5763,180.2222,358.8521,0.0000,0.0000,0.0000
35.848,519.2371,-1.8402,235.3464,0.2510,3.8000,-0.4500,0.5763,180.2222,358.8521,0.0000,0.0000,0.0000
35.959,519.0211,-1.8516,235.3181,0.2510,3.8000,-0.4500,0.5763,180.2222,358.8521,0.0000,0.0000,0.0000
36.085,518.7186,-1.8645,235.2783,0.2510,3.8000,-0.4500,0.5763,180.2222,358.8521,0.0000,0.0000,0.0000
36.195,518.5026,-1.8713,235.2497,0.2510,3.8000,-0.4500,0.5763,180.2222,358.8521,0.0000,0.0000,0.0000
36.306,518.2436,-1.8767,235.2162,0.2510,3.8000,-0.4500,0.5763,180.2222,358.8521,0.0000,0.0000,0.0000
36.417,518.0280,-1.8788,235.2067,0.2510,3.8000,-0.4500,0.5763,180.2222,358.8521,0.0000,0.0000,0.0000
36.528,517.7709,-1.8779,235.2246,0.2510,3.8000,-0.4500,0.5763,180.2222,358.8521,0.0000,0.0000,0.0000
36.640,517.5156,-1.8734,235.2691,0.2510,3.8000,-0.4500,0.5763,180.2222,358.8521,0.0000,0.0000,0.0000
36.752,517.3044,-1.8653,235.3212,0.2510,3.8000,-0.4500,0.5974,180.2218,358.9330,0.0000,0.0000,0.0000
36.861,517.0527,-1.8511,235.3960,0.2510,3.8000,-0.4500,0.6403,180.2210,359.0939,0.0000,0.0000,0.0000
36.988,516.8017,-1.8336,235.4792,0.2510,3.8000,-0.4500,0.6868,180.2204,359.2502,0.0000,0.0000,0.0000
37.098,516.5921,-1.8193,235.5529,0.2510,3.8000,-0.4500,0.6868,180.2204,359.2502,0.0000,0.0000,0.0000
37.225,516.3007,-1.7926,235.6592,0.2510,3.8000,-0.4500,0.7346,180.2198,359.4121,0.0000,0.0000,0.0000
37.335,516.0928,-1.7720,235.7365,0.2510,3.8000,-0.4500,0.7564,180.2196,359.4906,0.0000,0.0000,0.0000
37.446,515.8437,-1.7455,235.8300,0.2510,3.8000,-0.4500,0.7771,180.2194,359.5685,0.0000,0.0000,0.0000
37.557,515.6364,-1.7215,235.9082,0.2510,3.8000,-0.4500,0.7948,180.2193,359.6511,0.0000,0.0000,0.0000
37.668,515.3889,-1.6899,236.0021,0.2510,3.8000,-0.4500,0.8282,180.2191,359.8144,0.0000,0.0000,0.0000
37.779,515.1819,-1.6649,236.0806,0.2510,3.8000,-0.4500,0.8282,180.2191,359.8144,0.0000,0.0000,0.0000
37.890,514.9343,-1.6325,236.1747,0.2510,3.8000,-0.4500,0.8342,180.2191,359.8971,0.0000,0.0000,0.0000
38.002,514.6871,-1.5992,236.2688,0.2510,3.8000,-0.4500,0.8386,180.2191,359.9789,0.0000,0.0000,0.0000
38.111,514.4821,-1.5697,236.3474,0.2510,3.8000,-0.4500,0.8288,180.2191,0.1408,0.0000,0.0000,0.0000
38.237,514.2350,-1.5374,236.4419,0.2510,3.8000,-0.4500,0.8288,180.2191,0.1408,0.0000,0.0000,0.0000
38.361,513.9482,-1.4976,236.5527,0.2510,3.8000,-0.4500,0.7889,180.2190,0.2979,0.0000,0.0000,0.0000
38.476,513.7427,-1.4715,236.6320,0.2510,3.8000,-0.4500,0.7889,180.2190,0.2979,0.0000,0.0000,0.0000
38.584,513.4962,-1.4410,236.7276,0.2510,3.8000,-0.4500,0.7889,180.2190,0.2979,0.0000,0.0000,0.0000
38.684,513.2924,-1.4145,236.8079,0.2510,3.8000,-0.4500,0.7126,180.2185,0.4457,0.0000,0.0000,0.0000
38.793,513.0879,-1.3910,236.8876,0.2510,3.8000,-0.4500,0.7126,180.2185,0.4457,0.0000,0.0000,0.0000
38.917,512.8430,-1.3635,236.9832,0.2510,3.8000,-0.4500,0.6641,180.2181,0.5112,0.0000,0.0000,0.0000
39.028,512.5989,-1.3369,237.0797,0.2510,3.8000,-0.4500,0.4915,180.2163,0.6920,0.0000,0.0000,0.0000
39.139,512.3945,-1.3176,237.1594,0.2510,3.8000,-0.4500,0.4915,180.2163,0.6920,0.0000,0.0000,0.0000
39.253,512.1494,-1.2962,237.2559,0.2510,3.8000,-0.4500,0.4239,180.2154,0.7387,0.0000,0.0000,0.0000
39.362,511.9044,-1.2772,237.3530,0.2510,3.8000,-0.4500,0.3555,180.2145,0.7845,0.0000,0.0000,0.0000
39.473,511.7003,-1.2634,237.4349,0.2510,3.8000,-0.4500,0.2041,180.2123,0.8586,0.0000,0.0000,0.0000
39.584,511.4550,-1.2495,237.5338,0.2510,3.8000,-0.4500,0.1293,180.2112,0.8934,0.0000,0.0000,0.0000
39.710,511.2099,-1.2392,237.6357,0.2510,3.8000,-0.4500,359.9719,180.2087,0.9414,0.0000,0.0000,0.0000
39.836,510.9648,-1.2325,237.7401,0.2510,3.8000,-0.4500,359.8096,180.2060,0.9745,0.0000,0.0000,0.0000
39.945,510.7196,-1.2299,237.8465,0.2510,3.8000,-0.4500,359.6467,180.2032,0.9948,0.0000,0.0000,0.0000
40.057,510.5152,-1.2299,237.9356,0.2510,3.8000,-0.4500,359.6467,180.2032,0.9948,0.0000,0.0000,0.0000
40.183,510.2289,-1.2368,238.0636,0.2510,3.8000,-0.4500,359.3961,180.1988,1.0033,0.0000,0.0000,0.0000
40.299,510.0240,-1.2463,238.1562,0.2510,3.8000,-0.4500,359.1432,180.1944,0.9879,0.0000,0.0000,0.0000
40.402,509.7780,-1.2600,238.2666,0.2510,3.8000,-0.4500,359.0600,180.1930,0.9776,0.0000,0.0000,0.0000
40.513,509.5727,-1.2761,238.3596,0.2510,3.8000,-0.4500,358.8930,180.1901,0.9550,0.0000,0.0000,0.0000
40.625,509.3259,-1.2995,238.4715,0.2510,3.8000,-0.4500,358.7274,180.1874,0.9241,0.0000,0.0000,0.0000
40.736,509.1199,-1.3241,238.5657,0.2510,3.8000,-0.4500,358.4749,180.1835,0.8675,0.0000,0.0000,0.0000
40.848,508.8727,-1.3553,238.6775,0.2510,3.8000,-0.4500,358.3942,180.1823,0.8486,0.0000,0.0000,0.0000
40.959,508.6660,-1.3871,238.7719,0.2510,3.8000,-0.4500,358.1479,180.1788,0.7804,0.0000,0.0000,0.0000
41.069,508.4184,-1.4255,238.8832,0.2510,3.8000,-0.4500,358.1479,180.1788,0.7804,0.0000,0.0000,0.0000
41.182,508.1698,-1.4725,238.9962,0.2510,3.8000,-0.4500,357.8230,180.1746,0.6805,0.0000,0.0000,0.0000
41.292,507.9630,-1.5110,239.0885,0.2510,3.8000,-0.4500,357.8230,180.1746,0.6805,0.0000,0.0000,0.0000
41.403,507.7142,-1.5626,239.2001,0.2510,3.8000,-0.4500,357.6692,180.1728,0.6295,0.0000,0.0000,0.0000
41.514,507.5067,-1.6085,239.2933,0.2510,3.8000,-0.4500,357.5093,180.1712,0.5746,0.0000,0.0000,0.0000
41.625,507.2577,-1.6645,239.4041,0.2510,3.8000,-0.4500,357.4312,180.1704,0.5478,0.0000,0.0000,0.0000
41.736,507.0503,-1.7120,239.4961,0.2510,3.8000,-0.4500,357.4312,180.1704,0.5478,0.0000,0.0000,0.0000
41.848,506.8008,-1.7730,239.6074,0.2510,3.8000,-0.4500,357.2707,180.1689,0.4915,0.0000,0.0000,0.0000
41.972,506.5514,-1.8340,239.7181,0.2510,3.8000,-0.4500,357.1933,180.1683,0.4644,0.0000,0.0000,0.0000
42.084,506.3023,-1.8946,239.8283,0.2510,3.8000,-0.4500,357.1933,180.1683,0.4644,0.0000,0.0000,0.0000
42.196,506.0945,-1.9452,239.9202,0.2510,3.8000,-0.4500,357.1933,180.1683,0.4644,0.0000,0.0000,0.0000
42.306,505.8452,-2.0054,240.0304,0.2510,3.8000,-0.4500,357.1933,180.1683,0.4644,0.0000,0.0000,0.0000
42.430,505.5961,-2.0645,240.1405,0.2510,3.8000,-0.4500,357.1933,180.1683,0.4644,0.0000,0.0000,0.0000
42.555,505.3469,-2.1218,240.2492,0.2510,3.8000,-0.4500,357.1933,180.1683,0.4644,0.0000,0.0000,0.0000
42.681,505.0562,-2.1855,240.3735,0.2510,3.8000,-0.4500,357.1933,180.1683,0.4644,0.0000,0.0000,0.0000
42.795,504.8485,-2.2285,240.4610,0.2510,3.8000,-0.4500,357.1933,180.1683,0.4644,0.0000,0.0000,0.0000
42.903,504.5993,-2.2767,240.5648,0.2510,3.8000,-0.4500,357.1933,180.1683,0.4644,0.0000,0.0000,0.0000
43.014,504.3917,-2.3139,240.6506,0.2510,3.8000,-0.4500,357.1933,180.1683,0.4644,0.0000,0.0000,0.0000
43.114,504.1841,-2.3480,240.7358,0.2510,3.8000,-0.4500,357.1933,180.1683,0.4644,0.0000,0.0000,0.0000
43.225,503.9354,-2.3845,240.8375,0.2510,3.8000,-0.4500,357.1933,180.1683,0.4644,0.0000,0.0000,0.0000
43.333,503.7283,-2.4111,240.9218,0.2510,3.8000,-0.4500,357.1933,180.1683,0.4644,0.0000,0.0000,0.0000
43.447,503.4800,-2.4380,241.0224,0.2510,3.8000,-0.4500,357.1933,180.1683,0.4644,0.0000,0.0000,0.0000
43.556,503.2733,-2.4562,241.1059,0.2510,3.8000,-0.4500,357.1933,180.1683,0.4644,0.0000,0.0000,0.0000
43.681,502.9855,-2.4688,241.2200,0.2510,3.8000,-0.4500,357.5773,180.1720,0.6320,0.0000,0.0000,0.0000
43.806,502.7386,-2.4762,241.3186,0.2510,3.8000,-0.4500,357.7304,180.1737,0.6901,0.0000,0.0000,0.0000
43.917,502.5333,-2.4762,241.3998,0.2510,3.8000,-0.4500,357.9767,180.1769,0.7750,0.0000,0.0000,0.0000
44.042,502.2462,-2.4706,241.5140,0.2510,3.8000,-0.4500,358.2124,180.1802,0.8522,0.0000,0.0000,0.0000
44.153,502.0416,-2.4602,241.5948,0.2510,3.8000,-0.4500,358.4652,180.1841,0.9267,0.0000,0.0000,0.0000
44.278,501.7964,-2.4414,241.6913,0.2510,3.8000,-0.4500,358.7878,180.1896,1.0236,0.0000,0.0000,0.0000
44.389,501.5517,-2.4165,241.7882,0.2510,3.8000,-0.4500,359.0239,180.1940,1.1004,0.0000,0.0000,0.0000
44.500,501.3076,-2.3840,241.8848,0.2510,3.8000,-0.4500,359.2609,180.1987,1.1845,0.0000,0.0000,0.0000
44.626,501.0645,-2.3426,241.9806,0.2510,3.8000,-0.4500,359.5764,180.2056,1.3067,0.0000,0.0000,0.0000
44.736,500.8628,-2.3012,242.0601,0.2510,3.8000,-0.4500,359.8799,180.2129,1.4388,0.0000,0.0000,0.0000
44.850,500.6212,-2.2463,242.1564,0.2510,3.8000,-0.4500,0.1090,180.2188,1.5475,0.0000,0.0000,0.0000
44.960,500.3809,-2.1823,242.2523,0.2510,3.8000,-0.4500,0.4057,180.2272,1.6962,0.0000,0.0000,0.0000
45.070,500.1807,-2.1260,242.3335,0.2510,3.8000,-0.4500,0.4777,180.2294,1.7335,0.0000,0.0000,0.0000
45.181,499.9430,-2.0451,242.4287,0.2510,3.8000,-0.4500,0.9215,180.2438,1.9763,0.0000,0.0000,0.0000
45.292,499.7446,-1.9772,242.5105,0.2510,3.8000,-0.4500,0.9918,180.2462,2.0164,0.0000,0.0000,0.0000
45.403,499.5085,-1.8856,242.6077,0.2510,3.8000,-0.4500,1.2827,180.2569,2.1846,0.0000,0.0000,0.0000
45.515,499.3121,-1.8057,242.6899,0.2510,3.8000,-0.4500,1.4265,180.2625,2.2693,0.0000,0.0000,0.0000
45.626,499.0778,-1.7034,242.7887,0.2510,3.8000,-0.4500,1.6419,180.2712,2.3967,0.0000,0.0000,0.0000
45.737,498.8832,-1.6143,242.8718,0.2510,3.8000,-0.4500,1.7824,180.2772,2.4800,0.0000,0.0000,0.0000
45.849,498.6507,-1.5015,242.9719,0.2510,3.8000,-0.4500,1.9997,180.2869,2.6077,0.0000,0.0000,0.0000
45.974,498.4185,-1.3865,243.0737,0.2510,3.8000,-0.4500,2.0698,180.2901,2.6488,0.0000,0.0000,0.0000
46.084,498.1875,-1.2660,243.1756,0.2510,3.8000,-0.4500,2.2180,180.2971,2.7327,0.0000,0.0000,0.0000
46.196,497.9954,-1.1636,243.2612,0.2510,3.8000,-0.4500,2.2919,180.3006,2.7742,0.0000,0.0000,0.0000
46.307,497.7657,-1.0373,243.3638,0.2510,3.8000,-0.4500,2.4374,180.3078,2.8521,0.0000,0.0000,0.0000
46.432,497.5358,-0.9111,243.4680,0.2510,3.8000,-0.4500,2.4374,180.3078,2.8521,0.0000,0.0000,0.0000
46.544,497.3068,-0.7811,243.5714,0.2510,3.8000,-0.4500,2.5887,180.3154,2.9231,0.0000,0.0000,0.0000
46.667,497.0774,-0.6528,243.6752,0.2510,3.8000,-0.4500,2.5887,180.3154,2.9231,0.0000,0.0000,0.0000
46.778,496.8861,-0.5458,243.7603,0.2510,3.8000,-0.4500,2.5887,180.3154,2.9231,0.0000,0.0000,0.0000
46.903,496.6180,-0.3974,243.8772,0.2510,3.8000,-0.4500,2.5887,180.3154,2.9231,0.0000,0.0000,0.0000
47.014,496.4261,-0.2926,243.9595,0.2510,3.8000,-0.4500,2.5887,180.3154,2.9231,0.0000,0.0000,0.0000
47.115,496.2341,-0.1896,244.0411,0.2510,3.8000,-0.4500,2.5887,180.3154,2.9231,0.0000,0.0000,0.0000
47.224,496.0031,-0.0686,244.1385,0.2510,3.8000,-0.4500,2.5887,180.3154,2.9231,0.0000,0.0000,0.0000
47.334,495.8102,0.0295,244.2196,0.2510,3.8000,-0.4500,2.5887,180.3154,2.9231,0.0000,0.0000,0.0000
47.445,495.5782,0.1433,244.3169,0.2510,3.8000,-0.4500,2.5887,180.3154,2.9232,0.0000,0.0000,0.0000
47.556,495.3842,0.2344,244.3982,0.2510,3.8000,-0.4500,2.5887,180.3154,2.9232,0.0000,0.0000,0.0000
47.681,495.1117,0.3556,244.5126,0.2510,3.8000,-0.4500,2.5887,180.3154,2.9232,0.0000,0.0000,0.0000
47.806,494.8772,0.4530,244.6114,0.2510,3.8000,-0.4500,2.5887,180.3154,2.9232,0.0000,0.0000,0.0000
47.932,494.6411,0.5422,244.7112,0.2510,3.8000,-0.4500,2.5871,180.3154,2.8379,0.0000,0.0000,0.0000
48.056,494.4023,0.6212,244.8118,0.2510,3.8000,-0.4500,2.5594,180.3141,2.5817,0.0000,0.0000,0.0000
48.167,494.1620,0.6925,244.9120,0.2510,3.8000,-0.4500,2.4961,180.3114,2.3356,0.0000,0.0000,0.0000
48.278,493.9597,0.7433,244.9953,0.2510,3.8000,-0.4500,2.3537,180.3059,2.0261,0.0000,0.0000,0.0000
48.405,493.6765,0.8087,245.1090,0.2510,3.8000,-0.4500,2.2241,180.3016,1.8071,0.0000,0.0000,0.0000
48.514,493.4724,0.8469,245.1892,0.2510,3.8000,-0.4500,2.0803,180.2973,1.5923,0.0000,0.0000,0.0000
48.640,493.1846,0.8888,245.2996,0.2510,3.8000,-0.4500,1.8208,180.2909,1.2537,0.0000,0.0000,0.0000
48.751,492.9783,0.9122,245.3769,0.2510,3.8000,-0.4500,1.6562,180.2876,1.0570,0.0000,0.0000,0.0000
48.877,492.7297,0.9331,245.4679,0.2510,3.8000,-0.4500,1.4929,180.2849,0.8669,0.0000,0.0000,0.0000
48.987,492.4789,0.9417,245.5589,0.2510,3.8000,-0.4500,1.2016,180.2813,0.5447,0.0000,0.0000,0.0000
49.111,492.2279,0.9447,245.6480,0.2510,3.8000,-0.4500,1.0341,180.2799,0.3636,0.0000,0.0000,0.0000
49.236,491.9756,0.9375,245.7370,0.2510,3.8000,-0.4500,0.8107,180.2790,0.1258,0.0000,0.0000,0.0000
49.350,491.7221,0.9217,245.8245,0.2510,3.8000,-0.4500,0.5831,180.2789,359.8874,0.0000,0.0000,0.0000
49.461,491.4678,0.8988,245.9069,0.2510,3.8000,-0.4500,0.4078,180.2796,359.7054,0.0000,0.0000,0.0000
49.583,491.2121,0.8665,245.9852,0.2510,3.8000,-0.4500,0.1755,180.2813,359.4651,0.0000,0.0000,0.0000
49.694,490.9987,0.8358,246.0476,0.2510,3.8000,-0.4500,0.0576,180.2825,359.3439,0.0000,0.0000,0.0000
49.806,490.7419,0.7914,246.1212,0.2510,3.8000,-0.4500,359.8821,180.2848,359.1635,0.0000,0.0000,0.0000
49.933,490.4845,0.7402,246.1943,0.2510,3.8000,-0.4500,359.7046,180.2877,358.9810,0.0000,0.0000,0.0000
50.042,490.2271,0.6843,246.2675,0.2510,3.8000,-0.4500,359.5874,180.2899,358.8604,0.0000,0.0000,0.0000
50.153,490.0122,0.6328,246.3295,0.2510,3.8000,-0.4500,359.4721,180.2923,358.7414,0.0000,0.0000,0.0000
50.264,489.7537,0.5639,246.4058,0.2510,3.8000,-0.4500,359.2441,180.2977,358.5044,0.0000,0.0000,0.0000
50.375,489.5392,0.5078,246.4698,0.2510,3.8000,-0.4500,359.2441,180.2977,358.5044,0.0000,0.0000,0.0000
50.488,489.2812,0.4337,246.5488,0.2510,3.8000,-0.4500,359.1309,180.3008,358.3854,0.0000,0.0000,0.0000
50.611,489.0232,0.3556,246.6294,0.2510,3.8000,-0.4500,359.0168,180.3042,358.2690,0.0000,0.0000,0.0000
50.724,488.7651,0.2756,246.7073,0.2510,3.8000,-0.4500,358.9586,180.3059,358.2123,0.0000,0.0000,0.0000
50.833,488.5494,0.2063,246.7682,0.2510,3.8000,-0.4500,358.8981,180.3079,358.1567,0.0000,0.0000,0.0000
50.944,488.2905,0.1210,246.8371,0.2510,3.8000,-0.4500,358.8370,180.3099,358.1028,0.0000,0.0000,0.0000
51.055,488.0738,0.0452,246.8931,0.2510,3.8000,-0.4500,358.6423,180.3166,357.9528,0.0000,0.0000,0.0000
51.180,487.7716,-0.0572,246.9689,0.2510,3.8000,-0.4500,358.6423,180.3166,357.9529,0.0000,0.0000,0.0000
51.290,487.5558,-0.1315,247.0228,0.2510,3.8000,-0.4500,358.6423,180.3166,357.9528,0.0000,0.0000,0.0000
51.416,487.2965,-0.2238,247.0884,0.2510,3.8000,-0.4500,358.4958,180.3219,357.8835,0.0000,0.0000,0.0000
51.527,487.0377,-0.3140,247.1537,0.2510,3.8000,-0.4500,358.4958,180.3219,357.8835,0.0000,0.0000,0.0000
51.652,486.7791,-0.4039,247.2194,0.2510,3.8000,-0.4500,358.4958,180.3219,357.8835,0.0000,0.0000,0.0000
51.765,486.5206,-0.4938,247.2861,0.2510,3.8000,-0.4500,358.4157,180.3249,357.8739,0.0000,0.0000,0.0000
51.889,486.2624,-0.5814,247.3526,0.2510,3.8000,-0.4500,358.4157,180.3249,357.8739,0.0000,0.0000,0.0000
52.000,486.0046,-0.6672,247.4200,0.2510,3.8000,-0.4500,358.3353,180.3278,357.8882,0.0000,0.0000,0.0000
52.110,485.7902,-0.7367,247.4778,0.2510,3.8000,-0.4500,358.2578,180.3307,357.9061,0.0000,0.0000,0.0000
52.222,485.5334,-0.8171,247.5506,0.2510,3.8000,-0.4500,358.2578,180.3307,357.9061,0.0000,0.0000,0.0000
52.335,485.3202,-0.8810,247.6151,0.2510,3.8000,-0.4500,358.1915,180.3331,357.9574,0.0000,0.0000,0.0000
52.443,485.0648,-0.9542,247.6953,0.2510,3.8000,-0.4500,358.1266,180.3354,358.0104,0.0000,0.0000,0.0000
52.568,484.8105,-1.0218,247.7776,0.2510,3.8000,-0.4500,358.0276,180.3387,358.1446,0.0000,0.0000,0.0000
52.695,484.5562,-1.0853,247.8600,0.2510,3.8000,-0.4500,357.9904,180.3399,358.2167,0.0000,0.0000,0.0000
52.805,484.3033,-1.1409,247.9422,0.2510,3.8000,-0.4500,357.9153,180.3421,358.4562,0.0000,0.0000,0.0000
52.916,484.0920,-1.1848,248.0091,0.2510,3.8000,-0.4500,357.8975,180.3425,358.5356,0.0000,0.0000,0.0000
53.027,483.8401,-1.2282,248.0878,0.2510,3.8000,-0.4500,357.8887,180.3428,358.8642,0.0000,0.0000,0.0000
53.137,483.6287,-1.2649,248.1511,0.2510,3.8000,-0.4500,357.8887,180.3428,358.8642,0.0000,0.0000,0.0000
53.249,483.3773,-1.2972,248.2251,0.2510,3.8000,-0.4500,357.9534,180.3417,359.1957,0.0000,0.0000,0.0000
53.362,483.1238,-1.3304,248.2970,0.2510,3.8000,-0.4500,357.9534,180.3417,359.1957,0.0000,0.0000,0.0000
53.485,482.8726,-1.3517,248.3660,0.2510,3.8000,-0.4500,358.0763,180.3403,359.5089,0.0000,0.0000,0.0000
53.611,482.6196,-1.3743,248.4328,0.2510,3.8000,-0.4500,358.0763,180.3403,359.5089,0.0000,0.0000,0.0000
53.722,482.3687,-1.3858,248.4959,0.2510,3.8000,-0.4500,358.2466,180.3393,359.7889,0.0000,0.0000,0.0000
53.833,482.1582,-1.3972,248.5475,0.2510,3.8000,-0.4500,358.2466,180.3393,359.7889,0.0000,0.0000,0.0000
53.958,481.9071,-1.4027,248.6067,0.2510,3.8000,-0.4500,358.4247,180.3389,359.9716,0.0000,0.0000,0.0000
54.068,481.6551,-1.4076,248.6654,0.2510,3.8000,-0.4500,358.4833,180.3389,0.0279,0.0000,0.0000,0.0000
54.193,481.4032,-1.4093,248.7228,0.2510,3.8000,-0.4500,358.5557,180.3389,0.0728,0.0000,0.0000,0.0000
54.305,481.1519,-1.4054,248.7786,0.2510,3.8000,-0.4500,358.7743,180.3395,0.1985,0.0000,0.0000,0.0000
54.416,480.9417,-1.4033,248.8257,0.2510,3.8000,-0.4500,358.7743,180.3395,0.1985,0.0000,0.0000,0.0000
54.527,480.6902,-1.3952,248.8802,0.2510,3.8000,-0.4500,359.0107,180.3405,0.2761,0.0000,0.0000,0.0000
54.652,480.4383,-1.3861,248.9345,0.2510,3.8000,-0.4500,359.1805,180.3413,0.3041,0.0000,0.0000,0.0000
54.777,480.1861,-1.3749,248.9883,0.2510,3.8000,-0.4500,359.3471,180.3422,0.3268,0.0000,0.0000,0.0000
54.902,479.8916,-1.3593,249.0500,0.2510,3.8000,-0.4500,359.5950,180.3437,0.3271,0.0000,0.0000,0.0000
55.013,479.6809,-1.3471,249.0936,0.2510,3.8000,-0.4500,359.7602,180.3446,0.3132,0.0000,0.0000,0.0000
55.138,479.4280,-1.3313,249.1455,0.2510,3.8000,-0.4500,359.9211,180.3454,0.2923,0.0000,0.0000,0.0000
55.263,479.1324,-1.3111,249.2048,0.2510,3.8000,-0.4500,0.1663,180.3466,0.2405,0.0000,0.0000,0.0000
55.373,478.9210,-1.2962,249.2472,0.2510,3.8000,-0.4500,0.2466,180.3469,0.2179,0.0000,0.0000,0.0000
55.474,478.7091,-1.2803,249.2879,0.2510,3.8000,-0.4500,0.4874,180.3477,0.1436,0.0000,0.0000,0.0000
55.582,478.4548,-1.2612,249.3374,0.2510,3.8000,-0.4500,0.5655,180.3478,0.1136,0.0000,0.0000,0.0000
55.693,478.2425,-1.2447,249.3775,0.2510,3.8000,-0.4500,0.7222,180.3481,0.0514,0.0000,0.0000,0.0000
55.804,477.9872,-1.2248,249.4247,0.2510,3.8000,-0.4500,0.9470,180.3481,359.9461,0.0000,0.0000,0.0000
55.916,477.7744,-1.2081,249.4642,0.2510,3.8000,-0.4500,1.0205,180.3480,359.9099,0.0000,0.0000,0.0000
56.041,477.4758,-1.1851,249.5186,0.2510,3.8000,-0.4500,1.1654,180.3476,359.8282,0.0000,0.0000,0.0000
56.154,477.2613,-1.1696,249.5559,0.2510,3.8000,-0.4500,1.4470,180.3464,359.6511,0.0000,0.0000,0.0000
56.264,477.0049,-1.1503,249.6026,0.2510,3.8000,-0.4500,1.4470,180.3464,359.6511,0.0000,0.0000,0.0000
56.375,476.7899,-1.1359,249.6401,0.2510,3.8000,-0.4500,1.6449,180.3449,359.5010,0.0000,0.0000,0.0000
56.486,476.5327,-1.1180,249.6866,0.2510,3.8000,-0.4500,1.6449,180.3449,359.5010,0.0000,0.0000,0.0000
56.597,476.3169,-1.1056,249.7241,0.2510,3.8000,-0.4500,1.8377,180.3429,359.3290,0.0000,0.0000,0.0000
56.708,476.0586,-1.0904,249.7706,0.2510,3.8000,-0.4500,1.8983,180.3422,359.2733,0.0000,0.0000,0.0000
56.833,475.7993,-1.0775,249.8171,0.2510,3.8000,-0.4500,2.0121,180.3406,359.1497,0.0000,0.0000,0.0000
56.946,475.5402,-1.0656,249.8638,0.2510,3.8000,-0.4500,2.0674,180.3398,359.0883,0.0000,0.0000,0.0000
57.056,475.3236,-1.0573,249.9014,0.2510,3.8000,-0.4500,2.1192,180.3389,359.0204,0.0000,0.0000,0.0000
57.166,475.0628,-1.0498,249.9452,0.2510,3.8000,-0.4500,2.2209,180.3371,358.8843,0.0000,0.0000,0.0000
57.277,474.8451,-1.0455,249.9814,0.2510,3.8000,-0.4500,2.3075,180.3353,358.7503,0.0000,0.0000,0.0000
57.388,474.5844,-1.0402,250.0255,0.2510,3.8000,-0.4500,2.3075,180.3353,358.7503,0.0000,0.0000,0.0000
57.513,474.3229,-1.0381,250.0698,0.2510,3.8000,-0.4500,2.3465,180.3344,358.6778,0.0000,0.0000,0.0000
57.625,474.0601,-1.0407,250.1143,0.2510,3.8000,-0.4500,2.4547,180.3317,358.4391,0.0000,0.0000,0.0000
57.736,473.8417,-1.0427,250.1533,0.2510,3.8000,-0.4500,2.4873,180.3307,358.3640,0.0000,0.0000,0.0000
57.847,473.5801,-1.0458,250.2021,0.2510,3.8000,-0.4500,2.4873,180.3307,358.3640,0.0000,0.0000,0.0000
57.958,473.3615,-1.0512,250.2438,0.2510,3.8000,-0.4500,2.5100,180.3301,358.2850,0.0000,0.0000,0.0000
58.070,473.0989,-1.0595,250.2949,0.2510,3.8000,-0.4500,2.5293,180.3295,358.2046,0.0000,0.0000,0.0000
58.181,472.8364,-1.0698,250.3479,0.2510,3.8000,-0.4500,2.5479,180.3289,358.1245,0.0000,0.0000,0.0000
58.292,472.6181,-1.0787,250.3935,0.2510,3.8000,-0.4500,2.5479,180.3289,358.1245,0.0000,0.0000,0.0000
58.403,472.3554,-1.0923,250.4497,0.2510,3.8000,-0.4500,2.5584,180.3286,358.0438,0.0000,0.0000,0.0000
58.515,472.1368,-1.1037,250.4983,0.2510,3.8000,-0.4500,2.5584,180.3286,358.0438,0.0000,0.0000,0.0000
58.640,471.8305,-1.1227,250.5685,0.2510,3.8000,-0.4500,2.5627,180.3284,357.9617,0.0000,0.0000,0.0000
58.765,471.5683,-1.1390,250.6307,0.2510,3.8000,-0.4500,2.5627,180.3284,357.9617,0.0000,0.0000,0.0000
58.875,471.3498,-1.1532,250.6834,0.2510,3.8000,-0.4500,2.5627,180.3284,357.9617,0.0000,0.0000,0.0000
58.986,471.0876,-1.1709,250.7474,0.2510,3.8000,-0.4500,2.5627,180.3284,357.9617,0.0000,0.0000,0.0000
59.097,470.8688,-1.1859,250.8011,0.2510,3.8000,-0.4500,2.5627,180.3284,357.9617,0.0000,0.0000,0.0000
59.208,470.6066,-1.2040,250.8660,0.2510,3.8000,-0.4500,2.5627,180.3284,357.9618,0.0000,0.0000,0.0000
59.319,470.3882,-1.2189,250.9202,0.2510,3.8000,-0.4500,2.5627,180.3284,357.9618,0.0000,0.0000,0.0000
59.445,470.0825,-1.2390,250.9963,0.2510,3.8000,-0.4500,2.5627,180.3284,357.9618,0.0000,0.0000,0.0000
59.556,469.8642,-1.2526,251.0507,0.2510,3.8000,-0.4500,2.5627,180.3284,357.9618,0.0000,0.0000,0.0000
59.681,469.5590,-1.2701,251.1269,0.2510,3.8000,-0.4500,2.5627,180.3284,357.9618,0.0000,0.0000,0.0000
59.807,469.2974,-1.2833,251.1923,0.2510,3.8000,-0.4500,2.5627,180.3284,357.9618,0.0000,0.0000,0.0000
59.917,469.0797,-1.2926,251.2467,0.2510,3.8000,-0.4500,2.5627,180.3284,357.9618,0.0000,0.0000,0.0000
60.029,468.8187,-1.3016,251.3120,0.2510,3.8000,-0.4500,2.5627,180.3284,357.9618,0.0000,0.0000,0.0000
60.152,468.5580,-1.3078,251.3772,0.2510,3.8000,-0.4500,2.5627,180.3284,357.9618,0.0000,0.0000,0.0000
60.264,468.2977,-1.3109,251.4422,0.2510,3.8000,-0.4500,2.5627,180.3284,357.9618,0.0000,0.0000,0.0000
60.403,467.9945,-1.3102,251.5180,0.2510,3.8000,-0.4500,2.5627,180.3284,357.9618,0.0000,0.0000,0.0000
60.514,467.7783,-1.3065,251.5720,0.2510,3.8000,-0.4500,2.5628,180.3284,357.9619,0.0000,0.0000,0.0000
60.625,467.5192,-1.2983,251.6366,0.2510,3.8000,-0.4500,2.5628,180.3284,357.9619,0.0000,0.0000,0.0000
60.736,467.3038,-1.2883,251.6902,0.2510,3.8000,-0.4500,2.5628,180.3284,357.9619,0.0000,0.0000,0.0000
60.849,467.0461,-1.2708,251.7545,0.2510,3.8000,-0.4500,2.5420,180.3291,358.0443,0.0000,0.0000,0.0000
60.972,466.7902,-1.2460,251.8174,0.2510,3.8000,-0.4500,2.4854,180.3310,358.2938,0.0000,0.0000,0.0000
61.098,466.5345,-1.2164,251.8772,0.2510,3.8000,-0.4500,2.4541,180.3318,358.5413,0.0000,0.0000,0.0000
61.208,466.2793,-1.1819,251.9336,0.2510,3.8000,-0.4500,2.4384,180.3322,358.7903,0.0000,0.0000,0.0000
61.321,466.0242,-1.1438,251.9863,0.2510,3.8000,-0.4500,2.4355,180.3323,358.9571,0.0000,0.0000,0.0000
61.429,465.8121,-1.1078,252.0276,0.2510,3.8000,-0.4500,2.4368,180.3322,359.1278,0.0000,0.0000,0.0000
61.555,465.5587,-1.0593,252.0743,0.2510,3.8000,-0.4500,2.4413,180.3322,359.3744,0.0000,0.0000,0.0000
61.680,465.2637,-0.9970,252.1269,0.2510,3.8000,-0.4500,2.4549,180.3321,359.6298,0.0000,0.0000,0.0000
61.805,465.0116,-0.9392,252.1712,0.2510,3.8000,-0.4500,2.4645,180.3320,359.7937,0.0000,0.0000,0.0000
61.930,464.7610,-0.8750,252.2147,0.2510,3.8000,-0.4500,2.4835,180.3320,0.0507,0.0000,0.0000,0.0000
62.056,464.5103,-0.8093,252.2582,0.2510,3.8000,-0.4500,2.4899,180.3320,0.1343,0.0000,0.0000,0.0000
62.166,464.2622,-0.7345,252.3011,0.2510,3.8000,-0.4500,2.5173,180.3321,0.4683,0.0000,0.0000,0.0000
62.277,464.0550,-0.6723,252.3374,0.2510,3.8000,-0.4500,2.5245,180.3322,0.5500,0.0000,0.0000,0.0000
62.389,463.8080,-0.5927,252.3813,0.2510,3.8000,-0.4500,2.5392,180.3324,0.7142,0.0000,0.0000,0.0000
62.499,463.6037,-0.5211,252.4184,0.2510,3.8000,-0.4500,2.5634,180.3327,0.9647,0.0000,0.0000,0.0000
62.610,463.3581,-0.4357,252.4644,0.2510,3.8000,-0.4500,2.5713,180.3329,1.0450,0.0000,0.0000,0.0000
62.735,463.1140,-0.3453,252.5115,0.2510,3.8000,-0.4500,2.5881,180.3332,1.2138,0.0000,0.0000,0.0000
62.847,462.8702,-0.2532,252.5599,0.2510,3.8000,-0.4500,2.5961,180.3334,1.2981,0.0000,0.0000,0.0000
62.958,462.6687,-0.1727,252.6006,0.2510,3.8000,-0.4500,2.6116,180.3337,1.4650,0.0000,0.0000,0.0000
63.069,462.4260,-0.0777,252.6491,0.2510,3.8000,-0.4500,2.6116,180.3337,1.4650,0.0000,0.0000,0.0000
63.180,462.1848,0.0220,252.6962,0.2510,3.8000,-0.4500,2.6223,180.3340,1.6272,0.0000,0.0000,0.0000
63.291,461.9832,0.1036,252.7355,0.2510,3.8000,-0.4500,2.6223,180.3340,1.6272,0.0000,0.0000,0.0000
63.404,461.7429,0.2050,252.7821,0.2510,3.8000,-0.4500,2.6211,180.3340,1.7934,0.0000,0.0000,0.0000
63.527,461.5020,0.3038,252.8295,0.2510,3.8000,-0.4500,2.6211,180.3340,1.7934,0.0000,0.0000,0.0000
63.639,461.3015,0.3859,252.8698,0.2510,3.8000,-0.4500,2.6211,180.3340,1.7934,0.0000,0.0000,0.0000
63.749,461.0586,0.4357,252.9208,0.2510,3.8000,-0.4500,2.6211,180.3340,1.7934,0.0000,0.0000,0.0000
63.875,460.8056,0.4658,252.9727,0.2510,3.8000,-0.4500,2.5579,180.3324,0.9783,0.0000,0.0000,0.0000
63.986,460.5414,0.4553,253.0201,0.2510,3.8000,-0.4500,2.4950,180.3321,359.4797,0.0000,0.0000,0.0000
64.097,460.3203,0.4309,253.0562,0.2510,3.8000,-0.4500,2.4628,180.3327,358.5417,0.0000,0.0000,0.0000
64.197,460.1011,0.4150,253.0941,0.2510,3.8000,-0.4500,2.4458,180.3332,358.1171,0.0000,0.0000,0.0000
64.306,459.8406,0.4059,253.1439,0.2510,3.8000,-0.4500,2.4458,180.3332,358.1171,0.0000,0.0000,0.0000
64.416,459.6234,0.4000,253.1866,0.2510,3.8000,-0.4500,2.4458,180.3332,358.1171,0.0000,0.0000,0.0000
64.545,459.3185,0.3954,253.2434,0.2510,3.8000,-0.4500,2.4458,180.3332,358.1171,0.0000,0.0000,0.0000
64.655,459.1008,0.3950,253.2819,0.2510,3.8000,-0.4500,2.4458,180.3332,358.1171,0.0000,0.0000,0.0000
64.759,458.8831,0.3971,253.3192,0.2510,3.8000,-0.4500,2.4458,180.3332,358.1171,0.0000,0.0000,0.0000
64.873,458.6220,0.4028,253.3628,0.2510,3.8000,-0.4500,2.4458,180.3332,358.1171,0.0000,0.0000,0.0000
64.999,458.3612,0.4119,253.4057,0.2510,3.8000,-0.4500,2.4458,180.3332,358.1171,0.0000,0.0000,0.0000
65.125,458.0575,0.4268,253.4552,0.2510,3.8000,-0.4500,2.4458,180.3332,358.1171,0.0000,0.0000,0.0000
65.235,457.8409,0.4402,253.4904,0.2510,3.8000,-0.4500,2.4458,180.3332,358.1171,0.0000,0.0000,0.0000
65.361,457.5388,0.4643,253.5393,0.2510,3.8000,-0.4500,2.4390,180.3334,358.2015,0.0000,0.0000,0.0000
65.471,457.3244,0.4877,253.5729,0.2510,3.8000,-0.4500,2.4195,180.3340,358.4533,0.0000,0.0000,0.0000
65.582,457.0661,0.5148,253.6099,0.2510,3.8000,-0.4500,2.4144,180.3341,358.5354,0.0000,0.0000,0.0000
65.707,456.8088,0.5467,253.6432,0.2510,3.8000,-0.4500,2.4043,180.3343,358.7003,0.0000,0.0000,0.0000
65.818,456.5946,0.5759,253.6573,0.2510,3.8000,-0.4500,2.3950,180.3345,358.8653,0.0000,0.0000,0.0000
65.930,456.3371,0.6108,253.6484,0.2510,3.8000,-0.4500,2.3904,180.3346,358.9476,0.0000,0.0000,0.0000
66.041,456.0817,0.6523,253.6245,0.2510,3.8000,-0.4500,2.3714,180.3349,359.2834,0.0000,0.0000,0.0000
66.153,455.8673,0.6840,253.6001,0.2510,3.8000,-0.4500,2.3714,180.3349,359.2834,0.0000,0.0000,0.0000
66.264,455.6111,0.7272,253.5682,0.2510,3.8000,-0.4500,2.3604,180.3350,359.4474,0.0000,0.0000,0.0000
66.375,455.3977,0.7641,253.5414,0.2510,3.8000,-0.4500,2.3549,180.3351,359.5280,0.0000,0.0000,0.0000
66.488,455.1412,0.8087,253.5097,0.2510,3.8000,-0.4500,2.3549,180.3351,359.5280,0.0000,0.0000,0.0000
66.610,454.8868,0.8595,253.4789,0.2510,3.8000,-0.4500,2.3308,180.3352,359.7773,0.0000,0.0000,0.0000
66.735,454.6311,0.9079,253.4496,0.2510,3.8000,-0.4500,2.3308,180.3352,359.7773,0.0000,0.0000,0.0000
66.860,454.3347,0.9700,253.4167,0.2510,3.8000,-0.4500,2.2937,180.3353,0.0212,0.0000,0.0000,0.0000
66.986,454.0797,1.0210,253.3895,0.2510,3.8000,-0.4500,2.2937,180.3353,0.0212,0.0000,0.0000,0.0000
67.097,453.8674,1.0639,253.3672,0.2510,3.8000,-0.4500,2.2937,180.3353,0.0212,0.0000,0.0000,0.0000
67.208,453.6136,1.1183,253.3463,0.2510,3.8000,-0.4500,2.2497,180.3352,0.1801,0.0000,0.0000,0.0000
67.333,453.3595,1.1706,253.3387,0.2510,3.8000,-0.4500,2.2497,180.3352,0.1801,0.0000,0.0000,0.0000
67.457,453.1062,1.2229,253.3448,0.2510,3.8000,-0.4500,2.2497,180.3352,0.1801,0.0000,0.0000,0.0000
67.557,452.8961,1.2672,253.3585,0.2510,3.8000,-0.4500,2.2164,180.3351,0.2534,0.0000,0.0000,0.0000
67.682,452.6021,1.3267,253.3865,0.2510,3.8000,-0.4500,2.2164,180.3351,0.2534,0.0000,0.0000,0.0000
67.792,452.3930,1.3688,253.4113,0.2510,3.8000,-0.4500,2.1725,180.3349,0.3209,0.0000,0.0000,0.0000
67.902,452.1420,1.4172,253.4444,0.2510,3.8000,-0.4500,2.1185,180.3345,0.3796,0.0000,0.0000,0.0000
68.028,451.8908,1.4628,253.4798,0.2510,3.8000,-0.4500,2.1185,180.3345,0.3796,0.0000,0.0000,0.0000
68.139,451.6815,1.4988,253.5107,0.2510,3.8000,-0.4500,2.1185,180.3345,0.3796,0.0000,0.0000,0.0000
68.250,451.4306,1.5395,253.5495,0.2510,3.8000,-0.4500,2.0503,180.3341,0.4255,0.0000,0.0000,0.0000
68.374,451.1798,1.5767,253.5901,0.2510,3.8000,-0.4500,1.8977,180.3328,0.4932,0.0000,0.0000,0.0000
68.499,450.9283,1.6103,253.6308,0.2510,3.8000,-0.4500,1.8977,180.3328,0.4932,0.0000,0.0000,0.0000
68.610,450.6768,1.6394,253.6736,0.2510,3.8000,-0.4500,1.7360,180.3314,0.5257,0.0000,0.0000,0.0000
68.723,450.4248,1.6632,253.7180,0.2510,3.8000,-0.4500,1.4915,180.3291,0.5313,0.0000,0.0000,0.0000
68.833,450.2147,1.6813,253.7542,0.2510,3.8000,-0.4500,1.4915,180.3291,0.5313,0.0000,0.0000,0.0000
68.959,449.9618,1.6961,253.8001,0.2510,3.8000,-0.4500,1.2415,180.3269,0.4814,0.0000,0.0000,0.0000
69.070,449.7087,1.7080,253.8455,0.2510,3.8000,-0.4500,1.1620,180.3263,0.4631,0.0000,0.0000,0.0000
69.180,449.4546,1.7127,253.8925,0.2510,3.8000,-0.4500,0.9251,180.3245,0.3725,0.0000,0.0000,0.0000
69.304,449.2005,1.7148,253.9386,0.2510,3.8000,-0.4500,0.8495,180.3241,0.3417,0.0000,0.0000,0.0000
69.416,448.9880,1.7113,253.9778,0.2510,3.8000,-0.4500,0.7036,180.3233,0.2691,0.0000,0.0000,0.0000
69.529,448.7325,1.7017,254.0253,0.2510,3.8000,-0.4500,0.4892,180.3225,0.1514,0.0000,0.0000,0.0000
69.638,448.5197,1.6917,254.0643,0.2510,3.8000,-0.4500,0.4188,180.3223,0.1083,0.0000,0.0000,0.0000
69.749,448.2636,1.6741,254.1118,0.2510,3.8000,-0.4500,0.2775,180.3222,0.0207,0.0000,0.0000,0.0000
69.863,448.0067,1.6503,254.1606,0.2510,3.8000,-0.4500,0.0701,180.3223,359.8845,0.0000,0.0000,0.0000
69.986,447.7502,1.6229,254.2135,0.2510,3.8000,-0.4500,359.9309,180.3227,359.7896,0.0000,0.0000,0.0000
70.111,447.4940,1.5910,254.2720,0.2510,3.8000,-0.4500,359.7952,180.3233,359.6967,0.0000,0.0000,0.0000
70.236,447.2378,1.5544,254.3354,0.2510,3.8000,-0.4500,359.6601,180.3242,359.6037,0.0000,0.0000,0.0000
70.346,446.9817,1.5136,254.4026,0.2510,3.8000,-0.4500,359.5232,180.3252,359.5103,0.0000,0.0000,0.0000
70.472,446.7257,1.4687,254.4726,0.2510,3.8000,-0.4500,359.3872,180.3265,359.4193,0.0000,0.0000,0.0000
70.585,446.4698,1.4213,254.5442,0.2510,3.8000,-0.4500,359.3188,180.3272,359.3749,0.0000,0.0000,0.0000
70.693,446.2563,1.3775,254.6056,0.2510,3.8000,-0.4500,359.1780,180.3289,359.2862,0.0000,0.0000,0.0000
70.804,446.0006,1.3253,254.6796,0.2510,3.8000,-0.4500,359.1780,180.3289,359.2862,0.0000,0.0000,0.0000
70.916,445.7868,1.2756,254.7433,0.2510,3.8000,-0.4500,358.9615,180.3318,359.1600,0.0000,0.0000,0.0000
71.027,445.5311,1.2183,254.8192,0.2510,3.8000,-0.4500,358.9615,180.3318,359.1600,0.0000,0.0000,0.0000
71.138,445.3177,1.1675,254.8835,0.2510,3.8000,-0.4500,358.8910,180.3329,359.1238,0.0000,0.0000,0.0000
71.263,445.0190,1.0936,254.9753,0.2510,3.8000,-0.4500,358.7415,180.3352,359.0554,0.0000,0.0000,0.0000
71.376,444.8062,1.0412,255.0422,0.2510,3.8000,-0.4500,358.7415,180.3352,359.0554,0.0000,0.0000,0.0000
71.499,444.5506,0.9750,255.1258,0.2510,3.8000,-0.4500,358.5851,180.3379,359.0026,0.0000,0.0000,0.0000
71.611,444.2957,0.9100,255.2104,0.2510,3.8000,-0.4500,358.5851,180.3379,359.0026,0.0000,0.0000,0.0000
71.736,444.0411,0.8446,255.2967,0.2510,3.8000,-0.4500,358.5851,180.3379,359.0026,0.0000,0.0000,0.0000
71.847,443.7865,0.7772,255.3851,0.2510,3.8000,-0.4500,358.4205,180.3408,358.9783,0.0000,0.0000,0.0000
71.973,443.5322,0.7118,255.4731,0.2510,3.8000,-0.4500,358.4205,180.3408,358.9783,0.0000,0.0000,0.0000
72.083,443.2782,0.6468,255.5618,0.2510,3.8000,-0.4500,358.4205,180.3408,358.9783,0.0000,0.0000,0.0000
72.195,443.0668,0.5928,255.6366,0.2510,3.8000,-0.4500,358.3400,180.3422,358.9837,0.0000,0.0000,0.0000
72.305,442.8132,0.5291,255.7265,0.2510,3.8000,-0.4500,358.2604,180.3436,359.0010,0.0000,0.0000,0.0000
72.415,442.6018,0.4772,255.8010,0.2510,3.8000,-0.4500,358.2604,180.3436,359.0010,0.0000,0.0000,0.0000
72.541,442.3067,0.4060,255.9056,0.2510,3.8000,-0.4500,358.1068,180.3462,359.0612,0.0000,0.0000,0.0000
72.653,442.0948,0.3568,255.9680,0.2510,3.8000,-0.4500,358.1068,180.3462,359.0612,0.0000,0.0000,0.0000
72.764,441.8392,0.3005,256.0135,0.2510,3.8000,-0.4500,358.1068,180.3462,359.0612,0.0000,0.0000,0.0000
72.889,441.5835,0.2476,256.0255,0.2510,3.8000,-0.4500,358.0388,180.3473,359.1070,0.0000,0.0000,0.0000
73.013,441.3282,0.1975,256.0152,0.2510,3.8000,-0.4500,357.9751,180.3483,359.1561,0.0000,0.0000,0.0000
73.114,441.1158,0.1578,255.9955,0.2510,3.8000,-0.4500,357.9163,180.3491,359.2131,0.0000,0.0000,0.0000
73.222,440.8608,0.1114,255.9628,0.2510,3.8000,-0.4500,357.9163,180.3491,359.2131,0.0000,0.0000,0.0000
73.332,440.6496,0.0751,255.9318,0.2510,3.8000,-0.4500,357.8084,180.3505,359.3344,0.0000,0.0000,0.0000
73.443,440.3954,0.0311,255.8906,0.2510,3.8000,-0.4500,357.8084,180.3505,359.3344,0.0000,0.0000,0.0000
73.569,440.1414,-0.0122,255.8475,0.2510,3.8000,-0.4500,357.8084,180.3505,359.3344,0.0000,0.0000,0.0000
73.680,439.8875,-0.0551,255.8032,0.2510,3.8000,-0.4500,357.8084,180.3505,359.3344,0.0000,0.0000,0.0000
73.804,439.6337,-0.0978,255.7581,0.2510,3.8000,-0.4500,357.8084,180.3505,359.3344,0.0000,0.0000,0.0000
73.930,439.3801,-0.1404,255.7120,0.2510,3.8000,-0.4500,357.8084,180.3505,359.3344,0.0000,0.0000,0.0000
74.041,439.1273,-0.1829,255.6592,0.2510,3.8000,-0.4500,357.8084,180.3505,359.3344,0.0000,0.0000,0.0000
74.165,438.8753,-0.2249,255.5963,0.2510,3.8000,-0.4500,357.8084,180.3505,359.3344,0.0000,0.0000,0.0000
74.277,438.6659,-0.2595,255.5369,0.2510,3.8000,-0.4500,357.8084,180.3505,359.3344,0.0000,0.0000,0.0000
74.388,438.4154,-0.3006,255.4594,0.2510,3.8000,-0.4500,357.8084,180.3505,359.3344,0.0000,0.0000,0.0000
74.513,438.1652,-0.3414,255.3771,0.2510,3.8000,-0.4500,357.8084,180.3505,359.3344,0.0000,0.0000,0.0000
74.638,437.9154,-0.3819,255.2918,0.2510,3.8000,-0.4500,357.8084,180.3505,359.3344,0.0000,0.0000,0.0000
74.763,437.6245,-0.4282,255.1903,0.2510,3.8000,-0.4500,357.7592,180.3510,359.4001,0.0000,0.0000,0.0000
74.888,437.3751,-0.4683,255.1020,0.2510,3.8000,-0.4500,357.7592,180.3510,359.4001,0.0000,0.0000,0.0000
74.998,437.1682,-0.5000,255.0288,0.2510,3.8000,-0.4500,357.6602,180.3520,359.5291,0.0000,0.0000,0.0000
75.099,436.9605,-0.5330,254.9547,0.2510,3.8000,-0.4500,357.6602,180.3520,359.5291,0.0000,0.0000,0.0000
75.221,436.6699,-0.5785,254.8510,0.2510,3.8000,-0.4500,357.6602,180.3520,359.5291,0.0000,0.0000,0.0000
75.333,436.4628,-0.6098,254.7773,0.2510,3.8000,-0.4500,357.6117,180.3523,359.5934,0.0000,0.0000,0.0000
75.457,436.2139,-0.6476,254.6879,0.2510,3.8000,-0.4500,357.6117,180.3523,359.5934,0.0000,0.0000,0.0000
75.571,435.9659,-0.6836,254.5968,0.2510,3.8000,-0.4500,357.5635,180.3526,359.6604,0.0000,0.0000,0.0000
75.679,435.7595,-0.7125,254.5194,0.2510,3.8000,-0.4500,357.5165,180.3529,359.7303,0.0000,0.0000,0.0000
75.791,435.5122,-0.7462,254.4251,0.2510,3.8000,-0.4500,357.4699,180.3531,359.8000,0.0000,0.0000,0.0000
75.915,435.2653,-0.7785,254.3298,0.2510,3.8000,-0.4500,357.4280,180.3532,359.8705,0.0000,0.0000,0.0000
76.041,434.9768,-0.8153,254.2175,0.2510,3.8000,-0.4500,357.4280,180.3532,359.8705,0.0000,0.0000,0.0000
76.166,434.7309,-0.8432,254.1215,0.2510,3.8000,-0.4500,357.3488,180.3533,0.0188,0.0000,0.0000,0.0000
76.277,434.5255,-0.8668,254.0409,0.2510,3.8000,-0.4500,357.3488,180.3533,0.0188,0.0000,0.0000,0.0000
76.402,434.2392,-0.8956,253.9285,0.2510,3.8000,-0.4500,357.2808,180.3532,0.1715,0.0000,0.0000,0.0000
76.527,433.9932,-0.9201,253.8316,0.2510,3.8000,-0.4500,357.2808,180.3532,0.1715,0.0000,0.0000,0.0000
76.638,433.7895,-0.9367,253.7514,0.2510,3.8000,-0.4500,357.2236,180.3529,0.3299,0.0000,0.0000,0.0000
76.749,433.5446,-0.9564,253.6547,0.2510,3.8000,-0.4500,357.1998,180.3528,0.4092,0.0000,0.0000,0.0000
76.860,433.2993,-0.9743,253.5657,0.2510,3.8000,-0.4500,357.1783,180.3526,0.4903,0.0000,0.0000,0.0000
76.960,433.0940,-0.9872,253.5126,0.2510,3.8000,-0.4500,357.1371,180.3522,0.6500,0.0000,0.0000,0.0000
77.071,432.8861,-1.0021,253.4810,0.2510,3.8000,-0.4500,357.1371,180.3522,0.6500,0.0000,0.0000,0.0000
77.193,432.6364,-1.0186,253.4743,0.2510,3.8000,-0.4500,357.1216,180.3520,0.7317,0.0000,0.0000,0.0000
77.304,432.3872,-1.0330,253.4910,0.2510,3.8000,-0.4500,357.0933,180.3516,0.8966,0.0000,0.0000,0.0000
77.415,432.1790,-1.0466,253.5170,0.2510,3.8000,-0.4500,357.0933,180.3516,0.8966,0.0000,0.0000,0.0000
77.540,431.8893,-1.0615,253.5659,0.2510,3.8000,-0.4500,357.0698,180.3512,1.0608,0.0000,0.0000,0.0000
77.651,431.6821,-1.0729,253.6068,0.2510,3.8000,-0.4500,357.0698,180.3512,1.0608,0.0000,0.0000,0.0000
77.765,431.4354,-1.0827,253.6635,0.2510,3.8000,-0.4500,357.0494,180.3508,1.2235,0.0000,0.0000,0.0000
77.888,431.1891,-1.0944,253.7349,0.2510,3.8000,-0.4500,357.0494,180.3508,1.2235,0.0000,0.0000,0.0000
77.999,430.9857,-1.1023,253.8062,0.2510,3.8000,-0.4500,357.0401,180.3506,1.3031,0.0000,0.0000,0.0000
78.124,430.7029,-1.1120,253.9208,0.2510,3.8000,-0.4500,357.0214,180.3501,1.4642,0.0000,0.0000,0.0000
78.249,430.4606,-1.1220,254.0288,0.2510,3.8000,-0.4500,357.0214,180.3501,1.4642,0.0000,0.0000,0.0000
78.361,430.2190,-1.1313,254.1427,0.2510,3.8000,-0.4500,357.0214,180.3501,1.4643,0.0000,0.0000,0.0000
78.471,430.0188,-1.1374,254.2409,0.2510,3.8000,-0.4500,357.0110,180.3499,1.5446,0.0000,0.0000,0.0000
78.597,429.7782,-1.1458,254.3611,0.2510,3.8000,-0.4500,357.0110,180.3499,1.5446,0.0000,0.0000,0.0000
78.723,429.4984,-1.1538,254.5024,0.2510,3.8000,-0.4500,356.9996,180.3495,1.6240,0.0000,0.0000,0.0000
78.833,429.2980,-1.1601,254.6026,0.2510,3.8000,-0.4500,356.9996,180.3495,1.6240,0.0000,0.0000,0.0000
78.944,429.0577,-1.1674,254.7219,0.2510,3.8000,-0.4500,356.9996,180.3495,1.6240,0.0000,0.0000,0.0000
79.070,428.8181,-1.1734,254.8404,0.2510,3.8000,-0.4500,356.9843,180.3491,1.7038,0.0000,0.0000,0.0000
79.181,428.5779,-1.1806,254.9584,0.2510,3.8000,-0.4500,356.9843,180.3491,1.7038,0.0000,0.0000,0.0000
79.291,428.3777,-1.1867,255.0565,0.2510,3.8000,-0.4500,356.9843,180.3491,1.7038,0.0000,0.0000,0.0000
79.416,428.1378,-1.1942,255.1742,0.2510,3.8000,-0.4500,356.9843,180.3491,1.7039,0.0000,0.0000,0.0000
79.530,427.8977,-1.2021,255.2919,0.2510,3.8000,-0.4500,356.9843,180.3491,1.7039,0.0000,0.0000,0.0000
79.638,427.6975,-1.2089,255.3899,0.2510,3.8000,-0.4500,356.9843,180.3491,1.7039,0.0000,0.0000,0.0000
79.752,427.4573,-1.2174,255.5076,0.2510,3.8000,-0.4500,356.9843,180.3491,1.7039,0.0000,0.0000,0.0000
79.860,427.2171,-1.2263,255.6251,0.2510,3.8000,-0.4500,356.9843,180.3491,1.7039,0.0000,0.0000,0.0000
79.971,427.0169,-1.2341,255.7230,0.2510,3.8000,-0.4500,356.9843,180.3491,1.7039,0.0000,0.0000,0.0000
80.082,426.7766,-1.2436,255.8405,0.2510,3.8000,-0.4500,356.9843,180.3491,1.7039,0.0000,0.0000,0.0000
80.194,426.5763,-1.2518,255.9384,0.2510,3.8000,-0.4500,356.9843,180.3491,1.7039,0.0000,0.0000,0.0000
80.305,426.3358,-1.2618,256.0558,0.2510,3.8000,-0.4500,356.9843,180.3491,1.7039,0.0000,0.0000,0.0000
80.431,426.0954,-1.2719,256.1732,0.2510,3.8000,-0.4500,356.9843,180.3491,1.7039,0.0000,0.0000,0.0000
80.541,425.8548,-1.2820,256.2906,0.2510,3.8000,-0.4500,356.9843,180.3491,1.7039,0.0000,0.0000,0.0000
80.652,425.6543,-1.2902,256.3883,0.2510,3.8000,-0.4500,356.9843,180.3491,1.7039,0.0000,0.0000,0.0000
80.779,425.4135,-1.2997,256.5055,0.2510,3.8000,-0.4500,356.9843,180.3491,1.7039,0.0000,0.0000,0.0000
80.889,425.1727,-1.3087,256.6226,0.2510,3.8000,-0.4500,356.9843,180.3491,1.7039,0.0000,0.0000,0.0000
81.000,424.9319,-1.3169,256.7396,0.2510,3.8000,-0.4500,356.9843,180.3491,1.7039,0.0000,0.0000,0.0000
81.129,424.6909,-1.3242,256.8563,0.2510,3.8000,-0.4500,356.9843,180.3491,1.7039,0.0000,0.0000,0.0000
81.250,424.4500,-1.3301,256.9729,0.2510,3.8000,-0.4500,356.9843,180.3491,1.7039,0.0000,0.0000,0.0000
81.376,424.2091,-1.3346,257.0893,0.2510,3.8000,-0.4500,356.9843,180.3491,1.7040,0.0000,0.0000,0.0000
81.486,423.9682,-1.3374,257.2052,0.2510,3.8000,-0.4500,356.9843,180.3491,1.7040,0.0000,0.0000,0.0000
81.597,423.7672,-1.3381,257.2997,0.2510,3.8000,-0.4500,356.9843,180.3491,1.7040,0.0000,0.0000,0.0000
81.708,423.5256,-1.3367,257.4086,0.2510,3.8000,-0.4500,356.9843,180.3491,1.7040,0.0000,0.0000,0.0000
81.818,423.3244,-1.3322,257.4953,0.2510,3.8000,-0.4500,357.0501,180.3511,1.7526,0.0000,0.0000,0.0000
81.943,423.0425,-1.3231,257.6130,0.2510,3.8000,-0.4500,357.1169,180.3532,1.8005,0.0000,0.0000,0.0000
82.057,422.8418,-1.3114,257.6943,0.2510,3.8000,-0.4500,357.3377,180.3604,1.9194,0.0000,0.0000,0.0000
82.165,422.5999,-1.2990,257.7927,0.2510,3.8000,-0.4500,357.3377,180.3604,1.9194,0.0000,0.0000,0.0000
82.292,422.3588,-1.2800,257.8891,0.2510,3.8000,-0.4500,357.5692,180.3683,2.0081,0.0000,0.0000,0.0000
82.416,422.1173,-1.2599,257.9850,0.2510,3.8000,-0.4500,357.6465,180.3710,2.0346,0.0000,0.0000,0.0000
82.527,421.8755,-1.2344,258.0294,0.2510,3.8000,-0.4500,357.8069,180.3768,2.0804,0.0000,0.0000,0.0000
82.652,421.6352,-1.2030,258.0043,0.2510,3.8000,-0.4500,358.0580,180.3861,2.1408,0.0000,0.0000,0.0000
82.752,421.4365,-1.1753,257.9423,0.2510,3.8000,-0.4500,358.1375,180.3890,2.1577,0.0000,0.0000,0.0000
82.873,421.2003,-1.1372,257.8295,0.2510,3.8000,-0.4500,358.3827,180.3984,2.2054,0.0000,0.0000,0.0000
82.984,420.9655,-1.0979,257.6895,0.2510,3.8000,-0.4500,358.4652,180.4016,2.2193,0.0000,0.0000,0.0000
83.109,420.7322,-1.0549,257.5306,0.2510,3.8000,-0.4500,358.6305,180.4080,2.2467,0.0000,0.0000,0.0000
83.234,420.4999,-1.0086,257.3594,0.2510,3.8000,-0.4500,358.8753,180.4177,2.2834,0.0000,0.0000,0.0000
83.359,420.2678,-0.9624,257.1825,0.2510,3.8000,-0.4500,358.8753,180.4177,2.2834,0.0000,0.0000,0.0000
83.470,420.0364,-0.9113,257.0002,0.2510,3.8000,-0.4500,359.1226,180.4276,2.3176,0.0000,0.0000,0.0000
83.583,419.8052,-0.8586,256.8162,0.2510,3.8000,-0.4500,359.2893,180.4344,2.3400,0.0000,0.0000,0.0000
83.693,419.6127,-0.8134,256.6621,0.2510,3.8000,-0.4500,359.3715,180.4378,2.3511,0.0000,0.0000,0.0000
83.819,419.3819,-0.7550,256.4753,0.2510,3.8000,-0.4500,359.6201,180.4481,2.3884,0.0000,0.0000,0.0000
83.929,419.1513,-0.6956,256.2886,0.2510,3.8000,-0.4500,359.6992,180.4514,2.4008,0.0000,0.0000,0.0000
84.041,418.9213,-0.6321,256.1007,0.2510,3.8000,-0.4500,359.8582,180.4581,2.4350,0.0000,0.0000,0.0000
84.151,418.7296,-0.5783,255.9444,0.2510,3.8000,-0.4500,359.8582,180.4581,2.4350,0.0000,0.0000,0.0000
84.262,418.5004,-0.5074,255.7544,0.2510,3.8000,-0.4500,0.1042,180.4687,2.5034,0.0000,0.0000,0.0000
84.362,418.3095,-0.4471,255.5963,0.2510,3.8000,-0.4500,0.1846,180.4722,2.5320,0.0000,0.0000,0.0000
84.470,418.1193,-0.3832,255.4369,0.2510,3.8000,-0.4500,0.3449,180.4794,2.5906,0.0000,0.0000,0.0000
84.581,417.8912,-0.3049,255.2455,0.2510,3.8000,-0.4500,0.4216,180.4829,2.6235,0.0000,0.0000,0.0000
84.692,417.7023,-0.2344,255.0841,0.2510,3.8000,-0.4500,0.6511,180.4936,2.7285,0.0000,0.0000,0.0000
84.806,417.4751,-0.1509,254.8912,0.2510,3.8000,-0.4500,0.6511,180.4936,2.7285,0.0000,0.0000,0.0000
84.928,417.2493,-0.0604,254.6957,0.2510,3.8000,-0.4500,0.8748,180.5045,2.8471,0.0000,0.0000,0.0000
85.029,417.0616,0.0168,254.5320,0.2510,3.8000,-0.4500,1.0162,180.5116,2.9277,0.0000,0.0000,0.0000
85.136,416.8738,0.0936,254.3685,0.2510,3.8000,-0.4500,1.0162,180.5117,2.9277,0.0000,0.0000,0.0000
85.262,416.6121,0.2065,254.1372,0.2510,3.8000,-0.4500,1.1554,180.5189,3.0096,0.0000,0.0000,0.0000
85.373,416.4254,0.2889,253.9714,0.2510,3.8000,-0.4500,1.2255,180.5226,3.0514,0.0000,0.0000,0.0000
85.487,416.2021,0.3907,253.7709,0.2510,3.8000,-0.4500,1.3687,180.5303,3.1359,0.0000,0.0000,0.0000
85.609,415.9789,0.4930,253.5698,0.2510,3.8000,-0.4500,1.4376,180.5341,3.1751,0.0000,0.0000,0.0000
85.733,415.7557,0.5956,253.3684,0.2510,3.8000,-0.4500,1.4376,180.5341,3.1751,0.0000,0.0000,0.0000
85.847,415.5334,0.7018,253.1653,0.2510,3.8000,-0.4500,1.5858,180.5424,3.2516,0.0000,0.0000,0.0000
85.969,415.3105,0.8063,252.9625,0.2510,3.8000,-0.4500,1.5858,180.5424,3.2516,0.0000,0.0000,0.0000
86.080,415.0877,0.9114,252.7592,0.2510,3.8000,-0.4500,1.5858,180.5424,3.2516,0.0000,0.0000,0.0000
86.194,414.9023,1.0000,252.5890,0.2510,3.8000,-0.4500,1.6621,180.5468,3.2806,0.0000,0.0000,0.0000
86.317,414.6794,1.1048,252.3850,0.2510,3.8000,-0.4500,1.6621,180.5468,3.2806,0.0000,0.0000,0.0000
86.442,414.4194,1.2278,252.1456,0.2510,3.8000,-0.4500,1.8231,180.5560,3.3077,0.0000,0.0000,0.0000
86.566,414.1963,1.3306,251.9408,0.2510,3.8000,-0.4500,1.8231,180.5560,3.3077,0.0000,0.0000,0.0000
86.691,413.9728,1.4320,251.7359,0.2510,3.8000,-0.4500,1.8231,180.5560,3.3077,0.0000,0.0000,0.0000
86.802,413.7487,1.5314,251.5308,0.2510,3.8000,-0.4500,1.8231,180.5560,3.3077,0.0000,0.0000,0.0000
86.928,413.5242,1.6287,251.3258,0.2510,3.8000,-0.4500,1.8231,180.5560,3.3077,0.0000,0.0000,0.0000
87.042,413.2982,1.7233,251.1220,0.2510,3.8000,-0.4500,2.0478,180.5688,3.2035,0.0000,0.0000,0.0000
87.164,413.0706,1.8159,250.9364,0.2510,3.8000,-0.4500,2.0478,180.5688,3.2035,0.0000,0.0000,0.0000
87.275,412.8790,1.8913,250.7976,0.2510,3.8000,-0.4500,2.0478,180.5688,3.2035,0.0000,0.0000,0.0000
87.400,412.6069,1.9918,250.6221,0.2510,3.8000,-0.4500,2.2103,180.5777,3.0084,0.0000,0.0000,0.0000
87.511,412.4112,2.0615,250.5084,0.2510,3.8000,-0.4500,2.2513,180.5798,2.9359,0.0000,0.0000,0.0000
87.623,412.1735,2.1399,250.3809,0.2510,3.8000,-0.4500,2.3623,180.5853,2.7170,0.0000,0.0000,0.0000
87.733,411.9754,2.2043,250.2816,0.2510,3.8000,-0.4500,2.3623,180.5853,2.7170,0.0000,0.0000,0.0000
87.847,411.7338,2.2718,250.1677,0.2510,3.8000,-0.4500,2.4257,180.5881,2.3762,0.0000,0.0000,0.0000
87.955,411.5319,2.3257,250.0777,0.2510,3.8000,-0.4500,2.4333,180.5884,2.2112,0.0000,0.0000,0.0000
88.067,411.2883,2.3857,249.9749,0.2510,3.8000,-0.4500,2.4292,180.5883,2.0460,0.0000,0.0000,0.0000
88.178,411.0837,2.4305,249.8934,0.2510,3.8000,-0.4500,2.4139,180.5878,1.8781,0.0000,0.0000,0.0000
88.303,410.7950,2.4838,249.7857,0.2510,3.8000,-0.4500,2.3544,180.5860,1.5489,0.0000,0.0000,0.0000
88.414,410.5875,2.5177,249.7159,0.2510,3.8000,-0.4500,2.3126,180.5849,1.3920,0.0000,0.0000,0.0000
88.525,410.3340,2.5464,249.6522,0.2510,3.8000,-0.4500,2.1449,180.5816,0.9134,0.0000,0.0000,0.0000
88.637,410.1237,2.5735,249.6263,0.2510,3.8000,-0.4500,2.1449,180.5816,0.9134,0.0000,0.0000,0.0000
88.750,409.8666,2.5897,249.6222,0.2510,3.8000,-0.4500,1.9216,180.5789,0.4510,0.0000,0.0000,0.0000
88.858,409.6535,2.6038,249.6306,0.2510,3.8000,-0.4500,1.8795,180.5786,0.3775,0.0000,0.0000,0.0000
88.970,409.3950,2.6072,249.6519,0.2510,3.8000,-0.4500,1.6581,180.5779,0.0116,0.0000,0.0000,0.0000
89.094,409.1367,2.6053,249.6796,0.2510,3.8000,-0.4500,1.5090,180.5781,359.7970,0.0000,0.0000,0.0000
89.223,408.8340,2.5915,249.7185,0.2510,3.8000,-0.4500,1.3074,180.5793,359.5236,0.0000,0.0000,0.0000
89.346,408.5740,2.5694,249.7566,0.2510,3.8000,-0.4500,1.0961,180.5816,359.2606,0.0000,0.0000,0.0000
89.456,408.3568,2.5433,249.7916,0.2510,3.8000,-0.4500,0.8731,180.5850,359.0060,0.0000,0.0000,0.0000
89.581,408.0534,2.5009,249.8446,0.2510,3.8000,-0.4500,0.7050,180.5882,358.8246,0.0000,0.0000,0.0000
89.695,407.8356,2.4592,249.8871,0.2510,3.8000,-0.4500,0.4056,180.5951,358.5245,0.0000,0.0000,0.0000
89.817,407.5756,2.4078,249.9408,0.2510,3.8000,-0.4500,0.2806,180.5984,358.4095,0.0000,0.0000,0.0000
89.944,407.2720,2.3352,250.0097,0.2510,3.8000,-0.4500,0.0224,180.6061,358.1831,0.0000,0.0000,0.0000
90.054,407.0555,2.2784,250.0624,0.2510,3.8000,-0.4500,359.8907,180.6104,358.0734,0.0000,0.0000,0.0000
90.165,406.7952,2.2001,250.1308,0.2510,3.8000,-0.4500,359.5600,180.6223,357.8190,0.0000,0.0000,0.0000
90.276,406.5794,2.1341,250.1900,0.2510,3.8000,-0.4500,359.4913,180.6249,357.7719,0.0000,0.0000,0.0000
90.386,406.3199,2.0453,250.2658,0.2510,3.8000,-0.4500,359.2129,180.6362,357.5872,0.0000,0.0000,0.0000
90.511,406.0614,1.9533,250.3447,0.2510,3.8000,-0.4500,359.0648,180.6426,357.5027,0.0000,0.0000,0.0000
90.636,405.8032,1.8562,250.4267,0.2510,3.8000,-0.4500,358.9169,180.6491,357.4212,0.0000,0.0000,0.0000
90.748,405.5450,1.7520,250.5127,0.2510,3.8000,-0.4500,358.6173,180.6630,357.2818,0.0000,0.0000,0.0000
90.874,405.2879,1.6487,250.5996,0.2510,3.8000,-0.4500,358.6173,180.6630,357.2818,0.0000,0.0000,0.0000
90.999,405.0307,1.5399,250.6896,0.2510,3.8000,-0.4500,358.4604,180.6705,357.2274,0.0000,0.0000,0.0000
91.110,404.7740,1.4277,250.7822,0.2510,3.8000,-0.4500,358.2200,180.6823,357.1628,0.0000,0.0000,0.0000
91.233,404.5179,1.3157,250.8781,0.2510,3.8000,-0.4500,358.1434,180.6861,357.1499,0.0000,0.0000,0.0000
91.345,404.2625,1.2024,250.9790,0.2510,3.8000,-0.4500,358.0619,180.6902,357.1433,0.0000,0.0000,0.0000
91.456,404.0502,1.1062,251.0676,0.2510,3.8000,-0.4500,357.8076,180.7029,357.1500,0.0000,0.0000,0.0000
91.568,403.7957,0.9932,251.1748,0.2510,3.8000,-0.4500,357.8076,180.7029,357.1500,0.0000,0.0000,0.0000
91.678,403.5841,0.8992,251.2665,0.2510,3.8000,-0.4500,357.7279,180.7068,357.1697,0.0000,0.0000,0.0000
91.789,403.3309,0.7879,251.3784,0.2510,3.8000,-0.4500,357.5692,180.7146,357.2317,0.0000,0.0000,0.0000
91.914,403.0779,0.6789,251.4901,0.2510,3.8000,-0.4500,357.4977,180.7180,357.2683,0.0000,0.0000,0.0000
92.025,402.8251,0.5730,251.6021,0.2510,3.8000,-0.4500,357.4302,180.7212,357.3209,0.0000,0.0000,0.0000
92.138,402.6153,0.4882,251.6957,0.2510,3.8000,-0.4500,357.2394,180.7299,357.4837,0.0000,0.0000,0.0000
92.248,402.3624,0.3883,251.8053,0.2510,3.8000,-0.4500,357.2393,180.7299,357.4837,0.0000,0.0000,0.0000
92.373,402.1109,0.2955,251.9149,0.2510,3.8000,-0.4500,357.1072,180.7355,357.6953,0.0000,0.0000,0.0000
92.499,401.8594,0.2070,252.0234,0.2510,3.8000,-0.4500,357.0468,180.7378,357.8528,0.0000,0.0000,0.0000
92.609,401.6083,0.1235,252.1345,0.2510,3.8000,-0.4500,356.9993,180.7395,358.0094,0.0000,0.0000,0.0000
92.720,401.3577,0.0453,252.2487,0.2510,3.8000,-0.4500,356.9673,180.7406,358.1663,0.0000,0.0000,0.0000
92.831,401.1496,-0.0149,252.3457,0.2510,3.8000,-0.4500,356.9582,180.7409,358.3376,0.0000,0.0000,0.0000
92.957,400.9001,-0.0825,252.4634,0.2510,3.8000,-0.4500,356.9597,180.7408,358.5084,0.0000,0.0000,0.0000
93.082,400.6099,-0.1531,252.6008,0.2510,3.8000,-0.4500,356.9829,180.7403,358.7588,0.0000,0.0000,0.0000
93.207,400.3617,-0.2064,252.7180,0.2510,3.8000,-0.4500,357.0354,180.7393,359.0057,0.0000,0.0000,0.0000
93.318,400.1543,-0.2486,252.8151,0.2510,3.8000,-0.4500,357.0625,180.7388,359.0886,0.0000,0.0000,0.0000
93.428,399.9065,-0.2912,252.9306,0.2510,3.8000,-0.4500,357.1491,180.7376,359.3340,0.0000,0.0000,0.0000
93.542,399.6586,-0.3300,253.0451,0.2510,3.8000,-0.4500,357.2274,180.7368,359.4889,0.0000,0.0000,0.0000
93.663,399.4110,-0.3635,253.1587,0.2510,3.8000,-0.4500,357.3076,180.7362,359.6382,0.0000,0.0000,0.0000
93.775,399.2055,-0.3853,253.2523,0.2510,3.8000,-0.4500,357.4495,180.7356,359.8401,0.0000,0.0000,0.0000
93.886,398.9580,-0.4108,253.3645,0.2510,3.8000,-0.4500,357.5024,180.7355,359.9032,0.0000,0.0000,0.0000
93.996,398.7528,-0.4243,253.4567,0.2510,3.8000,-0.4500,357.6740,180.7355,0.0934,0.0000,0.0000,0.0000
94.109,398.5060,-0.4394,253.5676,0.2510,3.8000,-0.4500,357.7301,180.7356,0.1534,0.0000,0.0000,0.0000
94.234,398.2607,-0.4439,253.6768,0.2510,3.8000,-0.4500,357.9771,180.7367,0.3855,0.0000,0.0000,0.0000
94.346,398.0150,-0.4452,253.7863,0.2510,3.8000,-0.4500,358.1065,180.7377,0.4976,0.0000,0.0000,0.0000
94.456,397.8112,-0.4395,253.8769,0.2510,3.8000,-0.4500,358.2979,180.7397,0.6603,0.0000,0.0000,0.0000
94.580,397.5262,-0.4255,254.0041,0.2510,3.8000,-0.4500,358.4930,180.7422,0.8182,0.0000,0.0000,0.0000
94.691,397.3235,-0.4085,254.0946,0.2510,3.8000,-0.4500,358.6923,180.7453,0.9757,0.0000,0.0000,0.0000
94.816,397.0807,-0.3827,254.2035,0.2510,3.8000,-0.4500,358.8929,180.7490,1.1316,0.0000,0.0000,0.0000
94.927,396.8385,-0.3514,254.3132,0.2510,3.8000,-0.4500,359.0244,180.7517,1.2327,0.0000,0.0000,0.0000
95.038,396.6378,-0.3182,254.4043,0.2510,3.8000,-0.4500,359.2249,180.7563,1.3853,0.0000,0.0000,0.0000
95.149,396.3979,-0.2714,254.5135,0.2510,3.8000,-0.4500,359.4941,180.7633,1.5866,0.0000,0.0000,0.0000
95.275,396.1579,-0.2208,254.6208,0.2510,3.8000,-0.4500,359.6252,180.7670,1.6830,0.0000,0.0000,0.0000
95.400,395.8792,-0.1511,254.7394,0.2510,3.8000,-0.4500,359.8971,180.7755,1.8792,0.0000,0.0000,0.0000
95.511,395.6799,-0.0988,254.8219,0.2510,3.8000,-0.4500,359.9637,180.7777,1.9258,0.0000,0.0000,0.0000
95.625,395.4417,-0.0295,254.9183,0.2510,3.8000,-0.4500,0.1008,180.7824,2.0207,0.0000,0.0000,0.0000
95.735,395.2446,0.0357,254.9962,0.2510,3.8000,-0.4500,0.3842,180.7929,2.2089,0.0000,0.0000,0.0000
95.847,395.0078,0.1147,255.0908,0.2510,3.8000,-0.4500,0.5238,180.7984,2.2957,0.0000,0.0000,0.0000
95.955,394.8108,0.1832,255.1697,0.2510,3.8000,-0.4500,0.5961,180.8013,2.3383,0.0000,0.0000,0.0000
96.066,394.5753,0.2704,255.2641,0.2510,3.8000,-0.4500,0.7413,180.8073,2.4225,0.0000,0.0000,0.0000
96.191,394.3406,0.3626,255.3584,0.2510,3.8000,-0.4500,0.9686,180.8172,2.5380,0.0000,0.0000,0.0000
96.305,394.1059,0.4554,255.4541,0.2510,3.8000,-0.4500,1.0414,180.8204,2.5738,0.0000,0.0000,0.0000
96.429,393.8713,0.5496,255.5508,0.2510,3.8000,-0.4500,1.0414,180.8204,2.5739,0.0000,0.0000,0.0000
96.541,393.6378,0.6492,255.6460,0.2510,3.8000,-0.4500,1.2780,180.8313,2.6585,0.0000,0.0000,0.0000
96.652,393.4426,0.7305,255.7270,0.2510,3.8000,-0.4500,1.2780,180.8313,2.6585,0.0000,0.0000,0.0000
96.763,393.2087,0.8306,255.8231,0.2510,3.8000,-0.4500,1.4396,180.8388,2.6863,0.0000,0.0000,0.0000
96.872,393.0137,0.9129,255.9041,0.2510,3.8000,-0.4500,1.4396,180.8388,2.6863,0.0000,0.0000,0.0000
96.986,392.7794,1.0120,256.0006,0.2510,3.8000,-0.4500,1.5177,180.8425,2.6909,0.0000,0.0000,0.0000
97.094,392.5839,1.0934,256.0814,0.2510,3.8000,-0.4500,1.5177,180.8425,2.6909,0.0000,0.0000,0.0000
97.194,392.3878,1.1750,256.1603,0.2510,3.8000,-0.4500,1.7644,180.8540,2.6438,0.0000,0.0000,0.0000
97.305,392.1521,1.2699,256.2565,0.2510,3.8000,-0.4500,1.7644,180.8540,2.6438,0.0000,0.0000,0.0000
97.442,391.8764,1.3776,256.3670,0.2510,3.8000,-0.4500,1.8360,180.8573,2.6041,0.0000,0.0000,0.0000
97.552,391.6775,1.4511,256.4406,0.2510,3.8000,-0.4500,2.0374,180.8661,2.4528,0.0000,0.0000,0.0000
97.677,391.4386,1.5373,256.5230,0.2510,3.8000,-0.4500,2.0374,180.8661,2.4528,0.0000,0.0000,0.0000
97.788,391.1966,1.6174,256.5973,0.2510,3.8000,-0.4500,2.1951,180.8727,2.2596,0.0000,0.0000,0.0000
97.901,390.9535,1.6934,256.6659,0.2510,3.8000,-0.4500,2.2779,180.8758,2.1104,0.0000,0.0000,0.0000
98.011,390.7495,1.7528,256.7190,0.2510,3.8000,-0.4500,2.3499,180.8784,1.9597,0.0000,0.0000,0.0000
98.122,390.5028,1.8188,256.7783,0.2510,3.8000,-0.4500,2.4362,180.8811,1.7227,0.0000,0.0000,0.0000
98.236,390.2962,1.8705,256.8241,0.2510,3.8000,-0.4500,2.4796,180.8824,1.5608,0.0000,0.0000,0.0000
98.358,390.0471,1.9283,256.8747,0.2510,3.8000,-0.4500,2.5190,180.8834,1.4000,0.0000,0.0000,0.0000
98.484,389.7534,1.9866,256.9284,0.2510,3.8000,-0.4500,2.5740,180.8846,1.0677,0.0000,0.0000,0.0000
98.595,389.5422,2.0236,256.9635,0.2510,3.8000,-0.4500,2.6026,180.8851,0.8187,0.0000,0.0000,0.0000
98.719,389.2889,2.0667,257.0020,0.2510,3.8000,-0.4500,2.6112,180.8852,0.7372,0.0000,0.0000,0.0000
98.845,388.9893,2.1047,257.0434,0.2510,3.8000,-0.4500,2.6420,180.8855,0.3153,0.0000,0.0000,0.0000
98.969,388.7319,2.1335,257.0763,0.2510,3.8000,-0.4500,2.6545,180.8855,0.0641,0.0000,0.0000,0.0000
99.080,388.4739,2.1585,257.1076,0.2510,3.8000,-0.4500,2.6612,180.8855,359.8997,0.0000,0.0000,0.0000
99.191,388.2574,2.1734,257.1333,0.2510,3.8000,-0.4500,2.6679,180.8855,359.6520,0.0000,0.0000,0.0000
99.302,387.9969,2.1871,257.1645,0.2510,3.8000,-0.4500,2.6674,180.8855,359.3978,0.0000,0.0000,0.0000
99.428,387.7368,2.1984,257.1968,0.2510,3.8000,-0.4500,2.6664,180.8855,359.3153,0.0000,0.0000,0.0000
99.539,387.5178,2.1985,257.2255,0.2510,3.8000,-0.4500,2.6419,180.8859,358.9691,0.0000,0.0000,0.0000
99.664,387.2127,2.1978,257.2686,0.2510,3.8000,-0.4500,2.6179,180.8864,358.7981,0.0000,0.0000,0.0000
99.775,386.9941,2.1916,257.3023,0.2510,3.8000,-0.4500,2.5911,180.8870,358.6300,0.0000,0.0000,0.0000
99.875,386.7748,2.1797,257.3390,0.2510,3.8000,-0.4500,2.5308,180.8885,358.3829,0.0000,0.0000,0.0000
99.997,386.5128,2.1642,257.3865,0.2510,3.8000,-0.4500,2.5094,180.8892,358.3031,0.0000,0.0000,0.0000
100.122,386.2058,2.1340,257.4487,0.2510,3.8000,-0.4500,2.3938,180.8929,357.9936,0.0000,0.0000,0.0000
100.247,385.9430,2.1021,257.5071,0.2510,3.8000,-0.4500,2.2756,180.8973,357.7651,0.0000,0.0000,0.0000
100.372,385.6813,2.0676,257.5698,0.2510,3.8000,-0.4500,2.2353,180.8989,357.6918,0.0000,0.0000,0.0000
100.497,385.4184,2.0224,257.6386,0.2510,3.8000,-0.4500,2.0443,180.9071,357.4169,0.0000,0.0000,0.0000
100.611,385.1564,1.9731,257.7122,0.2510,3.8000,-0.4500,1.8784,180.9148,357.2313,0.0000,0.0000,0.0000
100.719,384.9387,1.9301,257.7766,0.2510,3.8000,-0.4500,1.8179,180.9178,357.1744,0.0000,0.0000,0.0000
100.830,384.6771,1.8707,257.8584,0.2510,3.8000,-0.4500,1.6236,180.9277,357.0104,0.0000,0.0000,0.0000
100.955,384.4165,1.8078,257.9442,0.2510,3.8000,-0.4500,1.4904,180.9347,356.9116,0.0000,0.0000,0.0000
101.068,384.1562,1.7388,258.0347,0.2510,3.8000,-0.4500,1.2784,180.9464,356.7842,0.0000,0.0000,0.0000
101.177,383.9397,1.6787,258.1126,0.2510,3.8000,-0.4500,1.1245,180.9552,356.7138,0.0000,0.0000,0.0000
101.292,383.6805,1.6034,258.2088,0.2510,3.8000,-0.4500,0.9712,180.9641,356.6487,0.0000,0.0000,0.0000
101.403,383.4217,1.5226,258.3092,0.2510,3.8000,-0.4500,0.6469,180.9833,356.5616,0.0000,0.0000,0.0000
101.514,383.2066,1.4564,258.3929,0.2510,3.8000,-0.4500,0.6469,180.9833,356.5616,0.0000,0.0000,0.0000
101.625,382.9488,1.3719,258.4968,0.2510,3.8000,-0.4500,0.4040,180.9980,356.5310,0.0000,0.0000,0.0000
101.737,382.7345,1.3000,258.5848,0.2510,3.8000,-0.4500,0.1548,181.0131,356.5322,0.0000,0.0000,0.0000
101.847,382.4776,1.2142,258.6900,0.2510,3.8000,-0.4500,0.0717,181.0181,356.5422,0.0000,0.0000,0.0000
101.959,382.2640,1.1410,258.7793,0.2510,3.8000,-0.4500,359.8247,181.0329,356.5801,0.0000,0.0000,0.0000
102.070,382.0076,1.0542,258.8852,0.2510,3.8000,-0.4500,359.7438,181.0378,356.6060,0.0000,0.0000,0.0000
102.192,381.7519,0.9674,258.9918,0.2510,3.8000,-0.4500,359.5034,181.0518,356.6913,0.0000,0.0000,0.0000
102.305,381.4966,0.8822,259.0975,0.2510,3.8000,-0.4500,359.2800,181.0645,356.8123,0.0000,0.0000,0.0000
102.413,381.2837,0.8119,259.1837,0.2510,3.8000,-0.4500,359.2090,181.0685,356.8537,0.0000,0.0000,0.0000
102.538,381.0290,0.7303,259.2867,0.2510,3.8000,-0.4500,359.0104,181.0791,357.0091,0.0000,0.0000,0.0000
102.652,380.7745,0.6514,259.3874,0.2510,3.8000,-0.4500,358.8322,181.0882,357.1828,0.0000,0.0000,0.0000
102.774,380.5189,0.5735,259.4843,0.2510,3.8000,-0.4500,358.8322,181.0882,357.1828,0.0000,0.0000,0.0000
102.899,380.2652,0.5017,259.5801,0.2510,3.8000,-0.4500,358.6228,181.0980,357.4523,0.0000,0.0000,0.0000
103.010,380.0100,0.4299,259.6714,0.2510,3.8000,-0.4500,358.6228,181.0980,357.4523,0.0000,0.0000,0.0000
103.135,379.7566,0.3655,259.7611,0.2510,3.8000,-0.4500,358.4531,181.1051,357.7579,0.0000,0.0000,0.0000
103.260,379.4598,0.2921,259.8607,0.2510,3.8000,-0.4500,358.3889,181.1075,357.9133,0.0000,0.0000,0.0000
103.386,379.2054,0.2329,259.9425,0.2510,3.8000,-0.4500,358.3298,181.1096,358.0647,0.0000,0.0000,0.0000
103.497,378.9925,0.1840,260.0079,0.2510,3.8000,-0.4500,358.3298,181.1096,358.0647,0.0000,0.0000,0.0000
103.608,378.7380,0.1294,260.0847,0.2510,3.8000,-0.4500,358.3103,181.1102,358.1420,0.0000,0.0000,0.0000
103.733,378.4840,0.0792,260.1598,0.2510,3.8000,-0.4500,358.2813,181.1111,358.3064,0.0000,0.0000,0.0000
103.858,378.2291,0.0295,260.2325,0.2510,3.8000,-0.4500,358.2813,181.1111,358.3064,0.0000,0.0000,0.0000
103.983,377.9334,-0.0199,260.3153,0.2510,3.8000,-0.4500,358.2723,181.1114,358.5584,0.0000,0.0000,0.0000
104.096,377.7211,-0.0554,260.3725,0.2510,3.8000,-0.4500,358.2723,181.1114,358.5584,0.0000,0.0000,0.0000
104.204,377.4669,-0.0933,260.4392,0.2510,3.8000,-0.4500,358.2779,181.1113,358.6402,0.0000,0.0000,0.0000
104.305,377.2564,-0.1186,260.4932,0.2510,3.8000,-0.4500,358.3139,181.1105,358.8918,0.0000,0.0000,0.0000
104.430,377.0020,-0.1514,260.5559,0.2510,3.8000,-0.4500,358.3139,181.1105,358.8918,0.0000,0.0000,0.0000
104.539,376.7910,-0.1729,260.6066,0.2510,3.8000,-0.4500,358.3571,181.1097,359.0518,0.0000,0.0000,0.0000
104.663,376.4947,-0.2021,260.6756,0.2510,3.8000,-0.4500,358.3849,181.1093,359.1297,0.0000,0.0000,0.0000
104.774,376.2838,-0.2184,260.7234,0.2510,3.8000,-0.4500,358.4462,181.1084,359.2824,0.0000,0.0000,0.0000
104.885,376.0297,-0.2392,260.7796,0.2510,3.8000,-0.4500,358.4462,181.1084,359.2824,0.0000,0.0000,0.0000
105.010,375.7761,-0.2559,260.8344,0.2510,3.8000,-0.4500,358.4845,181.1080,359.3550,0.0000,0.0000,0.0000
105.121,375.5226,-0.2705,260.8883,0.2510,3.8000,-0.4500,358.5255,181.1075,359.4252,0.0000,0.0000,0.0000
105.233,375.3112,-0.2826,260.9326,0.2510,3.8000,-0.4500,358.5255,181.1075,359.4252,0.0000,0.0000,0.0000
105.358,375.0578,-0.2942,260.9848,0.2510,3.8000,-0.4500,358.5723,181.1071,359.4919,0.0000,0.0000,0.0000
105.483,374.7620,-0.3066,261.0450,0.2510,3.8000,-0.4500,358.6273,181.1066,359.5526,0.0000,0.0000,0.0000
105.594,374.5503,-0.3158,261.0879,0.2510,3.8000,-0.4500,358.6273,181.1066,359.5526,0.0000,0.0000,0.0000
105.719,374.2962,-0.3266,261.1388,0.2510,3.8000,-0.4500,358.6273,181.1066,359.5526,0.0000,0.0000,0.0000
105.830,374.0419,-0.3373,261.1893,0.2510,3.8000,-0.4500,358.6273,181.1066,359.5526,0.0000,0.0000,0.0000
105.944,373.7876,-0.3482,261.2396,0.2510,3.8000,-0.4500,358.6273,181.1066,359.5526,0.0000,0.0000,0.0000
106.067,373.5335,-0.3573,261.2886,0.2510,3.8000,-0.4500,358.7773,181.1056,359.6223,0.0000,0.0000,0.0000
106.177,373.3214,-0.3675,261.3298,0.2510,3.8000,-0.4500,358.7773,181.1056,359.6223,0.0000,0.0000,0.0000
106.289,373.0661,-0.3807,261.3751,0.2510,3.8000,-0.4500,358.7773,181.1056,359.6223,0.0000,0.0000,0.0000
106.413,372.8100,-0.3951,261.4146,0.2510,3.8000,-0.4500,358.7773,181.1056,359.6223,0.0000,0.0000,0.0000
106.540,372.5102,-0.4138,261.4539,0.2510,3.8000,-0.4500,358.7773,181.1056,359.6223,0.0000,0.0000,0.0000
106.664,372.2524,-0.4305,261.4819,0.2510,3.8000,-0.4500,359.0198,181.1039,359.5779,0.0000,0.0000,0.0000
106.777,372.0373,-0.4467,261.5047,0.2510,3.8000,-0.4500,359.0198,181.1039,359.5779,0.0000,0.0000,0.0000
106.899,371.7786,-0.4678,261.5307,0.2510,3.8000,-0.4500,359.0198,181.1039,359.5779,0.0000,0.0000,0.0000
107.013,371.5185,-0.4914,261.5540,0.2510,3.8000,-0.4500,359.2338,181.1021,359.4456,0.0000,0.0000,0.0000
107.121,371.2593,-0.5162,261.5830,0.2510,3.8000,-0.4500,359.2338,181.1021,359.4456,0.0000,0.0000,0.0000
107.232,371.0435,-0.5393,261.6196,0.2510,3.8000,-0.4500,359.3576,181.1007,359.3359,0.0000,0.0000,0.0000
107.332,370.8296,-0.5625,261.6721,0.2510,3.8000,-0.4500,359.3576,181.1007,359.3359,0.0000,0.0000,0.0000
107.455,370.5734,-0.5929,261.7523,0.2510,3.8000,-0.4500,359.4724,181.0993,359.2187,0.0000,0.0000,0.0000
107.580,370.2758,-0.6298,261.8640,0.2510,3.8000,-0.4500,359.5811,181.0977,359.0943,0.0000,0.0000,0.0000
107.690,370.0633,-0.6575,261.9516,0.2510,3.8000,-0.4500,359.6876,181.0959,358.9681,0.0000,0.0000,0.0000
107.816,369.8093,-0.6902,262.0631,0.2510,3.8000,-0.4500,359.7402,181.0949,358.9051,0.0000,0.0000,0.0000
107.928,369.5548,-0.7241,262.1788,0.2510,3.8000,-0.4500,359.8448,181.0928,358.7803,0.0000,0.0000,0.0000
108.040,369.3003,-0.7578,262.2972,0.2510,3.8000,-0.4500,359.9557,181.0903,358.6564,0.0000,0.0000,0.0000
108.151,369.0886,-0.7852,262.3974,0.2510,3.8000,-0.4500,0.0114,181.0890,358.5979,0.0000,0.0000,0.0000
108.260,368.8343,-0.8173,262.5189,0.2510,3.8000,-0.4500,0.0691,181.0875,358.5406,0.0000,0.0000,0.0000
108.372,368.6223,-0.8434,262.6206,0.2510,3.8000,-0.4500,0.1276,181.0860,358.4850,0.0000,0.0000,0.0000
108.482,368.3680,-0.8732,262.7433,0.2510,3.8000,-0.4500,0.1888,181.0844,358.4320,0.0000,0.0000,0.0000
108.594,368.1551,-0.8974,262.8448,0.2510,3.8000,-0.4500,0.3946,181.0785,358.2806,0.0000,0.0000,0.0000
108.706,367.9006,-0.9232,262.9688,0.2510,3.8000,-0.4500,0.3946,181.0785,358.2806,0.0000,0.0000,0.0000
108.815,367.6882,-0.9432,263.0713,0.2510,3.8000,-0.4500,0.5393,181.0740,358.2026,0.0000,0.0000,0.0000
108.926,367.4335,-0.9643,263.1950,0.2510,3.8000,-0.4500,0.6110,181.0717,358.1676,0.0000,0.0000,0.0000
109.037,367.2212,-0.9792,263.2979,0.2510,3.8000,-0.4500,0.6928,181.0691,358.1416,0.0000,0.0000,0.0000
109.148,366.9662,-0.9937,263.4209,0.2510,3.8000,-0.4500,0.9346,181.0611,358.0719,0.0000,0.0000,0.0000
109.273,366.7118,-1.0051,263.5464,0.2510,3.8000,-0.4500,0.9346,181.0611,358.0719,0.0000,0.0000,0.0000
109.374,366.4998,-1.0105,263.6505,0.2510,3.8000,-0.4500,1.0949,181.0557,358.0582,0.0000,0.0000,0.0000
109.482,366.2458,-1.0137,263.7765,0.2510,3.8000,-0.4500,1.1772,181.0529,358.0610,0.0000,0.0000,0.0000
109.594,366.0343,-1.0112,263.8803,0.2510,3.8000,-0.4500,1.4308,181.0444,358.0927,0.0000,0.0000,0.0000
109.704,365.7805,-1.0062,264.0060,0.2510,3.8000,-0.4500,1.5105,181.0417,358.1053,0.0000,0.0000,0.0000
109.815,365.5692,-0.9994,264.1108,0.2510,3.8000,-0.4500,1.5105,181.0417,358.1053,0.0000,0.0000,0.0000
109.940,365.2739,-0.9811,264.2553,0.2510,3.8000,-0.4500,1.7492,181.0340,358.1992,0.0000,0.0000,0.0000
110.051,365.0631,-0.9655,264.3584,0.2510,3.8000,-0.4500,1.8219,181.0318,358.2410,0.0000,0.0000,0.0000
110.162,364.8108,-0.9417,264.4807,0.2510,3.8000,-0.4500,1.9647,181.0275,358.3275,0.0000,0.0000,0.0000
110.287,364.5589,-0.9134,264.6020,0.2510,3.8000,-0.4500,2.0899,181.0239,358.4337,0.0000,0.0000,0.0000
110.399,364.3490,-0.8878,264.7026,0.2510,3.8000,-0.4500,2.1458,181.0224,358.4916,0.0000,0.0000,0.0000
110.510,364.0970,-0.8511,264.8051,0.2510,3.8000,-0.4500,2.2974,181.0187,358.6876,0.0000,0.0000,0.0000
110.621,363.8416,-0.8173,264.8570,0.2510,3.8000,-0.4500,2.2974,181.0187,358.6876,0.0000,0.0000,0.0000
110.732,363.6299,-0.7835,264.8532,0.2510,3.8000,-0.4500,2.4113,181.0163,358.9141,0.0000,0.0000,0.0000
110.856,363.3758,-0.7453,264.8101,0.2510,3.8000,-0.4500,2.4462,181.0157,358.9876,0.0000,0.0000,0.0000
110.968,363.1246,-0.6995,264.7362,0.2510,3.8000,-0.4500,2.5661,181.0139,359.2981,0.0000,0.0000,0.0000
111.079,362.9146,-0.6639,264.6607,0.2510,3.8000,-0.4500,2.5661,181.0139,359.2981,0.0000,0.0000,0.0000
111.190,362.6653,-0.6127,264.5575,0.2510,3.8000,-0.4500,2.6491,181.0130,359.5319,0.0000,0.0000,0.0000
111.315,362.4166,-0.5586,264.4467,0.2510,3.8000,-0.4500,2.7052,181.0126,359.6908,0.0000,0.0000,0.0000
111.440,362.1282,-0.4885,264.3110,0.2510,3.8000,-0.4500,2.7906,181.0124,359.9303,0.0000,0.0000,0.0000
111.551,361.9229,-0.4347,264.2116,0.2510,3.8000,-0.4500,2.8488,181.0124,0.0891,0.0000,0.0000,0.0000
111.652,361.7183,-0.3776,264.1107,0.2510,3.8000,-0.4500,2.9061,181.0125,0.2445,0.0000,0.0000,0.0000
111.762,361.4735,-0.3053,263.9883,0.2510,3.8000,-0.4500,2.9669,181.0129,0.4039,0.0000,0.0000,0.0000
111.874,361.2709,-0.2413,263.8795,0.2510,3.8000,-0.4500,3.0268,181.0134,0.5601,0.0000,0.0000,0.0000
111.997,361.0298,-0.1620,263.7320,0.2510,3.8000,-0.4500,3.0884,181.0141,0.7179,0.0000,0.0000,0.0000
112.108,360.7911,-0.0796,263.5666,0.2510,3.8000,-0.4500,3.1506,181.0149,0.8775,0.0000,0.0000,0.0000
112.219,360.5940,-0.0083,263.4175,0.2510,3.8000,-0.4500,3.2105,181.0160,1.0316,0.0000,0.0000,0.0000
112.344,360.3183,0.0904,263.1975,0.2510,3.8000,-0.4500,3.2105,181.0160,1.0316,0.0000,0.0000,0.0000
112.455,360.1240,0.1680,263.0336,0.2510,3.8000,-0.4500,3.3013,181.0178,1.2763,0.0000,0.0000,0.0000
112.581,359.8512,0.2728,262.7997,0.2510,3.8000,-0.4500,3.3013,181.0178,1.2763,0.0000,0.0000,0.0000
112.706,359.6193,0.3682,262.5952,0.2510,3.8000,-0.4500,3.3569,181.0191,1.4351,0.0000,0.0000,0.0000
112.816,359.4257,0.4465,262.4237,0.2510,3.8000,-0.4500,3.3569,181.0191,1.4351,0.0000,0.0000,0.0000
112.930,359.1953,0.5451,262.2159,0.2510,3.8000,-0.4500,3.4081,181.0204,1.5950,0.0000,0.0000,0.0000
113.038,359.0028,0.6255,262.0424,0.2510,3.8000,-0.4500,3.4081,181.0204,1.5950,0.0000,0.0000,0.0000
113.164,358.7330,0.7390,261.8053,0.2510,3.8000,-0.4500,3.4081,181.0205,1.5950,0.0000,0.0000,0.0000
113.289,358.4994,0.8401,261.6389,0.2510,3.8000,-0.4500,3.4284,181.0210,1.6744,0.0000,0.0000,0.0000
113.414,358.2619,0.9419,261.5129,0.2510,3.8000,-0.4500,3.4284,181.0210,1.6744,0.0000,0.0000,0.0000
113.525,358.0217,1.0448,261.4169,0.2510,3.8000,-0.4500,3.4284,181.0210,1.6744,0.0000,0.0000,0.0000
113.625,357.8204,1.1314,261.3730,0.2510,3.8000,-0.4500,3.4284,181.0210,1.6744,0.0000,0.0000,0.0000
113.747,357.5782,1.2356,261.3549,0.2510,3.8000,-0.4500,3.4284,181.0210,1.6744,0.0000,0.0000,0.0000
113.858,357.3759,1.3216,261.3570,0.2510,3.8000,-0.4500,3.4284,181.0210,1.6744,0.0000,0.0000,0.0000
113.969,357.1329,1.4222,261.3715,0.2510,3.8000,-0.4500,3.4284,181.0210,1.6744,0.0000,0.0000,0.0000
114.080,356.8892,1.5192,261.3938,0.2510,3.8000,-0.4500,3.4284,181.0210,1.6744,0.0000,0.0000,0.0000
114.206,356.6452,1.6116,261.4209,0.2510,3.8000,-0.4500,3.4284,181.0210,1.6744,0.0000,0.0000,0.0000
114.330,356.4005,1.6985,261.4509,0.2510,3.8000,-0.4500,3.4284,181.0210,1.6744,0.0000,0.0000,0.0000
114.455,356.1551,1.7793,261.4832,0.2510,3.8000,-0.4500,3.4284,181.0210,1.6744,0.0000,0.0000,0.0000
114.580,355.8672,1.8618,261.5268,0.2510,3.8000,-0.4500,3.1775,181.0138,1.6012,0.0000,0.0000,0.0000
114.691,355.6611,1.9147,261.5628,0.2510,3.8000,-0.4500,3.0173,181.0094,1.5438,0.0000,0.0000,0.0000
114.816,355.4126,1.9681,261.6125,0.2510,3.8000,-0.4500,2.7070,181.0015,1.3659,0.0000,0.0000,0.0000
114.941,355.1216,2.0204,261.6757,0.2510,3.8000,-0.4500,2.4188,180.9951,1.1636,0.0000,0.0000,0.0000
115.055,354.9126,2.0485,261.7234,0.2510,3.8000,-0.4500,2.1512,180.9902,0.9535,0.0000,0.0000,0.0000
115.165,354.6612,2.0760,261.7809,0.2510,3.8000,-0.4500,1.9608,180.9873,0.7855,0.0000,0.0000,0.0000
115.275,354.4498,2.0875,261.8307,0.2510,3.8000,-0.4500,1.6421,180.9837,0.4915,0.0000,0.0000,0.0000
115.387,354.1959,2.0954,261.8894,0.2510,3.8000,-0.4500,1.4056,180.9822,0.2631,0.0000,0.0000,0.0000
115.496,353.9832,2.0930,261.9388,0.2510,3.8000,-0.4500,1.1693,180.9816,0.0291,0.0000,0.0000,0.0000
115.607,353.7274,2.0820,261.9980,0.2510,3.8000,-0.4500,0.9396,180.9819,359.7979,0.0000,0.0000,0.0000
115.733,353.4705,2.0602,262.0582,0.2510,3.8000,-0.4500,0.6947,180.9833,359.5471,0.0000,0.0000,0.0000
115.843,353.2130,2.0285,262.1199,0.2510,3.8000,-0.4500,0.4583,180.9857,359.3032,0.0000,0.0000,0.0000
115.968,352.9549,1.9851,262.1876,0.2510,3.8000,-0.4500,0.1615,180.9901,358.9930,0.0000,0.0000,0.0000
116.079,352.7407,1.9448,262.2491,0.2510,3.8000,-0.4500,0.0451,180.9923,358.8704,0.0000,0.0000,0.0000
116.193,352.4828,1.8836,262.3314,0.2510,3.8000,-0.4500,359.7489,180.9989,358.5561,0.0000,0.0000,0.0000
116.304,352.2255,1.8152,262.4201,0.2510,3.8000,-0.4500,359.5264,181.0050,358.3175,0.0000,0.0000,0.0000
116.412,352.0112,1.7519,262.4984,0.2510,3.8000,-0.4500,359.3578,181.0102,358.1347,0.0000,0.0000,0.0000
116.523,351.7547,1.6711,262.5963,0.2510,3.8000,-0.4500,359.2479,181.0139,358.0149,0.0000,0.0000,0.0000
116.635,351.5402,1.5943,262.6819,0.2510,3.8000,-0.4500,359.0187,181.0224,357.7605,0.0000,0.0000,0.0000
116.760,351.2418,1.4862,262.8048,0.2510,3.8000,-0.4500,358.9639,181.0246,357.6993,0.0000,0.0000,0.0000
116.884,350.9849,1.3822,262.9147,0.2510,3.8000,-0.4500,358.7416,181.0340,357.4441,0.0000,0.0000,0.0000
116.996,350.7718,1.2954,263.0078,0.2510,3.8000,-0.4500,358.6894,181.0363,357.3819,0.0000,0.0000,0.0000
117.120,350.4736,1.1700,263.1409,0.2510,3.8000,-0.4500,358.6369,181.0388,357.3191,0.0000,0.0000,0.0000
117.221,350.2603,1.0757,263.2382,0.2510,3.8000,-0.4500,358.5343,181.0437,357.1905,0.0000,0.0000,0.0000
117.329,350.0476,0.9832,263.3363,0.2510,3.8000,-0.4500,358.5343,181.0437,357.1905,0.0000,0.0000,0.0000
117.451,349.7919,0.8694,263.4553,0.2510,3.8000,-0.4500,358.4876,181.0460,357.1234,0.0000,0.0000,0.0000
117.554,349.5791,0.7757,263.5550,0.2510,3.8000,-0.4500,358.4876,181.0460,357.1234,0.0000,0.0000,0.0000
117.676,349.3236,0.6638,263.6753,0.2510,3.8000,-0.4500,358.4876,181.0460,357.1234,0.0000,0.0000,0.0000
117.790,349.0682,0.5536,263.7959,0.2510,3.8000,-0.4500,358.4876,181.0460,357.1234,0.0000,0.0000,0.0000
117.898,348.8552,0.4636,263.8965,0.2510,3.8000,-0.4500,358.4876,181.0460,357.1234,0.0000,0.0000,0.0000
118.012,348.5995,0.3588,264.0172,0.2510,3.8000,-0.4500,358.4876,181.0460,357.1234,0.0000,0.0000,0.0000
118.120,348.3438,0.2581,264.1377,0.2510,3.8000,-0.4500,358.4876,181.0460,357.1234,0.0000,0.0000,0.0000
118.232,348.1306,0.1779,264.2379,0.2510,3.8000,-0.4500,358.4876,181.0460,357.1234,0.0000,0.0000,0.0000
118.357,347.8749,0.0869,264.3580,0.2510,3.8000,-0.4500,358.4876,181.0460,357.1234,0.0000,0.0000,0.0000
118.481,347.5765,-0.0114,264.4974,0.2510,3.8000,-0.4500,358.4876,181.0460,357.1234,0.0000,0.0000,0.0000
118.593,347.3634,-0.0759,264.5966,0.2510,3.8000,-0.4500,358.4876,181.0460,357.1234,0.0000,0.0000,0.0000
118.704,347.1078,-0.1449,264.7133,0.2510,3.8000,-0.4500,358.6654,181.0371,357.1404,0.0000,0.0000,0.0000
118.815,346.8947,-0.1943,264.8071,0.2510,3.8000,-0.4500,359.0095,181.0200,357.1972,0.0000,0.0000,0.0000
118.926,346.6390,-0.2466,264.9165,0.2510,3.8000,-0.4500,359.3146,181.0054,357.2988,0.0000,0.0000,0.0000
119.037,346.4256,-0.2877,265.0061,0.2510,3.8000,-0.4500,359.3146,181.0054,357.2988,0.0000,0.0000,0.0000
119.148,346.1702,-0.3228,265.1077,0.2510,3.8000,-0.4500,359.7286,180.9866,357.5005,0.0000,0.0000,0.0000
119.273,345.9141,-0.3530,265.2063,0.2510,3.8000,-0.4500,359.9517,180.9770,357.6189,0.0000,0.0000,0.0000
119.398,345.6580,-0.3753,265.3009,0.2510,3.8000,-0.4500,0.1680,180.9683,357.7426,0.0000,0.0000,0.0000
119.509,345.4022,-0.3886,265.3910,0.2510,3.8000,-0.4500,0.4587,180.9573,357.9150,0.0000,0.0000,0.0000
119.635,345.1461,-0.3958,265.4778,0.2510,3.8000,-0.4500,0.6833,180.9493,358.0516,0.0000,0.0000,0.0000
119.746,344.8899,-0.3964,265.5609,0.2510,3.8000,-0.4500,0.8989,180.9423,358.1829,0.0000,0.0000,0.0000
119.872,344.6339,-0.3905,265.6406,0.2510,3.8000,-0.4500,1.1212,180.9355,358.3168,0.0000,0.0000,0.0000
119.998,344.3776,-0.3802,265.7152,0.2510,3.8000,-0.4500,1.2647,180.9314,358.4028,0.0000,0.0000,0.0000
