time_sec,world_x,world_y,world_z,local_x,local_y,local_z,world_rot_x,world_rot_y,world_rot_z,local_rot_x,local_rot_y,local_rot_z
0.000,598.8349,5.2159,250.4544,0.2510,3.8000,-0.4500,0.0000,180.0000,0.0000,0.0000,0.0000,0.0000
0.000,598.8349,5.2159,250.4544,0.2510,3.8000,-0.4500,0.0000,180.0000,0.0000,0.0000,0.0000,0.0000
0.108,598.6016,5.0092,250.4596,0.2510,3.8000,-0.4500,0.0000,180.0000,0.0000,0.0000,0.0000,0.0000
0.210,598.2030,4.6661,250.4651,0.2510,3.8000,-0.4500,0.0000,180.0000,0.0000,0.0000,0.0000,0.0000
0.320,597.7820,4.3091,250.4692,0.2510,3.8000,-0.4500,0.0000,180.0000,0.0000,0.0000,0.0000,0.0000
0.433,597.1819,3.8045,250.4736,0.2510,3.8000,-0.4500,0.0000,180.0000,0.0000,0.0000,0.0000,0.0000
0.544,596.6107,3.3270,250.4769,0.2510,3.8000,-0.4500,0.0000,180.0000,0.0000,0.0000,0.0000,0.0000
0.655,595.8491,2.6930,250.4805,0.2510,3.8000,-0.4500,0.0000,180.0000,0.0000,0.0000,0.0000,0.0000
0.765,595.1573,2.1191,250.4831,0.2510,3.8000,-0.4500,0.0000,180.0000,0.0000,0.0000,0.0000,0.0000
0.865,594.4193,1.5080,250.4855,0.2510,3.8000,-0.4500,0.0000,180.0000,0.0000,0.0000,0.0000,0.0000
0.975,593.4786,0.7305,250.4879,0.2510,3.8000,-0.4500,0.0000,180.0000,0.0000,0.0000,0.0000,0.0000
1.098,592.4855,-0.0899,250.4776,0.2510,3.8000,-0.4500,0.0000,180.0000,0.0000,0.0000,0.0000,0.0000
1.209,591.6335,-0.8108,250.4432,0.2510,3.8000,-0.4500,359.6729,180.0000,0.0013,0.0000,0.0000,0.0000
1.321,591.1451,-1.1748,250.4085,0.2510,3.8000,-0.4500,358.5486,179.9999,0.0057,0.0000,0.0000,0.0000
1.434,590.7056,-1.3415,250.3563,0.2510,3.8000,-0.4500,357.5933,179.9998,0.0093,0.0000,0.0000,0.0000
1.543,590.4092,-1.3275,250.3051,0.2510,3.8000,-0.4500,357.3111,179.9998,0.0101,0.0000,0.0000,0.0000
1.668,590.0999,-1.2271,250.2363,0.2510,3.8000,-0.4500,357.3111,179.9998,0.0101,0.0000,0.0000,0.0000
1.779,589.8186,-1.1201,250.1613,0.2510,3.8000,-0.4500,357.3111,179.9998,0.0101,0.0000,0.0000,0.0000
1.905,589.5522,-1.0547,250.0799,0.2510,3.8000,-0.4500,357.3111,179.9998,0.0101,0.0000,0.0000,0.0000
2.015,589.2937,-1.0449,249.9931,0.2510,3.8000,-0.4500,357.3111,179.9998,0.0101,0.0000,0.0000,0.0000
2.127,589.0817,-1.0732,249.9177,0.2510,3.8000,-0.4500,357.3111,179.9998,0.0101,0.0000,0.0000,0.0000
2.238,588.8294,-1.1357,249.8247,0.2510,3.8000,-0.4500,357.3111,179.9998,0.0101,0.0000,0.0000,0.0000
2.350,588.5788,-1.2120,249.7246,0.2510,3.8000,-0.4500,357.3111,179.9998,0.0101,0.0000,0.0000,0.0000
2.461,588.3759,-1.2732,249.5746,0.2510,3.8000,-0.4500,357.3111,179.9998,0.0101,0.0000,0.0000,0.0000
2.586,588.1426,-1.3335,249.2647,0.2510,3.8000,-0.4500,357.3112,179.9998,0.0101,0.0000,0.0000,0.0000
2.699,587.9181,-1.3777,248.8345,0.2510,3.8000,-0.4500,357.3112,179.9998,0.0101,0.0000,0.0000,0.0000
2.808,587.7355,-1.4045,248.4095,0.2510,3.8000,-0.4500,357.3112,179.9998,0.0101,0.0000,0.0000,0.0000
2.933,587.4843,-1.4319,247.7485,0.2510,3.8000,-0.4500,357.3112,179.9998,0.0101,0.0000,0.0000,0.0000
3.043,587.3069,-1.4478,247.2464,0.2510,3.8000,-0.4500,357.3111,179.9998,0.0101,0.0000,0.0000,0.0000
3.144,587.1304,-1.4629,246.7288,0.2510,3.8000,-0.4500,357.3112,179.9998,0.0101,0.0000,0.0000,0.0000
3.266,586.9194,-1.4817,246.0946,0.2510,3.8000,-0.4500,357.3112,179.9998,0.0101,0.0000,0.0000,0.0000
3.378,586.7089,-1.5019,245.4516,0.2510,3.8000,-0.4500,357.3112,179.9998,0.0101,0.0000,0.0000,0.0000
3.489,586.4987,-1.5237,244.8036,0.2510,3.8000,-0.4500,357.3112,179.9998,0.0101,0.0000,0.0000,0.0000
3.600,586.3235,-1.5428,244.2621,0.2510,3.8000,-0.4500,357.3112,179.9998,0.0101,0.0000,0.0000,0.0000
3.724,586.1131,-1.5667,243.6155,0.2510,3.8000,-0.4500,357.3112,179.9998,0.0101,0.0000,0.0000,0.0000
3.825,585.9375,-1.5872,243.0803,0.2510,3.8000,-0.4500,357.3112,179.9998,0.0101,0.0000,0.0000,0.0000
3.935,585.7265,-1.6123,242.4420,0.2510,3.8000,-0.4500,357.3112,179.9998,0.0101,0.0000,0.0000,0.0000
4.043,585.5504,-1.6335,241.9126,0.2510,3.8000,-0.4500,357.3112,179.9998,0.0101,0.0000,0.0000,0.0000
4.169,585.3039,-1.6636,241.1741,0.2510,3.8000,-0.4500,357.3112,179.9998,0.0101,0.0000,0.0000,0.0000
4.296,585.0922,-1.6896,240.5429,0.2510,3.8000,-0.4500,357.3112,179.9998,0.0101,0.0000,0.0000,0.0000
4.421,584.8803,-1.7171,239.9130,0.2510,3.8000,-0.4500,357.2354,179.9998,359.9802,0.0000,0.0000,0.0000
4.531,584.6686,-1.7438,239.2833,0.2510,3.8000,-0.4500,357.2354,179.9998,359.9802,0.0000,0.0000,0.0000
4.656,584.4558,-1.7711,238.6720,0.2510,3.8000,-0.4500,357.2354,179.9998,359.9802,0.0000,0.0000,0.0000
4.768,584.2731,-1.7980,238.2450,0.2510,3.8000,-0.4500,357.2354,179.9998,359.9802,0.0000,0.0000,0.0000
4.877,584.0440,-1.8386,237.8698,0.2510,3.8000,-0.4500,357.2354,179.9998,359.9802,0.0000,0.0000,0.0000
4.988,583.8452,-1.8791,237.6620,0.2510,3.8000,-0.4500,357.2354,179.9998,359.9802,0.0000,0.0000,0.0000
5.100,583.5984,-1.9342,237.5119,0.2510,3.8000,-0.4500,357.2354,179.9998,359.9802,0.0000,0.0000,0.0000
5.211,583.3459,-1.9942,237.4379,0.2510,3.8000,-0.4500,357.2354,179.9998,359.9802,0.0000,0.0000,0.0000
5.336,583.0909,-2.0568,237.4140,0.2510,3.8000,-0.4500,357.2354,179.9998,359.9802,0.0000,0.0000,0.0000
5.450,582.8351,-2.1203,237.4217,0.2510,3.8000,-0.4500,357.2354,179.9998,359.9802,0.0000,0.0000,0.0000
5.557,582.6218,-2.1728,237.4434,0.2510,3.8000,-0.4500,357.2354,179.9998,359.9802,0.0000,0.0000,0.0000
5.682,582.3659,-2.2344,237.4807,0.2510,3.8000,-0.4500,357.2354,179.9998,359.9802,0.0000,0.0000,0.0000
5.793,582.1103,-2.2936,237.5258,0.2510,3.8000,-0.4500,357.2354,179.9998,359.9802,0.0000,0.0000,0.0000
5.905,581.8976,-2.3409,237.5685,0.2510,3.8000,-0.4500,357.2354,179.9998,359.9802,0.0000,0.0000,0.0000
6.017,581.6430,-2.3946,237.6256,0.2510,3.8000,-0.4500,357.2354,179.9998,359.9802,0.0000,0.0000,0.0000
6.127,581.4313,-2.4366,237.6769,0.2510,3.8000,-0.4500,357.2354,179.9998,359.9802,0.0000,0.0000,0.0000
6.252,581.1354,-2.4906,237.7526,0.2510,3.8000,-0.4500,357.2354,179.9998,359.9802,0.0000,0.0000,0.0000
6.364,580.9245,-2.5254,237.8084,0.2510,3.8000,-0.4500,357.2354,179.9998,359.9802,0.0000,0.0000,0.0000
6.488,580.6718,-2.5624,237.8765,0.2510,3.8000,-0.4500,357.2354,179.9998,359.9802,0.0000,0.0000,0.0000
6.588,580.4615,-2.5892,237.9338,0.2510,3.8000,-0.4500,357.2354,179.9998,359.9802,0.0000,0.0000,0.0000
6.696,580.2100,-2.6146,238.0024,0.2510,3.8000,-0.4500,357.3025,179.9998,0.0306,0.0000,0.0000,0.0000
6.821,579.9598,-2.6297,238.0699,0.2510,3.8000,-0.4500,357.5735,180.0004,0.2302,0.0000,0.0000,0.0000
6.932,579.7098,-2.6397,238.1377,0.2510,3.8000,-0.4500,357.7816,180.0015,0.3757,0.0000,0.0000,0.0000
7.043,579.5013,-2.6452,238.1946,0.2510,3.8000,-0.4500,357.8500,180.0020,0.4232,0.0000,0.0000,0.0000
7.144,579.2946,-2.6403,238.2493,0.2510,3.8000,-0.4500,358.1981,180.0052,0.6589,0.0000,0.0000,0.0000
7.254,579.0453,-2.6348,238.3166,0.2510,3.8000,-0.4500,358.2688,180.0061,0.7060,0.0000,0.0000,0.0000
7.378,578.7980,-2.6166,238.3818,0.2510,3.8000,-0.4500,358.6222,180.0112,0.9406,0.0000,0.0000,0.0000
7.502,578.5505,-2.5953,238.4484,0.2510,3.8000,-0.4500,358.7647,180.0136,1.0344,0.0000,0.0000,0.0000
7.616,578.3046,-2.5639,238.5145,0.2510,3.8000,-0.4500,359.0455,180.0192,1.2189,0.0000,0.0000,0.0000
7.738,578.0594,-2.5265,238.5817,0.2510,3.8000,-0.4500,359.2616,180.0240,1.3599,0.0000,0.0000,0.0000
7.864,577.8149,-2.4820,238.6498,0.2510,3.8000,-0.4500,359.4710,180.0293,1.4963,0.0000,0.0000,0.0000
7.988,577.5715,-2.4299,238.7188,0.2510,3.8000,-0.4500,359.6965,180.0354,1.6418,0.0000,0.0000,0.0000
8.102,577.3296,-2.3697,238.7885,0.2510,3.8000,-0.4500,359.9815,180.0441,1.8251,0.0000,0.0000,0.0000
8.211,577.0881,-2.3053,238.8608,0.2510,3.8000,-0.4500,0.1270,180.0488,1.9171,0.0000,0.0000,0.0000
8.322,576.8886,-2.2435,238.9210,0.2510,3.8000,-0.4500,0.4111,180.0588,2.0960,0.0000,0.0000,0.0000
8.433,576.6489,-2.1686,238.9969,0.2510,3.8000,-0.4500,0.4825,180.0614,2.1400,0.0000,0.0000,0.0000
8.544,576.4508,-2.0985,239.0600,0.2510,3.8000,-0.4500,0.6996,180.0698,2.2731,0.0000,0.0000,0.0000
8.669,576.1749,-1.9942,239.1501,0.2510,3.8000,-0.4500,0.9906,180.0818,2.4465,0.0000,0.0000,0.0000
8.780,575.9777,-1.9191,239.2170,0.2510,3.8000,-0.4500,0.9906,180.0818,2.4464,0.0000,0.0000,0.0000
8.891,575.7422,-1.8207,239.2968,0.2510,3.8000,-0.4500,1.2049,180.0912,2.5688,0.0000,0.0000,0.0000
9.003,575.5464,-1.7372,239.3650,0.2510,3.8000,-0.4500,1.2769,180.0944,2.6090,0.0000,0.0000,0.0000
9.129,575.2739,-1.6125,239.4601,0.2510,3.8000,-0.4500,1.5750,180.1084,2.7668,0.0000,0.0000,0.0000
9.239,575.0790,-1.5243,239.5304,0.2510,3.8000,-0.4500,1.5750,180.1084,2.7668,0.0000,0.0000,0.0000
9.339,574.8845,-1.4341,239.6013,0.2510,3.8000,-0.4500,1.5750,180.1084,2.7668,0.0000,0.0000,0.0000
9.448,574.6911,-1.3389,239.6706,0.2510,3.8000,-0.4500,1.8054,180.1198,2.8708,0.0000,0.0000,0.0000
9.573,574.4198,-1.2085,239.7708,0.2510,3.8000,-0.4500,1.8054,180.1198,2.8708,0.0000,0.0000,0.0000
9.685,574.2260,-1.1144,239.8427,0.2510,3.8000,-0.4500,1.8054,180.1198,2.8708,0.0000,0.0000,0.0000
9.797,573.9935,-1.0012,239.9291,0.2510,3.8000,-0.4500,1.8054,180.1198,2.8708,0.0000,0.0000,0.0000
9.905,573.8002,-0.9051,240.0000,0.2510,3.8000,-0.4500,1.9639,180.1278,2.9151,0.0000,0.0000,0.0000
10.018,573.5677,-0.7928,240.0867,0.2510,3.8000,-0.4500,1.9639,180.1278,2.9151,0.0000,0.0000,0.0000
10.127,573.3740,-0.7003,240.1591,0.2510,3.8000,-0.4500,1.9639,180.1278,2.9151,0.0000,0.0000,0.0000
10.238,573.1412,-0.5911,240.2461,0.2510,3.8000,-0.4500,1.9639,180.1278,2.9152,0.0000,0.0000,0.0000
10.350,572.9080,-0.4845,240.3331,0.2510,3.8000,-0.4500,1.9639,180.1278,2.9152,0.0000,0.0000,0.0000
10.461,572.7134,-0.3981,240.4056,0.2510,3.8000,-0.4500,1.9639,180.1278,2.9152,0.0000,0.0000,0.0000
10.585,572.4791,-0.2978,240.4927,0.2510,3.8000,-0.4500,1.9639,180.1278,2.9152,0.0000,0.0000,0.0000
10.709,572.2051,-0.1862,240.5946,0.2510,3.8000,-0.4500,1.9639,180.1278,2.9152,0.0000,0.0000,0.0000
10.823,572.0086,-0.1104,240.6677,0.2510,3.8000,-0.4500,1.9639,180.1278,2.9152,0.0000,0.0000,0.0000
10.934,571.7708,-0.0266,240.7555,0.2510,3.8000,-0.4500,2.0269,180.1309,2.7606,0.0000,0.0000,0.0000
11.042,571.5715,0.0397,240.8281,0.2510,3.8000,-0.4500,2.0542,180.1322,2.6831,0.0000,0.0000,0.0000
11.153,571.3307,0.1119,240.9144,0.2510,3.8000,-0.4500,2.0613,180.1325,2.5077,0.0000,0.0000,0.0000
11.265,571.1284,0.1651,240.9848,0.2510,3.8000,-0.4500,2.0561,180.1323,2.2530,0.0000,0.0000,0.0000
11.376,570.8859,0.2265,241.0666,0.2510,3.8000,-0.4500,2.0358,180.1315,2.1679,0.0000,0.0000,0.0000
11.488,570.6806,0.2671,241.1335,0.2510,3.8000,-0.4500,1.9414,180.1283,1.8304,0.0000,0.0000,0.0000
11.598,570.4340,0.3122,241.2104,0.2510,3.8000,-0.4500,1.8472,180.1254,1.5955,0.0000,0.0000,0.0000
11.723,570.1865,0.3515,241.2836,0.2510,3.8000,-0.4500,1.7822,180.1237,1.4451,0.0000,0.0000,0.0000
11.834,569.9370,0.3817,241.3541,0.2510,3.8000,-0.4500,1.6681,180.1210,1.2212,0.0000,0.0000,0.0000
11.959,569.6850,0.4010,241.4228,0.2510,3.8000,-0.4500,1.4620,180.1173,0.8440,0.0000,0.0000,0.0000
12.084,569.4335,0.4178,241.4880,0.2510,3.8000,-0.4500,1.3766,180.1162,0.6969,0.0000,0.0000,0.0000
12.195,569.1801,0.4256,241.5516,0.2510,3.8000,-0.4500,1.2485,180.1149,0.4781,0.0000,0.0000,0.0000
12.310,568.9254,0.4261,241.6138,0.2510,3.8000,-0.4500,1.1205,180.1141,0.2614,0.0000,0.0000,0.0000
12.419,568.7118,0.4189,241.6653,0.2510,3.8000,-0.4500,0.9538,180.1137,359.9781,0.0000,0.0000,0.0000
12.545,568.4556,0.4069,241.7262,0.2510,3.8000,-0.4500,0.8321,180.1140,359.7667,0.0000,0.0000,0.0000
12.655,568.1994,0.3915,241.7868,0.2510,3.8000,-0.4500,0.7930,180.1142,359.6981,0.0000,0.0000,0.0000
12.757,567.9839,0.3688,241.8387,0.2510,3.8000,-0.4500,0.6322,180.1154,359.4054,0.0000,0.0000,0.0000
12.859,567.7695,0.3469,241.8909,0.2510,3.8000,-0.4500,0.5940,180.1158,359.3320,0.0000,0.0000,0.0000
12.960,567.5536,0.3180,241.9448,0.2510,3.8000,-0.4500,0.4812,180.1174,359.1112,0.0000,0.0000,0.0000
13.070,567.2955,0.2829,242.0105,0.2510,3.8000,-0.4500,0.4471,180.1179,359.0391,0.0000,0.0000,0.0000
13.181,567.0793,0.2467,242.0669,0.2510,3.8000,-0.4500,0.3470,180.1198,358.8143,0.0000,0.0000,0.0000
13.295,566.8204,0.2038,242.1358,0.2510,3.8000,-0.4500,0.3173,180.1204,358.7372,0.0000,0.0000,0.0000
13.405,566.6045,0.1651,242.1946,0.2510,3.8000,-0.4500,0.2879,180.1211,358.6593,0.0000,0.0000,0.0000
13.529,566.3019,0.1064,242.2790,0.2510,3.8000,-0.4500,0.2365,180.1224,358.5019,0.0000,0.0000,0.0000
13.640,566.0854,0.0611,242.3409,0.2510,3.8000,-0.4500,0.1897,180.1237,358.3446,0.0000,0.0000,0.0000
13.765,565.8264,0.0065,242.4169,0.2510,3.8000,-0.4500,0.1667,180.1243,358.2673,0.0000,0.0000,0.0000
13.890,565.5243,-0.0588,242.5076,0.2510,3.8000,-0.4500,0.1667,180.1243,358.2673,0.0000,0.0000,0.0000
14.015,565.2642,-0.1222,242.5877,0.2510,3.8000,-0.4500,0.0816,180.1271,358.0342,0.0000,0.0000,0.0000
14.126,565.0486,-0.1727,242.6556,0.2510,3.8000,-0.4500,0.0816,180.1271,358.0342,0.0000,0.0000,0.0000
14.227,564.8331,-0.2246,242.7246,0.2510,3.8000,-0.4500,0.0816,180.1271,358.0341,0.0000,0.0000,0.0000
14.348,564.5745,-0.2884,242.8083,0.2510,3.8000,-0.4500,0.0816,180.1271,358.0341,0.0000,0.0000,0.0000
14.474,564.2721,-0.3674,242.9075,0.2510,3.8000,-0.4500,359.9829,180.1306,357.9050,0.0000,0.0000,0.0000
14.585,564.0568,-0.4225,242.9791,0.2510,3.8000,-0.4500,359.9829,180.1306,357.9050,0.0000,0.0000,0.0000
14.695,563.7986,-0.4892,243.0659,0.2510,3.8000,-0.4500,359.9829,180.1306,357.9050,0.0000,0.0000,0.0000
14.821,563.5405,-0.5561,243.1534,0.2510,3.8000,-0.4500,359.9829,180.1306,357.9050,0.0000,0.0000,0.0000
14.931,563.2824,-0.6252,243.2425,0.2510,3.8000,-0.4500,359.8264,180.1364,357.8446,0.0000,0.0000,0.0000
15.042,563.0679,-0.6808,243.3165,0.2510,3.8000,-0.4500,359.8264,180.1364,357.8446,0.0000,0.0000,0.0000
15.167,562.8108,-0.7476,243.4062,0.2510,3.8000,-0.4500,359.7433,180.1395,357.8394,0.0000,0.0000,0.0000
15.267,562.5970,-0.8032,243.4816,0.2510,3.8000,-0.4500,359.5798,180.1457,357.8455,0.0000,0.0000,0.0000
15.378,562.3406,-0.8683,243.5718,0.2510,3.8000,-0.4500,359.4225,180.1516,357.8820,0.0000,0.0000,0.0000
15.487,562.1273,-0.9211,243.6460,0.2510,3.8000,-0.4500,359.4225,180.1516,357.8820,0.0000,0.0000,0.0000
15.612,561.8296,-0.9935,243.7510,0.2510,3.8000,-0.4500,359.1959,180.1597,357.9856,0.0000,0.0000,0.0000
15.737,561.5747,-1.0534,243.8400,0.2510,3.8000,-0.4500,359.0544,180.1646,358.0799,0.0000,0.0000,0.0000
15.863,561.3198,-1.1120,243.9275,0.2510,3.8000,-0.4500,358.9854,180.1669,358.1282,0.0000,0.0000,0.0000
15.976,561.0661,-1.1673,244.0150,0.2510,3.8000,-0.4500,358.7394,180.1745,358.3452,0.0000,0.0000,0.0000
16.084,560.8537,-1.2136,244.0854,0.2510,3.8000,-0.4500,358.7394,180.1745,358.3452,0.0000,0.0000,0.0000
16.209,560.5580,-1.2743,244.1834,0.2510,3.8000,-0.4500,358.5731,180.1790,358.5287,0.0000,0.0000,0.0000
16.320,560.3474,-1.3152,244.2525,0.2510,3.8000,-0.4500,358.4167,180.1828,358.7283,0.0000,0.0000,0.0000
16.445,560.0944,-1.3645,244.3330,0.2510,3.8000,-0.4500,358.3672,180.1839,358.7931,0.0000,0.0000,0.0000
16.570,559.7999,-1.4180,244.4259,0.2510,3.8000,-0.4500,358.2269,180.1866,358.9992,0.0000,0.0000,0.0000
16.681,559.5892,-1.4555,244.4908,0.2510,3.8000,-0.4500,358.1824,180.1873,359.0699,0.0000,0.0000,0.0000
16.782,559.3796,-1.4898,244.5555,0.2510,3.8000,-0.4500,358.0519,180.1892,359.2806,0.0000,0.0000,0.0000
16.890,559.1267,-1.5325,244.6309,0.2510,3.8000,-0.4500,358.0519,180.1892,359.2805,0.0000,0.0000,0.0000
17.000,558.9172,-1.5648,244.6937,0.2510,3.8000,-0.4500,357.9705,180.1901,359.4240,0.0000,0.0000,0.0000
17.125,558.6659,-1.6021,244.7683,0.2510,3.8000,-0.4500,357.8917,180.1908,359.5687,0.0000,0.0000,0.0000
17.225,558.4565,-1.6325,244.8298,0.2510,3.8000,-0.4500,357.8538,180.1911,359.6414,0.0000,0.0000,0.0000
17.336,558.2058,-1.6665,244.9037,0.2510,3.8000,-0.4500,357.7796,180.1914,359.7874,0.0000,0.0000,0.0000
17.445,557.9968,-1.6941,244.9651,0.2510,3.8000,-0.4500,357.7431,180.1915,359.8640,0.0000,0.0000,0.0000
17.560,557.7468,-1.7248,245.0389,0.2510,3.8000,-0.4500,357.6712,180.1916,0.0163,0.0000,0.0000,0.0000
17.673,557.4967,-1.7548,245.1126,0.2510,3.8000,-0.4500,357.6388,180.1916,0.0905,0.0000,0.0000,0.0000
17.775,557.2888,-1.7783,245.1741,0.2510,3.8000,-0.4500,357.6071,180.1915,0.1646,0.0000,0.0000,0.0000
17.877,557.0811,-1.8006,245.2358,0.2510,3.8000,-0.4500,357.5769,180.1914,0.2422,0.0000,0.0000,0.0000
17.986,556.8741,-1.8206,245.2979,0.2510,3.8000,-0.4500,357.5192,180.1911,0.3950,0.0000,0.0000,0.0000
18.111,556.5835,-1.8497,245.3846,0.2510,3.8000,-0.4500,357.5192,180.1911,0.3950,0.0000,0.0000,0.0000
18.223,556.3762,-1.8691,245.4467,0.2510,3.8000,-0.4500,357.5191,180.1911,0.3950,0.0000,0.0000,0.0000
18.348,556.1292,-1.8870,245.5220,0.2510,3.8000,-0.4500,357.4520,180.1905,0.6366,0.0000,0.0000,0.0000
18.459,555.8806,-1.9068,245.5970,0.2510,3.8000,-0.4500,357.4520,180.1905,0.6366,0.0000,0.0000,0.0000
18.570,555.6324,-1.9247,245.6723,0.2510,3.8000,-0.4500,357.4520,180.1905,0.6366,0.0000,0.0000,0.0000
18.695,555.3859,-1.9380,245.7479,0.2510,3.8000,-0.4500,357.4344,180.1903,0.7987,0.0000,0.0000,0.0000
18.809,555.1384,-1.9521,245.8237,0.2510,3.8000,-0.4500,357.4344,180.1903,0.7987,0.0000,0.0000,0.0000
18.917,554.9324,-1.9622,245.8872,0.2510,3.8000,-0.4500,357.4344,180.1903,0.7987,0.0000,0.0000,0.0000
19.042,554.6854,-1.9725,245.9636,0.2510,3.8000,-0.4500,357.4344,180.1903,0.7987,0.0000,0.0000,0.0000
19.167,554.4392,-1.9790,246.0401,0.2510,3.8000,-0.4500,357.4427,180.1904,0.8806,0.0000,0.0000,0.0000
19.267,554.2349,-1.9809,246.1039,0.2510,3.8000,-0.4500,357.4796,180.1910,1.0406,0.0000,0.0000,0.0000
19.378,553.9887,-1.9848,246.1811,0.2510,3.8000,-0.4500,357.4796,180.1910,1.0406,0.0000,0.0000,0.0000
19.501,553.7426,-1.9862,246.2588,0.2510,3.8000,-0.4500,357.4796,180.1910,1.0406,0.0000,0.0000,0.0000
19.614,553.4976,-1.9821,246.3366,0.2510,3.8000,-0.4500,357.5500,180.1924,1.1857,0.0000,0.0000,0.0000
19.723,553.2928,-1.9793,246.4022,0.2510,3.8000,-0.4500,357.5500,180.1924,1.1857,0.0000,0.0000,0.0000
19.848,553.0486,-1.9689,246.4803,0.2510,3.8000,-0.4500,357.7094,180.1959,1.3768,0.0000,0.0000,0.0000
19.973,552.7628,-1.9588,246.5734,0.2510,3.8000,-0.4500,357.7094,180.1959,1.3768,0.0000,0.0000,0.0000
20.084,552.5593,-1.9479,246.6399,0.2510,3.8000,-0.4500,357.7757,180.1976,1.4277,0.0000,0.0000,0.0000
20.209,552.2742,-1.9299,246.7339,0.2510,3.8000,-0.4500,357.8430,180.1993,1.4778,0.0000,0.0000,0.0000
20.334,552.0309,-1.9088,246.8140,0.2510,3.8000,-0.4500,358.0606,180.2051,1.6032,0.0000,0.0000,0.0000
20.445,551.8276,-1.8911,246.8819,0.2510,3.8000,-0.4500,358.1363,180.2073,1.6347,0.0000,0.0000,0.0000
20.545,551.6245,-1.8715,246.9502,0.2510,3.8000,-0.4500,358.2132,180.2095,1.6645,0.0000,0.0000,0.0000
20.653,551.3812,-1.8447,247.0324,0.2510,3.8000,-0.4500,358.3738,180.2142,1.7131,0.0000,0.0000,0.0000
20.778,551.1381,-1.8142,247.1147,0.2510,3.8000,-0.4500,358.6183,180.2217,1.7745,0.0000,0.0000,0.0000
20.903,550.8942,-1.7839,247.1992,0.2510,3.8000,-0.4500,358.6183,180.2217,1.7745,0.0000,0.0000,0.0000
21.015,550.6513,-1.7476,247.2816,0.2510,3.8000,-0.4500,358.9575,180.2323,1.8150,0.0000,0.0000,0.0000
21.125,550.4487,-1.7182,247.3521,0.2510,3.8000,-0.4500,358.9575,180.2323,1.8150,0.0000,0.0000,0.0000
21.250,550.1649,-1.6713,247.4484,0.2510,3.8000,-0.4500,359.2885,180.2428,1.8214,0.0000,0.0000,0.0000
21.376,549.9216,-1.6293,247.5308,0.2510,3.8000,-0.4500,359.5323,180.2505,1.8098,0.0000,0.0000,0.0000
21.487,549.7189,-1.5939,247.6003,0.2510,3.8000,-0.4500,359.5323,180.2505,1.8098,0.0000,0.0000,0.0000
21.600,549.4753,-1.5482,247.6815,0.2510,3.8000,-0.4500,359.7778,180.2583,1.7824,0.0000,0.0000,0.0000
21.709,549.2313,-1.5017,247.7568,0.2510,3.8000,-0.4500,359.8581,180.2607,1.7695,0.0000,0.0000,0.0000
21.834,548.9859,-1.4531,247.8086,0.2510,3.8000,-0.4500,0.1022,180.2682,1.7223,0.0000,0.0000,0.0000
21.948,548.7806,-1.4124,247.8149,0.2510,3.8000,-0.4500,0.2617,180.2729,1.6841,0.0000,0.0000,0.0000
22.056,548.5338,-1.3638,247.7937,0.2510,3.8000,-0.4500,0.3378,180.2751,1.6644,0.0000,0.0000,0.0000
22.181,548.2867,-1.3148,247.7516,0.2510,3.8000,-0.4500,0.5716,180.2818,1.5885,0.0000,0.0000,0.0000
22.310,547.9980,-1.2582,247.6889,0.2510,3.8000,-0.4500,0.7261,180.2860,1.5256,0.0000,0.0000,0.0000
22.419,547.7914,-1.2179,247.6389,0.2510,3.8000,-0.4500,0.8021,180.2880,1.4938,0.0000,0.0000,0.0000
22.542,547.5429,-1.1701,247.5748,0.2510,3.8000,-0.4500,1.0257,180.2936,1.3819,0.0000,0.0000,0.0000
22.667,547.2949,-1.1224,247.5104,0.2510,3.8000,-0.4500,1.0257,180.2936,1.3819,0.0000,0.0000,0.0000
22.792,547.0038,-1.0682,247.4323,0.2510,3.8000,-0.4500,1.3131,180.3001,1.2079,0.0000,0.0000,0.0000
22.903,546.7963,-1.0293,247.3781,0.2510,3.8000,-0.4500,1.3131,180.3001,1.2079,0.0000,0.0000,0.0000
23.029,546.5039,-0.9767,247.3013,0.2510,3.8000,-0.4500,1.5117,180.3041,1.0633,0.0000,0.0000,0.0000
23.153,546.2534,-0.9315,247.2388,0.2510,3.8000,-0.4500,1.5117,180.3041,1.0633,0.0000,0.0000,0.0000
23.278,546.0006,-0.8883,247.1811,0.2510,3.8000,-0.4500,1.7063,180.3074,0.8989,0.0000,0.0000,0.0000
23.379,545.7902,-0.8515,247.1391,0.2510,3.8000,-0.4500,1.7062,180.3074,0.8989,0.0000,0.0000,0.0000
23.501,545.5365,-0.8085,247.0932,0.2510,3.8000,-0.4500,1.7679,180.3083,0.8409,0.0000,0.0000,0.0000
23.612,545.2814,-0.7665,247.0510,0.2510,3.8000,-0.4500,1.8893,180.3100,0.7257,0.0000,0.0000,0.0000
23.723,545.0688,-0.7310,247.0192,0.2510,3.8000,-0.4500,1.8893,180.3100,0.7257,0.0000,0.0000,0.0000
23.848,544.8129,-0.6894,246.9825,0.2510,3.8000,-0.4500,1.9481,180.3107,0.6653,0.0000,0.0000,0.0000
23.973,544.5138,-0.6410,246.9427,0.2510,3.8000,-0.4500,2.0066,180.3114,0.6052,0.0000,0.0000,0.0000
24.084,544.3001,-0.6060,246.9167,0.2510,3.8000,-0.4500,2.0066,180.3114,0.6052,0.0000,0.0000,0.0000
24.209,544.0432,-0.5638,246.8872,0.2510,3.8000,-0.4500,2.0066,180.3114,0.6052,0.0000,0.0000,0.0000
24.308,543.8284,-0.5291,246.8660,0.2510,3.8000,-0.4500,2.0660,180.3120,0.5470,0.0000,0.0000,0.0000
24.417,543.5709,-0.4870,246.8524,0.2510,3.8000,-0.4500,2.1246,180.3125,0.4896,0.0000,0.0000,0.0000
24.544,543.3134,-0.4445,246.8461,0.2510,3.8000,-0.4500,2.1246,180.3125,0.4896,0.0000,0.0000,0.0000
24.656,543.0559,-0.4026,246.8436,0.2510,3.8000,-0.4500,2.1246,180.3125,0.4896,0.0000,0.0000,0.0000
24.766,542.8406,-0.3694,246.8427,0.2510,3.8000,-0.4500,2.1766,180.3129,0.4262,0.0000,0.0000,0.0000
24.878,542.5826,-0.3303,246.8427,0.2510,3.8000,-0.4500,2.1766,180.3129,0.4262,0.0000,0.0000,0.0000
24.986,542.3664,-0.3009,246.8420,0.2510,3.8000,-0.4500,2.2686,180.3135,0.2898,0.0000,0.0000,0.0000
25.098,542.1072,-0.2657,246.8406,0.2510,3.8000,-0.4500,2.2686,180.3135,0.2898,0.0000,0.0000,0.0000
25.222,541.8465,-0.2351,246.8376,0.2510,3.8000,-0.4500,2.3426,180.3138,0.1432,0.0000,0.0000,0.0000
25.347,541.5856,-0.2064,246.8329,0.2510,3.8000,-0.4500,2.3722,180.3138,0.0688,0.0000,0.0000,0.0000
25.473,541.2798,-0.1778,246.8256,0.2510,3.8000,-0.4500,2.4223,180.3138,359.9031,0.0000,0.0000,0.0000
25.598,541.0172,-0.1569,246.8192,0.2510,3.8000,-0.4500,2.4676,180.3137,359.7433,0.0000,0.0000,0.0000
25.722,540.7559,-0.1367,246.8037,0.2510,3.8000,-0.4500,2.4676,180.3137,359.7433,0.0000,0.0000,0.0000
25.848,540.4940,-0.1244,246.7705,0.2510,3.8000,-0.4500,2.5061,180.3134,359.4962,0.0000,0.0000,0.0000
25.959,540.2341,-0.1131,246.7207,0.2510,3.8000,-0.4500,2.5173,180.3133,359.4150,0.0000,0.0000,0.0000
26.084,539.9742,-0.1070,246.6587,0.2510,3.8000,-0.4500,2.5304,180.3131,359.2478,0.0000,0.0000,0.0000
26.208,539.7151,-0.1027,246.5878,0.2510,3.8000,-0.4500,2.5364,180.3131,359.1657,0.0000,0.0000,0.0000
26.334,539.4117,-0.1045,246.4978,0.2510,3.8000,-0.4500,2.5437,180.3130,358.9150,0.0000,0.0000,0.0000
26.459,539.1532,-0.1055,246.4162,0.2510,3.8000,-0.4500,2.5437,180.3130,358.9150,0.0000,0.0000,0.0000
26.584,538.8936,-0.1122,246.3320,0.2510,3.8000,-0.4500,2.5432,180.3130,358.7527,0.0000,0.0000,0.0000
26.694,538.6346,-0.1186,246.2455,0.2510,3.8000,-0.4500,2.5432,180.3130,358.7527,0.0000,0.0000,0.0000
26.820,538.3740,-0.1320,246.1579,0.2510,3.8000,-0.4500,2.5351,180.3131,358.4971,0.0000,0.0000,0.0000
26.945,538.1150,-0.1431,246.0682,0.2510,3.8000,-0.4500,2.5351,180.3131,358.4971,0.0000,0.0000,0.0000
27.070,537.8118,-0.1604,245.9623,0.2510,3.8000,-0.4500,2.5300,180.3133,358.4123,0.0000,0.0000,0.0000
27.181,537.5945,-0.1762,245.8877,0.2510,3.8000,-0.4500,2.5196,180.3136,358.2456,0.0000,0.0000,0.0000
27.306,537.3336,-0.1926,245.8188,0.2510,3.8000,-0.4500,2.5196,180.3136,358.2456,0.0000,0.0000,0.0000
27.431,537.0274,-0.2128,245.8006,0.2510,3.8000,-0.4500,2.5125,180.3138,358.1656,0.0000,0.0000,0.0000
27.542,536.8090,-0.2260,245.8157,0.2510,3.8000,-0.4500,2.5125,180.3138,358.1656,0.0000,0.0000,0.0000
27.655,536.5465,-0.2436,245.8536,0.2510,3.8000,-0.4500,2.5044,180.3141,358.0859,0.0000,0.0000,0.0000
27.764,536.3283,-0.2572,245.8964,0.2510,3.8000,-0.4500,2.5044,180.3141,358.0859,0.0000,0.0000,0.0000
27.864,536.1103,-0.2712,245.9458,0.2510,3.8000,-0.4500,2.5045,180.3141,358.0859,0.0000,0.0000,0.0000
27.972,535.8484,-0.2901,246.0110,0.2510,3.8000,-0.4500,2.4943,180.3144,358.0037,0.0000,0.0000,0.0000
28.098,535.5875,-0.3079,246.0804,0.2510,3.8000,-0.4500,2.4943,180.3144,358.0037,0.0000,0.0000,0.0000
28.208,535.3701,-0.3232,246.1402,0.2510,3.8000,-0.4500,2.4943,180.3144,358.0037,0.0000,0.0000,0.0000
28.319,535.1091,-0.3419,246.2135,0.2510,3.8000,-0.4500,2.4943,180.3144,358.0037,0.0000,0.0000,0.0000
28.445,534.8480,-0.3610,246.2882,0.2510,3.8000,-0.4500,2.4943,180.3144,358.0037,0.0000,0.0000,0.0000
28.558,534.5861,-0.3833,246.3653,0.2510,3.8000,-0.4500,2.4654,180.3155,357.8416,0.0000,0.0000,0.0000
28.669,534.3253,-0.4028,246.4445,0.2510,3.8000,-0.4500,2.4654,180.3155,357.8415,0.0000,0.0000,0.0000
28.778,534.1082,-0.4190,246.5117,0.2510,3.8000,-0.4500,2.4654,180.3155,357.8416,0.0000,0.0000,0.0000
28.878,533.8912,-0.4352,246.5797,0.2510,3.8000,-0.4500,2.4654,180.3155,357.8416,0.0000,0.0000,0.0000
28.986,533.6743,-0.4515,246.6481,0.2510,3.8000,-0.4500,2.4654,180.3155,357.8416,0.0000,0.0000,0.0000
29.087,533.4573,-0.4678,246.7168,0.2510,3.8000,-0.4500,2.4654,180.3155,357.8416,0.0000,0.0000,0.0000
29.197,533.1968,-0.4874,246.7996,0.2510,3.8000,-0.4500,2.4654,180.3155,357.8415,0.0000,0.0000,0.0000
29.308,532.9799,-0.5037,246.8685,0.2510,3.8000,-0.4500,2.4654,180.3155,357.8415,0.0000,0.0000,0.0000
29.417,532.7194,-0.5233,246.9509,0.2510,3.8000,-0.4500,2.4654,180.3155,357.8415,0.0000,0.0000,0.0000
29.528,532.5023,-0.5398,247.0194,0.2510,3.8000,-0.4500,2.4654,180.3155,357.8415,0.0000,0.0000,0.0000
29.641,532.2422,-0.5595,247.1014,0.2510,3.8000,-0.4500,2.4654,180.3155,357.8416,0.0000,0.0000,0.0000
29.754,531.9821,-0.5794,247.1833,0.2510,3.8000,-0.4500,2.4654,180.3155,357.8415,0.0000,0.0000,0.0000
29.871,531.7220,-0.5994,247.2652,0.2510,3.8000,-0.4500,2.4654,180.3155,357.8415,0.0000,0.0000,0.0000
29.973,531.5052,-0.6161,247.3335,0.2510,3.8000,-0.4500,2.4654,180.3155,357.8415,0.0000,0.0000,0.0000
30.083,531.2884,-0.6331,247.4018,0.2510,3.8000,-0.4500,2.4654,180.3155,357.8415,0.0000,0.0000,0.0000
30.194,531.0283,-0.6536,247.4839,0.2510,3.8000,-0.4500,2.4654,180.3155,357.8415,0.0000,0.0000,0.0000
30.319,530.7682,-0.6743,247.5661,0.2510,3.8000,-0.4500,2.4654,180.3155,357.8415,0.0000,0.0000,0.0000
30.445,530.5085,-0.6954,247.6484,0.2510,3.8000,-0.4500,2.4654,180.3155,357.8415,0.0000,0.0000,0.0000
30.556,530.2487,-0.7167,247.7308,0.2510,3.8000,-0.4500,2.4654,180.3155,357.8415,0.0000,0.0000,0.0000
30.669,529.9890,-0.7385,247.8133,0.2510,3.8000,-0.4500,2.4654,180.3155,357.8415,0.0000,0.0000,0.0000
30.778,529.7726,-0.7568,247.8821,0.2510,3.8000,-0.4500,2.4654,180.3155,357.8415,0.0000,0.0000,0.0000
30.903,529.5128,-0.7792,247.9649,0.2510,3.8000,-0.4500,2.4654,180.3155,357.8415,0.0000,0.0000,0.0000
31.028,529.2529,-0.8019,248.0478,0.2510,3.8000,-0.4500,2.4654,180.3155,357.8415,0.0000,0.0000,0.0000
31.140,528.9933,-0.8250,248.1309,0.2510,3.8000,-0.4500,2.4654,180.3155,357.8415,0.0000,0.0000,0.0000
31.264,528.7339,-0.8483,248.2141,0.2510,3.8000,-0.4500,2.4654,180.3155,357.8415,0.0000,0.0000,0.0000
31.389,528.4311,-0.8771,248.3109,0.2510,3.8000,-0.4500,2.3929,180.3182,357.8052,0.0000,0.0000,0.0000
31.514,528.1713,-0.9011,248.3910,0.2510,3.8000,-0.4500,2.3929,180.3182,357.8052,0.0000,0.0000,0.0000
31.628,527.9549,-0.9212,248.4559,0.2510,3.8000,-0.4500,2.3929,180.3182,357.8052,0.0000,0.0000,0.0000
31.736,527.6948,-0.9464,248.5325,0.2510,3.8000,-0.4500,2.3168,180.3212,357.7791,0.0000,0.0000,0.0000
31.861,527.4346,-0.9717,248.6079,0.2510,3.8000,-0.4500,2.2415,180.3241,357.7539,0.0000,0.0000,0.0000
31.975,527.1746,-0.9959,248.6822,0.2510,3.8000,-0.4500,2.2415,180.3241,357.7539,0.0000,0.0000,0.0000
32.083,526.9583,-1.0158,248.7439,0.2510,3.8000,-0.4500,2.2415,180.3241,357.7539,0.0000,0.0000,0.0000
32.208,526.6986,-1.0395,248.8177,0.2510,3.8000,-0.4500,2.2415,180.3241,357.7539,0.0000,0.0000,0.0000
32.333,526.3957,-1.0666,248.9037,0.2510,3.8000,-0.4500,2.2415,180.3241,357.7539,0.0000,0.0000,0.0000
32.458,526.1362,-1.0892,248.9774,0.2510,3.8000,-0.4500,2.2415,180.3241,357.7539,0.0000,0.0000,0.0000
32.569,525.8771,-1.1112,249.0507,0.2510,3.8000,-0.4500,2.2415,180.3241,357.7539,0.0000,0.0000,0.0000
32.680,525.6607,-1.1290,249.1018,0.2510,3.8000,-0.4500,2.2415,180.3241,357.7539,0.0000,0.0000,0.0000
32.805,525.4008,-1.1509,249.1109,0.2510,3.8000,-0.4500,2.2415,180.3241,357.7539,0.0000,0.0000,0.0000
32.931,525.0982,-1.1771,249.0718,0.2510,3.8000,-0.4500,2.1616,180.3272,357.7656,0.0000,0.0000,0.0000
33.043,524.8825,-1.1953,249.0233,0.2510,3.8000,-0.4500,2.1616,180.3272,357.7656,0.0000,0.0000,0.0000
33.156,524.6241,-1.2167,248.9518,0.2510,3.8000,-0.4500,2.1616,180.3272,357.7656,0.0000,0.0000,0.0000
33.264,524.4094,-1.2342,248.8854,0.2510,3.8000,-0.4500,2.0849,180.3302,357.7927,0.0000,0.0000,0.0000
33.389,524.1090,-1.2579,248.7854,0.2510,3.8000,-0.4500,2.0849,180.3302,357.7927,0.0000,0.0000,0.0000
33.514,523.8520,-1.2776,248.6962,0.2510,3.8000,-0.4500,2.0849,180.3302,357.7927,0.0000,0.0000,0.0000
33.625,523.6379,-1.2937,248.6204,0.2510,3.8000,-0.4500,2.0849,180.3302,357.7927,0.0000,0.0000,0.0000
33.750,523.3386,-1.3160,248.5138,0.2510,3.8000,-0.4500,2.0134,180.3329,357.8280,0.0000,0.0000,0.0000
33.850,523.1246,-1.3321,248.4374,0.2510,3.8000,-0.4500,2.0134,180.3329,357.8280,0.0000,0.0000,0.0000
33.958,522.9104,-1.3485,248.3616,0.2510,3.8000,-0.4500,2.0134,180.3329,357.8280,0.0000,0.0000,0.0000
34.084,522.6532,-1.3688,248.2716,0.2510,3.8000,-0.4500,2.0134,180.3329,357.8280,0.0000,0.0000,0.0000
34.195,522.3959,-1.3897,248.1823,0.2510,3.8000,-0.4500,2.0134,180.3329,357.8280,0.0000,0.0000,0.0000
34.306,522.1813,-1.4076,248.1084,0.2510,3.8000,-0.4500,2.0134,180.3329,357.8280,0.0000,0.0000,0.0000
34.431,521.8807,-1.4330,248.0054,0.2510,3.8000,-0.4500,2.0134,180.3329,357.8280,0.0000,0.0000,0.0000
34.542,521.6659,-1.4514,247.9320,0.2510,3.8000,-0.4500,2.0134,180.3329,357.8280,0.0000,0.0000,0.0000
34.655,521.4081,-1.4731,247.8439,0.2510,3.8000,-0.4500,2.0134,180.3329,357.8280,0.0000,0.0000,0.0000
34.764,521.1932,-1.4909,247.7705,0.2510,3.8000,-0.4500,2.0134,180.3329,357.8280,0.0000,0.0000,0.0000
34.875,520.9354,-1.5117,247.6825,0.2510,3.8000,-0.4500,2.0134,180.3329,357.8280,0.0000,0.0000,0.0000
35.000,520.6771,-1.5314,247.5980,0.2510,3.8000,-0.4500,2.0134,180.3329,357.8279,0.0000,0.0000,0.0000
35.111,520.4182,-1.5492,247.5583,0.2510,3.8000,-0.4500,2.0134,180.3329,357.8279,0.0000,0.0000,0.0000
35.222,520.2022,-1.5618,247.5631,0.2510,3.8000,-0.4500,2.0134,180.3329,357.8279,0.0000,0.0000,0.0000
35.347,519.9432,-1.5745,247.5979,0.2510,3.8000,-0.4500,2.0134,180.3329,357.8279,0.0000,0.0000,0.0000
35.472,519.6414,-1.5860,247.6635,0.2510,3.8000,-0.4500,2.0134,180.3329,357.8279,0.0000,0.0000,0.0000
35.598,519.3837,-1.5933,247.7321,0.2510,3.8000,-0.4500,2.0134,180.3329,357.8279,0.0000,0.0000,0.0000
35.709,519.1262,-1.5981,247.8074,0.2510,3.8000,-0.4500,2.0134,180.3329,357.8279,0.0000,0.0000,0.0000
35.833,518.8691,-1.6007,247.8866,0.2510,3.8000,-0.4500,2.0134,180.3329,357.8279,0.0000,0.0000,0.0000
35.933,518.6552,-1.6011,247.9544,0.2510,3.8000,-0.4500,2.0134,180.3329,357.8279,0.0000,0.0000,0.0000
36.043,518.4413,-1.6000,248.0231,0.2510,3.8000,-0.4500,2.0134,180.3329,357.8279,0.0000,0.0000,0.0000
36.155,518.1851,-1.5967,248.1063,0.2510,3.8000,-0.4500,2.0134,180.3329,357.8279,0.0000,0.0000,0.0000
36.264,517.9718,-1.5924,248.1758,0.2510,3.8000,-0.4500,2.0134,180.3329,357.8279,0.0000,0.0000,0.0000
36.389,517.6741,-1.5816,248.2734,0.2510,3.8000,-0.4500,1.9920,180.3337,357.9909,0.0000,0.0000,0.0000
36.489,517.4610,-1.5743,248.3422,0.2510,3.8000,-0.4500,1.9920,180.3337,357.9909,0.0000,0.0000,0.0000
36.612,517.2065,-1.5615,248.4241,0.2510,3.8000,-0.4500,1.9716,180.3344,358.1552,0.0000,0.0000,0.0000
36.722,516.9935,-1.5521,248.4913,0.2510,3.8000,-0.4500,1.9716,180.3344,358.1552,0.0000,0.0000,0.0000
36.847,516.7391,-1.5372,248.5711,0.2510,3.8000,-0.4500,1.9440,180.3353,358.3198,0.0000,0.0000,0.0000
36.972,516.4418,-1.5205,248.6622,0.2510,3.8000,-0.4500,1.9300,180.3357,358.3996,0.0000,0.0000,0.0000
37.097,516.1869,-1.5068,248.7390,0.2510,3.8000,-0.4500,1.9300,180.3357,358.3996,0.0000,0.0000,0.0000
37.222,515.9335,-1.4891,248.8154,0.2510,3.8000,-0.4500,1.8519,180.3377,358.6396,0.0000,0.0000,0.0000
37.347,515.6794,-1.4739,248.8901,0.2510,3.8000,-0.4500,1.8260,180.3383,358.7141,0.0000,0.0000,0.0000
37.472,515.3825,-1.4578,248.9750,0.2510,3.8000,-0.4500,1.8260,180.3383,358.7141,0.0000,0.0000,0.0000
37.584,515.1708,-1.4458,249.0351,0.2510,3.8000,-0.4500,1.7870,180.3391,358.7833,0.0000,0.0000,0.0000
37.708,514.9170,-1.4321,249.1065,0.2510,3.8000,-0.4500,1.7377,180.3401,358.8544,0.0000,0.0000,0.0000
37.834,514.6213,-1.4163,249.1891,0.2510,3.8000,-0.4500,1.6379,180.3420,358.9893,0.0000,0.0000,0.0000
37.945,514.4097,-1.4068,249.2470,0.2510,3.8000,-0.4500,1.6379,180.3420,358.9893,0.0000,0.0000,0.0000
38.069,514.1147,-1.3923,249.3284,0.2510,3.8000,-0.4500,1.4739,180.3447,359.1726,0.0000,0.0000,0.0000
38.195,513.8611,-1.3828,249.3966,0.2510,3.8000,-0.4500,1.4739,180.3447,359.1726,0.0000,0.0000,0.0000
38.319,513.6085,-1.3736,249.4654,0.2510,3.8000,-0.4500,1.3484,180.3464,359.2780,0.0000,0.0000,0.0000
38.419,513.3975,-1.3678,249.5219,0.2510,3.8000,-0.4500,1.3484,180.3464,359.2780,0.0000,0.0000,0.0000
38.528,513.1866,-1.3630,249.5789,0.2510,3.8000,-0.4500,1.2816,180.3472,359.3245,0.0000,0.0000,0.0000
38.639,512.9338,-1.3589,249.6478,0.2510,3.8000,-0.4500,1.0700,180.3494,359.4515,0.0000,0.0000,0.0000
38.750,512.6801,-1.3578,249.7153,0.2510,3.8000,-0.4500,1.0700,180.3494,359.4515,0.0000,0.0000,0.0000
38.861,512.4696,-1.3591,249.7731,0.2510,3.8000,-0.4500,0.8354,180.3515,359.5417,0.0000,0.0000,0.0000
38.986,512.2162,-1.3632,249.8408,0.2510,3.8000,-0.4500,0.8354,180.3515,359.5418,0.0000,0.0000,0.0000
39.111,511.9208,-1.3728,249.9216,0.2510,3.8000,-0.4500,0.5941,180.3533,359.6040,0.0000,0.0000,0.0000
39.236,511.6677,-1.3851,249.9911,0.2510,3.8000,-0.4500,0.4308,180.3544,359.6291,0.0000,0.0000,0.0000
39.361,511.4142,-1.4013,250.0609,0.2510,3.8000,-0.4500,0.2703,180.3554,359.6469,0.0000,0.0000,0.0000
39.486,511.1604,-1.4217,250.1311,0.2510,3.8000,-0.4500,0.1054,180.3564,359.6532,0.0000,0.0000,0.0000
39.586,510.9491,-1.4428,250.1909,0.2510,3.8000,-0.4500,359.8568,180.3579,359.6530,0.0000,0.0000,0.0000
39.697,510.6950,-1.4711,250.2614,0.2510,3.8000,-0.4500,359.6886,180.3589,359.6428,0.0000,0.0000,0.0000
39.821,510.4406,-1.5035,250.3284,0.2510,3.8000,-0.4500,359.5235,180.3600,359.6311,0.0000,0.0000,0.0000
39.945,510.1856,-1.5410,250.3915,0.2510,3.8000,-0.4500,359.2769,180.3616,359.6035,0.0000,0.0000,0.0000
40.058,509.9300,-1.5816,250.4505,0.2510,3.8000,-0.4500,359.1116,180.3628,359.5814,0.0000,0.0000,0.0000
40.167,509.7171,-1.6179,250.4975,0.2510,3.8000,-0.4500,359.0298,180.3634,359.5701,0.0000,0.0000,0.0000
40.278,509.4612,-1.6653,250.5531,0.2510,3.8000,-0.4500,358.8666,180.3647,359.5459,0.0000,0.0000,0.0000
40.403,509.2050,-1.7163,250.6079,0.2510,3.8000,-0.4500,358.7019,180.3660,359.5209,0.0000,0.0000,0.0000
40.514,508.9487,-1.7712,250.6630,0.2510,3.8000,-0.4500,358.4529,180.3682,359.4834,0.0000,0.0000,0.0000
40.625,508.7351,-1.8169,250.7076,0.2510,3.8000,-0.4500,358.4529,180.3682,359.4834,0.0000,0.0000,0.0000
40.736,508.4786,-1.8765,250.7623,0.2510,3.8000,-0.4500,358.2107,180.3704,359.4507,0.0000,0.0000,0.0000
40.861,508.2215,-1.9352,250.8064,0.2510,3.8000,-0.4500,358.2107,180.3704,359.4507,0.0000,0.0000,0.0000
40.986,507.9635,-1.9961,250.8296,0.2510,3.8000,-0.4500,358.0472,180.3720,359.4355,0.0000,0.0000,0.0000
41.111,507.6627,-2.0651,250.8318,0.2510,3.8000,-0.4500,358.0472,180.3720,359.4355,0.0000,0.0000,0.0000
41.222,507.4479,-2.1147,250.8233,0.2510,3.8000,-0.4500,357.9666,180.3728,359.4342,0.0000,0.0000,0.0000
41.333,507.1906,-2.1727,250.8048,0.2510,3.8000,-0.4500,357.9666,180.3728,359.4342,0.0000,0.0000,0.0000
41.433,506.9764,-2.2203,250.7852,0.2510,3.8000,-0.4500,357.9666,180.3728,359.4342,0.0000,0.0000,0.0000
41.542,506.7625,-2.2669,250.7631,0.2510,3.8000,-0.4500,357.9666,180.3728,359.4342,0.0000,0.0000,0.0000
41.653,506.5061,-2.3212,250.7345,0.2510,3.8000,-0.4500,357.9666,180.3728,359.4342,0.0000,0.0000,0.0000
41.763,506.2926,-2.3647,250.7096,0.2510,3.8000,-0.4500,357.9666,180.3728,359.4342,0.0000,0.0000,0.0000
41.863,506.0792,-2.4065,250.6840,0.2510,3.8000,-0.4500,357.9666,180.3728,359.4342,0.0000,0.0000,0.0000
41.972,505.8235,-2.4538,250.6527,0.2510,3.8000,-0.4500,357.9666,180.3728,359.4342,0.0000,0.0000,0.0000
42.097,505.5681,-2.4978,250.6209,0.2510,3.8000,-0.4500,357.9666,180.3728,359.4342,0.0000,0.0000,0.0000
42.222,505.3130,-2.5378,250.5888,0.2510,3.8000,-0.4500,357.9666,180.3728,359.4342,0.0000,0.0000,0.0000
42.347,505.0587,-2.5735,250.5516,0.2510,3.8000,-0.4500,357.9666,180.3728,359.4342,0.0000,0.0000,0.0000
42.472,504.7645,-2.6085,250.4838,0.2510,3.8000,-0.4500,357.9666,180.3728,359.4342,0.0000,0.0000,0.0000
42.582,504.5578,-2.6247,250.4188,0.2510,3.8000,-0.4500,357.9364,180.3730,359.6833,0.0000,0.0000,0.0000
42.695,504.3094,-2.6441,250.3254,0.2510,3.8000,-0.4500,357.9365,180.3730,359.6833,0.0000,0.0000,0.0000
42.806,504.1050,-2.6514,250.2380,0.2510,3.8000,-0.4500,358.0016,180.3728,359.9199,0.0000,0.0000,0.0000
42.915,503.8589,-2.6607,250.1257,0.2510,3.8000,-0.4500,358.0016,180.3728,359.9199,0.0000,0.0000,0.0000
43.040,503.6161,-2.6567,250.0065,0.2510,3.8000,-0.4500,358.2239,180.3733,0.2827,0.0000,0.0000,0.0000
43.165,503.3715,-2.6555,249.8845,0.2510,3.8000,-0.4500,358.2239,180.3733,0.2827,0.0000,0.0000,0.0000
43.290,503.0884,-2.6416,249.7397,0.2510,3.8000,-0.4500,358.4666,180.3750,0.5228,0.0000,0.0000,0.0000
43.415,502.8457,-2.6250,249.6172,0.2510,3.8000,-0.4500,358.6713,180.3771,0.6795,0.0000,0.0000,0.0000
43.515,502.6437,-2.6070,249.5161,0.2510,3.8000,-0.4500,358.8721,180.3797,0.8179,0.0000,0.0000,0.0000
43.637,502.4010,-2.5832,249.3963,0.2510,3.8000,-0.4500,359.0215,180.3820,0.9001,0.0000,0.0000,0.0000
43.749,502.1588,-2.5535,249.2763,0.2510,3.8000,-0.4500,359.2451,180.3857,1.0140,0.0000,0.0000,0.0000
43.873,501.9166,-2.5207,249.1565,0.2510,3.8000,-0.4500,359.3932,180.3885,1.0814,0.0000,0.0000,0.0000
43.985,501.7155,-2.4872,249.0549,0.2510,3.8000,-0.4500,359.6997,180.3946,1.1996,0.0000,0.0000,0.0000
44.110,501.4339,-2.4381,248.9127,0.2510,3.8000,-0.4500,359.9300,180.3995,1.2783,0.0000,0.0000,0.0000
44.220,501.2333,-2.3981,248.8096,0.2510,3.8000,-0.4500,0.1608,180.4048,1.3566,0.0000,0.0000,0.0000
44.345,500.9926,-2.3471,248.6867,0.2510,3.8000,-0.4500,0.3133,180.4085,1.4108,0.0000,0.0000,0.0000
44.470,500.7104,-2.2784,248.5691,0.2510,3.8000,-0.4500,0.6253,180.4165,1.5309,0.0000,0.0000,0.0000
44.595,500.4667,-2.2136,248.5249,0.2510,3.8000,-0.4500,0.7788,180.4207,1.5972,0.0000,0.0000,0.0000
44.695,500.2636,-2.1535,248.5216,0.2510,3.8000,-0.4500,0.9342,180.4252,1.6666,0.0000,0.0000,0.0000
44.804,500.0620,-2.0855,248.5387,0.2510,3.8000,-0.4500,1.2465,180.4346,1.8187,0.0000,0.0000,0.0000
44.918,499.8203,-2.0007,248.5803,0.2510,3.8000,-0.4500,1.3996,180.4396,1.8989,0.0000,0.0000,0.0000
45.026,499.6206,-1.9231,248.6252,0.2510,3.8000,-0.4500,1.6230,180.4473,2.0185,0.0000,0.0000,0.0000
45.151,499.3422,-1.8082,248.6997,0.2510,3.8000,-0.4500,1.8411,180.4552,2.1428,0.0000,0.0000,0.0000
45.276,499.1051,-1.7024,248.7695,0.2510,3.8000,-0.4500,2.0605,180.4637,2.2726,0.0000,0.0000,0.0000
45.402,498.8685,-1.5937,248.8442,0.2510,3.8000,-0.4500,2.1313,180.4665,2.3148,0.0000,0.0000,0.0000
45.527,498.6337,-1.4772,248.9201,0.2510,3.8000,-0.4500,2.3515,180.4757,2.4504,0.0000,0.0000,0.0000
45.639,498.3995,-1.3576,248.9983,0.2510,3.8000,-0.4500,2.4939,180.4819,2.5391,0.0000,0.0000,0.0000
45.748,498.2049,-1.2560,249.0648,0.2510,3.8000,-0.4500,2.5623,180.4849,2.5818,0.0000,0.0000,0.0000
45.860,497.9718,-1.1314,249.1458,0.2510,3.8000,-0.4500,2.6309,180.4881,2.6246,0.0000,0.0000,0.0000
45.985,497.7392,-1.0041,249.2275,0.2510,3.8000,-0.4500,2.6993,180.4912,2.6671,0.0000,0.0000,0.0000
46.110,497.4689,-0.8523,249.3231,0.2510,3.8000,-0.4500,2.8394,180.4979,2.7520,0.0000,0.0000,0.0000
46.235,497.2372,-0.7232,249.4067,0.2510,3.8000,-0.4500,2.8394,180.4979,2.7520,0.0000,0.0000,0.0000
46.360,497.0056,-0.5937,249.4908,0.2510,3.8000,-0.4500,2.8394,180.4979,2.7520,0.0000,0.0000,0.0000
46.460,496.8126,-0.4862,249.5611,0.2510,3.8000,-0.4500,2.8394,180.4979,2.7520,0.0000,0.0000,0.0000
46.568,496.5809,-0.3583,249.6457,0.2510,3.8000,-0.4500,2.8394,180.4979,2.7520,0.0000,0.0000,0.0000
46.693,496.3491,-0.2322,249.7304,0.2510,3.8000,-0.4500,2.8394,180.4979,2.7520,0.0000,0.0000,0.0000
46.818,496.1169,-0.1087,249.8153,0.2510,3.8000,-0.4500,2.8394,180.4979,2.7520,0.0000,0.0000,0.0000
46.919,495.9229,-0.0083,249.8861,0.2510,3.8000,-0.4500,2.8394,180.4979,2.7520,0.0000,0.0000,0.0000
47.026,495.7285,0.0894,249.9569,0.2510,3.8000,-0.4500,2.8394,180.4978,2.7520,0.0000,0.0000,0.0000
47.127,495.5336,0.1839,250.0278,0.2510,3.8000,-0.4500,2.8394,180.4978,2.7520,0.0000,0.0000,0.0000
47.249,495.2600,0.3103,250.1276,0.2510,3.8000,-0.4500,2.8394,180.4978,2.7520,0.0000,0.0000,0.0000
47.374,495.0246,0.4125,250.2138,0.2510,3.8000,-0.4500,2.8394,180.4978,2.7520,0.0000,0.0000,0.0000
47.499,494.7884,0.5083,250.3007,0.2510,3.8000,-0.4500,2.8394,180.4978,2.7520,0.0000,0.0000,0.0000
47.624,494.5512,0.5974,250.3885,0.2510,3.8000,-0.4500,2.8394,180.4978,2.7520,0.0000,0.0000,0.0000
47.749,494.2706,0.6858,250.4923,0.2510,3.8000,-0.4500,2.7115,180.4921,2.4438,0.0000,0.0000,0.0000
47.874,494.0275,0.7504,250.5806,0.2510,3.8000,-0.4500,2.4922,180.4834,2.0734,0.0000,0.0000,0.0000
47.999,493.7845,0.8119,250.6650,0.2510,3.8000,-0.4500,2.4017,180.4802,1.9402,0.0000,0.0000,0.0000
48.124,493.5385,0.8599,250.7478,0.2510,3.8000,-0.4500,2.1379,180.4721,1.5991,0.0000,0.0000,0.0000
48.249,493.2509,0.9094,250.8393,0.2510,3.8000,-0.4500,1.9754,180.4678,1.4037,0.0000,0.0000,0.0000
48.363,493.0432,0.9345,250.9034,0.2510,3.8000,-0.4500,1.7519,180.4629,1.1441,0.0000,0.0000,0.0000
48.471,492.7932,0.9578,250.9776,0.2510,3.8000,-0.4500,1.5286,180.4589,0.8923,0.0000,0.0000,0.0000
48.596,492.5422,0.9739,251.0492,0.2510,3.8000,-0.4500,1.3663,180.4566,0.7108,0.0000,0.0000,0.0000
48.696,492.3314,0.9782,251.1083,0.2510,3.8000,-0.4500,1.1426,180.4543,0.4623,0.0000,0.0000,0.0000
48.807,492.1213,0.9810,251.1653,0.2510,3.8000,-0.4500,1.0876,180.4539,0.4011,0.0000,0.0000,0.0000
48.915,491.8659,0.9688,251.2353,0.2510,3.8000,-0.4500,0.7394,180.4527,0.0119,0.0000,0.0000,0.0000
49.026,491.6537,0.9571,251.2920,0.2510,3.8000,-0.4500,0.6296,180.4528,359.8877,0.0000,0.0000,0.0000
49.151,491.3556,0.9310,251.3716,0.2510,3.8000,-0.4500,0.4639,180.4534,359.6986,0.0000,0.0000,0.0000
49.263,491.1409,0.9012,251.4297,0.2510,3.8000,-0.4500,0.1863,180.4556,359.3765,0.0000,0.0000,0.0000
49.387,490.8848,0.8666,251.4983,0.2510,3.8000,-0.4500,0.1329,180.4562,359.3126,0.0000,0.0000,0.0000
49.499,490.6269,0.8203,251.5691,0.2510,3.8000,-0.4500,359.9196,180.4592,359.0551,0.0000,0.0000,0.0000
49.624,490.3691,0.7690,251.6411,0.2510,3.8000,-0.4500,359.7650,180.4620,358.8605,0.0000,0.0000,0.0000
49.735,490.1115,0.7134,251.7146,0.2510,3.8000,-0.4500,359.6676,180.4641,358.7343,0.0000,0.0000,0.0000
49.860,489.8535,0.6519,251.7900,0.2510,3.8000,-0.4500,359.5688,180.4664,358.6034,0.0000,0.0000,0.0000
49.985,489.5951,0.5835,251.8680,0.2510,3.8000,-0.4500,359.4209,180.4702,358.4075,0.0000,0.0000,0.0000
50.096,489.3364,0.5099,251.9482,0.2510,3.8000,-0.4500,359.2697,180.4747,358.2145,0.0000,0.0000,0.0000
50.207,489.1219,0.4486,252.0160,0.2510,3.8000,-0.4500,359.2697,180.4747,358.2145,0.0000,0.0000,0.0000
50.332,488.8198,0.3528,252.1074,0.2510,3.8000,-0.4500,359.1049,180.4801,358.0228,0.0000,0.0000,0.0000
50.457,488.5603,0.2673,252.1783,0.2510,3.8000,-0.4500,358.9904,180.4842,357.9036,0.0000,0.0000,0.0000
50.557,488.3442,0.1959,252.2334,0.2510,3.8000,-0.4500,358.9904,180.4842,357.9036,0.0000,0.0000,0.0000
50.665,488.1270,0.1176,252.2881,0.2510,3.8000,-0.4500,358.8015,180.4914,357.7340,0.0000,0.0000,0.0000
50.779,487.8674,0.0275,252.3161,0.2510,3.8000,-0.4500,358.8015,180.4914,357.7340,0.0000,0.0000,0.0000
50.891,487.6076,-0.0648,252.3051,0.2510,3.8000,-0.4500,358.7325,180.4941,357.6872,0.0000,0.0000,0.0000
50.999,487.3912,-0.1422,252.2792,0.2510,3.8000,-0.4500,358.6625,180.4970,357.6443,0.0000,0.0000,0.0000
51.124,487.1318,-0.2338,252.2360,0.2510,3.8000,-0.4500,358.6625,180.4970,357.6443,0.0000,0.0000,0.0000
51.249,486.8294,-0.3417,252.1775,0.2510,3.8000,-0.4500,358.5868,180.5001,357.6115,0.0000,0.0000,0.0000
51.374,486.5705,-0.4324,252.1228,0.2510,3.8000,-0.4500,358.5868,180.5001,357.6115,0.0000,0.0000,0.0000
51.499,486.3116,-0.5230,252.0668,0.2510,3.8000,-0.4500,358.5067,180.5035,357.5934,0.0000,0.0000,0.0000
51.610,486.0530,-0.6110,252.0092,0.2510,3.8000,-0.4500,358.5067,180.5035,357.5934,0.0000,0.0000,0.0000
51.735,485.7952,-0.6980,251.9527,0.2510,3.8000,-0.4500,358.2653,180.5136,357.6262,0.0000,0.0000,0.0000
51.860,485.5372,-0.7809,251.8945,0.2510,3.8000,-0.4500,358.2653,180.5136,357.6262,0.0000,0.0000,0.0000
51.971,485.2795,-0.8610,251.8560,0.2510,3.8000,-0.4500,358.2653,180.5136,357.6262,0.0000,0.0000,0.0000
52.071,485.0652,-0.9265,251.8635,0.2510,3.8000,-0.4500,358.2653,180.5136,357.6262,0.0000,0.0000,0.0000
52.179,484.8521,-0.9887,251.8945,0.2510,3.8000,-0.4500,358.1497,180.5182,357.7533,0.0000,0.0000,0.0000
52.304,484.5961,-1.0608,251.9478,0.2510,3.8000,-0.4500,358.0958,180.5203,357.8178,0.0000,0.0000,0.0000
52.429,484.2990,-1.1368,252.0229,0.2510,3.8000,-0.4500,357.9937,180.5240,358.0445,0.0000,0.0000,0.0000
52.543,484.0864,-1.1877,252.0794,0.2510,3.8000,-0.4500,357.9771,180.5246,358.1262,0.0000,0.0000,0.0000
52.651,483.8323,-1.2410,252.1482,0.2510,3.8000,-0.4500,357.9408,180.5257,358.3708,0.0000,0.0000,0.0000
52.763,483.6200,-1.2826,252.2043,0.2510,3.8000,-0.4500,357.9452,180.5256,358.4566,0.0000,0.0000,0.0000
52.887,483.3668,-1.3224,252.2701,0.2510,3.8000,-0.4500,357.9774,180.5248,358.7949,0.0000,0.0000,0.0000
53.012,483.0712,-1.3634,252.3481,0.2510,3.8000,-0.4500,358.0436,180.5236,359.0365,0.0000,0.0000,0.0000
53.137,482.8177,-1.3944,252.4185,0.2510,3.8000,-0.4500,358.0675,180.5232,359.1146,0.0000,0.0000,0.0000
53.262,482.5667,-1.4144,252.4912,0.2510,3.8000,-0.4500,358.2055,180.5214,359.4257,0.0000,0.0000,0.0000
53.387,482.3152,-1.4319,252.5659,0.2510,3.8000,-0.4500,358.2888,180.5207,359.5700,0.0000,0.0000,0.0000
53.513,482.0224,-1.4458,252.6545,0.2510,3.8000,-0.4500,358.3819,180.5201,359.7104,0.0000,0.0000,0.0000
53.637,481.7721,-1.4517,252.7306,0.2510,3.8000,-0.4500,358.4829,180.5197,359.8432,0.0000,0.0000,0.0000
53.762,481.5226,-1.4513,252.8062,0.2510,3.8000,-0.4500,358.6515,180.5195,0.0281,0.0000,0.0000,0.0000
53.876,481.2728,-1.4481,252.8818,0.2510,3.8000,-0.4500,358.7791,180.5197,0.1355,0.0000,0.0000,0.0000
53.985,481.0648,-1.4434,252.9448,0.2510,3.8000,-0.4500,358.8433,180.5199,0.1871,0.0000,0.0000,0.0000
54.110,480.7737,-1.4318,253.0320,0.2510,3.8000,-0.4500,358.9849,180.5205,0.2738,0.0000,0.0000,0.0000
54.222,480.5661,-1.4201,253.0935,0.2510,3.8000,-0.4500,359.1316,180.5213,0.3465,0.0000,0.0000,0.0000
54.346,480.3169,-1.4029,253.1660,0.2510,3.8000,-0.4500,359.3672,180.5229,0.4317,0.0000,0.0000,0.0000
54.446,480.1090,-1.3882,253.2265,0.2510,3.8000,-0.4500,359.4464,180.5235,0.4505,0.0000,0.0000,0.0000
54.557,479.8597,-1.3675,253.2980,0.2510,3.8000,-0.4500,359.6058,180.5248,0.4847,0.0000,0.0000,0.0000
54.665,479.6518,-1.3477,253.3564,0.2510,3.8000,-0.4500,359.8542,180.5269,0.5058,0.0000,0.0000,0.0000
54.777,479.4017,-1.3241,253.4272,0.2510,3.8000,-0.4500,359.9344,180.5276,0.5105,0.0000,0.0000,0.0000
54.888,479.1933,-1.3024,253.4850,0.2510,3.8000,-0.4500,0.0960,180.5291,0.5029,0.0000,0.0000,0.0000
54.998,478.9429,-1.2754,253.5539,0.2510,3.8000,-0.4500,0.2608,180.5305,0.4827,0.0000,0.0000,0.0000
55.123,478.6921,-1.2471,253.6204,0.2510,3.8000,-0.4500,0.4279,180.5319,0.4558,0.0000,0.0000,0.0000
55.235,478.4402,-1.2178,253.6810,0.2510,3.8000,-0.4500,0.6712,180.5337,0.3961,0.0000,0.0000,0.0000
55.360,478.1877,-1.1883,253.7360,0.2510,3.8000,-0.4500,0.9014,180.5351,0.3217,0.0000,0.0000,0.0000
55.460,477.9770,-1.1638,253.7795,0.2510,3.8000,-0.4500,0.9014,180.5351,0.3217,0.0000,0.0000,0.0000
55.568,477.7653,-1.1392,253.8195,0.2510,3.8000,-0.4500,1.0535,180.5359,0.2579,0.0000,0.0000,0.0000
55.693,477.4681,-1.1051,253.8722,0.2510,3.8000,-0.4500,1.2740,180.5367,0.1514,0.0000,0.0000,0.0000
55.804,477.2550,-1.0815,253.9078,0.2510,3.8000,-0.4500,1.4873,180.5370,0.0266,0.0000,0.0000,0.0000
55.930,476.9569,-1.0487,253.9574,0.2510,3.8000,-0.4500,1.5554,180.5370,359.9798,0.0000,0.0000,0.0000
56.040,476.7432,-1.0265,253.9914,0.2510,3.8000,-0.4500,1.6892,180.5369,359.8827,0.0000,0.0000,0.0000
56.166,476.4862,-1.0008,254.0318,0.2510,3.8000,-0.4500,1.8155,180.5365,359.7822,0.0000,0.0000,0.0000
56.276,476.2281,-0.9773,254.0714,0.2510,3.8000,-0.4500,1.9976,180.5356,359.6147,0.0000,0.0000,0.0000
56.401,475.9708,-0.9537,254.1119,0.2510,3.8000,-0.4500,1.9976,180.5356,359.6147,0.0000,0.0000,0.0000
56.526,475.7117,-0.9339,254.1515,0.2510,3.8000,-0.4500,2.1612,180.5342,359.4328,0.0000,0.0000,0.0000
56.651,475.4100,-0.9117,254.1991,0.2510,3.8000,-0.4500,2.2111,180.5337,359.3687,0.0000,0.0000,0.0000
56.751,475.1934,-0.8988,254.2331,0.2510,3.8000,-0.4500,2.3064,180.5325,359.2348,0.0000,0.0000,0.0000
56.874,474.9337,-0.8842,254.2751,0.2510,3.8000,-0.4500,2.3511,180.5319,359.1657,0.0000,0.0000,0.0000
56.998,474.6727,-0.8741,254.3175,0.2510,3.8000,-0.4500,2.4753,180.5298,358.9445,0.0000,0.0000,0.0000
57.124,474.4127,-0.8636,254.3622,0.2510,3.8000,-0.4500,2.4753,180.5298,358.9445,0.0000,0.0000,0.0000
57.248,474.1510,-0.8588,254.4077,0.2510,3.8000,-0.4500,2.5725,180.5279,358.7221,0.0000,0.0000,0.0000
57.373,473.8470,-0.8529,254.4637,0.2510,3.8000,-0.4500,2.5725,180.5279,358.7221,0.0000,0.0000,0.0000
57.499,473.5846,-0.8544,254.5127,0.2510,3.8000,-0.4500,2.6447,180.5261,358.4751,0.0000,0.0000,0.0000
57.623,473.3234,-0.8548,254.5643,0.2510,3.8000,-0.4500,2.6447,180.5261,358.4751,0.0000,0.0000,0.0000
57.735,473.0614,-0.8592,254.6174,0.2510,3.8000,-0.4500,2.6602,180.5257,358.3939,0.0000,0.0000,0.0000
57.860,472.7983,-0.8690,254.6722,0.2510,3.8000,-0.4500,2.6925,180.5247,358.1408,0.0000,0.0000,0.0000
57.985,472.5366,-0.8769,254.7295,0.2510,3.8000,-0.4500,2.6925,180.5247,358.1408,0.0000,0.0000,0.0000
58.110,472.2312,-0.8890,254.7988,0.2510,3.8000,-0.4500,2.6925,180.5247,358.1408,0.0000,0.0000,0.0000
58.235,471.9688,-0.9032,254.8598,0.2510,3.8000,-0.4500,2.6922,180.5247,358.0571,0.0000,0.0000,0.0000
58.360,471.7053,-0.9223,254.9224,0.2510,3.8000,-0.4500,2.6754,180.5253,357.8094,0.0000,0.0000,0.0000
58.485,471.4435,-0.9385,254.9872,0.2510,3.8000,-0.4500,2.6754,180.5253,357.8094,0.0000,0.0000,0.0000
58.596,471.1816,-0.9561,255.0542,0.2510,3.8000,-0.4500,2.6754,180.5253,357.8094,0.0000,0.0000,0.0000
58.707,470.9634,-0.9716,255.1108,0.2510,3.8000,-0.4500,2.6754,180.5253,357.8094,0.0000,0.0000,0.0000
58.832,470.6579,-0.9942,255.1910,0.2510,3.8000,-0.4500,2.6754,180.5253,357.8094,0.0000,0.0000,0.0000
58.943,470.4397,-1.0108,255.2486,0.2510,3.8000,-0.4500,2.6754,180.5253,357.8094,0.0000,0.0000,0.0000
59.068,470.1779,-1.0309,255.3180,0.2510,3.8000,-0.4500,2.6754,180.5253,357.8094,0.0000,0.0000,0.0000
59.168,469.9597,-1.0475,255.3761,0.2510,3.8000,-0.4500,2.6754,180.5253,357.8094,0.0000,0.0000,0.0000
59.276,469.6981,-1.0670,255.4458,0.2510,3.8000,-0.4500,2.6754,180.5253,357.8093,0.0000,0.0000,0.0000
59.376,469.4801,-1.0825,255.5041,0.2510,3.8000,-0.4500,2.6754,180.5253,357.8094,0.0000,0.0000,0.0000
59.485,469.2621,-1.0972,255.5626,0.2510,3.8000,-0.4500,2.6754,180.5253,357.8094,0.0000,0.0000,0.0000
59.610,468.9575,-1.1158,255.6477,0.2510,3.8000,-0.4500,2.6754,180.5253,357.8093,0.0000,0.0000,0.0000
59.735,468.6971,-1.1295,255.7242,0.2510,3.8000,-0.4500,2.6754,180.5253,357.8094,0.0000,0.0000,0.0000
59.860,468.4371,-1.1406,255.8037,0.2510,3.8000,-0.4500,2.6754,180.5253,357.8094,0.0000,0.0000,0.0000
59.972,468.1778,-1.1488,255.8851,0.2510,3.8000,-0.4500,2.6754,180.5253,357.8094,0.0000,0.0000,0.0000
60.085,467.9620,-1.1533,255.9541,0.2510,3.8000,-0.4500,2.6754,180.5253,357.8094,0.0000,0.0000,0.0000
60.195,467.7035,-1.1555,256.0377,0.2510,3.8000,-0.4500,2.6754,180.5253,357.8094,0.0000,0.0000,0.0000
60.306,467.4884,-1.1544,256.1076,0.2510,3.8000,-0.4500,2.6754,180.5253,357.8094,0.0000,0.0000,0.0000
60.415,467.2307,-1.1495,256.1918,0.2510,3.8000,-0.4500,2.6754,180.5253,357.8094,0.0000,0.0000,0.0000
60.515,467.0163,-1.1422,256.2620,0.2510,3.8000,-0.4500,2.6754,180.5253,357.8094,0.0000,0.0000,0.0000
60.624,466.8032,-1.1299,256.3323,0.2510,3.8000,-0.4500,2.6018,180.5280,357.9518,0.0000,0.0000,0.0000
60.748,466.5476,-1.1110,256.4153,0.2510,3.8000,-0.4500,2.5404,180.5302,358.1060,0.0000,0.0000,0.0000
60.860,466.2932,-1.0860,256.4960,0.2510,3.8000,-0.4500,2.4750,180.5322,358.3481,0.0000,0.0000,0.0000
60.985,466.0392,-1.0559,256.5741,0.2510,3.8000,-0.4500,2.4351,180.5332,358.5912,0.0000,0.0000,0.0000
61.110,465.7429,-1.0163,256.6620,0.2510,3.8000,-0.4500,2.4227,180.5336,358.7653,0.0000,0.0000,0.0000
61.234,465.4904,-0.9752,256.7348,0.2510,3.8000,-0.4500,2.4095,180.5338,359.0195,0.0000,0.0000,0.0000
61.349,465.2385,-0.9290,256.8050,0.2510,3.8000,-0.4500,2.4124,180.5338,359.2718,0.0000,0.0000,0.0000
61.461,465.0282,-0.8890,256.8620,0.2510,3.8000,-0.4500,2.4149,180.5337,359.3528,0.0000,0.0000,0.0000
61.572,464.7782,-0.8322,256.9283,0.2510,3.8000,-0.4500,2.4325,180.5336,359.6862,0.0000,0.0000,0.0000
61.683,464.5686,-0.7862,256.9826,0.2510,3.8000,-0.4500,2.4325,180.5336,359.6862,0.0000,0.0000,0.0000
61.795,464.3203,-0.7204,257.0460,0.2510,3.8000,-0.4500,2.4615,180.5335,0.0200,0.0000,0.0000,0.0000
61.905,464.1133,-0.6640,257.0982,0.2510,3.8000,-0.4500,2.4795,180.5336,0.1847,0.0000,0.0000,0.0000
62.016,463.8655,-0.5927,257.1602,0.2510,3.8000,-0.4500,2.4977,180.5336,0.3443,0.0000,0.0000,0.0000
62.124,463.6605,-0.5279,257.2114,0.2510,3.8000,-0.4500,2.5290,180.5339,0.5876,0.0000,0.0000,0.0000
62.250,463.3728,-0.4369,257.2837,0.2510,3.8000,-0.4500,2.5400,180.5340,0.6704,0.0000,0.0000,0.0000
62.361,463.1684,-0.3682,257.3352,0.2510,3.8000,-0.4500,2.5512,180.5341,0.7540,0.0000,0.0000,0.0000
62.486,462.9257,-0.2782,257.3970,0.2510,3.8000,-0.4500,2.5943,180.5348,1.0913,0.0000,0.0000,0.0000
62.597,462.6818,-0.1911,257.4604,0.2510,3.8000,-0.4500,2.5943,180.5348,1.0913,0.0000,0.0000,0.0000
62.721,462.4403,-0.0968,257.5241,0.2510,3.8000,-0.4500,2.6177,180.5353,1.3428,0.0000,0.0000,0.0000
62.832,462.1980,-0.0046,257.5893,0.2510,3.8000,-0.4500,2.6177,180.5353,1.3428,0.0000,0.0000,0.0000
62.943,461.9972,0.0749,257.6444,0.2510,3.8000,-0.4500,2.6204,180.5354,1.4259,0.0000,0.0000,0.0000
63.055,461.7567,0.1713,257.7114,0.2510,3.8000,-0.4500,2.6197,180.5354,1.5098,0.0000,0.0000,0.0000
63.165,461.5569,0.2525,257.7682,0.2510,3.8000,-0.4500,2.6183,180.5353,1.5932,0.0000,0.0000,0.0000
63.290,461.2770,0.3643,257.8492,0.2510,3.8000,-0.4500,2.6183,180.5353,1.5932,0.0000,0.0000,0.0000
63.415,461.0379,0.4609,257.9198,0.2510,3.8000,-0.4500,2.6027,180.5349,1.6743,0.0000,0.0000,0.0000
63.528,460.8384,0.5395,257.9792,0.2510,3.8000,-0.4500,2.6027,180.5349,1.6743,0.0000,0.0000,0.0000
63.640,460.5981,0.6067,258.0525,0.2510,3.8000,-0.4500,2.6027,180.5349,1.6743,0.0000,0.0000,0.0000
63.748,460.3940,0.6385,258.1155,0.2510,3.8000,-0.4500,2.5389,180.5331,1.4756,0.0000,0.0000,0.0000
63.860,460.1381,0.6573,258.1910,0.2510,3.8000,-0.4500,2.3674,180.5302,0.3280,0.0000,0.0000,0.0000
63.960,459.9193,0.6325,258.2523,0.2510,3.8000,-0.4500,2.2727,180.5305,359.1938,0.0000,0.0000,0.0000
64.068,459.7014,0.6112,258.3122,0.2510,3.8000,-0.4500,2.2170,180.5317,358.4645,0.0000,0.0000,0.0000
64.193,459.4001,0.5969,258.3984,0.2510,3.8000,-0.4500,2.2015,180.5321,358.2868,0.0000,0.0000,0.0000
64.305,459.1853,0.5904,258.4620,0.2510,3.8000,-0.4500,2.2015,180.5321,358.2868,0.0000,0.0000,0.0000
64.418,458.9274,0.5854,258.5395,0.2510,3.8000,-0.4500,2.2015,180.5321,358.2868,0.0000,0.0000,0.0000
64.527,458.7124,0.5838,258.6045,0.2510,3.8000,-0.4500,2.2015,180.5321,358.2868,0.0000,0.0000,0.0000
64.638,458.4548,0.5853,258.6829,0.2510,3.8000,-0.4500,2.2015,180.5321,358.2868,0.0000,0.0000,0.0000
64.762,458.1974,0.5905,258.7614,0.2510,3.8000,-0.4500,2.2015,180.5321,358.2868,0.0000,0.0000,0.0000
64.874,457.9405,0.5992,258.8400,0.2510,3.8000,-0.4500,2.2015,180.5321,358.2868,0.0000,0.0000,0.0000
64.999,457.6840,0.6112,258.9185,0.2510,3.8000,-0.4500,2.2015,180.5321,358.2868,0.0000,0.0000,0.0000
65.113,457.4280,0.6265,258.9969,0.2510,3.8000,-0.4500,2.2015,180.5321,358.2868,0.0000,0.0000,0.0000
65.220,457.2155,0.6431,259.0624,0.2510,3.8000,-0.4500,2.1863,180.5326,358.3678,0.0000,0.0000,0.0000
65.321,457.0039,0.6634,259.1273,0.2510,3.8000,-0.4500,2.1573,180.5334,358.5318,0.0000,0.0000,0.0000
65.431,456.7502,0.6901,259.2040,0.2510,3.8000,-0.4500,2.1314,180.5340,358.6951,0.0000,0.0000,0.0000
65.554,456.4970,0.7200,259.2789,0.2510,3.8000,-0.4500,2.1077,180.5345,358.8604,0.0000,0.0000,0.0000
65.667,456.2865,0.7477,259.3400,0.2510,3.8000,-0.4500,2.0862,180.5349,359.0203,0.0000,0.0000,0.0000
65.791,455.9925,0.7902,259.4233,0.2510,3.8000,-0.4500,2.0540,180.5354,359.2682,0.0000,0.0000,0.0000
65.902,455.7818,0.8200,259.4812,0.2510,3.8000,-0.4500,2.0540,180.5354,359.2682,0.0000,0.0000,0.0000
66.006,455.5725,0.8543,259.5379,0.2510,3.8000,-0.4500,2.0318,180.5356,359.4327,0.0000,0.0000,0.0000
66.121,455.3216,0.8971,259.6047,0.2510,3.8000,-0.4500,2.0077,180.5358,359.5971,0.0000,0.0000,0.0000
66.249,455.0287,0.9478,259.6811,0.2510,3.8000,-0.4500,1.9951,180.5359,359.6765,0.0000,0.0000,0.0000
66.361,454.8200,0.9859,259.7351,0.2510,3.8000,-0.4500,1.9799,180.5360,359.7597,0.0000,0.0000,0.0000
66.471,454.5706,1.0341,259.7993,0.2510,3.8000,-0.4500,1.9491,180.5361,359.9242,0.0000,0.0000,0.0000
66.583,454.3623,1.0729,259.8525,0.2510,3.8000,-0.4500,1.9491,180.5361,359.9242,0.0000,0.0000,0.0000
66.707,454.1136,1.1229,259.9162,0.2510,3.8000,-0.4500,1.9080,180.5361,0.0853,0.0000,0.0000,0.0000
66.818,453.8642,1.1709,259.9796,0.2510,3.8000,-0.4500,1.9080,180.5361,0.0853,0.0000,0.0000,0.0000
66.930,453.6154,1.2202,260.0414,0.2510,3.8000,-0.4500,1.8821,180.5360,0.1631,0.0000,0.0000,0.0000
67.055,453.3672,1.2703,260.1011,0.2510,3.8000,-0.4500,1.8164,180.5357,0.3170,0.0000,0.0000,0.0000
67.166,453.1596,1.3098,260.1494,0.2510,3.8000,-0.4500,1.8164,180.5357,0.3170,0.0000,0.0000,0.0000
67.291,452.8688,1.3638,260.2154,0.2510,3.8000,-0.4500,1.8164,180.5357,0.3170,0.0000,0.0000,0.0000
67.402,452.6621,1.4030,260.2625,0.2510,3.8000,-0.4500,1.7225,180.5351,0.4517,0.0000,0.0000,0.0000
67.513,452.4131,1.4465,260.3183,0.2510,3.8000,-0.4500,1.7225,180.5351,0.4517,0.0000,0.0000,0.0000
67.624,452.2056,1.4812,260.3649,0.2510,3.8000,-0.4500,1.7225,180.5351,0.4517,0.0000,0.0000,0.0000
67.735,451.9564,1.5206,260.4208,0.2510,3.8000,-0.4500,1.7225,180.5351,0.4517,0.0000,0.0000,0.0000
67.847,451.7490,1.5518,260.4677,0.2510,3.8000,-0.4500,1.6567,180.5345,0.5010,0.0000,0.0000,0.0000
67.960,451.4994,1.5861,260.5207,0.2510,3.8000,-0.4500,1.5835,180.5339,0.5397,0.0000,0.0000,0.0000
68.082,451.2493,1.6168,260.5704,0.2510,3.8000,-0.4500,1.4319,180.5324,0.5993,0.0000,0.0000,0.0000
68.195,450.9981,1.6440,260.6163,0.2510,3.8000,-0.4500,1.4319,180.5324,0.5993,0.0000,0.0000,0.0000
68.304,450.7886,1.6633,260.6537,0.2510,3.8000,-0.4500,1.3512,180.5315,0.6110,0.0000,0.0000,0.0000
68.415,450.5368,1.6822,260.6979,0.2510,3.8000,-0.4500,1.1867,180.5298,0.6201,0.0000,0.0000,0.0000
68.526,450.3265,1.6939,260.7345,0.2510,3.8000,-0.4500,1.0200,180.5280,0.6002,0.0000,0.0000,0.0000
68.638,450.0737,1.7050,260.7766,0.2510,3.8000,-0.4500,0.9382,180.5271,0.5883,0.0000,0.0000,0.0000
68.763,449.8192,1.7091,260.8146,0.2510,3.8000,-0.4500,0.6929,180.5248,0.5107,0.0000,0.0000,0.0000
68.877,449.5641,1.7107,260.8444,0.2510,3.8000,-0.4500,0.6150,180.5241,0.4837,0.0000,0.0000,0.0000
68.981,449.3505,1.7067,260.8656,0.2510,3.8000,-0.4500,0.4616,180.5229,0.4087,0.0000,0.0000,0.0000
69.083,449.1359,1.6982,260.8839,0.2510,3.8000,-0.4500,0.2434,180.5216,0.2956,0.0000,0.0000,0.0000
69.195,448.8785,1.6881,260.9004,0.2510,3.8000,-0.4500,0.2434,180.5216,0.2956,0.0000,0.0000,0.0000
69.318,448.6196,1.6691,260.9158,0.2510,3.8000,-0.4500,0.0366,180.5207,0.1600,0.0000,0.0000,0.0000
69.429,448.3598,1.6452,260.9288,0.2510,3.8000,-0.4500,359.8318,180.5204,0.0123,0.0000,0.0000,0.0000
69.540,448.1436,1.6251,260.9363,0.2510,3.8000,-0.4500,359.8318,180.5204,0.0123,0.0000,0.0000,0.0000
69.653,447.8827,1.5927,260.9435,0.2510,3.8000,-0.4500,359.6356,180.5206,359.8617,0.0000,0.0000,0.0000
69.777,447.6217,1.5572,260.9471,0.2510,3.8000,-0.4500,359.5062,180.5211,359.7581,0.0000,0.0000,0.0000
69.888,447.4039,1.5239,260.9481,0.2510,3.8000,-0.4500,359.3768,180.5217,359.6530,0.0000,0.0000,0.0000
69.999,447.1428,1.4822,260.9462,0.2510,3.8000,-0.4500,359.3132,180.5221,359.6013,0.0000,0.0000,0.0000
70.124,446.8809,1.4337,260.9428,0.2510,3.8000,-0.4500,359.1165,180.5238,359.4410,0.0000,0.0000,0.0000
70.235,446.6201,1.3860,260.9356,0.2510,3.8000,-0.4500,359.1165,180.5238,359.4410,0.0000,0.0000,0.0000
70.360,446.3582,1.3305,260.9281,0.2510,3.8000,-0.4500,358.9140,180.5260,359.2808,0.0000,0.0000,0.0000
70.474,446.0973,1.2764,260.9170,0.2510,3.8000,-0.4500,358.9140,180.5260,359.2808,0.0000,0.0000,0.0000
70.598,445.8358,1.2169,260.9050,0.2510,3.8000,-0.4500,358.7817,180.5278,359.1822,0.0000,0.0000,0.0000
70.708,445.6185,1.1676,260.9029,0.2510,3.8000,-0.4500,358.7817,180.5278,359.1822,0.0000,0.0000,0.0000
70.834,445.3139,1.0927,260.9179,0.2510,3.8000,-0.4500,358.6478,180.5298,359.0887,0.0000,0.0000,0.0000
70.944,445.0968,1.0392,260.9355,0.2510,3.8000,-0.4500,358.6478,180.5298,359.0887,0.0000,0.0000,0.0000
71.055,444.8361,0.9722,260.9619,0.2510,3.8000,-0.4500,358.5781,180.5310,359.0462,0.0000,0.0000,0.0000
71.165,444.6187,0.9138,260.9870,0.2510,3.8000,-0.4500,358.4312,180.5335,358.9685,0.0000,0.0000,0.0000
71.277,444.3583,0.8447,261.0189,0.2510,3.8000,-0.4500,358.3600,180.5348,358.9319,0.0000,0.0000,0.0000
71.402,444.0984,0.7762,261.0525,0.2510,3.8000,-0.4500,358.3600,180.5348,358.9319,0.0000,0.0000,0.0000
71.516,443.8386,0.7075,261.0874,0.2510,3.8000,-0.4500,358.3600,180.5348,358.9319,0.0000,0.0000,0.0000
71.626,443.6222,0.6503,261.1168,0.2510,3.8000,-0.4500,358.3600,180.5349,358.9319,0.0000,0.0000,0.0000
71.748,443.3624,0.5820,261.1522,0.2510,3.8000,-0.4500,358.3600,180.5349,358.9319,0.0000,0.0000,0.0000
71.861,443.1028,0.5136,261.1884,0.2510,3.8000,-0.4500,358.2801,180.5363,358.9213,0.0000,0.0000,0.0000
71.985,442.8434,0.4470,261.2245,0.2510,3.8000,-0.4500,358.2801,180.5363,358.9213,0.0000,0.0000,0.0000
72.096,442.5844,0.3811,261.2611,0.2510,3.8000,-0.4500,358.2000,180.5378,358.9292,0.0000,0.0000,0.0000
72.207,442.3688,0.3278,261.2912,0.2510,3.8000,-0.4500,358.2000,180.5378,358.9292,0.0000,0.0000,0.0000
72.318,442.1104,0.2652,261.3274,0.2510,3.8000,-0.4500,358.2000,180.5378,358.9292,0.0000,0.0000,0.0000
72.429,441.8589,0.2068,261.2698,0.2510,3.8000,-0.4500,358.1223,180.5393,358.9578,0.0000,0.0000,0.0000
72.541,441.6632,0.1684,261.0138,0.2510,3.8000,-0.4500,358.1223,180.5393,358.9578,0.0000,0.0000,0.0000
72.651,441.4419,0.1346,260.5114,0.2510,3.8000,-0.4500,357.9102,180.5429,359.0824,0.0000,0.0000,0.0000
72.763,441.2628,0.1128,259.9987,0.2510,3.8000,-0.4500,357.9102,180.5429,359.0824,0.0000,0.0000,0.0000
72.873,441.0515,0.0916,259.3340,0.2510,3.8000,-0.4500,357.9102,180.5429,359.0824,0.0000,0.0000,0.0000
72.999,440.8418,0.0736,258.6500,0.2510,3.8000,-0.4500,357.9102,180.5429,359.0824,0.0000,0.0000,0.0000
73.099,440.6684,0.0613,258.0782,0.2510,3.8000,-0.4500,357.8041,180.5444,359.2029,0.0000,0.0000,0.0000
73.207,440.4945,0.0486,257.5070,0.2510,3.8000,-0.4500,357.8041,180.5444,359.2029,0.0000,0.0000,0.0000
73.319,440.2860,0.0341,256.8248,0.2510,3.8000,-0.4500,357.8041,180.5444,359.2029,0.0000,0.0000,0.0000
73.430,440.0781,0.0209,256.1461,0.2510,3.8000,-0.4500,357.7595,180.5450,359.2717,0.0000,0.0000,0.0000
73.556,439.8706,0.0082,255.4621,0.2510,3.8000,-0.4500,357.7156,180.5455,359.3398,0.0000,0.0000,0.0000
73.666,439.6982,-0.0021,254.8776,0.2510,3.8000,-0.4500,357.7156,180.5456,359.3398,0.0000,0.0000,0.0000
73.780,439.4868,-0.0168,254.2534,0.2510,3.8000,-0.4500,357.7156,180.5455,359.3398,0.0000,0.0000,0.0000
73.890,439.2657,-0.0378,253.7774,0.2510,3.8000,-0.4500,357.7156,180.5455,359.3398,0.0000,0.0000,0.0000
74.000,439.0738,-0.0605,253.4918,0.2510,3.8000,-0.4500,357.7156,180.5455,359.3398,0.0000,0.0000,0.0000
74.110,438.8353,-0.0934,253.2574,0.2510,3.8000,-0.4500,357.7156,180.5455,359.3398,0.0000,0.0000,0.0000
74.238,438.5900,-0.1308,253.1080,0.2510,3.8000,-0.4500,357.7156,180.5455,359.3398,0.0000,0.0000,0.0000
74.359,438.3401,-0.1712,253.0149,0.2510,3.8000,-0.4500,357.7156,180.5455,359.3398,0.0000,0.0000,0.0000
74.470,438.0872,-0.2132,252.9567,0.2510,3.8000,-0.4500,357.7156,180.5455,359.3398,0.0000,0.0000,0.0000
74.582,437.8752,-0.2489,252.9245,0.2510,3.8000,-0.4500,357.7156,180.5455,359.3398,0.0000,0.0000,0.0000
74.706,437.6196,-0.2919,252.8976,0.2510,3.8000,-0.4500,357.7156,180.5455,359.3398,0.0000,0.0000,0.0000
74.818,437.3636,-0.3349,252.8816,0.2510,3.8000,-0.4500,357.7156,180.5455,359.3398,0.0000,0.0000,0.0000
74.931,437.1078,-0.3784,252.8903,0.2510,3.8000,-0.4500,357.7156,180.5455,359.3398,0.0000,0.0000,0.0000
75.041,436.8956,-0.4152,252.9176,0.2510,3.8000,-0.4500,357.7156,180.5455,359.3398,0.0000,0.0000,0.0000
75.165,436.6422,-0.4600,252.9700,0.2510,3.8000,-0.4500,357.7156,180.5455,359.3398,0.0000,0.0000,0.0000
75.276,436.3911,-0.5031,253.0387,0.2510,3.8000,-0.4500,357.6373,180.5464,359.4858,0.0000,0.0000,0.0000
75.388,436.1816,-0.5408,253.1036,0.2510,3.8000,-0.4500,357.6373,180.5464,359.4859,0.0000,0.0000,0.0000
75.499,435.9310,-0.5857,253.1881,0.2510,3.8000,-0.4500,357.6373,180.5464,359.4859,0.0000,0.0000,0.0000
75.610,435.6817,-0.6283,253.2776,0.2510,3.8000,-0.4500,357.5578,180.5470,359.6317,0.0000,0.0000,0.0000
75.721,435.4735,-0.6648,253.3539,0.2510,3.8000,-0.4500,357.5578,180.5470,359.6317,0.0000,0.0000,0.0000
75.831,435.2244,-0.7067,253.4473,0.2510,3.8000,-0.4500,357.5185,180.5472,359.7054,0.0000,0.0000,0.0000
75.956,434.9760,-0.7466,253.5421,0.2510,3.8000,-0.4500,357.4420,180.5475,359.8515,0.0000,0.0000,0.0000
76.068,434.7684,-0.7804,253.6210,0.2510,3.8000,-0.4500,357.4420,180.5475,359.8515,0.0000,0.0000,0.0000
76.179,434.5206,-0.8177,253.7164,0.2510,3.8000,-0.4500,357.3713,180.5476,-0.0030,0.0000,0.0000,0.0000
76.303,434.2726,-0.8544,253.8113,0.2510,3.8000,-0.4500,357.3379,180.5476,0.0727,0.0000,0.0000,0.0000
76.428,434.0247,-0.8893,253.9061,0.2510,3.8000,-0.4500,357.3047,180.5475,0.1485,0.0000,0.0000,0.0000
76.554,433.7358,-0.9279,254.0164,0.2510,3.8000,-0.4500,357.2748,180.5474,0.2216,0.0000,0.0000,0.0000
76.665,433.5305,-0.9525,254.0956,0.2510,3.8000,-0.4500,357.2188,180.5471,0.3756,0.0000,0.0000,0.0000
76.789,433.2423,-0.9865,254.2063,0.2510,3.8000,-0.4500,357.1931,180.5469,0.4517,0.0000,0.0000,0.0000
76.903,433.0370,-1.0088,254.2856,0.2510,3.8000,-0.4500,357.1692,180.5467,0.5325,0.0000,0.0000,0.0000
77.013,432.7910,-1.0339,254.3811,0.2510,3.8000,-0.4500,357.1456,180.5465,0.6134,0.0000,0.0000,0.0000
77.139,432.5459,-1.0557,254.4773,0.2510,3.8000,-0.4500,357.1048,180.5460,0.7766,0.0000,0.0000,0.0000
77.249,432.3001,-1.0781,254.5737,0.2510,3.8000,-0.4500,357.1048,180.5460,0.7766,0.0000,0.0000,0.0000
77.360,432.0965,-1.0928,254.6549,0.2510,3.8000,-0.4500,357.0702,180.5455,0.9370,0.0000,0.0000,0.0000
77.485,431.8512,-1.1117,254.7522,0.2510,3.8000,-0.4500,357.0702,180.5455,0.9370,0.0000,0.0000,0.0000
77.609,431.5667,-1.1290,254.8662,0.2510,3.8000,-0.4500,357.0414,180.5450,1.0977,0.0000,0.0000,0.0000
77.720,431.3631,-1.1417,254.9477,0.2510,3.8000,-0.4500,357.0414,180.5450,1.0978,0.0000,0.0000,0.0000
77.846,431.1203,-1.1530,255.0463,0.2510,3.8000,-0.4500,357.0167,180.5444,1.2605,0.0000,0.0000,0.0000
77.958,430.8767,-1.1655,255.1453,0.2510,3.8000,-0.4500,357.0167,180.5444,1.2605,0.0000,0.0000,0.0000
78.068,430.6751,-1.1722,255.2284,0.2510,3.8000,-0.4500,356.9949,180.5439,1.4240,0.0000,0.0000,0.0000
78.193,430.3916,-1.1841,255.3454,0.2510,3.8000,-0.4500,356.9949,180.5439,1.4240,0.0000,0.0000,0.0000
78.304,430.1894,-1.1918,255.4296,0.2510,3.8000,-0.4500,356.9949,180.5439,1.4240,0.0000,0.0000,0.0000
78.415,429.9475,-1.1989,255.5311,0.2510,3.8000,-0.4500,356.9844,180.5437,1.5055,0.0000,0.0000,0.0000
78.526,429.7457,-1.2054,255.6161,0.2510,3.8000,-0.4500,356.9844,180.5437,1.5055,0.0000,0.0000,0.0000
78.650,429.4639,-1.2126,255.7350,0.2510,3.8000,-0.4500,356.9734,180.5434,1.5865,0.0000,0.0000,0.0000
78.761,429.2620,-1.2182,255.8175,0.2510,3.8000,-0.4500,356.9734,180.5434,1.5865,0.0000,0.0000,0.0000
78.886,429.0195,-1.2245,255.9126,0.2510,3.8000,-0.4500,356.9734,180.5434,1.5865,0.0000,0.0000,0.0000
78.999,428.7768,-1.2304,256.0040,0.2510,3.8000,-0.4500,356.9734,180.5434,1.5865,0.0000,0.0000,0.0000
79.108,428.5745,-1.2352,256.0782,0.2510,3.8000,-0.4500,356.9734,180.5434,1.5865,0.0000,0.0000,0.0000
79.222,428.3321,-1.2396,256.1659,0.2510,3.8000,-0.4500,356.9587,180.5430,1.6686,0.0000,0.0000,0.0000
79.331,428.0891,-1.2453,256.2528,0.2510,3.8000,-0.4500,356.9587,180.5430,1.6686,0.0000,0.0000,0.0000
79.456,427.8462,-1.2513,256.3392,0.2510,3.8000,-0.4500,356.9587,180.5430,1.6686,0.0000,0.0000,0.0000
79.567,427.6439,-1.2565,256.4109,0.2510,3.8000,-0.4500,356.9587,180.5430,1.6686,0.0000,0.0000,0.0000
79.680,427.4011,-1.2631,256.4967,0.2510,3.8000,-0.4500,356.9587,180.5430,1.6686,0.0000,0.0000,0.0000
79.788,427.1986,-1.2688,256.5681,0.2510,3.8000,-0.4500,356.9587,180.5430,1.6686,0.0000,0.0000,0.0000
79.914,426.9149,-1.2772,256.6685,0.2510,3.8000,-0.4500,356.9587,180.5430,1.6686,0.0000,0.0000,0.0000
80.028,426.7125,-1.2835,256.7416,0.2510,3.8000,-0.4500,356.9587,180.5430,1.6686,0.0000,0.0000,0.0000
80.150,426.4292,-1.2928,256.8471,0.2510,3.8000,-0.4500,356.9587,180.5430,1.6686,0.0000,0.0000,0.0000
80.275,426.1865,-1.3011,256.9398,0.2510,3.8000,-0.4500,356.9587,180.5430,1.6686,0.0000,0.0000,0.0000
80.400,425.9439,-1.3095,257.0340,0.2510,3.8000,-0.4500,356.9587,180.5430,1.6686,0.0000,0.0000,0.0000
80.525,425.7013,-1.3179,257.1292,0.2510,3.8000,-0.4500,356.9587,180.5430,1.6686,0.0000,0.0000,0.0000
80.638,425.4587,-1.3260,257.2250,0.2510,3.8000,-0.4500,356.9587,180.5430,1.6686,0.0000,0.0000,0.0000
80.749,425.2161,-1.3338,257.3211,0.2510,3.8000,-0.4500,356.9587,180.5430,1.6686,0.0000,0.0000,0.0000
80.873,424.9734,-1.3410,257.4174,0.2510,3.8000,-0.4500,356.9587,180.5430,1.6686,0.0000,0.0000,0.0000
80.984,424.7711,-1.3464,257.4976,0.2510,3.8000,-0.4500,356.9587,180.5430,1.6686,0.0000,0.0000,0.0000
81.094,424.5284,-1.3519,257.5939,0.2510,3.8000,-0.4500,356.9587,180.5430,1.6686,0.0000,0.0000,0.0000
81.221,424.2856,-1.3562,257.6900,0.2510,3.8000,-0.4500,356.9587,180.5430,1.6686,0.0000,0.0000,0.0000
81.331,424.0430,-1.3590,257.7862,0.2510,3.8000,-0.4500,356.9587,180.5430,1.6686,0.0000,0.0000,0.0000
81.443,423.8410,-1.3600,257.8665,0.2510,3.8000,-0.4500,356.9587,180.5430,1.6686,0.0000,0.0000,0.0000
81.556,423.5984,-1.3595,257.9629,0.2510,3.8000,-0.4500,356.9587,180.5430,1.6686,0.0000,0.0000,0.0000
81.664,423.3962,-1.3574,258.0431,0.2510,3.8000,-0.4500,356.9587,180.5430,1.6686,0.0000,0.0000,0.0000
81.775,423.1545,-1.3500,258.1385,0.2510,3.8000,-0.4500,357.0856,180.5468,1.7674,0.0000,0.0000,0.0000
81.901,422.9126,-1.3413,258.2348,0.2510,3.8000,-0.4500,357.1524,180.5489,1.8139,0.0000,0.0000,0.0000
82.012,422.6711,-1.3286,258.3311,0.2510,3.8000,-0.4500,357.2948,180.5535,1.8916,0.0000,0.0000,0.0000
82.136,422.4295,-1.3143,258.4282,0.2510,3.8000,-0.4500,357.3690,180.5560,1.9247,0.0000,0.0000,0.0000
82.248,422.2288,-1.2973,258.5085,0.2510,3.8000,-0.4500,357.6026,180.5640,2.0153,0.0000,0.0000,0.0000
82.359,421.9878,-1.2759,258.6061,0.2510,3.8000,-0.4500,357.7607,180.5696,2.0634,0.0000,0.0000,0.0000
82.484,421.7470,-1.2510,258.7040,0.2510,3.8000,-0.4500,357.9237,180.5756,2.1063,0.0000,0.0000,0.0000
82.609,421.4661,-1.2185,258.8184,0.2510,3.8000,-0.4500,358.0044,180.5786,2.1268,0.0000,0.0000,0.0000
82.719,421.2661,-1.1890,258.8982,0.2510,3.8000,-0.4500,358.3359,180.5911,2.1972,0.0000,0.0000,0.0000
82.845,421.0258,-1.1536,258.9957,0.2510,3.8000,-0.4500,358.4176,180.5942,2.2122,0.0000,0.0000,0.0000
82.969,420.7462,-1.1046,259.1076,0.2510,3.8000,-0.4500,358.7506,180.6073,2.2694,0.0000,0.0000,0.0000
83.081,420.5465,-1.0680,259.1883,0.2510,3.8000,-0.4500,358.8308,180.6104,2.2826,0.0000,0.0000,0.0000
83.194,420.3074,-1.0186,259.2840,0.2510,3.8000,-0.4500,359.0844,180.6207,2.3208,0.0000,0.0000,0.0000
83.317,420.0685,-0.9670,259.3806,0.2510,3.8000,-0.4500,359.1666,180.6240,2.3330,0.0000,0.0000,0.0000
83.443,419.8300,-0.9096,259.4759,0.2510,3.8000,-0.4500,359.4128,180.6341,2.3678,0.0000,0.0000,0.0000
83.568,419.5919,-0.8473,259.5708,0.2510,3.8000,-0.4500,359.7415,180.6478,2.4129,0.0000,0.0000,0.0000
83.680,419.3537,-0.7843,259.6680,0.2510,3.8000,-0.4500,359.7415,180.6478,2.4129,0.0000,0.0000,0.0000
83.789,419.1165,-0.7135,259.7633,0.2510,3.8000,-0.4500,0.0834,180.6624,2.4641,0.0000,0.0000,0.0000
83.902,418.9188,-0.6542,259.8444,0.2510,3.8000,-0.4500,0.0834,180.6624,2.4641,0.0000,0.0000,0.0000
84.011,418.6825,-0.5751,259.9397,0.2510,3.8000,-0.4500,0.4212,180.6771,2.5331,0.0000,0.0000,0.0000
84.123,418.4858,-0.5079,260.0203,0.2510,3.8000,-0.4500,0.4979,180.6805,2.5526,0.0000,0.0000,0.0000
84.249,418.2114,-0.4066,260.1321,0.2510,3.8000,-0.4500,0.7410,180.6915,2.6255,0.0000,0.0000,0.0000
84.359,418.0158,-0.3317,260.2125,0.2510,3.8000,-0.4500,0.8187,180.6951,2.6501,0.0000,0.0000,0.0000
84.484,417.7820,-0.2364,260.3088,0.2510,3.8000,-0.4500,0.9775,180.7025,2.7129,0.0000,0.0000,0.0000
84.609,417.5100,-0.1200,260.4216,0.2510,3.8000,-0.4500,1.1318,180.7099,2.7762,0.0000,0.0000,0.0000
84.722,417.3162,-0.0336,260.5028,0.2510,3.8000,-0.4500,1.2091,180.7137,2.8139,0.0000,0.0000,0.0000
84.831,417.0850,0.0759,260.5994,0.2510,3.8000,-0.4500,1.4366,180.7251,2.9274,0.0000,0.0000,0.0000
84.956,416.8535,0.1854,260.6984,0.2510,3.8000,-0.4500,1.4366,180.7251,2.9274,0.0000,0.0000,0.0000
85.083,416.6237,0.3021,260.7961,0.2510,3.8000,-0.4500,1.6522,180.7364,3.0508,0.0000,0.0000,0.0000
85.194,416.3936,0.4181,260.8961,0.2510,3.8000,-0.4500,1.6522,180.7364,3.0508,0.0000,0.0000,0.0000
85.303,416.2027,0.5179,260.9792,0.2510,3.8000,-0.4500,1.7224,180.7401,3.0935,0.0000,0.0000,0.0000
85.428,415.9743,0.6408,261.0787,0.2510,3.8000,-0.4500,1.8647,180.7479,3.1818,0.0000,0.0000,0.0000
85.553,415.7075,0.7833,261.1966,0.2510,3.8000,-0.4500,1.8647,180.7479,3.1818,0.0000,0.0000,0.0000
85.677,415.4790,0.9067,261.2980,0.2510,3.8000,-0.4500,1.8647,180.7479,3.1818,0.0000,0.0000,0.0000
85.803,415.2511,1.0320,261.3990,0.2510,3.8000,-0.4500,1.9353,180.7519,3.2246,0.0000,0.0000,0.0000
85.928,415.0232,1.1561,261.5007,0.2510,3.8000,-0.4500,1.9353,180.7519,3.2246,0.0000,0.0000,0.0000
86.052,414.7572,1.3003,261.6197,0.2510,3.8000,-0.4500,1.9353,180.7519,3.2246,0.0000,0.0000,0.0000
86.164,414.5672,1.4025,261.7048,0.2510,3.8000,-0.4500,1.9353,180.7519,3.2246,0.0000,0.0000,0.0000
86.289,414.3008,1.5433,261.8242,0.2510,3.8000,-0.4500,1.9353,180.7519,3.2246,0.0000,0.0000,0.0000
86.413,414.0721,1.6615,261.9268,0.2510,3.8000,-0.4500,1.9353,180.7519,3.2246,0.0000,0.0000,0.0000
86.539,413.8431,1.7765,262.0298,0.2510,3.8000,-0.4500,1.9353,180.7519,3.2246,0.0000,0.0000,0.0000
86.664,413.6135,1.8879,262.1334,0.2510,3.8000,-0.4500,1.9353,180.7519,3.2246,0.0000,0.0000,0.0000
86.789,413.3450,2.0120,262.2549,0.2510,3.8000,-0.4500,1.9353,180.7519,3.2246,0.0000,0.0000,0.0000
86.914,413.1141,2.1128,262.3597,0.2510,3.8000,-0.4500,1.9353,180.7519,3.2246,0.0000,0.0000,0.0000
87.025,412.9211,2.1925,262.4476,0.2510,3.8000,-0.4500,1.9353,180.7519,3.2246,0.0000,0.0000,0.0000
87.150,412.6497,2.2966,262.5716,0.2510,3.8000,-0.4500,1.9353,180.7519,3.2246,0.0000,0.0000,0.0000
87.275,412.4161,2.3783,262.6788,0.2510,3.8000,-0.4500,1.9353,180.7519,3.2246,0.0000,0.0000,0.0000
87.375,412.2176,2.4328,262.7701,0.2510,3.8000,-0.4500,1.7223,180.7406,2.8578,0.0000,0.0000,0.0000
87.483,412.0196,2.4865,262.8593,0.2510,3.8000,-0.4500,1.6259,180.7359,2.7229,0.0000,0.0000,0.0000
87.608,411.7802,2.5424,262.9648,0.2510,3.8000,-0.4500,1.4714,180.7288,2.5243,0.0000,0.0000,0.0000
87.733,411.4982,2.5943,263.0848,0.2510,3.8000,-0.4500,1.1999,180.7176,2.2069,0.0000,0.0000,0.0000
87.859,411.2549,2.6289,263.1845,0.2510,3.8000,-0.4500,0.9602,180.7089,1.9517,0.0000,0.0000,0.0000
87.983,411.0099,2.6542,263.2809,0.2510,3.8000,-0.4500,0.7264,180.7014,1.7098,0.0000,0.0000,0.0000
88.108,410.7633,2.6699,263.3741,0.2510,3.8000,-0.4500,0.4942,180.6949,1.4755,0.0000,0.0000,0.0000
88.233,410.4737,2.6751,263.4794,0.2510,3.8000,-0.4500,0.2009,180.6881,1.1850,0.0000,0.0000,0.0000
88.358,410.2236,2.6672,263.5673,0.2510,3.8000,-0.4500,359.8900,180.6825,0.8812,0.0000,0.0000,0.0000
88.483,409.9726,2.6510,263.6528,0.2510,3.8000,-0.4500,359.6529,180.6794,0.6510,0.0000,0.0000,0.0000
88.608,409.7206,2.6247,263.7364,0.2510,3.8000,-0.4500,359.4168,180.6772,0.4234,0.0000,0.0000,0.0000
88.720,409.4670,2.5869,263.8192,0.2510,3.8000,-0.4500,359.1175,180.6757,0.1370,0.0000,0.0000,0.0000
88.845,409.2127,2.5391,263.9015,0.2510,3.8000,-0.4500,358.8153,180.6757,359.8507,0.0000,0.0000,0.0000
88.969,408.9158,2.4738,263.9971,0.2510,3.8000,-0.4500,358.5713,180.6768,359.6223,0.0000,0.0000,0.0000
89.081,408.7032,2.4191,264.0659,0.2510,3.8000,-0.4500,358.3874,180.6783,359.4515,0.0000,0.0000,0.0000
89.194,408.4475,2.3442,264.1497,0.2510,3.8000,-0.4500,358.1262,180.6814,359.2134,0.0000,0.0000,0.0000
89.302,408.2343,2.2759,264.2202,0.2510,3.8000,-0.4500,357.9382,180.6842,359.0437,0.0000,0.0000,0.0000
89.416,407.9782,2.1856,264.3067,0.2510,3.8000,-0.4500,357.6836,180.6890,358.8197,0.0000,0.0000,0.0000
89.525,407.7652,2.1064,264.3794,0.2510,3.8000,-0.4500,357.5613,180.6916,358.7138,0.0000,0.0000,0.0000
89.650,407.4662,1.9837,264.4843,0.2510,3.8000,-0.4500,357.2376,180.6997,358.4426,0.0000,0.0000,0.0000
89.775,407.2110,1.8761,264.5753,0.2510,3.8000,-0.4500,357.1754,180.7014,358.3926,0.0000,0.0000,0.0000
89.875,406.9977,1.7785,264.6533,0.2510,3.8000,-0.4500,356.9721,180.7074,358.2339,0.0000,0.0000,0.0000
89.983,406.7848,1.6788,264.7323,0.2510,3.8000,-0.4500,356.8426,180.7115,358.1346,0.0000,0.0000,0.0000
90.094,406.5302,1.5581,264.8282,0.2510,3.8000,-0.4500,356.8426,180.7115,358.1346,0.0000,0.0000,0.0000
90.208,406.3170,1.4500,264.9104,0.2510,3.8000,-0.4500,356.6325,180.7186,357.9892,0.0000,0.0000,0.0000
90.314,406.0622,1.3211,265.0095,0.2510,3.8000,-0.4500,356.5623,180.7211,357.9456,0.0000,0.0000,0.0000
90.440,405.8078,1.1896,265.1097,0.2510,3.8000,-0.4500,356.4918,180.7237,357.9023,0.0000,0.0000,0.0000
90.540,405.5959,1.0798,265.1937,0.2510,3.8000,-0.4500,356.4918,180.7237,357.9023,0.0000,0.0000,0.0000
90.649,405.3412,0.9433,265.2963,0.2510,3.8000,-0.4500,356.2684,180.7321,357.7944,0.0000,0.0000,0.0000
90.763,405.1296,0.8325,265.3814,0.2510,3.8000,-0.4500,356.2684,180.7321,357.7944,0.0000,0.0000,0.0000
90.872,404.8757,0.7001,265.4844,0.2510,3.8000,-0.4500,356.2684,180.7321,357.7944,0.0000,0.0000,0.0000
90.996,404.6220,0.5690,265.5880,0.2510,3.8000,-0.4500,356.2684,180.7321,357.7944,0.0000,0.0000,0.0000
91.121,404.3684,0.4401,265.6919,0.2510,3.8000,-0.4500,356.2684,180.7321,357.7944,0.0000,0.0000,0.0000
91.246,404.1151,0.3141,265.7962,0.2510,3.8000,-0.4500,356.2684,180.7321,357.7944,0.0000,0.0000,0.0000
91.372,403.8198,0.1718,265.9179,0.2510,3.8000,-0.4500,356.2684,180.7321,357.7944,0.0000,0.0000,0.0000
91.496,403.5670,0.0547,266.0222,0.2510,3.8000,-0.4500,356.2684,180.7321,357.7944,0.0000,0.0000,0.0000
91.621,403.3145,-0.0573,266.1263,0.2510,3.8000,-0.4500,356.2684,180.7321,357.7943,0.0000,0.0000,0.0000
91.747,403.0628,-0.1624,266.2307,0.2510,3.8000,-0.4500,356.2313,180.7335,357.8712,0.0000,0.0000,0.0000
91.872,402.7696,-0.2759,266.3517,0.2510,3.8000,-0.4500,356.1736,180.7356,358.0304,0.0000,0.0000,0.0000
91.996,402.5196,-0.3620,266.4536,0.2510,3.8000,-0.4500,356.1395,180.7367,358.3715,0.0000,0.0000,0.0000
92.123,402.2685,-0.4432,266.5525,0.2510,3.8000,-0.4500,356.1632,180.7360,358.5395,0.0000,0.0000,0.0000
92.232,402.0179,-0.5152,266.6485,0.2510,3.8000,-0.4500,356.2161,180.7348,358.7839,0.0000,0.0000,0.0000
92.358,401.7676,-0.5787,266.7415,0.2510,3.8000,-0.4500,356.3155,180.7329,359.0345,0.0000,0.0000,0.0000
92.482,401.5172,-0.6343,266.8321,0.2510,3.8000,-0.4500,356.4216,180.7313,359.2714,0.0000,0.0000,0.0000
92.607,401.2679,-0.6786,266.9198,0.2510,3.8000,-0.4500,356.6345,180.7293,359.6349,0.0000,0.0000,0.0000
92.721,401.0175,-0.7195,267.0060,0.2510,3.8000,-0.4500,356.7316,180.7288,359.7746,0.0000,0.0000,0.0000
92.833,400.7681,-0.7508,267.0906,0.2510,3.8000,-0.4500,356.8809,180.7285,359.9801,0.0000,0.0000,0.0000
92.941,400.5614,-0.7684,267.1599,0.2510,3.8000,-0.4500,357.0988,180.7289,0.2443,0.0000,0.0000,0.0000
93.066,400.3126,-0.7870,267.2436,0.2510,3.8000,-0.4500,357.2061,180.7295,0.3669,0.0000,0.0000,0.0000
93.192,400.0244,-0.7951,267.3401,0.2510,3.8000,-0.4500,357.5042,180.7322,0.6705,0.0000,0.0000,0.0000
93.316,399.7774,-0.7978,267.4239,0.2510,3.8000,-0.4500,357.6338,180.7339,0.7856,0.0000,0.0000,0.0000
93.441,399.5309,-0.7939,267.5080,0.2510,3.8000,-0.4500,357.7650,180.7358,0.8987,0.0000,0.0000,0.0000
93.566,399.2863,-0.7794,267.5916,0.2510,3.8000,-0.4500,358.1050,180.7419,1.1538,0.0000,0.0000,0.0000
93.680,399.0410,-0.7632,267.6776,0.2510,3.8000,-0.4500,358.2457,180.7449,1.2421,0.0000,0.0000,0.0000
93.788,398.8371,-0.7461,267.7503,0.2510,3.8000,-0.4500,358.3170,180.7464,1.2856,0.0000,0.0000,0.0000
93.902,398.5941,-0.7149,267.8362,0.2510,3.8000,-0.4500,358.6880,180.7554,1.4933,0.0000,0.0000,0.0000
94.011,398.3511,-0.6816,267.9245,0.2510,3.8000,-0.4500,358.8361,180.7594,1.5729,0.0000,0.0000,0.0000
94.136,398.1092,-0.6406,268.0132,0.2510,3.8000,-0.4500,359.0552,180.7656,1.6911,0.0000,0.0000,0.0000
94.236,397.9080,-0.6021,268.0878,0.2510,3.8000,-0.4500,359.2012,180.7701,1.7713,0.0000,0.0000,0.0000
94.344,397.7078,-0.5578,268.1625,0.2510,3.8000,-0.4500,359.4229,180.7771,1.8952,0.0000,0.0000,0.0000
94.469,397.4286,-0.4882,268.2680,0.2510,3.8000,-0.4500,359.7118,180.7871,2.0637,0.0000,0.0000,0.0000
94.594,397.1902,-0.4222,268.3596,0.2510,3.8000,-0.4500,359.9250,180.7951,2.1933,0.0000,0.0000,0.0000
94.719,396.9525,-0.3511,268.4525,0.2510,3.8000,-0.4500,0.0633,180.8004,2.2791,0.0000,0.0000,0.0000
94.844,396.7160,-0.2738,268.5463,0.2510,3.8000,-0.4500,0.2023,180.8061,2.3668,0.0000,0.0000,0.0000
94.969,396.4421,-0.1736,268.6562,0.2510,3.8000,-0.4500,0.4908,180.8185,2.5530,0.0000,0.0000,0.0000
95.094,396.2080,-0.0837,268.7523,0.2510,3.8000,-0.4500,0.6367,180.8251,2.6480,0.0000,0.0000,0.0000
95.220,395.9748,0.0114,268.8494,0.2510,3.8000,-0.4500,0.7800,180.8318,2.7413,0.0000,0.0000,0.0000
95.331,395.7429,0.1126,268.9471,0.2510,3.8000,-0.4500,0.9927,180.8423,2.8777,0.0000,0.0000,0.0000
95.441,395.5493,0.1969,269.0307,0.2510,3.8000,-0.4500,0.9927,180.8423,2.8777,0.0000,0.0000,0.0000
95.566,395.3190,0.3055,269.1303,0.2510,3.8000,-0.4500,1.2064,180.8533,3.0095,0.0000,0.0000,0.0000
95.680,395.0883,0.4137,269.2323,0.2510,3.8000,-0.4500,1.2064,180.8533,3.0095,0.0000,0.0000,0.0000
95.802,394.8588,0.5272,269.3338,0.2510,3.8000,-0.4500,1.3556,180.8613,3.0934,0.0000,0.0000,0.0000
95.927,394.6301,0.6441,269.4353,0.2510,3.8000,-0.4500,1.5808,180.8736,3.2053,0.0000,0.0000,0.0000
96.052,394.3626,0.7784,269.5564,0.2510,3.8000,-0.4500,1.5808,180.8736,3.2053,0.0000,0.0000,0.0000
96.164,394.1718,0.8752,269.6435,0.2510,3.8000,-0.4500,1.5808,180.8736,3.2053,0.0000,0.0000,0.0000
96.275,393.9432,0.9928,269.7473,0.2510,3.8000,-0.4500,1.6597,180.8781,3.2280,0.0000,0.0000,0.0000
96.386,393.7523,1.0900,269.8343,0.2510,3.8000,-0.4500,1.6597,180.8781,3.2280,0.0000,0.0000,0.0000
96.497,393.5232,1.2069,269.9382,0.2510,3.8000,-0.4500,1.7396,180.8826,3.2391,0.0000,0.0000,0.0000
96.622,393.2939,1.3220,270.0426,0.2510,3.8000,-0.4500,1.7396,180.8826,3.2391,0.0000,0.0000,0.0000
96.746,393.0641,1.4356,270.1471,0.2510,3.8000,-0.4500,1.7396,180.8826,3.2391,0.0000,0.0000,0.0000
96.871,392.7952,1.5659,270.2684,0.2510,3.8000,-0.4500,1.8205,180.8872,3.2228,0.0000,0.0000,0.0000
96.996,392.5637,1.6747,270.3716,0.2510,3.8000,-0.4500,1.9707,180.8956,3.1628,0.0000,0.0000,0.0000
97.121,392.3319,1.7804,270.4753,0.2510,3.8000,-0.4500,1.9707,180.8956,3.1628,0.0000,0.0000,0.0000
97.233,392.0986,1.8820,270.5778,0.2510,3.8000,-0.4500,2.0958,180.9023,3.0515,0.0000,0.0000,0.0000
97.358,391.8644,1.9803,270.6797,0.2510,3.8000,-0.4500,2.1525,180.9053,2.9945,0.0000,0.0000,0.0000
97.483,391.6287,2.0737,270.7800,0.2510,3.8000,-0.4500,2.2432,180.9100,2.8557,0.0000,0.0000,0.0000
97.593,391.3916,2.1628,270.8788,0.2510,3.8000,-0.4500,2.3259,180.9140,2.7113,0.0000,0.0000,0.0000
97.718,391.1519,2.2447,270.9752,0.2510,3.8000,-0.4500,2.4405,180.9191,2.3970,0.0000,0.0000,0.0000
97.844,390.9128,2.3262,271.0692,0.2510,3.8000,-0.4500,2.4405,180.9191,2.3970,0.0000,0.0000,0.0000
97.968,390.6694,2.3956,271.1609,0.2510,3.8000,-0.4500,2.5143,180.9220,1.9684,0.0000,0.0000,0.0000
98.093,390.3864,2.4758,271.2641,0.2510,3.8000,-0.4500,2.5198,180.9221,1.8877,0.0000,0.0000,0.0000
98.218,390.1402,2.5329,271.3502,0.2510,3.8000,-0.4500,2.5234,180.9223,1.5465,0.0000,0.0000,0.0000
98.329,389.8924,2.5831,271.4336,0.2510,3.8000,-0.4500,2.4969,180.9216,1.2193,0.0000,0.0000,0.0000
98.442,389.6855,2.6212,271.5010,0.2510,3.8000,-0.4500,2.4714,180.9211,1.0592,0.0000,0.0000,0.0000
98.551,389.4348,2.6569,271.5807,0.2510,3.8000,-0.4500,2.3934,180.9199,0.7186,0.0000,0.0000,0.0000
98.676,389.1832,2.6861,271.6587,0.2510,3.8000,-0.4500,2.3217,180.9192,0.4747,0.0000,0.0000,0.0000
98.801,388.9302,2.7068,271.7356,0.2510,3.8000,-0.4500,2.2401,180.9187,0.2354,0.0000,0.0000,0.0000
98.926,388.6749,2.7148,271.8126,0.2510,3.8000,-0.4500,2.0645,180.9186,359.8310,0.0000,0.0000,0.0000
99.051,388.3774,2.7175,271.9022,0.2510,3.8000,-0.4500,1.9518,180.9192,359.6039,0.0000,0.0000,0.0000
99.163,388.1627,2.7067,271.9680,0.2510,3.8000,-0.4500,1.7331,180.9214,359.2220,0.0000,0.0000,0.0000
99.263,387.9491,2.6944,272.0341,0.2510,3.8000,-0.4500,1.6439,180.9227,359.0807,0.0000,0.0000,0.0000
99.372,387.6916,2.6680,272.1162,0.2510,3.8000,-0.4500,1.4496,180.9263,358.7971,0.0000,0.0000,0.0000
99.482,387.4760,2.6361,272.1873,0.2510,3.8000,-0.4500,1.1932,180.9325,358.4609,0.0000,0.0000,0.0000
99.595,387.2182,2.5936,272.2747,0.2510,3.8000,-0.4500,1.0240,180.9373,358.2622,0.0000,0.0000,0.0000
99.704,387.0031,2.5501,272.3503,0.2510,3.8000,-0.4500,0.8528,180.9428,358.0695,0.0000,0.0000,0.0000
99.830,386.7015,2.4758,272.4619,0.2510,3.8000,-0.4500,0.5071,180.9556,357.7169,0.0000,0.0000,0.0000
99.954,386.4438,2.4053,272.5615,0.2510,3.8000,-0.4500,0.3142,180.9635,357.5443,0.0000,0.0000,0.0000
100.080,386.1862,2.3245,272.6658,0.2510,3.8000,-0.4500,0.0569,180.9751,357.3269,0.0000,0.0000,0.0000
100.190,385.9290,2.2356,272.7744,0.2510,3.8000,-0.4500,359.7899,180.9880,357.1257,0.0000,0.0000,0.0000
100.315,385.6724,2.1402,272.8867,0.2510,3.8000,-0.4500,359.5819,180.9987,356.9843,0.0000,0.0000,0.0000
100.440,385.4164,2.0376,273.0031,0.2510,3.8000,-0.4500,359.3713,181.0101,356.8513,0.0000,0.0000,0.0000
100.540,385.2032,1.9463,273.1030,0.2510,3.8000,-0.4500,359.1428,181.0229,356.7300,0.0000,0.0000,0.0000
100.648,384.9906,1.8522,273.2047,0.2510,3.8000,-0.4500,358.9912,181.0316,356.6578,0.0000,0.0000,0.0000
100.761,384.7361,1.7350,273.3293,0.2510,3.8000,-0.4500,358.8380,181.0407,356.5907,0.0000,0.0000,0.0000
100.885,384.4818,1.6134,273.4566,0.2510,3.8000,-0.4500,358.6810,181.0501,356.5348,0.0000,0.0000,0.0000
101.009,384.1858,1.4654,273.6089,0.2510,3.8000,-0.4500,358.3488,181.0705,356.4480,0.0000,0.0000,0.0000
101.134,383.9326,1.3368,273.7409,0.2510,3.8000,-0.4500,358.1016,181.0859,356.4213,0.0000,0.0000,0.0000
101.260,383.6800,1.2082,273.8733,0.2510,3.8000,-0.4500,358.0221,181.0909,356.4154,0.0000,0.0000,0.0000
101.370,383.4278,1.0788,274.0073,0.2510,3.8000,-0.4500,357.8540,181.1014,356.4378,0.0000,0.0000,0.0000
101.495,383.1758,0.9502,274.1410,0.2510,3.8000,-0.4500,357.7712,181.1065,356.4512,0.0000,0.0000,0.0000
101.607,382.9663,0.8440,274.2531,0.2510,3.8000,-0.4500,357.6171,181.1160,356.5025,0.0000,0.0000,0.0000
101.721,382.7152,0.7191,274.3874,0.2510,3.8000,-0.4500,357.4717,181.1248,356.5801,0.0000,0.0000,0.0000
101.843,382.4641,0.5973,274.5207,0.2510,3.8000,-0.4500,357.3345,181.1329,356.6717,0.0000,0.0000,0.0000
101.954,382.2136,0.4806,274.6529,0.2510,3.8000,-0.4500,357.1590,181.1429,356.8440,0.0000,0.0000,0.0000
102.066,382.0046,0.3863,274.7610,0.2510,3.8000,-0.4500,357.1118,181.1455,356.9154,0.0000,0.0000,0.0000
102.190,381.7127,0.2629,274.9103,0.2510,3.8000,-0.4500,356.9409,181.1543,357.2086,0.0000,0.0000,0.0000
102.302,381.5041,0.1795,275.0141,0.2510,3.8000,-0.4500,356.8888,181.1567,357.3724,0.0000,0.0000,0.0000
102.427,381.2539,0.0861,275.1360,0.2510,3.8000,-0.4500,356.8268,181.1595,357.6187,0.0000,0.0000,0.0000
102.551,380.9622,-0.0132,275.2735,0.2510,3.8000,-0.4500,356.7902,181.1609,357.9434,0.0000,0.0000,0.0000
102.677,380.7125,-0.0892,275.3875,0.2510,3.8000,-0.4500,356.7969,181.1607,358.2846,0.0000,0.0000,0.0000
102.801,380.4618,-0.1609,275.4975,0.2510,3.8000,-0.4500,356.8121,181.1602,358.4483,0.0000,0.0000,0.0000
102.926,380.2119,-0.2234,275.6042,0.2510,3.8000,-0.4500,356.8507,181.1593,358.6960,0.0000,0.0000,0.0000
103.051,379.9208,-0.2862,275.7248,0.2510,3.8000,-0.4500,356.9332,181.1577,359.0246,0.0000,0.0000,0.0000
103.178,379.6718,-0.3312,275.8254,0.2510,3.8000,-0.4500,357.0449,181.1561,359.3429,0.0000,0.0000,0.0000
103.289,379.4629,-0.3690,275.9081,0.2510,3.8000,-0.4500,357.0449,181.1561,359.3429,0.0000,0.0000,0.0000
103.399,379.2151,-0.4004,276.0048,0.2510,3.8000,-0.4500,357.2267,181.1546,359.7200,0.0000,0.0000,0.0000
103.523,378.9654,-0.4339,276.1009,0.2510,3.8000,-0.4500,357.2267,181.1546,359.7200,0.0000,0.0000,0.0000
103.634,378.7178,-0.4553,276.1951,0.2510,3.8000,-0.4500,357.4250,181.1541,-0.0015,0.0000,0.0000,0.0000
103.760,378.4692,-0.4765,276.2893,0.2510,3.8000,-0.4500,357.4786,181.1541,0.0590,0.0000,0.0000,0.0000
103.885,378.2213,-0.4910,276.3825,0.2510,3.8000,-0.4500,357.5968,181.1544,0.1780,0.0000,0.0000,0.0000
104.009,377.9328,-0.5010,276.4904,0.2510,3.8000,-0.4500,357.7849,181.1553,0.3489,0.0000,0.0000,0.0000
104.135,377.6855,-0.5057,276.5826,0.2510,3.8000,-0.4500,357.9147,181.1562,0.4441,0.0000,0.0000,0.0000
104.246,377.4795,-0.5060,276.6589,0.2510,3.8000,-0.4500,358.0526,181.1573,0.5330,0.0000,0.0000,0.0000
104.371,377.1912,-0.5029,276.7654,0.2510,3.8000,-0.4500,358.1949,181.1588,0.6152,0.0000,0.0000,0.0000
104.495,376.9444,-0.4963,276.8562,0.2510,3.8000,-0.4500,358.3434,181.1605,0.6844,0.0000,0.0000,0.0000
104.621,376.6977,-0.4856,276.9462,0.2510,3.8000,-0.4500,358.5737,181.1634,0.7692,0.0000,0.0000,0.0000
104.746,376.4508,-0.4745,277.0368,0.2510,3.8000,-0.4500,358.6534,181.1645,0.7897,0.0000,0.0000,0.0000
104.859,376.2040,-0.4611,277.1272,0.2510,3.8000,-0.4500,358.7339,181.1656,0.8093,0.0000,0.0000,0.0000
104.968,375.9982,-0.4477,277.2016,0.2510,3.8000,-0.4500,358.8988,181.1680,0.8346,0.0000,0.0000,0.0000
105.068,375.7924,-0.4334,277.2760,0.2510,3.8000,-0.4500,359.0609,181.1703,0.8442,0.0000,0.0000,0.0000
105.192,375.5039,-0.4131,277.3803,0.2510,3.8000,-0.4500,359.2273,181.1728,0.8386,0.0000,0.0000,0.0000
105.302,375.2976,-0.3983,277.4547,0.2510,3.8000,-0.4500,359.3114,181.1740,0.8262,0.0000,0.0000,0.0000
105.414,375.0497,-0.3800,277.5433,0.2510,3.8000,-0.4500,359.4789,181.1764,0.7979,0.0000,0.0000,0.0000
105.524,374.8427,-0.3650,277.6166,0.2510,3.8000,-0.4500,359.6388,181.1785,0.7499,0.0000,0.0000,0.0000
105.634,374.5938,-0.3477,277.7036,0.2510,3.8000,-0.4500,359.8705,181.1814,0.6560,0.0000,0.0000,0.0000
105.759,374.3449,-0.3310,277.7914,0.2510,3.8000,-0.4500,359.8705,181.1814,0.6560,0.0000,0.0000,0.0000
105.884,374.0943,-0.3159,277.8766,0.2510,3.8000,-0.4500,0.1630,181.1843,0.4845,0.0000,0.0000,0.0000
106.009,373.8024,-0.2992,277.9769,0.2510,3.8000,-0.4500,0.2301,181.1849,0.4336,0.0000,0.0000,0.0000
106.134,373.5507,-0.2871,278.0612,0.2510,3.8000,-0.4500,0.4274,181.1861,0.2776,0.0000,0.0000,0.0000
106.258,373.2982,-0.2768,278.1451,0.2510,3.8000,-0.4500,0.6034,181.1867,0.1117,0.0000,0.0000,0.0000
106.359,373.0885,-0.2680,278.2154,0.2510,3.8000,-0.4500,0.6034,181.1867,0.1117,0.0000,0.0000,0.0000
106.467,372.8769,-0.2622,278.2843,0.2510,3.8000,-0.4500,0.7747,181.1867,359.9282,0.0000,0.0000,0.0000
106.580,372.6228,-0.2566,278.3669,0.2510,3.8000,-0.4500,0.9377,181.1863,359.7366,0.0000,0.0000,0.0000
106.690,372.3689,-0.2510,278.4499,0.2510,3.8000,-0.4500,0.9888,181.1860,359.6732,0.0000,0.0000,0.0000
106.814,372.1141,-0.2478,278.5326,0.2510,3.8000,-0.4500,1.0920,181.1853,359.5421,0.0000,0.0000,0.0000
106.928,371.9011,-0.2465,278.6014,0.2510,3.8000,-0.4500,1.1915,181.1844,359.4118,0.0000,0.0000,0.0000
107.037,371.6449,-0.2466,278.6838,0.2510,3.8000,-0.4500,1.3377,181.1826,359.2163,0.0000,0.0000,0.0000
107.148,371.4318,-0.2464,278.7532,0.2510,3.8000,-0.4500,1.3852,181.1820,359.1524,0.0000,0.0000,0.0000
107.273,371.1324,-0.2479,278.8506,0.2510,3.8000,-0.4500,1.4840,181.1804,359.0195,0.0000,0.0000,0.0000
107.384,370.9176,-0.2510,278.9200,0.2510,3.8000,-0.4500,1.6340,181.1776,358.8192,0.0000,0.0000,0.0000
107.509,370.6180,-0.2527,279.0194,0.2510,3.8000,-0.4500,1.6340,181.1776,358.8192,0.0000,0.0000,0.0000
107.635,370.3598,-0.2570,279.1042,0.2510,3.8000,-0.4500,1.7899,181.1741,358.6208,0.0000,0.0000,0.0000
107.746,370.1454,-0.2589,279.1762,0.2510,3.8000,-0.4500,1.7899,181.1741,358.6208,0.0000,0.0000,0.0000
107.871,369.8442,-0.2632,279.2771,0.2510,3.8000,-0.4500,1.8953,181.1714,358.4946,0.0000,0.0000,0.0000
107.995,369.5860,-0.2663,279.3644,0.2510,3.8000,-0.4500,1.9502,181.1699,358.4329,0.0000,0.0000,0.0000
108.120,369.3277,-0.2692,279.4521,0.2510,3.8000,-0.4500,2.0054,181.1684,358.3726,0.0000,0.0000,0.0000
108.245,369.0691,-0.2718,279.5403,0.2510,3.8000,-0.4500,2.0630,181.1667,358.3136,0.0000,0.0000,0.0000
108.346,368.8540,-0.2731,279.6145,0.2510,3.8000,-0.4500,2.0630,181.1667,358.3136,0.0000,0.0000,0.0000
108.454,368.5954,-0.2749,279.7035,0.2510,3.8000,-0.4500,2.1226,181.1649,358.2571,0.0000,0.0000,0.0000
108.579,368.3367,-0.2762,279.7934,0.2510,3.8000,-0.4500,2.1816,181.1631,358.2015,0.0000,0.0000,0.0000
108.703,368.0785,-0.2765,279.8844,0.2510,3.8000,-0.4500,2.1816,181.1631,358.2015,0.0000,0.0000,0.0000
108.829,367.7773,-0.2759,279.9911,0.2510,3.8000,-0.4500,2.1816,181.1631,358.2015,0.0000,0.0000,0.0000
108.954,367.5192,-0.2739,280.0826,0.2510,3.8000,-0.4500,2.1816,181.1631,358.2015,0.0000,0.0000,0.0000
109.079,367.2610,-0.2698,280.1740,0.2510,3.8000,-0.4500,2.1816,181.1631,358.2015,0.0000,0.0000,0.0000
109.190,367.0067,-0.2656,280.1760,0.2510,3.8000,-0.4500,2.1816,181.1631,358.2015,0.0000,0.0000,0.0000
109.315,366.7678,-0.2712,279.8911,0.2510,3.8000,-0.4500,2.2579,181.1607,358.1789,0.0000,0.0000,0.0000
109.426,366.5791,-0.2838,279.4744,0.2510,3.8000,-0.4500,2.2579,181.1608,358.1789,0.0000,0.0000,0.0000
109.550,366.3234,-0.3082,278.7427,0.2510,3.8000,-0.4500,2.2579,181.1608,358.1789,0.0000,0.0000,0.0000
109.664,366.1438,-0.3273,278.1712,0.2510,3.8000,-0.4500,2.2579,181.1608,358.1789,0.0000,0.0000,0.0000
109.786,365.9297,-0.3481,277.4653,0.2510,3.8000,-0.4500,2.4219,181.1556,358.1991,0.0000,0.0000,0.0000
109.887,365.7517,-0.3654,276.8733,0.2510,3.8000,-0.4500,2.4219,181.1556,358.1991,0.0000,0.0000,0.0000
109.995,365.5385,-0.3836,276.1632,0.2510,3.8000,-0.4500,2.4219,181.1556,358.1991,0.0000,0.0000,0.0000
110.120,365.3259,-0.3962,275.4542,0.2510,3.8000,-0.4500,2.5689,181.1510,358.2827,0.0000,0.0000,0.0000
110.220,365.1486,-0.4063,274.8660,0.2510,3.8000,-0.4500,2.5689,181.1511,358.2827,0.0000,0.0000,0.0000
110.343,364.9370,-0.4127,274.1544,0.2510,3.8000,-0.4500,2.6933,181.1474,358.3916,0.0000,0.0000,0.0000
110.468,364.7259,-0.4180,273.4363,0.2510,3.8000,-0.4500,2.7491,181.1459,358.4515,0.0000,0.0000,0.0000
110.592,364.4712,-0.4122,272.7466,0.2510,3.8000,-0.4500,2.8511,181.1432,358.5836,0.0000,0.0000,0.0000
110.718,364.2407,-0.3930,272.3371,0.2510,3.8000,-0.4500,2.9395,181.1412,358.7218,0.0000,0.0000,0.0000
110.843,363.9994,-0.3606,272.0768,0.2510,3.8000,-0.4500,3.0217,181.1394,358.8654,0.0000,0.0000,0.0000
110.968,363.7517,-0.3124,271.9386,0.2510,3.8000,-0.4500,3.1805,181.1367,359.1662,0.0000,0.0000,0.0000
111.092,363.4578,-0.2487,271.8784,0.2510,3.8000,-0.4500,3.2201,181.1361,359.2425,0.0000,0.0000,0.0000
111.218,363.2064,-0.1811,271.8771,0.2510,3.8000,-0.4500,3.3391,181.1348,359.4712,0.0000,0.0000,0.0000
111.329,362.9557,-0.1064,271.9035,0.2510,3.8000,-0.4500,3.4576,181.1339,359.6972,0.0000,0.0000,0.0000
111.440,362.7468,-0.0418,271.9387,0.2510,3.8000,-0.4500,3.4959,181.1337,359.7705,0.0000,0.0000,0.0000
111.565,362.4973,0.0420,271.9898,0.2510,3.8000,-0.4500,3.5722,181.1335,359.9172,0.0000,0.0000,0.0000
111.690,362.2077,0.1473,272.0569,0.2510,3.8000,-0.4500,3.6873,181.1336,0.1475,0.0000,0.0000,0.0000
111.815,361.9599,0.2397,272.1189,0.2510,3.8000,-0.4500,3.7231,181.1337,0.2242,0.0000,0.0000,0.0000
111.940,361.7135,0.3375,272.1825,0.2510,3.8000,-0.4500,3.7935,181.1341,0.3777,0.0000,0.0000,0.0000
112.065,361.4673,0.4372,272.2475,0.2510,3.8000,-0.4500,3.8250,181.1343,0.4582,0.0000,0.0000,0.0000
112.190,361.1823,0.5601,272.3236,0.2510,3.8000,-0.4500,3.9142,181.1352,0.6953,0.0000,0.0000,0.0000
112.304,360.9781,0.6463,272.3791,0.2510,3.8000,-0.4500,3.9142,181.1352,0.6953,0.0000,0.0000,0.0000
112.412,360.7337,0.7515,272.4463,0.2510,3.8000,-0.4500,3.9142,181.1352,0.6953,0.0000,0.0000,0.0000
112.523,360.5322,0.8449,272.5020,0.2510,3.8000,-0.4500,3.9616,181.1359,0.9445,0.0000,0.0000,0.0000
112.648,360.2888,0.9519,272.5704,0.2510,3.8000,-0.4500,3.9616,181.1359,0.9445,0.0000,0.0000,0.0000
112.761,360.0460,1.0588,272.6393,0.2510,3.8000,-0.4500,3.9616,181.1359,0.9445,0.0000,0.0000,0.0000
112.871,359.8040,1.1665,272.7083,0.2510,3.8000,-0.4500,3.9524,181.1357,1.0261,0.0000,0.0000,0.0000
112.982,359.6022,1.2541,272.7659,0.2510,3.8000,-0.4500,3.9524,181.1357,1.0261,0.0000,0.0000,0.0000
113.107,359.3605,1.3585,272.8356,0.2510,3.8000,-0.4500,3.9239,181.1352,1.1044,0.0000,0.0000,0.0000
113.232,359.0785,1.4765,272.9182,0.2510,3.8000,-0.4500,3.8822,181.1344,1.1752,0.0000,0.0000,0.0000
113.356,358.8368,1.5737,272.9904,0.2510,3.8000,-0.4500,3.8264,181.1332,1.2360,0.0000,0.0000,0.0000
113.468,358.6353,1.6513,273.0517,0.2510,3.8000,-0.4500,3.7636,181.1318,1.2888,0.0000,0.0000,0.0000
113.592,358.3534,1.7537,273.1403,0.2510,3.8000,-0.4500,3.5280,181.1263,1.3979,0.0000,0.0000,0.0000
113.718,358.1112,1.8350,273.2178,0.2510,3.8000,-0.4500,3.4507,181.1243,1.4276,0.0000,0.0000,0.0000
113.830,357.8686,1.9080,273.2988,0.2510,3.8000,-0.4500,3.1171,181.1159,1.4539,0.0000,0.0000,0.0000
113.940,357.6657,1.9635,273.3670,0.2510,3.8000,-0.4500,2.9500,181.1117,1.4346,0.0000,0.0000,0.0000
114.051,357.4213,2.0214,273.4511,0.2510,3.8000,-0.4500,2.6190,181.1036,1.3635,0.0000,0.0000,0.0000
114.176,357.1760,2.0717,273.5355,0.2510,3.8000,-0.4500,2.3850,181.0982,1.2894,0.0000,0.0000,0.0000
114.287,356.9704,2.1051,273.6073,0.2510,3.8000,-0.4500,2.0790,181.0916,1.1625,0.0000,0.0000,0.0000
114.413,356.6814,2.1413,273.7081,0.2510,3.8000,-0.4500,1.6995,181.0845,0.9672,0.0000,0.0000,0.0000
114.523,356.4744,2.1601,273.7799,0.2510,3.8000,-0.4500,1.4860,181.0812,0.8466,0.0000,0.0000,0.0000
114.635,356.2250,2.1728,273.8664,0.2510,3.8000,-0.4500,1.1992,181.0773,0.6712,0.0000,0.0000,0.0000
114.760,355.9740,2.1741,273.9534,0.2510,3.8000,-0.4500,0.8423,181.0739,0.4399,0.0000,0.0000,0.0000
114.884,355.7226,2.1667,274.0401,0.2510,3.8000,-0.4500,0.5672,181.0722,0.2527,0.0000,0.0000,0.0000
114.985,355.5121,2.1519,274.1127,0.2510,3.8000,-0.4500,0.2925,181.0715,0.0600,0.0000,0.0000,0.0000
115.093,355.2590,2.1256,274.2000,0.2510,3.8000,-0.4500,0.0093,181.0717,359.8543,0.0000,0.0000,0.0000
115.218,355.0052,2.0896,274.2878,0.2510,3.8000,-0.4500,359.7376,181.0728,359.6539,0.0000,0.0000,0.0000
115.330,354.7508,2.0436,274.3766,0.2510,3.8000,-0.4500,359.4537,181.0751,359.4383,0.0000,0.0000,0.0000
115.440,354.5384,1.9987,274.4511,0.2510,3.8000,-0.4500,359.2482,181.0774,359.2808,0.0000,0.0000,0.0000
115.553,354.2829,1.9347,274.5424,0.2510,3.8000,-0.4500,358.9149,181.0823,359.0200,0.0000,0.0000,0.0000
115.663,354.0707,1.8795,274.6182,0.2510,3.8000,-0.4500,358.8514,181.0834,358.9699,0.0000,0.0000,0.0000
115.787,353.8148,1.8003,274.7123,0.2510,3.8000,-0.4500,358.5243,181.0901,358.7075,0.0000,0.0000,0.0000
115.912,353.5168,1.7028,274.8232,0.2510,3.8000,-0.4500,358.3310,181.0947,358.5495,0.0000,0.0000,0.0000
116.038,353.2612,1.6115,274.9205,0.2510,3.8000,-0.4500,358.1396,181.0998,358.3911,0.0000,0.0000,0.0000
116.162,353.0057,1.5158,275.0192,0.2510,3.8000,-0.4500,358.0114,181.1035,358.2832,0.0000,0.0000,0.0000
116.288,352.7503,1.4152,275.1195,0.2510,3.8000,-0.4500,357.8830,181.1075,358.1738,0.0000,0.0000,0.0000
116.412,352.4522,1.2935,275.2386,0.2510,3.8000,-0.4500,357.7581,181.1116,358.0654,0.0000,0.0000,0.0000
116.537,352.1974,1.1885,275.3419,0.2510,3.8000,-0.4500,357.7581,181.1116,358.0654,0.0000,0.0000,0.0000
116.662,351.9424,1.0816,275.4467,0.2510,3.8000,-0.4500,357.7581,181.1116,358.0654,0.0000,0.0000,0.0000
116.787,351.6867,0.9710,275.5529,0.2510,3.8000,-0.4500,357.6356,181.1159,357.9541,0.0000,0.0000,0.0000
116.912,351.3892,0.8455,275.6775,0.2510,3.8000,-0.4500,357.6356,181.1159,357.9541,0.0000,0.0000,0.0000
117.037,351.1341,0.7393,275.7848,0.2510,3.8000,-0.4500,357.6356,181.1159,357.9541,0.0000,0.0000,0.0000
117.162,350.8791,0.6353,275.8925,0.2510,3.8000,-0.4500,357.6356,181.1159,357.9541,0.0000,0.0000,0.0000
117.287,350.6241,0.5346,276.0002,0.2510,3.8000,-0.4500,357.6356,181.1159,357.9541,0.0000,0.0000,0.0000
117.412,350.3266,0.4221,276.1259,0.2510,3.8000,-0.4500,357.6356,181.1159,357.9541,0.0000,0.0000,0.0000
117.537,350.0717,0.3310,276.2333,0.2510,3.8000,-0.4500,357.6356,181.1159,357.9541,0.0000,0.0000,0.0000
117.662,349.8170,0.2456,276.3401,0.2510,3.8000,-0.4500,357.6356,181.1159,357.9541,0.0000,0.0000,0.0000
117.787,349.5624,0.1665,276.4460,0.2510,3.8000,-0.4500,357.6356,181.1159,357.9541,0.0000,0.0000,0.0000
117.912,349.2655,0.0829,276.5688,0.2510,3.8000,-0.4500,357.6356,181.1159,357.9541,0.0000,0.0000,0.0000
118.037,349.0116,0.0218,276.6723,0.2510,3.8000,-0.4500,357.7864,181.1106,358.0330,0.0000,0.0000,0.0000
118.162,348.7581,-0.0302,276.7744,0.2510,3.8000,-0.4500,358.0125,181.1030,358.1565,0.0000,0.0000,0.0000
118.287,348.5054,-0.0713,276.8738,0.2510,3.8000,-0.4500,358.3821,181.0919,358.3830,0.0000,0.0000,0.0000
118.412,348.2101,-0.1117,276.9879,0.2510,3.8000,-0.4500,358.6594,181.0845,358.5639,0.0000,0.0000,0.0000
118.523,347.9989,-0.1364,277.0682,0.2510,3.8000,-0.4500,358.7272,181.0828,358.6089,0.0000,0.0000,0.0000
118.648,347.7467,-0.1531,277.1608,0.2510,3.8000,-0.4500,359.0814,181.0749,358.8499,0.0000,0.0000,0.0000
118.762,347.4944,-0.1635,277.2515,0.2510,3.8000,-0.4500,359.3568,181.0699,359.0392,0.0000,0.0000,0.0000
118.872,347.2422,-0.1677,277.3401,0.2510,3.8000,-0.4500,359.5627,181.0667,359.1805,0.0000,0.0000,0.0000
118.982,347.0321,-0.1664,277.4125,0.2510,3.8000,-0.4500,359.6964,181.0649,359.2718,0.0000,0.0000,0.0000
119.107,346.7808,-0.1563,277.4968,0.2510,3.8000,-0.4500,359.9689,181.0618,359.4560,0.0000,0.0000,0.0000
119.231,346.4875,-0.1386,277.5935,0.2510,3.8000,-0.4500,0.1751,181.0601,359.5921,0.0000,0.0000,0.0000
119.331,346.2783,-0.1213,277.6613,0.2510,3.8000,-0.4500,0.3109,181.0593,359.6801,0.0000,0.0000,0.0000
119.440,346.0692,-0.1016,277.7286,0.2510,3.8000,-0.4500,0.3789,181.0589,359.7238,0.0000,0.0000,0.0000
119.565,345.8191,-0.0710,277.8075,0.2510,3.8000,-0.4500,0.5882,181.0581,359.8538,0.0000,0.0000,0.0000
119.690,345.5275,-0.0308,277.8984,0.2510,3.8000,-0.4500,0.8029,181.0578,359.9792,0.0000,0.0000,0.0000
119.800,345.3189,-0.0018,277.9638,0.2510,3.8000,-0.4500,0.8029,181.0578,359.9792,0.0000,0.0000,0.0000
119.911,345.0695,0.0394,278.0401,0.2510,3.8000,-0.4500,1.0238,181.0580,0.0948,0.0000,0.0000,0.0000
