time_sec,world_x,world_y,world_z,local_x,local_y,local_z,world_rot_x,world_rot_y,world_rot_z,local_rot_x,local_rot_y,local_rot_z
0.000,598.8349,5.2159,250.4544,0.2510,3.8000,-0.4500,0.0000,180.0000,0.0000,0.0000,0.0000,0.0000
0.000,598.8349,5.2159,250.4544,0.2510,3.8000,-0.4500,0.0000,180.0000,0.0000,0.0000,0.0000,0.0000
0.110,598.6016,5.0092,250.4596,0.2510,3.8000,-0.4500,0.0000,180.0000,0.0000,0.0000,0.0000,0.0000
0.220,598.2030,4.6661,250.4651,0.2510,3.8000,-0.4500,0.0000,180.0000,0.0000,0.0000,0.0000,0.0000
0.321,597.7820,4.3091,250.4692,0.2510,3.8000,-0.4500,0.0000,180.0000,0.0000,0.0000,0.0000,0.0000
0.430,597.2886,3.8939,250.4729,0.2510,3.8000,-0.4500,0.0000,180.0000,0.0000,0.0000,0.0000,0.0000
0.555,596.6107,3.3270,250.4769,0.2510,3.8000,-0.4500,0.0000,180.0000,0.0000,0.0000,0.0000,0.0000
0.667,595.8491,2.6930,250.4805,0.2510,3.8000,-0.4500,0.0000,180.0000,0.0000,0.0000,0.0000,0.0000
0.792,595.0134,1.9998,250.4831,0.2510,3.8000,-0.4500,0.0000,180.0000,0.0000,0.0000,0.0000,0.0000
0.917,593.9600,1.1250,250.4462,0.2510,3.8000,-0.4500,0.0000,180.0000,0.0000,0.0000,0.0000,0.0000
1.042,593.0022,0.3253,250.3340,0.2510,3.8000,-0.4500,0.0000,180.0000,0.0000,0.0000,0.0000,0.0000
1.141,592.1714,-0.3721,250.1716,0.2510,3.8000,-0.4500,0.0000,180.0000,0.0000,0.0000,0.0000,0.0000
1.250,591.3149,-1.0949,249.9439,0.2510,3.8000,-0.4500,0.0000,180.0000,0.0000,0.0000,0.0000,0.0000
1.350,590.4354,-1.8406,249.6526,0.2510,3.8000,-0.4500,0.0000,180.0000,0.0000,0.0000,0.0000,0.0000
1.458,589.5466,-2.6568,249.3140,0.2510,3.8000,-0.4500,358.2238,179.9999,0.0044,0.0000,0.0000,0.0000
1.584,588.9615,-3.1453,249.0714,0.2510,3.8000,-0.4500,354.4361,179.9994,0.0115,0.0000,0.0000,0.0000
1.709,588.5380,-3.3297,248.8743,0.2510,3.8000,-0.4500,352.1811,179.9989,0.0115,0.0000,0.0000,0.0000
1.834,588.2020,-3.3359,248.6794,0.2510,3.8000,-0.4500,351.1258,179.9987,0.0054,0.0000,0.0000,0.0000
1.945,587.9152,-3.2774,248.4465,0.2510,3.8000,-0.4500,350.9265,179.9987,0.0023,0.0000,0.0000,0.0000
2.070,587.6557,-3.2356,248.1701,0.2510,3.8000,-0.4500,350.9265,179.9987,0.0023,0.0000,0.0000,0.0000
2.195,587.4113,-3.2468,247.8541,0.2510,3.8000,-0.4500,350.9265,179.9987,0.0023,0.0000,0.0000,0.0000
2.320,587.1367,-3.3293,247.4476,0.2510,3.8000,-0.4500,350.9265,179.9987,0.0023,0.0000,0.0000,0.0000
2.445,586.9059,-3.4422,247.0778,0.2510,3.8000,-0.4500,350.9265,179.9987,0.0023,0.0000,0.0000,0.0000
2.570,586.6773,-3.5733,246.6971,0.2510,3.8000,-0.4500,350.9265,179.9987,0.0023,0.0000,0.0000,0.0000
2.695,586.4479,-3.7116,246.3368,0.2510,3.8000,-0.4500,350.7648,179.9988,359.9705,0.0000,0.0000,0.0000
2.806,586.2115,-3.8569,246.0735,0.2510,3.8000,-0.4500,350.7648,179.9988,359.9705,0.0000,0.0000,0.0000
2.931,585.9657,-4.0139,245.9205,0.2510,3.8000,-0.4500,350.6890,179.9988,359.9464,0.0000,0.0000,0.0000
3.057,585.6730,-4.2091,245.8566,0.2510,3.8000,-0.4500,350.6890,179.9988,359.9464,0.0000,0.0000,0.0000
3.168,585.4628,-4.3579,245.8647,0.2510,3.8000,-0.4500,350.6159,179.9989,359.9118,0.0000,0.0000,0.0000
3.293,585.2112,-4.5426,245.9129,0.2510,3.8000,-0.4500,350.6159,179.9989,359.9118,0.0000,0.0000,0.0000
3.406,584.9600,-4.7349,245.9886,0.2510,3.8000,-0.4500,350.6159,179.9989,359.9118,0.0000,0.0000,0.0000
3.515,584.7500,-4.9029,246.0652,0.2510,3.8000,-0.4500,350.4934,179.9992,359.8054,0.0000,0.0000,0.0000
3.626,584.4992,-5.1052,246.1644,0.2510,3.8000,-0.4500,350.4934,179.9992,359.8054,0.0000,0.0000,0.0000
3.740,584.2484,-5.3103,246.2663,0.2510,3.8000,-0.4500,350.4934,179.9992,359.8054,0.0000,0.0000,0.0000
3.848,584.0379,-5.4854,246.3513,0.2510,3.8000,-0.4500,350.4288,179.9995,359.6595,0.0000,0.0000,0.0000
3.974,583.7861,-5.6922,246.4526,0.2510,3.8000,-0.4500,350.4288,179.9995,359.6595,0.0000,0.0000,0.0000
4.099,583.4904,-5.9376,246.5692,0.2510,3.8000,-0.4500,350.4267,179.9995,359.4052,0.0000,0.0000,0.0000
4.210,583.2805,-6.1088,246.6526,0.2510,3.8000,-0.4500,350.4267,179.9995,359.4052,0.0000,0.0000,0.0000
4.335,583.0269,-6.3163,246.7514,0.2510,3.8000,-0.4500,350.5082,179.9985,359.1675,0.0000,0.0000,0.0000
4.446,582.7748,-6.5181,246.8463,0.2510,3.8000,-0.4500,350.5082,179.9985,359.1675,0.0000,0.0000,0.0000
4.571,582.5232,-6.7081,246.8433,0.2510,3.8000,-0.4500,350.6517,179.9961,358.9636,0.0000,0.0000,0.0000
4.696,582.2401,-6.8968,246.6538,0.2510,3.8000,-0.4500,350.7763,179.9937,358.8559,0.0000,0.0000,0.0000
4.821,582.0057,-7.0336,246.3631,0.2510,3.8000,-0.4500,350.7763,179.9937,358.8558,0.0000,0.0000,0.0000
4.946,581.7755,-7.1535,245.9900,0.2510,3.8000,-0.4500,350.9259,179.9906,358.7796,0.0000,0.0000,0.0000
5.071,581.5490,-7.2604,245.5668,0.2510,3.8000,-0.4500,351.0011,179.9889,358.7563,0.0000,0.0000,0.0000
5.196,581.2808,-7.3815,245.1292,0.2510,3.8000,-0.4500,351.2543,179.9834,358.7518,0.0000,0.0000,0.0000
5.310,581.0822,-7.4775,244.9119,0.2510,3.8000,-0.4500,351.2543,179.9834,358.7518,0.0000,0.0000,0.0000
5.418,580.8372,-7.5950,244.7517,0.2510,3.8000,-0.4500,351.7549,179.9728,358.8711,0.0000,0.0000,0.0000
5.543,580.5875,-7.7218,244.6911,0.2510,3.8000,-0.4500,351.9917,179.9683,358.9640,0.0000,0.0000,0.0000
5.668,580.3373,-7.8439,244.6954,0.2510,3.8000,-0.4500,352.4721,179.9604,359.1820,0.0000,0.0000,0.0000
5.793,580.0872,-7.9600,244.7429,0.2510,3.8000,-0.4500,352.9295,179.9548,359.4137,0.0000,0.0000,0.0000
5.893,579.8794,-8.0486,244.8037,0.2510,3.8000,-0.4500,353.3130,179.9515,359.6194,0.0000,0.0000,0.0000
6.001,579.6307,-8.1408,244.8748,0.2510,3.8000,-0.4500,353.7954,179.9494,359.8878,0.0000,0.0000,0.0000
6.112,579.4277,-8.1978,244.8395,0.2510,3.8000,-0.4500,354.2160,179.9495,0.1321,0.0000,0.0000,0.0000
6.212,579.2326,-8.2337,244.6796,0.2510,3.8000,-0.4500,354.6341,179.9514,0.3953,0.0000,0.0000,0.0000
6.321,579.0082,-8.2524,244.3493,0.2510,3.8000,-0.4500,355.1024,179.9560,0.7326,0.0000,0.0000,0.0000
6.446,578.7924,-8.2501,243.9096,0.2510,3.8000,-0.4500,355.5191,179.9626,1.0874,0.0000,0.0000,0.0000
6.557,578.5828,-8.2315,243.3977,0.2510,3.8000,-0.4500,355.8869,179.9708,1.4541,0.0000,0.0000,0.0000
6.682,578.3778,-8.1997,242.8400,0.2510,3.8000,-0.4500,356.2180,179.9802,1.8281,0.0000,0.0000,0.0000
6.794,578.2089,-8.1672,242.3554,0.2510,3.8000,-0.4500,356.3866,179.9860,2.0357,0.0000,0.0000,0.0000
6.906,578.0083,-8.1159,241.7898,0.2510,3.8000,-0.4500,356.7285,179.9994,2.4669,0.0000,0.0000,0.0000
7.015,577.8403,-8.0676,241.3550,0.2510,3.8000,-0.4500,357.0045,180.0122,2.8121,0.0000,0.0000,0.0000
7.115,577.6717,-8.0139,240.9544,0.2510,3.8000,-0.4500,357.2839,180.0267,3.1460,0.0000,0.0000,0.0000
7.224,577.4689,-7.9411,240.5098,0.2510,3.8000,-0.4500,357.6379,180.0474,3.5396,0.0000,0.0000,0.0000
7.349,577.2667,-7.8577,240.0932,0.2510,3.8000,-0.4500,358.0182,180.0723,3.9305,0.0000,0.0000,0.0000
7.460,577.0660,-7.7627,239.6945,0.2510,3.8000,-0.4500,358.4234,180.1015,4.3201,0.0000,0.0000,0.0000
7.585,576.8675,-7.6558,239.3057,0.2510,3.8000,-0.4500,358.8483,180.1351,4.7070,0.0000,0.0000,0.0000
7.710,576.6716,-7.5369,238.9211,0.2510,3.8000,-0.4500,359.2870,180.1727,5.0890,0.0000,0.0000,0.0000
7.835,576.4805,-7.4065,238.5117,0.2510,3.8000,-0.4500,359.7339,180.2140,5.4633,0.0000,0.0000,0.0000
7.960,576.2714,-7.2440,237.8647,0.2510,3.8000,-0.4500,0.2433,180.2646,5.8818,0.0000,0.0000,0.0000
8.074,576.1291,-7.1237,237.3136,0.2510,3.8000,-0.4500,0.5755,180.2997,6.1600,0.0000,0.0000,0.0000
8.184,575.9619,-6.9778,236.6094,0.2510,3.8000,-0.4500,0.8246,180.3270,6.3741,0.0000,0.0000,0.0000
8.293,575.8254,-6.8513,236.0106,0.2510,3.8000,-0.4500,1.0756,180.3555,6.5913,0.0000,0.0000,0.0000
8.418,575.6366,-6.6690,235.1738,0.2510,3.8000,-0.4500,1.4017,180.3940,6.8647,0.0000,0.0000,0.0000
8.544,575.4766,-6.5077,234.4619,0.2510,3.8000,-0.4500,1.6565,180.4252,7.0700,0.0000,0.0000,0.0000
8.654,575.3443,-6.3701,233.8727,0.2510,3.8000,-0.4500,1.8648,180.4513,7.2222,0.0000,0.0000,0.0000
8.779,575.1619,-6.1739,233.0255,0.2510,3.8000,-0.4500,2.1419,180.4869,7.4153,0.0000,0.0000,0.0000
8.904,575.0044,-5.9976,232.3598,0.2510,3.8000,-0.4500,2.5081,180.5353,7.6361,0.0000,0.0000,0.0000
9.029,574.8395,-5.8116,231.8371,0.2510,3.8000,-0.4500,2.7248,180.5646,7.7530,0.0000,0.0000,0.0000
9.155,574.6694,-5.6074,231.4452,0.2510,3.8000,-0.4500,3.1963,180.6298,7.9678,0.0000,0.0000,0.0000
9.268,574.4980,-5.3831,231.2758,0.2510,3.8000,-0.4500,3.5873,180.6852,8.1171,0.0000,0.0000,0.0000
9.377,574.3294,-5.1339,231.2747,0.2510,3.8000,-0.4500,4.0827,180.7567,8.2775,0.0000,0.0000,0.0000
9.502,574.1639,-4.8648,231.3673,0.2510,3.8000,-0.4500,4.5856,180.8307,8.4161,0.0000,0.0000,0.0000
9.626,574.0017,-4.5794,231.5119,0.2510,3.8000,-0.4500,5.0854,180.9055,8.5307,0.0000,0.0000,0.0000
9.752,573.8421,-4.2817,231.6857,0.2510,3.8000,-0.4500,5.4978,180.9679,8.6036,0.0000,0.0000,0.0000
9.876,573.6588,-3.9224,231.9074,0.2510,3.8000,-0.4500,5.9078,181.0305,8.6544,0.0000,0.0000,0.0000
9.990,573.5288,-3.6596,232.0714,0.2510,3.8000,-0.4500,6.2335,181.0803,8.6684,0.0000,0.0000,0.0000
10.113,573.3733,-3.3403,232.2715,0.2510,3.8000,-0.4500,6.5731,181.1324,8.6476,0.0000,0.0000,0.0000
10.241,573.1912,-2.9656,232.5057,0.2510,3.8000,-0.4500,6.8182,181.1698,8.6022,0.0000,0.0000,0.0000
10.352,573.0604,-2.6978,232.6716,0.2510,3.8000,-0.4500,6.9783,181.1942,8.5584,0.0000,0.0000,0.0000
10.460,572.9020,-2.3783,232.8687,0.2510,3.8000,-0.4500,7.1957,181.2270,8.4554,0.0000,0.0000,0.0000
10.585,572.7404,-2.0637,233.0634,0.2510,3.8000,-0.4500,7.4470,181.2642,8.2488,0.0000,0.0000,0.0000
10.710,572.5758,-1.7550,233.2561,0.2510,3.8000,-0.4500,7.5909,181.2850,8.0507,0.0000,0.0000,0.0000
10.835,572.4070,-1.4541,233.4453,0.2510,3.8000,-0.4500,7.7066,181.3013,7.8375,0.0000,0.0000,0.0000
10.960,572.2014,-1.1204,233.6626,0.2510,3.8000,-0.4500,7.8145,181.3158,7.2547,0.0000,0.0000,0.0000
11.085,572.0197,-0.8463,233.8438,0.2510,3.8000,-0.4500,7.8009,181.3142,6.8355,0.0000,0.0000,0.0000
11.210,571.8308,-0.5879,234.0201,0.2510,3.8000,-0.4500,7.7061,181.3032,6.3161,0.0000,0.0000,0.0000
11.335,571.6356,-0.3454,234.1910,0.2510,3.8000,-0.4500,7.5508,181.2866,5.7926,0.0000,0.0000,0.0000
11.460,571.3993,-0.0849,234.3833,0.2510,3.8000,-0.4500,7.3073,181.2631,5.1605,0.0000,0.0000,0.0000
11.571,571.2249,0.0851,234.5161,0.2510,3.8000,-0.4500,7.0976,181.2449,4.6874,0.0000,0.0000,0.0000
11.696,570.9728,0.2989,234.6962,0.2510,3.8000,-0.4500,6.7598,181.2191,3.9922,0.0000,0.0000,0.0000
11.820,570.7495,0.4585,234.8451,0.2510,3.8000,-0.4500,6.4339,181.1980,3.3672,0.0000,0.0000,0.0000
11.945,570.5200,0.5955,234.9895,0.2510,3.8000,-0.4500,6.0792,181.1791,2.7186,0.0000,0.0000,0.0000
12.070,570.2846,0.7092,235.1298,0.2510,3.8000,-0.4500,5.7001,181.1632,2.0503,0.0000,0.0000,0.0000
12.196,570.0035,0.8120,235.2892,0.2510,3.8000,-0.4500,5.2331,181.1497,1.2520,0.0000,0.0000,0.0000
12.309,569.7989,0.8655,235.4012,0.2510,3.8000,-0.4500,4.8875,181.1439,0.6734,0.0000,0.0000,0.0000
12.418,569.5497,0.9081,235.5345,0.2510,3.8000,-0.4500,4.4637,181.1415,359.9746,0.0000,0.0000,0.0000
12.543,569.2971,0.9273,235.6661,0.2510,3.8000,-0.4500,4.0351,181.1443,359.2759,0.0000,0.0000,0.0000
12.668,569.0419,0.9235,235.7972,0.2510,3.8000,-0.4500,3.6066,181.1523,358.5826,0.0000,0.0000,0.0000
12.794,568.7850,0.8975,235.9303,0.2510,3.8000,-0.4500,3.1831,181.1654,357.9003,0.0000,0.0000,0.0000
12.904,568.5272,0.8505,236.0678,0.2510,3.8000,-0.4500,2.7694,181.1830,357.2341,0.0000,0.0000,0.0000
13.030,568.2691,0.7834,236.2121,0.2510,3.8000,-0.4500,2.3703,181.2045,356.5894,0.0000,0.0000,0.0000
13.154,568.0115,0.6976,236.3650,0.2510,3.8000,-0.4500,1.9902,181.2292,355.9713,0.0000,0.0000,0.0000
13.279,567.7121,0.5757,236.5556,0.2510,3.8000,-0.4500,1.5769,181.2608,355.2903,0.0000,0.0000,0.0000
13.404,567.4572,0.4546,236.7301,0.2510,3.8000,-0.4500,1.2542,181.2890,354.7463,0.0000,0.0000,0.0000
13.529,567.2035,0.3199,236.9137,0.2510,3.8000,-0.4500,0.9662,181.3167,354.2435,0.0000,0.0000,0.0000
13.654,566.9517,0.1753,237.1048,0.2510,3.8000,-0.4500,0.7566,181.3385,353.8588,0.0000,0.0000,0.0000
13.779,566.6597,-0.0031,237.3369,0.2510,3.8000,-0.4500,0.6092,181.3548,353.5665,0.0000,0.0000,0.0000
13.904,566.4102,-0.1673,237.5432,0.2510,3.8000,-0.4500,0.4451,181.3738,353.1850,0.0000,0.0000,0.0000
14.029,566.1618,-0.3322,237.7549,0.2510,3.8000,-0.4500,0.3956,181.3798,353.0295,0.0000,0.0000,0.0000
14.129,565.9554,-0.4722,237.9348,0.2510,3.8000,-0.4500,0.3713,181.3828,352.9500,0.0000,0.0000,0.0000
14.237,565.7083,-0.6469,238.1552,0.2510,3.8000,-0.4500,0.2967,181.3922,352.7176,0.0000,0.0000,0.0000
14.362,565.4624,-0.8208,238.3775,0.2510,3.8000,-0.4500,0.2967,181.3922,352.7176,0.0000,0.0000,0.0000
14.488,565.2160,-1.0016,238.5969,0.2510,3.8000,-0.4500,0.2019,181.4044,352.5881,0.0000,0.0000,0.0000
14.599,564.9701,-1.1851,238.8130,0.2510,3.8000,-0.4500,0.0689,181.4218,352.4952,0.0000,0.0000,0.0000
14.712,564.7657,-1.3390,238.9911,0.2510,3.8000,-0.4500,-0.0008,181.4310,352.4579,0.0000,0.0000,0.0000
14.821,564.5212,-1.5268,239.2052,0.2510,3.8000,-0.4500,359.7643,181.4623,352.4007,0.0000,0.0000,0.0000
14.946,564.2781,-1.7160,239.4206,0.2510,3.8000,-0.4500,359.2632,181.5290,352.4572,0.0000,0.0000,0.0000
15.070,564.0356,-1.9031,239.6337,0.2510,3.8000,-0.4500,358.9453,181.5707,352.5858,0.0000,0.0000,0.0000
15.171,563.8341,-2.0584,239.8101,0.2510,3.8000,-0.4500,358.5718,181.6187,352.7948,0.0000,0.0000,0.0000
15.279,563.5922,-2.2429,240.0176,0.2510,3.8000,-0.4500,358.1714,181.6683,353.0892,0.0000,0.0000,0.0000
15.404,563.3497,-2.4254,240.2175,0.2510,3.8000,-0.4500,357.7995,181.7123,353.4206,0.0000,0.0000,0.0000
15.529,563.1064,-2.6025,240.3328,0.2510,3.8000,-0.4500,357.4394,181.7528,353.7841,0.0000,0.0000,0.0000
15.654,562.8616,-2.7680,240.3195,0.2510,3.8000,-0.4500,357.0956,181.7891,354.1766,0.0000,0.0000,0.0000
15.765,562.6155,-2.9234,240.2430,0.2510,3.8000,-0.4500,356.7756,181.8206,354.5952,0.0000,0.0000,0.0000
15.890,562.3681,-3.0698,240.1386,0.2510,3.8000,-0.4500,356.4761,181.8479,355.0364,0.0000,0.0000,0.0000
16.015,562.1198,-3.2083,240.0252,0.2510,3.8000,-0.4500,356.1901,181.8716,355.4961,0.0000,0.0000,0.0000
16.128,561.8706,-3.3396,239.9133,0.2510,3.8000,-0.4500,355.9111,181.8925,355.9700,0.0000,0.0000,0.0000
16.237,561.6208,-3.4644,239.8087,0.2510,3.8000,-0.4500,355.6350,181.9108,356.4543,0.0000,0.0000,0.0000
16.362,561.3704,-3.5833,239.7145,0.2510,3.8000,-0.4500,355.3596,181.9268,356.9449,0.0000,0.0000,0.0000
16.487,561.1195,-3.6967,239.6326,0.2510,3.8000,-0.4500,355.0838,181.9403,357.4384,0.0000,0.0000,0.0000
16.601,560.8679,-3.8048,239.5643,0.2510,3.8000,-0.4500,354.8076,181.9515,357.9312,0.0000,0.0000,0.0000
16.709,560.6579,-3.8913,239.5183,0.2510,3.8000,-0.4500,354.5774,181.9591,358.3391,0.0000,0.0000,0.0000
16.834,560.4053,-3.9910,239.4765,0.2510,3.8000,-0.4500,354.3017,181.9659,358.8225,0.0000,0.0000,0.0000
16.947,560.1522,-4.0865,239.4490,0.2510,3.8000,-0.4500,354.0279,181.9704,359.2970,0.0000,0.0000,0.0000
17.071,559.8988,-4.1786,239.4394,0.2510,3.8000,-0.4500,353.7570,181.9727,359.7599,0.0000,0.0000,0.0000
17.182,559.6452,-4.2675,239.4442,0.2510,3.8000,-0.4500,353.4904,181.9728,0.2089,0.0000,0.0000,0.0000
17.307,559.3923,-4.3531,239.4608,0.2510,3.8000,-0.4500,353.2299,181.9708,0.6421,0.0000,0.0000,0.0000
17.432,559.1402,-4.4368,239.4892,0.2510,3.8000,-0.4500,353.0167,181.9677,0.9930,0.0000,0.0000,0.0000
17.557,558.8488,-4.5300,239.5375,0.2510,3.8000,-0.4500,352.7148,181.9612,1.4865,0.0000,0.0000,0.0000
17.682,558.5998,-4.6096,239.5906,0.2510,3.8000,-0.4500,352.5768,181.9573,1.7118,0.0000,0.0000,0.0000
17.807,558.3544,-4.6861,239.6631,0.2510,3.8000,-0.4500,352.3492,181.9497,2.0842,0.0000,0.0000,0.0000
17.932,558.1110,-4.7645,239.7598,0.2510,3.8000,-0.4500,352.2160,181.9445,2.3046,0.0000,0.0000,0.0000
18.057,557.8311,-4.8549,239.9017,0.2510,3.8000,-0.4500,351.9937,181.9348,2.6773,0.0000,0.0000,0.0000
18.181,557.5933,-4.9325,240.0421,0.2510,3.8000,-0.4500,351.8271,181.9265,2.9695,0.0000,0.0000,0.0000
18.306,557.3565,-5.0109,240.1943,0.2510,3.8000,-0.4500,351.7491,181.9223,3.1152,0.0000,0.0000,0.0000
18.432,557.1212,-5.0879,240.3560,0.2510,3.8000,-0.4500,351.6727,181.9180,3.2639,0.0000,0.0000,0.0000
18.557,556.8486,-5.1743,240.5538,0.2510,3.8000,-0.4500,351.5706,181.9119,3.4894,0.0000,0.0000,0.0000
18.669,556.6547,-5.2339,240.6995,0.2510,3.8000,-0.4500,351.5119,181.9082,3.6439,0.0000,0.0000,0.0000
18.780,556.4223,-5.3041,240.8785,0.2510,3.8000,-0.4500,351.4855,181.9065,3.7212,0.0000,0.0000,0.0000
18.890,556.2303,-5.3585,241.0323,0.2510,3.8000,-0.4500,351.4525,181.9043,3.8905,0.0000,0.0000,0.0000
19.003,556.0001,-5.4224,241.2223,0.2510,3.8000,-0.4500,351.4383,181.9033,3.9739,0.0000,0.0000,0.0000
19.112,555.8093,-5.4725,241.3850,0.2510,3.8000,-0.4500,351.4368,181.9032,4.0538,0.0000,0.0000,0.0000
19.237,555.5438,-5.5363,241.6179,0.2510,3.8000,-0.4500,351.4596,181.9048,4.2202,0.0000,0.0000,0.0000
19.362,555.3182,-5.5836,241.8217,0.2510,3.8000,-0.4500,351.5409,181.9111,4.4510,0.0000,0.0000,0.0000
19.488,555.0925,-5.6285,242.0296,0.2510,3.8000,-0.4500,351.5742,181.9137,4.5208,0.0000,0.0000,0.0000
19.598,554.8686,-5.6642,242.2406,0.2510,3.8000,-0.4500,351.7280,181.9263,4.7126,0.0000,0.0000,0.0000
19.724,554.6459,-5.6919,242.4534,0.2510,3.8000,-0.4500,351.9815,181.9479,4.9228,0.0000,0.0000,0.0000
19.848,554.4238,-5.7125,242.6650,0.2510,3.8000,-0.4500,352.2650,181.9730,5.0837,0.0000,0.0000,0.0000
19.973,554.2021,-5.7252,242.8754,0.2510,3.8000,-0.4500,352.5696,182.0007,5.2116,0.0000,0.0000,0.0000
20.099,553.9445,-5.7282,243.1193,0.2510,3.8000,-0.4500,353.0485,182.0453,5.3452,0.0000,0.0000,0.0000
20.224,553.7247,-5.7216,243.3284,0.2510,3.8000,-0.4500,353.4737,182.0856,5.4220,0.0000,0.0000,0.0000
20.348,553.5060,-5.7060,243.5379,0.2510,3.8000,-0.4500,353.8948,182.1261,5.4787,0.0000,0.0000,0.0000
20.473,553.2881,-5.6801,243.7472,0.2510,3.8000,-0.4500,354.4090,182.1759,5.5250,0.0000,0.0000,0.0000
20.587,553.0712,-5.6446,243.9556,0.2510,3.8000,-0.4500,354.9173,182.2254,5.5548,0.0000,0.0000,0.0000
20.696,552.8547,-5.5989,244.1576,0.2510,3.8000,-0.4500,355.4240,182.2749,5.5711,0.0000,0.0000,0.0000
20.820,552.6388,-5.5427,244.3513,0.2510,3.8000,-0.4500,355.9383,182.3253,5.5759,0.0000,0.0000,0.0000
20.945,552.4230,-5.4760,244.5379,0.2510,3.8000,-0.4500,356.4636,182.3767,5.5699,0.0000,0.0000,0.0000
21.057,552.2078,-5.3993,244.7185,0.2510,3.8000,-0.4500,357.0002,182.4290,5.5528,0.0000,0.0000,0.0000
21.170,552.0286,-5.3278,244.8651,0.2510,3.8000,-0.4500,357.4549,182.4732,5.5296,0.0000,0.0000,0.0000
21.279,551.8141,-5.2334,245.0366,0.2510,3.8000,-0.4500,358.0078,182.5266,5.4903,0.0000,0.0000,0.0000
21.404,551.5997,-5.1300,245.2036,0.2510,3.8000,-0.4500,358.5665,182.5800,5.4379,0.0000,0.0000,0.0000
21.529,551.3854,-5.0180,245.3358,0.2510,3.8000,-0.4500,359.1278,182.6332,5.3713,0.0000,0.0000,0.0000
21.654,551.1711,-4.8999,245.3358,0.2510,3.8000,-0.4500,359.6788,182.6846,5.2880,0.0000,0.0000,0.0000
21.779,550.9219,-4.7588,245.2193,0.2510,3.8000,-0.4500,0.2800,182.7396,5.1636,0.0000,0.0000,0.0000
21.891,550.7443,-4.6577,245.0880,0.2510,3.8000,-0.4500,0.6028,182.7685,5.0758,0.0000,0.0000,0.0000
22.002,550.5314,-4.5364,244.8968,0.2510,3.8000,-0.4500,1.0047,182.8038,4.9433,0.0000,0.0000,0.0000
22.126,550.3177,-4.4157,244.6822,0.2510,3.8000,-0.4500,1.4797,182.8441,4.7542,0.0000,0.0000,0.0000
22.251,550.1033,-4.2962,244.4555,0.2510,3.8000,-0.4500,1.7789,182.8687,4.6168,0.0000,0.0000,0.0000
22.376,549.8503,-4.1583,244.1866,0.2510,3.8000,-0.4500,2.3170,182.9108,4.3317,0.0000,0.0000,0.0000
22.501,549.6295,-4.0399,243.9850,0.2510,3.8000,-0.4500,2.6823,182.9378,4.1153,0.0000,0.0000,0.0000
22.613,549.4418,-3.9406,243.8410,0.2510,3.8000,-0.4500,3.0379,182.9628,3.8911,0.0000,0.0000,0.0000
22.738,549.1758,-3.7960,243.7421,0.2510,3.8000,-0.4500,3.4021,182.9868,3.6492,0.0000,0.0000,0.0000
22.862,548.9443,-3.6661,243.7339,0.2510,3.8000,-0.4500,3.8508,183.0143,3.3484,0.0000,0.0000,0.0000
22.973,548.7499,-3.5547,243.7534,0.2510,3.8000,-0.4500,4.2072,183.0344,3.1092,0.0000,0.0000,0.0000
23.098,548.4754,-3.3958,243.7990,0.2510,3.8000,-0.4500,4.6307,183.0564,2.8198,0.0000,0.0000,0.0000
23.223,548.2375,-3.2588,243.8415,0.2510,3.8000,-0.4500,4.9761,183.0728,2.5758,0.0000,0.0000,0.0000
23.348,547.9967,-3.1227,243.8802,0.2510,3.8000,-0.4500,5.3809,183.0900,2.2752,0.0000,0.0000,0.0000
23.472,547.7546,-2.9869,243.9139,0.2510,3.8000,-0.4500,5.5748,183.0975,2.1238,0.0000,0.0000,0.0000
23.586,547.5087,-2.8543,243.9401,0.2510,3.8000,-0.4500,5.9800,183.1114,1.7902,0.0000,0.0000,0.0000
23.695,547.3035,-2.7440,243.9575,0.2510,3.8000,-0.4500,6.1033,183.1152,1.6849,0.0000,0.0000,0.0000
23.820,547.0123,-2.5935,243.9733,0.2510,3.8000,-0.4500,6.4727,183.1250,1.3557,0.0000,0.0000,0.0000
23.945,546.7618,-2.4654,243.9820,0.2510,3.8000,-0.4500,6.6555,183.1291,1.1878,0.0000,0.0000,0.0000
24.056,546.5105,-2.3376,243.9906,0.2510,3.8000,-0.4500,6.7812,183.1316,1.0729,0.0000,0.0000,0.0000
24.181,546.2578,-2.2104,244.0006,0.2510,3.8000,-0.4500,6.9637,183.1348,0.9076,0.0000,0.0000,0.0000
24.306,546.0059,-2.0809,244.0134,0.2510,3.8000,-0.4500,6.9637,183.1348,0.9076,0.0000,0.0000,0.0000
24.431,545.7535,-1.9508,244.0275,0.2510,3.8000,-0.4500,7.0283,183.1358,0.8571,0.0000,0.0000,0.0000
24.556,545.4581,-1.7985,244.0446,0.2510,3.8000,-0.4500,7.1628,183.1377,0.7617,0.0000,0.0000,0.0000
24.681,545.2053,-1.6675,244.0605,0.2510,3.8000,-0.4500,7.1628,183.1377,0.7617,0.0000,0.0000,0.0000
24.806,544.9512,-1.5389,244.0751,0.2510,3.8000,-0.4500,7.2999,183.1394,0.6623,0.0000,0.0000,0.0000
24.918,544.6951,-1.4152,244.0877,0.2510,3.8000,-0.4500,7.5378,183.1417,0.4246,0.0000,0.0000,0.0000
25.030,544.4824,-1.3134,244.0976,0.2510,3.8000,-0.4500,7.5378,183.1417,0.4246,0.0000,0.0000,0.0000
25.153,544.2241,-1.2002,244.1080,0.2510,3.8000,-0.4500,7.7035,183.1426,0.1377,0.0000,0.0000,0.0000
25.278,543.9219,-1.0755,244.1204,0.2510,3.8000,-0.4500,7.7878,183.1426,359.8850,0.0000,0.0000,0.0000
25.404,543.6603,-0.9783,244.1324,0.2510,3.8000,-0.4500,7.8747,183.1422,359.5541,0.0000,0.0000,0.0000
25.515,543.4414,-0.9030,244.1446,0.2510,3.8000,-0.4500,7.9086,183.1418,359.2930,0.0000,0.0000,0.0000
25.626,543.1772,-0.8216,244.1670,0.2510,3.8000,-0.4500,7.9457,183.1412,358.8654,0.0000,0.0000,0.0000
25.751,542.9131,-0.7460,244.2027,0.2510,3.8000,-0.4500,7.9544,183.1410,358.5168,0.0000,0.0000,0.0000
25.876,542.6036,-0.6687,244.2620,0.2510,3.8000,-0.4500,7.9555,183.1410,358.0089,0.0000,0.0000,0.0000
25.989,542.3834,-0.6161,244.3143,0.2510,3.8000,-0.4500,7.9536,183.1411,357.8446,0.0000,0.0000,0.0000
26.112,542.1165,-0.5662,244.3877,0.2510,3.8000,-0.4500,7.9427,183.1416,357.3052,0.0000,0.0000,0.0000
26.237,541.8062,-0.5127,244.4857,0.2510,3.8000,-0.4500,7.9347,183.1420,356.9665,0.0000,0.0000,0.0000
26.349,541.5828,-0.4847,244.5641,0.2510,3.8000,-0.4500,7.9229,183.1426,356.5240,0.0000,0.0000,0.0000
26.459,541.3156,-0.4547,244.6675,0.2510,3.8000,-0.4500,7.9133,183.1432,356.1844,0.0000,0.0000,0.0000
26.584,541.0471,-0.4351,244.7823,0.2510,3.8000,-0.4500,7.8982,183.1443,355.6834,0.0000,0.0000,0.0000
26.709,540.7800,-0.4182,244.9070,0.2510,3.8000,-0.4500,7.8900,183.1450,355.4315,0.0000,0.0000,0.0000
26.834,540.5121,-0.4097,245.0417,0.2510,3.8000,-0.4500,7.8786,183.1459,355.0923,0.0000,0.0000,0.0000
26.948,540.2444,-0.4079,245.1856,0.2510,3.8000,-0.4500,7.8667,183.1470,354.7585,0.0000,0.0000,0.0000
27.070,539.9767,-0.4122,245.3382,0.2510,3.8000,-0.4500,7.8538,183.1482,354.4255,0.0000,0.0000,0.0000
27.195,539.6651,-0.4221,245.5266,0.2510,3.8000,-0.4500,7.8438,183.1492,354.1800,0.0000,0.0000,0.0000
27.307,539.4425,-0.4348,245.6701,0.2510,3.8000,-0.4500,7.8328,183.1504,353.9311,0.0000,0.0000,0.0000
27.420,539.1760,-0.4531,245.8523,0.2510,3.8000,-0.4500,7.8214,183.1516,353.6872,0.0000,0.0000,0.0000
27.528,538.9541,-0.4724,246.0118,0.2510,3.8000,-0.4500,7.8084,183.1531,353.4336,0.0000,0.0000,0.0000
27.653,538.6888,-0.4950,246.2104,0.2510,3.8000,-0.4500,7.8040,183.1536,353.3511,0.0000,0.0000,0.0000
27.778,538.3790,-0.5286,246.4511,0.2510,3.8000,-0.4500,7.7892,183.1554,353.0999,0.0000,0.0000,0.0000
27.903,538.1138,-0.5598,246.6638,0.2510,3.8000,-0.4500,7.7790,183.1567,352.9351,0.0000,0.0000,0.0000
28.028,537.8489,-0.5937,246.8813,0.2510,3.8000,-0.4500,7.7671,183.1582,352.7701,0.0000,0.0000,0.0000
28.153,537.5845,-0.6285,247.1023,0.2510,3.8000,-0.4500,7.7609,183.1590,352.6909,0.0000,0.0000,0.0000
28.278,537.2761,-0.6713,247.3644,0.2510,3.8000,-0.4500,7.7541,183.1599,352.6111,0.0000,0.0000,0.0000
28.403,537.0118,-0.7101,247.5918,0.2510,3.8000,-0.4500,7.7467,183.1608,352.5322,0.0000,0.0000,0.0000
28.528,536.7474,-0.7504,247.8204,0.2510,3.8000,-0.4500,7.7386,183.1619,352.4543,0.0000,0.0000,0.0000
28.653,536.4836,-0.7905,248.0495,0.2510,3.8000,-0.4500,7.7386,183.1619,352.4543,0.0000,0.0000,0.0000
28.767,536.2194,-0.8331,248.2792,0.2510,3.8000,-0.4500,7.7279,183.1633,352.3751,0.0000,0.0000,0.0000
28.876,535.9553,-0.8751,248.5093,0.2510,3.8000,-0.4500,7.7279,183.1633,352.3751,0.0000,0.0000,0.0000
28.991,535.7353,-0.9106,248.7015,0.2510,3.8000,-0.4500,7.7279,183.1633,352.3751,0.0000,0.0000,0.0000
29.106,535.4713,-0.9537,248.9325,0.2510,3.8000,-0.4500,7.7279,183.1633,352.3751,0.0000,0.0000,0.0000
29.208,535.2511,-0.9915,249.1255,0.2510,3.8000,-0.4500,7.7127,183.1654,352.2982,0.0000,0.0000,0.0000
29.333,534.9874,-1.0353,249.3584,0.2510,3.8000,-0.4500,7.7127,183.1654,352.2982,0.0000,0.0000,0.0000
29.434,534.7678,-1.0719,249.5550,0.2510,3.8000,-0.4500,7.7127,183.1654,352.2982,0.0000,0.0000,0.0000
29.557,534.4605,-1.1233,249.8339,0.2510,3.8000,-0.4500,7.7127,183.1654,352.2982,0.0000,0.0000,0.0000
29.657,534.2411,-1.1602,250.0352,0.2510,3.8000,-0.4500,7.7127,183.1654,352.2982,0.0000,0.0000,0.0000
29.768,534.0222,-1.1973,250.2379,0.2510,3.8000,-0.4500,7.7127,183.1654,352.2982,0.0000,0.0000,0.0000
29.876,533.7596,-1.2423,250.4822,0.2510,3.8000,-0.4500,7.7127,183.1654,352.2982,0.0000,0.0000,0.0000
29.989,533.5405,-1.2819,250.6870,0.2510,3.8000,-0.4500,7.6851,183.1692,352.2235,0.0000,0.0000,0.0000
30.098,533.2781,-1.3283,250.9335,0.2510,3.8000,-0.4500,7.6851,183.1692,352.2235,0.0000,0.0000,0.0000
30.223,533.0155,-1.3771,251.1816,0.2510,3.8000,-0.4500,7.6556,183.1733,352.1521,0.0000,0.0000,0.0000
30.350,532.7532,-1.4255,251.4311,0.2510,3.8000,-0.4500,7.6556,183.1733,352.1521,0.0000,0.0000,0.0000
30.476,532.4476,-1.4833,251.7241,0.2510,3.8000,-0.4500,7.6556,183.1733,352.1520,0.0000,0.0000,0.0000
30.584,532.2291,-1.5272,251.9350,0.2510,3.8000,-0.4500,7.6222,183.1779,352.0801,0.0000,0.0000,0.0000
30.696,531.9675,-1.5792,252.1889,0.2510,3.8000,-0.4500,7.6222,183.1779,352.0801,0.0000,0.0000,0.0000
30.820,531.7056,-1.6357,252.4448,0.2510,3.8000,-0.4500,7.5499,183.1882,351.9347,0.0000,0.0000,0.0000
30.934,531.4880,-1.6812,252.6587,0.2510,3.8000,-0.4500,7.5498,183.1882,351.9347,0.0000,0.0000,0.0000
31.042,531.2269,-1.7370,252.9167,0.2510,3.8000,-0.4500,7.5498,183.1882,351.9347,0.0000,0.0000,0.0000
31.154,531.0096,-1.7860,253.1338,0.2510,3.8000,-0.4500,7.5118,183.1936,351.8636,0.0000,0.0000,0.0000
31.279,530.7056,-1.8549,253.4424,0.2510,3.8000,-0.4500,7.4742,183.1991,351.7951,0.0000,0.0000,0.0000
31.390,530.4890,-1.9036,253.6660,0.2510,3.8000,-0.4500,7.4742,183.1991,351.7951,0.0000,0.0000,0.0000
31.515,530.2293,-1.9626,253.9374,0.2510,3.8000,-0.4500,7.4742,183.1991,351.7951,0.0000,0.0000,0.0000
31.639,529.9265,-2.0320,254.2569,0.2510,3.8000,-0.4500,7.4742,183.1991,351.7951,0.0000,0.0000,0.0000
31.765,529.6667,-2.0933,254.5329,0.2510,3.8000,-0.4500,7.4333,183.2051,351.7274,0.0000,0.0000,0.0000
31.876,529.4074,-2.1530,254.8098,0.2510,3.8000,-0.4500,7.4333,183.2051,351.7274,0.0000,0.0000,0.0000
32.012,529.1481,-2.2124,255.0874,0.2510,3.8000,-0.4500,7.4333,183.2051,351.7274,0.0000,0.0000,0.0000
32.115,528.9318,-2.2614,255.3191,0.2510,3.8000,-0.4500,7.4333,183.2051,351.7274,0.0000,0.0000,0.0000
32.226,528.6722,-2.3192,255.5973,0.2510,3.8000,-0.4500,7.4333,183.2051,351.7274,0.0000,0.0000,0.0000
32.335,528.4561,-2.3662,255.8292,0.2510,3.8000,-0.4500,7.4333,183.2051,351.7274,0.0000,0.0000,0.0000
32.460,528.1533,-2.4300,256.1538,0.2510,3.8000,-0.4500,7.4333,183.2051,351.7274,0.0000,0.0000,0.0000
32.571,527.9370,-2.4737,256.3855,0.2510,3.8000,-0.4500,7.4333,183.2051,351.7274,0.0000,0.0000,0.0000
32.695,527.6774,-2.5236,256.6632,0.2510,3.8000,-0.4500,7.4333,183.2051,351.7274,0.0000,0.0000,0.0000
32.796,527.4177,-2.5704,256.9405,0.2510,3.8000,-0.4500,7.4333,183.2051,351.7274,0.0000,0.0000,0.0000
32.918,527.1581,-2.6195,257.1277,0.2510,3.8000,-0.4500,7.4333,183.2051,351.7274,0.0000,0.0000,0.0000
33.030,526.9488,-2.6794,257.0595,0.2510,3.8000,-0.4500,7.4333,183.2051,351.7274,0.0000,0.0000,0.0000
33.143,526.7090,-2.7735,256.7436,0.2510,3.8000,-0.4500,7.4333,183.2051,351.7274,0.0000,0.0000,0.0000
33.253,526.5174,-2.8645,256.3391,0.2510,3.8000,-0.4500,7.3806,183.2128,351.7869,0.0000,0.0000,0.0000
33.361,526.2946,-2.9809,255.7452,0.2510,3.8000,-0.4500,7.1684,183.2432,352.0530,0.0000,0.0000,0.0000
33.487,526.0759,-3.1017,255.0781,0.2510,3.8000,-0.4500,6.9808,183.2691,352.3234,0.0000,0.0000,0.0000
33.612,525.8598,-3.2228,254.3685,0.2510,3.8000,-0.4500,6.7954,183.2939,352.6129,0.0000,0.0000,0.0000
33.736,525.6088,-3.3624,253.5103,0.2510,3.8000,-0.4500,6.6099,183.3176,352.8994,0.0000,0.0000,0.0000
33.849,525.4299,-3.4611,252.8820,0.2510,3.8000,-0.4500,6.5175,183.3291,353.0347,0.0000,0.0000,0.0000
33.958,525.2156,-3.5779,252.1165,0.2510,3.8000,-0.4500,6.4232,183.3406,353.1652,0.0000,0.0000,0.0000
34.072,525.0370,-3.6732,251.4791,0.2510,3.8000,-0.4500,6.3183,183.3531,353.2936,0.0000,0.0000,0.0000
34.194,524.8217,-3.7868,250.7215,0.2510,3.8000,-0.4500,6.2647,183.3594,353.3563,0.0000,0.0000,0.0000
34.320,524.5703,-3.9175,249.8509,0.2510,3.8000,-0.4500,6.1380,183.3741,353.4649,0.0000,0.0000,0.0000
34.444,524.3541,-4.0294,249.1141,0.2510,3.8000,-0.4500,6.0015,183.3897,353.5502,0.0000,0.0000,0.0000
34.570,524.1374,-4.1417,248.3828,0.2510,3.8000,-0.4500,6.0015,183.3897,353.5502,0.0000,0.0000,0.0000
34.695,523.9211,-4.2538,247.6517,0.2510,3.8000,-0.4500,5.8525,183.4065,353.6201,0.0000,0.0000,0.0000
34.806,523.7036,-4.3651,246.9393,0.2510,3.8000,-0.4500,5.7005,183.4235,353.6874,0.0000,0.0000,0.0000
34.930,523.4768,-4.4678,246.3575,0.2510,3.8000,-0.4500,5.6281,183.4315,353.7210,0.0000,0.0000,0.0000
35.056,523.1964,-4.5706,245.9143,0.2510,3.8000,-0.4500,5.6281,183.4315,353.7210,0.0000,0.0000,0.0000
35.168,522.9889,-4.6272,245.7998,0.2510,3.8000,-0.4500,5.4902,183.4467,353.8009,0.0000,0.0000,0.0000
35.277,522.7348,-4.6804,245.8056,0.2510,3.8000,-0.4500,5.4902,183.4467,353.8009,0.0000,0.0000,0.0000
35.403,522.4785,-4.7203,245.9075,0.2510,3.8000,-0.4500,5.4902,183.4467,353.8009,0.0000,0.0000,0.0000
35.527,522.2215,-4.7492,246.0662,0.2510,3.8000,-0.4500,5.4902,183.4467,353.8009,0.0000,0.0000,0.0000
35.653,521.9641,-4.7689,246.2586,0.2510,3.8000,-0.4500,5.4902,183.4467,353.8009,0.0000,0.0000,0.0000
35.777,521.6647,-4.7764,246.5062,0.2510,3.8000,-0.4500,5.5270,183.4428,354.0573,0.0000,0.0000,0.0000
35.890,521.4501,-4.7775,246.6909,0.2510,3.8000,-0.4500,5.5430,183.4411,354.1395,0.0000,0.0000,0.0000
36.014,521.1932,-4.7695,246.9149,0.2510,3.8000,-0.4500,5.6281,183.4325,354.3743,0.0000,0.0000,0.0000
36.139,520.8928,-4.7542,247.1768,0.2510,3.8000,-0.4500,5.6926,183.4263,354.5307,0.0000,0.0000,0.0000
36.250,520.6793,-4.7321,247.3608,0.2510,3.8000,-0.4500,5.8665,183.4101,354.9192,0.0000,0.0000,0.0000
36.361,520.4211,-4.7103,247.5809,0.2510,3.8000,-0.4500,5.8665,183.4101,354.9192,0.0000,0.0000,0.0000
36.472,520.2076,-4.6815,247.7604,0.2510,3.8000,-0.4500,5.9857,183.3998,355.2330,0.0000,0.0000,0.0000
36.598,519.9075,-4.6416,248.0081,0.2510,3.8000,-0.4500,6.0285,183.3962,355.3945,0.0000,0.0000,0.0000
36.722,519.6508,-4.6026,248.2152,0.2510,3.8000,-0.4500,6.0657,183.3933,355.5578,0.0000,0.0000,0.0000
36.834,519.4379,-4.5643,248.3839,0.2510,3.8000,-0.4500,6.0925,183.3912,355.8896,0.0000,0.0000,0.0000
36.944,519.1812,-4.5221,248.5829,0.2510,3.8000,-0.4500,6.0949,183.3911,355.9679,0.0000,0.0000,0.0000
37.070,518.9265,-4.4744,248.7786,0.2510,3.8000,-0.4500,6.0305,183.3954,356.2957,0.0000,0.0000,0.0000
37.194,518.6710,-4.4302,248.9712,0.2510,3.8000,-0.4500,6.0106,183.3967,356.3729,0.0000,0.0000,0.0000
37.319,518.3755,-4.3753,249.1936,0.2510,3.8000,-0.4500,5.8183,183.4083,356.7411,0.0000,0.0000,0.0000
37.444,518.1207,-4.3336,249.3409,0.2510,3.8000,-0.4500,5.6565,183.4173,356.9392,0.0000,0.0000,0.0000
37.570,517.8671,-4.3043,249.3359,0.2510,3.8000,-0.4500,5.4279,183.4291,357.1765,0.0000,0.0000,0.0000
37.694,517.6193,-4.2875,249.1853,0.2510,3.8000,-0.4500,5.1780,183.4410,357.3925,0.0000,0.0000,0.0000
37.820,517.3376,-4.2778,248.8733,0.2510,3.8000,-0.4500,4.8526,183.4551,357.6584,0.0000,0.0000,0.0000
37.931,517.1406,-4.2742,248.5906,0.2510,3.8000,-0.4500,4.5895,183.4654,357.8723,0.0000,0.0000,0.0000
38.056,516.8681,-4.2711,248.1415,0.2510,3.8000,-0.4500,4.3235,183.4748,358.0887,0.0000,0.0000,0.0000
38.180,516.6384,-4.2665,247.7278,0.2510,3.8000,-0.4500,3.9101,183.4874,358.4222,0.0000,0.0000,0.0000
38.305,516.4091,-4.2611,247.3053,0.2510,3.8000,-0.4500,3.6437,183.4943,358.6312,0.0000,0.0000,0.0000
38.430,516.1760,-4.2508,246.9460,0.2510,3.8000,-0.4500,3.3075,183.5016,358.8856,0.0000,0.0000,0.0000
38.555,515.9359,-4.2355,246.6866,0.2510,3.8000,-0.4500,2.9604,183.5076,359.1220,0.0000,0.0000,0.0000
38.680,515.6474,-4.2145,246.4928,0.2510,3.8000,-0.4500,2.5932,183.5125,359.3325,0.0000,0.0000,0.0000
38.806,515.3951,-4.1969,246.3927,0.2510,3.8000,-0.4500,2.2837,183.5157,359.4750,0.0000,0.0000,0.0000
38.919,515.1407,-4.1821,246.3421,0.2510,3.8000,-0.4500,1.9648,183.5183,359.5927,0.0000,0.0000,0.0000
39.027,514.9279,-4.1741,246.3263,0.2510,3.8000,-0.4500,1.5458,183.5209,359.7022,0.0000,0.0000,0.0000
39.128,514.7141,-4.1700,246.3236,0.2510,3.8000,-0.4500,1.3011,183.5220,359.7493,0.0000,0.0000,0.0000
39.236,514.4581,-4.1736,246.3419,0.2510,3.8000,-0.4500,0.7805,183.5241,359.7965,0.0000,0.0000,0.0000
39.347,514.2468,-4.1837,246.3874,0.2510,3.8000,-0.4500,0.3505,183.5256,359.8042,0.0000,0.0000,0.0000
39.472,513.9959,-4.2057,246.4814,0.2510,3.8000,-0.4500,359.8508,183.5274,359.7749,0.0000,0.0000,0.0000
39.597,513.7061,-4.2467,246.6357,0.2510,3.8000,-0.4500,359.3297,183.5297,359.6981,0.0000,0.0000,0.0000
39.708,513.5005,-4.2884,246.7674,0.2510,3.8000,-0.4500,358.8781,183.5325,359.6049,0.0000,0.0000,0.0000
39.833,513.2548,-4.3520,246.9413,0.2510,3.8000,-0.4500,358.3362,183.5368,359.4667,0.0000,0.0000,0.0000
39.958,512.9688,-4.4457,247.1583,0.2510,3.8000,-0.4500,357.7005,183.5438,359.2760,0.0000,0.0000,0.0000
40.071,512.7645,-4.5257,247.3194,0.2510,3.8000,-0.4500,357.2423,183.5502,359.1250,0.0000,0.0000,0.0000
40.180,512.5199,-4.6359,247.5169,0.2510,3.8000,-0.4500,356.6899,183.5596,358.9328,0.0000,0.0000,0.0000
40.306,512.2753,-4.7615,247.7177,0.2510,3.8000,-0.4500,356.1392,183.5708,358.7340,0.0000,0.0000,0.0000
40.430,512.0311,-4.9019,247.9207,0.2510,3.8000,-0.4500,355.5960,183.5838,358.5343,0.0000,0.0000,0.0000
40.555,511.7872,-5.0562,248.1252,0.2510,3.8000,-0.4500,355.0671,183.5983,358.3390,0.0000,0.0000,0.0000
40.680,511.5031,-5.2524,248.3648,0.2510,3.8000,-0.4500,354.4773,183.6165,358.1238,0.0000,0.0000,0.0000
40.805,511.2600,-5.4317,248.5701,0.2510,3.8000,-0.4500,354.0797,183.6301,357.9828,0.0000,0.0000,0.0000
40.930,511.0173,-5.6204,248.7758,0.2510,3.8000,-0.4500,353.7585,183.6418,357.8750,0.0000,0.0000,0.0000
41.055,510.7748,-5.8190,248.9820,0.2510,3.8000,-0.4500,353.3463,183.6577,357.7446,0.0000,0.0000,0.0000
41.168,510.5327,-6.0220,249.1870,0.2510,3.8000,-0.4500,353.1100,183.6672,357.6799,0.0000,0.0000,0.0000
41.281,510.2911,-6.2290,249.3906,0.2510,3.8000,-0.4500,352.9517,183.6737,357.6400,0.0000,0.0000,0.0000
41.391,510.0898,-6.4039,249.5605,0.2510,3.8000,-0.4500,352.7864,183.6806,357.6132,0.0000,0.0000,0.0000
41.500,509.8483,-6.6133,249.7633,0.2510,3.8000,-0.4500,352.7068,183.6840,357.6028,0.0000,0.0000,0.0000
41.625,509.6069,-6.8207,249.9659,0.2510,3.8000,-0.4500,352.7068,183.6840,357.6028,0.0000,0.0000,0.0000
41.750,509.3656,-7.0247,250.1691,0.2510,3.8000,-0.4500,352.7068,183.6840,357.6028,0.0000,0.0000,0.0000
41.875,509.1246,-7.2229,250.3729,0.2510,3.8000,-0.4500,352.7068,183.6840,357.6028,0.0000,0.0000,0.0000
41.987,508.8840,-7.4036,250.4642,0.2510,3.8000,-0.4500,352.7068,183.6840,357.6028,0.0000,0.0000,0.0000
42.111,508.6561,-7.5344,250.2529,0.2510,3.8000,-0.4500,352.6060,183.6881,357.8381,0.0000,0.0000,0.0000
42.236,508.4028,-7.6326,249.7055,0.2510,3.8000,-0.4500,352.5462,183.6902,358.0782,0.0000,0.0000,0.0000
42.361,508.1940,-7.6799,249.0988,0.2510,3.8000,-0.4500,352.5348,183.6906,358.5968,0.0000,0.0000,0.0000
42.486,507.9868,-7.7136,248.4346,0.2510,3.8000,-0.4500,352.5542,183.6902,358.8534,0.0000,0.0000,0.0000
42.611,507.7814,-7.7359,247.7475,0.2510,3.8000,-0.4500,352.5797,183.6897,359.1045,0.0000,0.0000,0.0000
42.736,507.5447,-7.7480,246.9365,0.2510,3.8000,-0.4500,352.6637,183.6888,359.5950,0.0000,0.0000,0.0000
42.861,507.3421,-7.7548,246.2373,0.2510,3.8000,-0.4500,352.7290,183.6884,359.8426,0.0000,0.0000,0.0000
42.972,507.1743,-7.7552,245.6523,0.2510,3.8000,-0.4500,352.8008,183.6884,0.0835,0.0000,0.0000,0.0000
43.097,506.9407,-7.7496,244.8302,0.2510,3.8000,-0.4500,352.9197,183.6889,0.3906,0.0000,0.0000,0.0000
43.222,506.7422,-7.7364,244.1236,0.2510,3.8000,-0.4500,353.1031,183.6908,0.7603,0.0000,0.0000,0.0000
43.348,506.5435,-7.7224,243.4159,0.2510,3.8000,-0.4500,353.1951,183.6921,0.9070,0.0000,0.0000,0.0000
43.472,506.3468,-7.6999,242.7070,0.2510,3.8000,-0.4500,353.3871,183.6957,1.1903,0.0000,0.0000,0.0000
43.597,506.1186,-7.6671,241.8786,0.2510,3.8000,-0.4500,353.6649,183.7023,1.5132,0.0000,0.0000,0.0000
43.723,505.9230,-7.6379,241.1666,0.2510,3.8000,-0.4500,353.7811,183.7055,1.6294,0.0000,0.0000,0.0000
43.833,505.7610,-7.6070,240.5825,0.2510,3.8000,-0.4500,354.0355,183.7132,1.8526,0.0000,0.0000,0.0000
43.945,505.5581,-7.5776,240.0105,0.2510,3.8000,-0.4500,354.2408,183.7202,2.0010,0.0000,0.0000,0.0000
44.070,505.3429,-7.5532,239.6304,0.2510,3.8000,-0.4500,354.7004,183.7375,2.2770,0.0000,0.0000,0.0000
44.194,505.1167,-7.5352,239.4449,0.2510,3.8000,-0.4500,355.1830,183.7577,2.5015,0.0000,0.0000,0.0000
44.319,504.8487,-7.5122,239.4156,0.2510,3.8000,-0.4500,355.8229,183.7871,2.7346,0.0000,0.0000,0.0000
44.444,504.6198,-7.4804,239.4921,0.2510,3.8000,-0.4500,356.4574,183.8187,2.9437,0.0000,0.0000,0.0000
44.569,504.3938,-7.4307,239.6268,0.2510,3.8000,-0.4500,357.1637,183.8565,3.1890,0.0000,0.0000,0.0000
44.683,504.1716,-7.3584,239.7977,0.2510,3.8000,-0.4500,357.9244,183.9009,3.4866,0.0000,0.0000,0.0000
44.805,503.9538,-7.2607,239.9913,0.2510,3.8000,-0.4500,358.7220,183.9519,3.8388,0.0000,0.0000,0.0000
44.930,503.7409,-7.1363,240.2003,0.2510,3.8000,-0.4500,359.5415,184.0098,4.2392,0.0000,0.0000,0.0000
45.056,503.4993,-6.9568,240.4565,0.2510,3.8000,-0.4500,0.5091,184.0858,4.7545,0.0000,0.0000,0.0000
45.181,503.2986,-6.7738,240.6823,0.2510,3.8000,-0.4500,1.3365,184.1581,5.2254,0.0000,0.0000,0.0000
45.292,503.1360,-6.6012,240.8729,0.2510,3.8000,-0.4500,2.0181,184.2228,5.6305,0.0000,0.0000,0.0000
45.417,502.9158,-6.3303,241.1417,0.2510,3.8000,-0.4500,2.9508,184.3196,6.2056,0.0000,0.0000,0.0000
45.542,502.7342,-6.0723,241.3729,0.2510,3.8000,-0.4500,3.7229,184.4070,6.6962,0.0000,0.0000,0.0000
45.667,502.5592,-5.7919,241.6029,0.2510,3.8000,-0.4500,4.4631,184.4973,7.1756,0.0000,0.0000,0.0000
45.792,502.3905,-5.4912,241.8299,0.2510,3.8000,-0.4500,5.1658,184.5889,7.6363,0.0000,0.0000,0.0000
45.917,502.2017,-5.1170,242.0913,0.2510,3.8000,-0.4500,5.9312,184.6955,8.1410,0.0000,0.0000,0.0000
46.029,502.0718,-4.8356,242.2762,0.2510,3.8000,-0.4500,6.4387,184.7701,8.4749,0.0000,0.0000,0.0000
46.152,501.9211,-4.4846,242.4969,0.2510,3.8000,-0.4500,7.0015,184.8563,8.8415,0.0000,0.0000,0.0000
46.278,501.7516,-4.0592,242.7536,0.2510,3.8000,-0.4500,7.5911,184.9508,9.2167,0.0000,0.0000,0.0000
46.403,501.6112,-3.6826,242.9731,0.2510,3.8000,-0.4500,8.0367,185.0249,9.4889,0.0000,0.0000,0.0000
46.528,501.4726,-3.3016,243.1946,0.2510,3.8000,-0.4500,8.1791,185.0490,9.5707,0.0000,0.0000,0.0000
46.652,501.3376,-2.9109,243.4120,0.2510,3.8000,-0.4500,8.4798,185.1007,9.7337,0.0000,0.0000,0.0000
46.777,501.1815,-2.4515,243.6638,0.2510,3.8000,-0.4500,8.6983,185.1389,9.8366,0.0000,0.0000,0.0000
46.902,501.0480,-2.0571,243.8797,0.2510,3.8000,-0.4500,8.6983,185.1389,9.8366,0.0000,0.0000,0.0000
47.027,500.9147,-1.6626,244.0951,0.2510,3.8000,-0.4500,8.6983,185.1389,9.8366,0.0000,0.0000,0.0000
47.152,500.7808,-1.2696,244.3094,0.2510,3.8000,-0.4500,8.7778,185.1528,9.8491,0.0000,0.0000,0.0000
47.277,500.6230,-0.8179,244.5609,0.2510,3.8000,-0.4500,8.7778,185.1528,9.8491,0.0000,0.0000,0.0000
47.402,500.4857,-0.4378,244.7780,0.2510,3.8000,-0.4500,8.7778,185.1528,9.8491,0.0000,0.0000,0.0000
47.527,500.3459,-0.0671,244.9978,0.2510,3.8000,-0.4500,8.7778,185.1528,9.8491,0.0000,0.0000,0.0000
47.652,500.1975,0.2855,245.2204,0.2510,3.8000,-0.4500,8.8939,185.1728,9.3635,0.0000,0.0000,0.0000
47.778,500.0181,0.6800,245.4822,0.2510,3.8000,-0.4500,8.7940,185.1566,8.9218,0.0000,0.0000,0.0000
47.888,499.8831,0.9463,245.6704,0.2510,3.8000,-0.4500,8.6025,185.1270,8.4807,0.0000,0.0000,0.0000
48.013,499.7144,1.2488,245.8960,0.2510,3.8000,-0.4500,8.2905,185.0815,7.9605,0.0000,0.0000,0.0000
48.127,499.5382,1.5304,246.1211,0.2510,3.8000,-0.4500,7.9133,185.0301,7.4257,0.0000,0.0000,0.0000
48.250,499.3541,1.7892,246.3456,0.2510,3.8000,-0.4500,7.4841,184.9758,6.8596,0.0000,0.0000,0.0000
48.375,499.1621,2.0232,246.5707,0.2510,3.8000,-0.4500,7.0109,184.9210,6.2558,0.0000,0.0000,0.0000
48.499,498.9282,2.2630,246.8356,0.2510,3.8000,-0.4500,6.4110,184.8588,5.5034,0.0000,0.0000,0.0000
48.610,498.7549,2.4114,247.0260,0.2510,3.8000,-0.4500,5.9557,184.8170,4.9363,0.0000,0.0000,0.0000
48.735,498.5402,2.5632,247.2548,0.2510,3.8000,-0.4500,5.3855,184.7710,4.2268,0.0000,0.0000,0.0000
48.860,498.2813,2.7032,247.5215,0.2510,3.8000,-0.4500,4.6955,184.7251,3.3649,0.0000,0.0000,0.0000
48.986,498.0526,2.7909,247.7494,0.2510,3.8000,-0.4500,4.0911,184.6935,2.6029,0.0000,0.0000,0.0000
49.110,497.8186,2.8486,247.9764,0.2510,3.8000,-0.4500,3.4825,184.6699,1.8252,0.0000,0.0000,0.0000
49.222,497.5799,2.8766,248.2020,0.2510,3.8000,-0.4500,2.8775,184.6547,1.0377,0.0000,0.0000,0.0000
49.346,497.3348,2.8750,248.3958,0.2510,3.8000,-0.4500,2.2843,184.6481,0.2466,0.0000,0.0000,0.0000
49.471,497.0807,2.8446,248.5144,0.2510,3.8000,-0.4500,1.7131,184.6495,359.4630,0.0000,0.0000,0.0000
49.596,496.7786,2.7768,248.5575,0.2510,3.8000,-0.4500,1.0876,184.6602,358.5761,0.0000,0.0000,0.0000
49.721,496.5188,2.6947,248.5319,0.2510,3.8000,-0.4500,0.5917,184.6756,357.8503,0.0000,0.0000,0.0000
49.847,496.2598,2.5931,248.4653,0.2510,3.8000,-0.4500,0.1336,184.6956,357.1606,0.0000,0.0000,0.0000
49.971,496.0020,2.4740,248.3689,0.2510,3.8000,-0.4500,359.7120,184.7189,356.5081,0.0000,0.0000,0.0000
50.096,495.7033,2.3151,248.2287,0.2510,3.8000,-0.4500,359.2646,184.7490,355.7942,0.0000,0.0000,0.0000
50.208,495.4912,2.1895,248.1173,0.2510,3.8000,-0.4500,358.9716,184.7718,355.3155,0.0000,0.0000,0.0000
50.333,495.2372,2.0258,247.9830,0.2510,3.8000,-0.4500,358.6390,184.8006,354.7747,0.0000,0.0000,0.0000
50.457,494.9424,1.8177,247.8242,0.2510,3.8000,-0.4500,358.2603,184.8372,354.1888,0.0000,0.0000,0.0000
50.570,494.7333,1.6585,247.7058,0.2510,3.8000,-0.4500,357.9894,184.8657,353.8003,0.0000,0.0000,0.0000
50.680,494.4842,1.4569,247.5558,0.2510,3.8000,-0.4500,357.6616,184.9026,353.3694,0.0000,0.0000,0.0000
50.805,494.2374,1.2450,247.3960,0.2510,3.8000,-0.4500,357.3310,184.9423,352.9797,0.0000,0.0000,0.0000
50.930,493.9928,1.0251,247.2263,0.2510,3.8000,-0.4500,357.0438,184.9785,352.6820,0.0000,0.0000,0.0000
51.055,493.7505,0.7956,247.1056,0.2510,3.8000,-0.4500,356.8007,185.0102,352.4577,0.0000,0.0000,0.0000
51.180,493.4725,0.4999,247.1514,0.2510,3.8000,-0.4500,356.3907,185.0658,352.1280,0.0000,0.0000,0.0000
51.306,493.2395,0.2305,247.2922,0.2510,3.8000,-0.4500,356.1912,185.0937,351.9792,0.0000,0.0000,0.0000
51.416,493.0105,-0.0584,247.4948,0.2510,3.8000,-0.4500,355.7617,185.1555,351.7054,0.0000,0.0000,0.0000
51.541,492.7856,-0.3551,247.7351,0.2510,3.8000,-0.4500,355.5466,185.1871,351.5919,0.0000,0.0000,0.0000
51.669,492.5634,-0.6611,248.0003,0.2510,3.8000,-0.4500,355.3199,185.2210,351.4995,0.0000,0.0000,0.0000
51.781,492.3432,-0.9733,248.2806,0.2510,3.8000,-0.4500,355.0860,185.2562,351.4303,0.0000,0.0000,0.0000
51.891,492.1608,-1.2350,248.5211,0.2510,3.8000,-0.4500,355.0048,185.2685,351.4189,0.0000,0.0000,0.0000
52.003,491.9429,-1.5511,248.8161,0.2510,3.8000,-0.4500,354.7532,185.3066,351.4123,0.0000,0.0000,0.0000
52.114,491.7619,-1.8126,249.0650,0.2510,3.8000,-0.4500,354.5210,185.3417,351.4671,0.0000,0.0000,0.0000
52.225,491.5446,-2.1216,249.3652,0.2510,3.8000,-0.4500,354.3087,185.3735,351.5889,0.0000,0.0000,0.0000
52.337,491.3264,-2.4232,249.6658,0.2510,3.8000,-0.4500,354.1310,185.3997,351.7635,0.0000,0.0000,0.0000
52.453,491.1441,-2.6657,249.9160,0.2510,3.8000,-0.4500,353.9428,185.4267,352.0466,0.0000,0.0000,0.0000
52.559,490.9234,-2.9448,250.2135,0.2510,3.8000,-0.4500,353.8084,185.4451,352.4450,0.0000,0.0000,0.0000
52.661,490.7380,-3.1645,250.4588,0.2510,3.8000,-0.4500,353.7575,185.4517,352.8948,0.0000,0.0000,0.0000
52.777,490.5129,-3.4128,250.7489,0.2510,3.8000,-0.4500,353.7787,185.4492,353.4577,0.0000,0.0000,0.0000
52.887,490.3232,-3.6056,250.9867,0.2510,3.8000,-0.4500,353.8535,185.4410,353.9438,0.0000,0.0000,0.0000
53.001,490.0933,-3.8180,251.2685,0.2510,3.8000,-0.4500,354.0010,185.4261,354.5551,0.0000,0.0000,0.0000
53.110,489.9002,-3.9781,251.5006,0.2510,3.8000,-0.4500,354.1670,185.4110,355.0892,0.0000,0.0000,0.0000
53.236,489.6278,-4.1749,251.8212,0.2510,3.8000,-0.4500,354.4601,185.3878,355.8702,0.0000,0.0000,0.0000
53.346,489.4322,-4.2952,252.0467,0.2510,3.8000,-0.4500,354.7102,185.3709,356.4458,0.0000,0.0000,0.0000
53.471,489.1966,-4.4167,252.3134,0.2510,3.8000,-0.4500,355.0521,185.3518,357.1472,0.0000,0.0000,0.0000
53.596,488.9215,-4.5267,252.6193,0.2510,3.8000,-0.4500,355.5038,185.3325,357.9670,0.0000,0.0000,0.0000
53.709,488.7252,-4.5845,252.8344,0.2510,3.8000,-0.4500,355.8579,185.3217,358.5444,0.0000,0.0000,0.0000
53.819,488.4895,-4.6312,253.0797,0.2510,3.8000,-0.4500,356.3135,185.3128,359.2185,0.0000,0.0000,0.0000
53.944,488.2515,-4.6530,253.2803,0.2510,3.8000,-0.4500,356.7962,185.3090,359.8612,0.0000,0.0000,0.0000
54.044,488.0512,-4.6533,253.4073,0.2510,3.8000,-0.4500,357.2119,185.3098,0.3639,0.0000,0.0000,0.0000
54.152,487.8495,-4.6392,253.5031,0.2510,3.8000,-0.4500,357.6340,185.3143,0.8298,0.0000,0.0000,0.0000
54.277,487.5663,-4.5984,253.6018,0.2510,3.8000,-0.4500,358.2300,185.3260,1.4110,0.0000,0.0000,0.0000
54.402,487.3241,-4.5466,253.6690,0.2510,3.8000,-0.4500,358.7437,185.3406,1.8371,0.0000,0.0000,0.0000
54.527,487.0832,-4.4815,253.7301,0.2510,3.8000,-0.4500,359.2610,185.3589,2.1932,0.0000,0.0000,0.0000
54.652,486.8436,-4.4047,253.7875,0.2510,3.8000,-0.4500,359.7833,185.3802,2.4790,0.0000,0.0000,0.0000
54.777,486.5691,-4.3041,253.7532,0.2510,3.8000,-0.4500,0.3956,185.4082,2.7261,0.0000,0.0000,0.0000
54.902,486.3414,-4.2140,253.5950,0.2510,3.8000,-0.4500,0.9070,185.4332,2.8623,0.0000,0.0000,0.0000
55.027,486.1196,-4.1249,253.3382,0.2510,3.8000,-0.4500,1.3130,185.4537,2.9202,0.0000,0.0000,0.0000
55.152,485.9022,-4.0382,253.0092,0.2510,3.8000,-0.4500,1.6480,185.4709,2.9219,0.0000,0.0000,0.0000
55.263,485.6869,-3.9531,252.6297,0.2510,3.8000,-0.4500,2.1651,185.4971,2.8646,0.0000,0.0000,0.0000
55.388,485.4728,-3.8726,252.2201,0.2510,3.8000,-0.4500,2.4908,185.5131,2.7832,0.0000,0.0000,0.0000
55.513,485.2573,-3.7952,251.8003,0.2510,3.8000,-0.4500,2.9641,185.5355,2.6130,0.0000,0.0000,0.0000
55.624,485.0344,-3.7162,251.4692,0.2510,3.8000,-0.4500,3.2730,185.5492,2.4615,0.0000,0.0000,0.0000
55.749,484.8009,-3.6294,251.2784,0.2510,3.8000,-0.4500,3.7319,185.5680,2.2136,0.0000,0.0000,0.0000
55.874,484.5639,-3.5314,251.2266,0.2510,3.8000,-0.4500,4.1753,185.5842,1.9634,0.0000,0.0000,0.0000
55.987,484.3268,-3.4230,251.2732,0.2510,3.8000,-0.4500,4.5668,185.5969,1.7423,0.0000,0.0000,0.0000
56.097,484.0894,-3.3064,251.3833,0.2510,3.8000,-0.4500,5.0480,185.6104,1.4677,0.0000,0.0000,0.0000
56.222,483.8516,-3.1840,251.5331,0.2510,3.8000,-0.4500,5.5177,185.6214,1.1881,0.0000,0.0000,0.0000
56.346,483.6129,-3.0583,251.7064,0.2510,3.8000,-0.4500,5.9701,185.6297,0.8969,0.0000,0.0000,0.0000
56.471,483.3727,-2.9314,251.8928,0.2510,3.8000,-0.4500,6.4012,185.6353,0.5888,0.0000,0.0000,0.0000
56.597,483.0902,-2.7848,252.1175,0.2510,3.8000,-0.4500,6.8710,185.6386,0.2045,0.0000,0.0000,0.0000
56.707,482.8866,-2.6824,252.2800,0.2510,3.8000,-0.4500,7.1812,185.6390,359.9131,0.0000,0.0000,0.0000
56.833,482.6401,-2.5633,252.4758,0.2510,3.8000,-0.4500,7.5228,185.6374,359.5451,0.0000,0.0000,0.0000
56.947,482.3913,-2.4493,252.6726,0.2510,3.8000,-0.4500,7.8290,185.6339,359.1586,0.0000,0.0000,0.0000
57.055,482.1831,-2.3575,252.8377,0.2510,3.8000,-0.4500,7.9764,185.6314,358.9367,0.0000,0.0000,0.0000
57.155,481.9725,-2.2724,253.0034,0.2510,3.8000,-0.4500,8.2112,185.6262,358.5447,0.0000,0.0000,0.0000
57.263,481.7179,-2.1770,253.2045,0.2510,3.8000,-0.4500,8.4456,185.6193,358.0815,0.0000,0.0000,0.0000
57.388,481.4620,-2.0884,253.4099,0.2510,3.8000,-0.4500,8.6025,185.6134,357.6897,0.0000,0.0000,0.0000
57.513,481.2046,-2.0082,253.6205,0.2510,3.8000,-0.4500,8.7326,185.6077,357.2886,0.0000,0.0000,0.0000
57.625,480.9456,-1.9375,253.8369,0.2510,3.8000,-0.4500,8.8323,185.6025,356.8542,0.0000,0.0000,0.0000
57.749,480.6849,-1.8775,254.0593,0.2510,3.8000,-0.4500,8.9162,185.5975,356.3398,0.0000,0.0000,0.0000
57.874,480.4239,-1.8258,254.2881,0.2510,3.8000,-0.4500,8.9496,185.5953,355.9218,0.0000,0.0000,0.0000
57.999,480.1189,-1.7771,254.5634,0.2510,3.8000,-0.4500,8.9519,185.5951,355.4987,0.0000,0.0000,0.0000
58.124,479.8565,-1.7476,254.8071,0.2510,3.8000,-0.4500,8.9273,185.5972,355.0695,0.0000,0.0000,0.0000
58.249,479.5944,-1.7265,255.0580,0.2510,3.8000,-0.4500,8.8878,185.6007,354.7424,0.0000,0.0000,0.0000
58.374,479.3316,-1.7189,255.3176,0.2510,3.8000,-0.4500,8.7882,185.6105,354.2424,0.0000,0.0000,0.0000
58.499,479.0267,-1.7156,255.6292,0.2510,3.8000,-0.4500,8.7261,185.6169,354.0063,0.0000,0.0000,0.0000
58.625,478.7646,-1.7289,255.9061,0.2510,3.8000,-0.4500,8.5553,185.6358,353.5201,0.0000,0.0000,0.0000
58.749,478.5043,-1.7442,256.1888,0.2510,3.8000,-0.4500,8.4903,185.6434,353.3695,0.0000,0.0000,0.0000
58.874,478.2441,-1.7711,256.4791,0.2510,3.8000,-0.4500,8.3390,185.6616,353.0682,0.0000,0.0000,0.0000
58.988,477.9846,-1.8053,256.7759,0.2510,3.8000,-0.4500,8.1603,185.6840,352.7876,0.0000,0.0000,0.0000
59.097,477.7263,-1.8414,257.0746,0.2510,3.8000,-0.4500,8.1106,185.6904,352.7237,0.0000,0.0000,0.0000
59.207,477.5097,-1.8809,257.3083,0.2510,3.8000,-0.4500,7.9518,185.7111,352.5369,0.0000,0.0000,0.0000
59.335,477.2489,-1.9324,257.5494,0.2510,3.8000,-0.4500,7.8940,185.7188,352.4835,0.0000,0.0000,0.0000
59.444,476.9892,-2.0046,257.6148,0.2510,3.8000,-0.4500,7.7705,185.7354,352.3826,0.0000,0.0000,0.0000
59.568,476.7320,-2.0926,257.5325,0.2510,3.8000,-0.4500,7.7705,185.7354,352.3826,0.0000,0.0000,0.0000
59.694,476.4766,-2.1918,257.3689,0.2510,3.8000,-0.4500,7.6998,185.7450,352.3457,0.0000,0.0000,0.0000
59.818,476.1801,-2.3117,257.1206,0.2510,3.8000,-0.4500,7.6998,185.7450,352.3456,0.0000,0.0000,0.0000
59.943,475.9266,-2.4150,256.8811,0.2510,3.8000,-0.4500,7.6998,185.7450,352.3456,0.0000,0.0000,0.0000
60.068,475.6739,-2.5167,256.6274,0.2510,3.8000,-0.4500,7.5369,185.7670,352.3646,0.0000,0.0000,0.0000
60.180,475.4222,-2.6144,256.3497,0.2510,3.8000,-0.4500,7.5369,185.7670,352.3646,0.0000,0.0000,0.0000
60.305,475.1735,-2.7065,256.0491,0.2510,3.8000,-0.4500,7.2729,185.8023,352.5592,0.0000,0.0000,0.0000
60.429,474.9254,-2.7932,255.7281,0.2510,3.8000,-0.4500,7.1805,185.8143,352.7027,0.0000,0.0000,0.0000
60.554,474.6788,-2.8710,255.3940,0.2510,3.8000,-0.4500,7.0326,185.8330,353.0072,0.0000,0.0000,0.0000
60.667,474.4327,-2.9392,255.0519,0.2510,3.8000,-0.4500,6.9299,185.8454,353.4118,0.0000,0.0000,0.0000
60.777,474.1860,-2.9995,254.7067,0.2510,3.8000,-0.4500,6.8869,185.8503,353.7410,0.0000,0.0000,0.0000
60.890,473.9810,-3.0394,254.4181,0.2510,3.8000,-0.4500,6.8686,185.8523,354.1765,0.0000,0.0000,0.0000
60.999,473.7318,-3.0754,254.1114,0.2510,3.8000,-0.4500,6.8714,185.8520,354.6841,0.0000,0.0000,0.0000
61.113,473.5195,-3.0850,253.9870,0.2510,3.8000,-0.4500,6.8850,185.8508,355.0969,0.0000,0.0000,0.0000
61.221,473.2621,-3.0687,253.9732,0.2510,3.8000,-0.4500,6.9050,185.8492,355.6037,0.0000,0.0000,0.0000
61.346,473.0050,-3.0262,254.0546,0.2510,3.8000,-0.4500,6.9248,185.8477,356.1376,0.0000,0.0000,0.0000
61.471,472.7497,-2.9603,254.1956,0.2510,3.8000,-0.4500,6.9450,185.8464,356.7014,0.0000,0.0000,0.0000
61.596,472.4550,-2.8573,254.4033,0.2510,3.8000,-0.4500,6.9723,185.8450,357.3923,0.0000,0.0000,0.0000
61.710,472.2468,-2.7683,254.5666,0.2510,3.8000,-0.4500,6.9959,185.8440,357.9027,0.0000,0.0000,0.0000
61.818,471.9999,-2.6459,254.7702,0.2510,3.8000,-0.4500,7.0300,185.8430,358.5282,0.0000,0.0000,0.0000
61.943,471.7562,-2.5072,254.9765,0.2510,3.8000,-0.4500,7.0727,185.8421,359.1624,0.0000,0.0000,0.0000
62.069,471.5160,-2.3525,255.1825,0.2510,3.8000,-0.4500,7.1285,185.8416,359.8000,0.0000,0.0000,0.0000
62.194,471.2795,-2.1823,255.3864,0.2510,3.8000,-0.4500,7.1980,185.8418,0.4361,0.0000,0.0000,0.0000
62.318,471.0088,-1.9645,255.6210,0.2510,3.8000,-0.4500,7.2915,185.8431,1.1695,0.0000,0.0000,0.0000
62.444,470.7816,-1.7621,255.8192,0.2510,3.8000,-0.4500,7.3754,185.8453,1.7849,0.0000,0.0000,0.0000
62.569,470.5589,-1.5460,256.0155,0.2510,3.8000,-0.4500,7.4564,185.8483,2.3831,0.0000,0.0000,0.0000
62.694,470.3409,-1.3172,256.2105,0.2510,3.8000,-0.4500,7.5283,185.8516,2.9596,0.0000,0.0000,0.0000
62.805,470.1279,-1.0766,256.4052,0.2510,3.8000,-0.4500,7.5858,185.8549,3.5100,0.0000,0.0000,0.0000
62.930,469.9194,-0.8257,256.5999,0.2510,3.8000,-0.4500,7.6237,185.8574,4.0303,0.0000,0.0000,0.0000
63.043,469.7142,-0.5684,256.7961,0.2510,3.8000,-0.4500,7.6341,185.8582,4.3636,0.0000,0.0000,0.0000
63.152,469.5476,-0.3449,256.9601,0.2510,3.8000,-0.4500,7.6266,185.8576,4.7965,0.0000,0.0000,0.0000
63.252,469.3826,-0.1200,257.1262,0.2510,3.8000,-0.4500,7.6098,185.8561,5.0413,0.0000,0.0000,0.0000
63.360,469.1884,0.1556,257.3279,0.2510,3.8000,-0.4500,7.5610,185.8516,5.3758,0.0000,0.0000,0.0000
63.485,468.9977,0.4349,257.5333,0.2510,3.8000,-0.4500,7.4820,185.8438,5.6979,0.0000,0.0000,0.0000
63.610,468.8090,0.7149,257.7415,0.2510,3.8000,-0.4500,7.3838,185.8338,5.9354,0.0000,0.0000,0.0000
63.736,468.5872,1.0334,257.8965,0.2510,3.8000,-0.4500,7.2652,185.8211,6.1549,0.0000,0.0000,0.0000
63.847,468.4276,1.2450,257.8725,0.2510,3.8000,-0.4500,7.0598,185.7982,6.4163,0.0000,0.0000,0.0000
63.971,468.2352,1.4804,257.7310,0.2510,3.8000,-0.4500,6.9472,185.7854,6.5277,0.0000,0.0000,0.0000
64.097,468.0144,1.7381,257.4588,0.2510,3.8000,-0.4500,6.6044,185.7451,6.7697,0.0000,0.0000,0.0000
64.210,467.8575,1.9127,257.2166,0.2510,3.8000,-0.4500,6.5345,185.7367,6.8091,0.0000,0.0000,0.0000
64.321,467.6713,2.1147,256.8957,0.2510,3.8000,-0.4500,6.1264,185.6871,6.9641,0.0000,0.0000,0.0000
64.430,467.5159,2.2729,256.6104,0.2510,3.8000,-0.4500,5.9713,185.6680,7.0050,0.0000,0.0000,0.0000
64.554,467.3061,2.3288,256.2693,0.2510,3.8000,-0.4500,5.8542,185.6542,6.1655,0.0000,0.0000,0.0000
64.667,467.0674,2.3403,255.9311,0.2510,3.8000,-0.4500,5.7116,185.6421,3.1613,0.0000,0.0000,0.0000
64.777,466.8070,2.2611,255.6099,0.2510,3.8000,-0.4500,5.6931,185.6395,359.1571,0.0000,0.0000,0.0000
64.890,466.5926,2.1646,255.3477,0.2510,3.8000,-0.4500,5.8349,185.6342,356.7896,0.0000,0.0000,0.0000
65.012,466.3424,2.0732,255.0271,0.2510,3.8000,-0.4500,5.9622,185.6254,355.4280,0.0000,0.0000,0.0000
65.126,466.0968,2.0045,254.6973,0.2510,3.8000,-0.4500,5.9907,185.6231,355.2144,0.0000,0.0000,0.0000
65.235,465.8904,1.9565,254.4397,0.2510,3.8000,-0.4500,5.9906,185.6231,355.2144,0.0000,0.0000,0.0000
65.360,465.5934,1.9122,254.2382,0.2510,3.8000,-0.4500,5.9906,185.6231,355.2144,0.0000,0.0000,0.0000
65.485,465.3347,1.9019,254.2264,0.2510,3.8000,-0.4500,5.9907,185.6231,355.2144,0.0000,0.0000,0.0000
65.610,465.0779,1.9214,254.3068,0.2510,3.8000,-0.4500,6.0114,185.6214,355.6816,0.0000,0.0000,0.0000
65.735,464.8229,1.9599,254.4453,0.2510,3.8000,-0.4500,5.9890,185.6229,356.2491,0.0000,0.0000,0.0000
65.860,464.5275,2.0218,254.6485,0.2510,3.8000,-0.4500,5.9133,185.6275,356.8694,0.0000,0.0000,0.0000
65.972,464.3180,2.0757,254.8084,0.2510,3.8000,-0.4500,5.8392,185.6313,357.3003,0.0000,0.0000,0.0000
66.085,464.0685,2.1498,255.0083,0.2510,3.8000,-0.4500,5.7371,185.6356,357.8152,0.0000,0.0000,0.0000
66.208,463.8212,2.2334,255.2118,0.2510,3.8000,-0.4500,5.6255,185.6394,358.3298,0.0000,0.0000,0.0000
66.333,463.5761,2.3260,255.4161,0.2510,3.8000,-0.4500,5.5066,185.6423,358.8417,0.0000,0.0000,0.0000
66.457,463.2932,2.4446,255.6515,0.2510,3.8000,-0.4500,5.3602,185.6446,359.4296,0.0000,0.0000,0.0000
66.583,463.0523,2.5539,255.8407,0.2510,3.8000,-0.4500,5.2288,185.6453,359.9199,0.0000,0.0000,0.0000
66.708,462.8117,2.6671,256.0143,0.2510,3.8000,-0.4500,5.1344,185.6452,0.2477,0.0000,0.0000,0.0000
66.833,462.5739,2.7889,256.1747,0.2510,3.8000,-0.4500,4.9756,185.6437,0.7628,0.0000,0.0000,0.0000
66.945,462.3365,2.9132,256.3257,0.2510,3.8000,-0.4500,4.8665,185.6420,1.0872,0.0000,0.0000,0.0000
67.055,462.1411,3.0224,256.4471,0.2510,3.8000,-0.4500,4.7183,185.6386,1.4902,0.0000,0.0000,0.0000
67.180,461.8682,3.1764,256.6134,0.2510,3.8000,-0.4500,4.5874,185.6348,1.8003,0.0000,0.0000,0.0000
67.305,461.6361,3.3115,256.7550,0.2510,3.8000,-0.4500,4.4784,185.6312,2.0310,0.0000,0.0000,0.0000
67.430,461.4066,3.4498,256.8965,0.2510,3.8000,-0.4500,4.3154,185.6249,2.3340,0.0000,0.0000,0.0000
67.555,461.1757,3.5872,256.9968,0.2510,3.8000,-0.4500,4.1240,185.6166,2.6204,0.0000,0.0000,0.0000
67.679,460.9049,3.7385,256.9913,0.2510,3.8000,-0.4500,3.9709,185.6093,2.8137,0.0000,0.0000,0.0000
67.805,460.6746,3.8607,256.8996,0.2510,3.8000,-0.4500,3.9147,185.6065,2.8729,0.0000,0.0000,0.0000
67.929,460.4477,3.9784,256.7504,0.2510,3.8000,-0.4500,3.7978,185.6005,2.9883,0.0000,0.0000,0.0000
68.055,460.2229,4.0915,256.5620,0.2510,3.8000,-0.4500,3.6684,185.5936,3.0857,0.0000,0.0000,0.0000
68.167,459.9995,4.2003,256.3479,0.2510,3.8000,-0.4500,3.6006,185.5899,3.1313,0.0000,0.0000,0.0000
68.277,459.7772,4.3049,256.1193,0.2510,3.8000,-0.4500,3.3709,185.5772,3.2275,0.0000,0.0000,0.0000
68.388,459.5909,4.3895,255.9325,0.2510,3.8000,-0.4500,3.3709,185.5772,3.2275,0.0000,0.0000,0.0000
68.513,459.3633,4.4881,255.7722,0.2510,3.8000,-0.4500,3.1204,185.5629,3.2550,0.0000,0.0000,0.0000
68.638,459.0940,4.6003,255.7200,0.2510,3.8000,-0.4500,2.7844,185.5439,3.2242,0.0000,0.0000,0.0000
68.751,458.9005,4.6763,255.7452,0.2510,3.8000,-0.4500,2.5384,185.5301,3.1639,0.0000,0.0000,0.0000
68.860,458.6678,4.7601,255.8213,0.2510,3.8000,-0.4500,2.2229,185.5129,3.0479,0.0000,0.0000,0.0000
68.974,458.4728,4.8200,255.9110,0.2510,3.8000,-0.4500,1.8394,185.4931,2.8522,0.0000,0.0000,0.0000
69.082,458.2384,4.8840,256.0379,0.2510,3.8000,-0.4500,1.5541,185.4793,2.6769,0.0000,0.0000,0.0000
69.208,458.0025,4.9318,256.1877,0.2510,3.8000,-0.4500,1.1170,185.4601,2.3602,0.0000,0.0000,0.0000
69.332,457.7660,4.9656,256.3571,0.2510,3.8000,-0.4500,0.7034,185.4442,2.0277,0.0000,0.0000,0.0000
69.457,457.4889,4.9860,256.5724,0.2510,3.8000,-0.4500,0.2449,185.4296,1.6250,0.0000,0.0000,0.0000
69.572,457.2899,4.9872,256.7339,0.2510,3.8000,-0.4500,359.9220,185.4212,1.3234,0.0000,0.0000,0.0000
69.682,457.0500,4.9734,256.9332,0.2510,3.8000,-0.4500,359.5339,185.4136,0.9446,0.0000,0.0000,0.0000
69.791,456.8490,4.9490,257.1021,0.2510,3.8000,-0.4500,359.2092,185.4091,0.6159,0.0000,0.0000,0.0000
69.916,456.5661,4.8947,257.3416,0.2510,3.8000,-0.4500,358.7539,185.4061,0.1393,0.0000,0.0000,0.0000
70.029,456.3631,4.8416,257.5151,0.2510,3.8000,-0.4500,358.4295,185.4063,359.7901,0.0000,0.0000,0.0000
70.138,456.1188,4.7623,257.7263,0.2510,3.8000,-0.4500,358.0429,185.4092,359.3652,0.0000,0.0000,0.0000
70.263,455.8740,4.6661,257.9404,0.2510,3.8000,-0.4500,357.6611,185.4148,358.9378,0.0000,0.0000,0.0000
70.388,455.6289,4.5534,258.1568,0.2510,3.8000,-0.4500,357.2859,185.4232,358.5123,0.0000,0.0000,0.0000
70.513,455.3838,4.4247,258.3751,0.2510,3.8000,-0.4500,356.9193,185.4341,358.0927,0.0000,0.0000,0.0000
70.638,455.0980,4.2553,258.6322,0.2510,3.8000,-0.4500,356.5048,185.4496,357.6166,0.0000,0.0000,0.0000
70.763,454.8537,4.0943,258.8544,0.2510,3.8000,-0.4500,356.1628,185.4650,357.2245,0.0000,0.0000,0.0000
70.889,454.6104,3.9210,259.0817,0.2510,3.8000,-0.4500,355.8878,185.4792,356.9114,0.0000,0.0000,0.0000
71.013,454.3681,3.7336,259.3179,0.2510,3.8000,-0.4500,355.5943,185.4959,356.5826,0.0000,0.0000,0.0000
71.139,454.0876,3.5019,259.6033,0.2510,3.8000,-0.4500,355.3659,185.5101,356.3306,0.0000,0.0000,0.0000
71.249,453.8875,3.3231,259.8132,0.2510,3.8000,-0.4500,355.0659,185.5302,356.0111,0.0000,0.0000,0.0000
71.373,453.6496,3.1055,260.0683,0.2510,3.8000,-0.4500,354.9496,185.5385,355.8896,0.0000,0.0000,0.0000
71.499,453.3723,2.8342,260.3716,0.2510,3.8000,-0.4500,354.5827,185.5662,355.5294,0.0000,0.0000,0.0000
71.623,453.1363,2.5969,260.6340,0.2510,3.8000,-0.4500,354.4017,185.5806,355.3679,0.0000,0.0000,0.0000
71.748,452.9009,2.3578,260.8917,0.2510,3.8000,-0.4500,354.4017,185.5806,355.3679,0.0000,0.0000,0.0000
71.873,452.6619,2.1112,261.1137,0.2510,3.8000,-0.4500,354.1326,185.6030,355.1604,0.0000,0.0000,0.0000
71.998,452.3798,1.8321,261.3202,0.2510,3.8000,-0.4500,354.1326,185.6030,355.1604,0.0000,0.0000,0.0000
72.111,452.1758,1.6302,261.4418,0.2510,3.8000,-0.4500,353.9102,185.6222,355.0443,0.0000,0.0000,0.0000
72.234,451.9298,1.4023,261.4913,0.2510,3.8000,-0.4500,353.9102,185.6222,355.0443,0.0000,0.0000,0.0000
72.360,451.6409,1.1495,261.4557,0.2510,3.8000,-0.4500,353.8299,185.6292,355.0317,0.0000,0.0000,0.0000
72.472,451.4341,0.9755,261.3978,0.2510,3.8000,-0.4500,353.7482,185.6364,355.0309,0.0000,0.0000,0.0000
72.582,451.1859,0.7724,261.3094,0.2510,3.8000,-0.4500,353.5907,185.6501,355.0532,0.0000,0.0000,0.0000
72.706,450.9394,0.5774,261.1845,0.2510,3.8000,-0.4500,353.5142,185.6568,355.0738,0.0000,0.0000,0.0000
72.832,450.6991,0.3971,260.9869,0.2510,3.8000,-0.4500,353.2372,185.6804,355.2539,0.0000,0.0000,0.0000
72.956,450.4238,0.2055,260.6634,0.2510,3.8000,-0.4500,353.1201,185.6901,355.3669,0.0000,0.0000,0.0000
73.071,450.2313,0.0823,260.3881,0.2510,3.8000,-0.4500,352.9178,185.7061,355.6331,0.0000,0.0000,0.0000
73.181,450.0018,-0.0557,260.0238,0.2510,3.8000,-0.4500,352.7999,185.7150,355.8576,0.0000,0.0000,0.0000
73.290,449.8119,-0.1625,259.7019,0.2510,3.8000,-0.4500,352.6979,185.7222,356.0826,0.0000,0.0000,0.0000
73.415,449.5849,-0.2832,259.3018,0.2510,3.8000,-0.4500,352.6136,185.7279,356.3123,0.0000,0.0000,0.0000
73.526,449.3593,-0.3938,258.8977,0.2510,3.8000,-0.4500,352.4929,185.7353,356.7124,0.0000,0.0000,0.0000
73.652,449.1308,-0.5044,258.5288,0.2510,3.8000,-0.4500,352.4332,185.7386,356.9593,0.0000,0.0000,0.0000
73.776,448.8595,-0.6357,258.1678,0.2510,3.8000,-0.4500,352.3789,185.7415,357.2031,0.0000,0.0000,0.0000
73.901,448.6244,-0.7479,257.9095,0.2510,3.8000,-0.4500,352.3132,185.7445,357.5353,0.0000,0.0000,0.0000
74.015,448.4261,-0.8437,257.7206,0.2510,3.8000,-0.4500,352.2836,185.7457,357.6964,0.0000,0.0000,0.0000
74.124,448.1871,-0.9573,257.5168,0.2510,3.8000,-0.4500,352.2375,185.7475,357.9458,0.0000,0.0000,0.0000
74.249,447.9479,-1.0692,257.3307,0.2510,3.8000,-0.4500,352.1645,185.7499,358.2692,0.0000,0.0000,0.0000
74.373,447.7058,-1.1855,257.1549,0.2510,3.8000,-0.4500,352.1645,185.7499,358.2692,0.0000,0.0000,0.0000
74.499,447.4220,-1.3215,256.9954,0.2510,3.8000,-0.4500,352.0759,185.7524,358.4981,0.0000,0.0000,0.0000
74.623,447.1733,-1.4527,256.9467,0.2510,3.8000,-0.4500,352.0759,185.7524,358.4981,0.0000,0.0000,0.0000
74.735,446.9672,-1.5719,256.9690,0.2510,3.8000,-0.4500,352.0270,185.7537,358.5606,0.0000,0.0000,0.0000
74.847,446.7216,-1.7273,257.0552,0.2510,3.8000,-0.4500,351.9711,185.7551,358.6181,0.0000,0.0000,0.0000
74.957,446.4783,-1.8938,257.1877,0.2510,3.8000,-0.4500,351.8446,185.7581,358.7183,0.0000,0.0000,0.0000
75.069,446.2770,-2.0396,257.3218,0.2510,3.8000,-0.4500,351.6324,185.7626,358.8428,0.0000,0.0000,0.0000
75.193,446.0358,-2.2214,257.5002,0.2510,3.8000,-0.4500,351.4784,185.7657,358.9112,0.0000,0.0000,0.0000
75.318,445.7552,-2.4401,257.7234,0.2510,3.8000,-0.4500,351.2509,185.7699,359.0026,0.0000,0.0000,0.0000
75.443,445.5152,-2.6314,257.9227,0.2510,3.8000,-0.4500,351.0186,185.7738,359.0891,0.0000,0.0000,0.0000
75.567,445.2752,-2.8244,258.1256,0.2510,3.8000,-0.4500,350.8591,185.7763,359.1529,0.0000,0.0000,0.0000
75.693,445.0356,-3.0184,258.3325,0.2510,3.8000,-0.4500,350.7034,185.7785,359.2177,0.0000,0.0000,0.0000
75.818,444.7577,-3.2455,258.5853,0.2510,3.8000,-0.4500,350.4067,185.7822,359.3769,0.0000,0.0000,0.0000
75.943,444.5197,-3.4401,258.8097,0.2510,3.8000,-0.4500,350.3380,185.7829,359.4258,0.0000,0.0000,0.0000
76.054,444.3225,-3.6007,259.0023,0.2510,3.8000,-0.4500,350.1374,185.7847,359.5786,0.0000,0.0000,0.0000
76.167,444.0862,-3.7915,259.2374,0.2510,3.8000,-0.4500,350.0248,185.7854,359.6974,0.0000,0.0000,0.0000
76.276,443.8504,-3.9789,259.4760,0.2510,3.8000,-0.4500,349.9200,185.7859,359.8248,0.0000,0.0000,0.0000
76.391,443.6555,-4.1296,259.6778,0.2510,3.8000,-0.4500,349.7510,185.7860,0.1102,0.0000,0.0000,0.0000
76.501,443.4200,-4.3084,259.9206,0.2510,3.8000,-0.4500,349.7220,185.7859,0.1876,0.0000,0.0000,0.0000
76.610,443.2253,-4.4504,260.1252,0.2510,3.8000,-0.4500,349.6440,185.7855,0.4258,0.0000,0.0000,0.0000
76.735,442.9925,-4.6137,260.3728,0.2510,3.8000,-0.4500,349.5937,185.7850,0.7553,0.0000,0.0000,0.0000
76.847,442.7590,-4.7720,260.6219,0.2510,3.8000,-0.4500,349.5922,185.7850,0.9251,0.0000,0.0000,0.0000
76.957,442.5235,-4.9160,260.8245,0.2510,3.8000,-0.4500,349.6011,185.7851,1.1770,0.0000,0.0000,0.0000
77.069,442.3276,-5.0102,260.8814,0.2510,3.8000,-0.4500,349.6559,185.7864,1.5101,0.0000,0.0000,0.0000
77.179,442.0965,-5.0964,260.8094,0.2510,3.8000,-0.4500,349.6973,185.7876,1.6791,0.0000,0.0000,0.0000
77.304,441.8729,-5.1522,260.6194,0.2510,3.8000,-0.4500,349.7625,185.7897,1.9282,0.0000,0.0000,0.0000
77.429,441.6552,-5.1857,260.3463,0.2510,3.8000,-0.4500,349.8335,185.7923,2.1700,0.0000,0.0000,0.0000
77.554,441.4429,-5.2008,260.0187,0.2510,3.8000,-0.4500,349.9299,185.7962,2.4919,0.0000,0.0000,0.0000
77.679,441.1986,-5.2058,259.5939,0.2510,3.8000,-0.4500,350.0011,185.7996,2.7378,0.0000,0.0000,0.0000
77.804,440.9917,-5.2016,259.2080,0.2510,3.8000,-0.4500,350.0457,185.8018,2.8976,0.0000,0.0000,0.0000
77.928,440.7874,-5.1893,258.8102,0.2510,3.8000,-0.4500,350.1095,185.8052,3.1357,0.0000,0.0000,0.0000
78.054,440.5843,-5.1729,258.4051,0.2510,3.8000,-0.4500,350.1487,185.8074,3.2968,0.0000,0.0000,0.0000
78.179,440.3497,-5.1468,257.9270,0.2510,3.8000,-0.4500,350.2057,185.8109,3.5413,0.0000,0.0000,0.0000
78.291,440.1832,-5.1246,257.5834,0.2510,3.8000,-0.4500,350.2400,185.8131,3.7091,0.0000,0.0000,0.0000
78.415,439.9844,-5.0949,257.1682,0.2510,3.8000,-0.4500,350.2726,185.8153,3.8740,0.0000,0.0000,0.0000
78.528,439.7906,-5.0553,256.7078,0.2510,3.8000,-0.4500,350.3131,185.8181,4.1186,0.0000,0.0000,0.0000
78.637,439.6029,-5.0038,256.1656,0.2510,3.8000,-0.4500,350.3255,185.8191,4.1983,0.0000,0.0000,0.0000
78.737,439.4519,-4.9484,255.6622,0.2510,3.8000,-0.4500,350.3412,185.8203,4.3581,0.0000,0.0000,0.0000
78.845,439.3034,-4.8867,255.1259,0.2510,3.8000,-0.4500,350.3477,185.8208,4.4389,0.0000,0.0000,0.0000
78.959,439.1289,-4.8038,254.4541,0.2510,3.8000,-0.4500,350.3512,185.8211,4.6012,0.0000,0.0000,0.0000
79.081,438.9571,-4.7147,253.7631,0.2510,3.8000,-0.4500,350.3473,185.8207,4.7651,0.0000,0.0000,0.0000
79.192,438.8155,-4.6366,253.1788,0.2510,3.8000,-0.4500,350.3352,185.8197,4.9255,0.0000,0.0000,0.0000
79.306,438.6454,-4.5428,252.4709,0.2510,3.8000,-0.4500,350.3352,185.8197,4.9255,0.0000,0.0000,0.0000
79.415,438.5059,-4.4601,251.8784,0.2510,3.8000,-0.4500,350.3134,185.8178,5.0882,0.0000,0.0000,0.0000
79.529,438.3384,-4.3607,251.1651,0.2510,3.8000,-0.4500,350.2998,185.8165,5.1667,0.0000,0.0000,0.0000
79.637,438.1719,-4.2597,250.4507,0.2510,3.8000,-0.4500,350.2851,185.8152,5.2441,0.0000,0.0000,0.0000
79.762,438.0067,-4.1560,249.7361,0.2510,3.8000,-0.4500,350.2453,185.8115,5.4069,0.0000,0.0000,0.0000
79.887,437.8409,-4.0532,249.0208,0.2510,3.8000,-0.4500,350.2452,185.8114,5.4069,0.0000,0.0000,0.0000
80.012,437.6764,-3.9483,248.3057,0.2510,3.8000,-0.4500,350.2237,185.8094,5.4829,0.0000,0.0000,0.0000
80.138,437.4856,-3.8237,247.4720,0.2510,3.8000,-0.4500,350.1709,185.8042,5.6386,0.0000,0.0000,0.0000
80.262,437.3215,-3.7180,246.7561,0.2510,3.8000,-0.4500,350.1709,185.8042,5.6386,0.0000,0.0000,0.0000
80.387,437.1579,-3.6111,246.0371,0.2510,3.8000,-0.4500,350.1709,185.8042,5.6386,0.0000,0.0000,0.0000
80.512,436.9949,-3.5031,245.3211,0.2510,3.8000,-0.4500,350.1394,185.8010,5.7112,0.0000,0.0000,0.0000
80.637,436.8036,-3.3793,244.4943,0.2510,3.8000,-0.4500,350.1394,185.8010,5.7112,0.0000,0.0000,0.0000
80.762,436.6393,-3.2744,243.7936,0.2510,3.8000,-0.4500,350.1394,185.8010,5.7112,0.0000,0.0000,0.0000
80.887,436.4744,-3.1708,243.0985,0.2510,3.8000,-0.4500,350.1394,185.8010,5.7112,0.0000,0.0000,0.0000
80.988,436.3367,-3.0855,242.5227,0.2510,3.8000,-0.4500,350.1394,185.8010,5.7112,0.0000,0.0000,0.0000
81.104,436.1713,-2.9842,241.8343,0.2510,3.8000,-0.4500,350.1394,185.8010,5.7112,0.0000,0.0000,0.0000
81.219,436.0056,-2.8835,241.1453,0.2510,3.8000,-0.4500,350.1394,185.8010,5.7112,0.0000,0.0000,0.0000
81.346,435.8337,-2.7928,240.5390,0.2510,3.8000,-0.4500,350.1394,185.8010,5.7112,0.0000,0.0000,0.0000
81.470,435.6472,-2.7280,240.1105,0.2510,3.8000,-0.4500,350.1394,185.8010,5.7112,0.0000,0.0000,0.0000
81.595,435.4460,-2.7045,239.9447,0.2510,3.8000,-0.4500,350.1394,185.8010,5.7112,0.0000,0.0000,0.0000
81.709,435.2364,-2.7189,239.9761,0.2510,3.8000,-0.4500,350.1394,185.8010,5.7112,0.0000,0.0000,0.0000
81.817,435.0231,-2.7596,240.1293,0.2510,3.8000,-0.4500,350.1394,185.8010,5.7112,0.0000,0.0000,0.0000
81.930,434.8438,-2.8072,240.3157,0.2510,3.8000,-0.4500,350.1394,185.8010,5.7112,0.0000,0.0000,0.0000
82.053,434.6279,-2.8749,240.5834,0.2510,3.8000,-0.4500,350.1394,185.8010,5.7112,0.0000,0.0000,0.0000
82.165,434.4115,-2.9495,240.8806,0.2510,3.8000,-0.4500,350.1394,185.8010,5.7112,0.0000,0.0000,0.0000
82.290,434.1950,-3.0269,241.1949,0.2510,3.8000,-0.4500,350.1394,185.8010,5.7112,0.0000,0.0000,0.0000
82.415,433.9784,-3.1045,241.5193,0.2510,3.8000,-0.4500,350.1394,185.8010,5.7112,0.0000,0.0000,0.0000
82.540,433.7260,-3.1930,241.9049,0.2510,3.8000,-0.4500,350.1394,185.8010,5.7112,0.0000,0.0000,0.0000
82.665,433.5099,-3.2654,242.2389,0.2510,3.8000,-0.4500,350.1394,185.8010,5.7112,0.0000,0.0000,0.0000
82.790,433.2942,-3.3334,242.5746,0.2510,3.8000,-0.4500,350.1394,185.8011,5.7112,0.0000,0.0000,0.0000
82.915,433.0791,-3.3959,242.9114,0.2510,3.8000,-0.4500,350.1394,185.8010,5.7112,0.0000,0.0000,0.0000
83.028,432.8643,-3.4501,243.2475,0.2510,3.8000,-0.4500,350.3948,185.8268,5.6643,0.0000,0.0000,0.0000
83.138,432.6505,-3.4952,243.5837,0.2510,3.8000,-0.4500,350.8210,185.8695,5.6121,0.0000,0.0000,0.0000
83.250,432.4734,-3.5261,243.8650,0.2510,3.8000,-0.4500,351.0860,185.8958,5.6076,0.0000,0.0000,0.0000
83.360,432.2622,-3.5516,244.2022,0.2510,3.8000,-0.4500,351.6192,185.9488,5.6247,0.0000,0.0000,0.0000
83.485,432.0527,-3.5658,244.5405,0.2510,3.8000,-0.4500,352.1209,185.9989,5.6706,0.0000,0.0000,0.0000
83.610,431.8448,-3.5674,244.8797,0.2510,3.8000,-0.4500,352.6160,186.0488,5.7387,0.0000,0.0000,0.0000
83.735,431.6389,-3.5551,245.2198,0.2510,3.8000,-0.4500,353.1266,186.1009,5.8250,0.0000,0.0000,0.0000
83.860,431.4014,-3.5221,245.6175,0.2510,3.8000,-0.4500,353.7546,186.1660,5.9459,0.0000,0.0000,0.0000
83.985,431.2000,-3.4767,245.9578,0.2510,3.8000,-0.4500,354.3229,186.2261,6.0648,0.0000,0.0000,0.0000
84.098,431.0009,-3.4149,246.2961,0.2510,3.8000,-0.4500,354.9172,186.2902,6.1962,0.0000,0.0000,0.0000
84.207,430.8369,-3.3504,246.5763,0.2510,3.8000,-0.4500,355.4298,186.3466,6.3139,0.0000,0.0000,0.0000
84.332,430.6422,-3.2573,246.9110,0.2510,3.8000,-0.4500,356.0624,186.4176,6.4634,0.0000,0.0000,0.0000
84.457,430.4186,-3.1267,247.2995,0.2510,3.8000,-0.4500,356.8192,186.5048,6.6468,0.0000,0.0000,0.0000
84.583,430.2299,-2.9961,247.6310,0.2510,3.8000,-0.4500,357.4791,186.5827,6.8098,0.0000,0.0000,0.0000
84.693,430.0748,-2.8741,247.9061,0.2510,3.8000,-0.4500,358.0332,186.6496,6.9483,0.0000,0.0000,0.0000
84.818,429.8611,-2.6833,248.2895,0.2510,3.8000,-0.4500,358.8104,186.7457,7.1447,0.0000,0.0000,0.0000
84.943,429.6811,-2.5014,248.6161,0.2510,3.8000,-0.4500,359.4720,186.8296,7.3161,0.0000,0.0000,0.0000
85.068,429.5044,-2.3024,248.9405,0.2510,3.8000,-0.4500,0.1240,186.9144,7.4970,0.0000,0.0000,0.0000
85.194,429.3310,-2.0862,249.2626,0.2510,3.8000,-0.4500,0.7616,186.9994,7.6978,0.0000,0.0000,0.0000
85.304,429.1616,-1.8527,249.5824,0.2510,3.8000,-0.4500,1.3801,187.0842,7.9252,0.0000,0.0000,0.0000
85.429,428.9962,-1.6020,249.8999,0.2510,3.8000,-0.4500,1.9755,187.1685,8.1796,0.0000,0.0000,0.0000
85.554,428.8351,-1.3345,250.2154,0.2510,3.8000,-0.4500,2.5447,187.2517,8.4571,0.0000,0.0000,0.0000
85.666,428.6786,-1.0506,250.5290,0.2510,3.8000,-0.4500,3.0843,187.3335,8.7519,0.0000,0.0000,0.0000
85.777,428.5269,-0.7512,250.8410,0.2510,3.8000,-0.4500,3.5918,187.4131,9.0573,0.0000,0.0000,0.0000
85.901,428.3801,-0.4373,251.1520,0.2510,3.8000,-0.4500,4.0646,187.4899,9.3665,0.0000,0.0000,0.0000
86.026,428.2380,-0.1099,251.4623,0.2510,3.8000,-0.4500,4.5000,187.5631,9.6729,0.0000,0.0000,0.0000
86.151,428.1001,0.2286,251.7727,0.2510,3.8000,-0.4500,4.8372,187.6216,9.9264,0.0000,0.0000,0.0000
86.276,427.9443,0.6371,252.1349,0.2510,3.8000,-0.4500,5.1686,187.6806,10.1915,0.0000,0.0000,0.0000
86.401,427.8151,0.9977,252.4450,0.2510,3.8000,-0.4500,5.4304,187.7284,10.4133,0.0000,0.0000,0.0000
86.527,427.6888,1.3651,252.7557,0.2510,3.8000,-0.4500,5.6148,187.7627,10.5765,0.0000,0.0000,0.0000
86.655,427.5656,1.7393,253.0660,0.2510,3.8000,-0.4500,5.7920,187.7962,10.7444,0.0000,0.0000,0.0000
86.762,427.4435,2.1162,253.3754,0.2510,3.8000,-0.4500,5.8498,187.8073,10.8042,0.0000,0.0000,0.0000
86.887,427.3232,2.4960,253.6824,0.2510,3.8000,-0.4500,5.9074,187.8183,10.8644,0.0000,0.0000,0.0000
87.013,427.2038,2.8773,253.9880,0.2510,3.8000,-0.4500,5.9591,187.8283,10.9257,0.0000,0.0000,0.0000
87.138,427.0643,3.3196,254.3445,0.2510,3.8000,-0.4500,5.9591,187.8283,10.9257,0.0000,0.0000,0.0000
87.263,426.9445,3.6962,254.6503,0.2510,3.8000,-0.4500,5.9591,187.8283,10.9257,0.0000,0.0000,0.0000
87.387,426.8237,4.0675,254.9570,0.2510,3.8000,-0.4500,5.9591,187.8283,10.9257,0.0000,0.0000,0.0000
87.513,426.7011,4.4312,255.2587,0.2510,3.8000,-0.4500,5.9591,187.8283,10.9257,0.0000,0.0000,0.0000
87.638,426.5487,4.8266,255.3995,0.2510,3.8000,-0.4500,5.9591,187.8283,10.9257,0.0000,0.0000,0.0000
87.763,426.4106,5.1275,255.2715,0.2510,3.8000,-0.4500,5.7911,187.7957,10.9428,0.0000,0.0000,0.0000
87.874,426.2930,5.3566,255.0540,0.2510,3.8000,-0.4500,5.4567,187.7308,10.9325,0.0000,0.0000,0.0000
87.999,426.1251,5.6536,254.6369,0.2510,3.8000,-0.4500,5.1484,187.6713,10.8111,0.0000,0.0000,0.0000
88.124,425.9788,5.8918,254.2159,0.2510,3.8000,-0.4500,4.9341,187.6304,10.6835,0.0000,0.0000,0.0000
88.248,425.8278,6.1135,253.7634,0.2510,3.8000,-0.4500,4.5448,187.5579,10.3410,0.0000,0.0000,0.0000
88.373,425.6746,6.3277,253.2909,0.2510,3.8000,-0.4500,4.3302,187.5191,10.0913,0.0000,0.0000,0.0000
88.498,425.4912,6.5600,252.7042,0.2510,3.8000,-0.4500,3.9904,187.4599,9.5951,0.0000,0.0000,0.0000
88.623,425.3325,6.7472,252.1566,0.2510,3.8000,-0.4500,3.7826,187.4253,9.2289,0.0000,0.0000,0.0000
88.748,425.1703,6.9199,251.5756,0.2510,3.8000,-0.4500,3.5527,187.3889,8.7533,0.0000,0.0000,0.0000
88.873,425.0049,7.0803,250.9705,0.2510,3.8000,-0.4500,3.3484,187.3582,8.2651,0.0000,0.0000,0.0000
88.998,424.8072,7.2518,250.2463,0.2510,3.8000,-0.4500,3.1342,187.3281,7.6760,0.0000,0.0000,0.0000
89.123,424.6331,7.3851,249.6176,0.2510,3.8000,-0.4500,2.9620,187.3057,7.1464,0.0000,0.0000,0.0000
89.248,424.4546,7.5056,248.9860,0.2510,3.8000,-0.4500,2.7948,187.2855,6.5908,0.0000,0.0000,0.0000
89.373,424.2715,7.6127,248.3540,0.2510,3.8000,-0.4500,2.6287,187.2672,6.0087,0.0000,0.0000,0.0000
89.498,424.0520,7.7203,247.6184,0.2510,3.8000,-0.4500,2.4340,187.2479,5.2973,0.0000,0.0000,0.0000
89.622,423.8590,7.7970,246.9902,0.2510,3.8000,-0.4500,2.2648,187.2331,4.6619,0.0000,0.0000,0.0000
89.748,423.6583,7.8603,246.4167,0.2510,3.8000,-0.4500,2.0912,187.2199,4.0050,0.0000,0.0000,0.0000
89.873,423.4416,7.9127,246.0166,0.2510,3.8000,-0.4500,1.8918,187.2072,3.3233,0.0000,0.0000,0.0000
89.987,423.2113,7.9515,245.8336,0.2510,3.8000,-0.4500,1.6217,187.1933,2.6084,0.0000,0.0000,0.0000
90.098,422.9746,7.9695,245.8208,0.2510,3.8000,-0.4500,1.2425,187.1786,1.8554,0.0000,0.0000,0.0000
90.206,422.7749,7.9637,245.9000,0.2510,3.8000,-0.4500,0.8361,187.1678,1.2017,0.0000,0.0000,0.0000
90.317,422.5335,7.9276,246.0680,0.2510,3.8000,-0.4500,0.2510,187.1598,0.3937,0.0000,0.0000,0.0000
90.442,422.2914,7.8572,246.2900,0.2510,3.8000,-0.4500,359.5801,187.1600,359.5704,0.0000,0.0000,0.0000
90.567,422.0490,7.7508,246.5471,0.2510,3.8000,-0.4500,358.8459,187.1709,358.7428,0.0000,0.0000,0.0000
90.692,421.8074,7.6084,246.8269,0.2510,3.8000,-0.4500,358.0688,187.1936,357.9211,0.0000,0.0000,0.0000
90.818,421.5272,7.3975,247.1709,0.2510,3.8000,-0.4500,357.1312,187.2354,356.9826,0.0000,0.0000,0.0000
90.943,421.2894,7.1799,247.4752,0.2510,3.8000,-0.4500,356.3174,187.2840,356.2057,0.0000,0.0000,0.0000
91.067,421.0545,6.9303,247.7849,0.2510,3.8000,-0.4500,355.5068,187.3432,355.4627,0.0000,0.0000,0.0000
91.192,420.8230,6.6505,248.0985,0.2510,3.8000,-0.4500,354.7096,187.4117,354.7610,0.0000,0.0000,0.0000
91.318,420.5579,6.2890,248.4677,0.2510,3.8000,-0.4500,353.8072,187.5010,354.0035,0.0000,0.0000,0.0000
91.428,420.3720,6.0097,248.7330,0.2510,3.8000,-0.4500,353.1867,187.5693,353.5075,0.0000,0.0000,0.0000
91.554,420.1526,5.6534,249.0524,0.2510,3.8000,-0.4500,352.4740,187.6545,352.9668,0.0000,0.0000,0.0000
91.679,419.9021,5.2122,249.4250,0.2510,3.8000,-0.4500,351.6931,187.7557,352.4167,0.0000,0.0000,0.0000
91.804,419.6915,4.8153,249.7441,0.2510,3.8000,-0.4500,351.0724,187.8415,352.0182,0.0000,0.0000,0.0000
91.929,419.4843,4.4040,250.0628,0.2510,3.8000,-0.4500,350.5004,187.9245,351.6905,0.0000,0.0000,0.0000
92.054,419.2802,3.9811,250.3812,0.2510,3.8000,-0.4500,349.9797,188.0029,351.4356,0.0000,0.0000,0.0000
92.179,419.0451,3.4790,250.7517,0.2510,3.8000,-0.4500,349.5855,188.0638,351.2826,0.0000,0.0000,0.0000
92.304,418.8453,3.0412,251.0702,0.2510,3.8000,-0.4500,349.2465,188.1170,351.2046,0.0000,0.0000,0.0000
92.416,418.6461,2.6018,251.3872,0.2510,3.8000,-0.4500,349.0851,188.1424,351.1798,0.0000,0.0000,0.0000
92.540,418.4477,2.1604,251.7045,0.2510,3.8000,-0.4500,348.7569,188.1943,351.1993,0.0000,0.0000,0.0000
92.665,418.2488,1.7232,252.0197,0.2510,3.8000,-0.4500,348.6048,188.2182,351.2573,0.0000,0.0000,0.0000
92.790,418.0489,1.2913,252.3336,0.2510,3.8000,-0.4500,348.4595,188.2409,351.3270,0.0000,0.0000,0.0000
92.915,417.8492,0.8704,252.6485,0.2510,3.8000,-0.4500,348.1810,188.2836,351.6512,0.0000,0.0000,0.0000
93.028,417.6459,0.4606,252.9611,0.2510,3.8000,-0.4500,348.0376,188.3047,351.9418,0.0000,0.0000,0.0000
93.138,417.4406,0.0686,253.2714,0.2510,3.8000,-0.4500,347.9574,188.3161,352.4563,0.0000,0.0000,0.0000
93.249,417.2662,-0.2451,253.5268,0.2510,3.8000,-0.4500,347.9728,188.3141,352.9052,0.0000,0.0000,0.0000
93.374,417.0533,-0.6034,253.8299,0.2510,3.8000,-0.4500,348.0717,188.3021,353.4651,0.0000,0.0000,0.0000
93.499,416.8004,-0.9941,254.1803,0.2510,3.8000,-0.4500,348.2763,188.2795,354.1634,0.0000,0.0000,0.0000
93.610,416.6170,-1.2532,254.4294,0.2510,3.8000,-0.4500,348.4731,188.2599,354.6964,0.0000,0.0000,0.0000
93.735,416.3945,-1.5409,254.7276,0.2510,3.8000,-0.4500,348.7600,188.2345,355.3728,0.0000,0.0000,0.0000
93.860,416.1318,-1.8425,255.0753,0.2510,3.8000,-0.4500,349.1606,188.2045,356.2069,0.0000,0.0000,0.0000
93.984,415.9047,-2.0703,255.3736,0.2510,3.8000,-0.4500,349.5568,188.1805,356.9532,0.0000,0.0000,0.0000
94.110,415.6765,-2.2688,255.6723,0.2510,3.8000,-0.4500,349.9989,188.1596,357.7206,0.0000,0.0000,0.0000
94.235,415.4480,-2.4375,255.9721,0.2510,3.8000,-0.4500,350.4837,188.1434,358.5011,0.0000,0.0000,0.0000
94.335,415.2578,-2.5552,256.2232,0.2510,3.8000,-0.4500,350.9183,188.1344,359.1555,0.0000,0.0000,0.0000
94.445,415.0306,-2.6688,256.5267,0.2510,3.8000,-0.4500,351.4731,188.1301,359.9380,0.0000,0.0000,0.0000
94.568,414.8052,-2.7526,256.8330,0.2510,3.8000,-0.4500,352.0611,188.1335,0.7094,0.0000,0.0000,0.0000
94.693,414.5823,-2.8072,257.1424,0.2510,3.8000,-0.4500,352.6788,188.1453,1.4609,0.0000,0.0000,0.0000
94.818,414.3262,-2.8348,257.5070,0.2510,3.8000,-0.4500,353.4321,188.1703,2.3013,0.0000,0.0000,0.0000
94.943,414.1105,-2.8287,257.8226,0.2510,3.8000,-0.4500,354.1016,188.2015,2.9808,0.0000,0.0000,0.0000
95.068,413.8986,-2.7965,258.1414,0.2510,3.8000,-0.4500,354.7892,188.2413,3.6143,0.0000,0.0000,0.0000
95.193,413.6907,-2.7396,258.4630,0.2510,3.8000,-0.4500,355.4912,188.2895,4.1944,0.0000,0.0000,0.0000
95.318,413.4533,-2.6438,258.8418,0.2510,3.8000,-0.4500,356.3234,188.3552,4.7951,0.0000,0.0000,0.0000
95.431,413.2871,-2.5566,259.1143,0.2510,3.8000,-0.4500,356.9215,188.4075,5.1758,0.0000,0.0000,0.0000
95.553,413.0907,-2.4317,259.4321,0.2510,3.8000,-0.4500,357.6379,188.4751,5.5965,0.0000,0.0000,0.0000
95.668,412.8969,-2.2849,259.7257,0.2510,3.8000,-0.4500,358.3448,188.5470,6.0024,0.0000,0.0000,0.0000
95.777,412.7058,-2.1167,259.9962,0.2510,3.8000,-0.4500,359.0321,188.6217,6.4115,0.0000,0.0000,0.0000
95.901,412.5185,-1.9279,260.2495,0.2510,3.8000,-0.4500,359.6931,188.6984,6.8305,0.0000,0.0000,0.0000
96.026,412.3355,-1.7192,260.4919,0.2510,3.8000,-0.4500,0.3250,188.7765,7.2593,0.0000,0.0000,0.0000
96.139,412.1572,-1.4914,260.7259,0.2510,3.8000,-0.4500,0.9265,188.8554,7.6949,0.0000,0.0000,0.0000
96.248,412.0122,-1.2876,260.9122,0.2510,3.8000,-0.4500,1.4040,188.9215,8.0596,0.0000,0.0000,0.0000
96.360,411.8428,-1.0276,261.1273,0.2510,3.8000,-0.4500,1.9472,189.0005,8.4941,0.0000,0.0000,0.0000
96.460,411.7055,-0.7987,261.3017,0.2510,3.8000,-0.4500,2.3741,189.0657,8.8494,0.0000,0.0000,0.0000
96.568,411.5718,-0.5592,261.4739,0.2510,3.8000,-0.4500,2.7775,189.1298,9.1951,0.0000,0.0000,0.0000
96.693,411.4163,-0.2589,261.6796,0.2510,3.8000,-0.4500,3.2300,189.2047,9.5927,0.0000,0.0000,0.0000
96.818,411.2417,0.1080,261.9199,0.2510,3.8000,-0.4500,3.7146,189.2887,10.0266,0.0000,0.0000,0.0000
96.943,411.0968,0.4338,262.1279,0.2510,3.8000,-0.4500,4.0320,189.3457,10.3129,0.0000,0.0000,0.0000
97.056,410.9566,0.7704,262.3373,0.2510,3.8000,-0.4500,4.3401,189.4027,10.5895,0.0000,0.0000,0.0000
97.165,410.8417,1.0556,262.5145,0.2510,3.8000,-0.4500,4.4654,189.4264,10.7000,0.0000,0.0000,0.0000
97.290,410.7082,1.4078,262.7273,0.2510,3.8000,-0.4500,4.7285,189.4768,10.9278,0.0000,0.0000,0.0000
97.415,410.5776,1.7659,262.9476,0.2510,3.8000,-0.4500,4.9167,189.5135,11.0849,0.0000,0.0000,0.0000
97.540,410.4292,2.1911,263.2168,0.2510,3.8000,-0.4500,5.1135,189.5525,11.2369,0.0000,0.0000,0.0000
97.665,410.3043,2.5599,263.4567,0.2510,3.8000,-0.4500,5.2484,189.5795,11.3278,0.0000,0.0000,0.0000
97.790,410.1801,2.9294,263.7036,0.2510,3.8000,-0.4500,5.2484,189.5795,11.3278,0.0000,0.0000,0.0000
97.915,410.0571,3.3017,263.9556,0.2510,3.8000,-0.4500,5.3212,189.5942,11.3629,0.0000,0.0000,0.0000
98.040,409.9150,3.7362,264.2702,0.2510,3.8000,-0.4500,5.3212,189.5942,11.3630,0.0000,0.0000,0.0000
98.165,409.7948,4.1100,264.5605,0.2510,3.8000,-0.4500,5.3950,189.6091,11.3832,0.0000,0.0000,0.0000
98.290,409.6750,4.4828,264.8687,0.2510,3.8000,-0.4500,5.3950,189.6091,11.3832,0.0000,0.0000,0.0000
98.415,409.5548,4.8551,265.1886,0.2510,3.8000,-0.4500,5.5567,189.6417,11.3377,0.0000,0.0000,0.0000
98.540,409.4129,5.2867,265.5706,0.2510,3.8000,-0.4500,5.7107,189.6727,11.2826,0.0000,0.0000,0.0000
98.665,409.2875,5.6513,265.9017,0.2510,3.8000,-0.4500,5.9688,189.7240,11.0842,0.0000,0.0000,0.0000
98.790,409.1575,6.0087,266.2346,0.2510,3.8000,-0.4500,6.2204,189.7728,10.7530,0.0000,0.0000,0.0000
98.915,409.0230,6.3587,266.5677,0.2510,3.8000,-0.4500,6.3642,189.7999,10.4444,0.0000,0.0000,0.0000
99.040,408.8568,6.7520,266.9548,0.2510,3.8000,-0.4500,6.5232,189.8287,9.8780,0.0000,0.0000,0.0000
99.165,408.7078,7.0758,267.2840,0.2510,3.8000,-0.4500,6.5602,189.8351,9.4349,0.0000,0.0000,0.0000
99.290,408.5498,7.3819,267.6093,0.2510,3.8000,-0.4500,6.5440,189.8325,8.8582,0.0000,0.0000,0.0000
99.415,408.3832,7.6685,267.9307,0.2510,3.8000,-0.4500,6.4628,189.8203,8.2371,0.0000,0.0000,0.0000
99.540,408.1774,7.9740,268.3014,0.2510,3.8000,-0.4500,6.2859,189.7958,7.4398,0.0000,0.0000,0.0000
99.665,407.9907,8.2074,268.6170,0.2510,3.8000,-0.4500,6.0620,189.7680,6.6854,0.0000,0.0000,0.0000
99.790,407.7946,8.4113,268.9312,0.2510,3.8000,-0.4500,5.7690,189.7356,5.8631,0.0000,0.0000,0.0000
99.915,407.5892,8.5825,269.2447,0.2510,3.8000,-0.4500,5.4052,189.7011,4.9739,0.0000,0.0000,0.0000
100.028,407.3749,8.7182,269.5583,0.2510,3.8000,-0.4500,4.9705,189.6668,4.0216,0.0000,0.0000,0.0000
100.151,407.1525,8.8158,269.8723,0.2510,3.8000,-0.4500,4.4657,189.6357,3.0114,0.0000,0.0000,0.0000
100.276,406.8842,8.8783,270.2401,0.2510,3.8000,-0.4500,3.7915,189.6076,1.7690,0.0000,0.0000,0.0000
100.377,406.6879,8.8875,270.5045,0.2510,3.8000,-0.4500,3.2570,189.5954,0.8465,0.0000,0.0000,0.0000
100.486,406.4886,8.8663,270.7705,0.2510,3.8000,-0.4500,2.6817,189.5917,359.9012,0.0000,0.0000,0.0000
100.596,406.2470,8.7998,271.0925,0.2510,3.8000,-0.4500,1.9431,189.6005,358.7458,0.0000,0.0000,0.0000
100.709,406.0449,8.7100,271.3640,0.2510,3.8000,-0.4500,1.2925,189.6203,357.7732,0.0000,0.0000,0.0000
100.818,405.8009,8.5610,271.6675,0.2510,3.8000,-0.4500,0.4773,189.6604,356.6054,0.0000,0.0000,0.0000
100.943,405.5538,8.3746,271.7944,0.2510,3.8000,-0.4500,359.6453,189.7181,355.4576,0.0000,0.0000,0.0000
101.068,405.3121,8.1647,271.7066,0.2510,3.8000,-0.4500,358.8441,189.7895,354.3713,0.0000,0.0000,0.0000
101.193,405.0787,7.9415,271.4425,0.2510,3.8000,-0.4500,358.1136,189.8679,353.3802,0.0000,0.0000,0.0000
101.318,404.8151,7.6705,270.9812,0.2510,3.8000,-0.4500,357.3678,189.9612,352.3575,0.0000,0.0000,0.0000
101.443,404.5948,7.4308,270.5031,0.2510,3.8000,-0.4500,356.8119,190.0397,351.5877,0.0000,0.0000,0.0000
101.568,404.3784,7.1842,269.9778,0.2510,3.8000,-0.4500,356.3177,190.1160,350.9035,0.0000,0.0000,0.0000
101.693,404.1656,6.9305,269.4228,0.2510,3.8000,-0.4500,355.8713,190.1901,350.2933,0.0000,0.0000,0.0000
101.818,403.9207,6.6255,268.7520,0.2510,3.8000,-0.4500,355.3970,190.2742,349.6643,0.0000,0.0000,0.0000
101.942,403.7136,6.3567,268.1643,0.2510,3.8000,-0.4500,355.0220,190.3444,349.1903,0.0000,0.0000,0.0000
102.068,403.5085,6.0817,267.5690,0.2510,3.8000,-0.4500,354.6714,190.4130,348.7737,0.0000,0.0000,0.0000
102.179,403.3056,5.8042,266.9682,0.2510,3.8000,-0.4500,354.4477,190.4581,348.5267,0.0000,0.0000,0.0000
102.304,403.1038,5.5193,266.3669,0.2510,3.8000,-0.4500,354.1526,190.5191,348.2302,0.0000,0.0000,0.0000
102.429,402.9030,5.2310,265.7681,0.2510,3.8000,-0.4500,353.9059,190.5713,348.0126,0.0000,0.0000,0.0000
102.554,402.7030,4.9403,265.1724,0.2510,3.8000,-0.4500,353.7138,190.6125,347.8658,0.0000,0.0000,0.0000
102.679,402.4703,4.5983,264.4807,0.2510,3.8000,-0.4500,353.4984,190.6594,347.7328,0.0000,0.0000,0.0000
102.804,402.2712,4.3048,263.8896,0.2510,3.8000,-0.4500,353.3535,190.6913,347.6624,0.0000,0.0000,0.0000
102.929,402.0705,4.0071,263.3415,0.2510,3.8000,-0.4500,353.1997,190.7252,347.6067,0.0000,0.0000,0.0000
103.054,401.8673,3.6879,262.9505,0.2510,3.8000,-0.4500,352.8815,190.7958,347.5537,0.0000,0.0000,0.0000
103.179,401.6382,3.2575,262.8688,0.2510,3.8000,-0.4500,352.6180,190.8544,347.5792,0.0000,0.0000,0.0000
103.289,401.4812,2.9182,262.9718,0.2510,3.8000,-0.4500,352.1864,190.9500,347.6691,0.0000,0.0000,0.0000
103.414,401.2973,2.4904,263.2007,0.2510,3.8000,-0.4500,351.7311,191.0498,347.8516,0.0000,0.0000,0.0000
103.539,401.0861,1.9757,263.5545,0.2510,3.8000,-0.4500,351.2695,191.1490,348.1697,0.0000,0.0000,0.0000
103.664,400.9053,1.5318,263.8992,0.2510,3.8000,-0.4500,350.9231,191.2214,348.5369,0.0000,0.0000,0.0000
103.789,400.7226,1.0931,264.2641,0.2510,3.8000,-0.4500,350.6253,191.2814,348.9937,0.0000,0.0000,0.0000
103.902,400.5367,0.6661,264.6390,0.2510,3.8000,-0.4500,350.3823,191.3282,349.5394,0.0000,0.0000,0.0000
104.011,400.3784,0.3226,264.9544,0.2510,3.8000,-0.4500,350.2261,191.3567,350.0600,0.0000,0.0000,0.0000
104.137,400.1507,-0.1338,265.3972,0.2510,3.8000,-0.4500,350.0825,191.3813,350.8833,0.0000,0.0000,0.0000
104.247,399.9839,-0.4405,265.7131,0.2510,3.8000,-0.4500,350.0352,191.3888,351.5334,0.0000,0.0000,0.0000
104.372,399.7788,-0.7839,266.0911,0.2510,3.8000,-0.4500,350.0402,191.3882,352.3741,0.0000,0.0000,0.0000
104.484,399.5690,-1.0988,266.4678,0.2510,3.8000,-0.4500,350.1119,191.3791,353.2715,0.0000,0.0000,0.0000
104.595,399.3910,-1.3380,266.7807,0.2510,3.8000,-0.4500,350.2220,191.3667,354.0547,0.0000,0.0000,0.0000
104.711,399.1740,-1.5962,267.1563,0.2510,3.8000,-0.4500,350.4127,191.3483,355.0264,0.0000,0.0000,0.0000
104.817,398.9548,-1.8222,267.5353,0.2510,3.8000,-0.4500,350.6652,191.3284,356.0206,0.0000,0.0000,0.0000
104.941,398.7344,-2.0155,267.9189,0.2510,3.8000,-0.4500,350.9767,191.3092,357.0237,0.0000,0.0000,0.0000
105.054,398.5504,-2.1516,268.2421,0.2510,3.8000,-0.4500,351.2794,191.2956,357.8563,0.0000,0.0000,0.0000
105.166,398.3300,-2.2848,268.6337,0.2510,3.8000,-0.4500,351.6916,191.2837,358.8391,0.0000,0.0000,0.0000
105.275,398.1474,-2.3712,268.9630,0.2510,3.8000,-0.4500,352.0736,191.2786,359.6346,0.0000,0.0000,0.0000
105.400,397.8941,-2.4555,269.4285,0.2510,3.8000,-0.4500,352.6631,191.2804,0.6958,0.0000,0.0000,0.0000
105.525,397.6800,-2.4954,269.8306,0.2510,3.8000,-0.4500,353.2149,191.2914,1.5422,0.0000,0.0000,0.0000
105.651,397.4673,-2.5057,270.2097,0.2510,3.8000,-0.4500,353.8053,191.3115,2.3163,0.0000,0.0000,0.0000
105.775,397.2541,-2.4867,270.5373,0.2510,3.8000,-0.4500,354.4263,191.3406,3.0031,0.0000,0.0000,0.0000
105.900,397.0048,-2.4326,270.8611,0.2510,3.8000,-0.4500,355.1739,191.3846,3.6791,0.0000,0.0000,0.0000
106.025,396.7916,-2.3633,271.1048,0.2510,3.8000,-0.4500,355.8245,191.4294,4.1548,0.0000,0.0000,0.0000
106.150,396.5797,-2.2762,271.3290,0.2510,3.8000,-0.4500,356.4782,191.4793,4.5478,0.0000,0.0000,0.0000
106.275,396.3691,-2.1737,271.5416,0.2510,3.8000,-0.4500,357.1310,191.5332,4.8686,0.0000,0.0000,0.0000
106.400,396.1251,-2.0372,271.7808,0.2510,3.8000,-0.4500,357.8875,191.5997,5.1590,0.0000,0.0000,0.0000
106.525,395.9164,-1.9080,271.9397,0.2510,3.8000,-0.4500,358.5289,191.6588,5.3387,0.0000,0.0000,0.0000
106.650,395.7100,-1.7734,271.9133,0.2510,3.8000,-0.4500,359.1505,191.7175,5.4489,0.0000,0.0000,0.0000
106.775,395.5081,-1.6400,271.7197,0.2510,3.8000,-0.4500,359.7260,191.7726,5.4782,0.0000,0.0000,0.0000
106.900,395.2766,-1.4910,271.3443,0.2510,3.8000,-0.4500,0.3234,191.8297,5.4099,0.0000,0.0000,0.0000
107.014,395.1128,-1.3908,271.0127,0.2510,3.8000,-0.4500,0.5708,191.8529,5.3334,0.0000,0.0000,0.0000
107.123,394.9158,-1.2766,270.5684,0.2510,3.8000,-0.4500,1.0504,191.8969,5.1319,0.0000,0.0000,0.0000
107.250,394.7185,-1.1699,270.0943,0.2510,3.8000,-0.4500,1.3418,191.9227,4.9616,0.0000,0.0000,0.0000
107.359,394.5186,-1.0713,269.6013,0.2510,3.8000,-0.4500,1.7714,191.9588,4.6459,0.0000,0.0000,0.0000
107.483,394.3161,-0.9800,269.1045,0.2510,3.8000,-0.4500,2.1516,191.9886,4.3093,0.0000,0.0000,0.0000
107.608,394.1109,-0.8955,268.6130,0.2510,3.8000,-0.4500,2.4485,192.0102,3.9995,0.0000,0.0000,0.0000
107.719,393.9020,-0.8188,268.1284,0.2510,3.8000,-0.4500,2.7882,192.0329,3.6076,0.0000,0.0000,0.0000
107.845,393.6901,-0.7495,267.6501,0.2510,3.8000,-0.4500,3.1039,192.0517,3.2075,0.0000,0.0000,0.0000
107.970,393.4756,-0.6874,267.1771,0.2510,3.8000,-0.4500,3.3622,192.0654,2.8523,0.0000,0.0000,0.0000
108.082,393.2577,-0.6346,266.7077,0.2510,3.8000,-0.4500,3.6703,192.0796,2.4031,0.0000,0.0000,0.0000
108.192,393.0741,-0.5971,266.3188,0.2510,3.8000,-0.4500,3.9134,192.0890,2.0290,0.0000,0.0000,0.0000
108.301,392.8500,-0.5593,265.8743,0.2510,3.8000,-0.4500,4.1913,192.0978,1.5803,0.0000,0.0000,0.0000
108.426,392.6136,-0.5211,265.5697,0.2510,3.8000,-0.4500,4.4635,192.1043,1.1303,0.0000,0.0000,0.0000
108.551,392.3695,-0.4749,265.4593,0.2510,3.8000,-0.4500,4.7515,192.1088,0.6806,0.0000,0.0000,0.0000
108.676,392.0846,-0.4090,265.5377,0.2510,3.8000,-0.4500,5.1301,192.1116,0.1612,0.0000,0.0000,0.0000
108.787,391.8818,-0.3556,265.6899,0.2510,3.8000,-0.4500,5.4310,192.1114,359.7964,0.0000,0.0000,0.0000
108.912,391.6389,-0.2866,265.9424,0.2510,3.8000,-0.4500,5.8181,192.1086,359.3670,0.0000,0.0000,0.0000
109.026,391.3958,-0.2145,266.2445,0.2510,3.8000,-0.4500,6.2218,192.1026,358.9481,0.0000,0.0000,0.0000
109.135,391.1925,-0.1533,266.5201,0.2510,3.8000,-0.4500,6.5616,192.0953,358.6081,0.0000,0.0000,0.0000
109.235,390.9883,-0.0921,266.8077,0.2510,3.8000,-0.4500,6.8977,192.0861,358.2776,0.0000,0.0000,0.0000
109.343,390.7377,-0.0314,267.0199,0.2510,3.8000,-0.4500,7.2864,192.0730,357.8947,0.0000,0.0000,0.0000
109.468,390.4922,-0.0126,266.9036,0.2510,3.8000,-0.4500,7.6354,192.0590,357.5258,0.0000,0.0000,0.0000
109.593,390.2592,-0.0347,266.5045,0.2510,3.8000,-0.4500,7.7399,192.0543,357.3959,0.0000,0.0000,0.0000
109.718,389.9945,-0.1062,265.8182,0.2510,3.8000,-0.4500,8.0821,192.0371,356.8877,0.0000,0.0000,0.0000
109.843,389.7742,-0.1871,265.1287,0.2510,3.8000,-0.4500,8.1581,192.0329,356.7444,0.0000,0.0000,0.0000
109.956,389.5555,-0.2831,264.3916,0.2510,3.8000,-0.4500,8.2686,192.0263,356.5171,0.0000,0.0000,0.0000
110.067,389.3739,-0.3706,263.7582,0.2510,3.8000,-0.4500,8.3668,192.0201,356.2933,0.0000,0.0000,0.0000
110.176,389.1568,-0.4796,262.9886,0.2510,3.8000,-0.4500,8.4309,192.0158,356.1327,0.0000,0.0000,0.0000
110.289,388.9726,-0.5699,262.3955,0.2510,3.8000,-0.4500,8.4930,192.0115,355.9747,0.0000,0.0000,0.0000
110.412,388.7375,-0.6606,261.8694,0.2510,3.8000,-0.4500,8.5566,192.0068,355.8173,0.0000,0.0000,0.0000
110.538,388.4460,-0.7246,261.6123,0.2510,3.8000,-0.4500,8.6214,192.0020,355.6694,0.0000,0.0000,0.0000
110.665,388.1902,-0.7449,261.6281,0.2510,3.8000,-0.4500,8.6626,191.9988,355.5994,0.0000,0.0000,0.0000
110.774,387.9763,-0.7431,261.7528,0.2510,3.8000,-0.4500,8.6626,191.9988,355.5994,0.0000,0.0000,0.0000
110.898,387.6758,-0.7232,262.0377,0.2510,3.8000,-0.4500,8.7592,191.9911,355.4661,0.0000,0.0000,0.0000
111.011,387.4621,-0.6983,262.2917,0.2510,3.8000,-0.4500,8.7592,191.9911,355.4661,0.0000,0.0000,0.0000
111.135,387.2057,-0.6603,262.6294,0.2510,3.8000,-0.4500,8.7592,191.9911,355.4661,0.0000,0.0000,0.0000
111.260,386.9057,-0.6049,263.0480,0.2510,3.8000,-0.4500,8.9092,191.9790,355.3936,0.0000,0.0000,0.0000
111.385,386.6481,-0.5461,263.4173,0.2510,3.8000,-0.4500,9.0621,191.9664,355.3371,0.0000,0.0000,0.0000
111.511,386.3893,-0.4716,263.7873,0.2510,3.8000,-0.4500,9.5684,191.9246,355.3700,0.0000,0.0000,0.0000
111.623,386.1303,-0.3836,264.1581,0.2510,3.8000,-0.4500,9.8929,191.8982,355.4743,0.0000,0.0000,0.0000
111.732,385.9140,-0.2959,264.4632,0.2510,3.8000,-0.4500,10.3082,191.8656,355.6812,0.0000,0.0000,0.0000
111.857,385.6107,-0.1539,264.8838,0.2510,3.8000,-0.4500,10.8576,191.8250,356.0289,0.0000,0.0000,0.0000
111.970,385.3937,-0.0385,265.1780,0.2510,3.8000,-0.4500,11.2320,191.7994,356.3049,0.0000,0.0000,0.0000
112.093,385.1330,0.1150,265.5196,0.2510,3.8000,-0.4500,11.6702,191.7719,356.6608,0.0000,0.0000,0.0000
112.218,384.8286,0.3134,265.8983,0.2510,3.8000,-0.4500,12.1647,191.7444,357.1037,0.0000,0.0000,0.0000
112.343,384.5678,0.4993,266.2065,0.2510,3.8000,-0.4500,12.5668,191.7250,357.5012,0.0000,0.0000,0.0000
112.468,384.3076,0.6992,266.5009,0.2510,3.8000,-0.4500,12.9409,191.7096,357.9097,0.0000,0.0000,0.0000
112.593,384.0484,0.9124,266.7831,0.2510,3.8000,-0.4500,13.2792,191.6981,358.3241,0.0000,0.0000,0.0000
112.706,383.7905,1.1378,267.0544,0.2510,3.8000,-0.4500,13.5761,191.6903,358.7397,0.0000,0.0000,0.0000
112.815,383.5763,1.3317,267.2746,0.2510,3.8000,-0.4500,13.7072,191.6875,358.9526,0.0000,0.0000,0.0000
112.940,383.2790,1.6190,267.5718,0.2510,3.8000,-0.4500,13.9493,191.6840,359.4151,0.0000,0.0000,0.0000
113.053,383.0681,1.8314,267.7749,0.2510,3.8000,-0.4500,14.0750,191.6830,359.7347,0.0000,0.0000,0.0000
113.176,382.7743,2.1336,268.0363,0.2510,3.8000,-0.4500,14.1851,191.6828,0.1345,0.0000,0.0000,0.0000
113.288,382.5650,2.3498,268.2075,0.2510,3.8000,-0.4500,14.2138,191.6829,0.2943,0.0000,0.0000,0.0000
113.412,382.3163,2.6155,268.3976,0.2510,3.8000,-0.4500,14.2127,191.6829,0.7271,0.0000,0.0000,0.0000
113.538,382.0270,2.9234,268.6067,0.2510,3.8000,-0.4500,14.1646,191.6821,0.9796,0.0000,0.0000,0.0000
113.662,381.7829,3.1911,268.7779,0.2510,3.8000,-0.4500,14.0165,191.6789,1.3838,0.0000,0.0000,0.0000
113.787,381.5399,3.4559,268.9458,0.2510,3.8000,-0.4500,13.8781,191.6752,1.6010,0.0000,0.0000,0.0000
113.912,381.3008,3.7217,269.1113,0.2510,3.8000,-0.4500,13.5254,191.6637,1.9938,0.0000,0.0000,0.0000
114.026,381.0621,3.9804,269.2616,0.2510,3.8000,-0.4500,13.1943,191.6511,2.2424,0.0000,0.0000,0.0000
114.149,380.8240,4.2306,269.3928,0.2510,3.8000,-0.4500,12.7435,191.6319,2.4779,0.0000,0.0000,0.0000
114.274,380.5862,4.4711,269.5087,0.2510,3.8000,-0.4500,12.2573,191.6096,2.6543,0.0000,0.0000,0.0000
114.399,380.3093,4.7395,269.6321,0.2510,3.8000,-0.4500,11.6403,191.5795,2.8034,0.0000,0.0000,0.0000
114.523,380.0726,4.9588,269.7344,0.2510,3.8000,-0.4500,11.0635,191.5502,2.8913,0.0000,0.0000,0.0000
114.648,379.8365,5.1676,269.8373,0.2510,3.8000,-0.4500,10.4409,191.5178,2.9448,0.0000,0.0000,0.0000
114.773,379.6010,5.3651,269.9441,0.2510,3.8000,-0.4500,9.7731,191.4828,2.9631,0.0000,0.0000,0.0000
114.886,379.3669,5.5511,270.0689,0.2510,3.8000,-0.4500,9.0614,191.4455,2.9445,0.0000,0.0000,0.0000
114.996,379.1353,5.7259,270.2258,0.2510,3.8000,-0.4500,8.3052,191.4065,2.8845,0.0000,0.0000,0.0000
115.107,378.9436,5.8607,270.3809,0.2510,3.8000,-0.4500,7.6399,191.3732,2.7987,0.0000,0.0000,0.0000
115.232,378.7146,6.0068,270.5917,0.2510,3.8000,-0.4500,6.7995,191.3328,2.6489,0.0000,0.0000,0.0000
115.357,378.4477,6.1512,270.8650,0.2510,3.8000,-0.4500,5.7647,191.2868,2.4064,0.0000,0.0000,0.0000
115.482,378.2184,6.2489,271.1170,0.2510,3.8000,-0.4500,4.8365,191.2497,2.1387,0.0000,0.0000,0.0000
115.607,377.9880,6.3198,271.3816,0.2510,3.8000,-0.4500,3.8772,191.2164,1.8145,0.0000,0.0000,0.0000
115.720,377.7563,6.3614,271.6585,0.2510,3.8000,-0.4500,2.8941,191.1884,1.4320,0.0000,0.0000,0.0000
115.829,377.5630,6.3724,271.9074,0.2510,3.8000,-0.4500,2.0616,191.1702,1.0665,0.0000,0.0000,0.0000
115.954,377.3308,6.3548,272.2310,0.2510,3.8000,-0.4500,1.0499,191.1557,0.5694,0.0000,0.0000,0.0000
116.066,377.0983,6.3018,272.5772,0.2510,3.8000,-0.4500,0.0284,191.1504,0.0121,0.0000,0.0000,0.0000
116.190,376.8655,6.2121,272.9398,0.2510,3.8000,-0.4500,359.0042,191.1556,359.4057,0.0000,0.0000,0.0000
116.315,376.6327,6.0855,273.3118,0.2510,3.8000,-0.4500,357.9862,191.1718,358.7647,0.0000,0.0000,0.0000
116.428,376.3961,5.9256,273.6384,0.2510,3.8000,-0.4500,356.9865,191.1991,358.1044,0.0000,0.0000,0.0000
116.537,376.1514,5.7423,273.8601,0.2510,3.8000,-0.4500,356.0287,191.2363,357.4480,0.0000,0.0000,0.0000
116.650,375.9430,5.5782,273.9547,0.2510,3.8000,-0.4500,355.2818,191.2732,356.9220,0.0000,0.0000,0.0000
116.759,375.6915,5.3720,273.9809,0.2510,3.8000,-0.4500,354.4615,191.3217,356.3309,0.0000,0.0000,0.0000
116.872,375.4826,5.1935,273.9503,0.2510,3.8000,-0.4500,353.8438,191.3640,355.8759,0.0000,0.0000,0.0000
116.996,375.1923,4.9350,273.8467,0.2510,3.8000,-0.4500,353.0728,191.4239,355.2953,0.0000,0.0000,0.0000
117.108,374.9880,4.7468,273.7234,0.2510,3.8000,-0.4500,352.5840,191.4660,354.9192,0.0000,0.0000,0.0000
117.232,374.7466,4.5194,273.5243,0.2510,3.8000,-0.4500,352.0622,191.5148,354.5102,0.0000,0.0000,0.0000
117.357,374.4692,4.2526,273.2382,0.2510,3.8000,-0.4500,351.5389,191.5675,354.0906,0.0000,0.0000,0.0000
117.469,374.2732,4.0620,273.0089,0.2510,3.8000,-0.4500,351.2755,191.5956,353.8748,0.0000,0.0000,0.0000
117.593,374.0395,3.8331,272.7155,0.2510,3.8000,-0.4500,351.0858,191.6165,353.7167,0.0000,0.0000,0.0000
117.705,373.8067,3.5999,272.4133,0.2510,3.8000,-0.4500,350.8929,191.6382,353.5536,0.0000,0.0000,0.0000
117.818,373.5742,3.3623,272.1097,0.2510,3.8000,-0.4500,350.7035,191.6602,353.3911,0.0000,0.0000,0.0000
117.926,373.3808,3.1636,271.8573,0.2510,3.8000,-0.4500,350.6424,191.6674,353.3382,0.0000,0.0000,0.0000
118.039,373.1485,2.9210,271.5558,0.2510,3.8000,-0.4500,350.5197,191.6820,353.2308,0.0000,0.0000,0.0000
118.149,372.9552,2.7199,271.3054,0.2510,3.8000,-0.4500,350.5197,191.6820,353.2308,0.0000,0.0000,0.0000
118.274,372.7229,2.4778,271.0062,0.2510,3.8000,-0.4500,350.5197,191.6820,353.2308,0.0000,0.0000,0.0000
118.399,372.4517,2.1963,270.6585,0.2510,3.8000,-0.4500,350.5197,191.6820,353.2308,0.0000,0.0000,0.0000
118.512,372.2574,1.9963,270.4182,0.2510,3.8000,-0.4500,350.5197,191.6820,353.2308,0.0000,0.0000,0.0000
118.621,372.0205,1.7486,270.2113,0.2510,3.8000,-0.4500,350.5197,191.6820,353.2308,0.0000,0.0000,0.0000
118.746,371.7852,1.4755,270.1823,0.2510,3.8000,-0.4500,350.5197,191.6820,353.2308,0.0000,0.0000,0.0000
118.871,371.5548,1.1833,270.2972,0.2510,3.8000,-0.4500,350.5197,191.6820,353.2308,0.0000,0.0000,0.0000
118.985,371.3292,0.8830,270.5139,0.2510,3.8000,-0.4500,350.5197,191.6820,353.2308,0.0000,0.0000,0.0000
119.093,371.1446,0.6394,270.7472,0.2510,3.8000,-0.4500,350.6532,191.6662,353.4694,0.0000,0.0000,0.0000
119.218,370.8881,0.3172,271.1259,0.2510,3.8000,-0.4500,351.0450,191.6231,354.1131,0.0000,0.0000,0.0000
119.343,370.6673,0.0610,271.4809,0.2510,3.8000,-0.4500,351.4296,191.5850,354.7007,0.0000,0.0000,0.0000
119.468,370.4453,-0.1707,271.8507,0.2510,3.8000,-0.4500,351.8568,191.5473,355.3288,0.0000,0.0000,0.0000
119.594,370.2218,-0.3730,272.2225,0.2510,3.8000,-0.4500,352.3268,191.5114,356.0043,0.0000,0.0000,0.0000
119.718,369.9593,-0.5688,272.6526,0.2510,3.8000,-0.4500,352.9234,191.4738,356.8469,0.0000,0.0000,0.0000
119.830,369.7711,-0.6814,272.9568,0.2510,3.8000,-0.4500,353.3752,191.4512,357.4772,0.0000,0.0000,0.0000
119.940,369.5454,-0.7867,273.3190,0.2510,3.8000,-0.4500,353.9376,191.4301,358.2552,0.0000,0.0000,0.0000
