time_sec,world_x,world_y,world_z,local_x,local_y,local_z,world_rot_x,world_rot_y,world_rot_z,local_rot_x,local_rot_y,local_rot_z
0.000,598.8349,5.2159,250.4544,0.2510,3.8000,-0.4500,0.0000,180.0000,0.0000,0.0000,0.0000,0.0000
0.000,598.8349,5.2159,250.4544,0.2510,3.8000,-0.4500,0.0000,180.0000,0.0000,0.0000,0.0000,0.0000
0.120,598.5438,4.9589,250.4605,0.2510,3.8000,-0.4500,0.0000,180.0000,0.0000,0.0000,0.0000,0.0000
0.233,598.2030,4.6661,250.4651,0.2510,3.8000,-0.4500,0.0000,180.0000,0.0000,0.0000,0.0000,0.0000
0.343,597.6889,4.2305,250.4700,0.2510,3.8000,-0.4500,0.0000,180.0000,0.0000,0.0000,0.0000,0.0000
0.468,597.0726,3.7129,250.4743,0.2510,3.8000,-0.4500,0.0000,180.0000,0.0000,0.0000,0.0000,0.0000
0.593,596.3690,3.1227,250.4408,0.2510,3.8000,-0.4500,0.0000,180.0000,0.0000,0.0000,0.0000,0.0000
0.693,595.7297,2.5814,250.3134,0.2510,3.8000,-0.4500,0.0000,180.0000,0.0000,0.0000,0.0000,0.0000
0.802,594.9101,1.8789,250.0005,0.2510,3.8000,-0.4500,0.0000,180.0000,0.0000,0.0000,0.0000,0.0000
0.914,594.1893,1.2539,249.5992,0.2510,3.8000,-0.4500,0.0000,180.0000,0.0000,0.0000,0.0000,0.0000
1.024,593.2851,0.4615,248.9522,0.2510,3.8000,-0.4500,0.0000,180.0000,0.0000,0.0000,0.0000,0.0000
1.125,592.5026,-0.2305,248.2827,0.2510,3.8000,-0.4500,0.0000,180.0000,0.0000,0.0000,0.0000,0.0000
1.233,591.7710,-0.8840,247.5779,0.2510,3.8000,-0.4500,359.8030,180.0000,0.0004,0.0000,0.0000,0.0000
1.358,591.1677,-1.3681,246.9408,0.2510,3.8000,-0.4500,357.9249,179.9999,0.0037,0.0000,0.0000,0.0000
1.472,590.7404,-1.5367,246.4444,0.2510,3.8000,-0.4500,356.5727,179.9998,0.0057,0.0000,0.0000,0.0000
1.581,590.4063,-1.4993,246.0263,0.2510,3.8000,-0.4500,355.9886,179.9998,0.0062,0.0000,0.0000,0.0000
1.692,590.1666,-1.3977,245.7114,0.2510,3.8000,-0.4500,355.9886,179.9998,0.0062,0.0000,0.0000,0.0000
1.803,589.9043,-1.2748,245.3579,0.2510,3.8000,-0.4500,355.9886,179.9998,0.0062,0.0000,0.0000,0.0000
1.915,589.6977,-1.2070,245.0736,0.2510,3.8000,-0.4500,355.9886,179.9998,0.0062,0.0000,0.0000,0.0000
2.040,589.4172,-1.1842,244.6940,0.2510,3.8000,-0.4500,355.9886,179.9998,0.0062,0.0000,0.0000,0.0000
2.151,589.2187,-1.2143,244.4491,0.2510,3.8000,-0.4500,355.9886,179.9998,0.0062,0.0000,0.0000,0.0000
2.276,588.9803,-1.2847,244.1864,0.2510,3.8000,-0.4500,355.9886,179.9998,0.0061,0.0000,0.0000,0.0000
2.402,588.6994,-1.3898,243.9350,0.2510,3.8000,-0.4500,355.9886,179.9998,0.0061,0.0000,0.0000,0.0000
2.515,588.4943,-1.4698,243.8144,0.2510,3.8000,-0.4500,355.9886,179.9998,0.0062,0.0000,0.0000,0.0000
2.626,588.2432,-1.5656,243.7343,0.2510,3.8000,-0.4500,355.9047,179.9998,0.0019,0.0000,0.0000,0.0000
2.735,588.0314,-1.6418,243.7058,0.2510,3.8000,-0.4500,355.9047,179.9998,0.0020,0.0000,0.0000,0.0000
2.848,587.7755,-1.7309,243.6866,0.2510,3.8000,-0.4500,355.6584,179.9998,359.9816,0.0000,0.0000,0.0000
2.957,587.5625,-1.7998,243.6673,0.2510,3.8000,-0.4500,355.6584,179.9998,359.9816,0.0000,0.0000,0.0000
3.069,587.3074,-1.8808,243.6372,0.2510,3.8000,-0.4500,355.6584,179.9998,359.9816,0.0000,0.0000,0.0000
3.193,587.0524,-1.9622,243.6043,0.2510,3.8000,-0.4500,355.6584,179.9998,359.9816,0.0000,0.0000,0.0000
3.305,586.7971,-2.0457,243.5729,0.2510,3.8000,-0.4500,355.6584,179.9998,359.9816,0.0000,0.0000,0.0000
3.419,586.5840,-2.1173,243.5483,0.2510,3.8000,-0.4500,355.6584,179.9998,359.9816,0.0000,0.0000,0.0000
3.530,586.3284,-2.2054,243.5177,0.2510,3.8000,-0.4500,355.6584,179.9998,359.9816,0.0000,0.0000,0.0000
3.638,586.1154,-2.2800,243.4899,0.2510,3.8000,-0.4500,355.6584,179.9998,359.9816,0.0000,0.0000,0.0000
3.749,585.8601,-2.3705,243.4537,0.2510,3.8000,-0.4500,355.6584,179.9998,359.9816,0.0000,0.0000,0.0000
3.860,585.6055,-2.4615,243.4079,0.2510,3.8000,-0.4500,355.6584,179.9998,359.9816,0.0000,0.0000,0.0000
3.972,585.3968,-2.5359,243.3264,0.2510,3.8000,-0.4500,355.5861,179.9998,359.9443,0.0000,0.0000,0.0000
4.097,585.1528,-2.6179,243.1538,0.2510,3.8000,-0.4500,355.5861,179.9999,359.9443,0.0000,0.0000,0.0000
4.210,584.9142,-2.6936,242.9097,0.2510,3.8000,-0.4500,355.5861,179.9999,359.9443,0.0000,0.0000,0.0000
4.319,584.7187,-2.7529,242.6638,0.2510,3.8000,-0.4500,355.5861,179.9999,359.9443,0.0000,0.0000,0.0000
4.430,584.4891,-2.8185,242.2979,0.2510,3.8000,-0.4500,355.5861,179.9999,359.9443,0.0000,0.0000,0.0000
4.543,584.2654,-2.8767,241.8462,0.2510,3.8000,-0.4500,355.5861,179.9999,359.9443,0.0000,0.0000,0.0000
4.652,584.0820,-2.9216,241.4165,0.2510,3.8000,-0.4500,355.5249,179.9999,359.8938,0.0000,0.0000,0.0000
4.777,583.8651,-2.9694,240.8558,0.2510,3.8000,-0.4500,355.5249,180.0000,359.8938,0.0000,0.0000,0.0000
4.891,583.6501,-3.0137,240.2640,0.2510,3.8000,-0.4500,355.5249,180.0000,359.8938,0.0000,0.0000,0.0000
5.002,583.4363,-3.0558,239.6537,0.2510,3.8000,-0.4500,355.5249,180.0000,359.8938,0.0000,0.0000,0.0000
5.111,583.2599,-3.0886,239.1175,0.2510,3.8000,-0.4500,355.5249,180.0000,359.8938,0.0000,0.0000,0.0000
5.236,583.0510,-3.1230,238.4255,0.2510,3.8000,-0.4500,355.5249,180.0000,359.8937,0.0000,0.0000,0.0000
5.361,582.8086,-3.1589,237.5929,0.2510,3.8000,-0.4500,355.5249,180.0000,359.8937,0.0000,0.0000,0.0000
5.486,582.6016,-3.1874,236.8666,0.2510,3.8000,-0.4500,355.5249,180.0000,359.8937,0.0000,0.0000,0.0000
5.597,582.4298,-3.2093,236.2548,0.2510,3.8000,-0.4500,355.5249,180.0000,359.8937,0.0000,0.0000,0.0000
5.722,582.1884,-3.2396,235.4191,0.2510,3.8000,-0.4500,355.5249,180.0000,359.8937,0.0000,0.0000,0.0000
5.833,582.0147,-3.2620,234.8479,0.2510,3.8000,-0.4500,355.5249,180.0000,359.8937,0.0000,0.0000,0.0000
5.958,581.8046,-3.2904,234.1991,0.2510,3.8000,-0.4500,355.5249,180.0000,359.8937,0.0000,0.0000,0.0000
6.083,581.5570,-3.3255,233.4889,0.2510,3.8000,-0.4500,355.5249,180.0000,359.8938,0.0000,0.0000,0.0000
6.208,581.3408,-3.3584,232.9520,0.2510,3.8000,-0.4500,355.5249,180.0000,359.8938,0.0000,0.0000,0.0000
6.333,581.1151,-3.3996,232.5553,0.2510,3.8000,-0.4500,355.5249,180.0000,359.8938,0.0000,0.0000,0.0000
6.433,580.9186,-3.4410,232.3382,0.2510,3.8000,-0.4500,355.5249,180.0000,359.8938,0.0000,0.0000,0.0000
6.541,580.6742,-3.4966,232.1883,0.2510,3.8000,-0.4500,355.5249,180.0000,359.8938,0.0000,0.0000,0.0000
6.666,580.4247,-3.5546,232.1234,0.2510,3.8000,-0.4500,355.5249,180.0000,359.8938,0.0000,0.0000,0.0000
6.791,580.1740,-3.6096,232.1117,0.2510,3.8000,-0.4500,355.5471,180.0000,359.9698,0.0000,0.0000,0.0000
6.904,579.9245,-3.6552,232.1324,0.2510,3.8000,-0.4500,355.6896,180.0003,0.2789,0.0000,0.0000,0.0000
7.017,579.7158,-3.6906,232.1653,0.2510,3.8000,-0.4500,355.7775,180.0008,0.4148,0.0000,0.0000,0.0000
7.129,579.4661,-3.7250,232.2165,0.2510,3.8000,-0.4500,355.9336,180.0022,0.6052,0.0000,0.0000,0.0000
7.239,579.2596,-3.7431,232.2650,0.2510,3.8000,-0.4500,356.2490,180.0064,0.8980,0.0000,0.0000,0.0000
7.351,579.0118,-3.7597,232.3293,0.2510,3.8000,-0.4500,356.5127,180.0110,1.1073,0.0000,0.0000,0.0000
7.462,578.7640,-3.7679,232.3946,0.2510,3.8000,-0.4500,356.7147,180.0152,1.2557,0.0000,0.0000,0.0000
7.573,578.5590,-3.7628,232.4436,0.2510,3.8000,-0.4500,357.0845,180.0241,1.5038,0.0000,0.0000,0.0000
7.684,578.3134,-3.7489,232.4996,0.2510,3.8000,-0.4500,357.4411,180.0342,1.7338,0.0000,0.0000,0.0000
7.791,578.1089,-3.7305,232.5306,0.2510,3.8000,-0.4500,357.6660,180.0413,1.8730,0.0000,0.0000,0.0000
7.916,577.8668,-3.6947,232.5207,0.2510,3.8000,-0.4500,358.1131,180.0570,2.1459,0.0000,0.0000,0.0000
8.016,577.6663,-3.6597,232.4810,0.2510,3.8000,-0.4500,358.3262,180.0652,2.2741,0.0000,0.0000,0.0000
8.125,577.4286,-3.6082,232.4044,0.2510,3.8000,-0.4500,358.6130,180.0771,2.4456,0.0000,0.0000,0.0000
8.250,577.1939,-3.5460,232.3075,0.2510,3.8000,-0.4500,358.9915,180.0940,2.6689,0.0000,0.0000,0.0000
8.352,576.9996,-3.4881,232.2173,0.2510,3.8000,-0.4500,359.2830,180.1080,2.8384,0.0000,0.0000,0.0000
8.453,576.8055,-3.4284,232.1225,0.2510,3.8000,-0.4500,359.3541,180.1115,2.8794,0.0000,0.0000,0.0000
8.568,576.5759,-3.3429,231.9987,0.2510,3.8000,-0.4500,359.8301,180.1366,3.1454,0.0000,0.0000,0.0000
8.680,576.3474,-3.2532,231.8667,0.2510,3.8000,-0.4500,0.1224,180.1531,3.3037,0.0000,0.0000,0.0000
8.805,576.1207,-3.1566,231.7266,0.2510,3.8000,-0.4500,0.4252,180.1710,3.4603,0.0000,0.0000,0.0000
8.930,575.8953,-3.0548,231.5793,0.2510,3.8000,-0.4500,0.6504,180.1848,3.5717,0.0000,0.0000,0.0000
9.055,575.6713,-2.9471,231.4245,0.2510,3.8000,-0.4500,0.8758,180.1991,3.6792,0.0000,0.0000,0.0000
9.155,575.4859,-2.8524,231.2903,0.2510,3.8000,-0.4500,1.1110,180.2144,3.7837,0.0000,0.0000,0.0000
9.265,575.2645,-2.7352,231.1242,0.2510,3.8000,-0.4500,1.3405,180.2298,3.8811,0.0000,0.0000,0.0000
9.389,575.0443,-2.6124,230.9526,0.2510,3.8000,-0.4500,1.6531,180.2513,3.9982,0.0000,0.0000,0.0000
9.500,574.8246,-2.4879,230.7777,0.2510,3.8000,-0.4500,1.8159,180.2628,4.0511,0.0000,0.0000,0.0000
9.611,574.6422,-2.3813,230.6278,0.2510,3.8000,-0.4500,1.9769,180.2743,4.1011,0.0000,0.0000,0.0000
9.736,574.4244,-2.2506,230.4385,0.2510,3.8000,-0.4500,2.2181,180.2917,4.1607,0.0000,0.0000,0.0000
9.861,574.1710,-2.0983,230.2060,0.2510,3.8000,-0.4500,2.2972,180.2975,4.1758,0.0000,0.0000,0.0000
9.974,573.9910,-1.9867,230.0319,0.2510,3.8000,-0.4500,2.5456,180.3157,4.2088,0.0000,0.0000,0.0000
10.084,573.7750,-1.8537,229.8186,0.2510,3.8000,-0.4500,2.7089,180.3277,4.2150,0.0000,0.0000,0.0000
10.194,573.5950,-1.7438,229.6389,0.2510,3.8000,-0.4500,2.7089,180.3277,4.2150,0.0000,0.0000,0.0000
10.320,573.3427,-1.5891,229.3849,0.2510,3.8000,-0.4500,2.8718,180.3398,4.2051,0.0000,0.0000,0.0000
10.432,573.1614,-1.4790,229.2080,0.2510,3.8000,-0.4500,3.0332,180.3516,4.1738,0.0000,0.0000,0.0000
10.543,572.9426,-1.3480,229.0048,0.2510,3.8000,-0.4500,3.1869,180.3628,4.1223,0.0000,0.0000,0.0000
10.652,572.7593,-1.2399,228.8429,0.2510,3.8000,-0.4500,3.2585,180.3679,4.0867,0.0000,0.0000,0.0000
10.777,572.5374,-1.1114,228.6635,0.2510,3.8000,-0.4500,3.3296,180.3730,4.0494,0.0000,0.0000,0.0000
10.903,572.2748,-0.9639,228.4771,0.2510,3.8000,-0.4500,3.4591,180.3820,3.9541,0.0000,0.0000,0.0000
11.027,572.0467,-0.8416,228.3313,0.2510,3.8000,-0.4500,3.6263,180.3934,3.7714,0.0000,0.0000,0.0000
11.152,571.8165,-0.7204,228.2553,0.2510,3.8000,-0.4500,3.7548,180.4016,3.5664,0.0000,0.0000,0.0000
11.266,571.5846,-0.5992,228.2517,0.2510,3.8000,-0.4500,3.8498,180.4074,3.3418,0.0000,0.0000,0.0000
11.388,571.3509,-0.4808,228.2864,0.2510,3.8000,-0.4500,3.9117,180.4109,3.1078,0.0000,0.0000,0.0000
11.500,571.1151,-0.3675,228.3413,0.2510,3.8000,-0.4500,3.9424,180.4125,2.8574,0.0000,0.0000,0.0000
11.612,570.9172,-0.2773,228.3947,0.2510,3.8000,-0.4500,3.9496,180.4129,2.6911,0.0000,0.0000,0.0000
11.721,570.6769,-0.1785,228.4630,0.2510,3.8000,-0.4500,3.9341,180.4122,2.3542,0.0000,0.0000,0.0000
11.846,570.4336,-0.0899,228.5324,0.2510,3.8000,-0.4500,3.8688,180.4097,1.9310,0.0000,0.0000,0.0000
11.958,570.2297,-0.0214,228.5888,0.2510,3.8000,-0.4500,3.8113,180.4079,1.6868,0.0000,0.0000,0.0000
12.069,569.9828,0.0513,228.6541,0.2510,3.8000,-0.4500,3.7197,180.4055,1.3673,0.0000,0.0000,0.0000
12.180,569.7338,0.1135,228.7171,0.2510,3.8000,-0.4500,3.6043,180.4031,1.0364,0.0000,0.0000,0.0000
12.291,569.5236,0.1547,228.7685,0.2510,3.8000,-0.4500,3.4486,180.4008,0.6339,0.0000,0.0000,0.0000
12.416,569.2711,0.1994,228.8277,0.2510,3.8000,-0.4500,3.3485,180.3999,0.4019,0.0000,0.0000,0.0000
12.542,568.9731,0.2337,228.8974,0.2510,3.8000,-0.4500,3.1286,180.3993,359.9286,0.0000,0.0000,0.0000
12.652,568.7599,0.2515,228.9480,0.2510,3.8000,-0.4500,3.0153,180.3997,359.7000,0.0000,0.0000,0.0000
12.777,568.5018,0.2591,229.0121,0.2510,3.8000,-0.4500,2.7741,180.4019,359.2393,0.0000,0.0000,0.0000
12.889,568.2443,0.2613,229.0786,0.2510,3.8000,-0.4500,2.6502,180.4038,359.0158,0.0000,0.0000,0.0000
13.000,567.9846,0.2482,229.1505,0.2510,3.8000,-0.4500,2.3902,180.4093,358.5656,0.0000,0.0000,0.0000
13.125,567.7253,0.2286,229.2267,0.2510,3.8000,-0.4500,2.2177,180.4140,358.2828,0.0000,0.0000,0.0000
13.251,567.4661,0.2008,229.3078,0.2510,3.8000,-0.4500,2.0822,180.4184,358.0697,0.0000,0.0000,0.0000
13.363,567.2062,0.1621,229.3946,0.2510,3.8000,-0.4500,1.8947,180.4252,357.7842,0.0000,0.0000,0.0000
13.473,566.9897,0.1236,229.4709,0.2510,3.8000,-0.4500,1.7443,180.4313,357.5678,0.0000,0.0000,0.0000
13.585,566.7303,0.0710,229.5670,0.2510,3.8000,-0.4500,1.5943,180.4379,357.3587,0.0000,0.0000,0.0000
13.694,566.5139,0.0206,229.6511,0.2510,3.8000,-0.4500,1.4427,180.4452,357.1560,0.0000,0.0000,0.0000
13.819,566.2542,-0.0467,229.7563,0.2510,3.8000,-0.4500,1.2334,180.4561,356.8954,0.0000,0.0000,0.0000
13.944,565.9532,-0.1255,229.8829,0.2510,3.8000,-0.4500,1.2334,180.4561,356.8954,0.0000,0.0000,0.0000
14.069,565.6941,-0.2050,229.9970,0.2510,3.8000,-0.4500,1.0005,180.4692,356.6385,0.0000,0.0000,0.0000
14.194,565.4363,-0.2821,230.1131,0.2510,3.8000,-0.4500,1.0005,180.4692,356.6385,0.0000,0.0000,0.0000
14.319,565.1780,-0.3652,230.2329,0.2510,3.8000,-0.4500,0.8787,180.4765,356.5248,0.0000,0.0000,0.0000
14.432,564.9202,-0.4472,230.3540,0.2510,3.8000,-0.4500,0.8787,180.4765,356.5248,0.0000,0.0000,0.0000
14.541,564.6622,-0.5327,230.4776,0.2510,3.8000,-0.4500,0.7407,180.4850,356.4318,0.0000,0.0000,0.0000
14.666,564.4053,-0.6152,230.6016,0.2510,3.8000,-0.4500,0.7407,180.4850,356.4318,0.0000,0.0000,0.0000
14.791,564.1483,-0.6962,230.7267,0.2510,3.8000,-0.4500,0.7407,180.4850,356.4318,0.0000,0.0000,0.0000
14.902,563.8915,-0.7749,230.8524,0.2510,3.8000,-0.4500,0.7407,180.4850,356.4318,0.0000,0.0000,0.0000
15.014,563.6779,-0.8385,230.9574,0.2510,3.8000,-0.4500,0.7407,180.4850,356.4318,0.0000,0.0000,0.0000
15.138,563.4216,-0.9123,231.0836,0.2510,3.8000,-0.4500,0.7407,180.4850,356.4318,0.0000,0.0000,0.0000
15.251,563.1661,-0.9838,231.2108,0.2510,3.8000,-0.4500,0.5852,180.4946,356.4833,0.0000,0.0000,0.0000
15.374,562.9113,-1.0517,231.3378,0.2510,3.8000,-0.4500,0.3704,180.5076,356.6050,0.0000,0.0000,0.0000
15.487,562.6567,-1.1168,231.4632,0.2510,3.8000,-0.4500,0.2452,180.5149,356.7051,0.0000,0.0000,0.0000
15.597,562.4454,-1.1678,231.5673,0.2510,3.8000,-0.4500,0.0627,180.5251,356.8892,0.0000,0.0000,0.0000
15.721,562.1493,-1.2367,231.7095,0.2510,3.8000,-0.4500,359.8973,180.5339,357.0777,0.0000,0.0000,0.0000
15.847,561.8964,-1.2914,231.8289,0.2510,3.8000,-0.4500,359.6929,180.5438,357.3458,0.0000,0.0000,0.0000
15.972,561.6437,-1.3432,231.9451,0.2510,3.8000,-0.4500,359.4966,180.5525,357.6307,0.0000,0.0000,0.0000
16.097,561.3906,-1.3942,232.0573,0.2510,3.8000,-0.4500,359.4036,180.5562,357.7693,0.0000,0.0000,0.0000
16.208,561.1391,-1.4398,232.1671,0.2510,3.8000,-0.4500,359.1641,180.5648,358.1339,0.0000,0.0000,0.0000
16.320,560.9293,-1.4769,232.2557,0.2510,3.8000,-0.4500,359.0217,180.5691,358.3515,0.0000,0.0000,0.0000
16.431,560.6780,-1.5190,232.3588,0.2510,3.8000,-0.4500,358.8387,180.5739,358.6299,0.0000,0.0000,0.0000
16.541,560.4271,-1.5587,232.4592,0.2510,3.8000,-0.4500,358.6496,180.5780,358.9126,0.0000,0.0000,0.0000
16.652,560.2178,-1.5912,232.5407,0.2510,3.8000,-0.4500,358.5551,180.5797,359.0521,0.0000,0.0000,0.0000
16.777,559.9683,-1.6261,232.6377,0.2510,3.8000,-0.4500,358.3145,180.5829,359.4014,0.0000,0.0000,0.0000
16.890,559.7188,-1.6600,232.7329,0.2510,3.8000,-0.4500,358.1244,180.5845,359.6698,0.0000,0.0000,0.0000
17.001,559.4695,-1.6930,232.8268,0.2510,3.8000,-0.4500,357.9811,180.5851,359.8676,0.0000,0.0000,0.0000
17.114,559.2621,-1.7196,232.9044,0.2510,3.8000,-0.4500,357.8843,180.5852,-0.0011,0.0000,0.0000,0.0000
17.219,559.0561,-1.7436,232.9828,0.2510,3.8000,-0.4500,357.6830,180.5847,0.2663,0.0000,0.0000,0.0000
17.333,558.8086,-1.7727,233.0765,0.2510,3.8000,-0.4500,357.5310,180.5837,0.4623,0.0000,0.0000,0.0000
17.443,558.5618,-1.8007,233.1707,0.2510,3.8000,-0.4500,357.3769,180.5822,0.6571,0.0000,0.0000,0.0000
17.555,558.3569,-1.8229,233.2502,0.2510,3.8000,-0.4500,357.2195,180.5802,0.8505,0.0000,0.0000,0.0000
17.666,558.1111,-1.8500,233.3460,0.2510,3.8000,-0.4500,357.1126,180.5784,0.9790,0.0000,0.0000,0.0000
17.791,557.8666,-1.8758,233.4439,0.2510,3.8000,-0.4500,356.9485,180.5753,1.1724,0.0000,0.0000,0.0000
17.904,557.6232,-1.9006,233.5441,0.2510,3.8000,-0.4500,356.7260,180.5703,1.4254,0.0000,0.0000,0.0000
18.013,557.4189,-1.9231,233.6279,0.2510,3.8000,-0.4500,356.7260,180.5703,1.4254,0.0000,0.0000,0.0000
18.137,557.1763,-1.9481,233.7317,0.2510,3.8000,-0.4500,356.5543,180.5657,1.6133,0.0000,0.0000,0.0000
18.251,556.9338,-1.9737,233.8376,0.2510,3.8000,-0.4500,356.4388,180.5623,1.7364,0.0000,0.0000,0.0000
18.359,556.7319,-1.9953,233.9275,0.2510,3.8000,-0.4500,356.3793,180.5605,1.7987,0.0000,0.0000,0.0000
18.471,556.4905,-2.0209,234.0377,0.2510,3.8000,-0.4500,356.2607,180.5567,1.9223,0.0000,0.0000,0.0000
18.583,556.2496,-2.0466,234.1501,0.2510,3.8000,-0.4500,356.1462,180.5527,2.0394,0.0000,0.0000,0.0000
18.692,556.0485,-2.0688,234.2445,0.2510,3.8000,-0.4500,356.1462,180.5527,2.0394,0.0000,0.0000,0.0000
18.817,555.8088,-2.0939,234.3603,0.2510,3.8000,-0.4500,355.9651,180.5459,2.2229,0.0000,0.0000,0.0000
18.942,555.5280,-2.1249,234.4961,0.2510,3.8000,-0.4500,355.9651,180.5459,2.2229,0.0000,0.0000,0.0000
19.053,555.3281,-2.1463,234.5948,0.2510,3.8000,-0.4500,355.9103,180.5438,2.2798,0.0000,0.0000,0.0000
19.178,555.0881,-2.1725,234.7141,0.2510,3.8000,-0.4500,355.9103,180.5438,2.2798,0.0000,0.0000,0.0000
19.292,554.8484,-2.1983,234.8344,0.2510,3.8000,-0.4500,355.9103,180.5438,2.2798,0.0000,0.0000,0.0000
19.401,554.6090,-2.2234,234.9552,0.2510,3.8000,-0.4500,355.9103,180.5438,2.2798,0.0000,0.0000,0.0000
19.513,554.4097,-2.2438,235.0560,0.2510,3.8000,-0.4500,355.9103,180.5438,2.2798,0.0000,0.0000,0.0000
19.623,554.1706,-2.2674,235.1769,0.2510,3.8000,-0.4500,355.9103,180.5438,2.2798,0.0000,0.0000,0.0000
19.748,553.9315,-2.2898,235.2975,0.2510,3.8000,-0.4500,355.9103,180.5438,2.2798,0.0000,0.0000,0.0000
19.861,553.6923,-2.3109,235.4177,0.2510,3.8000,-0.4500,355.9103,180.5438,2.2798,0.0000,0.0000,0.0000
19.970,553.4930,-2.3273,235.5173,0.2510,3.8000,-0.4500,355.9103,180.5438,2.2798,0.0000,0.0000,0.0000
20.095,553.2540,-2.3454,235.6362,0.2510,3.8000,-0.4500,355.9103,180.5438,2.2798,0.0000,0.0000,0.0000
20.219,553.0146,-2.3616,235.7539,0.2510,3.8000,-0.4500,355.9103,180.5438,2.2798,0.0000,0.0000,0.0000
20.333,552.7755,-2.3756,235.8701,0.2510,3.8000,-0.4500,355.9103,180.5438,2.2798,0.0000,0.0000,0.0000
20.444,552.5363,-2.3873,235.9852,0.2510,3.8000,-0.4500,355.9103,180.5438,2.2798,0.0000,0.0000,0.0000
20.567,552.2968,-2.3966,236.0992,0.2510,3.8000,-0.4500,355.9103,180.5438,2.2798,0.0000,0.0000,0.0000
20.692,552.0573,-2.4032,236.2125,0.2510,3.8000,-0.4500,355.9103,180.5438,2.2798,0.0000,0.0000,0.0000
20.817,551.8184,-2.4045,236.3242,0.2510,3.8000,-0.4500,356.0577,180.5498,2.3575,0.0000,0.0000,0.0000
20.931,551.5794,-2.4032,236.4362,0.2510,3.8000,-0.4500,356.2086,180.5561,2.4216,0.0000,0.0000,0.0000
21.053,551.3405,-2.3975,236.5474,0.2510,3.8000,-0.4500,356.5424,180.5704,2.4829,0.0000,0.0000,0.0000
21.166,551.1025,-2.3901,236.6095,0.2510,3.8000,-0.4500,356.7086,180.5776,2.4892,0.0000,0.0000,0.0000
21.289,550.8785,-2.3716,236.4060,0.2510,3.8000,-0.4500,356.8730,180.5848,2.4900,0.0000,0.0000,0.0000
21.402,550.6685,-2.3433,235.9500,0.2510,3.8000,-0.4500,357.0382,180.5919,2.4689,0.0000,0.0000,0.0000
21.512,550.4991,-2.3157,235.4563,0.2510,3.8000,-0.4500,357.2038,180.5990,2.4292,0.0000,0.0000,0.0000
21.612,550.3317,-2.2874,234.9254,0.2510,3.8000,-0.4500,357.2847,180.6025,2.4078,0.0000,0.0000,0.0000
21.734,550.1254,-2.2564,234.3595,0.2510,3.8000,-0.4500,357.5115,180.6118,2.3118,0.0000,0.0000,0.0000
21.859,549.9083,-2.2311,233.9453,0.2510,3.8000,-0.4500,357.5843,180.6147,2.2742,0.0000,0.0000,0.0000
21.984,549.6400,-2.2082,233.6439,0.2510,3.8000,-0.4500,357.8811,180.6261,2.1100,0.0000,0.0000,0.0000
22.097,549.4413,-2.1949,233.5403,0.2510,3.8000,-0.4500,358.0984,180.6339,1.9845,0.0000,0.0000,0.0000
22.206,549.1995,-2.1802,233.5019,0.2510,3.8000,-0.4500,358.2446,180.6389,1.9015,0.0000,0.0000,0.0000
22.320,548.9550,-2.1654,233.5188,0.2510,3.8000,-0.4500,358.5475,180.6485,1.7345,0.0000,0.0000,0.0000
22.428,548.7502,-2.1520,233.5580,0.2510,3.8000,-0.4500,358.8478,180.6571,1.5775,0.0000,0.0000,0.0000
22.553,548.5045,-2.1337,233.6235,0.2510,3.8000,-0.4500,359.0704,180.6631,1.4652,0.0000,0.0000,0.0000
22.678,548.2582,-2.1131,233.6997,0.2510,3.8000,-0.4500,359.2943,180.6686,1.3545,0.0000,0.0000,0.0000
22.790,548.0108,-2.0900,233.7797,0.2510,3.8000,-0.4500,359.6678,180.6768,1.1740,0.0000,0.0000,0.0000
22.901,547.7632,-2.0645,233.8621,0.2510,3.8000,-0.4500,359.8930,180.6812,1.0661,0.0000,0.0000,0.0000
23.013,547.5562,-2.0415,233.9303,0.2510,3.8000,-0.4500,0.1212,180.6852,0.9571,0.0000,0.0000,0.0000
23.124,547.3073,-2.0121,234.0110,0.2510,3.8000,-0.4500,0.4215,180.6899,0.8133,0.0000,0.0000,0.0000
23.234,547.0995,-1.9861,234.0773,0.2510,3.8000,-0.4500,0.6486,180.6929,0.7045,0.0000,0.0000,0.0000
23.346,546.8499,-1.9530,234.1557,0.2510,3.8000,-0.4500,0.8735,180.6954,0.5968,0.0000,0.0000,0.0000
23.456,546.6412,-1.9241,234.2196,0.2510,3.8000,-0.4500,1.1042,180.6976,0.4871,0.0000,0.0000,0.0000
23.569,546.3909,-1.8875,234.2957,0.2510,3.8000,-0.4500,1.2547,180.6988,0.4163,0.0000,0.0000,0.0000
23.692,546.1395,-1.8490,234.3695,0.2510,3.8000,-0.4500,1.5567,180.7006,0.2775,0.0000,0.0000,0.0000
23.817,545.8879,-1.8084,234.4430,0.2510,3.8000,-0.4500,1.7122,180.7013,0.2098,0.0000,0.0000,0.0000
23.930,545.6360,-1.7657,234.5153,0.2510,3.8000,-0.4500,1.8656,180.7018,0.1443,0.0000,0.0000,0.0000
24.039,545.4260,-1.7281,234.5743,0.2510,3.8000,-0.4500,2.0181,180.7021,0.0853,0.0000,0.0000,0.0000
24.151,545.1735,-1.6804,234.6435,0.2510,3.8000,-0.4500,2.2614,180.7023,0.0050,0.0000,0.0000,0.0000
24.261,544.9213,-1.6302,234.7126,0.2510,3.8000,-0.4500,2.3388,180.7023,359.9844,0.0000,0.0000,0.0000
24.372,544.7107,-1.5862,234.7695,0.2510,3.8000,-0.4500,2.4163,180.7022,359.9655,0.0000,0.0000,0.0000
24.483,544.4578,-1.5303,234.8361,0.2510,3.8000,-0.4500,2.6616,180.7020,359.9239,0.0000,0.0000,0.0000
24.608,544.2052,-1.4736,234.9037,0.2510,3.8000,-0.4500,2.6616,180.7020,359.9239,0.0000,0.0000,0.0000
24.733,543.9525,-1.4144,234.9694,0.2510,3.8000,-0.4500,2.9049,180.7016,359.8845,0.0000,0.0000,0.0000
24.858,543.7001,-1.3558,235.0368,0.2510,3.8000,-0.4500,2.9049,180.7016,359.8845,0.0000,0.0000,0.0000
24.984,543.4056,-1.2876,235.1148,0.2510,3.8000,-0.4500,2.9835,180.7014,359.8615,0.0000,0.0000,0.0000
25.098,543.1944,-1.2397,235.1700,0.2510,3.8000,-0.4500,3.1377,180.7010,359.8030,0.0000,0.0000,0.0000
25.206,542.9411,-1.1838,235.2374,0.2510,3.8000,-0.4500,3.1377,180.7010,359.8030,0.0000,0.0000,0.0000
25.331,542.6867,-1.1305,235.3042,0.2510,3.8000,-0.4500,3.2788,180.7004,359.7108,0.0000,0.0000,0.0000
25.456,542.4323,-1.0796,235.3716,0.2510,3.8000,-0.4500,3.3437,180.7000,359.6637,0.0000,0.0000,0.0000
25.581,542.1345,-1.0252,235.4503,0.2510,3.8000,-0.4500,3.4526,180.6992,359.5413,0.0000,0.0000,0.0000
25.693,541.9213,-0.9889,235.5070,0.2510,3.8000,-0.4500,3.5006,180.6988,359.4774,0.0000,0.0000,0.0000
25.803,541.6641,-0.9511,235.5755,0.2510,3.8000,-0.4500,3.6187,180.6975,359.2538,0.0000,0.0000,0.0000
25.916,541.4506,-0.9200,235.6338,0.2510,3.8000,-0.4500,3.6187,180.6975,359.2538,0.0000,0.0000,0.0000
26.025,541.1924,-0.8903,235.7043,0.2510,3.8000,-0.4500,3.6940,180.6964,359.0039,0.0000,0.0000,0.0000
26.150,540.9344,-0.8623,235.7764,0.2510,3.8000,-0.4500,3.7157,180.6960,358.9232,0.0000,0.0000,0.0000
26.275,540.6750,-0.8415,235.8501,0.2510,3.8000,-0.4500,3.7468,180.6954,358.6730,0.0000,0.0000,0.0000
26.401,540.3730,-0.8193,235.9381,0.2510,3.8000,-0.4500,3.7496,180.6953,358.5866,0.0000,0.0000,0.0000
26.525,540.1129,-0.8081,236.0159,0.2510,3.8000,-0.4500,3.7536,180.6952,358.3305,0.0000,0.0000,0.0000
26.651,539.8532,-0.7980,236.0960,0.2510,3.8000,-0.4500,3.7497,180.6953,358.2520,0.0000,0.0000,0.0000
26.776,539.5919,-0.7952,236.1786,0.2510,3.8000,-0.4500,3.7252,180.6961,358.0033,0.0000,0.0000,0.0000
26.901,539.2878,-0.7943,236.2783,0.2510,3.8000,-0.4500,3.7042,180.6969,357.8430,0.0000,0.0000,0.0000
27.001,539.0710,-0.7946,236.3513,0.2510,3.8000,-0.4500,3.7042,180.6969,357.8430,0.0000,0.0000,0.0000
27.109,538.8527,-0.8018,236.4265,0.2510,3.8000,-0.4500,3.6618,180.6986,357.5971,0.0000,0.0000,0.0000
27.234,538.5923,-0.8078,236.5184,0.2510,3.8000,-0.4500,3.6618,180.6986,357.5971,0.0000,0.0000,0.0000
27.359,538.3307,-0.8198,236.6130,0.2510,3.8000,-0.4500,3.6296,180.7000,357.4345,0.0000,0.0000,0.0000
27.470,538.0695,-0.8328,236.7095,0.2510,3.8000,-0.4500,3.6122,180.7008,357.3539,0.0000,0.0000,0.0000
27.595,537.8078,-0.8497,236.8083,0.2510,3.8000,-0.4500,3.5763,180.7025,357.1941,0.0000,0.0000,0.0000
27.709,537.5471,-0.8655,236.9087,0.2510,3.8000,-0.4500,3.5763,180.7025,357.1941,0.0000,0.0000,0.0000
27.817,537.3290,-0.8816,236.9938,0.2510,3.8000,-0.4500,3.5568,180.7034,357.1161,0.0000,0.0000,0.0000
27.942,537.0240,-0.9053,237.1145,0.2510,3.8000,-0.4500,3.5358,180.7045,357.0381,0.0000,0.0000,0.0000
28.067,536.7633,-0.9257,237.2193,0.2510,3.8000,-0.4500,3.5358,180.7045,357.0381,0.0000,0.0000,0.0000
28.192,536.5019,-0.9487,237.3253,0.2510,3.8000,-0.4500,3.5123,180.7057,356.9612,0.0000,0.0000,0.0000
28.292,536.2839,-0.9674,237.4091,0.2510,3.8000,-0.4500,3.5123,180.7057,356.9612,0.0000,0.0000,0.0000
28.414,536.0212,-0.9911,237.4993,0.2510,3.8000,-0.4500,3.5123,180.7057,356.9612,0.0000,0.0000,0.0000
28.526,535.7581,-1.0161,237.5661,0.2510,3.8000,-0.4500,3.5123,180.7057,356.9612,0.0000,0.0000,0.0000
28.640,535.4947,-1.0432,237.6131,0.2510,3.8000,-0.4500,3.5123,180.7057,356.9612,0.0000,0.0000,0.0000
28.761,535.2313,-1.0696,237.6768,0.2510,3.8000,-0.4500,3.5123,180.7057,356.9612,0.0000,0.0000,0.0000
28.886,534.9684,-1.0952,237.7545,0.2510,3.8000,-0.4500,3.5123,180.7057,356.9612,0.0000,0.0000,0.0000
29.012,534.7062,-1.1200,237.8426,0.2510,3.8000,-0.4500,3.5123,180.7057,356.9612,0.0000,0.0000,0.0000
29.137,534.4446,-1.1441,237.9382,0.2510,3.8000,-0.4500,3.5123,180.7057,356.9612,0.0000,0.0000,0.0000
29.262,534.1395,-1.1715,238.0560,0.2510,3.8000,-0.4500,3.5123,180.7057,356.9612,0.0000,0.0000,0.0000
29.374,533.9221,-1.1906,238.1428,0.2510,3.8000,-0.4500,3.5123,180.7057,356.9612,0.0000,0.0000,0.0000
29.484,533.6617,-1.2132,238.2489,0.2510,3.8000,-0.4500,3.5123,180.7057,356.9612,0.0000,0.0000,0.0000
29.609,533.4016,-1.2354,238.3564,0.2510,3.8000,-0.4500,3.5123,180.7057,356.9612,0.0000,0.0000,0.0000
29.733,533.1420,-1.2573,238.4649,0.2510,3.8000,-0.4500,3.5123,180.7057,356.9612,0.0000,0.0000,0.0000
29.859,532.8826,-1.2790,238.5742,0.2510,3.8000,-0.4500,3.5123,180.7057,356.9612,0.0000,0.0000,0.0000
29.984,532.5800,-1.3051,238.7033,0.2510,3.8000,-0.4500,3.4356,180.7098,356.9348,0.0000,0.0000,0.0000
30.097,532.3640,-1.3230,238.7957,0.2510,3.8000,-0.4500,3.4356,180.7098,356.9348,0.0000,0.0000,0.0000
30.206,532.1049,-1.3452,238.9075,0.2510,3.8000,-0.4500,3.3553,180.7141,356.9206,0.0000,0.0000,0.0000
30.317,531.8892,-1.3646,239.0018,0.2510,3.8000,-0.4500,3.1914,180.7230,356.9112,0.0000,0.0000,0.0000
30.429,531.6307,-1.3862,239.1142,0.2510,3.8000,-0.4500,3.1914,180.7230,356.9112,0.0000,0.0000,0.0000
30.539,531.4154,-1.4044,239.2080,0.2510,3.8000,-0.4500,3.1914,180.7230,356.9112,0.0000,0.0000,0.0000
30.664,531.1143,-1.4313,239.3405,0.2510,3.8000,-0.4500,3.0250,180.7320,356.9269,0.0000,0.0000,0.0000
30.777,530.8993,-1.4501,239.4343,0.2510,3.8000,-0.4500,3.0250,180.7320,356.9269,0.0000,0.0000,0.0000
30.888,530.6417,-1.4739,239.5481,0.2510,3.8000,-0.4500,2.8613,180.7407,356.9566,0.0000,0.0000,0.0000
31.011,530.3840,-1.4975,239.6612,0.2510,3.8000,-0.4500,2.8613,180.7407,356.9566,0.0000,0.0000,0.0000
31.124,530.1266,-1.5219,239.7753,0.2510,3.8000,-0.4500,2.7790,180.7451,356.9768,0.0000,0.0000,0.0000
31.236,529.9124,-1.5430,239.8713,0.2510,3.8000,-0.4500,2.6144,180.7537,357.0211,0.0000,0.0000,0.0000
31.346,529.6551,-1.5685,239.9857,0.2510,3.8000,-0.4500,2.5349,180.7579,357.0429,0.0000,0.0000,0.0000
31.457,529.4406,-1.5901,240.0806,0.2510,3.8000,-0.4500,2.5349,180.7579,357.0430,0.0000,0.0000,0.0000
31.581,529.1411,-1.6213,240.2135,0.2510,3.8000,-0.4500,2.3767,180.7660,357.0941,0.0000,0.0000,0.0000
31.693,528.9266,-1.6439,240.3037,0.2510,3.8000,-0.4500,2.3767,180.7660,357.0941,0.0000,0.0000,0.0000
31.818,528.6694,-1.6719,240.4070,0.2510,3.8000,-0.4500,2.2975,180.7700,357.1224,0.0000,0.0000,0.0000
31.931,528.4117,-1.7004,240.5052,0.2510,3.8000,-0.4500,2.1428,180.7777,357.1798,0.0000,0.0000,0.0000
32.040,528.1535,-1.7302,240.5435,0.2510,3.8000,-0.4500,2.1428,180.7777,357.1798,0.0000,0.0000,0.0000
32.165,527.8963,-1.7617,240.5112,0.2510,3.8000,-0.4500,2.0667,180.7814,357.2127,0.0000,0.0000,0.0000
32.279,527.6832,-1.7887,240.4455,0.2510,3.8000,-0.4500,1.9916,180.7850,357.2466,0.0000,0.0000,0.0000
32.387,527.4302,-1.8214,240.3246,0.2510,3.8000,-0.4500,1.8397,180.7923,357.3252,0.0000,0.0000,0.0000
32.512,527.1797,-1.8543,240.1619,0.2510,3.8000,-0.4500,1.7679,180.7956,357.3665,0.0000,0.0000,0.0000
32.637,526.9321,-1.8866,239.9679,0.2510,3.8000,-0.4500,1.6249,180.8020,357.4559,0.0000,0.0000,0.0000
32.748,526.6862,-1.9190,239.7461,0.2510,3.8000,-0.4500,1.6249,180.8020,357.4559,0.0000,0.0000,0.0000
32.874,526.4426,-1.9501,239.5024,0.2510,3.8000,-0.4500,1.4879,180.8080,357.5515,0.0000,0.0000,0.0000
32.998,526.2005,-1.9802,239.2418,0.2510,3.8000,-0.4500,1.3588,180.8134,357.6506,0.0000,0.0000,0.0000
33.123,525.9194,-2.0142,238.9279,0.2510,3.8000,-0.4500,1.2311,180.8185,357.7552,0.0000,0.0000,0.0000
33.248,525.6780,-2.0431,238.6571,0.2510,3.8000,-0.4500,1.2311,180.8185,357.7552,0.0000,0.0000,0.0000
33.373,525.4380,-2.0698,238.3897,0.2510,3.8000,-0.4500,1.0409,180.8257,357.9220,0.0000,0.0000,0.0000
33.498,525.1960,-2.0974,238.1317,0.2510,3.8000,-0.4500,1.0409,180.8257,357.9220,0.0000,0.0000,0.0000
33.623,524.9134,-2.1282,237.8481,0.2510,3.8000,-0.4500,0.9166,180.8301,358.0314,0.0000,0.0000,0.0000
33.748,524.6700,-2.1554,237.6134,0.2510,3.8000,-0.4500,0.9166,180.8301,358.0314,0.0000,0.0000,0.0000
33.873,524.4282,-2.1833,237.3601,0.2510,3.8000,-0.4500,0.9166,180.8301,358.0314,0.0000,0.0000,0.0000
33.998,524.1888,-2.2121,237.0751,0.2510,3.8000,-0.4500,0.9166,180.8301,358.0314,0.0000,0.0000,0.0000
34.124,523.9136,-2.2473,236.6986,0.2510,3.8000,-0.4500,0.8509,180.8324,358.0764,0.0000,0.0000,0.0000
34.248,523.6823,-2.2796,236.3062,0.2510,3.8000,-0.4500,0.8509,180.8324,358.0764,0.0000,0.0000,0.0000
34.361,523.4555,-2.3135,235.8464,0.2510,3.8000,-0.4500,0.8509,180.8324,358.0764,0.0000,0.0000,0.0000
34.471,523.2690,-2.3428,235.4199,0.2510,3.8000,-0.4500,0.8509,180.8324,358.0764,0.0000,0.0000,0.0000
34.595,523.0495,-2.3794,234.8458,0.2510,3.8000,-0.4500,0.6899,180.8377,358.1162,0.0000,0.0000,0.0000
34.696,522.8690,-2.4098,234.3184,0.2510,3.8000,-0.4500,0.6899,180.8377,358.1162,0.0000,0.0000,0.0000
34.804,522.6552,-2.4470,233.6453,0.2510,3.8000,-0.4500,0.5307,180.8429,358.1451,0.0000,0.0000,0.0000
34.929,522.4427,-2.4831,232.9399,0.2510,3.8000,-0.4500,0.5307,180.8430,358.1451,0.0000,0.0000,0.0000
35.054,522.2321,-2.5195,232.2156,0.2510,3.8000,-0.4500,0.2828,180.8509,358.1968,0.0000,0.0000,0.0000
35.179,522.0219,-2.5540,231.4770,0.2510,3.8000,-0.4500,0.2828,180.8509,358.1968,0.0000,0.0000,0.0000
35.307,521.7776,-2.5931,230.6097,0.2510,3.8000,-0.4500,0.0463,180.8582,358.2697,0.0000,0.0000,0.0000
35.418,521.6028,-2.6196,229.9876,0.2510,3.8000,-0.4500,0.0463,180.8582,358.2697,0.0000,0.0000,0.0000
35.526,521.3943,-2.6497,229.2427,0.2510,3.8000,-0.4500,359.8210,180.8648,358.3733,0.0000,0.0000,0.0000
35.651,521.1846,-2.6782,228.5025,0.2510,3.8000,-0.4500,359.8210,180.8648,358.3733,0.0000,0.0000,0.0000
35.762,520.9758,-2.7042,227.7754,0.2510,3.8000,-0.4500,359.6129,180.8705,358.5072,0.0000,0.0000,0.0000
35.887,520.7659,-2.7289,227.0607,0.2510,3.8000,-0.4500,359.6129,180.8705,358.5072,0.0000,0.0000,0.0000
36.012,520.5521,-2.7515,226.4232,0.2510,3.8000,-0.4500,359.4885,180.8736,358.6134,0.0000,0.0000,0.0000
36.137,520.3289,-2.7745,225.9345,0.2510,3.8000,-0.4500,359.4330,180.8749,358.6741,0.0000,0.0000,0.0000
36.262,520.0553,-2.8020,225.5544,0.2510,3.8000,-0.4500,359.3784,180.8761,358.7357,0.0000,0.0000,0.0000
36.375,519.8521,-2.8208,225.4055,0.2510,3.8000,-0.4500,359.3384,180.8770,358.8068,0.0000,0.0000,0.0000
36.484,519.6055,-2.8422,225.3498,0.2510,3.8000,-0.4500,359.3113,180.8775,358.8856,0.0000,0.0000,0.0000
36.609,519.3598,-2.8595,225.3906,0.2510,3.8000,-0.4500,359.2644,180.8784,359.0430,0.0000,0.0000,0.0000
36.721,519.1149,-2.8734,225.4939,0.2510,3.8000,-0.4500,359.2685,180.8783,359.1252,0.0000,0.0000,0.0000
36.827,518.9124,-2.8792,225.6095,0.2510,3.8000,-0.4500,359.2831,180.8781,359.2899,0.0000,0.0000,0.0000
36.943,518.6705,-2.8794,225.7691,0.2510,3.8000,-0.4500,359.3562,180.8774,359.5278,0.0000,0.0000,0.0000
37.053,518.4686,-2.8772,225.9063,0.2510,3.8000,-0.4500,359.3839,180.8772,359.6049,0.0000,0.0000,0.0000
37.179,518.2266,-2.8639,226.0573,0.2510,3.8000,-0.4500,359.5337,180.8765,359.9022,0.0000,0.0000,0.0000
37.292,517.9827,-2.8474,226.1915,0.2510,3.8000,-0.4500,359.6187,180.8765,0.0457,0.0000,0.0000,0.0000
37.401,517.7383,-2.8247,226.3132,0.2510,3.8000,-0.4500,359.7057,180.8767,0.1885,0.0000,0.0000,0.0000
37.526,517.4944,-2.7944,226.4289,0.2510,3.8000,-0.4500,359.8374,180.8774,0.4018,0.0000,0.0000,0.0000
37.651,517.2513,-2.7584,226.5423,0.2510,3.8000,-0.4500,359.9676,180.8785,0.6203,0.0000,0.0000,0.0000
37.776,517.0080,-2.7203,226.6556,0.2510,3.8000,-0.4500,0.0094,180.8790,0.6914,0.0000,0.0000,0.0000
37.901,516.7267,-2.6650,226.7875,0.2510,3.8000,-0.4500,0.1661,180.8813,0.9848,0.0000,0.0000,0.0000
38.026,516.4853,-2.6166,226.9022,0.2510,3.8000,-0.4500,0.2002,180.8819,1.0599,0.0000,0.0000,0.0000
38.151,516.2457,-2.5626,227.0183,0.2510,3.8000,-0.4500,0.2671,180.8832,1.2114,0.0000,0.0000,0.0000
38.276,516.0073,-2.5052,227.1384,0.2510,3.8000,-0.4500,0.3226,180.8845,1.3654,0.0000,0.0000,0.0000
38.377,515.8088,-2.4561,227.2417,0.2510,3.8000,-0.4500,0.3449,180.8850,1.4456,0.0000,0.0000,0.0000
38.484,515.5718,-2.3954,227.3700,0.2510,3.8000,-0.4500,0.3664,180.8856,1.5263,0.0000,0.0000,0.0000
38.609,515.3372,-2.3299,227.5050,0.2510,3.8000,-0.4500,0.4038,180.8866,1.7731,0.0000,0.0000,0.0000
38.724,515.1022,-2.2680,227.6470,0.2510,3.8000,-0.4500,0.4038,180.8866,1.7731,0.0000,0.0000,0.0000
38.833,514.9070,-2.2162,227.7692,0.2510,3.8000,-0.4500,0.4038,180.8866,1.7731,0.0000,0.0000,0.0000
38.958,514.6751,-2.1502,227.9191,0.2510,3.8000,-0.4500,0.3755,180.8857,2.0200,0.0000,0.0000,0.0000
39.068,514.4420,-2.0893,228.0714,0.2510,3.8000,-0.4500,0.3755,180.8857,2.0200,0.0000,0.0000,0.0000
39.193,514.2096,-2.0290,228.2257,0.2510,3.8000,-0.4500,0.3418,180.8845,2.0932,0.0000,0.0000,0.0000
39.318,513.9779,-1.9703,228.3820,0.2510,3.8000,-0.4500,0.2554,180.8812,2.2311,0.0000,0.0000,0.0000
39.431,513.7457,-1.9162,228.5397,0.2510,3.8000,-0.4500,0.2554,180.8812,2.2311,0.0000,0.0000,0.0000
39.540,513.5142,-1.8643,228.6997,0.2510,3.8000,-0.4500,0.1401,180.8766,2.3451,0.0000,0.0000,0.0000
39.665,513.2827,-1.8168,228.8615,0.2510,3.8000,-0.4500,0.0026,180.8709,2.4353,0.0000,0.0000,0.0000
39.776,513.0894,-1.7807,228.9971,0.2510,3.8000,-0.4500,359.9296,180.8677,2.4707,0.0000,0.0000,0.0000
39.901,512.8186,-1.7355,229.1889,0.2510,3.8000,-0.4500,359.7773,180.8611,2.5307,0.0000,0.0000,0.0000
40.027,512.5864,-1.7026,229.3554,0.2510,3.8000,-0.4500,359.5233,180.8497,2.5794,0.0000,0.0000,0.0000
40.151,512.3534,-1.6738,229.5219,0.2510,3.8000,-0.4500,359.4377,180.8459,2.5841,0.0000,0.0000,0.0000
40.276,512.1202,-1.6514,229.6903,0.2510,3.8000,-0.4500,359.1841,180.8344,2.5869,0.0000,0.0000,0.0000
40.403,511.8471,-1.6314,229.8874,0.2510,3.8000,-0.4500,359.0180,180.8269,2.5727,0.0000,0.0000,0.0000
40.512,511.6516,-1.6236,230.0303,0.2510,3.8000,-0.4500,358.7697,180.8159,2.5339,0.0000,0.0000,0.0000
40.637,511.4162,-1.6209,230.2031,0.2510,3.8000,-0.4500,358.4414,180.8016,2.4543,0.0000,0.0000,0.0000
40.762,511.1408,-1.6248,230.4051,0.2510,3.8000,-0.4500,358.2090,180.7917,2.3836,0.0000,0.0000,0.0000
40.887,510.9041,-1.6354,230.5791,0.2510,3.8000,-0.4500,358.0550,180.7854,2.3314,0.0000,0.0000,0.0000
41.012,510.6662,-1.6572,230.7554,0.2510,3.8000,-0.4500,357.6638,180.7700,2.1786,0.0000,0.0000,0.0000
41.124,510.4280,-1.6834,230.9307,0.2510,3.8000,-0.4500,357.5128,180.7643,2.1138,0.0000,0.0000,0.0000
41.234,510.2282,-1.7154,231.0786,0.2510,3.8000,-0.4500,357.1229,180.7505,1.9389,0.0000,0.0000,0.0000
41.360,509.9487,-1.7645,231.2840,0.2510,3.8000,-0.4500,356.8949,180.7430,1.8303,0.0000,0.0000,0.0000
41.484,509.7083,-1.8156,231.4600,0.2510,3.8000,-0.4500,356.6677,180.7359,1.7193,0.0000,0.0000,0.0000
41.609,509.4672,-1.8743,231.6352,0.2510,3.8000,-0.4500,356.4441,180.7294,1.6080,0.0000,0.0000,0.0000
41.735,509.2253,-1.9405,231.8097,0.2510,3.8000,-0.4500,356.2045,180.7229,1.4847,0.0000,0.0000,0.0000
41.859,508.9829,-2.0133,231.9830,0.2510,3.8000,-0.4500,355.9771,180.7173,1.3664,0.0000,0.0000,0.0000
41.984,508.6997,-2.1054,232.1849,0.2510,3.8000,-0.4500,355.7611,180.7123,1.2517,0.0000,0.0000,0.0000
42.095,508.4969,-2.1771,232.3304,0.2510,3.8000,-0.4500,355.5426,180.7077,1.1332,0.0000,0.0000,0.0000
42.210,508.2542,-2.2643,232.5049,0.2510,3.8000,-0.4500,355.4724,180.7064,1.0950,0.0000,0.0000,0.0000
42.318,508.0514,-2.3421,232.6536,0.2510,3.8000,-0.4500,355.3289,180.7037,1.0143,0.0000,0.0000,0.0000
42.443,507.7683,-2.4530,232.8683,0.2510,3.8000,-0.4500,355.2591,180.7025,0.9740,0.0000,0.0000,0.0000
42.568,507.5262,-2.5503,233.0580,0.2510,3.8000,-0.4500,355.2591,180.7025,0.9740,0.0000,0.0000,0.0000
42.692,507.2839,-2.6506,233.2520,0.2510,3.8000,-0.4500,355.1888,180.7013,0.9319,0.0000,0.0000,0.0000
42.817,507.0422,-2.7503,233.4482,0.2510,3.8000,-0.4500,355.1888,180.7013,0.9319,0.0000,0.0000,0.0000
42.943,506.7602,-2.8657,233.6793,0.2510,3.8000,-0.4500,355.1888,180.7013,0.9319,0.0000,0.0000,0.0000
43.068,506.5187,-2.9628,233.8797,0.2510,3.8000,-0.4500,355.1888,180.7013,0.9319,0.0000,0.0000,0.0000
43.192,506.2773,-3.0569,234.0828,0.2510,3.8000,-0.4500,355.1888,180.7013,0.9319,0.0000,0.0000,0.0000
43.293,506.0765,-3.1324,234.2540,0.2510,3.8000,-0.4500,355.1888,180.7013,0.9319,0.0000,0.0000,0.0000
43.403,505.8361,-3.2186,234.4628,0.2510,3.8000,-0.4500,355.1888,180.7013,0.9319,0.0000,0.0000,0.0000
43.512,505.6361,-3.2863,234.6402,0.2510,3.8000,-0.4500,355.1888,180.7013,0.9319,0.0000,0.0000,0.0000
43.637,505.3969,-3.3616,234.8566,0.2510,3.8000,-0.4500,355.1888,180.7013,0.9319,0.0000,0.0000,0.0000
43.762,505.1185,-3.4403,235.1128,0.2510,3.8000,-0.4500,355.1888,180.7013,0.9319,0.0000,0.0000,0.0000
43.887,504.8806,-3.4967,235.3329,0.2510,3.8000,-0.4500,355.4417,180.7055,0.9412,0.0000,0.0000,0.0000
44.012,504.6434,-3.5433,235.5540,0.2510,3.8000,-0.4500,355.7800,180.7111,0.9737,0.0000,0.0000,0.0000
44.138,504.4072,-3.5784,235.7748,0.2510,3.8000,-0.4500,356.2755,180.7199,1.0581,0.0000,0.0000,0.0000
44.262,504.1321,-3.6084,236.0332,0.2510,3.8000,-0.4500,356.6828,180.7278,1.1464,0.0000,0.0000,0.0000
44.374,503.9359,-3.6226,236.2180,0.2510,3.8000,-0.4500,356.8432,180.7310,1.1836,0.0000,0.0000,0.0000
44.484,503.6995,-3.6243,236.4099,0.2510,3.8000,-0.4500,357.3723,180.7426,1.3265,0.0000,0.0000,0.0000
44.609,503.4589,-3.6131,236.5424,0.2510,3.8000,-0.4500,357.8680,180.7548,1.4834,0.0000,0.0000,0.0000
44.735,503.2157,-3.5909,236.6011,0.2510,3.8000,-0.4500,358.1838,180.7633,1.6038,0.0000,0.0000,0.0000
44.848,502.9734,-3.5543,236.5981,0.2510,3.8000,-0.4500,358.6535,180.7772,1.8070,0.0000,0.0000,0.0000
44.956,502.7721,-3.5188,236.5643,0.2510,3.8000,-0.4500,358.8131,180.7824,1.8867,0.0000,0.0000,0.0000
45.082,502.4939,-3.4515,236.4803,0.2510,3.8000,-0.4500,359.3684,180.8021,2.1825,0.0000,0.0000,0.0000
45.193,502.2971,-3.3982,236.3933,0.2510,3.8000,-0.4500,359.5834,180.8105,2.3069,0.0000,0.0000,0.0000
45.317,502.0671,-3.3230,236.2355,0.2510,3.8000,-0.4500,0.0124,180.8288,2.5729,0.0000,0.0000,0.0000
45.443,501.8046,-3.2294,235.9837,0.2510,3.8000,-0.4500,0.2898,180.8417,2.7578,0.0000,0.0000,0.0000
45.568,501.5851,-3.1393,235.7240,0.2510,3.8000,-0.4500,0.6380,180.8592,3.0031,0.0000,0.0000,0.0000
45.682,501.3681,-3.0453,235.4403,0.2510,3.8000,-0.4500,0.8396,180.8700,3.1515,0.0000,0.0000,0.0000
45.792,501.1897,-2.9601,235.1907,0.2510,3.8000,-0.4500,1.1052,180.8851,3.3527,0.0000,0.0000,0.0000
45.901,500.9768,-2.8546,234.8854,0.2510,3.8000,-0.4500,1.3018,180.8969,3.5050,0.0000,0.0000,0.0000
46.026,500.7616,-2.7413,234.6259,0.2510,3.8000,-0.4500,1.4998,180.9093,3.6599,0.0000,0.0000,0.0000
46.151,500.5438,-2.6145,234.4785,0.2510,3.8000,-0.4500,1.8304,180.9312,3.9163,0.0000,0.0000,0.0000
46.265,500.3257,-2.4773,234.4640,0.2510,3.8000,-0.4500,2.0377,180.9457,4.0658,0.0000,0.0000,0.0000
46.373,500.1461,-2.3540,234.5210,0.2510,3.8000,-0.4500,2.1769,180.9557,4.1631,0.0000,0.0000,0.0000
46.499,499.9348,-2.1912,234.6429,0.2510,3.8000,-0.4500,2.6065,180.9880,4.4328,0.0000,0.0000,0.0000
46.623,499.6906,-1.9941,234.8361,0.2510,3.8000,-0.4500,2.8268,181.0054,4.5515,0.0000,0.0000,0.0000
46.724,499.5184,-1.8454,234.9933,0.2510,3.8000,-0.4500,3.0450,181.0230,4.6597,0.0000,0.0000,0.0000
46.831,499.3471,-1.6944,235.1619,0.2510,3.8000,-0.4500,3.1160,181.0288,4.6925,0.0000,0.0000,0.0000
46.957,499.1431,-1.5071,235.3725,0.2510,3.8000,-0.4500,3.2630,181.0409,4.7537,0.0000,0.0000,0.0000
47.082,498.9067,-1.2828,235.6246,0.2510,3.8000,-0.4500,3.5003,181.0609,4.8346,0.0000,0.0000,0.0000
47.194,498.7382,-1.1207,235.8076,0.2510,3.8000,-0.4500,3.6563,181.0741,4.8715,0.0000,0.0000,0.0000
47.305,498.5358,-0.9272,236.0301,0.2510,3.8000,-0.4500,3.6563,181.0741,4.8715,0.0000,0.0000,0.0000
47.415,498.3671,-0.7657,236.2164,0.2510,3.8000,-0.4500,3.6563,181.0741,4.8715,0.0000,0.0000,0.0000
47.540,498.1306,-0.5405,236.4772,0.2510,3.8000,-0.4500,3.7388,181.0812,4.8710,0.0000,0.0000,0.0000
47.665,497.9273,-0.3505,236.7015,0.2510,3.8000,-0.4500,3.7388,181.0812,4.8710,0.0000,0.0000,0.0000
47.765,497.7571,-0.1952,236.8881,0.2510,3.8000,-0.4500,3.8141,181.0876,4.8404,0.0000,0.0000,0.0000
47.873,497.5864,-0.0432,237.0754,0.2510,3.8000,-0.4500,3.8141,181.0876,4.8404,0.0000,0.0000,0.0000
47.998,497.3799,0.1332,237.2999,0.2510,3.8000,-0.4500,3.8733,181.0926,4.7858,0.0000,0.0000,0.0000
48.123,497.1353,0.3266,237.5614,0.2510,3.8000,-0.4500,4.0188,181.1045,4.4930,0.0000,0.0000,0.0000
48.248,496.9243,0.4853,237.7855,0.2510,3.8000,-0.4500,4.0257,181.1050,4.4089,0.0000,0.0000,0.0000
48.373,496.7088,0.6300,238.0093,0.2510,3.8000,-0.4500,4.0210,181.1047,4.0666,0.0000,0.0000,0.0000
48.498,496.4896,0.7611,238.2333,0.2510,3.8000,-0.4500,3.8908,181.0960,3.5903,0.0000,0.0000,0.0000
48.623,496.2322,0.9036,238.4929,0.2510,3.8000,-0.4500,3.7353,181.0867,3.2827,0.0000,0.0000,0.0000
48.749,496.0077,1.0098,238.7153,0.2510,3.8000,-0.4500,3.5094,181.0745,2.9073,0.0000,0.0000,0.0000
48.859,495.8182,1.0872,238.9005,0.2510,3.8000,-0.4500,3.2620,181.0627,2.5560,0.0000,0.0000,0.0000
48.984,495.5505,1.1815,239.1586,0.2510,3.8000,-0.4500,2.9531,181.0499,2.1564,0.0000,0.0000,0.0000
49.113,495.3180,1.2455,239.3795,0.2510,3.8000,-0.4500,2.6214,181.0386,1.7597,0.0000,0.0000,0.0000
49.220,495.0832,1.2951,239.5996,0.2510,3.8000,-0.4500,2.2807,181.0293,1.3694,0.0000,0.0000,0.0000
49.334,494.8860,1.3253,239.7825,0.2510,3.8000,-0.4500,1.9969,181.0233,1.0540,0.0000,0.0000,0.0000
49.443,494.6476,1.3482,240.0017,0.2510,3.8000,-0.4500,1.6546,181.0181,0.6829,0.0000,0.0000,0.0000
49.567,494.4074,1.3563,240.2211,0.2510,3.8000,-0.4500,1.3096,181.0151,0.3171,0.0000,0.0000,0.0000
49.693,494.1663,1.3513,240.4409,0.2510,3.8000,-0.4500,1.0175,181.0143,0.0128,0.0000,0.0000,0.0000
49.804,493.9234,1.3300,240.6623,0.2510,3.8000,-0.4500,0.6485,181.0154,359.6339,0.0000,0.0000,0.0000
49.929,493.6796,1.2951,240.8850,0.2510,3.8000,-0.4500,0.2906,181.0188,359.2708,0.0000,0.0000,0.0000
50.043,493.4354,1.2483,241.1086,0.2510,3.8000,-0.4500,359.9918,181.0234,358.9709,0.0000,0.0000,0.0000
50.151,493.2315,1.1997,241.2960,0.2510,3.8000,-0.4500,359.7547,181.0282,358.7344,0.0000,0.0000,0.0000
50.276,492.9865,1.1315,241.5188,0.2510,3.8000,-0.4500,359.5181,181.0339,358.4991,0.0000,0.0000,0.0000
50.401,492.6987,1.0350,241.7728,0.2510,3.8000,-0.4500,359.1396,181.0450,358.1236,0.0000,0.0000,0.0000
50.526,492.4519,0.9434,241.9850,0.2510,3.8000,-0.4500,358.9049,181.0532,357.8900,0.0000,0.0000,0.0000
50.651,492.2041,0.8427,242.1892,0.2510,3.8000,-0.4500,358.6678,181.0624,357.6526,0.0000,0.0000,0.0000
50.776,491.9558,0.7372,242.3802,0.2510,3.8000,-0.4500,358.5512,181.0674,357.5346,0.0000,0.0000,0.0000
50.901,491.6645,0.6049,242.5900,0.2510,3.8000,-0.4500,358.3752,181.0752,357.3548,0.0000,0.0000,0.0000
51.001,491.4554,0.5042,242.7337,0.2510,3.8000,-0.4500,358.1989,181.0836,357.1756,0.0000,0.0000,0.0000
51.109,491.2471,0.4045,242.8727,0.2510,3.8000,-0.4500,358.1989,181.0836,357.1756,0.0000,0.0000,0.0000
51.222,490.9959,0.2759,243.0371,0.2510,3.8000,-0.4500,358.0155,181.0930,357.0030,0.0000,0.0000,0.0000
51.332,490.7868,0.1677,243.1717,0.2510,3.8000,-0.4500,357.9487,181.0965,356.9495,0.0000,0.0000,0.0000
51.443,490.5357,0.0334,243.3306,0.2510,3.8000,-0.4500,357.8137,181.1038,356.8446,0.0000,0.0000,0.0000
51.554,490.3265,-0.0798,243.4610,0.2510,3.8000,-0.4500,357.7405,181.1079,356.8010,0.0000,0.0000,0.0000
51.665,490.0753,-0.2201,243.6176,0.2510,3.8000,-0.4500,357.5231,181.1203,356.6797,0.0000,0.0000,0.0000
51.790,489.8255,-0.3583,243.7793,0.2510,3.8000,-0.4500,357.5231,181.1203,356.6797,0.0000,0.0000,0.0000
51.915,489.5765,-0.4988,243.9505,0.2510,3.8000,-0.4500,357.4419,181.1250,356.6638,0.0000,0.0000,0.0000
52.040,489.2873,-0.6628,244.1622,0.2510,3.8000,-0.4500,357.3582,181.1299,356.6587,0.0000,0.0000,0.0000
52.165,489.0410,-0.8035,244.3589,0.2510,3.8000,-0.4500,357.1954,181.1394,356.6629,0.0000,0.0000,0.0000
52.290,488.7962,-0.9416,244.5682,0.2510,3.8000,-0.4500,357.1954,181.1394,356.6629,0.0000,0.0000,0.0000
52.401,488.5527,-1.0773,244.7892,0.2510,3.8000,-0.4500,357.1199,181.1438,356.6931,0.0000,0.0000,0.0000
52.512,488.3509,-1.1872,244.9806,0.2510,3.8000,-0.4500,356.9799,181.1518,356.7835,0.0000,0.0000,0.0000
52.625,488.1094,-1.3144,245.2156,0.2510,3.8000,-0.4500,356.8633,181.1582,356.8988,0.0000,0.0000,0.0000
52.734,487.9093,-1.4144,245.4150,0.2510,3.8000,-0.4500,356.7277,181.1653,357.1060,0.0000,0.0000,0.0000
52.846,487.6689,-1.5292,245.6557,0.2510,3.8000,-0.4500,356.6736,181.1680,357.2679,0.0000,0.0000,0.0000
52.956,487.4693,-1.6175,245.8576,0.2510,3.8000,-0.4500,356.6115,181.1709,357.5119,0.0000,0.0000,0.0000
53.081,487.1902,-1.7308,246.1399,0.2510,3.8000,-0.4500,356.6096,181.1709,357.8602,0.0000,0.0000,0.0000
53.206,486.9502,-1.8207,246.3812,0.2510,3.8000,-0.4500,356.6202,181.1706,358.0275,0.0000,0.0000,0.0000
53.320,486.7522,-1.8829,246.5813,0.2510,3.8000,-0.4500,356.7162,181.1676,358.4480,0.0000,0.0000,0.0000
53.428,486.5125,-1.9554,246.8204,0.2510,3.8000,-0.4500,356.7626,181.1664,358.6049,0.0000,0.0000,0.0000
53.554,486.2747,-2.0129,247.0568,0.2510,3.8000,-0.4500,356.9344,181.1629,358.9987,0.0000,0.0000,0.0000
53.678,486.0365,-2.0625,247.2901,0.2510,3.8000,-0.4500,357.0938,181.1605,359.2886,0.0000,0.0000,0.0000
53.803,485.7586,-2.1091,247.5576,0.2510,3.8000,-0.4500,357.2748,181.1587,359.5647,0.0000,0.0000,0.0000
53.917,485.5597,-2.1340,247.7359,0.2510,3.8000,-0.4500,357.4286,181.1578,359.7639,0.0000,0.0000,0.0000
54.026,485.3201,-2.1528,247.9255,0.2510,3.8000,-0.4500,357.7186,181.1574,0.0750,0.0000,0.0000,0.0000
54.151,485.0779,-2.1675,248.0921,0.2510,3.8000,-0.4500,357.8384,181.1577,0.1839,0.0000,0.0000,0.0000
54.276,484.8340,-2.1727,248.2282,0.2510,3.8000,-0.4500,358.0384,181.1586,0.3365,0.0000,0.0000,0.0000
54.401,484.5460,-2.1689,248.3400,0.2510,3.8000,-0.4500,358.3233,181.1607,0.5170,0.0000,0.0000,0.0000
54.512,484.3382,-2.1613,248.3946,0.2510,3.8000,-0.4500,358.5471,181.1629,0.6189,0.0000,0.0000,0.0000
54.637,484.0881,-2.1494,248.4179,0.2510,3.8000,-0.4500,358.6996,181.1647,0.6743,0.0000,0.0000,0.0000
54.762,483.7996,-2.1284,248.3657,0.2510,3.8000,-0.4500,359.0355,181.1689,0.7544,0.0000,0.0000,0.0000
54.886,483.5550,-2.1088,248.2669,0.2510,3.8000,-0.4500,359.1996,181.1711,0.7767,0.0000,0.0000,0.0000
55.012,483.3130,-2.0858,248.1252,0.2510,3.8000,-0.4500,359.5379,181.1757,0.7910,0.0000,0.0000,0.0000
55.137,483.0730,-2.0629,247.9490,0.2510,3.8000,-0.4500,359.7861,181.1791,0.7726,0.0000,0.0000,0.0000
55.261,482.7946,-2.0357,247.7120,0.2510,3.8000,-0.4500,0.1104,181.1833,0.7158,0.0000,0.0000,0.0000
55.374,482.5965,-2.0170,247.5312,0.2510,3.8000,-0.4500,0.1912,181.1843,0.6937,0.0000,0.0000,0.0000
55.484,482.3587,-1.9943,247.3053,0.2510,3.8000,-0.4500,0.4339,181.1871,0.6216,0.0000,0.0000,0.0000
55.609,482.1205,-1.9723,247.0742,0.2510,3.8000,-0.4500,0.7440,181.1901,0.4996,0.0000,0.0000,0.0000
55.734,481.8810,-1.9510,246.8507,0.2510,3.8000,-0.4500,0.9687,181.1919,0.3909,0.0000,0.0000,0.0000
55.859,481.6396,-1.9302,246.6436,0.2510,3.8000,-0.4500,1.1893,181.1932,0.2701,0.0000,0.0000,0.0000
55.984,481.3549,-1.9061,246.4283,0.2510,3.8000,-0.4500,1.4015,181.1939,0.1419,0.0000,0.0000,0.0000
56.095,481.1468,-1.8880,246.3287,0.2510,3.8000,-0.4500,1.5416,181.1942,0.0506,0.0000,0.0000,0.0000
56.220,480.8948,-1.8640,246.2898,0.2510,3.8000,-0.4500,1.7500,181.1941,359.9088,0.0000,0.0000,0.0000
56.333,480.6427,-1.8376,246.3251,0.2510,3.8000,-0.4500,2.0906,181.1928,359.6630,0.0000,0.0000,0.0000
56.443,480.3935,-1.8070,246.4188,0.2510,3.8000,-0.4500,2.1542,181.1924,359.6156,0.0000,0.0000,0.0000
56.557,480.1856,-1.7810,246.5269,0.2510,3.8000,-0.4500,2.4311,181.1901,359.4030,0.0000,0.0000,0.0000
56.676,479.9378,-1.7475,246.6835,0.2510,3.8000,-0.4500,2.6235,181.1878,359.2494,0.0000,0.0000,0.0000
56.790,479.6904,-1.7132,246.8598,0.2510,3.8000,-0.4500,2.8122,181.1851,359.0905,0.0000,0.0000,0.0000
56.900,479.4431,-1.6789,247.0500,0.2510,3.8000,-0.4500,2.9993,181.1818,358.9203,0.0000,0.0000,0.0000
57.025,479.1960,-1.6445,247.2493,0.2510,3.8000,-0.4500,3.1178,181.1795,358.8058,0.0000,0.0000,0.0000
57.150,478.9464,-1.6135,247.4351,0.2510,3.8000,-0.4500,3.3514,181.1741,358.5563,0.0000,0.0000,0.0000
57.275,478.6945,-1.5840,247.5874,0.2510,3.8000,-0.4500,3.3514,181.1741,358.5563,0.0000,0.0000,0.0000
57.401,478.3949,-1.5589,247.7240,0.2510,3.8000,-0.4500,3.5632,181.1682,358.2851,0.0000,0.0000,0.0000
57.513,478.1803,-1.5436,247.8164,0.2510,3.8000,-0.4500,3.6520,181.1655,358.1523,0.0000,0.0000,0.0000
57.623,477.9231,-1.5289,247.9463,0.2510,3.8000,-0.4500,3.8169,181.1597,357.8638,0.0000,0.0000,0.0000
57.734,477.7112,-1.5146,248.0742,0.2510,3.8000,-0.4500,3.8169,181.1597,357.8638,0.0000,0.0000,0.0000
57.845,477.4567,-1.5023,248.2469,0.2510,3.8000,-0.4500,3.9179,181.1557,357.6266,0.0000,0.0000,0.0000
57.956,477.2458,-1.4919,248.4037,0.2510,3.8000,-0.4500,3.9490,181.1544,357.5497,0.0000,0.0000,0.0000
58.081,476.9501,-1.4824,248.6369,0.2510,3.8000,-0.4500,4.0201,181.1512,357.3084,0.0000,0.0000,0.0000
58.206,476.6977,-1.4754,248.8457,0.2510,3.8000,-0.4500,4.0415,181.1502,357.2296,0.0000,0.0000,0.0000
58.318,476.4868,-1.4736,249.0242,0.2510,3.8000,-0.4500,4.0701,181.1488,357.0692,0.0000,0.0000,0.0000
58.431,476.2336,-1.4740,249.2427,0.2510,3.8000,-0.4500,4.0877,181.1478,356.9063,0.0000,0.0000,0.0000
58.540,476.0235,-1.4746,249.4274,0.2510,3.8000,-0.4500,4.0877,181.1478,356.9063,0.0000,0.0000,0.0000
58.650,475.7698,-1.4828,249.6521,0.2510,3.8000,-0.4500,4.0907,181.1477,356.6598,0.0000,0.0000,0.0000
58.764,475.5175,-1.4897,249.8791,0.2510,3.8000,-0.4500,4.0907,181.1477,356.6598,0.0000,0.0000,0.0000
58.875,475.3067,-1.4992,250.0698,0.2510,3.8000,-0.4500,4.0811,181.1482,356.5783,0.0000,0.0000,0.0000
58.998,475.0538,-1.5127,250.3002,0.2510,3.8000,-0.4500,4.0708,181.1489,356.4971,0.0000,0.0000,0.0000
59.122,474.7591,-1.5296,250.5703,0.2510,3.8000,-0.4500,4.0708,181.1489,356.4971,0.0000,0.0000,0.0000
59.247,474.5056,-1.5492,250.8032,0.2510,3.8000,-0.4500,4.0261,181.1517,356.3404,0.0000,0.0000,0.0000
59.372,474.2530,-1.5670,251.0362,0.2510,3.8000,-0.4500,4.0261,181.1517,356.3404,0.0000,0.0000,0.0000
59.498,474.0003,-1.5858,251.2686,0.2510,3.8000,-0.4500,4.0261,181.1517,356.3404,0.0000,0.0000,0.0000
59.611,473.7476,-1.6049,251.4998,0.2510,3.8000,-0.4500,4.0261,181.1517,356.3404,0.0000,0.0000,0.0000
59.722,473.4949,-1.6238,251.7297,0.2510,3.8000,-0.4500,4.0261,181.1517,356.3404,0.0000,0.0000,0.0000
59.832,473.2844,-1.6389,251.9195,0.2510,3.8000,-0.4500,4.0261,181.1517,356.3404,0.0000,0.0000,0.0000
59.942,473.0316,-1.6559,252.1449,0.2510,3.8000,-0.4500,4.0261,181.1517,356.3404,0.0000,0.0000,0.0000
60.053,472.8212,-1.6686,252.3312,0.2510,3.8000,-0.4500,4.0261,181.1517,356.3404,0.0000,0.0000,0.0000
60.178,472.5688,-1.6814,252.5546,0.2510,3.8000,-0.4500,4.0261,181.1517,356.3404,0.0000,0.0000,0.0000
60.290,472.3167,-1.6909,252.7789,0.2510,3.8000,-0.4500,4.0261,181.1517,356.3404,0.0000,0.0000,0.0000
60.403,472.0651,-1.6965,253.0039,0.2510,3.8000,-0.4500,4.0261,181.1517,356.3404,0.0000,0.0000,0.0000
60.512,471.8556,-1.6978,253.1902,0.2510,3.8000,-0.4500,4.0261,181.1517,356.3404,0.0000,0.0000,0.0000
60.623,471.6054,-1.6934,253.4121,0.2510,3.8000,-0.4500,3.8437,181.1631,356.5010,0.0000,0.0000,0.0000
60.723,471.3966,-1.6863,253.5936,0.2510,3.8000,-0.4500,3.7937,181.1662,356.5615,0.0000,0.0000,0.0000
60.831,471.1895,-1.6717,253.7733,0.2510,3.8000,-0.4500,3.6358,181.1753,356.8610,0.0000,0.0000,0.0000
60.942,470.9402,-1.6514,253.9852,0.2510,3.8000,-0.4500,3.5804,181.1783,357.0129,0.0000,0.0000,0.0000
61.055,470.7328,-1.6289,254.1593,0.2510,3.8000,-0.4500,3.5390,181.1804,357.1736,0.0000,0.0000,0.0000
61.164,470.4866,-1.5904,254.3652,0.2510,3.8000,-0.4500,3.4705,181.1835,357.6780,0.0000,0.0000,0.0000
61.277,470.2800,-1.5584,254.5344,0.2510,3.8000,-0.4500,3.4675,181.1836,357.7615,0.0000,0.0000,0.0000
61.386,470.0344,-1.5092,254.7345,0.2510,3.8000,-0.4500,3.4620,181.1838,358.1035,0.0000,0.0000,0.0000
61.512,469.7902,-1.4508,254.9315,0.2510,3.8000,-0.4500,3.4779,181.1833,358.5314,0.0000,0.0000,0.0000
61.622,469.5455,-1.3896,255.1266,0.2510,3.8000,-0.4500,3.4888,181.1831,358.6988,0.0000,0.0000,0.0000
61.747,469.3043,-1.3144,255.3193,0.2510,3.8000,-0.4500,3.5341,181.1823,359.2144,0.0000,0.0000,0.0000
61.847,469.1022,-1.2522,255.4791,0.2510,3.8000,-0.4500,3.5420,181.1821,359.2933,0.0000,0.0000,0.0000
61.956,468.9028,-1.1796,255.6379,0.2510,3.8000,-0.4500,3.5860,181.1817,359.6454,0.0000,0.0000,0.0000
62.081,468.6247,-1.0716,255.8598,0.2510,3.8000,-0.4500,3.6347,181.1816,359.9860,0.0000,0.0000,0.0000
62.206,468.3884,-0.9700,256.0494,0.2510,3.8000,-0.4500,3.6882,181.1817,0.3177,0.0000,0.0000,0.0000
62.318,468.1927,-0.8801,256.2080,0.2510,3.8000,-0.4500,3.7318,181.1821,0.5660,0.0000,0.0000,0.0000
62.441,467.9209,-0.7463,256.4325,0.2510,3.8000,-0.4500,3.7907,181.1828,0.8930,0.0000,0.0000,0.0000
62.541,467.7285,-0.6447,256.5945,0.2510,3.8000,-0.4500,3.8354,181.1836,1.1439,0.0000,0.0000,0.0000
62.652,467.5367,-0.5404,256.7573,0.2510,3.8000,-0.4500,3.8633,181.1842,1.3069,0.0000,0.0000,0.0000
62.760,467.3084,-0.4091,256.9514,0.2510,3.8000,-0.4500,3.9026,181.1852,1.5651,0.0000,0.0000,0.0000
62.872,467.1185,-0.2984,257.1122,0.2510,3.8000,-0.4500,3.9148,181.1856,1.6492,0.0000,0.0000,0.0000
63.000,466.8532,-0.1372,257.3142,0.2510,3.8000,-0.4500,3.9413,181.1864,1.8972,0.0000,0.0000,0.0000
63.108,466.6604,-0.0234,257.4152,0.2510,3.8000,-0.4500,3.9476,181.1866,1.9808,0.0000,0.0000,0.0000
63.208,466.4675,0.0935,257.4605,0.2510,3.8000,-0.4500,3.9550,181.1869,2.3215,0.0000,0.0000,0.0000
63.316,466.2723,0.2022,257.4512,0.2510,3.8000,-0.4500,3.9550,181.1869,2.3215,0.0000,0.0000,0.0000
63.441,466.0049,0.3516,257.3293,0.2510,3.8000,-0.4500,3.9384,181.1862,2.4856,0.0000,0.0000,0.0000
63.566,465.7815,0.4727,257.1279,0.2510,3.8000,-0.4500,3.9249,181.1856,2.5650,0.0000,0.0000,0.0000
63.691,465.5636,0.5905,256.8556,0.2510,3.8000,-0.4500,3.8826,181.1836,2.7253,0.0000,0.0000,0.0000
63.802,465.3508,0.7021,256.5091,0.2510,3.8000,-0.4500,3.8557,181.1823,2.8008,0.0000,0.0000,0.0000
63.927,465.1427,0.8091,256.0960,0.2510,3.8000,-0.4500,3.8234,181.1807,2.8737,0.0000,0.0000,0.0000
64.052,464.9381,0.9122,255.6341,0.2510,3.8000,-0.4500,3.7844,181.1787,2.9434,0.0000,0.0000,0.0000
64.164,464.7332,0.9725,255.1445,0.2510,3.8000,-0.4500,3.7388,181.1764,3.0086,0.0000,0.0000,0.0000
64.288,464.5172,0.9848,254.6418,0.2510,3.8000,-0.4500,3.5399,181.1671,2.1515,0.0000,0.0000,0.0000
64.413,464.2863,0.9683,254.1423,0.2510,3.8000,-0.4500,3.3750,181.1633,0.1982,0.0000,0.0000,0.0000
64.538,464.0430,0.8956,253.7473,0.2510,3.8000,-0.4500,3.3157,181.1639,358.3240,0.0000,0.0000,0.0000
64.663,463.7497,0.8381,253.4710,0.2510,3.8000,-0.4500,3.3080,181.1641,357.2658,0.0000,0.0000,0.0000
64.788,463.4964,0.8152,253.3904,0.2510,3.8000,-0.4500,3.3080,181.1641,357.2658,0.0000,0.0000,0.0000
64.899,463.2841,0.8040,253.4052,0.2510,3.8000,-0.4500,3.3080,181.1641,357.2658,0.0000,0.0000,0.0000
65.024,462.9877,0.7994,253.5117,0.2510,3.8000,-0.4500,3.3080,181.1641,357.2658,0.0000,0.0000,0.0000
65.149,462.7351,0.8046,253.6550,0.2510,3.8000,-0.4500,3.3080,181.1641,357.2658,0.0000,0.0000,0.0000
65.274,462.4839,0.8171,253.8285,0.2510,3.8000,-0.4500,3.3080,181.1641,357.2658,0.0000,0.0000,0.0000
65.399,462.2340,0.8359,254.0213,0.2510,3.8000,-0.4500,3.3080,181.1641,357.2658,0.0000,0.0000,0.0000
65.524,461.9454,0.8690,254.2604,0.2510,3.8000,-0.4500,3.2699,181.1659,357.5203,0.0000,0.0000,0.0000
65.650,461.6994,0.9033,254.4708,0.2510,3.8000,-0.4500,3.2337,181.1674,357.7675,0.0000,0.0000,0.0000
65.775,461.4543,0.9425,254.6827,0.2510,3.8000,-0.4500,3.1986,181.1687,358.0188,0.0000,0.0000,0.0000
65.899,461.2101,0.9864,254.8945,0.2510,3.8000,-0.4500,3.1630,181.1698,358.2734,0.0000,0.0000,0.0000
66.010,460.9668,1.0348,255.1048,0.2510,3.8000,-0.4500,3.1274,181.1708,358.5266,0.0000,0.0000,0.0000
66.136,460.7249,1.0890,255.3126,0.2510,3.8000,-0.4500,3.0787,181.1719,358.8564,0.0000,0.0000,0.0000
66.260,460.4429,1.1553,255.5517,0.2510,3.8000,-0.4500,3.0392,181.1726,359.1050,0.0000,0.0000,0.0000
66.373,460.2418,1.2045,255.7212,0.2510,3.8000,-0.4500,3.0255,181.1728,359.1884,0.0000,0.0000,0.0000
66.486,460.0029,1.2709,255.9243,0.2510,3.8000,-0.4500,2.9648,181.1735,359.5256,0.0000,0.0000,0.0000
66.594,459.8037,1.3269,256.0935,0.2510,3.8000,-0.4500,2.9321,181.1737,359.6854,0.0000,0.0000,0.0000
66.705,459.5656,1.3964,256.2968,0.2510,3.8000,-0.4500,2.8971,181.1739,359.8473,0.0000,0.0000,0.0000
66.830,459.3297,1.4710,256.5015,0.2510,3.8000,-0.4500,2.8144,181.1739,0.1704,0.0000,0.0000,0.0000
66.942,459.0932,1.5440,256.7073,0.2510,3.8000,-0.4500,2.7900,181.1738,0.2482,0.0000,0.0000,0.0000
67.066,458.8582,1.6197,256.9146,0.2510,3.8000,-0.4500,2.7393,181.1735,0.4042,0.0000,0.0000,0.0000
67.191,458.6240,1.6963,257.1234,0.2510,3.8000,-0.4500,2.6783,181.1730,0.5577,0.0000,0.0000,0.0000
67.305,458.3911,1.7742,257.3337,0.2510,3.8000,-0.4500,2.5700,181.1717,0.7825,0.0000,0.0000,0.0000
67.414,458.1963,1.8365,257.5094,0.2510,3.8000,-0.4500,2.5700,181.1717,0.7825,0.0000,0.0000,0.0000
67.539,457.9639,1.9122,257.7219,0.2510,3.8000,-0.4500,2.4759,181.1703,0.9224,0.0000,0.0000,0.0000
67.664,457.6923,1.9967,257.9704,0.2510,3.8000,-0.4500,2.4759,181.1703,0.9224,0.0000,0.0000,0.0000
67.775,457.4999,2.0574,258.1498,0.2510,3.8000,-0.4500,2.3057,181.1673,1.1110,0.0000,0.0000,0.0000
67.900,457.2289,2.1364,258.4012,0.2510,3.8000,-0.4500,2.3057,181.1673,1.1110,0.0000,0.0000,0.0000
68.025,456.9976,2.2011,258.6190,0.2510,3.8000,-0.4500,2.1700,181.1645,1.2067,0.0000,0.0000,0.0000
68.149,456.7662,2.2613,258.8376,0.2510,3.8000,-0.4500,1.9492,181.1596,1.3101,0.0000,0.0000,0.0000
68.274,456.5336,2.3167,259.0519,0.2510,3.8000,-0.4500,1.9492,181.1596,1.3101,0.0000,0.0000,0.0000
68.399,456.3009,2.3654,259.2648,0.2510,3.8000,-0.4500,1.6268,181.1521,1.3698,0.0000,0.0000,0.0000
68.524,456.0278,2.4159,259.5055,0.2510,3.8000,-0.4500,1.5450,181.1501,1.3661,0.0000,0.0000,0.0000
68.649,455.7923,2.4507,259.7043,0.2510,3.8000,-0.4500,1.2971,181.1443,1.3384,0.0000,0.0000,0.0000
68.761,455.5553,2.4782,259.8947,0.2510,3.8000,-0.4500,1.0574,181.1388,1.2789,0.0000,0.0000,0.0000
68.871,455.3568,2.4960,260.0482,0.2510,3.8000,-0.4500,0.9043,181.1354,1.2229,0.0000,0.0000,0.0000
68.982,455.1170,2.5098,260.2259,0.2510,3.8000,-0.4500,0.6766,181.1308,1.1211,0.0000,0.0000,0.0000
69.107,454.8754,2.5160,260.3921,0.2510,3.8000,-0.4500,0.4593,181.1267,1.0046,0.0000,0.0000,0.0000
69.232,454.6316,2.5128,260.5482,0.2510,3.8000,-0.4500,0.1733,181.1222,0.8190,0.0000,0.0000,0.0000
69.357,454.3866,2.5029,260.6948,0.2510,3.8000,-0.4500,359.9630,181.1195,0.6624,0.0000,0.0000,0.0000
69.482,454.0985,2.4810,260.8562,0.2510,3.8000,-0.4500,359.7007,181.1169,0.4532,0.0000,0.0000,0.0000
69.607,453.8506,2.4544,260.9883,0.2510,3.8000,-0.4500,359.5150,181.1157,0.2954,0.0000,0.0000,0.0000
69.732,453.6011,2.4182,261.1169,0.2510,3.8000,-0.4500,359.2626,181.1149,0.0634,0.0000,0.0000,0.0000
69.843,453.3513,2.3773,261.2395,0.2510,3.8000,-0.4500,359.1429,181.1149,359.9513,0.0000,0.0000,0.0000
69.968,453.1000,2.3275,261.3574,0.2510,3.8000,-0.4500,358.9665,181.1153,359.7795,0.0000,0.0000,0.0000
70.079,452.8890,2.2764,261.4535,0.2510,3.8000,-0.4500,358.6707,181.1172,359.4842,0.0000,0.0000,0.0000
70.204,452.5945,2.2041,261.5810,0.2510,3.8000,-0.4500,358.5526,181.1184,359.3640,0.0000,0.0000,0.0000
70.317,452.3831,2.1459,261.6688,0.2510,3.8000,-0.4500,358.4347,181.1198,359.2438,0.0000,0.0000,0.0000
70.442,452.0860,2.0548,261.7883,0.2510,3.8000,-0.4500,358.1930,181.1235,358.9968,0.0000,0.0000,0.0000
70.552,451.8740,1.9875,261.8699,0.2510,3.8000,-0.4500,358.1331,181.1246,358.9360,0.0000,0.0000,0.0000
70.677,451.6183,1.8988,261.9647,0.2510,3.8000,-0.4500,357.9533,181.1282,358.7542,0.0000,0.0000,0.0000
70.779,451.4050,1.8217,262.0412,0.2510,3.8000,-0.4500,357.8325,181.1310,358.6351,0.0000,0.0000,0.0000
70.884,451.1488,1.7270,262.1273,0.2510,3.8000,-0.4500,357.7723,181.1324,358.5761,0.0000,0.0000,0.0000
71.009,450.8916,1.6266,262.2059,0.2510,3.8000,-0.4500,357.6515,181.1356,358.4612,0.0000,0.0000,0.0000
71.134,450.6337,1.5228,262.2779,0.2510,3.8000,-0.4500,357.5296,181.1390,358.3494,0.0000,0.0000,0.0000
71.248,450.3749,1.4161,262.3348,0.2510,3.8000,-0.4500,357.4009,181.1428,358.2404,0.0000,0.0000,0.0000
71.371,450.1162,1.3120,262.3481,0.2510,3.8000,-0.4500,357.4009,181.1428,358.2404,0.0000,0.0000,0.0000
71.496,449.8571,1.2048,262.3319,0.2510,3.8000,-0.4500,357.2683,181.1470,358.1385,0.0000,0.0000,0.0000
71.621,449.5565,1.0833,262.2827,0.2510,3.8000,-0.4500,357.2683,181.1470,358.1385,0.0000,0.0000,0.0000
71.745,449.2998,0.9772,262.2173,0.2510,3.8000,-0.4500,357.1215,181.1519,358.0550,0.0000,0.0000,0.0000
71.871,449.0450,0.8749,262.1322,0.2510,3.8000,-0.4500,357.1215,181.1519,358.0550,0.0000,0.0000,0.0000
71.982,448.7918,0.7741,262.0276,0.2510,3.8000,-0.4500,357.1215,181.1519,358.0549,0.0000,0.0000,0.0000
72.107,448.5407,0.6756,261.9011,0.2510,3.8000,-0.4500,357.1215,181.1519,358.0549,0.0000,0.0000,0.0000
72.231,448.2911,0.5786,261.7569,0.2510,3.8000,-0.4500,357.0398,181.1547,358.0433,0.0000,0.0000,0.0000
72.356,448.0430,0.4852,261.5979,0.2510,3.8000,-0.4500,357.0398,181.1547,358.0433,0.0000,0.0000,0.0000
72.482,447.7551,0.3791,261.3993,0.2510,3.8000,-0.4500,356.9590,181.1574,358.0510,0.0000,0.0000,0.0000
72.607,447.5092,0.2914,261.2215,0.2510,3.8000,-0.4500,356.8821,181.1600,358.0695,0.0000,0.0000,0.0000
72.733,447.2639,0.2068,261.0427,0.2510,3.8000,-0.4500,356.8091,181.1625,358.1052,0.0000,0.0000,0.0000
72.843,447.0186,0.1246,260.8685,0.2510,3.8000,-0.4500,356.7372,181.1649,358.1426,0.0000,0.0000,0.0000
72.968,446.7735,0.0457,260.7013,0.2510,3.8000,-0.4500,356.6121,181.1688,358.2524,0.0000,0.0000,0.0000
73.079,446.5667,-0.0198,260.5889,0.2510,3.8000,-0.4500,356.6121,181.1688,358.2524,0.0000,0.0000,0.0000
73.204,446.2752,-0.1124,260.5360,0.2510,3.8000,-0.4500,356.4571,181.1733,358.4525,0.0000,0.0000,0.0000
73.318,446.0669,-0.1814,260.5611,0.2510,3.8000,-0.4500,356.4158,181.1744,358.5214,0.0000,0.0000,0.0000
73.440,445.7778,-0.2790,260.6654,0.2510,3.8000,-0.4500,356.3406,181.1762,358.6694,0.0000,0.0000,0.0000
73.551,445.5726,-0.3508,260.7778,0.2510,3.8000,-0.4500,356.3406,181.1762,358.6694,0.0000,0.0000,0.0000
73.663,445.3299,-0.4338,260.9432,0.2510,3.8000,-0.4500,356.2468,181.1782,358.9094,0.0000,0.0000,0.0000
73.774,445.1276,-0.5057,261.0971,0.2510,3.8000,-0.4500,356.2468,181.1782,358.9094,0.0000,0.0000,0.0000
73.887,444.8870,-0.5899,261.2954,0.2510,3.8000,-0.4500,356.1862,181.1793,359.0656,0.0000,0.0000,0.0000
73.998,444.6862,-0.6623,261.4673,0.2510,3.8000,-0.4500,356.1862,181.1793,359.0656,0.0000,0.0000,0.0000
74.107,444.4462,-0.7489,261.6772,0.2510,3.8000,-0.4500,356.1525,181.1798,359.1398,0.0000,0.0000,0.0000
74.232,444.2063,-0.8370,261.8886,0.2510,3.8000,-0.4500,356.1119,181.1804,359.2114,0.0000,0.0000,0.0000
74.345,443.9669,-0.9263,262.1006,0.2510,3.8000,-0.4500,356.0111,181.1817,359.3433,0.0000,0.0000,0.0000
74.454,443.7668,-1.0035,262.2760,0.2510,3.8000,-0.4500,356.0111,181.1817,359.3433,0.0000,0.0000,0.0000
74.579,443.5266,-1.0981,262.4860,0.2510,3.8000,-0.4500,356.0111,181.1817,359.3433,0.0000,0.0000,0.0000
74.690,443.2869,-1.1937,262.6955,0.2510,3.8000,-0.4500,355.8796,181.1830,359.4538,0.0000,0.0000,0.0000
74.816,443.0448,-1.2902,262.8828,0.2510,3.8000,-0.4500,355.8145,181.1837,359.5022,0.0000,0.0000,0.0000
74.928,442.7992,-1.3842,263.0263,0.2510,3.8000,-0.4500,355.6770,181.1847,359.5928,0.0000,0.0000,0.0000
75.051,442.5495,-1.4752,263.1280,0.2510,3.8000,-0.4500,355.6077,181.1852,359.6373,0.0000,0.0000,0.0000
75.176,442.2969,-1.5627,263.1894,0.2510,3.8000,-0.4500,355.5397,181.1856,359.6814,0.0000,0.0000,0.0000
75.287,442.0441,-1.6457,263.2115,0.2510,3.8000,-0.4500,355.4037,181.1862,359.7762,0.0000,0.0000,0.0000
75.402,441.7911,-1.7252,263.2023,0.2510,3.8000,-0.4500,355.4037,181.1862,359.7762,0.0000,0.0000,0.0000
75.512,441.5817,-1.7881,263.1751,0.2510,3.8000,-0.4500,355.3420,181.1865,359.8270,0.0000,0.0000,0.0000
75.622,441.3320,-1.8599,263.1183,0.2510,3.8000,-0.4500,355.2834,181.1866,359.8818,0.0000,0.0000,0.0000
75.732,441.1254,-1.9165,263.0554,0.2510,3.8000,-0.4500,355.2289,181.1867,359.9407,0.0000,0.0000,0.0000
75.857,440.8787,-1.9810,262.9668,0.2510,3.8000,-0.4500,355.1794,181.1867,0.0056,0.0000,0.0000,0.0000
75.983,440.5916,-2.0525,262.8557,0.2510,3.8000,-0.4500,355.1310,181.1867,0.0710,0.0000,0.0000,0.0000
76.093,440.3877,-2.0999,262.7751,0.2510,3.8000,-0.4500,355.0558,181.1865,0.2121,0.0000,0.0000,0.0000
76.218,440.1421,-2.1562,262.6770,0.2510,3.8000,-0.4500,355.0558,181.1865,0.2121,0.0000,0.0000,0.0000
76.332,439.8980,-2.2072,262.5790,0.2510,3.8000,-0.4500,355.0000,181.1862,0.3651,0.0000,0.0000,0.0000
76.440,439.6538,-2.2562,262.4802,0.2510,3.8000,-0.4500,354.9801,181.1861,0.4416,0.0000,0.0000,0.0000
76.565,439.4106,-2.3004,262.3816,0.2510,3.8000,-0.4500,354.9521,181.1858,0.6039,0.0000,0.0000,0.0000
76.691,439.1671,-2.3426,262.2839,0.2510,3.8000,-0.4500,354.9440,181.1857,0.6829,0.0000,0.0000,0.0000
76.815,438.9245,-2.3799,262.1873,0.2510,3.8000,-0.4500,354.9394,181.1857,0.8454,0.0000,0.0000,0.0000
76.930,438.6824,-2.4138,262.0915,0.2510,3.8000,-0.4500,354.9469,181.1858,1.0095,0.0000,0.0000,0.0000
77.041,438.4402,-2.4456,261.9958,0.2510,3.8000,-0.4500,354.9557,181.1860,1.0918,0.0000,0.0000,0.0000
77.153,438.2388,-2.4692,261.9161,0.2510,3.8000,-0.4500,354.9652,181.1862,1.1743,0.0000,0.0000,0.0000
77.264,437.9980,-2.4933,261.8201,0.2510,3.8000,-0.4500,354.9934,181.1868,1.3361,0.0000,0.0000,0.0000
77.375,437.8018,-2.5084,261.6908,0.2510,3.8000,-0.4500,355.0254,181.1876,1.4932,0.0000,0.0000,0.0000
77.486,437.5812,-2.5111,261.3269,0.2510,3.8000,-0.4500,355.0440,181.1881,1.5704,0.0000,0.0000,0.0000
77.598,437.4076,-2.4992,260.8825,0.2510,3.8000,-0.4500,355.0629,181.1886,1.6478,0.0000,0.0000,0.0000
77.715,437.2060,-2.4740,260.2555,0.2510,3.8000,-0.4500,355.0816,181.1891,1.7283,0.0000,0.0000,0.0000
77.816,437.0402,-2.4477,259.7150,0.2510,3.8000,-0.4500,355.1003,181.1897,1.8090,0.0000,0.0000,0.0000
77.940,436.8029,-2.4133,259.0610,0.2510,3.8000,-0.4500,355.1335,181.1908,1.9687,0.0000,0.0000,0.0000
78.041,436.6262,-2.3967,258.6949,0.2510,3.8000,-0.4500,355.1335,181.1908,1.9687,0.0000,0.0000,0.0000
78.149,436.4451,-2.3822,258.4091,0.2510,3.8000,-0.4500,355.1654,181.1920,2.1329,0.0000,0.0000,0.0000
78.274,436.2199,-2.3744,258.1540,0.2510,3.8000,-0.4500,355.1654,181.1920,2.1329,0.0000,0.0000,0.0000
78.399,435.9908,-2.3682,257.9690,0.2510,3.8000,-0.4500,355.1965,181.1932,2.2908,0.0000,0.0000,0.0000
78.524,435.7169,-2.3681,257.8188,0.2510,3.8000,-0.4500,355.1965,181.1932,2.2908,0.0000,0.0000,0.0000
78.649,435.4796,-2.3695,257.7577,0.2510,3.8000,-0.4500,355.2137,181.1939,2.3733,0.0000,0.0000,0.0000
78.774,435.2411,-2.3751,257.7660,0.2510,3.8000,-0.4500,355.2309,181.1946,2.4552,0.0000,0.0000,0.0000
78.885,435.0017,-2.3845,257.8166,0.2510,3.8000,-0.4500,355.2309,181.1946,2.4552,0.0000,0.0000,0.0000
79.010,434.7635,-2.3937,257.8946,0.2510,3.8000,-0.4500,355.2493,181.1954,2.5335,0.0000,0.0000,0.0000
79.135,434.5253,-2.4050,257.9911,0.2510,3.8000,-0.4500,355.2493,181.1954,2.5336,0.0000,0.0000,0.0000
79.247,434.2883,-2.4152,258.1012,0.2510,3.8000,-0.4500,355.2695,181.1963,2.6092,0.0000,0.0000,0.0000
79.371,434.0516,-2.4273,258.2228,0.2510,3.8000,-0.4500,355.2695,181.1963,2.6093,0.0000,0.0000,0.0000
79.496,433.8154,-2.4397,258.3527,0.2510,3.8000,-0.4500,355.2695,181.1963,2.6092,0.0000,0.0000,0.0000
79.621,433.5405,-2.4545,258.5127,0.2510,3.8000,-0.4500,355.2695,181.1963,2.6092,0.0000,0.0000,0.0000
79.746,433.3058,-2.4679,258.6609,0.2510,3.8000,-0.4500,355.2695,181.1963,2.6092,0.0000,0.0000,0.0000
79.871,433.0719,-2.4820,258.8192,0.2510,3.8000,-0.4500,355.2695,181.1963,2.6092,0.0000,0.0000,0.0000
79.996,432.8386,-2.4966,258.9854,0.2510,3.8000,-0.4500,355.2695,181.1963,2.6092,0.0000,0.0000,0.0000
80.120,432.5668,-2.5141,259.1842,0.2510,3.8000,-0.4500,355.2695,181.1963,2.6092,0.0000,0.0000,0.0000
80.232,432.3727,-2.5265,259.3275,0.2510,3.8000,-0.4500,355.2695,181.1963,2.6092,0.0000,0.0000,0.0000
80.356,432.1398,-2.5410,259.4996,0.2510,3.8000,-0.4500,355.2695,181.1963,2.6092,0.0000,0.0000,0.0000
80.482,431.8676,-2.5571,259.6978,0.2510,3.8000,-0.4500,355.2695,181.1963,2.6092,0.0000,0.0000,0.0000
80.606,431.6339,-2.5699,259.8647,0.2510,3.8000,-0.4500,355.2694,181.1963,2.6092,0.0000,0.0000,0.0000
80.731,431.4003,-2.5800,260.0281,0.2510,3.8000,-0.4500,355.3309,181.1991,2.6589,0.0000,0.0000,0.0000
80.857,431.1660,-2.5897,260.1858,0.2510,3.8000,-0.4500,355.3309,181.1991,2.6590,0.0000,0.0000,0.0000
80.981,430.8925,-2.5959,260.3618,0.2510,3.8000,-0.4500,355.4681,181.2056,2.7429,0.0000,0.0000,0.0000
81.093,430.6967,-2.5991,260.4821,0.2510,3.8000,-0.4500,355.5423,181.2092,2.7755,0.0000,0.0000,0.0000
81.205,430.4608,-2.6004,260.6174,0.2510,3.8000,-0.4500,355.6170,181.2129,2.8074,0.0000,0.0000,0.0000
81.330,430.2247,-2.5964,260.7424,0.2510,3.8000,-0.4500,355.8526,181.2246,2.8843,0.0000,0.0000,0.0000
81.454,429.9875,-2.5912,260.8592,0.2510,3.8000,-0.4500,355.9282,181.2285,2.9045,0.0000,0.0000,0.0000
81.579,429.7498,-2.5804,260.9403,0.2510,3.8000,-0.4500,356.0902,181.2368,2.9425,0.0000,0.0000,0.0000
81.704,429.4724,-2.5594,260.9477,0.2510,3.8000,-0.4500,356.2506,181.2451,2.9769,0.0000,0.0000,0.0000
81.829,429.2353,-2.5342,260.9105,0.2510,3.8000,-0.4500,356.4958,181.2579,3.0268,0.0000,0.0000,0.0000
81.954,428.9984,-2.5063,260.8526,0.2510,3.8000,-0.4500,356.5771,181.2623,3.0431,0.0000,0.0000,0.0000
82.065,428.7621,-2.4733,260.7819,0.2510,3.8000,-0.4500,356.7398,181.2710,3.0757,0.0000,0.0000,0.0000
82.190,428.5264,-2.4354,260.7032,0.2510,3.8000,-0.4500,356.9851,181.2843,3.1254,0.0000,0.0000,0.0000
82.314,428.2910,-2.3946,260.6200,0.2510,3.8000,-0.4500,357.1460,181.2931,3.1582,0.0000,0.0000,0.0000
82.439,428.0562,-2.3498,260.5337,0.2510,3.8000,-0.4500,357.3077,181.3021,3.1915,0.0000,0.0000,0.0000
82.550,427.8221,-2.2999,260.4436,0.2510,3.8000,-0.4500,357.5546,181.3160,3.2426,0.0000,0.0000,0.0000
82.675,427.5887,-2.2458,260.3487,0.2510,3.8000,-0.4500,357.8044,181.3303,3.2942,0.0000,0.0000,0.0000
82.800,427.3173,-2.1778,260.2321,0.2510,3.8000,-0.4500,358.0520,181.3447,3.3453,0.0000,0.0000,0.0000
82.925,427.0856,-2.1134,260.1273,0.2510,3.8000,-0.4500,358.3871,181.3644,3.4129,0.0000,0.0000,0.0000
83.051,426.8542,-2.0477,260.0211,0.2510,3.8000,-0.4500,358.4672,181.3692,3.4290,0.0000,0.0000,0.0000
83.163,426.6237,-1.9737,259.9107,0.2510,3.8000,-0.4500,358.8897,181.3949,3.5106,0.0000,0.0000,0.0000
83.274,426.4316,-1.9119,259.8203,0.2510,3.8000,-0.4500,358.9698,181.3998,3.5255,0.0000,0.0000,0.0000
83.397,426.2015,-1.8312,259.7134,0.2510,3.8000,-0.4500,359.2976,181.4202,3.5849,0.0000,0.0000,0.0000
83.523,425.9326,-1.7341,259.5931,0.2510,3.8000,-0.4500,359.4599,181.4304,3.6131,0.0000,0.0000,0.0000
83.647,425.7027,-1.6447,259.5339,0.2510,3.8000,-0.4500,359.7104,181.4463,3.6550,0.0000,0.0000,0.0000
83.773,425.4738,-1.5481,259.5484,0.2510,3.8000,-0.4500,0.1273,181.4731,3.7201,0.0000,0.0000,0.0000
83.897,425.2453,-1.4491,259.6081,0.2510,3.8000,-0.4500,0.2063,181.4783,3.7317,0.0000,0.0000,0.0000
84.023,424.9809,-1.3218,259.7091,0.2510,3.8000,-0.4500,0.7224,181.5123,3.8040,0.0000,0.0000,0.0000
84.133,424.7927,-1.2296,259.8000,0.2510,3.8000,-0.4500,0.7224,181.5123,3.8040,0.0000,0.0000,0.0000
84.247,424.5687,-1.1092,259.9189,0.2510,3.8000,-0.4500,1.1453,181.5406,3.8587,0.0000,0.0000,0.0000
84.369,424.3457,-0.9854,260.0491,0.2510,3.8000,-0.4500,1.3166,181.5522,3.8820,0.0000,0.0000,0.0000
84.495,424.1239,-0.8548,260.1851,0.2510,3.8000,-0.4500,1.5693,181.5694,3.9185,0.0000,0.0000,0.0000
84.606,423.9035,-0.7170,260.3247,0.2510,3.8000,-0.4500,1.9014,181.5924,3.9854,0.0000,0.0000,0.0000
84.731,423.6838,-0.5759,260.4690,0.2510,3.8000,-0.4500,1.9803,181.5979,4.0031,0.0000,0.0000,0.0000
84.856,423.4661,-0.4254,260.6147,0.2510,3.8000,-0.4500,2.3030,181.6208,4.1052,0.0000,0.0000,0.0000
84.981,423.2135,-0.2436,260.7887,0.2510,3.8000,-0.4500,2.5359,181.6377,4.2023,0.0000,0.0000,0.0000
85.095,423.0334,-0.1104,260.9104,0.2510,3.8000,-0.4500,2.6102,181.6432,4.2387,0.0000,0.0000,0.0000
85.217,422.8177,0.0547,261.0459,0.2510,3.8000,-0.4500,2.7579,181.6542,4.3138,0.0000,0.0000,0.0000
85.329,422.6028,0.2254,261.1712,0.2510,3.8000,-0.4500,2.9613,181.6698,4.4375,0.0000,0.0000,0.0000
85.453,422.3875,0.3977,261.2889,0.2510,3.8000,-0.4500,3.0284,181.6750,4.4865,0.0000,0.0000,0.0000
85.578,422.1730,0.5747,261.3985,0.2510,3.8000,-0.4500,3.1606,181.6856,4.5857,0.0000,0.0000,0.0000
85.703,421.9233,0.7845,261.5204,0.2510,3.8000,-0.4500,3.2813,181.6954,4.6965,0.0000,0.0000,0.0000
85.828,421.7099,0.9658,261.6227,0.2510,3.8000,-0.4500,3.3394,181.7002,4.7513,0.0000,0.0000,0.0000
85.953,421.4966,1.1475,261.7253,0.2510,3.8000,-0.4500,3.3394,181.7002,4.7513,0.0000,0.0000,0.0000
86.066,421.2836,1.3305,261.8280,0.2510,3.8000,-0.4500,3.3394,181.7002,4.7513,0.0000,0.0000,0.0000
86.175,421.1064,1.4833,261.9133,0.2510,3.8000,-0.4500,3.3394,181.7002,4.7513,0.0000,0.0000,0.0000
86.290,420.8940,1.6663,262.0153,0.2510,3.8000,-0.4500,3.3394,181.7002,4.7513,0.0000,0.0000,0.0000
86.412,420.6815,1.8480,262.1168,0.2510,3.8000,-0.4500,3.3394,181.7002,4.7513,0.0000,0.0000,0.0000
86.537,420.4688,2.0277,262.2183,0.2510,3.8000,-0.4500,3.3394,181.7002,4.7513,0.0000,0.0000,0.0000
86.648,420.2560,2.2044,262.3201,0.2510,3.8000,-0.4500,3.3394,181.7002,4.7513,0.0000,0.0000,0.0000
86.760,420.0426,2.3773,262.4227,0.2510,3.8000,-0.4500,3.3394,181.7002,4.7513,0.0000,0.0000,0.0000
86.873,419.8643,2.5178,262.5088,0.2510,3.8000,-0.4500,3.3394,181.7002,4.7513,0.0000,0.0000,0.0000
86.974,419.6856,2.6544,262.5955,0.2510,3.8000,-0.4500,3.3394,181.7002,4.7513,0.0000,0.0000,0.0000
87.089,419.4704,2.8127,262.7007,0.2510,3.8000,-0.4500,3.3394,181.7002,4.7513,0.0000,0.0000,0.0000
87.204,419.2545,2.9637,262.8077,0.2510,3.8000,-0.4500,3.2662,181.6941,4.7784,0.0000,0.0000,0.0000
87.327,419.0376,3.1050,262.9188,0.2510,3.8000,-0.4500,2.9262,181.6655,4.8196,0.0000,0.0000,0.0000
87.441,418.8188,3.2360,263.0328,0.2510,3.8000,-0.4500,2.5979,181.6379,4.7744,0.0000,0.0000,0.0000
87.550,418.6351,3.3375,263.1292,0.2510,3.8000,-0.4500,2.3604,181.6181,4.7041,0.0000,0.0000,0.0000
87.675,418.4122,3.4473,263.2467,0.2510,3.8000,-0.4500,1.9756,181.5870,4.5315,0.0000,0.0000,0.0000
87.801,418.1486,3.5600,263.3834,0.2510,3.8000,-0.4500,1.5284,181.5526,4.2594,0.0000,0.0000,0.0000
87.915,417.9578,3.6292,263.4796,0.2510,3.8000,-0.4500,1.1806,181.5274,4.0192,0.0000,0.0000,0.0000
88.025,417.7270,3.7030,263.5913,0.2510,3.8000,-0.4500,0.9046,181.5085,3.8089,0.0000,0.0000,0.0000
88.134,417.5317,3.7515,263.6825,0.2510,3.8000,-0.4500,0.5471,181.4856,3.5230,0.0000,0.0000,0.0000
88.258,417.2948,3.7970,263.7873,0.2510,3.8000,-0.4500,0.1373,181.4616,3.1809,0.0000,0.0000,0.0000
88.369,417.0551,3.8285,263.8860,0.2510,3.8000,-0.4500,359.7427,181.4408,2.8386,0.0000,0.0000,0.0000
88.482,416.8124,3.8454,263.9781,0.2510,3.8000,-0.4500,359.3529,181.4227,2.4898,0.0000,0.0000,0.0000
88.592,416.6081,3.8481,264.0493,0.2510,3.8000,-0.4500,359.0282,181.4094,2.1922,0.0000,0.0000,0.0000
88.717,416.3604,3.8377,264.1276,0.2510,3.8000,-0.4500,358.6377,181.3957,1.8270,0.0000,0.0000,0.0000
88.829,416.1101,3.8125,264.1978,0.2510,3.8000,-0.4500,358.2473,181.3845,1.4544,0.0000,0.0000,0.0000
88.941,415.8573,3.7726,264.2595,0.2510,3.8000,-0.4500,357.8588,181.3759,1.0770,0.0000,0.0000,0.0000
89.052,415.6450,3.7283,264.3042,0.2510,3.8000,-0.4500,357.5378,181.3708,0.7606,0.0000,0.0000,0.0000
89.164,415.3885,3.6622,264.3499,0.2510,3.8000,-0.4500,357.1580,181.3670,0.3811,0.0000,0.0000,0.0000
89.272,415.1733,3.5967,264.3817,0.2510,3.8000,-0.4500,356.8472,181.3657,0.0671,0.0000,0.0000,0.0000
89.385,414.9137,3.5060,264.4139,0.2510,3.8000,-0.4500,356.4830,181.3665,359.6954,0.0000,0.0000,0.0000
89.495,414.6967,3.4205,264.4377,0.2510,3.8000,-0.4500,356.1877,181.3689,359.3919,0.0000,0.0000,0.0000
89.620,414.3926,3.2873,264.4706,0.2510,3.8000,-0.4500,355.8272,181.3739,359.0195,0.0000,0.0000,0.0000
89.734,414.1751,3.1807,264.4967,0.2510,3.8000,-0.4500,355.5351,181.3797,358.7179,0.0000,0.0000,0.0000
89.842,413.9154,3.0459,264.5337,0.2510,3.8000,-0.4500,355.3456,181.3842,358.5234,0.0000,0.0000,0.0000
89.955,413.6989,2.9200,264.5759,0.2510,3.8000,-0.4500,355.0300,181.3933,358.2011,0.0000,0.0000,0.0000
90.078,413.4417,2.7618,264.6425,0.2510,3.8000,-0.4500,354.7949,181.4012,357.9648,0.0000,0.0000,0.0000
90.203,413.1439,2.5622,264.7430,0.2510,3.8000,-0.4500,354.4990,181.4125,357.6744,0.0000,0.0000,0.0000
90.315,412.9336,2.4113,264.8360,0.2510,3.8000,-0.4500,354.3246,181.4199,357.5077,0.0000,0.0000,0.0000
90.426,412.6837,2.2211,264.9719,0.2510,3.8000,-0.4500,354.1426,181.4281,357.3403,0.0000,0.0000,0.0000
90.551,412.4360,2.0215,265.1289,0.2510,3.8000,-0.4500,353.9585,181.4370,357.1785,0.0000,0.0000,0.0000
90.675,412.1906,1.8171,265.3006,0.2510,3.8000,-0.4500,353.8963,181.4401,357.1251,0.0000,0.0000,0.0000
90.800,411.9051,1.5684,265.5143,0.2510,3.8000,-0.4500,353.6986,181.4504,356.9679,0.0000,0.0000,0.0000
90.913,411.7023,1.3906,265.6722,0.2510,3.8000,-0.4500,353.6986,181.4504,356.9679,0.0000,0.0000,0.0000
91.023,411.4590,1.1722,265.8661,0.2510,3.8000,-0.4500,353.5655,181.4576,356.8752,0.0000,0.0000,0.0000
91.149,411.2165,0.9560,266.0602,0.2510,3.8000,-0.4500,353.5655,181.4576,356.8752,0.0000,0.0000,0.0000
91.272,410.9731,0.7413,266.2478,0.2510,3.8000,-0.4500,353.5655,181.4576,356.8752,0.0000,0.0000,0.0000
91.386,410.7291,0.5300,266.4276,0.2510,3.8000,-0.4500,353.5655,181.4576,356.8752,0.0000,0.0000,0.0000
91.497,410.5247,0.3577,266.5655,0.2510,3.8000,-0.4500,353.5655,181.4576,356.8752,0.0000,0.0000,0.0000
91.606,410.2771,0.1585,266.7049,0.2510,3.8000,-0.4500,353.5655,181.4576,356.8752,0.0000,0.0000,0.0000
91.731,410.0273,-0.0316,266.8131,0.2510,3.8000,-0.4500,353.5655,181.4576,356.8752,0.0000,0.0000,0.0000
91.856,409.7760,-0.2067,266.8467,0.2510,3.8000,-0.4500,353.5655,181.4576,356.8752,0.0000,0.0000,0.0000
91.981,409.4820,-0.3933,266.8230,0.2510,3.8000,-0.4500,353.5655,181.4576,356.8752,0.0000,0.0000,0.0000
92.094,409.2726,-0.5149,266.7817,0.2510,3.8000,-0.4500,353.5679,181.4574,356.9599,0.0000,0.0000,0.0000
92.205,409.0229,-0.6447,266.7172,0.2510,3.8000,-0.4500,353.6231,181.4547,357.3845,0.0000,0.0000,0.0000
92.315,408.8134,-0.7486,266.6578,0.2510,3.8000,-0.4500,353.6660,181.4528,357.5402,0.0000,0.0000,0.0000
92.425,408.5632,-0.8583,266.5855,0.2510,3.8000,-0.4500,353.8813,181.4444,358.0023,0.0000,0.0000,0.0000
92.551,408.3111,-0.9635,266.5167,0.2510,3.8000,-0.4500,354.0043,181.4404,358.2157,0.0000,0.0000,0.0000
92.676,408.0602,-1.0534,266.4517,0.2510,3.8000,-0.4500,354.2962,181.4324,358.6504,0.0000,0.0000,0.0000
92.801,407.7660,-1.1493,266.3842,0.2510,3.8000,-0.4500,354.5465,181.4272,358.9901,0.0000,0.0000,0.0000
92.913,407.5563,-1.2067,266.3406,0.2510,3.8000,-0.4500,354.8057,181.4234,359.3209,0.0000,0.0000,0.0000
93.023,407.3041,-1.2690,266.2944,0.2510,3.8000,-0.4500,355.0146,181.4213,359.5769,0.0000,0.0000,0.0000
93.134,407.0947,-1.3094,266.2606,0.2510,3.8000,-0.4500,355.2986,181.4201,359.9104,0.0000,0.0000,0.0000
93.245,406.8429,-1.3512,266.2256,0.2510,3.8000,-0.4500,355.5252,181.4202,0.1675,0.0000,0.0000,0.0000
93.356,406.6344,-1.3743,266.1994,0.2510,3.8000,-0.4500,355.8292,181.4220,0.4979,0.0000,0.0000,0.0000
93.468,406.3838,-1.3941,266.1750,0.2510,3.8000,-0.4500,356.1247,181.4254,0.8068,0.0000,0.0000,0.0000
93.592,406.1343,-1.4020,266.1629,0.2510,3.8000,-0.4500,356.4785,181.4315,1.1545,0.0000,0.0000,0.0000
93.717,405.8853,-1.4028,266.1764,0.2510,3.8000,-0.4500,356.7346,181.4371,1.3882,0.0000,0.0000,0.0000
93.842,405.5972,-1.3909,266.2151,0.2510,3.8000,-0.4500,357.0566,181.4458,1.6673,0.0000,0.0000,0.0000
93.967,405.3531,-1.3676,266.2629,0.2510,3.8000,-0.4500,357.4603,181.4586,1.9809,0.0000,0.0000,0.0000
94.081,405.1099,-1.3395,266.3247,0.2510,3.8000,-0.4500,357.6637,181.4659,2.1245,0.0000,0.0000,0.0000
94.189,404.9104,-1.3057,266.3915,0.2510,3.8000,-0.4500,358.0339,181.4805,2.3572,0.0000,0.0000,0.0000
94.303,404.6730,-1.2617,266.4965,0.2510,3.8000,-0.4500,358.2603,181.4900,2.4811,0.0000,0.0000,0.0000
94.425,404.4392,-1.2064,266.6223,0.2510,3.8000,-0.4500,358.6505,181.5076,2.6741,0.0000,0.0000,0.0000
94.550,404.2080,-1.1426,266.7656,0.2510,3.8000,-0.4500,359.0330,181.5261,2.8474,0.0000,0.0000,0.0000
94.676,403.9790,-1.0704,266.9231,0.2510,3.8000,-0.4500,359.3430,181.5419,2.9887,0.0000,0.0000,0.0000
94.788,403.7520,-0.9897,267.0908,0.2510,3.8000,-0.4500,359.5685,181.5538,3.0942,0.0000,0.0000,0.0000
94.898,403.5652,-0.9113,267.2337,0.2510,3.8000,-0.4500,359.9564,181.5755,3.2892,0.0000,0.0000,0.0000
95.012,403.3426,-0.8094,267.4094,0.2510,3.8000,-0.4500,0.3276,181.5975,3.4882,0.0000,0.0000,0.0000
95.120,403.1212,-0.7001,267.5889,0.2510,3.8000,-0.4500,0.5433,181.6108,3.6115,0.0000,0.0000,0.0000
95.221,402.9388,-0.5994,267.7388,0.2510,3.8000,-0.4500,0.8352,181.6297,3.7850,0.0000,0.0000,0.0000
95.342,402.7213,-0.4708,267.9203,0.2510,3.8000,-0.4500,1.1277,181.6495,3.9681,0.0000,0.0000,0.0000
95.456,402.5411,-0.3586,268.0728,0.2510,3.8000,-0.4500,1.2692,181.6594,4.0583,0.0000,0.0000,0.0000
95.564,402.3274,-0.2137,268.2573,0.2510,3.8000,-0.4500,1.5559,181.6803,4.2471,0.0000,0.0000,0.0000
95.690,402.1156,-0.0619,268.4469,0.2510,3.8000,-0.4500,1.7713,181.6965,4.3908,0.0000,0.0000,0.0000
95.814,401.9063,0.0990,268.6414,0.2510,3.8000,-0.4500,2.0546,181.7188,4.5820,0.0000,0.0000,0.0000
95.939,401.6981,0.2651,268.8339,0.2510,3.8000,-0.4500,2.2585,181.7354,4.7190,0.0000,0.0000,0.0000
96.051,401.4890,0.4349,269.0050,0.2510,3.8000,-0.4500,2.3920,181.7465,4.8078,0.0000,0.0000,0.0000
96.176,401.2795,0.6100,269.1540,0.2510,3.8000,-0.4500,2.5986,181.7641,4.9414,0.0000,0.0000,0.0000
96.288,401.0686,0.7846,269.2884,0.2510,3.8000,-0.4500,2.5986,181.7641,4.9414,0.0000,0.0000,0.0000
96.412,400.8582,0.9621,269.3310,0.2510,3.8000,-0.4500,2.8157,181.7832,5.0706,0.0000,0.0000,0.0000
96.537,400.6466,1.1315,269.2801,0.2510,3.8000,-0.4500,2.8157,181.7832,5.0706,0.0000,0.0000,0.0000
96.662,400.3999,1.3267,269.1546,0.2510,3.8000,-0.4500,2.8851,181.7894,5.1065,0.0000,0.0000,0.0000
96.786,400.1884,1.4905,269.0131,0.2510,3.8000,-0.4500,2.8851,181.7894,5.1065,0.0000,0.0000,0.0000
96.912,399.9778,1.6543,268.8498,0.2510,3.8000,-0.4500,3.0426,181.8035,5.1538,0.0000,0.0000,0.0000
97.037,399.7671,1.8148,268.6738,0.2510,3.8000,-0.4500,3.1182,181.8104,5.1746,0.0000,0.0000,0.0000
97.162,399.5208,1.9984,268.4612,0.2510,3.8000,-0.4500,3.1182,181.8104,5.1746,0.0000,0.0000,0.0000
97.273,399.3445,2.1276,268.3070,0.2510,3.8000,-0.4500,3.1182,181.8104,5.1746,0.0000,0.0000,0.0000
97.385,399.1320,2.2802,268.1235,0.2510,3.8000,-0.4500,3.1182,181.8104,5.1746,0.0000,0.0000,0.0000
97.509,398.9183,2.4303,267.9464,0.2510,3.8000,-0.4500,3.1182,181.8104,5.1746,0.0000,0.0000,0.0000
97.634,398.7014,2.5760,267.7738,0.2510,3.8000,-0.4500,3.3859,181.8342,4.9810,0.0000,0.0000,0.0000
97.748,398.4842,2.7197,267.6220,0.2510,3.8000,-0.4500,3.3859,181.8342,4.9810,0.0000,0.0000,0.0000
97.856,398.3007,2.8387,267.5756,0.2510,3.8000,-0.4500,3.5229,181.8459,4.7866,0.0000,0.0000,0.0000
97.981,398.0426,3.0063,267.5981,0.2510,3.8000,-0.4500,3.6263,181.8544,4.5480,0.0000,0.0000,0.0000
98.109,397.8196,3.1486,267.6594,0.2510,3.8000,-0.4500,3.6843,181.8589,4.3919,0.0000,0.0000,0.0000
98.217,397.6307,3.2610,267.7252,0.2510,3.8000,-0.4500,3.7638,181.8648,4.0602,0.0000,0.0000,0.0000
98.331,397.4023,3.3917,267.8123,0.2510,3.8000,-0.4500,3.8146,181.8683,3.7342,0.0000,0.0000,0.0000
98.440,397.1720,3.5168,267.9022,0.2510,3.8000,-0.4500,3.8320,181.8694,3.4866,0.0000,0.0000,0.0000
98.565,396.9389,3.6337,267.9916,0.2510,3.8000,-0.4500,3.8365,181.8697,3.2339,0.0000,0.0000,0.0000
98.676,396.7409,3.7204,268.0653,0.2510,3.8000,-0.4500,3.8126,181.8684,2.7956,0.0000,0.0000,0.0000
98.776,396.5417,3.8020,268.1363,0.2510,3.8000,-0.4500,3.7742,181.8667,2.4634,0.0000,0.0000,0.0000
98.881,396.3004,3.8912,268.2176,0.2510,3.8000,-0.4500,3.7126,181.8642,2.1296,0.0000,0.0000,0.0000
98.993,396.0959,3.9543,268.2825,0.2510,3.8000,-0.4500,3.6129,181.8609,1.7122,0.0000,0.0000,0.0000
99.094,395.8909,4.0122,268.3435,0.2510,3.8000,-0.4500,3.5394,181.8588,1.4674,0.0000,0.0000,0.0000
99.217,395.6409,4.0658,268.4142,0.2510,3.8000,-0.4500,3.3613,181.8551,0.9626,0.0000,0.0000,0.0000
99.329,395.3899,4.1086,268.4901,0.2510,3.8000,-0.4500,3.1982,181.8529,0.5656,0.0000,0.0000,0.0000
99.453,395.1376,4.1365,268.5816,0.2510,3.8000,-0.4500,2.9688,181.8516,0.0885,0.0000,0.0000,0.0000
99.578,394.8847,4.1505,268.6874,0.2510,3.8000,-0.4500,2.7136,181.8523,359.6183,0.0000,0.0000,0.0000
99.689,394.6292,4.1494,268.7807,0.2510,3.8000,-0.4500,2.4370,181.8553,359.1633,0.0000,0.0000,0.0000
99.814,394.3699,4.1322,268.8428,0.2510,3.8000,-0.4500,2.1394,181.8608,358.7182,0.0000,0.0000,0.0000
99.939,394.1084,4.0987,268.8594,0.2510,3.8000,-0.4500,1.8244,181.8691,358.2815,0.0000,0.0000,0.0000
100.064,393.8029,4.0402,268.8316,0.2510,3.8000,-0.4500,1.4419,181.8822,357.7859,0.0000,0.0000,0.0000
100.189,393.5416,3.9745,268.7778,0.2510,3.8000,-0.4500,1.1059,181.8964,357.3766,0.0000,0.0000,0.0000
100.289,393.3243,3.9096,268.7173,0.2510,3.8000,-0.4500,0.8222,181.9102,357.0485,0.0000,0.0000,0.0000
100.411,393.0648,3.8203,268.6300,0.2510,3.8000,-0.4500,0.4791,181.9291,356.6729,0.0000,0.0000,0.0000
100.523,392.8065,3.7208,268.5295,0.2510,3.8000,-0.4500,0.1887,181.9467,356.3743,0.0000,0.0000,0.0000
100.633,392.5917,3.6278,268.4380,0.2510,3.8000,-0.4500,359.8824,181.9669,356.0778,0.0000,0.0000,0.0000
100.758,392.3354,3.5083,268.3195,0.2510,3.8000,-0.4500,359.5713,181.9890,355.7968,0.0000,0.0000,0.0000
100.883,392.0380,3.3581,268.1671,0.2510,3.8000,-0.4500,359.2461,182.0137,355.5268,0.0000,0.0000,0.0000
101.008,391.7848,3.2207,268.0230,0.2510,3.8000,-0.4500,358.9782,182.0352,355.3199,0.0000,0.0000,0.0000
101.108,391.5747,3.0994,267.8948,0.2510,3.8000,-0.4500,358.6937,182.0590,355.1238,0.0000,0.0000,0.0000
101.218,391.3661,2.9754,267.7523,0.2510,3.8000,-0.4500,358.4797,182.0775,354.9887,0.0000,0.0000,0.0000
101.341,391.0772,2.7981,267.5229,0.2510,3.8000,-0.4500,358.2614,182.0969,354.8648,0.0000,0.0000,0.0000
101.468,390.8316,2.6406,267.3029,0.2510,3.8000,-0.4500,357.9570,182.1247,354.7168,0.0000,0.0000,0.0000
101.580,390.5878,2.4821,267.0660,0.2510,3.8000,-0.4500,357.7283,182.1460,354.6294,0.0000,0.0000,0.0000
101.689,390.3858,2.3506,266.8570,0.2510,3.8000,-0.4500,357.6481,182.1535,354.6075,0.0000,0.0000,0.0000
101.814,390.1444,2.1912,266.5961,0.2510,3.8000,-0.4500,357.4858,182.1690,354.5669,0.0000,0.0000,0.0000
101.927,389.9042,2.0313,266.3239,0.2510,3.8000,-0.4500,357.2459,182.1918,354.5345,0.0000,0.0000,0.0000
102.039,389.7060,1.9013,266.0709,0.2510,3.8000,-0.4500,357.1639,182.1997,354.5388,0.0000,0.0000,0.0000
102.155,389.4712,1.7491,265.7234,0.2510,3.8000,-0.4500,357.0002,182.2154,354.5522,0.0000,0.0000,0.0000
102.267,389.2392,1.6031,265.3338,0.2510,3.8000,-0.4500,356.9242,182.2226,354.5711,0.0000,0.0000,0.0000
102.379,389.0462,1.4844,265.0151,0.2510,3.8000,-0.4500,356.6983,182.2439,354.6652,0.0000,0.0000,0.0000
102.479,388.8487,1.3650,264.7529,0.2510,3.8000,-0.4500,356.6320,182.2501,354.7125,0.0000,0.0000,0.0000
102.603,388.5667,1.1964,264.4839,0.2510,3.8000,-0.4500,356.3881,182.2723,354.9275,0.0000,0.0000,0.0000
102.715,388.3620,1.0709,264.4065,0.2510,3.8000,-0.4500,356.3336,182.2771,354.9866,0.0000,0.0000,0.0000
102.825,388.1178,0.9198,264.4253,0.2510,3.8000,-0.4500,356.0568,182.3005,355.4066,0.0000,0.0000,0.0000
102.951,387.8725,0.7654,264.5133,0.2510,3.8000,-0.4500,355.9512,182.3088,355.6296,0.0000,0.0000,0.0000
103.075,387.6276,0.6146,264.6425,0.2510,3.8000,-0.4500,355.8329,182.3175,355.9345,0.0000,0.0000,0.0000
103.200,387.3427,0.4455,264.8238,0.2510,3.8000,-0.4500,355.7226,182.3250,356.3377,0.0000,0.0000,0.0000
103.325,387.0985,0.3078,264.9933,0.2510,3.8000,-0.4500,355.6609,182.3288,356.6665,0.0000,0.0000,0.0000
103.437,386.8954,0.2004,265.1405,0.2510,3.8000,-0.4500,355.6243,182.3309,357.0019,0.0000,0.0000,0.0000
103.562,386.6116,0.0596,265.3554,0.2510,3.8000,-0.4500,355.6137,182.3314,357.4196,0.0000,0.0000,0.0000
103.674,386.4099,-0.0309,265.5143,0.2510,3.8000,-0.4500,355.6345,182.3306,357.8444,0.0000,0.0000,0.0000
103.784,386.1670,-0.1352,265.7088,0.2510,3.8000,-0.4500,355.6693,182.3293,358.1028,0.0000,0.0000,0.0000
103.896,385.9662,-0.2111,265.8751,0.2510,3.8000,-0.4500,355.7444,182.3271,358.5196,0.0000,0.0000,0.0000
104.006,385.7242,-0.2999,266.0790,0.2510,3.8000,-0.4500,355.7913,182.3260,358.6868,0.0000,0.0000,0.0000
104.132,385.4846,-0.3746,266.2863,0.2510,3.8000,-0.4500,355.9237,182.3234,359.0952,0.0000,0.0000,0.0000
104.256,385.2445,-0.4442,266.4948,0.2510,3.8000,-0.4500,356.0234,182.3220,359.3182,0.0000,0.0000,0.0000
104.382,384.9651,-0.5135,266.7372,0.2510,3.8000,-0.4500,356.1888,182.3205,359.6086,0.0000,0.0000,0.0000
104.507,384.7255,-0.5663,266.9440,0.2510,3.8000,-0.4500,356.2781,182.3200,359.7465,0.0000,0.0000,0.0000
104.632,384.4872,-0.6059,267.1458,0.2510,3.8000,-0.4500,356.5569,182.3196,0.0760,0.0000,0.0000,0.0000
104.757,384.2474,-0.6440,267.3443,0.2510,3.8000,-0.4500,356.6118,182.3197,0.1361,0.0000,0.0000,0.0000
104.882,383.9696,-0.6726,267.5713,0.2510,3.8000,-0.4500,356.9304,182.3212,0.4205,0.0000,0.0000,0.0000
105.007,383.7316,-0.6913,267.7673,0.2510,3.8000,-0.4500,357.1443,182.3231,0.5753,0.0000,0.0000,0.0000
105.132,383.4942,-0.7032,267.9655,0.2510,3.8000,-0.4500,357.3538,182.3255,0.7171,0.0000,0.0000,0.0000
105.257,383.2573,-0.7090,268.1653,0.2510,3.8000,-0.4500,357.5859,182.3286,0.8394,0.0000,0.0000,0.0000
105.371,383.0205,-0.7102,268.3669,0.2510,3.8000,-0.4500,357.7385,182.3310,0.9144,0.0000,0.0000,0.0000
105.479,382.8235,-0.7069,268.5352,0.2510,3.8000,-0.4500,357.8921,182.3335,0.9752,0.0000,0.0000,0.0000
105.604,382.5481,-0.6955,268.7702,0.2510,3.8000,-0.4500,358.2181,182.3394,1.0753,0.0000,0.0000,0.0000
105.730,382.3119,-0.6813,268.9701,0.2510,3.8000,-0.4500,358.5539,182.3458,1.1309,0.0000,0.0000,0.0000
105.855,382.0754,-0.6665,269.1702,0.2510,3.8000,-0.4500,358.6388,182.3475,1.1346,0.0000,0.0000,0.0000
105.980,381.8384,-0.6474,269.3638,0.2510,3.8000,-0.4500,358.8951,182.3526,1.1380,0.0000,0.0000,0.0000
106.093,381.5995,-0.6263,269.5400,0.2510,3.8000,-0.4500,359.2244,182.3591,1.0999,0.0000,0.0000,0.0000
106.216,381.3587,-0.6051,269.6992,0.2510,3.8000,-0.4500,359.3880,182.3621,1.0571,0.0000,0.0000,0.0000
106.329,381.1153,-0.5834,269.8316,0.2510,3.8000,-0.4500,359.5494,182.3650,1.0094,0.0000,0.0000,0.0000
106.438,380.9083,-0.5658,269.8953,0.2510,3.8000,-0.4500,359.8570,182.3701,0.8773,0.0000,0.0000,0.0000
106.551,380.6583,-0.5467,269.9103,0.2510,3.8000,-0.4500,0.0731,182.3732,0.7505,0.0000,0.0000,0.0000
106.661,380.4088,-0.5300,269.8687,0.2510,3.8000,-0.4500,0.2086,182.3749,0.6573,0.0000,0.0000,0.0000
106.773,380.2021,-0.5191,269.7863,0.2510,3.8000,-0.4500,0.4042,182.3768,0.5023,0.0000,0.0000,0.0000
106.898,379.9570,-0.5099,269.6339,0.2510,3.8000,-0.4500,0.5884,182.3782,0.3197,0.0000,0.0000,0.0000
107.010,379.7145,-0.5041,269.4370,0.2510,3.8000,-0.4500,0.7040,182.3787,0.1981,0.0000,0.0000,0.0000
107.133,379.4731,-0.5033,269.2067,0.2510,3.8000,-0.4500,0.8587,182.3790,0.0070,0.0000,0.0000,0.0000
107.258,379.2320,-0.5077,268.9528,0.2510,3.8000,-0.4500,1.0482,182.3786,359.7397,0.0000,0.0000,0.0000
107.369,378.9913,-0.5156,268.6871,0.2510,3.8000,-0.4500,1.1798,182.3777,359.5241,0.0000,0.0000,0.0000
107.494,378.7485,-0.5258,268.4450,0.2510,3.8000,-0.4500,1.2627,182.3769,359.3837,0.0000,0.0000,0.0000
107.619,378.5001,-0.5405,268.2485,0.2510,3.8000,-0.4500,1.4252,182.3747,359.0830,0.0000,0.0000,0.0000
107.732,378.2483,-0.5551,268.0945,0.2510,3.8000,-0.4500,1.5026,182.3734,358.9376,0.0000,0.0000,0.0000
107.841,377.9924,-0.5715,267.9800,0.2510,3.8000,-0.4500,1.5813,182.3718,358.7905,0.0000,0.0000,0.0000
107.955,377.7755,-0.5887,267.9076,0.2510,3.8000,-0.4500,1.7439,182.3680,358.4959,0.0000,0.0000,0.0000
108.077,377.5143,-0.6079,267.8455,0.2510,3.8000,-0.4500,1.8284,182.3657,358.3515,0.0000,0.0000,0.0000
108.202,377.2082,-0.6311,267.8332,0.2510,3.8000,-0.4500,1.9579,182.3617,358.1404,0.0000,0.0000,0.0000
108.313,376.9901,-0.6465,267.8555,0.2510,3.8000,-0.4500,2.0025,182.3602,358.0724,0.0000,0.0000,0.0000
108.438,376.7281,-0.6661,267.9066,0.2510,3.8000,-0.4500,2.1492,182.3550,357.8634,0.0000,0.0000,0.0000
108.538,376.5102,-0.6828,267.9724,0.2510,3.8000,-0.4500,2.3556,182.3468,357.6025,0.0000,0.0000,0.0000
108.647,376.2528,-0.6973,268.0852,0.2510,3.8000,-0.4500,2.3556,182.3468,357.6025,0.0000,0.0000,0.0000
108.772,375.9957,-0.7122,268.2265,0.2510,3.8000,-0.4500,2.5918,182.3364,357.3617,0.0000,0.0000,0.0000
108.897,375.7398,-0.7230,268.3783,0.2510,3.8000,-0.4500,2.6540,182.3335,357.3079,0.0000,0.0000,0.0000
109.010,375.4821,-0.7338,268.5175,0.2510,3.8000,-0.4500,2.8546,182.3238,357.1507,0.0000,0.0000,0.0000
109.119,375.2668,-0.7411,268.6237,0.2510,3.8000,-0.4500,2.8546,182.3238,357.1507,0.0000,0.0000,0.0000
109.232,375.0066,-0.7496,268.7350,0.2510,3.8000,-0.4500,2.9960,182.3167,357.0631,0.0000,0.0000,0.0000
109.343,374.7448,-0.7572,268.8291,0.2510,3.8000,-0.4500,3.0674,182.3130,357.0213,0.0000,0.0000,0.0000
109.454,374.5259,-0.7634,268.8733,0.2510,3.8000,-0.4500,3.1434,182.3090,356.9877,0.0000,0.0000,0.0000
109.577,374.2631,-0.7734,268.8595,0.2510,3.8000,-0.4500,3.2190,182.3050,356.9572,0.0000,0.0000,0.0000
109.690,374.0003,-0.7846,268.8051,0.2510,3.8000,-0.4500,3.2190,182.3050,356.9572,0.0000,0.0000,0.0000
109.800,373.7812,-0.7934,268.7420,0.2510,3.8000,-0.4500,3.2983,182.3007,356.9391,0.0000,0.0000,0.0000
109.914,373.5185,-0.8032,268.6638,0.2510,3.8000,-0.4500,3.2983,182.3007,356.9391,0.0000,0.0000,0.0000
110.022,373.2557,-0.8072,268.6466,0.2510,3.8000,-0.4500,3.2983,182.3007,356.9391,0.0000,0.0000,0.0000
110.147,372.9933,-0.8050,268.6766,0.2510,3.8000,-0.4500,3.2983,182.3007,356.9391,0.0000,0.0000,0.0000
110.261,372.7316,-0.7962,268.7346,0.2510,3.8000,-0.4500,3.3784,182.2964,356.9554,0.0000,0.0000,0.0000
110.369,372.5143,-0.7830,268.7973,0.2510,3.8000,-0.4500,3.5315,182.2884,357.0182,0.0000,0.0000,0.0000
110.494,372.2544,-0.7617,268.8860,0.2510,3.8000,-0.4500,3.6744,182.2810,357.0981,0.0000,0.0000,0.0000
110.608,371.9957,-0.7323,268.9828,0.2510,3.8000,-0.4500,3.8751,182.2711,357.2448,0.0000,0.0000,0.0000
110.716,371.7800,-0.7046,269.0659,0.2510,3.8000,-0.4500,3.9377,182.2681,357.2994,0.0000,0.0000,0.0000
110.841,371.4789,-0.6542,269.1767,0.2510,3.8000,-0.4500,4.1829,182.2570,357.5309,0.0000,0.0000,0.0000
110.954,371.2637,-0.6136,269.2515,0.2510,3.8000,-0.4500,4.2999,182.2520,357.6505,0.0000,0.0000,0.0000
111.063,371.0060,-0.5557,269.3343,0.2510,3.8000,-0.4500,4.5242,182.2433,357.8997,0.0000,0.0000,0.0000
111.176,370.7913,-0.5011,269.3932,0.2510,3.8000,-0.4500,4.7389,182.2359,358.1520,0.0000,0.0000,0.0000
111.288,370.5323,-0.4337,269.4499,0.2510,3.8000,-0.4500,4.8460,182.2325,358.2854,0.0000,0.0000,0.0000
111.397,370.3167,-0.3702,269.4852,0.2510,3.8000,-0.4500,5.0047,182.2280,358.4865,0.0000,0.0000,0.0000
111.497,370.1010,-0.3023,269.5117,0.2510,3.8000,-0.4500,5.1512,182.2244,358.6801,0.0000,0.0000,0.0000
111.598,369.8854,-0.2302,269.5185,0.2510,3.8000,-0.4500,5.2936,182.2213,358.8787,0.0000,0.0000,0.0000
111.701,369.6273,-0.1412,269.4900,0.2510,3.8000,-0.4500,5.4324,182.2189,359.0838,0.0000,0.0000,0.0000
111.814,369.4135,-0.0628,269.4456,0.2510,3.8000,-0.4500,5.5681,182.2169,359.2994,0.0000,0.0000,0.0000
111.938,369.1587,0.0361,269.3726,0.2510,3.8000,-0.4500,5.7334,182.2153,359.5830,0.0000,0.0000,0.0000
112.064,368.8659,0.1546,269.2425,0.2510,3.8000,-0.4500,5.8798,182.2146,359.8773,0.0000,0.0000,0.0000
112.177,368.6603,0.2412,269.1201,0.2510,3.8000,-0.4500,5.9758,182.2146,0.0962,0.0000,0.0000,0.0000
112.300,368.4185,0.3394,268.9038,0.2510,3.8000,-0.4500,5.9758,182.2146,0.0962,0.0000,0.0000,0.0000
112.425,368.1591,0.4419,268.3830,0.2510,3.8000,-0.4500,6.1093,182.2153,0.5047,0.0000,0.0000,0.0000
112.549,367.9482,0.5098,267.7614,0.2510,3.8000,-0.4500,6.1397,182.2156,0.6739,0.0000,0.0000,0.0000
112.662,367.7440,0.5723,267.0612,0.2510,3.8000,-0.4500,6.1757,182.2161,0.9235,0.0000,0.0000,0.0000
112.772,367.5744,0.6274,266.4968,0.2510,3.8000,-0.4500,6.1825,182.2162,1.1701,0.0000,0.0000,0.0000
112.897,367.3634,0.7040,265.9351,0.2510,3.8000,-0.4500,6.1830,182.2162,1.2507,0.0000,0.0000,0.0000
113.022,367.1088,0.8235,265.4592,0.2510,3.8000,-0.4500,6.1549,182.2155,1.6661,0.0000,0.0000,0.0000
113.133,366.9196,0.9182,265.2099,0.2510,3.8000,-0.4500,6.1549,182.2155,1.6661,0.0000,0.0000,0.0000
113.258,366.6896,1.0463,264.9782,0.2510,3.8000,-0.4500,6.1325,182.2148,1.8315,0.0000,0.0000,0.0000
113.369,366.4628,1.1808,264.7288,0.2510,3.8000,-0.4500,6.0903,182.2133,2.0715,0.0000,0.0000,0.0000
113.493,366.2484,1.2961,264.2871,0.2510,3.8000,-0.4500,6.0903,182.2134,2.0715,0.0000,0.0000,0.0000
113.619,366.0468,1.3980,263.6792,0.2510,3.8000,-0.4500,6.0219,182.2107,2.3099,0.0000,0.0000,0.0000
113.733,365.8504,1.4884,262.9867,0.2510,3.8000,-0.4500,5.9605,182.2081,2.4623,0.0000,0.0000,0.0000
113.841,365.6517,1.5794,262.3452,0.2510,3.8000,-0.4500,5.9291,182.2068,2.5368,0.0000,0.0000,0.0000
113.966,365.4432,1.6836,261.8610,0.2510,3.8000,-0.4500,5.9291,182.2068,2.5368,0.0000,0.0000,0.0000
114.067,365.2626,1.7853,261.5849,0.2510,3.8000,-0.4500,5.7896,182.2003,2.7478,0.0000,0.0000,0.0000
114.188,365.0380,1.9185,261.4074,0.2510,3.8000,-0.4500,5.7896,182.2003,2.7478,0.0000,0.0000,0.0000
114.302,364.8115,2.0626,261.3546,0.2510,3.8000,-0.4500,5.7234,182.1971,2.7938,0.0000,0.0000,0.0000
114.425,364.5857,2.2111,261.3859,0.2510,3.8000,-0.4500,5.5023,182.1860,2.8951,0.0000,0.0000,0.0000
114.538,364.3977,2.3348,261.4563,0.2510,3.8000,-0.4500,5.5023,182.1860,2.8951,0.0000,0.0000,0.0000
114.647,364.1729,2.4778,261.5826,0.2510,3.8000,-0.4500,5.1687,182.1690,2.9108,0.0000,0.0000,0.0000
114.772,363.9479,2.6128,261.7393,0.2510,3.8000,-0.4500,4.8363,182.1522,2.8453,0.0000,0.0000,0.0000
114.897,363.7221,2.7381,261.9155,0.2510,3.8000,-0.4500,4.5210,182.1368,2.7362,0.0000,0.0000,0.0000
115.022,363.4566,2.8676,262.1364,0.2510,3.8000,-0.4500,4.0570,182.1155,2.4967,0.0000,0.0000,0.0000
115.147,363.2268,2.9634,262.3332,0.2510,3.8000,-0.4500,3.6261,182.0976,2.2303,0.0000,0.0000,0.0000
115.275,362.9956,3.0472,262.5314,0.2510,3.8000,-0.4500,3.3276,182.0865,2.0211,0.0000,0.0000,0.0000
115.383,362.7613,3.1128,262.7315,0.2510,3.8000,-0.4500,2.8711,182.0717,1.6868,0.0000,0.0000,0.0000
115.507,362.5251,3.1628,262.9313,0.2510,3.8000,-0.4500,2.4283,182.0600,1.3500,0.0000,0.0000,0.0000
115.607,362.3266,3.1920,263.0979,0.2510,3.8000,-0.4500,2.0628,182.0523,1.0650,0.0000,0.0000,0.0000
115.730,362.0867,3.2117,263.2986,0.2510,3.8000,-0.4500,1.6212,182.0454,0.7142,0.0000,0.0000,0.0000
115.855,361.8452,3.2142,263.5001,0.2510,3.8000,-0.4500,1.1739,182.0412,0.3533,0.0000,0.0000,0.0000
115.980,361.5616,3.1953,263.7375,0.2510,3.8000,-0.4500,0.6466,182.0399,359.9219,0.0000,0.0000,0.0000
116.093,361.3579,3.1674,263.9094,0.2510,3.8000,-0.4500,0.2690,182.0415,359.6096,0.0000,0.0000,0.0000
116.216,361.1129,3.1184,264.1180,0.2510,3.8000,-0.4500,359.8183,182.0461,359.2336,0.0000,0.0000,0.0000
116.329,360.8675,3.0528,264.3305,0.2510,3.8000,-0.4500,359.3743,182.0534,358.8600,0.0000,0.0000,0.0000
116.440,360.6218,2.9711,264.5478,0.2510,3.8000,-0.4500,358.9414,182.0634,358.4930,0.0000,0.0000,0.0000
116.565,360.3762,2.8741,264.7696,0.2510,3.8000,-0.4500,358.5238,182.0757,358.1366,0.0000,0.0000,0.0000
116.675,360.1717,2.7824,264.9576,0.2510,3.8000,-0.4500,358.1906,182.0874,357.8509,0.0000,0.0000,0.0000
116.789,359.9269,2.6615,265.1864,0.2510,3.8000,-0.4500,357.8734,182.1001,357.5778,0.0000,0.0000,0.0000
116.897,359.7231,2.5511,265.3799,0.2510,3.8000,-0.4500,357.6124,182.1116,357.3521,0.0000,0.0000,0.0000
117.011,359.4792,2.4095,265.6151,0.2510,3.8000,-0.4500,357.3575,182.1239,357.1311,0.0000,0.0000,0.0000
117.134,359.2355,2.2561,265.8552,0.2510,3.8000,-0.4500,357.0396,182.1406,356.8544,0.0000,0.0000,0.0000
117.245,358.9933,2.1000,266.0980,0.2510,3.8000,-0.4500,356.9741,182.1443,356.7973,0.0000,0.0000,0.0000
117.369,358.7507,1.9323,266.3453,0.2510,3.8000,-0.4500,356.7139,182.1594,356.5703,0.0000,0.0000,0.0000
117.469,358.5495,1.7921,266.5535,0.2510,3.8000,-0.4500,356.6539,182.1630,356.5179,0.0000,0.0000,0.0000
117.577,358.3484,1.6491,266.7639,0.2510,3.8000,-0.4500,356.5937,182.1667,356.4652,0.0000,0.0000,0.0000
117.691,358.1076,1.4774,267.0185,0.2510,3.8000,-0.4500,356.5937,182.1667,356.4652,0.0000,0.0000,0.0000
117.813,357.8666,1.3051,267.2750,0.2510,3.8000,-0.4500,356.5937,182.1667,356.4652,0.0000,0.0000,0.0000
117.939,357.6256,1.1342,267.5328,0.2510,3.8000,-0.4500,356.5937,182.1667,356.4652,0.0000,0.0000,0.0000
118.052,357.3845,0.9665,267.7914,0.2510,3.8000,-0.4500,356.5937,182.1667,356.4652,0.0000,0.0000,0.0000
118.162,357.1432,0.8038,268.0491,0.2510,3.8000,-0.4500,356.5937,182.1667,356.4652,0.0000,0.0000,0.0000
118.273,356.9420,0.6732,268.2625,0.2510,3.8000,-0.4500,356.5937,182.1667,356.4652,0.0000,0.0000,0.0000
118.397,356.7003,0.5238,268.5170,0.2510,3.8000,-0.4500,356.5937,182.1667,356.4652,0.0000,0.0000,0.0000
118.497,356.4987,0.4063,268.7270,0.2510,3.8000,-0.4500,356.5937,182.1667,356.4652,0.0000,0.0000,0.0000
118.622,356.2163,0.2540,269.0174,0.2510,3.8000,-0.4500,356.5937,182.1667,356.4652,0.0000,0.0000,0.0000
118.732,356.0145,0.1562,269.2220,0.2510,3.8000,-0.4500,356.6606,182.1626,356.5221,0.0000,0.0000,0.0000
118.856,355.7734,0.0582,269.4633,0.2510,3.8000,-0.4500,357.0926,182.1377,356.8885,0.0000,0.0000,0.0000
118.967,355.5311,-0.0291,269.7000,0.2510,3.8000,-0.4500,357.4284,182.1203,357.1728,0.0000,0.0000,0.0000
119.091,355.2885,-0.1017,269.9297,0.2510,3.8000,-0.4500,357.8219,182.1020,357.5042,0.0000,0.0000,0.0000
119.216,355.0449,-0.1637,270.1539,0.2510,3.8000,-0.4500,358.0793,182.0912,357.7195,0.0000,0.0000,0.0000
119.327,354.8017,-0.2084,270.3703,0.2510,3.8000,-0.4500,358.4980,182.0758,358.0668,0.0000,0.0000,0.0000
119.453,354.5583,-0.2397,270.5800,0.2510,3.8000,-0.4500,358.9008,182.0634,358.3976,0.0000,0.0000,0.0000
119.578,354.3144,-0.2611,270.7845,0.2510,3.8000,-0.4500,359.1590,182.0566,358.6074,0.0000,0.0000,0.0000
119.691,354.0712,-0.2661,270.9810,0.2510,3.8000,-0.4500,359.5736,182.0478,358.9400,0.0000,0.0000,0.0000
119.814,353.8277,-0.2623,271.1717,0.2510,3.8000,-0.4500,359.8378,182.0434,359.1494,0.0000,0.0000,0.0000
119.926,353.5849,-0.2452,271.3561,0.2510,3.8000,-0.4500,0.1925,182.0389,359.4248,0.0000,0.0000,0.0000
