time_sec,world_x,world_y,world_z,local_x,local_y,local_z,world_rot_x,world_rot_y,world_rot_z,local_rot_x,local_rot_y,local_rot_z
0.000,598.7960,5.1807,250.4555,0.2510,3.8000,-0.4500,0.0000,180.0000,0.0000,0.0000,0.0000,0.0000
0.000,598.7960,5.1807,250.4555,0.2510,3.8000,-0.4500,0.0000,180.0000,0.0000,0.0000,0.0000,0.0000
0.108,598.5439,4.9589,250.4612,0.2510,3.8000,-0.4500,0.0000,180.0000,0.0000,0.0000,0.0000,0.0000
0.221,598.1251,4.5996,250.4672,0.2510,3.8000,-0.4500,0.0000,180.0000,0.0000,0.0000,0.0000,0.0000
0.334,597.5931,4.1497,250.4726,0.2510,3.8000,-0.4500,0.0000,180.0000,0.0000,0.0000,0.0000,0.0000
0.445,597.0728,3.7129,250.4766,0.2510,3.8000,-0.4500,0.0000,180.0000,0.0000,0.0000,0.0000,0.0000
0.557,596.3658,3.1227,250.4809,0.2510,3.8000,-0.4500,0.0000,180.0000,0.0000,0.0000,0.0000,0.0000
0.668,595.7150,2.5814,250.4841,0.2510,3.8000,-0.4500,0.0000,180.0000,0.0000,0.0000,0.0000,0.0000
0.779,594.8679,1.8789,250.4876,0.2510,3.8000,-0.4500,0.0000,180.0000,0.0000,0.0000,0.0000,0.0000
0.890,594.1143,1.2539,250.4723,0.2510,3.8000,-0.4500,0.0000,180.0000,0.0000,0.0000,0.0000,0.0000
1.001,593.1638,0.4616,250.3807,0.2510,3.8000,-0.4500,0.0000,180.0000,0.0000,0.0000,0.0000,0.0000
1.112,592.1848,-0.3605,250.1877,0.2510,3.8000,-0.4500,0.0000,180.0000,0.0000,0.0000,0.0000,0.0000
1.224,591.5634,-0.8964,250.0086,0.2510,3.8000,-0.4500,359.2277,180.0000,0.0028,0.0000,0.0000,0.0000
1.335,591.0394,-1.2389,249.7978,0.2510,3.8000,-0.4500,358.0147,179.9999,0.0071,0.0000,0.0000,0.0000
1.446,590.7081,-1.3145,249.6209,0.2510,3.8000,-0.4500,357.4173,179.9998,0.0089,0.0000,0.0000,0.0000
1.558,590.3805,-1.2524,249.4041,0.2510,3.8000,-0.4500,357.3361,179.9998,0.0091,0.0000,0.0000,0.0000
1.668,590.1407,-1.1512,249.2223,0.2510,3.8000,-0.4500,357.3361,179.9998,0.0091,0.0000,0.0000,0.0000
1.780,589.8738,-1.0394,249.0130,0.2510,3.8000,-0.4500,357.3361,179.9998,0.0091,0.0000,0.0000,0.0000
1.891,589.6188,-0.9760,248.8177,0.2510,3.8000,-0.4500,357.3361,179.9998,0.0091,0.0000,0.0000,0.0000
2.004,589.4106,-0.9671,248.6644,0.2510,3.8000,-0.4500,357.3361,179.9998,0.0091,0.0000,0.0000,0.0000
2.114,589.1636,-0.9997,248.4891,0.2510,3.8000,-0.4500,357.3361,179.9998,0.0091,0.0000,0.0000,0.0000
2.224,588.9589,-1.0502,248.3483,0.2510,3.8000,-0.4500,357.3361,179.9998,0.0091,0.0000,0.0000,0.0000
2.335,588.7139,-1.1227,248.1842,0.2510,3.8000,-0.4500,357.3361,179.9998,0.0091,0.0000,0.0000,0.0000
2.446,588.5100,-1.1837,248.0510,0.2510,3.8000,-0.4500,357.3361,179.9998,0.0091,0.0000,0.0000,0.0000
2.557,588.2624,-1.2523,247.9288,0.2510,3.8000,-0.4500,357.3361,179.9998,0.0091,0.0000,0.0000,0.0000
2.669,588.0527,-1.3056,247.8799,0.2510,3.8000,-0.4500,357.3361,179.9998,0.0091,0.0000,0.0000,0.0000
2.780,587.8005,-1.3660,247.8804,0.2510,3.8000,-0.4500,357.3361,179.9998,0.0091,0.0000,0.0000,0.0000
2.891,587.5491,-1.4245,247.9304,0.2510,3.8000,-0.4500,357.3361,179.9998,0.0091,0.0000,0.0000,0.0000
3.002,587.3405,-1.4736,247.9987,0.2510,3.8000,-0.4500,357.3361,179.9998,0.0091,0.0000,0.0000,0.0000
3.114,587.0910,-1.5339,248.1023,0.2510,3.8000,-0.4500,357.3361,179.9998,0.0091,0.0000,0.0000,0.0000
3.225,586.8837,-1.5859,248.2003,0.2510,3.8000,-0.4500,357.3361,179.9998,0.0091,0.0000,0.0000,0.0000
3.336,586.6353,-1.6506,248.3275,0.2510,3.8000,-0.4500,357.3361,179.9998,0.0091,0.0000,0.0000,0.0000
3.447,586.4286,-1.7059,248.4395,0.2510,3.8000,-0.4500,357.3361,179.9998,0.0091,0.0000,0.0000,0.0000
3.558,586.1808,-1.7734,248.5790,0.2510,3.8000,-0.4500,357.3361,179.9998,0.0091,0.0000,0.0000,0.0000
3.669,585.9745,-1.8303,248.6981,0.2510,3.8000,-0.4500,357.3361,179.9998,0.0091,0.0000,0.0000,0.0000
3.780,585.7269,-1.8985,248.8432,0.2510,3.8000,-0.4500,357.3361,179.9998,0.0091,0.0000,0.0000,0.0000
3.892,585.4794,-1.9664,248.9897,0.2510,3.8000,-0.4500,357.3361,179.9998,0.0091,0.0000,0.0000,0.0000
4.003,585.2729,-2.0227,249.1124,0.2510,3.8000,-0.4500,357.3361,179.9998,0.0091,0.0000,0.0000,0.0000
4.114,585.0250,-2.0895,249.2601,0.2510,3.8000,-0.4500,357.3361,179.9998,0.0091,0.0000,0.0000,0.0000
4.225,584.8184,-2.1446,249.3833,0.2510,3.8000,-0.4500,357.3361,179.9998,0.0091,0.0000,0.0000,0.0000
4.336,584.5701,-2.2098,249.5308,0.2510,3.8000,-0.4500,357.3361,179.9998,0.0091,0.0000,0.0000,0.0000
4.461,584.3218,-2.2738,249.6775,0.2510,3.8000,-0.4500,357.3361,179.9998,0.0091,0.0000,0.0000,0.0000
4.572,584.0732,-2.3364,249.8233,0.2510,3.8000,-0.4500,357.3361,179.9998,0.0091,0.0000,0.0000,0.0000
4.683,583.8660,-2.3872,249.9442,0.2510,3.8000,-0.4500,357.3361,179.9998,0.0091,0.0000,0.0000,0.0000
4.795,583.6171,-2.4462,250.0886,0.2510,3.8000,-0.4500,357.3361,179.9998,0.0091,0.0000,0.0000,0.0000
4.906,583.4092,-2.4943,250.2083,0.2510,3.8000,-0.4500,357.3823,179.9998,359.9402,0.0000,0.0000,0.0000
5.016,583.1594,-2.5496,250.3511,0.2510,3.8000,-0.4500,357.4898,179.9995,359.8165,0.0000,0.0000,0.0000
5.128,582.9518,-2.5922,250.4705,0.2510,3.8000,-0.4500,357.4898,179.9995,359.8165,0.0000,0.0000,0.0000
5.239,582.7022,-2.6401,250.6116,0.2510,3.8000,-0.4500,357.6328,179.9990,359.7283,0.0000,0.0000,0.0000
5.350,582.4949,-2.6766,250.7278,0.2510,3.8000,-0.4500,357.6328,179.9990,359.7283,0.0000,0.0000,0.0000
5.461,582.2454,-2.7157,250.8629,0.2510,3.8000,-0.4500,357.8694,179.9977,359.6422,0.0000,0.0000,0.0000
5.572,581.9966,-2.7499,250.9967,0.2510,3.8000,-0.4500,357.9504,179.9971,359.6295,0.0000,0.0000,0.0000
5.683,581.7890,-2.7729,251.1056,0.2510,3.8000,-0.4500,358.2014,179.9955,359.6116,0.0000,0.0000,0.0000
5.795,581.5401,-2.7959,251.2359,0.2510,3.8000,-0.4500,358.3670,179.9944,359.6256,0.0000,0.0000,0.0000
5.906,581.3329,-2.8110,251.3439,0.2510,3.8000,-0.4500,358.4494,179.9938,359.6347,0.0000,0.0000,0.0000
6.017,581.0849,-2.8214,251.4717,0.2510,3.8000,-0.4500,358.6932,179.9924,359.6879,0.0000,0.0000,0.0000
6.128,580.8784,-2.8243,251.5736,0.2510,3.8000,-0.4500,358.9270,179.9913,359.7637,0.0000,0.0000,0.0000
6.241,580.6288,-2.8231,251.6755,0.2510,3.8000,-0.4500,359.0803,179.9907,359.8220,0.0000,0.0000,0.0000
6.350,580.3782,-2.8124,251.7504,0.2510,3.8000,-0.4500,359.3794,179.9901,359.9662,0.0000,0.0000,0.0000
6.461,580.1678,-2.8000,251.7967,0.2510,3.8000,-0.4500,359.5219,179.9902,0.0438,0.0000,0.0000,0.0000
6.571,579.9152,-2.7765,251.8365,0.2510,3.8000,-0.4500,359.7993,179.9908,0.2161,0.0000,0.0000,0.0000
6.683,579.7040,-2.7535,251.8615,0.2510,3.8000,-0.4500,359.9336,179.9914,0.3073,0.0000,0.0000,0.0000
6.794,579.4509,-2.7188,251.8847,0.2510,3.8000,-0.4500,0.1335,179.9927,0.4536,0.0000,0.0000,0.0000
6.905,579.2408,-2.6841,251.9008,0.2510,3.8000,-0.4500,0.3253,179.9945,0.6022,0.0000,0.0000,0.0000
7.016,578.9890,-2.6367,251.9186,0.2510,3.8000,-0.4500,0.5225,179.9968,0.7665,0.0000,0.0000,0.0000
7.127,578.7798,-2.5931,251.9254,0.2510,3.8000,-0.4500,0.6489,179.9987,0.8740,0.0000,0.0000,0.0000
7.239,578.5302,-2.5327,251.9149,0.2510,3.8000,-0.4500,0.8980,180.0029,1.0988,0.0000,0.0000,0.0000
7.349,578.3220,-2.4828,251.8965,0.2510,3.8000,-0.4500,0.8980,180.0029,1.0988,0.0000,0.0000,0.0000
7.461,578.0754,-2.4103,251.8625,0.2510,3.8000,-0.4500,1.2021,180.0095,1.3909,0.0000,0.0000,0.0000
7.572,577.8281,-2.3397,251.8220,0.2510,3.8000,-0.4500,1.2021,180.0095,1.3909,0.0000,0.0000,0.0000
7.683,577.6252,-2.2694,251.7813,0.2510,3.8000,-0.4500,1.4985,180.0175,1.6953,0.0000,0.0000,0.0000
7.795,577.3805,-2.1895,251.7291,0.2510,3.8000,-0.4500,1.4985,180.0175,1.6953,0.0000,0.0000,0.0000
7.905,577.1787,-2.1146,251.6860,0.2510,3.8000,-0.4500,1.6735,180.0230,1.8856,0.0000,0.0000,0.0000
8.017,576.9368,-2.0234,251.6736,0.2510,3.8000,-0.4500,1.7297,180.0249,1.9472,0.0000,0.0000,0.0000
8.127,576.7365,-1.9426,251.6908,0.2510,3.8000,-0.4500,1.7839,180.0267,2.0081,0.0000,0.0000,0.0000
8.239,576.4988,-1.8382,251.7349,0.2510,3.8000,-0.4500,1.9510,180.0329,2.1980,0.0000,0.0000,0.0000
8.351,576.2624,-1.7323,251.7989,0.2510,3.8000,-0.4500,2.0054,180.0350,2.2614,0.0000,0.0000,0.0000
8.461,576.0671,-1.6394,251.8615,0.2510,3.8000,-0.4500,2.1132,180.0394,2.3876,0.0000,0.0000,0.0000
8.572,575.8325,-1.5285,251.9460,0.2510,3.8000,-0.4500,2.1132,180.0394,2.3876,0.0000,0.0000,0.0000
8.683,575.6385,-1.4328,252.0202,0.2510,3.8000,-0.4500,2.1642,180.0415,2.4501,0.0000,0.0000,0.0000
8.794,575.4063,-1.3166,252.1132,0.2510,3.8000,-0.4500,2.2147,180.0437,2.5149,0.0000,0.0000,0.0000
8.905,575.2135,-1.2185,252.1949,0.2510,3.8000,-0.4500,2.2646,180.0459,2.5793,0.0000,0.0000,0.0000
9.019,574.9825,-1.1018,252.3006,0.2510,3.8000,-0.4500,2.2646,180.0459,2.5793,0.0000,0.0000,0.0000
9.141,574.7522,-0.9850,252.4129,0.2510,3.8000,-0.4500,2.2646,180.0459,2.5793,0.0000,0.0000,0.0000
9.252,574.5225,-0.8688,252.5298,0.2510,3.8000,-0.4500,2.2646,180.0459,2.5793,0.0000,0.0000,0.0000
9.364,574.3311,-0.7728,252.6298,0.2510,3.8000,-0.4500,2.2646,180.0459,2.5793,0.0000,0.0000,0.0000
9.475,574.1017,-0.6594,252.7520,0.2510,3.8000,-0.4500,2.2646,180.0460,2.5793,0.0000,0.0000,0.0000
9.586,573.9104,-0.5668,252.8552,0.2510,3.8000,-0.4500,2.2646,180.0460,2.5793,0.0000,0.0000,0.0000
9.697,573.6805,-0.4584,252.9801,0.2510,3.8000,-0.4500,2.2646,180.0460,2.5793,0.0000,0.0000,0.0000
9.808,573.4888,-0.3708,253.0846,0.2510,3.8000,-0.4500,2.2646,180.0460,2.5793,0.0000,0.0000,0.0000
9.919,573.2581,-0.2694,253.2102,0.2510,3.8000,-0.4500,2.2646,180.0460,2.5793,0.0000,0.0000,0.0000
10.031,573.0269,-0.1725,253.3359,0.2510,3.8000,-0.4500,2.2646,180.0460,2.5793,0.0000,0.0000,0.0000
10.142,572.8336,-0.0956,253.4408,0.2510,3.8000,-0.4500,2.2646,180.0460,2.5793,0.0000,0.0000,0.0000
10.253,572.6011,-0.0083,253.5670,0.2510,3.8000,-0.4500,2.2646,180.0460,2.5793,0.0000,0.0000,0.0000
10.365,572.4069,0.0602,253.6725,0.2510,3.8000,-0.4500,2.2646,180.0460,2.5793,0.0000,0.0000,0.0000
10.475,572.1730,0.1369,253.7997,0.2510,3.8000,-0.4500,2.2646,180.0460,2.5793,0.0000,0.0000,0.0000
10.586,571.9763,0.1922,253.9079,0.2510,3.8000,-0.4500,2.0293,180.0356,2.4611,0.0000,0.0000,0.0000
10.697,571.7397,0.2547,254.0357,0.2510,3.8000,-0.4500,1.8835,180.0294,2.3744,0.0000,0.0000,0.0000
10.809,571.5415,0.3012,254.1404,0.2510,3.8000,-0.4500,1.7439,180.0237,2.2795,0.0000,0.0000,0.0000
10.919,571.3015,0.3484,254.2641,0.2510,3.8000,-0.4500,1.4823,180.0138,2.0644,0.0000,0.0000,0.0000
11.032,571.0609,0.3917,254.3840,0.2510,3.8000,-0.4500,1.3635,180.0097,1.9494,0.0000,0.0000,0.0000
11.141,570.8593,0.4222,254.4824,0.2510,3.8000,-0.4500,1.2481,180.0059,1.8285,0.0000,0.0000,0.0000
11.253,570.6151,0.4487,254.5995,0.2510,3.8000,-0.4500,0.9795,179.9980,1.5104,0.0000,0.0000,0.0000
11.364,570.4127,0.4723,254.6938,0.2510,3.8000,-0.4500,0.9795,179.9980,1.5104,0.0000,0.0000,0.0000
11.475,570.1664,0.4884,254.8069,0.2510,3.8000,-0.4500,0.7874,179.9934,1.2232,0.0000,0.0000,0.0000
11.586,569.9615,0.5012,254.8985,0.2510,3.8000,-0.4500,0.7433,179.9925,1.1538,0.0000,0.0000,0.0000
11.698,569.7133,0.5086,255.0059,0.2510,3.8000,-0.4500,0.6275,179.9904,0.9372,0.0000,0.0000,0.0000
11.808,569.5052,0.5099,255.0930,0.2510,3.8000,-0.4500,0.5282,179.9890,0.7109,0.0000,0.0000,0.0000
11.919,569.2554,0.5091,255.1946,0.2510,3.8000,-0.4500,0.4708,179.9883,0.5562,0.0000,0.0000,0.0000
12.030,569.0464,0.5040,255.2777,0.2510,3.8000,-0.4500,0.4161,179.9879,0.4033,0.0000,0.0000,0.0000
12.143,568.7943,0.4918,255.3761,0.2510,3.8000,-0.4500,0.3395,179.9875,0.1709,0.0000,0.0000,0.0000
12.253,568.5411,0.4739,255.4735,0.2510,3.8000,-0.4500,0.2613,179.9874,359.9351,0.0000,0.0000,0.0000
12.378,568.2877,0.4518,255.5702,0.2510,3.8000,-0.4500,0.2063,179.9875,359.7778,0.0000,0.0000,0.0000
12.489,568.0760,0.4285,255.6508,0.2510,3.8000,-0.4500,0.1513,179.9878,359.6234,0.0000,0.0000,0.0000
12.600,567.8212,0.3942,255.7479,0.2510,3.8000,-0.4500,0.0613,179.9886,359.3948,0.0000,0.0000,0.0000
12.711,567.5662,0.3556,255.8452,0.2510,3.8000,-0.4500,-0.0039,179.9894,359.2435,0.0000,0.0000,0.0000
12.822,567.3528,0.3170,255.9268,0.2510,3.8000,-0.4500,359.8906,179.9910,359.0167,0.0000,0.0000,0.0000
12.933,567.0976,0.2697,256.0242,0.2510,3.8000,-0.4500,359.8560,179.9916,358.9443,0.0000,0.0000,0.0000
13.044,566.8837,0.2224,256.1063,0.2510,3.8000,-0.4500,359.7347,179.9941,358.7215,0.0000,0.0000,0.0000
13.156,566.6276,0.1652,256.2049,0.2510,3.8000,-0.4500,359.6947,179.9950,358.6498,0.0000,0.0000,0.0000
13.267,566.4133,0.1103,256.2886,0.2510,3.8000,-0.4500,359.5648,179.9983,358.4413,0.0000,0.0000,0.0000
13.378,566.1572,0.0442,256.3897,0.2510,3.8000,-0.4500,359.5181,179.9996,358.3738,0.0000,0.0000,0.0000
13.489,565.9433,-0.0163,256.4753,0.2510,3.8000,-0.4500,359.4177,180.0026,358.2364,0.0000,0.0000,0.0000
13.603,565.6871,-0.0902,256.5793,0.2510,3.8000,-0.4500,359.3680,180.0041,358.1696,0.0000,0.0000,0.0000
13.725,565.4305,-0.1695,256.6855,0.2510,3.8000,-0.4500,359.2600,180.0077,358.0420,0.0000,0.0000,0.0000
13.837,565.1746,-0.2504,256.7935,0.2510,3.8000,-0.4500,359.2034,180.0096,357.9819,0.0000,0.0000,0.0000
13.948,564.9612,-0.3202,256.8853,0.2510,3.8000,-0.4500,359.1464,180.0117,357.9222,0.0000,0.0000,0.0000
14.058,564.7054,-0.4059,256.9972,0.2510,3.8000,-0.4500,359.0846,180.0139,357.8673,0.0000,0.0000,0.0000
14.170,564.4924,-0.4790,257.0915,0.2510,3.8000,-0.4500,359.0229,180.0163,357.8142,0.0000,0.0000,0.0000
14.281,564.2371,-0.5666,257.2057,0.2510,3.8000,-0.4500,359.0229,180.0163,357.8142,0.0000,0.0000,0.0000
14.392,563.9816,-0.6566,257.3215,0.2510,3.8000,-0.4500,358.9515,180.0190,357.7697,0.0000,0.0000,0.0000
14.503,563.7692,-0.7311,257.4182,0.2510,3.8000,-0.4500,358.9515,180.0190,357.7697,0.0000,0.0000,0.0000
14.614,563.5147,-0.8205,257.5363,0.2510,3.8000,-0.4500,358.9515,180.0190,357.7697,0.0000,0.0000,0.0000
14.725,563.3027,-0.8984,257.6409,0.2510,3.8000,-0.4500,358.7177,180.0283,357.6851,0.0000,0.0000,0.0000
14.838,563.0496,-0.9875,257.7711,0.2510,3.8000,-0.4500,358.7177,180.0283,357.6851,0.0000,0.0000,0.0000
14.947,562.8392,-1.0611,257.8846,0.2510,3.8000,-0.4500,358.7177,180.0283,357.6851,0.0000,0.0000,0.0000
15.058,562.5873,-1.1486,258.0250,0.2510,3.8000,-0.4500,358.7177,180.0283,357.6851,0.0000,0.0000,0.0000
15.169,562.3778,-1.2204,258.1446,0.2510,3.8000,-0.4500,358.7177,180.0283,357.6851,0.0000,0.0000,0.0000
15.281,562.1268,-1.3053,258.2907,0.2510,3.8000,-0.4500,358.6402,180.0314,357.7072,0.0000,0.0000,0.0000
15.392,561.8763,-1.3883,258.4390,0.2510,3.8000,-0.4500,358.5637,180.0345,357.7308,0.0000,0.0000,0.0000
15.503,561.6678,-1.4557,258.5641,0.2510,3.8000,-0.4500,358.5637,180.0345,357.7308,0.0000,0.0000,0.0000
15.614,561.4189,-1.5338,258.7170,0.2510,3.8000,-0.4500,358.4288,180.0397,357.8284,0.0000,0.0000,0.0000
15.725,561.2115,-1.5972,258.8450,0.2510,3.8000,-0.4500,358.3646,180.0421,357.8777,0.0000,0.0000,0.0000
15.836,560.9628,-1.6714,258.9987,0.2510,3.8000,-0.4500,358.3646,180.0421,357.8777,0.0000,0.0000,0.0000
15.948,560.7562,-1.7303,259.1277,0.2510,3.8000,-0.4500,358.3144,180.0440,357.9462,0.0000,0.0000,0.0000
16.058,560.5085,-1.7977,259.2823,0.2510,3.8000,-0.4500,358.2203,180.0472,358.0828,0.0000,0.0000,0.0000
16.169,560.3015,-1.8530,259.4104,0.2510,3.8000,-0.4500,358.2203,180.0472,358.0828,0.0000,0.0000,0.0000
16.281,560.0538,-1.9157,259.5639,0.2510,3.8000,-0.4500,358.1853,180.0484,358.1563,0.0000,0.0000,0.0000
16.392,559.8067,-1.9740,259.7168,0.2510,3.8000,-0.4500,358.1257,180.0502,358.3144,0.0000,0.0000,0.0000
16.503,559.6012,-2.0198,259.8439,0.2510,3.8000,-0.4500,358.0834,180.0514,358.4703,0.0000,0.0000,0.0000
16.614,559.3538,-2.0747,259.9957,0.2510,3.8000,-0.4500,358.0834,180.0514,358.4703,0.0000,0.0000,0.0000
16.725,559.1492,-2.1138,260.1227,0.2510,3.8000,-0.4500,358.0504,180.0522,358.7191,0.0000,0.0000,0.0000
16.836,558.9023,-2.1629,260.2747,0.2510,3.8000,-0.4500,358.0504,180.0522,358.7191,0.0000,0.0000,0.0000
16.951,558.6565,-2.2057,260.4265,0.2510,3.8000,-0.4500,358.0495,180.0522,358.8864,0.0000,0.0000,0.0000
17.067,558.4509,-2.2412,260.5530,0.2510,3.8000,-0.4500,358.0495,180.0522,358.8864,0.0000,0.0000,0.0000
17.181,558.2060,-2.2762,260.7042,0.2510,3.8000,-0.4500,358.0714,180.0518,359.1355,0.0000,0.0000,0.0000
17.293,557.9597,-2.3124,260.8547,0.2510,3.8000,-0.4500,358.0714,180.0518,359.1355,0.0000,0.0000,0.0000
17.404,557.7546,-2.3381,260.9616,0.2510,3.8000,-0.4500,358.0875,180.0516,359.2155,0.0000,0.0000,0.0000
17.515,557.5133,-2.3607,260.9318,0.2510,3.8000,-0.4500,358.1283,180.0511,359.3783,0.0000,0.0000,0.0000
17.626,557.3205,-2.3722,260.7434,0.2510,3.8000,-0.4500,358.1749,180.0506,359.5370,0.0000,0.0000,0.0000
17.738,557.0967,-2.3825,260.3584,0.2510,3.8000,-0.4500,358.1749,180.0506,359.5370,0.0000,0.0000,0.0000
17.849,556.9168,-2.3830,259.9424,0.2510,3.8000,-0.4500,358.2205,180.0503,359.6974,0.0000,0.0000,0.0000
17.960,556.7047,-2.3811,259.3695,0.2510,3.8000,-0.4500,358.2404,180.0502,359.7787,0.0000,0.0000,0.0000
18.071,556.4963,-2.3737,258.7460,0.2510,3.8000,-0.4500,358.2787,180.0502,359.9400,0.0000,0.0000,0.0000
18.186,556.3234,-2.3677,258.2029,0.2510,3.8000,-0.4500,358.2787,180.0501,359.9400,0.0000,0.0000,0.0000
18.308,556.1187,-2.3549,257.5337,0.2510,3.8000,-0.4500,358.3064,180.0502,0.1032,0.0000,0.0000,0.0000
18.419,555.9147,-2.3412,256.8439,0.2510,3.8000,-0.4500,358.3175,180.0502,0.1823,0.0000,0.0000,0.0000
18.529,555.7470,-2.3259,256.2423,0.2510,3.8000,-0.4500,358.3361,180.0503,0.3447,0.0000,0.0000,0.0000
18.641,555.5457,-2.3086,255.5007,0.2510,3.8000,-0.4500,358.3362,180.0503,0.3447,0.0000,0.0000,0.0000
18.751,555.3463,-2.2863,254.7523,0.2510,3.8000,-0.4500,358.3488,180.0504,0.5072,0.0000,0.0000,0.0000
18.862,555.1793,-2.2687,254.1293,0.2510,3.8000,-0.4500,358.3488,180.0504,0.5072,0.0000,0.0000,0.0000
18.974,554.9809,-2.2418,253.3851,0.2510,3.8000,-0.4500,358.3607,180.0506,0.7537,0.0000,0.0000,0.0000
19.084,554.8145,-2.2218,252.7679,0.2510,3.8000,-0.4500,358.3607,180.0506,0.7537,0.0000,0.0000,0.0000
19.196,554.6147,-2.1965,252.0301,0.2510,3.8000,-0.4500,358.3607,180.0506,0.7537,0.0000,0.0000,0.0000
19.308,554.4492,-2.1729,251.4139,0.2510,3.8000,-0.4500,358.3639,180.0506,0.8330,0.0000,0.0000,0.0000
19.418,554.2483,-2.1456,250.7094,0.2510,3.8000,-0.4500,358.3639,180.0506,0.8330,0.0000,0.0000,0.0000
19.530,554.0756,-2.1213,250.2329,0.2510,3.8000,-0.4500,358.3745,180.0508,1.0015,0.0000,0.0000,0.0000
19.640,553.8547,-2.0987,249.8376,0.2510,3.8000,-0.4500,358.3745,180.0508,1.0015,0.0000,0.0000,0.0000
19.751,553.6218,-2.0789,249.6139,0.2510,3.8000,-0.4500,358.3745,180.0508,1.0015,0.0000,0.0000,0.0000
19.862,553.4230,-2.0619,249.5298,0.2510,3.8000,-0.4500,358.3965,180.0512,1.0815,0.0000,0.0000,0.0000
19.974,553.1823,-2.0419,249.5125,0.2510,3.8000,-0.4500,358.4224,180.0517,1.1581,0.0000,0.0000,0.0000
20.084,552.9815,-2.0256,249.5456,0.2510,3.8000,-0.4500,358.4224,180.0517,1.1581,0.0000,0.0000,0.0000
20.195,552.7421,-1.9995,249.6212,0.2510,3.8000,-0.4500,358.5555,180.0546,1.3658,0.0000,0.0000,0.0000
20.307,552.5415,-1.9795,249.7050,0.2510,3.8000,-0.4500,358.5555,180.0546,1.3658,0.0000,0.0000,0.0000
20.417,552.3030,-1.9484,249.8191,0.2510,3.8000,-0.4500,358.7518,180.0596,1.5258,0.0000,0.0000,0.0000
20.529,552.1037,-1.9236,249.9232,0.2510,3.8000,-0.4500,358.7518,180.0596,1.5258,0.0000,0.0000,0.0000
20.640,551.8658,-1.8870,250.0526,0.2510,3.8000,-0.4500,358.9650,180.0655,1.6453,0.0000,0.0000,0.0000
20.751,551.6278,-1.8498,250.1867,0.2510,3.8000,-0.4500,359.0376,180.0676,1.6751,0.0000,0.0000,0.0000
20.862,551.4301,-1.8140,250.2991,0.2510,3.8000,-0.4500,359.2766,180.0747,1.7513,0.0000,0.0000,0.0000
20.974,551.1920,-1.7711,250.4362,0.2510,3.8000,-0.4500,359.3559,180.0772,1.7689,0.0000,0.0000,0.0000
21.084,550.9940,-1.7311,250.5495,0.2510,3.8000,-0.4500,359.6000,180.0848,1.8124,0.0000,0.0000,0.0000
21.196,550.7563,-1.6838,250.6871,0.2510,3.8000,-0.4500,359.6000,180.0848,1.8124,0.0000,0.0000,0.0000
21.307,550.5585,-1.6400,250.7999,0.2510,3.8000,-0.4500,359.8451,180.0926,1.8328,0.0000,0.0000,0.0000
21.418,550.3209,-1.5866,250.9357,0.2510,3.8000,-0.4500,0.0068,180.0978,1.8351,0.0000,0.0000,0.0000
21.529,550.1228,-1.5408,251.0488,0.2510,3.8000,-0.4500,0.0902,180.1005,1.8318,0.0000,0.0000,0.0000
21.640,549.8844,-1.4834,251.1834,0.2510,3.8000,-0.4500,0.2571,180.1058,1.8233,0.0000,0.0000,0.0000
21.751,549.6464,-1.4239,251.3168,0.2510,3.8000,-0.4500,0.5047,180.1136,1.7935,0.0000,0.0000,0.0000
21.864,549.4481,-1.3741,251.4287,0.2510,3.8000,-0.4500,0.5047,180.1136,1.7935,0.0000,0.0000,0.0000
21.973,549.2097,-1.3118,251.5601,0.2510,3.8000,-0.4500,0.8324,180.1237,1.7264,0.0000,0.0000,0.0000
22.084,549.0111,-1.2602,251.6706,0.2510,3.8000,-0.4500,0.8324,180.1237,1.7264,0.0000,0.0000,0.0000
22.196,548.7722,-1.1972,251.7992,0.2510,3.8000,-0.4500,0.9090,180.1260,1.7041,0.0000,0.0000,0.0000
22.307,548.5718,-1.1441,251.9007,0.2510,3.8000,-0.4500,1.1478,180.1329,1.6225,0.0000,0.0000,0.0000
22.417,548.3311,-1.0807,252.0188,0.2510,3.8000,-0.4500,1.2237,180.1351,1.5897,0.0000,0.0000,0.0000
22.529,548.1298,-1.0280,252.1129,0.2510,3.8000,-0.4500,1.3743,180.1391,1.5226,0.0000,0.0000,0.0000
22.640,547.8879,-0.9651,252.2233,0.2510,3.8000,-0.4500,1.4453,180.1410,1.4841,0.0000,0.0000,0.0000
22.751,547.6453,-0.9027,252.3310,0.2510,3.8000,-0.4500,1.5159,180.1428,1.4442,0.0000,0.0000,0.0000
22.876,547.4013,-0.8418,252.4355,0.2510,3.8000,-0.4500,1.7285,180.1479,1.3015,0.0000,0.0000,0.0000
22.987,547.1981,-0.7910,252.5220,0.2510,3.8000,-0.4500,1.7285,180.1479,1.3015,0.0000,0.0000,0.0000
23.098,546.9528,-0.7323,252.6231,0.2510,3.8000,-0.4500,1.9214,180.1520,1.1398,0.0000,0.0000,0.0000
23.210,546.7488,-0.6833,252.7071,0.2510,3.8000,-0.4500,1.9214,180.1520,1.1398,0.0000,0.0000,0.0000
23.321,546.5038,-0.6256,252.8070,0.2510,3.8000,-0.4500,1.9214,180.1520,1.1398,0.0000,0.0000,0.0000
23.432,546.2567,-0.5712,252.9048,0.2510,3.8000,-0.4500,2.0941,180.1552,0.9561,0.0000,0.0000,0.0000
23.543,546.0512,-0.5253,252.9865,0.2510,3.8000,-0.4500,2.0941,180.1552,0.9561,0.0000,0.0000,0.0000
23.654,545.8038,-0.4723,253.0838,0.2510,3.8000,-0.4500,2.1446,180.1560,0.8890,0.0000,0.0000,0.0000
23.765,545.5975,-0.4292,253.1640,0.2510,3.8000,-0.4500,2.1944,180.1567,0.8217,0.0000,0.0000,0.0000
23.876,545.3500,-0.3776,253.2600,0.2510,3.8000,-0.4500,2.1944,180.1567,0.8217,0.0000,0.0000,0.0000
23.987,545.1426,-0.3371,253.3390,0.2510,3.8000,-0.4500,2.2829,180.1579,0.6832,0.0000,0.0000,0.0000
24.098,544.8943,-0.2871,253.4337,0.2510,3.8000,-0.4500,2.2829,180.1579,0.6832,0.0000,0.0000,0.0000
24.209,544.6871,-0.2458,253.5124,0.2510,3.8000,-0.4500,2.2829,180.1579,0.6832,0.0000,0.0000,0.0000
24.321,544.4384,-0.1967,253.6065,0.2510,3.8000,-0.4500,2.2829,180.1579,0.6832,0.0000,0.0000,0.0000
24.431,544.1898,-0.1482,253.7004,0.2510,3.8000,-0.4500,2.2829,180.1579,0.6832,0.0000,0.0000,0.0000
24.543,543.9822,-0.1083,253.7787,0.2510,3.8000,-0.4500,2.2829,180.1579,0.6832,0.0000,0.0000,0.0000
24.654,543.7322,-0.0635,253.8725,0.2510,3.8000,-0.4500,2.3569,180.1587,0.5355,0.0000,0.0000,0.0000
24.765,543.5248,-0.0255,253.9512,0.2510,3.8000,-0.4500,2.3569,180.1587,0.5355,0.0000,0.0000,0.0000
24.876,543.2752,0.0175,254.0457,0.2510,3.8000,-0.4500,2.3869,180.1590,0.4609,0.0000,0.0000,0.0000
24.988,543.0674,0.0526,254.1246,0.2510,3.8000,-0.4500,2.3869,180.1590,0.4609,0.0000,0.0000,0.0000
25.099,542.8168,0.0904,254.2191,0.2510,3.8000,-0.4500,2.4405,180.1593,0.3066,0.0000,0.0000,0.0000
25.209,542.6076,0.1206,254.2980,0.2510,3.8000,-0.4500,2.4616,180.1594,0.2270,0.0000,0.0000,0.0000
25.321,542.3554,0.1534,254.3927,0.2510,3.8000,-0.4500,2.4992,180.1595,0.0650,0.0000,0.0000,0.0000
25.432,542.1035,0.1845,254.4876,0.2510,3.8000,-0.4500,2.5135,180.1595,359.9842,0.0000,0.0000,0.0000
25.543,541.8926,0.2067,254.5667,0.2510,3.8000,-0.4500,2.5393,180.1595,359.8232,0.0000,0.0000,0.0000
25.653,541.6403,0.2336,254.6622,0.2510,3.8000,-0.4500,2.5393,180.1595,359.8232,0.0000,0.0000,0.0000
25.765,541.4282,0.2496,254.7423,0.2510,3.8000,-0.4500,2.5637,180.1593,359.5753,0.0000,0.0000,0.0000
25.876,541.1750,0.2709,254.8388,0.2510,3.8000,-0.4500,2.5637,180.1593,359.5753,0.0000,0.0000,0.0000
25.987,540.9622,0.2818,254.9198,0.2510,3.8000,-0.4500,2.5747,180.1592,359.3203,0.0000,0.0000,0.0000
26.099,540.7082,0.2974,255.0176,0.2510,3.8000,-0.4500,2.5747,180.1592,359.3203,0.0000,0.0000,0.0000
26.209,540.4955,0.3067,255.0996,0.2510,3.8000,-0.4500,2.5756,180.1592,359.2376,0.0000,0.0000,0.0000
26.320,540.2386,0.3107,255.1989,0.2510,3.8000,-0.4500,2.5727,180.1593,358.8943,0.0000,0.0000,0.0000
26.432,539.9837,0.3180,255.3005,0.2510,3.8000,-0.4500,2.5727,180.1593,358.8943,0.0000,0.0000,0.0000
26.543,539.7706,0.3206,255.3888,0.2510,3.8000,-0.4500,2.5697,180.1593,358.8125,0.0000,0.0000,0.0000
26.654,539.5146,0.3216,255.4990,0.2510,3.8000,-0.4500,2.5659,180.1594,358.7283,0.0000,0.0000,0.0000
26.765,539.3008,0.3190,255.5939,0.2510,3.8000,-0.4500,2.5576,180.1596,358.5623,0.0000,0.0000,0.0000
26.876,539.0455,0.3175,255.7105,0.2510,3.8000,-0.4500,2.5576,180.1596,358.5623,0.0000,0.0000,0.0000
26.988,538.8315,0.3115,255.8097,0.2510,3.8000,-0.4500,2.5473,180.1599,358.3965,0.0000,0.0000,0.0000
27.098,538.5759,0.3062,255.9303,0.2510,3.8000,-0.4500,2.5473,180.1599,358.3965,0.0000,0.0000,0.0000
27.209,538.3614,0.2958,256.0323,0.2510,3.8000,-0.4500,2.5303,180.1604,358.1518,0.0000,0.0000,0.0000
27.321,538.1057,0.2873,256.1565,0.2510,3.8000,-0.4500,2.5303,180.1604,358.1517,0.0000,0.0000,0.0000
27.448,537.8499,0.2772,256.2835,0.2510,3.8000,-0.4500,2.5303,180.1604,358.1517,0.0000,0.0000,0.0000
27.559,537.5936,0.2644,256.4133,0.2510,3.8000,-0.4500,2.5243,180.1606,358.0676,0.0000,0.0000,0.0000
27.671,537.3370,0.2490,256.5456,0.2510,3.8000,-0.4500,2.5128,180.1610,357.9030,0.0000,0.0000,0.0000
27.782,537.1240,0.2379,256.6573,0.2510,3.8000,-0.4500,2.5128,180.1610,357.9031,0.0000,0.0000,0.0000
27.894,536.8680,0.2237,256.7925,0.2510,3.8000,-0.4500,2.5128,180.1610,357.9031,0.0000,0.0000,0.0000
28.004,536.6547,0.2114,256.9058,0.2510,3.8000,-0.4500,2.5128,180.1610,357.9031,0.0000,0.0000,0.0000
28.115,536.3987,0.1960,257.0423,0.2510,3.8000,-0.4500,2.5128,180.1610,357.9031,0.0000,0.0000,0.0000
28.237,536.1423,0.1785,257.1793,0.2510,3.8000,-0.4500,2.5090,180.1612,357.8222,0.0000,0.0000,0.0000
28.349,535.9290,0.1649,257.2939,0.2510,3.8000,-0.4500,2.5090,180.1612,357.8222,0.0000,0.0000,0.0000
28.460,535.6730,0.1481,257.4319,0.2510,3.8000,-0.4500,2.5090,180.1612,357.8222,0.0000,0.0000,0.0000
28.571,535.4167,0.1296,257.5711,0.2510,3.8000,-0.4500,2.5078,180.1612,357.7399,0.0000,0.0000,0.0000
28.682,535.2037,0.1153,257.6878,0.2510,3.8000,-0.4500,2.5078,180.1612,357.7399,0.0000,0.0000,0.0000
28.793,534.9478,0.0979,257.8290,0.2510,3.8000,-0.4500,2.5078,180.1612,357.7399,0.0000,0.0000,0.0000
28.904,534.7345,0.0833,257.9472,0.2510,3.8000,-0.4500,2.5078,180.1612,357.7399,0.0000,0.0000,0.0000
29.016,534.4785,0.0656,258.0895,0.2510,3.8000,-0.4500,2.5078,180.1612,357.7399,0.0000,0.0000,0.0000
29.126,534.2645,0.0493,258.2086,0.2510,3.8000,-0.4500,2.5102,180.1611,357.6584,0.0000,0.0000,0.0000
29.237,534.0084,0.0313,258.3518,0.2510,3.8000,-0.4500,2.5101,180.1611,357.6584,0.0000,0.0000,0.0000
29.362,533.7524,0.0131,258.4959,0.2510,3.8000,-0.4500,2.5101,180.1611,357.6584,0.0000,0.0000,0.0000
29.473,533.4962,-0.0054,258.6409,0.2510,3.8000,-0.4500,2.5101,180.1611,357.6584,0.0000,0.0000,0.0000
29.584,533.2829,-0.0209,258.7623,0.2510,3.8000,-0.4500,2.5101,180.1611,357.6584,0.0000,0.0000,0.0000
29.696,533.0264,-0.0412,258.9087,0.2510,3.8000,-0.4500,2.5161,180.1609,357.5759,0.0000,0.0000,0.0000
29.807,532.8131,-0.0572,259.0313,0.2510,3.8000,-0.4500,2.5161,180.1609,357.5759,0.0000,0.0000,0.0000
29.918,532.5571,-0.0767,259.1788,0.2510,3.8000,-0.4500,2.5161,180.1609,357.5759,0.0000,0.0000,0.0000
30.029,532.3433,-0.0947,259.3021,0.2510,3.8000,-0.4500,2.5229,180.1606,357.4951,0.0000,0.0000,0.0000
30.140,532.0873,-0.1150,259.4503,0.2510,3.8000,-0.4500,2.5229,180.1606,357.4951,0.0000,0.0000,0.0000
30.250,531.8310,-0.1359,259.5980,0.2510,3.8000,-0.4500,2.5229,180.1606,357.4951,0.0000,0.0000,0.0000
30.362,531.6172,-0.1538,259.7201,0.2510,3.8000,-0.4500,2.5229,180.1606,357.4951,0.0000,0.0000,0.0000
30.473,531.3597,-0.1785,259.8653,0.2510,3.8000,-0.4500,2.5364,180.1600,357.3324,0.0000,0.0000,0.0000
30.584,531.1460,-0.1973,259.9861,0.2510,3.8000,-0.4500,2.5364,180.1600,357.3324,0.0000,0.0000,0.0000
30.695,530.8896,-0.2203,260.1307,0.2510,3.8000,-0.4500,2.5364,180.1600,357.3324,0.0000,0.0000,0.0000
30.806,530.6759,-0.2400,260.2510,0.2510,3.8000,-0.4500,2.5364,180.1600,357.3324,0.0000,0.0000,0.0000
30.917,530.4192,-0.2641,260.3952,0.2510,3.8000,-0.4500,2.5364,180.1600,357.3324,0.0000,0.0000,0.0000
31.028,530.2053,-0.2845,260.5153,0.2510,3.8000,-0.4500,2.5364,180.1600,357.3324,0.0000,0.0000,0.0000
31.139,529.9485,-0.3094,260.6607,0.2510,3.8000,-0.4500,2.5364,180.1600,357.3324,0.0000,0.0000,0.0000
31.251,529.6922,-0.3346,260.8088,0.2510,3.8000,-0.4500,2.5364,180.1600,357.3324,0.0000,0.0000,0.0000
31.362,529.4786,-0.3557,260.9341,0.2510,3.8000,-0.4500,2.5364,180.1600,357.3324,0.0000,0.0000,0.0000
31.473,529.2223,-0.3812,261.0864,0.2510,3.8000,-0.4500,2.5364,180.1600,357.3324,0.0000,0.0000,0.0000
31.584,529.0090,-0.4024,261.2143,0.2510,3.8000,-0.4500,2.5364,180.1600,357.3324,0.0000,0.0000,0.0000
31.695,528.7532,-0.4279,261.3688,0.2510,3.8000,-0.4500,2.5364,180.1600,357.3324,0.0000,0.0000,0.0000
31.806,528.5399,-0.4490,261.4979,0.2510,3.8000,-0.4500,2.5364,180.1600,357.3324,0.0000,0.0000,0.0000
31.917,528.2840,-0.4741,261.6493,0.2510,3.8000,-0.4500,2.5364,180.1600,357.3324,0.0000,0.0000,0.0000
32.028,528.0709,-0.4974,261.6851,0.2510,3.8000,-0.4500,2.5364,180.1600,357.3324,0.0000,0.0000,0.0000
32.139,527.8250,-0.5332,261.5071,0.2510,3.8000,-0.4500,2.5364,180.1600,357.3324,0.0000,0.0000,0.0000
32.251,527.5907,-0.5772,261.1127,0.2510,3.8000,-0.4500,2.5364,180.1600,357.3324,0.0000,0.0000,0.0000
32.361,527.4020,-0.6182,260.6671,0.2510,3.8000,-0.4500,2.5364,180.1600,357.3324,0.0000,0.0000,0.0000
32.472,527.1807,-0.6704,260.0423,0.2510,3.8000,-0.4500,2.5364,180.1600,357.3324,0.0000,0.0000,0.0000
32.598,526.9626,-0.7238,259.3572,0.2510,3.8000,-0.4500,2.5364,180.1600,357.3324,0.0000,0.0000,0.0000
32.709,526.7827,-0.7682,258.7589,0.2510,3.8000,-0.4500,2.5364,180.1600,357.3324,0.0000,0.0000,0.0000
32.834,526.5322,-0.8290,257.8997,0.2510,3.8000,-0.4500,2.5364,180.1600,357.3324,0.0000,0.0000,0.0000
32.945,526.3527,-0.8704,257.3024,0.2510,3.8000,-0.4500,2.5364,180.1600,357.3324,0.0000,0.0000,0.0000
33.055,526.1340,-0.9164,256.6418,0.2510,3.8000,-0.4500,2.5364,180.1600,357.3324,0.0000,0.0000,0.0000
33.167,525.9490,-0.9515,256.1426,0.2510,3.8000,-0.4500,2.5364,180.1600,357.3324,0.0000,0.0000,0.0000
33.278,525.7238,-0.9901,255.5967,0.2510,3.8000,-0.4500,2.5364,180.1600,357.3324,0.0000,0.0000,0.0000
33.389,525.5343,-1.0197,255.1758,0.2510,3.8000,-0.4500,2.5364,180.1600,357.3324,0.0000,0.0000,0.0000
33.501,525.3051,-1.0530,254.6998,0.2510,3.8000,-0.4500,2.5364,180.1600,357.3324,0.0000,0.0000,0.0000
33.612,525.0748,-1.0844,254.2449,0.2510,3.8000,-0.4500,2.5364,180.1600,357.3324,0.0000,0.0000,0.0000
33.722,524.8823,-1.1094,253.8764,0.2510,3.8000,-0.4500,2.5364,180.1600,357.3324,0.0000,0.0000,0.0000
33.834,524.6478,-1.1379,253.4845,0.2510,3.8000,-0.4500,2.5364,180.1600,357.3324,0.0000,0.0000,0.0000
33.945,524.4455,-1.1589,253.2468,0.2510,3.8000,-0.4500,2.5364,180.1600,357.3324,0.0000,0.0000,0.0000
34.056,524.1956,-1.1803,253.0954,0.2510,3.8000,-0.4500,2.5364,180.1600,357.3324,0.0000,0.0000,0.0000
34.167,523.9845,-1.1952,253.0602,0.2510,3.8000,-0.4500,2.5364,180.1600,357.3324,0.0000,0.0000,0.0000
34.278,523.7308,-1.2105,253.0902,0.2510,3.8000,-0.4500,2.5364,180.1600,357.3324,0.0000,0.0000,0.0000
34.389,523.5194,-1.2219,253.1557,0.2510,3.8000,-0.4500,2.5364,180.1600,357.3324,0.0000,0.0000,0.0000
34.500,523.2659,-1.2343,253.2654,0.2510,3.8000,-0.4500,2.5364,180.1600,357.3324,0.0000,0.0000,0.0000
34.612,523.0129,-1.2456,253.3964,0.2510,3.8000,-0.4500,2.5364,180.1600,357.3324,0.0000,0.0000,0.0000
34.723,522.8023,-1.2543,253.5152,0.2510,3.8000,-0.4500,2.5364,180.1600,357.3324,0.0000,0.0000,0.0000
34.834,522.5497,-1.2637,253.6640,0.2510,3.8000,-0.4500,2.5364,180.1600,357.3324,0.0000,0.0000,0.0000
34.945,522.3393,-1.2708,253.7909,0.2510,3.8000,-0.4500,2.5364,180.1600,357.3324,0.0000,0.0000,0.0000
35.055,522.0866,-1.2783,253.9450,0.2510,3.8000,-0.4500,2.5364,180.1600,357.3324,0.0000,0.0000,0.0000
35.166,521.8765,-1.2836,254.0741,0.2510,3.8000,-0.4500,2.5364,180.1600,357.3324,0.0000,0.0000,0.0000
35.277,521.6243,-1.2887,254.2295,0.2510,3.8000,-0.4500,2.5364,180.1600,357.3324,0.0000,0.0000,0.0000
35.389,521.4139,-1.2918,254.3591,0.2510,3.8000,-0.4500,2.5364,180.1600,357.3324,0.0000,0.0000,0.0000
35.500,521.1614,-1.2943,254.5147,0.2510,3.8000,-0.4500,2.5364,180.1600,357.3324,0.0000,0.0000,0.0000
35.611,520.9092,-1.2954,254.6702,0.2510,3.8000,-0.4500,2.5364,180.1600,357.3325,0.0000,0.0000,0.0000
35.722,520.6990,-1.2952,254.7997,0.2510,3.8000,-0.4500,2.5364,180.1600,357.3325,0.0000,0.0000,0.0000
35.833,520.4470,-1.2938,254.9550,0.2510,3.8000,-0.4500,2.5364,180.1600,357.3325,0.0000,0.0000,0.0000
35.944,520.2372,-1.2918,255.0843,0.2510,3.8000,-0.4500,2.5364,180.1600,357.3325,0.0000,0.0000,0.0000
36.055,519.9844,-1.2892,255.1988,0.2510,3.8000,-0.4500,2.5364,180.1600,357.3325,0.0000,0.0000,0.0000
36.167,519.7769,-1.2909,255.1585,0.2510,3.8000,-0.4500,2.5364,180.1600,357.3325,0.0000,0.0000,0.0000
36.279,519.5363,-1.2989,254.9366,0.2510,3.8000,-0.4500,2.5364,180.1600,357.3325,0.0000,0.0000,0.0000
36.389,519.3431,-1.3069,254.6372,0.2510,3.8000,-0.4500,2.4854,180.1623,357.4923,0.0000,0.0000,0.0000
36.501,519.1157,-1.3225,254.1811,0.2510,3.8000,-0.4500,2.4854,180.1623,357.4923,0.0000,0.0000,0.0000
36.611,518.8939,-1.3363,253.6562,0.2510,3.8000,-0.4500,2.3979,180.1660,357.7283,0.0000,0.0000,0.0000
36.723,518.7098,-1.3510,253.1852,0.2510,3.8000,-0.4500,2.3979,180.1660,357.7283,0.0000,0.0000,0.0000
36.833,518.4918,-1.3659,252.5956,0.2510,3.8000,-0.4500,2.3286,180.1686,357.8842,0.0000,0.0000,0.0000
36.945,518.3105,-1.3782,252.0913,0.2510,3.8000,-0.4500,2.2941,180.1699,357.9603,0.0000,0.0000,0.0000
37.056,518.0939,-1.3920,251.4769,0.2510,3.8000,-0.4500,2.2567,180.1712,358.0343,0.0000,0.0000,0.0000
37.167,517.9141,-1.4009,250.9605,0.2510,3.8000,-0.4500,2.1755,180.1739,358.1865,0.0000,0.0000,0.0000
37.278,517.6983,-1.4115,250.3373,0.2510,3.8000,-0.4500,2.1353,180.1751,358.2607,0.0000,0.0000,0.0000
37.403,517.4835,-1.4195,249.7126,0.2510,3.8000,-0.4500,2.0508,180.1776,358.4037,0.0000,0.0000,0.0000
37.514,517.2697,-1.4258,249.0793,0.2510,3.8000,-0.4500,1.9595,180.1800,358.5479,0.0000,0.0000,0.0000
37.626,517.0934,-1.4312,248.5113,0.2510,3.8000,-0.4500,1.9143,180.1811,358.6185,0.0000,0.0000,0.0000
37.737,516.8848,-1.4364,247.7867,0.2510,3.8000,-0.4500,1.8242,180.1832,358.7519,0.0000,0.0000,0.0000
37.847,516.7124,-1.4394,247.1646,0.2510,3.8000,-0.4500,1.7310,180.1851,358.8866,0.0000,0.0000,0.0000
37.959,516.5057,-1.4426,246.4107,0.2510,3.8000,-0.4500,1.6839,180.1860,358.9521,0.0000,0.0000,0.0000
38.070,516.3347,-1.4419,245.7829,0.2510,3.8000,-0.4500,1.5351,180.1885,359.1544,0.0000,0.0000,0.0000
38.182,516.1286,-1.4413,245.0310,0.2510,3.8000,-0.4500,1.4852,180.1892,359.2196,0.0000,0.0000,0.0000
38.292,515.9239,-1.4370,244.2822,0.2510,3.8000,-0.4500,1.3346,180.1910,359.4138,0.0000,0.0000,0.0000
38.403,515.7525,-1.4337,243.6608,0.2510,3.8000,-0.4500,1.3346,180.1910,359.4138,0.0000,0.0000,0.0000
38.514,515.5427,-1.4249,243.0129,0.2510,3.8000,-0.4500,1.1751,180.1924,359.6077,0.0000,0.0000,0.0000
38.625,515.3576,-1.4168,242.6150,0.2510,3.8000,-0.4500,1.1751,180.1924,359.6077,0.0000,0.0000,0.0000
38.735,515.1241,-1.4026,242.3132,0.2510,3.8000,-0.4500,1.0075,180.1932,359.7944,0.0000,0.0000,0.0000
38.847,514.9212,-1.3914,242.1792,0.2510,3.8000,-0.4500,1.0075,180.1932,359.7945,0.0000,0.0000,0.0000
38.959,514.6759,-1.3763,242.1235,0.2510,3.8000,-0.4500,0.8274,180.1936,359.9617,0.0000,0.0000,0.0000
39.069,514.4702,-1.3657,242.1369,0.2510,3.8000,-0.4500,0.8274,180.1936,359.9617,0.0000,0.0000,0.0000
39.180,514.2250,-1.3539,242.2023,0.2510,3.8000,-0.4500,0.6166,180.1935,0.0994,0.0000,0.0000,0.0000
39.292,513.9793,-1.3453,242.3002,0.2510,3.8000,-0.4500,0.6166,180.1935,0.0994,0.0000,0.0000,0.0000
39.403,513.7755,-1.3405,242.4000,0.2510,3.8000,-0.4500,0.4627,180.1931,0.1667,0.0000,0.0000,0.0000
39.514,513.5312,-1.3377,242.5323,0.2510,3.8000,-0.4500,0.3864,180.1929,0.1981,0.0000,0.0000,0.0000
39.625,513.3278,-1.3388,242.6506,0.2510,3.8000,-0.4500,0.2219,180.1923,0.2399,0.0000,0.0000,0.0000
39.736,513.0842,-1.3434,242.7974,0.2510,3.8000,-0.4500,0.1403,180.1919,0.2590,0.0000,0.0000,0.0000
39.847,512.8812,-1.3516,242.9240,0.2510,3.8000,-0.4500,359.8910,180.1907,0.2889,0.0000,0.0000,0.0000
39.958,512.6373,-1.3644,243.0768,0.2510,3.8000,-0.4500,359.8064,180.1903,0.2907,0.0000,0.0000,0.0000
40.070,512.4338,-1.3794,243.2059,0.2510,3.8000,-0.4500,359.6363,180.1894,0.2920,0.0000,0.0000,0.0000
40.181,512.1893,-1.4025,243.3621,0.2510,3.8000,-0.4500,359.3752,180.1881,0.2730,0.0000,0.0000,0.0000
40.292,511.9451,-1.4289,243.5179,0.2510,3.8000,-0.4500,359.2910,180.1877,0.2655,0.0000,0.0000,0.0000
40.404,511.7414,-1.4557,243.6488,0.2510,3.8000,-0.4500,359.1272,180.1870,0.2427,0.0000,0.0000,0.0000
40.514,511.4964,-1.4928,243.8066,0.2510,3.8000,-0.4500,358.8818,180.1861,0.1993,0.0000,0.0000,0.0000
40.626,511.2921,-1.5261,243.9376,0.2510,3.8000,-0.4500,358.8003,180.1858,0.1833,0.0000,0.0000,0.0000
40.737,511.0467,-1.5720,244.0961,0.2510,3.8000,-0.4500,358.5546,180.1851,0.1287,0.0000,0.0000,0.0000
40.848,510.8419,-1.6140,244.2284,0.2510,3.8000,-0.4500,358.3149,180.1847,0.0707,0.0000,0.0000,0.0000
40.959,510.5962,-1.6656,244.3851,0.2510,3.8000,-0.4500,358.2384,180.1846,0.0512,0.0000,0.0000,0.0000
41.083,510.3502,-1.7208,244.5411,0.2510,3.8000,-0.4500,358.1580,180.1845,0.0305,0.0000,0.0000,0.0000
41.208,510.1038,-1.7813,244.6975,0.2510,3.8000,-0.4500,357.9148,180.1845,359.9676,0.0000,0.0000,0.0000
41.320,509.8575,-1.8415,244.8521,0.2510,3.8000,-0.4500,357.9148,180.1846,359.9676,0.0000,0.0000,0.0000
41.430,509.6110,-1.9057,245.0076,0.2510,3.8000,-0.4500,357.7538,180.1847,359.9284,0.0000,0.0000,0.0000
41.542,509.4056,-1.9589,245.1363,0.2510,3.8000,-0.4500,357.7538,180.1847,359.9284,0.0000,0.0000,0.0000
41.653,509.1592,-2.0235,245.2906,0.2510,3.8000,-0.4500,357.7538,180.1847,359.9283,0.0000,0.0000,0.0000
41.764,508.9536,-2.0786,245.4189,0.2510,3.8000,-0.4500,357.6748,180.1848,359.9126,0.0000,0.0000,0.0000
41.876,508.7068,-2.1432,245.5703,0.2510,3.8000,-0.4500,357.6748,180.1848,359.9126,0.0000,0.0000,0.0000
42.000,508.4600,-2.2068,245.7198,0.2510,3.8000,-0.4500,357.6748,180.1848,359.9126,0.0000,0.0000,0.0000
42.111,508.2131,-2.2688,245.8679,0.2510,3.8000,-0.4500,357.6748,180.1848,359.9126,0.0000,0.0000,0.0000
42.222,508.0074,-2.3186,245.9905,0.2510,3.8000,-0.4500,357.6748,180.1848,359.9126,0.0000,0.0000,0.0000
42.333,507.7607,-2.3756,246.1369,0.2510,3.8000,-0.4500,357.6748,180.1848,359.9126,0.0000,0.0000,0.0000
42.445,507.5552,-2.4203,246.2585,0.2510,3.8000,-0.4500,357.6748,180.1848,359.9126,0.0000,0.0000,0.0000
42.556,507.3087,-2.4702,246.4039,0.2510,3.8000,-0.4500,357.6748,180.1848,359.9126,0.0000,0.0000,0.0000
42.666,507.1035,-2.5082,246.5248,0.2510,3.8000,-0.4500,357.6748,180.1848,359.9126,0.0000,0.0000,0.0000
42.778,506.8575,-2.5490,246.6676,0.2510,3.8000,-0.4500,357.6748,180.1848,359.9126,0.0000,0.0000,0.0000
42.889,506.6525,-2.5785,246.7835,0.2510,3.8000,-0.4500,357.6748,180.1848,359.9126,0.0000,0.0000,0.0000
43.000,506.4066,-2.6083,246.9191,0.2510,3.8000,-0.4500,357.6748,180.1848,359.9126,0.0000,0.0000,0.0000
43.111,506.1608,-2.6316,247.0518,0.2510,3.8000,-0.4500,357.6748,180.1848,359.9126,0.0000,0.0000,0.0000
43.222,505.9579,-2.6395,247.1594,0.2510,3.8000,-0.4500,357.8764,180.1850,0.1828,0.0000,0.0000,0.0000
43.334,505.7138,-2.6456,247.2873,0.2510,3.8000,-0.4500,358.0603,180.1858,0.3587,0.0000,0.0000,0.0000
43.445,505.5103,-2.6463,247.3931,0.2510,3.8000,-0.4500,358.1879,180.1868,0.4643,0.0000,0.0000,0.0000
43.556,505.2670,-2.6384,247.5184,0.2510,3.8000,-0.4500,358.4599,180.1894,0.6542,0.0000,0.0000,0.0000
43.667,505.0639,-2.6296,247.6234,0.2510,3.8000,-0.4500,358.5368,180.1904,0.6977,0.0000,0.0000,0.0000
43.778,504.8217,-2.6074,247.7472,0.2510,3.8000,-0.4500,358.9275,180.1958,0.9059,0.0000,0.0000,0.0000
43.889,504.6197,-2.5867,247.8513,0.2510,3.8000,-0.4500,359.0788,180.1983,0.9745,0.0000,0.0000,0.0000
44.000,504.3780,-2.5549,247.9757,0.2510,3.8000,-0.4500,359.3112,180.2025,1.0738,0.0000,0.0000,0.0000
44.111,504.1370,-2.5144,248.0989,0.2510,3.8000,-0.4500,359.6978,180.2102,1.2161,0.0000,0.0000,0.0000
44.222,503.9359,-2.4789,248.2029,0.2510,3.8000,-0.4500,359.7793,180.2119,1.2416,0.0000,0.0000,0.0000
44.334,503.6959,-2.4262,248.3251,0.2510,3.8000,-0.4500,0.1894,180.2213,1.3661,0.0000,0.0000,0.0000
44.438,503.4958,-2.3794,248.4279,0.2510,3.8000,-0.4500,0.3491,180.2252,1.4141,0.0000,0.0000,0.0000
44.552,503.2567,-2.3153,248.5491,0.2510,3.8000,-0.4500,0.6643,180.2332,1.5128,0.0000,0.0000,0.0000
44.665,503.0573,-2.2590,248.6498,0.2510,3.8000,-0.4500,0.7412,180.2353,1.5380,0.0000,0.0000,0.0000
44.776,502.8198,-2.1795,248.7658,0.2510,3.8000,-0.4500,1.2156,180.2487,1.7138,0.0000,0.0000,0.0000
44.889,502.6212,-2.1135,248.8638,0.2510,3.8000,-0.4500,1.2156,180.2487,1.7138,0.0000,0.0000,0.0000
45.000,502.3848,-2.0234,248.9780,0.2510,3.8000,-0.4500,1.5238,180.2583,1.8480,0.0000,0.0000,0.0000
45.110,502.1489,-1.9278,249.0917,0.2510,3.8000,-0.4500,1.7469,180.2657,1.9538,0.0000,0.0000,0.0000
45.222,501.9532,-1.8424,249.1857,0.2510,3.8000,-0.4500,1.9720,180.2736,2.0691,0.0000,0.0000,0.0000
45.334,501.7188,-1.7366,249.2985,0.2510,3.8000,-0.4500,2.1155,180.2789,2.1444,0.0000,0.0000,0.0000
45.444,501.5234,-1.6430,249.3724,0.2510,3.8000,-0.4500,2.3299,180.2872,2.2654,0.0000,0.0000,0.0000
45.555,501.2869,-1.5339,249.3890,0.2510,3.8000,-0.4500,2.3299,180.2872,2.2654,0.0000,0.0000,0.0000
45.666,501.0917,-1.4389,249.3491,0.2510,3.8000,-0.4500,2.5468,180.2960,2.3957,0.0000,0.0000,0.0000
45.777,500.8583,-1.3279,249.2557,0.2510,3.8000,-0.4500,2.6167,180.2989,2.4402,0.0000,0.0000,0.0000
45.889,500.6654,-1.2350,249.1494,0.2510,3.8000,-0.4500,2.6868,180.3020,2.4851,0.0000,0.0000,0.0000
45.999,500.4355,-1.1233,248.9992,0.2510,3.8000,-0.4500,2.7536,180.3049,2.5293,0.0000,0.0000,0.0000
46.110,500.2071,-1.0096,248.8320,0.2510,3.8000,-0.4500,2.8894,180.3110,2.6223,0.0000,0.0000,0.0000
46.222,500.0169,-0.9165,248.6853,0.2510,3.8000,-0.4500,2.8894,180.3110,2.6223,0.0000,0.0000,0.0000
46.334,499.7907,-0.8052,248.4839,0.2510,3.8000,-0.4500,2.8894,180.3110,2.6223,0.0000,0.0000,0.0000
46.444,499.6064,-0.7152,248.2601,0.2510,3.8000,-0.4500,2.8894,180.3110,2.6223,0.0000,0.0000,0.0000
46.569,499.3907,-0.6119,247.9191,0.2510,3.8000,-0.4500,2.8894,180.3110,2.6223,0.0000,0.0000,0.0000
46.680,499.1795,-0.5134,247.5142,0.2510,3.8000,-0.4500,2.8894,180.3110,2.6223,0.0000,0.0000,0.0000
46.792,498.9711,-0.4190,247.0645,0.2510,3.8000,-0.4500,2.8894,180.3110,2.6223,0.0000,0.0000,0.0000
46.902,498.7990,-0.3427,246.6669,0.2510,3.8000,-0.4500,2.8894,180.3110,2.6223,0.0000,0.0000,0.0000
47.014,498.5935,-0.2536,246.1721,0.2510,3.8000,-0.4500,2.8894,180.3110,2.6223,0.0000,0.0000,0.0000
47.140,498.3886,-0.1667,245.6651,0.2510,3.8000,-0.4500,2.8894,180.3110,2.6223,0.0000,0.0000,0.0000
47.250,498.2180,-0.0959,245.2390,0.2510,3.8000,-0.4500,2.8894,180.3110,2.6223,0.0000,0.0000,0.0000
47.361,498.0126,-0.0123,244.7346,0.2510,3.8000,-0.4500,2.8894,180.3110,2.6223,0.0000,0.0000,0.0000
47.473,497.8060,0.0698,244.2412,0.2510,3.8000,-0.4500,2.8894,180.3110,2.6223,0.0000,0.0000,0.0000
47.584,497.6331,0.1368,243.8378,0.2510,3.8000,-0.4500,2.8894,180.3111,2.6223,0.0000,0.0000,0.0000
47.695,497.4248,0.2152,243.3610,0.2510,3.8000,-0.4500,2.8894,180.3111,2.6223,0.0000,0.0000,0.0000
47.806,497.2507,0.2785,242.9680,0.2510,3.8000,-0.4500,2.8894,180.3111,2.6223,0.0000,0.0000,0.0000
47.917,497.0410,0.3518,242.5003,0.2510,3.8000,-0.4500,2.8894,180.3111,2.6223,0.0000,0.0000,0.0000
48.028,496.8652,0.4104,242.1203,0.2510,3.8000,-0.4500,2.8894,180.3111,2.6223,0.0000,0.0000,0.0000
48.139,496.6477,0.4804,241.7462,0.2510,3.8000,-0.4500,2.8894,180.3111,2.6223,0.0000,0.0000,0.0000
48.251,496.4207,0.5513,241.4902,0.2510,3.8000,-0.4500,2.8894,180.3111,2.6223,0.0000,0.0000,0.0000
48.362,496.2245,0.6062,241.3810,0.2510,3.8000,-0.4500,2.7569,180.3052,2.4096,0.0000,0.0000,0.0000
48.473,495.9867,0.6748,241.3414,0.2510,3.8000,-0.4500,2.7120,180.3034,2.3409,0.0000,0.0000,0.0000
48.585,495.7848,0.7219,241.3604,0.2510,3.8000,-0.4500,2.4541,180.2936,1.9829,0.0000,0.0000,0.0000
48.695,495.5433,0.7798,241.4191,0.2510,3.8000,-0.4500,2.3547,180.2903,1.8529,0.0000,0.0000,0.0000
48.806,495.3402,0.8186,241.4892,0.2510,3.8000,-0.4500,2.1346,180.2837,1.5825,0.0000,0.0000,0.0000
48.917,495.0961,0.8594,241.5885,0.2510,3.8000,-0.4500,1.9235,180.2783,1.3326,0.0000,0.0000,0.0000
49.028,494.8921,0.8872,241.6803,0.2510,3.8000,-0.4500,1.7579,180.2747,1.1447,0.0000,0.0000,0.0000
49.140,494.6469,0.9130,241.7975,0.2510,3.8000,-0.4500,1.5869,180.2716,0.9552,0.0000,0.0000,0.0000
49.251,494.4002,0.9282,241.9202,0.2510,3.8000,-0.4500,1.3558,180.2682,0.7039,0.0000,0.0000,0.0000
49.362,494.1937,0.9328,242.0252,0.2510,3.8000,-0.4500,1.1247,180.2659,0.4585,0.0000,0.0000,0.0000
49.473,493.9458,0.9329,242.1523,0.2510,3.8000,-0.4500,0.9558,180.2648,0.2816,0.0000,0.0000,0.0000
49.584,493.7380,0.9238,242.2599,0.2510,3.8000,-0.4500,0.7268,180.2642,0.0450,0.0000,0.0000,0.0000
49.696,493.4883,0.9059,242.3895,0.2510,3.8000,-0.4500,0.4929,180.2645,359.8066,0.0000,0.0000,0.0000
49.806,493.2799,0.8865,242.4972,0.2510,3.8000,-0.4500,0.3740,180.2650,359.6867,0.0000,0.0000,0.0000
49.918,493.0292,0.8547,242.6270,0.2510,3.8000,-0.4500,0.1971,180.2663,359.5087,0.0000,0.0000,0.0000
50.029,492.8192,0.8199,242.7360,0.2510,3.8000,-0.4500,359.9580,180.2688,359.2703,0.0000,0.0000,0.0000
50.140,492.5679,0.7757,242.8663,0.2510,3.8000,-0.4500,359.8424,180.2704,359.1553,0.0000,0.0000,0.0000
50.251,492.3159,0.7227,242.9979,0.2510,3.8000,-0.4500,359.6609,180.2733,358.9756,0.0000,0.0000,0.0000
50.362,492.1053,0.6728,243.1085,0.2510,3.8000,-0.4500,359.4830,180.2768,358.7996,0.0000,0.0000,0.0000
50.474,491.8535,0.6115,243.2415,0.2510,3.8000,-0.4500,359.4250,180.2780,358.7420,0.0000,0.0000,0.0000
50.585,491.6425,0.5529,243.3538,0.2510,3.8000,-0.4500,359.2447,180.2823,358.5626,0.0000,0.0000,0.0000
50.695,491.3904,0.4837,243.4878,0.2510,3.8000,-0.4500,359.2447,180.2823,358.5626,0.0000,0.0000,0.0000
50.807,491.1788,0.4167,243.6012,0.2510,3.8000,-0.4500,359.0073,180.2887,358.3236,0.0000,0.0000,0.0000
50.917,490.9265,0.3401,243.7361,0.2510,3.8000,-0.4500,359.0073,180.2887,358.3236,0.0000,0.0000,0.0000
51.029,490.7157,0.2720,243.8494,0.2510,3.8000,-0.4500,358.9501,180.2904,358.2685,0.0000,0.0000,0.0000
51.141,490.4628,0.1862,243.9863,0.2510,3.8000,-0.4500,358.8292,180.2942,358.1593,0.0000,0.0000,0.0000
51.251,490.2097,0.0977,244.1240,0.2510,3.8000,-0.4500,358.7038,180.2984,358.0574,0.0000,0.0000,0.0000
51.362,489.9994,0.0243,244.2388,0.2510,3.8000,-0.4500,358.7038,180.2984,358.0574,0.0000,0.0000,0.0000
51.473,489.7468,-0.0668,244.3778,0.2510,3.8000,-0.4500,358.6367,180.3007,358.0132,0.0000,0.0000,0.0000
51.584,489.5367,-0.1427,244.4949,0.2510,3.8000,-0.4500,358.6367,180.3007,358.0132,0.0000,0.0000,0.0000
51.696,489.2846,-0.2361,244.6377,0.2510,3.8000,-0.4500,358.5644,180.3032,357.9748,0.0000,0.0000,0.0000
51.807,489.0748,-0.3144,244.7585,0.2510,3.8000,-0.4500,358.4867,180.3060,357.9469,0.0000,0.0000,0.0000
51.918,488.8232,-0.4079,244.9046,0.2510,3.8000,-0.4500,358.4092,180.3088,357.9205,0.0000,0.0000,0.0000
52.029,488.6139,-0.4844,245.0271,0.2510,3.8000,-0.4500,358.4092,180.3088,357.9205,0.0000,0.0000,0.0000
52.140,488.3630,-0.5751,245.1748,0.2510,3.8000,-0.4500,358.4092,180.3088,357.9205,0.0000,0.0000,0.0000
52.251,488.1125,-0.6643,245.3237,0.2510,3.8000,-0.4500,358.3303,180.3116,357.9264,0.0000,0.0000,0.0000
52.362,487.9039,-0.7364,245.4478,0.2510,3.8000,-0.4500,358.3303,180.3116,357.9264,0.0000,0.0000,0.0000
52.473,487.6544,-0.8201,245.5986,0.2510,3.8000,-0.4500,358.2562,180.3143,357.9553,0.0000,0.0000,0.0000
52.584,487.4465,-0.8870,245.7254,0.2510,3.8000,-0.4500,358.2562,180.3143,357.9553,0.0000,0.0000,0.0000
52.696,487.1983,-0.9627,245.8797,0.2510,3.8000,-0.4500,358.1325,180.3186,358.0623,0.0000,0.0000,0.0000
52.807,486.9916,-1.0224,246.0086,0.2510,3.8000,-0.4500,358.0789,180.3204,358.1233,0.0000,0.0000,0.0000
52.917,486.7444,-1.0882,246.1636,0.2510,3.8000,-0.4500,358.0027,180.3228,358.2753,0.0000,0.0000,0.0000
53.028,486.5384,-1.1397,246.2924,0.2510,3.8000,-0.4500,357.9682,180.3238,358.3517,0.0000,0.0000,0.0000
53.140,486.2924,-1.1935,246.4466,0.2510,3.8000,-0.4500,357.9235,180.3250,358.6042,0.0000,0.0000,0.0000
53.252,486.0455,-1.2441,246.5993,0.2510,3.8000,-0.4500,357.9131,180.3252,358.6860,0.0000,0.0000,0.0000
53.363,485.8411,-1.2785,246.7258,0.2510,3.8000,-0.4500,357.9298,180.3249,358.9328,0.0000,0.0000,0.0000
53.473,485.5953,-1.3163,246.8762,0.2510,3.8000,-0.4500,357.9659,180.3243,359.0962,0.0000,0.0000,0.0000
53.584,485.3909,-1.3427,247.0005,0.2510,3.8000,-0.4500,358.0069,180.3237,359.2550,0.0000,0.0000,0.0000
53.696,485.1457,-1.3695,247.1485,0.2510,3.8000,-0.4500,358.0749,180.3229,359.4108,0.0000,0.0000,0.0000
53.806,484.9417,-1.3870,247.2710,0.2510,3.8000,-0.4500,358.1461,180.3222,359.5618,0.0000,0.0000,0.0000
53.918,484.6972,-1.4036,247.4171,0.2510,3.8000,-0.4500,358.2366,180.3217,359.7003,0.0000,0.0000,0.0000
54.028,484.4932,-1.4146,247.5384,0.2510,3.8000,-0.4500,358.2841,180.3214,359.7684,0.0000,0.0000,0.0000
54.140,484.2495,-1.4206,247.6825,0.2510,3.8000,-0.4500,358.4495,180.3211,359.9565,0.0000,0.0000,0.0000
54.251,484.0052,-1.4253,247.8264,0.2510,3.8000,-0.4500,358.5147,180.3210,0.0106,0.0000,0.0000,0.0000
54.362,483.8025,-1.4230,247.9442,0.2510,3.8000,-0.4500,358.7134,180.3213,0.1645,0.0000,0.0000,0.0000
54.473,483.5579,-1.4218,248.0852,0.2510,3.8000,-0.4500,358.7134,180.3213,0.1645,0.0000,0.0000,0.0000
54.584,483.3551,-1.4131,248.1995,0.2510,3.8000,-0.4500,359.0140,180.3226,0.3088,0.0000,0.0000,0.0000
54.697,483.1107,-1.4054,248.3376,0.2510,3.8000,-0.4500,359.0140,180.3226,0.3088,0.0000,0.0000,0.0000
54.806,482.9073,-1.3936,248.4502,0.2510,3.8000,-0.4500,359.2542,180.3240,0.3745,0.0000,0.0000,0.0000
54.916,482.6629,-1.3777,248.5847,0.2510,3.8000,-0.4500,359.5006,180.3257,0.4108,0.0000,0.0000,0.0000
55.027,482.4591,-1.3646,248.6973,0.2510,3.8000,-0.4500,359.5006,180.3257,0.4108,0.0000,0.0000,0.0000
55.140,482.2143,-1.3444,248.8302,0.2510,3.8000,-0.4500,359.7501,180.3275,0.4201,0.0000,0.0000,0.0000
55.250,482.0102,-1.3264,248.9399,0.2510,3.8000,-0.4500,359.9135,180.3287,0.4119,0.0000,0.0000,0.0000
55.361,481.7643,-1.3024,249.0639,0.2510,3.8000,-0.4500,0.2452,180.3310,0.3719,0.0000,0.0000,0.0000
55.472,481.5175,-1.2787,249.1801,0.2510,3.8000,-0.4500,0.2452,180.3310,0.3719,0.0000,0.0000,0.0000
55.584,481.3109,-1.2570,249.2686,0.2510,3.8000,-0.4500,0.4856,180.3324,0.3176,0.0000,0.0000,0.0000
55.709,481.0622,-1.2307,249.3695,0.2510,3.8000,-0.4500,0.6495,180.3333,0.2667,0.0000,0.0000,0.0000
55.820,480.8127,-1.2037,249.4652,0.2510,3.8000,-0.4500,0.8093,180.3340,0.2142,0.0000,0.0000,0.0000
55.931,480.5622,-1.1764,249.5569,0.2510,3.8000,-0.4500,1.0392,180.3346,0.1184,0.0000,0.0000,0.0000
56.042,480.3535,-1.1535,249.6328,0.2510,3.8000,-0.4500,1.0392,180.3346,0.1183,0.0000,0.0000,0.0000
56.153,480.1015,-1.1264,249.7178,0.2510,3.8000,-0.4500,1.3388,180.3348,359.9646,0.0000,0.0000,0.0000
56.265,479.8906,-1.1042,249.7782,0.2510,3.8000,-0.4500,1.4075,180.3348,359.9225,0.0000,0.0000,0.0000
56.375,479.6350,-1.0792,249.8317,0.2510,3.8000,-0.4500,1.6135,180.3342,359.7853,0.0000,0.0000,0.0000
56.487,479.4213,-1.0589,249.8643,0.2510,3.8000,-0.4500,1.6135,180.3342,359.7853,0.0000,0.0000,0.0000
56.598,479.1618,-1.0377,249.8901,0.2510,3.8000,-0.4500,1.8761,180.3328,359.5721,0.0000,0.0000,0.0000
56.710,478.9458,-1.0200,249.9066,0.2510,3.8000,-0.4500,1.8761,180.3328,359.5721,0.0000,0.0000,0.0000
56.820,478.6848,-1.0016,249.9210,0.2510,3.8000,-0.4500,1.9955,180.3318,359.4509,0.0000,0.0000,0.0000
56.932,478.4234,-0.9845,249.9333,0.2510,3.8000,-0.4500,2.0514,180.3312,359.3896,0.0000,0.0000,0.0000
57.042,478.2043,-0.9734,249.9424,0.2510,3.8000,-0.4500,2.2082,180.3293,359.2027,0.0000,0.0000,0.0000
57.153,477.9427,-0.9593,249.9556,0.2510,3.8000,-0.4500,2.2082,180.3293,359.2027,0.0000,0.0000,0.0000
57.265,477.7230,-0.9518,249.9664,0.2510,3.8000,-0.4500,2.3482,180.3271,358.9917,0.0000,0.0000,0.0000
57.375,477.4607,-0.9417,249.9825,0.2510,3.8000,-0.4500,2.3482,180.3271,358.9917,0.0000,0.0000,0.0000
57.487,477.2409,-0.9369,249.9970,0.2510,3.8000,-0.4500,2.4267,180.3256,358.8481,0.0000,0.0000,0.0000
57.598,476.9772,-0.9331,250.0169,0.2510,3.8000,-0.4500,2.4952,180.3241,358.6991,0.0000,0.0000,0.0000
57.709,476.7581,-0.9300,250.0359,0.2510,3.8000,-0.4500,2.4952,180.3241,358.6991,0.0000,0.0000,0.0000
57.819,476.4942,-0.9307,250.0611,0.2510,3.8000,-0.4500,2.5517,180.3228,358.5442,0.0000,0.0000,0.0000
57.931,476.2308,-0.9327,250.0919,0.2510,3.8000,-0.4500,2.5748,180.3221,358.4649,0.0000,0.0000,0.0000
58.042,476.0114,-0.9363,250.1224,0.2510,3.8000,-0.4500,2.5964,180.3216,358.3861,0.0000,0.0000,0.0000
58.152,475.7484,-0.9424,250.1641,0.2510,3.8000,-0.4500,2.6127,180.3211,358.3040,0.0000,0.0000,0.0000
58.264,475.5287,-0.9507,250.2026,0.2510,3.8000,-0.4500,2.6428,180.3201,358.1421,0.0000,0.0000,0.0000
58.375,475.2665,-0.9593,250.2532,0.2510,3.8000,-0.4500,2.6428,180.3201,358.1421,0.0000,0.0000,0.0000
58.487,475.0481,-0.9680,250.2975,0.2510,3.8000,-0.4500,2.6428,180.3201,358.1422,0.0000,0.0000,0.0000
58.597,474.7852,-0.9817,250.3527,0.2510,3.8000,-0.4500,2.6470,180.3200,358.0596,0.0000,0.0000,0.0000
58.708,474.5659,-0.9961,250.4026,0.2510,3.8000,-0.4500,2.6479,180.3200,357.8973,0.0000,0.0000,0.0000
58.819,474.3049,-1.0109,250.4767,0.2510,3.8000,-0.4500,2.6479,180.3200,357.8973,0.0000,0.0000,0.0000
58.931,474.0453,-1.0263,250.5683,0.2510,3.8000,-0.4500,2.6479,180.3200,357.8972,0.0000,0.0000,0.0000
59.042,473.8298,-1.0395,250.6560,0.2510,3.8000,-0.4500,2.6479,180.3200,357.8972,0.0000,0.0000,0.0000
59.153,473.5716,-1.0572,250.7714,0.2510,3.8000,-0.4500,2.6337,180.3205,357.8187,0.0000,0.0000,0.0000
59.264,473.3573,-1.0708,250.8737,0.2510,3.8000,-0.4500,2.6337,180.3205,357.8187,0.0000,0.0000,0.0000
59.375,473.1006,-1.0873,251.0014,0.2510,3.8000,-0.4500,2.6337,180.3205,357.8187,0.0000,0.0000,0.0000
59.486,472.8869,-1.1009,251.1107,0.2510,3.8000,-0.4500,2.6337,180.3205,357.8187,0.0000,0.0000,0.0000
59.598,472.6307,-1.1169,251.2444,0.2510,3.8000,-0.4500,2.6337,180.3205,357.8187,0.0000,0.0000,0.0000
59.709,472.4175,-1.1296,251.3577,0.2510,3.8000,-0.4500,2.6337,180.3205,357.8187,0.0000,0.0000,0.0000
59.820,472.1619,-1.1439,251.4952,0.2510,3.8000,-0.4500,2.6337,180.3205,357.8187,0.0000,0.0000,0.0000
59.931,471.9065,-1.1568,251.6341,0.2510,3.8000,-0.4500,2.6337,180.3205,357.8187,0.0000,0.0000,0.0000
60.042,471.6939,-1.1661,251.7504,0.2510,3.8000,-0.4500,2.6337,180.3205,357.8187,0.0000,0.0000,0.0000
60.153,471.4392,-1.1753,251.8904,0.2510,3.8000,-0.4500,2.6337,180.3205,357.8187,0.0000,0.0000,0.0000
60.278,471.1848,-1.1820,252.0306,0.2510,3.8000,-0.4500,2.6337,180.3205,357.8187,0.0000,0.0000,0.0000
60.389,470.9731,-1.1854,252.1476,0.2510,3.8000,-0.4500,2.6337,180.3205,357.8187,0.0000,0.0000,0.0000
60.501,470.7192,-1.1866,252.2884,0.2510,3.8000,-0.4500,2.6337,180.3205,357.8187,0.0000,0.0000,0.0000
60.612,470.4659,-1.1841,252.4300,0.2510,3.8000,-0.4500,2.6337,180.3205,357.8187,0.0000,0.0000,0.0000
60.723,470.2551,-1.1791,252.5486,0.2510,3.8000,-0.4500,2.6337,180.3205,357.8187,0.0000,0.0000,0.0000
60.834,470.0027,-1.1694,252.6913,0.2510,3.8000,-0.4500,2.6337,180.3205,357.8187,0.0000,0.0000,0.0000
60.945,469.7928,-1.1580,252.8105,0.2510,3.8000,-0.4500,2.6337,180.3205,357.8187,0.0000,0.0000,0.0000
61.056,469.5434,-1.1354,252.9539,0.2510,3.8000,-0.4500,2.5102,180.3249,358.1407,0.0000,0.0000,0.0000
61.167,469.3348,-1.1157,253.0721,0.2510,3.8000,-0.4500,2.4910,180.3255,358.2205,0.0000,0.0000,0.0000
61.278,469.0857,-1.0851,253.2123,0.2510,3.8000,-0.4500,2.4454,180.3268,358.4671,0.0000,0.0000,0.0000
61.389,468.8781,-1.0566,253.3235,0.2510,3.8000,-0.4500,2.4271,180.3273,358.6351,0.0000,0.0000,0.0000
61.500,468.6291,-1.0173,253.4454,0.2510,3.8000,-0.4500,2.4105,180.3277,358.8833,0.0000,0.0000,0.0000
61.611,468.3788,-0.9762,253.5554,0.2510,3.8000,-0.4500,2.4100,180.3277,358.9695,0.0000,0.0000,0.0000
61.723,468.1720,-0.9336,253.6396,0.2510,3.8000,-0.4500,2.4123,180.3276,359.3111,0.0000,0.0000,0.0000
61.834,467.9221,-0.8840,253.7339,0.2510,3.8000,-0.4500,2.4160,180.3276,359.3916,0.0000,0.0000,0.0000
61.944,467.7148,-0.8373,253.8082,0.2510,3.8000,-0.4500,2.4249,180.3275,359.5569,0.0000,0.0000,0.0000
62.070,467.4671,-0.7760,253.8937,0.2510,3.8000,-0.4500,2.4427,180.3274,359.8039,0.0000,0.0000,0.0000
62.180,467.2198,-0.7112,253.9287,0.2510,3.8000,-0.4500,2.4655,180.3274,0.0474,0.0000,0.0000,0.0000
62.292,466.9803,-0.6475,253.8170,0.2510,3.8000,-0.4500,2.4930,180.3275,0.2895,0.0000,0.0000,0.0000
62.403,466.7868,-0.6003,253.6077,0.2510,3.8000,-0.4500,2.4930,180.3275,0.2895,0.0000,0.0000,0.0000
62.514,466.5640,-0.5410,253.2458,0.2510,3.8000,-0.4500,2.5239,180.3277,0.5384,0.0000,0.0000,0.0000
62.625,466.3827,-0.4931,252.8789,0.2510,3.8000,-0.4500,2.5448,180.3279,0.7063,0.0000,0.0000,0.0000
62.736,466.1691,-0.4361,252.3866,0.2510,3.8000,-0.4500,2.5648,180.3282,0.8696,0.0000,0.0000,0.0000
62.847,465.9930,-0.3887,251.9479,0.2510,3.8000,-0.4500,2.5740,180.3284,0.9512,0.0000,0.0000,0.0000
62.958,465.7842,-0.3292,251.3999,0.2510,3.8000,-0.4500,2.5917,180.3287,1.1133,0.0000,0.0000,0.0000
63.068,465.6117,-0.2775,250.9319,0.2510,3.8000,-0.4500,2.6071,180.3290,1.2763,0.0000,0.0000,0.0000
63.180,465.4044,-0.2170,250.3631,0.2510,3.8000,-0.4500,2.6071,180.3290,1.2763,0.0000,0.0000,0.0000
63.291,465.1993,-0.1513,249.7895,0.2510,3.8000,-0.4500,2.6199,180.3293,1.4398,0.0000,0.0000,0.0000
63.402,465.0286,-0.0960,249.3096,0.2510,3.8000,-0.4500,2.6247,180.3294,1.5231,0.0000,0.0000,0.0000
63.513,464.8248,-0.0267,248.7324,0.2510,3.8000,-0.4500,2.6338,180.3296,1.6875,0.0000,0.0000,0.0000
63.624,464.6544,0.0297,248.2508,0.2510,3.8000,-0.4500,2.6338,180.3296,1.6875,0.0000,0.0000,0.0000
63.736,464.4503,0.0986,247.6726,0.2510,3.8000,-0.4500,2.6338,180.3296,1.6875,0.0000,0.0000,0.0000
63.847,464.2810,0.1582,247.1905,0.2510,3.8000,-0.4500,2.6341,180.3297,1.7700,0.0000,0.0000,0.0000
63.958,464.0757,0.2292,246.6394,0.2510,3.8000,-0.4500,2.6341,180.3297,1.7700,0.0000,0.0000,0.0000
64.069,463.8966,0.2551,246.2744,0.2510,3.8000,-0.4500,2.6341,180.3297,1.7700,0.0000,0.0000,0.0000
64.179,463.6643,0.2754,245.9731,0.2510,3.8000,-0.4500,2.6227,180.3293,1.2271,0.0000,0.0000,0.0000
64.291,463.4110,0.2701,245.8044,0.2510,3.8000,-0.4500,2.6055,180.3292,359.7889,0.0000,0.0000,0.0000
64.402,463.1939,0.2396,245.7444,0.2510,3.8000,-0.4500,2.5984,180.3293,358.6958,0.0000,0.0000,0.0000
64.513,462.9344,0.2154,245.7404,0.2510,3.8000,-0.4500,2.5939,180.3294,357.9870,0.0000,0.0000,0.0000
64.625,462.7209,0.2080,245.7765,0.2510,3.8000,-0.4500,2.5939,180.3294,357.9870,0.0000,0.0000,0.0000
64.735,462.4646,0.2023,245.8502,0.2510,3.8000,-0.4500,2.5939,180.3294,357.9870,0.0000,0.0000,0.0000
64.860,462.2086,0.2005,245.9443,0.2510,3.8000,-0.4500,2.5939,180.3294,357.9870,0.0000,0.0000,0.0000
64.971,461.9528,0.2025,246.0505,0.2510,3.8000,-0.4500,2.5939,180.3294,357.9870,0.0000,0.0000,0.0000
65.096,461.6976,0.2084,246.1639,0.2510,3.8000,-0.4500,2.5939,180.3294,357.9870,0.0000,0.0000,0.0000
65.208,461.4852,0.2160,246.2617,0.2510,3.8000,-0.4500,2.5939,180.3294,357.9870,0.0000,0.0000,0.0000
65.318,461.2308,0.2283,246.3813,0.2510,3.8000,-0.4500,2.5939,180.3294,357.9870,0.0000,0.0000,0.0000
65.444,460.9768,0.2440,246.5024,0.2510,3.8000,-0.4500,2.5939,180.3294,357.9870,0.0000,0.0000,0.0000
65.555,460.7233,0.2630,246.6242,0.2510,3.8000,-0.4500,2.5939,180.3294,357.9870,0.0000,0.0000,0.0000
65.667,460.5125,0.2814,246.7260,0.2510,3.8000,-0.4500,2.5939,180.3294,357.9870,0.0000,0.0000,0.0000
65.778,460.2616,0.3112,246.8487,0.2510,3.8000,-0.4500,2.5860,180.3297,358.2433,0.0000,0.0000,0.0000
65.889,460.0522,0.3363,246.9521,0.2510,3.8000,-0.4500,2.5837,180.3297,358.3251,0.0000,0.0000,0.0000
65.999,459.8015,0.3695,247.0775,0.2510,3.8000,-0.4500,2.5813,180.3298,358.4072,0.0000,0.0000,0.0000
66.111,459.5526,0.4091,247.2038,0.2510,3.8000,-0.4500,2.5740,180.3300,358.6646,0.0000,0.0000,0.0000
66.222,459.3448,0.4425,247.3092,0.2510,3.8000,-0.4500,2.5712,180.3300,358.7494,0.0000,0.0000,0.0000
66.332,459.0967,0.4866,247.4356,0.2510,3.8000,-0.4500,2.5654,180.3302,358.9188,0.0000,0.0000,0.0000
66.444,458.8910,0.5275,247.5406,0.2510,3.8000,-0.4500,2.5543,180.3303,359.1674,0.0000,0.0000,0.0000
66.555,458.6430,0.5741,247.6661,0.2510,3.8000,-0.4500,2.5543,180.3303,359.1674,0.0000,0.0000,0.0000
66.666,458.4383,0.6192,247.7703,0.2510,3.8000,-0.4500,2.5377,180.3305,359.4200,0.0000,0.0000,0.0000
66.778,458.1912,0.6703,247.8948,0.2510,3.8000,-0.4500,2.5377,180.3305,359.4200,0.0000,0.0000,0.0000
66.888,457.9874,0.7188,247.9982,0.2510,3.8000,-0.4500,2.5132,180.3307,359.6691,0.0000,0.0000,0.0000
67.000,457.7413,0.7735,248.1220,0.2510,3.8000,-0.4500,2.5132,180.3307,359.6691,0.0000,0.0000,0.0000
67.111,457.4962,0.8324,248.2385,0.2510,3.8000,-0.4500,2.4880,180.3308,359.8348,0.0000,0.0000,0.0000
67.222,457.2903,0.8797,248.3220,0.2510,3.8000,-0.4500,2.4880,180.3308,359.8348,0.0000,0.0000,0.0000
67.334,457.0432,0.9392,248.4059,0.2510,3.8000,-0.4500,2.4542,180.3309,-0.0020,0.0000,0.0000,0.0000
67.445,456.8358,0.9867,248.4647,0.2510,3.8000,-0.4500,2.4542,180.3309,-0.0020,0.0000,0.0000,0.0000
67.556,456.5868,1.0448,248.5259,0.2510,3.8000,-0.4500,2.4312,180.3309,0.0772,0.0000,0.0000,0.0000
67.667,456.3792,1.0932,248.5716,0.2510,3.8000,-0.4500,2.4073,180.3308,0.1546,0.0000,0.0000,0.0000
67.778,456.1295,1.1493,248.6222,0.2510,3.8000,-0.4500,2.4073,180.3308,0.1546,0.0000,0.0000,0.0000
67.889,455.9218,1.1966,248.6625,0.2510,3.8000,-0.4500,2.3715,180.3307,0.2292,0.0000,0.0000,0.0000
68.000,455.6724,1.2521,248.7101,0.2510,3.8000,-0.4500,2.3351,180.3305,0.3028,0.0000,0.0000,0.0000
68.111,455.4226,1.3053,248.7576,0.2510,3.8000,-0.4500,2.3351,180.3305,0.3028,0.0000,0.0000,0.0000
68.223,455.2144,1.3483,248.7975,0.2510,3.8000,-0.4500,2.3351,180.3305,0.3028,0.0000,0.0000,0.0000
68.334,454.9653,1.3993,248.8466,0.2510,3.8000,-0.4500,2.2210,180.3298,0.4214,0.0000,0.0000,0.0000
68.445,454.7571,1.4390,248.8875,0.2510,3.8000,-0.4500,2.2210,180.3298,0.4214,0.0000,0.0000,0.0000
68.556,454.5073,1.4841,248.9373,0.2510,3.8000,-0.4500,2.2210,180.3298,0.4214,0.0000,0.0000,0.0000
68.667,454.2991,1.5195,248.9797,0.2510,3.8000,-0.4500,2.1454,180.3292,0.4587,0.0000,0.0000,0.0000
68.778,454.0494,1.5588,249.0320,0.2510,3.8000,-0.4500,1.9947,180.3279,0.5276,0.0000,0.0000,0.0000
68.890,453.8408,1.5889,249.0756,0.2510,3.8000,-0.4500,1.9947,180.3279,0.5276,0.0000,0.0000,0.0000
69.001,453.5904,1.6205,249.1303,0.2510,3.8000,-0.4500,1.8249,180.3263,0.5454,0.0000,0.0000,0.0000
69.112,453.3397,1.6484,249.1857,0.2510,3.8000,-0.4500,1.7414,180.3255,0.5518,0.0000,0.0000,0.0000
69.223,453.1303,1.6666,249.2340,0.2510,3.8000,-0.4500,1.4962,180.3232,0.5282,0.0000,0.0000,0.0000
69.334,452.8791,1.6870,249.2907,0.2510,3.8000,-0.4500,1.4962,180.3232,0.5282,0.0000,0.0000,0.0000
69.459,452.6270,1.6998,249.3499,0.2510,3.8000,-0.4500,1.2552,180.3211,0.4647,0.0000,0.0000,0.0000
69.570,452.4167,1.7081,249.3988,0.2510,3.8000,-0.4500,1.1771,180.3205,0.4353,0.0000,0.0000,0.0000
69.681,452.1636,1.7115,249.4588,0.2510,3.8000,-0.4500,0.9462,180.3189,0.3432,0.0000,0.0000,0.0000
69.792,451.9104,1.7120,249.5189,0.2510,3.8000,-0.4500,0.8702,180.3185,0.3042,0.0000,0.0000,0.0000
69.902,451.6986,1.7059,249.5712,0.2510,3.8000,-0.4500,0.6443,180.3175,0.1848,0.0000,0.0000,0.0000
70.014,451.4445,1.6959,249.6342,0.2510,3.8000,-0.4500,0.5007,180.3172,0.0996,0.0000,0.0000,0.0000
70.125,451.2326,1.6846,249.6872,0.2510,3.8000,-0.4500,0.4296,180.3171,0.0567,0.0000,0.0000,0.0000
70.236,450.9775,1.6641,249.7523,0.2510,3.8000,-0.4500,0.2245,180.3171,359.9260,0.0000,0.0000,0.0000
70.348,450.7651,1.6453,249.8065,0.2510,3.8000,-0.4500,0.1560,180.3172,359.8810,0.0000,0.0000,0.0000
70.458,450.5097,1.6172,249.8725,0.2510,3.8000,-0.4500,0.0180,180.3176,359.7892,0.0000,0.0000,0.0000
70.570,450.2963,1.5886,249.9284,0.2510,3.8000,-0.4500,359.8133,180.3186,359.6518,0.0000,0.0000,0.0000
70.681,450.0397,1.5537,249.9831,0.2510,3.8000,-0.4500,359.7436,180.3191,359.6053,0.0000,0.0000,0.0000
70.792,449.7809,1.5136,250.0147,0.2510,3.8000,-0.4500,359.6036,180.3201,359.5121,0.0000,0.0000,0.0000
70.903,449.5648,1.4786,250.0227,0.2510,3.8000,-0.4500,359.5346,180.3208,359.4673,0.0000,0.0000,0.0000
71.014,449.3051,1.4328,250.0168,0.2510,3.8000,-0.4500,359.3947,180.3222,359.3777,0.0000,0.0000,0.0000
71.125,449.0887,1.3920,250.0026,0.2510,3.8000,-0.4500,359.2508,180.3239,359.2905,0.0000,0.0000,0.0000
71.236,448.8297,1.3427,249.9772,0.2510,3.8000,-0.4500,359.1797,180.3248,359.2498,0.0000,0.0000,0.0000
71.347,448.6139,1.2996,249.9518,0.2510,3.8000,-0.4500,359.1085,180.3257,359.2093,0.0000,0.0000,0.0000
71.458,448.3550,1.2451,249.9184,0.2510,3.8000,-0.4500,358.9619,180.3278,359.1350,0.0000,0.0000,0.0000
71.569,448.1395,1.1992,249.8887,0.2510,3.8000,-0.4500,358.8902,180.3289,359.0995,0.0000,0.0000,0.0000
71.681,447.8810,1.1442,249.8521,0.2510,3.8000,-0.4500,358.8902,180.3289,359.0995,0.0000,0.0000,0.0000
71.792,447.6222,1.0857,249.8167,0.2510,3.8000,-0.4500,358.7395,180.3314,359.0439,0.0000,0.0000,0.0000
71.903,447.4069,1.0381,249.7865,0.2510,3.8000,-0.4500,358.7395,180.3314,359.0439,0.0000,0.0000,0.0000
72.014,447.1485,0.9805,249.7504,0.2510,3.8000,-0.4500,358.7395,180.3314,359.0439,0.0000,0.0000,0.0000
72.125,446.9332,0.9312,249.7211,0.2510,3.8000,-0.4500,358.6570,180.3328,359.0287,0.0000,0.0000,0.0000
72.237,446.6750,0.8723,249.6859,0.2510,3.8000,-0.4500,358.5750,180.3342,359.0144,0.0000,0.0000,0.0000
72.347,446.4601,0.8242,249.6563,0.2510,3.8000,-0.4500,358.5750,180.3342,359.0144,0.0000,0.0000,0.0000
72.458,446.2019,0.7658,249.6380,0.2510,3.8000,-0.4500,358.4922,180.3356,359.0172,0.0000,0.0000,0.0000
72.570,445.9873,0.7167,249.6490,0.2510,3.8000,-0.4500,358.4102,180.3370,359.0209,0.0000,0.0000,0.0000
72.681,445.7310,0.6579,249.6897,0.2510,3.8000,-0.4500,358.4102,180.3370,359.0209,0.0000,0.0000,0.0000
72.792,445.4765,0.5989,249.7546,0.2510,3.8000,-0.4500,358.3325,180.3383,359.0400,0.0000,0.0000,0.0000
72.902,445.2653,0.5501,249.8212,0.2510,3.8000,-0.4500,358.3325,180.3383,359.0400,0.0000,0.0000,0.0000
73.013,445.0132,0.4923,249.9125,0.2510,3.8000,-0.4500,358.1768,180.3408,359.1112,0.0000,0.0000,0.0000
73.124,444.8035,0.4448,249.9937,0.2510,3.8000,-0.4500,358.1024,180.3419,359.1470,0.0000,0.0000,0.0000
73.236,444.5522,0.3889,250.0951,0.2510,3.8000,-0.4500,358.1024,180.3419,359.1470,0.0000,0.0000,0.0000
73.347,444.3433,0.3432,250.1834,0.2510,3.8000,-0.4500,358.1024,180.3419,359.1470,0.0000,0.0000,0.0000
73.459,444.0941,0.2901,250.2965,0.2510,3.8000,-0.4500,357.9725,180.3438,359.2552,0.0000,0.0000,0.0000
73.569,443.8863,0.2460,250.3947,0.2510,3.8000,-0.4500,357.9725,180.3438,359.2552,0.0000,0.0000,0.0000
73.681,443.6376,0.1938,250.5167,0.2510,3.8000,-0.4500,357.9725,180.3438,359.2552,0.0000,0.0000,0.0000
73.792,443.3907,0.1441,250.6433,0.2510,3.8000,-0.4500,357.8041,180.3457,359.4373,0.0000,0.0000,0.0000
73.903,443.1840,0.1016,250.7493,0.2510,3.8000,-0.4500,357.8041,180.3457,359.4373,0.0000,0.0000,0.0000
74.028,442.9360,0.0508,250.8777,0.2510,3.8000,-0.4500,357.8041,180.3457,359.4373,0.0000,0.0000,0.0000
74.139,442.6883,0.0000,251.0070,0.2510,3.8000,-0.4500,357.8041,180.3457,359.4373,0.0000,0.0000,0.0000
74.251,442.4407,-0.0507,251.1352,0.2510,3.8000,-0.4500,357.8041,180.3457,359.4374,0.0000,0.0000,0.0000
74.361,442.2341,-0.0930,251.2395,0.2510,3.8000,-0.4500,357.8041,180.3457,359.4374,0.0000,0.0000,0.0000
74.472,441.9858,-0.1436,251.3614,0.2510,3.8000,-0.4500,357.8041,180.3457,359.4374,0.0000,0.0000,0.0000
74.583,441.7789,-0.1856,251.4607,0.2510,3.8000,-0.4500,357.8041,180.3457,359.4374,0.0000,0.0000,0.0000
74.694,441.5305,-0.2358,251.5781,0.2510,3.8000,-0.4500,357.8041,180.3457,359.4374,0.0000,0.0000,0.0000
74.805,441.3232,-0.2774,251.6747,0.2510,3.8000,-0.4500,357.8041,180.3457,359.4374,0.0000,0.0000,0.0000
74.917,441.0746,-0.3272,251.7898,0.2510,3.8000,-0.4500,357.8041,180.3457,359.4374,0.0000,0.0000,0.0000
75.028,440.8674,-0.3686,251.8853,0.2510,3.8000,-0.4500,357.8041,180.3457,359.4374,0.0000,0.0000,0.0000
75.137,440.6187,-0.4183,251.9990,0.2510,3.8000,-0.4500,357.8042,180.3457,359.4374,0.0000,0.0000,0.0000
75.248,440.4113,-0.4597,252.0920,0.2510,3.8000,-0.4500,357.8041,180.3457,359.4373,0.0000,0.0000,0.0000
75.359,440.1628,-0.5085,252.2018,0.2510,3.8000,-0.4500,357.7483,180.3462,359.5005,0.0000,0.0000,0.0000
75.471,439.9146,-0.5565,252.3098,0.2510,3.8000,-0.4500,357.6391,180.3470,359.6237,0.0000,0.0000,0.0000
75.581,439.7070,-0.5974,252.3978,0.2510,3.8000,-0.4500,357.6391,180.3470,359.6237,0.0000,0.0000,0.0000
75.693,439.4580,-0.6460,252.5025,0.2510,3.8000,-0.4500,357.6391,180.3470,359.6237,0.0000,0.0000,0.0000
75.804,439.2513,-0.6847,252.5900,0.2510,3.8000,-0.4500,357.5308,180.3476,359.7490,0.0000,0.0000,0.0000
75.915,439.0025,-0.7321,252.6936,0.2510,3.8000,-0.4500,357.5308,180.3476,359.7490,0.0000,0.0000,0.0000
76.026,438.7957,-0.7703,252.7802,0.2510,3.8000,-0.4500,357.4797,180.3478,359.8121,0.0000,0.0000,0.0000
76.137,438.5475,-0.8152,252.8838,0.2510,3.8000,-0.4500,357.4301,180.3480,359.8762,0.0000,0.0000,0.0000
76.248,438.3409,-0.8516,252.9702,0.2510,3.8000,-0.4500,357.3819,180.3481,359.9429,0.0000,0.0000,0.0000
76.359,438.0930,-0.8941,253.0737,0.2510,3.8000,-0.4500,357.3342,180.3481,0.0098,0.0000,0.0000,0.0000
76.471,437.8456,-0.9351,253.1774,0.2510,3.8000,-0.4500,357.2904,180.3480,0.0808,0.0000,0.0000,0.0000
76.582,437.6390,-0.9687,253.2621,0.2510,3.8000,-0.4500,357.2904,180.3480,0.0808,0.0000,0.0000,0.0000
76.692,437.3922,-1.0042,253.3580,0.2510,3.8000,-0.4500,357.1678,180.3476,0.3008,0.0000,0.0000,0.0000
76.803,437.1850,-1.0343,253.4309,0.2510,3.8000,-0.4500,357.1678,180.3476,0.3008,0.0000,0.0000,0.0000
76.928,436.9366,-1.0672,253.5124,0.2510,3.8000,-0.4500,357.1352,180.3474,0.3753,0.0000,0.0000,0.0000
77.039,436.6886,-1.0967,253.5894,0.2510,3.8000,-0.4500,357.0766,180.3470,0.5243,0.0000,0.0000,0.0000
77.151,436.4398,-1.1261,253.6629,0.2510,3.8000,-0.4500,357.0766,180.3470,0.5243,0.0000,0.0000,0.0000
77.262,436.2341,-1.1452,253.7236,0.2510,3.8000,-0.4500,357.0045,180.3461,0.7637,0.0000,0.0000,0.0000
77.373,435.9859,-1.1694,253.7954,0.2510,3.8000,-0.4500,356.9829,180.3458,0.8387,0.0000,0.0000,0.0000
77.484,435.7789,-1.1888,253.8542,0.2510,3.8000,-0.4500,356.9829,180.3458,0.8387,0.0000,0.0000,0.0000
77.595,435.5304,-1.2100,253.9192,0.2510,3.8000,-0.4500,356.9829,180.3458,0.8388,0.0000,0.0000,0.0000
77.706,435.3243,-1.2232,253.9687,0.2510,3.8000,-0.4500,356.9546,180.3454,1.0025,0.0000,0.0000,0.0000
77.818,435.0757,-1.2402,254.0241,0.2510,3.8000,-0.4500,356.9546,180.3454,1.0025,0.0000,0.0000,0.0000
77.929,434.8691,-1.2515,254.0681,0.2510,3.8000,-0.4500,356.9441,180.3452,1.0839,0.0000,0.0000,0.0000
78.040,434.6218,-1.2622,254.1199,0.2510,3.8000,-0.4500,356.9269,180.3448,1.2489,0.0000,0.0000,0.0000
78.151,434.3735,-1.2739,254.1664,0.2510,3.8000,-0.4500,356.9269,180.3448,1.2489,0.0000,0.0000,0.0000
78.262,434.1668,-1.2814,254.1820,0.2510,3.8000,-0.4500,356.9269,180.3448,1.2489,0.0000,0.0000,0.0000
78.373,433.9204,-1.2852,254.1773,0.2510,3.8000,-0.4500,356.9155,180.3446,1.4122,0.0000,0.0000,0.0000
78.485,433.7148,-1.2888,254.1595,0.2510,3.8000,-0.4500,356.9155,180.3446,1.4122,0.0000,0.0000,0.0000
78.610,433.4688,-1.2915,254.1277,0.2510,3.8000,-0.4500,356.9155,180.3446,1.4122,0.0000,0.0000,0.0000
78.720,433.2238,-1.2914,254.0888,0.2510,3.8000,-0.4500,356.9115,180.3445,1.4951,0.0000,0.0000,0.0000
78.832,432.9786,-1.2917,254.0451,0.2510,3.8000,-0.4500,356.9115,180.3445,1.4951,0.0000,0.0000,0.0000
78.944,432.7747,-1.2913,254.0063,0.2510,3.8000,-0.4500,356.9115,180.3445,1.4951,0.0000,0.0000,0.0000
79.054,432.5308,-1.2888,253.9581,0.2510,3.8000,-0.4500,356.9071,180.3444,1.5786,0.0000,0.0000,0.0000
79.165,432.3273,-1.2876,253.9166,0.2510,3.8000,-0.4500,356.9071,180.3444,1.5786,0.0000,0.0000,0.0000
79.276,432.0833,-1.2859,253.8654,0.2510,3.8000,-0.4500,356.9071,180.3444,1.5786,0.0000,0.0000,0.0000
79.387,431.8808,-1.2829,253.8192,0.2510,3.8000,-0.4500,356.9011,180.3442,1.6602,0.0000,0.0000,0.0000
79.498,431.6378,-1.2805,253.7579,0.2510,3.8000,-0.4500,356.9011,180.3442,1.6602,0.0000,0.0000,0.0000
79.610,431.4356,-1.2783,253.7025,0.2510,3.8000,-0.4500,356.9011,180.3442,1.6602,0.0000,0.0000,0.0000
79.720,431.1935,-1.2756,253.6321,0.2510,3.8000,-0.4500,356.9011,180.3442,1.6602,0.0000,0.0000,0.0000
79.832,430.9516,-1.2729,253.5589,0.2510,3.8000,-0.4500,356.9011,180.3442,1.6602,0.0000,0.0000,0.0000
79.943,430.7497,-1.2709,253.5010,0.2510,3.8000,-0.4500,356.9011,180.3442,1.6603,0.0000,0.0000,0.0000
80.054,430.5063,-1.2705,253.4747,0.2510,3.8000,-0.4500,356.9011,180.3442,1.6602,0.0000,0.0000,0.0000
80.167,430.3031,-1.2725,253.4899,0.2510,3.8000,-0.4500,356.9011,180.3442,1.6602,0.0000,0.0000,0.0000
80.276,430.0597,-1.2772,253.5401,0.2510,3.8000,-0.4500,356.9011,180.3442,1.6602,0.0000,0.0000,0.0000
80.387,429.8574,-1.2826,253.6005,0.2510,3.8000,-0.4500,356.9011,180.3442,1.6603,0.0000,0.0000,0.0000
80.498,429.6153,-1.2904,253.6881,0.2510,3.8000,-0.4500,356.9011,180.3442,1.6602,0.0000,0.0000,0.0000
80.609,429.4137,-1.2975,253.7694,0.2510,3.8000,-0.4500,356.9011,180.3442,1.6603,0.0000,0.0000,0.0000
80.720,429.1723,-1.3066,253.8732,0.2510,3.8000,-0.4500,356.9011,180.3442,1.6603,0.0000,0.0000,0.0000
80.832,428.9310,-1.3160,253.9812,0.2510,3.8000,-0.4500,356.9011,180.3442,1.6603,0.0000,0.0000,0.0000
80.942,428.7300,-1.3237,254.0731,0.2510,3.8000,-0.4500,356.9011,180.3442,1.6603,0.0000,0.0000,0.0000
81.054,428.4888,-1.3326,254.1847,0.2510,3.8000,-0.4500,356.9011,180.3442,1.6603,0.0000,0.0000,0.0000
81.165,428.2877,-1.3397,254.2772,0.2510,3.8000,-0.4500,356.9011,180.3442,1.6602,0.0000,0.0000,0.0000
81.276,428.0461,-1.3473,254.3860,0.2510,3.8000,-0.4500,356.9011,180.3442,1.6602,0.0000,0.0000,0.0000
81.387,427.8445,-1.3529,254.4749,0.2510,3.8000,-0.4500,356.9011,180.3442,1.6602,0.0000,0.0000,0.0000
81.498,427.6026,-1.3585,254.5798,0.2510,3.8000,-0.4500,356.9011,180.3442,1.6602,0.0000,0.0000,0.0000
81.609,427.4008,-1.3621,254.6660,0.2510,3.8000,-0.4500,356.9011,180.3442,1.6603,0.0000,0.0000,0.0000
81.721,427.1586,-1.3649,254.7671,0.2510,3.8000,-0.4500,356.9011,180.3442,1.6602,0.0000,0.0000,0.0000
81.831,426.9152,-1.3654,254.8561,0.2510,3.8000,-0.4500,356.9011,180.3442,1.6603,0.0000,0.0000,0.0000
81.956,426.6707,-1.3633,254.9312,0.2510,3.8000,-0.4500,356.9011,180.3442,1.6603,0.0000,0.0000,0.0000
82.068,426.4676,-1.3553,254.9855,0.2510,3.8000,-0.4500,357.0962,180.3501,1.8148,0.0000,0.0000,0.0000
82.179,426.2221,-1.3483,255.0389,0.2510,3.8000,-0.4500,357.0962,180.3501,1.8148,0.0000,0.0000,0.0000
82.290,426.0178,-1.3382,255.0508,0.2510,3.8000,-0.4500,357.1688,180.3524,1.8540,0.0000,0.0000,0.0000
82.401,425.7732,-1.3219,255.0392,0.2510,3.8000,-0.4500,357.3144,180.3573,1.9296,0.0000,0.0000,0.0000
82.513,425.5284,-1.3037,255.0116,0.2510,3.8000,-0.4500,357.3925,180.3599,1.9595,0.0000,0.0000,0.0000
82.623,425.3248,-1.2850,254.9808,0.2510,3.8000,-0.4500,357.5490,180.3654,2.0175,0.0000,0.0000,0.0000
82.734,425.0806,-1.2606,254.9383,0.2510,3.8000,-0.4500,357.7086,180.3710,2.0644,0.0000,0.0000,0.0000
82.845,424.8770,-1.2388,254.8999,0.2510,3.8000,-0.4500,357.7875,180.3739,2.0869,0.0000,0.0000,0.0000
82.956,424.6333,-1.2083,254.8495,0.2510,3.8000,-0.4500,358.0321,180.3829,2.1435,0.0000,0.0000,0.0000
83.067,424.4304,-1.1821,254.8050,0.2510,3.8000,-0.4500,358.1105,180.3859,2.1609,0.0000,0.0000,0.0000
83.180,424.1872,-1.1482,254.7477,0.2510,3.8000,-0.4500,358.1944,180.3891,2.1762,0.0000,0.0000,0.0000
83.289,423.9851,-1.1156,254.6960,0.2510,3.8000,-0.4500,358.4424,180.3986,2.2202,0.0000,0.0000,0.0000
83.401,423.7427,-1.0762,254.6325,0.2510,3.8000,-0.4500,358.5247,180.4018,2.2331,0.0000,0.0000,0.0000
83.512,423.5008,-1.0328,254.5662,0.2510,3.8000,-0.4500,358.6918,180.4084,2.2584,0.0000,0.0000,0.0000
83.624,423.2995,-0.9932,254.5098,0.2510,3.8000,-0.4500,358.9394,180.4182,2.2945,0.0000,0.0000,0.0000
83.734,423.0579,-0.9452,254.4436,0.2510,3.8000,-0.4500,359.0203,180.4215,2.3056,0.0000,0.0000,0.0000
83.845,422.8566,-0.9026,254.3884,0.2510,3.8000,-0.4500,359.1022,180.4248,2.3167,0.0000,0.0000,0.0000
83.957,422.6152,-0.8480,254.3214,0.2510,3.8000,-0.4500,359.2683,180.4315,2.3391,0.0000,0.0000,0.0000
84.066,422.4144,-0.7988,254.2644,0.2510,3.8000,-0.4500,359.5234,180.4420,2.3742,0.0000,0.0000,0.0000
84.179,422.1735,-0.7391,254.1966,0.2510,3.8000,-0.4500,359.6027,180.4453,2.3855,0.0000,0.0000,0.0000
84.290,421.9731,-0.6856,254.1387,0.2510,3.8000,-0.4500,359.7624,180.4520,2.4120,0.0000,0.0000,0.0000
84.401,421.7331,-0.6172,254.0679,0.2510,3.8000,-0.4500,0.0084,180.4625,2.4636,0.0000,0.0000,0.0000
84.512,421.4932,-0.5463,254.0385,0.2510,3.8000,-0.4500,0.0894,180.4660,2.4856,0.0000,0.0000,0.0000
84.623,421.2944,-0.4822,254.0517,0.2510,3.8000,-0.4500,0.2515,180.4731,2.5314,0.0000,0.0000,0.0000
84.734,421.0573,-0.3996,254.0972,0.2510,3.8000,-0.4500,0.4854,180.4836,2.6121,0.0000,0.0000,0.0000
84.846,420.8601,-0.3295,254.1531,0.2510,3.8000,-0.4500,0.4854,180.4836,2.6121,0.0000,0.0000,0.0000
84.957,420.6254,-0.2372,254.2312,0.2510,3.8000,-0.4500,0.7235,180.4946,2.7093,0.0000,0.0000,0.0000
85.068,420.4308,-0.1570,254.3035,0.2510,3.8000,-0.4500,0.8745,180.5019,2.7781,0.0000,0.0000,0.0000
85.179,420.1981,-0.0570,254.3961,0.2510,3.8000,-0.4500,1.0245,180.5092,2.8490,0.0000,0.0000,0.0000
85.290,420.0050,0.0304,254.4766,0.2510,3.8000,-0.4500,1.1743,180.5168,2.9262,0.0000,0.0000,0.0000
85.401,419.7739,0.1372,254.5770,0.2510,3.8000,-0.4500,1.2481,180.5206,2.9647,0.0000,0.0000,0.0000
85.512,419.5438,0.2491,254.6793,0.2510,3.8000,-0.4500,1.3925,180.5282,3.0430,0.0000,0.0000,0.0000
85.624,419.3524,0.3442,254.7663,0.2510,3.8000,-0.4500,1.4666,180.5322,3.0840,0.0000,0.0000,0.0000
85.735,419.1236,0.4609,254.8718,0.2510,3.8000,-0.4500,1.5409,180.5362,3.1251,0.0000,0.0000,0.0000
85.846,418.9337,0.5617,254.9598,0.2510,3.8000,-0.4500,1.6910,180.5445,3.2072,0.0000,0.0000,0.0000
85.957,418.7056,0.6825,255.0638,0.2510,3.8000,-0.4500,1.7640,180.5486,3.2469,0.0000,0.0000,0.0000
86.068,418.5151,0.7834,255.1473,0.2510,3.8000,-0.4500,1.7640,180.5486,3.2469,0.0000,0.0000,0.0000
86.179,418.2863,0.9054,255.2434,0.2510,3.8000,-0.4500,1.7640,180.5486,3.2469,0.0000,0.0000,0.0000
86.291,418.0580,1.0301,255.3349,0.2510,3.8000,-0.4500,1.9090,180.5569,3.3135,0.0000,0.0000,0.0000
86.401,417.8672,1.1322,255.4104,0.2510,3.8000,-0.4500,1.9090,180.5569,3.3135,0.0000,0.0000,0.0000
86.513,417.6381,1.2544,255.4998,0.2510,3.8000,-0.4500,1.9090,180.5569,3.3135,0.0000,0.0000,0.0000
86.624,417.4469,1.3557,255.5736,0.2510,3.8000,-0.4500,1.9090,180.5569,3.3135,0.0000,0.0000,0.0000
86.735,417.2173,1.4760,255.6618,0.2510,3.8000,-0.4500,1.9090,180.5569,3.3135,0.0000,0.0000,0.0000
86.845,417.0258,1.5750,255.7356,0.2510,3.8000,-0.4500,1.9090,180.5569,3.3135,0.0000,0.0000,0.0000
86.958,416.7967,1.6919,255.8369,0.2510,3.8000,-0.4500,1.9090,180.5569,3.3135,0.0000,0.0000,0.0000
87.068,416.6073,1.7877,255.9415,0.2510,3.8000,-0.4500,1.9090,180.5569,3.3135,0.0000,0.0000,0.0000
87.179,416.3814,1.9004,256.0916,0.2510,3.8000,-0.4500,1.9090,180.5569,3.3135,0.0000,0.0000,0.0000
87.290,416.1941,1.9916,256.2334,0.2510,3.8000,-0.4500,1.9090,180.5569,3.3135,0.0000,0.0000,0.0000
87.402,415.9698,2.0970,256.4186,0.2510,3.8000,-0.4500,1.9090,180.5569,3.3135,0.0000,0.0000,0.0000
87.512,415.7457,2.1970,256.6152,0.2510,3.8000,-0.4500,1.9090,180.5569,3.3135,0.0000,0.0000,0.0000
87.623,415.5587,2.2756,256.7851,0.2510,3.8000,-0.4500,1.9090,180.5569,3.3135,0.0000,0.0000,0.0000
87.738,415.3317,2.3590,256.9938,0.2510,3.8000,-0.4500,1.9005,180.5564,3.0598,0.0000,0.0000,0.0000
87.862,415.1046,2.4376,257.2052,0.2510,3.8000,-0.4500,1.8921,180.5560,2.9775,0.0000,0.0000,0.0000
87.972,414.8732,2.4997,257.4194,0.2510,3.8000,-0.4500,1.7066,180.5472,2.5019,0.0000,0.0000,0.0000
88.082,414.6811,2.5509,257.5898,0.2510,3.8000,-0.4500,1.6626,180.5453,2.4311,0.0000,0.0000,0.0000
88.193,414.4442,2.5968,257.7603,0.2510,3.8000,-0.4500,1.4083,180.5353,2.0714,0.0000,0.0000,0.0000
88.304,414.2440,2.6310,257.8690,0.2510,3.8000,-0.4500,1.3070,180.5318,1.9407,0.0000,0.0000,0.0000
88.416,413.9986,2.6587,257.9697,0.2510,3.8000,-0.4500,1.0177,180.5228,1.6125,0.0000,0.0000,0.0000
88.526,413.7920,2.6763,258.0338,0.2510,3.8000,-0.4500,0.8499,180.5183,1.4288,0.0000,0.0000,0.0000
88.637,413.5412,2.6876,258.0950,0.2510,3.8000,-0.4500,0.6067,180.5128,1.1734,0.0000,0.0000,0.0000
88.749,413.3301,2.6888,258.1363,0.2510,3.8000,-0.4500,0.3710,180.5085,0.9286,0.0000,0.0000,0.0000
88.860,413.0753,2.6828,258.1717,0.2510,3.8000,-0.4500,0.1439,180.5053,0.6956,0.0000,0.0000,0.0000
88.971,412.8189,2.6670,258.1815,0.2510,3.8000,-0.4500,359.8990,180.5028,0.4462,0.0000,0.0000,0.0000
89.082,412.6047,2.6475,258.1754,0.2510,3.8000,-0.4500,359.7208,180.5017,0.2648,0.0000,0.0000,0.0000
89.193,412.3466,2.6137,258.1569,0.2510,3.8000,-0.4500,359.4220,180.5011,359.9610,0.0000,0.0000,0.0000
89.304,412.1321,2.5822,258.1340,0.2510,3.8000,-0.4500,359.3076,180.5013,359.8448,0.0000,0.0000,0.0000
89.416,411.8733,2.5327,258.1023,0.2510,3.8000,-0.4500,359.0168,180.5029,359.5512,0.0000,0.0000,0.0000
89.526,411.6578,2.4867,258.0722,0.2510,3.8000,-0.4500,358.8376,180.5045,359.3722,0.0000,0.0000,0.0000
89.637,411.3993,2.4251,258.0335,0.2510,3.8000,-0.4500,358.6620,180.5067,359.1978,0.0000,0.0000,0.0000
89.748,411.1829,2.3668,258.0050,0.2510,3.8000,-0.4500,358.4801,180.5096,359.0207,0.0000,0.0000,0.0000
89.860,410.9222,2.2888,257.9825,0.2510,3.8000,-0.4500,358.2333,180.5143,358.7849,0.0000,0.0000,0.0000
89.971,410.6614,2.2027,257.9880,0.2510,3.8000,-0.4500,357.9888,180.5200,358.5597,0.0000,0.0000,0.0000
90.082,410.4449,2.1282,258.0076,0.2510,3.8000,-0.4500,357.9263,180.5216,358.5048,0.0000,0.0000,0.0000
90.193,410.1845,2.0295,258.0445,0.2510,3.8000,-0.4500,357.7357,180.5268,358.3399,0.0000,0.0000,0.0000
90.304,409.9676,1.9412,258.0832,0.2510,3.8000,-0.4500,357.5352,180.5329,358.1783,0.0000,0.0000,0.0000
90.415,409.7083,1.8323,258.1358,0.2510,3.8000,-0.4500,357.4045,180.5372,358.0776,0.0000,0.0000,0.0000
90.526,409.4924,1.7369,258.1853,0.2510,3.8000,-0.4500,357.2691,180.5419,357.9799,0.0000,0.0000,0.0000
90.637,409.2346,1.6184,258.2564,0.2510,3.8000,-0.4500,357.1346,180.5467,357.8893,0.0000,0.0000,0.0000
90.749,409.0208,1.5171,258.3262,0.2510,3.8000,-0.4500,357.0623,180.5494,357.8454,0.0000,0.0000,0.0000
90.859,408.7651,1.3908,258.4212,0.2510,3.8000,-0.4500,356.9182,180.5550,357.7599,0.0000,0.0000,0.0000
90.970,408.5106,1.2628,258.5252,0.2510,3.8000,-0.4500,356.8437,180.5579,357.7247,0.0000,0.0000,0.0000
91.082,408.2992,1.1554,258.6163,0.2510,3.8000,-0.4500,356.8437,180.5579,357.7247,0.0000,0.0000,0.0000
91.193,408.0456,1.0232,258.7307,0.2510,3.8000,-0.4500,356.6865,180.5643,357.6653,0.0000,0.0000,0.0000
91.304,407.8349,0.9146,258.8278,0.2510,3.8000,-0.4500,356.6865,180.5643,357.6653,0.0000,0.0000,0.0000
91.415,407.5825,0.7845,258.9477,0.2510,3.8000,-0.4500,356.6865,180.5643,357.6653,0.0000,0.0000,0.0000
91.526,407.3723,0.6770,259.0500,0.2510,3.8000,-0.4500,356.6865,180.5643,357.6653,0.0000,0.0000,0.0000
91.639,407.1205,0.5488,259.1755,0.2510,3.8000,-0.4500,356.6045,180.5676,357.6629,0.0000,0.0000,0.0000
91.748,406.9110,0.4446,259.2811,0.2510,3.8000,-0.4500,356.6045,180.5676,357.6629,0.0000,0.0000,0.0000
91.860,406.6599,0.3225,259.4090,0.2510,3.8000,-0.4500,356.6045,180.5676,357.6629,0.0000,0.0000,0.0000
91.970,406.4511,0.2238,259.5168,0.2510,3.8000,-0.4500,356.5314,180.5706,357.6984,0.0000,0.0000,0.0000
92.082,406.2006,0.1097,259.6456,0.2510,3.8000,-0.4500,356.5314,180.5706,357.6984,0.0000,0.0000,0.0000
92.193,405.9514,0.0030,259.7734,0.2510,3.8000,-0.4500,356.3694,180.5768,357.8978,0.0000,0.0000,0.0000
92.303,405.7424,-0.0830,259.8747,0.2510,3.8000,-0.4500,356.3694,180.5768,357.8978,0.0000,0.0000,0.0000
92.429,405.4930,-0.1764,259.9927,0.2510,3.8000,-0.4500,356.2953,180.5794,358.1441,0.0000,0.0000,0.0000
92.540,405.2434,-0.2624,260.1054,0.2510,3.8000,-0.4500,356.2761,180.5800,358.3951,0.0000,0.0000,0.0000
92.651,404.9931,-0.3423,260.2133,0.2510,3.8000,-0.4500,356.2904,180.5796,358.5591,0.0000,0.0000,0.0000
92.762,404.7847,-0.4026,260.3004,0.2510,3.8000,-0.4500,356.3200,180.5789,358.7240,0.0000,0.0000,0.0000
92.873,404.5349,-0.4667,260.4015,0.2510,3.8000,-0.4500,356.3894,180.5775,358.9692,0.0000,0.0000,0.0000
92.984,404.3265,-0.5150,260.4835,0.2510,3.8000,-0.4500,356.4486,180.5765,359.1299,0.0000,0.0000,0.0000
93.095,404.0779,-0.5615,260.5791,0.2510,3.8000,-0.4500,356.6314,180.5744,359.5132,0.0000,0.0000,0.0000
93.206,403.8699,-0.5980,260.6566,0.2510,3.8000,-0.4500,356.7166,180.5738,359.6557,0.0000,0.0000,0.0000
93.318,403.6202,-0.6334,260.7405,0.2510,3.8000,-0.4500,356.8571,180.5732,359.8683,0.0000,0.0000,0.0000
93.429,403.4118,-0.6561,260.8009,0.2510,3.8000,-0.4500,357.0034,180.5731,0.0725,0.0000,0.0000,0.0000
93.540,403.1613,-0.6772,260.8635,0.2510,3.8000,-0.4500,357.1679,180.5736,0.2690,0.0000,0.0000,0.0000
93.651,402.9099,-0.6928,260.9188,0.2510,3.8000,-0.4500,357.2769,180.5742,0.3926,0.0000,0.0000,0.0000
93.762,402.7014,-0.6984,260.9607,0.2510,3.8000,-0.4500,357.4659,180.5759,0.5774,0.0000,0.0000,0.0000
93.873,402.4508,-0.7021,261.0089,0.2510,3.8000,-0.4500,357.5900,180.5772,0.6935,0.0000,0.0000,0.0000
93.984,402.2427,-0.6989,261.0475,0.2510,3.8000,-0.4500,357.7870,180.5799,0.8491,0.0000,0.0000,0.0000
94.096,401.9931,-0.6907,261.0933,0.2510,3.8000,-0.4500,357.9856,180.5831,0.9920,0.0000,0.0000,0.0000
94.206,401.7851,-0.6815,261.1318,0.2510,3.8000,-0.4500,358.0578,180.5844,1.0375,0.0000,0.0000,0.0000
94.318,401.5366,-0.6627,261.1769,0.2510,3.8000,-0.4500,358.2778,180.5886,1.1739,0.0000,0.0000,0.0000
94.429,401.3304,-0.6405,261.2143,0.2510,3.8000,-0.4500,358.5684,180.5950,1.3464,0.0000,0.0000,0.0000
94.540,401.0828,-0.6119,261.2614,0.2510,3.8000,-0.4500,358.7122,180.5985,1.4313,0.0000,0.0000,0.0000
94.651,400.8365,-0.5758,261.3094,0.2510,3.8000,-0.4500,358.9285,180.6041,1.5600,0.0000,0.0000,0.0000
94.762,400.6317,-0.5414,261.3509,0.2510,3.8000,-0.4500,359.0706,180.6081,1.6453,0.0000,0.0000,0.0000
94.873,400.3875,-0.4921,261.4017,0.2510,3.8000,-0.4500,359.3518,180.6166,1.8186,0.0000,0.0000,0.0000
94.985,400.1840,-0.4491,261.4467,0.2510,3.8000,-0.4500,359.4235,180.6189,1.8641,0.0000,0.0000,0.0000
95.095,399.9421,-0.3866,261.5007,0.2510,3.8000,-0.4500,359.7762,180.6311,2.0896,0.0000,0.0000,0.0000
95.207,399.7401,-0.3352,261.5496,0.2510,3.8000,-0.4500,359.7762,180.6311,2.0896,0.0000,0.0000,0.0000
95.318,399.5002,-0.2625,261.6087,0.2510,3.8000,-0.4500,0.0548,180.6417,2.2726,0.0000,0.0000,0.0000
95.429,399.3007,-0.1991,261.6607,0.2510,3.8000,-0.4500,0.1967,180.6475,2.3663,0.0000,0.0000,0.0000
95.540,399.0624,-0.1184,261.7256,0.2510,3.8000,-0.4500,0.3370,180.6534,2.4589,0.0000,0.0000,0.0000
95.651,398.8254,-0.0310,261.7924,0.2510,3.8000,-0.4500,0.5469,180.6626,2.5959,0.0000,0.0000,0.0000
95.762,398.6286,0.0451,261.8499,0.2510,3.8000,-0.4500,0.6899,180.6692,2.6869,0.0000,0.0000,0.0000
95.873,398.3932,0.1401,261.9208,0.2510,3.8000,-0.4500,0.8300,180.6759,2.7754,0.0000,0.0000,0.0000
95.985,398.1971,0.2204,261.9822,0.2510,3.8000,-0.4500,0.8300,180.6759,2.7754,0.0000,0.0000,0.0000
96.096,397.9638,0.3254,262.0543,0.2510,3.8000,-0.4500,1.1278,180.6908,2.9482,0.0000,0.0000,0.0000
96.207,397.7688,0.4109,262.1002,0.2510,3.8000,-0.4500,1.1278,180.6908,2.9483,0.0000,0.0000,0.0000
96.318,397.5357,0.5175,262.0921,0.2510,3.8000,-0.4500,1.3540,180.7027,3.0587,0.0000,0.0000,0.0000
96.429,397.3412,0.6034,262.0537,0.2510,3.8000,-0.4500,1.3540,180.7027,3.0587,0.0000,0.0000,0.0000
96.541,397.1079,0.7067,261.9848,0.2510,3.8000,-0.4500,1.3540,180.7027,3.0587,0.0000,0.0000,0.0000
96.652,396.8754,0.8132,261.8995,0.2510,3.8000,-0.4500,1.5887,180.7154,3.1342,0.0000,0.0000,0.0000
96.763,396.6814,0.8991,261.8223,0.2510,3.8000,-0.4500,1.5887,180.7154,3.1342,0.0000,0.0000,0.0000
96.873,396.4487,1.0017,261.7227,0.2510,3.8000,-0.4500,1.5887,180.7154,3.1342,0.0000,0.0000,0.0000
96.998,396.2160,1.1034,261.6174,0.2510,3.8000,-0.4500,1.5887,180.7154,3.1341,0.0000,0.0000,0.0000
97.109,396.0219,1.1876,261.5261,0.2510,3.8000,-0.4500,1.6701,180.7198,3.1296,0.0000,0.0000,0.0000
97.221,395.7889,1.2865,261.4146,0.2510,3.8000,-0.4500,1.6701,180.7198,3.1296,0.0000,0.0000,0.0000
97.332,395.5555,1.3836,261.3007,0.2510,3.8000,-0.4500,1.7496,180.7242,3.1118,0.0000,0.0000,0.0000
97.443,395.3603,1.4624,261.2050,0.2510,3.8000,-0.4500,1.8256,180.7283,3.0815,0.0000,0.0000,0.0000
97.554,395.1251,1.5542,261.0898,0.2510,3.8000,-0.4500,1.9679,180.7359,3.0020,0.0000,0.0000,0.0000
97.665,394.9285,1.6282,260.9955,0.2510,3.8000,-0.4500,2.0287,180.7390,2.9530,0.0000,0.0000,0.0000
97.776,394.6908,1.7132,260.8872,0.2510,3.8000,-0.4500,2.1404,180.7447,2.8251,0.0000,0.0000,0.0000
97.889,394.4918,1.7818,260.8021,0.2510,3.8000,-0.4500,2.1935,180.7473,2.7603,0.0000,0.0000,0.0000
97.998,394.2512,1.8600,260.7056,0.2510,3.8000,-0.4500,2.2768,180.7512,2.6224,0.0000,0.0000,0.0000
98.109,394.0492,1.9216,260.6296,0.2510,3.8000,-0.4500,2.3475,180.7543,2.4731,0.0000,0.0000,0.0000
98.235,393.7637,2.0013,260.5294,0.2510,3.8000,-0.4500,2.4600,180.7589,2.1571,0.0000,0.0000,0.0000
98.346,393.5594,2.0567,260.4630,0.2510,3.8000,-0.4500,2.4793,180.7596,2.0749,0.0000,0.0000,0.0000
98.457,393.3122,2.1178,260.3879,0.2510,3.8000,-0.4500,2.5161,180.7609,1.9074,0.0000,0.0000,0.0000
98.568,393.1030,2.1606,260.3293,0.2510,3.8000,-0.4500,2.5823,180.7629,1.4850,0.0000,0.0000,0.0000
98.679,392.8534,2.2145,260.2651,0.2510,3.8000,-0.4500,2.5907,180.7631,1.4032,0.0000,0.0000,0.0000
98.790,392.6422,2.2512,260.2158,0.2510,3.8000,-0.4500,2.6191,180.7637,1.0672,0.0000,0.0000,0.0000
98.901,392.3892,2.2959,260.1623,0.2510,3.8000,-0.4500,2.6227,180.7637,0.9831,0.0000,0.0000,0.0000
99.012,392.1335,2.3324,260.1144,0.2510,3.8000,-0.4500,2.6311,180.7639,0.7277,0.0000,0.0000,0.0000
99.123,391.9189,2.3580,260.0790,0.2510,3.8000,-0.4500,2.6304,180.7639,0.4816,0.0000,0.0000,0.0000
99.235,391.6598,2.3826,260.0415,0.2510,3.8000,-0.4500,2.6128,180.7638,0.1439,0.0000,0.0000,0.0000
99.345,391.4442,2.4022,260.0133,0.2510,3.8000,-0.4500,2.6072,180.7638,0.0631,0.0000,0.0000,0.0000
99.458,391.1828,2.4155,259.9828,0.2510,3.8000,-0.4500,2.5638,180.7639,359.7291,0.0000,0.0000,0.0000
99.567,390.9649,2.4236,259.9588,0.2510,3.8000,-0.4500,2.5320,180.7640,359.5617,0.0000,0.0000,0.0000
99.678,390.7027,2.4279,259.9323,0.2510,3.8000,-0.4500,2.4975,180.7644,359.3957,0.0000,0.0000,0.0000
99.790,390.4817,2.4209,259.9175,0.2510,3.8000,-0.4500,2.3833,180.7660,358.9886,0.0000,0.0000,0.0000
99.901,390.2189,2.4148,259.9157,0.2510,3.8000,-0.4500,2.3538,180.7665,358.9093,0.0000,0.0000,0.0000
100.012,389.9544,2.3970,259.9278,0.2510,3.8000,-0.4500,2.2277,180.7693,358.5928,0.0000,0.0000,0.0000
100.122,389.7347,2.3790,259.9458,0.2510,3.8000,-0.4500,2.1498,180.7713,358.4379,0.0000,0.0000,0.0000
100.233,389.4703,2.3485,259.9762,0.2510,3.8000,-0.4500,1.9888,180.7761,358.1404,0.0000,0.0000,0.0000
100.344,389.2512,2.3213,260.0074,0.2510,3.8000,-0.4500,1.9403,180.7777,358.0686,0.0000,0.0000,0.0000
100.455,388.9873,2.2776,260.0523,0.2510,3.8000,-0.4500,1.7375,180.7851,357.7834,0.0000,0.0000,0.0000
100.567,388.7679,2.2364,260.0952,0.2510,3.8000,-0.4500,1.5721,180.7918,357.5878,0.0000,0.0000,0.0000
100.678,388.5052,2.1819,260.1526,0.2510,3.8000,-0.4500,1.4075,180.7990,357.4084,0.0000,0.0000,0.0000
100.789,388.2868,2.1320,260.2054,0.2510,3.8000,-0.4500,1.2804,180.8049,357.2931,0.0000,0.0000,0.0000
100.900,388.0249,2.0653,260.2740,0.2510,3.8000,-0.4500,1.0858,180.8143,357.1292,0.0000,0.0000,0.0000
101.011,387.7639,1.9938,260.3477,0.2510,3.8000,-0.4500,0.9528,180.8211,357.0285,0.0000,0.0000,0.0000
101.122,387.5462,1.9266,260.4143,0.2510,3.8000,-0.4500,0.6666,180.8365,356.8462,0.0000,0.0000,0.0000
101.233,387.2862,1.8438,260.4986,0.2510,3.8000,-0.4500,0.4450,180.8489,356.7323,0.0000,0.0000,0.0000
101.344,387.0703,1.7728,260.5721,0.2510,3.8000,-0.4500,0.3703,180.8532,356.6998,0.0000,0.0000,0.0000
101.455,386.8113,1.6805,260.6660,0.2510,3.8000,-0.4500,0.0572,180.8716,356.5841,0.0000,0.0000,0.0000
101.580,386.5535,1.5886,260.7620,0.2510,3.8000,-0.4500,0.0572,180.8716,356.5841,0.0000,0.0000,0.0000
101.691,386.2957,1.4887,260.8629,0.2510,3.8000,-0.4500,359.6382,180.8969,356.5029,0.0000,0.0000,0.0000
101.802,386.0812,1.4076,260.9271,0.2510,3.8000,-0.4500,359.6382,180.8969,356.5029,0.0000,0.0000,0.0000
101.913,385.8242,1.3083,260.9341,0.2510,3.8000,-0.4500,359.3878,180.9122,356.4997,0.0000,0.0000,0.0000
102.024,385.6102,1.2272,260.9024,0.2510,3.8000,-0.4500,359.3047,180.9173,356.5098,0.0000,0.0000,0.0000
102.135,385.3541,1.1300,260.8412,0.2510,3.8000,-0.4500,358.9776,180.9371,356.5751,0.0000,0.0000,0.0000
102.247,385.1404,1.0513,260.7767,0.2510,3.8000,-0.4500,358.9776,180.9371,356.5751,0.0000,0.0000,0.0000
102.359,384.8847,0.9585,260.6928,0.2510,3.8000,-0.4500,358.8269,180.9460,356.6461,0.0000,0.0000,0.0000
102.469,384.6716,0.8829,260.6193,0.2510,3.8000,-0.4500,358.7558,180.9501,356.6875,0.0000,0.0000,0.0000
102.579,384.4163,0.7948,260.5302,0.2510,3.8000,-0.4500,358.6200,180.9579,356.7809,0.0000,0.0000,0.0000
102.691,384.1618,0.7104,260.4418,0.2510,3.8000,-0.4500,358.4340,180.9681,356.9497,0.0000,0.0000,0.0000
102.802,383.9489,0.6412,260.3685,0.2510,3.8000,-0.4500,358.4340,180.9681,356.9497,0.0000,0.0000,0.0000
102.913,383.6951,0.5643,260.2823,0.2510,3.8000,-0.4500,358.2292,180.9785,357.2147,0.0000,0.0000,0.0000
103.024,383.4828,0.5006,260.2062,0.2510,3.8000,-0.4500,358.2292,180.9785,357.2147,0.0000,0.0000,0.0000
103.136,383.2307,0.4322,260.1098,0.2510,3.8000,-0.4500,358.0764,180.9855,357.5238,0.0000,0.0000,0.0000
103.247,383.0196,0.3749,260.0248,0.2510,3.8000,-0.4500,358.0764,180.9855,357.5238,0.0000,0.0000,0.0000
103.358,382.7688,0.3148,259.9200,0.2510,3.8000,-0.4500,357.9745,180.9897,357.8476,0.0000,0.0000,0.0000
103.470,382.5586,0.2637,259.8307,0.2510,3.8000,-0.4500,357.9745,180.9897,357.8476,0.0000,0.0000,0.0000
103.580,382.3085,0.2101,259.7220,0.2510,3.8000,-0.4500,357.9335,180.9911,358.0970,0.0000,0.0000,0.0000
103.692,382.0580,0.1574,259.6104,0.2510,3.8000,-0.4500,357.9276,180.9913,358.1776,0.0000,0.0000,0.0000
103.804,381.8492,0.1149,259.5155,0.2510,3.8000,-0.4500,357.9276,180.9913,358.1776,0.0000,0.0000,0.0000
103.913,381.6000,0.0697,259.4001,0.2510,3.8000,-0.4500,357.9266,180.9913,358.3449,0.0000,0.0000,0.0000
104.024,381.3928,0.0348,259.3031,0.2510,3.8000,-0.4500,357.9419,180.9910,358.5068,0.0000,0.0000,0.0000
104.135,381.1431,-0.0080,259.1864,0.2510,3.8000,-0.4500,357.9419,180.9910,358.5068,0.0000,0.0000,0.0000
104.246,380.9361,-0.0383,259.0890,0.2510,3.8000,-0.4500,357.9756,180.9901,358.6664,0.0000,0.0000,0.0000
104.358,380.6868,-0.0755,258.9724,0.2510,3.8000,-0.4500,357.9756,180.9901,358.6664,0.0000,0.0000,0.0000
104.469,380.4807,-0.0993,258.8751,0.2510,3.8000,-0.4500,358.0563,180.9884,358.9070,0.0000,0.0000,0.0000
104.580,380.2316,-0.1309,258.7593,0.2510,3.8000,-0.4500,358.0563,180.9884,358.9070,0.0000,0.0000,0.0000
104.691,379.9838,-0.1563,258.6428,0.2510,3.8000,-0.4500,358.1237,180.9872,359.0546,0.0000,0.0000,0.0000
104.802,379.7773,-0.1762,258.5433,0.2510,3.8000,-0.4500,358.1587,180.9866,359.1271,0.0000,0.0000,0.0000
104.913,379.5300,-0.1977,258.4193,0.2510,3.8000,-0.4500,358.1987,180.9861,359.1969,0.0000,0.0000,0.0000
105.024,379.3244,-0.2133,258.3125,0.2510,3.8000,-0.4500,358.2408,180.9855,359.2657,0.0000,0.0000,0.0000
105.136,379.0781,-0.2300,258.1814,0.2510,3.8000,-0.4500,358.2842,180.9850,359.3323,0.0000,0.0000,0.0000
105.247,378.8731,-0.2420,258.0702,0.2510,3.8000,-0.4500,358.3325,180.9844,359.3980,0.0000,0.0000,0.0000
105.358,378.6271,-0.2564,257.9356,0.2510,3.8000,-0.4500,358.3325,180.9844,359.3980,0.0000,0.0000,0.0000
105.469,378.4230,-0.2641,257.8220,0.2510,3.8000,-0.4500,358.4385,180.9834,359.5262,0.0000,0.0000,0.0000
105.580,378.1772,-0.2757,257.6857,0.2510,3.8000,-0.4500,358.4385,180.9834,359.5262,0.0000,0.0000,0.0000
105.691,377.9316,-0.2862,257.5490,0.2510,3.8000,-0.4500,358.4385,180.9834,359.5262,0.0000,0.0000,0.0000
105.802,377.7272,-0.2930,257.4343,0.2510,3.8000,-0.4500,358.5007,180.9830,359.5827,0.0000,0.0000,0.0000
105.913,377.4821,-0.2996,257.2961,0.2510,3.8000,-0.4500,358.6246,180.9822,359.6827,0.0000,0.0000,0.0000
106.024,377.2775,-0.3072,257.1815,0.2510,3.8000,-0.4500,358.6246,180.9822,359.6827,0.0000,0.0000,0.0000
106.149,377.0319,-0.3165,257.0438,0.2510,3.8000,-0.4500,358.6246,180.9821,359.6827,0.0000,0.0000,0.0000
106.261,376.7848,-0.3262,256.9198,0.2510,3.8000,-0.4500,358.6246,180.9822,359.6828,0.0000,0.0000,0.0000
106.372,376.5335,-0.3370,256.8456,0.2510,3.8000,-0.4500,358.6246,180.9822,359.6827,0.0000,0.0000,0.0000
106.482,376.3224,-0.3472,256.8258,0.2510,3.8000,-0.4500,358.6246,180.9822,359.6827,0.0000,0.0000,0.0000
106.594,376.0692,-0.3607,256.8429,0.2510,3.8000,-0.4500,358.6246,180.9822,359.6827,0.0000,0.0000,0.0000
106.705,375.8588,-0.3733,256.8824,0.2510,3.8000,-0.4500,358.6246,180.9822,359.6827,0.0000,0.0000,0.0000
106.815,375.6067,-0.3891,256.9504,0.2510,3.8000,-0.4500,358.7036,180.9817,359.6844,0.0000,0.0000,0.0000
106.927,375.3969,-0.4040,257.0190,0.2510,3.8000,-0.4500,358.7036,180.9817,359.6844,0.0000,0.0000,0.0000
107.038,375.1452,-0.4233,257.1097,0.2510,3.8000,-0.4500,358.7833,180.9813,359.6647,0.0000,0.0000,0.0000
107.149,374.9358,-0.4409,257.1924,0.2510,3.8000,-0.4500,358.7833,180.9813,359.6647,0.0000,0.0000,0.0000
107.261,374.6848,-0.4635,257.3042,0.2510,3.8000,-0.4500,358.9373,180.9803,359.6019,0.0000,0.0000,0.0000
107.371,374.4346,-0.4886,257.4308,0.2510,3.8000,-0.4500,359.0772,180.9792,359.5127,0.0000,0.0000,0.0000
107.482,374.2269,-0.5104,257.5460,0.2510,3.8000,-0.4500,359.0772,180.9792,359.5126,0.0000,0.0000,0.0000
107.594,373.9769,-0.5395,257.6908,0.2510,3.8000,-0.4500,359.2692,180.9773,359.3503,0.0000,0.0000,0.0000
107.705,373.7697,-0.5637,257.8169,0.2510,3.8000,-0.4500,359.2692,180.9773,359.3503,0.0000,0.0000,0.0000
107.816,373.5201,-0.5951,257.9709,0.2510,3.8000,-0.4500,359.3828,180.9759,359.2331,0.0000,0.0000,0.0000
107.927,373.3123,-0.6219,258.1015,0.2510,3.8000,-0.4500,359.4372,180.9751,359.1721,0.0000,0.0000,0.0000
108.038,373.0623,-0.6555,258.2593,0.2510,3.8000,-0.4500,359.5464,180.9734,359.0454,0.0000,0.0000,0.0000
108.149,372.8535,-0.6842,258.3900,0.2510,3.8000,-0.4500,359.6554,180.9715,358.9162,0.0000,0.0000,0.0000
108.260,372.6031,-0.7180,258.5456,0.2510,3.8000,-0.4500,359.7079,180.9705,358.8541,0.0000,0.0000,0.0000
108.372,372.3514,-0.7533,258.6985,0.2510,3.8000,-0.4500,359.8746,180.9669,358.6658,0.0000,0.0000,0.0000
108.483,372.1420,-0.7814,258.8257,0.2510,3.8000,-0.4500,359.9279,180.9656,358.6065,0.0000,0.0000,0.0000
108.593,371.8909,-0.8139,258.9778,0.2510,3.8000,-0.4500,359.9279,180.9656,358.6065,0.0000,0.0000,0.0000
108.705,371.6802,-0.8418,259.1013,0.2510,3.8000,-0.4500,0.1160,180.9607,358.4339,0.0000,0.0000,0.0000
108.816,371.4278,-0.8723,259.2441,0.2510,3.8000,-0.4500,0.1160,180.9607,358.4339,0.0000,0.0000,0.0000
108.927,371.2159,-0.8976,259.3553,0.2510,3.8000,-0.4500,0.3164,180.9550,358.2863,0.0000,0.0000,0.0000
109.038,370.9622,-0.9250,259.4842,0.2510,3.8000,-0.4500,0.3164,180.9550,358.2863,0.0000,0.0000,0.0000
109.149,370.7500,-0.9462,259.5872,0.2510,3.8000,-0.4500,0.3911,180.9527,358.2468,0.0000,0.0000,0.0000
109.261,370.4951,-0.9694,259.7077,0.2510,3.8000,-0.4500,0.4666,180.9504,358.2079,0.0000,0.0000,0.0000
109.372,370.2394,-0.9893,259.8249,0.2510,3.8000,-0.4500,0.6963,180.9430,358.1160,0.0000,0.0000,0.0000
109.482,370.0269,-1.0036,259.9227,0.2510,3.8000,-0.4500,0.6963,180.9430,358.1160,0.0000,0.0000,0.0000
109.594,369.7714,-1.0168,260.0380,0.2510,3.8000,-0.4500,0.8625,180.9375,358.0845,0.0000,0.0000,0.0000
109.704,369.5586,-1.0244,260.1332,0.2510,3.8000,-0.4500,1.0262,180.9320,358.0702,0.0000,0.0000,0.0000
109.816,369.3033,-1.0305,260.2474,0.2510,3.8000,-0.4500,1.1069,180.9293,358.0656,0.0000,0.0000,0.0000
109.927,369.0908,-1.0321,260.3408,0.2510,3.8000,-0.4500,1.1898,180.9265,358.0734,0.0000,0.0000,0.0000
110.038,368.8356,-1.0294,260.4494,0.2510,3.8000,-0.4500,1.3552,180.9210,358.0952,0.0000,0.0000,0.0000
110.148,368.6231,-1.0222,260.5365,0.2510,3.8000,-0.4500,1.5925,180.9132,358.1608,0.0000,0.0000,0.0000
110.261,368.3677,-1.0130,260.6403,0.2510,3.8000,-0.4500,1.5925,180.9132,358.1608,0.0000,0.0000,0.0000
110.371,368.1130,-0.9971,260.7406,0.2510,3.8000,-0.4500,1.7403,180.9085,358.2296,0.0000,0.0000,0.0000
110.482,367.9007,-0.9811,260.8229,0.2510,3.8000,-0.4500,1.8109,180.9064,358.2681,0.0000,0.0000,0.0000
110.594,367.6464,-0.9567,260.9192,0.2510,3.8000,-0.4500,1.9486,180.9023,358.3631,0.0000,0.0000,0.0000
110.708,367.4351,-0.9311,260.9972,0.2510,3.8000,-0.4500,2.1340,180.8973,358.5229,0.0000,0.0000,0.0000
110.830,367.1806,-0.9018,261.0903,0.2510,3.8000,-0.4500,2.1340,180.8973,358.5229,0.0000,0.0000,0.0000
110.941,366.9278,-0.8640,261.1804,0.2510,3.8000,-0.4500,2.2829,180.8937,358.7201,0.0000,0.0000,0.0000
111.052,366.6748,-0.8256,261.2695,0.2510,3.8000,-0.4500,2.3223,180.8928,358.7904,0.0000,0.0000,0.0000
111.163,366.4653,-0.7871,261.3418,0.2510,3.8000,-0.4500,2.4297,180.8908,359.0107,0.0000,0.0000,0.0000
111.274,366.2131,-0.7410,261.4276,0.2510,3.8000,-0.4500,2.4600,180.8903,359.0868,0.0000,0.0000,0.0000
111.386,366.0038,-0.6988,261.4978,0.2510,3.8000,-0.4500,2.4904,180.8898,359.1641,0.0000,0.0000,0.0000
111.497,365.7544,-0.6389,261.5798,0.2510,3.8000,-0.4500,2.6094,180.8884,359.4813,0.0000,0.0000,0.0000
111.607,365.5453,-0.5904,261.6478,0.2510,3.8000,-0.4500,2.6094,180.8884,359.4813,0.0000,0.0000,0.0000
111.718,365.2967,-0.5223,261.7266,0.2510,3.8000,-0.4500,2.7040,180.8877,359.7246,0.0000,0.0000,0.0000
111.829,365.0904,-0.4606,261.7903,0.2510,3.8000,-0.4500,2.8022,180.8875,359.9630,0.0000,0.0000,0.0000
111.940,364.8424,-0.3842,261.8650,0.2510,3.8000,-0.4500,2.8719,180.8875,0.1217,0.0000,0.0000,0.0000
112.051,364.5955,-0.3027,261.9376,0.2510,3.8000,-0.4500,2.9423,180.8878,0.2770,0.0000,0.0000,0.0000
112.163,364.3906,-0.2302,261.9968,0.2510,3.8000,-0.4500,3.0137,180.8882,0.4301,0.0000,0.0000,0.0000
112.274,364.1451,-0.1394,262.0671,0.2510,3.8000,-0.4500,3.0854,180.8888,0.5783,0.0000,0.0000,0.0000
112.385,363.9420,-0.0580,262.1240,0.2510,3.8000,-0.4500,3.1963,180.8902,0.8038,0.0000,0.0000,0.0000
112.498,363.6976,0.0396,262.1919,0.2510,3.8000,-0.4500,3.2328,180.8907,0.8770,0.0000,0.0000,0.0000
112.606,363.4948,0.1243,262.2473,0.2510,3.8000,-0.4500,3.2697,180.8913,0.9510,0.0000,0.0000,0.0000
112.718,363.2525,0.2306,262.3128,0.2510,3.8000,-0.4500,3.3440,180.8926,1.1016,0.0000,0.0000,0.0000
112.830,363.0513,0.3222,262.3672,0.2510,3.8000,-0.4500,3.4152,180.8941,1.2502,0.0000,0.0000,0.0000
112.940,362.8094,0.4310,262.4334,0.2510,3.8000,-0.4500,3.4152,180.8941,1.2502,0.0000,0.0000,0.0000
113.052,362.5692,0.5451,262.4991,0.2510,3.8000,-0.4500,3.4825,180.8957,1.4012,0.0000,0.0000,0.0000
113.163,362.3686,0.6389,262.5549,0.2510,3.8000,-0.4500,3.4825,180.8957,1.4012,0.0000,0.0000,0.0000
113.273,362.1287,0.7540,262.6219,0.2510,3.8000,-0.4500,3.5112,180.8964,1.4763,0.0000,0.0000,0.0000
113.385,361.9287,0.8491,262.6783,0.2510,3.8000,-0.4500,3.5112,180.8964,1.4763,0.0000,0.0000,0.0000
113.496,361.6888,0.9629,262.7445,0.2510,3.8000,-0.4500,3.5112,180.8964,1.4763,0.0000,0.0000,0.0000
113.607,361.4884,1.0567,262.7935,0.2510,3.8000,-0.4500,3.5112,180.8964,1.4763,0.0000,0.0000,0.0000
113.718,361.2471,1.1673,262.8441,0.2510,3.8000,-0.4500,3.5112,180.8964,1.4763,0.0000,0.0000,0.0000
113.830,361.0453,1.2574,262.8808,0.2510,3.8000,-0.4500,3.5112,180.8964,1.4763,0.0000,0.0000,0.0000
113.941,360.8027,1.3625,262.9203,0.2510,3.8000,-0.4500,3.5112,180.8964,1.4763,0.0000,0.0000,0.0000
114.052,360.5593,1.4638,262.9567,0.2510,3.8000,-0.4500,3.5112,180.8964,1.4763,0.0000,0.0000,0.0000
114.163,360.3560,1.5448,262.9837,0.2510,3.8000,-0.4500,3.5112,180.8964,1.4763,0.0000,0.0000,0.0000
114.274,360.1110,1.6365,262.9885,0.2510,3.8000,-0.4500,3.5112,180.8964,1.4763,0.0000,0.0000,0.0000
114.385,359.9063,1.7077,262.9700,0.2510,3.8000,-0.4500,3.5112,180.8964,1.4763,0.0000,0.0000,0.0000
114.496,359.6601,1.7871,262.9319,0.2510,3.8000,-0.4500,3.5112,180.8964,1.4763,0.0000,0.0000,0.0000
114.608,359.4546,1.8471,262.8937,0.2510,3.8000,-0.4500,3.3394,180.8919,1.4896,0.0000,0.0000,0.0000
114.719,359.2075,1.9123,262.8431,0.2510,3.8000,-0.4500,3.0892,180.8854,1.4891,0.0000,0.0000,0.0000
114.830,359.0005,1.9600,262.7990,0.2510,3.8000,-0.4500,2.8519,180.8793,1.4245,0.0000,0.0000,0.0000
114.943,358.7515,2.0117,262.7444,0.2510,3.8000,-0.4500,2.7013,180.8757,1.3693,0.0000,0.0000,0.0000
115.052,358.5008,2.0530,262.6918,0.2510,3.8000,-0.4500,2.4033,180.8689,1.2163,0.0000,0.0000,0.0000
115.163,358.2907,2.0798,262.6500,0.2510,3.8000,-0.4500,2.1159,180.8633,1.0300,0.0000,0.0000,0.0000
115.274,358.0378,2.1053,262.6001,0.2510,3.8000,-0.4500,1.8415,180.8588,0.8280,0.0000,0.0000,0.0000
115.399,357.7856,2.1233,262.5351,0.2510,3.8000,-0.4500,1.6487,180.8563,0.6754,0.0000,0.0000,0.0000
115.510,357.5757,2.1290,262.4645,0.2510,3.8000,-0.4500,1.3920,180.8538,0.4580,0.0000,0.0000,0.0000
115.622,357.3247,2.1272,262.3615,0.2510,3.8000,-0.4500,1.0836,180.8520,0.1815,0.0000,0.0000,0.0000
115.733,357.0749,2.1194,262.2429,0.2510,3.8000,-0.4500,0.8975,180.8517,0.0066,0.0000,0.0000,0.0000
115.844,356.8666,2.1055,262.1365,0.2510,3.8000,-0.4500,0.7150,180.8520,359.8323,0.0000,0.0000,0.0000
115.955,356.6142,2.0788,262.0253,0.2510,3.8000,-0.4500,0.4134,180.8536,359.5340,0.0000,0.0000,0.0000
116.066,356.4012,2.0531,261.9723,0.2510,3.8000,-0.4500,0.2917,180.8548,359.4108,0.0000,0.0000,0.0000
116.177,356.1435,2.0098,261.9632,0.2510,3.8000,-0.4500,359.9929,180.8586,359.1061,0.0000,0.0000,0.0000
116.289,355.9293,1.9684,261.9916,0.2510,3.8000,-0.4500,359.8177,180.8616,358.9258,0.0000,0.0000,0.0000
116.400,355.6732,1.9107,262.0576,0.2510,3.8000,-0.4500,359.6405,180.8652,358.7433,0.0000,0.0000,0.0000
116.511,355.4171,1.8407,262.1488,0.2510,3.8000,-0.4500,359.3454,180.8725,358.4388,0.0000,0.0000,0.0000
116.622,355.2048,1.7789,262.2368,0.2510,3.8000,-0.4500,359.2284,180.8758,358.3178,0.0000,0.0000,0.0000
116.733,354.9503,1.6963,262.3533,0.2510,3.8000,-0.4500,359.0537,180.8812,358.1368,0.0000,0.0000,0.0000
116.844,354.7382,1.6207,262.4569,0.2510,3.8000,-0.4500,358.8741,180.8874,357.9489,0.0000,0.0000,0.0000
116.955,354.4846,1.5263,262.5859,0.2510,3.8000,-0.4500,358.7584,180.8916,357.8275,0.0000,0.0000,0.0000
117.066,354.2728,1.4410,262.6973,0.2510,3.8000,-0.4500,358.5857,180.8985,357.6425,0.0000,0.0000,0.0000
117.178,354.0201,1.3395,262.8326,0.2510,3.8000,-0.4500,358.5857,180.8985,357.6425,0.0000,0.0000,0.0000
117.289,353.8083,1.2470,262.9481,0.2510,3.8000,-0.4500,358.4122,180.9059,357.4506,0.0000,0.0000,0.0000
117.400,353.5554,1.1387,263.0873,0.2510,3.8000,-0.4500,358.4122,180.9059,357.4505,0.0000,0.0000,0.0000
117.510,353.3022,1.0266,263.2285,0.2510,3.8000,-0.4500,358.3589,180.9083,357.3878,0.0000,0.0000,0.0000
117.622,353.0915,0.9336,263.3467,0.2510,3.8000,-0.4500,358.3589,180.9083,357.3878,0.0000,0.0000,0.0000
117.733,352.8383,0.8201,263.4901,0.2510,3.8000,-0.4500,358.3093,180.9106,357.3232,0.0000,0.0000,0.0000
117.844,352.6276,0.7272,263.6115,0.2510,3.8000,-0.4500,358.3093,180.9106,357.3232,0.0000,0.0000,0.0000
117.955,352.3750,0.6172,263.7599,0.2510,3.8000,-0.4500,358.3093,180.9106,357.3232,0.0000,0.0000,0.0000
118.066,352.1645,0.5274,263.8852,0.2510,3.8000,-0.4500,358.3093,180.9106,357.3232,0.0000,0.0000,0.0000
118.178,351.9120,0.4228,264.0371,0.2510,3.8000,-0.4500,358.3093,180.9106,357.3232,0.0000,0.0000,0.0000
118.289,351.7017,0.3388,264.1643,0.2510,3.8000,-0.4500,358.3094,180.9106,357.3232,0.0000,0.0000,0.0000
118.399,351.4492,0.2427,264.3156,0.2510,3.8000,-0.4500,358.3094,180.9106,357.3232,0.0000,0.0000,0.0000
118.511,351.1963,0.1524,264.4615,0.2510,3.8000,-0.4500,358.3094,180.9106,357.3232,0.0000,0.0000,0.0000
118.636,350.9429,0.0686,264.6017,0.2510,3.8000,-0.4500,358.3094,180.9106,357.3232,0.0000,0.0000,0.0000
118.748,350.7315,0.0041,264.7152,0.2510,3.8000,-0.4500,358.3094,180.9106,357.3232,0.0000,0.0000,0.0000
118.858,350.4781,-0.0655,264.8311,0.2510,3.8000,-0.4500,358.3899,180.9068,357.3389,0.0000,0.0000,0.0000
118.972,350.2341,-0.1235,264.7202,0.2510,3.8000,-0.4500,358.6366,180.8955,357.3965,0.0000,0.0000,0.0000
119.088,350.0422,-0.1642,264.4067,0.2510,3.8000,-0.4500,358.8733,180.8849,357.4731,0.0000,0.0000,0.0000
119.202,349.8208,-0.2085,263.8570,0.2510,3.8000,-0.4500,359.1120,180.8745,357.5551,0.0000,0.0000,0.0000
119.328,349.6040,-0.2520,263.2120,0.2510,3.8000,-0.4500,359.1882,180.8713,357.5806,0.0000,0.0000,0.0000
119.454,349.3540,-0.2973,262.4099,0.2510,3.8000,-0.4500,359.5153,180.8577,357.6763,0.0000,0.0000,0.0000
119.565,349.1765,-0.3288,261.8151,0.2510,3.8000,-0.4500,359.7502,180.8483,357.7343,0.0000,0.0000,0.0000
119.677,348.9601,-0.3677,261.1560,0.2510,3.8000,-0.4500,359.8275,180.8453,357.7516,0.0000,0.0000,0.0000
119.788,348.7731,-0.3949,260.7137,0.2510,3.8000,-0.4500,0.1541,180.8327,357.8201,0.0000,0.0000,0.0000
119.902,348.5382,-0.4268,260.3286,0.2510,3.8000,-0.4500,0.2366,180.8295,357.8391,0.0000,0.0000,0.0000
120.013,348.2939,-0.4507,260.0703,0.2510,3.8000,-0.4500,0.4851,180.8203,357.8990,0.0000,0.0000,0.0000
