time_sec,world_x,world_y,world_z,local_x,local_y,local_z,world_rot_x,world_rot_y,world_rot_z,local_rot_x,local_rot_y,local_rot_z
0.000,598.8699,5.2478,250.4535,0.2510,3.8000,-0.4500,0.0000,180.0000,0.0000,0.0000,0.0000,0.0000
0.000,598.8699,5.2478,250.4535,0.2510,3.8000,-0.4500,0.0000,180.0000,0.0000,0.0000,0.0000,0.0000
0.123,598.6015,5.0092,250.4589,0.2510,3.8000,-0.4500,0.0000,180.0000,0.0000,0.0000,0.0000,0.0000
0.223,598.2777,4.7300,250.4630,0.2510,3.8000,-0.4500,0.0000,180.0000,0.0000,0.0000,0.0000,0.0000
0.333,597.8721,4.3853,250.4667,0.2510,3.8000,-0.4500,0.0000,180.0000,0.0000,0.0000,0.0000,0.0000
0.458,597.1816,3.8045,250.4713,0.2510,3.8000,-0.4500,0.0000,180.0000,0.0000,0.0000,0.0000,0.0000
0.570,596.6104,3.3270,250.4742,0.2510,3.8000,-0.4500,0.0000,180.0000,0.0000,0.0000,0.0000,0.0000
0.695,595.8488,2.6930,250.4773,0.2510,3.8000,-0.4500,0.0000,180.0000,0.0000,0.0000,0.0000,0.0000
0.806,595.0130,1.9998,250.4800,0.2510,3.8000,-0.4500,0.0000,180.0000,0.0000,0.0000,0.0000,0.0000
0.931,594.1118,1.2539,250.4825,0.2510,3.8000,-0.4500,0.0000,180.0000,0.0000,0.0000,0.0000,0.0000
1.056,593.1525,0.4616,250.4857,0.2510,3.8000,-0.4500,0.0000,180.0000,0.0000,0.0000,0.0000,0.0000
1.156,592.3172,-0.2305,250.5286,0.2510,3.8000,-0.4500,0.0000,180.0000,0.0000,0.0000,0.0000,0.0000
1.265,591.2839,-1.0948,250.7079,0.2510,3.8000,-0.4500,0.0000,180.0000,0.0000,0.0000,0.0000,0.0000
1.390,590.2246,-1.9923,251.0684,0.2510,3.8000,-0.4500,0.0000,180.0000,0.0000,0.0000,0.0000,0.0000
1.490,589.4085,-2.7321,251.4775,0.2510,3.8000,-0.4500,359.4164,180.0000,0.0019,0.0000,0.0000,0.0000
1.599,588.7474,-3.4854,251.9610,0.2510,3.8000,-0.4500,355.4345,179.9995,0.0130,0.0000,0.0000,0.0000
1.710,588.3574,-3.8511,252.3531,0.2510,3.8000,-0.4500,352.9083,179.9988,0.0153,0.0000,0.0000,0.0000
1.835,587.9958,-4.0671,252.8213,0.2510,3.8000,-0.4500,351.2979,179.9984,0.0069,0.0000,0.0000,0.0000
1.960,587.6526,-4.1732,253.3649,0.2510,3.8000,-0.4500,350.6772,179.9984,359.9915,0.0000,0.0000,0.0000
2.072,587.4350,-4.2352,253.7479,0.2510,3.8000,-0.4500,350.6772,179.9984,359.9915,0.0000,0.0000,0.0000
2.197,587.1898,-4.3476,254.1991,0.2510,3.8000,-0.4500,350.6772,179.9984,359.9915,0.0000,0.0000,0.0000
2.308,586.9544,-4.5170,254.6395,0.2510,3.8000,-0.4500,350.6772,179.9984,359.9915,0.0000,0.0000,0.0000
2.433,586.7245,-4.7357,255.0781,0.2510,3.8000,-0.4500,350.6772,179.9984,359.9915,0.0000,0.0000,0.0000
2.558,586.4610,-5.0309,255.6060,0.2510,3.8000,-0.4500,350.6772,179.9984,359.9915,0.0000,0.0000,0.0000
2.669,586.2748,-5.2514,255.9957,0.2510,3.8000,-0.4500,350.6772,179.9984,359.9915,0.0000,0.0000,0.0000
2.780,586.0519,-5.5143,256.4742,0.2510,3.8000,-0.4500,350.7895,179.9983,359.8676,0.0000,0.0000,0.0000
2.891,585.8660,-5.7260,256.8802,0.2510,3.8000,-0.4500,351.1055,179.9967,359.5736,0.0000,0.0000,0.0000
3.017,585.6448,-5.9656,257.3764,0.2510,3.8000,-0.4500,351.3769,179.9942,359.3782,0.0000,0.0000,0.0000
3.141,585.3868,-6.2267,257.9619,0.2510,3.8000,-0.4500,351.9115,179.9868,359.0652,0.0000,0.0000,0.0000
3.252,585.2029,-6.4030,258.3842,0.2510,3.8000,-0.4500,352.3002,179.9797,358.8626,0.0000,0.0000,0.0000
3.364,584.9828,-6.6056,258.8994,0.2510,3.8000,-0.4500,352.7805,179.9690,358.6269,0.0000,0.0000,0.0000
3.464,584.7997,-6.7685,259.3373,0.2510,3.8000,-0.4500,353.2010,179.9581,358.4277,0.0000,0.0000,0.0000
3.586,584.5800,-6.9568,259.8715,0.2510,3.8000,-0.4500,353.7357,179.9422,358.1803,0.0000,0.0000,0.0000
3.711,584.3604,-7.1369,260.4128,0.2510,3.8000,-0.4500,354.3048,179.9227,357.9235,0.0000,0.0000,0.0000
3.822,584.1405,-7.3071,260.9591,0.2510,3.8000,-0.4500,354.9070,179.8994,357.6596,0.0000,0.0000,0.0000
3.947,583.9202,-7.4662,261.5086,0.2510,3.8000,-0.4500,355.5392,179.8720,357.3932,0.0000,0.0000,0.0000
4.072,583.6990,-7.6125,262.0601,0.2510,3.8000,-0.4500,356.1980,179.8404,357.1296,0.0000,0.0000,0.0000
4.197,583.4771,-7.7444,262.6127,0.2510,3.8000,-0.4500,356.8793,179.8046,356.8759,0.0000,0.0000,0.0000
4.307,583.2541,-7.8610,263.1656,0.2510,3.8000,-0.4500,357.5796,179.7649,356.6414,0.0000,0.0000,0.0000
4.432,583.0300,-7.9605,263.7180,0.2510,3.8000,-0.4500,358.2949,179.7215,356.4371,0.0000,0.0000,0.0000
4.558,582.7669,-8.0538,264.3612,0.2510,3.8000,-0.4500,359.1435,179.6672,356.2497,0.0000,0.0000,0.0000
4.669,582.5781,-8.1043,264.8193,0.2510,3.8000,-0.4500,359.7557,179.6265,356.1551,0.0000,0.0000,0.0000
4.794,582.3502,-8.1463,265.3656,0.2510,3.8000,-0.4500,0.4932,179.5765,356.0888,0.0000,0.0000,0.0000
4.905,582.1205,-8.1674,265.8975,0.2510,3.8000,-0.4500,1.2291,179.5260,356.0767,0.0000,0.0000,0.0000
5.030,581.8889,-8.1676,266.4096,0.2510,3.8000,-0.4500,1.9557,179.4764,356.1213,0.0000,0.0000,0.0000
5.142,581.6556,-8.1468,266.9030,0.2510,3.8000,-0.4500,2.6658,179.4288,356.2237,0.0000,0.0000,0.0000
5.252,581.4602,-8.1133,267.3022,0.2510,3.8000,-0.4500,3.2410,179.3914,356.3528,0.0000,0.0000,0.0000
5.365,581.2253,-8.0534,267.7690,0.2510,3.8000,-0.4500,3.9084,179.3499,356.5589,0.0000,0.0000,0.0000
5.474,581.0292,-7.9871,268.1496,0.2510,3.8000,-0.4500,4.4434,179.3186,356.7714,0.0000,0.0000,0.0000
5.574,580.8334,-7.9057,268.5233,0.2510,3.8000,-0.4500,4.9576,179.2906,357.0189,0.0000,0.0000,0.0000
5.682,580.5992,-7.7885,268.9634,0.2510,3.8000,-0.4500,5.5448,179.2616,357.3587,0.0000,0.0000,0.0000
5.783,580.4052,-7.6746,269.3238,0.2510,3.8000,-0.4500,6.0070,179.2414,357.6745,0.0000,0.0000,0.0000
5.893,580.2112,-7.5474,269.6614,0.2510,3.8000,-0.4500,6.4425,179.2249,358.0170,0.0000,0.0000,0.0000
6.001,579.9710,-7.3950,269.8799,0.2510,3.8000,-0.4500,6.9199,179.2101,358.4608,0.0000,0.0000,0.0000
6.127,579.7338,-7.2593,269.8375,0.2510,3.8000,-0.4500,7.3210,179.2008,358.9413,0.0000,0.0000,0.0000
6.238,579.5053,-7.1404,269.5771,0.2510,3.8000,-0.4500,7.6288,179.1964,359.4551,0.0000,0.0000,0.0000
6.364,579.2857,-7.0332,269.1635,0.2510,3.8000,-0.4500,7.8502,179.1952,359.9941,0.0000,0.0000,0.0000
6.474,579.1083,-6.9475,268.7407,0.2510,3.8000,-0.4500,7.9821,179.1957,0.4557,0.0000,0.0000,0.0000
6.599,578.8666,-6.8271,268.0734,0.2510,3.8000,-0.4500,8.1104,179.1975,1.1120,0.0000,0.0000,0.0000
6.724,578.6650,-6.7187,267.4584,0.2510,3.8000,-0.4500,8.1857,179.1993,1.6767,0.0000,0.0000,0.0000
6.824,578.5004,-6.6229,266.9275,0.2510,3.8000,-0.4500,8.2332,179.2009,2.1449,0.0000,0.0000,0.0000
6.935,578.3387,-6.5207,266.3853,0.2510,3.8000,-0.4500,8.2714,179.2025,2.6083,0.0000,0.0000,0.0000
7.058,578.1173,-6.3668,265.6140,0.2510,3.8000,-0.4500,8.3144,179.2047,3.2455,0.0000,0.0000,0.0000
7.171,577.9622,-6.2494,265.0570,0.2510,3.8000,-0.4500,8.3398,179.2062,3.6898,0.0000,0.0000,0.0000
7.296,577.7802,-6.0998,264.3838,0.2510,3.8000,-0.4500,8.3656,179.2080,4.2090,0.0000,0.0000,0.0000
7.421,577.5723,-5.9160,263.5935,0.2510,3.8000,-0.4500,8.3871,179.2097,4.7190,0.0000,0.0000,0.0000
7.531,577.4274,-5.7763,263.0261,0.2510,3.8000,-0.4500,8.4026,179.2111,5.1486,0.0000,0.0000,0.0000
7.641,577.2567,-5.6036,262.3428,0.2510,3.8000,-0.4500,8.4147,179.2122,5.5620,0.0000,0.0000,0.0000
7.766,577.0896,-5.4230,261.6569,0.2510,3.8000,-0.4500,8.4235,179.2131,5.9783,0.0000,0.0000,0.0000
7.891,576.9256,-5.2376,260.9689,0.2510,3.8000,-0.4500,8.4277,179.2136,6.3092,0.0000,0.0000,0.0000
8.015,576.7650,-5.0452,260.2786,0.2510,3.8000,-0.4500,8.4287,179.2137,6.6426,0.0000,0.0000,0.0000
8.140,576.5811,-4.8149,259.4709,0.2510,3.8000,-0.4500,8.4259,179.2134,6.9765,0.0000,0.0000,0.0000
8.265,576.4277,-4.6108,258.7764,0.2510,3.8000,-0.4500,8.4185,179.2125,7.3099,0.0000,0.0000,0.0000
8.365,576.3007,-4.4396,258.1962,0.2510,3.8001,-0.4500,8.4120,179.2116,7.4714,0.0000,0.0000,0.0000
8.474,576.1765,-4.2639,257.6119,0.2510,3.8000,-0.4500,8.3985,179.2098,7.7183,0.0000,0.0000,0.0000
8.574,576.0527,-4.0889,257.0230,0.2510,3.8000,-0.4500,8.3928,179.2090,7.7997,0.0000,0.0000,0.0000
8.682,575.9076,-3.8750,256.3102,0.2510,3.8000,-0.4500,8.3702,179.2058,8.0482,0.0000,0.0000,0.0000
8.807,575.7642,-3.6587,255.5924,0.2510,3.8000,-0.4500,8.3382,179.2012,8.2912,0.0000,0.0000,0.0000
8.908,575.6442,-3.4810,254.9919,0.2510,3.8000,-0.4500,8.3382,179.2012,8.2912,0.0000,0.0000,0.0000
9.016,575.5259,-3.3007,254.3895,0.2510,3.8000,-0.4500,8.3237,179.1990,8.3690,0.0000,0.0000,0.0000
9.129,575.3852,-3.0830,253.6653,0.2510,3.8000,-0.4500,8.2825,179.1929,8.5290,0.0000,0.0000,0.0000
9.238,575.2444,-2.8670,252.9397,0.2510,3.8000,-0.4500,8.2826,179.1928,8.5290,0.0000,0.0000,0.0000
9.363,575.1039,-2.6521,252.2083,0.2510,3.8000,-0.4500,8.2826,179.1928,8.5290,0.0000,0.0000,0.0000
9.474,574.9872,-2.4741,251.5914,0.2510,3.8000,-0.4500,8.2826,179.1928,8.5290,0.0000,0.0000,0.0000
9.599,574.8238,-2.2281,250.7180,0.2510,3.8000,-0.4500,8.2826,179.1928,8.5290,0.0000,0.0000,0.0000
9.724,574.6833,-2.0199,249.9628,0.2510,3.8000,-0.4500,8.2826,179.1928,8.5290,0.0000,0.0000,0.0000
9.835,574.5660,-1.8492,249.3308,0.2510,3.8000,-0.4500,8.2826,179.1928,8.5290,0.0000,0.0000,0.0000
9.949,574.4246,-1.6468,248.5704,0.2510,3.8000,-0.4500,8.2826,179.1928,8.5290,0.0000,0.0000,0.0000
10.074,574.2823,-1.4483,247.8091,0.2510,3.8000,-0.4500,8.2826,179.1928,8.5290,0.0000,0.0000,0.0000
10.182,574.1384,-1.2549,247.0525,0.2510,3.8000,-0.4500,8.1211,179.1684,8.5440,0.0000,0.0000,0.0000
10.308,573.9923,-1.0661,246.3016,0.2510,3.8000,-0.4500,7.9593,179.1439,8.4919,0.0000,0.0000,0.0000
10.432,573.8438,-0.8825,245.5568,0.2510,3.8000,-0.4500,7.8044,179.1206,8.4281,0.0000,0.0000,0.0000
10.545,573.6910,-0.7080,244.8186,0.2510,3.8000,-0.4500,7.4825,179.0732,8.1623,0.0000,0.0000,0.0000
10.653,573.5624,-0.5650,244.2053,0.2510,3.8000,-0.4500,7.3767,179.0580,8.0308,0.0000,0.0000,0.0000
10.767,573.4028,-0.4046,243.4744,0.2510,3.8000,-0.4500,7.0926,179.0187,7.5913,0.0000,0.0000,0.0000
10.876,573.2674,-0.2751,242.8714,0.2510,3.8000,-0.4500,6.9404,178.9987,7.2942,0.0000,0.0000,0.0000
10.986,573.0969,-0.1174,242.2508,0.2510,3.8000,-0.4500,6.7975,178.9806,6.9678,0.0000,0.0000,0.0000
11.097,572.9436,0.0200,241.9016,0.2510,3.8000,-0.4500,6.6202,178.9595,6.5516,0.0000,0.0000,0.0000
11.208,572.7543,0.2033,241.7569,0.2510,3.8000,-0.4500,6.3933,178.9343,6.0598,0.0000,0.0000,0.0000
11.333,572.5626,0.3943,241.8243,0.2510,3.8000,-0.4500,6.1149,178.9058,5.5553,0.0000,0.0000,0.0000
11.445,572.3688,0.5817,242.0331,0.2510,3.8000,-0.4500,5.7684,178.8736,5.0234,0.0000,0.0000,0.0000
11.569,572.1714,0.7561,242.3315,0.2510,3.8000,-0.4500,5.3556,178.8392,4.4595,0.0000,0.0000,0.0000
11.694,571.9699,0.9105,242.6864,0.2510,3.8000,-0.4500,4.8879,178.8051,3.8656,0.0000,0.0000,0.0000
11.807,571.7637,1.0413,243.0786,0.2510,3.8000,-0.4500,4.3797,178.7734,3.2459,0.0000,0.0000,0.0000
11.919,571.5535,1.1462,243.5068,0.2510,3.8000,-0.4500,3.8459,178.7461,2.6054,0.0000,0.0000,0.0000
12.028,571.3759,1.2133,243.8888,0.2510,3.8000,-0.4500,3.3908,178.7275,2.0593,0.0000,0.0000,0.0000
12.153,571.1600,1.2688,244.3706,0.2510,3.8000,-0.4500,2.8443,178.7110,1.3938,0.0000,0.0000,0.0000
12.278,570.9044,1.3002,244.9555,0.2510,3.8000,-0.4500,2.2248,178.7001,0.6099,0.0000,0.0000,0.0000
12.389,570.7197,1.3016,245.3832,0.2510,3.8000,-0.4500,1.8079,178.6977,0.0495,0.0000,0.0000,0.0000
12.514,570.4961,1.2819,245.9037,0.2510,3.8000,-0.4500,1.3513,178.7000,359.3811,0.0000,0.0000,0.0000
12.639,570.2333,1.2329,246.5176,0.2510,3.8000,-0.4500,0.9005,178.7078,358.6129,0.0000,0.0000,0.0000
12.764,570.0070,1.1722,247.0486,0.2510,3.8000,-0.4500,0.6038,178.7166,357.9692,0.0000,0.0000,0.0000
12.875,569.8176,1.1108,247.4937,0.2510,3.8000,-0.4500,0.4268,178.7236,357.4461,0.0000,0.0000,0.0000
12.990,569.5901,1.0236,248.0307,0.2510,3.8000,-0.4500,0.2605,178.7319,356.8380,0.0000,0.0000,0.0000
13.096,569.4006,0.9388,248.4806,0.2510,3.8000,-0.4500,0.1163,178.7405,356.3500,0.0000,0.0000,0.0000
13.208,569.1732,0.8209,249.0233,0.2510,3.8000,-0.4500,359.9041,178.7551,355.7897,0.0000,0.0000,0.0000
13.309,568.9846,0.7085,249.4779,0.2510,3.8000,-0.4500,359.6857,178.7720,355.3454,0.0000,0.0000,0.0000
13.417,568.7968,0.5830,249.9348,0.2510,3.8000,-0.4500,359.4298,178.7939,354.9236,0.0000,0.0000,0.0000
13.528,568.5729,0.4145,250.4856,0.2510,3.8000,-0.4500,359.0783,178.8266,354.4493,0.0000,0.0000,0.0000
13.653,568.3513,0.2270,251.0391,0.2510,3.8000,-0.4500,358.6873,178.8661,354.0127,0.0000,0.0000,0.0000
13.778,568.0953,-0.0156,251.6875,0.2510,3.8000,-0.4500,358.1949,178.9199,353.5552,0.0000,0.0000,0.0000
13.904,567.8788,-0.2424,252.2456,0.2510,3.8000,-0.4500,357.7539,178.9711,353.2108,0.0000,0.0000,0.0000
14.014,567.7004,-0.4442,252.7121,0.2510,3.8000,-0.4500,357.3808,179.0164,352.9595,0.0000,0.0000,0.0000
14.139,567.4536,-0.7440,253.3671,0.2510,3.8000,-0.4500,356.8605,179.0822,352.6643,0.0000,0.0000,0.0000
14.251,567.2793,-0.9686,253.8357,0.2510,3.8000,-0.4500,356.5565,179.1217,352.5244,0.0000,0.0000,0.0000
14.365,567.0722,-1.2493,254.3993,0.2510,3.8000,-0.4500,356.1727,179.1727,352.3777,0.0000,0.0000,0.0000
14.472,566.9012,-1.4906,254.8690,0.2510,3.8000,-0.4500,355.9282,179.2057,352.3073,0.0000,0.0000,0.0000
14.597,566.6973,-1.7893,255.4322,0.2510,3.8000,-0.4500,355.5291,179.2601,352.2191,0.0000,0.0000,0.0000
14.697,566.5283,-2.0412,255.8995,0.2510,3.8000,-0.4500,355.4462,179.2715,352.2112,0.0000,0.0000,0.0000
14.806,566.3265,-2.3510,256.4607,0.2510,3.8000,-0.4500,355.1108,179.3176,352.1930,0.0000,0.0000,0.0000
14.932,566.1255,-2.6625,257.0208,0.2510,3.8000,-0.4500,354.9377,179.3413,352.2168,0.0000,0.0000,0.0000
15.042,565.9251,-2.9766,257.5804,0.2510,3.8000,-0.4500,354.6862,179.3757,352.2652,0.0000,0.0000,0.0000
15.167,565.7250,-3.2895,258.1399,0.2510,3.8000,-0.4500,354.4615,179.4062,352.3628,0.0000,0.0000,0.0000
15.292,565.5250,-3.6006,258.6989,0.2510,3.8000,-0.4500,354.2648,179.4325,352.4961,0.0000,0.0000,0.0000
15.417,565.3243,-3.9077,259.2573,0.2510,3.8000,-0.4500,354.1519,179.4473,352.6166,0.0000,0.0000,0.0000
15.542,565.0892,-4.2607,259.9081,0.2510,3.8000,-0.4500,354.0503,179.4605,352.7426,0.0000,0.0000,0.0000
15.667,564.8875,-4.5533,260.4662,0.2510,3.8000,-0.4500,353.9065,179.4785,353.0458,0.0000,0.0000,0.0000
15.781,564.6848,-4.8379,261.0237,0.2510,3.8000,-0.4500,353.8378,179.4868,353.3668,0.0000,0.0000,0.0000
15.892,564.5143,-5.0696,261.4874,0.2510,3.8000,-0.4500,353.8269,179.4880,353.5301,0.0000,0.0000,0.0000
16.002,564.3085,-5.3368,262.0436,0.2510,3.8000,-0.4500,353.8478,179.4858,353.8604,0.0000,0.0000,0.0000
16.112,564.1362,-5.5497,262.5066,0.2510,3.8000,-0.4500,353.9257,179.4776,354.1890,0.0000,0.0000,0.0000
16.237,563.9276,-5.7964,263.0615,0.2510,3.8000,-0.4500,354.0438,179.4658,354.5032,0.0000,0.0000,0.0000
16.362,563.6821,-6.0694,263.7081,0.2510,3.8000,-0.4500,354.2084,179.4504,354.8151,0.0000,0.0000,0.0000
16.473,563.5059,-6.2503,264.1693,0.2510,3.8000,-0.4500,354.4464,179.4295,355.1860,0.0000,0.0000,0.0000
16.598,563.2565,-6.4932,264.8148,0.2510,3.8000,-0.4500,354.6469,179.4130,355.4458,0.0000,0.0000,0.0000
16.723,563.0422,-6.6815,265.3668,0.2510,3.8000,-0.4500,355.0124,179.3850,355.8344,0.0000,0.0000,0.0000
16.848,562.8262,-6.8570,265.9185,0.2510,3.8000,-0.4500,355.3207,179.3633,356.1230,0.0000,0.0000,0.0000
16.974,562.6090,-7.0176,266.4695,0.2510,3.8000,-0.4500,355.6461,179.3420,356.3932,0.0000,0.0000,0.0000
17.081,562.3879,-7.1590,266.9718,0.2510,3.8000,-0.4500,356.0656,179.3166,356.7063,0.0000,0.0000,0.0000
17.196,562.1959,-7.2610,267.2938,0.2510,3.8000,-0.4500,356.4139,179.2973,356.9548,0.0000,0.0000,0.0000
17.319,561.9146,-7.3823,267.5835,0.2510,3.8000,-0.4500,356.7739,179.2789,357.2222,0.0000,0.0000,0.0000
17.445,561.6666,-7.4645,267.6770,0.2510,3.8000,-0.4500,357.1120,179.2633,357.4952,0.0000,0.0000,0.0000
17.570,561.4162,-7.5308,267.6821,0.2510,3.8000,-0.4500,357.4204,179.2506,357.7901,0.0000,0.0000,0.0000
17.695,561.1652,-7.5852,267.6338,0.2510,3.8000,-0.4500,357.6533,179.2421,358.0434,0.0000,0.0000,0.0000
17.808,560.9150,-7.6259,267.5532,0.2510,3.8000,-0.4500,357.9323,179.2334,358.3796,0.0000,0.0000,0.0000
17.919,560.6659,-7.6543,267.4540,0.2510,3.8000,-0.4500,358.2340,179.2259,358.7787,0.0000,0.0000,0.0000
18.028,560.4583,-7.6729,267.3639,0.2510,3.8000,-0.4500,358.3820,179.2230,358.9864,0.0000,0.0000,0.0000
18.153,560.2112,-7.6817,267.2495,0.2510,3.8000,-0.4500,358.6720,179.2189,359.4008,0.0000,0.0000,0.0000
18.279,559.9233,-7.6818,267.1126,0.2510,3.8000,-0.4500,358.9147,179.2171,359.7508,0.0000,0.0000,0.0000
18.403,559.6777,-7.6710,266.9933,0.2510,3.8000,-0.4500,359.1069,179.2167,0.0262,0.0000,0.0000,0.0000
18.528,559.4344,-7.6460,266.8719,0.2510,3.8000,-0.4500,359.4089,179.2180,0.4507,0.0000,0.0000,0.0000
18.653,559.1917,-7.6139,266.7495,0.2510,3.8000,-0.4500,359.6036,179.2200,0.7184,0.0000,0.0000,0.0000
18.779,558.9118,-7.5589,266.6036,0.2510,3.8000,-0.4500,359.9636,179.2260,1.1977,0.0000,0.0000,0.0000
18.890,558.7124,-7.5142,266.4979,0.2510,3.8000,-0.4500,0.1126,179.2294,1.3908,0.0000,0.0000,0.0000
18.990,558.5153,-7.4586,266.3893,0.2510,3.8000,-0.4500,0.3782,179.2366,1.7249,0.0000,0.0000,0.0000
19.091,558.3188,-7.3991,266.2790,0.2510,3.8000,-0.4500,0.5368,179.2416,1.9204,0.0000,0.0000,0.0000
19.194,558.1248,-7.3289,266.1651,0.2510,3.8000,-0.4500,0.8157,179.2518,2.2533,0.0000,0.0000,0.0000
19.319,557.8585,-7.2214,265.9612,0.2510,3.8000,-0.4500,1.1465,179.2659,2.6361,0.0000,0.0000,0.0000
19.431,557.6786,-7.1439,265.6795,0.2510,3.8000,-0.4500,1.2550,179.2710,2.7603,0.0000,0.0000,0.0000
19.556,557.4764,-7.0450,265.1800,0.2510,3.8000,-0.4500,1.5268,179.2850,3.0998,0.0000,0.0000,0.0000
19.681,557.2516,-6.9309,264.4450,0.2510,3.8000,-0.4500,1.7158,179.2956,3.3710,0.0000,0.0000,0.0000
19.806,557.0657,-6.8290,263.7390,0.2510,3.8000,-0.4500,1.8724,179.3053,3.6766,0.0000,0.0000,0.0000
19.932,556.8833,-6.7256,262.9950,0.2510,3.8000,-0.4500,1.9711,179.3118,3.9105,0.0000,0.0000,0.0000
20.056,556.7026,-6.6215,262.2300,0.2510,3.8000,-0.4500,2.0018,179.3139,3.9872,0.0000,0.0000,0.0000
20.181,556.4963,-6.4908,261.3224,0.2510,3.8000,-0.4500,2.1108,179.3218,4.3096,0.0000,0.0000,0.0000
20.292,556.3500,-6.3955,260.6691,0.2510,3.8000,-0.4500,2.1614,179.3258,4.4689,0.0000,0.0000,0.0000
20.417,556.1765,-6.2773,259.8817,0.2510,3.8000,-0.4500,2.2341,179.3316,4.7019,0.0000,0.0000,0.0000
20.529,556.0030,-6.1586,259.0926,0.2510,3.8000,-0.4500,2.2582,179.3336,4.7782,0.0000,0.0000,0.0000
20.653,555.8320,-6.0344,258.3015,0.2510,3.8000,-0.4500,2.3365,179.3403,5.0087,0.0000,0.0000,0.0000
20.778,555.6317,-5.8915,257.3784,0.2510,3.8000,-0.4500,2.3365,179.3403,5.0087,0.0000,0.0000,0.0000
20.879,555.4905,-5.7850,256.7184,0.2510,3.8000,-0.4500,2.3997,179.3459,5.1597,0.0000,0.0000,0.0000
20.987,555.3495,-5.6774,256.0583,0.2510,3.8000,-0.4500,2.4701,179.3524,5.3023,0.0000,0.0000,0.0000
21.098,555.1797,-5.5511,255.2671,0.2510,3.8000,-0.4500,2.4701,179.3524,5.3023,0.0000,0.0000,0.0000
21.209,555.0386,-5.4451,254.6079,0.2510,3.8000,-0.4500,2.4701,179.3524,5.3023,0.0000,0.0000,0.0000
21.334,554.8696,-5.3165,253.8164,0.2510,3.8000,-0.4500,2.5164,179.3567,5.3658,0.0000,0.0000,0.0000
21.445,554.7002,-5.1893,253.0252,0.2510,3.8000,-0.4500,2.5164,179.3567,5.3658,0.0000,0.0000,0.0000
21.546,554.5590,-5.0839,252.3656,0.2510,3.8000,-0.4500,2.5164,179.3567,5.3657,0.0000,0.0000,0.0000
21.667,554.3909,-4.9549,251.5723,0.2510,3.8000,-0.4500,2.7119,179.3754,5.5053,0.0000,0.0000,0.0000
21.792,554.2210,-4.8310,250.7800,0.2510,3.8000,-0.4500,2.7119,179.3753,5.5053,0.0000,0.0000,0.0000
21.918,554.0222,-4.6894,249.8554,0.2510,3.8000,-0.4500,2.7119,179.3754,5.5053,0.0000,0.0000,0.0000
22.032,553.8797,-4.5890,249.1932,0.2510,3.8000,-0.4500,2.8771,179.3913,5.4965,0.0000,0.0000,0.0000
22.150,553.7078,-4.4725,248.3976,0.2510,3.8000,-0.4500,2.9579,179.3991,5.4885,0.0000,0.0000,0.0000
22.252,553.5631,-4.3780,247.7326,0.2510,3.8000,-0.4500,3.1873,179.4210,5.3938,0.0000,0.0000,0.0000
22.362,553.3891,-4.2686,246.9352,0.2510,3.8000,-0.4500,3.2596,179.4278,5.3589,0.0000,0.0000,0.0000
22.475,553.2421,-4.1817,246.2695,0.2510,3.8000,-0.4500,3.4623,179.4465,5.1898,0.0000,0.0000,0.0000
22.599,553.0348,-4.0652,245.3380,0.2510,3.8000,-0.4500,3.6424,179.4627,5.0097,0.0000,0.0000,0.0000
22.711,552.8837,-3.9883,244.6718,0.2510,3.8000,-0.4500,3.8983,179.4844,4.6786,0.0000,0.0000,0.0000
22.820,552.7027,-3.8983,243.8734,0.2510,3.8000,-0.4500,3.9850,179.4914,4.5360,0.0000,0.0000,0.0000
22.931,552.5492,-3.8295,243.2075,0.2510,3.8000,-0.4500,4.1492,179.5041,4.2459,0.0000,0.0000,0.0000
23.042,552.3636,-3.7516,242.4086,0.2510,3.8000,-0.4500,4.2953,179.5145,3.9464,0.0000,0.0000,0.0000
23.154,552.2076,-3.6912,241.7430,0.2510,3.8000,-0.4500,4.3958,179.5213,3.7250,0.0000,0.0000,0.0000
23.279,551.9871,-3.6132,240.8111,0.2510,3.8000,-0.4500,4.5231,179.5293,3.4252,0.0000,0.0000,0.0000
23.403,551.7928,-3.5533,240.0521,0.2510,3.8000,-0.4500,4.6797,179.5381,3.0314,0.0000,0.0000,0.0000
23.515,551.6207,-3.4966,239.5732,0.2510,3.8000,-0.4500,4.8043,179.5444,2.7226,0.0000,0.0000,0.0000
23.628,551.4017,-3.4076,239.2817,0.2510,3.8000,-0.4500,4.9416,179.5506,2.4246,0.0000,0.0000,0.0000
23.737,551.2167,-3.3162,239.2447,0.2510,3.8000,-0.4500,5.1594,179.5591,2.0652,0.0000,0.0000,0.0000
23.848,550.9974,-3.1842,239.3835,0.2510,3.8000,-0.4500,5.3648,179.5661,1.8052,0.0000,0.0000,0.0000
23.974,550.7794,-3.0350,239.6548,0.2510,3.8000,-0.4500,5.7269,179.5764,1.4384,0.0000,0.0000,0.0000
24.084,550.5635,-2.8711,240.0103,0.2510,3.8000,-0.4500,6.0384,179.5835,1.1709,0.0000,0.0000,0.0000
24.195,550.3841,-2.7264,240.3459,0.2510,3.8000,-0.4500,6.2934,179.5882,0.9706,0.0000,0.0000,0.0000
24.295,550.2054,-2.5756,240.7048,0.2510,3.8000,-0.4500,6.4288,179.5904,0.8692,0.0000,0.0000,0.0000
24.403,549.9905,-2.3904,241.1531,0.2510,3.8000,-0.4500,6.6330,179.5933,0.7175,0.0000,0.0000,0.0000
24.529,549.7744,-2.2020,241.6117,0.2510,3.8000,-0.4500,6.9734,179.5968,0.4701,0.0000,0.0000,0.0000
24.653,549.5590,-2.0093,242.0784,0.2510,3.8000,-0.4500,6.9734,179.5968,0.4701,0.0000,0.0000,0.0000
24.765,549.3428,-1.8146,242.5489,0.2510,3.8000,-0.4500,7.1129,179.5978,0.3748,0.0000,0.0000,0.0000
24.889,549.1270,-1.6176,243.0256,0.2510,3.8000,-0.4500,7.1841,179.5983,0.3309,0.0000,0.0000,0.0000
25.004,548.9111,-1.4191,243.5072,0.2510,3.8000,-0.4500,7.2550,179.5987,0.2874,0.0000,0.0000,0.0000
25.122,548.6951,-1.2207,243.9929,0.2510,3.8000,-0.4500,7.3219,179.5990,0.2419,0.0000,0.0000,0.0000
25.224,548.5150,-1.0558,244.4001,0.2510,3.8000,-0.4500,7.3219,179.5990,0.2418,0.0000,0.0000,0.0000
25.333,548.3340,-0.8943,244.8080,0.2510,3.8000,-0.4500,7.4457,179.5994,0.1326,0.0000,0.0000,0.0000
25.433,548.1522,-0.7359,245.2173,0.2510,3.8000,-0.4500,7.5453,179.5995,-0.0045,0.0000,0.0000,0.0000
25.542,547.9330,-0.5505,245.7097,0.2510,3.8000,-0.4500,7.6281,179.5994,359.8490,0.0000,0.0000,0.0000
25.667,547.7111,-0.3739,246.2032,0.2510,3.8000,-0.4500,7.7535,179.5987,359.5360,0.0000,0.0000,0.0000
25.792,547.4874,-0.2045,246.6983,0.2510,3.8000,-0.4500,7.8226,179.5980,359.1992,0.0000,0.0000,0.0000
25.917,547.2608,-0.0440,247.1949,0.2510,3.8000,-0.4500,7.8735,179.5971,358.7939,0.0000,0.0000,0.0000
26.030,547.0336,0.1112,247.6927,0.2510,3.8000,-0.4500,7.8852,179.5968,358.5468,0.0000,0.0000,0.0000
26.139,546.8037,0.2561,248.1925,0.2510,3.8000,-0.4500,7.8896,179.5967,358.2014,0.0000,0.0000,0.0000
26.264,546.5708,0.3891,248.6946,0.2510,3.8000,-0.4500,7.8757,179.5972,357.6783,0.0000,0.0000,0.0000
26.389,546.3375,0.5175,249.1981,0.2510,3.8000,-0.4500,7.8628,179.5978,357.4238,0.0000,0.0000,0.0000
26.514,546.1009,0.6314,249.7047,0.2510,3.8000,-0.4500,7.8227,179.5998,356.8826,0.0000,0.0000,0.0000
26.640,545.8234,0.7559,250.2983,0.2510,3.8000,-0.4500,7.7827,179.6021,356.4623,0.0000,0.0000,0.0000
26.752,545.6236,0.8347,250.7249,0.2510,3.8000,-0.4500,7.7345,179.6054,356.0420,0.0000,0.0000,0.0000
26.862,545.3833,0.9235,251.2386,0.2510,3.8000,-0.4500,7.6894,179.6086,355.7066,0.0000,0.0000,0.0000
26.962,545.1823,0.9911,251.6688,0.2510,3.8000,-0.4500,7.6532,179.6115,355.4592,0.0000,0.0000,0.0000
27.072,544.9800,1.0504,252.1012,0.2510,3.8000,-0.4500,7.5976,179.6161,355.1162,0.0000,0.0000,0.0000
27.181,544.7375,1.1167,252.6222,0.2510,3.8000,-0.4500,7.5552,179.6199,354.8690,0.0000,0.0000,0.0000
27.306,544.4933,1.1730,253.1462,0.2510,3.8000,-0.4500,7.4931,179.6257,354.5406,0.0000,0.0000,0.0000
27.431,544.2483,1.2198,253.6733,0.2510,3.8000,-0.4500,7.4103,179.6340,354.1375,0.0000,0.0000,0.0000
27.556,544.0037,1.2639,254.2018,0.2510,3.8000,-0.4500,7.3729,179.6379,353.9695,0.0000,0.0000,0.0000
27.669,543.7585,1.2996,254.7324,0.2510,3.8000,-0.4500,7.3163,179.6440,353.7217,0.0000,0.0000,0.0000
27.778,543.5127,1.3292,255.2643,0.2510,3.8000,-0.4500,7.2598,179.6504,353.4827,0.0000,0.0000,0.0000
27.878,543.3079,1.3504,255.7086,0.2510,3.8000,-0.4500,7.2201,179.6550,353.3212,0.0000,0.0000,0.0000
27.988,543.1028,1.3683,256.1539,0.2510,3.8000,-0.4500,7.1814,179.6597,353.1644,0.0000,0.0000,0.0000
28.097,542.8983,1.3864,256.5995,0.2510,3.8000,-0.4500,7.1814,179.6597,353.1644,0.0000,0.0000,0.0000
28.209,542.6517,1.3998,257.1364,0.2510,3.8000,-0.4500,7.1217,179.6670,352.9210,0.0000,0.0000,0.0000
28.334,542.4058,1.4135,257.6738,0.2510,3.8000,-0.4500,7.1034,179.6693,352.8410,0.0000,0.0000,0.0000
28.446,542.1594,1.4248,258.2121,0.2510,3.8000,-0.4500,7.0852,179.6716,352.7608,0.0000,0.0000,0.0000
28.556,541.9539,1.4327,258.6615,0.2510,3.8000,-0.4500,7.0696,179.6736,352.6821,0.0000,0.0000,0.0000
28.681,541.6661,1.4429,259.2912,0.2510,3.8000,-0.4500,7.0568,179.6753,352.6013,0.0000,0.0000,0.0000
28.806,541.4191,1.4506,259.8315,0.2510,3.8000,-0.4500,7.0480,179.6764,352.5208,0.0000,0.0000,0.0000
28.931,541.1720,1.4596,260.3719,0.2510,3.8000,-0.4500,7.0480,179.6764,352.5208,0.0000,0.0000,0.0000
29.042,540.9244,1.4672,260.9126,0.2510,3.8000,-0.4500,7.0465,179.6766,352.4396,0.0000,0.0000,0.0000
29.167,540.6769,1.4754,261.4536,0.2510,3.8000,-0.4500,7.0522,179.6759,352.3595,0.0000,0.0000,0.0000
29.278,540.4294,1.4857,261.9944,0.2510,3.8000,-0.4500,7.0522,179.6759,352.3595,0.0000,0.0000,0.0000
29.403,540.1812,1.4954,262.5352,0.2510,3.8000,-0.4500,7.0671,179.6739,352.2795,0.0000,0.0000,0.0000
29.528,539.9326,1.5059,263.0760,0.2510,3.8000,-0.4500,7.0893,179.6708,352.2003,0.0000,0.0000,0.0000
29.653,539.6838,1.5173,263.6165,0.2510,3.8000,-0.4500,7.1162,179.6671,352.1227,0.0000,0.0000,0.0000
29.766,539.4340,1.5284,264.1570,0.2510,3.8000,-0.4500,7.1808,179.6580,351.9732,0.0000,0.0000,0.0000
29.875,539.2258,1.5389,264.6075,0.2510,3.8000,-0.4500,7.2181,179.6526,351.9001,0.0000,0.0000,0.0000
29.987,538.9756,1.5511,265.1479,0.2510,3.8000,-0.4500,7.2974,179.6412,351.7579,0.0000,0.0000,0.0000
30.097,538.7668,1.5621,265.5984,0.2510,3.8000,-0.4500,7.3384,179.6351,351.6883,0.0000,0.0000,0.0000
30.223,538.4738,1.5758,266.2291,0.2510,3.8000,-0.4500,7.4674,179.6159,351.4827,0.0000,0.0000,0.0000
30.347,538.2227,1.5886,266.7702,0.2510,3.8000,-0.4500,7.5109,179.6093,351.4144,0.0000,0.0000,0.0000
30.473,537.9702,1.5974,267.3112,0.2510,3.8000,-0.4500,7.6897,179.5816,351.1285,0.0000,0.0000,0.0000
30.597,537.7189,1.6090,267.8534,0.2510,3.8000,-0.4500,7.6897,179.5816,351.1285,0.0000,0.0000,0.0000
30.722,537.4211,1.6115,268.4172,0.2510,3.8000,-0.4500,7.8116,179.5621,350.9119,0.0000,0.0000,0.0000
30.848,537.1641,1.5725,268.5859,0.2510,3.8000,-0.4500,7.9231,179.5439,350.6963,0.0000,0.0000,0.0000
30.974,536.9156,1.4881,268.4602,0.2510,3.8000,-0.4500,7.9914,179.5325,350.5404,0.0000,0.0000,0.0000
31.086,536.6769,1.3662,268.1255,0.2510,3.8000,-0.4500,8.0842,179.5167,350.3081,0.0000,0.0000,0.0000
31.195,536.4848,1.2459,267.7408,0.2510,3.8000,-0.4500,8.1113,179.5120,350.2309,0.0000,0.0000,0.0000
31.320,536.2222,1.0538,267.1015,0.2510,3.8000,-0.4500,8.1873,179.4986,349.9946,0.0000,0.0000,0.0000
31.445,536.0013,0.8765,266.4971,0.2510,3.8000,-0.4500,8.2282,179.4913,349.8343,0.0000,0.0000,0.0000
31.570,535.7833,0.6931,265.8613,0.2510,3.8000,-0.4500,8.2476,179.4877,349.7553,0.0000,0.0000,0.0000
31.681,535.5684,0.5025,265.1809,0.2510,3.8000,-0.4500,8.2618,179.4852,349.6774,0.0000,0.0000,0.0000
31.806,535.3568,0.3048,264.4568,0.2510,3.8000,-0.4500,8.2730,179.4831,349.5997,0.0000,0.0000,0.0000
31.917,535.1823,0.1378,263.8335,0.2510,3.8000,-0.4500,8.2730,179.4831,349.5997,0.0000,0.0000,0.0000
32.042,534.9387,-0.0986,262.9465,0.2510,3.8000,-0.4500,8.2730,179.4831,349.5997,0.0000,0.0000,0.0000
32.153,534.7650,-0.2680,262.3086,0.2510,3.8000,-0.4500,8.2730,179.4831,349.5997,0.0000,0.0000,0.0000
32.278,534.5218,-0.5047,261.4139,0.2510,3.8000,-0.4500,8.2730,179.4831,349.5997,0.0000,0.0000,0.0000
32.403,534.3133,-0.7060,260.6468,0.2510,3.8000,-0.4500,8.2730,179.4831,349.5997,0.0000,0.0000,0.0000
32.528,534.1046,-0.9054,259.8799,0.2510,3.8000,-0.4500,8.2730,179.4831,349.5997,0.0000,0.0000,0.0000
32.653,533.8959,-1.1021,259.1128,0.2510,3.8000,-0.4500,8.2730,179.4831,349.5997,0.0000,0.0000,0.0000
32.778,533.6521,-1.3277,258.2173,0.2510,3.8000,-0.4500,8.2730,179.4831,349.5997,0.0000,0.0000,0.0000
32.891,533.4778,-1.4858,257.5775,0.2510,3.8000,-0.4500,8.2730,179.4831,349.5997,0.0000,0.0000,0.0000
33.001,533.2687,-1.6716,256.8092,0.2510,3.8000,-0.4500,8.2730,179.4830,349.5997,0.0000,0.0000,0.0000
33.112,533.0949,-1.8231,256.1707,0.2510,3.8000,-0.4500,7.9646,179.5399,349.7241,0.0000,0.0000,0.0000
33.212,532.9203,-1.9711,255.5296,0.2510,3.8000,-0.4500,7.8963,179.5524,349.7722,0.0000,0.0000,0.0000
33.320,532.7111,-2.1425,254.7604,0.2510,3.8000,-0.4500,7.6345,179.5996,349.9849,0.0000,0.0000,0.0000
33.445,532.5014,-2.3075,253.9899,0.2510,3.8000,-0.4500,7.4081,179.6394,350.2523,0.0000,0.0000,0.0000
33.570,532.2908,-2.4674,253.2177,0.2510,3.8000,-0.4500,7.2565,179.6654,350.4579,0.0000,0.0000,0.0000
33.696,532.0805,-2.6184,252.4449,0.2510,3.8000,-0.4500,6.9833,179.7106,350.8913,0.0000,0.0000,0.0000
33.809,531.8687,-2.7663,251.6706,0.2510,3.8000,-0.4500,6.8590,179.7305,351.1130,0.0000,0.0000,0.0000
33.919,531.6567,-2.9072,250.8954,0.2510,3.8000,-0.4500,6.6993,179.7552,351.4066,0.0000,0.0000,0.0000
34.029,531.4799,-3.0203,250.2489,0.2510,3.8000,-0.4500,6.5745,179.7739,351.6429,0.0000,0.0000,0.0000
34.153,531.2673,-3.1507,249.4724,0.2510,3.8000,-0.4500,6.4131,179.7973,351.9482,0.0000,0.0000,0.0000
34.278,531.0190,-3.2963,248.5659,0.2510,3.8000,-0.4500,6.2146,179.8249,352.3147,0.0000,0.0000,0.0000
34.403,530.8055,-3.4173,247.7882,0.2510,3.8000,-0.4500,6.0863,179.8421,352.5376,0.0000,0.0000,0.0000
34.529,530.5919,-3.5347,247.0102,0.2510,3.8000,-0.4500,5.9578,179.8587,352.7515,0.0000,0.0000,0.0000
34.653,530.3781,-3.6492,246.2322,0.2510,3.8000,-0.4500,5.8208,179.8760,352.9539,0.0000,0.0000,0.0000
34.779,530.1285,-3.7819,245.3232,0.2510,3.8000,-0.4500,5.7178,179.8887,353.0835,0.0000,0.0000,0.0000
34.892,529.9506,-3.8765,244.6724,0.2510,3.8000,-0.4500,5.6621,179.8954,353.1426,0.0000,0.0000,0.0000
35.000,529.7368,-3.9902,243.8899,0.2510,3.8000,-0.4500,5.6049,179.9023,353.1992,0.0000,0.0000,0.0000
35.112,529.5591,-4.0848,243.2375,0.2510,3.8000,-0.4500,5.4775,179.9175,353.2960,0.0000,0.0000,0.0000
35.238,529.3103,-4.2185,242.3236,0.2510,3.8000,-0.4500,5.3335,179.9344,353.3744,0.0000,0.0000,0.0000
35.350,529.1325,-4.3139,241.6705,0.2510,3.8000,-0.4500,5.2590,179.9431,353.4109,0.0000,0.0000,0.0000
35.459,528.9190,-4.4279,240.8870,0.2510,3.8000,-0.4500,5.1119,179.9600,353.4818,0.0000,0.0000,0.0000
35.570,528.7414,-4.5219,240.2343,0.2510,3.8000,-0.4500,4.9656,179.9767,353.5538,0.0000,0.0000,0.0000
35.695,528.5262,-4.6320,239.4805,0.2510,3.8000,-0.4500,4.8192,179.9932,353.6318,0.0000,0.0000,0.0000
35.821,528.2585,-4.7441,238.8694,0.2510,3.8000,-0.4500,4.6784,180.0089,353.7198,0.0000,0.0000,0.0000
35.934,528.0569,-4.8052,238.7102,0.2510,3.8000,-0.4500,4.6784,180.0089,353.7198,0.0000,0.0000,0.0000
36.043,527.8132,-4.8572,238.7628,0.2510,3.8000,-0.4500,4.6784,180.0089,353.7198,0.0000,0.0000,0.0000
36.167,527.5707,-4.8885,239.0045,0.2510,3.8000,-0.4500,4.6784,180.0089,353.7198,0.0000,0.0000,0.0000
36.292,527.3295,-4.9020,239.3686,0.2510,3.8000,-0.4500,4.6784,180.0089,353.7198,0.0000,0.0000,0.0000
36.404,527.0893,-4.9001,239.8087,0.2510,3.8000,-0.4500,4.6784,180.0089,353.7198,0.0000,0.0000,0.0000
36.514,526.8908,-4.8833,240.2101,0.2510,3.8000,-0.4500,4.7680,179.9992,353.9637,0.0000,0.0000,0.0000
36.640,526.6125,-4.8484,240.8029,0.2510,3.8000,-0.4500,4.8875,179.9868,354.1779,0.0000,0.0000,0.0000
36.751,526.4139,-4.8138,241.2381,0.2510,3.8000,-0.4500,5.0409,179.9714,354.3660,0.0000,0.0000,0.0000
36.876,526.1755,-4.7649,241.7672,0.2510,3.8000,-0.4500,5.2221,179.9537,354.5447,0.0000,0.0000,0.0000
37.000,525.8973,-4.7001,242.3896,0.2510,3.8000,-0.4500,5.3402,179.9425,354.6588,0.0000,0.0000,0.0000
37.112,525.6992,-4.6444,242.8337,0.2510,3.8000,-0.4500,5.5720,179.9212,354.8931,0.0000,0.0000,0.0000
37.237,525.4606,-4.5796,243.3689,0.2510,3.8000,-0.4500,5.5720,179.9212,354.8931,0.0000,0.0000,0.0000
37.348,525.2232,-4.5060,243.9023,0.2510,3.8000,-0.4500,5.7170,179.9084,355.0863,0.0000,0.0000,0.0000
37.473,524.9854,-4.4341,244.4365,0.2510,3.8000,-0.4500,5.7170,179.9084,355.0863,0.0000,0.0000,0.0000
37.573,524.7885,-4.3701,244.8808,0.2510,3.8000,-0.4500,5.7811,179.9030,355.2365,0.0000,0.0000,0.0000
37.681,524.5516,-4.2973,245.4145,0.2510,3.8000,-0.4500,5.7811,179.9030,355.2365,0.0000,0.0000,0.0000
37.793,524.3558,-4.2351,245.8593,0.2510,3.8000,-0.4500,5.7842,179.9027,355.4031,0.0000,0.0000,0.0000
37.917,524.1207,-4.1656,246.3937,0.2510,3.8000,-0.4500,5.7812,179.9030,355.4844,0.0000,0.0000,0.0000
38.042,523.8483,-4.0880,247.0187,0.2510,3.8000,-0.4500,5.6652,179.9120,355.7107,0.0000,0.0000,0.0000
38.153,523.6537,-4.0377,247.4654,0.2510,3.8000,-0.4500,5.6652,179.9120,355.7107,0.0000,0.0000,0.0000
38.278,523.3826,-3.9686,248.0924,0.2510,3.8000,-0.4500,5.4979,179.9243,355.8974,0.0000,0.0000,0.0000
38.403,523.1498,-3.9148,248.6297,0.2510,3.8000,-0.4500,5.4979,179.9243,355.8974,0.0000,0.0000,0.0000
38.514,522.9559,-3.8730,249.0780,0.2510,3.8000,-0.4500,5.4979,179.9243,355.8974,0.0000,0.0000,0.0000
38.626,522.7243,-3.8273,249.6178,0.2510,3.8000,-0.4500,5.3481,179.9350,355.9736,0.0000,0.0000,0.0000
38.750,522.4927,-3.7888,250.1589,0.2510,3.8000,-0.4500,5.1862,179.9464,356.0147,0.0000,0.0000,0.0000
38.876,522.2613,-3.7589,250.7017,0.2510,3.8000,-0.4500,5.0261,179.9576,356.0438,0.0000,0.0000,0.0000
38.987,522.0297,-3.7428,251.2484,0.2510,3.8000,-0.4500,4.6092,179.9867,355.9866,0.0000,0.0000,0.0000
39.098,521.7984,-3.7392,251.7968,0.2510,3.8000,-0.4500,4.2982,180.0088,355.8860,0.0000,0.0000,0.0000
39.209,521.6054,-3.7499,252.2569,0.2510,3.8000,-0.4500,3.9189,180.0367,355.7085,0.0000,0.0000,0.0000
39.334,521.3740,-3.7782,252.8117,0.2510,3.8000,-0.4500,3.4856,180.0702,355.4584,0.0000,0.0000,0.0000
39.459,521.1049,-3.8350,253.4634,0.2510,3.8000,-0.4500,2.9813,180.1118,355.1298,0.0000,0.0000,0.0000
39.584,520.8752,-3.9058,254.0262,0.2510,3.8000,-0.4500,2.5258,180.1519,354.8198,0.0000,0.0000,0.0000
39.709,520.6466,-3.9985,254.5927,0.2510,3.8000,-0.4500,2.0419,180.1972,354.4874,0.0000,0.0000,0.0000
39.823,520.4194,-4.1135,255.1625,0.2510,3.8000,-0.4500,1.5318,180.2480,354.1378,0.0000,0.0000,0.0000
39.931,520.2315,-4.2270,255.6396,0.2510,3.8000,-0.4500,1.0918,180.2944,353.8382,0.0000,0.0000,0.0000
40.056,520.0080,-4.3836,256.2148,0.2510,3.8000,-0.4500,0.5534,180.3543,353.4747,0.0000,0.0000,0.0000
40.181,519.7502,-4.5936,256.8890,0.2510,3.8000,-0.4500,359.9244,180.4285,353.0553,0.0000,0.0000,0.0000
40.306,519.5320,-4.7955,257.4696,0.2510,3.8000,-0.4500,359.3970,180.4944,352.7091,0.0000,0.0000,0.0000
40.431,519.3164,-5.0162,258.0525,0.2510,3.8000,-0.4500,358.8924,180.5604,352.3841,0.0000,0.0000,0.0000
40.556,519.1038,-5.2531,258.6373,0.2510,3.8000,-0.4500,358.4211,180.6247,352.0885,0.0000,0.0000,0.0000
40.681,518.8586,-5.5422,259.3205,0.2510,3.8000,-0.4500,358.1309,180.6655,351.9117,0.0000,0.0000,0.0000
40.806,518.6505,-5.8046,259.9089,0.2510,3.8000,-0.4500,357.7589,180.7191,351.6994,0.0000,0.0000,0.0000
40.931,518.4436,-6.0725,260.4981,0.2510,3.8000,-0.4500,357.5379,180.7516,351.5865,0.0000,0.0000,0.0000
41.056,518.2379,-6.3412,261.0871,0.2510,3.8000,-0.4500,357.5379,180.7516,351.5865,0.0000,0.0000,0.0000
41.167,518.0323,-6.6106,261.6776,0.2510,3.8000,-0.4500,357.5379,180.7516,351.5865,0.0000,0.0000,0.0000
41.292,517.8262,-6.8773,262.2690,0.2510,3.8000,-0.4500,357.5379,180.7516,351.5865,0.0000,0.0000,0.0000
41.417,517.6196,-7.1366,262.8610,0.2510,3.8000,-0.4500,357.5379,180.7516,351.5865,0.0000,0.0000,0.0000
41.542,517.3771,-7.4251,263.5522,0.2510,3.8000,-0.4500,357.5379,180.7516,351.5865,0.0000,0.0000,0.0000
41.667,517.1675,-7.6551,264.1446,0.2510,3.8000,-0.4500,357.5379,180.7516,351.5865,0.0000,0.0000,0.0000
41.792,516.9565,-7.8548,264.7220,0.2510,3.8000,-0.4500,357.6238,180.7395,352.1295,0.0000,0.0000,0.0000
41.917,516.7399,-8.0287,265.2652,0.2510,3.8000,-0.4500,357.9004,180.7028,352.6917,0.0000,0.0000,0.0000
42.029,516.5178,-8.1752,265.7740,0.2510,3.8000,-0.4500,358.3095,180.6524,353.2605,0.0000,0.0000,0.0000
42.140,516.2913,-8.2913,266.2545,0.2510,3.8000,-0.4500,358.8088,180.5961,353.8620,0.0000,0.0000,0.0000
42.249,516.0999,-8.3639,266.6375,0.2510,3.8000,-0.4500,359.2767,180.5480,354.3975,0.0000,0.0000,0.0000
42.374,515.8680,-8.4203,267.0803,0.2510,3.8000,-0.4500,359.8883,180.4917,355.0823,0.0000,0.0000,0.0000
42.485,515.6346,-8.4426,267.5074,0.2510,3.8000,-0.4500,0.5450,180.4393,355.8086,0.0000,0.0000,0.0000
42.610,515.3994,-8.4304,267.8958,0.2510,3.8000,-0.4500,1.2375,180.3932,356.5688,0.0000,0.0000,0.0000
42.735,515.1617,-8.3945,268.0146,0.2510,3.8000,-0.4500,1.9430,180.3557,357.3510,0.0000,0.0000,0.0000
42.835,514.9715,-8.3576,267.8539,0.2510,3.8000,-0.4500,2.4974,180.3332,358.0021,0.0000,0.0000,0.0000
42.943,514.7531,-8.3102,267.4295,0.2510,3.8000,-0.4500,3.0777,180.3167,358.7583,0.0000,0.0000,0.0000
43.044,514.5778,-8.2686,266.9487,0.2510,3.8000,-0.4500,3.4827,180.3100,359.3575,0.0000,0.0000,0.0000
43.152,514.4067,-8.2244,266.3957,0.2510,3.8000,-0.4500,3.8247,180.3078,359.9257,0.0000,0.0000,0.0000
43.276,514.2060,-8.1659,265.6742,0.2510,3.8000,-0.4500,4.1721,180.3093,0.5686,0.0000,0.0000,0.0000
43.402,513.9771,-8.0887,264.7868,0.2510,3.8000,-0.4500,4.5184,180.3148,1.2696,0.0000,0.0000,0.0000
43.527,513.7845,-8.0132,264.0047,0.2510,3.8000,-0.4500,4.7841,180.3221,1.8324,0.0000,0.0000,0.0000
43.637,513.6265,-7.9440,263.3440,0.2510,3.8000,-0.4500,4.9921,180.3295,2.2758,0.0000,0.0000,0.0000
43.751,513.4395,-7.8527,262.5443,0.2510,3.8000,-0.4500,5.2309,180.3401,2.7778,0.0000,0.0000,0.0000
43.860,513.2555,-7.7534,261.7396,0.2510,3.8000,-0.4500,5.4621,180.3523,3.2471,0.0000,0.0000,0.0000
43.971,513.1037,-7.6661,261.0667,0.2510,3.8000,-0.4500,5.6129,180.3613,3.5414,0.0000,0.0000,0.0000
44.083,512.9241,-7.5543,260.2562,0.2510,3.8000,-0.4500,5.8128,180.3744,3.9093,0.0000,0.0000,0.0000
44.194,512.7759,-7.4574,259.5794,0.2510,3.8000,-0.4500,5.9379,180.3833,4.1301,0.0000,0.0000,0.0000
44.319,512.5721,-7.3122,258.6284,0.2510,3.8000,-0.4500,6.2019,180.4035,4.5616,0.0000,0.0000,0.0000
44.444,512.3984,-7.1849,257.8120,0.2510,3.8000,-0.4500,6.3446,180.4152,4.7712,0.0000,0.0000,0.0000
44.568,512.2273,-7.0520,256.9933,0.2510,3.8000,-0.4500,6.5441,180.4324,5.0452,0.0000,0.0000,0.0000
44.668,512.0857,-6.9384,256.3105,0.2510,3.8000,-0.4500,6.7042,180.4469,5.2400,0.0000,0.0000,0.0000
44.777,511.9441,-6.8252,255.6307,0.2510,3.8000,-0.4500,6.7575,180.4519,5.3026,0.0000,0.0000,0.0000
44.902,511.7483,-6.6594,254.6837,0.2510,3.8000,-0.4500,6.9983,180.4749,5.5395,0.0000,0.0000,0.0000
45.027,511.5805,-6.5159,253.8784,0.2510,3.8000,-0.4500,7.1297,180.4878,5.6455,0.0000,0.0000,0.0000
45.153,511.4135,-6.3693,253.0765,0.2510,3.8000,-0.4500,7.3301,180.5081,5.7846,0.0000,0.0000,0.0000
45.263,511.2465,-6.2213,252.2776,0.2510,3.8000,-0.4500,7.4778,180.5233,5.8652,0.0000,0.0000,0.0000
45.388,511.0801,-6.0717,251.4796,0.2510,3.8000,-0.4500,7.6242,180.5385,5.9424,0.0000,0.0000,0.0000
45.513,510.9153,-5.9170,250.6805,0.2510,3.8000,-0.4500,7.9150,180.5694,6.0911,0.0000,0.0000,0.0000
45.639,510.7232,-5.7359,249.7486,0.2510,3.8000,-0.4500,8.0642,180.5856,6.1785,0.0000,0.0000,0.0000
45.763,510.5591,-5.5732,248.9757,0.2510,3.8000,-0.4500,8.2784,180.6093,6.3117,0.0000,0.0000,0.0000
45.864,510.4168,-5.4166,248.4697,0.2510,3.8000,-0.4500,8.4862,180.6329,6.4652,0.0000,0.0000,0.0000
45.972,510.2731,-5.2207,248.1907,0.2510,3.8000,-0.4500,8.7500,180.6636,6.6703,0.0000,0.0000,0.0000
46.096,510.1068,-4.9337,248.1191,0.2510,3.8000,-0.4500,9.0277,180.6970,6.8924,0.0000,0.0000,0.0000
46.208,509.9528,-4.5951,248.2479,0.2510,3.8000,-0.4500,9.4427,180.7490,7.2186,0.0000,0.0000,0.0000
46.319,509.8087,-4.2207,248.5068,0.2510,3.8000,-0.4500,9.7705,180.7919,7.4699,0.0000,0.0000,0.0000
46.443,509.6725,-3.8197,248.8463,0.2510,3.8000,-0.4500,9.9674,180.8184,7.6200,0.0000,0.0000,0.0000
46.569,509.5440,-3.3963,249.2319,0.2510,3.8000,-0.4500,10.3027,180.8647,7.8798,0.0000,0.0000,0.0000
46.694,509.4188,-2.9634,249.6513,0.2510,3.8000,-0.4500,10.3664,180.8737,7.9318,0.0000,0.0000,0.0000
46.819,509.2783,-2.4457,250.1652,0.2510,3.8000,-0.4500,10.5535,180.9005,8.0943,0.0000,0.0000,0.0000
46.943,509.1592,-2.0007,250.6210,0.2510,3.8000,-0.4500,10.5535,180.9005,8.0943,0.0000,0.0000,0.0000
47.055,509.0607,-1.6298,251.0076,0.2510,3.8000,-0.4500,10.5535,180.9005,8.0943,0.0000,0.0000,0.0000
47.155,508.9622,-1.2616,251.3989,0.2510,3.8000,-0.4500,10.5535,180.9005,8.0943,0.0000,0.0000,0.0000
47.264,508.8433,-0.8245,251.8730,0.2510,3.8000,-0.4500,10.5535,180.9005,8.0943,0.0000,0.0000,0.0000
47.374,508.7430,-0.4674,252.2717,0.2510,3.8000,-0.4500,10.5535,180.9005,8.0943,0.0000,0.0000,0.0000
47.499,508.6003,0.0199,252.8352,0.2510,3.8000,-0.4500,10.5535,180.9005,8.0943,0.0000,0.0000,0.0000
47.624,508.4747,0.4209,253.3243,0.2510,3.8000,-0.4500,10.4679,180.8881,8.0736,0.0000,0.0000,0.0000
47.749,508.3431,0.8005,253.8246,0.2510,3.8000,-0.4500,9.8964,180.8067,7.8724,0.0000,0.0000,0.0000
47.874,508.2055,1.1601,254.3330,0.2510,3.8000,-0.4500,9.3348,180.7293,7.5800,0.0000,0.0000,0.0000
47.999,508.0366,1.5527,254.9350,0.2510,3.8000,-0.4500,8.6963,180.6456,7.1550,0.0000,0.0000,0.0000
48.123,507.8838,1.8628,255.4585,0.2510,3.8000,-0.4500,8.1415,180.5773,6.7280,0.0000,0.0000,0.0000
48.237,507.7507,2.1019,255.8994,0.2510,3.8000,-0.4500,7.6702,180.5228,6.3309,0.0000,0.0000,0.0000
48.346,507.5838,2.3639,256.4339,0.2510,3.8000,-0.4500,7.0992,180.4616,5.8070,0.0000,0.0000,0.0000
48.471,507.4092,2.5989,256.9735,0.2510,3.8000,-0.4500,6.5337,180.4065,5.2340,0.0000,0.0000,0.0000
48.596,507.2271,2.8063,257.5175,0.2510,3.8000,-0.4500,5.9888,180.3592,4.6141,0.0000,0.0000,0.0000
48.710,507.0379,2.9873,258.0652,0.2510,3.8000,-0.4500,5.4823,180.3210,3.9506,0.0000,0.0000,0.0000
48.819,506.8417,3.1427,258.6159,0.2510,3.8000,-0.4500,5.0333,180.2925,3.2461,0.0000,0.0000,0.0000
48.943,506.6394,3.2742,259.1688,0.2510,3.8000,-0.4500,4.6554,180.2734,2.5037,0.0000,0.0000,0.0000
49.058,506.4313,3.3812,259.7234,0.2510,3.8000,-0.4500,4.3287,180.2612,1.7254,0.0000,0.0000,0.0000
49.170,506.2537,3.4506,260.1870,0.2510,3.8000,-0.4500,4.0695,180.2549,1.0507,0.0000,0.0000,0.0000
49.280,506.0361,3.5086,260.7457,0.2510,3.8000,-0.4500,3.7494,180.2514,0.2108,0.0000,0.0000,0.0000
49.392,505.8516,3.5344,261.2133,0.2510,3.8000,-0.4500,3.4625,180.2522,359.4874,0.0000,0.0000,0.0000
49.503,505.6221,3.5346,261.6904,0.2510,3.8000,-0.4500,3.0833,180.2586,358.5947,0.0000,0.0000,0.0000
49.614,505.4254,3.5018,261.8051,0.2510,3.8000,-0.4500,2.7366,180.2694,357.8466,0.0000,0.0000,0.0000
49.726,505.1954,3.4278,261.5902,0.2510,3.8000,-0.4500,2.2971,180.2893,356.9921,0.0000,0.0000,0.0000
49.833,505.0089,3.3461,261.2090,0.2510,3.8000,-0.4500,1.9261,180.3110,356.3449,0.0000,0.0000,0.0000
49.957,504.7891,3.2312,260.6139,0.2510,3.8000,-0.4500,1.4879,180.3417,355.6547,0.0000,0.0000,0.0000
50.082,504.5356,3.0805,259.8235,0.2510,3.8000,-0.4500,0.9912,180.3826,354.9494,0.0000,0.0000,0.0000
50.208,504.3197,2.9396,259.1085,0.2510,3.8000,-0.4500,0.5767,180.4212,354.4090,0.0000,0.0000,0.0000
50.334,504.1044,2.7892,258.3789,0.2510,3.8000,-0.4500,0.1697,180.4629,353.9117,0.0000,0.0000,0.0000
50.445,503.8900,2.6296,257.6432,0.2510,3.8000,-0.4500,359.7687,180.5073,353.4487,0.0000,0.0000,0.0000
50.554,503.7119,2.4899,257.0284,0.2510,3.8000,-0.4500,359.4383,180.5463,353.0857,0.0000,0.0000,0.0000
50.679,503.4636,2.2850,256.1665,0.2510,3.8000,-0.4500,358.9818,180.6036,352.6108,0.0000,0.0000,0.0000
50.804,503.2518,2.1009,255.4274,0.2510,3.8000,-0.4500,358.5966,180.6549,352.2347,0.0000,0.0000,0.0000
50.929,503.0411,1.9092,254.6882,0.2510,3.8000,-0.4500,358.2184,180.7077,351.8882,0.0000,0.0000,0.0000
51.040,502.8315,1.7124,253.9485,0.2510,3.8000,-0.4500,357.9088,180.7526,351.6228,0.0000,0.0000,0.0000
51.165,502.6227,1.5104,253.2089,0.2510,3.8000,-0.4500,357.6239,180.7951,351.4013,0.0000,0.0000,0.0000
51.278,502.4147,1.3011,252.4693,0.2510,3.8000,-0.4500,357.2677,180.8499,351.1402,0.0000,0.0000,0.0000
51.387,502.2420,1.1255,251.8524,0.2510,3.8000,-0.4500,357.0556,180.8833,351.0003,0.0000,0.0000,0.0000
51.511,502.0354,0.9087,251.1161,0.2510,3.8000,-0.4500,356.6953,180.9412,350.7857,0.0000,0.0000,0.0000
51.636,501.8290,0.6897,250.3914,0.2510,3.8000,-0.4500,356.3936,180.9906,350.6354,0.0000,0.0000,0.0000
51.737,501.6572,0.5070,249.7965,0.2510,3.8000,-0.4500,356.3193,181.0029,350.6008,0.0000,0.0000,0.0000
51.845,501.4508,0.2821,249.0940,0.2510,3.8000,-0.4500,355.9985,181.0565,350.4813,0.0000,0.0000,0.0000
51.970,501.2448,0.0553,248.3994,0.2510,3.8000,-0.4500,355.6735,181.1114,350.3943,0.0000,0.0000,0.0000
52.083,501.0388,-0.1707,247.7098,0.2510,3.8000,-0.4500,355.4255,181.1536,350.3601,0.0000,0.0000,0.0000
52.192,500.8672,-0.3588,247.1373,0.2510,3.8000,-0.4500,355.2653,181.1809,350.3452,0.0000,0.0000,0.0000
52.317,500.6614,-0.5830,246.4530,0.2510,3.8000,-0.4500,355.0203,181.2227,350.3655,0.0000,0.0000,0.0000
52.441,500.4210,-0.8410,245.6529,0.2510,3.8000,-0.4500,354.7841,181.2629,350.4107,0.0000,0.0000,0.0000
52.566,500.2080,-1.0706,245.1156,0.2510,3.8000,-0.4500,354.5558,181.3015,350.4992,0.0000,0.0000,0.0000
52.691,499.9931,-1.3311,244.9158,0.2510,3.8000,-0.4500,354.3383,181.3378,350.6084,0.0000,0.0000,0.0000
52.817,499.7846,-1.6233,245.0139,0.2510,3.8000,-0.4500,354.0745,181.3812,350.7974,0.0000,0.0000,0.0000
52.942,499.5491,-1.9929,245.3695,0.2510,3.8000,-0.4500,353.8985,181.4097,350.9670,0.0000,0.0000,0.0000
53.067,499.3517,-2.3212,245.7999,0.2510,3.8000,-0.4500,353.7416,181.4345,351.1562,0.0000,0.0000,0.0000
53.192,499.1572,-2.6490,246.2994,0.2510,3.8000,-0.4500,353.5702,181.4608,351.5451,0.0000,0.0000,0.0000
53.303,498.9619,-2.9705,246.8395,0.2510,3.8000,-0.4500,353.4791,181.4741,351.9551,0.0000,0.0000,0.0000
53.428,498.7655,-3.2780,247.4032,0.2510,3.8000,-0.4500,353.4966,181.4718,352.4810,0.0000,0.0000,0.0000
53.553,498.5664,-3.5676,247.9807,0.2510,3.8000,-0.4500,353.6132,181.4570,353.0433,0.0000,0.0000,0.0000
53.678,498.3303,-3.8767,248.6646,0.2510,3.8000,-0.4500,353.8588,181.4285,353.7481,0.0000,0.0000,0.0000
53.779,498.1592,-4.0758,249.1568,0.2510,3.8000,-0.4500,354.1007,181.4030,354.2913,0.0000,0.0000,0.0000
53.887,497.9861,-4.2544,249.6508,0.2510,3.8000,-0.4500,354.3946,181.3750,354.8677,0.0000,0.0000,0.0000
54.012,497.7764,-4.4404,250.2447,0.2510,3.8000,-0.4500,354.8123,181.3401,355.5989,0.0000,0.0000,0.0000
54.136,497.5647,-4.5932,250.8390,0.2510,3.8000,-0.4500,355.2957,181.3060,356.3642,0.0000,0.0000,0.0000
54.248,497.3519,-4.7119,251.4329,0.2510,3.8000,-0.4500,355.8387,181.2752,357.1521,0.0000,0.0000,0.0000
54.359,497.1390,-4.7953,252.0258,0.2510,3.8000,-0.4500,356.4339,181.2498,357.9500,0.0000,0.0000,0.0000
54.484,496.9266,-4.8436,252.6174,0.2510,3.8000,-0.4500,357.0726,181.2314,358.7448,0.0000,0.0000,0.0000
54.609,496.7156,-4.8569,253.2072,0.2510,3.8000,-0.4500,357.7460,181.2213,359.5238,0.0000,0.0000,0.0000
54.734,496.5069,-4.8362,253.7948,0.2510,3.8000,-0.4500,358.4441,181.2201,0.2746,0.0000,0.0000,0.0000
54.859,496.2672,-4.7711,254.4770,0.2510,3.8000,-0.4500,359.2773,181.2302,1.1003,0.0000,0.0000,0.0000
54.984,496.0655,-4.6821,255.0583,0.2510,3.8000,-0.4500,-0.0037,181.2481,1.7545,0.0000,0.0000,0.0000
55.109,495.8675,-4.5647,255.6361,0.2510,3.8000,-0.4500,0.7108,181.2738,2.3517,0.0000,0.0000,0.0000
55.234,495.6735,-4.4210,256.2105,0.2510,3.8000,-0.4500,1.4123,181.3060,2.8872,0.0000,0.0000,0.0000
55.345,495.4834,-4.2536,256.7816,0.2510,3.8000,-0.4500,2.0939,181.3432,3.3590,0.0000,0.0000,0.0000
55.470,495.2971,-4.0643,257.3498,0.2510,3.8000,-0.4500,2.7497,181.3841,3.7675,0.0000,0.0000,0.0000
55.595,495.1144,-3.8557,257.9150,0.2510,3.8000,-0.4500,3.3751,181.4273,4.1160,0.0000,0.0000,0.0000
55.709,494.9349,-3.6295,258.4769,0.2510,3.8000,-0.4500,3.9658,181.4715,4.4071,0.0000,0.0000,0.0000
55.818,494.7583,-3.3886,259.0354,0.2510,3.8000,-0.4500,4.5181,181.5153,4.6411,0.0000,0.0000,0.0000
55.928,494.6128,-3.1779,259.4984,0.2510,3.8000,-0.4500,4.9461,181.5508,4.7908,0.0000,0.0000,0.0000
56.028,494.4680,-2.9616,259.9604,0.2510,3.8000,-0.4500,5.1882,181.5713,4.8605,0.0000,0.0000,0.0000
56.136,494.3243,-2.7381,260.4199,0.2510,3.8000,-0.4500,5.5324,181.6009,4.9230,0.0000,0.0000,0.0000
56.262,494.1238,-2.4181,261.0601,0.2510,3.8000,-0.4500,5.8621,181.6295,4.9611,0.0000,0.0000,0.0000
56.373,493.9806,-2.1864,261.5157,0.2510,3.8000,-0.4500,6.1143,181.6515,4.9440,0.0000,0.0000,0.0000
56.498,493.7794,-1.8600,262.1520,0.2510,3.8000,-0.4500,6.3571,181.6725,4.8902,0.0000,0.0000,0.0000
56.623,493.6058,-1.5813,262.6959,0.2510,3.8000,-0.4500,6.5123,181.6858,4.8394,0.0000,0.0000,0.0000
56.748,493.4303,-1.3065,263.2390,0.2510,3.8000,-0.4500,6.7118,181.7026,4.6913,0.0000,0.0000,0.0000
56.874,493.2526,-1.0374,263.7820,0.2510,3.8000,-0.4500,6.8324,181.7125,4.5775,0.0000,0.0000,0.0000
56.998,493.0395,-0.7376,264.4156,0.2510,3.8000,-0.4500,7.0528,181.7294,4.1346,0.0000,0.0000,0.0000
57.123,492.8543,-0.4913,264.9603,0.2510,3.8000,-0.4500,7.0783,181.7313,3.8676,0.0000,0.0000,0.0000
57.248,492.6630,-0.2621,265.5074,0.2510,3.8000,-0.4500,7.0510,181.7296,3.3282,0.0000,0.0000,0.0000
57.359,492.4676,-0.0476,266.0570,0.2510,3.8000,-0.4500,6.9301,181.7231,2.8302,0.0000,0.0000,0.0000
57.470,492.3018,0.1187,266.5166,0.2510,3.8000,-0.4500,6.7735,181.7159,2.4307,0.0000,0.0000,0.0000
57.595,492.0990,0.3013,267.0704,0.2510,3.8000,-0.4500,6.5319,181.7066,1.9502,0.0000,0.0000,0.0000
57.720,491.8575,0.4894,267.7204,0.2510,3.8000,-0.4500,6.1890,181.6967,1.3768,0.0000,0.0000,0.0000
57.846,491.6465,0.6278,268.2814,0.2510,3.8000,-0.4500,5.8516,181.6900,0.8733,0.0000,0.0000,0.0000
57.959,491.4323,0.7446,268.8461,0.2510,3.8000,-0.4500,5.4821,181.6860,0.3625,0.0000,0.0000,0.0000
58.067,491.2514,0.8250,269.3197,0.2510,3.8000,-0.4500,5.1551,181.6852,359.9346,0.0000,0.0000,0.0000
58.192,491.0322,0.9015,269.8915,0.2510,3.8000,-0.4500,4.7475,181.6875,359.4238,0.0000,0.0000,0.0000
58.292,490.8478,0.9489,270.3711,0.2510,3.8000,-0.4500,4.4014,181.6923,359.0040,0.0000,0.0000,0.0000
58.402,490.6250,0.9868,270.9498,0.2510,3.8000,-0.4500,3.9872,181.7013,358.5127,0.0000,0.0000,0.0000
58.511,490.4384,1.0035,271.4347,0.2510,3.8000,-0.4500,3.6502,181.7112,358.1174,0.0000,0.0000,0.0000
58.636,490.2136,1.0071,272.0193,0.2510,3.8000,-0.4500,3.2655,181.7254,357.6646,0.0000,0.0000,0.0000
58.750,489.9883,0.9947,272.6066,0.2510,3.8000,-0.4500,2.9136,181.7411,357.2401,0.0000,0.0000,0.0000
58.859,489.7630,0.9719,273.1955,0.2510,3.8000,-0.4500,2.7033,181.7517,356.9749,0.0000,0.0000,0.0000
58.970,489.5748,0.9429,273.6882,0.2510,3.8000,-0.4500,2.5090,181.7624,356.7056,0.0000,0.0000,0.0000
59.070,489.3867,0.9106,274.1813,0.2510,3.8000,-0.4500,2.4188,181.7678,356.5557,0.0000,0.0000,0.0000
59.178,489.1603,0.8653,274.7745,0.2510,3.8000,-0.4500,2.2956,181.7754,356.3311,0.0000,0.0000,0.0000
59.304,488.9338,0.8209,275.3679,0.2510,3.8000,-0.4500,2.2774,181.7766,356.2488,0.0000,0.0000,0.0000
59.428,488.7063,0.7761,275.9615,0.2510,3.8000,-0.4500,2.2500,181.7784,356.0829,0.0000,0.0000,0.0000
59.553,488.4770,0.7358,276.5390,0.2510,3.8000,-0.4500,2.2910,181.7756,355.9225,0.0000,0.0000,0.0000
59.678,488.2025,0.6929,277.1276,0.2510,3.8000,-0.4500,2.4696,181.7623,355.6351,0.0000,0.0000,0.0000
59.792,488.0017,0.6658,277.4857,0.2510,3.8000,-0.4500,2.7165,181.7429,355.4097,0.0000,0.0000,0.0000
59.903,487.7570,0.6396,277.8592,0.2510,3.8000,-0.4500,3.0304,181.7173,355.2579,0.0000,0.0000,0.0000
60.011,487.5503,0.6226,278.1355,0.2510,3.8000,-0.4500,3.3528,181.6901,355.1461,0.0000,0.0000,0.0000
60.137,487.2999,0.6091,278.4377,0.2510,3.8000,-0.4500,3.7527,181.6558,355.0702,0.0000,0.0000,0.0000
60.248,487.0475,0.6040,278.7180,0.2510,3.8000,-0.4500,4.1603,181.6204,355.0408,0.0000,0.0000,0.0000
60.362,486.7936,0.6076,278.9817,0.2510,3.8000,-0.4500,4.5185,181.5893,355.0527,0.0000,0.0000,0.0000
60.471,486.5827,0.6103,279.0513,0.2510,3.8000,-0.4500,4.9510,181.5519,355.0890,0.0000,0.0000,0.0000
60.582,486.3413,0.5893,278.8224,0.2510,3.8000,-0.4500,5.1870,181.5316,355.1202,0.0000,0.0000,0.0000
60.706,486.1116,0.5468,278.3396,0.2510,3.8000,-0.4500,5.5140,181.5037,355.1728,0.0000,0.0000,0.0000
60.832,485.8888,0.4867,277.7132,0.2510,3.8000,-0.4500,5.5954,181.4968,355.1877,0.0000,0.0000,0.0000
60.942,485.6696,0.4210,277.0096,0.2510,3.8000,-0.4500,5.9155,181.4699,355.2495,0.0000,0.0000,0.0000
61.042,485.4883,0.3607,276.3964,0.2510,3.8000,-0.4500,5.9155,181.4699,355.2495,0.0000,0.0000,0.0000
61.150,485.3079,0.3031,275.7677,0.2510,3.8000,-0.4500,6.1576,181.4498,355.3195,0.0000,0.0000,0.0000
61.251,485.1276,0.2456,275.1327,0.2510,3.8000,-0.4500,6.3081,181.4375,355.3692,0.0000,0.0000,0.0000
61.362,484.9116,0.1804,274.3654,0.2510,3.8000,-0.4500,6.5322,181.4194,355.4743,0.0000,0.0000,0.0000
61.470,484.7315,0.1274,273.7250,0.2510,3.8000,-0.4500,6.6041,181.4137,355.5105,0.0000,0.0000,0.0000
61.595,484.5158,0.0702,272.9538,0.2510,3.8000,-0.4500,6.8090,181.3978,355.6455,0.0000,0.0000,0.0000
61.720,484.2644,0.0093,272.0530,0.2510,3.8000,-0.4500,6.9986,181.3835,355.7992,0.0000,0.0000,0.0000
61.833,484.0853,-0.0286,271.4084,0.2510,3.8000,-0.4500,7.1730,181.3708,355.9798,0.0000,0.0000,0.0000
61.943,483.8704,-0.0698,270.6344,0.2510,3.8000,-0.4500,7.3367,181.3595,356.1690,0.0000,0.0000,0.0000
62.069,483.6563,-0.1038,269.8591,0.2510,3.8000,-0.4500,7.5232,181.3474,356.4446,0.0000,0.0000,0.0000
62.180,483.4424,-0.1330,269.0832,0.2510,3.8000,-0.4500,7.6463,181.3399,356.6671,0.0000,0.0000,0.0000
62.290,483.2651,-0.1502,268.4352,0.2510,3.8000,-0.4500,7.7909,181.3318,356.9664,0.0000,0.0000,0.0000
62.415,483.0523,-0.1675,267.6573,0.2510,3.8000,-0.4500,7.8844,181.3269,357.2131,0.0000,0.0000,0.0000
62.540,482.8051,-0.1781,266.7481,0.2510,3.8000,-0.4500,7.9955,181.3218,357.5387,0.0000,0.0000,0.0000
62.665,482.5956,-0.1755,265.9665,0.2510,3.8000,-0.4500,8.1232,181.3168,358.0347,0.0000,0.0000,0.0000
62.790,482.3856,-0.1701,265.1845,0.2510,3.8000,-0.4500,8.1726,181.3151,358.2827,0.0000,0.0000,0.0000
62.915,482.1778,-0.1541,264.4004,0.2510,3.8000,-0.4500,8.2414,181.3133,358.7082,0.0000,0.0000,0.0000
63.028,481.9713,-0.1304,263.6147,0.2510,3.8000,-0.4500,8.2885,181.3124,359.1304,0.0000,0.0000,0.0000
63.137,481.7997,-0.1068,262.9592,0.2510,3.8000,-0.4500,8.3087,181.3121,359.3777,0.0000,0.0000,0.0000
63.262,481.5624,-0.0609,262.0395,0.2510,3.8000,-0.4500,8.3307,181.3120,359.9087,0.0000,0.0000,0.0000
63.373,481.3942,-0.0227,261.3816,0.2510,3.8000,-0.4500,8.3352,181.3120,0.2417,0.0000,0.0000,0.0000
63.484,481.1935,0.0301,260.5913,0.2510,3.8000,-0.4500,8.3262,181.3120,0.5947,0.0000,0.0000,0.0000
63.610,480.9962,0.0928,259.7959,0.2510,3.8000,-0.4500,8.3008,181.3116,1.1101,0.0000,0.0000,0.0000
63.734,480.7997,0.1580,258.9907,0.2510,3.8000,-0.4500,8.2803,181.3111,1.3575,0.0000,0.0000,0.0000
63.860,480.5757,0.2478,258.0437,0.2510,3.8000,-0.4500,8.2119,181.3091,1.9673,0.0000,0.0000,0.0000
63.971,480.4165,0.3151,257.3661,0.2510,3.8000,-0.4500,8.1778,181.3078,2.2103,0.0000,0.0000,0.0000
64.081,480.2283,0.4045,256.5532,0.2510,3.8000,-0.4500,8.1061,181.3047,2.6322,0.0000,0.0000,0.0000
64.206,480.0420,0.5003,255.7410,0.2510,3.8000,-0.4500,8.0421,181.3016,2.9639,0.0000,0.0000,0.0000
64.332,479.8592,0.6053,254.9294,0.2510,3.8000,-0.4500,7.9293,181.2952,3.4544,0.0000,0.0000,0.0000
64.456,479.6771,0.7138,254.1183,0.2510,3.8000,-0.4500,7.8645,181.2911,3.6980,0.0000,0.0000,0.0000
64.581,479.4688,0.8500,253.1724,0.2510,3.8000,-0.4500,7.7436,181.2828,4.1099,0.0000,0.0000,0.0000
64.681,479.3210,0.9545,252.5200,0.2510,3.8000,-0.4500,7.6324,181.2744,4.4359,0.0000,0.0000,0.0000
64.790,479.1669,1.0729,251.9889,0.2510,3.8000,-0.4500,7.5752,181.2699,4.5938,0.0000,0.0000,0.0000
64.915,478.9752,1.2515,251.6095,0.2510,3.8000,-0.4500,7.4038,181.2554,4.9774,0.0000,0.0000,0.0000
65.040,478.7531,1.5049,251.5162,0.2510,3.8000,-0.4500,7.1717,181.2343,5.3166,0.0000,0.0000,0.0000
65.165,478.5675,1.7440,251.6420,0.2510,3.8000,-0.4500,7.0505,181.2228,5.4270,0.0000,0.0000,0.0000
65.290,478.3882,1.9939,251.8938,0.2510,3.8000,-0.4500,6.6171,181.1802,5.6904,0.0000,0.0000,0.0000
65.402,478.2110,2.2411,252.2269,0.2510,3.8000,-0.4500,6.2246,181.1404,5.8049,0.0000,0.0000,0.0000
65.514,478.0639,2.4402,252.5455,0.2510,3.8000,-0.4500,5.8626,181.1033,5.8294,0.0000,0.0000,0.0000
65.623,477.8863,2.6644,252.9615,0.2510,3.8000,-0.4500,5.2835,181.0440,5.7910,0.0000,0.0000,0.0000
65.748,477.7044,2.8504,253.4056,0.2510,3.8000,-0.4500,4.6860,180.9838,5.6529,0.0000,0.0000,0.0000
65.873,477.5016,2.9237,253.8891,0.2510,3.8000,-0.4500,4.1392,180.9337,4.4767,0.0000,0.0000,0.0000
65.999,477.2382,2.9584,254.4902,0.2510,3.8000,-0.4500,3.5473,180.9025,1.3090,0.0000,0.0000,0.0000
66.109,477.0396,2.9101,254.9387,0.2510,3.8000,-0.4500,3.1671,180.9021,358.8282,0.0000,0.0000,0.0000
66.234,476.8066,2.8547,255.4876,0.2510,3.8000,-0.4500,2.8099,180.9153,357.1205,0.0000,0.0000,0.0000
66.360,476.5421,2.8206,256.1376,0.2510,3.8000,-0.4500,2.6136,180.9260,356.6764,0.0000,0.0000,0.0000
66.486,476.3170,2.8053,256.7006,0.2510,3.8000,-0.4500,2.6136,180.9260,356.6764,0.0000,0.0000,0.0000
66.595,476.1316,2.8015,257.1746,0.2510,3.8000,-0.4500,2.3293,180.9419,356.9621,0.0000,0.0000,0.0000
66.720,475.8747,2.8105,257.8406,0.2510,3.8000,-0.4500,1.9003,180.9624,357.5940,0.0000,0.0000,0.0000
66.845,475.6563,2.8292,258.4120,0.2510,3.8000,-0.4500,1.6225,180.9728,358.1752,0.0000,0.0000,0.0000
66.945,475.4759,2.8518,258.8881,0.2510,3.8000,-0.4500,1.4284,180.9782,358.6690,0.0000,0.0000,0.0000
67.053,475.2970,2.8802,259.3643,0.2510,3.8000,-0.4500,1.2529,180.9815,359.1665,0.0000,0.0000,0.0000
67.179,475.0493,2.9288,260.0314,0.2510,3.8000,-0.4500,1.0243,180.9834,359.8618,0.0000,0.0000,0.0000
67.306,474.8397,2.9779,260.6035,0.2510,3.8000,-0.4500,0.8375,180.9829,0.4501,0.0000,0.0000,0.0000
67.418,474.6328,3.0334,261.1762,0.2510,3.8000,-0.4500,0.6562,180.9806,1.0239,0.0000,0.0000,0.0000
67.528,474.4622,3.0839,261.6539,0.2510,3.8000,-0.4500,0.5081,180.9774,1.4867,0.0000,0.0000,0.0000
67.637,474.2935,3.1380,262.1313,0.2510,3.8000,-0.4500,0.3622,180.9730,1.9316,0.0000,0.0000,0.0000
67.750,474.0926,3.2071,262.6957,0.2510,3.8000,-0.4500,0.1894,180.9664,2.4371,0.0000,0.0000,0.0000
67.859,473.8921,3.2777,263.2469,0.2510,3.8000,-0.4500,0.0759,180.9613,2.7540,0.0000,0.0000,0.0000
67.971,473.7272,3.3413,263.6984,0.2510,3.8000,-0.4500,359.9206,180.9533,3.1571,0.0000,0.0000,0.0000
68.082,473.5289,3.4164,264.2321,0.2510,3.8000,-0.4500,359.8268,180.9479,3.3886,0.0000,0.0000,0.0000
68.207,473.3332,3.4953,264.7611,0.2510,3.8000,-0.4500,359.6536,180.9370,3.7691,0.0000,0.0000,0.0000
68.331,473.1375,3.5725,265.2869,0.2510,3.8000,-0.4500,359.5335,180.9289,3.9927,0.0000,0.0000,0.0000
68.457,472.9424,3.6481,265.8110,0.2510,3.8000,-0.4500,359.4487,180.9229,4.1336,0.0000,0.0000,0.0000
68.567,472.7484,3.7224,266.3352,0.2510,3.8000,-0.4500,359.3082,180.9124,4.3308,0.0000,0.0000,0.0000
68.692,472.5537,3.7923,266.8584,0.2510,3.8000,-0.4500,359.2517,180.9081,4.3884,0.0000,0.0000,0.0000
68.817,472.3583,3.8582,267.3683,0.2510,3.8000,-0.4500,359.1937,180.9037,4.4451,0.0000,0.0000,0.0000
68.942,472.1281,3.9292,267.9335,0.2510,3.8000,-0.4500,359.0504,180.8924,4.5291,0.0000,0.0000,0.0000
69.067,471.9283,3.9835,268.3951,0.2510,3.8000,-0.4500,358.9746,180.8864,4.5532,0.0000,0.0000,0.0000
69.178,471.7263,4.0302,268.8419,0.2510,3.8000,-0.4500,358.8076,180.8731,4.5589,0.0000,0.0000,0.0000
69.303,471.5220,4.0675,269.2786,0.2510,3.8000,-0.4500,358.5659,180.8539,4.5145,0.0000,0.0000,0.0000
69.428,471.3152,4.0947,269.7082,0.2510,3.8000,-0.4500,358.3391,180.8362,4.3951,0.0000,0.0000,0.0000
69.553,471.1060,4.1118,270.1328,0.2510,3.8000,-0.4500,358.1341,180.8207,4.2542,0.0000,0.0000,0.0000
69.678,470.8572,4.1126,270.6241,0.2510,3.8000,-0.4500,357.7935,180.7965,3.8331,0.0000,0.0000,0.0000
69.791,470.6769,4.1024,270.9709,0.2510,3.8000,-0.4500,357.5678,180.7821,3.4671,0.0000,0.0000,0.0000
69.900,470.4580,4.0824,271.3640,0.2510,3.8000,-0.4500,357.4176,180.7734,3.1427,0.0000,0.0000,0.0000
70.025,470.2335,4.0474,271.7248,0.2510,3.8000,-0.4500,357.2154,180.7631,2.6353,0.0000,0.0000,0.0000
70.150,470.0049,4.0007,272.0557,0.2510,3.8000,-0.4500,357.0436,180.7560,2.1332,0.0000,0.0000,0.0000
70.275,469.7727,3.9417,272.3628,0.2510,3.8000,-0.4500,356.8895,180.7509,1.6277,0.0000,0.0000,0.0000
70.386,469.5375,3.8695,272.6526,0.2510,3.8000,-0.4500,356.7442,180.7474,1.1118,0.0000,0.0000,0.0000
70.497,469.3397,3.7987,272.8848,0.2510,3.8000,-0.4500,356.6266,180.7456,0.6727,0.0000,0.0000,0.0000
70.622,469.0605,3.6833,273.2000,0.2510,3.8000,-0.4500,356.4653,180.7446,0.0457,0.0000,0.0000,0.0000
70.735,468.8599,3.5889,273.4203,0.2510,3.8000,-0.4500,356.3517,180.7449,359.5918,0.0000,0.0000,0.0000
70.847,468.6181,3.4625,273.6816,0.2510,3.8000,-0.4500,356.2168,180.7465,359.0439,0.0000,0.0000,0.0000
70.956,468.4162,3.3461,273.8977,0.2510,3.8000,-0.4500,356.1053,180.7488,358.5875,0.0000,0.0000,0.0000
71.081,468.1332,3.1669,274.1994,0.2510,3.8000,-0.4500,355.9505,180.7535,357.9533,0.0000,0.0000,0.0000
71.194,467.9312,3.0272,274.4151,0.2510,3.8000,-0.4500,355.8401,180.7579,357.5072,0.0000,0.0000,0.0000
71.304,467.6893,2.8473,274.6751,0.2510,3.8000,-0.4500,355.7073,180.7643,356.9825,0.0000,0.0000,0.0000
71.415,467.4882,2.6870,274.8932,0.2510,3.8000,-0.4500,355.5954,180.7706,356.5571,0.0000,0.0000,0.0000
71.527,467.2463,2.4837,275.1335,0.2510,3.8000,-0.4500,355.4585,180.7795,356.0635,0.0000,0.0000,0.0000
71.636,467.0444,2.3160,275.1893,0.2510,3.8000,-0.4500,355.3612,180.7865,355.7406,0.0000,0.0000,0.0000
71.749,466.8086,2.1253,275.0315,0.2510,3.8000,-0.4500,355.2566,180.7946,355.4222,0.0000,0.0000,0.0000
71.858,466.5790,1.9431,274.6805,0.2510,3.8000,-0.4500,355.0993,180.8078,355.0252,0.0000,0.0000,0.0000
71.984,466.3557,1.7728,274.1984,0.2510,3.8000,-0.4500,355.0331,180.8137,354.8735,0.0000,0.0000,0.0000
72.110,466.1345,1.6013,273.6345,0.2510,3.8000,-0.4500,354.8217,180.8334,354.4916,0.0000,0.0000,0.0000
72.219,465.9167,1.4363,273.0193,0.2510,3.8000,-0.4500,354.7322,180.8422,354.3558,0.0000,0.0000,0.0000
72.344,465.6997,1.2697,272.3743,0.2510,3.8000,-0.4500,354.5759,180.8580,354.1543,0.0000,0.0000,0.0000
72.456,465.5203,1.1322,271.8223,0.2510,3.8000,-0.4500,354.5239,180.8634,354.0905,0.0000,0.0000,0.0000
72.581,465.2690,0.9359,271.0375,0.2510,3.8000,-0.4500,354.3464,180.8821,353.9191,0.0000,0.0000,0.0000
72.706,465.0543,0.7670,270.3583,0.2510,3.8000,-0.4500,354.2142,180.8964,353.8188,0.0000,0.0000,0.0000
72.817,464.8760,0.6270,269.7894,0.2510,3.8000,-0.4500,354.1451,180.9040,353.7761,0.0000,0.0000,0.0000
72.942,464.6266,0.4295,268.9905,0.2510,3.8000,-0.4500,354.0042,180.9195,353.7016,0.0000,0.0000,0.0000
73.067,464.4130,0.2613,268.3017,0.2510,3.8000,-0.4500,353.8459,180.9371,353.6541,0.0000,0.0000,0.0000
73.178,464.2000,0.0958,267.6061,0.2510,3.8000,-0.4500,353.7676,180.9459,353.6396,0.0000,0.0000,0.0000
73.302,463.9875,-0.0675,266.9061,0.2510,3.8000,-0.4500,353.6104,180.9635,353.6295,0.0000,0.0000,0.0000
73.428,463.7753,-0.2278,266.2026,0.2510,3.8000,-0.4500,353.4485,180.9817,353.6503,0.0000,0.0000,0.0000
73.541,463.5632,-0.3838,265.4969,0.2510,3.8000,-0.4500,353.2919,180.9992,353.6933,0.0000,0.0000,0.0000
73.650,463.3873,-0.5106,264.9094,0.2510,3.8000,-0.4500,352.9940,181.0320,353.8407,0.0000,0.0000,0.0000
73.775,463.1753,-0.6587,264.2020,0.2510,3.8000,-0.4500,352.9276,181.0392,353.8922,0.0000,0.0000,0.0000
73.900,462.9287,-0.8240,263.3784,0.2510,3.8000,-0.4500,352.6718,181.0663,354.1136,0.0000,0.0000,0.0000
74.025,462.7175,-0.9593,262.6734,0.2510,3.8000,-0.4500,352.4620,181.0876,354.3629,0.0000,0.0000,0.0000
74.151,462.5062,-1.0882,261.9693,0.2510,3.8000,-0.4500,352.2788,181.1055,354.6319,0.0000,0.0000,0.0000
74.275,462.2952,-1.2107,261.2666,0.2510,3.8000,-0.4500,352.1133,181.1207,354.9437,0.0000,0.0000,0.0000
74.375,462.1190,-1.3081,260.6819,0.2510,3.8000,-0.4500,352.0009,181.1305,355.1747,0.0000,0.0000,0.0000
74.483,461.9082,-1.4178,259.9825,0.2510,3.8000,-0.4500,351.8409,181.1436,355.5624,0.0000,0.0000,0.0000
74.608,461.6962,-1.5235,259.2910,0.2510,3.8000,-0.4500,351.7534,181.1503,355.7949,0.0000,0.0000,0.0000
74.734,461.4854,-1.6207,258.6151,0.2510,3.8000,-0.4500,351.5911,181.1617,356.2857,0.0000,0.0000,0.0000
74.859,461.2379,-1.7302,257.8434,0.2510,3.8000,-0.4500,351.4693,181.1692,356.6863,0.0000,0.0000,0.0000
74.983,461.0251,-1.8205,257.1931,0.2510,3.8000,-0.4500,351.4007,181.1731,356.9224,0.0000,0.0000,0.0000
75.109,460.8141,-1.9012,256.5515,0.2510,3.8000,-0.4500,351.2629,181.1800,357.4147,0.0000,0.0000,0.0000
75.234,460.6017,-1.9807,255.9146,0.2510,3.8000,-0.4500,351.1987,181.1828,357.6490,0.0000,0.0000,0.0000
75.358,460.3547,-2.0657,255.1768,0.2510,3.8000,-0.4500,351.1122,181.1861,357.9662,0.0000,0.0000,0.0000
75.470,460.1793,-2.1210,254.6527,0.2510,3.8000,-0.4500,351.0251,181.1890,358.2838,0.0000,0.0000,0.0000
75.581,459.9682,-2.1861,254.0250,0.2510,3.8000,-0.4500,350.9771,181.1904,358.4529,0.0000,0.0000,0.0000
75.706,459.7575,-2.2475,253.3989,0.2510,3.8000,-0.4500,350.9288,181.1917,358.6210,0.0000,0.0000,0.0000
75.831,459.5482,-2.3034,252.7787,0.2510,3.8000,-0.4500,350.8295,181.1938,358.9388,0.0000,0.0000,0.0000
75.956,459.3311,-2.3730,252.2612,0.2510,3.8000,-0.4500,350.8046,181.1942,359.0117,0.0000,0.0000,0.0000
76.081,459.0607,-2.4925,251.9188,0.2510,3.8000,-0.4500,350.7338,181.1954,359.1562,0.0000,0.0000,0.0000
76.206,458.8211,-2.6337,251.8309,0.2510,3.8000,-0.4500,350.7337,181.1954,359.1562,0.0000,0.0000,0.0000
76.331,458.5825,-2.8031,251.8846,0.2510,3.8000,-0.4500,350.6824,181.1961,359.2186,0.0000,0.0000,0.0000
76.456,458.3469,-2.9942,252.0367,0.2510,3.8000,-0.4500,350.4413,181.1990,359.4382,0.0000,0.0000,0.0000
76.569,458.1115,-3.2024,252.2494,0.2510,3.8000,-0.4500,350.4413,181.1990,359.4382,0.0000,0.0000,0.0000
76.678,457.8785,-3.4205,252.5027,0.2510,3.8000,-0.4500,350.2334,181.2008,359.5775,0.0000,0.0000,0.0000
76.791,457.6847,-3.6069,252.7316,0.2510,3.8000,-0.4500,350.1675,181.2013,359.6209,0.0000,0.0000,0.0000
76.900,457.4533,-3.8322,253.0212,0.2510,3.8000,-0.4500,349.9713,181.2023,359.7608,0.0000,0.0000,0.0000
77.025,457.2216,-4.0584,253.3187,0.2510,3.8000,-0.4500,349.9713,181.2023,359.7608,0.0000,0.0000,0.0000
77.150,456.9914,-4.2809,253.6236,0.2510,3.8000,-0.4500,349.7992,181.2028,359.9366,0.0000,0.0000,0.0000
77.276,456.7603,-4.5017,253.9324,0.2510,3.8000,-0.4500,349.7992,181.2028,359.9366,0.0000,0.0000,0.0000
77.386,456.5332,-4.7200,254.2788,0.2510,3.8000,-0.4500,349.7238,181.2028,0.0842,0.0000,0.0000,0.0000
77.512,456.3110,-4.9406,254.6849,0.2510,3.8000,-0.4500,349.6647,181.2026,0.3299,0.0000,0.0000,0.0000
77.624,456.0918,-5.1640,255.1442,0.2510,3.8000,-0.4500,349.6654,181.2026,0.4948,0.0000,0.0000,0.0000
77.734,455.9108,-5.3504,255.5577,0.2510,3.8000,-0.4500,349.6703,181.2027,0.5770,0.0000,0.0000,0.0000
77.847,455.6972,-5.5631,256.0804,0.2510,3.8000,-0.4500,349.8048,181.2045,0.9825,0.0000,0.0000,0.0000
77.956,455.5192,-5.7367,256.5311,0.2510,3.8000,-0.4500,349.9267,181.2069,1.1920,0.0000,0.0000,0.0000
78.067,455.3069,-5.9330,257.0844,0.2510,3.8000,-0.4500,350.1954,181.2134,1.5128,0.0000,0.0000,0.0000
78.192,455.0949,-6.1174,257.6470,0.2510,3.8000,-0.4500,350.5169,181.2228,1.7823,0.0000,0.0000,0.0000
78.305,454.8837,-6.2868,258.2162,0.2510,3.8000,-0.4500,350.9444,181.2374,2.0610,0.0000,0.0000,0.0000
78.414,454.7075,-6.4197,258.6948,0.2510,3.8000,-0.4500,351.1841,181.2464,2.1818,0.0000,0.0000,0.0000
78.525,454.4974,-6.5621,259.2720,0.2510,3.8000,-0.4500,351.6902,181.2669,2.4014,0.0000,0.0000,0.0000
78.637,454.3228,-6.6695,259.7556,0.2510,3.8000,-0.4500,352.1075,181.2851,2.5490,0.0000,0.0000,0.0000
78.749,454.1140,-6.7852,260.3383,0.2510,3.8000,-0.4500,352.6057,181.3081,2.6883,0.0000,0.0000,0.0000
78.858,453.9057,-6.8863,260.9225,0.2510,3.8000,-0.4500,353.1082,181.3324,2.7921,0.0000,0.0000,0.0000
78.983,453.6980,-6.9734,261.5076,0.2510,3.8000,-0.4500,353.6171,181.3577,2.8631,0.0000,0.0000,0.0000
79.109,453.4910,-7.0472,262.0934,0.2510,3.8000,-0.4500,354.1305,181.3838,2.9015,0.0000,0.0000,0.0000
79.234,453.2844,-7.1085,262.6795,0.2510,3.8000,-0.4500,354.6448,181.4100,2.9071,0.0000,0.0000,0.0000
79.358,453.0439,-7.1655,263.3634,0.2510,3.8000,-0.4500,355.2404,181.4402,2.8720,0.0000,0.0000,0.0000
79.484,452.8377,-7.2030,263.9492,0.2510,3.8000,-0.4500,355.7429,181.4652,2.8067,0.0000,0.0000,0.0000
79.608,452.6318,-7.2315,264.5350,0.2510,3.8000,-0.4500,356.1733,181.4861,2.7205,0.0000,0.0000,0.0000
79.733,452.4256,-7.2514,265.1201,0.2510,3.8000,-0.4500,356.5997,181.5060,2.6129,0.0000,0.0000,0.0000
79.859,452.1843,-7.2650,265.8008,0.2510,3.8000,-0.4500,357.1895,181.5320,2.4195,0.0000,0.0000,0.0000
79.983,451.9771,-7.2698,266.3832,0.2510,3.8000,-0.4500,357.6645,181.5513,2.2306,0.0000,0.0000,0.0000
80.108,451.7696,-7.2692,266.9655,0.2510,3.8000,-0.4500,357.9778,181.5631,2.0840,0.0000,0.0000,0.0000
80.233,451.5607,-7.2636,267.5455,0.2510,3.8000,-0.4500,358.4512,181.5794,1.8400,0.0000,0.0000,0.0000
80.347,451.3515,-7.2535,268.1247,0.2510,3.8000,-0.4500,358.8164,181.5904,1.6329,0.0000,0.0000,0.0000
80.450,451.1767,-7.2416,268.6071,0.2510,3.8000,-0.4500,359.0311,181.5963,1.5045,0.0000,0.0000,0.0000
80.564,450.9654,-7.2243,269.1836,0.2510,3.8000,-0.4500,359.4725,181.6069,1.2269,0.0000,0.0000,0.0000
80.678,450.7538,-7.2023,269.7597,0.2510,3.8000,-0.4500,359.7511,181.6124,1.0486,0.0000,0.0000,0.0000
80.789,450.5767,-7.1808,270.2387,0.2510,3.8000,-0.4500,0.0303,181.6171,0.8705,0.0000,0.0000,0.0000
80.914,450.3634,-7.1509,270.8119,0.2510,3.8000,-0.4500,0.3885,181.6218,0.6494,0.0000,0.0000,0.0000
81.039,450.1143,-7.1089,271.4797,0.2510,3.8000,-0.4500,0.6737,181.6246,0.4852,0.0000,0.0000,0.0000
81.164,449.8995,-7.0665,272.0496,0.2510,3.8000,-0.4500,1.0541,181.6272,0.2912,0.0000,0.0000,0.0000
81.293,449.6845,-7.0167,272.6183,0.2510,3.8000,-0.4500,1.3749,181.6284,0.1593,0.0000,0.0000,0.0000
81.402,449.4692,-6.9591,273.1857,0.2510,3.8000,-0.4500,1.6111,181.6289,0.0743,0.0000,0.0000,0.0000
81.511,449.2895,-6.9032,273.6558,0.2510,3.8000,-0.4500,2.0227,181.6291,359.9766,0.0000,0.0000,0.0000
81.636,449.0740,-6.8277,274.2195,0.2510,3.8000,-0.4500,2.2665,181.6289,359.9411,0.0000,0.0000,0.0000
81.761,448.8228,-6.7232,274.8725,0.2510,3.8000,-0.4500,2.7798,181.6283,359.9281,0.0000,0.0000,0.0000
81.874,448.6437,-6.6379,275.3370,0.2510,3.8000,-0.4500,3.1206,181.6280,359.9654,0.0000,0.0000,0.0000
81.982,448.4294,-6.5225,275.8915,0.2510,3.8000,-0.4500,3.5360,181.6280,0.0488,0.0000,0.0000,0.0000
82.108,448.2161,-6.3911,276.4421,0.2510,3.8000,-0.4500,4.0185,181.6290,0.2012,0.0000,0.0000,0.0000
82.221,448.0040,-6.2449,276.9898,0.2510,3.8000,-0.4500,4.4022,181.6309,0.3659,0.0000,0.0000,0.0000
82.344,447.7923,-6.0816,277.5119,0.2510,3.8000,-0.4500,4.8615,181.6348,0.6084,0.0000,0.0000,0.0000
82.469,447.5707,-5.9199,277.7966,0.2510,3.8000,-0.4500,5.2887,181.6403,0.8834,0.0000,0.0000,0.0000
82.580,447.3518,-5.7823,277.7296,0.2510,3.8000,-0.4500,5.5469,181.6448,1.1111,0.0000,0.0000,0.0000
82.691,447.1762,-5.6833,277.4535,0.2510,3.8000,-0.4500,5.7752,181.6497,1.3679,0.0000,0.0000,0.0000
82.816,446.9723,-5.5802,276.9441,0.2510,3.8000,-0.4500,5.9543,181.6544,1.6576,0.0000,0.0000,0.0000
82.941,446.7426,-5.4675,276.1986,0.2510,3.8000,-0.4500,6.1551,181.6611,2.1303,0.0000,0.0000,0.0000
83.066,446.5498,-5.3748,275.4870,0.2510,3.8000,-0.4500,6.2380,181.6644,2.4710,0.0000,0.0000,0.0000
83.168,446.3928,-5.2931,274.8641,0.2510,3.8000,-0.4500,6.3145,181.6680,2.8865,0.0000,0.0000,0.0000
83.279,446.2048,-5.1970,274.0964,0.2510,3.8000,-0.4500,6.3352,181.6691,3.0497,0.0000,0.0000,0.0000
83.396,446.0524,-5.1073,273.4453,0.2510,3.8000,-0.4500,6.3767,181.6714,3.4914,0.0000,0.0000,0.0000
83.498,445.8700,-4.9982,272.6572,0.2510,3.8000,-0.4500,6.3960,181.6726,3.7411,0.0000,0.0000,0.0000
83.608,445.7217,-4.8990,271.9960,0.2510,3.8000,-0.4500,6.4239,181.6745,4.1627,0.0000,0.0000,0.0000
83.733,445.5433,-4.7797,271.2004,0.2510,3.8000,-0.4500,6.4341,181.6753,4.3256,0.0000,0.0000,0.0000
83.858,445.3401,-4.6292,270.2689,0.2510,3.8000,-0.4500,6.4613,181.6775,4.7485,0.0000,0.0000,0.0000
83.969,445.1965,-4.5175,269.6021,0.2510,3.8000,-0.4500,6.4795,181.6791,5.0032,0.0000,0.0000,0.0000
84.094,445.0251,-4.3815,268.8014,0.2510,3.8000,-0.4500,6.4919,181.6802,5.1700,0.0000,0.0000,0.0000
84.205,444.8579,-4.2357,267.9997,0.2510,3.8000,-0.4500,6.5274,181.6836,5.5865,0.0000,0.0000,0.0000
84.331,444.6906,-4.0899,267.1989,0.2510,3.8000,-0.4500,6.5443,181.6853,5.7531,0.0000,0.0000,0.0000
84.455,444.5254,-3.9393,266.3980,0.2510,3.8000,-0.4500,6.5618,181.6871,5.9188,0.0000,0.0000,0.0000
84.581,444.3362,-3.7565,265.4631,0.2510,3.8000,-0.4500,6.6025,181.6915,6.2499,0.0000,0.0000,0.0000
84.691,444.2004,-3.6267,264.7957,0.2510,3.8000,-0.4500,6.6025,181.6915,6.2499,0.0000,0.0000,0.0000
84.816,444.0410,-3.4637,263.9935,0.2510,3.8000,-0.4500,6.6402,181.6957,6.5034,0.0000,0.0000,0.0000
84.917,443.9098,-3.3248,263.3221,0.2510,3.8000,-0.4500,6.6820,181.7006,6.7487,0.0000,0.0000,0.0000
85.025,443.7513,-3.1617,262.5112,0.2510,3.8000,-0.4500,6.6820,181.7006,6.7487,0.0000,0.0000,0.0000
85.136,443.6212,-3.0214,261.8383,0.2510,3.8000,-0.4500,6.7126,181.7043,6.9055,0.0000,0.0000,0.0000
85.261,443.4386,-2.8224,260.9121,0.2510,3.8000,-0.4500,6.7311,181.7065,6.9862,0.0000,0.0000,0.0000
85.387,443.2834,-2.6468,260.1333,0.2510,3.8000,-0.4500,6.7689,181.7113,7.1449,0.0000,0.0000,0.0000
85.497,443.1532,-2.5000,259.4938,0.2510,3.8000,-0.4500,6.7689,181.7113,7.1449,0.0000,0.0000,0.0000
85.609,442.9977,-2.3202,258.7345,0.2510,3.8000,-0.4500,6.7953,181.7146,7.2247,0.0000,0.0000,0.0000
85.719,442.8438,-2.1365,257.9806,0.2510,3.8000,-0.4500,6.8483,181.7214,7.3808,0.0000,0.0000,0.0000
85.832,442.7151,-1.9861,257.3450,0.2510,3.8000,-0.4500,6.8483,181.7214,7.3808,0.0000,0.0000,0.0000
85.944,442.5602,-1.8041,256.5962,0.2510,3.8000,-0.4500,6.8482,181.7214,7.3808,0.0000,0.0000,0.0000
86.052,442.4277,-1.6445,256.0457,0.2510,3.8000,-0.4500,6.8482,181.7214,7.3808,0.0000,0.0000,0.0000
86.178,442.2361,-1.3986,255.4217,0.2510,3.8000,-0.4500,6.8886,181.7267,7.4516,0.0000,0.0000,0.0000
86.302,442.0660,-1.1723,254.9973,0.2510,3.8000,-0.4500,6.8886,181.7267,7.4516,0.0000,0.0000,0.0000
86.428,441.8940,-0.9305,254.6384,0.2510,3.8000,-0.4500,6.9915,181.7404,7.5825,0.0000,0.0000,0.0000
86.553,441.7192,-0.6834,254.3204,0.2510,3.8000,-0.4500,6.9915,181.7404,7.5825,0.0000,0.0000,0.0000
86.678,441.5160,-0.3834,253.9975,0.2510,3.8000,-0.4500,7.1070,181.7560,7.7015,0.0000,0.0000,0.0000
86.790,441.3740,-0.1516,253.9219,0.2510,3.8000,-0.4500,7.1070,181.7560,7.7015,0.0000,0.0000,0.0000
86.900,441.2153,0.1578,254.0175,0.2510,3.8000,-0.4500,7.2658,181.7779,7.8962,0.0000,0.0000,0.0000
87.025,441.0661,0.4895,254.2668,0.2510,3.8000,-0.4500,7.3087,181.7839,7.9652,0.0000,0.0000,0.0000
87.151,440.9259,0.8394,254.6197,0.2510,3.8000,-0.4500,7.3734,181.7932,8.1130,0.0000,0.0000,0.0000
87.261,440.7922,1.2003,255.0403,0.2510,3.8000,-0.4500,7.3962,181.7965,8.2807,0.0000,0.0000,0.0000
87.386,440.6642,1.5662,255.5038,0.2510,3.8000,-0.4500,7.3907,181.7957,8.5252,0.0000,0.0000,0.0000
87.511,440.5400,1.9325,255.9960,0.2510,3.8000,-0.4500,7.2363,181.7718,8.8406,0.0000,0.0000,0.0000
87.637,440.4198,2.2942,256.5088,0.2510,3.8000,-0.4500,6.9200,181.7210,9.2334,0.0000,0.0000,0.0000
87.747,440.3006,2.6467,257.0363,0.2510,3.8000,-0.4500,6.5952,181.6671,9.4730,0.0000,0.0000,0.0000
87.872,440.1819,2.9879,257.5764,0.2510,3.8000,-0.4500,6.1188,181.5861,9.7050,0.0000,0.0000,0.0000
87.972,440.0829,3.2627,258.0342,0.2510,3.8000,-0.4500,5.6809,181.5101,9.8611,0.0000,0.0000,0.0000
88.081,439.9629,3.5785,258.5922,0.2510,3.8000,-0.4500,5.1117,181.4100,10.0110,0.0000,0.0000,0.0000
88.206,439.8412,3.8780,259.1584,0.2510,3.8000,-0.4500,4.4942,181.2999,10.1246,0.0000,0.0000,0.0000
88.320,439.7169,4.1582,259.7327,0.2510,3.8000,-0.4500,3.8290,181.1803,10.2023,0.0000,0.0000,0.0000
88.442,439.5893,4.4180,260.3151,0.2510,3.8000,-0.4500,3.1191,181.0520,10.2414,0.0000,0.0000,0.0000
88.553,439.4798,4.6167,260.8067,0.2510,3.8000,-0.4500,2.4959,180.9392,10.2419,0.0000,0.0000,0.0000
88.653,439.3670,4.7985,261.3033,0.2510,3.8000,-0.4500,1.8467,180.8220,10.2110,0.0000,0.0000,0.0000
88.763,439.2264,4.9924,261.9049,0.2510,3.8000,-0.4500,1.0367,180.6766,10.1294,0.0000,0.0000,0.0000
88.872,439.1046,5.1322,262.4103,0.2510,3.8000,-0.4500,0.3394,180.5526,10.0222,0.0000,0.0000,0.0000
88.998,438.9261,5.2934,263.1220,0.2510,3.8000,-0.4500,359.3354,180.3770,9.8090,0.0000,0.0000,0.0000
89.122,438.7652,5.3973,263.7345,0.2510,3.8000,-0.4500,358.4551,180.2267,9.5656,0.0000,0.0000,0.0000
89.247,438.5969,5.4684,264.3476,0.2510,3.8000,-0.4500,357.5628,180.0785,9.2646,0.0000,0.0000,0.0000
89.372,438.4206,5.5055,264.9597,0.2510,3.8000,-0.4500,356.6649,179.9347,8.9058,0.0000,0.0000,0.0000
89.497,438.2366,5.5078,265.5693,0.2510,3.8000,-0.4500,355.7679,179.7971,8.4896,0.0000,0.0000,0.0000
89.621,438.0124,5.4660,266.2754,0.2510,3.8000,-0.4500,354.7313,179.6469,7.9334,0.0000,0.0000,0.0000
89.721,437.8464,5.4065,266.7749,0.2510,3.8000,-0.4500,354.0033,179.5478,7.4916,0.0000,0.0000,0.0000
89.830,437.6758,5.3225,267.2697,0.2510,3.8000,-0.4500,353.2899,179.4563,7.0149,0.0000,0.0000,0.0000
89.956,437.4657,5.1897,267.8561,0.2510,3.8000,-0.4500,352.4595,179.3578,6.4008,0.0000,0.0000,0.0000
90.080,437.2141,4.9918,268.5289,0.2510,3.8000,-0.4500,351.5338,179.2592,5.6323,0.0000,0.0000,0.0000
90.192,437.0309,4.8227,269.0015,0.2510,3.8000,-0.4500,350.9070,179.1998,5.0545,0.0000,0.0000,0.0000
90.316,436.8082,4.5911,269.5594,0.2510,3.8000,-0.4500,350.1981,179.1408,4.3353,0.0000,0.0000,0.0000
90.441,436.5457,4.2827,270.1973,0.2510,3.8000,-0.4500,349.4386,179.0880,3.4702,0.0000,0.0000,0.0000
90.566,436.3195,3.9884,270.7332,0.2510,3.8000,-0.4500,348.8514,179.0556,2.7149,0.0000,0.0000,0.0000
90.667,436.1309,3.7233,271.1725,0.2510,3.8000,-0.4500,348.4111,179.0368,2.0821,0.0000,0.0000,0.0000
90.774,435.9428,3.4416,271.6056,0.2510,3.8000,-0.4500,348.0180,179.0243,1.4508,0.0000,0.0000,0.0000
90.900,435.6794,3.0263,272.1772,0.2510,3.8000,-0.4500,347.5510,179.0158,0.5787,0.0000,0.0000,0.0000
91.025,435.4503,2.6647,272.5847,0.2510,3.8000,-0.4500,347.2312,179.0145,359.8527,0.0000,0.0000,0.0000
91.150,435.2176,2.3058,272.9090,0.2510,3.8000,-0.4500,346.9849,179.0166,359.1585,0.0000,0.0000,0.0000
91.275,434.9818,1.9492,273.1654,0.2510,3.8000,-0.4500,346.8074,179.0203,358.5042,0.0000,0.0000,0.0000
91.399,434.7048,1.5350,273.4059,0.2510,3.8000,-0.4500,346.6797,179.0244,357.7970,0.0000,0.0000,0.0000
91.525,434.4672,1.1784,273.5816,0.2510,3.8000,-0.4500,346.6334,179.0264,357.2409,0.0000,0.0000,0.0000
91.649,434.2303,0.8199,273.7423,0.2510,3.8000,-0.4500,346.6436,179.0258,356.7324,0.0000,0.0000,0.0000
91.777,433.9950,0.4605,273.8962,0.2510,3.8000,-0.4500,346.6954,179.0226,356.4021,0.0000,0.0000,0.0000
91.886,433.7609,0.0988,274.0479,0.2510,3.8000,-0.4500,346.7759,179.0172,356.0776,0.0000,0.0000,0.0000
92.011,433.5268,-0.2630,274.1629,0.2510,3.8000,-0.4500,346.9777,179.0021,355.6247,0.0000,0.0000,0.0000
92.136,433.2999,-0.5743,274.0157,0.2510,3.8000,-0.4500,347.1157,178.9910,355.4213,0.0000,0.0000,0.0000
92.248,433.0812,-0.8255,273.5948,0.2510,3.8000,-0.4500,347.2642,178.9785,355.2305,0.0000,0.0000,0.0000
92.358,432.8672,-1.0336,273.0149,0.2510,3.8000,-0.4500,347.2643,178.9785,355.2305,0.0000,0.0000,0.0000
92.482,432.6538,-1.2210,272.3574,0.2510,3.8000,-0.4500,347.3744,178.9690,355.1100,0.0000,0.0000,0.0000
92.608,432.4406,-1.3966,271.6688,0.2510,3.8000,-0.4500,347.4929,178.9585,355.0008,0.0000,0.0000,0.0000
92.719,432.2281,-1.5671,270.9716,0.2510,3.8000,-0.4500,347.4929,178.9585,355.0008,0.0000,0.0000,0.0000
92.844,432.0155,-1.7352,270.2728,0.2510,3.8000,-0.4500,347.4929,178.9585,355.0008,0.0000,0.0000,0.0000
92.969,431.8025,-1.9028,269.5746,0.2510,3.8000,-0.4500,347.6376,178.9455,354.9294,0.0000,0.0000,0.0000
93.094,431.5896,-2.0678,268.8788,0.2510,3.8000,-0.4500,347.7968,178.9310,354.8966,0.0000,0.0000,0.0000
93.219,431.3416,-2.2570,268.0699,0.2510,3.8000,-0.4500,347.9692,178.9152,354.9068,0.0000,0.0000,0.0000
93.343,431.1292,-2.4133,267.3787,0.2510,3.8000,-0.4500,348.2155,178.8929,354.9463,0.0000,0.0000,0.0000
93.468,430.9171,-2.5628,266.6889,0.2510,3.8000,-0.4500,348.5258,178.8652,355.0773,0.0000,0.0000,0.0000
93.593,430.7050,-2.7063,265.9989,0.2510,3.8000,-0.4500,348.7420,178.8464,355.2037,0.0000,0.0000,0.0000
93.718,430.4578,-2.8619,265.1910,0.2510,3.8000,-0.4500,349.0817,178.8182,355.4604,0.0000,0.0000,0.0000
93.830,430.2817,-2.9630,264.6127,0.2510,3.8000,-0.4500,349.3976,178.7934,355.7574,0.0000,0.0000,0.0000
93.954,430.0697,-3.0801,263.9183,0.2510,3.8000,-0.4500,349.6325,178.7762,356.0008,0.0000,0.0000,0.0000
94.079,429.8234,-3.2001,263.1078,0.2510,3.8000,-0.4500,350.0411,178.7489,356.4751,0.0000,0.0000,0.0000
94.204,429.6124,-3.2930,262.4135,0.2510,3.8000,-0.4500,350.3741,178.7293,356.8850,0.0000,0.0000,0.0000
94.330,429.4017,-3.3756,261.7198,0.2510,3.8000,-0.4500,350.6934,178.7129,357.2934,0.0000,0.0000,0.0000
94.430,429.2265,-3.4367,261.1423,0.2510,3.8000,-0.4500,350.9580,178.7010,357.6400,0.0000,0.0000,0.0000
94.538,429.0168,-3.4994,260.4500,0.2510,3.8000,-0.4500,351.2806,178.6888,358.0689,0.0000,0.0000,0.0000
94.663,428.8079,-3.5510,259.7585,0.2510,3.8000,-0.4500,351.6111,178.6788,358.5129,0.0000,0.0000,0.0000
94.763,428.6347,-3.5850,259.1826,0.2510,3.8000,-0.4500,351.8933,178.6723,358.8940,0.0000,0.0000,0.0000
94.871,428.4624,-3.6105,258.6062,0.2510,3.8000,-0.4500,352.1812,178.6677,359.2838,0.0000,0.0000,0.0000
94.996,428.2571,-3.6295,257.9142,0.2510,3.8000,-0.4500,352.5328,178.6647,359.7605,0.0000,0.0000,0.0000
95.121,428.0097,-3.6497,257.2657,0.2510,3.8000,-0.4500,352.9588,178.6651,0.3284,0.0000,0.0000,0.0000
95.236,427.8229,-3.6687,256.9661,0.2510,3.8000,-0.4500,353.2990,178.6683,0.7492,0.0000,0.0000,0.0000
95.345,427.5896,-3.6920,256.7814,0.2510,3.8000,-0.4500,353.7774,178.6769,1.2805,0.0000,0.0000,0.0000
95.454,427.3940,-3.7061,256.7447,0.2510,3.8000,-0.4500,354.2451,178.6894,1.7468,0.0000,0.0000,0.0000
95.567,427.1618,-3.7093,256.8013,0.2510,3.8000,-0.4500,354.8864,178.7123,2.3292,0.0000,0.0000,0.0000
95.677,426.9717,-3.6960,256.9067,0.2510,3.8000,-0.4500,355.4766,178.7390,2.8249,0.0000,0.0000,0.0000
95.802,426.7117,-3.6484,257.1122,0.2510,3.8000,-0.4500,356.3645,178.7884,3.5196,0.0000,0.0000,0.0000
95.912,426.5306,-3.5921,257.2860,0.2510,3.8000,-0.4500,357.0270,178.8321,4.0059,0.0000,0.0000,0.0000
96.037,426.2840,-3.4815,257.5534,0.2510,3.8000,-0.4500,357.9743,178.9040,4.6598,0.0000,0.0000,0.0000
96.163,426.0791,-3.3581,257.7975,0.2510,3.8000,-0.4500,358.7896,178.9743,5.1848,0.0000,0.0000,0.0000
96.273,425.9130,-3.2361,258.0081,0.2510,3.8000,-0.4500,359.4638,179.0379,5.5916,0.0000,0.0000,0.0000
96.398,425.6888,-3.0382,258.3327,0.2510,3.8000,-0.4500,0.3901,179.1329,6.1065,0.0000,0.0000,0.0000
96.511,425.5367,-2.8775,258.6147,0.2510,3.8000,-0.4500,1.0390,179.2042,6.4317,0.0000,0.0000,0.0000
96.621,425.3632,-2.6636,259.0096,0.2510,3.8000,-0.4500,1.8072,179.2932,6.7723,0.0000,0.0000,0.0000
96.732,425.2249,-2.4679,259.3755,0.2510,3.8000,-0.4500,2.4387,179.3696,7.0122,0.0000,0.0000,0.0000
96.857,425.0655,-2.2134,259.8450,0.2510,3.8000,-0.4500,3.1807,179.4626,7.2459,0.0000,0.0000,0.0000
96.982,424.8872,-1.8902,260.4183,0.2510,3.8000,-0.4500,4.0122,179.5701,7.4592,0.0000,0.0000,0.0000
97.107,424.7398,-1.5929,260.9211,0.2510,3.8000,-0.4500,4.6834,179.6592,7.6195,0.0000,0.0000,0.0000
97.207,424.6206,-1.3311,261.3434,0.2510,3.8000,-0.4500,5.2058,179.7299,7.7558,0.0000,0.0000,0.0000
97.315,424.5045,-1.0582,261.7667,0.2510,3.8000,-0.4500,5.6900,179.7968,7.9020,0.0000,0.0000,0.0000
97.441,424.3472,-0.6581,262.3588,0.2510,3.8000,-0.4500,6.2963,179.8826,8.1253,0.0000,0.0000,0.0000
97.565,424.2161,-0.3035,262.8663,0.2510,3.8000,-0.4500,6.6026,179.9270,8.2614,0.0000,0.0000,0.0000
97.690,424.0890,0.0636,263.3723,0.2510,3.8000,-0.4500,6.8943,179.9700,8.4216,0.0000,0.0000,0.0000
97.816,423.9657,0.4401,263.8764,0.2510,3.8000,-0.4500,7.1790,180.0130,8.6058,0.0000,0.0000,0.0000
97.926,423.8452,0.8240,264.3803,0.2510,3.8000,-0.4500,7.3728,180.0428,8.7741,0.0000,0.0000,0.0000
98.051,423.7265,1.2101,264.8844,0.2510,3.8000,-0.4500,7.4338,180.0524,8.8311,0.0000,0.0000,0.0000
98.176,423.6118,1.6040,265.3873,0.2510,3.8000,-0.4500,7.5804,180.0756,9.0235,0.0000,0.0000,0.0000
98.301,423.4813,2.0690,265.9739,0.2510,3.8000,-0.4500,7.7099,180.0966,9.2344,0.0000,0.0000,0.0000
98.426,423.3732,2.4754,266.4756,0.2510,3.8000,-0.4500,7.8466,180.1192,9.4440,0.0000,0.0000,0.0000
98.551,423.2681,2.8878,266.9760,0.2510,3.8000,-0.4500,8.0035,180.1459,9.6426,0.0000,0.0000,0.0000
98.665,423.1648,3.3043,267.4745,0.2510,3.8000,-0.4500,8.0564,180.1550,9.7034,0.0000,0.0000,0.0000
98.788,423.0654,3.7300,267.9680,0.2510,3.8000,-0.4500,8.3088,180.1991,9.9281,0.0000,0.0000,0.0000
98.899,422.9658,4.1558,268.4609,0.2510,3.8000,-0.4500,8.3088,180.1991,9.9281,0.0000,0.0000,0.0000
99.024,422.8684,4.5872,268.9505,0.2510,3.8000,-0.4500,8.4478,180.2239,10.0118,0.0000,0.0000,0.0000
99.148,422.7703,5.0171,269.4402,0.2510,3.8000,-0.4500,8.4478,180.2239,10.0118,0.0000,0.0000,0.0000
99.274,422.6718,5.4467,269.9295,0.2510,3.8000,-0.4500,8.4478,180.2239,10.0118,0.0000,0.0000,0.0000
99.398,422.5551,5.9421,270.5009,0.2510,3.8000,-0.4500,8.4478,180.2239,10.0118,0.0000,0.0000,0.0000
99.523,422.4528,6.3591,270.9917,0.2510,3.8000,-0.4500,8.4478,180.2239,10.0118,0.0000,0.0000,0.0000
99.649,422.3451,6.7621,271.4763,0.2510,3.8000,-0.4500,8.5342,180.2392,9.8701,0.0000,0.0000,0.0000
99.774,422.2265,7.1434,271.9307,0.2510,3.8000,-0.4500,8.6233,180.2547,9.4656,0.0000,0.0000,0.0000
99.887,422.0956,7.4984,272.3528,0.2510,3.8000,-0.4500,8.4923,180.2334,8.9322,0.0000,0.0000,0.0000
99.996,421.9778,7.7745,272.6843,0.2510,3.8000,-0.4500,8.2474,180.1955,8.4723,0.0000,0.0000,0.0000
100.121,421.7993,8.1271,273.1265,0.2510,3.8000,-0.4500,7.7541,180.1245,7.7843,0.0000,0.0000,0.0000
100.246,421.6337,8.3956,273.4926,0.2510,3.8000,-0.4500,7.2188,180.0538,7.1342,0.0000,0.0000,0.0000
100.359,421.4565,8.6292,273.8518,0.2510,3.8000,-0.4500,6.5923,179.9789,6.4193,0.0000,0.0000,0.0000
100.469,421.3001,8.7956,274.1478,0.2510,3.8000,-0.4500,6.0047,179.9158,5.7724,0.0000,0.0000,0.0000
100.593,421.1024,8.9581,274.5008,0.2510,3.8000,-0.4500,5.2249,179.8423,4.9355,0.0000,0.0000,0.0000
100.718,420.8587,9.0935,274.9104,0.2510,3.8000,-0.4500,4.2189,179.7646,3.8806,0.0000,0.0000,0.0000
100.829,420.6745,9.1515,275.1640,0.2510,3.8000,-0.4500,3.4422,179.7172,3.0800,0.0000,0.0000,0.0000
100.954,420.4414,9.1761,275.2781,0.2510,3.8000,-0.4500,2.4686,179.6733,2.0855,0.0000,0.0000,0.0000
101.067,420.2058,9.1590,275.1846,0.2510,3.8000,-0.4500,1.4970,179.6463,1.0917,0.0000,0.0000,0.0000
101.176,420.0107,9.1201,274.9823,0.2510,3.8000,-0.4500,0.7190,179.6369,0.2879,0.0000,0.0000,0.0000
101.302,419.7400,9.0356,274.5681,0.2510,3.8000,-0.4500,359.6967,179.6413,359.2146,0.0000,0.0000,0.0000
101.426,419.5099,8.9394,274.1346,0.2510,3.8000,-0.4500,358.8810,179.6587,358.3425,0.0000,0.0000,0.0000
101.551,419.2811,8.8236,273.6559,0.2510,3.8000,-0.4500,358.1111,179.6866,357.5077,0.0000,0.0000,0.0000
101.677,419.0555,8.6905,273.1154,0.2510,3.8000,-0.4500,357.3789,179.7236,356.7055,0.0000,0.0000,0.0000
101.802,418.7976,8.5193,272.3867,0.2510,3.8000,-0.4500,356.5744,179.7762,355.8145,0.0000,0.0000,0.0000
101.915,418.6163,8.3875,271.8190,0.2510,3.8000,-0.4500,356.0374,179.8185,355.2124,0.0000,0.0000,0.0000
102.023,418.4009,8.2194,271.1044,0.2510,3.8000,-0.4500,355.4328,179.8729,354.5277,0.0000,0.0000,0.0000
102.148,418.1876,8.0406,270.3669,0.2510,3.8000,-0.4500,354.8669,179.9305,353.8820,0.0000,0.0000,0.0000
102.274,417.9762,7.8504,269.6157,0.2510,3.8000,-0.4500,354.3333,179.9909,353.2715,0.0000,0.0000,0.0000
102.385,417.7665,7.6497,268.8561,0.2510,3.8000,-0.4500,353.8277,180.0535,352.6946,0.0000,0.0000,0.0000
102.510,417.5586,7.4381,268.0910,0.2510,3.8000,-0.4500,353.3468,180.1179,352.1502,0.0000,0.0000,0.0000
102.635,417.3523,7.2169,267.3223,0.2510,3.8000,-0.4500,352.8892,180.1835,351.6387,0.0000,0.0000,0.0000
102.749,417.1480,6.9860,266.5508,0.2510,3.8000,-0.4500,352.4543,180.2498,351.1610,0.0000,0.0000,0.0000
102.857,416.9790,6.7877,265.9062,0.2510,3.8000,-0.4500,352.1092,180.3051,350.7897,0.0000,0.0000,0.0000
102.971,416.7778,6.5421,265.1310,0.2510,3.8000,-0.4500,351.7160,180.3710,350.3776,0.0000,0.0000,0.0000
103.079,416.5784,6.2904,264.3541,0.2510,3.8000,-0.4500,351.3458,180.4357,350.0031,0.0000,0.0000,0.0000
103.204,416.3805,6.0334,263.5757,0.2510,3.8000,-0.4500,351.0468,180.4899,349.7144,0.0000,0.0000,0.0000
103.315,416.2164,5.8169,262.9263,0.2510,3.8000,-0.4500,350.8569,180.5251,349.5406,0.0000,0.0000,0.0000
103.440,415.9884,5.5089,262.0180,0.2510,3.8000,-0.4500,350.6675,180.5608,349.3718,0.0000,0.0000,0.0000
103.565,415.7935,5.2352,261.2428,0.2510,3.8000,-0.4500,350.2633,180.6389,349.0470,0.0000,0.0000,0.0000
103.690,415.5998,4.9652,260.4684,0.2510,3.8000,-0.4500,350.1977,180.6518,349.0007,0.0000,0.0000,0.0000
103.803,415.4063,4.6917,259.6960,0.2510,3.8000,-0.4500,350.0612,180.6789,348.9089,0.0000,0.0000,0.0000
103.913,415.2455,4.4603,259.0536,0.2510,3.8000,-0.4500,349.8463,180.7219,348.7859,0.0000,0.0000,0.0000
104.037,415.0528,4.1857,258.2831,0.2510,3.8000,-0.4500,349.7706,180.7372,348.7554,0.0000,0.0000,0.0000
104.148,414.8601,3.9110,257.5138,0.2510,3.8000,-0.4500,349.6192,180.7679,348.6988,0.0000,0.0000,0.0000
104.274,414.6673,3.6393,256.7446,0.2510,3.8000,-0.4500,349.6192,180.7679,348.6988,0.0000,0.0000,0.0000
104.398,414.4422,3.3245,255.8491,0.2510,3.8000,-0.4500,349.4627,180.7997,348.6890,0.0000,0.0000,0.0000
104.524,414.2491,3.0589,255.0821,0.2510,3.8000,-0.4500,349.3875,180.8150,348.7095,0.0000,0.0000,0.0000
104.635,414.0882,2.8421,254.4449,0.2510,3.8000,-0.4500,349.1759,180.8578,348.8253,0.0000,0.0000,0.0000
104.749,413.8939,2.5863,253.6794,0.2510,3.8000,-0.4500,349.1210,180.8688,348.8836,0.0000,0.0000,0.0000
104.872,413.6991,2.3389,252.9159,0.2510,3.8000,-0.4500,348.9767,180.8974,349.0809,0.0000,0.0000,0.0000
104.997,413.5034,2.1008,252.1543,0.2510,3.8000,-0.4500,348.8162,180.9285,349.4620,0.0000,0.0000,0.0000
105.107,413.3060,1.8710,251.3940,0.2510,3.8000,-0.4500,348.7668,180.9377,349.8000,0.0000,0.0000,0.0000
105.232,413.1071,1.6515,250.6392,0.2510,3.8000,-0.4500,348.7524,180.9403,350.3029,0.0000,0.0000,0.0000
105.357,412.9057,1.4381,249.8909,0.2510,3.8000,-0.4500,348.7845,180.9349,350.6391,0.0000,0.0000,0.0000
105.482,412.6694,1.2042,249.0270,0.2510,3.8000,-0.4500,348.8860,180.9184,351.2614,0.0000,0.0000,0.0000
105.594,412.4991,1.0457,248.4149,0.2510,3.8000,-0.4500,348.9796,180.9041,351.6971,0.0000,0.0000,0.0000
105.707,412.2933,0.8646,247.6849,0.2510,3.8000,-0.4500,349.1111,180.8852,352.2186,0.0000,0.0000,0.0000
105.815,412.1207,0.7229,247.0800,0.2510,3.8000,-0.4500,349.2356,180.8685,352.6602,0.0000,0.0000,0.0000
105.927,411.9127,0.5633,246.3574,0.2510,3.8000,-0.4500,349.4025,180.8474,353.2017,0.0000,0.0000,0.0000
106.051,411.7037,0.4166,245.6384,0.2510,3.8000,-0.4500,349.5881,180.8258,353.7555,0.0000,0.0000,0.0000
106.176,411.4940,0.2819,244.9223,0.2510,3.8000,-0.4500,349.7914,180.8042,354.3171,0.0000,0.0000,0.0000
106.301,411.2489,0.1410,244.0904,0.2510,3.8000,-0.4500,350.0497,180.7797,354.9758,0.0000,0.0000,0.0000
106.415,411.0736,0.0504,243.4981,0.2510,3.8000,-0.4500,350.2472,180.7628,355.4431,0.0000,0.0000,0.0000
106.524,410.8633,-0.0475,242.7892,0.2510,3.8000,-0.4500,350.4977,180.7438,355.9943,0.0000,0.0000,0.0000
106.648,410.6533,-0.1337,242.0822,0.2510,3.8000,-0.4500,350.7617,180.7264,356.5280,0.0000,0.0000,0.0000
106.773,410.4435,-0.2096,241.3764,0.2510,3.8000,-0.4500,351.0381,180.7107,357.0364,0.0000,0.0000,0.0000
106.885,410.2343,-0.2756,240.6719,0.2510,3.8000,-0.4500,351.3253,180.6969,357.5112,0.0000,0.0000,0.0000
106.998,410.0255,-0.3335,239.9679,0.2510,3.8000,-0.4500,351.6224,180.6850,357.9438,0.0000,0.0000,0.0000
107.107,409.8512,-0.3790,239.3818,0.2510,3.8000,-0.4500,351.7743,180.6797,358.1416,0.0000,0.0000,0.0000
107.232,409.6436,-0.4240,238.6780,0.2510,3.8000,-0.4500,352.1235,180.6695,358.5187,0.0000,0.0000,0.0000
107.357,409.4352,-0.4685,237.9746,0.2510,3.8000,-0.4500,352.3078,180.6650,358.6820,0.0000,0.0000,0.0000
107.468,409.2281,-0.5048,237.2698,0.2510,3.8000,-0.4500,352.7218,180.6564,358.9606,0.0000,0.0000,0.0000
107.594,409.0172,-0.5472,236.6146,0.2510,3.8000,-0.4500,352.8018,180.6550,358.9977,0.0000,0.0000,0.0000
107.704,408.7925,-0.6003,236.1940,0.2510,3.8000,-0.4500,353.2976,180.6472,359.2170,0.0000,0.0000,0.0000
107.829,408.5602,-0.6791,236.0667,0.2510,3.8000,-0.4500,353.5962,180.6434,359.3607,0.0000,0.0000,0.0000
107.942,408.3313,-0.7723,236.1845,0.2510,3.8000,-0.4500,353.9576,180.6400,359.5720,0.0000,0.0000,0.0000
108.051,408.1448,-0.8532,236.4169,0.2510,3.8000,-0.4500,354.2986,180.6382,359.8201,0.0000,0.0000,0.0000
108.177,407.9246,-0.9501,236.8049,0.2510,3.8000,-0.4500,354.6253,180.6379,0.0874,0.0000,0.0000,0.0000
108.301,407.6726,-1.0506,237.3516,0.2510,3.8000,-0.4500,355.0929,180.6403,0.4852,0.0000,0.0000,0.0000
108.426,407.4588,-1.1254,237.8683,0.2510,3.8000,-0.4500,355.4285,180.6439,0.7529,0.0000,0.0000,0.0000
108.552,407.2472,-1.1844,238.4099,0.2510,3.8000,-0.4500,355.8622,180.6508,1.0531,0.0000,0.0000,0.0000
108.676,407.0363,-1.2319,238.9673,0.2510,3.8000,-0.4500,356.1581,180.6568,1.2257,0.0000,0.0000,0.0000
108.789,406.8269,-1.2622,239.5321,0.2510,3.8000,-0.4500,356.6608,180.6685,1.4452,0.0000,0.0000,0.0000
108.903,406.6182,-1.2800,240.1016,0.2510,3.8000,-0.4500,357.1636,180.6820,1.5982,0.0000,0.0000,0.0000
109.026,406.4095,-1.2875,240.6737,0.2510,3.8000,-0.4500,357.5792,180.6938,1.6630,0.0000,0.0000,0.0000
109.151,406.2009,-1.2838,241.2460,0.2510,3.8000,-0.4500,358.0936,180.7089,1.6750,0.0000,0.0000,0.0000
109.267,405.9920,-1.2713,241.8182,0.2510,3.8000,-0.4500,358.5958,180.7234,1.6188,0.0000,0.0000,0.0000
109.369,405.8175,-1.2554,242.2951,0.2510,3.8000,-0.4500,358.9341,180.7327,1.5380,0.0000,0.0000,0.0000
109.495,405.6073,-1.2296,242.8654,0.2510,3.8000,-0.4500,359.4572,180.7460,1.3597,0.0000,0.0000,0.0000
109.620,405.3606,-1.1922,243.5289,0.2510,3.8000,-0.4500,0.0499,180.7587,1.0839,0.0000,0.0000,0.0000
109.746,405.1475,-1.1550,244.0956,0.2510,3.8000,-0.4500,0.5454,180.7669,0.7946,0.0000,0.0000,0.0000
109.872,404.9329,-1.1138,244.6604,0.2510,3.8000,-0.4500,1.0350,180.7722,0.4608,0.0000,0.0000,0.0000
109.984,404.7164,-1.0693,245.2230,0.2510,3.8000,-0.4500,1.5214,180.7746,0.0875,0.0000,0.0000,0.0000
110.093,404.5345,-1.0302,245.6902,0.2510,3.8000,-0.4500,1.9250,180.7740,359.7506,0.0000,0.0000,0.0000
110.218,404.2772,-0.9727,246.3416,0.2510,3.8000,-0.4500,2.4871,180.7691,359.2471,0.0000,0.0000,0.0000
110.318,404.0917,-0.9300,246.8051,0.2510,3.8000,-0.4500,2.8863,180.7626,358.8701,0.0000,0.0000,0.0000
110.426,403.9046,-0.8860,247.2671,0.2510,3.8000,-0.4500,3.2830,180.7534,358.4830,0.0000,0.0000,0.0000
110.553,403.6781,-0.8317,247.8195,0.2510,3.8000,-0.4500,3.7552,180.7389,358.0108,0.0000,0.0000,0.0000
110.662,403.4492,-0.7757,248.3701,0.2510,3.8000,-0.4500,4.2215,180.7207,357.5367,0.0000,0.0000,0.0000
110.787,403.2180,-0.7180,248.9188,0.2510,3.8000,-0.4500,4.6802,180.6991,357.0670,0.0000,0.0000,0.0000
110.887,403.0238,-0.6686,249.3747,0.2510,3.8000,-0.4500,5.0550,180.6785,356.6836,0.0000,0.0000,0.0000
110.997,402.8280,-0.6178,249.8295,0.2510,3.8000,-0.4500,5.4211,180.6560,356.3106,0.0000,0.0000,0.0000
111.106,402.5911,-0.5551,250.3737,0.2510,3.8000,-0.4500,5.8462,180.6269,355.8811,0.0000,0.0000,0.0000
111.232,402.3522,-0.4904,250.9166,0.2510,3.8000,-0.4500,6.2514,180.5961,355.4756,0.0000,0.0000,0.0000
111.357,402.1115,-0.4238,251.4582,0.2510,3.8000,-0.4500,6.6319,180.5645,355.0979,0.0000,0.0000,0.0000
111.482,401.8293,-0.3429,252.0895,0.2510,3.8000,-0.4500,6.9255,180.5384,354.8067,0.0000,0.0000,0.0000
111.607,401.5855,-0.2733,252.6295,0.2510,3.8000,-0.4500,7.2278,180.5099,354.5005,0.0000,0.0000,0.0000
111.720,401.3413,-0.2015,253.1697,0.2510,3.8000,-0.4500,7.3419,180.4987,354.3824,0.0000,0.0000,0.0000
111.829,401.1365,-0.1434,253.6192,0.2510,3.8000,-0.4500,7.5039,180.4823,354.2003,0.0000,0.0000,0.0000
111.955,400.8909,-0.0736,254.1595,0.2510,3.8000,-0.4500,7.5539,180.4772,354.1370,0.0000,0.0000,0.0000
112.079,400.6029,0.0047,254.7894,0.2510,3.8000,-0.4500,7.6945,180.4624,353.9370,0.0000,0.0000,0.0000
112.204,400.3550,0.0751,255.3289,0.2510,3.8000,-0.4500,7.7921,180.4518,353.8064,0.0000,0.0000,0.0000
112.316,400.1470,0.1377,255.7763,0.2510,3.8000,-0.4500,8.0565,180.4223,353.5846,0.0000,0.0000,0.0000
112.427,399.8965,0.2225,256.3114,0.2510,3.8000,-0.4500,8.2663,180.3981,353.4507,0.0000,0.0000,0.0000
112.551,399.6439,0.3208,256.8410,0.2510,3.8000,-0.4500,8.7840,180.3373,353.3023,0.0000,0.0000,0.0000
112.662,399.3899,0.4344,257.3655,0.2510,3.8000,-0.4500,9.3215,180.2730,353.2429,0.0000,0.0000,0.0000
112.777,399.1770,0.5417,257.7979,0.2510,3.8000,-0.4500,9.7700,180.2191,353.2496,0.0000,0.0000,0.0000
112.885,398.9203,0.6859,258.3102,0.2510,3.8000,-0.4500,10.3162,180.1537,353.3064,0.0000,0.0000,0.0000
112.995,398.7053,0.8194,258.7311,0.2510,3.8000,-0.4500,10.7785,180.0988,353.3852,0.0000,0.0000,0.0000
113.121,398.4031,1.0264,259.3105,0.2510,3.8000,-0.4500,11.4275,180.0230,353.5345,0.0000,0.0000,0.0000
113.245,398.1432,1.2221,259.7973,0.2510,3.8000,-0.4500,11.9737,179.9605,353.6932,0.0000,0.0000,0.0000
113.371,397.8830,1.4337,260.2751,0.2510,3.8000,-0.4500,12.4978,179.9021,353.8759,0.0000,0.0000,0.0000
113.483,397.6225,1.6604,260.7441,0.2510,3.8000,-0.4500,12.9885,179.8490,354.0790,0.0000,0.0000,0.0000
113.593,397.4057,1.8597,261.1283,0.2510,3.8000,-0.4500,13.3645,179.8095,354.2611,0.0000,0.0000,0.0000
113.718,397.1024,2.1520,261.6586,0.2510,3.8000,-0.4500,13.7310,179.7724,354.4780,0.0000,0.0000,0.0000
113.831,396.8861,2.3678,262.0325,0.2510,3.8000,-0.4500,13.8696,179.7587,354.5685,0.0000,0.0000,0.0000
113.941,396.6279,2.6397,262.4735,0.2510,3.8000,-0.4500,14.1958,179.7275,354.8317,0.0000,0.0000,0.0000
114.051,396.4128,2.8678,262.8394,0.2510,3.8000,-0.4500,14.2529,179.7222,354.8851,0.0000,0.0000,0.0000
114.176,396.1569,3.1518,263.2726,0.2510,3.8000,-0.4500,14.4611,179.7034,355.1436,0.0000,0.0000,0.0000
114.301,395.8597,3.4862,263.7760,0.2510,3.8000,-0.4500,14.5596,179.6950,355.3759,0.0000,0.0000,0.0000
114.427,395.6065,3.7726,264.2063,0.2510,3.8000,-0.4500,14.5862,179.6928,355.4529,0.0000,0.0000,0.0000
114.551,395.3564,4.0625,264.6355,0.2510,3.8000,-0.4500,14.5743,179.6937,355.7862,0.0000,0.0000,0.0000
114.665,395.1080,4.3479,265.0666,0.2510,3.8000,-0.4500,14.4766,179.7009,356.0195,0.0000,0.0000,0.0000
114.774,394.9035,4.5828,265.4283,0.2510,3.8000,-0.4500,14.2808,179.7144,356.3026,0.0000,0.0000,0.0000
114.899,394.6205,4.9019,265.9411,0.2510,3.8000,-0.4500,13.8136,179.7438,356.6870,0.0000,0.0000,0.0000
115.010,394.4199,5.1204,266.3128,0.2510,3.8000,-0.4500,13.4155,179.7667,356.8835,0.0000,0.0000,0.0000
115.135,394.1808,5.3699,266.7661,0.2510,3.8000,-0.4500,12.8664,179.7965,357.0633,0.0000,0.0000,0.0000
115.260,393.9041,5.6412,267.3062,0.2510,3.8000,-0.4500,12.1223,179.8344,357.2232,0.0000,0.0000,0.0000
115.385,393.6688,5.8534,267.7801,0.2510,3.8000,-0.4500,11.3945,179.8698,357.3286,0.0000,0.0000,0.0000
115.497,393.4738,6.0142,268.1833,0.2510,3.8000,-0.4500,10.7251,179.9012,357.3969,0.0000,0.0000,0.0000
115.621,393.2025,6.2113,268.7611,0.2510,3.8000,-0.4500,9.6958,179.9480,357.4641,0.0000,0.0000,0.0000
115.734,393.0097,6.3303,269.1835,0.2510,3.8000,-0.4500,8.8984,179.9836,357.4920,0.0000,0.0000,0.0000
115.857,392.7798,6.4467,269.7009,0.2510,3.8000,-0.4500,7.8780,180.0286,357.5039,0.0000,0.0000,0.0000
115.982,392.5130,6.5436,270.3187,0.2510,3.8000,-0.4500,6.6094,180.0845,357.4882,0.0000,0.0000,0.0000
116.093,392.3235,6.5854,270.7690,0.2510,3.8000,-0.4500,5.6585,180.1267,357.4580,0.0000,0.0000,0.0000
116.205,392.0974,6.6039,271.3181,0.2510,3.8000,-0.4500,4.4774,180.1799,357.4015,0.0000,0.0000,0.0000
116.330,391.8725,6.5869,271.8755,0.2510,3.8000,-0.4500,3.2626,180.2359,357.3235,0.0000,0.0000,0.0000
116.454,391.6489,6.5333,272.4402,0.2510,3.8000,-0.4500,2.0264,180.2948,357.2249,0.0000,0.0000,0.0000
116.565,391.4268,6.4429,273.0105,0.2510,3.8000,-0.4500,0.7808,180.3565,357.1061,0.0000,0.0000,0.0000
116.690,391.2063,6.3157,273.5848,0.2510,3.8000,-0.4500,359.5396,180.4207,356.9675,0.0000,0.0000,0.0000
116.815,390.9875,6.1524,274.1614,0.2510,3.8000,-0.4500,358.3156,180.4872,356.8091,0.0000,0.0000,0.0000
116.916,390.8066,5.9891,274.6426,0.2510,3.8000,-0.4500,357.3186,180.5441,356.6615,0.0000,0.0000,0.0000
117.025,390.5913,5.7616,275.2196,0.2510,3.8000,-0.4500,356.1602,180.6137,356.4648,0.0000,0.0000,0.0000
117.135,390.4134,5.5472,275.6992,0.2510,3.8000,-0.4500,355.2347,180.6725,356.2831,0.0000,0.0000,0.0000
117.260,390.1669,5.2099,276.3672,0.2510,3.8000,-0.4500,354.0125,180.7552,355.9989,0.0000,0.0000,0.0000
117.385,389.9581,4.8889,276.9362,0.2510,3.8000,-0.4500,353.0432,180.8257,355.7238,0.0000,0.0000,0.0000
117.511,389.7518,4.5403,277.5009,0.2510,3.8000,-0.4500,352.1547,180.8950,355.4188,0.0000,0.0000,0.0000
117.635,389.5481,4.1676,278.0597,0.2510,3.8000,-0.4500,351.3539,180.9621,355.0938,0.0000,0.0000,0.0000
117.760,389.3123,3.7089,278.6842,0.2510,3.8000,-0.4500,350.5387,181.0357,354.7166,0.0000,0.0000,0.0000
117.885,389.1114,3.3026,279.1906,0.2510,3.8000,-0.4500,349.9482,181.0926,354.4193,0.0000,0.0000,0.0000
117.997,388.9445,2.9572,279.5950,0.2510,3.8000,-0.4500,349.5345,181.1345,354.2017,0.0000,0.0000,0.0000
118.107,388.7453,2.5439,280.0640,0.2510,3.8000,-0.4500,349.4603,181.1422,354.1620,0.0000,0.0000,0.0000
118.220,388.5456,2.1197,280.5233,0.2510,3.8000,-0.4500,349.0870,181.1817,353.9621,0.0000,0.0000,0.0000
118.329,388.3799,1.7710,280.8997,0.2510,3.8000,-0.4500,349.0870,181.1817,353.9621,0.0000,0.0000,0.0000
118.454,388.1805,1.3526,281.3484,0.2510,3.8000,-0.4500,349.0870,181.1817,353.9621,0.0000,0.0000,0.0000
118.565,387.9806,0.9386,281.7955,0.2510,3.8000,-0.4500,349.0870,181.1817,353.9621,0.0000,0.0000,0.0000
118.690,387.7801,0.5316,282.2425,0.2510,3.8000,-0.4500,349.0870,181.1817,353.9621,0.0000,0.0000,0.0000
118.804,387.5788,0.1359,282.6902,0.2510,3.8000,-0.4500,349.0870,181.1817,353.9621,0.0000,0.0000,0.0000
118.913,387.4104,-0.1837,283.0645,0.2510,3.8000,-0.4500,349.0870,181.1817,353.9621,0.0000,0.0000,0.0000
119.024,387.2079,-0.5501,283.5154,0.2510,3.8000,-0.4500,349.1346,181.1766,354.0413,0.0000,0.0000,0.0000
119.148,387.0044,-0.8868,283.9693,0.2510,3.8000,-0.4500,349.5044,181.1391,354.5677,0.0000,0.0000,0.0000
119.274,386.7975,-1.2028,284.4254,0.2510,3.8000,-0.4500,349.9394,181.0992,355.0894,0.0000,0.0000,0.0000
119.399,386.5520,-1.5413,284.9602,0.2510,3.8000,-0.4500,350.4881,181.0543,355.6999,0.0000,0.0000,0.0000
119.524,386.3388,-1.8038,285.4205,0.2510,3.8000,-0.4500,350.9828,181.0191,356.2532,0.0000,0.0000,0.0000
119.638,386.1235,-2.0390,285.8823,0.2510,3.8000,-0.4500,351.4882,180.9882,356.8456,0.0000,0.0000,0.0000
119.749,385.9430,-2.2143,286.2682,0.2510,3.8000,-0.4500,351.9073,180.9668,357.3700,0.0000,0.0000,0.0000
119.862,385.7253,-2.3995,286.7307,0.2510,3.8000,-0.4500,352.3941,180.9470,358.0336,0.0000,0.0000,0.0000
119.973,385.5421,-2.5323,287.0952,0.2510,3.8000,-0.4500,352.7749,180.9357,358.6119,0.0000,0.0000,0.0000
