time_sec,world_x,world_y,world_z,local_x,local_y,local_z,world_rot_x,world_rot_y,world_rot_z,local_rot_x,local_rot_y,local_rot_z
0.000,598.8699,5.2478,250.4535,0.2510,3.8000,-0.4500,0.0000,180.0000,0.0000,0.0000,0.0000,0.0000
0.000,598.8699,5.2478,250.4535,0.2510,3.8000,-0.4500,0.0000,180.0000,0.0000,0.0000,0.0000,0.0000
0.107,598.6015,5.0092,250.4589,0.2510,3.8000,-0.4500,0.0000,180.0000,0.0000,0.0000,0.0000,0.0000
0.221,598.2777,4.7300,250.4630,0.2510,3.8000,-0.4500,0.0000,180.0000,0.0000,0.0000,0.0000,0.0000
0.347,597.6887,4.2305,250.4681,0.2510,3.8000,-0.4500,0.0000,180.0000,0.0000,0.0000,0.0000,0.0000
0.459,597.1816,3.8045,250.4713,0.2510,3.8000,-0.4500,0.0000,180.0000,0.0000,0.0000,0.0000,0.0000
0.571,596.4907,3.2258,250.4562,0.2510,3.8000,-0.4500,0.0000,180.0000,0.0000,0.0000,0.0000,0.0000
0.681,595.8580,2.6930,250.3769,0.2510,3.8000,-0.4500,0.0000,180.0000,0.0000,0.0000,0.0000,0.0000
0.792,595.0416,1.9998,250.1642,0.2510,3.8000,-0.4500,0.0000,180.0000,0.0000,0.0000,0.0000,0.0000
0.904,594.3201,1.3816,249.8797,0.2510,3.8000,-0.4500,0.0000,180.0000,0.0000,0.0000,0.0000,0.0000
1.015,593.4113,0.5966,249.4095,0.2510,3.8000,-0.4500,0.0000,180.0000,0.0000,0.0000,0.0000,0.0000
1.126,592.4613,-0.2305,248.8063,0.2510,3.8000,-0.4500,0.0000,180.0000,0.0000,0.0000,0.0000,0.0000
1.237,591.8171,-0.7938,248.3401,0.2510,3.8000,-0.4500,359.4717,180.0000,0.0013,0.0000,0.0000,0.0000
1.350,591.2803,-1.1519,247.9017,0.2510,3.8000,-0.4500,358.2300,179.9999,0.0041,0.0000,0.0000,0.0000
1.460,590.9452,-1.2276,247.5920,0.2510,3.8000,-0.4500,357.5810,179.9999,0.0054,0.0000,0.0000,0.0000
1.571,590.6174,-1.1541,247.2550,0.2510,3.8000,-0.4500,357.4917,179.9999,0.0056,0.0000,0.0000,0.0000
1.682,590.3795,-1.0391,246.9918,0.2510,3.8000,-0.4500,357.4917,179.9999,0.0056,0.0000,0.0000,0.0000
1.793,590.1170,-0.9098,246.6880,0.2510,3.8000,-0.4500,357.4917,179.9999,0.0056,0.0000,0.0000,0.0000
1.904,589.9091,-0.8400,246.4398,0.2510,3.8000,-0.4500,357.4917,179.9999,0.0056,0.0000,0.0000,0.0000
2.016,589.6667,-0.8119,246.1444,0.2510,3.8000,-0.4500,357.4917,179.9999,0.0056,0.0000,0.0000,0.0000
2.127,589.4286,-0.8349,245.8501,0.2510,3.8000,-0.4500,357.4917,179.9999,0.0056,0.0000,0.0000,0.0000
2.238,589.2319,-0.8789,245.6052,0.2510,3.8000,-0.4500,357.4917,179.9999,0.0056,0.0000,0.0000,0.0000
2.350,588.9971,-0.9446,245.3120,0.2510,3.8000,-0.4500,357.4917,179.9999,0.0056,0.0000,0.0000,0.0000
2.460,588.8020,-1.0000,245.0683,0.2510,3.8000,-0.4500,357.4917,179.9999,0.0056,0.0000,0.0000,0.0000
2.572,588.5682,-1.0600,244.7768,0.2510,3.8000,-0.4500,357.4917,179.9999,0.0056,0.0000,0.0000,0.0000
2.682,588.3735,-1.1030,244.5347,0.2510,3.8000,-0.4500,357.4917,179.9999,0.0056,0.0000,0.0000,0.0000
2.793,588.1398,-1.1469,244.2448,0.2510,3.8000,-0.4500,357.4917,179.9999,0.0056,0.0000,0.0000,0.0000
2.906,587.9062,-1.1855,243.9557,0.2510,3.8000,-0.4500,357.4917,179.9999,0.0056,0.0000,0.0000,0.0000
3.015,587.7109,-1.2170,243.7230,0.2510,3.8000,-0.4500,357.4109,179.9999,-0.0015,0.0000,0.0000,0.0000
3.126,587.4749,-1.2554,243.4656,0.2510,3.8000,-0.4500,357.4109,179.9999,-0.0015,0.0000,0.0000,0.0000
3.238,587.2766,-1.2896,243.2697,0.2510,3.8000,-0.4500,357.4109,179.9998,-0.0015,0.0000,0.0000,0.0000
3.349,587.0372,-1.3340,243.0527,0.2510,3.8000,-0.4500,357.4109,179.9998,-0.0015,0.0000,0.0000,0.0000
3.460,586.8369,-1.3733,242.8827,0.2510,3.8000,-0.4500,357.4109,179.9998,-0.0015,0.0000,0.0000,0.0000
3.572,586.5956,-1.4225,242.6878,0.2510,3.8000,-0.4500,357.4109,179.9998,-0.0015,0.0000,0.0000,0.0000
3.683,586.3940,-1.4649,242.5304,0.2510,3.8000,-0.4500,357.4109,179.9998,-0.0015,0.0000,0.0000,0.0000
3.794,586.1519,-1.5166,242.3454,0.2510,3.8000,-0.4500,357.4109,179.9998,-0.0015,0.0000,0.0000,0.0000
3.906,585.9092,-1.5711,242.1640,0.2510,3.8000,-0.4500,357.2500,179.9999,359.9562,0.0000,0.0000,0.0000
4.016,585.7068,-1.6150,242.0141,0.2510,3.8000,-0.4500,357.2500,179.9999,359.9562,0.0000,0.0000,0.0000
4.126,585.4623,-1.6689,241.8530,0.2510,3.8000,-0.4500,357.2500,179.9999,359.9562,0.0000,0.0000,0.0000
4.252,585.2148,-1.7250,241.7255,0.2510,3.8000,-0.4500,357.2500,179.9999,359.9562,0.0000,0.0000,0.0000
4.366,584.9645,-1.7834,241.6286,0.2510,3.8000,-0.4500,357.2500,179.9999,359.9562,0.0000,0.0000,0.0000
4.488,584.7122,-1.8434,241.5542,0.2510,3.8000,-0.4500,357.2500,179.9999,359.9562,0.0000,0.0000,0.0000
4.599,584.5007,-1.8945,241.5043,0.2510,3.8000,-0.4500,357.2500,179.9999,359.9563,0.0000,0.0000,0.0000
4.710,584.2461,-1.9564,241.4542,0.2510,3.8000,-0.4500,357.2500,179.9999,359.9563,0.0000,0.0000,0.0000
4.821,584.0332,-2.0081,241.4177,0.2510,3.8000,-0.4500,357.2500,179.9999,359.9563,0.0000,0.0000,0.0000
4.933,583.7774,-2.0700,241.3780,0.2510,3.8000,-0.4500,357.2500,179.9999,359.9563,0.0000,0.0000,0.0000
5.043,583.5641,-2.1210,241.3469,0.2510,3.8000,-0.4500,357.2500,179.9999,359.9563,0.0000,0.0000,0.0000
5.155,583.3135,-2.1791,241.2439,0.2510,3.8000,-0.4500,357.2500,179.9999,359.9563,0.0000,0.0000,0.0000
5.266,583.0800,-2.2244,240.9056,0.2510,3.8000,-0.4500,357.2500,179.9999,359.9563,0.0000,0.0000,0.0000
5.377,582.8961,-2.2523,240.4702,0.2510,3.8000,-0.4500,357.2500,179.9999,359.9563,0.0000,0.0000,0.0000
5.502,582.6819,-2.2779,239.8456,0.2510,3.8000,-0.4500,357.2500,179.9999,359.9563,0.0000,0.0000,0.0000
5.613,582.4717,-2.2985,239.1700,0.2510,3.8000,-0.4500,357.2500,179.9999,359.9563,0.0000,0.0000,0.0000
5.724,582.2977,-2.3135,238.5927,0.2510,3.8000,-0.4500,357.2500,179.9999,359.9563,0.0000,0.0000,0.0000
5.836,582.0895,-2.3298,237.8962,0.2510,3.8000,-0.4500,357.2500,179.9999,359.9563,0.0000,0.0000,0.0000
5.946,581.8816,-2.3450,237.2007,0.2510,3.8000,-0.4500,357.2500,179.9999,359.9563,0.0000,0.0000,0.0000
6.058,581.7086,-2.3567,236.6231,0.2510,3.8000,-0.4500,357.2500,179.9999,359.9563,0.0000,0.0000,0.0000
6.168,581.5013,-2.3698,235.9295,0.2510,3.8000,-0.4500,357.2500,179.9999,359.9563,0.0000,0.0000,0.0000
6.280,581.3298,-2.3786,235.3316,0.2510,3.8000,-0.4500,357.2500,180.0000,359.9563,0.0000,0.0000,0.0000
6.391,581.1243,-2.3873,234.6114,0.2510,3.8000,-0.4500,357.2500,180.0000,359.9563,0.0000,0.0000,0.0000
6.516,580.9172,-2.3955,233.9241,0.2510,3.8000,-0.4500,357.2500,180.0000,359.9563,0.0000,0.0000,0.0000
6.627,580.7079,-2.4039,233.2813,0.2510,3.8000,-0.4500,357.2500,180.0000,359.9563,0.0000,0.0000,0.0000
6.738,580.5320,-2.4107,232.7765,0.2510,3.8000,-0.4500,357.2500,180.0000,359.9563,0.0000,0.0000,0.0000
6.848,580.3195,-2.4184,232.1996,0.2510,3.8000,-0.4500,357.2500,180.0000,359.9563,0.0000,0.0000,0.0000
6.959,580.1417,-2.4239,231.7363,0.2510,3.8000,-0.4500,357.2500,180.0000,359.9563,0.0000,0.0000,0.0000
7.086,579.8920,-2.4296,231.1055,0.2510,3.8000,-0.4500,357.2500,179.9999,359.9563,0.0000,0.0000,0.0000
7.210,579.6782,-2.4305,230.5762,0.2510,3.8000,-0.4500,357.2807,179.9999,0.0349,0.0000,0.0000,0.0000
7.322,579.4979,-2.4284,230.1773,0.2510,3.8000,-0.4500,357.3469,180.0000,0.1880,0.0000,0.0000,0.0000
7.446,579.2333,-2.4270,229.7878,0.2510,3.8000,-0.4500,357.4712,180.0007,0.4070,0.0000,0.0000,0.0000
7.558,579.0347,-2.4291,229.6360,0.2510,3.8000,-0.4500,357.5129,180.0010,0.4757,0.0000,0.0000,0.0000
7.668,578.7928,-2.4283,229.5642,0.2510,3.8000,-0.4500,357.6760,180.0026,0.6712,0.0000,0.0000,0.0000
7.779,578.5905,-2.4265,229.5724,0.2510,3.8000,-0.4500,357.7882,180.0041,0.7907,0.0000,0.0000,0.0000
7.891,578.3488,-2.4194,229.6374,0.2510,3.8000,-0.4500,357.9749,180.0069,0.9592,0.0000,0.0000,0.0000
8.016,578.1085,-2.4064,229.7419,0.2510,3.8000,-0.4500,358.1685,180.0104,1.1187,0.0000,0.0000,0.0000
8.127,577.8698,-2.3850,229.8704,0.2510,3.8000,-0.4500,358.4548,180.0165,1.3192,0.0000,0.0000,0.0000
8.238,577.6716,-2.3635,229.9897,0.2510,3.8000,-0.4500,358.5930,180.0198,1.4113,0.0000,0.0000,0.0000
8.349,577.4352,-2.3286,230.1409,0.2510,3.8000,-0.4500,358.8724,180.0271,1.5836,0.0000,0.0000,0.0000
8.474,577.1998,-2.2858,230.2984,0.2510,3.8000,-0.4500,359.1636,180.0356,1.7511,0.0000,0.0000,0.0000
8.585,576.9656,-2.2355,230.4601,0.2510,3.8000,-0.4500,359.4563,180.0450,1.9110,0.0000,0.0000,0.0000
8.710,576.7319,-2.1802,230.6253,0.2510,3.8000,-0.4500,359.5990,180.0498,1.9860,0.0000,0.0000,0.0000
8.825,576.4998,-2.1163,230.7917,0.2510,3.8000,-0.4500,359.8205,180.0577,2.0989,0.0000,0.0000,0.0000
8.932,576.3068,-2.0571,230.9309,0.2510,3.8000,-0.4500,0.0427,180.0661,2.2074,0.0000,0.0000,0.0000
9.058,576.0764,-1.9794,231.0980,0.2510,3.8000,-0.4500,0.3556,180.0785,2.3525,0.0000,0.0000,0.0000
9.184,575.8460,-1.8992,231.2671,0.2510,3.8000,-0.4500,0.4306,180.0816,2.3867,0.0000,0.0000,0.0000
9.307,575.5793,-1.7937,231.4624,0.2510,3.8000,-0.4500,0.8262,180.0987,2.5528,0.0000,0.0000,0.0000
9.420,575.3885,-1.7182,231.6028,0.2510,3.8000,-0.4500,0.8262,180.0987,2.5528,0.0000,0.0000,0.0000
9.530,575.1602,-1.6190,231.7595,0.2510,3.8000,-0.4500,1.1475,180.1134,2.6707,0.0000,0.0000,0.0000
9.643,574.9688,-1.5372,231.8817,0.2510,3.8000,-0.4500,1.1475,180.1134,2.6707,0.0000,0.0000,0.0000
9.752,574.7394,-1.4321,232.0154,0.2510,3.8000,-0.4500,1.4664,180.1285,2.7673,0.0000,0.0000,0.0000
9.863,574.5474,-1.3460,232.1219,0.2510,3.8000,-0.4500,1.4664,180.1285,2.7673,0.0000,0.0000,0.0000
9.974,574.3167,-1.2398,232.2436,0.2510,3.8000,-0.4500,1.5489,180.1325,2.7835,0.0000,0.0000,0.0000
10.087,574.0856,-1.1316,232.3604,0.2510,3.8000,-0.4500,1.7126,180.1405,2.8135,0.0000,0.0000,0.0000
10.196,573.8929,-1.0422,232.4567,0.2510,3.8000,-0.4500,1.7126,180.1405,2.8135,0.0000,0.0000,0.0000
10.307,573.6613,-0.9342,232.5702,0.2510,3.8000,-0.4500,1.7941,180.1445,2.8161,0.0000,0.0000,0.0000
10.419,573.4683,-0.8449,232.6643,0.2510,3.8000,-0.4500,1.7941,180.1445,2.8161,0.0000,0.0000,0.0000
10.543,573.2361,-0.7384,232.7728,0.2510,3.8000,-0.4500,1.8758,180.1486,2.8095,0.0000,0.0000,0.0000
10.654,573.0022,-0.6340,232.8690,0.2510,3.8000,-0.4500,1.9545,180.1524,2.7902,0.0000,0.0000,0.0000
10.766,572.7671,-0.5329,232.9539,0.2510,3.8000,-0.4500,1.9545,180.1524,2.7902,0.0000,0.0000,0.0000
10.876,572.5695,-0.4513,233.0170,0.2510,3.8000,-0.4500,2.0969,180.1593,2.7079,0.0000,0.0000,0.0000
10.988,572.3318,-0.3566,233.0880,0.2510,3.8000,-0.4500,2.0969,180.1593,2.7079,0.0000,0.0000,0.0000
11.099,572.1328,-0.2807,233.1440,0.2510,3.8000,-0.4500,2.0969,180.1593,2.7079,0.0000,0.0000,0.0000
11.210,571.8919,-0.1953,233.2081,0.2510,3.8000,-0.4500,2.1986,180.1639,2.5736,0.0000,0.0000,0.0000
11.321,571.6899,-0.1289,233.2595,0.2510,3.8000,-0.4500,2.2672,180.1669,2.4190,0.0000,0.0000,0.0000
11.445,571.4063,-0.0403,233.3279,0.2510,3.8000,-0.4500,2.2979,180.1682,2.3416,0.0000,0.0000,0.0000
11.557,571.2011,0.0148,233.3744,0.2510,3.8000,-0.4500,2.3371,180.1698,2.0925,0.0000,0.0000,0.0000
11.668,570.9540,0.0746,233.4350,0.2510,3.8000,-0.4500,2.3314,180.1696,1.7618,0.0000,0.0000,0.0000
11.779,570.7501,0.1245,233.4956,0.2510,3.8000,-0.4500,2.3314,180.1696,1.7618,0.0000,0.0000,0.0000
11.891,570.5037,0.1742,233.5832,0.2510,3.8000,-0.4500,2.2857,180.1683,1.5148,0.0000,0.0000,0.0000
12.017,570.2571,0.2171,233.6838,0.2510,3.8000,-0.4500,2.2181,180.1666,1.2698,0.0000,0.0000,0.0000
12.126,570.0097,0.2514,233.7938,0.2510,3.8000,-0.4500,2.1034,180.1644,0.9509,0.0000,0.0000,0.0000
12.237,569.8032,0.2750,233.8902,0.2510,3.8000,-0.4500,2.0050,180.1630,0.7228,0.0000,0.0000,0.0000
12.349,569.5556,0.2991,234.0092,0.2510,3.8000,-0.4500,1.9350,180.1622,0.5745,0.0000,0.0000,0.0000
12.459,569.3469,0.3078,234.1116,0.2510,3.8000,-0.4500,1.7392,180.1609,0.1968,0.0000,0.0000,0.0000
12.570,569.0980,0.3179,234.2349,0.2510,3.8000,-0.4500,1.6570,180.1607,0.0506,0.0000,0.0000,0.0000
12.681,568.8892,0.3184,234.3391,0.2510,3.8000,-0.4500,1.5332,180.1608,359.8346,0.0000,0.0000,0.0000
12.795,568.6381,0.3132,234.4647,0.2510,3.8000,-0.4500,1.4055,180.1614,359.6222,0.0000,0.0000,0.0000
12.912,568.3869,0.3024,234.5907,0.2510,3.8000,-0.4500,1.3214,180.1621,359.4848,0.0000,0.0000,0.0000
13.012,568.1759,0.2842,234.6971,0.2510,3.8000,-0.4500,1.1436,180.1641,359.2018,0.0000,0.0000,0.0000
13.125,567.9232,0.2593,234.8251,0.2510,3.8000,-0.4500,1.0098,180.1662,358.9929,0.0000,0.0000,0.0000
13.253,567.6707,0.2313,234.9537,0.2510,3.8000,-0.4500,0.9666,180.1670,358.9259,0.0000,0.0000,0.0000
13.364,567.4592,0.2000,235.0625,0.2510,3.8000,-0.4500,0.8313,180.1698,358.7175,0.0000,0.0000,0.0000
13.473,567.2053,0.1584,235.1942,0.2510,3.8000,-0.4500,0.6950,180.1731,358.5082,0.0000,0.0000,0.0000
13.585,566.9520,0.1152,235.3268,0.2510,3.8000,-0.4500,0.6508,180.1743,358.4400,0.0000,0.0000,0.0000
13.696,566.7405,0.0756,235.4383,0.2510,3.8000,-0.4500,0.6064,180.1755,358.3714,0.0000,0.0000,0.0000
13.807,566.4863,0.0236,235.5725,0.2510,3.8000,-0.4500,0.5164,180.1782,358.2308,0.0000,0.0000,0.0000
13.919,566.2750,-0.0196,235.6832,0.2510,3.8000,-0.4500,0.5164,180.1782,358.2308,0.0000,0.0000,0.0000
14.029,566.0198,-0.0781,235.8164,0.2510,3.8000,-0.4500,0.3853,180.1825,358.0184,0.0000,0.0000,0.0000
14.140,565.8080,-0.1243,235.9265,0.2510,3.8000,-0.4500,0.3853,180.1825,358.0184,0.0000,0.0000,0.0000
14.251,565.5538,-0.1805,236.0585,0.2510,3.8000,-0.4500,0.3853,180.1825,358.0184,0.0000,0.0000,0.0000
14.363,565.3417,-0.2280,236.1684,0.2510,3.8000,-0.4500,0.3853,180.1825,358.0184,0.0000,0.0000,0.0000
14.475,565.0872,-0.2853,236.3002,0.2510,3.8000,-0.4500,0.3853,180.1824,358.0184,0.0000,0.0000,0.0000
14.584,564.8326,-0.3429,236.4319,0.2510,3.8000,-0.4500,0.3853,180.1824,358.0184,0.0000,0.0000,0.0000
14.697,564.6205,-0.3911,236.5417,0.2510,3.8000,-0.4500,0.3853,180.1824,358.0184,0.0000,0.0000,0.0000
14.807,564.3660,-0.4489,236.6722,0.2510,3.8000,-0.4500,0.3853,180.1824,358.0184,0.0000,0.0000,0.0000
14.918,564.1532,-0.4969,236.7745,0.2510,3.8000,-0.4500,0.3853,180.1824,358.0184,0.0000,0.0000,0.0000
15.031,563.8975,-0.5541,236.8871,0.2510,3.8000,-0.4500,0.3853,180.1824,358.0184,0.0000,0.0000,0.0000
15.142,563.6838,-0.6013,236.9735,0.2510,3.8000,-0.4500,0.3853,180.1824,358.0184,0.0000,0.0000,0.0000
15.252,563.4268,-0.6594,237.0719,0.2510,3.8000,-0.4500,0.2285,180.1879,357.9646,0.0000,0.0000,0.0000
15.363,563.2127,-0.7052,237.1496,0.2510,3.8000,-0.4500,0.2285,180.1879,357.9646,0.0000,0.0000,0.0000
15.475,562.9559,-0.7604,237.2413,0.2510,3.8000,-0.4500,0.0642,180.1938,357.9690,0.0000,0.0000,0.0000
15.585,562.6999,-0.8137,237.3312,0.2510,3.8000,-0.4500,359.9036,180.1994,358.0090,0.0000,0.0000,0.0000
15.697,562.4869,-0.8568,237.4052,0.2510,3.8000,-0.4500,359.7513,180.2046,358.0712,0.0000,0.0000,0.0000
15.822,562.2315,-0.9069,237.4922,0.2510,3.8000,-0.4500,359.6773,180.2071,358.1042,0.0000,0.0000,0.0000
15.932,561.9761,-0.9546,237.5609,0.2510,3.8000,-0.4500,359.4718,180.2137,358.2405,0.0000,0.0000,0.0000
16.044,561.7636,-0.9919,237.5682,0.2510,3.8000,-0.4500,359.3458,180.2174,358.3442,0.0000,0.0000,0.0000
16.155,561.5103,-1.0343,237.5223,0.2510,3.8000,-0.4500,359.2841,180.2192,358.3977,0.0000,0.0000,0.0000
16.266,561.2607,-1.0714,237.4338,0.2510,3.8000,-0.4500,359.0533,180.2252,358.6377,0.0000,0.0000,0.0000
16.379,561.0533,-1.1013,237.3361,0.2510,3.8000,-0.4500,359.0017,180.2264,358.7014,0.0000,0.0000,0.0000
16.489,560.8069,-1.1331,237.2012,0.2510,3.8000,-0.4500,358.8510,180.2295,358.8949,0.0000,0.0000,0.0000
16.614,560.5613,-1.1627,237.0535,0.2510,3.8000,-0.4500,358.7585,180.2312,359.0270,0.0000,0.0000,0.0000
16.738,560.3164,-1.1897,236.8985,0.2510,3.8000,-0.4500,358.6659,180.2327,359.1660,0.0000,0.0000,0.0000
16.849,560.0728,-1.2143,236.7395,0.2510,3.8000,-0.4500,358.5783,180.2338,359.3020,0.0000,0.0000,0.0000
16.974,559.8300,-1.2365,236.5765,0.2510,3.8000,-0.4500,358.4914,180.2348,359.4433,0.0000,0.0000,0.0000
17.085,559.5889,-1.2554,236.4028,0.2510,3.8000,-0.4500,358.3643,180.2358,359.6551,0.0000,0.0000,0.0000
17.197,559.3890,-1.2698,236.2479,0.2510,3.8000,-0.4500,358.2820,180.2362,359.7947,0.0000,0.0000,0.0000
17.321,559.1501,-1.2851,236.0521,0.2510,3.8000,-0.4500,358.1982,180.2364,359.9387,0.0000,0.0000,0.0000
17.432,558.9123,-1.2991,235.8481,0.2510,3.8000,-0.4500,358.1568,180.2364,0.0100,0.0000,0.0000,0.0000
17.543,558.7153,-1.3081,235.6744,0.2510,3.8000,-0.4500,358.0718,180.2363,0.1569,0.0000,0.0000,0.0000
17.655,558.4800,-1.3167,235.4630,0.2510,3.8000,-0.4500,357.9456,180.2357,0.3742,0.0000,0.0000,0.0000
17.766,558.2436,-1.3263,235.2487,0.2510,3.8000,-0.4500,357.9456,180.2357,0.3742,0.0000,0.0000,0.0000
17.877,558.0483,-1.3313,235.0697,0.2510,3.8000,-0.4500,357.8604,180.2350,0.5188,0.0000,0.0000,0.0000
17.989,557.8146,-1.3364,234.8542,0.2510,3.8000,-0.4500,357.7748,180.2341,0.6617,0.0000,0.0000,0.0000
18.100,557.6191,-1.3412,234.6743,0.2510,3.8000,-0.4500,357.7748,180.2341,0.6617,0.0000,0.0000,0.0000
18.211,557.3857,-1.3443,234.4600,0.2510,3.8000,-0.4500,357.6906,180.2331,0.8002,0.0000,0.0000,0.0000
18.322,557.1909,-1.3475,234.2819,0.2510,3.8000,-0.4500,357.6906,180.2331,0.8002,0.0000,0.0000,0.0000
18.447,556.9201,-1.3476,234.0353,0.2510,3.8000,-0.4500,357.5125,180.2301,1.0824,0.0000,0.0000,0.0000
18.558,556.7255,-1.3494,233.8586,0.2510,3.8000,-0.4500,357.5125,180.2301,1.0824,0.0000,0.0000,0.0000
18.670,556.4922,-1.3510,233.6471,0.2510,3.8000,-0.4500,357.5125,180.2301,1.0824,0.0000,0.0000,0.0000
18.793,556.2601,-1.3503,233.4368,0.2510,3.8000,-0.4500,357.4238,180.2283,1.2155,0.0000,0.0000,0.0000
18.905,556.0275,-1.3508,233.2258,0.2510,3.8000,-0.4500,357.4238,180.2283,1.2155,0.0000,0.0000,0.0000
19.016,555.8337,-1.3508,233.0500,0.2510,3.8000,-0.4500,357.4238,180.2284,1.2155,0.0000,0.0000,0.0000
19.140,555.6010,-1.3499,232.8487,0.2510,3.8000,-0.4500,357.3761,180.2273,1.2841,0.0000,0.0000,0.0000
19.253,555.3630,-1.3519,232.7089,0.2510,3.8000,-0.4500,357.3761,180.2273,1.2841,0.0000,0.0000,0.0000
19.377,555.1214,-1.3577,232.6602,0.2510,3.8000,-0.4500,357.3297,180.2263,1.3501,0.0000,0.0000,0.0000
19.488,554.8788,-1.3681,232.6832,0.2510,3.8000,-0.4500,357.3297,180.2263,1.3501,0.0000,0.0000,0.0000
19.612,554.6369,-1.3817,232.7571,0.2510,3.8000,-0.4500,357.3297,180.2263,1.3501,0.0000,0.0000,0.0000
19.712,554.4362,-1.3945,232.8452,0.2510,3.8000,-0.4500,357.3297,180.2263,1.3501,0.0000,0.0000,0.0000
19.820,554.2361,-1.4081,232.9493,0.2510,3.8000,-0.4500,357.3297,180.2263,1.3501,0.0000,0.0000,0.0000
19.920,554.0364,-1.4221,233.0641,0.2510,3.8000,-0.4500,357.3297,180.2263,1.3501,0.0000,0.0000,0.0000
20.044,553.7975,-1.4388,233.2111,0.2510,3.8000,-0.4500,357.3297,180.2263,1.3501,0.0000,0.0000,0.0000
20.155,553.5589,-1.4551,233.3642,0.2510,3.8000,-0.4500,357.3297,180.2263,1.3501,0.0000,0.0000,0.0000
20.266,553.3201,-1.4705,233.5198,0.2510,3.8000,-0.4500,357.3297,180.2263,1.3501,0.0000,0.0000,0.0000
20.376,553.1212,-1.4824,233.6490,0.2510,3.8000,-0.4500,357.3297,180.2263,1.3501,0.0000,0.0000,0.0000
20.488,552.8819,-1.4955,233.8026,0.2510,3.8000,-0.4500,357.3297,180.2263,1.3501,0.0000,0.0000,0.0000
20.599,552.6825,-1.5052,233.9294,0.2510,3.8000,-0.4500,357.3297,180.2263,1.3501,0.0000,0.0000,0.0000
20.724,552.4430,-1.5155,234.0803,0.2510,3.8000,-0.4500,357.3297,180.2263,1.3501,0.0000,0.0000,0.0000
20.836,552.2036,-1.5240,234.2300,0.2510,3.8000,-0.4500,357.3297,180.2263,1.3501,0.0000,0.0000,0.0000
20.947,551.9641,-1.5307,234.3789,0.2510,3.8000,-0.4500,357.3297,180.2263,1.3501,0.0000,0.0000,0.0000
21.057,551.7644,-1.5348,234.5024,0.2510,3.8000,-0.4500,357.3297,180.2263,1.3501,0.0000,0.0000,0.0000
21.168,551.5245,-1.5380,234.6501,0.2510,3.8000,-0.4500,357.3297,180.2263,1.3501,0.0000,0.0000,0.0000
21.280,551.3251,-1.5368,234.7718,0.2510,3.8000,-0.4500,357.4834,180.2299,1.4034,0.0000,0.0000,0.0000
21.405,551.0450,-1.5349,234.9427,0.2510,3.8000,-0.4500,357.5671,180.2320,1.4191,0.0000,0.0000,0.0000
21.516,550.8451,-1.5296,235.0636,0.2510,3.8000,-0.4500,357.8166,180.2383,1.4574,0.0000,0.0000,0.0000
21.627,550.6046,-1.5245,235.2104,0.2510,3.8000,-0.4500,357.8166,180.2383,1.4574,0.0000,0.0000,0.0000
21.739,550.4042,-1.5159,235.3303,0.2510,3.8000,-0.4500,358.1595,180.2470,1.4480,0.0000,0.0000,0.0000
21.863,550.1639,-1.5062,235.4760,0.2510,3.8000,-0.4500,358.2409,180.2490,1.4386,0.0000,0.0000,0.0000
21.992,549.8828,-1.4912,235.6445,0.2510,3.8000,-0.4500,358.4876,180.2552,1.4032,0.0000,0.0000,0.0000
22.112,549.6414,-1.4760,235.7878,0.2510,3.8000,-0.4500,358.7312,180.2610,1.3517,0.0000,0.0000,0.0000
22.237,549.3998,-1.4592,235.9310,0.2510,3.8000,-0.4500,358.8860,180.2646,1.3131,0.0000,0.0000,0.0000
22.347,549.1577,-1.4398,236.0722,0.2510,3.8000,-0.4500,359.2062,180.2717,1.2200,0.0000,0.0000,0.0000
22.459,548.9563,-1.4228,236.1903,0.2510,3.8000,-0.4500,359.2824,180.2733,1.1953,0.0000,0.0000,0.0000
22.571,548.7139,-1.4004,236.3306,0.2510,3.8000,-0.4500,359.4395,180.2765,1.1421,0.0000,0.0000,0.0000
22.681,548.5113,-1.3803,236.4459,0.2510,3.8000,-0.4500,359.6742,180.2810,1.0569,0.0000,0.0000,0.0000
22.792,548.2681,-1.3547,236.5836,0.2510,3.8000,-0.4500,359.9070,180.2851,0.9668,0.0000,0.0000,0.0000
22.918,548.0245,-1.3276,236.7206,0.2510,3.8000,-0.4500,0.0617,180.2877,0.9029,0.0000,0.0000,0.0000
23.043,547.7809,-1.2991,236.8571,0.2510,3.8000,-0.4500,0.1386,180.2888,0.8708,0.0000,0.0000,0.0000
23.153,547.5364,-1.2691,236.9914,0.2510,3.8000,-0.4500,0.3711,180.2922,0.7688,0.0000,0.0000,0.0000
23.266,547.2917,-1.2379,237.1248,0.2510,3.8000,-0.4500,0.5944,180.2950,0.6663,0.0000,0.0000,0.0000
23.376,547.0878,-1.2110,237.2360,0.2510,3.8000,-0.4500,0.6673,180.2958,0.6323,0.0000,0.0000,0.0000
23.487,546.8415,-1.1778,237.3583,0.2510,3.8000,-0.4500,0.8935,180.2981,0.5231,0.0000,0.0000,0.0000
23.611,546.5932,-1.1441,237.4576,0.2510,3.8000,-0.4500,0.9661,180.2987,0.4874,0.0000,0.0000,0.0000
23.723,546.3843,-1.1159,237.5217,0.2510,3.8000,-0.4500,1.1125,180.2999,0.4147,0.0000,0.0000,0.0000
23.848,546.0900,-1.0760,237.5904,0.2510,3.8000,-0.4500,1.1850,180.3004,0.3786,0.0000,0.0000,0.0000
23.973,545.8354,-1.0415,237.6339,0.2510,3.8000,-0.4500,1.4037,180.3016,0.2706,0.0000,0.0000,0.0000
24.098,545.5806,-1.0062,237.6700,0.2510,3.8000,-0.4500,1.4037,180.3016,0.2706,0.0000,0.0000,0.0000
24.210,545.3247,-0.9699,237.6994,0.2510,3.8000,-0.4500,1.5520,180.3022,0.2045,0.0000,0.0000,0.0000
24.320,545.1115,-0.9389,237.7218,0.2510,3.8000,-0.4500,1.5520,180.3022,0.2045,0.0000,0.0000,0.0000
24.445,544.8129,-0.8943,237.7502,0.2510,3.8000,-0.4500,1.5520,180.3022,0.2045,0.0000,0.0000,0.0000
24.556,544.5986,-0.8615,237.7646,0.2510,3.8000,-0.4500,1.7106,180.3027,0.1499,0.0000,0.0000,0.0000
24.681,544.3410,-0.8224,237.7688,0.2510,3.8000,-0.4500,1.7106,180.3027,0.1499,0.0000,0.0000,0.0000
24.792,544.0834,-0.7839,237.7572,0.2510,3.8000,-0.4500,1.7106,180.3027,0.1499,0.0000,0.0000,0.0000
24.905,543.8254,-0.7463,237.7317,0.2510,3.8000,-0.4500,1.9453,180.3031,0.0546,0.0000,0.0000,0.0000
25.018,543.6113,-0.7162,237.7051,0.2510,3.8000,-0.4500,1.9453,180.3031,0.0546,0.0000,0.0000,0.0000
25.135,543.3542,-0.6813,237.6677,0.2510,3.8000,-0.4500,1.9453,180.3031,0.0546,0.0000,0.0000,0.0000
25.237,543.1400,-0.6536,237.6335,0.2510,3.8000,-0.4500,1.9453,180.3031,0.0546,0.0000,0.0000,0.0000
25.362,542.8825,-0.6226,237.5898,0.2510,3.8000,-0.4500,2.0102,180.3032,0.0078,0.0000,0.0000,0.0000
25.473,542.6252,-0.5934,237.5450,0.2510,3.8000,-0.4500,2.0102,180.3032,0.0078,0.0000,0.0000,0.0000
25.584,542.4089,-0.5727,237.5062,0.2510,3.8000,-0.4500,2.1844,180.3029,359.8227,0.0000,0.0000,0.0000
25.695,542.1504,-0.5478,237.4651,0.2510,3.8000,-0.4500,2.1844,180.3029,359.8227,0.0000,0.0000,0.0000
25.820,541.8903,-0.5263,237.4303,0.2510,3.8000,-0.4500,2.2257,180.3028,359.7516,0.0000,0.0000,0.0000
25.945,541.5860,-0.5042,237.3962,0.2510,3.8000,-0.4500,2.2660,180.3026,359.6800,0.0000,0.0000,0.0000
26.056,541.3677,-0.4911,237.3743,0.2510,3.8000,-0.4500,2.2974,180.3024,359.6050,0.0000,0.0000,0.0000
26.181,541.1050,-0.4791,237.3490,0.2510,3.8000,-0.4500,2.3481,180.3020,359.4499,0.0000,0.0000,0.0000
26.296,540.8418,-0.4702,237.3235,0.2510,3.8000,-0.4500,2.3849,180.3015,359.2891,0.0000,0.0000,0.0000
26.404,540.6230,-0.4642,237.3008,0.2510,3.8000,-0.4500,2.4015,180.3013,359.2106,0.0000,0.0000,0.0000
26.515,540.3605,-0.4582,237.2717,0.2510,3.8000,-0.4500,2.4015,180.3013,359.2106,0.0000,0.0000,0.0000
26.625,540.0967,-0.4579,237.2409,0.2510,3.8000,-0.4500,2.4153,180.3011,359.0470,0.0000,0.0000,0.0000
26.737,539.8779,-0.4575,237.2136,0.2510,3.8000,-0.4500,2.4153,180.3011,359.0469,0.0000,0.0000,0.0000
26.851,539.6133,-0.4638,237.1788,0.2510,3.8000,-0.4500,2.4196,180.3010,358.7982,0.0000,0.0000,0.0000
26.973,539.3503,-0.4684,237.1406,0.2510,3.8000,-0.4500,2.4196,180.3010,358.7982,0.0000,0.0000,0.0000
27.084,539.1304,-0.4756,237.1075,0.2510,3.8000,-0.4500,2.4147,180.3011,358.7148,0.0000,0.0000,0.0000
27.195,538.8668,-0.4859,237.0657,0.2510,3.8000,-0.4500,2.4094,180.3013,358.6315,0.0000,0.0000,0.0000
27.307,538.6034,-0.4982,237.0217,0.2510,3.8000,-0.4500,2.4020,180.3015,358.5520,0.0000,0.0000,0.0000
27.417,538.3842,-0.5087,236.9834,0.2510,3.8000,-0.4500,2.4020,180.3015,358.5520,0.0000,0.0000,0.0000
27.528,538.1205,-0.5243,236.9363,0.2510,3.8000,-0.4500,2.3918,180.3017,358.4698,0.0000,0.0000,0.0000
27.653,537.8568,-0.5415,236.8877,0.2510,3.8000,-0.4500,2.3799,180.3020,358.3890,0.0000,0.0000,0.0000
27.764,537.6369,-0.5571,236.8460,0.2510,3.8000,-0.4500,2.3664,180.3024,358.3103,0.0000,0.0000,0.0000
27.890,537.3297,-0.5781,236.7855,0.2510,3.8000,-0.4500,2.3664,180.3024,358.3103,0.0000,0.0000,0.0000
28.015,537.0664,-0.5969,236.7475,0.2510,3.8000,-0.4500,2.3664,180.3024,358.3103,0.0000,0.0000,0.0000
28.126,536.8038,-0.6163,236.7578,0.2510,3.8000,-0.4500,2.3476,180.3030,358.2315,0.0000,0.0000,0.0000
28.251,536.5436,-0.6330,236.8107,0.2510,3.8000,-0.4500,2.3476,180.3030,358.2315,0.0000,0.0000,0.0000
28.376,536.2853,-0.6488,236.8959,0.2510,3.8000,-0.4500,2.3476,180.3030,358.2315,0.0000,0.0000,0.0000
28.487,536.0284,-0.6640,237.0031,0.2510,3.8000,-0.4500,2.3476,180.3030,358.2315,0.0000,0.0000,0.0000
28.599,535.8152,-0.6763,237.1036,0.2510,3.8000,-0.4500,2.3476,180.3030,358.2315,0.0000,0.0000,0.0000
28.723,535.5597,-0.6908,237.2329,0.2510,3.8000,-0.4500,2.3476,180.3030,358.2315,0.0000,0.0000,0.0000
28.848,535.2621,-0.7075,237.3913,0.2510,3.8000,-0.4500,2.3476,180.3030,358.2315,0.0000,0.0000,0.0000
28.973,535.0076,-0.7217,237.5309,0.2510,3.8000,-0.4500,2.3476,180.3030,358.2315,0.0000,0.0000,0.0000
29.085,534.7531,-0.7358,237.6723,0.2510,3.8000,-0.4500,2.3476,180.3030,358.2315,0.0000,0.0000,0.0000
29.196,534.5412,-0.7475,237.7906,0.2510,3.8000,-0.4500,2.3476,180.3030,358.2315,0.0000,0.0000,0.0000
29.306,534.2870,-0.7613,237.9324,0.2510,3.8000,-0.4500,2.3476,180.3030,358.2315,0.0000,0.0000,0.0000
29.417,534.0753,-0.7728,238.0504,0.2510,3.8000,-0.4500,2.3476,180.3030,358.2315,0.0000,0.0000,0.0000
29.543,533.8211,-0.7865,238.1916,0.2510,3.8000,-0.4500,2.3476,180.3030,358.2315,0.0000,0.0000,0.0000
29.653,533.5672,-0.8001,238.3326,0.2510,3.8000,-0.4500,2.3476,180.3030,358.2315,0.0000,0.0000,0.0000
29.764,533.3134,-0.8135,238.4735,0.2510,3.8000,-0.4500,2.3476,180.3030,358.2315,0.0000,0.0000,0.0000
29.875,533.1019,-0.8247,238.5909,0.2510,3.8000,-0.4500,2.3476,180.3030,358.2315,0.0000,0.0000,0.0000
29.987,532.8483,-0.8380,238.7319,0.2510,3.8000,-0.4500,2.3476,180.3030,358.2315,0.0000,0.0000,0.0000
30.113,532.5950,-0.8514,238.8729,0.2510,3.8000,-0.4500,2.3476,180.3030,358.2315,0.0000,0.0000,0.0000
30.223,532.3840,-0.8625,238.9902,0.2510,3.8000,-0.4500,2.3476,180.3030,358.2315,0.0000,0.0000,0.0000
30.335,532.1306,-0.8761,239.1301,0.2510,3.8000,-0.4500,2.3476,180.3030,358.2315,0.0000,0.0000,0.0000
30.459,531.8772,-0.8899,239.2691,0.2510,3.8000,-0.4500,2.3476,180.3030,358.2315,0.0000,0.0000,0.0000
30.570,531.6238,-0.9039,239.4074,0.2510,3.8000,-0.4500,2.3476,180.3030,358.2315,0.0000,0.0000,0.0000
30.682,531.4124,-0.9169,239.5230,0.2510,3.8000,-0.4500,2.2722,180.3053,358.2040,0.0000,0.0000,0.0000
30.792,531.1590,-0.9315,239.6609,0.2510,3.8000,-0.4500,2.2722,180.3053,358.2039,0.0000,0.0000,0.0000
30.903,530.9479,-0.9449,239.7763,0.2510,3.8000,-0.4500,2.1942,180.3078,358.1845,0.0000,0.0000,0.0000
31.028,530.6527,-0.9628,239.9372,0.2510,3.8000,-0.4500,2.1942,180.3078,358.1845,0.0000,0.0000,0.0000
31.139,530.4418,-0.9768,240.0528,0.2510,3.8000,-0.4500,2.1136,180.3104,358.1717,0.0000,0.0000,0.0000
31.264,530.1882,-0.9931,240.1837,0.2510,3.8000,-0.4500,2.1136,180.3104,358.1717,0.0000,0.0000,0.0000
31.375,529.9324,-1.0112,240.2891,0.2510,3.8000,-0.4500,2.0314,180.3130,358.1644,0.0000,0.0000,0.0000
31.487,529.6743,-1.0295,240.3696,0.2510,3.8000,-0.4500,2.0314,180.3130,358.1645,0.0000,0.0000,0.0000
31.599,529.4587,-1.0461,240.4201,0.2510,3.8000,-0.4500,1.9480,180.3157,358.1626,0.0000,0.0000,0.0000
31.724,529.1995,-1.0669,240.4347,0.2510,3.8000,-0.4500,1.8653,180.3183,358.1612,0.0000,0.0000,0.0000
31.834,528.9399,-1.0880,240.4167,0.2510,3.8000,-0.4500,1.8653,180.3183,358.1612,0.0000,0.0000,0.0000
31.945,528.6801,-1.1099,240.3819,0.2510,3.8000,-0.4500,1.7839,180.3209,358.1687,0.0000,0.0000,0.0000
32.070,528.4202,-1.1316,240.3374,0.2510,3.8000,-0.4500,1.7839,180.3209,358.1687,0.0000,0.0000,0.0000
32.181,528.2041,-1.1504,240.2975,0.2510,3.8000,-0.4500,1.6193,180.3262,358.1965,0.0000,0.0000,0.0000
32.292,527.9447,-1.1719,240.2460,0.2510,3.8000,-0.4500,1.6193,180.3262,358.1965,0.0000,0.0000,0.0000
32.404,527.7288,-1.1897,240.2021,0.2510,3.8000,-0.4500,1.6193,180.3262,358.1965,0.0000,0.0000,0.0000
32.528,527.4266,-1.2147,240.1409,0.2510,3.8000,-0.4500,1.4582,180.3312,358.2439,0.0000,0.0000,0.0000
32.640,527.2108,-1.2321,240.0965,0.2510,3.8000,-0.4500,1.4582,180.3312,358.2439,0.0000,0.0000,0.0000
32.750,526.9521,-1.2526,240.0441,0.2510,3.8000,-0.4500,1.3831,180.3335,358.2729,0.0000,0.0000,0.0000
32.862,526.7361,-1.2693,240.0004,0.2510,3.8000,-0.4500,1.3831,180.3335,358.2729,0.0000,0.0000,0.0000
32.973,526.4775,-1.2890,239.9487,0.2510,3.8000,-0.4500,1.3078,180.3357,358.3080,0.0000,0.0000,0.0000
33.099,526.2189,-1.3083,239.8970,0.2510,3.8000,-0.4500,1.3078,180.3357,358.3080,0.0000,0.0000,0.0000
33.223,525.9604,-1.3271,239.8463,0.2510,3.8000,-0.4500,1.2345,180.3378,358.3466,0.0000,0.0000,0.0000
33.335,525.7017,-1.3457,239.7959,0.2510,3.8000,-0.4500,1.2345,180.3378,358.3466,0.0000,0.0000,0.0000
33.445,525.4437,-1.3636,239.7462,0.2510,3.8000,-0.4500,1.0923,180.3418,358.4312,0.0000,0.0000,0.0000
33.556,525.2284,-1.3787,239.7034,0.2510,3.8000,-0.4500,1.0923,180.3418,358.4312,0.0000,0.0000,0.0000
33.667,524.9702,-1.3967,239.6512,0.2510,3.8000,-0.4500,1.0923,180.3418,358.4312,0.0000,0.0000,0.0000
33.779,524.7551,-1.4119,239.6069,0.2510,3.8000,-0.4500,1.0923,180.3418,358.4312,0.0000,0.0000,0.0000
33.890,524.4971,-1.4304,239.5528,0.2510,3.8000,-0.4500,1.0923,180.3418,358.4312,0.0000,0.0000,0.0000
34.002,524.2822,-1.4464,239.5074,0.2510,3.8000,-0.4500,1.0923,180.3418,358.4312,0.0000,0.0000,0.0000
34.112,524.0243,-1.4663,239.4524,0.2510,3.8000,-0.4500,1.0923,180.3418,358.4312,0.0000,0.0000,0.0000
34.223,523.8091,-1.4838,239.4063,0.2510,3.8000,-0.4500,1.0923,180.3418,358.4312,0.0000,0.0000,0.0000
34.348,523.5081,-1.5097,239.3416,0.2510,3.8000,-0.4500,1.0923,180.3418,358.4312,0.0000,0.0000,0.0000
34.473,523.2499,-1.5330,239.2860,0.2510,3.8000,-0.4500,1.0923,180.3418,358.4312,0.0000,0.0000,0.0000
34.584,522.9916,-1.5572,239.2310,0.2510,3.8000,-0.4500,1.0923,180.3418,358.4312,0.0000,0.0000,0.0000
34.695,522.7762,-1.5778,239.1859,0.2510,3.8000,-0.4500,1.0923,180.3418,358.4312,0.0000,0.0000,0.0000
34.820,522.5175,-1.6027,239.1323,0.2510,3.8000,-0.4500,1.0923,180.3418,358.4312,0.0000,0.0000,0.0000
34.945,522.2155,-1.6317,239.0704,0.2510,3.8000,-0.4500,1.0923,180.3418,358.4312,0.0000,0.0000,0.0000
35.070,521.9565,-1.6560,239.0176,0.2510,3.8000,-0.4500,1.0923,180.3418,358.4312,0.0000,0.0000,0.0000
35.197,521.6973,-1.6796,238.9650,0.2510,3.8000,-0.4500,1.0923,180.3418,358.4312,0.0000,0.0000,0.0000
35.306,521.4379,-1.7022,238.9122,0.2510,3.8000,-0.4500,1.0923,180.3418,358.4312,0.0000,0.0000,0.0000
35.416,521.2216,-1.7200,238.8682,0.2510,3.8000,-0.4500,1.0923,180.3418,358.4312,0.0000,0.0000,0.0000
35.542,520.9623,-1.7400,238.8154,0.2510,3.8000,-0.4500,1.0923,180.3418,358.4312,0.0000,0.0000,0.0000
35.655,520.7030,-1.7582,238.7628,0.2510,3.8000,-0.4500,1.0923,180.3418,358.4312,0.0000,0.0000,0.0000
35.765,520.4435,-1.7743,238.7106,0.2510,3.8000,-0.4500,1.0923,180.3418,358.4312,0.0000,0.0000,0.0000
35.889,520.1843,-1.7883,238.6588,0.2510,3.8000,-0.4500,1.0923,180.3418,358.4312,0.0000,0.0000,0.0000
36.002,519.9684,-1.7981,238.6157,0.2510,3.8000,-0.4500,1.0923,180.3418,358.4312,0.0000,0.0000,0.0000
36.112,519.7096,-1.8076,238.5641,0.2510,3.8000,-0.4500,1.0923,180.3418,358.4312,0.0000,0.0000,0.0000
36.223,519.4938,-1.8135,238.5211,0.2510,3.8000,-0.4500,1.0923,180.3418,358.4312,0.0000,0.0000,0.0000
36.348,519.1922,-1.8185,238.4607,0.2510,3.8000,-0.4500,1.0923,180.3418,358.4312,0.0000,0.0000,0.0000
36.472,518.9340,-1.8198,238.4087,0.2510,3.8000,-0.4500,1.0923,180.3418,358.4312,0.0000,0.0000,0.0000
36.599,518.6761,-1.8183,238.3610,0.2510,3.8000,-0.4500,1.0923,180.3418,358.4312,0.0000,0.0000,0.0000
36.709,518.4199,-1.8103,238.3523,0.2510,3.8000,-0.4500,1.1058,180.3415,358.5953,0.0000,0.0000,0.0000
36.833,518.1642,-1.8016,238.3863,0.2510,3.8000,-0.4500,1.1058,180.3415,358.5953,0.0000,0.0000,0.0000
36.933,517.9545,-1.7869,238.4417,0.2510,3.8000,-0.4500,1.1363,180.3408,358.8450,0.0000,0.0000,0.0000
37.042,517.7448,-1.7746,238.5159,0.2510,3.8000,-0.4500,1.1363,180.3408,358.8450,0.0000,0.0000,0.0000
37.153,517.4955,-1.7539,238.6223,0.2510,3.8000,-0.4500,1.1595,180.3403,359.0118,0.0000,0.0000,0.0000
37.278,517.2471,-1.7323,238.7414,0.2510,3.8000,-0.4500,1.1704,180.3402,359.0910,0.0000,0.0000,0.0000
37.390,516.9991,-1.7100,238.8683,0.2510,3.8000,-0.4500,1.1704,180.3402,359.0911,0.0000,0.0000,0.0000
37.515,516.7529,-1.6829,238.9996,0.2510,3.8000,-0.4500,1.1867,180.3400,359.2550,0.0000,0.0000,0.0000
37.625,516.5067,-1.6559,239.1338,0.2510,3.8000,-0.4500,1.1898,180.3399,359.3359,0.0000,0.0000,0.0000
37.737,516.3016,-1.6339,239.2475,0.2510,3.8000,-0.4500,1.1898,180.3399,359.3359,0.0000,0.0000,0.0000
37.848,516.0571,-1.6038,239.3885,0.2510,3.8000,-0.4500,1.1839,180.3400,359.5031,0.0000,0.0000,0.0000
37.973,515.8122,-1.5763,239.5345,0.2510,3.8000,-0.4500,1.1839,180.3400,359.5031,0.0000,0.0000,0.0000
38.085,515.5692,-1.5462,239.6847,0.2510,3.8000,-0.4500,1.1535,180.3402,359.6623,0.0000,0.0000,0.0000
38.195,515.3663,-1.5235,239.8120,0.2510,3.8000,-0.4500,1.1535,180.3402,359.6623,0.0000,0.0000,0.0000
38.306,515.1241,-1.4947,239.9669,0.2510,3.8000,-0.4500,1.1010,180.3404,359.8154,0.0000,0.0000,0.0000
38.431,514.8810,-1.4692,240.1231,0.2510,3.8000,-0.4500,1.1010,180.3404,359.8154,0.0000,0.0000,0.0000
38.556,514.6394,-1.4432,240.2809,0.2510,3.8000,-0.4500,1.0162,180.3406,359.9569,0.0000,0.0000,0.0000
38.667,514.3970,-1.4206,240.4390,0.2510,3.8000,-0.4500,1.0162,180.3406,359.9569,0.0000,0.0000,0.0000
38.792,514.1558,-1.3984,240.5989,0.2510,3.8000,-0.4500,0.9105,180.3406,0.0807,0.0000,0.0000,0.0000
38.918,513.9146,-1.3784,240.7613,0.2510,3.8000,-0.4500,0.7914,180.3403,0.1879,0.0000,0.0000,0.0000
39.042,513.6732,-1.3611,240.9262,0.2510,3.8000,-0.4500,0.7317,180.3401,0.2387,0.0000,0.0000,0.0000
39.156,513.4322,-1.3464,241.0934,0.2510,3.8000,-0.4500,0.6629,180.3397,0.2799,0.0000,0.0000,0.0000
39.279,513.1911,-1.3344,241.2627,0.2510,3.8000,-0.4500,0.5910,180.3394,0.3177,0.0000,0.0000,0.0000
39.405,512.9101,-1.3244,241.4628,0.2510,3.8000,-0.4500,0.3588,180.3379,0.4125,0.0000,0.0000,0.0000
39.515,512.7087,-1.3199,241.6058,0.2510,3.8000,-0.4500,0.3588,180.3379,0.4125,0.0000,0.0000,0.0000
39.626,512.4673,-1.3185,241.7792,0.2510,3.8000,-0.4500,0.1977,180.3367,0.4495,0.0000,0.0000,0.0000
39.737,512.2665,-1.3207,241.9245,0.2510,3.8000,-0.4500,0.0334,180.3353,0.4796,0.0000,0.0000,0.0000
39.862,512.0248,-1.3273,242.0942,0.2510,3.8000,-0.4500,359.8637,180.3339,0.4904,0.0000,0.0000,0.0000
39.973,511.7788,-1.3372,242.2180,0.2510,3.8000,-0.4500,359.7794,180.3332,0.4943,0.0000,0.0000,0.0000
40.084,511.5705,-1.3494,242.2751,0.2510,3.8000,-0.4500,359.5282,180.3310,0.4884,0.0000,0.0000,0.0000
40.209,511.2776,-1.3690,242.2909,0.2510,3.8000,-0.4500,359.2848,180.3290,0.4696,0.0000,0.0000,0.0000
40.321,511.0685,-1.3854,242.2693,0.2510,3.8000,-0.4500,359.1231,180.3277,0.4520,0.0000,0.0000,0.0000
40.445,510.7765,-1.4101,242.2081,0.2510,3.8000,-0.4500,359.0431,180.3271,0.4429,0.0000,0.0000,0.0000
40.570,510.5263,-1.4362,242.1392,0.2510,3.8000,-0.4500,358.7954,180.3252,0.4090,0.0000,0.0000,0.0000
40.682,510.3182,-1.4599,242.0738,0.2510,3.8000,-0.4500,358.6314,180.3241,0.3852,0.0000,0.0000,0.0000
40.793,510.0689,-1.4907,241.9898,0.2510,3.8000,-0.4500,358.4672,180.3230,0.3596,0.0000,0.0000,0.0000
40.903,509.8611,-1.5190,241.9170,0.2510,3.8000,-0.4500,358.3014,180.3220,0.3329,0.0000,0.0000,0.0000
41.015,509.6128,-1.5540,241.8171,0.2510,3.8000,-0.4500,358.2177,180.3215,0.3191,0.0000,0.0000,0.0000
41.126,509.3661,-1.5919,241.6979,0.2510,3.8000,-0.4500,358.0510,180.3206,0.2916,0.0000,0.0000,0.0000
41.237,509.1615,-1.6249,241.5850,0.2510,3.8000,-0.4500,357.8869,180.3198,0.2648,0.0000,0.0000,0.0000
41.348,508.9172,-1.6646,241.4360,0.2510,3.8000,-0.4500,357.8063,180.3195,0.2518,0.0000,0.0000,0.0000
41.473,508.6736,-1.7063,241.2780,0.2510,3.8000,-0.4500,357.6435,180.3188,0.2275,0.0000,0.0000,0.0000
41.584,508.4711,-1.7405,241.1405,0.2510,3.8000,-0.4500,357.6435,180.3188,0.2275,0.0000,0.0000,0.0000
41.709,508.1879,-1.7913,240.9447,0.2510,3.8000,-0.4500,357.4809,180.3182,0.2062,0.0000,0.0000,0.0000
41.820,507.9859,-1.8271,240.8020,0.2510,3.8000,-0.4500,357.4809,180.3182,0.2062,0.0000,0.0000,0.0000
41.945,507.7032,-1.8779,240.6015,0.2510,3.8000,-0.4500,357.4809,180.3182,0.2062,0.0000,0.0000,0.0000
42.070,507.4581,-1.9245,240.4604,0.2510,3.8000,-0.4500,357.3143,180.3176,0.1922,0.0000,0.0000,0.0000
42.195,507.2080,-1.9732,240.3851,0.2510,3.8000,-0.4500,357.3143,180.3176,0.1922,0.0000,0.0000,0.0000
42.319,506.9561,-2.0254,240.3730,0.2510,3.8000,-0.4500,357.3143,180.3176,0.1922,0.0000,0.0000,0.0000
42.430,506.7047,-2.0800,240.4094,0.2510,3.8000,-0.4500,357.3143,180.3176,0.1922,0.0000,0.0000,0.0000
42.540,506.4959,-2.1261,240.4657,0.2510,3.8000,-0.4500,357.3143,180.3176,0.1922,0.0000,0.0000,0.0000
42.652,506.2465,-2.1811,240.5543,0.2510,3.8000,-0.4500,357.3143,180.3176,0.1922,0.0000,0.0000,0.0000
42.778,505.9977,-2.2344,240.6576,0.2510,3.8000,-0.4500,357.3143,180.3176,0.1922,0.0000,0.0000,0.0000
42.890,505.7495,-2.2851,240.7698,0.2510,3.8000,-0.4500,357.3143,180.3176,0.1922,0.0000,0.0000,0.0000
42.999,505.5432,-2.3246,240.8675,0.2510,3.8000,-0.4500,357.3143,180.3176,0.1922,0.0000,0.0000,0.0000
43.125,505.2550,-2.3751,241.0114,0.2510,3.8000,-0.4500,357.3143,180.3176,0.1922,0.0000,0.0000,0.0000
43.237,505.0501,-2.4075,241.1240,0.2510,3.8000,-0.4500,357.3143,180.3176,0.1922,0.0000,0.0000,0.0000
43.364,504.8055,-2.4420,241.2702,0.2510,3.8000,-0.4500,357.3143,180.3176,0.1922,0.0000,0.0000,0.0000
43.471,504.5621,-2.4711,241.4259,0.2510,3.8000,-0.4500,357.3143,180.3176,0.1922,0.0000,0.0000,0.0000
43.583,504.3601,-2.4910,241.5606,0.2510,3.8000,-0.4500,357.3143,180.3176,0.1922,0.0000,0.0000,0.0000
43.694,504.1197,-2.5030,241.7247,0.2510,3.8000,-0.4500,357.5759,180.3190,0.4179,0.0000,0.0000,0.0000
43.806,503.8793,-2.5103,241.8916,0.2510,3.8000,-0.4500,357.8050,180.3210,0.5619,0.0000,0.0000,0.0000
43.930,503.6394,-2.5112,242.0601,0.2510,3.8000,-0.4500,358.0296,180.3234,0.6902,0.0000,0.0000,0.0000
44.041,503.4397,-2.5065,242.2009,0.2510,3.8000,-0.4500,358.2591,180.3264,0.7922,0.0000,0.0000,0.0000
44.153,503.2003,-2.4953,242.3696,0.2510,3.8000,-0.4500,358.4910,180.3298,0.8852,0.0000,0.0000,0.0000
44.278,502.9608,-2.4761,242.5323,0.2510,3.8000,-0.4500,358.8000,180.3349,0.9910,0.0000,0.0000,0.0000
44.389,502.7215,-2.4494,242.6870,0.2510,3.8000,-0.4500,359.1298,180.3409,1.0972,0.0000,0.0000,0.0000
44.500,502.5216,-2.4228,242.8113,0.2510,3.8000,-0.4500,359.2884,180.3440,1.1490,0.0000,0.0000,0.0000
44.625,502.2429,-2.3727,242.9776,0.2510,3.8000,-0.4500,359.7674,180.3543,1.3211,0.0000,0.0000,0.0000
44.738,502.0435,-2.3340,243.0951,0.2510,3.8000,-0.4500,359.8454,180.3561,1.3525,0.0000,0.0000,0.0000
44.861,501.8055,-2.2767,243.2321,0.2510,3.8000,-0.4500,0.1618,180.3640,1.4844,0.0000,0.0000,0.0000
44.974,501.5686,-2.2102,243.3669,0.2510,3.8000,-0.4500,0.5442,180.3745,1.6603,0.0000,0.0000,0.0000
45.083,501.3710,-2.1524,243.4800,0.2510,3.8000,-0.4500,0.6199,180.3767,1.6980,0.0000,0.0000,0.0000
45.209,501.0963,-2.0592,243.6361,0.2510,3.8000,-0.4500,0.9258,180.3862,1.8535,0.0000,0.0000,0.0000
45.321,500.9013,-1.9858,243.7486,0.2510,3.8000,-0.4500,1.1627,180.3941,1.9818,0.0000,0.0000,0.0000
45.444,500.6684,-1.8919,243.8872,0.2510,3.8000,-0.4500,1.3896,180.4022,2.1066,0.0000,0.0000,0.0000
45.558,500.4371,-1.7898,244.0291,0.2510,3.8000,-0.4500,1.6866,180.4136,2.2763,0.0000,0.0000,0.0000
45.667,500.2063,-1.6850,244.1755,0.2510,3.8000,-0.4500,1.7576,180.4164,2.3172,0.0000,0.0000,0.0000
45.778,500.0157,-1.5890,244.2972,0.2510,3.8000,-0.4500,2.0526,180.4288,2.4894,0.0000,0.0000,0.0000
45.891,499.7871,-1.4736,244.4467,0.2510,3.8000,-0.4500,2.1223,180.4319,2.5302,0.0000,0.0000,0.0000
46.000,499.5975,-1.3723,244.5715,0.2510,3.8000,-0.4500,2.2701,180.4385,2.6159,0.0000,0.0000,0.0000
46.111,499.3706,-1.2484,244.7224,0.2510,3.8000,-0.4500,2.3433,180.4419,2.6583,0.0000,0.0000,0.0000
46.222,499.1822,-1.1412,244.8478,0.2510,3.8000,-0.4500,2.4883,180.4487,2.7403,0.0000,0.0000,0.0000
46.335,498.9563,-1.0114,244.9998,0.2510,3.8000,-0.4500,2.5615,180.4522,2.7799,0.0000,0.0000,0.0000
46.446,498.7310,-0.8794,245.1534,0.2510,3.8000,-0.4500,2.6347,180.4558,2.8193,0.0000,0.0000,0.0000
46.569,498.5059,-0.7475,245.3095,0.2510,3.8000,-0.4500,2.6347,180.4558,2.8192,0.0000,0.0000,0.0000
46.681,498.3184,-0.6369,245.4406,0.2510,3.8000,-0.4500,2.6347,180.4558,2.8193,0.0000,0.0000,0.0000
46.791,498.0935,-0.5045,245.5988,0.2510,3.8000,-0.4500,2.6347,180.4558,2.8193,0.0000,0.0000,0.0000
46.903,497.9064,-0.3936,245.7307,0.2510,3.8000,-0.4500,2.7109,180.4596,2.8490,0.0000,0.0000,0.0000
47.015,497.6814,-0.2637,245.8902,0.2510,3.8000,-0.4500,2.7109,180.4596,2.8490,0.0000,0.0000,0.0000
47.125,497.4561,-0.1360,246.0503,0.2510,3.8000,-0.4500,2.7109,180.4596,2.8490,0.0000,0.0000,0.0000
47.236,497.2680,-0.0324,246.1842,0.2510,3.8000,-0.4500,2.7109,180.4596,2.8490,0.0000,0.0000,0.0000
47.361,497.0417,0.0886,246.3453,0.2510,3.8000,-0.4500,2.7109,180.4596,2.8490,0.0000,0.0000,0.0000
47.472,496.8148,0.2046,246.5061,0.2510,3.8000,-0.4500,2.7109,180.4596,2.8490,0.0000,0.0000,0.0000
47.600,496.5870,0.3152,246.6658,0.2510,3.8000,-0.4500,2.7109,180.4596,2.8490,0.0000,0.0000,0.0000
47.722,496.3581,0.4195,246.8245,0.2510,3.8000,-0.4500,2.7109,180.4596,2.8490,0.0000,0.0000,0.0000
47.834,496.1281,0.5171,246.9830,0.2510,3.8000,-0.4500,2.7109,180.4596,2.8490,0.0000,0.0000,0.0000
47.946,495.8958,0.6043,247.1418,0.2510,3.8000,-0.4500,2.6767,180.4580,2.6801,0.0000,0.0000,0.0000
48.056,495.7008,0.6703,247.2740,0.2510,3.8000,-0.4500,2.6338,180.4560,2.5126,0.0000,0.0000,0.0000
48.167,495.4644,0.7396,247.4324,0.2510,3.8000,-0.4500,2.5028,180.4506,2.2013,0.0000,0.0000,0.0000
48.279,495.2667,0.7910,247.5636,0.2510,3.8000,-0.4500,2.3681,180.4457,1.9749,0.0000,0.0000,0.0000
48.390,495.0282,0.8458,247.7197,0.2510,3.8000,-0.4500,2.2286,180.4412,1.7610,0.0000,0.0000,0.0000
48.500,494.8273,0.8806,247.8500,0.2510,3.8000,-0.4500,1.9754,180.4341,1.4254,0.0000,0.0000,0.0000
48.611,494.5862,0.9185,248.0018,0.2510,3.8000,-0.4500,1.8133,180.4304,1.2296,0.0000,0.0000,0.0000
48.722,494.3835,0.9421,248.1226,0.2510,3.8000,-0.4500,1.6517,180.4272,1.0392,0.0000,0.0000,0.0000
48.833,494.1384,0.9611,248.2608,0.2510,3.8000,-0.4500,1.4302,180.4237,0.7880,0.0000,0.0000,0.0000
48.958,493.8916,0.9706,248.3929,0.2510,3.8000,-0.4500,1.2053,180.4211,0.5373,0.0000,0.0000,0.0000
49.084,493.6434,0.9707,248.5208,0.2510,3.8000,-0.4500,0.9730,180.4194,0.2804,0.0000,0.0000,0.0000
49.194,493.3940,0.9621,248.6459,0.2510,3.8000,-0.4500,0.7494,180.4188,0.0330,0.0000,0.0000,0.0000
49.306,493.1440,0.9462,248.7692,0.2510,3.8000,-0.4500,0.5836,180.4190,359.8484,0.0000,0.0000,0.0000
49.430,492.8931,0.9218,248.8919,0.2510,3.8000,-0.4500,0.4168,180.4197,359.6611,0.0000,0.0000,0.0000
49.555,492.6409,0.8878,249.0132,0.2510,3.8000,-0.4500,0.1959,180.4215,359.4098,0.0000,0.0000,0.0000
49.667,492.3879,0.8475,249.1279,0.2510,3.8000,-0.4500,0.0273,180.4235,359.2126,0.0000,0.0000,0.0000
49.778,492.1764,0.8094,249.2183,0.2510,3.8000,-0.4500,359.9184,180.4251,359.0841,0.0000,0.0000,0.0000
49.889,491.9210,0.7551,249.3228,0.2510,3.8000,-0.4500,359.7048,180.4290,358.8226,0.0000,0.0000,0.0000
50.000,491.7084,0.7089,249.4068,0.2510,3.8000,-0.4500,359.6549,180.4301,358.7591,0.0000,0.0000,0.0000
50.111,491.4526,0.6470,249.5066,0.2510,3.8000,-0.4500,359.5550,180.4323,358.6312,0.0000,0.0000,0.0000
50.222,491.2384,0.5892,249.5899,0.2510,3.8000,-0.4500,359.4003,180.4363,358.4295,0.0000,0.0000,0.0000
50.334,490.9825,0.5190,249.6898,0.2510,3.8000,-0.4500,359.3502,180.4377,358.3645,0.0000,0.0000,0.0000
50.444,490.7693,0.4566,249.7772,0.2510,3.8000,-0.4500,359.2992,180.4392,358.3009,0.0000,0.0000,0.0000
50.570,490.4707,0.3593,249.9111,0.2510,3.8000,-0.4500,359.0764,180.4463,358.0371,0.0000,0.0000,0.0000
50.680,490.2590,0.2905,250.0134,0.2510,3.8000,-0.4500,359.0764,180.4463,358.0371,0.0000,0.0000,0.0000
50.806,489.9622,0.1852,250.1656,0.2510,3.8000,-0.4500,358.9053,180.4525,357.8642,0.0000,0.0000,0.0000
50.916,489.7508,0.1072,250.2786,0.2510,3.8000,-0.4500,358.7893,180.4569,357.7571,0.0000,0.0000,0.0000
51.042,489.4981,0.0142,250.4171,0.2510,3.8000,-0.4500,358.7893,180.4569,357.7571,0.0000,0.0000,0.0000
51.153,489.2452,-0.0828,250.5587,0.2510,3.8000,-0.4500,358.7243,180.4595,357.7096,0.0000,0.0000,0.0000
51.264,489.0345,-0.1652,250.6784,0.2510,3.8000,-0.4500,358.6577,180.4622,357.6650,0.0000,0.0000,0.0000
51.375,488.7823,-0.2638,250.8228,0.2510,3.8000,-0.4500,358.6577,180.4622,357.6650,0.0000,0.0000,0.0000
51.486,488.5298,-0.3664,250.9696,0.2510,3.8000,-0.4500,358.4317,180.4716,357.5632,0.0000,0.0000,0.0000
51.597,488.3201,-0.4491,251.0916,0.2510,3.8000,-0.4500,358.4317,180.4716,357.5632,0.0000,0.0000,0.0000
51.708,488.0685,-0.5474,251.2388,0.2510,3.8000,-0.4500,358.4317,180.4716,357.5632,0.0000,0.0000,0.0000
51.821,487.8591,-0.6283,251.3620,0.2510,3.8000,-0.4500,358.4317,180.4716,357.5632,0.0000,0.0000,0.0000
51.930,487.6080,-0.7236,251.5101,0.2510,3.8000,-0.4500,358.4317,180.4716,357.5632,0.0000,0.0000,0.0000
52.045,487.3572,-0.8158,251.6585,0.2510,3.8000,-0.4500,358.4317,180.4716,357.5632,0.0000,0.0000,0.0000
52.153,487.1487,-0.8902,251.7828,0.2510,3.8000,-0.4500,358.3574,180.4747,357.5992,0.0000,0.0000,0.0000
52.264,486.9404,-0.9615,251.9070,0.2510,3.8000,-0.4500,358.2846,180.4777,357.6371,0.0000,0.0000,0.0000
52.375,486.6909,-1.0424,252.0556,0.2510,3.8000,-0.4500,358.2296,180.4800,357.6968,0.0000,0.0000,0.0000
52.486,486.4413,-1.1181,252.2037,0.2510,3.8000,-0.4500,358.1764,180.4821,357.7584,0.0000,0.0000,0.0000
52.597,486.2343,-1.1754,252.3267,0.2510,3.8000,-0.4500,358.1031,180.4848,357.9070,0.0000,0.0000,0.0000
52.722,485.9870,-1.2358,252.4733,0.2510,3.8000,-0.4500,358.0229,180.4876,358.2276,0.0000,0.0000,0.0000
52.847,485.6964,-1.3042,252.6413,0.2510,3.8000,-0.4500,358.0229,180.4876,358.2276,0.0000,0.0000,0.0000
52.972,485.4503,-1.3474,252.7837,0.2510,3.8000,-0.4500,358.0586,180.4866,358.6663,0.0000,0.0000,0.0000
53.084,485.2435,-1.3833,252.9007,0.2510,3.8000,-0.4500,358.0701,180.4864,358.7465,0.0000,0.0000,0.0000
53.194,484.9971,-1.4154,253.0390,0.2510,3.8000,-0.4500,358.1724,180.4844,359.0660,0.0000,0.0000,0.0000
53.306,484.7495,-1.4452,253.1758,0.2510,3.8000,-0.4500,358.2074,180.4839,359.1438,0.0000,0.0000,0.0000
53.417,484.5450,-1.4596,253.2879,0.2510,3.8000,-0.4500,358.3558,180.4821,359.4489,0.0000,0.0000,0.0000
53.528,484.2988,-1.4753,253.4214,0.2510,3.8000,-0.4500,358.4434,180.4813,359.5887,0.0000,0.0000,0.0000
53.640,484.0933,-1.4846,253.5289,0.2510,3.8000,-0.4500,358.4884,180.4810,359.6580,0.0000,0.0000,0.0000
53.750,483.8475,-1.4855,253.6476,0.2510,3.8000,-0.4500,358.6906,180.4803,359.9221,0.0000,0.0000,0.0000
53.861,483.6414,-1.4855,253.7392,0.2510,3.8000,-0.4500,358.7480,180.4803,359.9826,0.0000,0.0000,0.0000
53.972,483.3941,-1.4793,253.8412,0.2510,3.8000,-0.4500,358.8661,180.4803,0.1026,0.0000,0.0000,0.0000
54.097,483.1471,-1.4668,253.9366,0.2510,3.8000,-0.4500,359.0602,180.4810,0.2647,0.0000,0.0000,0.0000
54.223,482.8999,-1.4504,254.0277,0.2510,3.8000,-0.4500,359.2613,180.4821,0.4003,0.0000,0.0000,0.0000
54.335,482.6523,-1.4327,254.1169,0.2510,3.8000,-0.4500,359.3340,180.4827,0.4370,0.0000,0.0000,0.0000
54.444,482.4462,-1.4138,254.1892,0.2510,3.8000,-0.4500,359.4816,180.4839,0.5074,0.0000,0.0000,0.0000
54.569,482.1573,-1.3849,254.2892,0.2510,3.8000,-0.4500,359.6318,180.4853,0.5599,0.0000,0.0000,0.0000
54.694,481.9098,-1.3558,254.3731,0.2510,3.8000,-0.4500,359.8665,180.4877,0.6213,0.0000,0.0000,0.0000
54.819,481.6621,-1.3255,254.4567,0.2510,3.8000,-0.4500,0.0280,180.4895,0.6423,0.0000,0.0000,0.0000
54.944,481.4143,-1.2923,254.5389,0.2510,3.8000,-0.4500,0.2713,180.4923,0.6558,0.0000,0.0000,0.0000
55.069,481.1249,-1.2526,254.6346,0.2510,3.8000,-0.4500,0.4311,180.4941,0.6484,0.0000,0.0000,0.0000
55.195,480.8766,-1.2168,254.7157,0.2510,3.8000,-0.4500,0.5984,180.4959,0.6265,0.0000,0.0000,0.0000
55.319,480.6280,-1.1803,254.7965,0.2510,3.8000,-0.4500,0.6811,180.4968,0.6143,0.0000,0.0000,0.0000
55.444,480.3788,-1.1424,254.8755,0.2510,3.8000,-0.4500,0.9235,180.4993,0.5579,0.0000,0.0000,0.0000
55.555,480.1294,-1.1044,254.9542,0.2510,3.8000,-0.4500,1.0760,180.5007,0.5093,0.0000,0.0000,0.0000
55.680,479.8791,-1.0663,255.0315,0.2510,3.8000,-0.4500,1.3073,180.5026,0.4162,0.0000,0.0000,0.0000
55.805,479.5867,-1.0223,255.1215,0.2510,3.8000,-0.4500,1.4564,180.5036,0.3400,0.0000,0.0000,0.0000
55.918,479.3773,-0.9913,255.1849,0.2510,3.8000,-0.4500,1.6001,180.5043,0.2628,0.0000,0.0000,0.0000
56.028,479.1256,-0.9550,255.2605,0.2510,3.8000,-0.4500,1.7351,180.5049,0.1721,0.0000,0.0000,0.0000
56.138,478.9156,-0.9253,255.3234,0.2510,3.8000,-0.4500,1.8013,180.5050,0.1261,0.0000,0.0000,0.0000
56.250,478.6627,-0.8913,255.3981,0.2510,3.8000,-0.4500,1.9275,180.5052,0.0208,0.0000,0.0000,0.0000
56.362,478.4514,-0.8644,255.4598,0.2510,3.8000,-0.4500,2.0507,180.5051,359.9117,0.0000,0.0000,0.0000
56.471,478.1980,-0.8331,255.5342,0.2510,3.8000,-0.4500,2.1081,180.5050,359.8497,0.0000,0.0000,0.0000
56.584,477.9853,-0.8101,255.5953,0.2510,3.8000,-0.4500,2.2744,180.5043,359.6626,0.0000,0.0000,0.0000
56.707,477.6883,-0.7784,255.6818,0.2510,3.8000,-0.4500,2.3217,180.5040,359.5959,0.0000,0.0000,0.0000
56.820,477.4755,-0.7579,255.7437,0.2510,3.8000,-0.4500,2.3687,180.5036,359.5282,0.0000,0.0000,0.0000
56.929,477.2188,-0.7377,255.8180,0.2510,3.8000,-0.4500,2.4971,180.5023,359.3079,0.0000,0.0000,0.0000
57.055,476.9626,-0.7184,255.8938,0.2510,3.8000,-0.4500,2.5322,180.5019,359.2360,0.0000,0.0000,0.0000
57.180,476.7048,-0.7042,255.9702,0.2510,3.8000,-0.4500,2.6278,180.5004,359.0062,0.0000,0.0000,0.0000
57.291,476.4481,-0.6897,256.0483,0.2510,3.8000,-0.4500,2.6278,180.5004,359.0062,0.0000,0.0000,0.0000
57.402,476.2328,-0.6825,256.1140,0.2510,3.8000,-0.4500,2.6745,180.4995,358.8429,0.0000,0.0000,0.0000
57.513,475.9754,-0.6737,256.1940,0.2510,3.8000,-0.4500,2.6745,180.4996,358.8429,0.0000,0.0000,0.0000
57.624,475.7590,-0.6728,256.2614,0.2510,3.8000,-0.4500,2.7254,180.4984,358.5926,0.0000,0.0000,0.0000
57.735,475.5009,-0.6697,256.3440,0.2510,3.8000,-0.4500,2.7254,180.4984,358.5926,0.0000,0.0000,0.0000
57.846,475.2415,-0.6725,256.4280,0.2510,3.8000,-0.4500,2.7414,180.4980,358.4286,0.0000,0.0000,0.0000
57.972,474.9818,-0.6784,256.5137,0.2510,3.8000,-0.4500,2.7466,180.4978,358.2649,0.0000,0.0000,0.0000
58.083,474.7661,-0.6831,256.5864,0.2510,3.8000,-0.4500,2.7466,180.4978,358.2649,0.0000,0.0000,0.0000
58.195,474.5057,-0.6958,256.6752,0.2510,3.8000,-0.4500,2.7294,180.4984,358.0182,0.0000,0.0000,0.0000
58.305,474.2469,-0.7065,256.7679,0.2510,3.8000,-0.4500,2.7294,180.4984,358.0182,0.0000,0.0000,0.0000
58.417,474.0313,-0.7172,256.8492,0.2510,3.8000,-0.4500,2.7294,180.4984,358.0182,0.0000,0.0000,0.0000
58.528,473.7723,-0.7333,256.9511,0.2510,3.8000,-0.4500,2.7126,180.4990,357.9368,0.0000,0.0000,0.0000
58.638,473.5571,-0.7468,257.0391,0.2510,3.8000,-0.4500,2.7126,180.4990,357.9368,0.0000,0.0000,0.0000
58.764,473.2978,-0.7676,257.1478,0.2510,3.8000,-0.4500,2.6684,180.5007,357.7796,0.0000,0.0000,0.0000
58.888,472.9967,-0.7898,257.2773,0.2510,3.8000,-0.4500,2.6684,180.5007,357.7796,0.0000,0.0000,0.0000
59.013,472.7386,-0.8098,257.3901,0.2510,3.8000,-0.4500,2.6684,180.5007,357.7796,0.0000,0.0000,0.0000
59.125,472.4805,-0.8304,257.5039,0.2510,3.8000,-0.4500,2.6684,180.5007,357.7796,0.0000,0.0000,0.0000
59.250,472.2226,-0.8512,257.6183,0.2510,3.8000,-0.4500,2.6684,180.5007,357.7796,0.0000,0.0000,0.0000
59.375,471.9647,-0.8717,257.7321,0.2510,3.8000,-0.4500,2.6684,180.5007,357.7796,0.0000,0.0000,0.0000
59.486,471.7067,-0.8918,257.8441,0.2510,3.8000,-0.4500,2.6684,180.5007,357.7796,0.0000,0.0000,0.0000
59.598,471.4916,-0.9077,257.9359,0.2510,3.8000,-0.4500,2.6684,180.5006,357.7796,0.0000,0.0000,0.0000
59.708,471.2336,-0.9256,258.0446,0.2510,3.8000,-0.4500,2.6684,180.5006,357.7796,0.0000,0.0000,0.0000
59.819,471.0187,-0.9392,258.1343,0.2510,3.8000,-0.4500,2.6684,180.5006,357.7796,0.0000,0.0000,0.0000
59.930,470.7611,-0.9535,258.2411,0.2510,3.8000,-0.4500,2.6684,180.5006,357.7796,0.0000,0.0000,0.0000
60.055,470.5036,-0.9653,258.3474,0.2510,3.8000,-0.4500,2.6684,180.5006,357.7796,0.0000,0.0000,0.0000
60.180,470.2464,-0.9741,258.4533,0.2510,3.8000,-0.4500,2.6684,180.5006,357.7796,0.0000,0.0000,0.0000
60.305,469.9468,-0.9801,258.5764,0.2510,3.8000,-0.4500,2.6684,180.5006,357.7796,0.0000,0.0000,0.0000
60.416,469.7331,-0.9814,258.6640,0.2510,3.8000,-0.4500,2.6684,180.5006,357.7796,0.0000,0.0000,0.0000
60.530,469.4771,-0.9793,258.7690,0.2510,3.8000,-0.4500,2.6684,180.5006,357.7796,0.0000,0.0000,0.0000
60.878,468.7559,-0.9466,259.0705,0.2510,3.8000,-0.4500,2.5322,180.5057,357.9927,0.0000,0.0000,0.0000
60.986,468.5036,-0.9234,259.1772,0.2510,3.8000,-0.4500,2.4453,180.5086,358.2379,0.0000,0.0000,0.0000
61.097,468.2942,-0.8993,259.2657,0.2510,3.8000,-0.4500,2.3917,180.5101,358.4842,0.0000,0.0000,0.0000
61.208,468.0424,-0.8679,259.3705,0.2510,3.8000,-0.4500,2.3730,180.5106,358.6450,0.0000,0.0000,0.0000
61.320,467.8328,-0.8386,259.4564,0.2510,3.8000,-0.4500,2.3661,180.5107,358.7270,0.0000,0.0000,0.0000
61.430,467.5840,-0.7929,259.5576,0.2510,3.8000,-0.4500,2.3653,180.5107,359.1553,0.0000,0.0000,0.0000
61.542,467.3748,-0.7572,259.6393,0.2510,3.8000,-0.4500,2.3653,180.5108,359.1553,0.0000,0.0000,0.0000
61.667,467.0840,-0.6968,259.7463,0.2510,3.8000,-0.4500,2.3864,180.5105,359.4036,0.0000,0.0000,0.0000
61.778,466.8770,-0.6483,259.8175,0.2510,3.8000,-0.4500,2.4176,180.5102,359.6516,0.0000,0.0000,0.0000
61.903,466.6282,-0.5879,259.8987,0.2510,3.8000,-0.4500,2.4439,180.5101,359.8195,0.0000,0.0000,0.0000
62.014,466.3804,-0.5230,259.9761,0.2510,3.8000,-0.4500,2.4705,180.5101,359.9841,0.0000,0.0000,0.0000
62.125,466.1337,-0.4518,260.0508,0.2510,3.8000,-0.4500,2.5155,180.5101,0.2382,0.0000,0.0000,0.0000
62.250,465.8867,-0.3796,260.1241,0.2510,3.8000,-0.4500,2.5300,180.5102,0.3202,0.0000,0.0000,0.0000
62.361,465.6826,-0.3129,260.1842,0.2510,3.8000,-0.4500,2.5726,180.5105,0.5709,0.0000,0.0000,0.0000
62.485,465.3962,-0.2205,260.2685,0.2510,3.8000,-0.4500,2.5860,180.5107,0.6513,0.0000,0.0000,0.0000
62.596,465.1936,-0.1482,260.3283,0.2510,3.8000,-0.4500,2.6188,180.5111,0.8972,0.0000,0.0000,0.0000
62.708,464.9501,-0.0629,260.4008,0.2510,3.8000,-0.4500,2.6287,180.5113,0.9756,0.0000,0.0000,0.0000
62.833,464.7066,0.0234,260.4741,0.2510,3.8000,-0.4500,2.6287,180.5113,0.9756,0.0000,0.0000,0.0000
62.944,464.5055,0.0998,260.5353,0.2510,3.8000,-0.4500,2.6358,180.5114,1.1443,0.0000,0.0000,0.0000
63.055,464.2646,0.1918,260.6097,0.2510,3.8000,-0.4500,2.6319,180.5113,1.3085,0.0000,0.0000,0.0000
63.180,464.0233,0.2820,260.6856,0.2510,3.8000,-0.4500,2.6319,180.5113,1.3085,0.0000,0.0000,0.0000
63.305,463.7428,0.3888,260.7754,0.2510,3.8000,-0.4500,2.6169,180.5110,1.3912,0.0000,0.0000,0.0000
63.431,463.5037,0.4814,260.8534,0.2510,3.8000,-0.4500,2.5825,180.5101,1.5505,0.0000,0.0000,0.0000
63.541,463.3038,0.5556,260.9195,0.2510,3.8000,-0.4500,2.5825,180.5101,1.5505,0.0000,0.0000,0.0000
63.653,463.0641,0.6433,260.9999,0.2510,3.8000,-0.4500,2.5825,180.5101,1.5505,0.0000,0.0000,0.0000
63.777,462.8249,0.7295,261.0818,0.2510,3.8000,-0.4500,2.5343,180.5088,1.6183,0.0000,0.0000,0.0000
63.902,462.5850,0.7921,261.1662,0.2510,3.8000,-0.4500,2.4849,180.5074,1.6846,0.0000,0.0000,0.0000
64.029,462.2973,0.8241,261.2688,0.2510,3.8000,-0.4500,2.2679,180.5017,1.2045,0.0000,0.0000,0.0000
64.152,462.0398,0.8239,261.3563,0.2510,3.8000,-0.4500,2.0137,180.4988,359.9761,0.0000,0.0000,0.0000
64.263,461.8226,0.7980,261.4272,0.2510,3.8000,-0.4500,1.8860,180.4999,359.0406,0.0000,0.0000,0.0000
64.375,461.5648,0.7786,261.5112,0.2510,3.8000,-0.4500,1.8237,180.5012,358.5905,0.0000,0.0000,0.0000
64.486,461.3089,0.7685,261.5961,0.2510,3.8000,-0.4500,1.8237,180.5012,358.5905,0.0000,0.0000,0.0000
64.597,461.0955,0.7620,261.6678,0.2510,3.8000,-0.4500,1.8237,180.5012,358.5905,0.0000,0.0000,0.0000
64.709,460.8393,0.7571,261.7543,0.2510,3.8000,-0.4500,1.8237,180.5012,358.5905,0.0000,0.0000,0.0000
64.833,460.5833,0.7559,261.8413,0.2510,3.8000,-0.4500,1.8237,180.5012,358.5905,0.0000,0.0000,0.0000
64.958,460.3277,0.7583,261.9286,0.2510,3.8000,-0.4500,1.8237,180.5012,358.5905,0.0000,0.0000,0.0000
65.083,460.0723,0.7643,262.0160,0.2510,3.8000,-0.4500,1.8237,180.5012,358.5905,0.0000,0.0000,0.0000
65.194,459.8175,0.7738,262.1032,0.2510,3.8000,-0.4500,1.8237,180.5012,358.5905,0.0000,0.0000,0.0000
65.305,459.5633,0.7865,262.1904,0.2510,3.8000,-0.4500,1.8237,180.5012,358.5905,0.0000,0.0000,0.0000
65.430,459.3094,0.8025,262.2773,0.2510,3.8000,-0.4500,1.8237,180.5012,358.5905,0.0000,0.0000,0.0000
65.542,459.1003,0.8231,262.3498,0.2510,3.8000,-0.4500,1.7376,180.5031,358.9094,0.0000,0.0000,0.0000
65.653,458.8474,0.8449,262.4350,0.2510,3.8000,-0.4500,1.7376,180.5031,358.9094,0.0000,0.0000,0.0000
65.764,458.6386,0.8692,262.5052,0.2510,3.8000,-0.4500,1.6862,180.5039,359.1544,0.0000,0.0000,0.0000
65.888,458.3457,0.9038,262.6019,0.2510,3.8000,-0.4500,1.6556,180.5043,359.3176,0.0000,0.0000,0.0000
66.000,458.1367,0.9303,262.6699,0.2510,3.8000,-0.4500,1.6406,180.5045,359.3980,0.0000,0.0000,0.0000
66.111,457.8868,0.9654,262.7505,0.2510,3.8000,-0.4500,1.6120,180.5048,359.5570,0.0000,0.0000,0.0000
66.222,457.6786,0.9957,262.8171,0.2510,3.8000,-0.4500,1.5977,180.5049,359.6360,0.0000,0.0000,0.0000
66.347,457.3879,1.0413,262.9096,0.2510,3.8000,-0.4500,1.5677,180.5050,359.7942,0.0000,0.0000,0.0000
66.458,457.1811,1.0760,262.9753,0.2510,3.8000,-0.4500,1.5352,180.5051,359.9521,0.0000,0.0000,0.0000
66.583,456.9322,1.1161,263.0538,0.2510,3.8000,-0.4500,1.5352,180.5051,359.9521,0.0000,0.0000,0.0000
66.693,456.6846,1.1599,263.1323,0.2510,3.8000,-0.4500,1.4965,180.5051,0.1109,0.0000,0.0000,0.0000
66.818,456.4363,1.2020,263.2108,0.2510,3.8000,-0.4500,1.4965,180.5051,0.1109,0.0000,0.0000,0.0000
66.931,456.1896,1.2471,263.2898,0.2510,3.8000,-0.4500,1.4483,180.5049,0.2679,0.0000,0.0000,0.0000
67.043,455.9833,1.2826,263.3556,0.2510,3.8000,-0.4500,1.4483,180.5049,0.2679,0.0000,0.0000,0.0000
67.152,455.7369,1.3263,263.4381,0.2510,3.8000,-0.4500,1.4160,180.5047,0.3439,0.0000,0.0000,0.0000
67.263,455.5323,1.3623,263.5135,0.2510,3.8000,-0.4500,1.3824,180.5045,0.4168,0.0000,0.0000,0.0000
67.376,455.2870,1.4036,263.6120,0.2510,3.8000,-0.4500,1.3824,180.5045,0.4168,0.0000,0.0000,0.0000
67.499,455.0434,1.4452,263.7184,0.2510,3.8000,-0.4500,1.2896,180.5037,0.5499,0.0000,0.0000,0.0000
67.611,454.7996,1.4835,263.8296,0.2510,3.8000,-0.4500,1.2896,180.5037,0.5499,0.0000,0.0000,0.0000
67.722,454.5963,1.5137,263.9224,0.2510,3.8000,-0.4500,1.2896,180.5037,0.5499,0.0000,0.0000,0.0000
67.846,454.3115,1.5533,264.0462,0.2510,3.8000,-0.4500,1.2246,180.5031,0.5979,0.0000,0.0000,0.0000
67.973,454.0664,1.5838,264.1456,0.2510,3.8000,-0.4500,1.1541,180.5023,0.6361,0.0000,0.0000,0.0000
68.083,453.8615,1.6067,264.2240,0.2510,3.8000,-0.4500,1.1541,180.5023,0.6361,0.0000,0.0000,0.0000
68.194,453.6152,1.6308,264.3154,0.2510,3.8000,-0.4500,1.0799,180.5015,0.6648,0.0000,0.0000,0.0000
68.304,453.4096,1.6473,264.3906,0.2510,3.8000,-0.4500,0.9181,180.4996,0.6951,0.0000,0.0000,0.0000
68.415,453.1622,1.6644,264.4782,0.2510,3.8000,-0.4500,0.9181,180.4996,0.6951,0.0000,0.0000,0.0000
68.526,452.9143,1.6758,264.5660,0.2510,3.8000,-0.4500,0.7538,180.4976,0.6936,0.0000,0.0000,0.0000
68.636,452.7071,1.6813,264.6391,0.2510,3.8000,-0.4500,0.5901,180.4956,0.6661,0.0000,0.0000,0.0000
68.748,452.4580,1.6847,264.7259,0.2510,3.8000,-0.4500,0.5112,180.4947,0.6446,0.0000,0.0000,0.0000
68.859,452.2497,1.6816,264.7992,0.2510,3.8000,-0.4500,0.2801,180.4923,0.5629,0.0000,0.0000,0.0000
68.972,451.9997,1.6759,264.8859,0.2510,3.8000,-0.4500,0.2063,180.4916,0.5262,0.0000,0.0000,0.0000
69.082,451.7907,1.6659,264.9586,0.2510,3.8000,-0.4500,0.0595,180.4903,0.4498,0.0000,0.0000,0.0000
69.193,451.5394,1.6497,265.0456,0.2510,3.8000,-0.4500,359.9226,180.4893,0.3632,0.0000,0.0000,0.0000
69.304,451.3293,1.6305,265.1187,0.2510,3.8000,-0.4500,359.7223,180.4883,0.2229,0.0000,0.0000,0.0000
69.415,451.0777,1.6076,265.2047,0.2510,3.8000,-0.4500,359.7223,180.4883,0.2229,0.0000,0.0000,0.0000
69.527,450.8247,1.5754,265.2923,0.2510,3.8000,-0.4500,359.5256,180.4878,0.0639,0.0000,0.0000,0.0000
69.638,450.6136,1.5455,265.3651,0.2510,3.8000,-0.4500,359.4026,180.4878,359.9574,0.0000,0.0000,0.0000
69.762,450.3596,1.5042,265.4528,0.2510,3.8000,-0.4500,359.2177,180.4882,359.7876,0.0000,0.0000,0.0000
69.873,450.1064,1.4627,265.5396,0.2510,3.8000,-0.4500,359.2177,180.4882,359.7876,0.0000,0.0000,0.0000
69.998,449.8517,1.4123,265.6280,0.2510,3.8000,-0.4500,359.0378,180.4892,359.6145,0.0000,0.0000,0.0000
70.109,449.5972,1.3589,265.7165,0.2510,3.8000,-0.4500,358.9184,180.4901,359.4963,0.0000,0.0000,0.0000
70.220,449.3850,1.3124,265.7905,0.2510,3.8000,-0.4500,358.8596,180.4906,359.4380,0.0000,0.0000,0.0000
70.332,449.1299,1.2519,265.8800,0.2510,3.8000,-0.4500,358.7429,180.4919,359.3215,0.0000,0.0000,0.0000
70.457,448.8749,1.1894,265.9695,0.2510,3.8000,-0.4500,358.6841,180.4926,359.2633,0.0000,0.0000,0.0000
70.568,448.6199,1.1236,266.0597,0.2510,3.8000,-0.4500,358.6252,180.4934,359.2050,0.0000,0.0000,0.0000
70.680,448.4071,1.0663,266.1355,0.2510,3.8000,-0.4500,358.5637,180.4943,359.1459,0.0000,0.0000,0.0000
70.790,448.1518,0.9956,266.2267,0.2510,3.8000,-0.4500,358.5021,180.4952,359.0869,0.0000,0.0000,0.0000
70.902,447.9390,0.9346,266.3032,0.2510,3.8000,-0.4500,358.4426,180.4962,359.0318,0.0000,0.0000,0.0000
71.012,447.6840,0.8616,266.3951,0.2510,3.8000,-0.4500,358.4426,180.4962,359.0318,0.0000,0.0000,0.0000
71.124,447.4707,0.7965,266.4727,0.2510,3.8000,-0.4500,358.3122,180.4986,358.9214,0.0000,0.0000,0.0000
71.248,447.1731,0.7082,266.5811,0.2510,3.8000,-0.4500,358.3122,180.4986,358.9214,0.0000,0.0000,0.0000
71.373,446.9181,0.6316,266.6745,0.2510,3.8000,-0.4500,358.3122,180.4985,358.9214,0.0000,0.0000,0.0000
71.485,446.6630,0.5546,266.7682,0.2510,3.8000,-0.4500,358.3122,180.4985,358.9214,0.0000,0.0000,0.0000
71.609,446.4077,0.4762,266.8621,0.2510,3.8000,-0.4500,358.2415,180.4999,358.8781,0.0000,0.0000,0.0000
71.734,446.1527,0.3994,266.9555,0.2510,3.8000,-0.4500,358.2415,180.4999,358.8781,0.0000,0.0000,0.0000
71.847,445.8979,0.3232,267.0489,0.2510,3.8000,-0.4500,358.2415,180.4999,358.8781,0.0000,0.0000,0.0000
71.970,445.6433,0.2479,267.1425,0.2510,3.8000,-0.4500,358.2415,180.4999,358.8781,0.0000,0.0000,0.0000
72.082,445.4314,0.1859,267.2203,0.2510,3.8000,-0.4500,358.2415,180.4999,358.8781,0.0000,0.0000,0.0000
72.193,445.1771,0.1129,267.3132,0.2510,3.8000,-0.4500,358.2415,180.4999,358.8781,0.0000,0.0000,0.0000
72.303,444.9653,0.0533,267.3904,0.2510,3.8000,-0.4500,358.2415,180.4999,358.8781,0.0000,0.0000,0.0000
72.429,444.6691,-0.0282,267.4982,0.2510,3.8000,-0.4500,358.2415,180.4999,358.8781,0.0000,0.0000,0.0000
72.540,444.4578,-0.0853,267.5754,0.2510,3.8000,-0.4500,358.1613,180.5015,358.8890,0.0000,0.0000,0.0000
72.667,444.1620,-0.1622,267.6816,0.2510,3.8000,-0.4500,358.1613,180.5015,358.8890,0.0000,0.0000,0.0000
72.791,443.9085,-0.2259,267.7716,0.2510,3.8000,-0.4500,358.1613,180.5015,358.8890,0.0000,0.0000,0.0000
72.901,443.6980,-0.2775,267.8468,0.2510,3.8000,-0.4500,358.0095,180.5043,358.9658,0.0000,0.0000,0.0000
73.012,443.4453,-0.3377,267.9355,0.2510,3.8000,-0.4500,357.9420,180.5055,359.0132,0.0000,0.0000,0.0000
73.138,443.1931,-0.3966,268.0236,0.2510,3.8000,-0.4500,357.8750,180.5066,359.0614,0.0000,0.0000,0.0000
73.250,442.9413,-0.4541,268.1112,0.2510,3.8000,-0.4500,357.8108,180.5077,359.1184,0.0000,0.0000,0.0000
73.359,442.7318,-0.5009,268.1848,0.2510,3.8000,-0.4500,357.6845,180.5095,359.2321,0.0000,0.0000,0.0000
73.484,442.4799,-0.5578,268.2718,0.2510,3.8000,-0.4500,357.6845,180.5095,359.2321,0.0000,0.0000,0.0000
73.592,442.2293,-0.6129,268.3597,0.2510,3.8000,-0.4500,357.5048,180.5116,359.4061,0.0000,0.0000,0.0000
73.707,441.9777,-0.6698,268.4459,0.2510,3.8000,-0.4500,357.5048,180.5116,359.4061,0.0000,0.0000,0.0000
73.832,441.7266,-0.7269,268.5324,0.2510,3.8000,-0.4500,357.4448,180.5122,359.4584,0.0000,0.0000,0.0000
73.943,441.5171,-0.7755,268.6043,0.2510,3.8000,-0.4500,357.4448,180.5122,359.4584,0.0000,0.0000,0.0000
74.068,441.2242,-0.8442,268.7052,0.2510,3.8000,-0.4500,357.3787,180.5128,359.5075,0.0000,0.0000,0.0000
74.179,441.0148,-0.8944,268.7768,0.2510,3.8000,-0.4500,357.3787,180.5128,359.5075,0.0000,0.0000,0.0000
74.290,440.7641,-0.9549,268.8637,0.2510,3.8000,-0.4500,357.2395,180.5139,359.5989,0.0000,0.0000,0.0000
74.415,440.5127,-1.0165,268.9496,0.2510,3.8000,-0.4500,357.2395,180.5139,359.5989,0.0000,0.0000,0.0000
74.540,440.2614,-1.0784,269.0355,0.2510,3.8000,-0.4500,357.2395,180.5139,359.5989,0.0000,0.0000,0.0000
74.665,439.9686,-1.1505,269.1364,0.2510,3.8000,-0.4500,357.1712,180.5143,359.6416,0.0000,0.0000,0.0000
74.777,439.7593,-1.2017,269.2080,0.2510,3.8000,-0.4500,357.1712,180.5143,359.6417,0.0000,0.0000,0.0000
74.902,439.5085,-1.2626,269.2945,0.2510,3.8000,-0.4500,357.1033,180.5147,359.6875,0.0000,0.0000,0.0000
75.026,439.2155,-1.3325,269.3948,0.2510,3.8000,-0.4500,357.1033,180.5147,359.6875,0.0000,0.0000,0.0000
75.137,439.0067,-1.3812,269.4668,0.2510,3.8000,-0.4500,357.0391,180.5151,359.7397,0.0000,0.0000,0.0000
75.261,438.7560,-1.4385,269.5525,0.2510,3.8000,-0.4500,357.0391,180.5151,359.7397,0.0000,0.0000,0.0000
75.373,438.5064,-1.4931,269.6390,0.2510,3.8000,-0.4500,356.9261,180.5155,359.8582,0.0000,0.0000,0.0000
75.485,438.2562,-1.5468,269.7249,0.2510,3.8000,-0.4500,356.9261,180.5155,359.8582,0.0000,0.0000,0.0000
75.596,438.0478,-1.5899,269.7964,0.2510,3.8000,-0.4500,356.9261,180.5155,359.8582,0.0000,0.0000,0.0000
75.707,437.7979,-1.6394,269.8825,0.2510,3.8000,-0.4500,356.9261,180.5155,359.8582,0.0000,0.0000,0.0000
75.818,437.5909,-1.6767,269.9547,0.2510,3.8000,-0.4500,356.8596,180.5155,0.0135,0.0000,0.0000,0.0000
75.943,437.3414,-1.7216,270.0405,0.2510,3.8000,-0.4500,356.8596,180.5155,0.0135,0.0000,0.0000,0.0000
76.053,437.0923,-1.7637,270.1262,0.2510,3.8000,-0.4500,356.8596,180.5155,0.0135,0.0000,0.0000,0.0000
76.165,436.8445,-1.8004,270.2121,0.2510,3.8000,-0.4500,356.8311,180.5155,0.1774,0.0000,0.0000,0.0000
76.276,436.6371,-1.8310,270.2834,0.2510,3.8000,-0.4500,356.8311,180.5155,0.1774,0.0000,0.0000,0.0000
76.401,436.3892,-1.8636,270.3690,0.2510,3.8000,-0.4500,356.8344,180.5155,0.2624,0.0000,0.0000,0.0000
76.512,436.1421,-1.8919,270.4549,0.2510,3.8000,-0.4500,356.8437,180.5155,0.4293,0.0000,0.0000,0.0000
76.624,435.9355,-1.9158,270.5264,0.2510,3.8000,-0.4500,356.8437,180.5155,0.4293,0.0000,0.0000,0.0000
76.734,435.6884,-1.9405,270.6124,0.2510,3.8000,-0.4500,356.8646,180.5157,0.5094,0.0000,0.0000,0.0000
76.845,435.4413,-1.9626,270.6985,0.2510,3.8000,-0.4500,356.8863,180.5159,0.5892,0.0000,0.0000,0.0000
76.956,435.2353,-1.9803,270.7704,0.2510,3.8000,-0.4500,356.8863,180.5159,0.5892,0.0000,0.0000,0.0000
77.081,434.9894,-1.9963,270.8568,0.2510,3.8000,-0.4500,356.9475,180.5166,0.7418,0.0000,0.0000,0.0000
77.192,434.7427,-2.0132,270.9438,0.2510,3.8000,-0.4500,356.9475,180.5166,0.7418,0.0000,0.0000,0.0000
77.317,434.4974,-2.0248,271.0307,0.2510,3.8000,-0.4500,357.0269,180.5178,0.8870,0.0000,0.0000,0.0000
77.430,434.2514,-2.0377,271.1185,0.2510,3.8000,-0.4500,357.0269,180.5178,0.8870,0.0000,0.0000,0.0000
77.553,434.0060,-2.0473,271.2062,0.2510,3.8000,-0.4500,357.0735,180.5185,0.9546,0.0000,0.0000,0.0000
77.678,433.7602,-2.0569,271.2943,0.2510,3.8000,-0.4500,357.0735,180.5185,0.9545,0.0000,0.0000,0.0000
77.807,433.4744,-2.0632,271.3970,0.2510,3.8000,-0.4500,357.1738,180.5203,1.0831,0.0000,0.0000,0.0000
77.914,433.2698,-2.0689,271.4711,0.2510,3.8000,-0.4500,357.1738,180.5203,1.0831,0.0000,0.0000,0.0000
78.027,433.0242,-2.0748,271.5604,0.2510,3.8000,-0.4500,357.1739,180.5203,1.0831,0.0000,0.0000,0.0000
78.137,432.8197,-2.0791,271.6350,0.2510,3.8000,-0.4500,357.1739,180.5203,1.0831,0.0000,0.0000,0.0000
78.248,432.5749,-2.0821,271.7243,0.2510,3.8000,-0.4500,357.2307,180.5214,1.1391,0.0000,0.0000,0.0000
78.359,432.3705,-2.0853,271.7993,0.2510,3.8000,-0.4500,357.2307,180.5214,1.1391,0.0000,0.0000,0.0000
78.470,432.1255,-2.0887,271.8892,0.2510,3.8000,-0.4500,357.2307,180.5214,1.1391,0.0000,0.0000,0.0000
78.581,431.9214,-2.0911,271.9644,0.2510,3.8000,-0.4500,357.2307,180.5214,1.1391,0.0000,0.0000,0.0000
78.694,431.6766,-2.0924,272.0542,0.2510,3.8000,-0.4500,357.2944,180.5227,1.1884,0.0000,0.0000,0.0000
78.817,431.4314,-2.0946,272.1447,0.2510,3.8000,-0.4500,357.2944,180.5227,1.1884,0.0000,0.0000,0.0000
78.929,431.1862,-2.0966,272.2355,0.2510,3.8000,-0.4500,357.2944,180.5227,1.1884,0.0000,0.0000,0.0000
79.054,430.9409,-2.0983,272.3264,0.2510,3.8000,-0.4500,357.2944,180.5227,1.1884,0.0000,0.0000,0.0000
79.165,430.6959,-2.0984,272.4165,0.2510,3.8000,-0.4500,357.3673,180.5242,1.2271,0.0000,0.0000,0.0000
79.289,430.4507,-2.0994,272.5072,0.2510,3.8000,-0.4500,357.3673,180.5242,1.2271,0.0000,0.0000,0.0000
79.400,430.2464,-2.0998,272.5827,0.2510,3.8000,-0.4500,357.3673,180.5242,1.2271,0.0000,0.0000,0.0000
79.525,429.9630,-2.0978,272.6314,0.2510,3.8000,-0.4500,357.4411,180.5258,1.2599,0.0000,0.0000,0.0000
79.650,429.7347,-2.0897,272.4085,0.2510,3.8000,-0.4500,357.4411,180.5259,1.2599,0.0000,0.0000,0.0000
79.762,429.5551,-2.0769,272.0378,0.2510,3.8000,-0.4500,357.4411,180.5259,1.2599,0.0000,0.0000,0.0000
79.874,429.3477,-2.0562,271.4527,0.2510,3.8000,-0.4500,357.4411,180.5259,1.2599,0.0000,0.0000,0.0000
79.983,429.1788,-2.0358,270.8979,0.2510,3.8000,-0.4500,357.4411,180.5258,1.2599,0.0000,0.0000,0.0000
80.094,428.9785,-2.0090,270.1929,0.2510,3.8000,-0.4500,357.4411,180.5258,1.2599,0.0000,0.0000,0.0000
80.207,428.7791,-1.9808,269.4761,0.2510,3.8000,-0.4500,357.4411,180.5259,1.2599,0.0000,0.0000,0.0000
80.317,428.6129,-1.9567,268.8825,0.2510,3.8000,-0.4500,357.4411,180.5258,1.2599,0.0000,0.0000,0.0000
80.443,428.4133,-1.9274,268.1788,0.2510,3.8000,-0.4500,357.4411,180.5258,1.2599,0.0000,0.0000,0.0000
80.555,428.2134,-1.8979,267.4848,0.2510,3.8000,-0.4500,357.4411,180.5258,1.2599,0.0000,0.0000,0.0000
80.678,428.0150,-1.8661,266.7760,0.2510,3.8000,-0.4500,357.4922,180.5270,1.3223,0.0000,0.0000,0.0000
80.791,427.8176,-1.8342,266.0426,0.2510,3.8000,-0.4500,357.4922,180.5270,1.3223,0.0000,0.0000,0.0000
80.902,427.6534,-1.8069,265.4293,0.2510,3.8000,-0.4500,357.4922,180.5270,1.3223,0.0000,0.0000,0.0000
81.011,427.4561,-1.7738,264.7035,0.2510,3.8000,-0.4500,357.4922,180.5271,1.3223,0.0000,0.0000,0.0000
81.137,427.2576,-1.7392,264.0103,0.2510,3.8000,-0.4500,357.5338,180.5280,1.3919,0.0000,0.0000,0.0000
81.261,427.0505,-1.7091,263.4486,0.2510,3.8000,-0.4500,357.5338,180.5280,1.3919,0.0000,0.0000,0.0000
81.386,426.7924,-1.6789,263.0302,0.2510,3.8000,-0.4500,357.5741,180.5291,1.4603,0.0000,0.0000,0.0000
81.500,426.5984,-1.6620,262.8691,0.2510,3.8000,-0.4500,357.5741,180.5291,1.4603,0.0000,0.0000,0.0000
81.608,426.3621,-1.6398,262.7951,0.2510,3.8000,-0.4500,357.7249,180.5331,1.6512,0.0000,0.0000,0.0000
81.722,426.1631,-1.6259,262.8031,0.2510,3.8000,-0.4500,357.7249,180.5331,1.6512,0.0000,0.0000,0.0000
81.831,425.9244,-1.6086,262.8672,0.2510,3.8000,-0.4500,357.7249,180.5331,1.6512,0.0000,0.0000,0.0000
81.942,425.7274,-1.5870,262.9488,0.2510,3.8000,-0.4500,357.9944,180.5414,1.8546,0.0000,0.0000,0.0000
82.067,425.4508,-1.5601,263.0928,0.2510,3.8000,-0.4500,358.0623,180.5436,1.8929,0.0000,0.0000,0.0000
82.192,425.2147,-1.5317,263.2314,0.2510,3.8000,-0.4500,358.2142,180.5488,1.9659,0.0000,0.0000,0.0000
82.317,424.9792,-1.4994,263.3784,0.2510,3.8000,-0.4500,358.3639,180.5540,2.0341,0.0000,0.0000,0.0000
82.428,424.7442,-1.4628,263.5305,0.2510,3.8000,-0.4500,358.5283,180.5599,2.0913,0.0000,0.0000,0.0000
82.540,424.5490,-1.4275,263.6588,0.2510,3.8000,-0.4500,358.7681,180.5688,2.1704,0.0000,0.0000,0.0000
82.651,424.3148,-1.3840,263.8158,0.2510,3.8000,-0.4500,358.8490,180.5719,2.1922,0.0000,0.0000,0.0000
82.765,424.0814,-1.3329,263.9722,0.2510,3.8000,-0.4500,359.1703,180.5845,2.2751,0.0000,0.0000,0.0000
82.874,423.8866,-1.2901,264.1045,0.2510,3.8000,-0.4500,359.1703,180.5845,2.2751,0.0000,0.0000,0.0000
82.984,423.6926,-1.2403,264.2342,0.2510,3.8000,-0.4500,359.5094,180.5981,2.3469,0.0000,0.0000,0.0000
83.108,423.4209,-1.1688,264.4173,0.2510,3.8000,-0.4500,359.6711,180.6048,2.3781,0.0000,0.0000,0.0000
83.234,423.1884,-1.1026,264.5735,0.2510,3.8000,-0.4500,359.8313,180.6115,2.4075,0.0000,0.0000,0.0000
83.358,422.9564,-1.0320,264.7291,0.2510,3.8000,-0.4500,359.9919,180.6183,2.4348,0.0000,0.0000,0.0000
83.471,422.7248,-0.9556,264.8829,0.2510,3.8000,-0.4500,0.3195,180.6324,2.4869,0.0000,0.0000,0.0000
83.581,422.5316,-0.8916,265.0124,0.2510,3.8000,-0.4500,0.3195,180.6324,2.4869,0.0000,0.0000,0.0000
83.692,422.3005,-0.8086,265.1655,0.2510,3.8000,-0.4500,0.5750,180.6435,2.5222,0.0000,0.0000,0.0000
83.817,422.0693,-0.7239,265.3184,0.2510,3.8000,-0.4500,0.6572,180.6472,2.5328,0.0000,0.0000,0.0000
83.928,421.8378,-0.6333,265.4585,0.2510,3.8000,-0.4500,0.9914,180.6621,2.5736,0.0000,0.0000,0.0000
84.039,421.6437,-0.5584,265.5645,0.2510,3.8000,-0.4500,0.9914,180.6621,2.5736,0.0000,0.0000,0.0000
84.164,421.4102,-0.4632,265.6766,0.2510,3.8000,-0.4500,1.2462,180.6736,2.6079,0.0000,0.0000,0.0000
84.276,421.1758,-0.3677,265.7794,0.2510,3.8000,-0.4500,1.2462,180.6736,2.6079,0.0000,0.0000,0.0000
84.386,420.9413,-0.2672,265.8743,0.2510,3.8000,-0.4500,1.4098,180.6811,2.6393,0.0000,0.0000,0.0000
84.497,420.7461,-0.1818,265.9517,0.2510,3.8000,-0.4500,1.4888,180.6848,2.6589,0.0000,0.0000,0.0000
84.623,420.5123,-0.0763,266.0444,0.2510,3.8000,-0.4500,1.5682,180.6884,2.6824,0.0000,0.0000,0.0000
84.748,420.2407,0.0527,266.1522,0.2510,3.8000,-0.4500,1.8011,180.6995,2.7661,0.0000,0.0000,0.0000
84.860,420.0467,0.1450,266.2311,0.2510,3.8000,-0.4500,1.8011,180.6995,2.7661,0.0000,0.0000,0.0000
84.983,419.8148,0.2594,266.3258,0.2510,3.8000,-0.4500,1.8722,180.7030,2.8045,0.0000,0.0000,0.0000
85.109,419.5445,0.3947,266.4378,0.2510,3.8000,-0.4500,1.8722,180.7030,2.8045,0.0000,0.0000,0.0000
85.220,419.3525,0.4941,266.5179,0.2510,3.8000,-0.4500,1.9421,180.7065,2.8505,0.0000,0.0000,0.0000
85.345,419.0840,0.6350,266.6310,0.2510,3.8000,-0.4500,2.0079,180.7098,2.8984,0.0000,0.0000,0.0000
85.456,418.8923,0.7355,266.7128,0.2510,3.8000,-0.4500,2.0079,180.7098,2.8984,0.0000,0.0000,0.0000
85.567,418.6625,0.8570,266.8111,0.2510,3.8000,-0.4500,2.0079,180.7098,2.8985,0.0000,0.0000,0.0000
85.678,418.4717,0.9600,266.8928,0.2510,3.8000,-0.4500,2.0612,180.7125,2.9609,0.0000,0.0000,0.0000
85.789,418.2425,1.0813,266.9919,0.2510,3.8000,-0.4500,2.0612,180.7125,2.9609,0.0000,0.0000,0.0000
85.900,418.0515,1.1820,267.0749,0.2510,3.8000,-0.4500,2.0612,180.7125,2.9610,0.0000,0.0000,0.0000
86.012,417.8224,1.3015,267.1752,0.2510,3.8000,-0.4500,2.0612,180.7125,2.9609,0.0000,0.0000,0.0000
86.123,417.6315,1.3998,267.2592,0.2510,3.8000,-0.4500,2.0612,180.7125,2.9609,0.0000,0.0000,0.0000
86.250,417.3642,1.5345,267.3777,0.2510,3.8000,-0.4500,2.0612,180.7125,2.9610,0.0000,0.0000,0.0000
86.372,417.1349,1.6470,267.4799,0.2510,3.8000,-0.4500,2.0612,180.7125,2.9610,0.0000,0.0000,0.0000
86.484,416.9436,1.7378,267.5657,0.2510,3.8000,-0.4500,2.0612,180.7125,2.9610,0.0000,0.0000,0.0000
86.595,416.7137,1.8431,267.6693,0.2510,3.8000,-0.4500,2.0612,180.7125,2.9610,0.0000,0.0000,0.0000
86.706,416.4833,1.9436,267.7740,0.2510,3.8000,-0.4500,2.0612,180.7125,2.9610,0.0000,0.0000,0.0000
86.817,416.2909,2.0234,267.8619,0.2510,3.8000,-0.4500,2.0612,180.7125,2.9610,0.0000,0.0000,0.0000
86.930,416.0594,2.1138,267.9683,0.2510,3.8000,-0.4500,2.0612,180.7125,2.9610,0.0000,0.0000,0.0000
87.053,415.8277,2.1961,268.0783,0.2510,3.8000,-0.4500,1.7273,180.6950,3.0147,0.0000,0.0000,0.0000
87.166,415.5946,2.2710,268.1891,0.2510,3.8000,-0.4500,1.4786,180.6820,2.9926,0.0000,0.0000,0.0000
87.275,415.3997,2.3284,268.2814,0.2510,3.8000,-0.4500,1.3950,180.6776,2.9718,0.0000,0.0000,0.0000
87.400,415.1640,2.3871,268.3943,0.2510,3.8000,-0.4500,1.0638,180.6607,2.8707,0.0000,0.0000,0.0000
87.525,414.8871,2.4436,268.5260,0.2510,3.8000,-0.4500,0.6717,180.6417,2.6810,0.0000,0.0000,0.0000
87.650,414.6488,2.4855,268.6365,0.2510,3.8000,-0.4500,0.5276,180.6350,2.6025,0.0000,0.0000,0.0000
87.762,414.4480,2.5084,268.7292,0.2510,3.8000,-0.4500,0.1676,180.6194,2.3651,0.0000,0.0000,0.0000
87.874,414.2065,2.5311,268.8376,0.2510,3.8000,-0.4500,359.9518,180.6108,2.2068,0.0000,0.0000,0.0000
87.984,414.0032,2.5391,268.9274,0.2510,3.8000,-0.4500,359.6109,180.5984,1.9453,0.0000,0.0000,0.0000
88.095,413.7592,2.5452,269.0310,0.2510,3.8000,-0.4500,359.4744,180.5939,1.8327,0.0000,0.0000,0.0000
88.207,413.5121,2.5352,269.1339,0.2510,3.8000,-0.4500,359.0708,180.5822,1.4914,0.0000,0.0000,0.0000
88.317,413.3060,2.5223,269.2164,0.2510,3.8000,-0.4500,358.8833,180.5776,1.3265,0.0000,0.0000,0.0000
88.429,413.0576,2.4985,269.3127,0.2510,3.8000,-0.4500,358.6960,180.5735,1.1586,0.0000,0.0000,0.0000
88.554,412.8065,2.4598,269.4077,0.2510,3.8000,-0.4500,358.3105,180.5669,0.8044,0.0000,0.0000,0.0000
88.678,412.5554,2.4144,269.4995,0.2510,3.8000,-0.4500,358.0669,180.5640,0.5754,0.0000,0.0000,0.0000
88.804,412.3036,2.3608,269.5893,0.2510,3.8000,-0.4500,357.8889,180.5624,0.4061,0.0000,0.0000,0.0000
88.929,412.0081,2.2838,269.6931,0.2510,3.8000,-0.4500,357.5850,180.5611,0.1131,0.0000,0.0000,0.0000
89.054,411.7538,2.2067,269.7816,0.2510,3.8000,-0.4500,357.2829,180.5612,359.8177,0.0000,0.0000,0.0000
89.179,411.5001,2.1254,269.8688,0.2510,3.8000,-0.4500,357.1685,180.5617,359.7051,0.0000,0.0000,0.0000
89.291,411.2451,2.0326,269.9567,0.2510,3.8000,-0.4500,356.9298,180.5634,359.4690,0.0000,0.0000,0.0000
89.400,411.0321,1.9480,270.0303,0.2510,3.8000,-0.4500,356.6904,180.5662,359.2311,0.0000,0.0000,0.0000
89.527,410.7345,1.8249,270.1334,0.2510,3.8000,-0.4500,356.5088,180.5689,359.0504,0.0000,0.0000,0.0000
89.638,410.5222,1.7330,270.2073,0.2510,3.8000,-0.4500,356.4493,180.5699,358.9913,0.0000,0.0000,0.0000
89.761,410.2663,1.6127,270.2979,0.2510,3.8000,-0.4500,356.2065,180.5747,358.7504,0.0000,0.0000,0.0000
89.873,410.0115,1.4913,270.3888,0.2510,3.8000,-0.4500,356.1463,180.5760,358.6913,0.0000,0.0000,0.0000
89.984,409.7984,1.3833,270.4662,0.2510,3.8000,-0.4500,355.9675,180.5804,358.5157,0.0000,0.0000,0.0000
90.095,409.5439,1.2551,270.5591,0.2510,3.8000,-0.4500,355.9675,180.5804,358.5157,0.0000,0.0000,0.0000
90.207,409.2887,1.1206,270.6539,0.2510,3.8000,-0.4500,355.8452,180.5837,358.3986,0.0000,0.0000,0.0000
90.317,409.0767,1.0089,270.7330,0.2510,3.8000,-0.4500,355.8452,180.5837,358.3986,0.0000,0.0000,0.0000
90.428,408.8218,0.8716,270.8292,0.2510,3.8000,-0.4500,355.7850,180.5854,358.3424,0.0000,0.0000,0.0000
90.540,408.6094,0.7564,270.9099,0.2510,3.8000,-0.4500,355.7244,180.5872,358.2880,0.0000,0.0000,0.0000
90.651,408.3551,0.6194,271.0071,0.2510,3.8000,-0.4500,355.7244,180.5872,358.2880,0.0000,0.0000,0.0000
90.762,408.1431,0.5058,271.0885,0.2510,3.8000,-0.4500,355.7244,180.5872,358.2880,0.0000,0.0000,0.0000
90.886,407.8461,0.3481,271.2029,0.2510,3.8000,-0.4500,355.7244,180.5872,358.2880,0.0000,0.0000,0.0000
90.998,407.6342,0.2374,271.2849,0.2510,3.8000,-0.4500,355.7244,180.5872,358.2880,0.0000,0.0000,0.0000
91.109,407.3799,0.1070,271.3836,0.2510,3.8000,-0.4500,355.7244,180.5872,358.2880,0.0000,0.0000,0.0000
91.221,407.1682,0.0014,271.4660,0.2510,3.8000,-0.4500,355.7244,180.5872,358.2880,0.0000,0.0000,0.0000
91.333,406.9143,-0.1216,271.5650,0.2510,3.8000,-0.4500,355.7244,180.5872,358.2880,0.0000,0.0000,0.0000
91.442,406.7029,-0.2203,271.6474,0.2510,3.8000,-0.4500,355.7244,180.5872,358.2880,0.0000,0.0000,0.0000
91.554,406.4495,-0.3333,271.7463,0.2510,3.8000,-0.4500,355.7244,180.5872,358.2880,0.0000,0.0000,0.0000
91.678,406.1965,-0.4403,271.8449,0.2510,3.8000,-0.4500,355.7244,180.5872,358.2880,0.0000,0.0000,0.0000
91.803,405.9438,-0.5402,271.9435,0.2510,3.8000,-0.4500,355.7244,180.5872,358.2880,0.0000,0.0000,0.0000
91.928,405.6499,-0.6461,272.0582,0.2510,3.8000,-0.4500,355.7618,180.5862,358.3633,0.0000,0.0000,0.0000
92.040,405.4414,-0.7095,272.1393,0.2510,3.8000,-0.4500,355.9248,180.5819,358.6670,0.0000,0.0000,0.0000
92.150,405.1905,-0.7814,272.2348,0.2510,3.8000,-0.4500,356.0612,180.5790,358.8785,0.0000,0.0000,0.0000
92.262,404.9821,-0.8323,272.3123,0.2510,3.8000,-0.4500,356.2581,180.5756,359.1515,0.0000,0.0000,0.0000
92.373,404.7314,-0.8883,272.4034,0.2510,3.8000,-0.4500,356.4172,180.5735,359.3512,0.0000,0.0000,0.0000
92.497,404.4813,-0.9339,272.4921,0.2510,3.8000,-0.4500,356.6302,180.5716,359.6049,0.0000,0.0000,0.0000
92.623,404.2317,-0.9704,272.5788,0.2510,3.8000,-0.4500,356.8580,180.5705,359.8581,0.0000,0.0000,0.0000
92.733,403.9820,-0.9995,272.6643,0.2510,3.8000,-0.4500,357.0310,180.5704,0.0418,0.0000,0.0000,0.0000
92.845,403.7336,-1.0182,272.7487,0.2510,3.8000,-0.4500,357.2657,180.5710,0.2819,0.0000,0.0000,0.0000
92.956,403.5268,-1.0276,272.8187,0.2510,3.8000,-0.4500,357.4412,180.5722,0.4548,0.0000,0.0000,0.0000
93.081,403.2802,-1.0289,272.9021,0.2510,3.8000,-0.4500,357.7477,180.5754,0.7406,0.0000,0.0000,0.0000
93.192,403.0331,-1.0261,272.9867,0.2510,3.8000,-0.4500,357.8785,180.5772,0.8551,0.0000,0.0000,0.0000
93.317,402.7875,-1.0137,273.0714,0.2510,3.8000,-0.4500,358.0765,180.5804,1.0249,0.0000,0.0000,0.0000
93.442,402.5436,-0.9906,273.1558,0.2510,3.8000,-0.4500,358.4201,180.5874,1.2967,0.0000,0.0000,0.0000
93.567,402.2587,-0.9605,273.2572,0.2510,3.8000,-0.4500,358.5502,180.5905,1.3934,0.0000,0.0000,0.0000
93.692,402.0164,-0.9241,273.3442,0.2510,3.8000,-0.4500,358.8292,180.5977,1.5826,0.0000,0.0000,0.0000
93.804,401.8149,-0.8896,273.4176,0.2510,3.8000,-0.4500,359.0462,180.6040,1.7119,0.0000,0.0000,0.0000
93.914,401.5734,-0.8449,273.5073,0.2510,3.8000,-0.4500,359.1902,180.6084,1.7903,0.0000,0.0000,0.0000
94.025,401.3327,-0.7935,273.5972,0.2510,3.8000,-0.4500,359.4089,180.6154,1.8968,0.0000,0.0000,0.0000
94.152,401.0928,-0.7365,273.6877,0.2510,3.8000,-0.4500,359.6347,180.6231,1.9970,0.0000,0.0000,0.0000
94.261,400.8934,-0.6854,273.7639,0.2510,3.8000,-0.4500,359.7845,180.6284,2.0620,0.0000,0.0000,0.0000
94.373,400.6552,-0.6168,273.8550,0.2510,3.8000,-0.4500,0.0932,180.6399,2.1976,0.0000,0.0000,0.0000
94.498,400.4171,-0.5462,273.9483,0.2510,3.8000,-0.4500,0.1664,180.6427,2.2304,0.0000,0.0000,0.0000
94.609,400.1807,-0.4659,274.0404,0.2510,3.8000,-0.4500,0.4763,180.6552,2.3816,0.0000,0.0000,0.0000
94.737,399.9445,-0.3826,274.1343,0.2510,3.8000,-0.4500,0.6194,180.6613,2.4562,0.0000,0.0000,0.0000
94.860,399.7096,-0.2924,274.2283,0.2510,3.8000,-0.4500,0.8382,180.6709,2.5771,0.0000,0.0000,0.0000
94.971,399.4748,-0.2007,274.3244,0.2510,3.8000,-0.4500,0.8382,180.6709,2.5771,0.0000,0.0000,0.0000
95.095,399.2422,-0.0987,274.4190,0.2510,3.8000,-0.4500,1.1308,180.6845,2.7521,0.0000,0.0000,0.0000
95.206,399.0093,0.0026,274.5167,0.2510,3.8000,-0.4500,1.1308,180.6845,2.7521,0.0000,0.0000,0.0000
95.317,398.8173,0.0958,274.5966,0.2510,3.8000,-0.4500,1.4176,180.6987,2.9362,0.0000,0.0000,0.0000
95.430,398.5860,0.2048,274.6958,0.2510,3.8000,-0.4500,1.4176,180.6987,2.9362,0.0000,0.0000,0.0000
95.553,398.3564,0.3212,274.7940,0.2510,3.8000,-0.4500,1.6297,180.7099,3.0775,0.0000,0.0000,0.0000
95.679,398.1264,0.4368,274.8945,0.2510,3.8000,-0.4500,1.6297,180.7099,3.0775,0.0000,0.0000,0.0000
95.804,397.8976,0.5573,274.9946,0.2510,3.8000,-0.4500,1.7683,180.7174,3.1685,0.0000,0.0000,0.0000
95.929,397.6306,0.6976,275.1131,0.2510,3.8000,-0.4500,1.7683,180.7174,3.1686,0.0000,0.0000,0.0000
96.053,397.4019,0.8192,275.2151,0.2510,3.8000,-0.4500,1.7683,180.7174,3.1686,0.0000,0.0000,0.0000
96.165,397.1745,0.9443,275.3164,0.2510,3.8000,-0.4500,1.9093,180.7253,3.2530,0.0000,0.0000,0.0000
96.278,396.9845,1.0465,275.4021,0.2510,3.8000,-0.4500,1.9093,180.7253,3.2530,0.0000,0.0000,0.0000
96.402,396.7566,1.1694,275.5052,0.2510,3.8000,-0.4500,1.9093,180.7253,3.2530,0.0000,0.0000,0.0000
96.512,396.5285,1.2915,275.6084,0.2510,3.8000,-0.4500,1.9093,180.7253,3.2531,0.0000,0.0000,0.0000
96.624,396.3383,1.3927,275.6945,0.2510,3.8000,-0.4500,1.9093,180.7253,3.2531,0.0000,0.0000,0.0000
96.734,396.1097,1.5126,275.7977,0.2510,3.8000,-0.4500,1.9093,180.7254,3.2531,0.0000,0.0000,0.0000
96.859,395.8809,1.6311,275.9010,0.2510,3.8000,-0.4500,1.9093,180.7254,3.2531,0.0000,0.0000,0.0000
96.984,395.6516,1.7475,276.0042,0.2510,3.8000,-0.4500,1.9093,180.7254,3.2531,0.0000,0.0000,0.0000
97.095,395.4218,1.8619,276.1076,0.2510,3.8000,-0.4500,1.9093,180.7254,3.2531,0.0000,0.0000,0.0000
97.206,395.1914,1.9736,276.2111,0.2510,3.8000,-0.4500,1.9093,180.7254,3.2531,0.0000,0.0000,0.0000
97.317,394.9987,2.0645,276.2969,0.2510,3.8000,-0.4500,1.9819,180.7295,3.2151,0.0000,0.0000,0.0000
97.427,394.7666,2.1702,276.4000,0.2510,3.8000,-0.4500,2.0479,180.7331,3.1649,0.0000,0.0000,0.0000
97.540,394.5723,2.2550,276.4854,0.2510,3.8000,-0.4500,2.1123,180.7367,3.1130,0.0000,0.0000,0.0000
97.663,394.3372,2.3511,276.5866,0.2510,3.8000,-0.4500,2.2600,180.7445,2.9185,0.0000,0.0000,0.0000
97.774,394.1023,2.4441,276.6873,0.2510,3.8000,-0.4500,2.2599,180.7445,2.9185,0.0000,0.0000,0.0000
97.899,393.8636,2.5270,276.7857,0.2510,3.8000,-0.4500,2.3697,180.7498,2.6032,0.0000,0.0000,0.0000
98.011,393.6244,2.6049,276.8826,0.2510,3.8000,-0.4500,2.3858,180.7505,2.4311,0.0000,0.0000,0.0000
98.136,393.3828,2.6744,276.9770,0.2510,3.8000,-0.4500,2.3919,180.7507,2.1768,0.0000,0.0000,0.0000
98.246,393.1388,2.7343,277.0686,0.2510,3.8000,-0.4500,2.3560,180.7495,1.8505,0.0000,0.0000,0.0000
98.357,392.9342,2.7780,277.1425,0.2510,3.8000,-0.4500,2.2934,180.7476,1.6001,0.0000,0.0000,0.0000
98.469,392.6875,2.8232,277.2284,0.2510,3.8000,-0.4500,2.2213,180.7458,1.3580,0.0000,0.0000,0.0000
98.594,392.4377,2.8553,277.3123,0.2510,3.8000,-0.4500,2.0500,180.7423,0.9498,0.0000,0.0000,0.0000
98.718,392.1871,2.8794,277.3937,0.2510,3.8000,-0.4500,1.9022,180.7403,0.6483,0.0000,0.0000,0.0000
98.844,391.9349,2.8932,277.4738,0.2510,3.8000,-0.4500,1.7397,180.7389,0.3576,0.0000,0.0000,0.0000
98.955,391.6804,2.8931,277.5540,0.2510,3.8000,-0.4500,1.4694,180.7382,359.9279,0.0000,0.0000,0.0000
99.066,391.4259,2.8854,277.6339,0.2510,3.8000,-0.4500,1.2758,180.7389,359.6515,0.0000,0.0000,0.0000
99.177,391.2132,2.8711,277.7009,0.2510,3.8000,-0.4500,1.1280,180.7401,359.4498,0.0000,0.0000,0.0000
99.289,390.9561,2.8397,277.7837,0.2510,3.8000,-0.4500,0.8115,180.7442,359.0501,0.0000,0.0000,0.0000
99.413,390.6997,2.8018,277.8675,0.2510,3.8000,-0.4500,0.6423,180.7473,358.8513,0.0000,0.0000,0.0000
99.538,390.4416,2.7477,277.9552,0.2510,3.8000,-0.4500,0.2832,180.7558,358.4506,0.0000,0.0000,0.0000
99.649,390.1843,2.6863,278.0456,0.2510,3.8000,-0.4500,0.0535,180.7625,358.2102,0.0000,0.0000,0.0000
99.760,389.9694,2.6244,278.1246,0.2510,3.8000,-0.4500,359.7574,180.7725,357.9175,0.0000,0.0000,0.0000
99.872,389.7129,2.5464,278.2216,0.2510,3.8000,-0.4500,359.6327,180.7772,357.8027,0.0000,0.0000,0.0000
99.996,389.4550,2.4519,278.3242,0.2510,3.8000,-0.4500,359.2290,180.7939,357.4480,0.0000,0.0000,0.0000
100.109,389.1986,2.3526,278.4301,0.2510,3.8000,-0.4500,359.0332,180.8029,357.2888,0.0000,0.0000,0.0000
100.219,388.9848,2.2609,278.5221,0.2510,3.8000,-0.4500,358.7664,180.8161,357.0832,0.0000,0.0000,0.0000
100.332,388.7294,2.1471,278.6355,0.2510,3.8000,-0.4500,358.6318,180.8230,356.9879,0.0000,0.0000,0.0000
100.441,388.5164,2.0429,278.7337,0.2510,3.8000,-0.4500,358.3447,180.8386,356.7985,0.0000,0.0000,0.0000
100.565,388.2193,1.8916,278.8748,0.2510,3.8000,-0.4500,358.0571,180.8551,356.6314,0.0000,0.0000,0.0000
100.691,387.9657,1.7585,278.9983,0.2510,3.8000,-0.4500,357.9850,180.8594,356.5921,0.0000,0.0000,0.0000
100.803,387.7541,1.6395,279.1048,0.2510,3.8000,-0.4500,357.6682,180.8787,356.4514,0.0000,0.0000,0.0000
100.928,387.4590,1.4739,279.2544,0.2510,3.8000,-0.4500,357.5928,180.8834,356.4202,0.0000,0.0000,0.0000
101.039,387.2485,1.3519,279.3638,0.2510,3.8000,-0.4500,357.4247,180.8940,356.3768,0.0000,0.0000,0.0000
101.150,386.9965,1.2049,279.4953,0.2510,3.8000,-0.4500,357.3412,180.8993,356.3570,0.0000,0.0000,0.0000
101.263,386.7866,1.0809,279.6067,0.2510,3.8000,-0.4500,357.1764,180.9098,356.3393,0.0000,0.0000,0.0000
101.371,386.5350,0.9332,279.7405,0.2510,3.8000,-0.4500,357.0945,180.9151,356.3430,0.0000,0.0000,0.0000
101.496,386.2840,0.7863,279.8755,0.2510,3.8000,-0.4500,356.9361,180.9252,356.3674,0.0000,0.0000,0.0000
101.608,386.0332,0.6421,280.0102,0.2510,3.8000,-0.4500,356.8609,180.9299,356.3952,0.0000,0.0000,0.0000
101.719,385.8243,0.5245,280.1226,0.2510,3.8000,-0.4500,356.7890,180.9345,356.4319,0.0000,0.0000,0.0000
101.843,385.5742,0.3874,280.2573,0.2510,3.8000,-0.4500,356.6592,180.9425,356.5266,0.0000,0.0000,0.0000
101.954,385.3242,0.2560,280.3911,0.2510,3.8000,-0.4500,356.5504,180.9490,356.6484,0.0000,0.0000,0.0000
102.065,385.0749,0.1318,280.5235,0.2510,3.8000,-0.4500,356.4259,180.9561,356.8692,0.0000,0.0000,0.0000
102.192,384.8254,0.0149,280.6532,0.2510,3.8000,-0.4500,356.3421,180.9605,357.1046,0.0000,0.0000,0.0000
102.316,384.5757,-0.0943,280.7796,0.2510,3.8000,-0.4500,356.2990,180.9626,357.3512,0.0000,0.0000,0.0000
102.440,384.3263,-0.1938,280.9021,0.2510,3.8000,-0.4500,356.2838,180.9633,357.6805,0.0000,0.0000,0.0000
102.552,384.0759,-0.2870,281.0203,0.2510,3.8000,-0.4500,356.3052,180.9624,357.8599,0.0000,0.0000,0.0000
102.677,383.8274,-0.3650,281.1345,0.2510,3.8000,-0.4500,356.3971,180.9595,358.3768,0.0000,0.0000,0.0000
102.802,383.5765,-0.4405,281.2440,0.2510,3.8000,-0.4500,356.4417,180.9582,358.5316,0.0000,0.0000,0.0000
102.927,383.2850,-0.5141,281.3667,0.2510,3.8000,-0.4500,356.5497,180.9558,358.8520,0.0000,0.0000,0.0000
103.039,383.0775,-0.5568,281.4515,0.2510,3.8000,-0.4500,356.6819,180.9535,359.1685,0.0000,0.0000,0.0000
103.149,382.8279,-0.6030,281.5507,0.2510,3.8000,-0.4500,356.7870,180.9522,359.3943,0.0000,0.0000,0.0000
103.261,382.6215,-0.6303,281.6311,0.2510,3.8000,-0.4500,356.9887,180.9507,359.7668,0.0000,0.0000,0.0000
103.371,382.3729,-0.6605,281.7264,0.2510,3.8000,-0.4500,357.1183,180.9504,359.9760,0.0000,0.0000,0.0000
103.496,382.1253,-0.6807,281.8202,0.2510,3.8000,-0.4500,357.3095,180.9508,0.2521,0.0000,0.0000,0.0000
103.607,381.8775,-0.6964,281.9136,0.2510,3.8000,-0.4500,357.4122,180.9514,0.3816,0.0000,0.0000,0.0000
103.733,381.6313,-0.7019,282.0058,0.2510,3.8000,-0.4500,357.6341,180.9534,0.6330,0.0000,0.0000,0.0000
103.844,381.4258,-0.7052,282.0832,0.2510,3.8000,-0.4500,357.6945,180.9541,0.6906,0.0000,0.0000,0.0000
103.956,381.1797,-0.7023,282.1758,0.2510,3.8000,-0.4500,357.8189,180.9557,0.8048,0.0000,0.0000,0.0000
104.079,380.9351,-0.6910,282.2677,0.2510,3.8000,-0.4500,358.0868,180.9599,1.0083,0.0000,0.0000,0.0000
104.205,380.6493,-0.6755,282.3763,0.2510,3.8000,-0.4500,358.2317,180.9626,1.0932,0.0000,0.0000,0.0000
104.330,380.4049,-0.6566,282.4691,0.2510,3.8000,-0.4500,358.3824,180.9656,1.1750,0.0000,0.0000,0.0000
104.455,380.1609,-0.6325,282.5618,0.2510,3.8000,-0.4500,358.6134,180.9705,1.2741,0.0000,0.0000,0.0000
104.579,379.9170,-0.6059,282.6549,0.2510,3.8000,-0.4500,358.7704,180.9741,1.3317,0.0000,0.0000,0.0000
104.705,379.6329,-0.5693,282.7630,0.2510,3.8000,-0.4500,359.0890,180.9818,1.4131,0.0000,0.0000,0.0000
104.816,379.4297,-0.5435,282.8416,0.2510,3.8000,-0.4500,359.0890,180.9818,1.4131,0.0000,0.0000,0.0000
104.941,379.1859,-0.5080,282.9343,0.2510,3.8000,-0.4500,359.3365,180.9879,1.4396,0.0000,0.0000,0.0000
105.052,378.9419,-0.4710,283.0266,0.2510,3.8000,-0.4500,359.5911,180.9943,1.4357,0.0000,0.0000,0.0000
105.163,378.7385,-0.4402,283.1041,0.2510,3.8000,-0.4500,359.6722,180.9963,1.4275,0.0000,0.0000,0.0000
105.275,378.4941,-0.4020,283.1963,0.2510,3.8000,-0.4500,359.8346,181.0004,1.4026,0.0000,0.0000,0.0000
105.399,378.2495,-0.3637,283.2883,0.2510,3.8000,-0.4500,359.9160,181.0023,1.3859,0.0000,0.0000,0.0000
105.510,378.0038,-0.3247,283.3777,0.2510,3.8000,-0.4500,0.2407,181.0099,1.2829,0.0000,0.0000,0.0000
105.636,377.7577,-0.2867,283.4673,0.2510,3.8000,-0.4500,0.3908,181.0132,1.2125,0.0000,0.0000,0.0000
105.747,377.5113,-0.2493,283.5562,0.2510,3.8000,-0.4500,0.4647,181.0147,1.1760,0.0000,0.0000,0.0000
105.857,377.3048,-0.2193,283.6284,0.2510,3.8000,-0.4500,0.6767,181.0188,1.0446,0.0000,0.0000,0.0000
105.971,377.0568,-0.1843,283.7147,0.2510,3.8000,-0.4500,0.8103,181.0212,0.9473,0.0000,0.0000,0.0000
106.093,376.8077,-0.1512,283.7993,0.2510,3.8000,-0.4500,1.0045,181.0241,0.7837,0.0000,0.0000,0.0000
106.219,376.5577,-0.1201,283.8825,0.2510,3.8000,-0.4500,1.1831,181.0263,0.6105,0.0000,0.0000,0.0000
106.344,376.3077,-0.0896,283.9651,0.2510,3.8000,-0.4500,1.2394,181.0268,0.5488,0.0000,0.0000,0.0000
106.455,376.0560,-0.0624,284.0459,0.2510,3.8000,-0.4500,1.4035,181.0281,0.3626,0.0000,0.0000,0.0000
106.566,375.8040,-0.0366,284.1260,0.2510,3.8000,-0.4500,1.5069,181.0287,0.2305,0.0000,0.0000,0.0000
106.692,375.5511,-0.0130,284.2056,0.2510,3.8000,-0.4500,1.6065,181.0290,0.0972,0.0000,0.0000,0.0000
106.802,375.3393,0.0041,284.2710,0.2510,3.8000,-0.4500,1.7493,181.0289,359.8922,0.0000,0.0000,0.0000
106.914,375.0852,0.0239,284.3495,0.2510,3.8000,-0.4500,1.8397,181.0287,359.7530,0.0000,0.0000,0.0000
107.038,374.8304,0.0417,284.4278,0.2510,3.8000,-0.4500,1.9260,181.0282,359.6160,0.0000,0.0000,0.0000
107.163,374.5753,0.0584,284.5059,0.2510,3.8000,-0.4500,1.9679,181.0279,359.5466,0.0000,0.0000,0.0000
107.275,374.3181,0.0701,284.5831,0.2510,3.8000,-0.4500,2.1397,181.0261,359.2494,0.0000,0.0000,0.0000
107.385,374.0624,0.0840,284.6617,0.2510,3.8000,-0.4500,2.1397,181.0261,359.2494,0.0000,0.0000,0.0000
107.512,373.8049,0.0931,284.7399,0.2510,3.8000,-0.4500,2.2569,181.0243,359.0321,0.0000,0.0000,0.0000
107.621,373.5912,0.1019,284.8060,0.2510,3.8000,-0.4500,2.2569,181.0243,359.0321,0.0000,0.0000,0.0000
107.747,373.2905,0.1102,284.8984,0.2510,3.8000,-0.4500,2.3313,181.0230,358.8833,0.0000,0.0000,0.0000
107.857,373.0761,0.1162,284.9651,0.2510,3.8000,-0.4500,2.3313,181.0230,358.8833,0.0000,0.0000,0.0000
107.970,372.8180,0.1210,285.0456,0.2510,3.8000,-0.4500,2.3659,181.0223,358.8086,0.0000,0.0000,0.0000
108.080,372.6027,0.1235,285.1129,0.2510,3.8000,-0.4500,2.3989,181.0216,358.7323,0.0000,0.0000,0.0000
108.204,372.3437,0.1245,285.1942,0.2510,3.8000,-0.4500,2.4603,181.0201,358.5783,0.0000,0.0000,0.0000
108.318,372.0855,0.1272,285.2764,0.2510,3.8000,-0.4500,2.4603,181.0201,358.5783,0.0000,0.0000,0.0000
108.427,371.8271,0.1297,285.3591,0.2510,3.8000,-0.4500,2.4603,181.0201,358.5783,0.0000,0.0000,0.0000
108.538,371.6107,0.1301,285.4278,0.2510,3.8000,-0.4500,2.5353,181.0182,358.4265,0.0000,0.0000,0.0000
108.650,371.3519,0.1342,285.5113,0.2510,3.8000,-0.4500,2.5353,181.0182,358.4265,0.0000,0.0000,0.0000
108.760,371.1359,0.1379,285.5811,0.2510,3.8000,-0.4500,2.5792,181.0169,358.3604,0.0000,0.0000,0.0000
108.872,370.8768,0.1446,285.6654,0.2510,3.8000,-0.4500,2.6360,181.0153,358.3001,0.0000,0.0000,0.0000
108.982,370.6606,0.1520,285.7361,0.2510,3.8000,-0.4500,2.6937,181.0135,358.2410,0.0000,0.0000,0.0000
109.108,370.3582,0.1661,285.8354,0.2510,3.8000,-0.4500,2.7635,181.0113,358.1955,0.0000,0.0000,0.0000
109.219,370.1420,0.1786,285.9059,0.2510,3.8000,-0.4500,2.9039,181.0068,358.1097,0.0000,0.0000,0.0000
109.345,369.8400,0.2007,286.0054,0.2510,3.8000,-0.4500,2.9039,181.0068,358.1097,0.0000,0.0000,0.0000
109.455,369.6238,0.2203,286.0744,0.2510,3.8000,-0.4500,3.1513,180.9985,358.0464,0.0000,0.0000,0.0000
109.566,369.3651,0.2465,286.1587,0.2510,3.8000,-0.4500,3.1513,180.9985,358.0464,0.0000,0.0000,0.0000
109.678,369.1494,0.2731,286.2267,0.2510,3.8000,-0.4500,3.4012,180.9899,358.0347,0.0000,0.0000,0.0000
109.802,368.8907,0.3066,286.3097,0.2510,3.8000,-0.4500,3.4012,180.9899,358.0346,0.0000,0.0000,0.0000
109.913,368.6321,0.3459,286.3906,0.2510,3.8000,-0.4500,3.5634,180.9844,358.0532,0.0000,0.0000,0.0000
110.013,368.4169,0.3822,286.4571,0.2510,3.8000,-0.4500,3.7259,180.9789,358.0915,0.0000,0.0000,0.0000
110.123,368.2018,0.4206,286.5234,0.2510,3.8000,-0.4500,3.8053,180.9762,358.1118,0.0000,0.0000,0.0000
110.233,367.9440,0.4702,286.6019,0.2510,3.8000,-0.4500,3.8832,180.9737,358.1439,0.0000,0.0000,0.0000
110.358,367.6866,0.5248,286.6783,0.2510,3.8000,-0.4500,4.0371,180.9688,358.2105,0.0000,0.0000,0.0000
110.469,367.4292,0.5820,286.7536,0.2510,3.8000,-0.4500,4.1085,180.9666,358.2540,0.0000,0.0000,0.0000
110.595,367.1724,0.6441,286.8268,0.2510,3.8000,-0.4500,4.2476,180.9624,358.3491,0.0000,0.0000,0.0000
110.706,366.9156,0.7079,286.8991,0.2510,3.8000,-0.4500,4.3094,180.9607,358.4013,0.0000,0.0000,0.0000
110.830,366.6593,0.7748,286.9700,0.2510,3.8000,-0.4500,4.3677,180.9591,358.4594,0.0000,0.0000,0.0000
110.942,366.4460,0.8327,287.0277,0.2510,3.8000,-0.4500,4.4251,180.9576,358.5180,0.0000,0.0000,0.0000
111.052,366.1902,0.9039,287.0959,0.2510,3.8000,-0.4500,4.4722,180.9564,358.5844,0.0000,0.0000,0.0000
111.178,365.9345,0.9756,287.1633,0.2510,3.8000,-0.4500,4.4722,180.9564,358.5844,0.0000,0.0000,0.0000
111.289,365.6801,1.0519,287.2292,0.2510,3.8000,-0.4500,4.5500,180.9545,358.7299,0.0000,0.0000,0.0000
111.400,365.4681,1.1152,287.2838,0.2510,3.8000,-0.4500,4.5734,180.9540,358.8056,0.0000,0.0000,0.0000
111.524,365.2137,1.1901,287.3495,0.2510,3.8000,-0.4500,4.5734,180.9540,358.8056,0.0000,0.0000,0.0000
111.636,364.9607,1.2683,287.4149,0.2510,3.8000,-0.4500,4.5878,180.9538,358.9662,0.0000,0.0000,0.0000
111.761,364.7076,1.3447,287.4804,0.2510,3.8000,-0.4500,4.5805,180.9539,359.0468,0.0000,0.0000,0.0000
111.872,364.4549,1.4206,287.5458,0.2510,3.8000,-0.4500,4.5629,180.9542,359.1267,0.0000,0.0000,0.0000
111.997,364.2032,1.4965,287.6116,0.2510,3.8000,-0.4500,4.5077,180.9549,359.2814,0.0000,0.0000,0.0000
112.107,363.9519,1.5705,287.6778,0.2510,3.8000,-0.4500,4.4216,180.9559,359.4263,0.0000,0.0000,0.0000
112.219,363.7425,1.6298,287.7333,0.2510,3.8000,-0.4500,4.3662,180.9564,359.4930,0.0000,0.0000,0.0000
112.345,363.4504,1.7112,287.8121,0.2510,3.8000,-0.4500,4.1927,180.9577,359.6839,0.0000,0.0000,0.0000
112.455,363.2417,1.7662,287.8687,0.2510,3.8000,-0.4500,4.0607,180.9583,359.7853,0.0000,0.0000,0.0000
112.567,362.9921,1.8293,287.9377,0.2510,3.8000,-0.4500,3.7675,180.9589,359.9605,0.0000,0.0000,0.0000
112.691,362.7422,1.8876,288.0070,0.2510,3.8000,-0.4500,3.5351,180.9589,0.0596,0.0000,0.0000,0.0000
112.803,362.5339,1.9330,288.0653,0.2510,3.8000,-0.4500,3.3800,180.9586,0.1147,0.0000,0.0000,0.0000
112.927,362.2425,1.9908,288.1482,0.2510,3.8000,-0.4500,3.1358,180.9580,0.1824,0.0000,0.0000,0.0000
113.038,362.0348,2.0265,288.2104,0.2510,3.8000,-0.4500,2.7178,180.9564,0.2610,0.0000,0.0000,0.0000
113.149,361.7850,2.0658,288.2839,0.2510,3.8000,-0.4500,2.5569,180.9556,0.2801,0.0000,0.0000,0.0000
113.274,361.5353,2.0973,288.3611,0.2510,3.8000,-0.4500,2.1391,180.9534,0.3074,0.0000,0.0000,0.0000
113.400,361.2852,2.1239,288.4382,0.2510,3.8000,-0.4500,1.9596,180.9525,0.3057,0.0000,0.0000,0.0000
113.524,361.0350,2.1414,288.5186,0.2510,3.8000,-0.4500,1.5185,180.9502,0.2892,0.0000,0.0000,0.0000
113.635,360.7844,2.1521,288.5999,0.2510,3.8000,-0.4500,1.1811,180.9486,0.2525,0.0000,0.0000,0.0000
113.747,360.5335,2.1548,288.6825,0.2510,3.8000,-0.4500,0.8517,180.9473,0.1994,0.0000,0.0000,0.0000
113.857,360.3243,2.1519,288.7515,0.2510,3.8000,-0.4500,0.6900,180.9467,0.1678,0.0000,0.0000,0.0000
113.982,360.0724,2.1369,288.8374,0.2510,3.8000,-0.4500,0.1943,180.9458,0.0388,0.0000,0.0000,0.0000
114.094,359.8202,2.1150,288.9235,0.2510,3.8000,-0.4500,359.8770,180.9459,359.9382,0.0000,0.0000,0.0000
114.205,359.5675,2.0843,289.0107,0.2510,3.8000,-0.4500,359.5594,180.9466,359.8247,0.0000,0.0000,0.0000
114.317,359.3568,2.0523,289.0838,0.2510,3.8000,-0.4500,359.3285,180.9474,359.7363,0.0000,0.0000,0.0000
114.441,359.1034,2.0053,289.1729,0.2510,3.8000,-0.4500,359.0210,180.9492,359.6097,0.0000,0.0000,0.0000
114.554,358.8497,1.9497,289.2630,0.2510,3.8000,-0.4500,358.7033,180.9517,359.4698,0.0000,0.0000,0.0000
114.664,358.6383,1.8987,289.3382,0.2510,3.8000,-0.4500,358.5503,180.9533,359.4008,0.0000,0.0000,0.0000
114.788,358.3416,1.8152,289.4456,0.2510,3.8000,-0.4500,358.1601,180.9580,359.2157,0.0000,0.0000,0.0000
114.900,358.1296,1.7500,289.5228,0.2510,3.8000,-0.4500,357.9342,180.9613,359.1047,0.0000,0.0000,0.0000
115.024,357.8754,1.6664,289.6162,0.2510,3.8000,-0.4500,357.7149,180.9649,358.9949,0.0000,0.0000,0.0000
115.137,357.6212,1.5775,289.7103,0.2510,3.8000,-0.4500,357.5710,180.9675,358.9219,0.0000,0.0000,0.0000
115.260,357.3666,1.4815,289.8062,0.2510,3.8000,-0.4500,357.3365,180.9722,358.8015,0.0000,0.0000,0.0000
115.371,357.1122,1.3819,289.9025,0.2510,3.8000,-0.4500,357.1880,180.9754,358.7250,0.0000,0.0000,0.0000
115.496,356.8580,1.2794,289.9997,0.2510,3.8000,-0.4500,357.1127,180.9771,358.6866,0.0000,0.0000,0.0000
115.609,356.6036,1.1723,290.0982,0.2510,3.8000,-0.4500,356.9643,180.9806,358.6112,0.0000,0.0000,0.0000
115.718,356.3920,1.0835,290.1803,0.2510,3.8000,-0.4500,356.9643,180.9806,358.6113,0.0000,0.0000,0.0000
115.832,356.1378,0.9739,290.2799,0.2510,3.8000,-0.4500,356.8896,180.9825,358.5752,0.0000,0.0000,0.0000
115.955,355.8838,0.8651,290.3796,0.2510,3.8000,-0.4500,356.8896,180.9825,358.5752,0.0000,0.0000,0.0000
116.066,355.6298,0.7563,290.4796,0.2510,3.8000,-0.4500,356.8896,180.9825,358.5752,0.0000,0.0000,0.0000
116.178,355.4182,0.6666,290.5632,0.2510,3.8000,-0.4500,356.8896,180.9825,358.5752,0.0000,0.0000,0.0000
116.288,355.1642,0.5610,290.6635,0.2510,3.8000,-0.4500,356.8896,180.9825,358.5752,0.0000,0.0000,0.0000
116.414,354.9103,0.4581,290.7638,0.2510,3.8000,-0.4500,356.8896,180.9825,358.5752,0.0000,0.0000,0.0000
116.538,354.6566,0.3591,290.8642,0.2510,3.8000,-0.4500,356.8896,180.9825,358.5752,0.0000,0.0000,0.0000
116.651,354.4031,0.2645,290.9644,0.2510,3.8000,-0.4500,356.8896,180.9825,358.5752,0.0000,0.0000,0.0000
116.774,354.1498,0.1753,291.0646,0.2510,3.8000,-0.4500,356.8896,180.9825,358.5752,0.0000,0.0000,0.0000
116.885,353.8968,0.0919,291.1646,0.2510,3.8000,-0.4500,356.8896,180.9825,358.5752,0.0000,0.0000,0.0000
117.010,353.6441,0.0153,291.2643,0.2510,3.8000,-0.4500,356.8896,180.9825,358.5752,0.0000,0.0000,0.0000
117.135,353.3917,-0.0544,291.3638,0.2510,3.8000,-0.4500,356.8896,180.9825,358.5752,0.0000,0.0000,0.0000
117.261,353.1407,-0.1131,291.4627,0.2510,3.8000,-0.4500,356.9657,180.9807,358.7311,0.0000,0.0000,0.0000
117.373,352.8903,-0.1625,291.5603,0.2510,3.8000,-0.4500,357.0911,180.9781,358.9592,0.0000,0.0000,0.0000
117.496,352.6408,-0.2004,291.6554,0.2510,3.8000,-0.4500,357.3491,180.9742,359.3047,0.0000,0.0000,0.0000
117.596,352.4317,-0.2310,291.7340,0.2510,3.8000,-0.4500,357.4004,180.9736,359.3682,0.0000,0.0000,0.0000
117.704,352.2243,-0.2496,291.8098,0.2510,3.8000,-0.4500,357.6871,180.9713,359.6755,0.0000,0.0000,0.0000
117.815,351.9748,-0.2691,291.9005,0.2510,3.8000,-0.4500,357.8651,180.9705,359.8503,0.0000,0.0000,0.0000
117.928,351.7256,-0.2805,291.9896,0.2510,3.8000,-0.4500,358.0470,180.9703,0.0220,0.0000,0.0000,0.0000
118.040,351.5183,-0.2846,292.0633,0.2510,3.8000,-0.4500,358.1703,180.9705,0.1358,0.0000,0.0000,0.0000
118.163,351.2708,-0.2800,292.1503,0.2510,3.8000,-0.4500,358.4194,180.9716,0.3596,0.0000,0.0000,0.0000
118.288,350.9826,-0.2664,292.2515,0.2510,3.8000,-0.4500,358.6685,180.9736,0.5780,0.0000,0.0000,0.0000
118.413,350.7360,-0.2491,292.3385,0.2510,3.8000,-0.4500,358.7923,180.9750,0.6850,0.0000,0.0000,0.0000
118.538,350.4908,-0.2224,292.4247,0.2510,3.8000,-0.4500,359.0463,180.9785,0.9018,0.0000,0.0000,0.0000
118.663,350.2462,-0.1909,292.5114,0.2510,3.8000,-0.4500,359.2393,180.9818,1.0633,0.0000,0.0000,0.0000
118.774,350.0015,-0.1568,292.5993,0.2510,3.8000,-0.4500,359.3022,180.9830,1.1156,0.0000,0.0000,0.0000
118.885,349.7579,-0.1161,292.6872,0.2510,3.8000,-0.4500,359.4287,180.9856,1.2188,0.0000,0.0000,0.0000
119.010,349.5155,-0.0692,292.7748,0.2510,3.8000,-0.4500,359.6247,180.9900,1.3747,0.0000,0.0000,0.0000
119.123,349.3133,-0.0291,292.8488,0.2510,3.8000,-0.4500,359.6901,180.9916,1.4246,0.0000,0.0000,0.0000
119.232,349.0716,0.0235,292.9372,0.2510,3.8000,-0.4500,359.8239,180.9951,1.5243,0.0000,0.0000,0.0000
119.343,348.8703,0.0691,293.0114,0.2510,3.8000,-0.4500,359.8903,180.9969,1.5711,0.0000,0.0000,0.0000
119.470,348.5892,0.1370,293.1152,0.2510,3.8000,-0.4500,0.0292,181.0008,1.6634,0.0000,0.0000,0.0000
119.593,348.3484,0.1973,293.2047,0.2510,3.8000,-0.4500,0.1026,181.0029,1.7056,0.0000,0.0000,0.0000
119.719,348.1082,0.2611,293.2940,0.2510,3.8000,-0.4500,0.2488,181.0074,1.7874,0.0000,0.0000,0.0000
119.833,347.8680,0.3257,293.3839,0.2510,3.8000,-0.4500,0.3233,181.0098,1.8192,0.0000,0.0000,0.0000
119.954,347.6279,0.3930,293.4734,0.2510,3.8000,-0.4500,0.4786,181.0148,1.8745,0.0000,0.0000,0.0000
