time_sec,world_x,world_y,world_z,local_x,local_y,local_z,world_rot_x,world_rot_y,world_rot_z,local_rot_x,local_rot_y,local_rot_z
0.000,598.8349,5.2159,250.4544,0.2510,3.8000,-0.4500,0.0000,180.0000,0.0000,0.0000,0.0000,0.0000
0.000,598.8349,5.2159,250.4544,0.2510,3.8000,-0.4500,0.0000,180.0000,0.0000,0.0000,0.0000,0.0000
0.107,598.6016,5.0092,250.4596,0.2510,3.8000,-0.4500,0.0000,180.0000,0.0000,0.0000,0.0000,0.0000
0.221,598.2030,4.6661,250.4651,0.2510,3.8000,-0.4500,0.0000,180.0000,0.0000,0.0000,0.0000,0.0000
0.332,597.7820,4.3091,250.4692,0.2510,3.8000,-0.4500,0.0000,180.0000,0.0000,0.0000,0.0000,0.0000
0.459,597.0726,3.7129,250.4743,0.2510,3.8000,-0.4500,0.0000,180.0000,0.0000,0.0000,0.0000,0.0000
0.572,596.4893,3.2258,250.4775,0.2510,3.8000,-0.4500,0.0000,180.0000,0.0000,0.0000,0.0000,0.0000
0.683,595.7148,2.5814,250.4789,0.2510,3.8000,-0.4500,0.0000,180.0000,0.0000,0.0000,0.0000,0.0000
0.792,595.0141,1.9998,250.4759,0.2510,3.8000,-0.4500,0.0000,180.0000,0.0000,0.0000,0.0000,0.0000
0.917,593.9584,1.1250,250.4636,0.2510,3.8000,-0.4500,0.0000,180.0000,0.0000,0.0000,0.0000,0.0000
1.017,593.1568,0.4615,250.4488,0.2510,3.8000,-0.4500,0.0000,180.0000,0.0000,0.0000,0.0000,0.0000
1.125,592.3198,-0.2305,250.4292,0.2510,3.8000,-0.4500,0.0000,180.0000,0.0000,0.0000,0.0000,0.0000
1.240,591.5262,-0.9026,250.4111,0.2510,3.8000,-0.4500,359.4542,180.0000,0.0021,0.0000,0.0000,0.0000
1.348,591.0627,-1.2224,250.4075,0.2510,3.8000,-0.4500,358.3494,179.9999,0.0064,0.0000,0.0000,0.0000
1.474,590.6370,-1.3508,250.4091,0.2510,3.8000,-0.4500,357.4872,179.9998,0.0096,0.0000,0.0000,0.0000
1.598,590.2371,-1.2898,250.4133,0.2510,3.8000,-0.4500,357.3109,179.9998,0.0102,0.0000,0.0000,0.0000
1.711,589.9852,-1.1994,250.4171,0.2510,3.8000,-0.4500,357.3109,179.9998,0.0102,0.0000,0.0000,0.0000
1.834,589.7025,-1.1073,250.4203,0.2510,3.8000,-0.4500,357.3109,179.9998,0.0102,0.0000,0.0000,0.0000
1.934,589.4763,-1.0683,250.4205,0.2510,3.8000,-0.4500,357.3109,179.9998,0.0102,0.0000,0.0000,0.0000
2.043,589.2108,-1.0725,250.4177,0.2510,3.8000,-0.4500,357.3109,179.9998,0.0102,0.0000,0.0000,0.0000
2.154,588.9925,-1.1106,250.4135,0.2510,3.8000,-0.4500,357.3109,179.9998,0.0102,0.0000,0.0000,0.0000
2.265,588.7324,-1.1818,250.4072,0.2510,3.8000,-0.4500,357.3109,179.9998,0.0102,0.0000,0.0000,0.0000
2.377,588.4734,-1.2640,250.4003,0.2510,3.8000,-0.4500,357.3109,179.9998,0.0102,0.0000,0.0000,0.0000
2.488,588.2581,-1.3317,250.3948,0.2510,3.8000,-0.4500,357.3109,179.9998,0.0102,0.0000,0.0000,0.0000
2.601,587.9999,-1.4062,250.3885,0.2510,3.8000,-0.4500,357.3109,179.9998,0.0102,0.0000,0.0000,0.0000
2.710,587.7848,-1.4614,250.3838,0.2510,3.8000,-0.4500,357.3109,179.9998,0.0102,0.0000,0.0000,0.0000
2.835,587.5266,-1.5209,250.3784,0.2510,3.8000,-0.4500,357.3109,179.9998,0.0102,0.0000,0.0000,0.0000
2.946,587.2684,-1.5758,250.3735,0.2510,3.8000,-0.4500,357.3109,179.9998,0.0102,0.0000,0.0000,0.0000
3.071,587.0096,-1.6290,250.3702,0.2510,3.8000,-0.4500,357.3109,179.9998,0.0102,0.0000,0.0000,0.0000
3.196,586.7078,-1.6918,250.3690,0.2510,3.8000,-0.4500,357.3109,179.9998,0.0102,0.0000,0.0000,0.0000
3.307,586.4921,-1.7380,250.3695,0.2510,3.8000,-0.4500,357.3109,179.9998,0.0102,0.0000,0.0000,0.0000
3.432,586.2328,-1.7950,250.3713,0.2510,3.8000,-0.4500,357.3109,179.9998,0.0102,0.0000,0.0000,0.0000
3.558,585.9301,-1.8632,250.3743,0.2510,3.8000,-0.4500,357.3109,179.9998,0.0102,0.0000,0.0000,0.0000
3.671,585.7137,-1.9125,250.3768,0.2510,3.8000,-0.4500,357.3109,179.9998,0.0102,0.0000,0.0000,0.0000
3.783,585.4538,-1.9719,250.3800,0.2510,3.8000,-0.4500,357.3109,179.9998,0.0102,0.0000,0.0000,0.0000
3.892,585.2371,-2.0213,250.3826,0.2510,3.8000,-0.4500,357.3109,179.9998,0.0102,0.0000,0.0000,0.0000
4.006,584.9774,-2.0802,250.3814,0.2510,3.8000,-0.4500,357.3109,179.9998,0.0102,0.0000,0.0000,0.0000
4.122,584.7214,-2.1371,250.3356,0.2510,3.8000,-0.4500,357.3109,179.9998,0.0102,0.0000,0.0000,0.0000
4.225,584.5125,-2.1819,250.2478,0.2510,3.8000,-0.4500,357.3109,179.9998,0.0102,0.0000,0.0000,0.0000
4.335,584.3069,-2.2244,250.1186,0.2510,3.8000,-0.4500,357.3109,179.9998,0.0102,0.0000,0.0000,0.0000
4.446,584.0637,-2.2730,249.9211,0.2510,3.8000,-0.4500,357.3109,179.9998,0.0102,0.0000,0.0000,0.0000
4.572,583.8229,-2.3194,249.6913,0.2510,3.8000,-0.4500,357.3109,179.9998,0.0102,0.0000,0.0000,0.0000
4.682,583.5839,-2.3641,249.4402,0.2510,3.8000,-0.4500,357.3109,179.9998,0.0102,0.0000,0.0000,0.0000
4.808,583.3459,-2.4074,249.1758,0.2510,3.8000,-0.4500,357.3109,179.9998,0.0102,0.0000,0.0000,0.0000
4.920,583.1086,-2.4493,248.9032,0.2510,3.8000,-0.4500,357.3109,179.9998,0.0102,0.0000,0.0000,0.0000
5.029,582.9111,-2.4831,248.6720,0.2510,3.8000,-0.4500,357.3109,179.9998,0.0102,0.0000,0.0000,0.0000
5.142,582.6729,-2.5226,248.4117,0.2510,3.8000,-0.4500,357.3109,179.9998,0.0102,0.0000,0.0000,0.0000
5.251,582.4709,-2.5556,248.2387,0.2510,3.8000,-0.4500,357.3109,179.9998,0.0101,0.0000,0.0000,0.0000
5.376,582.1821,-2.6018,248.0688,0.2510,3.8000,-0.4500,357.3109,179.9998,0.0102,0.0000,0.0000,0.0000
5.487,581.9720,-2.6343,247.9888,0.2510,3.8000,-0.4500,357.3762,179.9997,359.9632,0.0000,0.0000,0.0000
5.599,581.7170,-2.6711,247.9251,0.2510,3.8000,-0.4500,357.5266,179.9996,359.8970,0.0000,0.0000,0.0000
5.709,581.5035,-2.6995,247.8920,0.2510,3.8000,-0.4500,357.5266,179.9996,359.8970,0.0000,0.0000,0.0000
5.835,581.2459,-2.7291,247.8661,0.2510,3.8000,-0.4500,357.6982,179.9992,359.8731,0.0000,0.0000,0.0000
5.945,580.9877,-2.7548,247.8512,0.2510,3.8000,-0.4500,357.7831,179.9990,359.8642,0.0000,0.0000,0.0000
6.058,580.7296,-2.7727,247.8406,0.2510,3.8000,-0.4500,358.1188,179.9983,359.8938,0.0000,0.0000,0.0000
6.169,580.5143,-2.7862,247.8362,0.2510,3.8000,-0.4500,358.1188,179.9983,359.8938,0.0000,0.0000,0.0000
6.281,580.2567,-2.7940,247.8305,0.2510,3.8000,-0.4500,358.3606,179.9980,359.9617,0.0000,0.0000,0.0000
6.390,580.0424,-2.7962,247.8261,0.2510,3.8000,-0.4500,358.5149,179.9980,0.0193,0.0000,0.0000,0.0000
6.516,579.7861,-2.7910,247.8194,0.2510,3.8000,-0.4500,358.8184,179.9984,0.1591,0.0000,0.0000,0.0000
6.626,579.5305,-2.7792,247.8116,0.2510,3.8000,-0.4500,359.1031,179.9996,0.3199,0.0000,0.0000,0.0000
6.751,579.2752,-2.7633,247.8027,0.2510,3.8000,-0.4500,359.2415,180.0005,0.4083,0.0000,0.0000,0.0000
6.863,579.0210,-2.7393,247.7907,0.2510,3.8000,-0.4500,359.4485,180.0022,0.5480,0.0000,0.0000,0.0000
6.988,578.7679,-2.7086,247.7755,0.2510,3.8000,-0.4500,359.6480,180.0044,0.6894,0.0000,0.0000,0.0000
7.101,578.5160,-2.6711,247.7565,0.2510,3.8000,-0.4500,359.8489,180.0070,0.8410,0.0000,0.0000,0.0000
7.211,578.3070,-2.6341,247.7373,0.2510,3.8000,-0.4500,0.0436,180.0102,0.9928,0.0000,0.0000,0.0000
7.335,578.0565,-2.5874,247.7112,0.2510,3.8000,-0.4500,0.1079,180.0113,1.0437,0.0000,0.0000,0.0000
7.460,577.7673,-2.5190,247.6738,0.2510,3.8000,-0.4500,0.4440,180.0182,1.3193,0.0000,0.0000,0.0000
7.572,577.5610,-2.4674,247.6437,0.2510,3.8000,-0.4500,0.5746,180.0214,1.4296,0.0000,0.0000,0.0000
7.685,577.3151,-2.3992,247.6026,0.2510,3.8000,-0.4500,0.7657,180.0264,1.5920,0.0000,0.0000,0.0000
7.794,577.1113,-2.3373,247.5644,0.2510,3.8000,-0.4500,0.9516,180.0318,1.7532,0.0000,0.0000,0.0000
7.905,576.8672,-2.2603,247.5149,0.2510,3.8000,-0.4500,1.0766,180.0358,1.8629,0.0000,0.0000,0.0000
8.030,576.6245,-2.1782,247.4607,0.2510,3.8000,-0.4500,1.1998,180.0399,1.9716,0.0000,0.0000,0.0000
8.155,576.3832,-2.0914,247.4018,0.2510,3.8000,-0.4500,1.3231,180.0443,2.0808,0.0000,0.0000,0.0000
8.266,576.1428,-2.0001,247.3386,0.2510,3.8000,-0.4500,1.4451,180.0488,2.1896,0.0000,0.0000,0.0000
8.377,575.9035,-1.9049,247.2714,0.2510,3.8000,-0.4500,1.5684,180.0536,2.2999,0.0000,0.0000,0.0000
8.488,575.7050,-1.8220,247.2244,0.2510,3.8000,-0.4500,1.6925,180.0588,2.4109,0.0000,0.0000,0.0000
8.613,575.4673,-1.7198,247.2145,0.2510,3.8000,-0.4500,1.7540,180.0614,2.4658,0.0000,0.0000,0.0000
8.738,575.1914,-1.5938,247.2395,0.2510,3.8000,-0.4500,1.8744,180.0667,2.5721,0.0000,0.0000,0.0000
8.863,574.9554,-1.4830,247.2784,0.2510,3.8000,-0.4500,1.9370,180.0695,2.6261,0.0000,0.0000,0.0000
8.988,574.7205,-1.3683,247.3255,0.2510,3.8000,-0.4500,2.0601,180.0753,2.7321,0.0000,0.0000,0.0000
9.113,574.4853,-1.2545,247.3792,0.2510,3.8000,-0.4500,2.0601,180.0753,2.7321,0.0000,0.0000,0.0000
9.238,574.2112,-1.1206,247.4454,0.2510,3.8000,-0.4500,2.0601,180.0753,2.7321,0.0000,0.0000,0.0000
9.363,573.9766,-1.0054,247.4996,0.2510,3.8000,-0.4500,2.0601,180.0753,2.7321,0.0000,0.0000,0.0000
9.488,573.7504,-0.8963,247.3952,0.2510,3.8000,-0.4500,2.0601,180.0753,2.7321,0.0000,0.0000,0.0000
9.588,573.5732,-0.8156,247.1077,0.2510,3.8000,-0.4500,2.0601,180.0753,2.7321,0.0000,0.0000,0.0000
9.699,573.3705,-0.7297,246.5809,0.2510,3.8000,-0.4500,2.0601,180.0753,2.7321,0.0000,0.0000,0.0000
9.807,573.2067,-0.6646,246.0466,0.2510,3.8000,-0.4500,2.0601,180.0753,2.7321,0.0000,0.0000,0.0000
9.919,573.0133,-0.5919,245.3406,0.2510,3.8000,-0.4500,2.0601,180.0753,2.7321,0.0000,0.0000,0.0000
10.030,572.8535,-0.5344,244.7218,0.2510,3.8000,-0.4500,2.0601,180.0753,2.7321,0.0000,0.0000,0.0000
10.155,572.6626,-0.4682,243.9599,0.2510,3.8000,-0.4500,2.0602,180.0753,2.7321,0.0000,0.0000,0.0000
10.268,572.4719,-0.4045,243.1871,0.2510,3.8000,-0.4500,2.0602,180.0753,2.7321,0.0000,0.0000,0.0000
10.377,572.2809,-0.3429,242.4090,0.2510,3.8000,-0.4500,2.0601,180.0754,2.7321,0.0000,0.0000,0.0000
10.488,572.1216,-0.2933,241.7589,0.2510,3.8000,-0.4500,2.0601,180.0753,2.7321,0.0000,0.0000,0.0000
10.614,571.9280,-0.2347,241.0204,0.2510,3.8000,-0.4500,2.0601,180.0753,2.7321,0.0000,0.0000,0.0000
10.726,571.7272,-0.1743,240.3982,0.2510,3.8000,-0.4500,2.0601,180.0753,2.7321,0.0000,0.0000,0.0000
10.835,571.5527,-0.1218,239.9837,0.2510,3.8000,-0.4500,2.0601,180.0753,2.7321,0.0000,0.0000,0.0000
10.949,571.3360,-0.0572,239.5930,0.2510,3.8000,-0.4500,2.0601,180.0753,2.7321,0.0000,0.0000,0.0000
11.058,571.1111,0.0051,239.2887,0.2510,3.8000,-0.4500,2.1036,180.0773,2.5714,0.0000,0.0000,0.0000
11.183,570.8815,0.0668,239.0440,0.2510,3.8000,-0.4500,2.1224,180.0782,2.4911,0.0000,0.0000,0.0000
11.307,570.6459,0.1207,238.8384,0.2510,3.8000,-0.4500,2.1342,180.0786,2.1557,0.0000,0.0000,0.0000
11.433,570.4092,0.1745,238.6589,0.2510,3.8000,-0.4500,2.1232,180.0782,2.0719,0.0000,0.0000,0.0000
11.557,570.1304,0.2274,238.4525,0.2510,3.8000,-0.4500,2.0829,180.0769,1.8200,0.0000,0.0000,0.0000
11.669,569.9355,0.2571,238.2335,0.2510,3.8000,-0.4500,2.0204,180.0750,1.5785,0.0000,0.0000,0.0000
11.781,569.7089,0.2831,237.8549,0.2510,3.8000,-0.4500,1.9159,180.0724,1.2564,0.0000,0.0000,0.0000
11.891,569.5266,0.3033,237.4568,0.2510,3.8000,-0.4500,1.9159,180.0724,1.2564,0.0000,0.0000,0.0000
12.002,569.3096,0.3142,236.9100,0.2510,3.8000,-0.4500,1.8032,180.0703,0.9367,0.0000,0.0000,0.0000
12.127,569.0961,0.3219,236.3121,0.2510,3.8000,-0.4500,1.7487,180.0695,0.7814,0.0000,0.0000,0.0000
12.253,568.8826,0.3207,235.6831,0.2510,3.8000,-0.4500,1.6402,180.0683,0.4647,0.0000,0.0000,0.0000
12.365,568.6713,0.3191,235.0344,0.2510,3.8000,-0.4500,1.6139,180.0681,0.3841,0.0000,0.0000,0.0000
12.476,568.4587,0.3095,234.3749,0.2510,3.8000,-0.4500,1.5353,180.0677,0.1408,0.0000,0.0000,0.0000
12.585,568.2812,0.2972,233.8197,0.2510,3.8000,-0.4500,1.4606,180.0677,359.8995,0.0000,0.0000,0.0000
12.696,568.0704,0.2824,233.1246,0.2510,3.8000,-0.4500,1.4366,180.0678,359.8212,0.0000,0.0000,0.0000
12.821,567.8593,0.2578,232.3920,0.2510,3.8000,-0.4500,1.3421,180.0683,359.4988,0.0000,0.0000,0.0000
12.947,567.6506,0.2351,231.6375,0.2510,3.8000,-0.4500,1.3421,180.0683,359.4988,0.0000,0.0000,0.0000
13.058,567.4400,0.2019,230.8758,0.2510,3.8000,-0.4500,1.2524,180.0694,359.1696,0.0000,0.0000,0.0000
13.182,567.2296,0.1683,230.1124,0.2510,3.8000,-0.4500,1.2109,180.0700,359.0097,0.0000,0.0000,0.0000
13.308,567.0195,0.1328,229.3498,0.2510,3.8000,-0.4500,1.1904,180.0704,358.9305,0.0000,0.0000,0.0000
13.419,566.8077,0.0908,228.5892,0.2510,3.8000,-0.4500,1.1282,180.0717,358.6857,0.0000,0.0000,0.0000
13.531,566.6321,0.0575,227.9562,0.2510,3.8000,-0.4500,1.1283,180.0717,358.6857,0.0000,0.0000,0.0000
13.641,566.4190,0.0089,227.1983,0.2510,3.8000,-0.4500,1.0469,180.0738,358.3686,0.0000,0.0000,0.0000
13.766,566.2075,-0.0359,226.4402,0.2510,3.8000,-0.4500,1.0469,180.0737,358.3686,0.0000,0.0000,0.0000
13.879,565.9957,-0.0829,225.6817,0.2510,3.8000,-0.4500,1.0469,180.0737,358.3686,0.0000,0.0000,0.0000
14.003,565.7822,-0.1363,224.9231,0.2510,3.8000,-0.4500,0.9786,180.0759,358.1273,0.0000,0.0000,0.0000
14.127,565.5703,-0.1864,224.1633,0.2510,3.8000,-0.4500,0.9786,180.0758,358.1273,0.0000,0.0000,0.0000
14.242,565.3580,-0.2373,223.4032,0.2510,3.8000,-0.4500,0.9786,180.0758,358.1273,0.0000,0.0000,0.0000
14.353,565.1812,-0.2801,222.7697,0.2510,3.8000,-0.4500,0.9786,180.0758,358.1273,0.0000,0.0000,0.0000
14.464,564.9688,-0.3316,222.0093,0.2510,3.8000,-0.4500,0.9786,180.0759,358.1273,0.0000,0.0000,0.0000
14.575,564.7918,-0.3742,221.3757,0.2510,3.8000,-0.4500,0.9786,180.0759,358.1273,0.0000,0.0000,0.0000
14.686,564.5795,-0.4247,220.6152,0.2510,3.8000,-0.4500,0.9786,180.0758,358.1273,0.0000,0.0000,0.0000
14.798,564.3674,-0.4740,219.8548,0.2510,3.8000,-0.4500,0.9786,180.0758,358.1273,0.0000,0.0000,0.0000
14.909,564.1906,-0.5141,219.2209,0.2510,3.8000,-0.4500,0.9786,180.0758,358.1273,0.0000,0.0000,0.0000
15.030,563.9785,-0.5605,218.4591,0.2510,3.8000,-0.4500,0.9786,180.0758,358.1273,0.0000,0.0000,0.0000
15.154,563.7667,-0.6050,217.6958,0.2510,3.8000,-0.4500,0.9786,180.0758,358.1273,0.0000,0.0000,0.0000
15.268,563.5549,-0.6471,216.9314,0.2510,3.8000,-0.4500,0.9786,180.0758,358.1273,0.0000,0.0000,0.0000
15.378,563.3438,-0.6867,216.1662,0.2510,3.8000,-0.4500,0.9786,180.0759,358.1273,0.0000,0.0000,0.0000
15.487,563.1680,-0.7177,215.5282,0.2510,3.8000,-0.4500,0.9786,180.0758,358.1273,0.0000,0.0000,0.0000
15.600,562.9576,-0.7522,214.7622,0.2510,3.8000,-0.4500,0.9786,180.0758,358.1273,0.0000,0.0000,0.0000
15.723,562.7477,-0.7836,213.9960,0.2510,3.8000,-0.4500,0.9786,180.0758,358.1273,0.0000,0.0000,0.0000
15.823,562.5730,-0.8073,213.3576,0.2510,3.8000,-0.4500,0.9786,180.0758,358.1273,0.0000,0.0000,0.0000
15.932,562.3987,-0.8287,212.7189,0.2510,3.8000,-0.4500,0.9786,180.0758,358.1273,0.0000,0.0000,0.0000
16.057,562.1567,-0.8530,211.8217,0.2510,3.8000,-0.4500,0.8040,180.0813,358.3048,0.0000,0.0000,0.0000
16.170,561.9838,-0.8679,211.1771,0.2510,3.8000,-0.4500,0.7571,180.0826,358.3689,0.0000,0.0000,0.0000
16.279,561.7781,-0.8808,210.4019,0.2510,3.8000,-0.4500,0.6285,180.0861,358.5860,0.0000,0.0000,0.0000
16.404,561.5723,-0.8918,209.6247,0.2510,3.8000,-0.4500,0.5939,180.0869,358.6624,0.0000,0.0000,0.0000
16.530,561.3674,-0.8981,208.8474,0.2510,3.8000,-0.4500,0.5270,180.0884,358.8167,0.0000,0.0000,0.0000
16.655,561.1634,-0.8996,208.0700,0.2510,3.8000,-0.4500,0.4457,180.0900,359.0510,0.0000,0.0000,0.0000
16.766,560.9598,-0.8985,207.2923,0.2510,3.8000,-0.4500,0.4007,180.0907,359.2130,0.0000,0.0000,0.0000
16.891,560.7561,-0.8951,206.5146,0.2510,3.8000,-0.4500,0.3791,180.0910,359.2935,0.0000,0.0000,0.0000
17.016,560.5206,-0.8830,205.6083,0.2510,3.8000,-0.4500,0.3059,180.0917,359.6218,0.0000,0.0000,0.0000
17.128,560.3513,-0.8753,204.9677,0.2510,3.8000,-0.4500,0.3059,180.0917,359.6218,0.0000,0.0000,0.0000
17.238,560.1493,-0.8589,204.2207,0.2510,3.8000,-0.4500,0.2617,180.0918,359.8644,0.0000,0.0000,0.0000
17.362,559.9464,-0.8392,203.5005,0.2510,3.8000,-0.4500,0.2219,180.0918,0.1101,0.0000,0.0000,0.0000
17.488,559.7414,-0.8204,202.8039,0.2510,3.8000,-0.4500,0.2219,180.0918,0.1101,0.0000,0.0000,0.0000
17.613,559.5375,-0.7944,202.1260,0.2510,3.8000,-0.4500,0.1855,180.0917,0.3584,0.0000,0.0000,0.0000
17.723,559.3325,-0.7682,201.4610,0.2510,3.8000,-0.4500,0.1743,180.0916,0.4407,0.0000,0.0000,0.0000
17.848,559.1289,-0.7365,200.8046,0.2510,3.8000,-0.4500,0.1410,180.0913,0.6924,0.0000,0.0000,0.0000
17.973,558.9239,-0.7064,200.1534,0.2510,3.8000,-0.4500,0.1410,180.0913,0.6924,0.0000,0.0000,0.0000
18.098,558.6860,-0.6641,199.4121,0.2510,3.8000,-0.4500,0.1108,180.0909,0.9415,0.0000,0.0000,0.0000
18.209,558.5105,-0.6348,198.9581,0.2510,3.8000,-0.4500,0.1108,180.0909,0.9415,0.0000,0.0000,0.0000
18.335,558.2919,-0.5960,198.5453,0.2510,3.8000,-0.4500,0.1017,180.0907,1.0226,0.0000,0.0000,0.0000
18.459,558.0262,-0.5454,198.2281,0.2510,3.8000,-0.4500,0.0747,180.0902,1.2737,0.0000,0.0000,0.0000
18.584,557.7894,-0.5034,198.0578,0.2510,3.8000,-0.4500,0.0747,180.0902,1.2737,0.0000,0.0000,0.0000
18.695,557.5886,-0.4669,197.9627,0.2510,3.8000,-0.4500,0.0747,180.0902,1.2736,0.0000,0.0000,0.0000
18.806,557.3464,-0.4191,197.8840,0.2510,3.8000,-0.4500,0.0600,180.0898,1.4352,0.0000,0.0000,0.0000
18.930,557.1020,-0.3727,197.8522,0.2510,3.8000,-0.4500,0.0600,180.0898,1.4352,0.0000,0.0000,0.0000
19.056,556.8570,-0.3253,197.8537,0.2510,3.8000,-0.4500,0.0600,180.0898,1.4352,0.0000,0.0000,0.0000
19.169,556.6124,-0.2762,197.8734,0.2510,3.8000,-0.4500,0.0510,180.0896,1.5173,0.0000,0.0000,0.0000
19.292,556.3679,-0.2271,197.9043,0.2510,3.8000,-0.4500,0.0417,180.0893,1.5985,0.0000,0.0000,0.0000
19.417,556.0820,-0.1723,197.9489,0.2510,3.8000,-0.4500,0.0417,180.0893,1.5985,0.0000,0.0000,0.0000
19.542,555.8369,-0.1266,197.9911,0.2510,3.8000,-0.4500,0.0417,180.0893,1.5985,0.0000,0.0000,0.0000
19.667,555.5920,-0.0827,198.0353,0.2510,3.8000,-0.4500,0.0417,180.0893,1.5985,0.0000,0.0000,0.0000
19.792,555.3470,-0.0409,198.0809,0.2510,3.8000,-0.4500,0.0417,180.0893,1.5985,0.0000,0.0000,0.0000
19.892,555.1426,-0.0081,198.1195,0.2510,3.8000,-0.4500,0.0417,180.0893,1.5985,0.0000,0.0000,0.0000
20.014,554.8983,0.0300,198.1677,0.2510,3.8000,-0.4500,359.9383,180.0863,1.7228,0.0000,0.0000,0.0000
20.127,554.6529,0.0634,198.2171,0.2510,3.8000,-0.4500,359.9383,180.0863,1.7228,0.0000,0.0000,0.0000
20.250,554.4075,0.0933,198.2680,0.2510,3.8000,-0.4500,359.8645,180.0841,1.7586,0.0000,0.0000,0.0000
20.376,554.1214,0.1231,198.3297,0.2510,3.8000,-0.4500,359.7159,180.0794,1.8200,0.0000,0.0000,0.0000
20.487,553.9167,0.1409,198.3741,0.2510,3.8000,-0.4500,359.7159,180.0794,1.8200,0.0000,0.0000,0.0000
20.611,553.6705,0.1565,198.4301,0.2510,3.8000,-0.4500,359.4638,180.0714,1.8346,0.0000,0.0000,0.0000
20.723,553.4238,0.1684,198.4858,0.2510,3.8000,-0.4500,359.3835,180.0688,1.8252,0.0000,0.0000,0.0000
20.834,553.2178,0.1746,198.5327,0.2510,3.8000,-0.4500,359.3027,180.0663,1.8143,0.0000,0.0000,0.0000
20.959,552.9280,0.1756,198.5995,0.2510,3.8000,-0.4500,359.0584,180.0587,1.7445,0.0000,0.0000,0.0000
21.071,552.7205,0.1722,198.6468,0.2510,3.8000,-0.4500,358.9067,180.0541,1.6806,0.0000,0.0000,0.0000
21.195,552.4711,0.1651,198.7019,0.2510,3.8000,-0.4500,358.8325,180.0520,1.6474,0.0000,0.0000,0.0000
21.308,552.2202,0.1502,198.7571,0.2510,3.8000,-0.4500,358.6097,180.0458,1.5100,0.0000,0.0000,0.0000
21.417,551.9692,0.1331,198.8095,0.2510,3.8000,-0.4500,358.5392,180.0440,1.4643,0.0000,0.0000,0.0000
21.530,551.7589,0.1135,198.8521,0.2510,3.8000,-0.4500,358.4091,180.0408,1.3626,0.0000,0.0000,0.0000
21.653,551.5058,0.0859,198.9012,0.2510,3.8000,-0.4500,358.2792,180.0378,1.2434,0.0000,0.0000,0.0000
21.753,551.2941,0.0589,198.9400,0.2510,3.8000,-0.4500,358.1549,180.0353,1.1252,0.0000,0.0000,0.0000
21.861,551.0391,0.0230,198.9834,0.2510,3.8000,-0.4500,358.0437,180.0332,0.9988,0.0000,0.0000,0.0000
21.986,550.7839,-0.0157,199.0232,0.2510,3.8000,-0.4500,357.9896,180.0323,0.9355,0.0000,0.0000,0.0000
22.112,550.5270,-0.0616,199.0603,0.2510,3.8000,-0.4500,357.8420,180.0301,0.7345,0.0000,0.0000,0.0000
22.237,550.2270,-0.1179,199.0987,0.2510,3.8000,-0.4500,357.7550,180.0291,0.5910,0.0000,0.0000,0.0000
22.362,549.9693,-0.1691,199.1282,0.2510,3.8000,-0.4500,357.7154,180.0287,0.5161,0.0000,0.0000,0.0000
22.487,549.7100,-0.2252,199.1544,0.2510,3.8000,-0.4500,357.6386,180.0282,0.3661,0.0000,0.0000,0.0000
22.612,549.4495,-0.2860,199.1773,0.2510,3.8000,-0.4500,357.5473,180.0277,0.1371,0.0000,0.0000,0.0000
22.738,549.1466,-0.3550,199.1962,0.2510,3.8000,-0.4500,357.5473,180.0277,0.1371,0.0000,0.0000,0.0000
22.862,548.8860,-0.4180,199.2023,0.2510,3.8000,-0.4500,357.5249,180.0277,0.0603,0.0000,0.0000,0.0000
22.987,548.6244,-0.4863,199.2003,0.2510,3.8000,-0.4500,357.4711,180.0278,359.8143,0.0000,0.0000,0.0000
23.112,548.3644,-0.5515,199.1917,0.2510,3.8000,-0.4500,357.4711,180.0278,359.8143,0.0000,0.0000,0.0000
23.224,548.1033,-0.6212,199.1783,0.2510,3.8000,-0.4500,357.4605,180.0278,359.6479,0.0000,0.0000,0.0000
23.348,547.8422,-0.6919,199.1611,0.2510,3.8000,-0.4500,357.4571,180.0278,359.4818,0.0000,0.0000,0.0000
23.473,547.5820,-0.7606,199.1410,0.2510,3.8000,-0.4500,357.4571,180.0278,359.4818,0.0000,0.0000,0.0000
23.598,547.2771,-0.8440,199.1147,0.2510,3.8000,-0.4500,357.4811,180.0276,359.3193,0.0000,0.0000,0.0000
23.723,547.0160,-0.9145,199.0897,0.2510,3.8000,-0.4500,357.5045,180.0273,359.2402,0.0000,0.0000,0.0000
23.848,546.7560,-0.9843,199.0528,0.2510,3.8000,-0.4500,357.5291,180.0269,359.1616,0.0000,0.0000,0.0000
23.973,546.4979,-1.0524,198.9921,0.2510,3.8000,-0.4500,357.5664,180.0264,359.0884,0.0000,0.0000,0.0000
24.098,546.1996,-1.1290,198.8932,0.2510,3.8000,-0.4500,357.6054,180.0257,359.0176,0.0000,0.0000,0.0000
24.209,545.9880,-1.1812,198.8090,0.2510,3.8000,-0.4500,357.6054,180.0257,359.0176,0.0000,0.0000,0.0000
24.309,545.7762,-1.2330,198.7158,0.2510,3.8000,-0.4500,357.7224,180.0236,358.8953,0.0000,0.0000,0.0000
24.418,545.5234,-1.2918,198.5969,0.2510,3.8000,-0.4500,357.7806,180.0224,358.8378,0.0000,0.0000,0.0000
24.528,545.3135,-1.3383,198.4937,0.2510,3.8000,-0.4500,357.7806,180.0224,358.8378,0.0000,0.0000,0.0000
24.654,545.0616,-1.3914,198.3657,0.2510,3.8000,-0.4500,357.8571,180.0209,358.8032,0.0000,0.0000,0.0000
24.779,544.7682,-1.4496,198.2129,0.2510,3.8000,-0.4500,358.0100,180.0176,358.7388,0.0000,0.0000,0.0000
24.889,544.5590,-1.4883,198.1019,0.2510,3.8000,-0.4500,358.0898,180.0158,358.7226,0.0000,0.0000,0.0000
25.003,544.3080,-1.5310,197.9646,0.2510,3.8000,-0.4500,358.3297,180.0104,358.6905,0.0000,0.0000,0.0000
25.111,544.0995,-1.5654,197.8491,0.2510,3.8000,-0.4500,358.3297,180.0104,358.6905,0.0000,0.0000,0.0000
25.237,543.8079,-1.6093,197.6839,0.2510,3.8000,-0.4500,358.4109,180.0085,358.6913,0.0000,0.0000,0.0000
25.348,543.5998,-1.6363,197.5631,0.2510,3.8000,-0.4500,358.6586,180.0029,358.7061,0.0000,0.0000,0.0000
25.472,543.3503,-1.6686,197.4188,0.2510,3.8000,-0.4500,358.6586,180.0029,358.7061,0.0000,0.0000,0.0000
25.597,543.0599,-1.7007,197.2482,0.2510,3.8000,-0.4500,358.8208,179.9993,358.7318,0.0000,0.0000,0.0000
25.698,542.8523,-1.7196,197.1249,0.2510,3.8000,-0.4500,359.0643,179.9940,358.7853,0.0000,0.0000,0.0000
25.808,542.6446,-1.7393,197.0028,0.2510,3.8000,-0.4500,359.0643,179.9940,358.7853,0.0000,0.0000,0.0000
25.919,542.3959,-1.7582,196.8556,0.2510,3.8000,-0.4500,359.2285,179.9906,358.8340,0.0000,0.0000,0.0000
26.028,542.1884,-1.7716,196.7361,0.2510,3.8000,-0.4500,359.3858,179.9875,358.8821,0.0000,0.0000,0.0000
26.153,541.9390,-1.7877,196.5995,0.2510,3.8000,-0.4500,359.3858,179.9875,358.8821,0.0000,0.0000,0.0000
26.253,541.7311,-1.7980,196.4895,0.2510,3.8000,-0.4500,359.4648,179.9859,358.9121,0.0000,0.0000,0.0000
26.361,541.4813,-1.8071,196.3607,0.2510,3.8000,-0.4500,359.6208,179.9830,358.9724,0.0000,0.0000,0.0000
26.472,541.2728,-1.8149,196.2564,0.2510,3.8000,-0.4500,359.6208,179.9830,358.9724,0.0000,0.0000,0.0000
26.597,540.9814,-1.8195,196.1111,0.2510,3.8000,-0.4500,359.8516,179.9791,359.0768,0.0000,0.0000,0.0000
26.709,540.7728,-1.8237,196.0094,0.2510,3.8000,-0.4500,359.8516,179.9791,359.0768,0.0000,0.0000,0.0000
26.821,540.5226,-1.8271,195.8881,0.2510,3.8000,-0.4500,359.8516,179.9791,359.0768,0.0000,0.0000,0.0000
26.930,540.3146,-1.8273,195.7868,0.2510,3.8000,-0.4500,359.9232,179.9780,359.1140,0.0000,0.0000,0.0000
27.055,540.0641,-1.8263,195.6734,0.2510,3.8000,-0.4500,359.9937,179.9769,359.1534,0.0000,0.0000,0.0000
27.167,539.8113,-1.8249,195.5839,0.2510,3.8000,-0.4500,359.9937,179.9769,359.1534,0.0000,0.0000,0.0000
27.280,539.5567,-1.8220,195.5170,0.2510,3.8000,-0.4500,359.9937,179.9769,359.1534,0.0000,0.0000,0.0000
27.389,539.3439,-1.8160,195.4734,0.2510,3.8000,-0.4500,0.1327,179.9750,359.2403,0.0000,0.0000,0.0000
27.501,539.0869,-1.8109,195.4331,0.2510,3.8000,-0.4500,0.1327,179.9750,359.2403,0.0000,0.0000,0.0000
27.611,538.8723,-1.8060,195.4053,0.2510,3.8000,-0.4500,0.1327,179.9750,359.2403,0.0000,0.0000,0.0000
27.736,538.5716,-1.7983,195.3715,0.2510,3.8000,-0.4500,0.1327,179.9750,359.2403,0.0000,0.0000,0.0000
27.862,538.3138,-1.7913,195.3452,0.2510,3.8000,-0.4500,0.1327,179.9750,359.2403,0.0000,0.0000,0.0000
27.972,538.0989,-1.7852,195.3242,0.2510,3.8000,-0.4500,0.1327,179.9750,359.2403,0.0000,0.0000,0.0000
28.098,537.8015,-1.7767,195.2581,0.2510,3.8000,-0.4500,0.1327,179.9750,359.2403,0.0000,0.0000,0.0000
28.208,537.5988,-1.7718,195.0906,0.2510,3.8000,-0.4500,0.1327,179.9750,359.2403,0.0000,0.0000,0.0000
28.334,537.3673,-1.7674,194.7322,0.2510,3.8000,-0.4500,0.1327,179.9750,359.2403,0.0000,0.0000,0.0000
28.458,537.1092,-1.7637,194.1478,0.2510,3.8000,-0.4500,0.1327,179.9750,359.2403,0.0000,0.0000,0.0000
28.583,536.8943,-1.7607,193.5555,0.2510,3.8000,-0.4500,0.1327,179.9750,359.2403,0.0000,0.0000,0.0000
28.708,536.6841,-1.7541,192.9118,0.2510,3.8000,-0.4500,0.1931,179.9743,359.3915,0.0000,0.0000,0.0000
28.834,536.4752,-1.7496,192.2378,0.2510,3.8000,-0.4500,0.1931,179.9743,359.3915,0.0000,0.0000,0.0000
28.947,536.2675,-1.7440,191.5457,0.2510,3.8000,-0.4500,0.1931,179.9743,359.3915,0.0000,0.0000,0.0000
29.056,536.0961,-1.7354,190.9606,0.2510,3.8000,-0.4500,0.2035,179.9742,359.5530,0.0000,0.0000,0.0000
29.168,535.8907,-1.7272,190.2434,0.2510,3.8000,-0.4500,0.2035,179.9742,359.5530,0.0000,0.0000,0.0000
29.277,535.6882,-1.7134,189.5016,0.2510,3.8000,-0.4500,0.1698,179.9743,359.7943,0.0000,0.0000,0.0000
29.402,535.4845,-1.7021,188.7557,0.2510,3.8000,-0.4500,0.1698,179.9743,359.7943,0.0000,0.0000,0.0000
29.527,535.2823,-1.6856,188.0217,0.2510,3.8000,-0.4500,0.0917,179.9745,0.0264,0.0000,0.0000,0.0000
29.652,535.0781,-1.6711,187.3034,0.2510,3.8000,-0.4500,0.0917,179.9745,0.0264,0.0000,0.0000,0.0000
29.777,534.8407,-1.6501,186.4842,0.2510,3.8000,-0.4500,0.0240,179.9744,0.1719,0.0000,0.0000,0.0000
29.889,534.6709,-1.6345,185.9081,0.2510,3.8000,-0.4500,359.9873,179.9743,0.2428,0.0000,0.0000,0.0000
30.012,534.4675,-1.6127,185.2241,0.2510,3.8000,-0.4500,359.8682,179.9735,0.4544,0.0000,0.0000,0.0000
30.126,534.2626,-1.5923,184.5447,0.2510,3.8000,-0.4500,359.8682,179.9735,0.4544,0.0000,0.0000,0.0000
30.236,534.0936,-1.5724,183.9787,0.2510,3.8000,-0.4500,359.7822,179.9727,0.5904,0.0000,0.0000,0.0000
30.347,533.8916,-1.5482,183.2772,0.2510,3.8000,-0.4500,359.7379,179.9723,0.6575,0.0000,0.0000,0.0000
30.472,533.6921,-1.5206,182.5498,0.2510,3.8000,-0.4500,359.5976,179.9704,0.8641,0.0000,0.0000,0.0000
30.572,533.5256,-1.4982,181.9279,0.2510,3.8000,-0.4500,359.5976,179.9704,0.8641,0.0000,0.0000,0.0000
30.694,533.3272,-1.4689,181.1707,0.2510,3.8000,-0.4500,359.5497,179.9696,0.9323,0.0000,0.0000,0.0000
30.808,533.1299,-1.4371,180.4068,0.2510,3.8000,-0.4500,359.4544,179.9680,1.0675,0.0000,0.0000,0.0000
30.930,532.9324,-1.4052,179.6382,0.2510,3.8000,-0.4500,359.4544,179.9680,1.0675,0.0000,0.0000,0.0000
31.044,532.7366,-1.3703,178.8682,0.2510,3.8000,-0.4500,359.3586,179.9661,1.2018,0.0000,0.0000,0.0000
31.166,532.5408,-1.3347,178.0968,0.2510,3.8000,-0.4500,359.3125,179.9651,1.2662,0.0000,0.0000,0.0000
31.291,532.3459,-1.2970,177.3255,0.2510,3.8000,-0.4500,359.2177,179.9629,1.3992,0.0000,0.0000,0.0000
31.416,532.1179,-1.2531,176.4261,0.2510,3.8000,-0.4500,359.2177,179.9629,1.3992,0.0000,0.0000,0.0000
31.541,531.9238,-1.2127,175.6580,0.2510,3.8000,-0.4500,359.1241,179.9605,1.5321,0.0000,0.0000,0.0000
31.666,531.7291,-1.1727,174.8913,0.2510,3.8000,-0.4500,359.1241,179.9605,1.5321,0.0000,0.0000,0.0000
31.791,531.5354,-1.1300,174.1271,0.2510,3.8000,-0.4500,359.0305,179.9579,1.6682,0.0000,0.0000,0.0000
31.917,531.3087,-1.0810,173.2363,0.2510,3.8000,-0.4500,359.0305,179.9579,1.6682,0.0000,0.0000,0.0000
32.040,531.1150,-1.0371,172.4741,0.2510,3.8000,-0.4500,358.9851,179.9566,1.7369,0.0000,0.0000,0.0000
32.153,530.9534,-1.0006,171.8392,0.2510,3.8000,-0.4500,358.9851,179.9565,1.7370,0.0000,0.0000,0.0000
32.266,530.7599,-0.9553,171.0781,0.2510,3.8000,-0.4500,358.9412,179.9552,1.8056,0.0000,0.0000,0.0000
32.375,530.5988,-0.9177,170.4437,0.2510,3.8000,-0.4500,358.9412,179.9552,1.8056,0.0000,0.0000,0.0000
32.500,530.3738,-0.8635,169.5576,0.2510,3.8000,-0.4500,358.8992,179.9538,1.8743,0.0000,0.0000,0.0000
32.625,530.1802,-0.8172,168.7994,0.2510,3.8000,-0.4500,358.8992,179.9538,1.8743,0.0000,0.0000,0.0000
32.750,529.9866,-0.7706,168.0424,0.2510,3.8000,-0.4500,358.8992,179.9538,1.8743,0.0000,0.0000,0.0000
32.876,529.7609,-0.7156,167.1604,0.2510,3.8000,-0.4500,358.8992,179.9538,1.8743,0.0000,0.0000,0.0000
32.985,529.6003,-0.6753,166.5312,0.2510,3.8000,-0.4500,358.8615,179.9525,1.9445,0.0000,0.0000,0.0000
33.111,529.4070,-0.6277,165.7761,0.2510,3.8000,-0.4500,358.8615,179.9525,1.9445,0.0000,0.0000,0.0000
33.224,529.2139,-0.5799,165.0213,0.2510,3.8000,-0.4500,358.8615,179.9525,1.9445,0.0000,0.0000,0.0000
33.333,529.0531,-0.5400,164.3923,0.2510,3.8000,-0.4500,358.8615,179.9525,1.9445,0.0000,0.0000,0.0000
33.444,528.8602,-0.4920,163.6364,0.2510,3.8000,-0.4500,358.8615,179.9525,1.9445,0.0000,0.0000,0.0000
33.569,528.6656,-0.4444,162.9124,0.2510,3.8000,-0.4500,358.8615,179.9525,1.9445,0.0000,0.0000,0.0000
33.694,528.4631,-0.3990,162.3205,0.2510,3.8000,-0.4500,358.8615,179.9525,1.9445,0.0000,0.0000,0.0000
33.807,528.2495,-0.3566,161.8916,0.2510,3.8000,-0.4500,358.8615,179.9525,1.9445,0.0000,0.0000,0.0000
33.930,528.0256,-0.3164,161.5999,0.2510,3.8000,-0.4500,358.8615,179.9525,1.9445,0.0000,0.0000,0.0000
34.055,527.7941,-0.2772,161.4070,0.2510,3.8000,-0.4500,358.8615,179.9525,1.9445,0.0000,0.0000,0.0000
34.168,527.5577,-0.2380,161.2778,0.2510,3.8000,-0.4500,358.8615,179.9525,1.9445,0.0000,0.0000,0.0000
34.277,527.3185,-0.1980,161.1856,0.2510,3.8000,-0.4500,358.8615,179.9525,1.9445,0.0000,0.0000,0.0000
34.403,527.0775,-0.1566,161.1155,0.2510,3.8000,-0.4500,358.8615,179.9525,1.9445,0.0000,0.0000,0.0000
34.527,526.8359,-0.1140,161.0931,0.2510,3.8000,-0.4500,358.8615,179.9525,1.9445,0.0000,0.0000,0.0000
34.652,526.5939,-0.0700,161.1078,0.2510,3.8000,-0.4500,358.8615,179.9525,1.9445,0.0000,0.0000,0.0000
34.766,526.3528,-0.0212,161.1417,0.2510,3.8000,-0.4500,358.9587,179.9559,2.0757,0.0000,0.0000,0.0000
34.875,526.1511,0.0181,161.1796,0.2510,3.8000,-0.4500,358.9587,179.9559,2.0757,0.0000,0.0000,0.0000
34.990,525.9090,0.0668,161.2312,0.2510,3.8000,-0.4500,358.9587,179.9559,2.0757,0.0000,0.0000,0.0000
35.106,525.6680,0.1199,161.2862,0.2510,3.8000,-0.4500,359.0836,179.9605,2.1868,0.0000,0.0000,0.0000
35.206,525.4667,0.1627,161.3349,0.2510,3.8000,-0.4500,359.0836,179.9605,2.1868,0.0000,0.0000,0.0000
35.320,525.2258,0.2161,161.3945,0.2510,3.8000,-0.4500,359.1504,179.9631,2.2314,0.0000,0.0000,0.0000
35.430,525.0247,0.2601,161.4454,0.2510,3.8000,-0.4500,359.1504,179.9631,2.2314,0.0000,0.0000,0.0000
35.555,524.7833,0.3131,161.5072,0.2510,3.8000,-0.4500,359.1504,179.9631,2.2314,0.0000,0.0000,0.0000
35.656,524.5822,0.3572,161.5588,0.2510,3.8000,-0.4500,359.1504,179.9631,2.2314,0.0000,0.0000,0.0000
35.763,524.3406,0.4096,161.6208,0.2510,3.8000,-0.4500,359.1504,179.9631,2.2314,0.0000,0.0000,0.0000
35.889,524.0991,0.4622,161.6823,0.2510,3.8000,-0.4500,359.2259,179.9661,2.2582,0.0000,0.0000,0.0000
35.999,523.8572,0.5123,161.7446,0.2510,3.8000,-0.4500,359.2259,179.9661,2.2582,0.0000,0.0000,0.0000
36.124,523.6152,0.5605,161.8069,0.2510,3.8000,-0.4500,359.2259,179.9661,2.2582,0.0000,0.0000,0.0000
36.224,523.4130,0.5986,161.8590,0.2510,3.8000,-0.4500,359.2259,179.9661,2.2582,0.0000,0.0000,0.0000
36.333,523.2106,0.6346,161.9112,0.2510,3.8000,-0.4500,359.2259,179.9661,2.2582,0.0000,0.0000,0.0000
36.458,522.9268,0.6809,161.9846,0.2510,3.8000,-0.4500,359.2259,179.9661,2.2582,0.0000,0.0000,0.0000
36.583,522.6829,0.7160,162.0477,0.2510,3.8000,-0.4500,359.2259,179.9661,2.2582,0.0000,0.0000,0.0000
36.708,522.4385,0.7466,162.1111,0.2510,3.8000,-0.4500,359.2259,179.9661,2.2582,0.0000,0.0000,0.0000
36.833,522.1934,0.7721,162.1749,0.2510,3.8000,-0.4500,359.2259,179.9661,2.2582,0.0000,0.0000,0.0000
36.944,521.9477,0.7923,162.2391,0.2510,3.8000,-0.4500,359.2259,179.9661,2.2582,0.0000,0.0000,0.0000
37.054,521.7423,0.8047,162.2928,0.2510,3.8000,-0.4500,359.2259,179.9661,2.2582,0.0000,0.0000,0.0000
37.167,521.4928,0.8081,162.3575,0.2510,3.8000,-0.4500,359.1471,179.9632,1.9415,0.0000,0.0000,0.0000
37.277,521.2438,0.8101,162.4192,0.2510,3.8000,-0.4500,359.1129,179.9621,1.8662,0.0000,0.0000,0.0000
37.390,521.0341,0.8020,162.4691,0.2510,3.8000,-0.4500,358.9626,179.9576,1.5720,0.0000,0.0000,0.0000
37.500,520.7833,0.7928,162.5242,0.2510,3.8000,-0.4500,358.9185,179.9564,1.5031,0.0000,0.0000,0.0000
37.624,520.5303,0.7743,162.5744,0.2510,3.8000,-0.4500,358.7779,179.9529,1.2943,0.0000,0.0000,0.0000
37.749,520.2781,0.7510,162.5742,0.2510,3.8000,-0.4500,358.6253,179.9498,1.0886,0.0000,0.0000,0.0000
37.874,520.0312,0.7278,162.4930,0.2510,3.8000,-0.4500,358.5754,179.9488,1.0222,0.0000,0.0000,0.0000
37.975,519.8277,0.7032,162.3720,0.2510,3.8000,-0.4500,358.4260,179.9464,0.8258,0.0000,0.0000,0.0000
38.096,519.5468,0.6675,162.1424,0.2510,3.8000,-0.4500,358.2766,179.9445,0.6218,0.0000,0.0000,0.0000
38.210,519.3489,0.6432,161.9481,0.2510,3.8000,-0.4500,358.2766,179.9445,0.6218,0.0000,0.0000,0.0000
38.319,519.1110,0.6068,161.6946,0.2510,3.8000,-0.4500,358.1377,179.9433,0.4194,0.0000,0.0000,0.0000
38.444,518.8745,0.5707,161.4260,0.2510,3.8000,-0.4500,358.0952,179.9430,0.3518,0.0000,0.0000,0.0000
38.569,518.6372,0.5284,161.1490,0.2510,3.8000,-0.4500,357.9675,179.9424,0.1318,0.0000,0.0000,0.0000
38.694,518.4018,0.4881,160.8658,0.2510,3.8000,-0.4500,357.9675,179.9424,0.1318,0.0000,0.0000,0.0000
38.819,518.1231,0.4324,160.5615,0.2510,3.8000,-0.4500,357.8618,179.9424,359.9133,0.0000,0.0000,0.0000
38.945,517.8797,0.3835,160.3650,0.2510,3.8000,-0.4500,357.8618,179.9424,359.9133,0.0000,0.0000,0.0000
39.055,517.6719,0.3375,160.2497,0.2510,3.8000,-0.4500,357.8326,179.9425,359.8366,0.0000,0.0000,0.0000
39.168,517.4188,0.2803,160.1584,0.2510,3.8000,-0.4500,357.8326,179.9425,359.8366,0.0000,0.0000,0.0000
39.277,517.1611,0.2171,160.1040,0.2510,3.8000,-0.4500,357.7827,179.9427,359.6781,0.0000,0.0000,0.0000
39.402,516.9022,0.1552,160.0723,0.2510,3.8000,-0.4500,357.7827,179.9427,359.6781,0.0000,0.0000,0.0000
39.527,516.6420,0.0927,160.0539,0.2510,3.8000,-0.4500,357.7827,179.9427,359.6781,0.0000,0.0000,0.0000
39.627,516.4246,0.0408,160.0482,0.2510,3.8000,-0.4500,357.7827,179.9427,359.6781,0.0000,0.0000,0.0000
39.736,516.2068,-0.0105,160.0500,0.2510,3.8000,-0.4500,357.7827,179.9427,359.6781,0.0000,0.0000,0.0000
39.861,515.9015,-0.0804,160.0553,0.2510,3.8000,-0.4500,357.7827,179.9427,359.6781,0.0000,0.0000,0.0000
39.975,515.6832,-0.1283,160.0557,0.2510,3.8000,-0.4500,357.7827,179.9427,359.6781,0.0000,0.0000,0.0000
40.083,515.4211,-0.1838,160.0531,0.2510,3.8000,-0.4500,357.8156,179.9425,359.6047,0.0000,0.0000,0.0000
40.208,515.1596,-0.2348,160.0479,0.2510,3.8000,-0.4500,357.8156,179.9425,359.6047,0.0000,0.0000,0.0000
40.333,514.8981,-0.2819,160.0406,0.2510,3.8000,-0.4500,357.8156,179.9425,359.6047,0.0000,0.0000,0.0000
40.458,514.5926,-0.3325,160.0283,0.2510,3.8000,-0.4500,358.0168,179.9408,359.4509,0.0000,0.0000,0.0000
40.583,514.3319,-0.3697,160.0166,0.2510,3.8000,-0.4500,358.0168,179.9408,359.4509,0.0000,0.0000,0.0000
40.708,514.0711,-0.4008,160.0010,0.2510,3.8000,-0.4500,358.3462,179.9374,359.3708,0.0000,0.0000,0.0000
40.833,513.8114,-0.4271,159.9854,0.2510,3.8000,-0.4500,358.4304,179.9365,359.3696,0.0000,0.0000,0.0000
40.944,513.5522,-0.4466,159.9675,0.2510,3.8000,-0.4500,358.6829,179.9337,359.3757,0.0000,0.0000,0.0000
41.069,513.2932,-0.4598,159.9493,0.2510,3.8000,-0.4500,358.9370,179.9310,359.4230,0.0000,0.0000,0.0000
41.194,513.0344,-0.4682,159.9319,0.2510,3.8000,-0.4500,359.0990,179.9295,359.4628,0.0000,0.0000,0.0000
41.319,512.7326,-0.4702,159.9121,0.2510,3.8000,-0.4500,359.3361,179.9274,359.5340,0.0000,0.0000,0.0000
41.444,512.4745,-0.4651,159.8958,0.2510,3.8000,-0.4500,359.5696,179.9256,359.6214,0.0000,0.0000,0.0000
41.569,512.2167,-0.4545,159.8804,0.2510,3.8000,-0.4500,359.8036,179.9243,359.7187,0.0000,0.0000,0.0000
41.694,511.9588,-0.4397,159.8666,0.2510,3.8000,-0.4500,359.9580,179.9236,359.7870,0.0000,0.0000,0.0000
41.808,511.7014,-0.4188,159.8535,0.2510,3.8000,-0.4500,0.1849,179.9230,359.8902,0.0000,0.0000,0.0000
41.916,511.4441,-0.3943,159.8398,0.2510,3.8000,-0.4500,0.3338,179.9228,359.9597,0.0000,0.0000,0.0000
42.028,511.2367,-0.3725,159.7456,0.2510,3.8000,-0.4500,0.4068,179.9228,359.9939,0.0000,0.0000,0.0000
42.141,511.0058,-0.3473,159.3886,0.2510,3.8000,-0.4500,0.5549,179.9228,0.0625,0.0000,0.0000,0.0000
42.250,510.8242,-0.3285,158.9362,0.2510,3.8000,-0.4500,0.7118,179.9231,0.1265,0.0000,0.0000,0.0000
42.375,510.6127,-0.3100,158.2969,0.2510,3.8000,-0.4500,0.7891,179.9233,0.1532,0.0000,0.0000,0.0000
42.488,510.4044,-0.2928,157.6128,0.2510,3.8000,-0.4500,0.8664,179.9235,0.1793,0.0000,0.0000,0.0000
42.610,510.1974,-0.2753,156.9148,0.2510,3.8000,-0.4500,1.0263,179.9241,0.2175,0.0000,0.0000,0.0000
42.736,509.9560,-0.2573,156.1015,0.2510,3.8000,-0.4500,1.0263,179.9241,0.2175,0.0000,0.0000,0.0000
42.847,509.7838,-0.2434,155.5231,0.2510,3.8000,-0.4500,1.1092,179.9244,0.2294,0.0000,0.0000,0.0000
42.972,509.5768,-0.2269,154.8327,0.2510,3.8000,-0.4500,1.1919,179.9248,0.2407,0.0000,0.0000,0.0000
43.083,509.3696,-0.2111,154.1460,0.2510,3.8000,-0.4500,1.1919,179.9248,0.2407,0.0000,0.0000,0.0000
43.208,509.1623,-0.1940,153.4602,0.2510,3.8000,-0.4500,1.3550,179.9254,0.2500,0.0000,0.0000,0.0000
43.333,508.9547,-0.1786,152.7769,0.2510,3.8000,-0.4500,1.3550,179.9254,0.2500,0.0000,0.0000,0.0000
43.458,508.7124,-0.1609,151.9808,0.2510,3.8000,-0.4500,1.3550,179.9254,0.2500,0.0000,0.0000,0.0000
43.583,508.5046,-0.1458,151.2983,0.2510,3.8000,-0.4500,1.4378,179.9258,0.2440,0.0000,0.0000,0.0000
43.708,508.2966,-0.1316,150.6165,0.2510,3.8000,-0.4500,1.4378,179.9258,0.2440,0.0000,0.0000,0.0000
43.833,508.0883,-0.1171,149.9339,0.2510,3.8000,-0.4500,1.5971,179.9264,0.2205,0.0000,0.0000,0.0000
43.958,507.8456,-0.1019,149.1385,0.2510,3.8000,-0.4500,1.5971,179.9265,0.2205,0.0000,0.0000,0.0000
44.071,507.6720,-0.0914,148.5705,0.2510,3.8000,-0.4500,1.5971,179.9264,0.2205,0.0000,0.0000,0.0000
44.183,507.4648,-0.0799,147.8639,0.2510,3.8000,-0.4500,1.5971,179.9265,0.2205,0.0000,0.0000,0.0000
44.291,507.2930,-0.0716,147.2571,0.2510,3.8000,-0.4500,1.5971,179.9265,0.2205,0.0000,0.0000,0.0000
44.417,507.0501,-0.0593,146.4463,0.2510,3.8000,-0.4500,1.5971,179.9265,0.2205,0.0000,0.0000,0.0000
44.529,506.8740,-0.0488,145.9147,0.2510,3.8000,-0.4500,1.5971,179.9265,0.2204,0.0000,0.0000,0.0000
44.639,506.6594,-0.0339,145.3299,0.2510,3.8000,-0.4500,1.5971,179.9265,0.2204,0.0000,0.0000,0.0000
44.763,506.4420,-0.0164,144.7912,0.2510,3.8000,-0.4500,1.5971,179.9265,0.2204,0.0000,0.0000,0.0000
44.889,506.2224,0.0036,144.2856,0.2510,3.8000,-0.4500,1.5971,179.9265,0.2204,0.0000,0.0000,0.0000
45.000,506.0017,0.0261,143.8026,0.2510,3.8000,-0.4500,1.5971,179.9265,0.2205,0.0000,0.0000,0.0000
45.110,505.8173,0.0468,143.4113,0.2510,3.8000,-0.4500,1.5971,179.9265,0.2205,0.0000,0.0000,0.0000
45.236,505.5952,0.0742,142.9618,0.2510,3.8000,-0.4500,1.5971,179.9265,0.2205,0.0000,0.0000,0.0000
45.360,505.3288,0.1127,142.5418,0.2510,3.8000,-0.4500,1.5971,179.9265,0.2205,0.0000,0.0000,0.0000
45.485,505.0927,0.1526,142.2886,0.2510,3.8000,-0.4500,1.5971,179.9265,0.2205,0.0000,0.0000,0.0000
45.611,504.8502,0.1983,142.1183,0.2510,3.8000,-0.4500,1.5971,179.9265,0.2205,0.0000,0.0000,0.0000
45.736,504.6042,0.2522,142.0080,0.2510,3.8000,-0.4500,1.6767,179.9269,0.3672,0.0000,0.0000,0.0000
45.848,504.3546,0.3070,141.9377,0.2510,3.8000,-0.4500,1.6767,179.9269,0.3672,0.0000,0.0000,0.0000
45.975,504.1054,0.3697,141.8900,0.2510,3.8000,-0.4500,1.7420,179.9274,0.6093,0.0000,0.0000,0.0000
46.097,503.8143,0.4448,141.8629,0.2510,3.8000,-0.4500,1.7448,179.9274,0.8600,0.0000,0.0000,0.0000
46.210,503.6058,0.4970,141.8580,0.2510,3.8000,-0.4500,1.7448,179.9274,0.8600,0.0000,0.0000,0.0000
46.319,503.3584,0.5661,141.8546,0.2510,3.8000,-0.4500,1.6745,179.9262,1.1936,0.0000,0.0000,0.0000
46.443,503.1100,0.6304,141.8346,0.2510,3.8000,-0.4500,1.6745,179.9262,1.1936,0.0000,0.0000,0.0000
46.569,502.8642,0.6982,141.8037,0.2510,3.8000,-0.4500,1.5765,179.9239,1.4263,0.0000,0.0000,0.0000
46.694,502.6191,0.7645,141.7638,0.2510,3.8000,-0.4500,1.4945,179.9218,1.5716,0.0000,0.0000,0.0000
46.819,502.3343,0.8411,141.7086,0.2510,3.8000,-0.4500,1.4092,179.9193,1.7087,0.0000,0.0000,0.0000
46.932,502.1323,0.8962,141.6657,0.2510,3.8000,-0.4500,1.2475,179.9142,1.9036,0.0000,0.0000,0.0000
47.043,501.8889,0.9590,141.6096,0.2510,3.8000,-0.4500,1.2475,179.9142,1.9036,0.0000,0.0000,0.0000
47.144,501.6879,1.0121,141.5616,0.2510,3.8000,-0.4500,1.0623,179.9078,2.0796,0.0000,0.0000,0.0000
47.249,501.4869,1.0633,141.5111,0.2510,3.8000,-0.4500,0.9350,179.9031,2.1809,0.0000,0.0000,0.0000
47.374,501.2466,1.1226,141.4422,0.2510,3.8000,-0.4500,0.7950,179.8976,2.2724,0.0000,0.0000,0.0000
47.499,500.9754,1.1887,141.2511,0.2510,3.8000,-0.4500,0.7250,179.8948,2.3163,0.0000,0.0000,0.0000
47.614,500.7905,1.2341,141.0108,0.2510,3.8000,-0.4500,0.4968,179.8854,2.4273,0.0000,0.0000,0.0000
47.721,500.5752,1.2873,140.6236,0.2510,3.8000,-0.4500,0.4213,179.8821,2.4573,0.0000,0.0000,0.0000
47.846,500.3655,1.3394,140.1595,0.2510,3.8000,-0.4500,0.3452,179.8789,2.4867,0.0000,0.0000,0.0000
47.959,500.1598,1.3902,139.6452,0.2510,3.8000,-0.4500,0.1028,179.8682,2.5589,0.0000,0.0000,0.0000
48.070,499.9896,1.4324,139.1900,0.2510,3.8000,-0.4500,0.1028,179.8682,2.5589,0.0000,0.0000,0.0000
48.182,499.7869,1.4819,138.6253,0.2510,3.8000,-0.4500,0.0203,179.8645,2.5740,0.0000,0.0000,0.0000
48.291,499.6185,1.5221,138.1448,0.2510,3.8000,-0.4500,359.9374,179.8608,2.5884,0.0000,0.0000,0.0000
48.416,499.3831,1.5756,137.4655,0.2510,3.8000,-0.4500,359.6837,179.8492,2.6065,0.0000,0.0000,0.0000
48.528,499.2139,1.6134,136.9941,0.2510,3.8000,-0.4500,359.6837,179.8492,2.6065,0.0000,0.0000,0.0000
48.652,499.0077,1.6554,136.4735,0.2510,3.8000,-0.4500,359.5991,179.8454,2.6001,0.0000,0.0000,0.0000
48.777,498.7626,1.6994,135.9277,0.2510,3.8000,-0.4500,359.4310,179.8378,2.5844,0.0000,0.0000,0.0000
48.902,498.5492,1.7325,135.5008,0.2510,3.8000,-0.4500,359.2731,179.8307,2.5514,0.0000,0.0000,0.0000
49.002,498.3697,1.7574,135.1650,0.2510,3.8000,-0.4500,359.1921,179.8271,2.5245,0.0000,0.0000,0.0000
49.110,498.1884,1.7773,134.8433,0.2510,3.8000,-0.4500,358.9543,179.8168,2.4388,0.0000,0.0000,0.0000
49.236,497.9700,1.8002,134.4677,0.2510,3.8000,-0.4500,358.8820,179.8138,2.4020,0.0000,0.0000,0.0000
49.350,497.7501,1.8175,134.1011,0.2510,3.8000,-0.4500,358.7364,179.8077,2.3202,0.0000,0.0000,0.0000
49.458,497.5287,1.8293,133.7407,0.2510,3.8000,-0.4500,358.5330,179.7997,2.1835,0.0000,0.0000,0.0000
49.583,497.3047,1.8375,133.4101,0.2510,3.8000,-0.4500,358.4052,179.7950,2.0818,0.0000,0.0000,0.0000
49.707,497.0742,1.8389,133.1513,0.2510,3.8000,-0.4500,358.2843,179.7907,1.9736,0.0000,0.0000,0.0000
49.833,496.8371,1.8328,132.9651,0.2510,3.8000,-0.4500,358.1668,179.7868,1.8565,0.0000,0.0000,0.0000
49.957,496.5532,1.8154,132.8171,0.2510,3.8000,-0.4500,357.9985,179.7816,1.6670,0.0000,0.0000,0.0000
50.070,496.3477,1.7990,132.7418,0.2510,3.8000,-0.4500,357.9469,179.7801,1.6007,0.0000,0.0000,0.0000
50.181,496.0977,1.7709,132.6739,0.2510,3.8000,-0.4500,357.7965,179.7762,1.4005,0.0000,0.0000,0.0000
50.291,495.8884,1.7454,132.6296,0.2510,3.8000,-0.4500,357.7519,179.7751,1.3291,0.0000,0.0000,0.0000
50.416,495.5927,1.7010,132.5810,0.2510,3.8000,-0.4500,357.6217,179.7723,1.1135,0.0000,0.0000,0.0000
50.527,495.3801,1.6654,132.5530,0.2510,3.8000,-0.4500,357.5474,179.7710,0.9618,0.0000,0.0000,0.0000
50.654,495.1250,1.6208,132.5244,0.2510,3.8000,-0.4500,357.5115,179.7704,0.8859,0.0000,0.0000,0.0000
50.765,494.8679,1.5689,132.4989,0.2510,3.8000,-0.4500,357.4193,179.7691,0.6548,0.0000,0.0000,0.0000
50.874,494.6539,1.5250,132.4786,0.2510,3.8000,-0.4500,357.3945,179.7689,0.5759,0.0000,0.0000,0.0000
50.999,494.3532,1.4584,132.4510,0.2510,3.8000,-0.4500,357.3477,179.7685,0.4158,0.0000,0.0000,0.0000
51.111,494.1375,1.4071,132.4318,0.2510,3.8000,-0.4500,357.3127,179.7683,0.2518,0.0000,0.0000,0.0000
51.235,493.8787,1.3432,132.4089,0.2510,3.8000,-0.4500,357.2820,179.7682,0.0854,0.0000,0.0000,0.0000
51.348,493.6193,1.2765,132.3863,0.2510,3.8000,-0.4500,357.2643,179.7682,359.9213,0.0000,0.0000,0.0000
51.457,493.3599,1.2085,132.3635,0.2510,3.8000,-0.4500,357.2568,179.7682,359.8386,0.0000,0.0000,0.0000
51.582,493.0992,1.1349,132.3402,0.2510,3.8000,-0.4500,357.2495,179.7682,359.5892,0.0000,0.0000,0.0000
51.707,492.8393,1.0619,132.3162,0.2510,3.8000,-0.4500,357.2499,179.7682,359.5091,0.0000,0.0000,0.0000
51.833,492.5786,0.9851,132.2913,0.2510,3.8000,-0.4500,357.2547,179.7682,359.3464,0.0000,0.0000,0.0000
51.958,492.2748,0.8944,132.2610,0.2510,3.8000,-0.4500,357.2589,179.7681,359.2650,0.0000,0.0000,0.0000
52.069,492.0565,0.8244,132.2382,0.2510,3.8000,-0.4500,357.2737,179.7679,359.0163,0.0000,0.0000,0.0000
52.193,491.7965,0.7435,132.2090,0.2510,3.8000,-0.4500,357.2737,179.7679,359.0163,0.0000,0.0000,0.0000
52.307,491.5358,0.6591,132.1781,0.2510,3.8000,-0.4500,357.2783,179.7678,358.9343,0.0000,0.0000,0.0000
52.415,491.3183,0.5871,132.1511,0.2510,3.8000,-0.4500,357.2837,179.7677,358.8510,0.0000,0.0000,0.0000
52.528,491.0570,0.4981,132.1170,0.2510,3.8000,-0.4500,357.2982,179.7674,358.6830,0.0000,0.0000,0.0000
52.652,490.7964,0.4094,132.0803,0.2510,3.8000,-0.4500,357.3058,179.7672,358.6016,0.0000,0.0000,0.0000
52.777,490.4940,0.3067,132.0213,0.2510,3.8000,-0.4500,357.3058,179.7672,358.6016,0.0000,0.0000,0.0000
52.890,490.2808,0.2319,131.9327,0.2510,3.8000,-0.4500,357.3406,179.7663,358.4367,0.0000,0.0000,0.0000
53.013,490.0312,0.1467,131.7599,0.2510,3.8000,-0.4500,357.3585,179.7658,358.3570,0.0000,0.0000,0.0000
53.124,489.7867,0.0653,131.5271,0.2510,3.8000,-0.4500,357.3585,179.7658,358.3570,0.0000,0.0000,0.0000
53.237,489.5449,-0.0153,131.2508,0.2510,3.8000,-0.4500,357.3877,179.7650,358.2812,0.0000,0.0000,0.0000
53.347,489.3456,-0.0804,130.9980,0.2510,3.8000,-0.4500,357.3877,179.7650,358.2812,0.0000,0.0000,0.0000
53.471,489.1067,-0.1598,130.6758,0.2510,3.8000,-0.4500,357.4557,179.7628,358.1346,0.0000,0.0000,0.0000
53.596,488.8300,-0.2490,130.2845,0.2510,3.8000,-0.4500,357.4557,179.7628,358.1346,0.0000,0.0000,0.0000
53.722,488.5930,-0.3256,129.9405,0.2510,3.8000,-0.4500,357.5020,179.7613,358.0674,0.0000,0.0000,0.0000
53.846,488.3565,-0.4008,129.5961,0.2510,3.8000,-0.4500,357.5020,179.7613,358.0674,0.0000,0.0000,0.0000
53.971,488.1166,-0.4778,129.2854,0.2510,3.8000,-0.4500,357.6140,179.7574,357.9414,0.0000,0.0000,0.0000
54.097,487.8327,-0.5670,128.9884,0.2510,3.8000,-0.4500,357.6140,179.7574,357.9414,0.0000,0.0000,0.0000
54.208,487.6263,-0.6318,128.8113,0.2510,3.8000,-0.4500,357.7386,179.7528,357.8396,0.0000,0.0000,0.0000
54.308,487.4188,-0.6956,128.6570,0.2510,3.8000,-0.4500,357.7386,179.7528,357.8396,0.0000,0.0000,0.0000
54.416,487.1676,-0.7715,128.4914,0.2510,3.8000,-0.4500,357.8823,179.7473,357.7558,0.0000,0.0000,0.0000
54.529,486.9578,-0.8334,128.3654,0.2510,3.8000,-0.4500,357.8823,179.7473,357.7558,0.0000,0.0000,0.0000
54.640,486.7046,-0.9060,128.2211,0.2510,3.8000,-0.4500,358.1086,179.7382,357.6611,0.0000,0.0000,0.0000
54.751,486.4939,-0.9652,128.1062,0.2510,3.8000,-0.4500,358.1086,179.7382,357.6611,0.0000,0.0000,0.0000
54.861,486.2401,-1.0338,127.9699,0.2510,3.8000,-0.4500,358.3533,179.7281,357.5890,0.0000,0.0000,0.0000
54.985,485.9861,-1.1012,127.8442,0.2510,3.8000,-0.4500,358.3533,179.7281,357.5890,0.0000,0.0000,0.0000
55.112,485.7302,-1.1661,127.7319,0.2510,3.8000,-0.4500,358.6011,179.7175,357.5287,0.0000,0.0000,0.0000
55.221,485.4732,-1.2290,127.6321,0.2510,3.8000,-0.4500,358.8488,179.7067,357.4757,0.0000,0.0000,0.0000
55.346,485.2155,-1.2909,127.5422,0.2510,3.8000,-0.4500,358.8488,179.7067,357.4757,0.0000,0.0000,0.0000
55.472,484.9568,-1.3490,127.4550,0.2510,3.8000,-0.4500,359.1799,179.6919,357.4146,0.0000,0.0000,0.0000
55.596,484.6548,-1.4145,127.3577,0.2510,3.8000,-0.4500,359.3463,179.6843,357.3902,0.0000,0.0000,0.0000
55.710,484.4389,-1.4592,127.2892,0.2510,3.8000,-0.4500,359.4292,179.6806,357.3785,0.0000,0.0000,0.0000
55.818,484.1796,-1.5097,127.2068,0.2510,3.8000,-0.4500,359.5960,179.6729,357.3601,0.0000,0.0000,0.0000
55.930,483.9635,-1.5492,127.1376,0.2510,3.8000,-0.4500,359.7630,179.6652,357.3461,0.0000,0.0000,0.0000
56.055,483.7039,-1.5931,127.0538,0.2510,3.8000,-0.4500,0.0123,179.6536,357.3354,0.0000,0.0000,0.0000
56.166,483.4443,-1.6332,126.9691,0.2510,3.8000,-0.4500,0.2628,179.6419,357.3377,0.0000,0.0000,0.0000
56.277,483.1847,-1.6710,126.8849,0.2510,3.8000,-0.4500,0.3447,179.6381,357.3429,0.0000,0.0000,0.0000
56.402,482.9252,-1.7042,126.7993,0.2510,3.8000,-0.4500,0.5090,179.6305,357.3552,0.0000,0.0000,0.0000
56.527,482.6658,-1.7322,126.7126,0.2510,3.8000,-0.4500,0.7650,179.6188,357.3948,0.0000,0.0000,0.0000
56.638,482.4063,-1.7579,126.6268,0.2510,3.8000,-0.4500,0.8470,179.6151,357.4089,0.0000,0.0000,0.0000
56.752,482.1903,-1.7750,126.5546,0.2510,3.8000,-0.4500,1.0067,179.6079,357.4483,0.0000,0.0000,0.0000
56.860,481.9309,-1.7917,126.4681,0.2510,3.8000,-0.4500,1.1665,179.6008,357.4973,0.0000,0.0000,0.0000
56.985,481.6719,-1.8029,126.3813,0.2510,3.8000,-0.4500,1.4005,179.5908,357.5851,0.0000,0.0000,0.0000
57.110,481.4128,-1.8119,126.2951,0.2510,3.8000,-0.4500,1.4747,179.5877,357.6203,0.0000,0.0000,0.0000
57.221,481.1545,-1.8156,126.2042,0.2510,3.8000,-0.4500,1.6222,179.5816,357.6930,0.0000,0.0000,0.0000
57.346,480.8969,-1.8148,126.1083,0.2510,3.8000,-0.4500,1.7671,179.5759,357.7848,0.0000,0.0000,0.0000
57.471,480.6396,-1.8115,126.0090,0.2510,3.8000,-0.4500,1.8379,179.5732,357.8312,0.0000,0.0000,0.0000
57.596,480.3408,-1.8000,125.8889,0.2510,3.8000,-0.4500,2.0294,179.5662,357.9872,0.0000,0.0000,0.0000
57.721,480.0850,-1.7868,125.7849,0.2510,3.8000,-0.4500,2.1456,179.5622,358.1032,0.0000,0.0000,0.0000
57.846,479.8294,-1.7714,125.6810,0.2510,3.8000,-0.4500,2.2016,179.5604,358.1611,0.0000,0.0000,0.0000
57.971,479.5745,-1.7509,125.5768,0.2510,3.8000,-0.4500,2.2987,179.5574,358.2917,0.0000,0.0000,0.0000
58.096,479.2770,-1.7248,125.4568,0.2510,3.8000,-0.4500,2.3410,179.5562,358.3624,0.0000,0.0000,0.0000
58.221,479.0226,-1.6972,125.3592,0.2510,3.8000,-0.4500,2.4188,179.5540,358.5077,0.0000,0.0000,0.0000
58.346,478.7673,-1.6679,125.2716,0.2510,3.8000,-0.4500,2.4476,179.5533,358.5866,0.0000,0.0000,0.0000
58.471,478.5124,-1.6342,125.1929,0.2510,3.8000,-0.4500,2.5017,179.5520,358.7446,0.0000,0.0000,0.0000
58.596,478.2138,-1.5938,125.1109,0.2510,3.8000,-0.4500,2.5157,179.5517,358.8252,0.0000,0.0000,0.0000
58.710,478.0015,-1.5612,125.0566,0.2510,3.8000,-0.4500,2.5281,179.5515,358.9973,0.0000,0.0000,0.0000
58.818,477.7460,-1.5229,124.9959,0.2510,3.8000,-0.4500,2.5249,179.5515,359.0818,0.0000,0.0000,0.0000
58.931,477.5338,-1.4882,124.9484,0.2510,3.8000,-0.4500,2.5146,179.5517,359.2489,0.0000,0.0000,0.0000
59.054,477.2788,-1.4479,124.8949,0.2510,3.8000,-0.4500,2.4951,179.5519,359.3300,0.0000,0.0000,0.0000
59.179,476.9820,-1.3991,124.8358,0.2510,3.8000,-0.4500,2.4446,179.5525,359.4906,0.0000,0.0000,0.0000
59.304,476.7287,-1.3569,124.7818,0.2510,3.8000,-0.4500,2.3821,179.5529,359.6470,0.0000,0.0000,0.0000
59.429,476.4772,-1.3146,124.7188,0.2510,3.8000,-0.4500,2.2507,179.5535,359.8658,0.0000,0.0000,0.0000
59.554,476.2262,-1.2750,124.6459,0.2510,3.8000,-0.4500,2.2004,179.5536,359.9322,0.0000,0.0000,0.0000
59.683,475.9355,-1.2286,124.5528,0.2510,3.8000,-0.4500,2.0344,179.5535,0.1246,0.0000,0.0000,0.0000
59.790,475.7281,-1.1970,124.4821,0.2510,3.8000,-0.4500,1.9768,179.5533,0.1859,0.0000,0.0000,0.0000
59.916,475.4396,-1.1528,124.3809,0.2510,3.8000,-0.4500,1.7273,179.5520,0.4074,0.0000,0.0000,0.0000
60.026,475.2333,-1.1232,124.3066,0.2510,3.8000,-0.4500,1.6611,179.5515,0.4561,0.0000,0.0000,0.0000
60.137,474.9869,-1.0882,124.2174,0.2510,3.8000,-0.4500,1.4606,179.5497,0.5969,0.0000,0.0000,0.0000
60.251,474.7816,-1.0603,124.1421,0.2510,3.8000,-0.4500,1.3181,179.5481,0.6842,0.0000,0.0000,0.0000
60.373,474.5385,-1.0284,124.0180,0.2510,3.8000,-0.4500,1.1753,179.5463,0.7668,0.0000,0.0000,0.0000
60.499,474.2632,-0.9933,123.7764,0.2510,3.8000,-0.4500,0.9604,179.5432,0.8830,0.0000,0.0000,0.0000
60.624,474.0336,-0.9645,123.4921,0.2510,3.8000,-0.4500,0.8155,179.5408,0.9579,0.0000,0.0000,0.0000
60.749,473.8087,-0.9360,123.1560,0.2510,3.8000,-0.4500,0.5982,179.5370,1.0695,0.0000,0.0000,0.0000
60.860,473.5864,-0.9076,122.7832,0.2510,3.8000,-0.4500,0.5238,179.5356,1.1083,0.0000,0.0000,0.0000
60.985,473.3667,-0.8789,122.3884,0.2510,3.8000,-0.4500,0.3037,179.5311,1.2238,0.0000,0.0000,0.0000
61.110,473.1481,-0.8497,121.9790,0.2510,3.8000,-0.4500,0.1579,179.5279,1.3025,0.0000,0.0000,0.0000
61.221,472.9302,-0.8203,121.5606,0.2510,3.8000,-0.4500,0.0859,179.5262,1.3416,0.0000,0.0000,0.0000
61.346,472.7133,-0.7904,121.1398,0.2510,3.8000,-0.4500,359.9421,179.5228,1.4211,0.0000,0.0000,0.0000
61.471,472.4938,-0.7605,120.7616,0.2510,3.8000,-0.4500,359.7996,179.5192,1.5008,0.0000,0.0000,0.0000
61.596,472.2301,-0.7270,120.4230,0.2510,3.8000,-0.4500,359.6540,179.5152,1.5822,0.0000,0.0000,0.0000
61.721,471.9984,-0.6999,120.2109,0.2510,3.8000,-0.4500,359.5086,179.5111,1.6616,0.0000,0.0000,0.0000
61.846,471.7626,-0.6743,120.0509,0.2510,3.8000,-0.4500,359.3656,179.5069,1.7373,0.0000,0.0000,0.0000
61.972,471.5236,-0.6503,119.9250,0.2510,3.8000,-0.4500,359.3656,179.5069,1.7373,0.0000,0.0000,0.0000
62.082,471.2830,-0.6273,119.8221,0.2510,3.8000,-0.4500,359.2925,179.5046,1.7749,0.0000,0.0000,0.0000
62.193,471.0822,-0.6086,119.7477,0.2510,3.8000,-0.4500,359.1451,179.5000,1.8503,0.0000,0.0000,0.0000
62.293,470.8804,-0.5905,119.6782,0.2510,3.8000,-0.4500,359.1451,179.5000,1.8503,0.0000,0.0000,0.0000
62.401,470.6385,-0.5687,119.6009,0.2510,3.8000,-0.4500,358.9991,179.4952,1.9275,0.0000,0.0000,0.0000
62.526,470.3959,-0.5472,119.5277,0.2510,3.8000,-0.4500,358.9991,179.4952,1.9275,0.0000,0.0000,0.0000
62.651,470.1530,-0.5255,119.4603,0.2510,3.8000,-0.4500,358.9991,179.4952,1.9275,0.0000,0.0000,0.0000
62.777,469.8697,-0.4997,119.3879,0.2510,3.8000,-0.4500,358.9290,179.4928,1.9711,0.0000,0.0000,0.0000
62.887,469.6673,-0.4807,119.3387,0.2510,3.8000,-0.4500,358.8600,179.4904,2.0146,0.0000,0.0000,0.0000
63.013,469.4241,-0.4574,119.2803,0.2510,3.8000,-0.4500,358.8600,179.4904,2.0146,0.0000,0.0000,0.0000
63.141,469.1403,-0.4291,119.2133,0.2510,3.8000,-0.4500,358.8600,179.4904,2.0146,0.0000,0.0000,0.0000
63.249,468.9376,-0.4079,119.1658,0.2510,3.8000,-0.4500,358.8600,179.4904,2.0146,0.0000,0.0000,0.0000
63.374,468.6946,-0.3815,119.1092,0.2510,3.8000,-0.4500,358.8600,179.4904,2.0146,0.0000,0.0000,0.0000
63.499,468.4115,-0.3490,119.0423,0.2510,3.8000,-0.4500,358.8600,179.4904,2.0146,0.0000,0.0000,0.0000
63.612,468.2118,-0.3242,118.9674,0.2510,3.8000,-0.4500,358.8600,179.4904,2.0146,0.0000,0.0000,0.0000
63.721,467.9783,-0.2918,118.8076,0.2510,3.8000,-0.4500,358.8600,179.4904,2.0146,0.0000,0.0000,0.0000
63.846,467.7509,-0.2565,118.5731,0.2510,3.8000,-0.4500,358.8600,179.4904,2.0146,0.0000,0.0000,0.0000
63.971,467.5283,-0.2188,118.2803,0.2510,3.8000,-0.4500,358.8600,179.4904,2.0146,0.0000,0.0000,0.0000
64.096,467.3091,-0.1791,117.9467,0.2510,3.8000,-0.4500,358.8600,179.4904,2.0146,0.0000,0.0000,0.0000
64.221,467.0557,-0.1312,117.5245,0.2510,3.8000,-0.4500,358.8600,179.4904,2.0146,0.0000,0.0000,0.0000
64.334,466.8758,-0.0961,117.2094,0.2510,3.8000,-0.4500,358.8600,179.4904,2.0146,0.0000,0.0000,0.0000
64.443,466.6584,-0.0962,116.8212,0.2510,3.8000,-0.4500,358.8600,179.4904,2.0146,0.0000,0.0000,0.0000
64.568,466.4320,-0.1201,116.4269,0.2510,3.8000,-0.4500,358.8447,179.4899,1.2305,0.0000,0.0000,0.0000
64.693,466.1932,-0.1780,116.0585,0.2510,3.8000,-0.4500,358.8560,179.4900,359.6667,0.0000,0.0000,0.0000
64.807,465.9489,-0.2666,115.7516,0.2510,3.8000,-0.4500,358.8844,179.4894,358.4004,0.0000,0.0000,0.0000
64.917,465.7037,-0.3457,115.5018,0.2510,3.8000,-0.4500,358.9221,179.4882,357.8423,0.0000,0.0000,0.0000
65.026,465.4988,-0.4041,115.3266,0.2510,3.8000,-0.4500,358.9221,179.4882,357.8423,0.0000,0.0000,0.0000
65.153,465.2500,-0.4736,115.1446,0.2510,3.8000,-0.4500,358.9221,179.4882,357.8423,0.0000,0.0000,0.0000
65.262,464.9989,-0.5414,114.9837,0.2510,3.8000,-0.4500,358.9221,179.4882,357.8424,0.0000,0.0000,0.0000
65.387,464.7466,-0.6069,114.8359,0.2510,3.8000,-0.4500,358.9221,179.4882,357.8424,0.0000,0.0000,0.0000
65.513,464.4934,-0.6701,114.6962,0.2510,3.8000,-0.4500,358.9221,179.4882,357.8424,0.0000,0.0000,0.0000
65.637,464.1973,-0.7411,114.5395,0.2510,3.8000,-0.4500,358.9221,179.4882,357.8424,0.0000,0.0000,0.0000
65.762,463.9427,-0.7998,114.4157,0.2510,3.8000,-0.4500,358.9221,179.4882,357.8424,0.0000,0.0000,0.0000
65.862,463.7296,-0.8473,114.3243,0.2510,3.8000,-0.4500,358.9221,179.4882,357.8424,0.0000,0.0000,0.0000
65.970,463.5157,-0.8937,114.2427,0.2510,3.8000,-0.4500,358.9221,179.4882,357.8424,0.0000,0.0000,0.0000
66.084,463.2582,-0.9476,114.1543,0.2510,3.8000,-0.4500,358.9221,179.4882,357.8424,0.0000,0.0000,0.0000
66.193,463.0433,-0.9911,114.0862,0.2510,3.8000,-0.4500,358.9221,179.4882,357.8424,0.0000,0.0000,0.0000
66.306,462.7850,-1.0416,114.0088,0.2510,3.8000,-0.4500,358.9221,179.4882,357.8424,0.0000,0.0000,0.0000
66.415,462.5699,-1.0822,113.9466,0.2510,3.8000,-0.4500,358.9221,179.4882,357.8424,0.0000,0.0000,0.0000
66.544,462.2687,-1.1370,113.8616,0.2510,3.8000,-0.4500,358.9221,179.4882,357.8424,0.0000,0.0000,0.0000
66.651,462.0536,-1.1746,113.8018,0.2510,3.8000,-0.4500,358.9221,179.4882,357.8424,0.0000,0.0000,0.0000
66.776,461.7530,-1.2242,113.7133,0.2510,3.8000,-0.4500,359.0010,179.4852,357.8700,0.0000,0.0000,0.0000
66.901,461.4979,-1.2648,113.6136,0.2510,3.8000,-0.4500,359.0784,179.4823,357.8985,0.0000,0.0000,0.0000
67.015,461.2871,-1.2983,113.5089,0.2510,3.8000,-0.4500,359.0784,179.4823,357.8985,0.0000,0.0000,0.0000
67.123,461.0367,-1.3371,113.3601,0.2510,3.8000,-0.4500,359.0784,179.4823,357.8985,0.0000,0.0000,0.0000
67.224,460.8293,-1.3683,113.2212,0.2510,3.8000,-0.4500,359.0784,179.4823,357.8985,0.0000,0.0000,0.0000
67.331,460.6231,-1.3985,113.0727,0.2510,3.8000,-0.4500,359.0784,179.4823,357.8985,0.0000,0.0000,0.0000
67.457,460.3359,-1.4376,112.8537,0.2510,3.8000,-0.4500,359.1205,179.4808,357.9695,0.0000,0.0000,0.0000
67.582,460.0912,-1.4679,112.6596,0.2510,3.8000,-0.4500,359.1836,179.4787,358.1189,0.0000,0.0000,0.0000
67.696,459.8869,-1.4947,112.4960,0.2510,3.8000,-0.4500,359.1836,179.4787,358.1189,0.0000,0.0000,0.0000
67.804,459.6427,-1.5242,112.2982,0.2510,3.8000,-0.4500,359.1965,179.4782,358.1991,0.0000,0.0000,0.0000
67.929,459.3986,-1.5524,112.1019,0.2510,3.8000,-0.4500,359.2081,179.4779,358.2796,0.0000,0.0000,0.0000
68.054,459.1545,-1.5793,111.9105,0.2510,3.8000,-0.4500,359.2051,179.4780,358.3656,0.0000,0.0000,0.0000
68.167,458.9107,-1.6034,111.7241,0.2510,3.8000,-0.4500,359.1959,179.4782,358.5361,0.0000,0.0000,0.0000
68.278,458.6671,-1.6265,111.5419,0.2510,3.8000,-0.4500,359.1668,179.4789,358.6999,0.0000,0.0000,0.0000
68.387,458.4634,-1.6468,111.3923,0.2510,3.8000,-0.4500,359.1668,179.4789,358.6999,0.0000,0.0000,0.0000
68.513,458.2200,-1.6673,111.2152,0.2510,3.8000,-0.4500,359.1283,179.4797,358.8596,0.0000,0.0000,0.0000
68.626,457.9763,-1.6876,111.0399,0.2510,3.8000,-0.4500,359.1053,179.4802,358.9385,0.0000,0.0000,0.0000
68.734,457.7745,-1.7006,110.8954,0.2510,3.8000,-0.4500,359.0306,179.4814,359.1755,0.0000,0.0000,0.0000
68.847,457.5307,-1.7190,110.7224,0.2510,3.8000,-0.4500,359.0306,179.4814,359.1755,0.0000,0.0000,0.0000
68.957,457.2875,-1.7334,110.5603,0.2510,3.8000,-0.4500,358.9772,179.4821,359.3315,0.0000,0.0000,0.0000
69.068,457.0830,-1.7452,110.4449,0.2510,3.8000,-0.4500,358.9513,179.4824,359.4070,0.0000,0.0000,0.0000
69.179,456.8359,-1.7583,110.3315,0.2510,3.8000,-0.4500,358.9254,179.4827,359.4838,0.0000,0.0000,0.0000
69.304,456.5882,-1.7677,110.2406,0.2510,3.8000,-0.4500,358.8505,179.4832,359.7166,0.0000,0.0000,0.0000
69.416,456.3377,-1.7789,110.1654,0.2510,3.8000,-0.4500,358.8505,179.4832,359.7166,0.0000,0.0000,0.0000
69.526,456.1297,-1.7842,110.1116,0.2510,3.8000,-0.4500,358.8097,179.4833,359.8782,0.0000,0.0000,0.0000
69.651,455.8784,-1.7918,110.0536,0.2510,3.8000,-0.4500,358.8097,179.4833,359.8782,0.0000,0.0000,0.0000
69.776,455.5864,-1.7953,109.9921,0.2510,3.8000,-0.4500,358.7798,179.4833,0.0354,0.0000,0.0000,0.0000
69.888,455.3775,-1.7964,109.9506,0.2510,3.8000,-0.4500,358.7710,179.4833,0.1157,0.0000,0.0000,0.0000
70.000,455.1270,-1.7956,109.9023,0.2510,3.8000,-0.4500,358.7645,179.4833,0.1950,0.0000,0.0000,0.0000
70.110,454.9179,-1.7943,109.8644,0.2510,3.8000,-0.4500,358.7645,179.4833,0.1950,0.0000,0.0000,0.0000
70.235,454.6681,-1.7875,109.8218,0.2510,3.8000,-0.4500,358.7671,179.4833,0.3572,0.0000,0.0000,0.0000
70.359,454.3754,-1.7798,109.7750,0.2510,3.8000,-0.4500,358.7671,179.4833,0.3572,0.0000,0.0000,0.0000
70.485,454.1264,-1.7661,109.7361,0.2510,3.8000,-0.4500,358.8101,179.4837,0.5949,0.0000,0.0000,0.0000
70.610,453.8759,-1.7544,109.6976,0.2510,3.8000,-0.4500,358.8101,179.4837,0.5948,0.0000,0.0000,0.0000
70.734,453.6258,-1.7404,109.6591,0.2510,3.8000,-0.4500,358.8101,179.4837,0.5949,0.0000,0.0000,0.0000
70.860,453.3348,-1.7197,109.6139,0.2510,3.8000,-0.4500,358.8463,179.4841,0.6678,0.0000,0.0000,0.0000
70.986,453.0860,-1.6979,109.5742,0.2510,3.8000,-0.4500,358.9348,179.4852,0.8056,0.0000,0.0000,0.0000
71.095,452.8796,-1.6807,109.5228,0.2510,3.8000,-0.4500,358.9348,179.4852,0.8056,0.0000,0.0000,0.0000
71.221,452.6012,-1.6528,109.3319,0.2510,3.8000,-0.4500,358.9929,179.4861,0.8630,0.0000,0.0000,0.0000
71.331,452.4091,-1.6325,109.1073,0.2510,3.8000,-0.4500,358.9929,179.4861,0.8630,0.0000,0.0000,0.0000
71.445,452.1851,-1.6046,108.7582,0.2510,3.8000,-0.4500,359.1258,179.4882,0.9606,0.0000,0.0000,0.0000
71.554,452.0013,-1.5834,108.4203,0.2510,3.8000,-0.4500,359.1258,179.4882,0.9606,0.0000,0.0000,0.0000
71.654,451.8198,-1.5622,108.0523,0.2510,3.8000,-0.4500,359.1258,179.4882,0.9606,0.0000,0.0000,0.0000
71.762,451.6035,-1.5373,107.5843,0.2510,3.8000,-0.4500,359.1258,179.4882,0.9606,0.0000,0.0000,0.0000
71.887,451.3885,-1.5121,107.0976,0.2510,3.8000,-0.4500,359.2033,179.4895,0.9834,0.0000,0.0000,0.0000
72.001,451.1740,-1.4889,106.6002,0.2510,3.8000,-0.4500,359.2033,179.4895,0.9834,0.0000,0.0000,0.0000
72.124,450.9595,-1.4669,106.0985,0.2510,3.8000,-0.4500,359.2033,179.4895,0.9834,0.0000,0.0000,0.0000
72.235,450.7782,-1.4489,105.7151,0.2510,3.8000,-0.4500,359.2839,179.4909,0.9874,0.0000,0.0000,0.0000
72.346,450.5538,-1.4288,105.3446,0.2510,3.8000,-0.4500,359.3642,179.4922,0.9778,0.0000,0.0000,0.0000
72.471,450.3220,-1.4099,105.0662,0.2510,3.8000,-0.4500,359.4440,179.4936,0.9667,0.0000,0.0000,0.0000
72.582,450.0839,-1.3926,104.8614,0.2510,3.8000,-0.4500,359.4440,179.4936,0.9667,0.0000,0.0000,0.0000
72.707,449.8407,-1.3763,104.7057,0.2510,3.8000,-0.4500,359.6774,179.4973,0.8713,0.0000,0.0000,0.0000
72.819,449.5949,-1.3616,104.5853,0.2510,3.8000,-0.4500,359.6774,179.4973,0.8713,0.0000,0.0000,0.0000
72.929,449.3870,-1.3515,104.4998,0.2510,3.8000,-0.4500,359.9556,179.5011,0.6816,0.0000,0.0000,0.0000
73.054,449.1375,-1.3397,104.4126,0.2510,3.8000,-0.4500,359.9556,179.5011,0.6816,0.0000,0.0000,0.0000
73.167,448.8853,-1.3314,104.3332,0.2510,3.8000,-0.4500,0.1316,179.5030,0.5090,0.0000,0.0000,0.0000
73.277,448.6325,-1.3241,104.2622,0.2510,3.8000,-0.4500,0.1858,179.5034,0.4469,0.0000,0.0000,0.0000
73.390,448.4203,-1.3204,104.2091,0.2510,3.8000,-0.4500,0.2912,179.5041,0.3201,0.0000,0.0000,0.0000
73.498,448.1647,-1.3177,104.1528,0.2510,3.8000,-0.4500,0.3869,179.5045,0.1877,0.0000,0.0000,0.0000
73.610,447.9506,-1.3175,104.1104,0.2510,3.8000,-0.4500,0.4776,179.5047,0.0506,0.0000,0.0000,0.0000
73.734,447.6935,-1.3180,104.0639,0.2510,3.8000,-0.4500,0.5208,179.5047,359.9783,0.0000,0.0000,0.0000
73.860,447.3921,-1.3220,104.0127,0.2510,3.8000,-0.4500,0.6058,179.5046,359.8333,0.0000,0.0000,0.0000
73.984,447.1329,-1.3278,103.9704,0.2510,3.8000,-0.4500,0.6837,179.5043,359.6870,0.0000,0.0000,0.0000
74.095,446.9168,-1.3334,103.9357,0.2510,3.8000,-0.4500,0.7209,179.5040,359.6127,0.0000,0.0000,0.0000
74.209,446.6567,-1.3423,103.8938,0.2510,3.8000,-0.4500,0.7941,179.5034,359.4656,0.0000,0.0000,0.0000
74.321,446.3972,-1.3504,103.8519,0.2510,3.8000,-0.4500,0.7941,179.5034,359.4656,0.0000,0.0000,0.0000
74.429,446.1800,-1.3599,103.8165,0.2510,3.8000,-0.4500,0.8635,179.5027,359.3205,0.0000,0.0000,0.0000
74.554,445.9203,-1.3695,103.7741,0.2510,3.8000,-0.4500,0.8635,179.5027,359.3205,0.0000,0.0000,0.0000
74.679,445.6169,-1.3810,103.7245,0.2510,3.8000,-0.4500,0.8635,179.5027,359.3205,0.0000,0.0000,0.0000
74.804,445.3567,-1.3910,103.6819,0.2510,3.8000,-0.4500,0.8635,179.5027,359.3205,0.0000,0.0000,0.0000
74.929,445.0959,-1.4019,103.6390,0.2510,3.8000,-0.4500,0.9013,179.5022,359.2484,0.0000,0.0000,0.0000
75.041,444.8356,-1.4117,103.5960,0.2510,3.8000,-0.4500,0.9013,179.5022,359.2484,0.0000,0.0000,0.0000
75.151,444.6187,-1.4197,103.5599,0.2510,3.8000,-0.4500,0.9013,179.5022,359.2484,0.0000,0.0000,0.0000
75.263,444.3583,-1.4293,103.5165,0.2510,3.8000,-0.4500,0.9013,179.5022,359.2484,0.0000,0.0000,0.0000
75.373,444.1416,-1.4373,103.4775,0.2510,3.8000,-0.4500,0.9013,179.5022,359.2484,0.0000,0.0000,0.0000
75.498,443.8440,-1.4496,103.3587,0.2510,3.8000,-0.4500,0.9013,179.5022,359.2484,0.0000,0.0000,0.0000
75.623,443.5960,-1.4618,103.1752,0.2510,3.8000,-0.4500,0.9013,179.5022,359.2484,0.0000,0.0000,0.0000
75.748,443.3531,-1.4753,102.9271,0.2510,3.8000,-0.4500,0.9013,179.5022,359.2484,0.0000,0.0000,0.0000
75.860,443.1143,-1.4899,102.6315,0.2510,3.8000,-0.4500,0.9013,179.5022,359.2484,0.0000,0.0000,0.0000
75.970,442.9173,-1.5025,102.3605,0.2510,3.8000,-0.4500,0.9013,179.5022,359.2484,0.0000,0.0000,0.0000
76.082,442.6825,-1.5181,102.0157,0.2510,3.8000,-0.4500,0.9013,179.5022,359.2484,0.0000,0.0000,0.0000
76.207,442.4490,-1.5338,101.6574,0.2510,3.8000,-0.4500,0.9013,179.5022,359.2484,0.0000,0.0000,0.0000
76.318,442.2162,-1.5496,101.2911,0.2510,3.8000,-0.4500,0.9013,179.5022,359.2484,0.0000,0.0000,0.0000
76.428,442.0225,-1.5627,100.9835,0.2510,3.8000,-0.4500,0.9013,179.5022,359.2484,0.0000,0.0000,0.0000
76.554,441.7888,-1.5784,100.6344,0.2510,3.8000,-0.4500,0.9013,179.5022,359.2484,0.0000,0.0000,0.0000
76.679,441.5132,-1.5964,100.2716,0.2510,3.8000,-0.4500,0.9013,179.5022,359.2484,0.0000,0.0000,0.0000
76.807,441.2747,-1.6120,99.9937,0.2510,3.8000,-0.4500,0.9013,179.5022,359.2484,0.0000,0.0000,0.0000
76.915,441.0748,-1.6252,99.7796,0.2510,3.8000,-0.4500,0.9013,179.5022,359.2484,0.0000,0.0000,0.0000
77.028,440.8338,-1.6437,99.5393,0.2510,3.8000,-0.4500,0.6518,179.5055,359.2378,0.0000,0.0000,0.0000
77.137,440.5923,-1.6606,99.3085,0.2510,3.8000,-0.4500,0.6518,179.5055,359.2378,0.0000,0.0000,0.0000
77.249,440.3910,-1.6766,99.1233,0.2510,3.8000,-0.4500,0.4100,179.5087,359.2581,0.0000,0.0000,0.0000
77.360,440.1491,-1.6946,98.9035,0.2510,3.8000,-0.4500,0.4100,179.5087,359.2581,0.0000,0.0000,0.0000
77.484,439.9074,-1.7142,98.6886,0.2510,3.8000,-0.4500,0.1657,179.5118,359.3017,0.0000,0.0000,0.0000
77.610,439.6659,-1.7337,98.4752,0.2510,3.8000,-0.4500,0.0071,179.5137,359.3419,0.0000,0.0000,0.0000
77.735,439.4246,-1.7535,98.2634,0.2510,3.8000,-0.4500,359.8498,179.5154,359.3891,0.0000,0.0000,0.0000
77.846,439.1825,-1.7734,98.0651,0.2510,3.8000,-0.4500,359.6953,179.5170,359.4431,0.0000,0.0000,0.0000
77.957,438.9376,-1.7941,97.9054,0.2510,3.8000,-0.4500,359.5391,179.5184,359.5047,0.0000,0.0000,0.0000
78.067,438.7307,-1.8121,97.8045,0.2510,3.8000,-0.4500,359.4625,179.5191,359.5357,0.0000,0.0000,0.0000
78.193,438.4803,-1.8345,97.7162,0.2510,3.8000,-0.4500,359.2340,179.5207,359.6408,0.0000,0.0000,0.0000
78.304,438.2274,-1.8579,97.6518,0.2510,3.8000,-0.4500,359.2340,179.5207,359.6408,0.0000,0.0000,0.0000
78.415,438.0162,-1.8776,97.6125,0.2510,3.8000,-0.4500,359.0877,179.5215,359.7161,0.0000,0.0000,0.0000
78.540,437.7195,-1.9055,97.5707,0.2510,3.8000,-0.4500,358.9453,179.5221,359.7955,0.0000,0.0000,0.0000
78.665,437.4651,-1.9288,97.5435,0.2510,3.8000,-0.4500,358.7350,179.5226,359.9283,0.0000,0.0000,0.0000
78.778,437.2099,-1.9522,97.5197,0.2510,3.8000,-0.4500,358.7350,179.5226,359.9283,0.0000,0.0000,0.0000
78.887,436.9980,-1.9704,97.5030,0.2510,3.8000,-0.4500,358.6036,179.5227,0.0259,0.0000,0.0000,0.0000
79.012,436.7443,-1.9906,97.4849,0.2510,3.8000,-0.4500,358.4144,179.5223,0.1892,0.0000,0.0000,0.0000
79.124,436.4897,-2.0107,97.4664,0.2510,3.8000,-0.4500,358.4144,179.5223,0.1892,0.0000,0.0000,0.0000
79.235,436.2791,-2.0242,97.4525,0.2510,3.8000,-0.4500,358.2454,179.5215,0.3720,0.0000,0.0000,0.0000
79.360,435.9832,-2.0434,97.4313,0.2510,3.8000,-0.4500,358.2454,179.5215,0.3720,0.0000,0.0000,0.0000
79.484,435.7309,-2.0557,97.4134,0.2510,3.8000,-0.4500,358.1472,179.5208,0.5069,0.0000,0.0000,0.0000
79.609,435.4797,-2.0644,97.3950,0.2510,3.8000,-0.4500,358.0184,179.5194,0.7139,0.0000,0.0000,0.0000
79.722,435.2284,-2.0719,97.3744,0.2510,3.8000,-0.4500,357.9842,179.5189,0.7855,0.0000,0.0000,0.0000
79.832,435.0196,-2.0757,97.3562,0.2510,3.8000,-0.4500,357.9504,179.5184,0.8580,0.0000,0.0000,0.0000
79.956,434.7292,-2.0751,97.3292,0.2510,3.8000,-0.4500,357.8672,179.5170,1.1024,0.0000,0.0000,0.0000
80.067,434.5213,-2.0745,97.3064,0.2510,3.8000,-0.4500,357.8672,179.5170,1.1024,0.0000,0.0000,0.0000
80.193,434.2739,-2.0681,97.2755,0.2510,3.8000,-0.4500,357.8275,179.5162,1.2634,0.0000,0.0000,0.0000
80.319,433.9864,-2.0565,97.2342,0.2510,3.8000,-0.4500,357.7983,179.5155,1.4270,0.0000,0.0000,0.0000
80.443,433.7418,-2.0411,97.1948,0.2510,3.8000,-0.4500,357.7698,179.5148,1.6725,0.0000,0.0000,0.0000
80.568,433.4966,-2.0264,97.1511,0.2510,3.8000,-0.4500,357.7698,179.5148,1.6725,0.0000,0.0000,0.0000
80.693,433.2541,-2.0042,97.1049,0.2510,3.8000,-0.4500,357.7617,179.5145,1.9201,0.0000,0.0000,0.0000
80.818,432.9709,-1.9780,97.0464,0.2510,3.8000,-0.4500,357.7606,179.5145,1.9983,0.0000,0.0000,0.0000
80.943,432.7292,-1.9523,96.9932,0.2510,3.8000,-0.4500,357.7623,179.5145,2.0790,0.0000,0.0000,0.0000
81.068,432.4883,-1.9241,96.9377,0.2510,3.8000,-0.4500,357.7646,179.5146,2.1599,0.0000,0.0000,0.0000
81.194,432.2487,-1.8920,96.8806,0.2510,3.8000,-0.4500,357.7709,179.5149,2.3309,0.0000,0.0000,0.0000
81.319,431.9691,-1.8544,96.8111,0.2510,3.8000,-0.4500,357.7730,179.5149,2.4133,0.0000,0.0000,0.0000
81.430,431.7704,-1.8259,96.7598,0.2510,3.8000,-0.4500,357.7747,179.5150,2.4954,0.0000,0.0000,0.0000
81.555,431.5317,-1.7924,96.6962,0.2510,3.8000,-0.4500,357.7747,179.5150,2.4954,0.0000,0.0000,0.0000
81.655,431.3336,-1.7626,96.6422,0.2510,3.8000,-0.4500,357.7720,179.5149,2.5754,0.0000,0.0000,0.0000
81.763,431.0962,-1.7269,96.5762,0.2510,3.8000,-0.4500,357.7638,179.5145,2.6552,0.0000,0.0000,0.0000
81.888,430.8586,-1.6924,96.5088,0.2510,3.8000,-0.4500,357.7638,179.5145,2.6552,0.0000,0.0000,0.0000
82.013,430.6213,-1.6581,96.4406,0.2510,3.8000,-0.4500,357.7638,179.5145,2.6552,0.0000,0.0000,0.0000
82.113,430.4237,-1.6299,96.3833,0.2510,3.8000,-0.4500,357.7638,179.5145,2.6552,0.0000,0.0000,0.0000
82.223,430.1879,-1.5945,96.3129,0.2510,3.8000,-0.4500,357.7155,179.5122,2.8129,0.0000,0.0000,0.0000
82.333,429.9907,-1.5677,96.2506,0.2510,3.8000,-0.4500,357.7155,179.5122,2.8129,0.0000,0.0000,0.0000
82.457,429.7149,-1.5314,96.1593,0.2510,3.8000,-0.4500,357.7155,179.5122,2.8129,0.0000,0.0000,0.0000
82.582,429.4786,-1.5020,96.0784,0.2510,3.8000,-0.4500,357.7155,179.5122,2.8129,0.0000,0.0000,0.0000
82.707,429.2423,-1.4743,95.9960,0.2510,3.8000,-0.4500,357.7155,179.5122,2.8129,0.0000,0.0000,0.0000
82.832,429.0059,-1.4487,95.9126,0.2510,3.8000,-0.4500,357.7155,179.5122,2.8129,0.0000,0.0000,0.0000
82.943,428.7693,-1.4252,95.8288,0.2510,3.8000,-0.4500,357.7155,179.5122,2.8129,0.0000,0.0000,0.0000
83.056,428.5719,-1.4073,95.7588,0.2510,3.8000,-0.4500,357.7155,179.5122,2.8129,0.0000,0.0000,0.0000
83.168,428.3348,-1.3882,95.6745,0.2510,3.8000,-0.4500,357.7155,179.5122,2.8129,0.0000,0.0000,0.0000
83.290,428.0976,-1.3714,95.5875,0.2510,3.8000,-0.4500,357.7155,179.5122,2.8129,0.0000,0.0000,0.0000
83.402,427.8607,-1.3578,95.4978,0.2510,3.8000,-0.4500,357.4761,179.5003,2.8792,0.0000,0.0000,0.0000
83.527,427.6236,-1.3455,95.4025,0.2510,3.8000,-0.4500,357.4761,179.5003,2.8792,0.0000,0.0000,0.0000
83.652,427.3865,-1.3356,95.3040,0.2510,3.8000,-0.4500,357.4761,179.5003,2.8792,0.0000,0.0000,0.0000
83.752,427.1886,-1.3289,95.2204,0.2510,3.8000,-0.4500,357.4761,179.5003,2.8792,0.0000,0.0000,0.0000
83.864,426.9508,-1.3237,95.1193,0.2510,3.8000,-0.4500,357.3941,179.4962,2.8675,0.0000,0.0000,0.0000
83.975,426.7524,-1.3210,95.0345,0.2510,3.8000,-0.4500,357.3127,179.4921,2.8549,0.0000,0.0000,0.0000
84.086,426.5143,-1.3183,94.9318,0.2510,3.8000,-0.4500,357.3127,179.4921,2.8549,0.0000,0.0000,0.0000
84.197,426.2758,-1.3172,94.8288,0.2510,3.8000,-0.4500,357.3127,179.4921,2.8549,0.0000,0.0000,0.0000
84.308,426.0770,-1.3183,94.7397,0.2510,3.8000,-0.4500,357.2339,179.4882,2.8300,0.0000,0.0000,0.0000
84.420,425.8396,-1.3187,94.6214,0.2510,3.8000,-0.4500,357.2339,179.4882,2.8300,0.0000,0.0000,0.0000
84.541,425.6025,-1.3214,94.4919,0.2510,3.8000,-0.4500,357.0781,179.4806,2.7730,0.0000,0.0000,0.0000
84.665,425.3667,-1.3219,94.3520,0.2510,3.8000,-0.4500,357.0781,179.4806,2.7730,0.0000,0.0000,0.0000
84.790,425.1314,-1.3224,94.2054,0.2510,3.8000,-0.4500,357.0781,179.4806,2.7730,0.0000,0.0000,0.0000
84.902,424.8964,-1.3229,94.0543,0.2510,3.8000,-0.4500,357.0781,179.4806,2.7730,0.0000,0.0000,0.0000
85.027,424.6617,-1.3233,93.9005,0.2510,3.8000,-0.4500,357.0781,179.4806,2.7730,0.0000,0.0000,0.0000
85.139,424.4272,-1.3238,93.7449,0.2510,3.8000,-0.4500,357.0781,179.4806,2.7730,0.0000,0.0000,0.0000
85.249,424.2317,-1.3242,93.6145,0.2510,3.8000,-0.4500,357.0781,179.4806,2.7730,0.0000,0.0000,0.0000
85.374,423.9967,-1.3248,93.4634,0.2510,3.8000,-0.4500,357.0781,179.4806,2.7730,0.0000,0.0000,0.0000
85.485,423.7599,-1.3265,93.3343,0.2510,3.8000,-0.4500,357.0781,179.4806,2.7730,0.0000,0.0000,0.0000
85.599,423.5209,-1.3296,93.2272,0.2510,3.8000,-0.4500,357.0781,179.4806,2.7730,0.0000,0.0000,0.0000
85.707,423.3206,-1.3330,93.1508,0.2510,3.8000,-0.4500,357.0781,179.4806,2.7730,0.0000,0.0000,0.0000
85.832,423.0794,-1.3378,93.0693,0.2510,3.8000,-0.4500,357.0781,179.4806,2.7730,0.0000,0.0000,0.0000
85.957,422.7971,-1.3439,92.9831,0.2510,3.8000,-0.4500,357.0781,179.4806,2.7730,0.0000,0.0000,0.0000
86.070,422.5952,-1.3485,92.9249,0.2510,3.8000,-0.4500,357.0781,179.4806,2.7729,0.0000,0.0000,0.0000
86.182,422.3525,-1.3542,92.8571,0.2510,3.8000,-0.4500,357.0781,179.4806,2.7729,0.0000,0.0000,0.0000
86.291,422.1502,-1.3592,92.8018,0.2510,3.8000,-0.4500,357.0781,179.4806,2.7729,0.0000,0.0000,0.0000
86.401,421.9073,-1.3652,92.7361,0.2510,3.8000,-0.4500,357.0781,179.4806,2.7729,0.0000,0.0000,0.0000
86.515,421.7047,-1.3704,92.6819,0.2510,3.8000,-0.4500,357.0781,179.4806,2.7729,0.0000,0.0000,0.0000
86.625,421.4613,-1.3770,92.6171,0.2510,3.8000,-0.4500,357.0781,179.4806,2.7729,0.0000,0.0000,0.0000
86.735,421.2584,-1.3828,92.5635,0.2510,3.8000,-0.4500,357.0781,179.4806,2.7729,0.0000,0.0000,0.0000
86.848,421.0147,-1.3902,92.4992,0.2510,3.8000,-0.4500,357.0781,179.4806,2.7729,0.0000,0.0000,0.0000
86.957,420.7708,-1.3981,92.4350,0.2510,3.8000,-0.4500,357.0781,179.4806,2.7729,0.0000,0.0000,0.0000
87.069,420.5676,-1.4053,92.3815,0.2510,3.8000,-0.4500,357.0781,179.4806,2.7729,0.0000,0.0000,0.0000
87.181,420.3235,-1.4145,92.3172,0.2510,3.8000,-0.4500,357.0781,179.4806,2.7729,0.0000,0.0000,0.0000
87.290,420.1200,-1.4228,92.2636,0.2510,3.8000,-0.4500,357.0781,179.4806,2.7729,0.0000,0.0000,0.0000
87.402,419.8742,-1.4367,92.1995,0.2510,3.8000,-0.4500,357.0020,179.4770,2.6277,0.0000,0.0000,0.0000
87.514,419.6701,-1.4464,92.1465,0.2510,3.8000,-0.4500,357.0020,179.4770,2.6277,0.0000,0.0000,0.0000
87.624,419.4247,-1.4590,92.0838,0.2510,3.8000,-0.4500,357.0020,179.4770,2.6277,0.0000,0.0000,0.0000
87.749,419.1784,-1.4742,92.0214,0.2510,3.8000,-0.4500,356.9787,179.4759,2.5491,0.0000,0.0000,0.0000
87.874,418.9318,-1.4905,91.9599,0.2510,3.8000,-0.4500,356.9562,179.4749,2.4706,0.0000,0.0000,0.0000
87.986,418.6853,-1.5064,91.8997,0.2510,3.8000,-0.4500,356.9562,179.4749,2.4706,0.0000,0.0000,0.0000
88.096,418.4377,-1.5249,91.8401,0.2510,3.8000,-0.4500,356.9439,179.4744,2.3896,0.0000,0.0000,0.0000
88.221,418.1888,-1.5460,91.7816,0.2510,3.8000,-0.4500,356.9294,179.4738,2.2241,0.0000,0.0000,0.0000
88.346,417.9409,-1.5653,91.7250,0.2510,3.8000,-0.4500,356.9294,179.4738,2.2241,0.0000,0.0000,0.0000
88.471,417.6926,-1.5856,91.6699,0.2510,3.8000,-0.4500,356.9294,179.4738,2.2241,0.0000,0.0000,0.0000
88.596,417.4012,-1.6134,91.6071,0.2510,3.8000,-0.4500,356.9320,179.4739,2.0571,0.0000,0.0000,0.0000
88.721,417.1519,-1.6358,91.5556,0.2510,3.8000,-0.4500,356.9320,179.4739,2.0571,0.0000,0.0000,0.0000
88.846,416.9018,-1.6602,91.5053,0.2510,3.8000,-0.4500,356.9404,179.4742,1.9751,0.0000,0.0000,0.0000
88.971,416.6512,-1.6852,91.4563,0.2510,3.8000,-0.4500,356.9529,179.4746,1.8935,0.0000,0.0000,0.0000
89.095,416.4008,-1.7093,91.4089,0.2510,3.8000,-0.4500,356.9529,179.4746,1.8935,0.0000,0.0000,0.0000
89.209,416.1497,-1.7350,91.3626,0.2510,3.8000,-0.4500,356.9702,179.4752,1.8127,0.0000,0.0000,0.0000
89.332,415.8983,-1.7607,91.3176,0.2510,3.8000,-0.4500,356.9920,179.4759,1.7342,0.0000,0.0000,0.0000
89.443,415.6472,-1.7850,91.2741,0.2510,3.8000,-0.4500,356.9920,179.4759,1.7342,0.0000,0.0000,0.0000
89.567,415.3954,-1.8101,91.2313,0.2510,3.8000,-0.4500,357.0212,179.4767,1.6580,0.0000,0.0000,0.0000
89.693,415.1440,-1.8335,91.1893,0.2510,3.8000,-0.4500,357.0212,179.4767,1.6580,0.0000,0.0000,0.0000
89.804,414.8922,-1.8569,91.1460,0.2510,3.8000,-0.4500,357.0575,179.4778,1.5861,0.0000,0.0000,0.0000
89.915,414.6827,-1.8748,91.1091,0.2510,3.8000,-0.4500,357.0575,179.4778,1.5861,0.0000,0.0000,0.0000
90.039,414.3891,-1.8989,91.0554,0.2510,3.8000,-0.4500,357.1041,179.4790,1.5201,0.0000,0.0000,0.0000
90.152,414.1798,-1.9142,91.0165,0.2510,3.8000,-0.4500,357.1041,179.4790,1.5201,0.0000,0.0000,0.0000
90.276,413.9284,-1.9314,90.9690,0.2510,3.8000,-0.4500,357.1622,179.4805,1.4623,0.0000,0.0000,0.0000
90.401,413.6354,-1.9485,90.9133,0.2510,3.8000,-0.4500,357.2268,179.4822,1.4128,0.0000,0.0000,0.0000
90.511,413.4267,-1.9585,90.8739,0.2510,3.8000,-0.4500,357.2268,179.4822,1.4128,0.0000,0.0000,0.0000
90.625,413.1756,-1.9682,90.8257,0.2510,3.8000,-0.4500,357.3766,179.4857,1.3354,0.0000,0.0000,0.0000
90.734,412.9669,-1.9740,90.7869,0.2510,3.8000,-0.4500,357.3766,179.4857,1.3354,0.0000,0.0000,0.0000
90.859,412.6745,-1.9783,90.7343,0.2510,3.8000,-0.4500,357.5345,179.4894,1.2868,0.0000,0.0000,0.0000
90.972,412.4656,-1.9780,90.6985,0.2510,3.8000,-0.4500,357.7020,179.4931,1.2648,0.0000,0.0000,0.0000
91.082,412.2151,-1.9752,90.6583,0.2510,3.8000,-0.4500,357.7843,179.4949,1.2559,0.0000,0.0000,0.0000
91.193,412.0067,-1.9684,90.6249,0.2510,3.8000,-0.4500,358.0289,179.5003,1.2635,0.0000,0.0000,0.0000
91.318,411.7150,-1.9573,90.5811,0.2510,3.8000,-0.4500,358.0289,179.5003,1.2635,0.0000,0.0000,0.0000
91.443,411.4657,-1.9408,90.5422,0.2510,3.8000,-0.4500,358.2733,179.5058,1.3023,0.0000,0.0000,0.0000
91.556,411.2168,-1.9199,90.5030,0.2510,3.8000,-0.4500,358.5150,179.5114,1.3624,0.0000,0.0000,0.0000
91.665,411.0095,-1.9016,90.4709,0.2510,3.8000,-0.4500,358.5150,179.5114,1.3624,0.0000,0.0000,0.0000
91.790,410.7616,-1.8725,90.4298,0.2510,3.8000,-0.4500,358.7513,179.5172,1.4369,0.0000,0.0000,0.0000
91.915,410.5143,-1.8390,90.3876,0.2510,3.8000,-0.4500,358.9832,179.5231,1.5199,0.0000,0.0000,0.0000
92.039,410.2261,-1.7958,90.3374,0.2510,3.8000,-0.4500,359.1404,179.5274,1.5817,0.0000,0.0000,0.0000
92.154,410.0209,-1.7606,90.2999,0.2510,3.8000,-0.4500,359.2925,179.5317,1.6425,0.0000,0.0000,0.0000
92.263,409.7749,-1.7148,90.2534,0.2510,3.8000,-0.4500,359.4459,179.5362,1.7065,0.0000,0.0000,0.0000
92.373,409.5703,-1.6741,90.2133,0.2510,3.8000,-0.4500,359.5231,179.5385,1.7389,0.0000,0.0000,0.0000
92.499,409.2855,-1.6091,90.1532,0.2510,3.8000,-0.4500,359.8355,179.5483,1.8713,0.0000,0.0000,0.0000
92.609,409.0818,-1.5626,90.1095,0.2510,3.8000,-0.4500,359.8355,179.5483,1.8713,0.0000,0.0000,0.0000
92.734,408.8386,-1.4996,90.0535,0.2510,3.8000,-0.4500,0.0699,179.5562,1.9696,0.0000,0.0000,0.0000
92.846,408.5960,-1.4328,89.9949,0.2510,3.8000,-0.4500,0.3020,179.5644,2.0647,0.0000,0.0000,0.0000
92.957,408.3535,-1.3658,89.9350,0.2510,3.8000,-0.4500,0.3020,179.5644,2.0647,0.0000,0.0000,0.0000
93.069,408.1526,-1.3028,89.8810,0.2510,3.8000,-0.4500,0.6188,179.5761,2.1882,0.0000,0.0000,0.0000
93.178,407.9111,-1.2296,89.8160,0.2510,3.8000,-0.4500,0.6188,179.5761,2.1882,0.0000,0.0000,0.0000
93.303,407.6708,-1.1490,89.7464,0.2510,3.8000,-0.4500,0.9296,179.5883,2.2997,0.0000,0.0000,0.0000
93.416,407.4301,-1.0700,89.6763,0.2510,3.8000,-0.4500,0.9296,179.5883,2.2997,0.0000,0.0000,0.0000
93.527,407.2303,-0.9999,89.6154,0.2510,3.8000,-0.4500,1.0890,179.5948,2.3506,0.0000,0.0000,0.0000
93.636,406.9907,-0.9151,89.5412,0.2510,3.8000,-0.4500,1.1675,179.5980,2.3753,0.0000,0.0000,0.0000
93.748,406.7912,-0.8426,89.4780,0.2510,3.8000,-0.4500,1.2478,179.6014,2.3979,0.0000,0.0000,0.0000
93.859,406.5521,-0.7540,89.4009,0.2510,3.8000,-0.4500,1.3280,179.6048,2.4201,0.0000,0.0000,0.0000
93.982,406.3136,-0.6617,89.3212,0.2510,3.8000,-0.4500,1.5686,179.6151,2.4805,0.0000,0.0000,0.0000
94.095,406.1147,-0.5860,89.2551,0.2510,3.8000,-0.4500,1.5686,179.6151,2.4805,0.0000,0.0000,0.0000
94.207,405.8761,-0.4939,89.1750,0.2510,3.8000,-0.4500,1.5686,179.6151,2.4805,0.0000,0.0000,0.0000
94.316,405.6378,-0.3988,89.0930,0.2510,3.8000,-0.4500,1.7286,179.6220,2.5130,0.0000,0.0000,0.0000
94.442,405.3995,-0.3044,89.0114,0.2510,3.8000,-0.4500,1.7286,179.6220,2.5130,0.0000,0.0000,0.0000
94.552,405.2011,-0.2251,88.9429,0.2510,3.8000,-0.4500,1.7286,179.6220,2.5130,0.0000,0.0000,0.0000
94.652,405.0027,-0.1445,88.8735,0.2510,3.8000,-0.4500,1.8095,179.6256,2.5266,0.0000,0.0000,0.0000
94.760,404.7645,-0.0483,88.7906,0.2510,3.8000,-0.4500,1.8095,179.6256,2.5266,0.0000,0.0000,0.0000
94.885,404.5262,0.0482,88.7074,0.2510,3.8000,-0.4500,1.8095,179.6256,2.5266,0.0000,0.0000,0.0000
95.010,404.2882,0.1462,88.6227,0.2510,3.8000,-0.4500,1.9720,179.6328,2.5478,0.0000,0.0000,0.0000
95.122,404.0501,0.2424,88.5377,0.2510,3.8000,-0.4500,1.9720,179.6328,2.5478,0.0000,0.0000,0.0000
95.247,403.8122,0.3380,88.4508,0.2510,3.8000,-0.4500,1.9720,179.6328,2.5478,0.0000,0.0000,0.0000
95.357,403.5743,0.4327,88.3618,0.2510,3.8000,-0.4500,1.9720,179.6328,2.5478,0.0000,0.0000,0.0000
95.470,403.3760,0.5106,88.2865,0.2510,3.8000,-0.4500,1.9720,179.6328,2.5478,0.0000,0.0000,0.0000
95.580,403.1380,0.6027,88.1952,0.2510,3.8000,-0.4500,1.9720,179.6328,2.5478,0.0000,0.0000,0.0000
95.705,402.8999,0.6929,88.1033,0.2510,3.8000,-0.4500,1.9720,179.6328,2.5478,0.0000,0.0000,0.0000
95.830,402.6616,0.7809,88.0112,0.2510,3.8000,-0.4500,1.9720,179.6328,2.5477,0.0000,0.0000,0.0000
95.955,402.4230,0.8664,87.9190,0.2510,3.8000,-0.4500,1.9720,179.6328,2.5477,0.0000,0.0000,0.0000
96.067,402.1841,0.9488,87.8271,0.2510,3.8000,-0.4500,1.9720,179.6328,2.5477,0.0000,0.0000,0.0000
96.177,401.9446,1.0279,87.7367,0.2510,3.8000,-0.4500,1.9720,179.6328,2.5477,0.0000,0.0000,0.0000
96.289,401.7446,1.0910,87.6635,0.2510,3.8000,-0.4500,1.9720,179.6328,2.5477,0.0000,0.0000,0.0000
96.413,401.5040,1.1631,87.5780,0.2510,3.8000,-0.4500,1.9720,179.6328,2.5477,0.0000,0.0000,0.0000
96.526,401.2627,1.2307,87.4947,0.2510,3.8000,-0.4500,1.9720,179.6328,2.5477,0.0000,0.0000,0.0000
96.635,401.0612,1.2834,87.4266,0.2510,3.8000,-0.4500,1.9720,179.6328,2.5477,0.0000,0.0000,0.0000
96.748,400.8164,1.3357,87.3481,0.2510,3.8000,-0.4500,1.7688,179.6243,2.2732,0.0000,0.0000,0.0000
96.872,400.5722,1.3873,87.2728,0.2510,3.8000,-0.4500,1.7178,179.6223,2.2101,0.0000,0.0000,0.0000
96.996,400.2842,1.4346,87.1923,0.2510,3.8000,-0.4500,1.4123,179.6113,1.9196,0.0000,0.0000,0.0000
97.111,400.0788,1.4671,87.1381,0.2510,3.8000,-0.4500,1.3466,179.6091,1.8668,0.0000,0.0000,0.0000
97.232,399.8299,1.4961,87.0790,0.2510,3.8000,-0.4500,1.0777,179.6008,1.6581,0.0000,0.0000,0.0000
97.344,399.5801,1.5185,87.0253,0.2510,3.8000,-0.4500,0.7993,179.5932,1.4634,0.0000,0.0000,0.0000
97.469,399.3298,1.5367,86.9761,0.2510,3.8000,-0.4500,0.6648,179.5899,1.3720,0.0000,0.0000,0.0000
97.594,399.0774,1.5435,86.9334,0.2510,3.8000,-0.4500,0.3044,179.5820,1.1431,0.0000,0.0000,0.0000
97.707,398.8249,1.5471,86.8945,0.2510,3.8000,-0.4500,0.1658,179.5793,1.0573,0.0000,0.0000,0.0000
97.816,398.5705,1.5389,86.8619,0.2510,3.8000,-0.4500,359.8006,179.5733,0.8391,0.0000,0.0000,0.0000
97.928,398.3580,1.5277,86.8377,0.2510,3.8000,-0.4500,359.5795,179.5703,0.7110,0.0000,0.0000,0.0000
98.052,398.1023,1.5082,86.8125,0.2510,3.8000,-0.4500,359.3636,179.5678,0.5874,0.0000,0.0000,0.0000
98.165,397.8454,1.4784,86.7924,0.2510,3.8000,-0.4500,359.0063,179.5648,0.3892,0.0000,0.0000,0.0000
98.274,397.6309,1.4491,86.7779,0.2510,3.8000,-0.4500,358.7883,179.5635,0.2720,0.0000,0.0000,0.0000
98.399,397.3301,1.4010,86.7610,0.2510,3.8000,-0.4500,358.5688,179.5627,0.1565,0.0000,0.0000,0.0000
98.525,397.0714,1.3498,86.7501,0.2510,3.8000,-0.4500,358.2631,179.5623,0.0011,0.0000,0.0000,0.0000
98.636,396.8124,1.2929,86.7406,0.2510,3.8000,-0.4500,358.0341,179.5625,359.8874,0.0000,0.0000,0.0000
98.760,396.5529,1.2282,86.7325,0.2510,3.8000,-0.4500,357.7369,179.5635,359.7469,0.0000,0.0000,0.0000
98.885,396.2931,1.1573,86.7247,0.2510,3.8000,-0.4500,357.4298,179.5652,359.6096,0.0000,0.0000,0.0000
99.010,396.0338,1.0843,86.7152,0.2510,3.8000,-0.4500,357.3505,179.5658,359.5765,0.0000,0.0000,0.0000
99.136,395.7307,0.9890,86.7045,0.2510,3.8000,-0.4500,357.0335,179.5685,359.4475,0.0000,0.0000,0.0000
99.246,395.5143,0.9181,86.6956,0.2510,3.8000,-0.4500,356.8740,179.5701,359.3896,0.0000,0.0000,0.0000
99.358,395.2549,0.8298,86.6839,0.2510,3.8000,-0.4500,356.7148,179.5719,359.3353,0.0000,0.0000,0.0000
99.469,395.0386,0.7522,86.6738,0.2510,3.8000,-0.4500,356.4789,179.5748,359.2627,0.0000,0.0000,0.0000
99.595,394.7797,0.6601,86.6590,0.2510,3.8000,-0.4500,356.4789,179.5748,359.2627,0.0000,0.0000,0.0000
99.705,394.5205,0.5624,86.6447,0.2510,3.8000,-0.4500,356.2371,179.5780,359.2056,0.0000,0.0000,0.0000
99.830,394.2619,0.4660,86.6284,0.2510,3.8000,-0.4500,356.2371,179.5780,359.2056,0.0000,0.0000,0.0000
99.955,394.0033,0.3665,86.6126,0.2510,3.8000,-0.4500,356.0712,179.5804,359.1816,0.0000,0.0000,0.0000
100.067,393.7449,0.2666,86.5966,0.2510,3.8000,-0.4500,355.9046,179.5827,359.1748,0.0000,0.0000,0.0000
100.191,393.4866,0.1683,86.5794,0.2510,3.8000,-0.4500,355.9046,179.5827,359.1748,0.0000,0.0000,0.0000
100.316,393.1857,0.0538,86.5600,0.2510,3.8000,-0.4500,355.8226,179.5839,359.1868,0.0000,0.0000,0.0000
100.430,392.9710,-0.0270,86.5464,0.2510,3.8000,-0.4500,355.7413,179.5851,359.2000,0.0000,0.0000,0.0000
100.539,392.7135,-0.1218,86.5298,0.2510,3.8000,-0.4500,355.7413,179.5851,359.2000,0.0000,0.0000,0.0000
100.649,392.4991,-0.1992,86.5162,0.2510,3.8000,-0.4500,355.7413,179.5851,359.2000,0.0000,0.0000,0.0000
100.774,392.2427,-0.2892,86.5011,0.2510,3.8000,-0.4500,355.5997,179.5870,359.2794,0.0000,0.0000,0.0000
100.899,391.9434,-0.3905,86.4832,0.2510,3.8000,-0.4500,355.5997,179.5870,359.2794,0.0000,0.0000,0.0000
101.013,391.7303,-0.4590,86.4714,0.2510,3.8000,-0.4500,355.5496,179.5876,359.3447,0.0000,0.0000,0.0000
101.136,391.4326,-0.5493,86.4558,0.2510,3.8000,-0.4500,355.4690,179.5884,359.4886,0.0000,0.0000,0.0000
101.249,391.2192,-0.6115,86.4455,0.2510,3.8000,-0.4500,355.4690,179.5884,359.4886,0.0000,0.0000,0.0000
101.360,390.9644,-0.6795,86.4350,0.2510,3.8000,-0.4500,355.4262,179.5887,359.6478,0.0000,0.0000,0.0000
101.469,390.7530,-0.7303,86.4278,0.2510,3.8000,-0.4500,355.4089,179.5888,359.8939,0.0000,0.0000,0.0000
101.584,390.4977,-0.7915,86.4202,0.2510,3.8000,-0.4500,355.4089,179.5888,359.8939,0.0000,0.0000,0.0000
101.694,390.2874,-0.8325,86.4150,0.2510,3.8000,-0.4500,355.4641,179.5889,0.2171,0.0000,0.0000,0.0000
101.802,390.0328,-0.8839,86.4089,0.2510,3.8000,-0.4500,355.4641,179.5889,0.2171,0.0000,0.0000,0.0000
101.916,389.7807,-0.9233,86.4024,0.2510,3.8000,-0.4500,355.5930,179.5897,0.5293,0.0000,0.0000,0.0000
102.024,389.5698,-0.9557,86.3961,0.2510,3.8000,-0.4500,355.6306,179.5901,0.6007,0.0000,0.0000,0.0000
102.139,389.3177,-0.9881,86.3864,0.2510,3.8000,-0.4500,355.7111,179.5910,0.7410,0.0000,0.0000,0.0000
102.248,389.1082,-1.0102,86.3762,0.2510,3.8000,-0.4500,355.8036,179.5923,0.8753,0.0000,0.0000,0.0000
102.358,388.8584,-1.0293,86.3608,0.2510,3.8000,-0.4500,356.0168,179.5961,1.1331,0.0000,0.0000,0.0000
102.470,388.6495,-1.0462,86.3462,0.2510,3.8000,-0.4500,356.0168,179.5961,1.1331,0.0000,0.0000,0.0000
102.582,388.4009,-1.0558,86.3243,0.2510,3.8000,-0.4500,356.2538,179.6013,1.3662,0.0000,0.0000,0.0000
102.691,388.1934,-1.0635,86.3039,0.2510,3.8000,-0.4500,356.3170,179.6028,1.4181,0.0000,0.0000,0.0000
102.805,387.9458,-1.0658,86.2759,0.2510,3.8000,-0.4500,356.5156,179.6080,1.5688,0.0000,0.0000,0.0000
102.914,387.7394,-1.0665,86.2505,0.2510,3.8000,-0.4500,356.5822,179.6099,1.6165,0.0000,0.0000,0.0000
103.026,387.4929,-1.0610,86.2166,0.2510,3.8000,-0.4500,356.8051,179.6164,1.7485,0.0000,0.0000,0.0000
103.136,387.2463,-1.0543,86.1806,0.2510,3.8000,-0.4500,356.8808,179.6188,1.7869,0.0000,0.0000,0.0000
103.249,387.0415,-1.0444,86.1479,0.2510,3.8000,-0.4500,357.0331,179.6236,1.8616,0.0000,0.0000,0.0000
103.372,386.7962,-1.0288,86.1060,0.2510,3.8000,-0.4500,357.2699,179.6315,1.9553,0.0000,0.0000,0.0000
103.484,386.5507,-1.0135,86.0630,0.2510,3.8000,-0.4500,357.2699,179.6315,1.9553,0.0000,0.0000,0.0000
103.594,386.3469,-0.9951,86.0240,0.2510,3.8000,-0.4500,357.5123,179.6400,2.0289,0.0000,0.0000,0.0000
103.707,386.1024,-0.9723,85.9760,0.2510,3.8000,-0.4500,357.6783,179.6459,2.0678,0.0000,0.0000,0.0000
103.816,385.8986,-0.9517,85.9348,0.2510,3.8000,-0.4500,357.7605,179.6489,2.0861,0.0000,0.0000,0.0000
103.928,385.6545,-0.9239,85.8832,0.2510,3.8000,-0.4500,357.9231,179.6549,2.1149,0.0000,0.0000,0.0000
104.040,385.4104,-0.8932,85.8300,0.2510,3.8000,-0.4500,358.0875,179.6610,2.1388,0.0000,0.0000,0.0000
104.150,385.2074,-0.8644,85.7839,0.2510,3.8000,-0.4500,358.3404,179.6705,2.1694,0.0000,0.0000,0.0000
104.260,384.9639,-0.8293,85.7285,0.2510,3.8000,-0.4500,358.4212,179.6736,2.1789,0.0000,0.0000,0.0000
104.373,384.7612,-0.7965,85.6808,0.2510,3.8000,-0.4500,358.5892,179.6800,2.1997,0.0000,0.0000,0.0000
104.485,384.5183,-0.7534,85.6222,0.2510,3.8000,-0.4500,358.8376,179.6896,2.2356,0.0000,0.0000,0.0000
104.594,384.3159,-0.7168,85.5736,0.2510,3.8000,-0.4500,358.8376,179.6896,2.2356,0.0000,0.0000,0.0000
104.707,384.0738,-0.6663,85.5126,0.2510,3.8000,-0.4500,359.0862,179.6994,2.2887,0.0000,0.0000,0.0000
104.818,383.8321,-0.6135,85.4508,0.2510,3.8000,-0.4500,359.1680,179.7027,2.3079,0.0000,0.0000,0.0000
104.942,383.5913,-0.5542,85.3859,0.2510,3.8000,-0.4500,359.4063,179.7125,2.3780,0.0000,0.0000,0.0000
105.066,383.3513,-0.4901,85.3187,0.2510,3.8000,-0.4500,359.6450,179.7225,2.4662,0.0000,0.0000,0.0000
105.192,383.1117,-0.4238,85.2501,0.2510,3.8000,-0.4500,359.7226,179.7259,2.4990,0.0000,0.0000,0.0000
105.317,382.8336,-0.3386,85.1662,0.2510,3.8000,-0.4500,359.9575,179.7364,2.6052,0.0000,0.0000,0.0000
105.441,382.5960,-0.2616,85.0914,0.2510,3.8000,-0.4500,0.1090,179.7434,2.6771,0.0000,0.0000,0.0000
105.567,382.3596,-0.1791,85.0135,0.2510,3.8000,-0.4500,0.3321,179.7540,2.7929,0.0000,0.0000,0.0000
105.677,382.1234,-0.0950,84.9338,0.2510,3.8000,-0.4500,0.4043,179.7576,2.8317,0.0000,0.0000,0.0000
105.790,381.9272,-0.0219,84.8652,0.2510,3.8000,-0.4500,0.4770,179.7612,2.8709,0.0000,0.0000,0.0000
105.899,381.6931,0.0714,84.7795,0.2510,3.8000,-0.4500,0.6978,179.7725,2.9908,0.0000,0.0000,0.0000
106.024,381.4592,0.1653,84.6920,0.2510,3.8000,-0.4500,0.7710,179.7764,3.0296,0.0000,0.0000,0.0000
106.135,381.2650,0.2472,84.6165,0.2510,3.8000,-0.4500,0.9171,179.7842,3.1065,0.0000,0.0000,0.0000
106.249,381.0317,0.3450,84.5247,0.2510,3.8000,-0.4500,0.9171,179.7842,3.1065,0.0000,0.0000,0.0000
106.358,380.8000,0.4488,84.4293,0.2510,3.8000,-0.4500,1.1469,179.7969,3.2151,0.0000,0.0000,0.0000
106.470,380.6065,0.5336,84.3493,0.2510,3.8000,-0.4500,1.1469,179.7969,3.2151,0.0000,0.0000,0.0000
106.583,380.3752,0.6390,84.2507,0.2510,3.8000,-0.4500,1.3014,179.8056,3.2740,0.0000,0.0000,0.0000
106.691,380.1821,0.7259,84.1680,0.2510,3.8000,-0.4500,1.3014,179.8056,3.2740,0.0000,0.0000,0.0000
106.792,379.9896,0.8154,84.0834,0.2510,3.8000,-0.4500,1.4590,179.8147,3.3169,0.0000,0.0000,0.0000
106.913,379.7583,0.9208,83.9818,0.2510,3.8000,-0.4500,1.4590,179.8147,3.3169,0.0000,0.0000,0.0000
107.025,379.5269,1.0262,83.8794,0.2510,3.8000,-0.4500,1.4590,179.8147,3.3169,0.0000,0.0000,0.0000
107.137,379.2955,1.1328,83.7749,0.2510,3.8000,-0.4500,1.6232,179.8243,3.3293,0.0000,0.0000,0.0000
107.247,379.1024,1.2198,83.6884,0.2510,3.8000,-0.4500,1.6232,179.8243,3.3293,0.0000,0.0000,0.0000
107.371,378.8701,1.3239,83.5834,0.2510,3.8000,-0.4500,1.7833,179.8335,3.3022,0.0000,0.0000,0.0000
107.496,378.5988,1.4426,83.4621,0.2510,3.8000,-0.4500,1.7833,179.8335,3.3022,0.0000,0.0000,0.0000
107.610,378.4041,1.5258,83.3751,0.2510,3.8000,-0.4500,1.8579,179.8378,3.2680,0.0000,0.0000,0.0000
107.720,378.1699,1.6234,83.2712,0.2510,3.8000,-0.4500,1.9317,179.8420,3.2323,0.0000,0.0000,0.0000
107.830,377.9741,1.7025,83.1851,0.2510,3.8000,-0.4500,1.9976,179.8457,3.1819,0.0000,0.0000,0.0000
107.955,377.7382,1.7947,83.0830,0.2510,3.8000,-0.4500,2.0613,179.8492,3.1290,0.0000,0.0000,0.0000
108.068,377.4997,1.8816,82.9817,0.2510,3.8000,-0.4500,2.2784,179.8606,2.8800,0.0000,0.0000,0.0000
108.177,377.2617,1.9676,82.8849,0.2510,3.8000,-0.4500,2.2784,179.8606,2.8800,0.0000,0.0000,0.0000
108.289,377.0614,2.0344,82.8057,0.2510,3.8000,-0.4500,2.3532,179.8643,2.7332,0.0000,0.0000,0.0000
108.413,376.8193,2.1098,82.7137,0.2510,3.8000,-0.4500,2.4443,179.8685,2.5028,0.0000,0.0000,0.0000
108.526,376.5756,2.1802,82.6257,0.2510,3.8000,-0.4500,2.5045,179.8710,2.2535,0.0000,0.0000,0.0000
108.637,376.3315,2.2482,82.5430,0.2510,3.8000,-0.4500,2.5214,179.8717,2.1724,0.0000,0.0000,0.0000
108.748,376.1256,2.2979,82.4779,0.2510,3.8000,-0.4500,2.5430,179.8724,1.9232,0.0000,0.0000,0.0000
108.857,375.8772,2.3530,82.4053,0.2510,3.8000,-0.4500,2.5416,179.8724,1.6760,0.0000,0.0000,0.0000
108.970,375.6690,2.3950,82.3495,0.2510,3.8000,-0.4500,2.5250,179.8719,1.5113,0.0000,0.0000,0.0000
109.093,375.4173,2.4388,82.2884,0.2510,3.8000,-0.4500,2.4887,179.8710,1.2603,0.0000,0.0000,0.0000
109.206,375.1634,2.4744,82.2342,0.2510,3.8000,-0.4500,2.4103,179.8696,0.9338,0.0000,0.0000,0.0000
109.316,374.9085,2.5048,82.1864,0.2510,3.8000,-0.4500,2.3311,179.8684,0.6901,0.0000,0.0000,0.0000
109.442,374.6524,2.5300,82.1454,0.2510,3.8000,-0.4500,2.2761,179.8678,0.5329,0.0000,0.0000,0.0000
109.552,374.4365,2.5416,82.1167,0.2510,3.8000,-0.4500,2.1384,179.8670,0.2131,0.0000,0.0000,0.0000
109.665,374.1777,2.5538,82.0870,0.2510,3.8000,-0.4500,2.0694,179.8668,0.0622,0.0000,0.0000,0.0000
109.774,373.9600,2.5546,82.0665,0.2510,3.8000,-0.4500,1.9086,179.8670,359.7585,0.0000,0.0000,0.0000
109.899,373.6553,2.5516,82.0393,0.2510,3.8000,-0.4500,1.7868,179.8678,359.5460,0.0000,0.0000,0.0000
110.010,373.4372,2.5436,82.0200,0.2510,3.8000,-0.4500,1.7005,179.8686,359.4045,0.0000,0.0000,0.0000
110.135,373.1744,2.5249,81.9961,0.2510,3.8000,-0.4500,1.5174,179.8709,359.1240,0.0000,0.0000,0.0000
110.249,372.9113,2.4993,81.9695,0.2510,3.8000,-0.4500,1.3231,179.8744,358.8497,0.0000,0.0000,0.0000
110.358,372.6490,2.4701,81.9388,0.2510,3.8000,-0.4500,1.2220,179.8765,358.7159,0.0000,0.0000,0.0000
110.482,372.3866,2.4345,81.9044,0.2510,3.8000,-0.4500,1.1198,179.8789,358.5838,0.0000,0.0000,0.0000
110.608,372.1234,2.3896,81.8673,0.2510,3.8000,-0.4500,0.9051,179.8847,358.3217,0.0000,0.0000,0.0000
110.733,371.8612,2.3421,81.8253,0.2510,3.8000,-0.4500,0.7949,179.8881,358.1957,0.0000,0.0000,0.0000
110.857,371.5554,2.2805,81.7717,0.2510,3.8000,-0.4500,0.6819,179.8918,358.0712,0.0000,0.0000,0.0000
110.983,371.2931,2.2205,81.7225,0.2510,3.8000,-0.4500,0.5093,179.8979,357.8898,0.0000,0.0000,0.0000
111.095,371.0752,2.1693,81.6782,0.2510,3.8000,-0.4500,0.4527,179.9000,357.8325,0.0000,0.0000,0.0000
111.208,370.8134,2.1014,81.6232,0.2510,3.8000,-0.4500,0.2698,179.9072,357.6599,0.0000,0.0000,0.0000
111.330,370.5524,2.0327,81.5644,0.2510,3.8000,-0.4500,0.2081,179.9097,357.6062,0.0000,0.0000,0.0000
111.455,370.2915,1.9606,81.5033,0.2510,3.8000,-0.4500,0.1456,179.9124,357.5530,0.0000,0.0000,0.0000
111.566,370.0304,1.8842,81.4402,0.2510,3.8000,-0.4500,0.0149,179.9181,357.4493,0.0000,0.0000,0.0000
111.679,369.7694,1.8038,81.3754,0.2510,3.8000,-0.4500,359.8153,179.9272,357.3073,0.0000,0.0000,0.0000
111.802,369.5096,1.7254,81.3067,0.2510,3.8000,-0.4500,359.8153,179.9272,357.3073,0.0000,0.0000,0.0000
111.927,369.2497,1.6437,81.2369,0.2510,3.8000,-0.4500,359.7454,179.9305,357.2672,0.0000,0.0000,0.0000
112.041,368.9900,1.5604,81.1660,0.2510,3.8000,-0.4500,359.6728,179.9340,357.2298,0.0000,0.0000,0.0000
112.149,368.7739,1.4909,81.1058,0.2510,3.8000,-0.4500,359.6728,179.9340,357.2298,0.0000,0.0000,0.0000
112.276,368.4712,1.3912,81.0210,0.2510,3.8000,-0.4500,359.5973,179.9377,357.1964,0.0000,0.0000,0.0000
112.385,368.2553,1.3190,80.9601,0.2510,3.8000,-0.4500,359.5174,179.9416,357.1681,0.0000,0.0000,0.0000
112.510,367.9962,1.2310,80.8870,0.2510,3.8000,-0.4500,359.3571,179.9496,357.1218,0.0000,0.0000,0.0000
112.621,367.7375,1.1444,80.8123,0.2510,3.8000,-0.4500,359.3571,179.9496,357.1218,0.0000,0.0000,0.0000
112.733,367.5220,1.0720,80.7499,0.2510,3.8000,-0.4500,359.3571,179.9496,357.1218,0.0000,0.0000,0.0000
112.858,367.2207,0.9686,80.6635,0.2510,3.8000,-0.4500,359.1934,179.9579,357.0995,0.0000,0.0000,0.0000
112.982,366.9627,0.8811,80.5884,0.2510,3.8000,-0.4500,359.1934,179.9579,357.0995,0.0000,0.0000,0.0000
113.093,366.7478,0.8074,80.5263,0.2510,3.8000,-0.4500,359.1117,179.9620,357.0984,0.0000,0.0000,0.0000
113.206,366.4901,0.7184,80.4524,0.2510,3.8000,-0.4500,358.9507,179.9702,357.1044,0.0000,0.0000,0.0000
113.316,366.2753,0.6450,80.3899,0.2510,3.8000,-0.4500,358.9507,179.9702,357.1044,0.0000,0.0000,0.0000
113.441,365.9748,0.5421,80.3027,0.2510,3.8000,-0.4500,358.9507,179.9702,357.1044,0.0000,0.0000,0.0000
113.552,365.7605,0.4675,80.2417,0.2510,3.8000,-0.4500,358.7912,179.9782,357.1270,0.0000,0.0000,0.0000
113.678,365.4603,0.3638,80.1551,0.2510,3.8000,-0.4500,358.7912,179.9782,357.1270,0.0000,0.0000,0.0000
113.788,365.2458,0.2894,80.0937,0.2510,3.8000,-0.4500,358.7912,179.9782,357.1270,0.0000,0.0000,0.0000
113.914,364.9887,0.1994,80.0208,0.2510,3.8000,-0.4500,358.7120,179.9822,357.1421,0.0000,0.0000,0.0000
114.024,364.7315,0.1092,79.9478,0.2510,3.8000,-0.4500,358.7120,179.9822,357.1421,0.0000,0.0000,0.0000
114.135,364.5173,0.0333,79.8879,0.2510,3.8000,-0.4500,358.6307,179.9862,357.1586,0.0000,0.0000,0.0000
114.248,364.2601,-0.0579,79.8156,0.2510,3.8000,-0.4500,358.6307,179.9862,357.1586,0.0000,0.0000,0.0000
114.358,364.0031,-0.1501,79.7447,0.2510,3.8000,-0.4500,358.4683,179.9942,357.1906,0.0000,0.0000,0.0000
114.470,363.7888,-0.2263,79.6851,0.2510,3.8000,-0.4500,358.4683,179.9942,357.1906,0.0000,0.0000,0.0000
114.581,363.5317,-0.3175,79.6139,0.2510,3.8000,-0.4500,358.4683,179.9942,357.1906,0.0000,0.0000,0.0000
114.692,363.3175,-0.3929,79.5548,0.2510,3.8000,-0.4500,358.4683,179.9942,357.1906,0.0000,0.0000,0.0000
114.817,363.0177,-0.4973,79.4728,0.2510,3.8000,-0.4500,358.3927,179.9979,357.2168,0.0000,0.0000,0.0000
114.941,362.7609,-0.5851,79.4025,0.2510,3.8000,-0.4500,358.3927,179.9979,357.2168,0.0000,0.0000,0.0000
115.069,362.5044,-0.6706,79.3330,0.2510,3.8000,-0.4500,358.3225,180.0013,357.2615,0.0000,0.0000,0.0000
115.178,362.2482,-0.7536,79.2648,0.2510,3.8000,-0.4500,358.1878,180.0077,357.3523,0.0000,0.0000,0.0000
115.302,361.9915,-0.8346,79.1970,0.2510,3.8000,-0.4500,358.1878,180.0077,357.3523,0.0000,0.0000,0.0000
115.427,361.7350,-0.9127,79.1301,0.2510,3.8000,-0.4500,358.1878,180.0077,357.3523,0.0000,0.0000,0.0000
115.539,361.4796,-0.9861,79.0650,0.2510,3.8000,-0.4500,358.0931,180.0119,357.4877,0.0000,0.0000,0.0000
115.664,361.2240,-1.0565,79.0010,0.2510,3.8000,-0.4500,358.0579,180.0134,357.5669,0.0000,0.0000,0.0000
115.788,360.9691,-1.1212,78.9399,0.2510,3.8000,-0.4500,357.9622,180.0173,357.8024,0.0000,0.0000,0.0000
115.888,360.7555,-1.1750,78.8912,0.2510,3.8000,-0.4500,357.9622,180.0173,357.8024,0.0000,0.0000,0.0000
115.997,360.5013,-1.2304,78.8354,0.2510,3.8000,-0.4500,357.9063,180.0193,358.1377,0.0000,0.0000,0.0000
116.122,360.2447,-1.2872,78.7833,0.2510,3.8000,-0.4500,357.9063,180.0193,358.1377,0.0000,0.0000,0.0000
116.247,359.9902,-1.3340,78.7350,0.2510,3.8000,-0.4500,357.8998,180.0195,358.4653,0.0000,0.0000,0.0000
116.372,359.7336,-1.3822,78.6909,0.2510,3.8000,-0.4500,357.8998,180.0195,358.4653,0.0000,0.0000,0.0000
116.497,359.4363,-1.4265,78.6447,0.2510,3.8000,-0.4500,357.9277,180.0189,358.7988,0.0000,0.0000,0.0000
116.609,359.2230,-1.4572,78.6156,0.2510,3.8000,-0.4500,357.9383,180.0186,358.8777,0.0000,0.0000,0.0000
116.719,358.9680,-1.4869,78.5848,0.2510,3.8000,-0.4500,357.9779,180.0180,359.1198,0.0000,0.0000,0.0000
116.830,358.7548,-1.5103,78.5627,0.2510,3.8000,-0.4500,357.9929,180.0177,359.2004,0.0000,0.0000,0.0000
116.955,358.5006,-1.5295,78.5398,0.2510,3.8000,-0.4500,358.0656,180.0169,359.5334,0.0000,0.0000,0.0000
117.067,358.2449,-1.5487,78.5224,0.2510,3.8000,-0.4500,358.0859,180.0168,359.6146,0.0000,0.0000,0.0000
117.180,357.9897,-1.5616,78.5097,0.2510,3.8000,-0.4500,358.1276,180.0166,359.7783,0.0000,0.0000,0.0000
117.302,357.7354,-1.5682,78.5012,0.2510,3.8000,-0.4500,358.1927,180.0164,0.0171,0.0000,0.0000,0.0000
117.413,357.5239,-1.5694,78.4964,0.2510,3.8000,-0.4500,358.2615,180.0166,0.2543,0.0000,0.0000,0.0000
117.527,357.2693,-1.5706,78.4916,0.2510,3.8000,-0.4500,358.2852,180.0167,0.3328,0.0000,0.0000,0.0000
117.637,357.0160,-1.5657,78.4857,0.2510,3.8000,-0.4500,358.3331,180.0171,0.4902,0.0000,0.0000,0.0000
117.747,356.8063,-1.5562,78.4791,0.2510,3.8000,-0.4500,358.4062,180.0179,0.7238,0.0000,0.0000,0.0000
117.872,356.5543,-1.5448,78.4684,0.2510,3.8000,-0.4500,358.4308,180.0182,0.8017,0.0000,0.0000,0.0000
117.985,356.3037,-1.5278,78.4539,0.2510,3.8000,-0.4500,358.4803,180.0189,0.9576,0.0000,0.0000,0.0000
118.108,356.0547,-1.5053,78.4354,0.2510,3.8000,-0.4500,358.5549,180.0203,1.1939,0.0000,0.0000,0.0000
118.221,355.8052,-1.4839,78.4129,0.2510,3.8000,-0.4500,358.5549,180.0203,1.1939,0.0000,0.0000,0.0000
118.344,355.5584,-1.4543,78.3863,0.2510,3.8000,-0.4500,358.6285,180.0220,1.4330,0.0000,0.0000,0.0000
118.456,355.3109,-1.4263,78.3559,0.2510,3.8000,-0.4500,358.6285,180.0220,1.4330,0.0000,0.0000,0.0000
118.580,355.0654,-1.3925,78.3221,0.2510,3.8000,-0.4500,358.6747,180.0232,1.5900,0.0000,0.0000,0.0000
118.705,354.8208,-1.3561,78.2851,0.2510,3.8000,-0.4500,358.7185,180.0245,1.7472,0.0000,0.0000,0.0000
118.818,354.5758,-1.3206,78.2453,0.2510,3.8000,-0.4500,358.7185,180.0245,1.7471,0.0000,0.0000,0.0000
118.941,354.3322,-1.2817,78.2031,0.2510,3.8000,-0.4500,358.7384,180.0251,1.8261,0.0000,0.0000,0.0000
119.041,354.1292,-1.2493,78.1665,0.2510,3.8000,-0.4500,358.7384,180.0251,1.8261,0.0000,0.0000,0.0000
119.163,353.8868,-1.2076,78.1206,0.2510,3.8000,-0.4500,358.7571,180.0257,1.9068,0.0000,0.0000,0.0000
119.289,353.6448,-1.1650,78.0723,0.2510,3.8000,-0.4500,358.7738,180.0263,1.9861,0.0000,0.0000,0.0000
119.402,353.4027,-1.1232,78.0222,0.2510,3.8000,-0.4500,358.7738,180.0263,1.9861,0.0000,0.0000,0.0000
119.525,353.1614,-1.0795,77.9705,0.2510,3.8000,-0.4500,358.7865,180.0268,2.0660,0.0000,0.0000,0.0000
119.636,352.9601,-1.0443,77.9263,0.2510,3.8000,-0.4500,358.7865,180.0268,2.0660,0.0000,0.0000,0.0000
119.761,352.6784,-0.9953,77.8634,0.2510,3.8000,-0.4500,358.7865,180.0268,2.0660,0.0000,0.0000,0.0000
119.872,352.4774,-0.9607,77.8182,0.2510,3.8000,-0.4500,358.7865,180.0268,2.0660,0.0000,0.0000,0.0000
119.997,352.1958,-0.9133,77.7546,0.2510,3.8000,-0.4500,358.7865,180.0268,2.0660,0.0000,0.0000,0.0000
