time_sec,world_x,world_y,world_z,local_x,local_y,local_z,world_rot_x,world_rot_y,world_rot_z,local_rot_x,local_rot_y,local_rot_z
0.000,598.8699,5.2478,250.4535,0.2510,3.8000,-0.4500,0.0000,180.0000,0.0000,0.0000,0.0000,0.0000
0.000,598.8699,5.2478,250.4535,0.2510,3.8000,-0.4500,0.0000,180.0000,0.0000,0.0000,0.0000,0.0000
0.108,598.6015,5.0092,250.4589,0.2510,3.8000,-0.4500,0.0000,180.0000,0.0000,0.0000,0.0000,0.0000
0.236,598.2029,4.6661,250.4638,0.2510,3.8000,-0.4500,0.0000,180.0000,0.0000,0.0000,0.0000,0.0000
0.348,597.6887,4.2305,250.4681,0.2510,3.8000,-0.4500,0.0000,180.0000,0.0000,0.0000,0.0000,0.0000
0.459,597.1816,3.8045,250.4713,0.2510,3.8000,-0.4500,0.0000,180.0000,0.0000,0.0000,0.0000,0.0000
0.571,596.4890,3.2258,250.4747,0.2510,3.8000,-0.4500,0.0000,180.0000,0.0000,0.0000,0.0000,0.0000
0.682,595.8488,2.6930,250.4773,0.2510,3.8000,-0.4500,0.0000,180.0000,0.0000,0.0000,0.0000,0.0000
0.794,595.0140,1.9998,250.4908,0.2510,3.8000,-0.4500,0.0000,180.0000,0.0000,0.0000,0.0000,0.0000
0.905,594.2748,1.3816,250.5786,0.2510,3.8000,-0.4500,0.0000,180.0000,0.0000,0.0000,0.0000,0.0000
1.015,593.3475,0.5966,250.8417,0.2510,3.8000,-0.4500,0.0000,180.0000,0.0000,0.0000,0.0000,0.0000
1.141,592.3839,-0.2305,251.3004,0.2510,3.8000,-0.4500,0.0000,180.0000,0.0000,0.0000,0.0000,0.0000
1.254,591.5676,-0.9785,251.8437,0.2510,3.8000,-0.4500,359.4446,180.0000,0.0028,0.0000,0.0000,0.0000
1.363,591.1057,-1.3481,252.2612,0.2510,3.8000,-0.4500,358.3172,179.9999,0.0089,0.0000,0.0000,0.0000
1.489,590.6374,-1.5208,252.8205,0.2510,3.8000,-0.4500,357.3370,179.9996,0.0146,0.0000,0.0000,0.0000
1.600,590.3734,-1.4926,253.2126,0.2510,3.8000,-0.4500,357.2522,179.9996,0.0150,0.0000,0.0000,0.0000
1.710,590.0986,-1.4027,253.6953,0.2510,3.8000,-0.4500,357.2522,179.9996,0.0150,0.0000,0.0000,0.0000
1.822,589.8903,-1.3373,254.1119,0.2510,3.8000,-0.4500,357.2522,179.9996,0.0150,0.0000,0.0000,0.0000
1.933,589.6544,-1.3064,254.6259,0.2510,3.8000,-0.4500,357.2522,179.9996,0.0150,0.0000,0.0000,0.0000
2.058,589.4271,-1.3353,255.1504,0.2510,3.8000,-0.4500,357.2522,179.9996,0.0150,0.0000,0.0000,0.0000
2.183,589.2046,-1.4113,255.6818,0.2510,3.8000,-0.4500,357.2522,179.9996,0.0151,0.0000,0.0000,0.0000
2.294,588.9846,-1.5143,256.2177,0.2510,3.8000,-0.4500,357.2522,179.9996,0.0151,0.0000,0.0000,0.0000
2.406,588.8023,-1.6066,256.6669,0.2510,3.8000,-0.4500,357.2522,179.9996,0.0151,0.0000,0.0000,0.0000
2.517,588.5843,-1.7135,257.2081,0.2510,3.8000,-0.4500,357.2522,179.9996,0.0150,0.0000,0.0000,0.0000
2.628,588.3666,-1.8096,257.7513,0.2510,3.8000,-0.4500,357.2522,179.9996,0.0151,0.0000,0.0000,0.0000
2.739,588.1854,-1.8805,258.2046,0.2510,3.8000,-0.4500,357.2522,179.9996,0.0151,0.0000,0.0000,0.0000
2.850,587.9675,-1.9556,258.7446,0.2510,3.8000,-0.4500,357.2522,179.9996,0.0151,0.0000,0.0000,0.0000
2.961,587.7854,-2.0118,259.1884,0.2510,3.8000,-0.4500,357.2522,179.9996,0.0151,0.0000,0.0000,0.0000
3.073,587.5662,-2.0745,259.7134,0.2510,3.8000,-0.4500,357.2522,179.9996,0.0151,0.0000,0.0000,0.0000
3.183,587.3832,-2.1240,260.1461,0.2510,3.8000,-0.4500,357.2522,179.9996,0.0151,0.0000,0.0000,0.0000
3.295,587.1620,-2.1823,260.6591,0.2510,3.8000,-0.4500,357.4708,179.9994,359.8691,0.0000,0.0000,0.0000
3.406,586.9778,-2.2291,261.0845,0.2510,3.8000,-0.4500,357.6129,179.9990,359.7780,0.0000,0.0000,0.0000
3.517,586.7568,-2.2832,261.5929,0.2510,3.8000,-0.4500,357.7567,179.9983,359.6954,0.0000,0.0000,0.0000
3.628,586.5350,-2.3345,262.0989,0.2510,3.8000,-0.4500,357.9778,179.9969,359.5748,0.0000,0.0000,0.0000
3.739,586.3498,-2.3747,262.5194,0.2510,3.8000,-0.4500,358.2131,179.9949,359.4550,0.0000,0.0000,0.0000
3.850,586.1274,-2.4195,263.0234,0.2510,3.8000,-0.4500,358.4381,179.9926,359.3437,0.0000,0.0000,0.0000
3.961,585.9420,-2.4536,263.4440,0.2510,3.8000,-0.4500,358.5854,179.9908,359.2736,0.0000,0.0000,0.0000
4.073,585.7195,-2.4907,263.9561,0.2510,3.8000,-0.4500,358.8845,179.9866,359.1353,0.0000,0.0000,0.0000
4.184,585.5345,-2.5182,264.3922,0.2510,3.8000,-0.4500,359.0380,179.9842,359.0680,0.0000,0.0000,0.0000
4.295,585.3130,-2.5471,264.9245,0.2510,3.8000,-0.4500,359.2655,179.9803,358.9701,0.0000,0.0000,0.0000
4.406,585.1284,-2.5672,265.3734,0.2510,3.8000,-0.4500,359.5006,179.9759,358.8773,0.0000,0.0000,0.0000
4.517,584.9069,-2.5868,265.9169,0.2510,3.8000,-0.4500,359.7324,179.9712,358.7925,0.0000,0.0000,0.0000
4.628,584.6855,-2.6008,266.4634,0.2510,3.8000,-0.4500,359.9749,179.9659,358.7158,0.0000,0.0000,0.0000
4.741,584.5013,-2.6084,266.9208,0.2510,3.8000,-0.4500,0.0542,179.9641,358.6920,0.0000,0.0000,0.0000
4.852,584.2790,-2.6116,267.4613,0.2510,3.8000,-0.4500,0.2946,179.9585,358.6335,0.0000,0.0000,0.0000
4.961,584.0867,-2.6107,267.8152,0.2510,3.8000,-0.4500,0.5507,179.9523,358.5921,0.0000,0.0000,0.0000
5.074,583.8457,-2.6109,268.0230,0.2510,3.8000,-0.4500,0.6338,179.9502,358.5804,0.0000,0.0000,0.0000
5.183,583.6447,-2.6110,268.0207,0.2510,3.8000,-0.4500,0.8829,179.9441,358.5758,0.0000,0.0000,0.0000
5.295,583.4066,-2.6149,267.8591,0.2510,3.8000,-0.4500,0.8829,179.9441,358.5758,0.0000,0.0000,0.0000
5.406,583.2112,-2.6188,267.6292,0.2510,3.8000,-0.4500,0.8829,179.9441,358.5758,0.0000,0.0000,0.0000
5.517,582.9802,-2.6204,267.2752,0.2510,3.8000,-0.4500,1.1244,179.9382,358.6338,0.0000,0.0000,0.0000
5.628,582.7515,-2.6235,266.8696,0.2510,3.8000,-0.4500,1.1244,179.9382,358.6338,0.0000,0.0000,0.0000
5.754,582.5248,-2.6231,266.4311,0.2510,3.8000,-0.4500,1.1964,179.9365,358.6751,0.0000,0.0000,0.0000
5.865,582.3380,-2.6161,266.0490,0.2510,3.8000,-0.4500,1.4639,179.9307,358.8691,0.0000,0.0000,0.0000
5.975,582.1135,-2.6112,265.5815,0.2510,3.8000,-0.4500,1.4639,179.9308,358.8691,0.0000,0.0000,0.0000
6.101,581.8914,-2.5981,265.0997,0.2510,3.8000,-0.4500,1.6226,179.9279,359.0644,0.0000,0.0000,0.0000
6.212,581.6703,-2.5847,264.6000,0.2510,3.8000,-0.4500,1.6718,179.9271,359.1285,0.0000,0.0000,0.0000
6.323,581.4876,-2.5689,264.1707,0.2510,3.8000,-0.4500,1.7567,179.9259,359.2760,0.0000,0.0000,0.0000
6.434,581.2700,-2.5475,263.6443,0.2510,3.8000,-0.4500,1.8371,179.9250,359.4222,0.0000,0.0000,0.0000
6.545,581.0900,-2.5246,263.1985,0.2510,3.8000,-0.4500,1.9374,179.9242,359.6480,0.0000,0.0000,0.0000
6.656,580.8737,-2.4978,262.6589,0.2510,3.8000,-0.4500,1.9669,179.9240,359.7252,0.0000,0.0000,0.0000
6.767,580.6590,-2.4654,262.1151,0.2510,3.8000,-0.4500,2.0251,179.9238,359.8808,0.0000,0.0000,0.0000
6.879,580.4815,-2.4333,261.6596,0.2510,3.8000,-0.4500,2.1047,179.9238,0.1254,0.0000,0.0000,0.0000
6.989,580.2676,-2.3951,261.1150,0.2510,3.8000,-0.4500,2.1297,179.9239,0.2045,0.0000,0.0000,0.0000
7.100,580.0903,-2.3583,260.6656,0.2510,3.8000,-0.4500,2.1758,179.9241,0.3649,0.0000,0.0000,0.0000
7.211,579.8782,-2.3093,260.1322,0.2510,3.8000,-0.4500,2.2419,179.9247,0.6062,0.0000,0.0000,0.0000
7.323,579.7009,-2.2676,259.6923,0.2510,3.8000,-0.4500,2.2628,179.9249,0.6873,0.0000,0.0000,0.0000
7.433,579.4895,-2.2128,259.1677,0.2510,3.8000,-0.4500,2.3045,179.9255,0.8502,0.0000,0.0000,0.0000
7.545,579.3145,-2.1621,258.7323,0.2510,3.8000,-0.4500,2.3637,179.9265,1.0905,0.0000,0.0000,0.0000
7.656,579.1038,-2.1020,258.2116,0.2510,3.8000,-0.4500,2.3827,179.9269,1.1703,0.0000,0.0000,0.0000
7.767,578.8943,-2.0368,257.6917,0.2510,3.8000,-0.4500,2.4210,179.9277,1.3334,0.0000,0.0000,0.0000
7.878,578.7207,-1.9796,257.2587,0.2510,3.8000,-0.4500,2.4581,179.9286,1.4961,0.0000,0.0000,0.0000
7.989,578.5120,-1.9103,256.7394,0.2510,3.8000,-0.4500,2.4761,179.9291,1.5773,0.0000,0.0000,0.0000
8.115,578.3047,-1.8367,256.2198,0.2510,3.8000,-0.4500,2.5115,179.9301,1.7384,0.0000,0.0000,0.0000
8.226,578.1321,-1.7742,255.7867,0.2510,3.8000,-0.4500,2.5281,179.9306,1.8179,0.0000,0.0000,0.0000
8.336,577.9262,-1.6959,255.2666,0.2510,3.8000,-0.4500,2.5610,179.9317,1.9811,0.0000,0.0000,0.0000
8.447,577.7206,-1.6171,254.7462,0.2510,3.8000,-0.4500,2.5769,179.9323,2.0605,0.0000,0.0000,0.0000
8.558,577.5491,-1.5510,254.3124,0.2510,3.8000,-0.4500,2.5769,179.9323,2.0605,0.0000,0.0000,0.0000
8.670,577.3448,-1.4672,253.7916,0.2510,3.8000,-0.4500,2.6054,179.9333,2.2239,0.0000,0.0000,0.0000
8.781,577.1741,-1.3987,253.3593,0.2510,3.8000,-0.4500,2.6054,179.9333,2.2239,0.0000,0.0000,0.0000
8.906,576.9695,-1.3153,252.8431,0.2510,3.8000,-0.4500,2.6054,179.9333,2.2239,0.0000,0.0000,0.0000
9.018,576.7655,-1.2291,252.3291,0.2510,3.8000,-0.4500,2.6172,179.9338,2.3051,0.0000,0.0000,0.0000
9.128,576.5609,-1.1438,251.8169,0.2510,3.8000,-0.4500,2.6172,179.9338,2.3051,0.0000,0.0000,0.0000
9.239,576.3908,-1.0722,251.3911,0.2510,3.8000,-0.4500,2.6172,179.9338,2.3051,0.0000,0.0000,0.0000
9.351,576.1882,-0.9832,250.8806,0.2510,3.8000,-0.4500,2.6309,179.9343,2.4713,0.0000,0.0000,0.0000
9.462,576.0182,-0.9117,250.4557,0.2510,3.8000,-0.4500,2.6309,179.9343,2.4712,0.0000,0.0000,0.0000
9.574,575.8142,-0.8260,249.9465,0.2510,3.8000,-0.4500,2.6309,179.9343,2.4713,0.0000,0.0000,0.0000
9.684,575.6442,-0.7552,249.5244,0.2510,3.8000,-0.4500,2.6309,179.9343,2.4713,0.0000,0.0000,0.0000
9.794,575.4398,-0.6707,249.0212,0.2510,3.8000,-0.4500,2.6309,179.9343,2.4712,0.0000,0.0000,0.0000
9.906,575.2692,-0.6013,248.6046,0.2510,3.8000,-0.4500,2.6309,179.9344,2.4713,0.0000,0.0000,0.0000
10.030,575.0300,-0.5054,248.0244,0.2510,3.8000,-0.4500,2.6309,179.9343,2.4713,0.0000,0.0000,0.0000
10.143,574.8587,-0.4385,247.6115,0.2510,3.8000,-0.4500,2.6309,179.9343,2.4712,0.0000,0.0000,0.0000
10.252,574.6527,-0.3597,247.1174,0.2510,3.8000,-0.4500,2.6309,179.9343,2.4712,0.0000,0.0000,0.0000
10.364,574.4808,-0.2959,246.7063,0.2510,3.8000,-0.4500,2.6309,179.9343,2.4713,0.0000,0.0000,0.0000
10.475,574.2741,-0.2217,246.2139,0.2510,3.8000,-0.4500,2.6309,179.9343,2.4713,0.0000,0.0000,0.0000
10.586,574.1016,-0.1619,245.8047,0.2510,3.8000,-0.4500,2.6309,179.9343,2.4713,0.0000,0.0000,0.0000
10.697,573.8937,-0.0929,245.3156,0.2510,3.8000,-0.4500,2.6309,179.9343,2.4713,0.0000,0.0000,0.0000
10.809,573.6852,-0.0270,244.8281,0.2510,3.8000,-0.4500,2.6309,179.9343,2.4712,0.0000,0.0000,0.0000
10.933,573.4758,0.0353,244.3420,0.2510,3.8000,-0.4500,2.6309,179.9343,2.4712,0.0000,0.0000,0.0000
11.059,573.2657,0.0940,243.8571,0.2510,3.8000,-0.4500,2.6309,179.9343,2.4712,0.0000,0.0000,0.0000
11.170,573.0540,0.1447,243.3746,0.2510,3.8000,-0.4500,2.4249,179.9257,2.3273,0.0000,0.0000,0.0000
11.281,572.8774,0.1859,242.9724,0.2510,3.8000,-0.4500,2.3643,179.9233,2.2743,0.0000,0.0000,0.0000
11.392,572.6644,0.2300,242.4910,0.2510,3.8000,-0.4500,2.2465,179.9187,2.1591,0.0000,0.0000,0.0000
11.503,572.4854,0.2613,242.0909,0.2510,3.8000,-0.4500,2.0810,179.9127,1.9613,0.0000,0.0000,0.0000
11.614,572.2708,0.2986,241.6104,0.2510,3.8000,-0.4500,2.0289,179.9110,1.8963,0.0000,0.0000,0.0000
11.725,572.0907,0.3243,241.2115,0.2510,3.8000,-0.4500,1.9346,179.9079,1.7596,0.0000,0.0000,0.0000
11.837,571.8726,0.3482,240.7350,0.2510,3.8000,-0.4500,1.7566,179.9029,1.4739,0.0000,0.0000,0.0000
11.947,571.6553,0.3720,240.2592,0.2510,3.8000,-0.4500,1.7175,179.9019,1.4042,0.0000,0.0000,0.0000
12.072,571.4351,0.3859,239.7859,0.2510,3.8000,-0.4500,1.5578,179.8984,1.1007,0.0000,0.0000,0.0000
12.185,571.2512,0.3944,239.3922,0.2510,3.8000,-0.4500,1.4492,179.8965,0.8773,0.0000,0.0000,0.0000
12.295,571.0306,0.4039,238.9201,0.2510,3.8000,-0.4500,1.4133,179.8960,0.7990,0.0000,0.0000,0.0000
12.406,570.8444,0.4028,238.5282,0.2510,3.8000,-0.4500,1.2727,179.8944,0.4873,0.0000,0.0000,0.0000
12.518,570.6218,0.4016,238.0577,0.2510,3.8000,-0.4500,1.2079,179.8940,0.3357,0.0000,0.0000,0.0000
12.628,570.3986,0.3953,237.5879,0.2510,3.8000,-0.4500,1.1438,179.8937,0.1825,0.0000,0.0000,0.0000
12.754,570.1741,0.3825,237.1189,0.2510,3.8000,-0.4500,1.0493,179.8936,359.9504,0.0000,0.0000,0.0000
12.866,569.9863,0.3674,236.7284,0.2510,3.8000,-0.4500,0.9581,179.8938,359.7206,0.0000,0.0000,0.0000
12.977,569.7610,0.3474,236.2599,0.2510,3.8000,-0.4500,0.8985,179.8942,359.5658,0.0000,0.0000,0.0000
13.100,569.5350,0.3229,235.7916,0.2510,3.8000,-0.4500,0.8399,179.8947,359.4117,0.0000,0.0000,0.0000
13.212,569.3086,0.2939,235.3235,0.2510,3.8000,-0.4500,0.7819,179.8954,359.2572,0.0000,0.0000,0.0000
13.323,569.1186,0.2642,234.9340,0.2510,3.8000,-0.4500,0.6938,179.8967,359.0173,0.0000,0.0000,0.0000
13.434,568.8915,0.2293,234.4660,0.2510,3.8000,-0.4500,0.6655,179.8972,358.9400,0.0000,0.0000,0.0000
13.545,568.7012,0.1955,234.0763,0.2510,3.8000,-0.4500,0.6104,179.8983,358.7867,0.0000,0.0000,0.0000
13.656,568.4737,0.1540,233.6086,0.2510,3.8000,-0.4500,0.5836,179.8989,358.7119,0.0000,0.0000,0.0000
13.769,568.2432,0.1075,233.1675,0.2510,3.8000,-0.4500,0.5280,179.9002,358.5552,0.0000,0.0000,0.0000
13.893,568.0014,0.0567,232.8994,0.2510,3.8000,-0.4500,0.4450,179.9025,358.3229,0.0000,0.0000,0.0000
14.005,567.7988,0.0165,232.8588,0.2510,3.8000,-0.4500,0.4450,179.9025,358.3229,0.0000,0.0000,0.0000
14.114,567.5584,-0.0371,232.9948,0.2510,3.8000,-0.4500,0.3810,179.9044,358.1670,0.0000,0.0000,0.0000
14.225,567.3619,-0.0807,233.2213,0.2510,3.8000,-0.4500,0.3810,179.9044,358.1670,0.0000,0.0000,0.0000
14.337,567.1290,-0.1363,233.5857,0.2510,3.8000,-0.4500,0.3467,179.9055,358.0922,0.0000,0.0000,0.0000
14.462,566.8992,-0.1913,234.0152,0.2510,3.8000,-0.4500,0.3467,179.9055,358.0922,0.0000,0.0000,0.0000
14.572,566.6714,-0.2470,234.4848,0.2510,3.8000,-0.4500,0.3467,179.9055,358.0922,0.0000,0.0000,0.0000
14.697,566.4442,-0.3049,234.9790,0.2510,3.8000,-0.4500,0.3108,179.9068,358.0199,0.0000,0.0000,0.0000
14.808,566.2183,-0.3623,235.4872,0.2510,3.8000,-0.4500,0.3108,179.9068,358.0199,0.0000,0.0000,0.0000
14.920,566.0302,-0.4110,235.9174,0.2510,3.8000,-0.4500,0.3108,179.9068,358.0199,0.0000,0.0000,0.0000
15.030,565.8051,-0.4707,236.4387,0.2510,3.8000,-0.4500,0.3108,179.9068,358.0199,0.0000,0.0000,0.0000
15.142,565.6176,-0.5215,236.8757,0.2510,3.8000,-0.4500,0.3108,179.9068,358.0199,0.0000,0.0000,0.0000
15.254,565.3926,-0.5865,237.4030,0.2510,3.8000,-0.4500,0.1698,179.9117,357.9348,0.0000,0.0000,0.0000
15.364,565.2057,-0.6395,237.8430,0.2510,3.8000,-0.4500,0.1698,179.9117,357.9348,0.0000,0.0000,0.0000
15.475,564.9820,-0.7069,238.3733,0.2510,3.8000,-0.4500,359.9291,179.9205,357.8951,0.0000,0.0000,0.0000
15.600,564.7587,-0.7737,238.9035,0.2510,3.8000,-0.4500,359.8489,179.9235,357.8981,0.0000,0.0000,0.0000
15.725,564.5363,-0.8421,239.4354,0.2510,3.8000,-0.4500,359.6094,179.9322,357.9349,0.0000,0.0000,0.0000
15.836,564.3145,-0.9106,239.9674,0.2510,3.8000,-0.4500,359.4547,179.9377,357.9891,0.0000,0.0000,0.0000
15.961,564.0931,-0.9796,240.4997,0.2510,3.8000,-0.4500,359.3029,179.9430,358.0499,0.0000,0.0000,0.0000
16.086,563.8723,-1.0490,241.0325,0.2510,3.8000,-0.4500,359.1597,179.9477,358.1302,0.0000,0.0000,0.0000
16.211,563.6154,-1.1300,241.6546,0.2510,3.8000,-0.4500,358.9482,179.9544,358.2645,0.0000,0.0000,0.0000
16.322,563.4327,-1.1874,242.0996,0.2510,3.8000,-0.4500,358.7489,179.9601,358.4200,0.0000,0.0000,0.0000
16.446,563.2130,-1.2573,242.6325,0.2510,3.8000,-0.4500,358.6854,179.9619,358.4713,0.0000,0.0000,0.0000
16.572,562.9576,-1.3376,243.2553,0.2510,3.8000,-0.4500,358.5046,179.9664,358.6388,0.0000,0.0000,0.0000
16.697,562.7396,-1.4056,243.7895,0.2510,3.8000,-0.4500,358.3317,179.9703,358.8203,0.0000,0.0000,0.0000
16.808,562.5206,-1.4748,244.3226,0.2510,3.8000,-0.4500,358.3317,179.9703,358.8203,0.0000,0.0000,0.0000
16.919,562.3392,-1.5305,244.7679,0.2510,3.8000,-0.4500,358.2235,179.9724,358.9467,0.0000,0.0000,0.0000
17.044,562.1218,-1.5968,245.3021,0.2510,3.8000,-0.4500,358.1219,179.9741,359.0731,0.0000,0.0000,0.0000
17.156,561.9048,-1.6617,245.8364,0.2510,3.8000,-0.4500,358.0252,179.9756,359.2085,0.0000,0.0000,0.0000
17.268,561.6876,-1.7261,246.3705,0.2510,3.8000,-0.4500,357.9804,179.9762,359.2784,0.0000,0.0000,0.0000
17.379,561.5069,-1.7783,246.8158,0.2510,3.8000,-0.4500,357.9360,179.9767,359.3487,0.0000,0.0000,0.0000
17.490,561.2909,-1.8386,247.3503,0.2510,3.8000,-0.4500,357.8574,179.9775,359.4935,0.0000,0.0000,0.0000
17.599,561.1102,-1.8889,247.7954,0.2510,3.8000,-0.4500,357.8574,179.9775,359.4935,0.0000,0.0000,0.0000
17.712,560.8943,-1.9462,248.3296,0.2510,3.8000,-0.4500,357.8250,179.9778,359.5679,0.0000,0.0000,0.0000
17.822,560.7148,-1.9918,248.7749,0.2510,3.8000,-0.4500,357.7975,179.9780,359.6459,0.0000,0.0000,0.0000
17.932,560.4994,-2.0443,249.3092,0.2510,3.8000,-0.4500,357.7732,179.9781,359.7229,0.0000,0.0000,0.0000
18.044,560.3202,-2.0856,249.7544,0.2510,3.8000,-0.4500,357.7581,179.9781,359.8021,0.0000,0.0000,0.0000
18.156,560.1042,-2.1336,250.2884,0.2510,3.8000,-0.4500,357.7581,179.9781,359.8021,0.0000,0.0000,0.0000
18.267,559.8899,-2.1754,250.8225,0.2510,3.8000,-0.4500,357.7505,179.9781,359.9673,0.0000,0.0000,0.0000
18.378,559.7106,-2.2097,251.2674,0.2510,3.8000,-0.4500,357.7505,179.9781,359.9674,0.0000,0.0000,0.0000
18.490,559.4968,-2.2442,251.8010,0.2510,3.8000,-0.4500,357.7812,179.9782,0.1304,0.0000,0.0000,0.0000
18.600,559.3180,-2.2722,252.2457,0.2510,3.8000,-0.4500,357.7812,179.9782,0.1304,0.0000,0.0000,0.0000
18.713,559.1041,-2.3001,252.7789,0.2510,3.8000,-0.4500,357.8092,179.9782,0.2066,0.0000,0.0000,0.0000
18.823,558.9271,-2.3163,253.2227,0.2510,3.8000,-0.4500,357.9197,179.9789,0.4269,0.0000,0.0000,0.0000
18.933,558.7132,-2.3368,253.7557,0.2510,3.8000,-0.4500,357.9197,179.9789,0.4269,0.0000,0.0000,0.0000
19.045,558.5358,-2.3466,254.1990,0.2510,3.8000,-0.4500,358.0262,179.9798,0.5566,0.0000,0.0000,0.0000
19.158,558.3231,-2.3541,254.7309,0.2510,3.8000,-0.4500,358.1409,179.9810,0.6730,0.0000,0.0000,0.0000
19.267,558.1107,-2.3559,255.2623,0.2510,3.8000,-0.4500,358.2636,179.9825,0.7815,0.0000,0.0000,0.0000
19.379,557.9338,-2.3524,255.7047,0.2510,3.8000,-0.4500,358.4031,179.9846,0.8801,0.0000,0.0000,0.0000
19.489,557.7217,-2.3432,256.2353,0.2510,3.8000,-0.4500,358.5421,179.9868,0.9738,0.0000,0.0000,0.0000
19.599,557.5456,-2.3291,256.6766,0.2510,3.8000,-0.4500,358.7635,179.9908,1.0956,0.0000,0.0000,0.0000
19.710,557.3343,-2.3085,257.2063,0.2510,3.8000,-0.4500,358.9147,179.9938,1.1689,0.0000,0.0000,0.0000
19.821,557.1584,-2.2859,257.6472,0.2510,3.8000,-0.4500,359.0645,179.9970,1.2373,0.0000,0.0000,0.0000
19.946,556.9127,-2.2466,258.2636,0.2510,3.8000,-0.4500,359.2907,180.0020,1.3311,0.0000,0.0000,0.0000
20.071,556.7025,-2.2053,258.7910,0.2510,3.8000,-0.4500,359.5223,180.0076,1.4184,0.0000,0.0000,0.0000
20.195,556.4927,-2.1587,259.3184,0.2510,3.8000,-0.4500,359.6771,180.0115,1.4732,0.0000,0.0000,0.0000
20.309,556.2834,-2.1045,259.8445,0.2510,3.8000,-0.4500,359.9099,180.0176,1.5509,0.0000,0.0000,0.0000
20.432,556.0744,-2.0452,260.3702,0.2510,3.8000,-0.4500,0.0647,180.0219,1.6001,0.0000,0.0000,0.0000
20.543,555.9008,-1.9896,260.8071,0.2510,3.8000,-0.4500,0.3006,180.0286,1.6712,0.0000,0.0000,0.0000
20.668,555.6579,-1.9073,261.4189,0.2510,3.8000,-0.4500,0.4586,180.0333,1.7160,0.0000,0.0000,0.0000
20.779,555.4847,-1.8431,261.8549,0.2510,3.8000,-0.4500,0.6186,180.0381,1.7603,0.0000,0.0000,0.0000
20.890,555.2775,-1.7618,262.3776,0.2510,3.8000,-0.4500,0.7774,180.0431,1.8016,0.0000,0.0000,0.0000
21.000,555.1051,-1.6899,262.8124,0.2510,3.8000,-0.4500,0.9362,180.0481,1.8404,0.0000,0.0000,0.0000
21.126,554.8636,-1.5848,263.4207,0.2510,3.8000,-0.4500,1.0941,180.0533,1.8778,0.0000,0.0000,0.0000
21.251,554.6573,-1.4891,263.9405,0.2510,3.8000,-0.4500,1.3367,180.0613,1.9269,0.0000,0.0000,0.0000
21.363,554.4855,-1.4090,264.3745,0.2510,3.8000,-0.4500,1.3367,180.0613,1.9269,0.0000,0.0000,0.0000
21.474,554.2790,-1.3091,264.8942,0.2510,3.8000,-0.4500,1.4155,180.0640,1.9400,0.0000,0.0000,0.0000
21.584,554.1071,-1.2220,265.3256,0.2510,3.8000,-0.4500,1.6597,180.0723,1.9724,0.0000,0.0000,0.0000
21.709,553.8666,-1.1014,265.9310,0.2510,3.8000,-0.4500,1.6597,180.0723,1.9724,0.0000,0.0000,0.0000
21.834,553.6604,-0.9963,266.4496,0.2510,3.8000,-0.4500,1.6597,180.0723,1.9724,0.0000,0.0000,0.0000
21.946,553.4886,-0.9081,266.8816,0.2510,3.8000,-0.4500,1.6597,180.0723,1.9724,0.0000,0.0000,0.0000
22.057,553.2823,-0.7999,267.3977,0.2510,3.8000,-0.4500,1.9100,180.0809,1.9685,0.0000,0.0000,0.0000
22.167,553.0756,-0.6939,267.9153,0.2510,3.8000,-0.4500,1.9100,180.0809,1.9685,0.0000,0.0000,0.0000
22.293,552.8688,-0.5883,268.4328,0.2510,3.8000,-0.4500,1.9100,180.0809,1.9685,0.0000,0.0000,0.0000
22.417,552.6617,-0.4840,268.9502,0.2510,3.8000,-0.4500,1.9101,180.0809,1.9685,0.0000,0.0000,0.0000
22.543,552.4543,-0.3811,269.4675,0.2510,3.8000,-0.4500,1.9100,180.0809,1.9685,0.0000,0.0000,0.0000
22.654,552.2465,-0.2801,269.9843,0.2510,3.8000,-0.4500,1.9825,180.0834,1.9330,0.0000,0.0000,0.0000
22.765,552.0732,-0.1974,270.4154,0.2510,3.8000,-0.4500,1.9825,180.0834,1.9330,0.0000,0.0000,0.0000
22.876,551.8646,-0.1008,270.9323,0.2510,3.8000,-0.4500,2.0467,180.0855,1.8827,0.0000,0.0000,0.0000
22.987,551.6559,-0.0063,271.4496,0.2510,3.8000,-0.4500,2.0467,180.0855,1.8827,0.0000,0.0000,0.0000
23.098,551.4805,0.0690,271.8802,0.2510,3.8000,-0.4500,2.1556,180.0890,1.7614,0.0000,0.0000,0.0000
23.223,551.2708,0.1579,272.3976,0.2510,3.8000,-0.4500,2.1556,180.0890,1.7614,0.0000,0.0000,0.0000
23.334,551.0598,0.2426,272.9150,0.2510,3.8000,-0.4500,2.1911,180.0901,1.6869,0.0000,0.0000,0.0000
23.459,550.8474,0.3226,273.4325,0.2510,3.8000,-0.4500,2.2569,180.0919,1.5387,0.0000,0.0000,0.0000
23.584,550.6354,0.4010,273.9506,0.2510,3.8000,-0.4500,2.2569,180.0919,1.5387,0.0000,0.0000,0.0000
23.695,550.4225,0.4741,274.4691,0.2510,3.8000,-0.4500,2.2659,180.0922,1.4575,0.0000,0.0000,0.0000
23.806,550.2453,0.5332,274.9013,0.2510,3.8000,-0.4500,2.2659,180.0922,1.4575,0.0000,0.0000,0.0000
23.917,550.0307,0.5976,275.4205,0.2510,3.8000,-0.4500,2.2579,180.0920,1.2903,0.0000,0.0000,0.0000
24.029,549.8157,0.6582,275.9402,0.2510,3.8000,-0.4500,2.2394,180.0916,1.1280,0.0000,0.0000,0.0000
24.140,549.6373,0.7083,276.3733,0.2510,3.8000,-0.4500,2.2394,180.0916,1.1280,0.0000,0.0000,0.0000
24.250,549.4229,0.7653,276.8934,0.2510,3.8000,-0.4500,2.2394,180.0916,1.1279,0.0000,0.0000,0.0000
24.362,549.2427,0.8071,277.3276,0.2510,3.8000,-0.4500,2.1698,180.0903,0.9784,0.0000,0.0000,0.0000
24.473,549.0273,0.8583,277.8512,0.2510,3.8000,-0.4500,2.1698,180.0903,0.9784,0.0000,0.0000,0.0000
24.584,548.8484,0.8990,278.2957,0.2510,3.8000,-0.4500,2.1698,180.0903,0.9784,0.0000,0.0000,0.0000
24.695,548.6339,0.9426,278.8411,0.2510,3.8000,-0.4500,2.0543,180.0885,0.8554,0.0000,0.0000,0.0000
24.808,548.4206,0.9871,279.3959,0.2510,3.8000,-0.4500,2.0543,180.0885,0.8554,0.0000,0.0000,0.0000
24.917,548.2428,1.0209,279.8646,0.2510,3.8000,-0.4500,1.9833,180.0874,0.8115,0.0000,0.0000,0.0000
25.030,548.0291,1.0582,280.4323,0.2510,3.8000,-0.4500,1.8386,180.0855,0.7335,0.0000,0.0000,0.0000
25.154,547.8161,1.0939,281.0032,0.2510,3.8000,-0.4500,1.7621,180.0845,0.7047,0.0000,0.0000,0.0000
25.265,547.6388,1.1221,281.4805,0.2510,3.8000,-0.4500,1.7621,180.0845,0.7047,0.0000,0.0000,0.0000
25.377,547.4261,1.1496,282.0566,0.2510,3.8000,-0.4500,1.5191,180.0817,0.6281,0.0000,0.0000,0.0000
25.487,547.2134,1.1768,282.6294,0.2510,3.8000,-0.4500,1.5191,180.0817,0.6281,0.0000,0.0000,0.0000
25.597,547.0294,1.1934,283.0078,0.2510,3.8000,-0.4500,1.2772,180.0791,0.5667,0.0000,0.0000,0.0000
25.709,546.8032,1.2116,283.1402,0.2510,3.8000,-0.4500,1.2772,180.0791,0.5667,0.0000,0.0000,0.0000
25.834,546.5829,1.2249,282.9437,0.2510,3.8000,-0.4500,1.2772,180.0791,0.5667,0.0000,0.0000,0.0000
25.945,546.4038,1.2320,282.6006,0.2510,3.8000,-0.4500,1.2007,180.0784,0.5379,0.0000,0.0000,0.0000
26.059,546.1934,1.2390,282.0494,0.2510,3.8000,-0.4500,1.2007,180.0784,0.5379,0.0000,0.0000,0.0000
26.181,545.9856,1.2432,281.4062,0.2510,3.8000,-0.4500,1.2007,180.0784,0.5379,0.0000,0.0000,0.0000
26.292,545.7790,1.2436,280.7104,0.2510,3.8000,-0.4500,1.1421,180.0778,0.4826,0.0000,0.0000,0.0000
26.403,545.6077,1.2433,280.1064,0.2510,3.8000,-0.4500,1.1421,180.0778,0.4826,0.0000,0.0000,0.0000
26.514,545.4018,1.2393,279.3654,0.2510,3.8000,-0.4500,1.0987,180.0775,0.4141,0.0000,0.0000,0.0000
26.626,545.2306,1.2355,278.7393,0.2510,3.8000,-0.4500,1.0986,180.0775,0.4141,0.0000,0.0000,0.0000
26.737,545.0236,1.2241,277.9830,0.2510,3.8000,-0.4500,1.0089,180.0770,0.1871,0.0000,0.0000,0.0000
26.861,544.8179,1.2151,277.2224,0.2510,3.8000,-0.4500,1.0089,180.0770,0.1871,0.0000,0.0000,0.0000
26.987,544.5757,1.1971,276.3324,0.2510,3.8000,-0.4500,0.9964,180.0769,359.9368,0.0000,0.0000,0.0000
27.097,544.4034,1.1855,275.6953,0.2510,3.8000,-0.4500,0.9964,180.0769,359.9368,0.0000,0.0000,0.0000
27.209,544.1951,1.1667,274.9301,0.2510,3.8000,-0.4500,1.0166,180.0768,359.7716,0.0000,0.0000,0.0000
27.320,544.0214,1.1502,274.2921,0.2510,3.8000,-0.4500,1.0299,180.0767,359.6927,0.0000,0.0000,0.0000
27.431,543.8124,1.1273,273.5258,0.2510,3.8000,-0.4500,1.0699,180.0764,359.5327,0.0000,0.0000,0.0000
27.557,543.6031,1.1023,272.7593,0.2510,3.8000,-0.4500,1.1216,180.0759,359.3753,0.0000,0.0000,0.0000
27.667,543.3928,1.0755,272.0086,0.2510,3.8000,-0.4500,1.1762,180.0753,359.2240,0.0000,0.0000,0.0000
27.778,543.2159,1.0529,271.4137,0.2510,3.8000,-0.4500,1.2096,180.0748,359.1484,0.0000,0.0000,0.0000
27.890,543.0004,1.0242,270.7426,0.2510,3.8000,-0.4500,1.2774,180.0737,358.9980,0.0000,0.0000,0.0000
28.001,542.8193,1.0006,270.2150,0.2510,3.8000,-0.4500,1.3148,180.0730,358.9245,0.0000,0.0000,0.0000
28.125,542.5992,0.9707,269.6113,0.2510,3.8000,-0.4500,1.3901,180.0715,358.7785,0.0000,0.0000,0.0000
28.250,542.3411,0.9362,268.9352,0.2510,3.8000,-0.4500,1.4297,180.0706,358.7081,0.0000,0.0000,0.0000
28.361,542.1548,0.9086,268.4637,0.2510,3.8000,-0.4500,1.5548,180.0676,358.4939,0.0000,0.0000,0.0000
28.486,541.8949,0.8725,267.8149,0.2510,3.8000,-0.4500,1.5548,180.0676,358.4939,0.0000,0.0000,0.0000
28.598,541.7072,0.8451,267.3735,0.2510,3.8000,-0.4500,1.5985,180.0664,358.4242,0.0000,0.0000,0.0000
28.709,541.4695,0.8140,267.0154,0.2510,3.8000,-0.4500,1.7329,180.0625,358.2150,0.0000,0.0000,0.0000
28.833,541.2263,0.7933,266.9083,0.2510,3.8000,-0.4500,1.7329,180.0625,358.2150,0.0000,0.0000,0.0000
28.945,541.0252,0.7822,266.9819,0.2510,3.8000,-0.4500,1.7329,180.0625,358.2150,0.0000,0.0000,0.0000
29.055,540.7874,0.7752,267.2137,0.2510,3.8000,-0.4500,1.7329,180.0625,358.2150,0.0000,0.0000,0.0000
29.182,540.5515,0.7709,267.5507,0.2510,3.8000,-0.4500,1.8769,180.0577,358.0150,0.0000,0.0000,0.0000
29.292,540.3193,0.7727,267.9557,0.2510,3.8000,-0.4500,1.8769,180.0577,358.0150,0.0000,0.0000,0.0000
29.417,540.0888,0.7769,268.4017,0.2510,3.8000,-0.4500,1.8769,180.0577,358.0150,0.0000,0.0000,0.0000
29.541,539.8593,0.7826,268.8724,0.2510,3.8000,-0.4500,1.8769,180.0577,358.0150,0.0000,0.0000,0.0000
29.667,539.5917,0.7903,269.4388,0.2510,3.8000,-0.4500,1.8769,180.0577,358.0150,0.0000,0.0000,0.0000
29.778,539.4000,0.7952,269.8420,0.2510,3.8000,-0.4500,1.9305,180.0558,357.9516,0.0000,0.0000,0.0000
29.903,539.1686,0.8001,270.3134,0.2510,3.8000,-0.4500,2.0374,180.0519,357.8267,0.0000,0.0000,0.0000
30.027,538.8983,0.8065,270.8471,0.2510,3.8000,-0.4500,2.0374,180.0519,357.8267,0.0000,0.0000,0.0000
30.153,538.6658,0.8111,271.2932,0.2510,3.8000,-0.4500,2.0374,180.0518,357.8267,0.0000,0.0000,0.0000
30.264,538.4711,0.8136,271.6588,0.2510,3.8000,-0.4500,2.0900,180.0498,357.7632,0.0000,0.0000,0.0000
30.376,538.2367,0.8152,272.0924,0.2510,3.8000,-0.4500,2.1933,180.0457,357.6329,0.0000,0.0000,0.0000
30.502,538.0023,0.8168,272.5234,0.2510,3.8000,-0.4500,2.2428,180.0436,357.5698,0.0000,0.0000,0.0000
30.612,537.7679,0.8182,272.9527,0.2510,3.8000,-0.4500,2.2428,180.0436,357.5698,0.0000,0.0000,0.0000
30.736,537.5330,0.8186,273.3762,0.2510,3.8000,-0.4500,2.2428,180.0436,357.5698,0.0000,0.0000,0.0000
30.861,537.2905,0.8135,273.7043,0.2510,3.8000,-0.4500,2.2878,180.0417,357.5016,0.0000,0.0000,0.0000
30.974,537.0402,0.7981,273.8398,0.2510,3.8000,-0.4500,2.3309,180.0398,357.4302,0.0000,0.0000,0.0000
31.097,536.7897,0.7725,273.8038,0.2510,3.8000,-0.4500,2.3717,180.0379,357.3584,0.0000,0.0000,0.0000
31.222,536.5419,0.7387,273.6429,0.2510,3.8000,-0.4500,2.4101,180.0361,357.2847,0.0000,0.0000,0.0000
31.334,536.2969,0.6987,273.3977,0.2510,3.8000,-0.4500,2.4464,180.0343,357.2116,0.0000,0.0000,0.0000
31.458,536.0535,0.6531,273.0978,0.2510,3.8000,-0.4500,2.5143,180.0309,357.0582,0.0000,0.0000,0.0000
31.583,535.8125,0.6065,272.7645,0.2510,3.8000,-0.4500,2.5143,180.0309,357.0582,0.0000,0.0000,0.0000
31.694,535.5722,0.5578,272.4104,0.2510,3.8000,-0.4500,2.5143,180.0309,357.0582,0.0000,0.0000,0.0000
31.820,535.3318,0.5053,272.0430,0.2510,3.8000,-0.4500,2.5723,180.0279,356.9047,0.0000,0.0000,0.0000
31.930,535.0938,0.4535,271.6513,0.2510,3.8000,-0.4500,2.5723,180.0279,356.9047,0.0000,0.0000,0.0000
32.055,534.8581,0.3996,271.2245,0.2510,3.8000,-0.4500,2.5723,180.0279,356.9047,0.0000,0.0000,0.0000
32.181,534.6241,0.3439,270.7674,0.2510,3.8000,-0.4500,2.5723,180.0279,356.9047,0.0000,0.0000,0.0000
32.305,534.3918,0.2869,270.2885,0.2510,3.8000,-0.4500,2.5723,180.0279,356.9047,0.0000,0.0000,0.0000
32.417,534.1608,0.2292,269.7949,0.2510,3.8000,-0.4500,2.5723,180.0279,356.9047,0.0000,0.0000,0.0000
32.528,533.9304,0.1711,269.2918,0.2510,3.8000,-0.4500,2.5723,180.0279,356.9047,0.0000,0.0000,0.0000
32.639,533.7387,0.1227,268.8681,0.2510,3.8000,-0.4500,2.5723,180.0279,356.9047,0.0000,0.0000,0.0000
32.751,533.5087,0.0651,268.3561,0.2510,3.8000,-0.4500,2.5723,180.0279,356.9047,0.0000,0.0000,0.0000
32.861,533.3174,0.0175,267.9278,0.2510,3.8000,-0.4500,2.5723,180.0279,356.9047,0.0000,0.0000,0.0000
32.972,533.0876,-0.0387,267.4123,0.2510,3.8000,-0.4500,2.5723,180.0279,356.9047,0.0000,0.0000,0.0000
33.097,532.8580,-0.0939,266.8962,0.2510,3.8000,-0.4500,2.5723,180.0279,356.9047,0.0000,0.0000,0.0000
33.222,532.6285,-0.1477,266.3799,0.2510,3.8000,-0.4500,2.5723,180.0279,356.9047,0.0000,0.0000,0.0000
33.348,532.3613,-0.2087,265.7775,0.2510,3.8000,-0.4500,2.5723,180.0279,356.9047,0.0000,0.0000,0.0000
33.458,532.1707,-0.2509,265.3471,0.2510,3.8000,-0.4500,2.5723,180.0279,356.9047,0.0000,0.0000,0.0000
33.570,531.9420,-0.3001,264.8305,0.2510,3.8000,-0.4500,2.5723,180.0279,356.9047,0.0000,0.0000,0.0000
33.682,531.7514,-0.3398,264.4000,0.2510,3.8000,-0.4500,2.5723,180.0279,356.9047,0.0000,0.0000,0.0000
33.792,531.5229,-0.3857,263.8841,0.2510,3.8000,-0.4500,2.5723,180.0279,356.9047,0.0000,0.0000,0.0000
33.917,531.2942,-0.4298,263.3713,0.2510,3.8000,-0.4500,2.5723,180.0279,356.9047,0.0000,0.0000,0.0000
34.041,531.0655,-0.4719,262.8618,0.2510,3.8000,-0.4500,2.5723,180.0279,356.9047,0.0000,0.0000,0.0000
34.167,530.7985,-0.5187,262.2711,0.2510,3.8000,-0.4500,2.5723,180.0279,356.9046,0.0000,0.0000,0.0000
34.279,530.6080,-0.5508,261.8506,0.2510,3.8000,-0.4500,2.5723,180.0279,356.9046,0.0000,0.0000,0.0000
34.402,530.3798,-0.5879,261.3472,0.2510,3.8000,-0.4500,2.5723,180.0279,356.9046,0.0000,0.0000,0.0000
34.514,530.1516,-0.6238,260.8446,0.2510,3.8000,-0.4500,2.5723,180.0279,356.9046,0.0000,0.0000,0.0000
34.628,529.9237,-0.6587,260.3430,0.2510,3.8000,-0.4500,2.5723,180.0279,356.9047,0.0000,0.0000,0.0000
34.750,529.6959,-0.6929,259.8425,0.2510,3.8000,-0.4500,2.5723,180.0279,356.9046,0.0000,0.0000,0.0000
34.875,529.4680,-0.7268,259.3427,0.2510,3.8000,-0.4500,2.5723,180.0279,356.9046,0.0000,0.0000,0.0000
34.986,529.2778,-0.7549,258.9267,0.2510,3.8000,-0.4500,2.5723,180.0279,356.9046,0.0000,0.0000,0.0000
35.099,529.0495,-0.7886,258.4280,0.2510,3.8000,-0.4500,2.5723,180.0279,356.9047,0.0000,0.0000,0.0000
35.222,528.8212,-0.8222,257.9296,0.2510,3.8000,-0.4500,2.5723,180.0279,356.9047,0.0000,0.0000,0.0000
35.334,528.5930,-0.8557,257.4315,0.2510,3.8000,-0.4500,2.5723,180.0279,356.9047,0.0000,0.0000,0.0000
35.458,528.3649,-0.8889,256.9341,0.2510,3.8000,-0.4500,2.5723,180.0279,356.9047,0.0000,0.0000,0.0000
35.571,528.1367,-0.9217,256.4380,0.2510,3.8000,-0.4500,2.5723,180.0279,356.9046,0.0000,0.0000,0.0000
35.695,527.9086,-0.9539,255.9434,0.2510,3.8000,-0.4500,2.5723,180.0279,356.9046,0.0000,0.0000,0.0000
35.820,527.6804,-0.9855,255.4497,0.2510,3.8000,-0.4500,2.5723,180.0279,356.9046,0.0000,0.0000,0.0000
35.932,527.4523,-1.0164,254.9568,0.2510,3.8000,-0.4500,2.5723,180.0279,356.9046,0.0000,0.0000,0.0000
36.042,527.2625,-1.0415,254.5462,0.2510,3.8000,-0.4500,2.5723,180.0279,356.9046,0.0000,0.0000,0.0000
36.153,527.0347,-1.0708,254.0540,0.2510,3.8000,-0.4500,2.5723,180.0279,356.9046,0.0000,0.0000,0.0000
36.264,526.8449,-1.0945,253.6444,0.2510,3.8000,-0.4500,2.5723,180.0279,356.9046,0.0000,0.0000,0.0000
36.375,526.6172,-1.1219,253.1544,0.2510,3.8000,-0.4500,2.5723,180.0279,356.9046,0.0000,0.0000,0.0000
36.488,526.3896,-1.1483,252.6663,0.2510,3.8000,-0.4500,2.5723,180.0279,356.9046,0.0000,0.0000,0.0000
36.597,526.2003,-1.1679,252.2605,0.2510,3.8000,-0.4500,2.5616,180.0285,356.9867,0.0000,0.0000,0.0000
36.722,525.9730,-1.1908,251.7746,0.2510,3.8000,-0.4500,2.5488,180.0292,357.0686,0.0000,0.0000,0.0000
36.848,525.7083,-1.2148,251.2090,0.2510,3.8000,-0.4500,2.5191,180.0307,357.2300,0.0000,0.0000,0.0000
36.959,525.5188,-1.2328,250.8056,0.2510,3.8000,-0.4500,2.5191,180.0307,357.2300,0.0000,0.0000,0.0000
37.083,525.2918,-1.2505,250.3304,0.2510,3.8000,-0.4500,2.4783,180.0326,357.3905,0.0000,0.0000,0.0000
37.209,525.0241,-1.2716,249.8062,0.2510,3.8000,-0.4500,2.4783,180.0326,357.3905,0.0000,0.0000,0.0000
37.334,524.7941,-1.2849,249.3820,0.2510,3.8000,-0.4500,2.4257,180.0349,357.5512,0.0000,0.0000,0.0000
37.445,524.6008,-1.2967,249.0419,0.2510,3.8000,-0.4500,2.4257,180.0349,357.5512,0.0000,0.0000,0.0000
37.556,524.3691,-1.3070,248.6460,0.2510,3.8000,-0.4500,2.3653,180.0374,357.7056,0.0000,0.0000,0.0000
37.667,524.1370,-1.3160,248.2591,0.2510,3.8000,-0.4500,2.2944,180.0401,357.8571,0.0000,0.0000,0.0000
37.792,523.9034,-1.3259,247.8841,0.2510,3.8000,-0.4500,2.2944,180.0401,357.8571,0.0000,0.0000,0.0000
37.903,523.7037,-1.3307,247.6461,0.2510,3.8000,-0.4500,2.2565,180.0415,357.9297,0.0000,0.0000,0.0000
38.027,523.4196,-1.3289,247.5349,0.2510,3.8000,-0.4500,2.1332,180.0458,358.1471,0.0000,0.0000,0.0000
38.139,523.2176,-1.3249,247.5999,0.2510,3.8000,-0.4500,2.1332,180.0458,358.1471,0.0000,0.0000,0.0000
38.264,522.9786,-1.3163,247.7948,0.2510,3.8000,-0.4500,2.1332,180.0458,358.1471,0.0000,0.0000,0.0000
38.389,522.7046,-1.3025,248.1313,0.2510,3.8000,-0.4500,2.0868,180.0472,358.2138,0.0000,0.0000,0.0000
38.516,522.4726,-1.2898,248.4779,0.2510,3.8000,-0.4500,2.0340,180.0488,358.2776,0.0000,0.0000,0.0000
38.625,522.2806,-1.2793,248.7946,0.2510,3.8000,-0.4500,1.9812,180.0504,358.3402,0.0000,0.0000,0.0000
38.750,522.0147,-1.2666,249.2950,0.2510,3.8000,-0.4500,1.9812,180.0504,358.3402,0.0000,0.0000,0.0000
38.875,521.7902,-1.2573,249.7768,0.2510,3.8000,-0.4500,1.9812,180.0504,358.3402,0.0000,0.0000,0.0000
38.986,521.6049,-1.2513,250.2071,0.2510,3.8000,-0.4500,1.9812,180.0504,358.3402,0.0000,0.0000,0.0000
39.113,521.3478,-1.2466,250.8409,0.2510,3.8000,-0.4500,1.8382,180.0544,358.4211,0.0000,0.0000,0.0000
39.237,521.1280,-1.2479,251.4023,0.2510,3.8000,-0.4500,1.7589,180.0566,358.4404,0.0000,0.0000,0.0000
39.349,520.9088,-1.2545,251.9743,0.2510,3.8000,-0.4500,1.6790,180.0588,358.4579,0.0000,0.0000,0.0000
39.459,520.7264,-1.2656,252.4570,0.2510,3.8000,-0.4500,1.5136,180.0632,358.4634,0.0000,0.0000,0.0000
39.584,520.5071,-1.2851,253.0401,0.2510,3.8000,-0.4500,1.3482,180.0677,358.4468,0.0000,0.0000,0.0000
39.695,520.2878,-1.3119,253.6263,0.2510,3.8000,-0.4500,1.1858,180.0721,358.4143,0.0000,0.0000,0.0000
39.807,520.0682,-1.3474,254.2149,0.2510,3.8000,-0.4500,0.9482,180.0789,358.3437,0.0000,0.0000,0.0000
39.917,519.8849,-1.3835,254.7064,0.2510,3.8000,-0.4500,0.7195,180.0857,358.2519,0.0000,0.0000,0.0000
40.042,519.6647,-1.4335,255.2967,0.2510,3.8000,-0.4500,0.4949,180.0927,358.1446,0.0000,0.0000,0.0000
40.154,519.4453,-1.4885,255.8867,0.2510,3.8000,-0.4500,0.4225,180.0951,358.1088,0.0000,0.0000,0.0000
40.265,519.2612,-1.5441,256.3806,0.2510,3.8000,-0.4500,0.1271,180.1052,357.9466,0.0000,0.0000,0.0000
40.375,519.0414,-1.6120,256.9718,0.2510,3.8000,-0.4500,0.0566,180.1078,357.9060,0.0000,0.0000,0.0000
40.487,518.8209,-1.6888,257.5645,0.2510,3.8000,-0.4500,359.8456,180.1157,357.7837,0.0000,0.0000,0.0000
40.611,518.6008,-1.7672,258.1565,0.2510,3.8000,-0.4500,359.8456,180.1157,357.7837,0.0000,0.0000,0.0000
40.736,518.3806,-1.8529,258.7499,0.2510,3.8000,-0.4500,359.7004,180.1214,357.6994,0.0000,0.0000,0.0000
40.847,518.1603,-1.9420,259.3438,0.2510,3.8000,-0.4500,359.5580,180.1273,357.6188,0.0000,0.0000,0.0000
40.959,517.9775,-2.0161,259.8385,0.2510,3.8000,-0.4500,359.5580,180.1273,357.6188,0.0000,0.0000,0.0000
41.070,517.7573,-2.1074,260.4331,0.2510,3.8000,-0.4500,359.4862,180.1303,357.5817,0.0000,0.0000,0.0000
41.181,517.5740,-2.1826,260.9284,0.2510,3.8000,-0.4500,359.4862,180.1303,357.5817,0.0000,0.0000,0.0000
41.292,517.3542,-2.2718,261.5229,0.2510,3.8000,-0.4500,359.4862,180.1303,357.5817,0.0000,0.0000,0.0000
41.417,517.1347,-2.3585,262.1176,0.2510,3.8000,-0.4500,359.4862,180.1303,357.5817,0.0000,0.0000,0.0000
41.528,516.9152,-2.4415,262.7123,0.2510,3.8000,-0.4500,359.4862,180.1303,357.5817,0.0000,0.0000,0.0000
41.639,516.7322,-2.5066,263.2079,0.2510,3.8000,-0.4500,359.4862,180.1303,357.5817,0.0000,0.0000,0.0000
41.751,516.5128,-2.5790,263.8024,0.2510,3.8000,-0.4500,359.4862,180.1303,357.5817,0.0000,0.0000,0.0000
41.862,516.3301,-2.6335,264.2976,0.2510,3.8000,-0.4500,359.4862,180.1303,357.5817,0.0000,0.0000,0.0000
41.987,516.0744,-2.6997,264.9904,0.2510,3.8000,-0.4500,359.4862,180.1303,357.5817,0.0000,0.0000,0.0000
42.098,515.8920,-2.7388,265.4848,0.2510,3.8000,-0.4500,359.4862,180.1303,357.5817,0.0000,0.0000,0.0000
42.209,515.6743,-2.7724,266.0771,0.2510,3.8000,-0.4500,359.5552,180.1275,357.7396,0.0000,0.0000,0.0000
42.321,515.4944,-2.7861,266.5692,0.2510,3.8000,-0.4500,359.7589,180.1201,358.1226,0.0000,0.0000,0.0000
42.431,515.2775,-2.7952,267.1591,0.2510,3.8000,-0.4500,359.9518,180.1142,358.3918,0.0000,0.0000,0.0000
42.557,515.0610,-2.7917,267.7475,0.2510,3.8000,-0.4500,0.1651,180.1087,358.6489,0.0000,0.0000,0.0000
42.667,514.8452,-2.7752,268.3344,0.2510,3.8000,-0.4500,0.3877,180.1040,358.8971,0.0000,0.0000,0.0000
42.780,514.6664,-2.7490,268.8215,0.2510,3.8000,-0.4500,0.6779,180.0992,359.2001,0.0000,0.0000,0.0000
42.890,514.4519,-2.7087,269.4054,0.2510,3.8000,-0.4500,0.9043,180.0965,359.4310,0.0000,0.0000,0.0000
43.014,514.2390,-2.6536,269.9871,0.2510,3.8000,-0.4500,1.2074,180.0943,359.7352,0.0000,0.0000,0.0000
43.139,514.0266,-2.5891,270.5679,0.2510,3.8000,-0.4500,1.3845,180.0937,359.9128,0.0000,0.0000,0.0000
43.254,513.8168,-2.5076,271.1457,0.2510,3.8000,-0.4500,1.7480,180.0943,0.2810,0.0000,0.0000,0.0000
43.377,513.6071,-2.4195,271.7230,0.2510,3.8000,-0.4500,1.9230,180.0955,0.4612,0.0000,0.0000,0.0000
43.488,513.3987,-2.3206,272.2988,0.2510,3.8000,-0.4500,2.0989,180.0972,0.6444,0.0000,0.0000,0.0000
43.613,513.1928,-2.2091,272.8723,0.2510,3.8000,-0.4500,2.3844,180.1011,0.9507,0.0000,0.0000,0.0000
43.723,513.0214,-2.1126,273.3501,0.2510,3.8000,-0.4500,2.4950,180.1031,1.0742,0.0000,0.0000,0.0000
43.834,512.8164,-1.9904,273.9225,0.2510,3.8000,-0.4500,2.6043,180.1052,1.1978,0.0000,0.0000,0.0000
43.959,512.6136,-1.8583,274.4931,0.2510,3.8000,-0.4500,2.8227,180.1103,1.4619,0.0000,0.0000,0.0000
44.070,512.4103,-1.7268,275.0646,0.2510,3.8000,-0.4500,2.8227,180.1103,1.4619,0.0000,0.0000,0.0000
44.181,512.2430,-1.6094,275.5391,0.2510,3.8000,-0.4500,2.9715,180.1144,1.6629,0.0000,0.0000,0.0000
44.292,512.0414,-1.4707,276.1093,0.2510,3.8000,-0.4500,2.9715,180.1144,1.6629,0.0000,0.0000,0.0000
44.403,511.8743,-1.3521,276.5840,0.2510,3.8000,-0.4500,3.0143,180.1156,1.7319,0.0000,0.0000,0.0000
44.515,511.6743,-1.2085,277.1537,0.2510,3.8000,-0.4500,3.0535,180.1168,1.8019,0.0000,0.0000,0.0000
44.626,511.5077,-1.0900,277.6287,0.2510,3.8000,-0.4500,3.0535,180.1168,1.8019,0.0000,0.0000,0.0000
44.739,511.3080,-0.9479,278.1989,0.2510,3.8000,-0.4500,3.0535,180.1168,1.8019,0.0000,0.0000,0.0000
44.848,511.1085,-0.8071,278.7693,0.2510,3.8000,-0.4500,3.0535,180.1168,1.8019,0.0000,0.0000,0.0000
44.959,510.9430,-0.6895,279.2448,0.2510,3.8000,-0.4500,3.0670,180.1173,1.8820,0.0000,0.0000,0.0000
45.070,510.7438,-0.5521,279.8158,0.2510,3.8000,-0.4500,3.0670,180.1173,1.8820,0.0000,0.0000,0.0000
45.195,510.5446,-0.4172,280.3873,0.2510,3.8000,-0.4500,3.0670,180.1173,1.8820,0.0000,0.0000,0.0000
45.320,510.3453,-0.2846,280.9592,0.2510,3.8000,-0.4500,3.0670,180.1172,1.8820,0.0000,0.0000,0.0000
45.445,510.1461,-0.1545,281.5318,0.2510,3.8000,-0.4500,3.0670,180.1172,1.8820,0.0000,0.0000,0.0000
45.557,509.9474,-0.0254,282.1049,0.2510,3.8000,-0.4500,3.0363,180.1162,1.9576,0.0000,0.0000,0.0000
45.669,509.7462,0.0998,282.6487,0.2510,3.8000,-0.4500,3.0363,180.1162,1.9576,0.0000,0.0000,0.0000
45.778,509.5746,0.2011,283.0435,0.2510,3.8000,-0.4500,3.0363,180.1162,1.9576,0.0000,0.0000,0.0000
45.889,509.3631,0.3184,283.4410,0.2510,3.8000,-0.4500,3.0363,180.1162,1.9576,0.0000,0.0000,0.0000
46.001,509.1829,0.4134,283.7193,0.2510,3.8000,-0.4500,3.0363,180.1162,1.9576,0.0000,0.0000,0.0000
46.113,508.9631,0.5245,284.0064,0.2510,3.8000,-0.4500,3.0363,180.1162,1.9576,0.0000,0.0000,0.0000
46.222,508.7775,0.6152,284.2164,0.2510,3.8000,-0.4500,3.0363,180.1162,1.9576,0.0000,0.0000,0.0000
46.334,508.5501,0.7183,284.3352,0.2510,3.8000,-0.4500,3.0363,180.1162,1.9576,0.0000,0.0000,0.0000
46.446,508.3630,0.7954,284.2707,0.2510,3.8000,-0.4500,3.0363,180.1162,1.9576,0.0000,0.0000,0.0000
46.556,508.1440,0.8775,284.0226,0.2510,3.8000,-0.4500,3.0363,180.1162,1.9576,0.0000,0.0000,0.0000
46.669,507.9305,0.9498,283.6392,0.2510,3.8000,-0.4500,3.0363,180.1162,1.9576,0.0000,0.0000,0.0000
46.778,507.7553,1.0043,283.2500,0.2510,3.8000,-0.4500,3.0363,180.1162,1.9576,0.0000,0.0000,0.0000
46.889,507.5472,1.0639,282.7288,0.2510,3.8000,-0.4500,3.0363,180.1162,1.9576,0.0000,0.0000,0.0000
47.014,507.3404,1.1187,282.1709,0.2510,3.8000,-0.4500,3.0363,180.1162,1.9576,0.0000,0.0000,0.0000
47.125,507.1682,1.1612,281.6940,0.2510,3.8000,-0.4500,3.0363,180.1162,1.9576,0.0000,0.0000,0.0000
47.238,506.9609,1.2093,281.1232,0.2510,3.8000,-0.4500,3.0363,180.1162,1.9576,0.0000,0.0000,0.0000
47.347,506.7527,1.2542,280.5593,0.2510,3.8000,-0.4500,3.0363,180.1162,1.9576,0.0000,0.0000,0.0000
47.472,506.5417,1.2915,280.0037,0.2510,3.8000,-0.4500,2.8545,180.1103,1.7819,0.0000,0.0000,0.0000
47.597,506.3301,1.3263,279.4535,0.2510,3.8000,-0.4500,2.7437,180.1069,1.6555,0.0000,0.0000,0.0000
47.708,506.1173,1.3573,278.9076,0.2510,3.8000,-0.4500,2.6400,180.1041,1.5272,0.0000,0.0000,0.0000
47.833,505.9026,1.3806,278.3656,0.2510,3.8000,-0.4500,2.4462,180.0993,1.2542,0.0000,0.0000,0.0000
47.960,505.6872,1.4006,277.8254,0.2510,3.8000,-0.4500,2.3086,180.0966,1.0438,0.0000,0.0000,0.0000
48.084,505.4721,1.4190,277.2863,0.2510,3.8000,-0.4500,2.2646,180.0958,0.9753,0.0000,0.0000,0.0000
48.195,505.2549,1.4289,276.7493,0.2510,3.8000,-0.4500,2.1320,180.0938,0.7605,0.0000,0.0000,0.0000
48.319,505.0359,1.4304,276.2129,0.2510,3.8000,-0.4500,1.9156,180.0916,0.4042,0.0000,0.0000,0.0000
48.431,504.8177,1.4312,275.6750,0.2510,3.8000,-0.4500,1.8290,180.0911,0.2618,0.0000,0.0000,0.0000
48.542,504.6346,1.4255,275.2267,0.2510,3.8000,-0.4500,1.7000,180.0907,0.0503,0.0000,0.0000,0.0000
48.655,504.4145,1.4144,274.6887,0.2510,3.8000,-0.4500,1.5646,180.0909,359.8329,0.0000,0.0000,0.0000
48.765,504.2307,1.4018,274.2402,0.2510,3.8000,-0.4500,1.4758,180.0913,359.6914,0.0000,0.0000,0.0000
48.875,504.0089,1.3786,273.7027,0.2510,3.8000,-0.4500,1.2870,180.0928,359.3992,0.0000,0.0000,0.0000
48.987,503.7870,1.3517,273.1653,0.2510,3.8000,-0.4500,1.1503,180.0944,359.1922,0.0000,0.0000,0.0000
49.098,503.6018,1.3257,272.7175,0.2510,3.8000,-0.4500,1.0580,180.0958,359.0556,0.0000,0.0000,0.0000
49.209,503.3788,1.2885,272.1808,0.2510,3.8000,-0.4500,0.9164,180.0984,358.8498,0.0000,0.0000,0.0000
49.320,503.1921,1.2508,271.7344,0.2510,3.8000,-0.4500,0.7208,180.1028,358.5750,0.0000,0.0000,0.0000
49.431,502.9687,1.2050,271.1981,0.2510,3.8000,-0.4500,0.6196,180.1055,358.4376,0.0000,0.0000,0.0000
49.556,502.7444,1.1524,270.6623,0.2510,3.8000,-0.4500,0.4694,180.1098,358.2358,0.0000,0.0000,0.0000
49.681,502.5194,1.0931,270.1274,0.2510,3.8000,-0.4500,0.2620,180.1167,357.9694,0.0000,0.0000,0.0000
49.792,502.2953,1.0336,269.5926,0.2510,3.8000,-0.4500,0.2119,180.1185,357.9059,0.0000,0.0000,0.0000
49.904,502.1073,0.9770,269.1493,0.2510,3.8000,-0.4500,0.0532,180.1246,357.7129,0.0000,0.0000,0.0000
50.014,501.8816,0.9057,268.6190,0.2510,3.8000,-0.4500,359.8884,180.1314,357.5193,0.0000,0.0000,0.0000
50.127,501.6560,0.8319,268.0899,0.2510,3.8000,-0.4500,359.7796,180.1362,357.3940,0.0000,0.0000,0.0000
50.237,501.4678,0.7665,267.6501,0.2510,3.8000,-0.4500,359.6617,180.1418,357.2658,0.0000,0.0000,0.0000
50.347,501.2419,0.6853,267.1226,0.2510,3.8000,-0.4500,359.5449,180.1474,357.1404,0.0000,0.0000,0.0000
50.459,501.0533,0.6144,266.6837,0.2510,3.8000,-0.4500,359.4225,180.1537,357.0174,0.0000,0.0000,0.0000
50.570,500.8272,0.5272,266.1573,0.2510,3.8000,-0.4500,359.3023,180.1601,356.8983,0.0000,0.0000,0.0000
50.681,500.6389,0.4535,265.7185,0.2510,3.8000,-0.4500,359.2420,180.1634,356.8429,0.0000,0.0000,0.0000
50.805,500.4124,0.3601,265.1928,0.2510,3.8000,-0.4500,359.0557,180.1740,356.6803,0.0000,0.0000,0.0000
50.917,500.1866,0.2692,264.6661,0.2510,3.8000,-0.4500,359.0557,180.1740,356.6803,0.0000,0.0000,0.0000
51.028,499.9602,0.1734,264.1404,0.2510,3.8000,-0.4500,358.9186,180.1820,356.5778,0.0000,0.0000,0.0000
51.139,499.7717,0.0926,263.7025,0.2510,3.8000,-0.4500,358.7869,180.1900,356.4819,0.0000,0.0000,0.0000
51.266,499.5461,-0.0022,263.1768,0.2510,3.8000,-0.4500,358.7869,180.1900,356.4819,0.0000,0.0000,0.0000
51.375,499.3203,-0.0973,262.6526,0.2510,3.8000,-0.4500,358.7869,180.1900,356.4819,0.0000,0.0000,0.0000
51.488,499.0945,-0.1928,262.1299,0.2510,3.8000,-0.4500,358.7869,180.1900,356.4819,0.0000,0.0000,0.0000
51.597,498.9059,-0.2730,261.6955,0.2510,3.8000,-0.4500,358.7116,180.1947,356.4498,0.0000,0.0000,0.0000
51.709,498.6801,-0.3675,261.1745,0.2510,3.8000,-0.4500,358.7116,180.1947,356.4498,0.0000,0.0000,0.0000
51.821,498.4919,-0.4454,260.7410,0.2510,3.8000,-0.4500,358.7116,180.1947,356.4498,0.0000,0.0000,0.0000
51.944,498.2660,-0.5372,260.2211,0.2510,3.8000,-0.4500,358.7116,180.1947,356.4498,0.0000,0.0000,0.0000
52.055,498.0404,-0.6281,259.7019,0.2510,3.8000,-0.4500,358.6296,180.1998,356.4462,0.0000,0.0000,0.0000
52.169,497.8150,-0.7157,259.1826,0.2510,3.8000,-0.4500,358.6296,180.1997,356.4462,0.0000,0.0000,0.0000
52.278,497.6273,-0.7868,258.7499,0.2510,3.8000,-0.4500,358.6296,180.1997,356.4462,0.0000,0.0000,0.0000
52.389,497.4025,-0.8692,258.2313,0.2510,3.8000,-0.4500,358.5543,180.2044,356.4737,0.0000,0.0000,0.0000
52.514,497.1782,-0.9480,257.7129,0.2510,3.8000,-0.4500,358.4888,180.2084,356.5226,0.0000,0.0000,0.0000
52.625,496.9911,-1.0110,257.2804,0.2510,3.8000,-0.4500,358.4888,180.2084,356.5226,0.0000,0.0000,0.0000
52.737,496.7680,-1.0810,256.7629,0.2510,3.8000,-0.4500,358.3270,180.2180,356.7150,0.0000,0.0000,0.0000
52.847,496.5438,-1.1488,256.2458,0.2510,3.8000,-0.4500,358.3270,180.2180,356.7150,0.0000,0.0000,0.0000
52.960,496.3585,-1.1986,255.8170,0.2510,3.8000,-0.4500,358.2396,180.2228,356.9551,0.0000,0.0000,0.0000
53.071,496.1354,-1.2559,255.3036,0.2510,3.8000,-0.4500,358.1945,180.2251,357.1147,0.0000,0.0000,0.0000
53.181,495.9499,-1.2990,254.8769,0.2510,3.8000,-0.4500,358.1823,180.2257,357.2842,0.0000,0.0000,0.0000
53.293,495.7277,-1.3456,254.3659,0.2510,3.8000,-0.4500,358.1805,180.2258,357.5325,0.0000,0.0000,0.0000
53.417,495.5060,-1.3867,253.8556,0.2510,3.8000,-0.4500,358.2079,180.2247,357.7819,0.0000,0.0000,0.0000
53.530,495.2841,-1.4244,253.3461,0.2510,3.8000,-0.4500,358.2344,180.2237,357.9419,0.0000,0.0000,0.0000
53.639,495.1001,-1.4497,252.9217,0.2510,3.8000,-0.4500,358.2891,180.2219,358.1832,0.0000,0.0000,0.0000
53.750,494.8795,-1.4763,252.4128,0.2510,3.8000,-0.4500,358.3582,180.2198,358.4215,0.0000,0.0000,0.0000
53.862,494.6949,-1.4985,251.9892,0.2510,3.8000,-0.4500,358.3582,180.2198,358.4215,0.0000,0.0000,0.0000
53.972,494.4762,-1.5123,251.4803,0.2510,3.8000,-0.4500,358.5015,180.2164,358.8264,0.0000,0.0000,0.0000
54.085,494.2929,-1.5254,251.0567,0.2510,3.8000,-0.4500,358.5322,180.2158,358.9019,0.0000,0.0000,0.0000
54.195,494.0742,-1.5337,250.5482,0.2510,3.8000,-0.4500,358.6318,180.2141,359.1333,0.0000,0.0000,0.0000
54.308,493.8556,-1.5392,250.0397,0.2510,3.8000,-0.4500,358.7016,180.2131,359.2843,0.0000,0.0000,0.0000
54.418,493.6740,-1.5400,249.6158,0.2510,3.8000,-0.4500,358.7741,180.2123,359.4333,0.0000,0.0000,0.0000
54.528,493.4569,-1.5364,249.1080,0.2510,3.8000,-0.4500,358.8904,180.2114,359.6498,0.0000,0.0000,0.0000
54.628,493.2743,-1.5346,248.7000,0.2510,3.8000,-0.4500,358.8904,180.2114,359.6498,0.0000,0.0000,0.0000
54.751,493.0548,-1.5247,248.2410,0.2510,3.8000,-0.4500,359.0207,180.2108,359.8665,0.0000,0.0000,0.0000
54.861,492.8704,-1.5151,247.8836,0.2510,3.8000,-0.4500,359.1151,180.2107,0.0032,0.0000,0.0000,0.0000
54.974,492.6472,-1.5032,247.4786,0.2510,3.8000,-0.4500,359.1624,180.2107,0.0700,0.0000,0.0000,0.0000
55.097,492.4239,-1.4857,247.0910,0.2510,3.8000,-0.4500,359.3256,180.2112,0.2577,0.0000,0.0000,0.0000
55.222,492.1962,-1.4705,246.7497,0.2510,3.8000,-0.4500,359.3256,180.2112,0.2577,0.0000,0.0000,0.0000
55.333,491.9600,-1.4488,246.5537,0.2510,3.8000,-0.4500,359.5161,180.2123,0.4163,0.0000,0.0000,0.0000
55.460,491.7208,-1.4284,246.5239,0.2510,3.8000,-0.4500,359.5161,180.2123,0.4162,0.0000,0.0000,0.0000
55.584,491.4849,-1.4005,246.6230,0.2510,3.8000,-0.4500,359.7298,180.2141,0.5384,0.0000,0.0000,0.0000
55.708,491.2130,-1.3647,246.8512,0.2510,3.8000,-0.4500,359.8911,180.2157,0.5977,0.0000,0.0000,0.0000
55.834,490.9826,-1.3290,247.1075,0.2510,3.8000,-0.4500,0.0510,180.2175,0.6509,0.0000,0.0000,0.0000
55.944,490.7918,-1.2959,247.3478,0.2510,3.8000,-0.4500,0.2104,180.2193,0.6840,0.0000,0.0000,0.0000
56.057,490.5637,-1.2530,247.6561,0.2510,3.8000,-0.4500,0.3737,180.2213,0.7058,0.0000,0.0000,0.0000
56.169,490.3364,-1.2058,247.9769,0.2510,3.8000,-0.4500,0.6190,180.2243,0.7202,0.0000,0.0000,0.0000
56.283,490.1469,-1.1646,248.2503,0.2510,3.8000,-0.4500,0.7880,180.2265,0.7117,0.0000,0.0000,0.0000
56.391,489.9197,-1.1126,248.5820,0.2510,3.8000,-0.4500,1.0407,180.2295,0.6834,0.0000,0.0000,0.0000
56.505,489.7304,-1.0686,248.8615,0.2510,3.8000,-0.4500,1.0407,180.2295,0.6834,0.0000,0.0000,0.0000
56.615,489.5026,-1.0129,249.1957,0.2510,3.8000,-0.4500,1.3704,180.2333,0.6092,0.0000,0.0000,0.0000
56.725,489.3133,-0.9663,249.4806,0.2510,3.8000,-0.4500,1.3704,180.2333,0.6092,0.0000,0.0000,0.0000
56.837,489.0879,-0.9079,249.8611,0.2510,3.8000,-0.4500,1.6802,180.2363,0.4952,0.0000,0.0000,0.0000
56.958,488.8669,-0.8470,250.3009,0.2510,3.8000,-0.4500,1.6802,180.2363,0.4952,0.0000,0.0000,0.0000
57.069,488.6477,-0.7839,250.7869,0.2510,3.8000,-0.4500,1.9054,180.2380,0.3725,0.0000,0.0000,0.0000
57.181,488.4670,-0.7297,251.2197,0.2510,3.8000,-0.4500,1.9054,180.2380,0.3725,0.0000,0.0000,0.0000
57.306,488.2502,-0.6648,251.7589,0.2510,3.8000,-0.4500,2.1116,180.2391,0.2297,0.0000,0.0000,0.0000
57.417,488.0336,-0.6008,252.3134,0.2510,3.8000,-0.4500,2.2913,180.2396,0.0687,0.0000,0.0000,0.0000
57.528,487.8180,-0.5364,252.8783,0.2510,3.8000,-0.4500,2.2913,180.2396,0.0687,0.0000,0.0000,0.0000
57.638,487.6373,-0.4859,253.3528,0.2510,3.8000,-0.4500,2.3924,180.2395,359.9413,0.0000,0.0000,0.0000
57.749,487.4208,-0.4269,253.9260,0.2510,3.8000,-0.4500,2.4354,180.2395,359.8704,0.0000,0.0000,0.0000
57.860,487.2392,-0.3815,254.4052,0.2510,3.8000,-0.4500,2.5126,180.2392,359.7266,0.0000,0.0000,0.0000
57.973,487.0216,-0.3295,254.9820,0.2510,3.8000,-0.4500,2.5409,180.2390,359.6483,0.0000,0.0000,0.0000
58.084,486.8391,-0.2909,255.4633,0.2510,3.8000,-0.4500,2.5929,180.2387,359.4910,0.0000,0.0000,0.0000
58.195,486.6203,-0.2476,256.0421,0.2510,3.8000,-0.4500,2.6043,180.2385,359.4079,0.0000,0.0000,0.0000
58.305,486.4369,-0.2169,256.5270,0.2510,3.8000,-0.4500,2.6229,180.2383,359.2412,0.0000,0.0000,0.0000
58.416,486.2174,-0.1829,257.1136,0.2510,3.8000,-0.4500,2.6219,180.2383,359.1611,0.0000,0.0000,0.0000
58.542,485.9965,-0.1576,257.7055,0.2510,3.8000,-0.4500,2.5892,180.2389,358.9047,0.0000,0.0000,0.0000
58.654,485.7769,-0.1332,258.3007,0.2510,3.8000,-0.4500,2.5892,180.2389,358.9047,0.0000,0.0000,0.0000
58.763,485.5916,-0.1235,258.8000,0.2510,3.8000,-0.4500,2.4912,180.2411,358.5785,0.0000,0.0000,0.0000
58.888,485.3348,-0.1073,259.5004,0.2510,3.8000,-0.4500,2.4912,180.2410,358.5785,0.0000,0.0000,0.0000
59.013,485.1125,-0.1057,260.1037,0.2510,3.8000,-0.4500,2.3363,180.2453,358.2846,0.0000,0.0000,0.0000
59.138,484.8918,-0.1028,260.7071,0.2510,3.8000,-0.4500,2.3363,180.2453,358.2846,0.0000,0.0000,0.0000
59.249,484.6703,-0.1076,261.3124,0.2510,3.8000,-0.4500,2.2404,180.2483,358.1519,0.0000,0.0000,0.0000
59.361,484.4857,-0.1139,261.8159,0.2510,3.8000,-0.4500,2.1877,180.2500,358.0900,0.0000,0.0000,0.0000
59.486,484.2640,-0.1245,262.4166,0.2510,3.8000,-0.4500,2.1337,180.2518,358.0301,0.0000,0.0000,0.0000
59.596,484.0419,-0.1383,263.0136,0.2510,3.8000,-0.4500,2.0733,180.2540,357.9737,0.0000,0.0000,0.0000
59.722,483.8197,-0.1545,263.6079,0.2510,3.8000,-0.4500,2.0131,180.2561,357.9202,0.0000,0.0000,0.0000
59.847,483.5606,-0.1736,264.2982,0.2510,3.8000,-0.4500,2.0131,180.2561,357.9202,0.0000,0.0000,0.0000
59.958,483.3755,-0.1878,264.7901,0.2510,3.8000,-0.4500,2.0131,180.2561,357.9202,0.0000,0.0000,0.0000
60.069,483.1532,-0.2045,265.3790,0.2510,3.8000,-0.4500,2.0131,180.2561,357.9202,0.0000,0.0000,0.0000
60.194,482.9311,-0.2200,265.9664,0.2510,3.8000,-0.4500,2.0131,180.2561,357.9202,0.0000,0.0000,0.0000
60.319,482.7090,-0.2334,266.5526,0.2510,3.8000,-0.4500,2.0131,180.2561,357.9202,0.0000,0.0000,0.0000
60.430,482.4870,-0.2435,267.1380,0.2510,3.8000,-0.4500,2.0131,180.2561,357.9202,0.0000,0.0000,0.0000
60.555,482.2649,-0.2496,267.7224,0.2510,3.8000,-0.4500,2.0131,180.2561,357.9202,0.0000,0.0000,0.0000
60.680,482.0430,-0.2508,268.3062,0.2510,3.8000,-0.4500,2.0131,180.2561,357.9202,0.0000,0.0000,0.0000
60.807,481.7844,-0.2452,268.9865,0.2510,3.8000,-0.4500,2.0131,180.2561,357.9202,0.0000,0.0000,0.0000
60.930,481.5629,-0.2341,269.5688,0.2510,3.8000,-0.4500,2.0131,180.2561,357.9202,0.0000,0.0000,0.0000
61.042,481.3785,-0.2201,270.0534,0.2510,3.8000,-0.4500,2.0131,180.2561,357.9202,0.0000,0.0000,0.0000
61.152,481.1574,-0.1975,270.6343,0.2510,3.8000,-0.4500,2.0131,180.2561,357.9202,0.0000,0.0000,0.0000
61.263,480.9734,-0.1738,271.1178,0.2510,3.8000,-0.4500,2.0131,180.2561,357.9202,0.0000,0.0000,0.0000
61.374,480.7528,-0.1398,271.6974,0.2510,3.8000,-0.4500,2.0131,180.2561,357.9202,0.0000,0.0000,0.0000
61.500,480.5340,-0.0935,272.2727,0.2510,3.8000,-0.4500,2.1652,180.2510,358.2146,0.0000,0.0000,0.0000
61.611,480.3130,-0.0486,272.8345,0.2510,3.8000,-0.4500,2.1652,180.2510,358.2146,0.0000,0.0000,0.0000
61.721,480.1292,-0.0046,273.2877,0.2510,3.8000,-0.4500,2.2485,180.2485,358.3555,0.0000,0.0000,0.0000
61.847,479.8709,0.0600,273.9030,0.2510,3.8000,-0.4500,2.3341,180.2462,358.4991,0.0000,0.0000,0.0000
61.957,479.6865,0.1100,274.3322,0.2510,3.8000,-0.4500,2.4165,180.2441,358.6429,0.0000,0.0000,0.0000
62.068,479.4648,0.1704,274.8398,0.2510,3.8000,-0.4500,2.4564,180.2432,358.7135,0.0000,0.0000,0.0000
62.180,479.2796,0.2212,275.2585,0.2510,3.8000,-0.4500,2.4564,180.2432,358.7135,0.0000,0.0000,0.0000
62.292,479.0587,0.2873,275.7569,0.2510,3.8000,-0.4500,2.5253,180.2417,358.8622,0.0000,0.0000,0.0000
62.415,478.8370,0.3515,276.2535,0.2510,3.8000,-0.4500,2.5253,180.2417,358.8622,0.0000,0.0000,0.0000
62.527,478.6167,0.4197,276.7480,0.2510,3.8000,-0.4500,2.5745,180.2408,359.0204,0.0000,0.0000,0.0000
62.638,478.4323,0.4738,277.1556,0.2510,3.8000,-0.4500,2.5745,180.2408,359.0204,0.0000,0.0000,0.0000
62.763,478.2056,0.5381,277.5516,0.2510,3.8000,-0.4500,2.5857,180.2406,359.1837,0.0000,0.0000,0.0000
62.875,477.9662,0.5913,277.7735,0.2510,3.8000,-0.4500,2.5857,180.2406,359.1837,0.0000,0.0000,0.0000
62.985,477.7629,0.6295,277.8333,0.2510,3.8000,-0.4500,2.5857,180.2406,359.1837,0.0000,0.0000,0.0000
63.110,477.4804,0.6780,277.7714,0.2510,3.8000,-0.4500,2.5508,180.2411,359.3453,0.0000,0.0000,0.0000
63.235,477.2399,0.7137,277.6260,0.2510,3.8000,-0.4500,2.5195,180.2414,359.4212,0.0000,0.0000,0.0000
63.347,477.0020,0.7475,277.4271,0.2510,3.8000,-0.4500,2.4456,180.2421,359.5682,0.0000,0.0000,0.0000
63.471,476.7657,0.7782,277.1875,0.2510,3.8000,-0.4500,2.4026,180.2424,359.6342,0.0000,0.0000,0.0000
63.583,476.5724,0.8029,276.9428,0.2510,3.8000,-0.4500,2.2995,180.2429,359.7629,0.0000,0.0000,0.0000
63.708,476.3061,0.8335,276.5305,0.2510,3.8000,-0.4500,2.2394,180.2431,359.8227,0.0000,0.0000,0.0000
63.818,476.1196,0.8552,276.1984,0.2510,3.8000,-0.4500,2.0592,180.2435,359.9942,0.0000,0.0000,0.0000
63.929,475.8966,0.8783,275.7694,0.2510,3.8000,-0.4500,2.0592,180.2435,359.9942,0.0000,0.0000,0.0000
64.040,475.7127,0.8976,275.3964,0.2510,3.8000,-0.4500,1.9234,180.2434,0.0913,0.0000,0.0000,0.0000
64.166,475.4926,0.9195,274.9355,0.2510,3.8000,-0.4500,1.8503,180.2432,0.1367,0.0000,0.0000,0.0000
64.278,475.2735,0.9410,274.4669,0.2510,3.8000,-0.4500,1.7037,180.2428,0.2253,0.0000,0.0000,0.0000
64.388,475.0552,0.9616,273.9938,0.2510,3.8000,-0.4500,1.4826,180.2417,0.3375,0.0000,0.0000,0.0000
64.500,474.8730,0.9780,273.5963,0.2510,3.8000,-0.4500,1.4826,180.2417,0.3374,0.0000,0.0000,0.0000
64.611,474.6550,0.9969,273.1190,0.2510,3.8000,-0.4500,1.3330,180.2407,0.3998,0.0000,0.0000,0.0000
64.722,474.4737,1.0114,272.7215,0.2510,3.8000,-0.4500,1.0924,180.2389,0.4807,0.0000,0.0000,0.0000
64.833,474.2558,1.0280,272.2432,0.2510,3.8000,-0.4500,1.0152,180.2382,0.5053,0.0000,0.0000,0.0000
64.944,474.0743,1.0404,271.8452,0.2510,3.8000,-0.4500,0.8579,180.2368,0.5418,0.0000,0.0000,0.0000
65.069,473.8201,1.0555,271.2887,0.2510,3.8000,-0.4500,0.6111,180.2344,0.5823,0.0000,0.0000,0.0000
65.194,473.6019,1.0674,270.8105,0.2510,3.8000,-0.4500,0.6111,180.2344,0.5823,0.0000,0.0000,0.0000
65.305,473.4200,1.0650,270.4138,0.2510,3.8000,-0.4500,0.4463,180.2327,0.5900,0.0000,0.0000,0.0000
65.418,473.1992,1.0555,269.9390,0.2510,3.8000,-0.4500,0.0932,180.2297,0.3633,0.0000,0.0000,0.0000
65.527,472.9774,1.0442,269.4627,0.2510,3.8000,-0.4500,359.9322,180.2289,0.1794,0.0000,0.0000,0.0000
65.638,472.7934,1.0333,269.0587,0.2510,3.8000,-0.4500,359.9322,180.2289,0.1794,0.0000,0.0000,0.0000
65.749,472.5730,1.0215,268.5614,0.2510,3.8000,-0.4500,359.9322,180.2289,0.1794,0.0000,0.0000,0.0000
65.861,472.3898,1.0133,268.1371,0.2510,3.8000,-0.4500,359.9322,180.2289,0.1794,0.0000,0.0000,0.0000
65.973,472.1707,1.0055,267.6188,0.2510,3.8000,-0.4500,359.9322,180.2289,0.1794,0.0000,0.0000,0.0000
66.096,471.9521,1.0004,267.0934,0.2510,3.8000,-0.4500,359.9322,180.2289,0.1794,0.0000,0.0000,0.0000
66.208,471.7339,0.9978,266.5650,0.2510,3.8000,-0.4500,359.9322,180.2289,0.1794,0.0000,0.0000,0.0000
66.318,471.5522,0.9977,266.1271,0.2510,3.8000,-0.4500,359.9322,180.2289,0.1794,0.0000,0.0000,0.0000
66.430,471.3342,0.9998,265.6067,0.2510,3.8000,-0.4500,359.9322,180.2289,0.1794,0.0000,0.0000,0.0000
66.541,471.1525,1.0036,265.1767,0.2510,3.8000,-0.4500,359.9322,180.2289,0.1794,0.0000,0.0000,0.0000
66.654,470.9344,1.0103,264.6640,0.2510,3.8000,-0.4500,359.9322,180.2289,0.1794,0.0000,0.0000,0.0000
66.763,470.7529,1.0178,264.2388,0.2510,3.8000,-0.4500,359.9322,180.2289,0.1794,0.0000,0.0000,0.0000
66.888,470.4990,1.0311,263.6455,0.2510,3.8000,-0.4500,359.9322,180.2289,0.1794,0.0000,0.0000,0.0000
67.000,470.3179,1.0425,263.2225,0.2510,3.8000,-0.4500,359.9322,180.2289,0.1794,0.0000,0.0000,0.0000
67.124,470.1009,1.0582,262.7155,0.2510,3.8000,-0.4500,359.9322,180.2289,0.1794,0.0000,0.0000,0.0000
67.236,469.8842,1.0760,262.2086,0.2510,3.8000,-0.4500,359.9322,180.2289,0.1794,0.0000,0.0000,0.0000
67.360,469.6678,1.0958,261.7020,0.2510,3.8000,-0.4500,359.9322,180.2289,0.1794,0.0000,0.0000,0.0000
67.471,469.4527,1.1205,261.1946,0.2510,3.8000,-0.4500,0.0308,180.2293,0.3063,0.0000,0.0000,0.0000
67.583,469.2731,1.1399,260.7722,0.2510,3.8000,-0.4500,0.0308,180.2293,0.3063,0.0000,0.0000,0.0000
67.707,469.0223,1.1702,260.1808,0.2510,3.8000,-0.4500,0.0784,180.2296,0.3735,0.0000,0.0000,0.0000
67.818,468.8434,1.1935,259.7590,0.2510,3.8000,-0.4500,0.1256,180.2299,0.4405,0.0000,0.0000,0.0000
67.945,468.6282,1.2207,259.2545,0.2510,3.8000,-0.4500,0.1256,180.2299,0.4405,0.0000,0.0000,0.0000
68.068,468.3775,1.2536,258.6678,0.2510,3.8000,-0.4500,0.1256,180.2300,0.4405,0.0000,0.0000,0.0000
68.194,468.1635,1.2857,258.1652,0.2510,3.8000,-0.4500,0.2141,180.2308,0.5785,0.0000,0.0000,0.0000
68.305,467.9846,1.3103,257.7473,0.2510,3.8000,-0.4500,0.2141,180.2307,0.5785,0.0000,0.0000,0.0000
68.417,467.7699,1.3400,257.2460,0.2510,3.8000,-0.4500,0.2141,180.2307,0.5785,0.0000,0.0000,0.0000
68.528,467.5554,1.3699,256.7451,0.2510,3.8000,-0.4500,0.2141,180.2307,0.5785,0.0000,0.0000,0.0000
68.652,467.3409,1.3997,256.2444,0.2510,3.8000,-0.4500,0.2140,180.2307,0.5785,0.0000,0.0000,0.0000
68.763,467.1622,1.4243,255.8273,0.2510,3.8000,-0.4500,0.2140,180.2307,0.5785,0.0000,0.0000,0.0000
68.887,466.9120,1.4582,255.2435,0.2510,3.8000,-0.4500,0.2140,180.2307,0.5785,0.0000,0.0000,0.0000
69.000,466.7331,1.4818,254.8266,0.2510,3.8000,-0.4500,0.2140,180.2307,0.5785,0.0000,0.0000,0.0000
69.124,466.5184,1.5092,254.3268,0.2510,3.8000,-0.4500,0.2140,180.2307,0.5785,0.0000,0.0000,0.0000
69.249,466.2643,1.5401,253.7925,0.2510,3.8000,-0.4500,0.2140,180.2307,0.5785,0.0000,0.0000,0.0000
69.376,466.0399,1.5657,253.4221,0.2510,3.8000,-0.4500,0.2140,180.2307,0.5785,0.0000,0.0000,0.0000
69.485,465.8485,1.5863,253.1733,0.2510,3.8000,-0.4500,0.2140,180.2307,0.5785,0.0000,0.0000,0.0000
69.596,465.6142,1.6093,252.9317,0.2510,3.8000,-0.4500,0.2140,180.2307,0.5785,0.0000,0.0000,0.0000
69.708,465.3761,1.6302,252.7346,0.2510,3.8000,-0.4500,0.2140,180.2307,0.5785,0.0000,0.0000,0.0000
69.823,465.1746,1.6456,252.6137,0.2510,3.8000,-0.4500,0.2140,180.2307,0.5785,0.0000,0.0000,0.0000
69.943,464.9319,1.6611,252.5904,0.2510,3.8000,-0.4500,0.2140,180.2306,0.5785,0.0000,0.0000,0.0000
70.068,464.6544,1.6741,252.7336,0.2510,3.8000,-0.4500,0.2140,180.2306,0.5785,0.0000,0.0000,0.0000
70.193,464.4214,1.6797,252.9675,0.2510,3.8000,-0.4500,0.2140,180.2307,0.5785,0.0000,0.0000,0.0000
70.304,464.2297,1.6799,253.2160,0.2510,3.8000,-0.4500,0.2140,180.2307,0.5785,0.0000,0.0000,0.0000
70.418,463.9994,1.6746,253.5275,0.2510,3.8000,-0.4500,0.2140,180.2307,0.5785,0.0000,0.0000,0.0000
70.540,463.7653,1.6614,253.6087,0.2510,3.8000,-0.4500,-0.0033,180.2287,0.4542,0.0000,0.0000,0.0000
70.665,463.5408,1.6497,253.3771,0.2510,3.8000,-0.4500,359.9276,180.2282,0.4070,0.0000,0.0000,0.0000
70.777,463.3242,1.6362,252.9179,0.2510,3.8000,-0.4500,359.7910,180.2273,0.3112,0.0000,0.0000,0.0000
70.887,463.1127,1.6223,252.3190,0.2510,3.8000,-0.4500,359.6661,180.2267,0.2079,0.0000,0.0000,0.0000
70.999,462.9392,1.6123,251.7567,0.2510,3.8000,-0.4500,359.6661,180.2268,0.2079,0.0000,0.0000,0.0000
71.113,462.7317,1.5964,251.0402,0.2510,3.8000,-0.4500,359.5463,180.2264,0.0954,0.0000,0.0000,0.0000
71.234,462.5251,1.5804,250.2970,0.2510,3.8000,-0.4500,359.4890,180.2263,0.0366,0.0000,0.0000,0.0000
71.346,462.3531,1.5655,249.6666,0.2510,3.8000,-0.4500,359.4315,180.2263,359.9749,0.0000,0.0000,0.0000
71.457,462.1463,1.5448,248.9030,0.2510,3.8000,-0.4500,359.3185,180.2265,359.8527,0.0000,0.0000,0.0000
71.569,461.9403,1.5254,248.1344,0.2510,3.8000,-0.4500,359.3185,180.2265,359.8527,0.0000,0.0000,0.0000
71.679,461.7676,1.5050,247.4928,0.2510,3.8000,-0.4500,359.2112,180.2269,359.7295,0.0000,0.0000,0.0000
71.790,461.5614,1.4826,246.7208,0.2510,3.8000,-0.4500,359.2112,180.2269,359.7295,0.0000,0.0000,0.0000
71.915,461.3514,1.4535,245.9913,0.2510,3.8000,-0.4500,359.0479,180.2279,359.5403,0.0000,0.0000,0.0000
72.040,461.1278,1.4227,245.4891,0.2510,3.8000,-0.4500,359.0479,180.2279,359.5403,0.0000,0.0000,0.0000
72.151,460.8935,1.3803,245.3054,0.2510,3.8000,-0.4500,358.9925,180.2284,359.4807,0.0000,0.0000,0.0000
72.277,460.6608,1.3270,245.3918,0.2510,3.8000,-0.4500,358.9365,180.2289,359.4212,0.0000,0.0000,0.0000
72.401,460.4320,1.2626,245.6710,0.2510,3.8000,-0.4500,358.8156,180.2303,359.3058,0.0000,0.0000,0.0000
72.526,460.2070,1.1899,246.0758,0.2510,3.8000,-0.4500,358.6881,180.2319,359.1972,0.0000,0.0000,0.0000
72.652,459.9484,1.0987,246.6434,0.2510,3.8000,-0.4500,358.6252,180.2328,359.1448,0.0000,0.0000,0.0000
72.762,459.7650,1.0287,247.0869,0.2510,3.8000,-0.4500,358.5577,180.2338,359.0973,0.0000,0.0000,0.0000
72.873,459.5457,0.9400,247.6441,0.2510,3.8000,-0.4500,358.4246,180.2360,359.0083,0.0000,0.0000,0.0000
72.998,459.3278,0.8506,248.2169,0.2510,3.8000,-0.4500,358.4246,180.2360,359.0083,0.0000,0.0000,0.0000
73.124,459.1099,0.7578,248.7995,0.2510,3.8000,-0.4500,358.3529,180.2373,358.9703,0.0000,0.0000,0.0000
73.248,458.8560,0.6476,249.4861,0.2510,3.8000,-0.4500,358.2805,180.2386,358.9371,0.0000,0.0000,0.0000
73.359,458.6753,0.5690,249.9787,0.2510,3.8000,-0.4500,358.2805,180.2386,358.9371,0.0000,0.0000,0.0000
73.470,458.4585,0.4742,250.5716,0.2510,3.8000,-0.4500,358.2805,180.2386,358.9371,0.0000,0.0000,0.0000
73.582,458.2779,0.3951,251.0665,0.2510,3.8000,-0.4500,358.2805,180.2387,358.9371,0.0000,0.0000,0.0000
73.693,458.0615,0.3007,251.6609,0.2510,3.8000,-0.4500,358.2805,180.2387,358.9371,0.0000,0.0000,0.0000
73.805,457.8810,0.2216,252.1569,0.2510,3.8000,-0.4500,358.2003,180.2402,358.9236,0.0000,0.0000,0.0000
73.929,457.6287,0.1134,252.8507,0.2510,3.8000,-0.4500,358.2003,180.2402,358.9236,0.0000,0.0000,0.0000
74.054,457.4126,0.0221,253.4456,0.2510,3.8000,-0.4500,358.2003,180.2402,358.9236,0.0000,0.0000,0.0000
74.178,457.1967,-0.0675,254.0406,0.2510,3.8000,-0.4500,358.2003,180.2402,358.9236,0.0000,0.0000,0.0000
74.304,456.9814,-0.1559,254.6361,0.2510,3.8000,-0.4500,358.1219,180.2416,358.9448,0.0000,0.0000,0.0000
74.429,456.7304,-0.2565,255.3303,0.2510,3.8000,-0.4500,358.1219,180.2417,358.9448,0.0000,0.0000,0.0000
74.553,456.5162,-0.3415,255.9267,0.2510,3.8000,-0.4500,357.8994,180.2455,359.0643,0.0000,0.0000,0.0000
74.680,456.3015,-0.4265,256.5215,0.2510,3.8000,-0.4500,357.8994,180.2455,359.0643,0.0000,0.0000,0.0000
74.804,456.0877,-0.5114,257.1174,0.2510,3.8000,-0.4500,357.7664,180.2476,359.1556,0.0000,0.0000,0.0000
74.915,455.8744,-0.5965,257.7138,0.2510,3.8000,-0.4500,357.5692,180.2503,359.3018,0.0000,0.0000,0.0000
75.040,455.6604,-0.6839,258.3091,0.2510,3.8000,-0.4500,357.5692,180.2503,359.3018,0.0000,0.0000,0.0000
75.165,455.4473,-0.7720,258.9059,0.2510,3.8000,-0.4500,357.4383,180.2518,359.4000,0.0000,0.0000,0.0000
75.290,455.1985,-0.8775,259.6024,0.2510,3.8000,-0.4500,357.3734,180.2524,359.4474,0.0000,0.0000,0.0000
75.402,455.0209,-0.9540,260.1006,0.2510,3.8000,-0.4500,357.3033,180.2531,359.4954,0.0000,0.0000,0.0000
75.512,454.8083,-1.0475,260.6989,0.2510,3.8000,-0.4500,357.1649,180.2542,359.5890,0.0000,0.0000,0.0000
75.623,454.6307,-1.1269,261.1968,0.2510,3.8000,-0.4500,357.1649,180.2542,359.5890,0.0000,0.0000,0.0000
75.734,454.4175,-1.2234,261.7945,0.2510,3.8000,-0.4500,357.1649,180.2542,359.5890,0.0000,0.0000,0.0000
75.859,454.2047,-1.3205,262.3927,0.2510,3.8000,-0.4500,357.0943,180.2546,359.6279,0.0000,0.0000,0.0000
75.971,453.9916,-1.4179,262.9905,0.2510,3.8000,-0.4500,357.0943,180.2547,359.6279,0.0000,0.0000,0.0000
76.095,453.7786,-1.5145,263.5884,0.2510,3.8000,-0.4500,357.0943,180.2546,359.6279,0.0000,0.0000,0.0000
76.221,453.5657,-1.6098,264.1863,0.2510,3.8000,-0.4500,357.0943,180.2546,359.6279,0.0000,0.0000,0.0000
76.346,453.3529,-1.7028,264.7843,0.2510,3.8000,-0.4500,357.0943,180.2546,359.6279,0.0000,0.0000,0.0000
76.471,453.1048,-1.8075,265.4820,0.2510,3.8000,-0.4500,357.0942,180.2546,359.6279,0.0000,0.0000,0.0000
76.582,452.9277,-1.8793,265.9803,0.2510,3.8000,-0.4500,357.0942,180.2546,359.6279,0.0000,0.0000,0.0000
76.707,452.6799,-1.9745,266.6777,0.2510,3.8000,-0.4500,357.0942,180.2546,359.6279,0.0000,0.0000,0.0000
76.819,452.5029,-2.0385,267.1758,0.2510,3.8000,-0.4500,357.0942,180.2546,359.6279,0.0000,0.0000,0.0000
76.929,452.2907,-2.1103,267.7733,0.2510,3.8000,-0.4500,357.0942,180.2546,359.6279,0.0000,0.0000,0.0000
77.041,452.1140,-2.1659,268.2710,0.2510,3.8000,-0.4500,357.0942,180.2546,359.6279,0.0000,0.0000,0.0000
77.152,451.9026,-2.2253,268.8680,0.2510,3.8000,-0.4500,357.1198,180.2544,359.7048,0.0000,0.0000,0.0000
77.263,451.7274,-2.2666,269.3645,0.2510,3.8000,-0.4500,357.2422,180.2540,359.9223,0.0000,0.0000,0.0000
77.388,451.4805,-2.3222,270.0589,0.2510,3.8000,-0.4500,357.2988,180.2540,359.9808,0.0000,0.0000,0.0000
77.499,451.3046,-2.3547,270.5536,0.2510,3.8000,-0.4500,357.4170,180.2540,0.0940,0.0000,0.0000,0.0000
77.612,451.0936,-2.3873,271.1458,0.2510,3.8000,-0.4500,357.6245,180.2546,0.2277,0.0000,0.0000,0.0000
77.734,450.8821,-2.4153,271.7375,0.2510,3.8000,-0.4500,357.7785,180.2553,0.2965,0.0000,0.0000,0.0000
77.860,450.6706,-2.4373,272.3284,0.2510,3.8000,-0.4500,357.9314,180.2562,0.3571,0.0000,0.0000,0.0000
77.973,450.4591,-2.4538,272.9188,0.2510,3.8000,-0.4500,358.0858,180.2572,0.4023,0.0000,0.0000,0.0000
78.095,450.2477,-2.4641,273.5079,0.2510,3.8000,-0.4500,358.3326,180.2591,0.4508,0.0000,0.0000,0.0000
78.221,450.0360,-2.4697,274.0963,0.2510,3.8000,-0.4500,358.5782,180.2611,0.4763,0.0000,0.0000,0.0000
78.335,449.8242,-2.4711,274.6839,0.2510,3.8000,-0.4500,358.8327,180.2632,0.4813,0.0000,0.0000,0.0000
78.444,449.6475,-2.4701,275.1740,0.2510,3.8000,-0.4500,358.9146,180.2639,0.4812,0.0000,0.0000,0.0000
78.554,449.4352,-2.4647,275.7604,0.2510,3.8000,-0.4500,359.1635,180.2659,0.4578,0.0000,0.0000,0.0000
78.679,449.2223,-2.4571,276.3395,0.2510,3.8000,-0.4500,359.2450,180.2666,0.4483,0.0000,0.0000,0.0000
78.805,449.0061,-2.4465,276.8721,0.2510,3.8000,-0.4500,359.4037,180.2678,0.4190,0.0000,0.0000,0.0000
78.917,448.7856,-2.4340,277.3427,0.2510,3.8000,-0.4500,359.6447,180.2694,0.3575,0.0000,0.0000,0.0000
79.040,448.5615,-2.4213,277.7614,0.2510,3.8000,-0.4500,359.6447,180.2694,0.3575,0.0000,0.0000,0.0000
79.167,448.2961,-2.4055,278.2000,0.2510,3.8000,-0.4500,359.8020,180.2703,0.3027,0.0000,0.0000,0.0000
79.276,448.1046,-2.3941,278.4912,0.2510,3.8000,-0.4500,359.9524,180.2710,0.2416,0.0000,0.0000,0.0000
79.389,447.8738,-2.3805,278.8261,0.2510,3.8000,-0.4500,359.9524,180.2710,0.2416,0.0000,0.0000,0.0000
79.499,447.6801,-2.3693,279.0949,0.2510,3.8000,-0.4500,0.1722,180.2718,0.1325,0.0000,0.0000,0.0000
79.599,447.4865,-2.3580,279.3600,0.2510,3.8000,-0.4500,0.1722,180.2718,0.1325,0.0000,0.0000,0.0000
79.721,447.2485,-2.3451,279.6006,0.2510,3.8000,-0.4500,0.1722,180.2718,0.1325,0.0000,0.0000,0.0000
79.832,447.0074,-2.3354,279.6461,0.2510,3.8000,-0.4500,0.2410,180.2719,0.0914,0.0000,0.0000,0.0000
79.957,446.7717,-2.3287,279.4969,0.2510,3.8000,-0.4500,0.2410,180.2719,0.0914,0.0000,0.0000,0.0000
80.069,446.5419,-2.3246,279.1991,0.2510,3.8000,-0.4500,0.2410,180.2719,0.0914,0.0000,0.0000,0.0000
80.193,446.3167,-2.3222,278.8008,0.2510,3.8000,-0.4500,0.2410,180.2719,0.0914,0.0000,0.0000,0.0000
80.304,446.1317,-2.3207,278.4186,0.2510,3.8000,-0.4500,0.2410,180.2719,0.0914,0.0000,0.0000,0.0000
80.417,445.9117,-2.3191,277.9219,0.2510,3.8000,-0.4500,0.2410,180.2719,0.0914,0.0000,0.0000,0.0000
80.529,445.6931,-2.3170,277.3994,0.2510,3.8000,-0.4500,0.2410,180.2719,0.0914,0.0000,0.0000,0.0000
80.651,445.4756,-2.3141,276.8615,0.2510,3.8000,-0.4500,0.2410,180.2719,0.0914,0.0000,0.0000,0.0000
80.777,445.2589,-2.3102,276.3147,0.2510,3.8000,-0.4500,0.2410,180.2719,0.0914,0.0000,0.0000,0.0000
80.888,445.0425,-2.3051,275.7628,0.2510,3.8000,-0.4500,0.2410,180.2719,0.0914,0.0000,0.0000,0.0000
80.999,444.8626,-2.2998,275.3007,0.2510,3.8000,-0.4500,0.2410,180.2719,0.0914,0.0000,0.0000,0.0000
81.123,444.6470,-2.2922,274.7445,0.2510,3.8000,-0.4500,0.2410,180.2719,0.0914,0.0000,0.0000,0.0000
81.235,444.4317,-2.2831,274.1892,0.2510,3.8000,-0.4500,0.2410,180.2719,0.0914,0.0000,0.0000,0.0000
81.346,444.2163,-2.2723,273.6380,0.2510,3.8000,-0.4500,0.2410,180.2720,0.0914,0.0000,0.0000,0.0000
81.458,444.0369,-2.2621,273.1820,0.2510,3.8000,-0.4500,0.2410,180.2720,0.0914,0.0000,0.0000,0.0000
81.567,443.8217,-2.2481,272.6383,0.2510,3.8000,-0.4500,0.2410,180.2720,0.0914,0.0000,0.0000,0.0000
81.681,443.6426,-2.2351,272.1874,0.2510,3.8000,-0.4500,0.2410,180.2720,0.0914,0.0000,0.0000,0.0000
81.791,443.4279,-2.2177,271.6481,0.2510,3.8000,-0.4500,0.2410,180.2720,0.0914,0.0000,0.0000,0.0000
81.901,443.2491,-2.2017,271.1996,0.2510,3.8000,-0.4500,0.2410,180.2720,0.0914,0.0000,0.0000,0.0000
82.012,443.0348,-2.1807,270.6623,0.2510,3.8000,-0.4500,0.2410,180.2720,0.0914,0.0000,0.0000,0.0000
82.138,442.8219,-2.1545,270.1250,0.2510,3.8000,-0.4500,0.2855,180.2722,0.2488,0.0000,0.0000,0.0000
82.249,442.6084,-2.1292,269.5905,0.2510,3.8000,-0.4500,0.2855,180.2722,0.2488,0.0000,0.0000,0.0000
82.360,442.4315,-2.1034,269.1493,0.2510,3.8000,-0.4500,0.3261,180.2724,0.4080,0.0000,0.0000,0.0000
82.471,442.2184,-2.0725,268.6257,0.2510,3.8000,-0.4500,0.3462,180.2726,0.4880,0.0000,0.0000,0.0000
82.582,442.0411,-2.0448,268.1930,0.2510,3.8000,-0.4500,0.3663,180.2728,0.5680,0.0000,0.0000,0.0000
82.707,441.7934,-2.0024,267.5911,0.2510,3.8000,-0.4500,0.4090,180.2732,0.7281,0.0000,0.0000,0.0000
82.819,441.6159,-1.9724,267.1632,0.2510,3.8000,-0.4500,0.4090,180.2732,0.7281,0.0000,0.0000,0.0000
82.929,441.4044,-1.9315,266.6506,0.2510,3.8000,-0.4500,0.4542,180.2739,0.8818,0.0000,0.0000,0.0000
83.040,441.2279,-1.8966,266.2249,0.2510,3.8000,-0.4500,0.4788,180.2743,0.9578,0.0000,0.0000,0.0000
83.151,441.0167,-1.8514,265.7166,0.2510,3.8000,-0.4500,0.5332,180.2753,1.1116,0.0000,0.0000,0.0000
83.262,440.8402,-1.8146,265.2954,0.2510,3.8000,-0.4500,0.5332,180.2753,1.1116,0.0000,0.0000,0.0000
83.387,440.5943,-1.7576,264.7076,0.2510,3.8000,-0.4500,0.5941,180.2765,1.2595,0.0000,0.0000,0.0000
83.500,440.4182,-1.7172,264.2892,0.2510,3.8000,-0.4500,0.5941,180.2765,1.2595,0.0000,0.0000,0.0000
83.623,440.2083,-1.6638,263.7872,0.2510,3.8000,-0.4500,0.6638,180.2781,1.4076,0.0000,0.0000,0.0000
83.735,439.9977,-1.6114,263.2860,0.2510,3.8000,-0.4500,0.6638,180.2781,1.4076,0.0000,0.0000,0.0000
83.846,439.8234,-1.5633,262.8677,0.2510,3.8000,-0.4500,0.7450,180.2802,1.5541,0.0000,0.0000,0.0000
83.970,439.5786,-1.4980,262.2828,0.2510,3.8000,-0.4500,0.7450,180.2802,1.5541,0.0000,0.0000,0.0000
84.096,439.3712,-1.4341,261.7799,0.2510,3.8000,-0.4500,0.9220,180.2854,1.8278,0.0000,0.0000,0.0000
84.207,439.1620,-1.3747,261.2777,0.2510,3.8000,-0.4500,0.9220,180.2854,1.8278,0.0000,0.0000,0.0000
84.318,438.9879,-1.3239,260.8591,0.2510,3.8000,-0.4500,0.9220,180.2854,1.8278,0.0000,0.0000,0.0000
84.430,438.7798,-1.2603,260.3567,0.2510,3.8000,-0.4500,0.9738,180.2871,1.8891,0.0000,0.0000,0.0000
84.554,438.5714,-1.1967,259.8548,0.2510,3.8000,-0.4500,0.9738,180.2871,1.8891,0.0000,0.0000,0.0000
84.667,438.3647,-1.1276,259.3518,0.2510,3.8000,-0.4500,1.1410,180.2929,2.0676,0.0000,0.0000,0.0000
84.778,438.1916,-1.0727,258.9333,0.2510,3.8000,-0.4500,1.1410,180.2929,2.0676,0.0000,0.0000,0.0000
84.887,437.9841,-1.0059,258.4312,0.2510,3.8000,-0.4500,1.1410,180.2929,2.0676,0.0000,0.0000,0.0000
84.998,437.8112,-0.9494,258.0125,0.2510,3.8000,-0.4500,1.1410,180.2929,2.0676,0.0000,0.0000,0.0000
85.123,437.6041,-0.8796,257.5092,0.2510,3.8000,-0.4500,1.2053,180.2952,2.1202,0.0000,0.0000,0.0000
85.236,437.3976,-0.8075,257.0052,0.2510,3.8000,-0.4500,1.3405,180.3004,2.2194,0.0000,0.0000,0.0000
85.359,437.1904,-0.7376,256.5029,0.2510,3.8000,-0.4500,1.3405,180.3004,2.2194,0.0000,0.0000,0.0000
85.471,436.9830,-0.6669,256.0022,0.2510,3.8000,-0.4500,1.3405,180.3004,2.2194,0.0000,0.0000,0.0000
85.582,436.8109,-0.6050,255.5849,0.2510,3.8000,-0.4500,1.4814,180.3059,2.3028,0.0000,0.0000,0.0000
85.693,436.6036,-0.5333,255.0861,0.2510,3.8000,-0.4500,1.4814,180.3059,2.3028,0.0000,0.0000,0.0000
85.805,436.4308,-0.4729,254.6709,0.2510,3.8000,-0.4500,1.4814,180.3059,2.3028,0.0000,0.0000,0.0000
85.917,436.2239,-0.3987,254.1725,0.2510,3.8000,-0.4500,1.5543,180.3089,2.3396,0.0000,0.0000,0.0000
86.026,436.0513,-0.3371,253.7577,0.2510,3.8000,-0.4500,1.5543,180.3089,2.3396,0.0000,0.0000,0.0000
86.137,435.8446,-0.2610,253.2593,0.2510,3.8000,-0.4500,1.6267,180.3118,2.3768,0.0000,0.0000,0.0000
86.262,435.6382,-0.1834,252.7609,0.2510,3.8000,-0.4500,1.6971,180.3148,2.4160,0.0000,0.0000,0.0000
86.374,435.4317,-0.1055,252.2628,0.2510,3.8000,-0.4500,1.6971,180.3148,2.4160,0.0000,0.0000,0.0000
86.485,435.2606,-0.0366,251.8464,0.2510,3.8000,-0.4500,1.8367,180.3208,2.5088,0.0000,0.0000,0.0000
86.596,435.0547,0.0444,251.3477,0.2510,3.8000,-0.4500,1.8367,180.3208,2.5088,0.0000,0.0000,0.0000
86.707,434.8502,0.1301,250.8478,0.2510,3.8000,-0.4500,1.9643,180.3265,2.6173,0.0000,0.0000,0.0000
86.820,434.6794,0.2006,250.4322,0.2510,3.8000,-0.4500,1.9643,180.3265,2.6173,0.0000,0.0000,0.0000
86.929,434.4750,0.2881,249.9351,0.2510,3.8000,-0.4500,2.0210,180.3291,2.6748,0.0000,0.0000,0.0000
87.054,434.2704,0.3761,249.4409,0.2510,3.8000,-0.4500,2.0210,180.3291,2.6748,0.0000,0.0000,0.0000
87.164,434.1012,0.4536,249.0298,0.2510,3.8000,-0.4500,2.1299,180.3344,2.8035,0.0000,0.0000,0.0000
87.290,433.8638,0.5612,248.4567,0.2510,3.8000,-0.4500,2.1798,180.3368,2.8643,0.0000,0.0000,0.0000
87.401,433.6941,0.6379,248.0482,0.2510,3.8000,-0.4500,2.1798,180.3368,2.8643,0.0000,0.0000,0.0000
87.527,433.4568,0.7468,247.4771,0.2510,3.8000,-0.4500,2.1798,180.3368,2.8643,0.0000,0.0000,0.0000
87.643,433.2875,0.8251,247.0694,0.2510,3.8000,-0.4500,2.1798,180.3368,2.8643,0.0000,0.0000,0.0000
87.744,433.1187,0.9055,246.6638,0.2510,3.8000,-0.4500,2.2242,180.3391,2.9315,0.0000,0.0000,0.0000
87.858,432.9081,1.0044,246.2929,0.2510,3.8000,-0.4500,2.2242,180.3391,2.9315,0.0000,0.0000,0.0000
87.958,432.7287,1.0955,246.1780,0.2510,3.8000,-0.4500,2.2242,180.3391,2.9315,0.0000,0.0000,0.0000
88.068,432.5172,1.2153,246.2654,0.2510,3.8000,-0.4500,2.2242,180.3391,2.9315,0.0000,0.0000,0.0000
88.178,432.3453,1.3212,246.4805,0.2510,3.8000,-0.4500,2.2242,180.3391,2.9315,0.0000,0.0000,0.0000
88.291,432.1436,1.4529,246.8569,0.2510,3.8000,-0.4500,2.2242,180.3391,2.9315,0.0000,0.0000,0.0000
88.402,431.9780,1.5635,247.2366,0.2510,3.8000,-0.4500,2.2242,180.3391,2.9315,0.0000,0.0000,0.0000
88.512,431.7812,1.6951,247.7428,0.2510,3.8000,-0.4500,2.2242,180.3391,2.9315,0.0000,0.0000,0.0000
88.638,431.5855,1.8225,248.2834,0.2510,3.8000,-0.4500,2.2242,180.3391,2.9315,0.0000,0.0000,0.0000
88.748,431.3902,1.9440,248.8448,0.2510,3.8000,-0.4500,2.2242,180.3391,2.9315,0.0000,0.0000,0.0000
88.874,431.1947,2.0575,249.4190,0.2510,3.8000,-0.4500,2.2242,180.3391,2.9315,0.0000,0.0000,0.0000
88.998,430.9988,2.1621,250.0013,0.2510,3.8000,-0.4500,2.2242,180.3391,2.9315,0.0000,0.0000,0.0000
89.109,430.8019,2.2543,250.5905,0.2510,3.8000,-0.4500,1.9657,180.3258,2.9340,0.0000,0.0000,0.0000
89.221,430.6367,2.3213,251.0856,0.2510,3.8000,-0.4500,1.6301,180.3086,2.9031,0.0000,0.0000,0.0000
89.332,430.4371,2.3901,251.6818,0.2510,3.8000,-0.4500,1.3054,180.2924,2.8099,0.0000,0.0000,0.0000
89.458,430.2359,2.4457,252.2810,0.2510,3.8000,-0.4500,0.9904,180.2773,2.6892,0.0000,0.0000,0.0000
89.582,430.0329,2.4862,252.8835,0.2510,3.8000,-0.4500,0.6027,180.2597,2.5086,0.0000,0.0000,0.0000
89.706,429.8283,2.5119,253.4882,0.2510,3.8000,-0.4500,0.2173,180.2435,2.3004,0.0000,0.0000,0.0000
89.831,429.5876,2.5231,254.1956,0.2510,3.8000,-0.4500,359.7772,180.2268,2.0451,0.0000,0.0000,0.0000
89.956,429.3795,2.5152,254.8035,0.2510,3.8000,-0.4500,359.3537,180.2127,1.7816,0.0000,0.0000,0.0000
90.068,429.1704,2.4929,255.4118,0.2510,3.8000,-0.4500,359.0012,180.2024,1.5521,0.0000,0.0000,0.0000
90.193,428.9598,2.4549,256.0208,0.2510,3.8000,-0.4500,358.6418,180.1934,1.3098,0.0000,0.0000,0.0000
90.317,428.7482,2.4014,256.6300,0.2510,3.8000,-0.4500,358.2894,180.1861,1.0656,0.0000,0.0000,0.0000
90.442,428.5352,2.3314,257.2396,0.2510,3.8000,-0.4500,357.8773,180.1795,0.7702,0.0000,0.0000,0.0000
90.568,428.2863,2.2337,257.9496,0.2510,3.8000,-0.4500,357.5314,180.1756,0.5134,0.0000,0.0000,0.0000
90.678,428.1073,2.1500,258.4570,0.2510,3.8000,-0.4500,357.1904,180.1733,0.2538,0.0000,0.0000,0.0000
90.789,427.8930,2.0415,259.0642,0.2510,3.8000,-0.4500,356.9904,180.1727,0.0968,0.0000,0.0000,0.0000
90.901,427.7132,1.9374,259.5709,0.2510,3.8000,-0.4500,356.6511,180.1729,359.8241,0.0000,0.0000,0.0000
91.012,427.4981,1.8060,260.1775,0.2510,3.8000,-0.4500,356.4513,180.1738,359.6576,0.0000,0.0000,0.0000
91.137,427.2823,1.6624,260.7840,0.2510,3.8000,-0.4500,356.1942,180.1759,359.4386,0.0000,0.0000,0.0000
91.265,427.0667,1.5102,261.3898,0.2510,3.8000,-0.4500,356.0067,180.1780,359.2724,0.0000,0.0000,0.0000
91.386,426.8146,1.3214,262.0963,0.2510,3.8000,-0.4500,355.7666,180.1815,359.0504,0.0000,0.0000,0.0000
91.514,426.5989,1.1538,262.7013,0.2510,3.8000,-0.4500,355.6509,180.1835,358.9373,0.0000,0.0000,0.0000
91.637,426.3831,0.9806,263.3062,0.2510,3.8000,-0.4500,355.5353,180.1858,358.8178,0.0000,0.0000,0.0000
91.761,426.1674,0.8046,263.9081,0.2510,3.8000,-0.4500,355.4815,180.1869,358.7588,0.0000,0.0000,0.0000
91.887,425.9124,0.6014,264.5560,0.2510,3.8000,-0.4500,355.4815,180.1869,358.7588,0.0000,0.0000,0.0000
92.000,425.7259,0.4582,264.9619,0.2510,3.8000,-0.4500,355.4302,180.1881,358.6942,0.0000,0.0000,0.0000
92.109,425.4979,0.2924,265.3904,0.2510,3.8000,-0.4500,355.3845,180.1892,358.6313,0.0000,0.0000,0.0000
92.234,425.2666,0.1338,265.7701,0.2510,3.8000,-0.4500,355.3845,180.1892,358.6313,0.0000,0.0000,0.0000
92.347,425.0327,-0.0190,266.1157,0.2510,3.8000,-0.4500,355.3845,180.1892,358.6313,0.0000,0.0000,0.0000
92.457,424.8364,-0.1423,266.3862,0.2510,3.8000,-0.4500,355.3845,180.1892,358.6313,0.0000,0.0000,0.0000
92.581,424.5998,-0.2851,266.6971,0.2510,3.8000,-0.4500,355.3845,180.1892,358.6313,0.0000,0.0000,0.0000
92.706,424.3228,-0.4441,267.0471,0.2510,3.8000,-0.4500,355.3845,180.1892,358.6313,0.0000,0.0000,0.0000
92.819,424.1222,-0.5511,267.2623,0.2510,3.8000,-0.4500,355.3845,180.1892,358.6313,0.0000,0.0000,0.0000
92.942,423.8746,-0.6676,267.4258,0.2510,3.8000,-0.4500,355.3845,180.1892,358.6313,0.0000,0.0000,0.0000
93.067,423.5813,-0.7863,267.4844,0.2510,3.8000,-0.4500,355.3845,180.1892,358.6312,0.0000,0.0000,0.0000
93.178,423.3718,-0.8601,267.4617,0.2510,3.8000,-0.4500,355.4626,180.1873,358.6316,0.0000,0.0000,0.0000
93.289,423.1217,-0.9377,267.3852,0.2510,3.8000,-0.4500,355.7101,180.1814,358.6604,0.0000,0.0000,0.0000
93.415,422.8737,-1.0040,267.2729,0.2510,3.8000,-0.4500,356.0394,180.1740,358.7703,0.0000,0.0000,0.0000
93.528,422.6263,-1.0658,267.1401,0.2510,3.8000,-0.4500,356.1168,180.1723,358.8004,0.0000,0.0000,0.0000
93.651,422.3806,-1.1158,266.9926,0.2510,3.8000,-0.4500,356.4196,180.1664,358.9663,0.0000,0.0000,0.0000
93.776,422.1360,-1.1582,266.8374,0.2510,3.8000,-0.4500,356.7127,180.1616,359.1642,0.0000,0.0000,0.0000
93.901,421.8919,-1.1948,266.6780,0.2510,3.8000,-0.4500,356.9163,180.1589,359.3158,0.0000,0.0000,0.0000
94.026,421.6484,-1.2244,266.5161,0.2510,3.8000,-0.4500,357.1126,180.1568,359.4727,0.0000,0.0000,0.0000
94.151,421.3653,-1.2474,266.3284,0.2510,3.8000,-0.4500,357.4291,180.1547,359.7414,0.0000,0.0000,0.0000
94.276,421.1230,-1.2598,266.1711,0.2510,3.8000,-0.4500,357.6772,180.1540,359.9639,0.0000,0.0000,0.0000
94.389,420.8802,-1.2677,266.0176,0.2510,3.8000,-0.4500,357.8004,180.1541,0.0762,0.0000,0.0000,0.0000
94.498,420.6793,-1.2651,265.8902,0.2510,3.8000,-0.4500,358.0544,180.1549,0.3100,0.0000,0.0000,0.0000
94.609,420.4385,-1.2567,265.7387,0.2510,3.8000,-0.4500,358.3027,180.1568,0.5392,0.0000,0.0000,0.0000
94.734,420.1977,-1.2442,265.5884,0.2510,3.8000,-0.4500,358.4212,180.1580,0.6485,0.0000,0.0000,0.0000
94.845,419.9985,-1.2250,265.4622,0.2510,3.8000,-0.4500,358.6663,180.1613,0.8718,0.0000,0.0000,0.0000
94.958,419.7595,-1.1984,265.3120,0.2510,3.8000,-0.4500,358.8528,180.1644,1.0389,0.0000,0.0000,0.0000
95.068,419.5208,-1.1666,265.1628,0.2510,3.8000,-0.4500,358.9775,180.1667,1.1494,0.0000,0.0000,0.0000
95.192,419.2841,-1.1244,265.0126,0.2510,3.8000,-0.4500,359.2966,180.1739,1.4224,0.0000,0.0000,0.0000
95.318,419.0470,-1.0807,264.8630,0.2510,3.8000,-0.4500,359.4272,180.1773,1.5280,0.0000,0.0000,0.0000
95.430,418.8110,-1.0316,264.7127,0.2510,3.8000,-0.4500,359.5578,180.1809,1.6321,0.0000,0.0000,0.0000
95.553,418.5762,-0.9746,264.5602,0.2510,3.8000,-0.4500,359.8286,180.1891,1.8325,0.0000,0.0000,0.0000
95.678,418.3411,-0.9176,264.4078,0.2510,3.8000,-0.4500,359.8988,180.1913,1.8792,0.0000,0.0000,0.0000
95.804,418.1072,-0.8537,264.2539,0.2510,3.8000,-0.4500,0.1103,180.1985,2.0160,0.0000,0.0000,0.0000
95.915,417.8730,-0.7892,264.1007,0.2510,3.8000,-0.4500,0.1858,180.2012,2.0565,0.0000,0.0000,0.0000
96.025,417.6789,-0.7301,263.9719,0.2510,3.8000,-0.4500,0.4119,180.2096,2.1735,0.0000,0.0000,0.0000
96.137,417.4454,-0.6597,263.8181,0.2510,3.8000,-0.4500,0.4867,180.2124,2.2068,0.0000,0.0000,0.0000
96.249,417.2126,-0.5849,263.6628,0.2510,3.8000,-0.4500,0.6380,180.2184,2.2734,0.0000,0.0000,0.0000
96.360,417.0186,-0.5209,263.5330,0.2510,3.8000,-0.4500,0.7141,180.2214,2.3066,0.0000,0.0000,0.0000
96.471,416.7867,-0.4398,263.3759,0.2510,3.8000,-0.4500,0.8635,180.2275,2.3741,0.0000,0.0000,0.0000
96.582,416.5940,-0.3692,263.2441,0.2510,3.8000,-0.4500,1.0107,180.2337,2.4451,0.0000,0.0000,0.0000
96.693,416.3629,-0.2819,263.0857,0.2510,3.8000,-0.4500,1.1546,180.2399,2.5199,0.0000,0.0000,0.0000
96.803,416.1707,-0.2071,262.9537,0.2510,3.8000,-0.4500,1.2261,180.2431,2.5588,0.0000,0.0000,0.0000
96.915,415.9409,-0.1134,262.7945,0.2510,3.8000,-0.4500,1.3659,180.2495,2.6417,0.0000,0.0000,0.0000
97.028,415.7117,-0.0162,262.6346,0.2510,3.8000,-0.4500,1.5064,180.2561,2.7343,0.0000,0.0000,0.0000
97.151,415.4824,0.0812,262.4745,0.2510,3.8000,-0.4500,1.5064,180.2561,2.7343,0.0000,0.0000,0.0000
97.276,415.2545,0.1843,262.3125,0.2510,3.8000,-0.4500,1.6428,180.2627,2.8316,0.0000,0.0000,0.0000
97.387,415.0272,0.2897,262.1495,0.2510,3.8000,-0.4500,1.7746,180.2693,2.9325,0.0000,0.0000,0.0000
97.498,414.8376,0.3771,262.0136,0.2510,3.8000,-0.4500,1.7746,180.2693,2.9325,0.0000,0.0000,0.0000
97.611,414.6115,0.4864,261.8490,0.2510,3.8000,-0.4500,1.9024,180.2760,3.0363,0.0000,0.0000,0.0000
97.720,414.4226,0.5765,261.7118,0.2510,3.8000,-0.4500,1.9024,180.2760,3.0362,0.0000,0.0000,0.0000
97.846,414.1962,0.6857,261.5464,0.2510,3.8000,-0.4500,1.9024,180.2760,3.0362,0.0000,0.0000,0.0000
97.957,413.9709,0.7988,261.3797,0.2510,3.8000,-0.4500,2.0298,180.2829,3.1414,0.0000,0.0000,0.0000
98.068,413.7452,0.9097,261.2130,0.2510,3.8000,-0.4500,2.0298,180.2829,3.1414,0.0000,0.0000,0.0000
98.179,413.5567,1.0022,261.0789,0.2510,3.8000,-0.4500,2.0298,180.2829,3.1414,0.0000,0.0000,0.0000
98.290,413.3293,1.1165,261.0027,0.2510,3.8000,-0.4500,2.0298,180.2829,3.1414,0.0000,0.0000,0.0000
98.415,413.1039,1.2353,261.0404,0.2510,3.8000,-0.4500,2.0298,180.2829,3.1414,0.0000,0.0000,0.0000
98.540,412.8822,1.3578,261.1663,0.2510,3.8000,-0.4500,2.0298,180.2829,3.1414,0.0000,0.0000,0.0000
98.652,412.6634,1.4822,261.3542,0.2510,3.8000,-0.4500,2.0298,180.2829,3.1414,0.0000,0.0000,0.0000
98.776,412.4467,1.6077,261.5833,0.2510,3.8000,-0.4500,2.0298,180.2829,3.1414,0.0000,0.0000,0.0000
98.888,412.2312,1.7330,261.8383,0.2510,3.8000,-0.4500,2.0298,180.2829,3.1414,0.0000,0.0000,0.0000
99.001,412.0525,1.8369,262.0691,0.2510,3.8000,-0.4500,2.0298,180.2829,3.1414,0.0000,0.0000,0.0000
99.110,411.8417,1.9617,262.4054,0.2510,3.8000,-0.4500,2.0298,180.2829,3.1414,0.0000,0.0000,0.0000
99.221,411.6699,2.0662,262.7423,0.2510,3.8000,-0.4500,2.0298,180.2829,3.1414,0.0000,0.0000,0.0000
99.331,411.4668,2.1911,263.2025,0.2510,3.8000,-0.4500,2.0298,180.2829,3.1414,0.0000,0.0000,0.0000
99.458,411.2659,2.3141,263.7067,0.2510,3.8000,-0.4500,2.0298,180.2829,3.1414,0.0000,0.0000,0.0000
99.568,411.0652,2.4321,264.2392,0.2510,3.8000,-0.4500,2.1469,180.2892,3.0213,0.0000,0.0000,0.0000
99.668,410.8980,2.5265,264.6976,0.2510,3.8000,-0.4500,2.1899,180.2915,2.9519,0.0000,0.0000,0.0000
99.776,410.7292,2.6137,265.1643,0.2510,3.8000,-0.4500,2.2849,180.2962,2.7233,0.0000,0.0000,0.0000
99.887,410.5258,2.7101,265.7326,0.2510,3.8000,-0.4500,2.3100,180.2973,2.4756,0.0000,0.0000,0.0000
99.998,410.3560,2.7851,266.2104,0.2510,3.8000,-0.4500,2.3122,180.2974,2.3934,0.0000,0.0000,0.0000
100.123,410.1476,2.8563,266.7885,0.2510,3.8000,-0.4500,2.1952,180.2932,1.8746,0.0000,0.0000,0.0000
100.248,409.9038,2.9266,267.4662,0.2510,3.8000,-0.4500,2.0238,180.2882,1.4789,0.0000,0.0000,0.0000
100.360,409.7275,2.9628,267.9528,0.2510,3.8000,-0.4500,1.8131,180.2834,1.1080,0.0000,0.0000,0.0000
100.484,409.5154,2.9957,268.5377,0.2510,3.8000,-0.4500,1.6213,180.2802,0.8295,0.0000,0.0000,0.0000
100.597,409.3007,3.0084,269.1253,0.2510,3.8000,-0.4500,1.2824,180.2766,0.3973,0.0000,0.0000,0.0000
100.720,409.0847,3.0043,269.7149,0.2510,3.8000,-0.4500,0.9318,180.2754,359.9892,0.0000,0.0000,0.0000
100.832,408.8675,2.9826,270.3066,0.2510,3.8000,-0.4500,0.5718,180.2767,359.6001,0.0000,0.0000,0.0000
100.944,408.6859,2.9506,270.8014,0.2510,3.8000,-0.4500,0.2623,180.2798,359.2831,0.0000,0.0000,0.0000
101.053,408.4672,2.8953,271.3965,0.2510,3.8000,-0.4500,359.8791,180.2858,358.9077,0.0000,0.0000,0.0000
101.178,408.2480,2.8215,271.9933,0.2510,3.8000,-0.4500,359.4856,180.2946,358.5385,0.0000,0.0000,0.0000
101.305,408.0286,2.7295,272.5914,0.2510,3.8000,-0.4500,359.0862,180.3061,358.1783,0.0000,0.0000,0.0000
101.415,407.8091,2.6200,273.1906,0.2510,3.8000,-0.4500,358.6857,180.3200,357.8307,0.0000,0.0000,0.0000
101.526,407.6264,2.5158,273.6899,0.2510,3.8000,-0.4500,358.3551,180.3333,357.5539,0.0000,0.0000,0.0000
101.637,407.4079,2.3794,274.2877,0.2510,3.8000,-0.4500,358.0948,180.3450,357.3423,0.0000,0.0000,0.0000
101.748,407.1891,2.2243,274.8860,0.2510,3.8000,-0.4500,357.6736,180.3657,357.0159,0.0000,0.0000,0.0000
101.859,407.0073,2.0852,275.3838,0.2510,3.8000,-0.4500,357.3379,180.3840,356.7655,0.0000,0.0000,0.0000
101.973,406.7903,1.9109,275.9802,0.2510,3.8000,-0.4500,357.1314,180.3960,356.6210,0.0000,0.0000,0.0000
102.081,406.6097,1.7569,276.4771,0.2510,3.8000,-0.4500,356.9266,180.4083,356.4818,0.0000,0.0000,0.0000
102.206,406.3576,1.5318,277.1726,0.2510,3.8000,-0.4500,356.7129,180.4217,356.3470,0.0000,0.0000,0.0000
102.317,406.1776,1.3636,277.6700,0.2510,3.8000,-0.4500,356.4976,180.4357,356.2226,0.0000,0.0000,0.0000
102.430,405.9626,1.1605,278.2661,0.2510,3.8000,-0.4500,356.4235,180.4407,356.1855,0.0000,0.0000,0.0000
102.540,405.7835,0.9867,278.7633,0.2510,3.8000,-0.4500,356.2754,180.4506,356.1139,0.0000,0.0000,0.0000
102.663,405.5690,0.7795,279.3596,0.2510,3.8000,-0.4500,356.2754,180.4507,356.1139,0.0000,0.0000,0.0000
102.775,405.3546,0.5721,279.9563,0.2510,3.8000,-0.4500,356.2754,180.4507,356.1139,0.0000,0.0000,0.0000
102.886,405.1759,0.4010,280.4540,0.2510,3.8000,-0.4500,356.2754,180.4507,356.1139,0.0000,0.0000,0.0000
102.997,404.9616,0.1988,281.0517,0.2510,3.8000,-0.4500,356.2754,180.4507,356.1139,0.0000,0.0000,0.0000
103.107,404.7473,0.0026,281.6497,0.2510,3.8000,-0.4500,356.2754,180.4507,356.1139,0.0000,0.0000,0.0000
103.220,404.5686,-0.1554,282.1466,0.2510,3.8000,-0.4500,356.2754,180.4507,356.1139,0.0000,0.0000,0.0000
103.330,404.3518,-0.3346,282.7068,0.2510,3.8000,-0.4500,356.2754,180.4507,356.1139,0.0000,0.0000,0.0000
103.441,404.1688,-0.4696,283.1231,0.2510,3.8000,-0.4500,356.1891,180.4564,356.3429,0.0000,0.0000,0.0000
103.566,403.9437,-0.6186,283.5611,0.2510,3.8000,-0.4500,356.1793,180.4570,356.5093,0.0000,0.0000,0.0000
103.690,403.6770,-0.7666,284.0053,0.2510,3.8000,-0.4500,356.2589,180.4526,357.0064,0.0000,0.0000,0.0000
103.801,403.4834,-0.8616,284.2905,0.2510,3.8000,-0.4500,356.3649,180.4472,357.2468,0.0000,0.0000,0.0000
103.916,403.2500,-0.9582,284.6075,0.2510,3.8000,-0.4500,356.6171,180.4361,357.7071,0.0000,0.0000,0.0000
104.037,403.0101,-1.0426,284.8516,0.2510,3.8000,-0.4500,356.8095,180.4289,357.9921,0.0000,0.0000,0.0000
104.149,402.7662,-1.1046,284.9405,0.2510,3.8000,-0.4500,357.1174,180.4193,358.4120,0.0000,0.0000,0.0000
104.274,402.5231,-1.1540,284.8876,0.2510,3.8000,-0.4500,357.2744,180.4152,358.6185,0.0000,0.0000,0.0000
104.387,402.2851,-1.1832,284.7271,0.2510,3.8000,-0.4500,357.5975,180.4086,359.0433,0.0000,0.0000,0.0000
104.510,402.0493,-1.2055,284.4961,0.2510,3.8000,-0.4500,357.7506,180.4063,359.2479,0.0000,0.0000,0.0000
104.621,401.8562,-1.2119,284.2666,0.2510,3.8000,-0.4500,358.0067,180.4037,359.5945,0.0000,0.0000,0.0000
104.734,401.6251,-1.2178,283.9643,0.2510,3.8000,-0.4500,358.1060,180.4031,359.7306,0.0000,0.0000,0.0000
104.844,401.4356,-1.2107,283.6963,0.2510,3.8000,-0.4500,358.3649,180.4027,0.0862,0.0000,0.0000,0.0000
104.968,401.1707,-1.1974,283.3078,0.2510,3.8000,-0.4500,358.5607,180.4034,0.3541,0.0000,0.0000,0.0000
105.081,400.9825,-1.1833,283.0241,0.2510,3.8000,-0.4500,358.6590,180.4042,0.4872,0.0000,0.0000,0.0000
105.191,400.7584,-1.1577,282.6788,0.2510,3.8000,-0.4500,358.8588,180.4063,0.7531,0.0000,0.0000,0.0000
105.302,400.5721,-1.1337,282.3888,0.2510,3.8000,-0.4500,358.9596,180.4078,0.8846,0.0000,0.0000,0.0000
105.427,400.3126,-1.0931,281.9800,0.2510,3.8000,-0.4500,359.1151,180.4104,1.0810,0.0000,0.0000,0.0000
105.538,400.1293,-1.0550,281.6856,0.2510,3.8000,-0.4500,359.3893,180.4164,1.4074,0.0000,0.0000,0.0000
105.663,399.9076,-1.0143,281.3327,0.2510,3.8000,-0.4500,359.3893,180.4164,1.4074,0.0000,0.0000,0.0000
105.774,399.6887,-0.9648,280.9658,0.2510,3.8000,-0.4500,359.5617,180.4209,1.5914,0.0000,0.0000,0.0000
105.885,399.5083,-0.9203,280.6420,0.2510,3.8000,-0.4500,359.7442,180.4263,1.7656,0.0000,0.0000,0.0000
105.997,399.2923,-0.8697,280.2349,0.2510,3.8000,-0.4500,359.7442,180.4263,1.7656,0.0000,0.0000,0.0000
106.122,399.0790,-0.8128,279.8098,0.2510,3.8000,-0.4500,359.9407,180.4326,1.9209,0.0000,0.0000,0.0000
106.232,398.8657,-0.7586,279.3742,0.2510,3.8000,-0.4500,359.9407,180.4326,1.9209,0.0000,0.0000,0.0000
106.344,398.6890,-0.7103,279.0054,0.2510,3.8000,-0.4500,0.0838,180.4375,2.0033,0.0000,0.0000,0.0000
106.455,398.4761,-0.6546,278.5665,0.2510,3.8000,-0.4500,0.0838,180.4375,2.0033,0.0000,0.0000,0.0000
106.565,398.2988,-0.6056,278.2039,0.2510,3.8000,-0.4500,0.2413,180.4431,2.0631,0.0000,0.0000,0.0000
106.677,398.0852,-0.5487,277.7746,0.2510,3.8000,-0.4500,0.3199,180.4459,2.0822,0.0000,0.0000,0.0000
106.788,397.8712,-0.4912,277.3487,0.2510,3.8000,-0.4500,0.4830,180.4519,2.1029,0.0000,0.0000,0.0000
106.899,397.6924,-0.4452,276.9969,0.2510,3.8000,-0.4500,0.4830,180.4518,2.1029,0.0000,0.0000,0.0000
107.010,397.4774,-0.3896,276.5753,0.2510,3.8000,-0.4500,0.6496,180.4580,2.0893,0.0000,0.0000,0.0000
107.123,397.2977,-0.3452,276.2258,0.2510,3.8000,-0.4500,0.6496,180.4579,2.0893,0.0000,0.0000,0.0000
107.232,397.0813,-0.2925,275.8052,0.2510,3.8000,-0.4500,0.8905,180.4666,2.0245,0.0000,0.0000,0.0000
107.358,396.8647,-0.2425,275.3865,0.2510,3.8000,-0.4500,0.8905,180.4666,2.0245,0.0000,0.0000,0.0000
107.471,396.6469,-0.1947,274.9666,0.2510,3.8000,-0.4500,1.1068,180.4740,1.9058,0.0000,0.0000,0.0000
107.580,396.4655,-0.1565,274.6180,0.2510,3.8000,-0.4500,1.1068,180.4740,1.9058,0.0000,0.0000,0.0000
107.705,396.2464,-0.1134,274.1988,0.2510,3.8000,-0.4500,1.2366,180.4782,1.8066,0.0000,0.0000,0.0000
107.816,396.0256,-0.0745,273.7789,0.2510,3.8000,-0.4500,1.4700,180.4852,1.5778,0.0000,0.0000,0.0000
107.941,395.8055,-0.0362,273.3616,0.2510,3.8000,-0.4500,1.4700,180.4852,1.5778,0.0000,0.0000,0.0000
108.053,395.5829,-0.0039,272.9449,0.2510,3.8000,-0.4500,1.6660,180.4901,1.3133,0.0000,0.0000,0.0000
108.163,395.3982,0.0233,272.6004,0.2510,3.8000,-0.4500,1.6660,180.4901,1.3133,0.0000,0.0000,0.0000
108.275,395.1735,0.0494,272.1876,0.2510,3.8000,-0.4500,1.8285,180.4935,1.0250,0.0000,0.0000,0.0000
108.387,394.9495,0.0751,271.7767,0.2510,3.8000,-0.4500,1.8632,180.4940,0.9528,0.0000,0.0000,0.0000
108.496,394.7616,0.0930,271.4347,0.2510,3.8000,-0.4500,1.9312,180.4951,0.8052,0.0000,0.0000,0.0000
108.621,394.5361,0.1127,271.0253,0.2510,3.8000,-0.4500,1.9627,180.4955,0.7288,0.0000,0.0000,0.0000
108.733,394.3088,0.1269,270.6161,0.2510,3.8000,-0.4500,2.0548,180.4965,0.4919,0.0000,0.0000,0.0000
108.844,394.1192,0.1367,270.2754,0.2510,3.8000,-0.4500,2.1100,180.4969,0.3315,0.0000,0.0000,0.0000
108.955,393.8910,0.1462,269.8669,0.2510,3.8000,-0.4500,2.1628,180.4971,0.1746,0.0000,0.0000,0.0000
109.066,393.7001,0.1512,269.5266,0.2510,3.8000,-0.4500,2.2106,180.4972,0.0161,0.0000,0.0000,0.0000
109.192,393.4320,0.1544,269.0504,0.2510,3.8000,-0.4500,2.2780,180.4971,359.7807,0.0000,0.0000,0.0000
109.301,393.2411,0.1567,268.7103,0.2510,3.8000,-0.4500,2.2780,180.4971,359.7807,0.0000,0.0000,0.0000
109.427,392.9716,0.1530,268.2352,0.2510,3.8000,-0.4500,2.3403,180.4967,359.5421,0.0000,0.0000,0.0000
109.552,392.7400,0.1477,267.8327,0.2510,3.8000,-0.4500,2.3799,180.4964,359.3818,0.0000,0.0000,0.0000
109.663,392.5471,0.1436,267.5017,0.2510,3.8000,-0.4500,2.3799,180.4964,359.3818,0.0000,0.0000,0.0000
109.788,392.2747,0.1313,267.0434,0.2510,3.8000,-0.4500,2.4376,180.4956,359.1365,0.0000,0.0000,0.0000
109.900,392.0806,0.1235,266.7190,0.2510,3.8000,-0.4500,2.4376,180.4956,359.1365,0.0000,0.0000,0.0000
110.024,391.8456,0.1099,266.3391,0.2510,3.8000,-0.4500,2.4736,180.4950,358.9771,0.0000,0.0000,0.0000
110.149,391.5619,0.0997,266.0897,0.2510,3.8000,-0.4500,2.4912,180.4947,358.8965,0.0000,0.0000,0.0000
110.261,391.3595,0.0993,266.1062,0.2510,3.8000,-0.4500,2.5089,180.4944,358.8152,0.0000,0.0000,0.0000
110.372,391.1212,0.1055,266.3081,0.2510,3.8000,-0.4500,2.5435,180.4936,358.6512,0.0000,0.0000,0.0000
110.483,390.9274,0.1179,266.5880,0.2510,3.8000,-0.4500,2.5435,180.4936,358.6512,0.0000,0.0000,0.0000
110.608,390.6603,0.1413,267.0919,0.2510,3.8000,-0.4500,2.5435,180.4936,358.6512,0.0000,0.0000,0.0000
110.719,390.4706,0.1592,267.5030,0.2510,3.8000,-0.4500,2.5863,180.4925,358.4913,0.0000,0.0000,0.0000
110.830,390.2455,0.1875,268.0306,0.2510,3.8000,-0.4500,2.5863,180.4925,358.4913,0.0000,0.0000,0.0000
110.941,390.0581,0.2134,268.4880,0.2510,3.8000,-0.4500,2.6256,180.4914,358.4187,0.0000,0.0000,0.0000
111.052,389.8333,0.2484,269.0490,0.2510,3.8000,-0.4500,2.7239,180.4886,358.2839,0.0000,0.0000,0.0000
111.177,389.6087,0.2890,269.6179,0.2510,3.8000,-0.4500,2.8429,180.4849,358.1736,0.0000,0.0000,0.0000
111.288,389.3846,0.3360,270.1911,0.2510,3.8000,-0.4500,2.9146,180.4826,358.1300,0.0000,0.0000,0.0000
111.413,389.1602,0.3889,270.7657,0.2510,3.8000,-0.4500,3.0613,180.4777,358.0476,0.0000,0.0000,0.0000
111.540,388.9355,0.4489,271.3394,0.2510,3.8000,-0.4500,3.3833,180.4664,357.9459,0.0000,0.0000,0.0000
111.666,388.7114,0.5145,271.9150,0.2510,3.8000,-0.4500,3.3833,180.4664,357.9459,0.0000,0.0000,0.0000
111.775,388.4869,0.5871,272.4888,0.2510,3.8000,-0.4500,3.5471,180.4605,357.9240,0.0000,0.0000,0.0000
111.886,388.2998,0.6532,272.9655,0.2510,3.8000,-0.4500,3.7991,180.4513,357.9154,0.0000,0.0000,0.0000
112.011,388.0381,0.7505,273.6334,0.2510,3.8000,-0.4500,3.8811,180.4483,357.9197,0.0000,0.0000,0.0000
112.122,387.8513,0.8253,274.1088,0.2510,3.8000,-0.4500,4.0490,180.4422,357.9367,0.0000,0.0000,0.0000
112.246,387.6274,0.9193,274.6785,0.2510,3.8000,-0.4500,4.2149,180.4363,357.9677,0.0000,0.0000,0.0000
112.357,387.4036,1.0171,275.2472,0.2510,3.8000,-0.4500,4.3708,180.4308,358.0086,0.0000,0.0000,0.0000
112.469,387.1799,1.1163,275.8161,0.2510,3.8000,-0.4500,4.3708,180.4308,358.0086,0.0000,0.0000,0.0000
112.593,386.9564,1.2176,276.3846,0.2510,3.8000,-0.4500,4.3708,180.4308,358.0086,0.0000,0.0000,0.0000
112.705,386.7703,1.3043,276.8574,0.2510,3.8000,-0.4500,4.4427,180.4283,358.0399,0.0000,0.0000,0.0000
112.815,386.5471,1.4075,277.4253,0.2510,3.8000,-0.4500,4.4427,180.4283,358.0399,0.0000,0.0000,0.0000
112.941,386.3242,1.5101,277.9933,0.2510,3.8000,-0.4500,4.4427,180.4283,358.0399,0.0000,0.0000,0.0000
113.066,386.1016,1.6114,278.5617,0.2510,3.8000,-0.4500,4.4427,180.4283,358.0399,0.0000,0.0000,0.0000
113.177,385.8794,1.7100,279.1306,0.2510,3.8000,-0.4500,4.4427,180.4283,358.0399,0.0000,0.0000,0.0000
113.303,385.6575,1.8050,279.7005,0.2510,3.8000,-0.4500,4.4427,180.4283,358.0399,0.0000,0.0000,0.0000
113.413,385.4358,1.8954,280.2716,0.2510,3.8000,-0.4500,4.4427,180.4283,358.0399,0.0000,0.0000,0.0000
113.524,385.2513,1.9664,280.7484,0.2510,3.8000,-0.4500,4.4427,180.4283,358.0399,0.0000,0.0000,0.0000
113.636,385.0303,2.0456,281.3219,0.2510,3.8000,-0.4500,4.4427,180.4283,358.0399,0.0000,0.0000,0.0000
113.746,384.8477,2.1079,281.8020,0.2510,3.8000,-0.4500,4.2781,180.4336,358.2243,0.0000,0.0000,0.0000
113.857,384.6285,2.1737,282.3803,0.2510,3.8000,-0.4500,3.9810,180.4424,358.4034,0.0000,0.0000,0.0000
113.969,384.4091,2.2296,282.9592,0.2510,3.8000,-0.4500,3.8304,180.4465,358.4745,0.0000,0.0000,0.0000
114.083,384.2269,2.2670,283.4447,0.2510,3.8000,-0.4500,3.3993,180.4576,358.5754,0.0000,0.0000,0.0000
114.204,384.0080,2.3025,284.0274,0.2510,3.8000,-0.4500,3.0658,180.4658,358.6216,0.0000,0.0000,0.0000
114.329,383.7527,2.3292,284.7097,0.2510,3.8000,-0.4500,2.6454,180.4758,358.6432,0.0000,0.0000,0.0000
114.455,383.5339,2.3379,285.2977,0.2510,3.8000,-0.4500,2.1266,180.4881,358.6372,0.0000,0.0000,0.0000
114.580,383.3154,2.3360,285.8863,0.2510,3.8000,-0.4500,1.7867,180.4962,358.6231,0.0000,0.0000,0.0000
114.690,383.0969,2.3204,286.4780,0.2510,3.8000,-0.4500,1.2665,180.5089,358.5912,0.0000,0.0000,0.0000
114.803,382.9149,2.2996,286.9710,0.2510,3.8000,-0.4500,1.0189,180.5150,358.5730,0.0000,0.0000,0.0000
114.913,382.6967,2.2615,287.5655,0.2510,3.8000,-0.4500,0.5043,180.5280,358.5300,0.0000,0.0000,0.0000
115.037,382.4787,2.2130,288.1602,0.2510,3.8000,-0.4500,0.1745,180.5366,358.4998,0.0000,0.0000,0.0000
115.163,382.2609,2.1513,288.7573,0.2510,3.8000,-0.4500,359.6761,180.5498,358.4509,0.0000,0.0000,0.0000
115.275,382.0433,2.0803,289.3539,0.2510,3.8000,-0.4500,359.4134,180.5570,358.4230,0.0000,0.0000,0.0000
115.387,381.8260,1.9968,289.9525,0.2510,3.8000,-0.4500,358.9841,180.5690,358.3757,0.0000,0.0000,0.0000
115.496,381.6449,1.9209,290.4509,0.2510,3.8000,-0.4500,358.8083,180.5740,358.3546,0.0000,0.0000,0.0000
115.607,381.4279,1.8188,291.0510,0.2510,3.8000,-0.4500,358.3745,180.5867,358.3000,0.0000,0.0000,0.0000
115.718,381.2471,1.7285,291.5503,0.2510,3.8000,-0.4500,358.2106,180.5916,358.2769,0.0000,0.0000,0.0000
115.829,381.0304,1.6118,292.1502,0.2510,3.8000,-0.4500,357.9613,180.5992,358.2397,0.0000,0.0000,0.0000
115.955,380.8137,1.4860,292.7512,0.2510,3.8000,-0.4500,357.6208,180.6098,358.1785,0.0000,0.0000,0.0000
116.079,380.5973,1.3563,293.3503,0.2510,3.8000,-0.4500,357.5401,180.6124,358.1631,0.0000,0.0000,0.0000
116.190,380.3808,1.2180,293.9503,0.2510,3.8000,-0.4500,357.3000,180.6203,358.1035,0.0000,0.0000,0.0000
116.315,380.1644,1.0762,294.5491,0.2510,3.8000,-0.4500,357.2213,180.6229,358.0786,0.0000,0.0000,0.0000
116.441,379.9478,0.9293,295.1482,0.2510,3.8000,-0.4500,357.0659,180.6282,358.0259,0.0000,0.0000,0.0000
116.565,379.7314,0.7812,295.7464,0.2510,3.8000,-0.4500,357.0659,180.6282,358.0259,0.0000,0.0000,0.0000
116.677,379.5146,0.6303,296.3452,0.2510,3.8000,-0.4500,356.9907,180.6308,357.9910,0.0000,0.0000,0.0000
116.802,379.2979,0.4802,296.9437,0.2510,3.8000,-0.4500,356.9907,180.6308,357.9910,0.0000,0.0000,0.0000
116.913,379.0811,0.3313,297.5424,0.2510,3.8000,-0.4500,356.9907,180.6308,357.9909,0.0000,0.0000,0.0000
117.023,378.9005,0.2090,298.0413,0.2510,3.8000,-0.4500,356.9907,180.6308,357.9909,0.0000,0.0000,0.0000
117.135,378.6836,0.0656,298.6400,0.2510,3.8000,-0.4500,356.9907,180.6308,357.9909,0.0000,0.0000,0.0000
117.247,378.4634,-0.0714,299.1875,0.2510,3.8000,-0.4500,356.9907,180.6308,357.9909,0.0000,0.0000,0.0000
117.357,378.2724,-0.1761,299.5405,0.2510,3.8000,-0.4500,356.9907,180.6308,357.9909,0.0000,0.0000,0.0000
117.469,378.0332,-0.2898,299.8345,0.2510,3.8000,-0.4500,356.9907,180.6308,357.9909,0.0000,0.0000,0.0000
117.579,377.8273,-0.3749,299.9864,0.2510,3.8000,-0.4500,356.9907,180.6308,357.9909,0.0000,0.0000,0.0000
117.691,377.5759,-0.4663,300.0668,0.2510,3.8000,-0.4500,356.9907,180.6308,357.9910,0.0000,0.0000,0.0000
117.802,377.3649,-0.5349,300.0790,0.2510,3.8000,-0.4500,356.9907,180.6308,357.9910,0.0000,0.0000,0.0000
117.915,377.1113,-0.6095,300.0528,0.2510,3.8000,-0.4500,356.9907,180.6308,357.9910,0.0000,0.0000,0.0000
118.023,376.9001,-0.6662,300.0094,0.2510,3.8000,-0.4500,356.9907,180.6308,357.9909,0.0000,0.0000,0.0000
118.137,376.6494,-0.7197,299.9407,0.2510,3.8000,-0.4500,357.1669,180.6252,358.3863,0.0000,0.0000,0.0000
118.260,376.3966,-0.7755,299.8643,0.2510,3.8000,-0.4500,357.1669,180.6252,358.3863,0.0000,0.0000,0.0000
118.385,376.1464,-0.8170,299.7826,0.2510,3.8000,-0.4500,357.3457,180.6208,358.7768,0.0000,0.0000,0.0000
118.510,375.8537,-0.8627,299.6863,0.2510,3.8000,-0.4500,357.4468,180.6188,359.0078,0.0000,0.0000,0.0000
118.621,375.6444,-0.8923,299.6176,0.2510,3.8000,-0.4500,357.4797,180.6183,359.0873,0.0000,0.0000,0.0000
118.746,375.3947,-0.9193,299.5356,0.2510,3.8000,-0.4500,357.5771,180.6169,359.3277,0.0000,0.0000,0.0000
118.857,375.1455,-0.9407,299.4545,0.2510,3.8000,-0.4500,357.6632,180.6161,359.5585,0.0000,0.0000,0.0000
118.968,374.8977,-0.9541,299.3741,0.2510,3.8000,-0.4500,357.7738,180.6156,359.8888,0.0000,0.0000,0.0000
119.080,374.6902,-0.9647,299.3080,0.2510,3.8000,-0.4500,357.7997,180.6155,359.9681,0.0000,0.0000,0.0000
119.190,374.4437,-0.9672,299.2285,0.2510,3.8000,-0.4500,357.9004,180.6158,0.2949,0.0000,0.0000,0.0000
119.302,374.2386,-0.9667,299.1579,0.2510,3.8000,-0.4500,357.9497,180.6161,0.4587,0.0000,0.0000,0.0000
119.427,373.9543,-0.9581,299.0410,0.2510,3.8000,-0.4500,358.0222,180.6168,0.6993,0.0000,0.0000,0.0000
119.551,373.7145,-0.9399,298.9242,0.2510,3.8000,-0.4500,358.1458,180.6188,1.0978,0.0000,0.0000,0.0000
119.678,373.4739,-0.9231,298.7961,0.2510,3.8000,-0.4500,358.1458,180.6188,1.0978,0.0000,0.0000,0.0000
119.789,373.2382,-0.8918,298.6588,0.2510,3.8000,-0.4500,358.2838,180.6219,1.5053,0.0000,0.0000,0.0000
119.898,373.0411,-0.8664,298.5398,0.2510,3.8000,-0.4500,358.3129,180.6227,1.5841,0.0000,0.0000,0.0000
120.011,372.8071,-0.8274,298.3924,0.2510,3.8000,-0.4500,358.4026,180.6254,1.8219,0.0000,0.0000,0.0000
