time_sec,world_x,world_y,world_z,local_x,local_y,local_z,world_rot_x,world_rot_y,world_rot_z,local_rot_x,local_rot_y,local_rot_z
0.000,598.9008,5.2765,250.4526,0.2510,3.8000,-0.4500,0.0000,180.0000,0.0000,0.0000,0.0000,0.0000
0.000,598.9008,5.2765,250.4526,0.2510,3.8000,-0.4500,0.0000,180.0000,0.0000,0.0000,0.0000,0.0000
0.120,598.6557,5.0566,250.4574,0.2510,3.8000,-0.4500,0.0000,180.0000,0.0000,0.0000,0.0000,0.0000
0.234,598.2776,4.7300,250.4617,0.2510,3.8000,-0.4500,0.0000,180.0000,0.0000,0.0000,0.0000,0.0000
0.343,597.7817,4.3091,250.4655,0.2510,3.8000,-0.4500,0.0000,180.0000,0.0000,0.0000,0.0000,0.0000
0.455,597.2883,3.8939,250.4683,0.2510,3.8000,-0.4500,0.0000,180.0000,0.0000,0.0000,0.0000,0.0000
0.580,596.6104,3.3270,250.4693,0.2510,3.8000,-0.4500,0.0000,180.0000,0.0000,0.0000,0.0000,0.0000
0.692,595.8510,2.6930,250.4483,0.2510,3.8000,-0.4500,0.0000,180.0000,0.0000,0.0000,0.0000,0.0000
0.806,595.0212,1.9998,250.3883,0.2510,3.8000,-0.4500,0.0000,180.0000,0.0000,0.0000,0.0000,0.0000
0.914,594.2826,1.3816,250.3035,0.2510,3.8000,-0.4500,0.0000,180.0000,0.0000,0.0000,0.0000,0.0000
1.026,593.3460,0.5966,250.1606,0.2510,3.8000,-0.4500,0.0000,180.0000,0.0000,0.0000,0.0000,0.0000
1.137,592.5281,-0.0899,250.0097,0.2510,3.8000,-0.4500,0.0000,180.0000,0.0000,0.0000,0.0000,0.0000
1.248,591.5474,-0.9230,249.8032,0.2510,3.8000,-0.4500,0.0000,180.0000,0.0000,0.0000,0.0000,0.0000
1.359,590.9533,-1.4414,249.6755,0.2510,3.8000,-0.4500,358.4954,179.9999,0.0050,0.0000,0.0000,0.0000
1.473,590.4427,-1.7505,249.5642,0.2510,3.8000,-0.4500,356.7974,179.9997,0.0102,0.0000,0.0000,0.0000
1.597,590.0541,-1.8067,249.4788,0.2510,3.8000,-0.4500,355.8920,179.9995,0.0121,0.0000,0.0000,0.0000
1.721,589.7302,-1.7329,249.4054,0.2510,3.8000,-0.4500,355.7153,179.9995,0.0122,0.0000,0.0000,0.0000
1.832,589.4404,-1.6352,249.3400,0.2510,3.8000,-0.4500,355.7153,179.9995,0.0121,0.0000,0.0000,0.0000
1.957,589.1682,-1.5756,249.2802,0.2510,3.8000,-0.4500,355.7153,179.9995,0.0121,0.0000,0.0000,0.0000
2.069,588.9051,-1.5760,249.2232,0.2510,3.8000,-0.4500,355.7153,179.9995,0.0121,0.0000,0.0000,0.0000
2.180,588.6892,-1.6188,249.1812,0.2510,3.8000,-0.4500,355.7153,179.9995,0.0121,0.0000,0.0000,0.0000
2.291,588.4312,-1.7063,249.1450,0.2510,3.8000,-0.4500,355.7153,179.9995,0.0121,0.0000,0.0000,0.0000
2.392,588.2162,-1.7958,249.1270,0.2510,3.8000,-0.4500,355.7153,179.9995,0.0121,0.0000,0.0000,0.0000
2.500,588.0009,-1.8898,249.1190,0.2510,3.8000,-0.4500,355.7153,179.9995,0.0121,0.0000,0.0000,0.0000
2.614,587.7425,-1.9997,249.1227,0.2510,3.8000,-0.4500,355.7153,179.9995,0.0121,0.0000,0.0000,0.0000
2.736,587.4845,-2.1021,249.1386,0.2510,3.8000,-0.4500,355.7153,179.9995,0.0121,0.0000,0.0000,0.0000
2.850,587.2269,-2.1966,249.1643,0.2510,3.8000,-0.4500,355.7153,179.9995,0.0121,0.0000,0.0000,0.0000
2.958,587.0128,-2.2714,249.1952,0.2510,3.8000,-0.4500,355.7153,179.9995,0.0121,0.0000,0.0000,0.0000
3.069,586.7568,-2.3592,249.2437,0.2510,3.8000,-0.4500,355.7153,179.9995,0.0121,0.0000,0.0000,0.0000
3.181,586.5439,-2.4326,249.2915,0.2510,3.8000,-0.4500,355.7153,179.9995,0.0121,0.0000,0.0000,0.0000
3.292,586.2877,-2.5214,249.3423,0.2510,3.8000,-0.4500,355.7153,179.9995,0.0121,0.0000,0.0000,0.0000
3.403,586.0300,-2.6107,249.3737,0.2510,3.8000,-0.4500,355.7153,179.9995,0.0121,0.0000,0.0000,0.0000
3.514,585.8148,-2.6851,249.3848,0.2510,3.8000,-0.4500,355.7153,179.9995,0.0121,0.0000,0.0000,0.0000
3.626,585.5566,-2.7746,249.3860,0.2510,3.8000,-0.4500,355.7153,179.9995,0.0121,0.0000,0.0000,0.0000
3.751,585.2980,-2.8644,249.3820,0.2510,3.8000,-0.4500,355.7153,179.9995,0.0121,0.0000,0.0000,0.0000
3.876,585.0389,-2.9542,249.3764,0.2510,3.8000,-0.4500,355.7153,179.9995,0.0121,0.0000,0.0000,0.0000
4.000,584.7793,-3.0442,249.3765,0.2510,3.8000,-0.4500,355.7153,179.9995,0.0121,0.0000,0.0000,0.0000
4.112,584.5198,-3.1351,249.3947,0.2510,3.8000,-0.4500,355.7153,179.9995,0.0121,0.0000,0.0000,0.0000
4.225,584.2614,-3.2267,249.4307,0.2510,3.8000,-0.4500,355.7153,179.9995,0.0121,0.0000,0.0000,0.0000
4.336,584.0452,-3.3074,249.4712,0.2510,3.8000,-0.4500,355.7460,179.9994,359.7634,0.0000,0.0000,0.0000
4.459,583.7885,-3.3990,249.5304,0.2510,3.8000,-0.4500,355.7460,179.9994,359.7634,0.0000,0.0000,0.0000
4.570,583.5322,-3.4896,249.5972,0.2510,3.8000,-0.4500,355.7460,179.9994,359.7634,0.0000,0.0000,0.0000
4.682,583.3179,-3.5656,249.6561,0.2510,3.8000,-0.4500,355.8291,179.9990,359.6193,0.0000,0.0000,0.0000
4.793,583.0630,-3.6504,249.6756,0.2510,3.8000,-0.4500,355.8291,179.9990,359.6193,0.0000,0.0000,0.0000
4.919,582.8150,-3.7263,249.5564,0.2510,3.8000,-0.4500,356.0104,179.9975,359.4426,0.0000,0.0000,0.0000
5.029,582.5771,-3.7898,249.3027,0.2510,3.8000,-0.4500,356.0104,179.9975,359.4427,0.0000,0.0000,0.0000
5.140,582.3853,-3.8350,248.9889,0.2510,3.8000,-0.4500,356.0104,179.9975,359.4427,0.0000,0.0000,0.0000
5.251,582.1646,-3.8780,248.4574,0.2510,3.8000,-0.4500,356.0862,179.9967,359.4126,0.0000,0.0000,0.0000
5.376,581.9506,-3.9117,247.8196,0.2510,3.8000,-0.4500,356.0862,179.9967,359.4126,0.0000,0.0000,0.0000
5.490,581.7397,-3.9397,247.1379,0.2510,3.8000,-0.4500,356.0862,179.9967,359.4126,0.0000,0.0000,0.0000
5.597,581.5649,-3.9604,246.5610,0.2510,3.8000,-0.4500,356.0862,179.9967,359.4126,0.0000,0.0000,0.0000
5.709,581.3556,-3.9817,245.8704,0.2510,3.8000,-0.4500,356.1682,179.9959,359.4249,0.0000,0.0000,0.0000
5.810,581.1815,-3.9964,245.2990,0.2510,3.8000,-0.4500,356.3242,179.9944,359.4700,0.0000,0.0000,0.0000
5.931,580.9720,-4.0142,244.6202,0.2510,3.8000,-0.4500,356.3242,179.9944,359.4700,0.0000,0.0000,0.0000
6.057,580.7635,-4.0266,243.9457,0.2510,3.8000,-0.4500,356.4654,179.9932,359.5510,0.0000,0.0000,0.0000
6.181,580.5560,-4.0342,243.2726,0.2510,3.8000,-0.4500,356.6578,179.9919,359.7016,0.0000,0.0000,0.0000
6.306,580.3152,-4.0408,242.4538,0.2510,3.8000,-0.4500,356.7154,179.9917,359.7614,0.0000,0.0000,0.0000
6.419,580.1456,-4.0392,241.8440,0.2510,3.8000,-0.4500,356.8290,179.9913,359.8836,0.0000,0.0000,0.0000
6.529,579.9432,-4.0337,241.0995,0.2510,3.8000,-0.4500,356.9323,179.9912,0.0180,0.0000,0.0000,0.0000
6.656,579.7382,-4.0258,240.4123,0.2510,3.8000,-0.4500,357.0321,179.9914,0.1535,0.0000,0.0000,0.0000
6.765,579.5240,-4.0181,239.8863,0.2510,3.8000,-0.4500,357.1724,179.9920,0.3589,0.0000,0.0000,0.0000
6.889,579.2978,-4.0107,239.5435,0.2510,3.8000,-0.4500,357.3745,179.9937,0.6341,0.0000,0.0000,0.0000
7.014,579.0604,-4.0048,239.3553,0.2510,3.8000,-0.4500,357.5278,179.9957,0.8208,0.0000,0.0000,0.0000
7.128,578.8192,-3.9920,239.2807,0.2510,3.8000,-0.4500,357.8239,180.0008,1.1241,0.0000,0.0000,0.0000
7.237,578.6172,-3.9783,239.2786,0.2510,3.8000,-0.4500,358.0085,180.0047,1.2900,0.0000,0.0000,0.0000
7.347,578.3757,-3.9533,239.3232,0.2510,3.8000,-0.4500,358.2677,180.0110,1.5038,0.0000,0.0000,0.0000
7.459,578.1763,-3.9224,239.3858,0.2510,3.8000,-0.4500,358.6148,180.0209,1.7626,0.0000,0.0000,0.0000
7.569,577.9389,-3.8756,239.4815,0.2510,3.8000,-0.4500,359.0223,180.0345,2.0496,0.0000,0.0000,0.0000
7.695,577.7027,-3.8203,239.5923,0.2510,3.8000,-0.4500,359.2979,180.0448,2.2341,0.0000,0.0000,0.0000
7.806,577.4691,-3.7506,239.7112,0.2510,3.8000,-0.4500,359.7188,180.0622,2.5099,0.0000,0.0000,0.0000
7.931,577.2369,-3.6722,239.8372,0.2510,3.8000,-0.4500,0.0014,180.0750,2.6914,0.0000,0.0000,0.0000
8.042,577.0456,-3.5960,239.9447,0.2510,3.8000,-0.4500,0.3577,180.0925,2.9179,0.0000,0.0000,0.0000
8.155,576.8173,-3.4974,240.0791,0.2510,3.8000,-0.4500,0.6382,180.1072,3.0939,0.0000,0.0000,0.0000
8.279,576.5911,-3.3881,240.2177,0.2510,3.8000,-0.4500,0.9210,180.1230,3.2698,0.0000,0.0000,0.0000
8.390,576.3672,-3.2672,240.3568,0.2510,3.8000,-0.4500,1.2956,180.1451,3.4991,0.0000,0.0000,0.0000
8.500,576.1814,-3.1611,240.4696,0.2510,3.8000,-0.4500,1.5094,180.1584,3.6288,0.0000,0.0000,0.0000
8.600,575.9965,-3.0488,240.5778,0.2510,3.8000,-0.4500,1.7342,180.1730,3.7623,0.0000,0.0000,0.0000
8.708,575.7757,-2.9065,240.7010,0.2510,3.8000,-0.4500,2.0254,180.1926,3.9329,0.0000,0.0000,0.0000
8.820,575.5916,-2.7853,240.7598,0.2510,3.8000,-0.4500,2.1661,180.2023,4.0140,0.0000,0.0000,0.0000
8.931,575.3727,-2.6374,240.7265,0.2510,3.8000,-0.4500,2.4563,180.2231,4.1764,0.0000,0.0000,0.0000
9.045,575.1559,-2.4922,240.6068,0.2510,3.8000,-0.4500,2.6007,180.2338,4.2541,0.0000,0.0000,0.0000
9.168,574.9495,-2.3538,240.3143,0.2510,3.8000,-0.4500,2.6726,180.2392,4.2917,0.0000,0.0000,0.0000
9.279,574.7874,-2.2463,239.9067,0.2510,3.8000,-0.4500,2.8172,180.2501,4.3640,0.0000,0.0000,0.0000
9.403,574.5691,-2.1091,239.1726,0.2510,3.8000,-0.4500,2.8887,180.2556,4.3966,0.0000,0.0000,0.0000
9.515,574.4164,-2.0170,238.5860,0.2510,3.8000,-0.4500,2.8887,180.2556,4.3966,0.0000,0.0000,0.0000
9.628,574.2345,-1.9092,237.8581,0.2510,3.8000,-0.4500,2.8887,180.2556,4.3966,0.0000,0.0000,0.0000
9.736,574.0834,-1.8194,237.2483,0.2510,3.8000,-0.4500,2.9669,180.2617,4.4220,0.0000,0.0000,0.0000
9.862,573.9017,-1.7124,236.5223,0.2510,3.8000,-0.4500,3.0457,180.2678,4.4379,0.0000,0.0000,0.0000
9.973,573.7194,-1.6066,235.8047,0.2510,3.8000,-0.4500,3.0456,180.2678,4.4379,0.0000,0.0000,0.0000
10.098,573.5365,-1.5009,235.0932,0.2510,3.8000,-0.4500,3.1245,180.2739,4.4404,0.0000,0.0000,0.0000
10.212,573.3536,-1.3975,234.3729,0.2510,3.8000,-0.4500,3.1245,180.2739,4.4404,0.0000,0.0000,0.0000
10.320,573.2018,-1.3144,233.7465,0.2510,3.8000,-0.4500,3.2040,180.2801,4.4206,0.0000,0.0000,0.0000
10.431,573.0198,-1.2182,232.9819,0.2510,3.8000,-0.4500,3.2826,180.2862,4.3991,0.0000,0.0000,0.0000
10.556,572.8361,-1.1249,232.2326,0.2510,3.8000,-0.4500,3.3522,180.2915,4.3613,0.0000,0.0000,0.0000
10.682,572.6451,-1.0291,231.5898,0.2510,3.8000,-0.4500,3.4792,180.3011,4.2653,0.0000,0.0000,0.0000
10.807,572.4083,-0.9085,231.0364,0.2510,3.8000,-0.4500,3.6438,180.3132,4.0819,0.0000,0.0000,0.0000
10.917,572.2320,-0.8154,230.7528,0.2510,3.8000,-0.4500,3.6438,180.3132,4.0819,0.0000,0.0000,0.0000
11.029,572.0116,-0.7012,230.5334,0.2510,3.8000,-0.4500,3.7661,180.3217,3.8673,0.0000,0.0000,0.0000
11.140,571.8245,-0.6007,230.4648,0.2510,3.8000,-0.4500,3.8256,180.3256,3.7147,0.0000,0.0000,0.0000
11.250,571.5972,-0.4790,230.4687,0.2510,3.8000,-0.4500,3.8872,180.3295,3.4706,0.0000,0.0000,0.0000
11.353,571.4067,-0.3781,230.5171,0.2510,3.8000,-0.4500,3.9136,180.3311,3.3069,0.0000,0.0000,0.0000
11.462,571.2146,-0.2814,230.5914,0.2510,3.8000,-0.4500,3.9248,180.3317,3.0578,0.0000,0.0000,0.0000
11.572,570.9826,-0.1703,230.7015,0.2510,3.8000,-0.4500,3.9159,180.3313,2.8064,0.0000,0.0000,0.0000
11.681,570.7869,-0.0860,230.8037,0.2510,3.8000,-0.4500,3.8673,180.3290,2.4694,0.0000,0.0000,0.0000
11.792,570.5508,0.0078,230.9326,0.2510,3.8000,-0.4500,3.7819,180.3256,2.1245,0.0000,0.0000,0.0000
11.917,570.3124,0.0923,231.0643,0.2510,3.8000,-0.4500,3.6849,180.3223,1.7996,0.0000,0.0000,0.0000
12.029,570.0718,0.1659,231.1970,0.2510,3.8000,-0.4500,3.5526,180.3185,1.4608,0.0000,0.0000,0.0000
12.141,569.8690,0.2164,231.3077,0.2510,3.8000,-0.4500,3.3798,180.3147,1.0568,0.0000,0.0000,0.0000
12.253,569.6247,0.2703,231.4388,0.2510,3.8000,-0.4500,3.2316,180.3124,0.7486,0.0000,0.0000,0.0000
12.362,569.4197,0.3073,231.5475,0.2510,3.8000,-0.4500,3.1160,180.3111,0.5209,0.0000,0.0000,0.0000
12.488,569.1292,0.3410,231.7004,0.2510,3.8000,-0.4500,2.8268,180.3098,359.9869,0.0000,0.0000,0.0000
12.600,568.9220,0.3607,231.8087,0.2510,3.8000,-0.4500,2.7466,180.3100,359.8454,0.0000,0.0000,0.0000
12.709,568.6705,0.3676,231.9410,0.2510,3.8000,-0.4500,2.4751,180.3118,359.3875,0.0000,0.0000,0.0000
12.833,568.4186,0.3670,232.0735,0.2510,3.8000,-0.4500,2.2990,180.3141,359.0997,0.0000,0.0000,0.0000
12.944,568.1650,0.3522,232.2083,0.2510,3.8000,-0.4500,2.0284,180.3194,358.6730,0.0000,0.0000,0.0000
13.057,567.9540,0.3350,232.3214,0.2510,3.8000,-0.4500,1.8922,180.3228,358.4648,0.0000,0.0000,0.0000
13.161,567.7419,0.3091,232.4366,0.2510,3.8000,-0.4500,1.7060,180.3282,358.1854,0.0000,0.0000,0.0000
13.261,567.5304,0.2795,232.5531,0.2510,3.8000,-0.4500,1.6128,180.3313,358.0486,0.0000,0.0000,0.0000
13.373,567.2755,0.2327,232.6963,0.2510,3.8000,-0.4500,1.4188,180.3384,357.7679,0.0000,0.0000,0.0000
13.484,567.0208,0.1774,232.8427,0.2510,3.8000,-0.4500,1.2250,180.3464,357.4945,0.0000,0.0000,0.0000
13.609,566.7666,0.1173,232.9917,0.2510,3.8000,-0.4500,1.1275,180.3508,357.3592,0.0000,0.0000,0.0000
13.735,566.5115,0.0469,233.1444,0.2510,3.8000,-0.4500,0.9282,180.3605,357.0895,0.0000,0.0000,0.0000
13.848,566.2571,-0.0265,233.2995,0.2510,3.8000,-0.4500,0.8306,180.3655,356.9597,0.0000,0.0000,0.0000
13.957,566.0451,-0.0922,233.4309,0.2510,3.8000,-0.4500,0.7257,180.3712,356.8246,0.0000,0.0000,0.0000
14.082,565.7906,-0.1744,233.5906,0.2510,3.8000,-0.4500,0.6233,180.3770,356.6937,0.0000,0.0000,0.0000
14.196,565.5368,-0.2565,233.7520,0.2510,3.8000,-0.4500,0.6233,180.3770,356.6937,0.0000,0.0000,0.0000
14.304,565.2826,-0.3421,233.9152,0.2510,3.8000,-0.4500,0.5724,180.3800,356.6316,0.0000,0.0000,0.0000
14.415,565.0709,-0.4128,234.0516,0.2510,3.8000,-0.4500,0.5724,180.3800,356.6316,0.0000,0.0000,0.0000
14.540,564.8170,-0.4975,234.2156,0.2510,3.8000,-0.4500,0.5724,180.3800,356.6316,0.0000,0.0000,0.0000
14.640,564.6054,-0.5676,234.3523,0.2510,3.8000,-0.4500,0.5724,180.3800,356.6316,0.0000,0.0000,0.0000
14.748,564.3516,-0.6512,234.5165,0.2510,3.8000,-0.4500,0.5724,180.3800,356.6316,0.0000,0.0000,0.0000
14.860,564.1401,-0.7203,234.6535,0.2510,3.8000,-0.4500,0.5724,180.3800,356.6316,0.0000,0.0000,0.0000
14.985,563.8446,-0.8168,234.8460,0.2510,3.8000,-0.4500,0.4959,180.3845,356.6072,0.0000,0.0000,0.0000
15.098,563.6340,-0.8842,234.9834,0.2510,3.8000,-0.4500,0.4959,180.3845,356.6072,0.0000,0.0000,0.0000
15.209,563.3818,-0.9658,235.1503,0.2510,3.8000,-0.4500,0.2436,180.3995,356.6088,0.0000,0.0000,0.0000
15.318,563.1718,-1.0315,235.2888,0.2510,3.8000,-0.4500,0.1648,180.4041,356.6297,0.0000,0.0000,0.0000
15.429,562.9203,-1.1089,235.4556,0.2510,3.8000,-0.4500,0.0068,180.4134,356.6924,0.0000,0.0000,0.0000
15.540,562.7118,-1.1718,235.5952,0.2510,3.8000,-0.4500,359.7754,180.4265,356.8132,0.0000,0.0000,0.0000
15.666,562.4205,-1.2570,235.7892,0.2510,3.8000,-0.4500,359.5115,180.4408,357.0079,0.0000,0.0000,0.0000
15.777,562.2130,-1.3154,235.9273,0.2510,3.8000,-0.4500,359.2681,180.4530,357.2304,0.0000,0.0000,0.0000
15.877,562.0052,-1.3733,236.0631,0.2510,3.8000,-0.4500,359.1568,180.4583,357.3459,0.0000,0.0000,0.0000
15.987,561.7571,-1.4396,236.2252,0.2510,3.8000,-0.4500,358.9261,180.4684,357.6129,0.0000,0.0000,0.0000
16.096,561.5497,-1.4944,236.3579,0.2510,3.8000,-0.4500,358.8175,180.4729,357.7430,0.0000,0.0000,0.0000
16.207,561.3026,-1.5561,236.5163,0.2510,3.8000,-0.4500,358.5497,180.4826,358.0864,0.0000,0.0000,0.0000
16.319,561.0955,-1.6084,236.6455,0.2510,3.8000,-0.4500,358.4990,180.4843,358.1527,0.0000,0.0000,0.0000
16.443,560.8080,-1.6756,236.8264,0.2510,3.8000,-0.4500,358.1891,180.4932,358.5706,0.0000,0.0000,0.0000
16.543,560.6026,-1.7231,236.9538,0.2510,3.8000,-0.4500,358.0411,180.4966,358.7740,0.0000,0.0000,0.0000
16.654,560.3972,-1.7700,237.0799,0.2510,3.8000,-0.4500,357.9443,180.4985,358.9075,0.0000,0.0000,0.0000
16.764,560.1521,-1.8224,237.2314,0.2510,3.8000,-0.4500,357.6938,180.5026,359.2552,0.0000,0.0000,0.0000
16.874,559.9470,-1.8673,237.3559,0.2510,3.8000,-0.4500,357.6436,180.5032,359.3250,0.0000,0.0000,0.0000
16.988,559.7027,-1.9173,237.5060,0.2510,3.8000,-0.4500,357.4412,180.5051,359.6067,0.0000,0.0000,0.0000
17.096,559.4998,-1.9573,237.6312,0.2510,3.8000,-0.4500,357.2479,180.5060,359.8751,0.0000,0.0000,0.0000
17.221,559.2548,-2.0068,237.7800,0.2510,3.8000,-0.4500,357.1974,180.5060,359.9450,0.0000,0.0000,0.0000
17.346,558.9718,-2.0597,237.9552,0.2510,3.8000,-0.4500,356.9477,180.5055,0.2908,0.0000,0.0000,0.0000
17.457,558.7684,-2.0991,238.0790,0.2510,3.8000,-0.4500,356.9477,180.5055,0.2908,0.0000,0.0000,0.0000
17.583,558.4869,-2.1488,238.2547,0.2510,3.8000,-0.4500,356.6929,180.5034,0.6429,0.0000,0.0000,0.0000
17.694,558.2852,-2.1853,238.3795,0.2510,3.8000,-0.4500,356.6435,180.5029,0.7114,0.0000,0.0000,0.0000
17.819,558.0444,-2.2267,238.5304,0.2510,3.8000,-0.4500,356.4955,180.5007,0.9170,0.0000,0.0000,0.0000
17.930,557.8041,-2.2669,238.6819,0.2510,3.8000,-0.4500,356.3510,180.4982,1.1204,0.0000,0.0000,0.0000
18.055,557.5629,-2.3083,238.8332,0.2510,3.8000,-0.4500,356.3510,180.4982,1.1204,0.0000,0.0000,0.0000
18.166,557.3232,-2.3470,238.9860,0.2510,3.8000,-0.4500,356.2558,180.4962,1.2576,0.0000,0.0000,0.0000
18.277,557.1247,-2.3773,239.1145,0.2510,3.8000,-0.4500,356.1157,180.4929,1.4656,0.0000,0.0000,0.0000
18.377,556.9252,-2.4092,239.2427,0.2510,3.8000,-0.4500,356.1157,180.4929,1.4656,0.0000,0.0000,0.0000
18.485,556.6866,-2.4455,239.3978,0.2510,3.8000,-0.4500,356.0725,180.4917,1.5342,0.0000,0.0000,0.0000
18.611,556.4487,-2.4796,239.5542,0.2510,3.8000,-0.4500,355.9875,180.4893,1.6775,0.0000,0.0000,0.0000
18.736,556.2101,-2.5141,239.7110,0.2510,3.8000,-0.4500,355.9875,180.4893,1.6775,0.0000,0.0000,0.0000
18.860,555.9727,-2.5461,239.8690,0.2510,3.8000,-0.4500,355.9504,180.4882,1.7499,0.0000,0.0000,0.0000
18.971,555.7357,-2.5763,240.0277,0.2510,3.8000,-0.4500,355.9189,180.4872,1.8265,0.0000,0.0000,0.0000
19.096,555.4991,-2.6047,240.1872,0.2510,3.8000,-0.4500,355.8883,180.4863,1.9026,0.0000,0.0000,0.0000
19.221,555.2621,-2.6321,240.3472,0.2510,3.8000,-0.4500,355.8883,180.4863,1.9026,0.0000,0.0000,0.0000
19.332,555.0256,-2.6573,240.5075,0.2510,3.8000,-0.4500,355.8883,180.4863,1.9026,0.0000,0.0000,0.0000
19.457,554.7897,-2.6788,240.6682,0.2510,3.8000,-0.4500,355.8852,180.4861,1.9833,0.0000,0.0000,0.0000
19.582,554.5535,-2.6989,240.8290,0.2510,3.8000,-0.4500,355.8852,180.4861,1.9833,0.0000,0.0000,0.0000
19.682,554.3569,-2.7135,240.9633,0.2510,3.8000,-0.4500,355.8852,180.4861,1.9833,0.0000,0.0000,0.0000
19.805,554.0828,-2.7290,241.1513,0.2510,3.8000,-0.4500,355.9054,180.4868,2.0624,0.0000,0.0000,0.0000
19.930,553.8478,-2.7384,241.3127,0.2510,3.8000,-0.4500,355.9369,180.4880,2.1367,0.0000,0.0000,0.0000
20.055,553.6137,-2.7429,241.4741,0.2510,3.8000,-0.4500,356.0329,180.4917,2.2689,0.0000,0.0000,0.0000
20.180,553.3797,-2.7438,241.6357,0.2510,3.8000,-0.4500,356.1540,180.4966,2.3842,0.0000,0.0000,0.0000
20.304,553.1071,-2.7394,241.8246,0.2510,3.8000,-0.4500,356.3656,180.5057,2.5208,0.0000,0.0000,0.0000
20.416,552.9122,-2.7346,241.9606,0.2510,3.8000,-0.4500,356.4354,180.5088,2.5614,0.0000,0.0000,0.0000
20.530,552.6788,-2.7233,242.1237,0.2510,3.8000,-0.4500,356.6685,180.5195,2.6439,0.0000,0.0000,0.0000
20.638,552.4843,-2.7114,242.2603,0.2510,3.8000,-0.4500,356.8257,180.5268,2.6855,0.0000,0.0000,0.0000
20.738,552.2899,-2.6966,242.3972,0.2510,3.8000,-0.4500,356.9885,180.5345,2.7152,0.0000,0.0000,0.0000
20.846,552.0570,-2.6745,242.5611,0.2510,3.8000,-0.4500,357.2402,180.5465,2.7450,0.0000,0.0000,0.0000
20.972,551.8242,-2.6481,242.7250,0.2510,3.8000,-0.4500,357.4927,180.5587,2.7609,0.0000,0.0000,0.0000
21.084,551.5911,-2.6168,242.8877,0.2510,3.8000,-0.4500,357.8472,180.5757,2.7566,0.0000,0.0000,0.0000
21.194,551.3971,-2.5883,243.0233,0.2510,3.8000,-0.4500,358.0157,180.5839,2.7511,0.0000,0.0000,0.0000
21.305,551.1641,-2.5492,243.1841,0.2510,3.8000,-0.4500,358.3576,180.6002,2.7220,0.0000,0.0000,0.0000
21.416,550.9698,-2.5142,243.3177,0.2510,3.8000,-0.4500,358.5233,180.6081,2.7045,0.0000,0.0000,0.0000
21.527,550.7363,-2.4671,243.4739,0.2510,3.8000,-0.4500,358.9457,180.6278,2.6444,0.0000,0.0000,0.0000
21.651,550.5031,-2.4176,243.6278,0.2510,3.8000,-0.4500,359.1045,180.6351,2.6173,0.0000,0.0000,0.0000
21.763,550.2686,-2.3634,243.7723,0.2510,3.8000,-0.4500,359.4402,180.6503,2.5503,0.0000,0.0000,0.0000
21.874,550.0710,-2.3159,243.8453,0.2510,3.8000,-0.4500,359.6915,180.6613,2.4920,0.0000,0.0000,0.0000
21.986,549.8342,-2.2580,243.8412,0.2510,3.8000,-0.4500,359.8538,180.6684,2.4521,0.0000,0.0000,0.0000
22.096,549.6373,-2.2088,243.7731,0.2510,3.8000,-0.4500,0.1840,180.6822,2.3510,0.0000,0.0000,0.0000
22.211,549.4095,-2.1520,243.5592,0.2510,3.8000,-0.4500,0.3368,180.6884,2.2980,0.0000,0.0000,0.0000
22.333,549.1923,-2.0999,243.1582,0.2510,3.8000,-0.4500,0.5733,180.6977,2.1937,0.0000,0.0000,0.0000
22.458,548.9836,-2.0532,242.6135,0.2510,3.8000,-0.4500,0.6489,180.7005,2.1583,0.0000,0.0000,0.0000
22.583,548.7454,-2.0057,241.8650,0.2510,3.8000,-0.4500,0.8600,180.7083,2.0241,0.0000,0.0000,0.0000
22.683,548.5767,-1.9759,241.2893,0.2510,3.8000,-0.4500,1.0567,180.7150,1.8790,0.0000,0.0000,0.0000
22.790,548.4095,-1.9479,240.6958,0.2510,3.8000,-0.4500,1.0567,180.7150,1.8790,0.0000,0.0000,0.0000
22.916,548.2078,-1.9194,239.9687,0.2510,3.8000,-0.4500,1.2384,180.7206,1.6938,0.0000,0.0000,0.0000
23.040,548.0061,-1.8936,239.2361,0.2510,3.8000,-0.4500,1.3463,180.7237,1.5713,0.0000,0.0000,0.0000
23.166,547.7700,-1.8671,238.3810,0.2510,3.8000,-0.4500,1.4487,180.7265,1.4454,0.0000,0.0000,0.0000
23.291,547.5629,-1.8473,237.7034,0.2510,3.8000,-0.4500,1.5940,180.7299,1.2484,0.0000,0.0000,0.0000
23.391,547.3837,-1.8292,237.2395,0.2510,3.8000,-0.4500,1.6906,180.7319,1.1110,0.0000,0.0000,0.0000
23.499,547.1974,-1.8078,236.8791,0.2510,3.8000,-0.4500,1.7388,180.7328,1.0427,0.0000,0.0000,0.0000
23.613,546.9639,-1.7789,236.5701,0.2510,3.8000,-0.4500,1.8365,180.7344,0.9107,0.0000,0.0000,0.0000
23.721,546.7614,-1.7512,236.4118,0.2510,3.8000,-0.4500,1.9425,180.7360,0.7803,0.0000,0.0000,0.0000
23.832,546.5139,-1.7125,236.3248,0.2510,3.8000,-0.4500,2.0542,180.7374,0.6553,0.0000,0.0000,0.0000
23.957,546.2642,-1.6696,236.3163,0.2510,3.8000,-0.4500,2.3036,180.7397,0.4214,0.0000,0.0000,0.0000
24.068,546.0161,-1.6202,236.3621,0.2510,3.8000,-0.4500,2.3036,180.7397,0.4214,0.0000,0.0000,0.0000
24.193,545.7675,-1.5677,236.4400,0.2510,3.8000,-0.4500,2.5058,180.7410,0.2806,0.0000,0.0000,0.0000
24.304,545.5200,-1.5109,236.5388,0.2510,3.8000,-0.4500,2.5749,180.7413,0.2401,0.0000,0.0000,0.0000
24.416,545.3135,-1.4612,236.6291,0.2510,3.8000,-0.4500,2.7229,180.7418,0.1704,0.0000,0.0000,0.0000
24.542,545.0663,-1.3991,236.7439,0.2510,3.8000,-0.4500,2.7229,180.7418,0.1704,0.0000,0.0000,0.0000
24.644,544.8185,-1.3346,236.8602,0.2510,3.8000,-0.4500,2.9609,180.7424,0.0899,0.0000,0.0000,0.0000
24.747,544.6126,-1.2803,236.9594,0.2510,3.8000,-0.4500,2.9609,180.7424,0.0899,0.0000,0.0000,0.0000
24.861,544.4064,-1.2256,237.0584,0.2510,3.8000,-0.4500,3.0360,180.7424,0.0631,0.0000,0.0000,0.0000
24.970,544.1591,-1.1602,237.1776,0.2510,3.8000,-0.4500,3.0360,180.7424,0.0631,0.0000,0.0000,0.0000
25.082,543.9523,-1.1066,237.2758,0.2510,3.8000,-0.4500,3.1884,180.7425,-0.0055,0.0000,0.0000,0.0000
25.193,543.7043,-1.0436,237.3945,0.2510,3.8000,-0.4500,3.1884,180.7425,-0.0055,0.0000,0.0000,0.0000
25.319,543.4548,-0.9839,237.5113,0.2510,3.8000,-0.4500,3.3947,180.7423,359.8480,0.0000,0.0000,0.0000
25.430,543.2059,-0.9259,237.6291,0.2510,3.8000,-0.4500,3.3947,180.7423,359.8480,0.0000,0.0000,0.0000
25.554,542.9548,-0.8735,237.7432,0.2510,3.8000,-0.4500,3.5532,180.7416,359.6474,0.0000,0.0000,0.0000
25.665,542.7036,-0.8230,237.8513,0.2510,3.8000,-0.4500,3.5532,180.7416,359.6474,0.0000,0.0000,0.0000
25.791,542.4503,-0.7788,237.9529,0.2510,3.8000,-0.4500,3.6299,180.7410,359.4983,0.0000,0.0000,0.0000
25.891,542.2377,-0.7473,238.0340,0.2510,3.8000,-0.4500,3.7176,180.7401,359.2641,0.0000,0.0000,0.0000
26.002,542.0262,-0.7155,238.1155,0.2510,3.8000,-0.4500,3.7176,180.7401,359.2641,0.0000,0.0000,0.0000
26.124,541.7273,-0.6812,238.2351,0.2510,3.8000,-0.4500,3.7830,180.7390,358.9310,0.0000,0.0000,0.0000
26.248,541.4727,-0.6532,238.3443,0.2510,3.8000,-0.4500,3.7894,180.7389,358.8469,0.0000,0.0000,0.0000
26.360,541.2588,-0.6362,238.4395,0.2510,3.8000,-0.4500,3.8039,180.7386,358.5952,0.0000,0.0000,0.0000
26.485,540.9609,-0.6128,238.5777,0.2510,3.8000,-0.4500,3.8018,180.7386,358.5084,0.0000,0.0000,0.0000
26.596,540.7466,-0.6032,238.6795,0.2510,3.8000,-0.4500,3.7928,180.7389,358.2495,0.0000,0.0000,0.0000
26.721,540.4905,-0.5914,238.8040,0.2510,3.8000,-0.4500,3.7863,180.7391,358.1647,0.0000,0.0000,0.0000
26.832,540.2330,-0.5866,238.9310,0.2510,3.8000,-0.4500,3.7656,180.7398,357.9128,0.0000,0.0000,0.0000
26.957,539.9764,-0.5826,239.0599,0.2510,3.8000,-0.4500,3.7567,180.7401,357.8294,0.0000,0.0000,0.0000
27.058,539.7615,-0.5839,239.1688,0.2510,3.8000,-0.4500,3.7379,180.7409,357.6614,0.0000,0.0000,0.0000
27.183,539.4606,-0.5884,239.3232,0.2510,3.8000,-0.4500,3.7174,180.7417,357.4946,0.0000,0.0000,0.0000
27.284,539.2457,-0.5935,239.4350,0.2510,3.8000,-0.4500,3.7074,180.7422,357.4145,0.0000,0.0000,0.0000
27.385,539.0307,-0.6007,239.5479,0.2510,3.8000,-0.4500,3.6964,180.7427,357.3328,0.0000,0.0000,0.0000
27.486,538.8151,-0.6099,239.6618,0.2510,3.8000,-0.4500,3.6850,180.7432,357.2503,0.0000,0.0000,0.0000
27.596,538.5996,-0.6207,239.7765,0.2510,3.8000,-0.4500,3.6736,180.7438,357.1691,0.0000,0.0000,0.0000
27.721,538.3409,-0.6370,239.9153,0.2510,3.8000,-0.4500,3.6498,180.7450,357.0082,0.0000,0.0000,0.0000
27.832,538.0823,-0.6522,240.0551,0.2510,3.8000,-0.4500,3.6498,180.7450,357.0082,0.0000,0.0000,0.0000
27.957,537.8231,-0.6708,240.1958,0.2510,3.8000,-0.4500,3.6366,180.7457,356.9274,0.0000,0.0000,0.0000
28.082,537.5641,-0.6909,240.3375,0.2510,3.8000,-0.4500,3.6227,180.7465,356.8478,0.0000,0.0000,0.0000
28.193,537.3057,-0.7107,240.4798,0.2510,3.8000,-0.4500,3.6227,180.7465,356.8478,0.0000,0.0000,0.0000
28.320,537.0461,-0.7348,240.6213,0.2510,3.8000,-0.4500,3.5895,180.7484,356.6874,0.0000,0.0000,0.0000
28.432,536.7870,-0.7567,240.7610,0.2510,3.8000,-0.4500,3.5895,180.7484,356.6874,0.0000,0.0000,0.0000
28.541,536.5711,-0.7756,240.8766,0.2510,3.8000,-0.4500,3.5895,180.7484,356.6874,0.0000,0.0000,0.0000
28.651,536.3118,-0.7989,241.0133,0.2510,3.8000,-0.4500,3.5895,180.7484,356.6874,0.0000,0.0000,0.0000
28.763,536.0522,-0.8228,241.1474,0.2510,3.8000,-0.4500,3.5895,180.7484,356.6874,0.0000,0.0000,0.0000
28.874,535.8358,-0.8430,241.2575,0.2510,3.8000,-0.4500,3.5895,180.7484,356.6874,0.0000,0.0000,0.0000
28.999,535.5761,-0.8675,241.3884,0.2510,3.8000,-0.4500,3.5895,180.7484,356.6874,0.0000,0.0000,0.0000
29.124,535.2733,-0.8963,241.5403,0.2510,3.8000,-0.4500,3.5895,180.7484,356.6874,0.0000,0.0000,0.0000
29.248,535.0135,-0.9210,241.6689,0.2510,3.8000,-0.4500,3.5895,180.7484,356.6874,0.0000,0.0000,0.0000
29.361,534.7970,-0.9418,241.7734,0.2510,3.8000,-0.4500,3.5895,180.7484,356.6874,0.0000,0.0000,0.0000
29.486,534.4936,-0.9710,241.9157,0.2510,3.8000,-0.4500,3.5895,180.7484,356.6874,0.0000,0.0000,0.0000
29.596,534.2770,-0.9919,242.0160,0.2510,3.8000,-0.4500,3.5895,180.7484,356.6874,0.0000,0.0000,0.0000
29.721,534.0170,-1.0170,242.1375,0.2510,3.8000,-0.4500,3.5895,180.7484,356.6874,0.0000,0.0000,0.0000
29.832,533.7571,-1.0420,242.2610,0.2510,3.8000,-0.4500,3.5895,180.7484,356.6874,0.0000,0.0000,0.0000
29.957,533.4975,-1.0669,242.3861,0.2510,3.8000,-0.4500,3.5895,180.7484,356.6874,0.0000,0.0000,0.0000
30.082,533.2381,-1.0919,242.5124,0.2510,3.8000,-0.4500,3.5895,180.7484,356.6874,0.0000,0.0000,0.0000
30.207,532.9360,-1.1212,242.6607,0.2510,3.8000,-0.4500,3.5895,180.7484,356.6874,0.0000,0.0000,0.0000
30.332,532.6772,-1.1465,242.7885,0.2510,3.8000,-0.4500,3.5895,180.7484,356.6874,0.0000,0.0000,0.0000
30.446,532.4186,-1.1721,242.9166,0.2510,3.8000,-0.4500,3.5895,180.7484,356.6874,0.0000,0.0000,0.0000
30.556,532.2031,-1.1949,243.0242,0.2510,3.8000,-0.4500,3.5148,180.7527,356.6574,0.0000,0.0000,0.0000
30.665,531.9443,-1.2213,243.1506,0.2510,3.8000,-0.4500,3.5148,180.7527,356.6574,0.0000,0.0000,0.0000
30.790,531.6849,-1.2496,243.2686,0.2510,3.8000,-0.4500,3.4372,180.7573,356.6350,0.0000,0.0000,0.0000
30.916,531.4249,-1.2789,243.3770,0.2510,3.8000,-0.4500,3.3608,180.7618,356.6172,0.0000,0.0000,0.0000
31.040,531.1644,-1.3091,243.4774,0.2510,3.8000,-0.4500,3.2816,180.7665,356.6060,0.0000,0.0000,0.0000
31.165,530.8602,-1.3466,243.5137,0.2510,3.8000,-0.4500,3.2816,180.7665,356.6060,0.0000,0.0000,0.0000
31.277,530.6429,-1.3775,243.4872,0.2510,3.8000,-0.4500,3.1193,180.7761,356.5957,0.0000,0.0000,0.0000
31.388,530.3851,-1.4152,243.3911,0.2510,3.8000,-0.4500,3.1193,180.7761,356.5957,0.0000,0.0000,0.0000
31.501,530.1779,-1.4506,243.2044,0.2510,3.8000,-0.4500,3.0383,180.7809,356.6007,0.0000,0.0000,0.0000
31.612,529.9389,-1.4969,242.8459,0.2510,3.8000,-0.4500,2.9579,180.7857,356.6088,0.0000,0.0000,0.0000
31.720,529.7465,-1.5384,242.4531,0.2510,3.8000,-0.4500,2.7117,180.8002,356.6636,0.0000,0.0000,0.0000
31.832,529.5228,-1.5895,241.8644,0.2510,3.8000,-0.4500,2.6339,180.8047,356.6925,0.0000,0.0000,0.0000
31.943,529.3049,-1.6414,241.1877,0.2510,3.8000,-0.4500,2.4786,180.8136,356.7542,0.0000,0.0000,0.0000
32.068,529.0909,-1.6914,240.4658,0.2510,3.8000,-0.4500,2.1815,180.8301,356.9168,0.0000,0.0000,0.0000
32.193,528.8777,-1.7392,239.7271,0.2510,3.8000,-0.4500,2.0451,180.8373,357.0083,0.0000,0.0000,0.0000
32.293,528.7004,-1.7765,239.1132,0.2510,3.8000,-0.4500,1.9124,180.8441,357.1031,0.0000,0.0000,0.0000
32.415,528.4884,-1.8174,238.3838,0.2510,3.8000,-0.4500,1.6518,180.8569,357.3129,0.0000,0.0000,0.0000
32.540,528.2768,-1.8560,237.6413,0.2510,3.8000,-0.4500,1.5236,180.8628,357.4261,0.0000,0.0000,0.0000
32.651,528.0668,-1.8912,236.8830,0.2510,3.8000,-0.4500,1.3364,180.8709,357.5947,0.0000,0.0000,0.0000
32.751,527.8925,-1.9179,236.2481,0.2510,3.8000,-0.4500,1.1536,180.8783,357.7687,0.0000,0.0000,0.0000
32.860,527.7164,-1.9434,235.6385,0.2510,3.8000,-0.4500,1.0938,180.8806,357.8261,0.0000,0.0000,0.0000
32.985,527.4614,-1.9738,234.9519,0.2510,3.8000,-0.4500,0.8496,180.8894,358.0659,0.0000,0.0000,0.0000
33.110,527.2292,-1.9981,234.5565,0.2510,3.8000,-0.4500,0.7325,180.8932,358.1813,0.0000,0.0000,0.0000
33.234,526.9861,-2.0219,234.3207,0.2510,3.8000,-0.4500,0.6745,180.8950,358.2379,0.0000,0.0000,0.0000
33.360,526.7374,-2.0447,234.2260,0.2510,3.8000,-0.4500,0.5536,180.8986,358.3540,0.0000,0.0000,0.0000
33.471,526.4868,-2.0681,234.2245,0.2510,3.8000,-0.4500,0.4950,180.9003,358.4101,0.0000,0.0000,0.0000
33.582,526.2777,-2.0883,234.2694,0.2510,3.8000,-0.4500,0.4950,180.9003,358.4101,0.0000,0.0000,0.0000
33.693,526.0274,-2.1130,234.3598,0.2510,3.8000,-0.4500,0.4950,180.9003,358.4101,0.0000,0.0000,0.0000
33.805,525.7775,-2.1384,234.4753,0.2510,3.8000,-0.4500,0.4950,180.9002,358.4101,0.0000,0.0000,0.0000
33.915,525.5697,-2.1602,234.5835,0.2510,3.8000,-0.4500,0.4950,180.9003,358.4101,0.0000,0.0000,0.0000
34.029,525.3204,-2.1873,234.7216,0.2510,3.8000,-0.4500,0.4950,180.9003,358.4101,0.0000,0.0000,0.0000
34.137,525.1127,-2.2110,234.8396,0.2510,3.8000,-0.4500,0.4950,180.9003,358.4101,0.0000,0.0000,0.0000
34.262,524.8630,-2.2411,234.9821,0.2510,3.8000,-0.4500,0.4950,180.9003,358.4101,0.0000,0.0000,0.0000
34.389,524.5709,-2.2786,235.1482,0.2510,3.8000,-0.4500,0.4950,180.9002,358.4101,0.0000,0.0000,0.0000
34.501,524.3620,-2.3070,235.2660,0.2510,3.8000,-0.4500,0.4950,180.9003,358.4101,0.0000,0.0000,0.0000
34.610,524.1108,-2.3427,235.4065,0.2510,3.8000,-0.4500,0.4950,180.9002,358.4101,0.0000,0.0000,0.0000
34.721,523.9013,-2.3735,235.5228,0.2510,3.8000,-0.4500,0.4950,180.9002,358.4101,0.0000,0.0000,0.0000
34.833,523.6495,-2.4111,235.6614,0.2510,3.8000,-0.4500,0.4950,180.9002,358.4101,0.0000,0.0000,0.0000
34.957,523.3976,-2.4491,235.7988,0.2510,3.8000,-0.4500,0.4950,180.9002,358.4101,0.0000,0.0000,0.0000
35.057,523.1874,-2.4806,235.9123,0.2510,3.8000,-0.4500,0.4950,180.9002,358.4101,0.0000,0.0000,0.0000
35.167,522.9346,-2.5178,236.0474,0.2510,3.8000,-0.4500,0.4950,180.9002,358.4101,0.0000,0.0000,0.0000
35.276,522.7233,-2.5478,236.1584,0.2510,3.8000,-0.4500,0.4950,180.9002,358.4101,0.0000,0.0000,0.0000
35.402,522.4695,-2.5824,236.2895,0.2510,3.8000,-0.4500,0.4950,180.9002,358.4101,0.0000,0.0000,0.0000
35.516,522.2155,-2.6148,236.4187,0.2510,3.8000,-0.4500,0.4950,180.9002,358.4101,0.0000,0.0000,0.0000
35.641,521.9613,-2.6446,236.5448,0.2510,3.8000,-0.4500,0.4950,180.9002,358.4101,0.0000,0.0000,0.0000
35.754,521.7068,-2.6714,236.6671,0.2510,3.8000,-0.4500,0.4950,180.9002,358.4101,0.0000,0.0000,0.0000
35.857,521.4947,-2.6913,236.7666,0.2510,3.8000,-0.4500,0.4950,180.9002,358.4101,0.0000,0.0000,0.0000
35.970,521.2398,-2.7117,236.8829,0.2510,3.8000,-0.4500,0.4950,180.9002,358.4101,0.0000,0.0000,0.0000
36.096,520.9846,-2.7282,236.9965,0.2510,3.8000,-0.4500,0.4950,180.9002,358.4101,0.0000,0.0000,0.0000
36.221,520.7297,-2.7406,237.1078,0.2510,3.8000,-0.4500,0.4950,180.9002,358.4101,0.0000,0.0000,0.0000
36.332,520.4749,-2.7471,237.2154,0.2510,3.8000,-0.4500,0.7412,180.8934,358.3881,0.0000,0.0000,0.0000
36.458,520.2196,-2.7507,237.3165,0.2510,3.8000,-0.4500,0.7412,180.8934,358.3881,0.0000,0.0000,0.0000
36.571,519.9639,-2.7481,237.4050,0.2510,3.8000,-0.4500,0.8991,180.8890,358.4291,0.0000,0.0000,0.0000
36.694,519.7082,-2.7412,237.4679,0.2510,3.8000,-0.4500,1.0472,180.8850,358.4942,0.0000,0.0000,0.0000
36.818,519.4588,-2.7356,237.3826,0.2510,3.8000,-0.4500,1.0472,180.8850,358.4942,0.0000,0.0000,0.0000
36.943,519.1850,-2.7273,237.0233,0.2510,3.8000,-0.4500,1.2496,180.8799,358.6462,0.0000,0.0000,0.0000
37.054,518.9979,-2.7239,236.6336,0.2510,3.8000,-0.4500,1.2989,180.8788,358.7134,0.0000,0.0000,0.0000
37.166,518.7817,-2.7190,236.0401,0.2510,3.8000,-0.4500,1.3918,180.8768,358.8518,0.0000,0.0000,0.0000
37.279,518.6067,-2.7121,235.4773,0.2510,3.8000,-0.4500,1.4734,180.8753,359.0895,0.0000,0.0000,0.0000
37.391,518.3982,-2.7054,234.7674,0.2510,3.8000,-0.4500,1.4956,180.8750,359.1677,0.0000,0.0000,0.0000
37.513,518.1932,-2.6890,234.0477,0.2510,3.8000,-0.4500,1.5171,180.8747,359.5858,0.0000,0.0000,0.0000
37.624,517.9869,-2.6743,233.3313,0.2510,3.8000,-0.4500,1.5093,180.8748,359.6667,0.0000,0.0000,0.0000
37.735,517.8160,-2.6570,232.7392,0.2510,3.8000,-0.4500,1.4901,180.8748,359.8312,0.0000,0.0000,0.0000
37.860,517.6124,-2.6301,232.0345,0.2510,3.8000,-0.4500,1.4294,180.8748,0.1544,0.0000,0.0000,0.0000
37.971,517.4089,-2.6002,231.3349,0.2510,3.8000,-0.4500,1.3644,180.8745,0.3986,0.0000,0.0000,0.0000
38.086,517.2066,-2.5676,230.6231,0.2510,3.8000,-0.4500,1.3172,180.8741,0.5572,0.0000,0.0000,0.0000
38.195,517.0399,-2.5374,230.0092,0.2510,3.8000,-0.4500,1.2655,180.8735,0.7165,0.0000,0.0000,0.0000
38.319,516.8413,-2.4957,229.2826,0.2510,3.8000,-0.4500,1.1531,180.8718,1.0277,0.0000,0.0000,0.0000
38.444,516.6083,-2.4426,228.4789,0.2510,3.8000,-0.4500,1.0263,180.8692,1.3374,0.0000,0.0000,0.0000
38.568,516.4041,-2.3951,227.8632,0.2510,3.8000,-0.4500,0.9923,180.8684,1.4138,0.0000,0.0000,0.0000
38.679,516.2272,-2.3503,227.4709,0.2510,3.8000,-0.4500,0.9228,180.8665,1.5679,0.0000,0.0000,0.0000
38.804,515.9654,-2.2831,227.1237,0.2510,3.8000,-0.4500,0.8507,180.8645,1.7182,0.0000,0.0000,0.0000
38.915,515.7720,-2.2317,227.0059,0.2510,3.8000,-0.4500,0.7738,180.8621,1.8677,0.0000,0.0000,0.0000
39.028,515.5379,-2.1679,226.9635,0.2510,3.8000,-0.4500,0.6423,180.8575,2.0894,0.0000,0.0000,0.0000
39.140,515.3422,-2.1159,226.9847,0.2510,3.8000,-0.4500,0.5994,180.8559,2.1587,0.0000,0.0000,0.0000
39.252,515.1069,-2.0550,227.0541,0.2510,3.8000,-0.4500,0.5994,180.8559,2.1587,0.0000,0.0000,0.0000
39.360,514.9127,-2.0035,227.1370,0.2510,3.8000,-0.4500,0.4370,180.8495,2.3449,0.0000,0.0000,0.0000
39.472,514.6788,-1.9461,227.2532,0.2510,3.8000,-0.4500,0.4370,180.8495,2.3449,0.0000,0.0000,0.0000
39.584,514.4465,-1.8904,227.3830,0.2510,3.8000,-0.4500,0.2428,180.8413,2.4952,0.0000,0.0000,0.0000
39.693,514.2519,-1.8476,227.4960,0.2510,3.8000,-0.4500,0.2428,180.8413,2.4952,0.0000,0.0000,0.0000
39.804,514.0198,-1.7997,227.6380,0.2510,3.8000,-0.4500,359.8592,180.8240,2.6633,0.0000,0.0000,0.0000
39.929,513.7863,-1.7557,227.7809,0.2510,3.8000,-0.4500,359.8592,180.8240,2.6633,0.0000,0.0000,0.0000
40.054,513.5530,-1.7169,227.9269,0.2510,3.8000,-0.4500,359.6909,180.8162,2.6903,0.0000,0.0000,0.0000
40.179,513.3192,-1.6827,228.0747,0.2510,3.8000,-0.4500,359.5258,180.8084,2.7121,0.0000,0.0000,0.0000
40.279,513.1240,-1.6575,228.1985,0.2510,3.8000,-0.4500,359.4406,180.8043,2.7112,0.0000,0.0000,0.0000
40.392,512.8893,-1.6338,228.3493,0.2510,3.8000,-0.4500,359.1074,180.7886,2.6980,0.0000,0.0000,0.0000
40.499,512.6937,-1.6156,228.4733,0.2510,3.8000,-0.4500,359.1074,180.7886,2.6980,0.0000,0.0000,0.0000
40.599,512.4969,-1.6050,228.5996,0.2510,3.8000,-0.4500,358.7717,180.7729,2.6346,0.0000,0.0000,0.0000
40.723,512.2214,-1.5927,228.7736,0.2510,3.8000,-0.4500,358.6923,180.7693,2.6177,0.0000,0.0000,0.0000
40.833,512.0231,-1.5928,228.8995,0.2510,3.8000,-0.4500,358.3644,180.7546,2.5208,0.0000,0.0000,0.0000
40.958,511.7848,-1.5983,229.0497,0.2510,3.8000,-0.4500,358.0517,180.7411,2.4117,0.0000,0.0000,0.0000
41.058,511.5861,-1.6058,229.1732,0.2510,3.8000,-0.4500,357.9744,180.7379,2.3814,0.0000,0.0000,0.0000
41.165,511.3463,-1.6247,229.3224,0.2510,3.8000,-0.4500,357.6639,180.7253,2.2557,0.0000,0.0000,0.0000
41.291,511.1057,-1.6513,229.4707,0.2510,3.8000,-0.4500,357.3559,180.7135,2.1193,0.0000,0.0000,0.0000
41.415,510.8643,-1.6843,229.6178,0.2510,3.8000,-0.4500,357.1252,180.7052,2.0118,0.0000,0.0000,0.0000
41.541,510.6224,-1.7248,229.7634,0.2510,3.8000,-0.4500,356.9041,180.6976,1.9069,0.0000,0.0000,0.0000
41.655,510.3795,-1.7731,229.9078,0.2510,3.8000,-0.4500,356.6651,180.6899,1.7879,0.0000,0.0000,0.0000
41.765,510.1358,-1.8286,230.0507,0.2510,3.8000,-0.4500,356.4343,180.6829,1.6717,0.0000,0.0000,0.0000
41.874,509.9321,-1.8809,230.1689,0.2510,3.8000,-0.4500,356.2033,180.6764,1.5519,0.0000,0.0000,0.0000
41.998,509.6871,-1.9489,230.3087,0.2510,3.8000,-0.4500,355.9799,180.6706,1.4342,0.0000,0.0000,0.0000
42.110,509.4419,-2.0216,230.4465,0.2510,3.8000,-0.4500,355.8353,180.6670,1.3573,0.0000,0.0000,0.0000
42.235,509.1954,-2.1026,230.5828,0.2510,3.8000,-0.4500,355.5398,180.6604,1.1957,0.0000,0.0000,0.0000
42.360,508.9495,-2.1832,230.7148,0.2510,3.8000,-0.4500,355.5398,180.6604,1.1957,0.0000,0.0000,0.0000
42.485,508.6610,-2.2862,230.8670,0.2510,3.8000,-0.4500,355.3271,180.6562,1.0755,0.0000,0.0000,0.0000
42.610,508.4139,-2.3746,230.9938,0.2510,3.8000,-0.4500,355.3271,180.6562,1.0755,0.0000,0.0000,0.0000
42.735,508.1655,-2.4693,231.1190,0.2510,3.8000,-0.4500,355.1104,180.6523,0.9474,0.0000,0.0000,0.0000
42.860,507.9177,-2.5614,231.2407,0.2510,3.8000,-0.4500,355.1104,180.6523,0.9474,0.0000,0.0000,0.0000
42.972,507.6695,-2.6540,231.3607,0.2510,3.8000,-0.4500,355.1104,180.6523,0.9474,0.0000,0.0000,0.0000
43.082,507.4625,-2.7309,231.4598,0.2510,3.8000,-0.4500,355.1104,180.6523,0.9474,0.0000,0.0000,0.0000
43.207,507.1726,-2.8372,231.5976,0.2510,3.8000,-0.4500,355.1104,180.6523,0.9474,0.0000,0.0000,0.0000
43.332,506.9238,-2.9260,231.7149,0.2510,3.8000,-0.4500,355.1104,180.6523,0.9474,0.0000,0.0000,0.0000
43.443,506.6753,-3.0117,231.8314,0.2510,3.8000,-0.4500,355.1104,180.6524,0.9474,0.0000,0.0000,0.0000
43.557,506.4682,-3.0803,231.9271,0.2510,3.8000,-0.4500,355.1104,180.6523,0.9474,0.0000,0.0000,0.0000
43.679,506.2185,-3.1574,232.0283,0.2510,3.8000,-0.4500,355.1104,180.6523,0.9474,0.0000,0.0000,0.0000
43.790,505.9672,-3.2278,232.1077,0.2510,3.8000,-0.4500,355.1104,180.6523,0.9474,0.0000,0.0000,0.0000
43.916,505.7146,-3.2910,232.1699,0.2510,3.8000,-0.4500,355.1104,180.6523,0.9474,0.0000,0.0000,0.0000
44.044,505.4193,-3.3549,232.2076,0.2510,3.8000,-0.4500,355.1104,180.6523,0.9474,0.0000,0.0000,0.0000
44.155,505.2084,-3.3924,232.2121,0.2510,3.8000,-0.4500,355.2777,180.6551,0.9440,0.0000,0.0000,0.0000
44.266,504.9559,-3.4300,232.2026,0.2510,3.8000,-0.4500,355.5314,180.6593,0.9477,0.0000,0.0000,0.0000
44.378,504.7458,-3.4552,232.1890,0.2510,3.8000,-0.4500,355.7827,180.6635,0.9728,0.0000,0.0000,0.0000
44.489,504.4937,-3.4788,232.1883,0.2510,3.8000,-0.4500,356.1245,180.6695,1.0234,0.0000,0.0000,0.0000
44.600,504.2844,-3.4923,232.2024,0.2510,3.8000,-0.4500,356.4624,180.6758,1.1008,0.0000,0.0000,0.0000
44.711,504.0352,-3.5023,232.1960,0.2510,3.8000,-0.4500,356.7053,180.6806,1.1670,0.0000,0.0000,0.0000
44.822,503.8356,-3.4976,232.0956,0.2510,3.8000,-0.4500,357.1105,180.6894,1.3159,0.0000,0.0000,0.0000
44.944,503.5686,-3.4797,231.7919,0.2510,3.8000,-0.4500,357.4149,180.6967,1.4517,0.0000,0.0000,0.0000
45.054,503.3849,-3.4589,231.4828,0.2510,3.8000,-0.4500,357.5656,180.7006,1.5280,0.0000,0.0000,0.0000
45.168,503.1718,-3.4210,231.0371,0.2510,3.8000,-0.4500,358.0032,180.7133,1.7901,0.0000,0.0000,0.0000
45.277,502.9963,-3.3905,230.6209,0.2510,3.8000,-0.4500,358.0032,180.7133,1.7901,0.0000,0.0000,0.0000
45.402,502.7917,-3.3392,230.0790,0.2510,3.8000,-0.4500,358.4156,180.7273,2.0998,0.0000,0.0000,0.0000
45.527,502.5547,-3.2792,229.4136,0.2510,3.8000,-0.4500,358.5423,180.7321,2.2095,0.0000,0.0000,0.0000
45.638,502.3868,-3.2283,228.9466,0.2510,3.8000,-0.4500,358.7924,180.7422,2.4355,0.0000,0.0000,0.0000
45.763,502.1460,-3.1547,228.3845,0.2510,3.8000,-0.4500,358.9809,180.7505,2.6188,0.0000,0.0000,0.0000
45.874,501.9705,-3.0962,228.0535,0.2510,3.8000,-0.4500,359.1649,180.7592,2.7985,0.0000,0.0000,0.0000
45.985,501.7572,-3.0181,227.7185,0.2510,3.8000,-0.4500,359.4684,180.7749,3.0886,0.0000,0.0000,0.0000
46.110,501.5408,-2.9356,227.4332,0.2510,3.8000,-0.4500,359.6582,180.7854,3.2614,0.0000,0.0000,0.0000
46.235,501.3236,-2.8457,227.1789,0.2510,3.8000,-0.4500,359.8467,180.7964,3.4292,0.0000,0.0000,0.0000
46.360,501.1058,-2.7448,226.9592,0.2510,3.8000,-0.4500,0.1860,180.8176,3.7109,0.0000,0.0000,0.0000
46.485,500.8474,-2.6207,226.7947,0.2510,3.8000,-0.4500,0.3850,180.8307,3.8677,0.0000,0.0000,0.0000
46.610,500.6272,-2.4985,226.7700,0.2510,3.8000,-0.4500,0.8077,180.8605,4.1732,0.0000,0.0000,0.0000
46.721,500.4431,-2.3944,226.8055,0.2510,3.8000,-0.4500,0.8814,180.8659,4.2201,0.0000,0.0000,0.0000
46.834,500.2262,-2.2541,226.8867,0.2510,3.8000,-0.4500,1.3356,180.9005,4.4929,0.0000,0.0000,0.0000
46.943,500.0100,-2.1103,227.0003,0.2510,3.8000,-0.4500,1.4811,180.9120,4.5706,0.0000,0.0000,0.0000
47.043,499.8324,-1.9812,227.1084,0.2510,3.8000,-0.4500,1.7880,180.9370,4.7184,0.0000,0.0000,0.0000
47.152,499.6552,-1.8496,227.2260,0.2510,3.8000,-0.4500,1.9376,180.9494,4.7837,0.0000,0.0000,0.0000
47.277,499.4446,-1.6841,227.3727,0.2510,3.8000,-0.4500,2.2463,180.9756,4.9001,0.0000,0.0000,0.0000
47.378,499.2698,-1.5436,227.4989,0.2510,3.8000,-0.4500,2.3990,180.9888,4.9493,0.0000,0.0000,0.0000
47.487,499.0607,-1.3705,227.6520,0.2510,3.8000,-0.4500,2.6374,181.0096,5.0087,0.0000,0.0000,0.0000
47.604,498.8517,-1.1961,227.8071,0.2510,3.8000,-0.4500,2.7157,181.0165,5.0261,0.0000,0.0000,0.0000
47.719,498.6780,-1.0482,227.9359,0.2510,3.8000,-0.4500,2.8835,181.0313,5.0420,0.0000,0.0000,0.0000
47.832,498.4695,-0.8701,228.0899,0.2510,3.8000,-0.4500,3.0461,181.0457,5.0529,0.0000,0.0000,0.0000
47.957,498.2603,-0.6934,228.2415,0.2510,3.8000,-0.4500,3.0461,181.0457,5.0529,0.0000,0.0000,0.0000
48.070,498.0488,-0.5187,228.3503,0.2510,3.8000,-0.4500,3.2862,181.0668,4.9934,0.0000,0.0000,0.0000
48.183,497.8352,-0.3546,228.3416,0.2510,3.8000,-0.4500,3.2862,181.0668,4.9934,0.0000,0.0000,0.0000
48.290,497.6560,-0.2247,228.2772,0.2510,3.8000,-0.4500,3.2862,181.0668,4.9934,0.0000,0.0000,0.0000
48.401,497.4749,-0.0992,228.2250,0.2510,3.8000,-0.4500,3.4094,181.0775,4.8898,0.0000,0.0000,0.0000
48.512,497.2572,0.0521,228.2396,0.2510,3.8000,-0.4500,3.4557,181.0814,4.8242,0.0000,0.0000,0.0000
48.637,497.0386,0.2016,228.3040,0.2510,3.8000,-0.4500,3.5001,181.0851,4.7565,0.0000,0.0000,0.0000
48.763,496.7799,0.3672,228.4146,0.2510,3.8000,-0.4500,3.6067,181.0938,4.4391,0.0000,0.0000,0.0000
48.888,496.5559,0.5007,228.5264,0.2510,3.8000,-0.4500,3.6166,181.0945,4.0963,0.0000,0.0000,0.0000
49.001,496.3683,0.6080,228.6251,0.2510,3.8000,-0.4500,3.6004,181.0934,3.9310,0.0000,0.0000,0.0000
49.110,496.1403,0.7262,228.7483,0.2510,3.8000,-0.4500,3.5297,181.0887,3.6019,0.0000,0.0000,0.0000
49.220,495.9481,0.8159,228.8541,0.2510,3.8000,-0.4500,3.4084,181.0814,3.2752,0.0000,0.0000,0.0000
49.345,495.6773,0.9320,229.0039,0.2510,3.8000,-0.4500,3.2662,181.0737,2.9640,0.0000,0.0000,0.0000
49.457,495.4805,1.0017,229.1112,0.2510,3.8000,-0.4500,3.0447,181.0630,2.5715,0.0000,0.0000,0.0000
49.568,495.2432,1.0782,229.2358,0.2510,3.8000,-0.4500,2.8618,181.0552,2.2817,0.0000,0.0000,0.0000
49.679,495.0427,1.1298,229.3373,0.2510,3.8000,-0.4500,2.6088,181.0459,1.9216,0.0000,0.0000,0.0000
49.789,494.8003,1.1823,229.4545,0.2510,3.8000,-0.4500,2.3532,181.0381,1.5845,0.0000,0.0000,0.0000
49.903,494.5558,1.2223,229.5672,0.2510,3.8000,-0.4500,2.0873,181.0315,1.2575,0.0000,0.0000,0.0000
50.011,494.3499,1.2446,229.6586,0.2510,3.8000,-0.4500,1.8086,181.0262,0.9344,0.0000,0.0000,0.0000
50.135,494.1017,1.2616,229.7649,0.2510,3.8000,-0.4500,1.5324,181.0224,0.6288,0.0000,0.0000,0.0000
50.260,493.8517,1.2659,229.8684,0.2510,3.8000,-0.4500,1.2314,181.0200,0.3154,0.0000,0.0000,0.0000
50.386,493.5582,1.2552,229.9867,0.2510,3.8000,-0.4500,0.8699,181.0191,359.9546,0.0000,0.0000,0.0000
50.497,493.3476,1.2380,230.0701,0.2510,3.8000,-0.4500,0.6175,181.0198,359.7168,0.0000,0.0000,0.0000
50.622,493.0939,1.2065,230.1688,0.2510,3.8000,-0.4500,0.3016,181.0222,359.4293,0.0000,0.0000,0.0000
50.747,492.7969,1.1555,230.2832,0.2510,3.8000,-0.4500,359.9162,181.0272,359.0999,0.0000,0.0000,0.0000
50.847,492.5848,1.1122,230.3642,0.2510,3.8000,-0.4500,359.7261,181.0304,358.9438,0.0000,0.0000,0.0000
50.956,492.3718,1.0602,230.4448,0.2510,3.8000,-0.4500,359.4537,181.0359,358.7333,0.0000,0.0000,0.0000
51.067,492.1163,0.9919,230.5398,0.2510,3.8000,-0.4500,359.2515,181.0407,358.5818,0.0000,0.0000,0.0000
51.177,491.9024,0.9246,230.6200,0.2510,3.8000,-0.4500,358.9034,181.0500,358.3396,0.0000,0.0000,0.0000
51.303,491.6038,0.8251,230.7324,0.2510,3.8000,-0.4500,358.6172,181.0588,358.1568,0.0000,0.0000,0.0000
51.428,491.3483,0.7338,230.8302,0.2510,3.8000,-0.4500,358.4749,181.0635,358.0719,0.0000,0.0000,0.0000
51.542,491.1349,0.6495,230.9144,0.2510,3.8000,-0.4500,358.1743,181.0740,357.9069,0.0000,0.0000,0.0000
51.653,490.8797,0.5469,231.0162,0.2510,3.8000,-0.4500,358.0258,181.0796,357.8348,0.0000,0.0000,0.0000
51.761,490.6673,0.4584,231.1021,0.2510,3.8000,-0.4500,357.9518,181.0824,357.8007,0.0000,0.0000,0.0000
51.872,490.4122,0.3463,231.2078,0.2510,3.8000,-0.4500,357.7253,181.0913,357.7070,0.0000,0.0000,0.0000
51.997,490.1575,0.2334,231.3142,0.2510,3.8000,-0.4500,357.6484,181.0944,357.6821,0.0000,0.0000,0.0000
52.122,489.9031,0.1183,231.4219,0.2510,3.8000,-0.4500,357.5699,181.0976,357.6591,0.0000,0.0000,0.0000
52.222,489.6912,0.0194,231.5135,0.2510,3.8000,-0.4500,357.3181,181.1080,357.6133,0.0000,0.0000,0.0000
52.330,489.4375,-0.0962,231.6226,0.2510,3.8000,-0.4500,357.3181,181.1080,357.6133,0.0000,0.0000,0.0000
52.430,489.2263,-0.1924,231.7153,0.2510,3.8000,-0.4500,357.3181,181.1080,357.6133,0.0000,0.0000,0.0000
52.553,488.9733,-0.3084,231.8292,0.2510,3.8000,-0.4500,357.1530,181.1149,357.6278,0.0000,0.0000,0.0000
52.667,488.7207,-0.4222,231.9433,0.2510,3.8000,-0.4500,357.1530,181.1149,357.6278,0.0000,0.0000,0.0000
52.778,488.5105,-0.5159,232.0395,0.2510,3.8000,-0.4500,357.0737,181.1181,357.6518,0.0000,0.0000,0.0000
52.900,488.2589,-0.6260,232.1557,0.2510,3.8000,-0.4500,356.8474,181.1272,357.7565,0.0000,0.0000,0.0000
53.001,488.0489,-0.7158,232.2510,0.2510,3.8000,-0.4500,356.8474,181.1272,357.7565,0.0000,0.0000,0.0000
53.122,487.7561,-0.8363,232.3840,0.2510,3.8000,-0.4500,356.6553,181.1345,357.9233,0.0000,0.0000,0.0000
53.222,487.5468,-0.9194,232.4765,0.2510,3.8000,-0.4500,356.6037,181.1363,357.9915,0.0000,0.0000,0.0000
53.331,487.3383,-0.9979,232.5678,0.2510,3.8000,-0.4500,356.4587,181.1412,358.1998,0.0000,0.0000,0.0000
53.442,487.1284,-1.0758,232.6559,0.2510,3.8000,-0.4500,356.4587,181.1412,358.1998,0.0000,0.0000,0.0000
53.567,486.8362,-1.1757,232.7764,0.2510,3.8000,-0.4500,356.3639,181.1440,358.4403,0.0000,0.0000,0.0000
53.692,486.5862,-1.2551,232.8759,0.2510,3.8000,-0.4500,356.3055,181.1454,358.6884,0.0000,0.0000,0.0000
53.817,486.3353,-1.3303,232.9691,0.2510,3.8000,-0.4500,356.2889,181.1458,358.8536,0.0000,0.0000,0.0000
53.931,486.0839,-1.4002,233.0540,0.2510,3.8000,-0.4500,356.2861,181.1458,359.0166,0.0000,0.0000,0.0000
54.040,485.8733,-1.4569,233.1189,0.2510,3.8000,-0.4500,356.2861,181.1458,359.0166,0.0000,0.0000,0.0000
54.153,485.6209,-1.5172,233.1852,0.2510,3.8000,-0.4500,356.3053,181.1455,359.1817,0.0000,0.0000,0.0000
54.271,485.3673,-1.5721,233.2231,0.2510,3.8000,-0.4500,356.3438,181.1450,359.3409,0.0000,0.0000,0.0000
54.387,485.1127,-1.6235,233.2352,0.2510,3.8000,-0.4500,356.3755,181.1447,359.4145,0.0000,0.0000,0.0000
54.499,484.9003,-1.6646,233.2304,0.2510,3.8000,-0.4500,356.3754,181.1447,359.4145,0.0000,0.0000,0.0000
54.609,484.6472,-1.7076,233.2080,0.2510,3.8000,-0.4500,356.4680,181.1439,359.5513,0.0000,0.0000,0.0000
54.719,484.4359,-1.7440,233.1787,0.2510,3.8000,-0.4500,356.4680,181.1439,359.5513,0.0000,0.0000,0.0000
54.833,484.1835,-1.7828,233.1354,0.2510,3.8000,-0.4500,356.5947,181.1430,359.6510,0.0000,0.0000,0.0000
54.944,483.9305,-1.8204,233.0926,0.2510,3.8000,-0.4500,356.7466,181.1422,359.7217,0.0000,0.0000,0.0000
55.053,483.7189,-1.8519,233.0605,0.2510,3.8000,-0.4500,356.8238,181.1418,359.7468,0.0000,0.0000,0.0000
55.177,483.4643,-1.8871,233.0259,0.2510,3.8000,-0.4500,357.0752,181.1408,359.7887,0.0000,0.0000,0.0000
55.302,483.2078,-1.9236,233.0062,0.2510,3.8000,-0.4500,357.1565,181.1405,359.7985,0.0000,0.0000,0.0000
55.403,482.9501,-1.9577,233.0022,0.2510,3.8000,-0.4500,357.4912,181.1393,359.7771,0.0000,0.0000,0.0000
55.511,482.7354,-1.9869,233.0111,0.2510,3.8000,-0.4500,357.5745,181.1389,359.7618,0.0000,0.0000,0.0000
55.636,482.4778,-2.0199,233.0366,0.2510,3.8000,-0.4500,357.9057,181.1373,359.6914,0.0000,0.0000,0.0000
55.761,482.2214,-2.0524,233.0819,0.2510,3.8000,-0.4500,358.1516,181.1358,359.6177,0.0000,0.0000,0.0000
55.872,481.9661,-2.0835,233.1420,0.2510,3.8000,-0.4500,358.3110,181.1347,359.5673,0.0000,0.0000,0.0000
55.984,481.7088,-2.1122,233.1923,0.2510,3.8000,-0.4500,358.7036,181.1313,359.4271,0.0000,0.0000,0.0000
56.096,481.4933,-2.1348,233.2175,0.2510,3.8000,-0.4500,358.8582,181.1297,359.3673,0.0000,0.0000,0.0000
56.207,481.2342,-2.1603,233.2222,0.2510,3.8000,-0.4500,359.0129,181.1279,359.3065,0.0000,0.0000,0.0000
56.317,481.0197,-2.1802,233.1866,0.2510,3.8000,-0.4500,359.3267,181.1237,359.1762,0.0000,0.0000,0.0000
56.428,480.7676,-2.2034,233.0740,0.2510,3.8000,-0.4500,359.5549,181.1202,359.0752,0.0000,0.0000,0.0000
56.552,480.5206,-2.2262,232.8930,0.2510,3.8000,-0.4500,359.7032,181.1178,359.0077,0.0000,0.0000,0.0000
56.654,480.3204,-2.2458,232.6559,0.2510,3.8000,-0.4500,359.9225,181.1137,358.8988,0.0000,0.0000,0.0000
56.762,480.1298,-2.2669,232.2827,0.2510,3.8000,-0.4500,359.9225,181.1137,358.8988,0.0000,0.0000,0.0000
56.873,479.9088,-2.2955,231.6928,0.2510,3.8000,-0.4500,0.1428,181.1092,358.7732,0.0000,0.0000,0.0000
56.983,479.6933,-2.3270,231.0165,0.2510,3.8000,-0.4500,0.2117,181.1077,358.7249,0.0000,0.0000,0.0000
57.095,479.5150,-2.3555,230.4231,0.2510,3.8000,-0.4500,0.3470,181.1046,358.6274,0.0000,0.0000,0.0000
57.205,479.3023,-2.3909,229.7034,0.2510,3.8000,-0.4500,0.3470,181.1046,358.6274,0.0000,0.0000,0.0000
57.330,479.0883,-2.4294,228.9848,0.2510,3.8000,-0.4500,0.5278,181.1000,358.4652,0.0000,0.0000,0.0000
57.441,478.9105,-2.4614,228.3916,0.2510,3.8000,-0.4500,0.5278,181.1001,358.4652,0.0000,0.0000,0.0000
57.567,478.6609,-2.5074,227.5683,0.2510,3.8000,-0.4500,0.5278,181.1000,358.4652,0.0000,0.0000,0.0000
57.692,478.4462,-2.5486,226.8674,0.2510,3.8000,-0.4500,0.5834,181.0985,358.4048,0.0000,0.0000,0.0000
57.802,478.2317,-2.5899,226.1702,0.2510,3.8000,-0.4500,0.5834,181.0985,358.4048,0.0000,0.0000,0.0000
57.928,478.0160,-2.6332,225.4745,0.2510,3.8000,-0.4500,0.6915,181.0953,358.2800,0.0000,0.0000,0.0000
58.041,477.8367,-2.6686,224.8965,0.2510,3.8000,-0.4500,0.6915,181.0953,358.2800,0.0000,0.0000,0.0000
58.152,477.6218,-2.7115,224.1986,0.2510,3.8000,-0.4500,0.6915,181.0953,358.2800,0.0000,0.0000,0.0000
58.261,477.4439,-2.7477,223.5926,0.2510,3.8000,-0.4500,0.6915,181.0953,358.2800,0.0000,0.0000,0.0000
58.386,477.1961,-2.7990,222.7191,0.2510,3.8000,-0.4500,0.6915,181.0953,358.2800,0.0000,0.0000,0.0000
58.511,476.9839,-2.8430,221.9671,0.2510,3.8000,-0.4500,0.6915,181.0953,358.2800,0.0000,0.0000,0.0000
58.622,476.8065,-2.8793,221.3506,0.2510,3.8000,-0.4500,0.6915,181.0953,358.2800,0.0000,0.0000,0.0000
58.733,476.5894,-2.9215,220.6867,0.2510,3.8000,-0.4500,0.6915,181.0953,358.2800,0.0000,0.0000,0.0000
58.844,476.3641,-2.9613,220.1517,0.2510,3.8000,-0.4500,0.6915,181.0953,358.2800,0.0000,0.0000,0.0000
58.956,476.1698,-2.9924,219.8033,0.2510,3.8000,-0.4500,0.6915,181.0953,358.2799,0.0000,0.0000,0.0000
59.066,475.9277,-3.0274,219.5065,0.2510,3.8000,-0.4500,0.6915,181.0953,358.2800,0.0000,0.0000,0.0000
59.191,475.6769,-3.0594,219.3426,0.2510,3.8000,-0.4500,0.6915,181.0953,358.2800,0.0000,0.0000,0.0000
59.316,475.4221,-3.0886,219.2892,0.2510,3.8000,-0.4500,0.6915,181.0953,358.2800,0.0000,0.0000,0.0000
59.441,475.1667,-3.1153,219.3084,0.2510,3.8000,-0.4500,0.6915,181.0953,358.2800,0.0000,0.0000,0.0000
59.566,474.8690,-3.1439,219.3883,0.2510,3.8000,-0.4500,0.6915,181.0953,358.2799,0.0000,0.0000,0.0000
59.677,474.6567,-3.1630,219.4688,0.2510,3.8000,-0.4500,0.6915,181.0953,358.2799,0.0000,0.0000,0.0000
59.790,474.4025,-3.1845,219.5808,0.2510,3.8000,-0.4500,0.6915,181.0953,358.2800,0.0000,0.0000,0.0000
59.914,474.1486,-3.2047,219.7027,0.2510,3.8000,-0.4500,0.6915,181.0953,358.2800,0.0000,0.0000,0.0000
60.025,473.8949,-3.2237,219.8301,0.2510,3.8000,-0.4500,0.6915,181.0953,358.2800,0.0000,0.0000,0.0000
60.136,473.6837,-3.2386,219.9384,0.2510,3.8000,-0.4500,0.6915,181.0953,358.2800,0.0000,0.0000,0.0000
60.261,473.4302,-3.2552,220.0687,0.2510,3.8000,-0.4500,0.6915,181.0953,358.2800,0.0000,0.0000,0.0000
60.372,473.1767,-3.2703,220.1980,0.2510,3.8000,-0.4500,0.6915,181.0953,358.2800,0.0000,0.0000,0.0000
60.497,472.9231,-3.2837,220.3259,0.2510,3.8000,-0.4500,0.6915,181.0953,358.2800,0.0000,0.0000,0.0000
60.622,472.6696,-3.2953,220.4528,0.2510,3.8000,-0.4500,0.6915,181.0953,358.2800,0.0000,0.0000,0.0000
60.748,472.3739,-3.3059,220.6000,0.2510,3.8000,-0.4500,0.6915,181.0953,358.2800,0.0000,0.0000,0.0000
60.872,472.1206,-3.3121,220.7256,0.2510,3.8000,-0.4500,0.6915,181.0953,358.2799,0.0000,0.0000,0.0000
60.986,471.8678,-3.3144,220.8502,0.2510,3.8000,-0.4500,0.7693,181.0930,358.3066,0.0000,0.0000,0.0000
61.111,471.6154,-3.3131,220.9742,0.2510,3.8000,-0.4500,0.8440,181.0908,358.3431,0.0000,0.0000,0.0000
61.224,471.3632,-3.3080,221.0975,0.2510,3.8000,-0.4500,0.9177,181.0887,358.3810,0.0000,0.0000,0.0000
61.328,471.1536,-3.2990,221.1989,0.2510,3.8000,-0.4500,1.0490,181.0851,358.4781,0.0000,0.0000,0.0000
61.440,470.9444,-3.2867,221.2992,0.2510,3.8000,-0.4500,1.1663,181.0821,358.5887,0.0000,0.0000,0.0000
61.540,470.7351,-3.2723,221.3986,0.2510,3.8000,-0.4500,1.2194,181.0808,358.6497,0.0000,0.0000,0.0000
61.649,470.4851,-3.2475,221.5150,0.2510,3.8000,-0.4500,1.3691,181.0775,358.8500,0.0000,0.0000,0.0000
61.775,470.2351,-3.2187,221.6275,0.2510,3.8000,-0.4500,1.4597,181.0758,358.9871,0.0000,0.0000,0.0000
61.899,469.9859,-3.1825,221.7352,0.2510,3.8000,-0.4500,1.5814,181.0739,359.2039,0.0000,0.0000,0.0000
62.024,469.6967,-3.1297,221.8555,0.2510,3.8000,-0.4500,1.7651,181.0719,359.5831,0.0000,0.0000,0.0000
62.149,469.4484,-3.0811,221.9557,0.2510,3.8000,-0.4500,1.8304,181.0715,359.7331,0.0000,0.0000,0.0000
62.274,469.2016,-3.0240,222.0531,0.2510,3.8000,-0.4500,1.9263,181.0713,359.9605,0.0000,0.0000,0.0000
62.388,468.9561,-2.9580,222.1449,0.2510,3.8000,-0.4500,2.0536,181.0715,0.2775,0.0000,0.0000,0.0000
62.497,468.7512,-2.8999,222.2156,0.2510,3.8000,-0.4500,2.1138,181.0719,0.4291,0.0000,0.0000,0.0000
62.622,468.5068,-2.8209,222.2931,0.2510,3.8000,-0.4500,2.2387,181.0732,0.7506,0.0000,0.0000,0.0000
62.734,468.2623,-2.7379,222.3641,0.2510,3.8000,-0.4500,2.2999,181.0741,0.9091,0.0000,0.0000,0.0000
62.844,468.0204,-2.6429,222.4267,0.2510,3.8000,-0.4500,2.4535,181.0771,1.3071,0.0000,0.0000,0.0000
62.956,467.8184,-2.5619,222.4751,0.2510,3.8000,-0.4500,2.5141,181.0785,1.4636,0.0000,0.0000,0.0000
63.081,467.5770,-2.4589,222.5305,0.2510,3.8000,-0.4500,2.5748,181.0802,1.6201,0.0000,0.0000,0.0000
63.192,467.3392,-2.3439,222.5844,0.2510,3.8000,-0.4500,2.7311,181.0851,2.0192,0.0000,0.0000,0.0000
63.302,467.1411,-2.2465,222.6313,0.2510,3.8000,-0.4500,2.7929,181.0874,2.1743,0.0000,0.0000,0.0000
63.427,466.8661,-2.1022,222.6998,0.2510,3.8000,-0.4500,2.8856,181.0911,2.4045,0.0000,0.0000,0.0000
63.539,466.6718,-1.9926,222.7508,0.2510,3.8000,-0.4500,2.9816,181.0954,2.6372,0.0000,0.0000,0.0000
63.650,466.4395,-1.8583,222.8157,0.2510,3.8000,-0.4500,3.0479,181.0985,2.7932,0.0000,0.0000,0.0000
63.761,466.2479,-1.7404,222.8718,0.2510,3.8000,-0.4500,3.1448,181.1034,3.0164,0.0000,0.0000,0.0000
63.872,466.0175,-1.6001,222.9433,0.2510,3.8000,-0.4500,3.1448,181.1034,3.0164,0.0000,0.0000,0.0000
63.997,465.7902,-1.4511,223.0161,0.2510,3.8000,-0.4500,3.2527,181.1093,3.2467,0.0000,0.0000,0.0000
64.107,465.5624,-1.3034,223.0925,0.2510,3.8000,-0.4500,3.2527,181.1093,3.2467,0.0000,0.0000,0.0000
64.232,465.3345,-1.1780,223.1716,0.2510,3.8000,-0.4500,3.2929,181.1117,3.3196,0.0000,0.0000,0.0000
64.358,465.0956,-1.1137,223.2544,0.2510,3.8000,-0.4500,3.4751,181.1215,2.7210,0.0000,0.0000,0.0000
64.483,464.7929,-1.0767,223.3436,0.2510,3.8000,-0.4500,3.7042,181.1284,0.3211,0.0000,0.0000,0.0000
64.607,464.5226,-1.1239,223.4090,0.2510,3.8000,-0.4500,3.8416,181.1266,358.1574,0.0000,0.0000,0.0000
64.733,464.2553,-1.1571,223.4727,0.2510,3.8000,-0.4500,3.9294,181.1228,357.0068,0.0000,0.0000,0.0000
64.858,463.9925,-1.1731,223.5453,0.2510,3.8000,-0.4500,3.9496,181.1217,356.8008,0.0000,0.0000,0.0000
64.958,463.7741,-1.1809,223.6115,0.2510,3.8000,-0.4500,3.9496,181.1217,356.8008,0.0000,0.0000,0.0000
65.067,463.5117,-1.1858,223.6944,0.2510,3.8000,-0.4500,3.9496,181.1217,356.8008,0.0000,0.0000,0.0000
65.191,463.2494,-1.1855,223.7792,0.2510,3.8000,-0.4500,3.9496,181.1217,356.8008,0.0000,0.0000,0.0000
65.316,462.9872,-1.1798,223.8647,0.2510,3.8000,-0.4500,3.9496,181.1217,356.8008,0.0000,0.0000,0.0000
65.441,462.7253,-1.1691,223.9503,0.2510,3.8000,-0.4500,3.9496,181.1217,356.8008,0.0000,0.0000,0.0000
65.553,462.4638,-1.1537,224.0358,0.2510,3.8000,-0.4500,3.9496,181.1217,356.8008,0.0000,0.0000,0.0000
65.664,462.2029,-1.1338,224.1214,0.2510,3.8000,-0.4500,3.9496,181.1217,356.8008,0.0000,0.0000,0.0000
65.775,461.9879,-1.1077,224.1919,0.2510,3.8000,-0.4500,3.9575,181.1213,357.1370,0.0000,0.0000,0.0000
65.886,461.7294,-1.0752,224.2742,0.2510,3.8000,-0.4500,3.9551,181.1214,357.3902,0.0000,0.0000,0.0000
66.011,461.4708,-1.0397,224.3528,0.2510,3.8000,-0.4500,3.9505,181.1216,357.5620,0.0000,0.0000,0.0000
66.135,461.2128,-0.9996,224.4266,0.2510,3.8000,-0.4500,3.9455,181.1218,357.7322,0.0000,0.0000,0.0000
66.260,460.9561,-0.9519,224.4953,0.2510,3.8000,-0.4500,3.9341,181.1223,358.0674,0.0000,0.0000,0.0000
66.385,460.6565,-0.8927,224.5690,0.2510,3.8000,-0.4500,3.9263,181.1225,358.3251,0.0000,0.0000,0.0000
66.510,460.4005,-0.8360,224.6270,0.2510,3.8000,-0.4500,3.9203,181.1227,358.5817,0.0000,0.0000,0.0000
66.624,460.1447,-0.7761,224.6802,0.2510,3.8000,-0.4500,3.9178,181.1227,358.7489,0.0000,0.0000,0.0000
66.746,459.8900,-0.7099,224.7289,0.2510,3.8000,-0.4500,3.9156,181.1228,359.0045,0.0000,0.0000,0.0000
66.858,459.6779,-0.6519,224.7666,0.2510,3.8000,-0.4500,3.9165,181.1227,359.1798,0.0000,0.0000,0.0000
66.969,459.4245,-0.5772,224.8087,0.2510,3.8000,-0.4500,3.9188,181.1227,359.4355,0.0000,0.0000,0.0000
67.094,459.1718,-0.4982,224.8477,0.2510,3.8000,-0.4500,3.9249,181.1227,359.6862,0.0000,0.0000,0.0000
67.204,458.9195,-0.4164,224.8845,0.2510,3.8000,-0.4500,3.9305,181.1227,359.8516,0.0000,0.0000,0.0000
67.330,458.6680,-0.3305,224.9194,0.2510,3.8000,-0.4500,3.9375,181.1227,0.0202,0.0000,0.0000,0.0000
67.455,458.4180,-0.2393,224.9524,0.2510,3.8000,-0.4500,3.9493,181.1227,0.2679,0.0000,0.0000,0.0000
67.580,458.1671,-0.1490,224.9837,0.2510,3.8000,-0.4500,3.9493,181.1227,0.2679,0.0000,0.0000,0.0000
67.691,457.9185,-0.0508,225.0127,0.2510,3.8000,-0.4500,3.9641,181.1228,0.5274,0.0000,0.0000,0.0000
67.816,457.6686,0.0455,225.0366,0.2510,3.8000,-0.4500,3.9641,181.1228,0.5275,0.0000,0.0000,0.0000
67.941,457.4201,0.1482,225.0489,0.2510,3.8000,-0.4500,3.9787,181.1229,0.7764,0.0000,0.0000,0.0000
68.052,457.1700,0.2482,225.0525,0.2510,3.8000,-0.4500,3.9787,181.1229,0.7764,0.0000,0.0000,0.0000
68.163,456.9206,0.3509,225.0494,0.2510,3.8000,-0.4500,3.9827,181.1230,0.8587,0.0000,0.0000,0.0000
68.288,456.6720,0.4552,225.0503,0.2510,3.8000,-0.4500,3.9862,181.1230,0.9397,0.0000,0.0000,0.0000
68.414,456.4236,0.5595,225.0559,0.2510,3.8000,-0.4500,3.9862,181.1230,0.9397,0.0000,0.0000,0.0000
68.538,456.1772,0.6676,225.0663,0.2510,3.8000,-0.4500,3.9881,181.1231,1.1050,0.0000,0.0000,0.0000
68.652,455.9303,0.7734,225.0835,0.2510,3.8000,-0.4500,3.9881,181.1231,1.1050,0.0000,0.0000,0.0000
68.761,455.7251,0.8617,225.1021,0.2510,3.8000,-0.4500,3.9881,181.1231,1.1050,0.0000,0.0000,0.0000
68.872,455.4792,0.9672,225.1283,0.2510,3.8000,-0.4500,3.9881,181.1231,1.1050,0.0000,0.0000,0.0000
68.982,455.2745,1.0545,225.1535,0.2510,3.8000,-0.4500,3.9881,181.1231,1.1050,0.0000,0.0000,0.0000
69.095,455.0295,1.1582,225.1904,0.2510,3.8000,-0.4500,3.9881,181.1231,1.1050,0.0000,0.0000,0.0000
69.207,454.7850,1.2603,225.2340,0.2510,3.8000,-0.4500,3.9881,181.1231,1.1050,0.0000,0.0000,0.0000
69.316,454.5814,1.3436,225.2732,0.2510,3.8000,-0.4500,3.9881,181.1231,1.1050,0.0000,0.0000,0.0000
69.416,454.3771,1.4248,225.3091,0.2510,3.8000,-0.4500,3.9881,181.1231,1.1050,0.0000,0.0000,0.0000
69.525,454.1313,1.5188,225.3416,0.2510,3.8000,-0.4500,3.9881,181.1231,1.1050,0.0000,0.0000,0.0000
69.639,453.9308,1.5903,225.2782,0.2510,3.8000,-0.4500,3.9881,181.1231,1.1050,0.0000,0.0000,0.0000
69.747,453.7026,1.6612,225.0013,0.2510,3.8000,-0.4500,3.9881,181.1231,1.1050,0.0000,0.0000,0.0000
69.858,453.5208,1.7088,224.6305,0.2510,3.8000,-0.4500,3.9881,181.1231,1.1050,0.0000,0.0000,0.0000
69.969,453.3094,1.7552,224.0672,0.2510,3.8000,-0.4500,3.9881,181.1231,1.1050,0.0000,0.0000,0.0000
70.069,453.1369,1.7873,223.5320,0.2510,3.8000,-0.4500,3.9881,181.1231,1.1050,0.0000,0.0000,0.0000
70.192,452.9328,1.8184,222.8295,0.2510,3.8000,-0.4500,3.9060,181.1215,1.0890,0.0000,0.0000,0.0000
70.302,452.7636,1.8394,222.2172,0.2510,3.8000,-0.4500,3.7463,181.1185,1.0500,0.0000,0.0000,0.0000
70.402,452.5948,1.8599,221.5978,0.2510,3.8000,-0.4500,3.7463,181.1185,1.0500,0.0000,0.0000,0.0000
70.511,452.3915,1.8810,220.8591,0.2510,3.8000,-0.4500,3.6725,181.1172,1.0148,0.0000,0.0000,0.0000
70.622,452.2207,1.8941,220.2517,0.2510,3.8000,-0.4500,3.4567,181.1136,0.8856,0.0000,0.0000,0.0000
70.747,451.9813,1.9139,219.4104,0.2510,3.8000,-0.4500,3.3937,181.1127,0.8347,0.0000,0.0000,0.0000
70.872,451.7751,1.9279,218.6976,0.2510,3.8000,-0.4500,3.3316,181.1118,0.7819,0.0000,0.0000,0.0000
70.997,451.5674,1.9362,217.9911,0.2510,3.8000,-0.4500,3.1561,181.1096,0.6092,0.0000,0.0000,0.0000
71.097,451.3938,1.9415,217.4050,0.2510,3.8000,-0.4500,3.0530,181.1087,0.4866,0.0000,0.0000,0.0000
71.204,451.1855,1.9470,216.7035,0.2510,3.8000,-0.4500,3.0046,181.1083,0.4228,0.0000,0.0000,0.0000
71.329,450.9763,1.9456,215.9893,0.2510,3.8000,-0.4500,2.8614,181.1075,0.2155,0.0000,0.0000,0.0000
71.455,450.7695,1.9444,215.2439,0.2510,3.8000,-0.4500,2.8614,181.1075,0.2155,0.0000,0.0000,0.0000
71.580,450.5606,1.9332,214.4958,0.2510,3.8000,-0.4500,2.6908,181.1073,359.9219,0.0000,0.0000,0.0000
71.705,450.3148,1.9253,213.6867,0.2510,3.8000,-0.4500,2.6908,181.1073,359.9219,0.0000,0.0000,0.0000
71.831,450.0928,1.9171,213.1478,0.2510,3.8000,-0.4500,2.6154,181.1075,359.7698,0.0000,0.0000,0.0000
71.941,449.8984,1.9118,212.8247,0.2510,3.8000,-0.4500,2.5435,181.1078,359.6195,0.0000,0.0000,0.0000
72.066,449.6133,1.9060,212.5343,0.2510,3.8000,-0.4500,2.4339,181.1088,359.3880,0.0000,0.0000,0.0000
72.191,449.3615,1.9051,212.3863,0.2510,3.8000,-0.4500,2.4339,181.1088,359.3880,0.0000,0.0000,0.0000
72.316,449.1034,1.8979,212.2993,0.2510,3.8000,-0.4500,2.3222,181.1102,359.1641,0.0000,0.0000,0.0000
72.416,448.8870,1.8927,212.2648,0.2510,3.8000,-0.4500,2.2837,181.1108,359.0933,0.0000,0.0000,0.0000
72.524,448.6258,1.8829,212.2538,0.2510,3.8000,-0.4500,2.2016,181.1122,358.9503,0.0000,0.0000,0.0000
72.636,448.4084,1.8753,212.2609,0.2510,3.8000,-0.4500,2.2016,181.1122,358.9503,0.0000,0.0000,0.0000
72.750,448.1467,1.8604,212.2860,0.2510,3.8000,-0.4500,2.1101,181.1140,358.8112,0.0000,0.0000,0.0000
72.872,447.8867,1.8449,212.3340,0.2510,3.8000,-0.4500,2.0627,181.1150,358.7468,0.0000,0.0000,0.0000
72.998,447.6279,1.8259,212.4043,0.2510,3.8000,-0.4500,1.9561,181.1174,358.6219,0.0000,0.0000,0.0000
73.125,447.3277,1.8051,212.5015,0.2510,3.8000,-0.4500,1.9561,181.1174,358.6219,0.0000,0.0000,0.0000
73.247,447.0696,1.7840,212.5817,0.2510,3.8000,-0.4500,1.8918,181.1190,358.5681,0.0000,0.0000,0.0000
73.372,446.8106,1.7601,212.6548,0.2510,3.8000,-0.4500,1.7584,181.1225,358.4727,0.0000,0.0000,0.0000
73.497,446.5515,1.7378,212.7209,0.2510,3.8000,-0.4500,1.7584,181.1225,358.4727,0.0000,0.0000,0.0000
73.608,446.2921,1.7137,212.7833,0.2510,3.8000,-0.4500,1.6830,181.1245,358.4430,0.0000,0.0000,0.0000
73.733,446.0325,1.6892,212.8431,0.2510,3.8000,-0.4500,1.6075,181.1266,358.4147,0.0000,0.0000,0.0000
73.847,445.7732,1.6657,212.9013,0.2510,3.8000,-0.4500,1.6075,181.1266,358.4148,0.0000,0.0000,0.0000
73.955,445.5571,1.6445,212.9505,0.2510,3.8000,-0.4500,1.4473,181.1310,358.3945,0.0000,0.0000,0.0000
74.066,445.2981,1.6211,213.0083,0.2510,3.8000,-0.4500,1.4473,181.1310,358.3945,0.0000,0.0000,0.0000
74.191,445.0396,1.5962,213.0678,0.2510,3.8000,-0.4500,1.2014,181.1379,358.4155,0.0000,0.0000,0.0000
74.305,444.7811,1.5726,213.1262,0.2510,3.8000,-0.4500,1.2014,181.1379,358.4155,0.0000,0.0000,0.0000
74.414,444.5662,1.5521,213.1765,0.2510,3.8000,-0.4500,1.0391,181.1423,358.4553,0.0000,0.0000,0.0000
74.539,444.3083,1.5268,213.2363,0.2510,3.8000,-0.4500,0.9598,181.1445,358.4753,0.0000,0.0000,0.0000
74.664,444.0079,1.4950,213.3073,0.2510,3.8000,-0.4500,0.8003,181.1487,358.5112,0.0000,0.0000,0.0000
74.788,443.7503,1.4658,213.3678,0.2510,3.8000,-0.4500,0.8003,181.1487,358.5112,0.0000,0.0000,0.0000
74.900,443.5356,1.4388,213.4191,0.2510,3.8000,-0.4500,0.7158,181.1508,358.5199,0.0000,0.0000,0.0000
75.025,443.2353,1.3971,213.4915,0.2510,3.8000,-0.4500,0.5484,181.1551,358.5340,0.0000,0.0000,0.0000
75.150,442.9776,1.3579,213.5532,0.2510,3.8000,-0.4500,0.4664,181.1572,358.5271,0.0000,0.0000,0.0000
75.261,442.7627,1.3225,213.6049,0.2510,3.8000,-0.4500,0.3850,181.1593,358.5181,0.0000,0.0000,0.0000
75.386,442.4615,1.2681,213.6771,0.2510,3.8000,-0.4500,0.2256,181.1635,358.4860,0.0000,0.0000,0.0000
75.497,442.2463,1.2267,213.7281,0.2510,3.8000,-0.4500,0.1483,181.1656,358.4617,0.0000,0.0000,0.0000
75.607,441.9878,1.1743,213.7891,0.2510,3.8000,-0.4500,0.0712,181.1676,358.4365,0.0000,0.0000,0.0000
75.719,441.7721,1.1279,213.8398,0.2510,3.8000,-0.4500,-0.0034,181.1697,358.4052,0.0000,0.0000,0.0000
75.833,441.5129,1.0685,213.9008,0.2510,3.8000,-0.4500,359.8497,181.1739,358.3355,0.0000,0.0000,0.0000
75.940,441.2971,1.0190,213.9509,0.2510,3.8000,-0.4500,359.8497,181.1739,358.3355,0.0000,0.0000,0.0000
76.052,441.0375,0.9537,214.0127,0.2510,3.8000,-0.4500,359.6386,181.1803,358.2179,0.0000,0.0000,0.0000
76.177,440.7786,0.8900,214.0746,0.2510,3.8000,-0.4500,359.6386,181.1803,358.2179,0.0000,0.0000,0.0000
76.302,440.5195,0.8245,214.1376,0.2510,3.8000,-0.4500,359.6386,181.1803,358.2179,0.0000,0.0000,0.0000
76.414,440.2605,0.7577,214.2016,0.2510,3.8000,-0.4500,359.6386,181.1803,358.2179,0.0000,0.0000,0.0000
76.538,440.0013,0.6886,214.2670,0.2510,3.8000,-0.4500,359.5703,181.1824,358.1758,0.0000,0.0000,0.0000
76.650,439.7424,0.6202,214.3330,0.2510,3.8000,-0.4500,359.5703,181.1824,358.1758,0.0000,0.0000,0.0000
76.775,439.4833,0.5503,214.4001,0.2510,3.8000,-0.4500,359.5021,181.1846,358.1364,0.0000,0.0000,0.0000
76.886,439.2244,0.4818,214.4669,0.2510,3.8000,-0.4500,359.5021,181.1846,358.1364,0.0000,0.0000,0.0000
77.011,438.9655,0.4139,214.5337,0.2510,3.8000,-0.4500,359.5021,181.1846,358.1364,0.0000,0.0000,0.0000
77.136,438.7067,0.3469,214.6004,0.2510,3.8000,-0.4500,359.5021,181.1846,358.1364,0.0000,0.0000,0.0000
77.247,438.4479,0.2812,214.6668,0.2510,3.8000,-0.4500,359.5021,181.1846,358.1364,0.0000,0.0000,0.0000
77.360,438.2323,0.2277,214.7219,0.2510,3.8000,-0.4500,359.5021,181.1846,358.1364,0.0000,0.0000,0.0000
77.469,437.9738,0.1652,214.7880,0.2510,3.8000,-0.4500,359.5021,181.1846,358.1364,0.0000,0.0000,0.0000
77.594,437.7154,0.1049,214.8538,0.2510,3.8000,-0.4500,359.5021,181.1846,358.1364,0.0000,0.0000,0.0000
77.719,437.4572,0.0471,214.9195,0.2510,3.8000,-0.4500,359.5021,181.1846,358.1364,0.0000,0.0000,0.0000
77.829,437.1992,-0.0078,214.9851,0.2510,3.8000,-0.4500,359.5021,181.1846,358.1364,0.0000,0.0000,0.0000
77.940,436.9844,-0.0513,215.0395,0.2510,3.8000,-0.4500,359.5021,181.1846,358.1364,0.0000,0.0000,0.0000
78.054,436.7269,-0.1005,215.1044,0.2510,3.8000,-0.4500,359.5021,181.1846,358.1364,0.0000,0.0000,0.0000
78.162,436.5125,-0.1387,215.1583,0.2510,3.8000,-0.4500,359.5021,181.1846,358.1364,0.0000,0.0000,0.0000
78.287,436.2127,-0.1879,215.2333,0.2510,3.8000,-0.4500,359.5021,181.1846,358.1364,0.0000,0.0000,0.0000
78.388,435.9988,-0.2196,215.2868,0.2510,3.8000,-0.4500,359.5021,181.1846,358.1364,0.0000,0.0000,0.0000
78.513,435.7439,-0.2504,215.3507,0.2510,3.8000,-0.4500,359.4100,181.1874,358.3691,0.0000,0.0000,0.0000
78.614,435.5304,-0.2754,215.4017,0.2510,3.8000,-0.4500,359.4100,181.1874,358.3691,0.0000,0.0000,0.0000
78.717,435.3179,-0.2943,215.4515,0.2510,3.8000,-0.4500,359.3907,181.1879,358.5313,0.0000,0.0000,0.0000
78.828,435.0628,-0.3128,215.5086,0.2510,3.8000,-0.4500,359.3929,181.1879,358.6935,0.0000,0.0000,0.0000
78.940,434.8506,-0.3235,215.5537,0.2510,3.8000,-0.4500,359.4195,181.1873,358.8573,0.0000,0.0000,0.0000
79.051,434.5962,-0.3302,215.6046,0.2510,3.8000,-0.4500,359.4847,181.1862,359.0911,0.0000,0.0000,0.0000
79.176,434.3409,-0.3339,215.6523,0.2510,3.8000,-0.4500,359.5201,181.1856,359.1691,0.0000,0.0000,0.0000
79.287,434.0874,-0.3266,215.6960,0.2510,3.8000,-0.4500,359.6727,181.1838,359.4713,0.0000,0.0000,0.0000
79.399,433.8751,-0.3197,215.7302,0.2510,3.8000,-0.4500,359.7187,181.1834,359.5399,0.0000,0.0000,0.0000
79.509,433.6210,-0.3051,215.7681,0.2510,3.8000,-0.4500,359.8134,181.1828,359.6778,0.0000,0.0000,0.0000
79.635,433.3677,-0.2838,215.8030,0.2510,3.8000,-0.4500,359.9571,181.1822,359.8780,0.0000,0.0000,0.0000
79.746,433.1145,-0.2597,215.8358,0.2510,3.8000,-0.4500,0.0502,181.1821,0.0110,0.0000,0.0000,0.0000
79.870,432.8615,-0.2315,215.8666,0.2510,3.8000,-0.4500,0.1394,181.1823,0.1446,0.0000,0.0000,0.0000
79.982,432.6503,-0.2078,215.8914,0.2510,3.8000,-0.4500,0.1394,181.1823,0.1446,0.0000,0.0000,0.0000
80.095,432.3982,-0.1734,215.9182,0.2510,3.8000,-0.4500,0.2211,181.1826,0.2889,0.0000,0.0000,0.0000
80.204,432.1461,-0.1364,215.9386,0.2510,3.8000,-0.4500,0.2912,181.1830,0.4378,0.0000,0.0000,0.0000
80.315,431.9350,-0.1066,215.9519,0.2510,3.8000,-0.4500,0.2912,181.1830,0.4378,0.0000,0.0000,0.0000
80.440,431.6831,-0.0661,215.9635,0.2510,3.8000,-0.4500,0.3429,181.1835,0.5956,0.0000,0.0000,0.0000
80.565,431.3889,-0.0209,215.9801,0.2510,3.8000,-0.4500,0.3429,181.1835,0.5956,0.0000,0.0000,0.0000
80.676,431.1804,0.0151,215.9948,0.2510,3.8000,-0.4500,0.3683,181.1838,0.7582,0.0000,0.0000,0.0000
80.801,430.9296,0.0551,216.0167,0.2510,3.8000,-0.4500,0.3683,181.1838,0.7582,0.0000,0.0000,0.0000
80.927,430.6391,0.1044,216.0467,0.2510,3.8000,-0.4500,0.3524,181.1835,0.9229,0.0000,0.0000,0.0000
81.039,430.4317,0.1386,216.0712,0.2510,3.8000,-0.4500,0.3426,181.1834,1.0023,0.0000,0.0000,0.0000
81.163,430.1411,0.1834,216.1094,0.2510,3.8000,-0.4500,0.3426,181.1834,1.0023,0.0000,0.0000,0.0000
81.274,429.9339,0.2143,216.1385,0.2510,3.8000,-0.4500,0.3426,181.1834,1.0023,0.0000,0.0000,0.0000
81.385,429.6865,0.2516,216.1756,0.2510,3.8000,-0.4500,0.2598,181.1818,1.1462,0.0000,0.0000,0.0000
81.496,429.4796,0.2795,216.2079,0.2510,3.8000,-0.4500,0.2598,181.1818,1.1462,0.0000,0.0000,0.0000
81.608,429.2325,0.3119,216.2491,0.2510,3.8000,-0.4500,0.1443,181.1794,1.2679,0.0000,0.0000,0.0000
81.718,429.0262,0.3362,216.2851,0.2510,3.8000,-0.4500,0.0787,181.1779,1.3180,0.0000,0.0000,0.0000
81.830,428.7794,0.3628,216.3310,0.2510,3.8000,-0.4500,359.8610,181.1726,1.4468,0.0000,0.0000,0.0000
81.954,428.5319,0.3855,216.3778,0.2510,3.8000,-0.4500,359.8610,181.1726,1.4468,0.0000,0.0000,0.0000
82.067,428.2845,0.4045,216.4272,0.2510,3.8000,-0.4500,359.7014,181.1685,1.5017,0.0000,0.0000,0.0000
82.176,428.0784,0.4172,216.4700,0.2510,3.8000,-0.4500,359.5417,181.1643,1.5424,0.0000,0.0000,0.0000
82.290,427.8307,0.4288,216.5225,0.2510,3.8000,-0.4500,359.3820,181.1600,1.5676,0.0000,0.0000,0.0000
82.398,427.6243,0.4358,216.5672,0.2510,3.8000,-0.4500,359.3033,181.1578,1.5748,0.0000,0.0000,0.0000
82.524,427.3350,0.4397,216.6322,0.2510,3.8000,-0.4500,359.0489,181.1508,1.5777,0.0000,0.0000,0.0000
82.635,427.1280,0.4398,216.6789,0.2510,3.8000,-0.4500,358.9652,181.1485,1.5720,0.0000,0.0000,0.0000
82.759,426.8793,0.4350,216.7368,0.2510,3.8000,-0.4500,358.7206,181.1418,1.5489,0.0000,0.0000,0.0000
82.871,426.6303,0.4271,216.7949,0.2510,3.8000,-0.4500,358.5602,181.1375,1.5240,0.0000,0.0000,0.0000
82.981,426.4228,0.4192,216.8429,0.2510,3.8000,-0.4500,358.5602,181.1375,1.5240,0.0000,0.0000,0.0000
83.107,426.1317,0.4013,216.9118,0.2510,3.8000,-0.4500,358.3143,181.1311,1.4741,0.0000,0.0000,0.0000
83.233,425.8818,0.3831,216.9701,0.2510,3.8000,-0.4500,358.1580,181.1271,1.4381,0.0000,0.0000,0.0000
83.344,425.6319,0.3640,217.0270,0.2510,3.8000,-0.4500,358.1580,181.1271,1.4381,0.0000,0.0000,0.0000
83.456,425.4232,0.3443,217.0750,0.2510,3.8000,-0.4500,358.0005,181.1232,1.3991,0.0000,0.0000,0.0000
83.567,425.1725,0.3201,217.1315,0.2510,3.8000,-0.4500,357.9220,181.1213,1.3798,0.0000,0.0000,0.0000
83.676,424.9638,0.2996,217.1776,0.2510,3.8000,-0.4500,357.9220,181.1213,1.3798,0.0000,0.0000,0.0000
83.776,424.7549,0.2772,217.2239,0.2510,3.8000,-0.4500,357.8422,181.1194,1.3614,0.0000,0.0000,0.0000
83.899,424.5041,0.2498,217.2802,0.2510,3.8000,-0.4500,357.7625,181.1175,1.3453,0.0000,0.0000,0.0000
84.012,424.2540,0.2230,217.3408,0.2510,3.8000,-0.4500,357.7625,181.1175,1.3454,0.0000,0.0000,0.0000
84.123,424.0045,0.1961,217.4078,0.2510,3.8000,-0.4500,357.7625,181.1175,1.3454,0.0000,0.0000,0.0000
84.231,423.7970,0.1725,217.4692,0.2510,3.8000,-0.4500,357.5986,181.1137,1.3355,0.0000,0.0000,0.0000
84.357,423.5490,0.1467,217.5487,0.2510,3.8000,-0.4500,357.5986,181.1137,1.3355,0.0000,0.0000,0.0000
84.457,423.3430,0.1259,217.6207,0.2510,3.8000,-0.4500,357.5986,181.1137,1.3355,0.0000,0.0000,0.0000
84.565,423.0965,0.1022,217.7128,0.2510,3.8000,-0.4500,357.5986,181.1137,1.3355,0.0000,0.0000,0.0000
84.691,422.8506,0.0804,217.8087,0.2510,3.8000,-0.4500,357.5986,181.1137,1.3355,0.0000,0.0000,0.0000
84.801,422.6462,0.0638,217.8904,0.2510,3.8000,-0.4500,357.5986,181.1137,1.3355,0.0000,0.0000,0.0000
84.926,422.3604,0.0438,218.0063,0.2510,3.8000,-0.4500,357.5986,181.1137,1.3355,0.0000,0.0000,0.0000
85.051,422.1161,0.0301,218.1089,0.2510,3.8000,-0.4500,357.5986,181.1136,1.3355,0.0000,0.0000,0.0000
85.176,421.8728,0.0199,218.2165,0.2510,3.8000,-0.4500,357.5986,181.1136,1.3355,0.0000,0.0000,0.0000
85.301,421.6301,0.0138,218.3281,0.2510,3.8000,-0.4500,357.5986,181.1136,1.3355,0.0000,0.0000,0.0000
85.412,421.3882,0.0123,218.4432,0.2510,3.8000,-0.4500,357.5986,181.1137,1.3355,0.0000,0.0000,0.0000
85.537,421.1470,0.0160,218.5609,0.2510,3.8000,-0.4500,357.5986,181.1137,1.3355,0.0000,0.0000,0.0000
85.662,420.9083,0.0300,218.6802,0.2510,3.8000,-0.4500,357.6511,181.1150,1.5871,0.0000,0.0000,0.0000
85.773,420.6702,0.0500,218.7998,0.2510,3.8000,-0.4500,357.7598,181.1182,1.8151,0.0000,0.0000,0.0000
85.898,420.4317,0.0731,218.9202,0.2510,3.8000,-0.4500,357.7988,181.1195,1.8868,0.0000,0.0000,0.0000
86.024,420.1563,0.1143,219.0596,0.2510,3.8000,-0.4500,358.0763,181.1294,2.2091,0.0000,0.0000,0.0000
86.135,419.9587,0.1438,219.1619,0.2510,3.8000,-0.4500,358.0763,181.1294,2.2091,0.0000,0.0000,0.0000
86.260,419.7250,0.1942,219.2842,0.2510,3.8000,-0.4500,358.4841,181.1464,2.5332,0.0000,0.0000,0.0000
86.384,419.4517,0.2539,219.4321,0.2510,3.8000,-0.4500,358.6282,181.1529,2.6239,0.0000,0.0000,0.0000
86.498,419.2579,0.3042,219.5385,0.2510,3.8000,-0.4500,358.8457,181.1631,2.7540,0.0000,0.0000,0.0000
86.607,419.0261,0.3709,219.6669,0.2510,3.8000,-0.4500,359.1443,181.1778,2.9053,0.0000,0.0000,0.0000
86.718,418.8330,0.4283,219.7713,0.2510,3.8000,-0.4500,359.2170,181.1816,2.9403,0.0000,0.0000,0.0000
86.843,418.5738,0.5185,219.6739,0.2510,3.8000,-0.4500,359.6250,181.2031,3.0980,0.0000,0.0000,0.0000
86.954,418.4001,0.5794,219.3639,0.2510,3.8000,-0.4500,359.6250,181.2031,3.0980,0.0000,0.0000,0.0000
87.065,418.2013,0.6539,218.8142,0.2510,3.8000,-0.4500,359.8617,181.2160,3.1551,0.0000,0.0000,0.0000
87.177,418.0388,0.7137,218.2870,0.2510,3.8000,-0.4500,0.0261,181.2251,3.1691,0.0000,0.0000,0.0000
87.287,417.8399,0.7839,217.7096,0.2510,3.8000,-0.4500,0.1075,181.2296,3.1738,0.0000,0.0000,0.0000
87.387,417.6664,0.8449,217.3339,0.2510,3.8000,-0.4500,0.3629,181.2437,3.1479,0.0000,0.0000,0.0000
87.496,417.4854,0.9070,217.0608,0.2510,3.8000,-0.4500,0.4451,181.2482,3.1373,0.0000,0.0000,0.0000
87.620,417.2599,0.9852,216.8482,0.2510,3.8000,-0.4500,0.6920,181.2617,3.0805,0.0000,0.0000,0.0000
87.746,416.9907,1.0816,216.7641,0.2510,3.8000,-0.4500,0.9343,181.2745,3.0080,0.0000,0.0000,0.0000
87.856,416.7977,1.1528,216.7350,0.2510,3.8000,-0.4500,1.0928,181.2828,2.9507,0.0000,0.0000,0.0000
87.982,416.5770,1.2324,216.4894,0.2510,3.8000,-0.4500,1.2473,181.2907,2.8913,0.0000,0.0000,0.0000
88.095,416.3680,1.3004,216.0046,0.2510,3.8000,-0.4500,1.5425,181.3052,2.7274,0.0000,0.0000,0.0000
88.213,416.1664,1.3589,215.3846,0.2510,3.8000,-0.4500,1.6080,181.3083,2.6761,0.0000,0.0000,0.0000
88.315,415.9972,1.4020,214.8595,0.2510,3.8000,-0.4500,1.7966,181.3168,2.5121,0.0000,0.0000,0.0000
88.426,415.7861,1.4531,214.3403,0.2510,3.8000,-0.4500,1.9675,181.3241,2.3183,0.0000,0.0000,0.0000
88.551,415.5630,1.5067,213.9773,0.2510,3.8000,-0.4500,2.1193,181.3300,2.1207,0.0000,0.0000,0.0000
88.676,415.3293,1.5639,213.7539,0.2510,3.8000,-0.4500,2.2123,181.3333,1.9855,0.0000,0.0000,0.0000
88.801,415.0872,1.6209,213.6551,0.2510,3.8000,-0.4500,2.4340,181.3403,1.6143,0.0000,0.0000,0.0000
88.912,414.8427,1.6805,213.6352,0.2510,3.8000,-0.4500,2.5507,181.3434,1.3939,0.0000,0.0000,0.0000
89.024,414.5963,1.7388,213.6627,0.2510,3.8000,-0.4500,2.6594,181.3458,1.1700,0.0000,0.0000,0.0000
89.135,414.3895,1.7848,213.7076,0.2510,3.8000,-0.4500,2.7613,181.3477,0.9424,0.0000,0.0000,0.0000
89.259,414.1400,1.8358,213.7773,0.2510,3.8000,-0.4500,2.8867,181.3494,0.6269,0.0000,0.0000,0.0000
89.371,413.8897,1.8833,213.8575,0.2510,3.8000,-0.4500,2.9729,181.3502,0.3935,0.0000,0.0000,0.0000
89.474,413.6798,1.9178,213.9290,0.2510,3.8000,-0.4500,3.0547,181.3505,0.1338,0.0000,0.0000,0.0000
89.590,413.4259,1.9524,214.0181,0.2510,3.8000,-0.4500,3.1777,181.3504,359.7151,0.0000,0.0000,0.0000
89.691,413.2147,1.9794,214.0949,0.2510,3.8000,-0.4500,3.2203,181.3501,359.5470,0.0000,0.0000,0.0000
89.800,413.0011,1.9983,214.1742,0.2510,3.8000,-0.4500,3.3207,181.3490,359.1281,0.0000,0.0000,0.0000
89.912,412.7461,2.0210,214.2730,0.2510,3.8000,-0.4500,3.3555,181.3484,358.9664,0.0000,0.0000,0.0000
90.024,412.4886,2.0335,214.3753,0.2510,3.8000,-0.4500,3.4413,181.3465,358.5442,0.0000,0.0000,0.0000
90.137,412.2738,2.0411,214.4632,0.2510,3.8000,-0.4500,3.4883,181.3452,358.2942,0.0000,0.0000,0.0000
90.245,412.0154,2.0444,214.5716,0.2510,3.8000,-0.4500,3.5482,181.3433,357.9631,0.0000,0.0000,0.0000
90.370,411.7567,2.0436,214.6835,0.2510,3.8000,-0.4500,3.5917,181.3416,357.7147,0.0000,0.0000,0.0000
90.495,411.4967,2.0361,214.7978,0.2510,3.8000,-0.4500,3.6488,181.3392,357.3839,0.0000,0.0000,0.0000
90.620,411.2366,2.0246,214.9145,0.2510,3.8000,-0.4500,3.6933,181.3370,357.1269,0.0000,0.0000,0.0000
90.720,411.0197,2.0123,215.0138,0.2510,3.8000,-0.4500,3.7222,181.3355,356.9606,0.0000,0.0000,0.0000
90.829,410.7582,1.9912,215.1356,0.2510,3.8000,-0.4500,3.7829,181.3321,356.6220,0.0000,0.0000,0.0000
90.954,410.4978,1.9705,215.2607,0.2510,3.8000,-0.4500,3.7976,181.3313,356.5412,0.0000,0.0000,0.0000
91.065,410.2362,1.9435,215.3890,0.2510,3.8000,-0.4500,3.8440,181.3284,356.2963,0.0000,0.0000,0.0000
91.190,409.9749,1.9149,215.5212,0.2510,3.8000,-0.4500,3.8750,181.3263,356.1373,0.0000,0.0000,0.0000
91.316,409.7131,1.8824,215.6574,0.2510,3.8000,-0.4500,3.9236,181.3229,355.8968,0.0000,0.0000,0.0000
91.440,409.4524,1.8516,215.7978,0.2510,3.8000,-0.4500,3.9236,181.3229,355.8968,0.0000,0.0000,0.0000
91.565,409.1470,1.8094,215.9655,0.2510,3.8000,-0.4500,3.9731,181.3192,355.6564,0.0000,0.0000,0.0000
91.676,408.9293,1.7795,216.0879,0.2510,3.8000,-0.4500,3.9881,181.3181,355.5796,0.0000,0.0000,0.0000
91.790,408.6686,1.7437,216.2371,0.2510,3.8000,-0.4500,3.9881,181.3181,355.5796,0.0000,0.0000,0.0000
91.899,408.4514,1.7125,216.3624,0.2510,3.8000,-0.4500,3.9881,181.3181,355.5796,0.0000,0.0000,0.0000
92.010,408.1902,1.6717,216.5130,0.2510,3.8000,-0.4500,3.9904,181.3179,355.4984,0.0000,0.0000,0.0000
92.123,407.9296,1.6302,216.6638,0.2510,3.8000,-0.4500,3.9904,181.3179,355.4984,0.0000,0.0000,0.0000
92.232,407.7123,1.5938,216.7898,0.2510,3.8000,-0.4500,3.9904,181.3179,355.4984,0.0000,0.0000,0.0000
92.358,407.4517,1.5464,216.9420,0.2510,3.8000,-0.4500,3.9543,181.3208,355.4276,0.0000,0.0000,0.0000
92.482,407.1916,1.4983,217.0949,0.2510,3.8000,-0.4500,3.9543,181.3208,355.4276,0.0000,0.0000,0.0000
92.593,406.9315,1.4452,217.2505,0.2510,3.8000,-0.4500,3.8330,181.3306,355.3221,0.0000,0.0000,0.0000
92.705,406.6723,1.3905,217.4092,0.2510,3.8000,-0.4500,3.6861,181.3428,355.2485,0.0000,0.0000,0.0000
92.816,406.4569,1.3436,217.5443,0.2510,3.8000,-0.4500,3.5243,181.3563,355.2088,0.0000,0.0000,0.0000
92.927,406.1994,1.2864,217.7088,0.2510,3.8000,-0.4500,3.3632,181.3699,355.1805,0.0000,0.0000,0.0000
93.038,405.9855,1.2373,217.8486,0.2510,3.8000,-0.4500,3.1208,181.3903,355.1903,0.0000,0.0000,0.0000
93.149,405.7297,1.1778,218.0181,0.2510,3.8000,-0.4500,2.7979,181.4174,355.2574,0.0000,0.0000,0.0000
93.261,405.5170,1.1278,218.1596,0.2510,3.8000,-0.4500,2.5661,181.4365,355.3335,0.0000,0.0000,0.0000
93.385,405.2199,1.0571,218.3576,0.2510,3.8000,-0.4500,2.2621,181.4610,355.4647,0.0000,0.0000,0.0000
93.497,405.0080,1.0059,218.4982,0.2510,3.8000,-0.4500,2.1131,181.4727,355.5403,0.0000,0.0000,0.0000
93.608,404.7542,0.9438,218.6662,0.2510,3.8000,-0.4500,1.8906,181.4898,355.6619,0.0000,0.0000,0.0000
93.719,404.5433,0.8917,218.8055,0.2510,3.8000,-0.4500,1.6713,181.5062,355.7917,0.0000,0.0000,0.0000
93.831,404.2902,0.8282,218.9709,0.2510,3.8000,-0.4500,1.4596,181.5216,355.9225,0.0000,0.0000,0.0000
93.941,404.0796,0.7746,219.1076,0.2510,3.8000,-0.4500,1.3113,181.5320,356.0184,0.0000,0.0000,0.0000
94.053,403.8271,0.7095,219.2701,0.2510,3.8000,-0.4500,1.0935,181.5469,356.1595,0.0000,0.0000,0.0000
94.163,403.5748,0.6431,219.4300,0.2510,3.8000,-0.4500,0.8780,181.5611,356.2954,0.0000,0.0000,0.0000
94.275,403.3641,0.5865,219.5605,0.2510,3.8000,-0.4500,0.8082,181.5656,356.3389,0.0000,0.0000,0.0000
94.386,403.1120,0.5174,219.7159,0.2510,3.8000,-0.4500,0.5932,181.5791,356.4617,0.0000,0.0000,0.0000
94.499,402.9012,0.4585,219.8425,0.2510,3.8000,-0.4500,0.5932,181.5791,356.4617,0.0000,0.0000,0.0000
94.610,402.6489,0.3868,219.9938,0.2510,3.8000,-0.4500,0.4439,181.5883,356.5387,0.0000,0.0000,0.0000
94.719,402.4383,0.3263,220.1181,0.2510,3.8000,-0.4500,0.3709,181.5927,356.5761,0.0000,0.0000,0.0000
94.830,402.1852,0.2532,220.2638,0.2510,3.8000,-0.4500,0.3709,181.5927,356.5761,0.0000,0.0000,0.0000
94.941,401.9745,0.1923,220.3832,0.2510,3.8000,-0.4500,0.2995,181.5969,356.6131,0.0000,0.0000,0.0000
95.052,401.7216,0.1199,220.5097,0.2510,3.8000,-0.4500,0.2292,181.6010,356.6543,0.0000,0.0000,0.0000
95.164,401.4767,0.0503,220.4175,0.2510,3.8000,-0.4500,0.2292,181.6010,356.6543,0.0000,0.0000,0.0000
95.274,401.2838,-0.0041,220.1163,0.2510,3.8000,-0.4500,0.2292,181.6010,356.6543,0.0000,0.0000,0.0000
95.385,401.0613,-0.0662,219.5755,0.2510,3.8000,-0.4500,0.2292,181.6010,356.6543,0.0000,0.0000,0.0000
95.497,400.8794,-0.1165,219.0542,0.2510,3.8000,-0.4500,0.2292,181.6010,356.6543,0.0000,0.0000,0.0000
95.607,400.6576,-0.1760,218.4817,0.2510,3.8000,-0.4500,0.2292,181.6010,356.6543,0.0000,0.0000,0.0000
95.719,400.4652,-0.2251,218.1126,0.2510,3.8000,-0.4500,0.2292,181.6010,356.6543,0.0000,0.0000,0.0000
95.829,400.2245,-0.2823,217.8015,0.2510,3.8000,-0.4500,0.2292,181.6010,356.6543,0.0000,0.0000,0.0000
95.940,400.0179,-0.3278,217.6388,0.2510,3.8000,-0.4500,0.2292,181.6010,356.6543,0.0000,0.0000,0.0000
96.052,399.7659,-0.3783,217.5692,0.2510,3.8000,-0.4500,0.2292,181.6010,356.6543,0.0000,0.0000,0.0000
96.176,399.5134,-0.4182,217.5827,0.2510,3.8000,-0.4500,0.3126,181.5963,356.8967,0.0000,0.0000,0.0000
96.288,399.2595,-0.4533,217.6436,0.2510,3.8000,-0.4500,0.3762,181.5930,357.0493,0.0000,0.0000,0.0000
96.399,399.0480,-0.4765,217.7146,0.2510,3.8000,-0.4500,0.4480,181.5894,357.1989,0.0000,0.0000,0.0000
96.510,398.7951,-0.4948,217.7975,0.2510,3.8000,-0.4500,0.6094,181.5819,357.4888,0.0000,0.0000,0.0000
96.621,398.5901,-0.5080,217.7221,0.2510,3.8000,-0.4500,0.7049,181.5778,357.6358,0.0000,0.0000,0.0000
96.733,398.3585,-0.5218,217.3768,0.2510,3.8000,-0.4500,0.8514,181.5720,357.8496,0.0000,0.0000,0.0000
96.843,398.1382,-0.5344,216.8317,0.2510,3.8000,-0.4500,1.0745,181.5641,358.1022,0.0000,0.0000,0.0000
96.955,397.9584,-0.5500,216.2912,0.2510,3.8000,-0.4500,1.0745,181.5641,358.1022,0.0000,0.0000,0.0000
97.065,397.7455,-0.5619,215.6154,0.2510,3.8000,-0.4500,1.3267,181.5562,358.3186,0.0000,0.0000,0.0000
97.177,397.5637,-0.5703,215.1200,0.2510,3.8000,-0.4500,1.4614,181.5524,358.4147,0.0000,0.0000,0.0000
97.287,397.3364,-0.5734,214.6579,0.2510,3.8000,-0.4500,1.5992,181.5487,358.5093,0.0000,0.0000,0.0000
97.387,397.1398,-0.5652,214.3799,0.2510,3.8000,-0.4500,1.8763,181.5419,358.7000,0.0000,0.0000,0.0000
97.509,396.8947,-0.5494,214.1610,0.2510,3.8000,-0.4500,2.0089,181.5390,358.7973,0.0000,0.0000,0.0000
97.635,396.6435,-0.5225,214.0490,0.2510,3.8000,-0.4500,2.1410,181.5364,358.8991,0.0000,0.0000,0.0000
97.745,396.3906,-0.4837,214.0112,0.2510,3.8000,-0.4500,2.3385,181.5329,359.0597,0.0000,0.0000,0.0000
97.856,396.1801,-0.4437,214.0197,0.2510,3.8000,-0.4500,2.5209,181.5301,359.2185,0.0000,0.0000,0.0000
97.982,395.9283,-0.3902,214.0643,0.2510,3.8000,-0.4500,2.6419,181.5286,359.3302,0.0000,0.0000,0.0000
98.093,395.6782,-0.3281,214.1328,0.2510,3.8000,-0.4500,2.8235,181.5267,359.5005,0.0000,0.0000,0.0000
98.218,395.4286,-0.2629,214.2181,0.2510,3.8000,-0.4500,2.8837,181.5262,359.5575,0.0000,0.0000,0.0000
98.343,395.1391,-0.1795,214.3295,0.2510,3.8000,-0.4500,3.0057,181.5254,359.6725,0.0000,0.0000,0.0000
98.455,394.9335,-0.1146,214.4131,0.2510,3.8000,-0.4500,3.1887,181.5246,359.8378,0.0000,0.0000,0.0000
98.565,394.6861,-0.0392,214.5185,0.2510,3.8000,-0.4500,3.1887,181.5246,359.8378,0.0000,0.0000,0.0000
98.676,394.4802,0.0251,214.6084,0.2510,3.8000,-0.4500,3.1887,181.5246,359.8378,0.0000,0.0000,0.0000
98.801,394.2341,0.1059,214.7166,0.2510,3.8000,-0.4500,3.3193,181.5244,359.9331,0.0000,0.0000,0.0000
98.926,393.9464,0.1972,214.8448,0.2510,3.8000,-0.4500,3.3193,181.5244,359.9331,0.0000,0.0000,0.0000
99.037,393.7408,0.2618,214.9367,0.2510,3.8000,-0.4500,3.3193,181.5244,359.9331,0.0000,0.0000,0.0000
99.149,393.4939,0.3377,215.0464,0.2510,3.8000,-0.4500,3.3193,181.5244,359.9331,0.0000,0.0000,0.0000
99.262,393.2878,0.3989,215.1366,0.2510,3.8000,-0.4500,3.3193,181.5244,359.9331,0.0000,0.0000,0.0000
99.371,393.0401,0.4692,215.2436,0.2510,3.8000,-0.4500,3.3193,181.5244,359.9331,0.0000,0.0000,0.0000
99.482,392.8332,0.5247,215.3318,0.2510,3.8000,-0.4500,3.3193,181.5244,359.9331,0.0000,0.0000,0.0000
99.595,392.5841,0.5868,215.4363,0.2510,3.8000,-0.4500,3.3193,181.5244,359.9331,0.0000,0.0000,0.0000
99.719,392.3343,0.6435,215.5397,0.2510,3.8000,-0.4500,3.3193,181.5244,359.9331,0.0000,0.0000,0.0000
99.831,392.0817,0.6906,215.6414,0.2510,3.8000,-0.4500,3.5088,181.5237,359.6575,0.0000,0.0000,0.0000
99.943,391.8294,0.7335,215.7440,0.2510,3.8000,-0.4500,3.5342,181.5235,359.5806,0.0000,0.0000,0.0000
100.054,391.6173,0.7609,215.8299,0.2510,3.8000,-0.4500,3.5878,181.5230,359.3272,0.0000,0.0000,0.0000
100.177,391.3622,0.7878,215.9341,0.2510,3.8000,-0.4500,3.6096,181.5227,359.0770,0.0000,0.0000,0.0000
100.289,391.1071,0.8085,216.0403,0.2510,3.8000,-0.4500,3.6118,181.5227,358.9109,0.0000,0.0000,0.0000
100.399,390.8920,0.8147,216.1312,0.2510,3.8000,-0.4500,3.5693,181.5237,358.4828,0.0000,0.0000,0.0000
100.512,390.6348,0.8199,216.2426,0.2510,3.8000,-0.4500,3.5277,181.5249,358.2334,0.0000,0.0000,0.0000
100.621,390.4203,0.8193,216.3379,0.2510,3.8000,-0.4500,3.4981,181.5259,358.0711,0.0000,0.0000,0.0000
100.732,390.1615,0.8089,216.4557,0.2510,3.8000,-0.4500,3.4225,181.5286,357.7235,0.0000,0.0000,0.0000
100.857,389.9036,0.7949,216.5771,0.2510,3.8000,-0.4500,3.3854,181.5302,357.5574,0.0000,0.0000,0.0000
100.982,389.6447,0.7725,216.7027,0.2510,3.8000,-0.4500,3.3286,181.5327,357.3097,0.0000,0.0000,0.0000
101.107,389.3421,0.7376,216.8542,0.2510,3.8000,-0.4500,3.2528,181.5365,356.9745,0.0000,0.0000,0.0000
101.232,389.0824,0.7007,216.9881,0.2510,3.8000,-0.4500,3.1834,181.5404,356.6462,0.0000,0.0000,0.0000
101.343,388.8239,0.6635,217.1252,0.2510,3.8000,-0.4500,3.1682,181.5413,356.5650,0.0000,0.0000,0.0000
101.457,388.6071,0.6256,217.2424,0.2510,3.8000,-0.4500,3.1252,181.5440,356.3148,0.0000,0.0000,0.0000
101.565,388.3481,0.5809,217.3858,0.2510,3.8000,-0.4500,3.1121,181.5448,356.2329,0.0000,0.0000,0.0000
101.676,388.1320,0.5396,217.5080,0.2510,3.8000,-0.4500,3.0930,181.5461,356.0731,0.0000,0.0000,0.0000
101.787,387.8730,0.4901,217.6566,0.2510,3.8000,-0.4500,3.0853,181.5466,355.9935,0.0000,0.0000,0.0000
101.912,387.6134,0.4375,217.8072,0.2510,3.8000,-0.4500,3.0785,181.5471,355.8321,0.0000,0.0000,0.0000
102.037,387.3544,0.3871,217.9591,0.2510,3.8000,-0.4500,3.0785,181.5471,355.8321,0.0000,0.0000,0.0000
102.148,387.0950,0.3355,218.1122,0.2510,3.8000,-0.4500,3.0832,181.5468,355.7531,0.0000,0.0000,0.0000
102.259,386.8789,0.2941,218.2404,0.2510,3.8000,-0.4500,3.0832,181.5468,355.7531,0.0000,0.0000,0.0000
102.385,386.5762,0.2380,218.4201,0.2510,3.8000,-0.4500,3.0832,181.5468,355.7531,0.0000,0.0000,0.0000
102.509,386.3161,0.1910,218.5743,0.2510,3.8000,-0.4500,3.1093,181.5448,355.6771,0.0000,0.0000,0.0000
102.621,386.0997,0.1549,218.7034,0.2510,3.8000,-0.4500,3.1093,181.5448,355.6771,0.0000,0.0000,0.0000
102.734,385.8399,0.1147,218.8586,0.2510,3.8000,-0.4500,3.1093,181.5448,355.6771,0.0000,0.0000,0.0000
102.843,385.5800,0.0780,219.0137,0.2510,3.8000,-0.4500,3.1093,181.5448,355.6771,0.0000,0.0000,0.0000
102.968,385.3201,0.0452,219.1687,0.2510,3.8000,-0.4500,3.1093,181.5448,355.6771,0.0000,0.0000,0.0000
103.079,385.1036,0.0210,219.2977,0.2510,3.8000,-0.4500,3.1093,181.5448,355.6771,0.0000,0.0000,0.0000
103.192,384.8437,-0.0043,219.4515,0.2510,3.8000,-0.4500,3.1838,181.5392,355.6510,0.0000,0.0000,0.0000
103.302,384.6273,-0.0224,219.5798,0.2510,3.8000,-0.4500,3.1838,181.5392,355.6510,0.0000,0.0000,0.0000
103.427,384.3242,-0.0423,219.7574,0.2510,3.8000,-0.4500,3.3466,181.5268,355.6534,0.0000,0.0000,0.0000
103.551,384.0649,-0.0570,219.9099,0.2510,3.8000,-0.4500,3.3466,181.5268,355.6534,0.0000,0.0000,0.0000
103.664,383.8056,-0.0691,220.0617,0.2510,3.8000,-0.4500,3.3466,181.5268,355.6534,0.0000,0.0000,0.0000
103.773,383.5897,-0.0779,220.1877,0.2510,3.8000,-0.4500,3.3466,181.5268,355.6534,0.0000,0.0000,0.0000
103.886,383.3309,-0.0876,220.3387,0.2510,3.8000,-0.4500,3.3466,181.5268,355.6534,0.0000,0.0000,0.0000
103.994,383.1153,-0.0957,220.4642,0.2510,3.8000,-0.4500,3.3466,181.5268,355.6534,0.0000,0.0000,0.0000
104.094,382.8999,-0.1043,220.5896,0.2510,3.8000,-0.4500,3.3466,181.5268,355.6534,0.0000,0.0000,0.0000
104.205,382.6416,-0.1153,220.7399,0.2510,3.8000,-0.4500,3.3466,181.5268,355.6534,0.0000,0.0000,0.0000
104.314,382.4265,-0.1254,220.8650,0.2510,3.8000,-0.4500,3.3466,181.5268,355.6534,0.0000,0.0000,0.0000
104.425,382.1685,-0.1381,221.0143,0.2510,3.8000,-0.4500,3.3466,181.5268,355.6534,0.0000,0.0000,0.0000
104.536,381.9537,-0.1491,221.1379,0.2510,3.8000,-0.4500,3.3466,181.5268,355.6534,0.0000,0.0000,0.0000
104.647,381.6961,-0.1622,221.2854,0.2510,3.8000,-0.4500,3.3466,181.5268,355.6534,0.0000,0.0000,0.0000
104.758,381.4829,-0.1683,221.4070,0.2510,3.8000,-0.4500,3.3393,181.5273,355.9032,0.0000,0.0000,0.0000
104.883,381.1831,-0.1809,221.5729,0.2510,3.8000,-0.4500,3.3279,181.5281,355.9814,0.0000,0.0000,0.0000
104.994,380.9705,-0.1847,221.6881,0.2510,3.8000,-0.4500,3.2287,181.5348,356.3066,0.0000,0.0000,0.0000
105.108,380.7147,-0.1906,221.8220,0.2510,3.8000,-0.4500,3.1280,181.5411,356.5365,0.0000,0.0000,0.0000
105.218,380.5014,-0.1948,221.9297,0.2510,3.8000,-0.4500,3.0535,181.5455,356.6877,0.0000,0.0000,0.0000
105.327,380.2463,-0.1962,222.0547,0.2510,3.8000,-0.4500,2.8935,181.5544,356.9865,0.0000,0.0000,0.0000
105.427,380.0334,-0.1970,222.1553,0.2510,3.8000,-0.4500,2.8038,181.5590,357.1414,0.0000,0.0000,0.0000
105.536,379.8222,-0.1930,222.2542,0.2510,3.8000,-0.4500,2.5824,181.5693,357.5187,0.0000,0.0000,0.0000
105.636,379.6098,-0.1904,222.3494,0.2510,3.8000,-0.4500,2.4986,181.5728,357.6593,0.0000,0.0000,0.0000
105.744,379.3558,-0.1841,222.4608,0.2510,3.8000,-0.4500,2.3714,181.5778,357.8721,0.0000,0.0000,0.0000
105.845,379.1447,-0.1762,222.5513,0.2510,3.8000,-0.4500,2.2402,181.5824,358.0908,0.0000,0.0000,0.0000
105.953,378.9347,-0.1655,222.6400,0.2510,3.8000,-0.4500,2.0611,181.5879,358.3872,0.0000,0.0000,0.0000
106.078,378.6819,-0.1530,222.7430,0.2510,3.8000,-0.4500,1.9749,181.5903,358.5291,0.0000,0.0000,0.0000
106.202,378.3886,-0.1339,222.8606,0.2510,3.8000,-0.4500,1.7950,181.5944,358.8188,0.0000,0.0000,0.0000
106.314,378.1808,-0.1165,222.9436,0.2510,3.8000,-0.4500,1.5632,181.5985,359.1789,0.0000,0.0000,0.0000
106.425,377.9301,-0.0978,223.0405,0.2510,3.8000,-0.4500,1.4730,181.5997,359.3132,0.0000,0.0000,0.0000
106.536,377.7224,-0.0799,223.1208,0.2510,3.8000,-0.4500,1.3311,181.6011,359.5166,0.0000,0.0000,0.0000
106.661,377.4739,-0.0573,223.2163,0.2510,3.8000,-0.4500,1.1341,181.6023,359.7788,0.0000,0.0000,0.0000
106.775,377.2259,-0.0350,223.3110,0.2510,3.8000,-0.4500,0.9753,181.6026,359.9718,0.0000,0.0000,0.0000
106.883,376.9781,-0.0132,223.4066,0.2510,3.8000,-0.4500,0.8600,181.6026,0.0991,0.0000,0.0000,0.0000
107.008,376.7317,0.0087,223.5058,0.2510,3.8000,-0.4500,0.6861,181.6020,0.2798,0.0000,0.0000,0.0000
107.133,376.4857,0.0289,223.6084,0.2510,3.8000,-0.4500,0.5689,181.6013,0.3916,0.0000,0.0000,0.0000
107.247,376.2408,0.0478,223.7153,0.2510,3.8000,-0.4500,0.3767,181.5997,0.5463,0.0000,0.0000,0.0000
107.357,376.0371,0.0616,223.8076,0.2510,3.8000,-0.4500,0.2408,181.5983,0.6449,0.0000,0.0000,0.0000
107.469,375.7933,0.0755,223.9225,0.2510,3.8000,-0.4500,0.0266,181.5956,0.7739,0.0000,0.0000,0.0000
107.579,375.5904,0.0842,224.0208,0.2510,3.8000,-0.4500,359.8818,181.5936,0.8463,0.0000,0.0000,0.0000
107.703,375.3065,0.0916,224.1621,0.2510,3.8000,-0.4500,359.6463,181.5899,0.9372,0.0000,0.0000,0.0000
107.815,375.1039,0.0927,224.2657,0.2510,3.8000,-0.4500,359.4027,181.5858,1.0023,0.0000,0.0000,0.0000
107.926,374.8605,0.0897,224.3912,0.2510,3.8000,-0.4500,359.2361,181.5829,1.0290,0.0000,0.0000,0.0000
108.036,374.6576,0.0830,224.4972,0.2510,3.8000,-0.4500,359.0715,181.5798,1.0503,0.0000,0.0000,0.0000
108.160,374.4139,0.0690,224.6263,0.2510,3.8000,-0.4500,358.8199,181.5752,1.0524,0.0000,0.0000,0.0000
108.272,374.1698,0.0486,224.7566,0.2510,3.8000,-0.4500,358.5628,181.5706,1.0287,0.0000,0.0000,0.0000
108.383,373.9253,0.0225,224.8872,0.2510,3.8000,-0.4500,358.3973,181.5676,1.0006,0.0000,0.0000,0.0000
108.494,373.7211,-0.0046,224.9968,0.2510,3.8000,-0.4500,358.2308,181.5648,0.9658,0.0000,0.0000,0.0000
108.619,373.4752,-0.0463,225.1300,0.2510,3.8000,-0.4500,357.8252,181.5583,0.8407,0.0000,0.0000,0.0000
108.733,373.2295,-0.0904,225.2613,0.2510,3.8000,-0.4500,357.7488,181.5573,0.8090,0.0000,0.0000,0.0000
108.856,372.9829,-0.1437,225.3936,0.2510,3.8000,-0.4500,357.5191,181.5542,0.7084,0.0000,0.0000,0.0000
108.967,372.7354,-0.2040,225.5255,0.2510,3.8000,-0.4500,357.2918,181.5516,0.5877,0.0000,0.0000,0.0000
109.078,372.5286,-0.2599,225.6354,0.2510,3.8000,-0.4500,357.0733,181.5496,0.4575,0.0000,0.0000,0.0000
109.188,372.2806,-0.3306,225.7659,0.2510,3.8000,-0.4500,356.9385,181.5487,0.3698,0.0000,0.0000,0.0000
109.299,372.0733,-0.3946,225.8745,0.2510,3.8000,-0.4500,356.8029,181.5479,0.2727,0.0000,0.0000,0.0000
109.425,371.7823,-0.4928,226.0262,0.2510,3.8000,-0.4500,356.5365,181.5471,0.0645,0.0000,0.0000,0.0000
109.538,371.5751,-0.5631,226.1331,0.2510,3.8000,-0.4500,356.5365,181.5471,0.0645,0.0000,0.0000,0.0000
109.650,371.3248,-0.6562,226.2621,0.2510,3.8000,-0.4500,356.3489,181.5472,359.8934,0.0000,0.0000,0.0000
109.772,371.0754,-0.7489,226.3899,0.2510,3.8000,-0.4500,356.3489,181.5472,359.8934,0.0000,0.0000,0.0000
109.897,370.8249,-0.8482,226.5183,0.2510,3.8000,-0.4500,356.2320,181.5475,359.7714,0.0000,0.0000,0.0000
110.022,370.5745,-0.9486,226.6462,0.2510,3.8000,-0.4500,356.1786,181.5478,359.7087,0.0000,0.0000,0.0000
110.147,370.2822,-1.0679,226.7954,0.2510,3.8000,-0.4500,356.1260,181.5480,359.6458,0.0000,0.0000,0.0000
110.247,370.0734,-1.1528,226.9017,0.2510,3.8000,-0.4500,356.1260,181.5480,359.6458,0.0000,0.0000,0.0000
110.371,369.8227,-1.2548,227.0292,0.2510,3.8000,-0.4500,356.1260,181.5480,359.6458,0.0000,0.0000,0.0000
110.496,369.5717,-1.3561,227.1564,0.2510,3.8000,-0.4500,356.1260,181.5480,359.6458,0.0000,0.0000,0.0000
110.598,369.3624,-1.4392,227.2622,0.2510,3.8000,-0.4500,356.1260,181.5480,359.6458,0.0000,0.0000,0.0000
110.699,369.1531,-1.5206,227.3678,0.2510,3.8000,-0.4500,356.1260,181.5480,359.6458,0.0000,0.0000,0.0000
110.813,368.9019,-1.6151,227.4944,0.2510,3.8000,-0.4500,356.1260,181.5480,359.6458,0.0000,0.0000,0.0000
110.941,368.6509,-1.7053,227.6210,0.2510,3.8000,-0.4500,356.1260,181.5480,359.6458,0.0000,0.0000,0.0000
111.051,368.4001,-1.7903,227.7473,0.2510,3.8000,-0.4500,356.1260,181.5480,359.6458,0.0000,0.0000,0.0000
111.175,368.1496,-1.8691,227.8732,0.2510,3.8000,-0.4500,356.1260,181.5480,359.6458,0.0000,0.0000,0.0000
111.286,367.8993,-1.9408,227.9985,0.2510,3.8000,-0.4500,356.1260,181.5480,359.6458,0.0000,0.0000,0.0000
111.397,367.6906,-1.9934,228.1008,0.2510,3.8000,-0.4500,356.2961,181.5470,359.6232,0.0000,0.0000,0.0000
111.522,367.4405,-2.0479,228.2201,0.2510,3.8000,-0.4500,356.5514,181.5452,359.6129,0.0000,0.0000,0.0000
111.647,367.1500,-2.0948,228.3525,0.2510,3.8000,-0.4500,357.1096,181.5420,359.7492,0.0000,0.0000,0.0000
111.758,366.9423,-2.1223,228.4430,0.2510,3.8000,-0.4500,357.2592,181.5415,359.8182,0.0000,0.0000,0.0000
111.883,366.6507,-2.1450,228.5454,0.2510,3.8000,-0.4500,357.6296,181.5409,0.0137,0.0000,0.0000,0.0000
111.994,366.4423,-2.1494,228.6006,0.2510,3.8000,-0.4500,357.9846,181.5417,0.2410,0.0000,0.0000,0.0000
112.119,366.1911,-2.1470,228.6532,0.2510,3.8000,-0.4500,358.2583,181.5433,0.4335,0.0000,0.0000,0.0000
112.244,365.8991,-2.1279,228.7046,0.2510,3.8000,-0.4500,358.6667,181.5475,0.7411,0.0000,0.0000,0.0000
112.355,365.6916,-2.1039,228.7395,0.2510,3.8000,-0.4500,358.9934,181.5524,0.9991,0.0000,0.0000,0.0000
112.481,365.4435,-2.0677,228.7841,0.2510,3.8000,-0.4500,359.2544,181.5574,1.2108,0.0000,0.0000,0.0000
112.591,365.1981,-2.0186,228.8378,0.2510,3.8000,-0.4500,359.5847,181.5652,1.4819,0.0000,0.0000,0.0000
112.691,364.9960,-1.9682,228.8918,0.2510,3.8000,-0.4500,359.9056,181.5742,1.7464,0.0000,0.0000,0.0000
112.800,364.7951,-1.9126,228.9544,0.2510,3.8000,-0.4500,0.1070,181.5807,1.9116,0.0000,0.0000,0.0000
112.925,364.5179,-1.8193,229.0557,0.2510,3.8000,-0.4500,0.5058,181.5951,2.2365,0.0000,0.0000,0.0000
113.036,364.3222,-1.7442,229.1384,0.2510,3.8000,-0.4500,0.7613,181.6056,2.4412,0.0000,0.0000,0.0000
113.149,364.0894,-1.6454,229.2466,0.2510,3.8000,-0.4500,1.0217,181.6171,2.6462,0.0000,0.0000,0.0000
113.258,363.8977,-1.5544,229.3423,0.2510,3.8000,-0.4500,1.2891,181.6300,2.8518,0.0000,0.0000,0.0000
113.369,363.6693,-1.4376,229.4631,0.2510,3.8000,-0.4500,1.5566,181.6438,3.0515,0.0000,0.0000,0.0000
113.494,363.4429,-1.3135,229.5889,0.2510,3.8000,-0.4500,1.7581,181.6548,3.1980,0.0000,0.0000,0.0000
113.618,363.2187,-1.1800,229.7172,0.2510,3.8000,-0.4500,2.0415,181.6711,3.3922,0.0000,0.0000,0.0000
113.729,362.9956,-1.0412,229.8477,0.2510,3.8000,-0.4500,2.2522,181.6839,3.5272,0.0000,0.0000,0.0000
113.830,362.8106,-0.9216,229.9576,0.2510,3.8000,-0.4500,2.3942,181.6927,3.6133,0.0000,0.0000,0.0000
113.937,362.6262,-0.7987,230.0680,0.2510,3.8000,-0.4500,2.5394,181.7020,3.6928,0.0000,0.0000,0.0000
114.049,362.4060,-0.6468,230.2007,0.2510,3.8000,-0.4500,2.7597,181.7165,3.7987,0.0000,0.0000,0.0000
114.161,362.2223,-0.5204,230.3131,0.2510,3.8000,-0.4500,2.7597,181.7165,3.7987,0.0000,0.0000,0.0000
114.286,361.9661,-0.3384,230.4699,0.2510,3.8000,-0.4500,2.9089,181.7265,3.8556,0.0000,0.0000,0.0000
114.397,361.7832,-0.2082,230.5831,0.2510,3.8000,-0.4500,2.9089,181.7265,3.8556,0.0000,0.0000,0.0000
114.525,361.5278,-0.0223,230.7407,0.2510,3.8000,-0.4500,3.0640,181.7370,3.9047,0.0000,0.0000,0.0000
114.627,361.3453,0.1096,230.8545,0.2510,3.8000,-0.4500,3.0640,181.7370,3.9047,0.0000,0.0000,0.0000
114.729,361.1628,0.2415,230.9688,0.2510,3.8000,-0.4500,3.0640,181.7370,3.9047,0.0000,0.0000,0.0000
114.853,360.9437,0.3992,231.1066,0.2510,3.8000,-0.4500,3.0640,181.7370,3.9047,0.0000,0.0000,0.0000
114.954,360.7610,0.5298,231.2218,0.2510,3.8000,-0.4500,3.0640,181.7370,3.9047,0.0000,0.0000,0.0000
115.077,360.5416,0.6854,231.3604,0.2510,3.8000,-0.4500,3.0640,181.7370,3.9047,0.0000,0.0000,0.0000
115.202,360.3218,0.8397,231.4990,0.2510,3.8000,-0.4500,3.0640,181.7370,3.9047,0.0000,0.0000,0.0000
115.302,360.1382,0.9672,231.6138,0.2510,3.8000,-0.4500,3.1428,181.7424,3.8939,0.0000,0.0000,0.0000
115.424,359.8806,1.1425,231.7749,0.2510,3.8000,-0.4500,3.1428,181.7424,3.8939,0.0000,0.0000,0.0000
115.536,359.6955,1.2652,231.8886,0.2510,3.8000,-0.4500,3.2913,181.7524,3.8213,0.0000,0.0000,0.0000
115.661,359.4729,1.4092,232.0254,0.2510,3.8000,-0.4500,3.2913,181.7524,3.8213,0.0000,0.0000,0.0000
115.772,359.2484,1.5480,232.1606,0.2510,3.8000,-0.4500,3.4135,181.7605,3.7170,0.0000,0.0000,0.0000
115.897,359.0218,1.6801,232.2947,0.2510,3.8000,-0.4500,3.5542,181.7694,3.5171,0.0000,0.0000,0.0000
116.022,358.7933,1.8050,232.4276,0.2510,3.8000,-0.4500,3.6410,181.7746,3.2907,0.0000,0.0000,0.0000
116.135,358.5624,1.9220,232.5583,0.2510,3.8000,-0.4500,3.6908,181.7773,3.0443,0.0000,0.0000,0.0000
116.246,358.3286,2.0286,232.6857,0.2510,3.8000,-0.4500,3.7017,181.7779,2.6968,0.0000,0.0000,0.0000
116.358,358.1319,2.1108,232.7883,0.2510,3.8000,-0.4500,3.6899,181.7774,2.4471,0.0000,0.0000,0.0000
116.469,357.8931,2.1985,232.9066,0.2510,3.8000,-0.4500,3.6202,181.7746,2.0908,0.0000,0.0000,0.0000
116.592,357.6497,2.2716,233.0140,0.2510,3.8000,-0.4500,3.4847,181.7703,1.5809,0.0000,0.0000,0.0000
116.703,357.4048,2.3372,233.1071,0.2510,3.8000,-0.4500,3.4033,181.7682,1.3427,0.0000,0.0000,0.0000
116.814,357.1967,2.3769,233.1769,0.2510,3.8000,-0.4500,3.2285,181.7648,0.9075,0.0000,0.0000,0.0000
116.927,356.9438,2.4122,233.2476,0.2510,3.8000,-0.4500,3.0071,181.7623,0.4081,0.0000,0.0000,0.0000
117.036,356.7308,2.4310,233.2961,0.2510,3.8000,-0.4500,2.8186,181.7616,0.0171,0.0000,0.0000,0.0000
117.162,356.4728,2.4404,233.3452,0.2510,3.8000,-0.4500,2.5841,181.7624,359.5612,0.0000,0.0000,0.0000
117.272,356.2129,2.4352,233.3901,0.2510,3.8000,-0.4500,2.3382,181.7653,359.1077,0.0000,0.0000,0.0000
117.399,355.9514,2.4151,233.4360,0.2510,3.8000,-0.4500,2.0808,181.7704,358.6517,0.0000,0.0000,0.0000
117.508,355.6892,2.3801,233.4865,0.2510,3.8000,-0.4500,1.8134,181.7777,358.1928,0.0000,0.0000,0.0000
117.633,355.4268,2.3302,233.5443,0.2510,3.8000,-0.4500,1.5380,181.7875,357.7325,0.0000,0.0000,0.0000
117.758,355.1644,2.2655,233.6115,0.2510,3.8000,-0.4500,1.2572,181.7998,357.2734,0.0000,0.0000,0.0000
117.883,354.8589,2.1716,233.7029,0.2510,3.8000,-0.4500,0.9266,181.8171,356.7432,0.0000,0.0000,0.0000
117.997,354.6415,2.0926,233.7776,0.2510,3.8000,-0.4500,0.6911,181.8313,356.3708,0.0000,0.0000,0.0000
118.105,354.3815,1.9852,233.8782,0.2510,3.8000,-0.4500,0.4121,181.8500,355.9341,0.0000,0.0000,0.0000
118.220,354.1661,1.8868,233.9705,0.2510,3.8000,-0.4500,0.2220,181.8640,355.6388,0.0000,0.0000,0.0000
118.331,353.9084,1.7549,234.0917,0.2510,3.8000,-0.4500,359.9401,181.8866,355.2021,0.0000,0.0000,0.0000
118.442,353.6955,1.6389,234.2002,0.2510,3.8000,-0.4500,359.8021,181.8984,354.9882,0.0000,0.0000,0.0000
118.554,353.4402,1.4852,234.3401,0.2510,3.8000,-0.4500,359.5235,181.9240,354.5546,0.0000,0.0000,0.0000
118.664,353.1874,1.3261,234.4886,0.2510,3.8000,-0.4500,359.3906,181.9369,354.3454,0.0000,0.0000,0.0000
118.775,352.9776,1.1855,234.6191,0.2510,3.8000,-0.4500,359.2592,181.9501,354.1364,0.0000,0.0000,0.0000
118.887,352.7271,1.0102,234.7827,0.2510,3.8000,-0.4500,359.1317,181.9634,353.9294,0.0000,0.0000,0.0000
118.997,352.5189,0.8579,234.9245,0.2510,3.8000,-0.4500,359.0057,181.9771,353.7180,0.0000,0.0000,0.0000
119.119,352.2699,0.6706,235.1002,0.2510,3.8000,-0.4500,358.8826,181.9909,353.4988,0.0000,0.0000,0.0000
119.244,351.9812,0.4510,235.3117,0.2510,3.8000,-0.4500,358.8462,181.9950,353.4271,0.0000,0.0000,0.0000
119.369,351.7341,0.2597,235.4977,0.2510,3.8000,-0.4500,358.8125,181.9989,353.3541,0.0000,0.0000,0.0000
119.480,351.5285,0.1009,235.6553,0.2510,3.8000,-0.4500,358.8125,181.9989,353.3541,0.0000,0.0000,0.0000
119.605,351.2406,-0.1210,235.8783,0.2510,3.8000,-0.4500,358.8125,181.9989,353.3541,0.0000,0.0000,0.0000
119.730,350.9934,-0.3088,236.0707,0.2510,3.8000,-0.4500,358.8125,181.9989,353.3541,0.0000,0.0000,0.0000
119.855,350.7458,-0.4929,236.2636,0.2510,3.8000,-0.4500,358.8125,181.9989,353.3541,0.0000,0.0000,0.0000
119.980,350.4979,-0.6718,236.4566,0.2510,3.8000,-0.4500,358.8125,181.9989,353.3541,0.0000,0.0000,0.0000
