time_sec,world_x,world_y,world_z,local_x,local_y,local_z,world_rot_x,world_rot_y,world_rot_z,local_rot_x,local_rot_y,local_rot_z
0.000,598.8349,5.2159,250.4544,0.2510,3.8000,-0.4500,0.0000,180.0000,0.0000,0.0000,0.0000,0.0000
0.000,598.8349,5.2159,250.4544,0.2510,3.8000,-0.4500,0.0000,180.0000,0.0000,0.0000,0.0000,0.0000
0.121,598.5438,4.9589,250.4605,0.2510,3.8000,-0.4500,0.0000,180.0000,0.0000,0.0000,0.0000,0.0000
0.234,598.2030,4.6661,250.4651,0.2510,3.8000,-0.4500,0.0000,180.0000,0.0000,0.0000,0.0000,0.0000
0.345,597.6899,4.2305,250.4592,0.2510,3.8000,-0.4500,0.0000,180.0000,0.0000,0.0000,0.0000,0.0000
0.470,597.0778,3.7129,250.4188,0.2510,3.8000,-0.4500,0.0000,180.0000,0.0000,0.0000,0.0000,0.0000
0.570,596.5012,3.2257,250.3504,0.2510,3.8000,-0.4500,0.0000,180.0000,0.0000,0.0000,0.0000,0.0000
0.679,595.7387,2.5814,250.2248,0.2510,3.8000,-0.4500,0.0000,180.0000,0.0000,0.0000,0.0000,0.0000
0.791,595.0507,1.9997,250.0868,0.2510,3.8000,-0.4500,0.0000,180.0000,0.0000,0.0000,0.0000,0.0000
0.902,594.1685,1.2539,249.8856,0.2510,3.8000,-0.4500,0.0000,180.0000,0.0000,0.0000,0.0000,0.0000
1.014,593.3911,0.5966,249.6927,0.2510,3.8000,-0.4500,0.0000,180.0000,0.0000,0.0000,0.0000,0.0000
1.125,592.4115,-0.2305,249.4487,0.2510,3.8000,-0.4500,0.0000,180.0000,0.0000,0.0000,0.0000,0.0000
1.236,591.7415,-0.8098,249.2943,0.2510,3.8000,-0.4500,359.4646,180.0000,0.0016,0.0000,0.0000,0.0000
1.347,591.1768,-1.1965,249.1895,0.2510,3.8000,-0.4500,358.2014,179.9999,0.0054,0.0000,0.0000,0.0000
1.459,590.7559,-1.2995,249.1398,0.2510,3.8000,-0.4500,357.4436,179.9998,0.0076,0.0000,0.0000,0.0000
1.569,590.4650,-1.2517,249.1251,0.2510,3.8000,-0.4500,357.4436,179.9998,0.0076,0.0000,0.0000,0.0000
1.681,590.1558,-1.1376,249.1303,0.2510,3.8000,-0.4500,357.4436,179.9998,0.0076,0.0000,0.0000,0.0000
1.792,589.9172,-1.0499,249.1457,0.2510,3.8000,-0.4500,357.4436,179.9998,0.0076,0.0000,0.0000,0.0000
1.903,589.6440,-0.9904,249.1718,0.2510,3.8000,-0.4500,357.4436,179.9998,0.0076,0.0000,0.0000,0.0000
2.014,589.4224,-0.9863,249.1968,0.2510,3.8000,-0.4500,357.4436,179.9998,0.0076,0.0000,0.0000,0.0000
2.125,589.1606,-1.0272,249.2293,0.2510,3.8000,-0.4500,357.4436,179.9998,0.0076,0.0000,0.0000,0.0000
2.237,588.9015,-1.1000,249.2637,0.2510,3.8000,-0.4500,357.4436,179.9998,0.0076,0.0000,0.0000,0.0000
2.348,588.6867,-1.1712,249.2936,0.2510,3.8000,-0.4500,357.4436,179.9998,0.0076,0.0000,0.0000,0.0000
2.459,588.4296,-1.2569,249.3311,0.2510,3.8000,-0.4500,357.4436,179.9998,0.0076,0.0000,0.0000,0.0000
2.570,588.2157,-1.3231,249.3633,0.2510,3.8000,-0.4500,357.4436,179.9998,0.0076,0.0000,0.0000,0.0000
2.682,587.9592,-1.3940,249.4027,0.2510,3.8000,-0.4500,357.4436,179.9998,0.0076,0.0000,0.0000,0.0000
2.792,587.7455,-1.4468,249.4360,0.2510,3.8000,-0.4500,357.4436,179.9998,0.0076,0.0000,0.0000,0.0000
2.905,587.4891,-1.5052,249.4760,0.2510,3.8000,-0.4500,357.4436,179.9998,0.0076,0.0000,0.0000,0.0000
3.015,587.2752,-1.5519,249.5093,0.2510,3.8000,-0.4500,357.4436,179.9998,0.0076,0.0000,0.0000,0.0000
3.126,587.0185,-1.6078,249.5489,0.2510,3.8000,-0.4500,357.4436,179.9998,0.0076,0.0000,0.0000,0.0000
3.237,586.7618,-1.6649,249.5881,0.2510,3.8000,-0.4500,357.4436,179.9998,0.0076,0.0000,0.0000,0.0000
3.348,586.5477,-1.7137,249.6205,0.2510,3.8000,-0.4500,357.4436,179.9998,0.0076,0.0000,0.0000,0.0000
3.459,586.2906,-1.7738,249.6593,0.2510,3.8000,-0.4500,357.4436,179.9998,0.0076,0.0000,0.0000,0.0000
3.570,586.0764,-1.8248,249.6915,0.2510,3.8000,-0.4500,357.4436,179.9998,0.0076,0.0000,0.0000,0.0000
3.682,585.8192,-1.8864,249.7304,0.2510,3.8000,-0.4500,357.4436,179.9998,0.0076,0.0000,0.0000,0.0000
3.794,585.6046,-1.9379,249.7630,0.2510,3.8000,-0.4500,357.4436,179.9998,0.0076,0.0000,0.0000,0.0000
3.904,585.3472,-1.9996,249.8023,0.2510,3.8000,-0.4500,357.4436,179.9998,0.0076,0.0000,0.0000,0.0000
4.015,585.1324,-2.0506,249.8349,0.2510,3.8000,-0.4500,357.4436,179.9998,0.0076,0.0000,0.0000,0.0000
4.126,584.8746,-2.1115,249.8738,0.2510,3.8000,-0.4500,357.4436,179.9998,0.0076,0.0000,0.0000,0.0000
4.238,584.6167,-2.1717,249.9125,0.2510,3.8000,-0.4500,357.4436,179.9998,0.0076,0.0000,0.0000,0.0000
4.363,584.3585,-2.2313,249.9513,0.2510,3.8000,-0.4500,357.4436,179.9998,0.0076,0.0000,0.0000,0.0000
4.474,584.1434,-2.2804,249.9838,0.2510,3.8000,-0.4500,357.4436,179.9998,0.0076,0.0000,0.0000,0.0000
4.585,583.8852,-2.3382,250.0230,0.2510,3.8000,-0.4500,357.4436,179.9998,0.0076,0.0000,0.0000,0.0000
4.697,583.6270,-2.3947,250.0622,0.2510,3.8000,-0.4500,357.4436,179.9998,0.0076,0.0000,0.0000,0.0000
4.807,583.4116,-2.4405,250.0947,0.2510,3.8000,-0.4500,357.4436,179.9998,0.0076,0.0000,0.0000,0.0000
4.918,583.1530,-2.4935,250.1335,0.2510,3.8000,-0.4500,357.4436,179.9998,0.0076,0.0000,0.0000,0.0000
5.029,582.9376,-2.5359,250.1655,0.2510,3.8000,-0.4500,357.4436,179.9998,0.0076,0.0000,0.0000,0.0000
5.140,582.6786,-2.5848,250.2032,0.2510,3.8000,-0.4500,357.4939,179.9998,359.9421,0.0000,0.0000,0.0000
5.251,582.4626,-2.6234,250.2338,0.2510,3.8000,-0.4500,357.6198,179.9996,359.8338,0.0000,0.0000,0.0000
5.362,582.2042,-2.6657,250.2708,0.2510,3.8000,-0.4500,357.6827,179.9993,359.7837,0.0000,0.0000,0.0000
5.474,581.9890,-2.6977,250.3016,0.2510,3.8000,-0.4500,357.6827,179.9993,359.7837,0.0000,0.0000,0.0000
5.585,581.7307,-2.7315,250.3365,0.2510,3.8000,-0.4500,357.9200,179.9983,359.7150,0.0000,0.0000,0.0000
5.696,581.5158,-2.7566,250.3664,0.2510,3.8000,-0.4500,357.9200,179.9983,359.7150,0.0000,0.0000,0.0000
5.807,581.2583,-2.7805,250.3999,0.2510,3.8000,-0.4500,358.1624,179.9971,359.6985,0.0000,0.0000,0.0000
5.918,581.0012,-2.7991,250.4329,0.2510,3.8000,-0.4500,358.3268,179.9962,359.7184,0.0000,0.0000,0.0000
6.029,580.7873,-2.8088,250.4590,0.2510,3.8000,-0.4500,358.5727,179.9951,359.7729,0.0000,0.0000,0.0000
6.141,580.5306,-2.8185,250.4910,0.2510,3.8000,-0.4500,358.5727,179.9951,359.7729,0.0000,0.0000,0.0000
6.252,580.3181,-2.8159,250.5141,0.2510,3.8000,-0.4500,358.9813,179.9940,359.9303,0.0000,0.0000,0.0000
6.376,580.0626,-2.8117,250.5426,0.2510,3.8000,-0.4500,359.1278,179.9940,0.0031,0.0000,0.0000,0.0000
6.488,579.8080,-2.7994,250.5696,0.2510,3.8000,-0.4500,359.3511,179.9942,0.1290,0.0000,0.0000,0.0000
6.599,579.5536,-2.7818,250.5963,0.2510,3.8000,-0.4500,359.4927,179.9946,0.2127,0.0000,0.0000,0.0000
6.724,579.3008,-2.7533,250.6213,0.2510,3.8000,-0.4500,359.8368,179.9966,0.4465,0.0000,0.0000,0.0000
6.851,579.0479,-2.7232,250.6481,0.2510,3.8000,-0.4500,359.9038,179.9972,0.4965,0.0000,0.0000,0.0000
6.961,578.7964,-2.6834,250.6742,0.2510,3.8000,-0.4500,0.1069,179.9992,0.6505,0.0000,0.0000,0.0000
7.072,578.5882,-2.6427,250.6958,0.2510,3.8000,-0.4500,0.3730,180.0027,0.8644,0.0000,0.0000,0.0000
7.182,578.3383,-2.5916,250.7241,0.2510,3.8000,-0.4500,0.5037,180.0048,0.9742,0.0000,0.0000,0.0000
7.293,578.1314,-2.5421,250.7484,0.2510,3.8000,-0.4500,0.6946,180.0083,1.1367,0.0000,0.0000,0.0000
7.406,577.8840,-2.4773,250.7797,0.2510,3.8000,-0.4500,0.8829,180.0123,1.3035,0.0000,0.0000,0.0000
7.515,577.6782,-2.4205,250.8080,0.2510,3.8000,-0.4500,0.9466,180.0138,1.3612,0.0000,0.0000,0.0000
7.627,577.4333,-2.3440,250.8434,0.2510,3.8000,-0.4500,1.1371,180.0186,1.5352,0.0000,0.0000,0.0000
7.738,577.1895,-2.2613,250.8815,0.2510,3.8000,-0.4500,1.3300,180.0241,1.7168,0.0000,0.0000,0.0000
7.850,576.9874,-2.1889,250.9156,0.2510,3.8000,-0.4500,1.4524,180.0279,1.8329,0.0000,0.0000,0.0000
7.973,576.7462,-2.0963,250.9590,0.2510,3.8000,-0.4500,1.6297,180.0338,2.0059,0.0000,0.0000,0.0000
8.085,576.5054,-2.0016,251.0057,0.2510,3.8000,-0.4500,1.6878,180.0359,2.0638,0.0000,0.0000,0.0000
8.210,576.2656,-1.9023,251.0546,0.2510,3.8000,-0.4500,1.7462,180.0381,2.1224,0.0000,0.0000,0.0000
8.334,576.0278,-1.7958,251.1043,0.2510,3.8000,-0.4500,1.9263,180.0450,2.3066,0.0000,0.0000,0.0000
8.446,575.7899,-1.6888,251.1570,0.2510,3.8000,-0.4500,1.9820,180.0473,2.3651,0.0000,0.0000,0.0000
8.557,575.5530,-1.5787,251.2111,0.2510,3.8000,-0.4500,2.0396,180.0497,2.4271,0.0000,0.0000,0.0000
8.668,575.3568,-1.4834,251.2569,0.2510,3.8000,-0.4500,2.1527,180.0546,2.5494,0.0000,0.0000,0.0000
8.780,575.1207,-1.3707,251.3145,0.2510,3.8000,-0.4500,2.1527,180.0546,2.5494,0.0000,0.0000,0.0000
8.891,574.9244,-1.2757,251.3633,0.2510,3.8000,-0.4500,2.1527,180.0546,2.5494,0.0000,0.0000,0.0000
9.002,574.6893,-1.1610,251.4223,0.2510,3.8000,-0.4500,2.1527,180.0546,2.5494,0.0000,0.0000,0.0000
9.113,574.4934,-1.0651,251.4715,0.2510,3.8000,-0.4500,2.1527,180.0546,2.5494,0.0000,0.0000,0.0000
9.237,574.2194,-0.9312,251.5405,0.2510,3.8000,-0.4500,2.1527,180.0546,2.5494,0.0000,0.0000,0.0000
9.349,574.0236,-0.8364,251.5897,0.2510,3.8000,-0.4500,2.1527,180.0546,2.5494,0.0000,0.0000,0.0000
9.459,573.7883,-0.7239,251.6485,0.2510,3.8000,-0.4500,2.1527,180.0546,2.5494,0.0000,0.0000,0.0000
9.571,573.5922,-0.6318,251.6974,0.2510,3.8000,-0.4500,2.1527,180.0546,2.5494,0.0000,0.0000,0.0000
9.682,573.3566,-0.5235,251.7560,0.2510,3.8000,-0.4500,2.1527,180.0546,2.5494,0.0000,0.0000,0.0000
9.794,573.1601,-0.4357,251.8048,0.2510,3.8000,-0.4500,2.1527,180.0546,2.5494,0.0000,0.0000,0.0000
9.904,572.9237,-0.3335,251.8633,0.2510,3.8000,-0.4500,2.1527,180.0546,2.5494,0.0000,0.0000,0.0000
10.016,572.7266,-0.2514,251.9122,0.2510,3.8000,-0.4500,2.1527,180.0546,2.5493,0.0000,0.0000,0.0000
10.127,572.4893,-0.1569,251.9711,0.2510,3.8000,-0.4500,2.1527,180.0546,2.5493,0.0000,0.0000,0.0000
10.238,572.2515,-0.0672,252.0305,0.2510,3.8000,-0.4500,2.1527,180.0546,2.5493,0.0000,0.0000,0.0000
10.349,572.0526,0.0036,252.0804,0.2510,3.8000,-0.4500,2.1527,180.0546,2.5493,0.0000,0.0000,0.0000
10.473,571.8134,0.0834,252.1408,0.2510,3.8000,-0.4500,2.1527,180.0546,2.5493,0.0000,0.0000,0.0000
10.585,571.5735,0.1573,252.2020,0.2510,3.8000,-0.4500,2.1527,180.0546,2.5493,0.0000,0.0000,0.0000
10.709,571.3317,0.2224,252.2649,0.2510,3.8000,-0.4500,2.0170,180.0487,2.4475,0.0000,0.0000,0.0000
10.823,571.0882,0.2797,252.3281,0.2510,3.8000,-0.4500,1.8213,180.0406,2.2883,0.0000,0.0000,0.0000
10.932,570.8845,0.3230,252.3674,0.2510,3.8000,-0.4500,1.6978,180.0358,2.1744,0.0000,0.0000,0.0000
11.056,570.6383,0.3673,252.3686,0.2510,3.8000,-0.4500,1.5218,180.0293,2.0016,0.0000,0.0000,0.0000
11.168,570.3902,0.4030,252.3419,0.2510,3.8000,-0.4500,1.3004,180.0221,1.7496,0.0000,0.0000,0.0000
11.280,570.1429,0.4365,252.2932,0.2510,3.8000,-0.4500,1.2481,180.0205,1.6827,0.0000,0.0000,0.0000
11.392,569.9365,0.4545,252.2253,0.2510,3.8000,-0.4500,1.0444,180.0150,1.4126,0.0000,0.0000,0.0000
11.515,569.6918,0.4745,252.1046,0.2510,3.8000,-0.4500,0.9533,180.0129,1.2752,0.0000,0.0000,0.0000
11.641,569.4084,0.4892,251.9221,0.2510,3.8000,-0.4500,0.8246,180.0102,1.0690,0.0000,0.0000,0.0000
11.751,569.2068,0.4950,251.7726,0.2510,3.8000,-0.4500,0.7441,180.0089,0.9226,0.0000,0.0000,0.0000
11.876,568.9647,0.4960,251.5798,0.2510,3.8000,-0.4500,0.6286,180.0072,0.7021,0.0000,0.0000,0.0000
11.987,568.7222,0.4934,251.3885,0.2510,3.8000,-0.4500,0.5613,180.0065,0.5515,0.0000,0.0000,0.0000
12.113,568.4749,0.4843,251.2385,0.2510,3.8000,-0.4500,0.4643,180.0057,0.3202,0.0000,0.0000,0.0000
12.224,568.2225,0.4705,251.1397,0.2510,3.8000,-0.4500,0.3832,180.0054,0.0889,0.0000,0.0000,0.0000
12.334,568.0098,0.4593,251.0900,0.2510,3.8000,-0.4500,0.3832,180.0054,0.0889,0.0000,0.0000,0.0000
12.460,567.7067,0.4316,251.0593,0.2510,3.8000,-0.4500,0.2903,180.0056,359.7569,0.0000,0.0000,0.0000
12.587,567.4459,0.4035,251.0576,0.2510,3.8000,-0.4500,0.2294,180.0060,359.5142,0.0000,0.0000,0.0000
12.696,567.2286,0.3772,251.0683,0.2510,3.8000,-0.4500,0.1890,180.0063,359.3548,0.0000,0.0000,0.0000
12.807,566.9677,0.3416,251.0923,0.2510,3.8000,-0.4500,0.1451,180.0069,359.1918,0.0000,0.0000,0.0000
12.931,566.7069,0.3012,251.1267,0.2510,3.8000,-0.4500,0.1012,180.0076,359.0331,0.0000,0.0000,0.0000
13.046,566.4467,0.2576,251.1688,0.2510,3.8000,-0.4500,0.0779,180.0080,358.9583,0.0000,0.0000,0.0000
13.153,566.2281,0.2125,251.2095,0.2510,3.8000,-0.4500,359.9670,180.0103,358.6423,0.0000,0.0000,0.0000
13.279,565.9249,0.1514,251.2731,0.2510,3.8000,-0.4500,359.9365,180.0111,358.5695,0.0000,0.0000,0.0000
13.403,565.6646,0.0923,251.3329,0.2510,3.8000,-0.4500,359.8680,180.0129,358.4201,0.0000,0.0000,0.0000
13.517,565.4479,0.0410,251.3850,0.2510,3.8000,-0.4500,359.8286,180.0140,358.3460,0.0000,0.0000,0.0000
13.640,565.1445,-0.0364,251.4608,0.2510,3.8000,-0.4500,359.7487,180.0164,358.1994,0.0000,0.0000,0.0000
13.751,564.9274,-0.0954,251.5166,0.2510,3.8000,-0.4500,359.6573,180.0194,358.0627,0.0000,0.0000,0.0000
13.862,564.6679,-0.1654,251.5829,0.2510,3.8000,-0.4500,359.6573,180.0194,358.0627,0.0000,0.0000,0.0000
13.973,564.4510,-0.2275,251.6381,0.2510,3.8000,-0.4500,359.6075,180.0211,357.9991,0.0000,0.0000,0.0000
14.073,564.2337,-0.2928,251.6936,0.2510,3.8000,-0.4500,359.4950,180.0251,357.8761,0.0000,0.0000,0.0000
14.182,563.9740,-0.3693,251.7597,0.2510,3.8000,-0.4500,359.4950,180.0251,357.8761,0.0000,0.0000,0.0000
14.293,563.7571,-0.4358,251.8153,0.2510,3.8000,-0.4500,359.4327,180.0275,357.8240,0.0000,0.0000,0.0000
14.417,563.4536,-0.5297,251.8936,0.2510,3.8000,-0.4500,359.3657,180.0300,357.7786,0.0000,0.0000,0.0000
14.528,563.2375,-0.5964,251.9498,0.2510,3.8000,-0.4500,359.3657,180.0300,357.7786,0.0000,0.0000,0.0000
14.653,562.9780,-0.6780,252.0183,0.2510,3.8000,-0.4500,359.2921,180.0329,357.7439,0.0000,0.0000,0.0000
14.780,562.6758,-0.7728,252.0991,0.2510,3.8000,-0.4500,359.2133,180.0360,357.7224,0.0000,0.0000,0.0000
14.889,562.4601,-0.8394,252.1569,0.2510,3.8000,-0.4500,359.2133,180.0360,357.7224,0.0000,0.0000,0.0000
15.001,562.2017,-0.9201,252.2279,0.2510,3.8000,-0.4500,359.0474,180.0426,357.7113,0.0000,0.0000,0.0000
15.112,561.9865,-0.9854,252.2864,0.2510,3.8000,-0.4500,359.0474,180.0426,357.7113,0.0000,0.0000,0.0000
15.222,561.7288,-1.0632,252.3580,0.2510,3.8000,-0.4500,358.8849,180.0491,357.7445,0.0000,0.0000,0.0000
15.333,561.5139,-1.1263,252.4167,0.2510,3.8000,-0.4500,358.8849,180.0491,357.7445,0.0000,0.0000,0.0000
15.447,561.2568,-1.2005,252.4881,0.2510,3.8000,-0.4500,358.7315,180.0551,357.8116,0.0000,0.0000,0.0000
15.569,561.0002,-1.2723,252.5586,0.2510,3.8000,-0.4500,358.5910,180.0603,357.9007,0.0000,0.0000,0.0000
15.695,560.7438,-1.3417,252.6279,0.2510,3.8000,-0.4500,358.4642,180.0648,358.0047,0.0000,0.0000,0.0000
15.805,560.4870,-1.4098,252.6948,0.2510,3.8000,-0.4500,358.4642,180.0648,358.0047,0.0000,0.0000,0.0000
15.905,560.2742,-1.4629,252.7504,0.2510,3.8000,-0.4500,358.2940,180.0705,358.1853,0.0000,0.0000,0.0000
16.014,560.0604,-1.5161,252.8031,0.2510,3.8000,-0.4500,358.2940,180.0705,358.1853,0.0000,0.0000,0.0000
16.138,559.7624,-1.5853,252.8755,0.2510,3.8000,-0.4500,358.1541,180.0747,358.3879,0.0000,0.0000,0.0000
16.249,559.5492,-1.6335,252.9248,0.2510,3.8000,-0.4500,358.1122,180.0759,358.4586,0.0000,0.0000,0.0000
16.361,559.2944,-1.6870,252.9823,0.2510,3.8000,-0.4500,357.9951,180.0788,358.6822,0.0000,0.0000,0.0000
16.471,559.0807,-1.7321,253.0272,0.2510,3.8000,-0.4500,357.9951,180.0788,358.6822,0.0000,0.0000,0.0000
16.572,558.8683,-1.7731,253.0709,0.2510,3.8000,-0.4500,357.9298,180.0802,358.8369,0.0000,0.0000,0.0000
16.680,558.6126,-1.8216,253.1207,0.2510,3.8000,-0.4500,357.8997,180.0808,358.9119,0.0000,0.0000,0.0000
16.793,558.4003,-1.8585,253.1607,0.2510,3.8000,-0.4500,357.8471,180.0817,359.0661,0.0000,0.0000,0.0000
16.902,558.1450,-1.9020,253.2063,0.2510,3.8000,-0.4500,357.8220,180.0821,359.1426,0.0000,0.0000,0.0000
17.016,557.9330,-1.9347,253.2431,0.2510,3.8000,-0.4500,357.7802,180.0827,359.3012,0.0000,0.0000,0.0000
17.125,557.6778,-1.9734,253.2856,0.2510,3.8000,-0.4500,357.7624,180.0829,359.3783,0.0000,0.0000,0.0000
17.238,557.4222,-2.0106,253.3266,0.2510,3.8000,-0.4500,357.7624,180.0829,359.3783,0.0000,0.0000,0.0000
17.347,557.2109,-2.0369,253.3605,0.2510,3.8000,-0.4500,357.7323,180.0832,359.5450,0.0000,0.0000,0.0000
17.460,556.9566,-2.0680,253.3998,0.2510,3.8000,-0.4500,357.7212,180.0833,359.6271,0.0000,0.0000,0.0000
17.583,556.7036,-2.0937,253.4387,0.2510,3.8000,-0.4500,357.6967,180.0834,359.8741,0.0000,0.0000,0.0000
17.695,556.4916,-2.1166,253.4702,0.2510,3.8000,-0.4500,357.6967,180.0834,359.8741,0.0000,0.0000,0.0000
17.805,556.2375,-2.1416,253.5077,0.2510,3.8000,-0.4500,357.6967,180.0834,359.8741,0.0000,0.0000,0.0000
17.919,555.9844,-2.1626,253.5454,0.2510,3.8000,-0.4500,357.6967,180.0834,359.9566,0.0000,0.0000,0.0000
18.028,555.7742,-2.1762,253.5770,0.2510,3.8000,-0.4500,357.7047,180.0834,0.1250,0.0000,0.0000,0.0000
18.153,555.5214,-2.1922,253.6149,0.2510,3.8000,-0.4500,357.7149,180.0834,0.2069,0.0000,0.0000,0.0000
18.278,555.2273,-2.2076,253.6594,0.2510,3.8000,-0.4500,357.7259,180.0835,0.2887,0.0000,0.0000,0.0000
18.402,554.9756,-2.2176,253.6974,0.2510,3.8000,-0.4500,357.7434,180.0836,0.3682,0.0000,0.0000,0.0000
18.527,554.7246,-2.2232,253.7354,0.2510,3.8000,-0.4500,357.7888,180.0839,0.5273,0.0000,0.0000,0.0000
18.654,554.4727,-2.2290,253.7738,0.2510,3.8000,-0.4500,357.7888,180.0839,0.5273,0.0000,0.0000,0.0000
18.764,554.2222,-2.2287,253.8121,0.2510,3.8000,-0.4500,357.8522,180.0846,0.6777,0.0000,0.0000,0.0000
18.876,554.0134,-2.2272,253.8442,0.2510,3.8000,-0.4500,357.8906,180.0851,0.7505,0.0000,0.0000,0.0000
18.987,553.7636,-2.2215,253.8827,0.2510,3.8000,-0.4500,357.9698,180.0862,0.8914,0.0000,0.0000,0.0000
19.112,553.5132,-2.2157,253.9223,0.2510,3.8000,-0.4500,357.9698,180.0862,0.8914,0.0000,0.0000,0.0000
19.223,553.2643,-2.2022,253.9613,0.2510,3.8000,-0.4500,358.1253,180.0889,1.0879,0.0000,0.0000,0.0000
19.347,553.0149,-2.1902,254.0021,0.2510,3.8000,-0.4500,358.1253,180.0889,1.0879,0.0000,0.0000,0.0000
19.458,552.7665,-2.1721,254.0430,0.2510,3.8000,-0.4500,358.2407,180.0912,1.2022,0.0000,0.0000,0.0000
19.571,552.5596,-2.1556,254.0779,0.2510,3.8000,-0.4500,358.3052,180.0926,1.2555,0.0000,0.0000,0.0000
19.682,552.3119,-2.1316,254.1202,0.2510,3.8000,-0.4500,358.4351,180.0956,1.3598,0.0000,0.0000,0.0000
19.792,552.1054,-2.1102,254.1565,0.2510,3.8000,-0.4500,358.5028,180.0972,1.4047,0.0000,0.0000,0.0000
19.903,551.8588,-2.0793,254.1998,0.2510,3.8000,-0.4500,358.7220,180.1028,1.5338,0.0000,0.0000,0.0000
20.014,551.6528,-2.0543,254.2379,0.2510,3.8000,-0.4500,358.7220,180.1028,1.5338,0.0000,0.0000,0.0000
20.125,551.4064,-2.0178,254.2830,0.2510,3.8000,-0.4500,358.9489,180.1091,1.6393,0.0000,0.0000,0.0000
20.236,551.2009,-1.9881,254.3225,0.2510,3.8000,-0.4500,358.9489,180.1091,1.6393,0.0000,0.0000,0.0000
20.347,550.9553,-1.9463,254.3692,0.2510,3.8000,-0.4500,359.1774,180.1158,1.7236,0.0000,0.0000,0.0000
20.457,550.7096,-1.9027,254.4171,0.2510,3.8000,-0.4500,359.3359,180.1206,1.7707,0.0000,0.0000,0.0000
20.570,550.5049,-1.8649,254.4578,0.2510,3.8000,-0.4500,359.4141,180.1231,1.7930,0.0000,0.0000,0.0000
20.679,550.2598,-1.8163,254.5067,0.2510,3.8000,-0.4500,359.5760,180.1282,1.8276,0.0000,0.0000,0.0000
20.805,550.0146,-1.7660,254.5563,0.2510,3.8000,-0.4500,359.6612,180.1309,1.8412,0.0000,0.0000,0.0000
20.930,549.7695,-1.7124,254.6049,0.2510,3.8000,-0.4500,359.8316,180.1364,1.8666,0.0000,0.0000,0.0000
21.055,549.5242,-1.6567,254.6534,0.2510,3.8000,-0.4500,-0.0003,180.1419,1.8804,0.0000,0.0000,0.0000
21.179,549.2385,-1.5894,254.7093,0.2510,3.8000,-0.4500,0.1670,180.1474,1.8907,0.0000,0.0000,0.0000
21.290,549.0343,-1.5396,254.7485,0.2510,3.8000,-0.4500,0.3321,180.1529,1.8893,0.0000,0.0000,0.0000
21.402,548.7893,-1.4792,254.7956,0.2510,3.8000,-0.4500,0.4121,180.1555,1.8871,0.0000,0.0000,0.0000
21.514,548.5848,-1.4273,254.8337,0.2510,3.8000,-0.4500,0.5742,180.1609,1.8723,0.0000,0.0000,0.0000
21.637,548.2985,-1.3538,254.8861,0.2510,3.8000,-0.4500,0.7370,180.1661,1.8495,0.0000,0.0000,0.0000
21.748,548.0937,-1.3007,254.9229,0.2510,3.8000,-0.4500,0.8179,180.1687,1.8355,0.0000,0.0000,0.0000
21.874,547.8474,-1.2361,254.9651,0.2510,3.8000,-0.4500,1.0593,180.1764,1.7765,0.0000,0.0000,0.0000
21.998,547.5601,-1.1613,255.0143,0.2510,3.8000,-0.4500,1.0593,180.1764,1.7766,0.0000,0.0000,0.0000
22.112,547.3542,-1.1074,255.0474,0.2510,3.8000,-0.4500,1.2152,180.1811,1.7220,0.0000,0.0000,0.0000
22.222,547.1066,-1.0433,255.0855,0.2510,3.8000,-0.4500,1.4432,180.1878,1.6219,0.0000,0.0000,0.0000
22.331,546.9001,-0.9902,255.1170,0.2510,3.8000,-0.4500,1.4432,180.1878,1.6219,0.0000,0.0000,0.0000
22.456,546.6517,-0.9272,255.1529,0.2510,3.8000,-0.4500,1.5129,180.1897,1.5834,0.0000,0.0000,0.0000
22.557,546.4434,-0.8758,255.1805,0.2510,3.8000,-0.4500,1.7203,180.1952,1.4529,0.0000,0.0000,0.0000
22.665,546.1940,-0.8144,255.2131,0.2510,3.8000,-0.4500,1.7203,180.1952,1.4529,0.0000,0.0000,0.0000
22.776,545.9850,-0.7650,255.2381,0.2510,3.8000,-0.4500,1.8483,180.1984,1.3478,0.0000,0.0000,0.0000
22.887,545.7344,-0.7060,255.2671,0.2510,3.8000,-0.4500,1.8483,180.1984,1.3478,0.0000,0.0000,0.0000
22.998,545.4821,-0.6502,255.2928,0.2510,3.8000,-0.4500,2.0262,180.2023,1.1739,0.0000,0.0000,0.0000
23.109,545.2722,-0.6036,255.3069,0.2510,3.8000,-0.4500,2.0262,180.2023,1.1739,0.0000,0.0000,0.0000
23.209,545.0614,-0.5598,255.3010,0.2510,3.8000,-0.4500,2.0784,180.2033,1.1092,0.0000,0.0000,0.0000
23.319,544.8078,-0.5092,255.2787,0.2510,3.8000,-0.4500,2.1302,180.2043,1.0441,0.0000,0.0000,0.0000
23.432,544.5960,-0.4689,255.2537,0.2510,3.8000,-0.4500,2.1766,180.2051,0.9787,0.0000,0.0000,0.0000
23.550,544.3414,-0.4221,255.2200,0.2510,3.8000,-0.4500,2.2210,180.2059,0.9076,0.0000,0.0000,0.0000
23.678,544.0440,-0.3692,255.1794,0.2510,3.8000,-0.4500,2.2649,180.2065,0.8365,0.0000,0.0000,0.0000
23.792,543.8314,-0.3317,255.1507,0.2510,3.8000,-0.4500,2.2649,180.2065,0.8365,0.0000,0.0000,0.0000
23.914,543.5753,-0.2882,255.1259,0.2510,3.8000,-0.4500,2.3033,180.2071,0.7637,0.0000,0.0000,0.0000
24.025,543.3191,-0.2435,255.1171,0.2510,3.8000,-0.4500,2.3033,180.2071,0.7637,0.0000,0.0000,0.0000
24.137,543.1055,-0.2062,255.1162,0.2510,3.8000,-0.4500,2.3033,180.2071,0.7637,0.0000,0.0000,0.0000
24.247,542.8489,-0.1618,255.1199,0.2510,3.8000,-0.4500,2.3033,180.2071,0.7637,0.0000,0.0000,0.0000
24.359,542.5917,-0.1188,255.1267,0.2510,3.8000,-0.4500,2.3388,180.2075,0.6872,0.0000,0.0000,0.0000
24.471,542.3769,-0.0849,255.1331,0.2510,3.8000,-0.4500,2.4069,180.2083,0.5380,0.0000,0.0000,0.0000
24.581,542.1199,-0.0429,255.1412,0.2510,3.8000,-0.4500,2.4069,180.2083,0.5380,0.0000,0.0000,0.0000
24.693,541.9057,-0.0092,255.1483,0.2510,3.8000,-0.4500,2.4069,180.2083,0.5380,0.0000,0.0000,0.0000
24.793,541.6906,0.0220,255.1557,0.2510,3.8000,-0.4500,2.4320,180.2085,0.4591,0.0000,0.0000,0.0000
24.901,541.4327,0.0576,255.1645,0.2510,3.8000,-0.4500,2.4567,180.2086,0.3801,0.0000,0.0000,0.0000
25.012,541.2166,0.0839,255.1716,0.2510,3.8000,-0.4500,2.4964,180.2088,0.2211,0.0000,0.0000,0.0000
25.112,541.0009,0.1108,255.1784,0.2510,3.8000,-0.4500,2.4964,180.2088,0.2211,0.0000,0.0000,0.0000
25.233,540.7404,0.1380,255.1860,0.2510,3.8000,-0.4500,2.5259,180.2089,0.0592,0.0000,0.0000,0.0000
25.358,540.4362,0.1663,255.1941,0.2510,3.8000,-0.4500,2.5518,180.2089,359.8960,0.0000,0.0000,0.0000
25.484,540.1747,0.1867,255.2005,0.2510,3.8000,-0.4500,2.5682,180.2089,359.7287,0.0000,0.0000,0.0000
25.609,539.9138,0.2068,255.2068,0.2510,3.8000,-0.4500,2.5682,180.2089,359.7287,0.0000,0.0000,0.0000
25.720,539.6513,0.2209,255.2139,0.2510,3.8000,-0.4500,2.5793,180.2088,359.5575,0.0000,0.0000,0.0000
25.834,539.4315,0.2284,255.2207,0.2510,3.8000,-0.4500,2.5889,180.2087,359.3040,0.0000,0.0000,0.0000
25.956,539.1696,0.2398,255.2310,0.2510,3.8000,-0.4500,2.5889,180.2087,359.3040,0.0000,0.0000,0.0000
26.067,538.9063,0.2454,255.2439,0.2510,3.8000,-0.4500,2.5904,180.2087,359.1400,0.0000,0.0000,0.0000
26.179,538.6423,0.2467,255.2597,0.2510,3.8000,-0.4500,2.5877,180.2087,358.8920,0.0000,0.0000,0.0000
26.279,538.4237,0.2493,255.2755,0.2510,3.8000,-0.4500,2.5877,180.2087,358.8921,0.0000,0.0000,0.0000
26.388,538.2042,0.2486,255.2932,0.2510,3.8000,-0.4500,2.5849,180.2088,358.8076,0.0000,0.0000,0.0000
26.513,537.9406,0.2443,255.3176,0.2510,3.8000,-0.4500,2.5790,180.2089,358.6400,0.0000,0.0000,0.0000
26.624,537.6779,0.2405,255.3452,0.2510,3.8000,-0.4500,2.5790,180.2089,358.6400,0.0000,0.0000,0.0000
26.748,537.4133,0.2314,255.3755,0.2510,3.8000,-0.4500,2.5704,180.2091,358.4698,0.0000,0.0000,0.0000
26.859,537.1489,0.2203,255.4087,0.2510,3.8000,-0.4500,2.5609,180.2094,358.3034,0.0000,0.0000,0.0000
26.970,536.9296,0.2121,255.4387,0.2510,3.8000,-0.4500,2.5609,180.2094,358.3034,0.0000,0.0000,0.0000
27.097,536.6656,0.1991,255.4772,0.2510,3.8000,-0.4500,2.5556,180.2096,358.2201,0.0000,0.0000,0.0000
27.208,536.4017,0.1845,255.5183,0.2510,3.8000,-0.4500,2.5503,180.2097,358.1371,0.0000,0.0000,0.0000
27.318,536.1382,0.1700,255.5617,0.2510,3.8000,-0.4500,2.5503,180.2097,358.1371,0.0000,0.0000,0.0000
27.428,535.9178,0.1539,255.5996,0.2510,3.8000,-0.4500,2.5395,180.2101,357.9739,0.0000,0.0000,0.0000
27.553,535.6545,0.1372,255.6470,0.2510,3.8000,-0.4500,2.5395,180.2101,357.9739,0.0000,0.0000,0.0000
27.665,535.3914,0.1195,255.6954,0.2510,3.8000,-0.4500,2.5395,180.2101,357.9739,0.0000,0.0000,0.0000
27.776,535.1713,0.1024,255.7361,0.2510,3.8000,-0.4500,2.5342,180.2103,357.8910,0.0000,0.0000,0.0000
27.887,534.9075,0.0817,255.7857,0.2510,3.8000,-0.4500,2.5290,180.2105,357.8104,0.0000,0.0000,0.0000
28.013,534.6442,0.0610,255.8099,0.2510,3.8000,-0.4500,2.5290,180.2105,357.8104,0.0000,0.0000,0.0000
28.139,534.3370,0.0339,255.7847,0.2510,3.8000,-0.4500,2.5290,180.2105,357.8104,0.0000,0.0000,0.0000
28.248,534.1174,0.0131,255.7477,0.2510,3.8000,-0.4500,2.5290,180.2105,357.8104,0.0000,0.0000,0.0000
28.361,533.8543,-0.0129,255.6886,0.2510,3.8000,-0.4500,2.5290,180.2105,357.8104,0.0000,0.0000,0.0000
28.469,533.6354,-0.0368,255.6262,0.2510,3.8000,-0.4500,2.5244,180.2107,357.7296,0.0000,0.0000,0.0000
28.580,533.3745,-0.0646,255.5360,0.2510,3.8000,-0.4500,2.5244,180.2107,357.7296,0.0000,0.0000,0.0000
28.681,533.1577,-0.0884,255.4512,0.2510,3.8000,-0.4500,2.5244,180.2107,357.7296,0.0000,0.0000,0.0000
28.789,532.9413,-0.1125,255.3613,0.2510,3.8000,-0.4500,2.5244,180.2107,357.7296,0.0000,0.0000,0.0000
28.915,532.6820,-0.1417,255.2495,0.2510,3.8000,-0.4500,2.5244,180.2107,357.7296,0.0000,0.0000,0.0000
29.027,532.4225,-0.1712,255.1362,0.2510,3.8000,-0.4500,2.5244,180.2107,357.7296,0.0000,0.0000,0.0000
29.150,532.1627,-0.2006,255.0294,0.2510,3.8000,-0.4500,2.5244,180.2107,357.7296,0.0000,0.0000,0.0000
29.261,531.9021,-0.2297,254.9314,0.2510,3.8000,-0.4500,2.5244,180.2107,357.7296,0.0000,0.0000,0.0000
29.386,531.6407,-0.2587,254.8410,0.2510,3.8000,-0.4500,2.5244,180.2107,357.7296,0.0000,0.0000,0.0000
29.497,531.3785,-0.2876,254.7608,0.2510,3.8000,-0.4500,2.5244,180.2107,357.7296,0.0000,0.0000,0.0000
29.622,531.1161,-0.3149,254.7299,0.2510,3.8000,-0.4500,2.5244,180.2107,357.7296,0.0000,0.0000,0.0000
29.748,530.8528,-0.3407,254.7393,0.2510,3.8000,-0.4500,2.5244,180.2107,357.7296,0.0000,0.0000,0.0000
29.858,530.5896,-0.3656,254.7709,0.2510,3.8000,-0.4500,2.5244,180.2107,357.7296,0.0000,0.0000,0.0000
29.971,530.3704,-0.3861,254.8071,0.2510,3.8000,-0.4500,2.5244,180.2107,357.7296,0.0000,0.0000,0.0000
30.080,530.1074,-0.4107,254.8575,0.2510,3.8000,-0.4500,2.5244,180.2107,357.7296,0.0000,0.0000,0.0000
30.206,529.8445,-0.4354,254.9122,0.2510,3.8000,-0.4500,2.5244,180.2107,357.7296,0.0000,0.0000,0.0000
30.319,529.5815,-0.4604,254.9693,0.2510,3.8000,-0.4500,2.5244,180.2107,357.7296,0.0000,0.0000,0.0000
30.427,529.3624,-0.4815,255.0180,0.2510,3.8000,-0.4500,2.5244,180.2107,357.7296,0.0000,0.0000,0.0000
30.552,529.0999,-0.5073,255.0771,0.2510,3.8000,-0.4500,2.5244,180.2107,357.7296,0.0000,0.0000,0.0000
30.664,528.8373,-0.5334,255.1363,0.2510,3.8000,-0.4500,2.5244,180.2107,357.7296,0.0000,0.0000,0.0000
30.789,528.5740,-0.5616,255.1958,0.2510,3.8000,-0.4500,2.4957,180.2118,357.6526,0.0000,0.0000,0.0000
30.900,528.3110,-0.5885,255.2552,0.2510,3.8000,-0.4500,2.4957,180.2118,357.6526,0.0000,0.0000,0.0000
31.027,528.0477,-0.6158,255.3143,0.2510,3.8000,-0.4500,2.4957,180.2118,357.6526,0.0000,0.0000,0.0000
31.136,527.8283,-0.6387,255.3633,0.2510,3.8000,-0.4500,2.4957,180.2118,357.6526,0.0000,0.0000,0.0000
31.249,527.5653,-0.6664,255.4216,0.2510,3.8000,-0.4500,2.4957,180.2118,357.6526,0.0000,0.0000,0.0000
31.359,527.3024,-0.6949,255.4514,0.2510,3.8000,-0.4500,2.4957,180.2118,357.6527,0.0000,0.0000,0.0000
31.485,527.0396,-0.7251,255.4342,0.2510,3.8000,-0.4500,2.4957,180.2118,357.6527,0.0000,0.0000,0.0000
31.610,526.7767,-0.7562,255.3918,0.2510,3.8000,-0.4500,2.4957,180.2118,357.6527,0.0000,0.0000,0.0000
31.720,526.5140,-0.7877,255.3358,0.2510,3.8000,-0.4500,2.4957,180.2118,357.6527,0.0000,0.0000,0.0000
31.831,526.2952,-0.8139,255.2835,0.2510,3.8000,-0.4500,2.4957,180.2118,357.6527,0.0000,0.0000,0.0000
31.942,526.0326,-0.8450,255.2170,0.2510,3.8000,-0.4500,2.4957,180.2118,357.6527,0.0000,0.0000,0.0000
32.053,525.8140,-0.8705,255.1598,0.2510,3.8000,-0.4500,2.4957,180.2118,357.6527,0.0000,0.0000,0.0000
32.164,525.5519,-0.9005,255.0902,0.2510,3.8000,-0.4500,2.4957,180.2118,357.6527,0.0000,0.0000,0.0000
32.276,525.3335,-0.9249,255.0318,0.2510,3.8000,-0.4500,2.4957,180.2118,357.6527,0.0000,0.0000,0.0000
32.387,525.0717,-0.9532,254.9614,0.2510,3.8000,-0.4500,2.4957,180.2118,357.6527,0.0000,0.0000,0.0000
32.496,524.8537,-0.9761,254.9027,0.2510,3.8000,-0.4500,2.4957,180.2118,357.6527,0.0000,0.0000,0.0000
32.607,524.5923,-1.0026,254.8322,0.2510,3.8000,-0.4500,2.4957,180.2118,357.6527,0.0000,0.0000,0.0000
32.707,524.3746,-1.0238,254.7735,0.2510,3.8000,-0.4500,2.4957,180.2118,357.6527,0.0000,0.0000,0.0000
32.816,524.1571,-1.0442,254.7148,0.2510,3.8000,-0.4500,2.4957,180.2118,357.6527,0.0000,0.0000,0.0000
32.927,523.8961,-1.0677,254.6446,0.2510,3.8000,-0.4500,2.4957,180.2118,357.6527,0.0000,0.0000,0.0000
33.038,523.6354,-1.0899,254.5743,0.2510,3.8000,-0.4500,2.4957,180.2118,357.6527,0.0000,0.0000,0.0000
33.148,523.4183,-1.1077,254.5158,0.2510,3.8000,-0.4500,2.4957,180.2118,357.6527,0.0000,0.0000,0.0000
33.262,523.1579,-1.1280,254.4457,0.2510,3.8000,-0.4500,2.4957,180.2118,357.6527,0.0000,0.0000,0.0000
33.372,522.9411,-1.1444,254.3873,0.2510,3.8000,-0.4500,2.4957,180.2118,357.6527,0.0000,0.0000,0.0000
33.481,522.6808,-1.1632,254.3172,0.2510,3.8000,-0.4500,2.4957,180.2118,357.6527,0.0000,0.0000,0.0000
33.595,522.4639,-1.1786,254.2588,0.2510,3.8000,-0.4500,2.4957,180.2118,357.6527,0.0000,0.0000,0.0000
33.704,522.2036,-1.1969,254.1887,0.2510,3.8000,-0.4500,2.4957,180.2118,357.6527,0.0000,0.0000,0.0000
33.815,521.9869,-1.2121,254.1303,0.2510,3.8000,-0.4500,2.4957,180.2118,357.6527,0.0000,0.0000,0.0000
33.929,521.7269,-1.2307,254.0603,0.2510,3.8000,-0.4500,2.4957,180.2118,357.6527,0.0000,0.0000,0.0000
34.037,521.4665,-1.2496,253.9902,0.2510,3.8000,-0.4500,2.4957,180.2118,357.6528,0.0000,0.0000,0.0000
34.149,521.2495,-1.2657,253.9318,0.2510,3.8000,-0.4500,2.4957,180.2118,357.6528,0.0000,0.0000,0.0000
34.262,520.9891,-1.2852,253.8616,0.2510,3.8000,-0.4500,2.4957,180.2118,357.6528,0.0000,0.0000,0.0000
34.372,520.7722,-1.3015,253.8031,0.2510,3.8000,-0.4500,2.4957,180.2118,357.6528,0.0000,0.0000,0.0000
34.481,520.5118,-1.3207,253.7327,0.2510,3.8000,-0.4500,2.4957,180.2118,357.6527,0.0000,0.0000,0.0000
34.592,520.2946,-1.3364,253.6741,0.2510,3.8000,-0.4500,2.4957,180.2118,357.6528,0.0000,0.0000,0.0000
34.717,519.9905,-1.3575,253.5918,0.2510,3.8000,-0.4500,2.4957,180.2118,357.6528,0.0000,0.0000,0.0000
34.831,519.7735,-1.3719,253.5329,0.2510,3.8000,-0.4500,2.4957,180.2118,357.6528,0.0000,0.0000,0.0000
34.940,519.5131,-1.3880,253.4621,0.2510,3.8000,-0.4500,2.4957,180.2118,357.6528,0.0000,0.0000,0.0000
35.051,519.2960,-1.4005,253.4030,0.2510,3.8000,-0.4500,2.4957,180.2118,357.6528,0.0000,0.0000,0.0000
35.162,519.0353,-1.4143,253.3319,0.2510,3.8000,-0.4500,2.4957,180.2118,357.6528,0.0000,0.0000,0.0000
35.273,518.8182,-1.4247,253.2726,0.2510,3.8000,-0.4500,2.4957,180.2118,357.6528,0.0000,0.0000,0.0000
35.388,518.5579,-1.4357,253.2013,0.2510,3.8000,-0.4500,2.4957,180.2118,357.6528,0.0000,0.0000,0.0000
35.497,518.3411,-1.4436,253.1417,0.2510,3.8000,-0.4500,2.4957,180.2118,357.6528,0.0000,0.0000,0.0000
35.623,518.0377,-1.4528,253.0582,0.2510,3.8000,-0.4500,2.4957,180.2118,357.6528,0.0000,0.0000,0.0000
35.733,517.8214,-1.4579,252.9984,0.2510,3.8000,-0.4500,2.4957,180.2118,357.6528,0.0000,0.0000,0.0000
35.843,517.5616,-1.4626,252.9266,0.2510,3.8000,-0.4500,2.4957,180.2118,357.6528,0.0000,0.0000,0.0000
35.954,517.3452,-1.4653,252.8667,0.2510,3.8000,-0.4500,2.4957,180.2118,357.6528,0.0000,0.0000,0.0000
36.065,517.0858,-1.4671,252.7948,0.2510,3.8000,-0.4500,2.4957,180.2118,357.6528,0.0000,0.0000,0.0000
36.176,516.8701,-1.4664,252.7352,0.2510,3.8000,-0.4500,2.4587,180.2133,357.7259,0.0000,0.0000,0.0000
36.289,516.6121,-1.4634,252.6648,0.2510,3.8000,-0.4500,2.3864,180.2161,357.8773,0.0000,0.0000,0.0000
36.398,516.3533,-1.4612,252.5961,0.2510,3.8000,-0.4500,2.3864,180.2161,357.8773,0.0000,0.0000,0.0000
36.509,516.1389,-1.4563,252.5404,0.2510,3.8000,-0.4500,2.3137,180.2187,358.0312,0.0000,0.0000,0.0000
36.620,515.8804,-1.4521,252.4753,0.2510,3.8000,-0.4500,2.3137,180.2187,358.0312,0.0000,0.0000,0.0000
36.732,515.6658,-1.4457,252.4280,0.2510,3.8000,-0.4500,2.2395,180.2212,358.1799,0.0000,0.0000,0.0000
36.845,515.4070,-1.4390,252.4104,0.2510,3.8000,-0.4500,2.2395,180.2212,358.1799,0.0000,0.0000,0.0000
36.953,515.1924,-1.4304,252.4181,0.2510,3.8000,-0.4500,2.1580,180.2236,358.3241,0.0000,0.0000,0.0000
37.067,514.9346,-1.4209,252.4403,0.2510,3.8000,-0.4500,2.1135,180.2249,358.3935,0.0000,0.0000,0.0000
37.176,514.7197,-1.4127,252.4648,0.2510,3.8000,-0.4500,2.0670,180.2262,358.4615,0.0000,0.0000,0.0000
37.287,514.4622,-1.4024,252.4975,0.2510,3.8000,-0.4500,1.9687,180.2287,358.5936,0.0000,0.0000,0.0000
37.397,514.2039,-1.3938,252.5303,0.2510,3.8000,-0.4500,1.9687,180.2287,358.5936,0.0000,0.0000,0.0000
37.509,513.9891,-1.3861,252.5581,0.2510,3.8000,-0.4500,1.9161,180.2300,358.6559,0.0000,0.0000,0.0000
37.637,513.6890,-1.3750,252.5963,0.2510,3.8000,-0.4500,1.7530,180.2336,358.8354,0.0000,0.0000,0.0000
37.759,513.4308,-1.3677,252.6264,0.2510,3.8000,-0.4500,1.7530,180.2336,358.8354,0.0000,0.0000,0.0000
37.885,513.1733,-1.3603,252.6564,0.2510,3.8000,-0.4500,1.6310,180.2359,358.9449,0.0000,0.0000,0.0000
38.009,512.9152,-1.3548,252.6842,0.2510,3.8000,-0.4500,1.6310,180.2359,358.9449,0.0000,0.0000,0.0000
38.134,512.6577,-1.3499,252.7118,0.2510,3.8000,-0.4500,1.5001,180.2382,359.0442,0.0000,0.0000,0.0000
38.245,512.3995,-1.3473,252.7371,0.2510,3.8000,-0.4500,1.5001,180.2382,359.0442,0.0000,0.0000,0.0000
38.370,512.1422,-1.3459,252.7628,0.2510,3.8000,-0.4500,1.2820,180.2416,359.1736,0.0000,0.0000,0.0000
38.495,511.8835,-1.3473,252.7854,0.2510,3.8000,-0.4500,1.2820,180.2416,359.1736,0.0000,0.0000,0.0000
38.607,511.6259,-1.3513,252.8054,0.2510,3.8000,-0.4500,0.9753,180.2457,359.3007,0.0000,0.0000,0.0000
38.718,511.3673,-1.3579,252.8067,0.2510,3.8000,-0.4500,0.9753,180.2457,359.3007,0.0000,0.0000,0.0000
38.843,511.1088,-1.3683,252.8001,0.2510,3.8000,-0.4500,0.7354,180.2485,359.3611,0.0000,0.0000,0.0000
38.953,510.8932,-1.3789,252.7903,0.2510,3.8000,-0.4500,0.6540,180.2494,359.3749,0.0000,0.0000,0.0000
39.079,510.5915,-1.3984,252.7753,0.2510,3.8000,-0.4500,0.4087,180.2520,359.4082,0.0000,0.0000,0.0000
39.205,510.3326,-1.4186,252.7614,0.2510,3.8000,-0.4500,0.2477,180.2536,359.4214,0.0000,0.0000,0.0000
39.316,510.1168,-1.4384,252.7498,0.2510,3.8000,-0.4500,0.0850,180.2553,359.4285,0.0000,0.0000,0.0000
39.440,509.8145,-1.4701,252.7328,0.2510,3.8000,-0.4500,359.9187,180.2569,359.4299,0.0000,0.0000,0.0000
39.564,509.5556,-1.5020,252.7187,0.2510,3.8000,-0.4500,359.6659,180.2594,359.4257,0.0000,0.0000,0.0000
39.679,509.2967,-1.5378,252.7039,0.2510,3.8000,-0.4500,359.4175,180.2620,359.4125,0.0000,0.0000,0.0000
39.787,509.0809,-1.5691,252.6902,0.2510,3.8000,-0.4500,359.3384,180.2628,359.4072,0.0000,0.0000,0.0000
39.914,508.8220,-1.6114,252.6744,0.2510,3.8000,-0.4500,359.0866,180.2654,359.3875,0.0000,0.0000,0.0000
40.024,508.5630,-1.6554,252.6572,0.2510,3.8000,-0.4500,359.0058,180.2663,359.3809,0.0000,0.0000,0.0000
40.135,508.3472,-1.6954,252.6437,0.2510,3.8000,-0.4500,358.8365,180.2681,359.3660,0.0000,0.0000,0.0000
40.246,508.0884,-1.7450,252.6267,0.2510,3.8000,-0.4500,358.7527,180.2691,359.3586,0.0000,0.0000,0.0000
40.359,507.8296,-1.7979,252.6103,0.2510,3.8000,-0.4500,358.5858,180.2710,359.3448,0.0000,0.0000,0.0000
40.469,507.6139,-1.8440,252.5970,0.2510,3.8000,-0.4500,358.4187,180.2729,359.3326,0.0000,0.0000,0.0000
40.593,507.3553,-1.9000,252.5802,0.2510,3.8000,-0.4500,358.3356,180.2739,359.3282,0.0000,0.0000,0.0000
40.704,507.0970,-1.9582,252.5590,0.2510,3.8000,-0.4500,358.1714,180.2758,359.3202,0.0000,0.0000,0.0000
40.804,506.8827,-2.0059,252.5331,0.2510,3.8000,-0.4500,358.1714,180.2758,359.3202,0.0000,0.0000,0.0000
40.912,506.6689,-2.0545,252.5010,0.2510,3.8000,-0.4500,358.0923,180.2767,359.3206,0.0000,0.0000,0.0000
41.023,506.4142,-2.1121,252.4445,0.2510,3.8000,-0.4500,358.0118,180.2777,359.3251,0.0000,0.0000,0.0000
41.123,506.2043,-2.1583,252.3713,0.2510,3.8000,-0.4500,358.0118,180.2777,359.3251,0.0000,0.0000,0.0000
41.245,505.9554,-2.2119,252.2535,0.2510,3.8000,-0.4500,357.9317,180.2786,359.3386,0.0000,0.0000,0.0000
41.356,505.7498,-2.2544,252.1341,0.2510,3.8000,-0.4500,357.9317,180.2786,359.3386,0.0000,0.0000,0.0000
41.467,505.5051,-2.3028,251.9705,0.2510,3.8000,-0.4500,357.9317,180.2786,359.3386,0.0000,0.0000,0.0000
41.593,505.2620,-2.3485,251.7905,0.2510,3.8000,-0.4500,357.9317,180.2786,359.3386,0.0000,0.0000,0.0000
41.719,504.9793,-2.3985,251.5739,0.2510,3.8000,-0.4500,357.8609,180.2794,359.3751,0.0000,0.0000,0.0000
41.828,504.7766,-2.4325,251.4293,0.2510,3.8000,-0.4500,357.8609,180.2794,359.3751,0.0000,0.0000,0.0000
41.953,504.5323,-2.4715,251.2717,0.2510,3.8000,-0.4500,357.8609,180.2794,359.3751,0.0000,0.0000,0.0000
42.064,504.2865,-2.5082,251.1353,0.2510,3.8000,-0.4500,357.8609,180.2794,359.3751,0.0000,0.0000,0.0000
42.189,504.0378,-2.5428,251.0362,0.2510,3.8000,-0.4500,357.8609,180.2794,359.3751,0.0000,0.0000,0.0000
42.303,503.7868,-2.5729,250.9745,0.2510,3.8000,-0.4500,357.8032,180.2800,359.5252,0.0000,0.0000,0.0000
42.426,503.5328,-2.6018,250.9425,0.2510,3.8000,-0.4500,357.8032,180.2800,359.5252,0.0000,0.0000,0.0000
42.540,503.2796,-2.6224,250.9371,0.2510,3.8000,-0.4500,357.8202,180.2799,359.7672,0.0000,0.0000,0.0000
42.649,503.0672,-2.6395,250.9457,0.2510,3.8000,-0.4500,357.8202,180.2799,359.7672,0.0000,0.0000,0.0000
42.759,502.8142,-2.6503,250.9656,0.2510,3.8000,-0.4500,357.9254,180.2797,359.9931,0.0000,0.0000,0.0000
42.870,502.6035,-2.6556,250.9876,0.2510,3.8000,-0.4500,358.0143,180.2798,0.1360,0.0000,0.0000,0.0000
42.981,502.3515,-2.6540,251.0171,0.2510,3.8000,-0.4500,358.2368,180.2808,0.3871,0.0000,0.0000,0.0000
43.105,502.0996,-2.6479,251.0497,0.2510,3.8000,-0.4500,358.4285,180.2824,0.5484,0.0000,0.0000,0.0000
43.230,501.8479,-2.6369,251.0847,0.2510,3.8000,-0.4500,358.5566,180.2837,0.6479,0.0000,0.0000,0.0000
43.357,501.5553,-2.6139,251.1249,0.2510,3.8000,-0.4500,358.8450,180.2874,0.8247,0.0000,0.0000,0.0000
43.475,501.3467,-2.5910,251.1506,0.2510,3.8000,-0.4500,359.1414,180.2921,0.9781,0.0000,0.0000,0.0000
43.576,501.1378,-2.5666,251.1757,0.2510,3.8000,-0.4500,359.2904,180.2947,1.0451,0.0000,0.0000,0.0000
43.691,500.8878,-2.5301,251.1908,0.2510,3.8000,-0.4500,359.5987,180.3007,1.1693,0.0000,0.0000,0.0000
43.800,500.6382,-2.4904,251.1805,0.2510,3.8000,-0.4500,359.7556,180.3040,1.2234,0.0000,0.0000,0.0000
43.925,500.3898,-2.4445,251.1503,0.2510,3.8000,-0.4500,359.9893,180.3091,1.3001,0.0000,0.0000,0.0000
44.036,500.1839,-2.4018,251.1117,0.2510,3.8000,-0.4500,0.2249,180.3146,1.3738,0.0000,0.0000,0.0000
44.147,499.9398,-2.3466,251.0336,0.2510,3.8000,-0.4500,0.4651,180.3205,1.4525,0.0000,0.0000,0.0000
44.259,499.6996,-2.2860,250.9134,0.2510,3.8000,-0.4500,0.7710,180.3286,1.5610,0.0000,0.0000,0.0000
44.369,499.5016,-2.2358,250.7859,0.2510,3.8000,-0.4500,0.7710,180.3286,1.5610,0.0000,0.0000,0.0000
44.480,499.2686,-2.1675,250.5925,0.2510,3.8000,-0.4500,1.0804,180.3374,1.6920,0.0000,0.0000,0.0000
44.593,499.0764,-2.1119,250.4033,0.2510,3.8000,-0.4500,1.0804,180.3374,1.6920,0.0000,0.0000,0.0000
44.704,498.8496,-2.0370,250.1467,0.2510,3.8000,-0.4500,1.3884,180.3469,1.8451,0.0000,0.0000,0.0000
44.814,498.6615,-1.9749,249.9199,0.2510,3.8000,-0.4500,1.4626,180.3493,1.8867,0.0000,0.0000,0.0000
44.940,498.4003,-1.8814,249.5912,0.2510,3.8000,-0.4500,1.6832,180.3568,2.0134,0.0000,0.0000,0.0000
45.052,498.2145,-1.8117,249.3528,0.2510,3.8000,-0.4500,1.8271,180.3620,2.1052,0.0000,0.0000,0.0000
45.161,497.9921,-1.7252,249.0649,0.2510,3.8000,-0.4500,1.9657,180.3672,2.1967,0.0000,0.0000,0.0000
45.286,497.7704,-1.6351,248.7775,0.2510,3.8000,-0.4500,2.0994,180.3724,2.2891,0.0000,0.0000,0.0000
45.397,497.5488,-1.5429,248.4929,0.2510,3.8000,-0.4500,2.1652,180.3751,2.3360,0.0000,0.0000,0.0000
45.507,497.3647,-1.4620,248.2568,0.2510,3.8000,-0.4500,2.2968,180.3805,2.4323,0.0000,0.0000,0.0000
45.633,497.1442,-1.3627,247.9768,0.2510,3.8000,-0.4500,2.4272,180.3862,2.5306,0.0000,0.0000,0.0000
45.733,496.9602,-1.2788,247.7470,0.2510,3.8000,-0.4500,2.4912,180.3891,2.5791,0.0000,0.0000,0.0000
45.855,496.7390,-1.1775,247.4754,0.2510,3.8000,-0.4500,2.4912,180.3891,2.5791,0.0000,0.0000,0.0000
45.966,496.5191,-1.0700,247.2070,0.2510,3.8000,-0.4500,2.6910,180.3983,2.7322,0.0000,0.0000,0.0000
46.077,496.2979,-0.9649,246.9455,0.2510,3.8000,-0.4500,2.6910,180.3983,2.7322,0.0000,0.0000,0.0000
46.189,496.1136,-0.8763,246.7312,0.2510,3.8000,-0.4500,2.6910,180.3983,2.7323,0.0000,0.0000,0.0000
46.300,495.8917,-0.7689,246.4836,0.2510,3.8000,-0.4500,2.6910,180.3983,2.7323,0.0000,0.0000,0.0000
46.413,495.7052,-0.6782,246.2962,0.2510,3.8000,-0.4500,2.6910,180.3983,2.7323,0.0000,0.0000,0.0000
46.526,495.4797,-0.5680,246.0961,0.2510,3.8000,-0.4500,2.6910,180.3983,2.7323,0.0000,0.0000,0.0000
46.635,495.2902,-0.4754,245.9473,0.2510,3.8000,-0.4500,2.6910,180.3983,2.7323,0.0000,0.0000,0.0000
46.745,495.0602,-0.3637,245.7974,0.2510,3.8000,-0.4500,2.6910,180.3983,2.7323,0.0000,0.0000,0.0000
46.856,494.8667,-0.2704,245.6955,0.2510,3.8000,-0.4500,2.6910,180.3983,2.7323,0.0000,0.0000,0.0000
46.967,494.6331,-0.1569,245.6395,0.2510,3.8000,-0.4500,2.6910,180.3983,2.7323,0.0000,0.0000,0.0000
47.078,494.3986,-0.0429,245.6382,0.2510,3.8000,-0.4500,2.6910,180.3983,2.7323,0.0000,0.0000,0.0000
47.189,494.2028,0.0511,245.6611,0.2510,3.8000,-0.4500,2.6910,180.3983,2.7323,0.0000,0.0000,0.0000
47.300,493.9673,0.1612,245.7058,0.2510,3.8000,-0.4500,2.6910,180.3983,2.7323,0.0000,0.0000,0.0000
47.425,493.7311,0.2673,245.7620,0.2510,3.8000,-0.4500,2.6910,180.3983,2.7323,0.0000,0.0000,0.0000
47.536,493.5339,0.3517,245.8143,0.2510,3.8000,-0.4500,2.6910,180.3983,2.7323,0.0000,0.0000,0.0000
47.647,493.2967,0.4478,245.8813,0.2510,3.8000,-0.4500,2.6910,180.3983,2.7323,0.0000,0.0000,0.0000
47.759,493.0583,0.5374,245.9515,0.2510,3.8000,-0.4500,2.6910,180.3983,2.7323,0.0000,0.0000,0.0000
47.885,492.8179,0.6168,246.0242,0.2510,3.8000,-0.4500,2.6391,180.3959,2.5670,0.0000,0.0000,0.0000
47.996,492.6155,0.6752,246.0850,0.2510,3.8000,-0.4500,2.5471,180.3920,2.3265,0.0000,0.0000,0.0000
48.107,492.3715,0.7391,246.1558,0.2510,3.8000,-0.4500,2.4331,180.3876,2.1023,0.0000,0.0000,0.0000
48.217,492.1661,0.7836,246.2129,0.2510,3.8000,-0.4500,2.2523,180.3814,1.8118,0.0000,0.0000,0.0000
48.328,491.9194,0.8339,246.2766,0.2510,3.8000,-0.4500,2.1566,180.3785,1.6750,0.0000,0.0000,0.0000
48.452,491.6698,0.8708,246.3378,0.2510,3.8000,-0.4500,1.8960,180.3717,1.3357,0.0000,0.0000,0.0000
48.578,491.3773,0.9059,246.4034,0.2510,3.8000,-0.4500,1.6822,180.3671,1.0808,0.0000,0.0000,0.0000
48.689,491.1671,0.9233,246.4474,0.2510,3.8000,-0.4500,1.5112,180.3642,0.8868,0.0000,0.0000,0.0000
48.802,490.9138,0.9372,246.4970,0.2510,3.8000,-0.4500,1.3429,180.3619,0.6988,0.0000,0.0000,0.0000
48.912,490.7012,0.9397,246.5369,0.2510,3.8000,-0.4500,1.1069,180.3595,0.4439,0.0000,0.0000,0.0000
49.026,490.4453,0.9363,246.5823,0.2510,3.8000,-0.4500,0.8771,180.3582,0.1999,0.0000,0.0000,0.0000
49.129,490.2319,0.9290,246.6184,0.2510,3.8000,-0.4500,0.7580,180.3580,0.0755,0.0000,0.0000,0.0000
49.242,489.9742,0.9103,246.6617,0.2510,3.8000,-0.4500,0.5239,180.3581,359.8327,0.0000,0.0000,0.0000
49.368,489.7156,0.8838,246.7053,0.2510,3.8000,-0.4500,0.2937,180.3593,359.5970,0.0000,0.0000,0.0000
49.479,489.4570,0.8510,246.7496,0.2510,3.8000,-0.4500,0.1157,180.3608,359.4164,0.0000,0.0000,0.0000
49.579,489.2419,0.8204,246.7872,0.2510,3.8000,-0.4500,0.0572,180.3615,359.3573,0.0000,0.0000,0.0000
49.702,488.9819,0.7715,246.8360,0.2510,3.8000,-0.4500,359.7608,180.3655,359.0598,0.0000,0.0000,0.0000
49.812,488.7662,0.7306,246.8776,0.2510,3.8000,-0.4500,359.7028,180.3665,359.0020,0.0000,0.0000,0.0000
49.926,488.5068,0.6746,246.9301,0.2510,3.8000,-0.4500,359.5831,180.3687,358.8828,0.0000,0.0000,0.0000
50.037,488.2467,0.6100,246.9862,0.2510,3.8000,-0.4500,359.3474,180.3738,358.6489,0.0000,0.0000,0.0000
50.146,488.0309,0.5573,247.0339,0.2510,3.8000,-0.4500,359.3474,180.3738,358.6489,0.0000,0.0000,0.0000
50.271,487.7711,0.4853,247.0943,0.2510,3.8000,-0.4500,359.1714,180.3782,358.4746,0.0000,0.0000,0.0000
50.396,487.5118,0.4123,247.1556,0.2510,3.8000,-0.4500,359.1125,180.3798,358.4165,0.0000,0.0000,0.0000
50.509,487.2522,0.3342,247.2184,0.2510,3.8000,-0.4500,358.9931,180.3833,358.3002,0.0000,0.0000,0.0000
50.618,486.9925,0.2528,247.2825,0.2510,3.8000,-0.4500,358.8695,180.3870,358.1885,0.0000,0.0000,0.0000
50.743,486.7333,0.1701,247.3477,0.2510,3.8000,-0.4500,358.8087,180.3890,358.1344,0.0000,0.0000,0.0000
50.844,486.5175,0.1004,247.4030,0.2510,3.8000,-0.4500,358.8087,180.3890,358.1344,0.0000,0.0000,0.0000
50.966,486.2582,0.0120,247.4710,0.2510,3.8000,-0.4500,358.6757,180.3934,358.0383,0.0000,0.0000,0.0000
51.090,485.9995,-0.0752,247.5397,0.2510,3.8000,-0.4500,358.6757,180.3934,358.0383,0.0000,0.0000,0.0000
51.202,485.7409,-0.1649,247.6098,0.2510,3.8000,-0.4500,358.6040,180.3959,357.9995,0.0000,0.0000,0.0000
51.312,485.5255,-0.2401,247.6691,0.2510,3.8000,-0.4500,358.5284,180.3986,357.9685,0.0000,0.0000,0.0000
51.437,485.2242,-0.3440,247.7524,0.2510,3.8000,-0.4500,358.5284,180.3986,357.9685,0.0000,0.0000,0.0000
51.551,485.0092,-0.4187,247.8129,0.2510,3.8000,-0.4500,358.4462,180.4015,357.9543,0.0000,0.0000,0.0000
51.660,484.7514,-0.5071,247.8858,0.2510,3.8000,-0.4500,358.3646,180.4044,357.9417,0.0000,0.0000,0.0000
51.771,484.5369,-0.5789,247.9468,0.2510,3.8000,-0.4500,358.3646,180.4044,357.9417,0.0000,0.0000,0.0000
51.882,484.2798,-0.6630,248.0206,0.2510,3.8000,-0.4500,358.3646,180.4044,357.9417,0.0000,0.0000,0.0000
51.996,484.0660,-0.7313,248.0831,0.2510,3.8000,-0.4500,358.2866,180.4072,357.9661,0.0000,0.0000,0.0000
52.104,483.8095,-0.8102,248.1575,0.2510,3.8000,-0.4500,358.2866,180.4072,357.9661,0.0000,0.0000,0.0000
52.230,483.5543,-0.8845,248.2329,0.2510,3.8000,-0.4500,358.0831,180.4142,358.1109,0.0000,0.0000,0.0000
52.340,483.2982,-0.9556,248.3058,0.2510,3.8000,-0.4500,358.0831,180.4142,358.1109,0.0000,0.0000,0.0000
52.454,483.0856,-1.0105,248.3661,0.2510,3.8000,-0.4500,358.0378,180.4157,358.1836,0.0000,0.0000,0.0000
52.563,482.8315,-1.0702,248.4376,0.2510,3.8000,-0.4500,357.9154,180.4193,358.4037,0.0000,0.0000,0.0000
52.688,482.5761,-1.1276,248.5057,0.2510,3.8000,-0.4500,357.9154,180.4193,358.4037,0.0000,0.0000,0.0000
52.813,482.3229,-1.1745,248.5722,0.2510,3.8000,-0.4500,357.8571,180.4208,358.7329,0.0000,0.0000,0.0000
52.924,482.0683,-1.2198,248.6352,0.2510,3.8000,-0.4500,357.8601,180.4207,358.8152,0.0000,0.0000,0.0000
53.049,481.8145,-1.2581,248.6953,0.2510,3.8000,-0.4500,357.8705,180.4205,358.9809,0.0000,0.0000,0.0000
53.174,481.5612,-1.2892,248.7528,0.2510,3.8000,-0.4500,357.9243,180.4197,359.2281,0.0000,0.0000,0.0000
53.287,481.3077,-1.3168,248.8078,0.2510,3.8000,-0.4500,357.9789,180.4190,359.3844,0.0000,0.0000,0.0000
53.396,481.0963,-1.3370,248.8522,0.2510,3.8000,-0.4500,358.0076,180.4187,359.4609,0.0000,0.0000,0.0000
53.522,480.8012,-1.3573,248.9120,0.2510,3.8000,-0.4500,358.1282,180.4178,359.6806,0.0000,0.0000,0.0000
53.633,480.5896,-1.3717,248.9542,0.2510,3.8000,-0.4500,358.1282,180.4178,359.6806,0.0000,0.0000,0.0000
53.744,480.3368,-1.3823,249.0035,0.2510,3.8000,-0.4500,358.2268,180.4174,359.8093,0.0000,0.0000,0.0000
53.868,480.0840,-1.3896,249.0516,0.2510,3.8000,-0.4500,358.3397,180.4171,359.9234,0.0000,0.0000,0.0000
53.968,479.8732,-1.3942,249.0911,0.2510,3.8000,-0.4500,358.4073,180.4171,359.9739,0.0000,0.0000,0.0000
54.079,479.6205,-1.3959,249.1373,0.2510,3.8000,-0.4500,358.5443,180.4171,0.0706,0.0000,0.0000,0.0000
54.187,479.4099,-1.3952,249.1748,0.2510,3.8000,-0.4500,358.6898,180.4174,0.1418,0.0000,0.0000,0.0000
54.312,479.1567,-1.3937,249.2199,0.2510,3.8000,-0.4500,358.7698,180.4176,0.1682,0.0000,0.0000,0.0000
54.437,478.8615,-1.3873,249.2711,0.2510,3.8000,-0.4500,359.0093,180.4185,0.2386,0.0000,0.0000,0.0000
54.562,478.6082,-1.3805,249.3148,0.2510,3.8000,-0.4500,359.1768,180.4192,0.2562,0.0000,0.0000,0.0000
54.674,478.3969,-1.3739,249.3517,0.2510,3.8000,-0.4500,359.2603,180.4196,0.2633,0.0000,0.0000,0.0000
54.785,478.1432,-1.3633,249.3949,0.2510,3.8000,-0.4500,359.5104,180.4207,0.2601,0.0000,0.0000,0.0000
54.885,477.9317,-1.3539,249.4311,0.2510,3.8000,-0.4500,359.6757,180.4214,0.2424,0.0000,0.0000,0.0000
55.007,477.6775,-1.3412,249.4744,0.2510,3.8000,-0.4500,359.9213,180.4224,0.2015,0.0000,0.0000,0.0000
55.132,477.4232,-1.3280,249.5189,0.2510,3.8000,-0.4500,0.0009,180.4227,0.1823,0.0000,0.0000,0.0000
55.256,477.1686,-1.3135,249.5629,0.2510,3.8000,-0.4500,0.1606,180.4231,0.1416,0.0000,0.0000,0.0000
55.383,476.8709,-1.2955,249.6143,0.2510,3.8000,-0.4500,0.3964,180.4236,0.0650,0.0000,0.0000,0.0000
55.493,476.6581,-1.2822,249.6515,0.2510,3.8000,-0.4500,0.5473,180.4236,0.0065,0.0000,0.0000,0.0000
55.604,476.4023,-1.2659,249.6960,0.2510,3.8000,-0.4500,0.7804,180.4234,359.9031,0.0000,0.0000,0.0000
55.715,476.1892,-1.2520,249.7337,0.2510,3.8000,-0.4500,0.8547,180.4233,359.8689,0.0000,0.0000,0.0000
55.826,475.9326,-1.2356,249.7778,0.2510,3.8000,-0.4500,1.0756,180.4226,359.7498,0.0000,0.0000,0.0000
55.951,475.6760,-1.2193,249.8218,0.2510,3.8000,-0.4500,1.2142,180.4219,359.6672,0.0000,0.0000,0.0000
56.076,475.4195,-1.2028,249.8655,0.2510,3.8000,-0.4500,1.2142,180.4219,359.6672,0.0000,0.0000,0.0000
56.201,475.1184,-1.1851,249.9131,0.2510,3.8000,-0.4500,1.4255,180.4204,359.5248,0.0000,0.0000,0.0000
56.326,474.8598,-1.1708,249.9529,0.2510,3.8000,-0.4500,1.5573,180.4192,359.4237,0.0000,0.0000,0.0000
56.451,474.6006,-1.1576,249.9914,0.2510,3.8000,-0.4500,1.6878,180.4177,359.3188,0.0000,0.0000,0.0000
56.562,474.3409,-1.1457,250.0287,0.2510,3.8000,-0.4500,1.8122,180.4161,359.2031,0.0000,0.0000,0.0000
56.673,474.1244,-1.1365,250.0595,0.2510,3.8000,-0.4500,1.8730,180.4153,359.1454,0.0000,0.0000,0.0000
56.798,473.8199,-1.1266,250.1013,0.2510,3.8000,-0.4500,2.0430,180.4124,358.9580,0.0000,0.0000,0.0000
56.909,473.6029,-1.1194,250.1316,0.2510,3.8000,-0.4500,2.0430,180.4124,358.9580,0.0000,0.0000,0.0000
57.020,473.3413,-1.1140,250.1676,0.2510,3.8000,-0.4500,2.1433,180.4105,358.8264,0.0000,0.0000,0.0000
57.121,473.1237,-1.1095,250.1986,0.2510,3.8000,-0.4500,2.1433,180.4105,358.8264,0.0000,0.0000,0.0000
57.231,472.9052,-1.1081,250.2302,0.2510,3.8000,-0.4500,2.2359,180.4085,358.6893,0.0000,0.0000,0.0000
57.342,472.6439,-1.1061,250.2702,0.2510,3.8000,-0.4500,2.2359,180.4085,358.6893,0.0000,0.0000,0.0000
57.451,472.4244,-1.1089,250.3042,0.2510,3.8000,-0.4500,2.3583,180.4055,358.4673,0.0000,0.0000,0.0000
57.563,472.1626,-1.1105,250.3479,0.2510,3.8000,-0.4500,2.3583,180.4055,358.4673,0.0000,0.0000,0.0000
57.676,471.9443,-1.1133,250.3856,0.2510,3.8000,-0.4500,2.3583,180.4055,358.4673,0.0000,0.0000,0.0000
57.784,471.6808,-1.1220,250.4317,0.2510,3.8000,-0.4500,2.4513,180.4028,358.2325,0.0000,0.0000,0.0000
57.910,471.4187,-1.1291,250.4803,0.2510,3.8000,-0.4500,2.4513,180.4028,358.2325,0.0000,0.0000,0.0000
58.023,471.1562,-1.1382,250.5297,0.2510,3.8000,-0.4500,2.4513,180.4028,358.2325,0.0000,0.0000,0.0000
58.145,470.8922,-1.1530,250.5793,0.2510,3.8000,-0.4500,2.5062,180.4010,357.9856,0.0000,0.0000,0.0000
58.257,470.6734,-1.1632,250.6225,0.2510,3.8000,-0.4500,2.5062,180.4010,357.9856,0.0000,0.0000,0.0000
58.367,470.4108,-1.1768,250.6761,0.2510,3.8000,-0.4500,2.5062,180.4010,357.9856,0.0000,0.0000,0.0000
58.493,470.1482,-1.1917,250.7308,0.2510,3.8000,-0.4500,2.5062,180.4010,357.9856,0.0000,0.0000,0.0000
58.618,469.8418,-1.2104,250.7955,0.2510,3.8000,-0.4500,2.5062,180.4010,357.9856,0.0000,0.0000,0.0000
58.742,469.5790,-1.2273,250.8515,0.2510,3.8000,-0.4500,2.5062,180.4010,357.9856,0.0000,0.0000,0.0000
58.867,469.3162,-1.2448,250.9079,0.2510,3.8000,-0.4500,2.5062,180.4010,357.9856,0.0000,0.0000,0.0000
58.993,469.0532,-1.2625,250.9647,0.2510,3.8000,-0.4500,2.5062,180.4010,357.9856,0.0000,0.0000,0.0000
59.118,468.7466,-1.2829,251.0315,0.2510,3.8000,-0.4500,2.5062,180.4010,357.9856,0.0000,0.0000,0.0000
59.242,468.4840,-1.2999,251.0891,0.2510,3.8000,-0.4500,2.5062,180.4010,357.9856,0.0000,0.0000,0.0000
59.353,468.2654,-1.3134,251.1377,0.2510,3.8000,-0.4500,2.5062,180.4010,357.9856,0.0000,0.0000,0.0000
59.478,467.9597,-1.3309,251.2064,0.2510,3.8000,-0.4500,2.5062,180.4010,357.9856,0.0000,0.0000,0.0000
59.590,467.7413,-1.3421,251.2560,0.2510,3.8000,-0.4500,2.5062,180.4010,357.9856,0.0000,0.0000,0.0000
59.714,467.4796,-1.3537,251.3159,0.2510,3.8000,-0.4500,2.5062,180.4010,357.9856,0.0000,0.0000,0.0000
59.826,467.2182,-1.3631,251.3763,0.2510,3.8000,-0.4500,2.5062,180.4010,357.9856,0.0000,0.0000,0.0000
59.937,466.9570,-1.3698,251.4371,0.2510,3.8000,-0.4500,2.5062,180.4010,357.9856,0.0000,0.0000,0.0000
60.048,466.7398,-1.3732,251.4879,0.2510,3.8000,-0.4500,2.5062,180.4010,357.9856,0.0000,0.0000,0.0000
60.162,466.4794,-1.3741,251.5492,0.2510,3.8000,-0.4500,2.5062,180.4010,357.9856,0.0000,0.0000,0.0000
60.272,466.2628,-1.3722,251.6004,0.2510,3.8000,-0.4500,2.5062,180.4010,357.9856,0.0000,0.0000,0.0000
60.395,466.0032,-1.3665,251.6618,0.2510,3.8000,-0.4500,2.5062,180.4010,357.9856,0.0000,0.0000,0.0000
60.520,465.7010,-1.3545,251.7334,0.2510,3.8000,-0.4500,2.5062,180.4010,357.9856,0.0000,0.0000,0.0000
60.630,465.4855,-1.3424,251.7844,0.2510,3.8000,-0.4500,2.5062,180.4010,357.9856,0.0000,0.0000,0.0000
60.756,465.2291,-1.3194,251.8451,0.2510,3.8000,-0.4500,2.4658,180.4023,358.2427,0.0000,0.0000,0.0000
60.880,464.9296,-1.2889,251.9119,0.2510,3.8000,-0.4500,2.4450,180.4029,358.4052,0.0000,0.0000,0.0000
60.992,464.7167,-1.2609,251.9566,0.2510,3.8000,-0.4500,2.4315,180.4033,358.6536,0.0000,0.0000,0.0000
61.117,464.4608,-1.2252,252.0062,0.2510,3.8000,-0.4500,2.4280,180.4033,358.8179,0.0000,0.0000,0.0000
61.227,464.2060,-1.1831,252.0512,0.2510,3.8000,-0.4500,2.4299,180.4033,359.0649,0.0000,0.0000,0.0000
61.352,463.9517,-1.1359,252.0920,0.2510,3.8000,-0.4500,2.4397,180.4032,359.3228,0.0000,0.0000,0.0000
61.477,463.6552,-1.0771,252.1345,0.2510,3.8000,-0.4500,2.4471,180.4031,359.4869,0.0000,0.0000,0.0000
61.602,463.4030,-1.0179,252.1672,0.2510,3.8000,-0.4500,2.4700,180.4030,359.8293,0.0000,0.0000,0.0000
61.703,463.1919,-0.9686,252.1927,0.2510,3.8000,-0.4500,2.4761,180.4030,359.9110,0.0000,0.0000,0.0000
61.811,462.9820,-0.9145,252.2165,0.2510,3.8000,-0.4500,2.4888,180.4030,0.0773,0.0000,0.0000,0.0000
61.936,462.7311,-0.8446,252.2435,0.2510,3.8000,-0.4500,2.5084,180.4030,0.3227,0.0000,0.0000,0.0000
62.048,462.4802,-0.7732,252.2699,0.2510,3.8000,-0.4500,2.5149,180.4031,0.4034,0.0000,0.0000,0.0000
62.172,462.2321,-0.6928,252.2964,0.2510,3.8000,-0.4500,2.5426,180.4033,0.7462,0.0000,0.0000,0.0000
62.286,461.9830,-0.6145,252.3252,0.2510,3.8000,-0.4500,2.5426,180.4033,0.7462,0.0000,0.0000,0.0000
62.408,461.7368,-0.5277,252.3556,0.2510,3.8000,-0.4500,2.5639,180.4037,1.0015,0.0000,0.0000,0.0000
62.522,461.4916,-0.4372,252.3881,0.2510,3.8000,-0.4500,2.5857,180.4041,1.2538,0.0000,0.0000,0.0000
62.630,461.2868,-0.3630,252.4174,0.2510,3.8000,-0.4500,2.5857,180.4041,1.2538,0.0000,0.0000,0.0000
62.755,461.0432,-0.2683,252.4543,0.2510,3.8000,-0.4500,2.5996,180.4044,1.4158,0.0000,0.0000,0.0000
62.880,460.7595,-0.1564,252.5013,0.2510,3.8000,-0.4500,2.6060,180.4046,1.4982,0.0000,0.0000,0.0000
63.005,460.5182,-0.0565,252.5453,0.2510,3.8000,-0.4500,2.6175,180.4049,1.6628,0.0000,0.0000,0.0000
63.117,460.2767,0.0422,252.5932,0.2510,3.8000,-0.4500,2.6175,180.4049,1.6628,0.0000,0.0000,0.0000
63.227,460.0766,0.1267,252.6353,0.2510,3.8000,-0.4500,2.6202,180.4050,1.7435,0.0000,0.0000,0.0000
63.338,459.8363,0.2269,252.6884,0.2510,3.8000,-0.4500,2.6202,180.4050,1.7435,0.0000,0.0000,0.0000
63.464,459.5966,0.3195,252.7438,0.2510,3.8000,-0.4500,2.6178,180.4049,1.8243,0.0000,0.0000,0.0000
63.575,459.3945,0.3601,252.7930,0.2510,3.8000,-0.4500,2.6178,180.4049,1.8243,0.0000,0.0000,0.0000
63.686,459.1411,0.3896,252.8529,0.2510,3.8000,-0.4500,2.5789,180.4039,0.8827,0.0000,0.0000,0.0000
63.812,458.8775,0.3777,252.9091,0.2510,3.8000,-0.4500,2.5438,180.4038,359.3787,0.0000,0.0000,0.0000
63.925,458.6131,0.3507,252.9621,0.2510,3.8000,-0.4500,2.5234,180.4042,358.3387,0.0000,0.0000,0.0000
64.033,458.3957,0.3393,253.0073,0.2510,3.8000,-0.4500,2.5183,180.4044,358.1350,0.0000,0.0000,0.0000
64.158,458.0923,0.3299,253.0736,0.2510,3.8000,-0.4500,2.5183,180.4044,358.1350,0.0000,0.0000,0.0000
64.269,457.8753,0.3254,253.1218,0.2510,3.8000,-0.4500,2.5183,180.4044,358.1350,0.0000,0.0000,0.0000
64.394,457.6147,0.3230,253.1795,0.2510,3.8000,-0.4500,2.5183,180.4044,358.1350,0.0000,0.0000,0.0000
64.519,457.3109,0.3246,253.2462,0.2510,3.8000,-0.4500,2.5183,180.4044,358.1350,0.0000,0.0000,0.0000
64.632,457.0940,0.3288,253.2936,0.2510,3.8000,-0.4500,2.5183,180.4044,358.1350,0.0000,0.0000,0.0000
64.755,456.8342,0.3371,253.3504,0.2510,3.8000,-0.4500,2.5183,180.4044,358.1350,0.0000,0.0000,0.0000
64.866,456.5747,0.3487,253.4072,0.2510,3.8000,-0.4500,2.5183,180.4044,358.1350,0.0000,0.0000,0.0000
64.991,456.3156,0.3637,253.4639,0.2510,3.8000,-0.4500,2.5183,180.4044,358.1350,0.0000,0.0000,0.0000
65.091,456.1001,0.3787,253.5110,0.2510,3.8000,-0.4500,2.5183,180.4044,358.1350,0.0000,0.0000,0.0000
65.199,455.8419,0.3998,253.5675,0.2510,3.8000,-0.4500,2.5183,180.4044,358.1350,0.0000,0.0000,0.0000
65.313,455.6287,0.4245,253.6139,0.2510,3.8000,-0.4500,2.5026,180.4049,358.3911,0.0000,0.0000,0.0000
65.421,455.3718,0.4532,253.6669,0.2510,3.8000,-0.4500,2.4982,180.4050,358.4764,0.0000,0.0000,0.0000
65.533,455.1585,0.4815,253.7082,0.2510,3.8000,-0.4500,2.4894,180.4052,358.6473,0.0000,0.0000,0.0000
65.657,454.8608,0.5262,253.7611,0.2510,3.8000,-0.4500,2.4735,180.4055,358.9807,0.0000,0.0000,0.0000
65.769,454.6469,0.5566,253.7951,0.2510,3.8000,-0.4500,2.4735,180.4055,358.9807,0.0000,0.0000,0.0000
65.894,454.3916,0.5986,253.8322,0.2510,3.8000,-0.4500,2.4648,180.4057,359.1446,0.0000,0.0000,0.0000
66.005,454.1365,0.6432,253.8660,0.2510,3.8000,-0.4500,2.4547,180.4058,359.3107,0.0000,0.0000,0.0000
66.105,453.9240,0.6814,253.8921,0.2510,3.8000,-0.4500,2.4496,180.4059,359.3923,0.0000,0.0000,0.0000
66.207,453.7116,0.7212,253.9171,0.2510,3.8000,-0.4500,2.4429,180.4059,359.4742,0.0000,0.0000,0.0000
66.308,453.5001,0.7639,253.9413,0.2510,3.8000,-0.4500,2.4273,180.4061,359.6407,0.0000,0.0000,0.0000
66.410,453.2878,0.8052,253.9651,0.2510,3.8000,-0.4500,2.4273,180.4061,359.6407,0.0000,0.0000,0.0000
66.518,453.0352,0.8604,253.9935,0.2510,3.8000,-0.4500,2.3949,180.4062,359.8899,0.0000,0.0000,0.0000
66.619,452.8238,0.9041,254.0170,0.2510,3.8000,-0.4500,2.3949,180.4062,359.8899,0.0000,0.0000,0.0000
66.727,452.6126,0.9485,254.0405,0.2510,3.8000,-0.4500,2.3949,180.4062,359.8899,0.0000,0.0000,0.0000
66.838,452.3607,1.0051,254.0689,0.2510,3.8000,-0.4500,2.3607,180.4062,0.0504,0.0000,0.0000,0.0000
66.963,452.1079,1.0597,254.0975,0.2510,3.8000,-0.4500,2.3607,180.4062,0.0504,0.0000,0.0000,0.0000
67.088,451.8566,1.1167,254.1266,0.2510,3.8000,-0.4500,2.3100,180.4061,0.2076,0.0000,0.0000,0.0000
67.202,451.6047,1.1711,254.1558,0.2510,3.8000,-0.4500,2.3100,180.4061,0.2076,0.0000,0.0000,0.0000
67.312,451.3949,1.2160,254.1803,0.2510,3.8000,-0.4500,2.3100,180.4061,0.2076,0.0000,0.0000,0.0000
67.421,451.1432,1.2690,254.2099,0.2510,3.8000,-0.4500,2.3100,180.4061,0.2076,0.0000,0.0000,0.0000
67.546,450.8925,1.3225,254.2402,0.2510,3.8000,-0.4500,2.2247,180.4057,0.3498,0.0000,0.0000,0.0000
67.658,450.6410,1.3725,254.2718,0.2510,3.8000,-0.4500,2.2247,180.4057,0.3498,0.0000,0.0000,0.0000
67.769,450.4316,1.4126,254.2995,0.2510,3.8000,-0.4500,2.2247,180.4057,0.3498,0.0000,0.0000,0.0000
67.894,450.1804,1.4586,254.3345,0.2510,3.8000,-0.4500,2.2247,180.4057,0.3498,0.0000,0.0000,0.0000
68.018,449.8876,1.5092,254.3777,0.2510,3.8000,-0.4500,2.1568,180.4052,0.4006,0.0000,0.0000,0.0000
68.143,449.6369,1.5494,254.4167,0.2510,3.8000,-0.4500,2.0118,180.4041,0.4826,0.0000,0.0000,0.0000
68.254,449.4274,1.5799,254.4494,0.2510,3.8000,-0.4500,2.0118,180.4041,0.4827,0.0000,0.0000,0.0000
68.378,449.1341,1.6174,254.4977,0.2510,3.8000,-0.4500,1.7612,180.4019,0.5351,0.0000,0.0000,0.0000
68.503,448.8820,1.6461,254.5369,0.2510,3.8000,-0.4500,1.7612,180.4019,0.5351,0.0000,0.0000,0.0000
68.603,448.6715,1.6647,254.5704,0.2510,3.8000,-0.4500,1.5086,180.3995,0.5256,0.0000,0.0000,0.0000
68.712,448.4606,1.6824,254.6016,0.2510,3.8000,-0.4500,1.5086,180.3995,0.5256,0.0000,0.0000,0.0000
68.823,448.2070,1.6968,254.6405,0.2510,3.8000,-0.4500,1.2737,180.3975,0.4825,0.0000,0.0000,0.0000
68.948,447.9530,1.7081,254.6787,0.2510,3.8000,-0.4500,1.1944,180.3968,0.4552,0.0000,0.0000,0.0000
69.073,447.6983,1.7134,254.7179,0.2510,3.8000,-0.4500,1.0357,180.3956,0.3977,0.0000,0.0000,0.0000
69.184,447.4429,1.7126,254.7577,0.2510,3.8000,-0.4500,0.8081,180.3943,0.2928,0.0000,0.0000,0.0000
69.295,447.2298,1.7085,254.7905,0.2510,3.8000,-0.4500,0.6615,180.3936,0.2151,0.0000,0.0000,0.0000
69.420,446.9310,1.6982,254.8359,0.2510,3.8000,-0.4500,0.5195,180.3932,0.1346,0.0000,0.0000,0.0000
69.545,446.6741,1.6822,254.8759,0.2510,3.8000,-0.4500,0.3098,180.3929,0.0055,0.0000,0.0000,0.0000
69.670,446.4173,1.6640,254.9155,0.2510,3.8000,-0.4500,0.2416,180.3929,359.9624,0.0000,0.0000,0.0000
69.795,446.1596,1.6383,254.9565,0.2510,3.8000,-0.4500,0.0355,180.3933,359.8253,0.0000,0.0000,0.0000
69.906,445.9018,1.6094,254.9975,0.2510,3.8000,-0.4500,359.9003,180.3938,359.7333,0.0000,0.0000,0.0000
70.031,445.6438,1.5759,255.0386,0.2510,3.8000,-0.4500,359.7638,180.3946,359.6400,0.0000,0.0000,0.0000
70.157,445.3424,1.5318,255.0868,0.2510,3.8000,-0.4500,359.6205,180.3956,359.5432,0.0000,0.0000,0.0000
70.269,445.1269,1.4963,255.1214,0.2510,3.8000,-0.4500,359.4816,180.3968,359.4496,0.0000,0.0000,0.0000
70.393,444.8683,1.4522,255.1622,0.2510,3.8000,-0.4500,359.4128,180.3975,359.4053,0.0000,0.0000,0.0000
70.503,444.6089,1.4020,255.2039,0.2510,3.8000,-0.4500,359.2046,180.3999,359.2740,0.0000,0.0000,0.0000
70.603,444.3932,1.3610,255.2378,0.2510,3.8000,-0.4500,359.2046,180.3999,359.2740,0.0000,0.0000,0.0000
70.726,444.1341,1.3078,255.2789,0.2510,3.8000,-0.4500,359.1308,180.4009,359.2325,0.0000,0.0000,0.0000
70.850,443.8747,1.2509,255.3207,0.2510,3.8000,-0.4500,358.9839,180.4030,359.1513,0.0000,0.0000,0.0000
70.975,443.6156,1.1930,255.3630,0.2510,3.8000,-0.4500,358.9111,180.4040,359.1167,0.0000,0.0000,0.0000
71.086,443.3565,1.1334,255.4063,0.2510,3.8000,-0.4500,358.8369,180.4052,359.0843,0.0000,0.0000,0.0000
71.198,443.0977,1.0722,255.4507,0.2510,3.8000,-0.4500,358.7602,180.4065,359.0557,0.0000,0.0000,0.0000
71.309,442.8822,1.0213,255.4882,0.2510,3.8000,-0.4500,358.7602,180.4065,359.0557,0.0000,0.0000,0.0000
71.434,442.6235,0.9573,255.5355,0.2510,3.8000,-0.4500,358.6014,180.4091,359.0096,0.0000,0.0000,0.0000
71.559,442.3222,0.8844,255.5911,0.2510,3.8000,-0.4500,358.6014,180.4091,359.0096,0.0000,0.0000,0.0000
71.672,442.1071,0.8322,255.6318,0.2510,3.8000,-0.4500,358.6014,180.4091,359.0096,0.0000,0.0000,0.0000
71.781,441.8490,0.7674,255.6829,0.2510,3.8000,-0.4500,358.3570,180.4134,358.9893,0.0000,0.0000,0.0000
71.881,441.6342,0.7156,255.7246,0.2510,3.8000,-0.4500,358.3570,180.4134,358.9893,0.0000,0.0000,0.0000
71.989,441.4194,0.6643,255.7669,0.2510,3.8000,-0.4500,358.3570,180.4134,358.9893,0.0000,0.0000,0.0000
72.114,441.1621,0.6035,255.8177,0.2510,3.8000,-0.4500,358.3570,180.4134,358.9893,0.0000,0.0000,0.0000
72.225,440.9051,0.5438,255.8686,0.2510,3.8000,-0.4500,358.3570,180.4134,358.9893,0.0000,0.0000,0.0000
72.351,440.6487,0.4850,255.9203,0.2510,3.8000,-0.4500,358.1982,180.4161,359.0414,0.0000,0.0000,0.0000
72.461,440.3922,0.4281,255.9700,0.2510,3.8000,-0.4500,358.1982,180.4161,359.0414,0.0000,0.0000,0.0000
72.573,440.1788,0.3819,256.0114,0.2510,3.8000,-0.4500,358.1266,180.4173,359.0821,0.0000,0.0000,0.0000
72.684,439.9228,0.3281,256.0601,0.2510,3.8000,-0.4500,358.0589,180.4184,359.1291,0.0000,0.0000,0.0000
72.808,439.6668,0.2759,256.1070,0.2510,3.8000,-0.4500,357.9938,180.4193,359.1767,0.0000,0.0000,0.0000
72.933,439.4108,0.2248,256.1519,0.2510,3.8000,-0.4500,357.9938,180.4193,359.1767,0.0000,0.0000,0.0000
73.045,439.1555,0.1763,256.1963,0.2510,3.8000,-0.4500,357.8763,180.4209,359.2959,0.0000,0.0000,0.0000
73.169,438.8996,0.1279,256.2375,0.2510,3.8000,-0.4500,357.8763,180.4209,359.2959,0.0000,0.0000,0.0000
73.281,438.6436,0.0804,256.2771,0.2510,3.8000,-0.4500,357.8763,180.4209,359.2959,0.0000,0.0000,0.0000
73.406,438.3882,0.0342,256.3154,0.2510,3.8000,-0.4500,357.8257,180.4215,359.3581,0.0000,0.0000,0.0000
73.531,438.1321,-0.0123,256.3508,0.2510,3.8000,-0.4500,357.8257,180.4215,359.3581,0.0000,0.0000,0.0000
73.656,437.8757,-0.0586,256.3837,0.2510,3.8000,-0.4500,357.8257,180.4215,359.3581,0.0000,0.0000,0.0000
73.767,437.6192,-0.1049,256.4147,0.2510,3.8000,-0.4500,357.8257,180.4215,359.3581,0.0000,0.0000,0.0000
73.892,437.3625,-0.1511,256.4442,0.2510,3.8000,-0.4500,357.8257,180.4215,359.3581,0.0000,0.0000,0.0000
74.017,437.1058,-0.1973,256.4727,0.2510,3.8000,-0.4500,357.8257,180.4215,359.3581,0.0000,0.0000,0.0000
74.128,436.8490,-0.2433,256.5002,0.2510,3.8000,-0.4500,357.8257,180.4215,359.3581,0.0000,0.0000,0.0000
74.239,436.5921,-0.2888,256.5192,0.2510,3.8000,-0.4500,357.8257,180.4215,359.3581,0.0000,0.0000,0.0000
74.352,436.3780,-0.3262,256.5246,0.2510,3.8000,-0.4500,357.8257,180.4215,359.3581,0.0000,0.0000,0.0000
74.464,436.1211,-0.3706,256.5239,0.2510,3.8000,-0.4500,357.8257,180.4215,359.3581,0.0000,0.0000,0.0000
74.573,435.9072,-0.4073,256.5186,0.2510,3.8000,-0.4500,357.8257,180.4215,359.3581,0.0000,0.0000,0.0000
74.697,435.6090,-0.4567,256.5060,0.2510,3.8000,-0.4500,357.7224,180.4225,359.4883,0.0000,0.0000,0.0000
74.822,435.3530,-0.4999,256.4910,0.2510,3.8000,-0.4500,357.7224,180.4225,359.4883,0.0000,0.0000,0.0000
74.947,435.0976,-0.5425,256.4713,0.2510,3.8000,-0.4500,357.7224,180.4225,359.4882,0.0000,0.0000,0.0000
75.072,434.8431,-0.5837,256.4466,0.2510,3.8000,-0.4500,357.6711,180.4230,359.5525,0.0000,0.0000,0.0000
75.198,434.5468,-0.6309,256.4132,0.2510,3.8000,-0.4500,357.6196,180.4233,359.6191,0.0000,0.0000,0.0000
75.322,434.2931,-0.6702,256.3830,0.2510,3.8000,-0.4500,357.5696,180.4236,359.6857,0.0000,0.0000,0.0000
75.434,434.0820,-0.7021,256.3575,0.2510,3.8000,-0.4500,357.5219,180.4239,359.7510,0.0000,0.0000,0.0000
75.545,433.8283,-0.7403,256.3268,0.2510,3.8000,-0.4500,357.5219,180.4239,359.7510,0.0000,0.0000,0.0000
75.656,433.6179,-0.7696,256.3020,0.2510,3.8000,-0.4500,357.4316,180.4242,359.8864,0.0000,0.0000,0.0000
75.767,433.3645,-0.8054,256.2717,0.2510,3.8000,-0.4500,357.4316,180.4242,359.8864,0.0000,0.0000,0.0000
75.892,433.1123,-0.8379,256.2422,0.2510,3.8000,-0.4500,357.3485,180.4242,0.0327,0.0000,0.0000,0.0000
76.003,432.8599,-0.8697,256.2122,0.2510,3.8000,-0.4500,357.3087,180.4242,0.1041,0.0000,0.0000,0.0000
76.114,432.6496,-0.8956,256.1862,0.2510,3.8000,-0.4500,357.3087,180.4242,0.1041,0.0000,0.0000,0.0000
76.215,432.4406,-0.9181,256.1601,0.2510,3.8000,-0.4500,357.2420,180.4240,0.2550,0.0000,0.0000,0.0000
76.338,432.1468,-0.9503,256.1213,0.2510,3.8000,-0.4500,357.2420,180.4240,0.2551,0.0000,0.0000,0.0000
76.463,431.8964,-0.9735,256.0881,0.2510,3.8000,-0.4500,357.1852,180.4236,0.4110,0.0000,0.0000,0.0000
76.573,431.6870,-0.9931,256.0598,0.2510,3.8000,-0.4500,357.1852,180.4236,0.4110,0.0000,0.0000,0.0000
76.683,431.4374,-1.0124,256.0262,0.2510,3.8000,-0.4500,357.1381,180.4232,0.5684,0.0000,0.0000,0.0000
76.808,431.1870,-1.0321,255.9941,0.2510,3.8000,-0.4500,357.1381,180.4232,0.5684,0.0000,0.0000,0.0000
76.919,430.9375,-1.0474,255.9657,0.2510,3.8000,-0.4500,357.0997,180.4228,0.7294,0.0000,0.0000,0.0000
77.031,430.7289,-1.0608,255.9438,0.2510,3.8000,-0.4500,357.0997,180.4228,0.7294,0.0000,0.0000,0.0000
77.141,430.4798,-1.0726,255.9215,0.2510,3.8000,-0.4500,357.0690,180.4224,0.8954,0.0000,0.0000,0.0000
77.253,430.2712,-1.0834,255.9053,0.2510,3.8000,-0.4500,357.0690,180.4224,0.8954,0.0000,0.0000,0.0000
77.377,429.9799,-1.0958,255.9053,0.2510,3.8000,-0.4500,357.0567,180.4222,0.9784,0.0000,0.0000,0.0000
77.502,429.7314,-1.1042,255.9264,0.2510,3.8000,-0.4500,357.0345,180.4218,1.1454,0.0000,0.0000,0.0000
77.627,429.4825,-1.1145,255.9608,0.2510,3.8000,-0.4500,357.0345,180.4218,1.1454,0.0000,0.0000,0.0000
77.741,429.2359,-1.1198,256.0049,0.2510,3.8000,-0.4500,357.0068,180.4211,1.3957,0.0000,0.0000,0.0000
77.852,429.0296,-1.1269,256.0479,0.2510,3.8000,-0.4500,357.0068,180.4211,1.3957,0.0000,0.0000,0.0000
77.963,428.7828,-1.1348,256.1052,0.2510,3.8000,-0.4500,357.0068,180.4211,1.3957,0.0000,0.0000,0.0000
78.071,428.5774,-1.1407,256.1564,0.2510,3.8000,-0.4500,357.0068,180.4211,1.3956,0.0000,0.0000,0.0000
78.183,428.3326,-1.1444,256.2210,0.2510,3.8000,-0.4500,356.9892,180.4207,1.5570,0.0000,0.0000,0.0000
78.308,428.0872,-1.1502,256.2887,0.2510,3.8000,-0.4500,356.9892,180.4207,1.5570,0.0000,0.0000,0.0000
78.420,427.8422,-1.1555,256.3587,0.2510,3.8000,-0.4500,356.9892,180.4207,1.5570,0.0000,0.0000,0.0000
78.529,427.6382,-1.1597,256.4181,0.2510,3.8000,-0.4500,356.9892,180.4207,1.5570,0.0000,0.0000,0.0000
78.641,427.3944,-1.1630,256.4903,0.2510,3.8000,-0.4500,356.9771,180.4203,1.6397,0.0000,0.0000,0.0000
78.755,427.1908,-1.1668,256.5511,0.2510,3.8000,-0.4500,356.9771,180.4203,1.6397,0.0000,0.0000,0.0000
78.880,426.9059,-1.1721,256.6372,0.2510,3.8000,-0.4500,356.9771,180.4203,1.6397,0.0000,0.0000,0.0000
78.992,426.7025,-1.1759,256.6991,0.2510,3.8000,-0.4500,356.9771,180.4203,1.6397,0.0000,0.0000,0.0000
79.103,426.4589,-1.1795,256.7737,0.2510,3.8000,-0.4500,356.9617,180.4199,1.7190,0.0000,0.0000,0.0000
79.216,426.2555,-1.1836,256.8360,0.2510,3.8000,-0.4500,356.9617,180.4199,1.7190,0.0000,0.0000,0.0000
79.325,426.0114,-1.1889,256.9099,0.2510,3.8000,-0.4500,356.9617,180.4199,1.7190,0.0000,0.0000,0.0000
79.435,425.8078,-1.1935,256.9702,0.2510,3.8000,-0.4500,356.9617,180.4199,1.7190,0.0000,0.0000,0.0000
79.547,425.5633,-1.1992,257.0412,0.2510,3.8000,-0.4500,356.9617,180.4199,1.7190,0.0000,0.0000,0.0000
79.656,425.3595,-1.2042,257.0989,0.2510,3.8000,-0.4500,356.9617,180.4199,1.7190,0.0000,0.0000,0.0000
79.765,425.1148,-1.2105,257.1666,0.2510,3.8000,-0.4500,356.9617,180.4199,1.7190,0.0000,0.0000,0.0000
79.879,424.8698,-1.2171,257.2327,0.2510,3.8000,-0.4500,356.9617,180.4199,1.7190,0.0000,0.0000,0.0000
79.988,424.6656,-1.2228,257.2870,0.2510,3.8000,-0.4500,356.9617,180.4199,1.7190,0.0000,0.0000,0.0000
80.112,424.4204,-1.2298,257.3519,0.2510,3.8000,-0.4500,356.9617,180.4199,1.7190,0.0000,0.0000,0.0000
80.238,424.1343,-1.2382,257.4274,0.2510,3.8000,-0.4500,356.9617,180.4199,1.7190,0.0000,0.0000,0.0000
80.363,423.8889,-1.2454,257.4921,0.2510,3.8000,-0.4500,356.9616,180.4199,1.7190,0.0000,0.0000,0.0000
80.487,423.6435,-1.2526,257.5565,0.2510,3.8000,-0.4500,356.9616,180.4199,1.7190,0.0000,0.0000,0.0000
80.588,423.4389,-1.2584,257.6102,0.2510,3.8000,-0.4500,356.9616,180.4199,1.7190,0.0000,0.0000,0.0000
80.696,423.2343,-1.2638,257.6632,0.2510,3.8000,-0.4500,356.9616,180.4199,1.7190,0.0000,0.0000,0.0000
80.809,422.9885,-1.2698,257.7260,0.2510,3.8000,-0.4500,356.9616,180.4199,1.7190,0.0000,0.0000,0.0000
80.921,422.7426,-1.2751,257.7877,0.2510,3.8000,-0.4500,356.9616,180.4199,1.7190,0.0000,0.0000,0.0000
81.031,422.5375,-1.2786,257.8383,0.2510,3.8000,-0.4500,356.9616,180.4199,1.7190,0.0000,0.0000,0.0000
81.140,422.2915,-1.2819,257.8983,0.2510,3.8000,-0.4500,356.9616,180.4199,1.7190,0.0000,0.0000,0.0000
81.265,422.0453,-1.2837,257.9576,0.2510,3.8000,-0.4500,356.9616,180.4199,1.7190,0.0000,0.0000,0.0000
81.376,421.8401,-1.2840,258.0065,0.2510,3.8000,-0.4500,356.9616,180.4199,1.7190,0.0000,0.0000,0.0000
81.488,421.5938,-1.2827,258.0648,0.2510,3.8000,-0.4500,356.9616,180.4199,1.7190,0.0000,0.0000,0.0000
81.615,421.3476,-1.2794,258.1227,0.2510,3.8000,-0.4500,356.9616,180.4199,1.7190,0.0000,0.0000,0.0000
81.723,421.1019,-1.2724,258.1798,0.2510,3.8000,-0.4500,357.0298,180.4220,1.7649,0.0000,0.0000,0.0000
81.849,420.8563,-1.2631,258.2371,0.2510,3.8000,-0.4500,357.0992,180.4241,1.8088,0.0000,0.0000,0.0000
81.960,420.6115,-1.2487,258.2940,0.2510,3.8000,-0.4500,357.3250,180.4315,1.9213,0.0000,0.0000,0.0000
82.071,420.4069,-1.2377,258.3434,0.2510,3.8000,-0.4500,357.3250,180.4315,1.9213,0.0000,0.0000,0.0000
82.196,420.1621,-1.2195,258.4023,0.2510,3.8000,-0.4500,357.4807,180.4368,1.9793,0.0000,0.0000,0.0000
82.321,419.8769,-1.1937,258.4718,0.2510,3.8000,-0.4500,357.7178,180.4452,2.0514,0.0000,0.0000,0.0000
82.434,419.6734,-1.1728,258.5220,0.2510,3.8000,-0.4500,357.8768,180.4509,2.0924,0.0000,0.0000,0.0000
82.543,419.4293,-1.1449,258.5830,0.2510,3.8000,-0.4500,358.0411,180.4570,2.1284,0.0000,0.0000,0.0000
82.668,419.1856,-1.1133,258.6269,0.2510,3.8000,-0.4500,358.2017,180.4630,2.1623,0.0000,0.0000,0.0000
82.793,418.9423,-1.0767,258.6247,0.2510,3.8000,-0.4500,358.4477,180.4724,2.2060,0.0000,0.0000,0.0000
82.918,418.6585,-1.0314,258.5913,0.2510,3.8000,-0.4500,358.5270,180.4754,2.2197,0.0000,0.0000,0.0000
83.029,418.4562,-0.9952,258.5550,0.2510,3.8000,-0.4500,358.6861,180.4817,2.2446,0.0000,0.0000,0.0000
83.154,418.2138,-0.9472,258.5030,0.2510,3.8000,-0.4500,359.0169,180.4948,2.2933,0.0000,0.0000,0.0000
83.267,417.9713,-0.8996,258.4476,0.2510,3.8000,-0.4500,359.0169,180.4948,2.2933,0.0000,0.0000,0.0000
83.376,417.7696,-0.8557,258.3978,0.2510,3.8000,-0.4500,359.1808,180.5014,2.3166,0.0000,0.0000,0.0000
83.487,417.5280,-0.7995,258.3353,0.2510,3.8000,-0.4500,359.4299,180.5115,2.3528,0.0000,0.0000,0.0000
83.587,417.3268,-0.7514,258.2825,0.2510,3.8000,-0.4500,359.5103,180.5148,2.3660,0.0000,0.0000,0.0000
83.696,417.1259,-0.7000,258.2279,0.2510,3.8000,-0.4500,359.6708,180.5215,2.3945,0.0000,0.0000,0.0000
83.821,416.8451,-0.6252,258.1504,0.2510,3.8000,-0.4500,359.7504,180.5248,2.4099,0.0000,0.0000,0.0000
83.945,416.6054,-0.5535,258.0806,0.2510,3.8000,-0.4500,0.0864,180.5392,2.4964,0.0000,0.0000,0.0000
84.071,416.3656,-0.4818,258.0110,0.2510,3.8000,-0.4500,0.0864,180.5392,2.4964,0.0000,0.0000,0.0000
84.195,416.1273,-0.4017,257.9376,0.2510,3.8000,-0.4500,0.4037,180.5534,2.6067,0.0000,0.0000,0.0000
84.307,415.8893,-0.3201,257.9059,0.2510,3.8000,-0.4500,0.4797,180.5568,2.6389,0.0000,0.0000,0.0000
84.417,415.6523,-0.2318,257.9205,0.2510,3.8000,-0.4500,0.6319,180.5639,2.7052,0.0000,0.0000,0.0000
84.543,415.4168,-0.1370,257.9615,0.2510,3.8000,-0.4500,0.8594,180.5749,2.8157,0.0000,0.0000,0.0000
84.643,415.2206,-0.0573,258.0096,0.2510,3.8000,-0.4500,0.8594,180.5749,2.8157,0.0000,0.0000,0.0000
84.764,414.9867,0.0451,258.0757,0.2510,3.8000,-0.4500,1.0098,180.5824,2.8943,0.0000,0.0000,0.0000
84.890,414.7546,0.1542,258.1478,0.2510,3.8000,-0.4500,1.3024,180.5976,3.0525,0.0000,0.0000,0.0000
85.001,414.5222,0.2621,258.2273,0.2510,3.8000,-0.4500,1.3024,180.5976,3.0525,0.0000,0.0000,0.0000
85.114,414.3297,0.3572,258.2953,0.2510,3.8000,-0.4500,1.4478,180.6055,3.1327,0.0000,0.0000,0.0000
85.223,414.0987,0.4711,258.3813,0.2510,3.8000,-0.4500,1.4478,180.6055,3.1327,0.0000,0.0000,0.0000
85.323,413.9073,0.5705,258.4536,0.2510,3.8000,-0.4500,1.5956,180.6137,3.2122,0.0000,0.0000,0.0000
85.433,413.7157,0.6689,258.5286,0.2510,3.8000,-0.4500,1.5956,180.6137,3.2122,0.0000,0.0000,0.0000
85.556,413.4865,0.7898,258.6194,0.2510,3.8000,-0.4500,1.6703,180.6179,3.2494,0.0000,0.0000,0.0000
85.668,413.2580,0.9131,258.7109,0.2510,3.8000,-0.4500,1.8209,180.6265,3.3183,0.0000,0.0000,0.0000
85.793,413.0291,1.0347,258.8048,0.2510,3.8000,-0.4500,1.8209,180.6265,3.3183,0.0000,0.0000,0.0000
85.918,412.7621,1.1768,258.9153,0.2510,3.8000,-0.4500,1.8209,180.6265,3.3183,0.0000,0.0000,0.0000
86.029,412.5715,1.2780,258.9947,0.2510,3.8000,-0.4500,1.8209,180.6265,3.3183,0.0000,0.0000,0.0000
86.154,412.3427,1.3987,259.0903,0.2510,3.8000,-0.4500,1.8209,180.6265,3.3183,0.0000,0.0000,0.0000
86.279,412.0753,1.5376,259.2021,0.2510,3.8000,-0.4500,1.8209,180.6265,3.3183,0.0000,0.0000,0.0000
86.404,411.8457,1.6546,259.2985,0.2510,3.8000,-0.4500,1.8209,180.6265,3.3183,0.0000,0.0000,0.0000
86.515,411.6540,1.7501,259.3788,0.2510,3.8000,-0.4500,1.8209,180.6265,3.3183,0.0000,0.0000,0.0000
86.640,411.3848,1.8798,259.4908,0.2510,3.8000,-0.4500,1.8209,180.6265,3.3183,0.0000,0.0000,0.0000
86.765,411.1535,1.9867,259.5863,0.2510,3.8000,-0.4500,1.8209,180.6265,3.3182,0.0000,0.0000,0.0000
86.890,410.9213,2.0889,259.6817,0.2510,3.8000,-0.4500,1.8209,180.6265,3.3182,0.0000,0.0000,0.0000
87.001,410.6881,2.1858,259.7769,0.2510,3.8000,-0.4500,1.8209,180.6265,3.3182,0.0000,0.0000,0.0000
87.126,410.4526,2.2747,259.8711,0.2510,3.8000,-0.4500,1.8967,180.6308,3.1700,0.0000,0.0000,0.0000
87.251,410.2157,2.3566,259.9644,0.2510,3.8000,-0.4500,1.9256,180.6324,3.0087,0.0000,0.0000,0.0000
87.376,409.9773,2.4311,260.0560,0.2510,3.8000,-0.4500,1.9345,180.6329,2.8416,0.0000,0.0000,0.0000
87.501,409.6959,2.5056,260.1598,0.2510,3.8000,-0.4500,1.8748,180.6301,2.5136,0.0000,0.0000,0.0000
87.613,409.4930,2.5499,260.2320,0.2510,3.8000,-0.4500,1.7463,180.6248,2.1988,0.0000,0.0000,0.0000
87.737,409.2077,2.6046,260.3281,0.2510,3.8000,-0.4500,1.5854,180.6190,1.9069,0.0000,0.0000,0.0000
87.848,409.0025,2.6360,260.3937,0.2510,3.8000,-0.4500,1.4482,180.6147,1.6982,0.0000,0.0000,0.0000
87.973,408.7549,2.6661,260.4689,0.2510,3.8000,-0.4500,1.2930,180.6104,1.4889,0.0000,0.0000,0.0000
88.098,408.4634,2.6868,260.5532,0.2510,3.8000,-0.4500,1.0217,180.6042,1.1483,0.0000,0.0000,0.0000
88.223,408.2120,2.6945,260.6221,0.2510,3.8000,-0.4500,0.7850,180.6000,0.8772,0.0000,0.0000,0.0000
88.325,408.0013,2.6926,260.6779,0.2510,3.8000,-0.4500,0.5546,180.5970,0.6206,0.0000,0.0000,0.0000
88.443,407.7479,2.6827,260.7430,0.2510,3.8000,-0.4500,0.3197,180.5950,0.3705,0.0000,0.0000,0.0000
88.544,407.5355,2.6662,260.7968,0.2510,3.8000,-0.4500,0.0913,180.5940,0.1322,0.0000,0.0000,0.0000
88.653,407.3232,2.6457,260.8495,0.2510,3.8000,-0.4500,359.9691,180.5938,0.0090,0.0000,0.0000,0.0000
88.779,407.0234,2.5994,260.9246,0.2510,3.8000,-0.4500,359.5452,180.5953,359.5891,0.0000,0.0000,0.0000
88.903,406.7668,2.5542,260.9878,0.2510,3.8000,-0.4500,359.3672,180.5969,359.4192,0.0000,0.0000,0.0000
89.017,406.5096,2.4997,261.0513,0.2510,3.8000,-0.4500,359.1895,180.5989,359.2516,0.0000,0.0000,0.0000
89.128,406.2943,2.4449,261.1048,0.2510,3.8000,-0.4500,358.9319,180.6028,359.0173,0.0000,0.0000,0.0000
89.239,406.0363,2.3742,261.1682,0.2510,3.8000,-0.4500,358.7452,180.6063,358.8501,0.0000,0.0000,0.0000
89.348,405.8205,2.3067,261.2220,0.2510,3.8000,-0.4500,358.4878,180.6120,358.6290,0.0000,0.0000,0.0000
89.459,405.5626,2.2242,261.2849,0.2510,3.8000,-0.4500,358.4246,180.6135,358.5754,0.0000,0.0000,0.0000
89.584,405.3026,2.1267,261.3497,0.2510,3.8000,-0.4500,358.0154,180.6249,358.2466,0.0000,0.0000,0.0000
89.695,405.0874,2.0465,261.4028,0.2510,3.8000,-0.4500,357.9511,180.6269,358.1980,0.0000,0.0000,0.0000
89.820,404.7856,1.9245,261.4789,0.2510,3.8000,-0.4500,357.7444,180.6336,358.0476,0.0000,0.0000,0.0000
89.945,404.5270,1.8146,261.5451,0.2510,3.8000,-0.4500,357.6045,180.6385,357.9492,0.0000,0.0000,0.0000
90.056,404.3113,1.7177,261.6020,0.2510,3.8000,-0.4500,357.3959,180.6463,357.8151,0.0000,0.0000,0.0000
90.169,404.0533,1.6009,261.6720,0.2510,3.8000,-0.4500,357.3255,180.6490,357.7739,0.0000,0.0000,0.0000
90.293,403.7955,1.4792,261.7461,0.2510,3.8000,-0.4500,357.1785,180.6548,357.6937,0.0000,0.0000,0.0000
90.417,403.4955,1.3353,261.8363,0.2510,3.8000,-0.4500,357.1078,180.6577,357.6577,0.0000,0.0000,0.0000
90.542,403.2386,1.2084,261.9169,0.2510,3.8000,-0.4500,356.9531,180.6641,357.5955,0.0000,0.0000,0.0000
90.653,403.0249,1.1037,261.9846,0.2510,3.8000,-0.4500,356.9531,180.6641,357.5955,0.0000,0.0000,0.0000
90.764,402.7687,0.9776,262.0669,0.2510,3.8000,-0.4500,356.9531,180.6641,357.5955,0.0000,0.0000,0.0000
90.889,402.5124,0.8492,262.1501,0.2510,3.8000,-0.4500,356.7018,180.6747,357.5565,0.0000,0.0000,0.0000
91.000,402.2563,0.7249,262.2300,0.2510,3.8000,-0.4500,356.7018,180.6747,357.5565,0.0000,0.0000,0.0000
91.113,402.0428,0.6227,262.2957,0.2510,3.8000,-0.4500,356.7018,180.6747,357.5565,0.0000,0.0000,0.0000
91.236,401.7868,0.5025,262.3736,0.2510,3.8000,-0.4500,356.7018,180.6747,357.5565,0.0000,0.0000,0.0000
91.361,401.4884,0.3665,262.4636,0.2510,3.8000,-0.4500,356.7018,180.6747,357.5565,0.0000,0.0000,0.0000
91.486,401.2334,0.2549,262.5412,0.2510,3.8000,-0.4500,356.5703,180.6803,357.6567,0.0000,0.0000,0.0000
91.612,400.9779,0.1473,262.6163,0.2510,3.8000,-0.4500,356.5703,180.6803,357.6567,0.0000,0.0000,0.0000
91.725,400.7230,0.0456,262.6902,0.2510,3.8000,-0.4500,356.5206,180.6823,357.7212,0.0000,0.0000,0.0000
91.833,400.5121,-0.0311,262.7509,0.2510,3.8000,-0.4500,356.3809,180.6875,358.0298,0.0000,0.0000,0.0000
91.958,400.2144,-0.1359,262.8297,0.2510,3.8000,-0.4500,356.3703,180.6878,358.1126,0.0000,0.0000,0.0000
92.058,400.0029,-0.2020,262.8829,0.2510,3.8000,-0.4500,356.3507,180.6884,358.3629,0.0000,0.0000,0.0000
92.167,399.7902,-0.2659,262.9321,0.2510,3.8000,-0.4500,356.3605,180.6882,358.4482,0.0000,0.0000,0.0000
92.292,399.5358,-0.3331,262.9854,0.2510,3.8000,-0.4500,356.3994,180.6872,358.7052,0.0000,0.0000,0.0000
92.417,399.2386,-0.4004,263.0122,0.2510,3.8000,-0.4500,356.4914,180.6854,359.0248,0.0000,0.0000,0.0000
92.530,399.0263,-0.4413,263.0154,0.2510,3.8000,-0.4500,356.5887,180.6839,359.2587,0.0000,0.0000,0.0000
92.639,398.7707,-0.4863,263.0119,0.2510,3.8000,-0.4500,356.6607,180.6831,359.4080,0.0000,0.0000,0.0000
92.750,398.5587,-0.5160,263.0042,0.2510,3.8000,-0.4500,356.7914,180.6820,359.6364,0.0000,0.0000,0.0000
92.875,398.3040,-0.5483,262.9909,0.2510,3.8000,-0.4500,356.8783,180.6816,359.7801,0.0000,0.0000,0.0000
92.987,398.0503,-0.5725,262.9740,0.2510,3.8000,-0.4500,357.0245,180.6813,359.9841,0.0000,0.0000,0.0000
93.111,397.7969,-0.5907,262.9566,0.2510,3.8000,-0.4500,357.1844,180.6815,0.1784,0.0000,0.0000,0.0000
93.236,397.5436,-0.6049,262.9402,0.2510,3.8000,-0.4500,357.2950,180.6820,0.3042,0.0000,0.0000,0.0000
93.361,397.2491,-0.6119,262.9214,0.2510,3.8000,-0.4500,357.5539,180.6839,0.5429,0.0000,0.0000,0.0000
93.486,396.9958,-0.6163,262.9081,0.2510,3.8000,-0.4500,357.6207,180.6846,0.5957,0.0000,0.0000,0.0000
93.611,396.7437,-0.6125,262.8943,0.2510,3.8000,-0.4500,357.8230,180.6870,0.7505,0.0000,0.0000,0.0000
93.736,396.4923,-0.6024,262.8924,0.2510,3.8000,-0.4500,358.0992,180.6910,0.9391,0.0000,0.0000,0.0000
93.862,396.1997,-0.5877,262.9158,0.2510,3.8000,-0.4500,358.2413,180.6935,1.0313,0.0000,0.0000,0.0000
93.986,395.9505,-0.5684,262.9517,0.2510,3.8000,-0.4500,358.3828,180.6961,1.1227,0.0000,0.0000,0.0000
94.111,395.7034,-0.5405,262.9986,0.2510,3.8000,-0.4500,358.6635,180.7021,1.3030,0.0000,0.0000,0.0000
94.236,395.4575,-0.5073,263.0558,0.2510,3.8000,-0.4500,358.8812,180.7073,1.4445,0.0000,0.0000,0.0000
94.348,395.2131,-0.4679,263.1208,0.2510,3.8000,-0.4500,359.0882,180.7128,1.5802,0.0000,0.0000,0.0000
94.472,394.9697,-0.4231,263.1915,0.2510,3.8000,-0.4500,359.2215,180.7165,1.6686,0.0000,0.0000,0.0000
94.598,394.6877,-0.3601,263.2774,0.2510,3.8000,-0.4500,359.4997,180.7251,1.8559,0.0000,0.0000,0.0000
94.723,394.4472,-0.2996,263.3539,0.2510,3.8000,-0.4500,359.7075,180.7321,1.9968,0.0000,0.0000,0.0000
94.834,394.2477,-0.2435,263.4185,0.2510,3.8000,-0.4500,359.9198,180.7398,2.1410,0.0000,0.0000,0.0000
94.945,394.0087,-0.1728,263.4972,0.2510,3.8000,-0.4500,0.0580,180.7450,2.2344,0.0000,0.0000,0.0000
95.056,393.8108,-0.1076,263.5624,0.2510,3.8000,-0.4500,0.2667,180.7534,2.3740,0.0000,0.0000,0.0000
95.165,393.5737,-0.0265,263.6417,0.2510,3.8000,-0.4500,0.4017,180.7591,2.4636,0.0000,0.0000,0.0000
95.291,393.3376,0.0612,263.7201,0.2510,3.8000,-0.4500,0.6168,180.7686,2.6000,0.0000,0.0000,0.0000
95.401,393.1021,0.1522,263.7987,0.2510,3.8000,-0.4500,0.7586,180.7752,2.6861,0.0000,0.0000,0.0000
95.527,392.8664,0.2448,263.8782,0.2510,3.8000,-0.4500,0.7586,180.7752,2.6861,0.0000,0.0000,0.0000
95.651,392.6328,0.3465,263.9550,0.2510,3.8000,-0.4500,1.0578,180.7897,2.8532,0.0000,0.0000,0.0000
95.776,392.3984,0.4461,264.0342,0.2510,3.8000,-0.4500,1.0578,180.7897,2.8532,0.0000,0.0000,0.0000
95.901,392.1264,0.5692,264.1246,0.2510,3.8000,-0.4500,1.2873,180.8013,2.9566,0.0000,0.0000,0.0000
96.013,391.9317,0.6563,264.1903,0.2510,3.8000,-0.4500,1.2873,180.8013,2.9566,0.0000,0.0000,0.0000
96.137,391.6599,0.7818,264.2813,0.2510,3.8000,-0.4500,1.4401,180.8093,3.0064,0.0000,0.0000,0.0000
96.238,391.4655,0.8708,264.3476,0.2510,3.8000,-0.4500,1.4401,180.8093,3.0064,0.0000,0.0000,0.0000
96.346,391.2711,0.9599,264.4147,0.2510,3.8000,-0.4500,1.4401,180.8093,3.0064,0.0000,0.0000,0.0000
96.457,391.0380,1.0683,264.4951,0.2510,3.8000,-0.4500,1.6047,180.8180,3.0253,0.0000,0.0000,0.0000
96.571,390.8435,1.1568,264.5639,0.2510,3.8000,-0.4500,1.6047,180.8180,3.0253,0.0000,0.0000,0.0000
96.679,390.6098,1.2622,264.6468,0.2510,3.8000,-0.4500,1.6870,180.8223,3.0103,0.0000,0.0000,0.0000
96.779,390.4148,1.3484,264.7168,0.2510,3.8000,-0.4500,1.6870,180.8223,3.0103,0.0000,0.0000,0.0000
96.887,390.2191,1.4335,264.7859,0.2510,3.8000,-0.4500,1.8449,180.8306,2.9576,0.0000,0.0000,0.0000
97.013,389.9838,1.5326,264.8698,0.2510,3.8000,-0.4500,1.9143,180.8341,2.9140,0.0000,0.0000,0.0000
97.137,389.7078,1.6440,264.9665,0.2510,3.8000,-0.4500,2.0463,180.8407,2.8195,0.0000,0.0000,0.0000
97.263,389.4698,1.7350,265.0485,0.2510,3.8000,-0.4500,2.1543,180.8459,2.6965,0.0000,0.0000,0.0000
97.388,389.2306,1.8218,265.1292,0.2510,3.8000,-0.4500,2.2447,180.8501,2.5579,0.0000,0.0000,0.0000
97.513,388.9905,1.9052,265.2081,0.2510,3.8000,-0.4500,2.2871,180.8519,2.4869,0.0000,0.0000,0.0000
97.637,388.7069,1.9935,265.2964,0.2510,3.8000,-0.4500,2.4188,180.8573,2.1767,0.0000,0.0000,0.0000
97.749,388.5042,2.0545,265.3570,0.2510,3.8000,-0.4500,2.4419,180.8582,2.0979,0.0000,0.0000,0.0000
97.874,388.2579,2.1196,265.4268,0.2510,3.8000,-0.4500,2.5222,180.8609,1.7648,0.0000,0.0000,0.0000
97.999,387.9695,2.1911,265.5039,0.2510,3.8000,-0.4500,2.5625,180.8621,1.5120,0.0000,0.0000,0.0000
98.124,387.7204,2.2461,265.5667,0.2510,3.8000,-0.4500,2.5914,180.8628,1.2610,0.0000,0.0000,0.0000
98.234,387.5114,2.2871,265.6171,0.2510,3.8000,-0.4500,2.6139,180.8632,1.0160,0.0000,0.0000,0.0000
98.359,387.2179,2.3393,265.6858,0.2510,3.8000,-0.4500,2.6211,180.8633,0.7606,0.0000,0.0000,0.0000
98.484,386.9653,2.3786,265.7440,0.2510,3.8000,-0.4500,2.6229,180.8633,0.5947,0.0000,0.0000,0.0000
98.596,386.7527,2.4031,265.7936,0.2510,3.8000,-0.4500,2.6054,180.8632,0.2566,0.0000,0.0000,0.0000
98.707,386.4987,2.4324,265.8542,0.2510,3.8000,-0.4500,2.5995,180.8632,0.1753,0.0000,0.0000,0.0000
98.818,386.2417,2.4487,265.9173,0.2510,3.8000,-0.4500,2.5382,180.8633,359.7572,0.0000,0.0000,0.0000
98.942,385.9851,2.4612,265.9821,0.2510,3.8000,-0.4500,2.4823,180.8636,359.5138,0.0000,0.0000,0.0000
99.068,385.7281,2.4680,266.0491,0.2510,3.8000,-0.4500,2.4374,180.8641,359.3535,0.0000,0.0000,0.0000
99.193,385.4695,2.4640,266.1183,0.2510,3.8000,-0.4500,2.3281,180.8656,359.0334,0.0000,0.0000,0.0000
99.318,385.1678,2.4524,266.1995,0.2510,3.8000,-0.4500,2.2325,180.8674,358.8040,0.0000,0.0000,0.0000
99.430,384.9509,2.4346,266.2586,0.2510,3.8000,-0.4500,2.0829,180.8709,358.5060,0.0000,0.0000,0.0000
99.540,384.6909,2.4086,266.3292,0.2510,3.8000,-0.4500,1.9484,180.8747,358.2845,0.0000,0.0000,0.0000
99.654,384.4740,2.3818,266.3867,0.2510,3.8000,-0.4500,1.8570,180.8776,358.1421,0.0000,0.0000,0.0000
99.762,384.2124,2.3384,266.4564,0.2510,3.8000,-0.4500,1.6080,180.8864,357.8125,0.0000,0.0000,0.0000
99.873,383.9954,2.3012,266.5142,0.2510,3.8000,-0.4500,1.5575,180.8883,357.7503,0.0000,0.0000,0.0000
99.984,383.7338,2.2454,266.5857,0.2510,3.8000,-0.4500,1.3244,180.8980,357.5057,0.0000,0.0000,0.0000
100.109,383.4727,2.1838,266.6588,0.2510,3.8000,-0.4500,1.1427,180.9062,357.3307,0.0000,0.0000,0.0000
100.220,383.2115,2.1139,266.7357,0.2510,3.8000,-0.4500,0.8868,180.9186,357.1212,0.0000,0.0000,0.0000
100.345,382.9509,2.0389,266.8156,0.2510,3.8000,-0.4500,0.6792,180.9293,356.9772,0.0000,0.0000,0.0000
100.470,382.6910,1.9592,266.8987,0.2510,3.8000,-0.4500,0.5427,180.9366,356.8876,0.0000,0.0000,0.0000
100.582,382.4315,1.8727,266.9863,0.2510,3.8000,-0.4500,0.3283,180.9485,356.7717,0.0000,0.0000,0.0000
100.692,382.2155,1.7961,267.0634,0.2510,3.8000,-0.4500,0.0998,180.9616,356.6688,0.0000,0.0000,0.0000
100.807,381.9572,1.7008,267.1607,0.2510,3.8000,-0.4500,359.8621,180.9756,356.5858,0.0000,0.0000,0.0000
100.928,381.6998,1.6027,267.2628,0.2510,3.8000,-0.4500,359.6997,180.9854,356.5446,0.0000,0.0000,0.0000
101.028,381.4857,1.5182,267.3516,0.2510,3.8000,-0.4500,359.5391,180.9951,356.5134,0.0000,0.0000,0.0000
101.137,381.2295,1.4155,267.4614,0.2510,3.8000,-0.4500,359.4587,181.0000,356.5009,0.0000,0.0000,0.0000
101.248,381.0165,1.3268,267.5565,0.2510,3.8000,-0.4500,359.2055,181.0155,356.4899,0.0000,0.0000,0.0000
101.372,380.7614,1.2206,267.6717,0.2510,3.8000,-0.4500,359.0412,181.0256,356.5010,0.0000,0.0000,0.0000
101.473,380.5493,1.1316,267.7689,0.2510,3.8000,-0.4500,358.8724,181.0359,356.5339,0.0000,0.0000,0.0000
101.584,380.2948,1.0256,267.8849,0.2510,3.8000,-0.4500,358.7892,181.0409,356.5524,0.0000,0.0000,0.0000
101.694,380.0833,0.9377,267.9827,0.2510,3.8000,-0.4500,358.5516,181.0550,356.6408,0.0000,0.0000,0.0000
101.806,379.8297,0.8342,268.0987,0.2510,3.8000,-0.4500,358.4098,181.0633,356.7169,0.0000,0.0000,0.0000
101.917,379.6185,0.7499,268.1950,0.2510,3.8000,-0.4500,358.2733,181.0710,356.8093,0.0000,0.0000,0.0000
102.026,379.3661,0.6526,268.3100,0.2510,3.8000,-0.4500,358.0279,181.0842,357.0328,0.0000,0.0000,0.0000
102.126,379.1544,0.5723,268.4033,0.2510,3.8000,-0.4500,358.0279,181.0842,357.0328,0.0000,0.0000,0.0000
102.235,378.9444,0.4971,268.4969,0.2510,3.8000,-0.4500,357.8806,181.0916,357.2352,0.0000,0.0000,0.0000
102.345,378.6923,0.4106,268.6072,0.2510,3.8000,-0.4500,357.7568,181.0974,357.4565,0.0000,0.0000,0.0000
102.470,378.4398,0.3281,268.7146,0.2510,3.8000,-0.4500,357.6918,181.1001,357.6113,0.0000,0.0000,0.0000
102.582,378.1872,0.2505,268.8185,0.2510,3.8000,-0.4500,357.6367,181.1024,357.7665,0.0000,0.0000,0.0000
102.706,377.9348,0.1782,268.9188,0.2510,3.8000,-0.4500,357.5928,181.1040,357.9246,0.0000,0.0000,0.0000
102.819,377.6839,0.1155,269.0150,0.2510,3.8000,-0.4500,357.5292,181.1061,358.3402,0.0000,0.0000,0.0000
102.930,377.4725,0.0615,269.0900,0.2510,3.8000,-0.4500,357.5292,181.1061,358.3402,0.0000,0.0000,0.0000
103.040,377.2204,0.0059,269.1757,0.2510,3.8000,-0.4500,357.5322,181.1060,358.5925,0.0000,0.0000,0.0000
103.141,377.0090,-0.0405,269.2439,0.2510,3.8000,-0.4500,357.5322,181.1060,358.5925,0.0000,0.0000,0.0000
103.248,376.7994,-0.0791,269.3110,0.2510,3.8000,-0.4500,357.5668,181.1053,358.8450,0.0000,0.0000,0.0000
103.373,376.5461,-0.1271,269.3901,0.2510,3.8000,-0.4500,357.5668,181.1053,358.8450,0.0000,0.0000,0.0000
103.498,376.2529,-0.1713,269.4810,0.2510,3.8000,-0.4500,357.6674,181.1035,359.1678,0.0000,0.0000,0.0000
103.624,376.0001,-0.2103,269.5578,0.2510,3.8000,-0.4500,357.6674,181.1035,359.1678,0.0000,0.0000,0.0000
103.734,375.7899,-0.2380,269.6204,0.2510,3.8000,-0.4500,357.7036,181.1030,359.2414,0.0000,0.0000,0.0000
103.834,375.5809,-0.2596,269.6820,0.2510,3.8000,-0.4500,357.8270,181.1016,359.4613,0.0000,0.0000,0.0000
103.944,375.3286,-0.2876,269.7567,0.2510,3.8000,-0.4500,357.8270,181.1016,359.4613,0.0000,0.0000,0.0000
104.053,375.1194,-0.3048,269.8185,0.2510,3.8000,-0.4500,357.9222,181.1008,359.5949,0.0000,0.0000,0.0000
104.166,374.8682,-0.3242,269.8931,0.2510,3.8000,-0.4500,357.9742,181.1005,359.6582,0.0000,0.0000,0.0000
104.276,374.6593,-0.3358,269.9546,0.2510,3.8000,-0.4500,358.0851,181.1000,359.7818,0.0000,0.0000,0.0000
104.402,374.3667,-0.3496,270.0397,0.2510,3.8000,-0.4500,358.2082,181.0996,359.8954,0.0000,0.0000,0.0000
104.511,374.1574,-0.3591,270.1001,0.2510,3.8000,-0.4500,358.2082,181.0996,359.8954,0.0000,0.0000,0.0000
104.623,373.9067,-0.3652,270.1710,0.2510,3.8000,-0.4500,358.3387,181.0995,-0.0038,0.0000,0.0000,0.0000
104.737,373.6977,-0.3697,270.2296,0.2510,3.8000,-0.4500,358.4078,181.0995,0.0392,0.0000,0.0000,0.0000
104.845,373.4469,-0.3735,270.2992,0.2510,3.8000,-0.4500,358.4774,181.0996,0.0813,0.0000,0.0000,0.0000
104.970,373.1958,-0.3770,270.3686,0.2510,3.8000,-0.4500,358.4774,181.0996,0.0814,0.0000,0.0000,0.0000
105.084,372.9452,-0.3759,270.4358,0.2510,3.8000,-0.4500,358.7170,181.1001,0.1710,0.0000,0.0000,0.0000
105.206,372.6938,-0.3775,270.5040,0.2510,3.8000,-0.4500,358.7170,181.1001,0.1710,0.0000,0.0000,0.0000
105.318,372.4424,-0.3769,270.5701,0.2510,3.8000,-0.4500,358.8814,181.1006,0.1911,0.0000,0.0000,0.0000
105.428,372.2324,-0.3770,270.6223,0.2510,3.8000,-0.4500,358.9615,181.1009,0.1989,0.0000,0.0000,0.0000
105.553,371.9796,-0.3783,270.6801,0.2510,3.8000,-0.4500,358.9615,181.1009,0.1989,0.0000,0.0000,0.0000
105.668,371.7259,-0.3791,270.7314,0.2510,3.8000,-0.4500,359.1215,181.1014,0.1768,0.0000,0.0000,0.0000
105.792,371.4711,-0.3812,270.7763,0.2510,3.8000,-0.4500,359.2769,181.1019,0.1289,0.0000,0.0000,0.0000
105.907,371.2156,-0.3848,270.8144,0.2510,3.8000,-0.4500,359.2769,181.1019,0.1289,0.0000,0.0000,0.0000
106.009,371.0013,-0.3889,270.8400,0.2510,3.8000,-0.4500,359.4268,181.1021,0.0564,0.0000,0.0000,0.0000
106.110,370.7865,-0.3941,270.8620,0.2510,3.8000,-0.4500,359.4980,181.1022,0.0113,0.0000,0.0000,0.0000
106.220,370.5277,-0.4021,270.8826,0.2510,3.8000,-0.4500,359.6379,181.1021,359.9186,0.0000,0.0000,0.0000
106.333,370.3115,-0.4100,270.8966,0.2510,3.8000,-0.4500,359.7004,181.1019,359.8671,0.0000,0.0000,0.0000
106.442,370.0506,-0.4222,270.9100,0.2510,3.8000,-0.4500,359.8839,181.1013,359.6982,0.0000,0.0000,0.0000
106.567,369.7895,-0.4358,270.9229,0.2510,3.8000,-0.4500,359.9937,181.1006,359.5787,0.0000,0.0000,0.0000
106.681,369.5284,-0.4506,270.9362,0.2510,3.8000,-0.4500,0.0462,181.1001,359.5169,0.0000,0.0000,0.0000
106.790,369.3102,-0.4650,270.9480,0.2510,3.8000,-0.4500,0.1498,181.0992,359.3897,0.0000,0.0000,0.0000
106.914,369.0483,-0.4836,270.9659,0.2510,3.8000,-0.4500,0.2517,181.0979,359.2556,0.0000,0.0000,0.0000
107.040,368.7435,-0.5059,270.9937,0.2510,3.8000,-0.4500,0.3017,181.0973,359.1892,0.0000,0.0000,0.0000
107.150,368.5248,-0.5246,271.0168,0.2510,3.8000,-0.4500,0.4474,181.0950,358.9906,0.0000,0.0000,0.0000
107.251,368.3076,-0.5415,271.0442,0.2510,3.8000,-0.4500,0.4474,181.0950,358.9906,0.0000,0.0000,0.0000
107.359,368.0460,-0.5640,271.0805,0.2510,3.8000,-0.4500,0.5456,181.0931,358.8587,0.0000,0.0000,0.0000
107.484,367.7840,-0.5877,271.1204,0.2510,3.8000,-0.4500,0.7003,181.0898,358.6606,0.0000,0.0000,0.0000
107.609,367.5233,-0.6092,271.1664,0.2510,3.8000,-0.4500,0.7003,181.0898,358.6606,0.0000,0.0000,0.0000
107.720,367.2625,-0.6312,271.2170,0.2510,3.8000,-0.4500,0.7531,181.0885,358.5988,0.0000,0.0000,0.0000
107.831,367.0444,-0.6505,271.2615,0.2510,3.8000,-0.4500,0.9266,181.0840,358.4116,0.0000,0.0000,0.0000
107.959,366.7406,-0.6743,271.3302,0.2510,3.8000,-0.4500,0.9868,181.0823,358.3564,0.0000,0.0000,0.0000
108.069,366.5236,-0.6905,271.3821,0.2510,3.8000,-0.4500,1.0507,181.0804,358.3027,0.0000,0.0000,0.0000
108.178,366.2635,-0.7084,271.4473,0.2510,3.8000,-0.4500,1.1150,181.0785,358.2498,0.0000,0.0000,0.0000
108.289,366.0467,-0.7220,271.5034,0.2510,3.8000,-0.4500,1.1841,181.0764,358.2031,0.0000,0.0000,0.0000
108.402,365.7864,-0.7365,271.5721,0.2510,3.8000,-0.4500,1.3285,181.0717,358.1177,0.0000,0.0000,0.0000
108.511,365.5699,-0.7466,271.6317,0.2510,3.8000,-0.4500,1.3285,181.0717,358.1177,0.0000,0.0000,0.0000
108.623,365.3099,-0.7563,271.7032,0.2510,3.8000,-0.4500,1.4855,181.0665,358.0549,0.0000,0.0000,0.0000
108.733,365.0935,-0.7625,271.7644,0.2510,3.8000,-0.4500,1.4855,181.0665,358.0549,0.0000,0.0000,0.0000
108.845,364.8338,-0.7672,271.8377,0.2510,3.8000,-0.4500,1.5652,181.0637,358.0350,0.0000,0.0000,0.0000
108.956,364.6176,-0.7691,271.8992,0.2510,3.8000,-0.4500,1.5652,181.0637,358.0350,0.0000,0.0000,0.0000
109.066,364.3582,-0.7677,271.9718,0.2510,3.8000,-0.4500,1.7321,181.0580,358.0151,0.0000,0.0000,0.0000
109.191,364.0991,-0.7636,272.0445,0.2510,3.8000,-0.4500,1.8108,181.0553,358.0173,0.0000,0.0000,0.0000
109.316,363.8401,-0.7571,272.1169,0.2510,3.8000,-0.4500,1.8109,181.0552,358.0173,0.0000,0.0000,0.0000
109.427,363.5811,-0.7468,272.1854,0.2510,3.8000,-0.4500,1.8906,181.0525,358.0342,0.0000,0.0000,0.0000
109.552,363.3221,-0.7335,272.2500,0.2510,3.8000,-0.4500,1.9672,181.0499,358.0654,0.0000,0.0000,0.0000
109.678,363.0199,-0.7148,272.3205,0.2510,3.8000,-0.4500,2.0395,181.0475,358.1004,0.0000,0.0000,0.0000
109.802,362.7614,-0.6938,272.3756,0.2510,3.8000,-0.4500,2.1685,181.0433,358.2044,0.0000,0.0000,0.0000
109.927,362.5023,-0.6721,272.4268,0.2510,3.8000,-0.4500,2.1685,181.0433,358.2044,0.0000,0.0000,0.0000
110.052,362.2444,-0.6404,272.4716,0.2510,3.8000,-0.4500,2.3958,181.0367,358.4547,0.0000,0.0000,0.0000
110.177,361.9425,-0.6037,272.5177,0.2510,3.8000,-0.4500,2.4445,181.0354,358.5208,0.0000,0.0000,0.0000
110.288,361.7274,-0.5715,272.5456,0.2510,3.8000,-0.4500,2.5414,181.0330,358.6548,0.0000,0.0000,0.0000
110.388,361.5125,-0.5363,272.5589,0.2510,3.8000,-0.4500,2.6339,181.0309,358.7933,0.0000,0.0000,0.0000
110.498,361.2553,-0.4897,272.5441,0.2510,3.8000,-0.4500,2.7723,181.0283,359.0110,0.0000,0.0000,0.0000
110.608,361.0407,-0.4503,272.5171,0.2510,3.8000,-0.4500,2.8164,181.0275,359.0813,0.0000,0.0000,0.0000
110.719,360.7848,-0.3961,272.4724,0.2510,3.8000,-0.4500,2.9424,181.0257,359.2912,0.0000,0.0000,0.0000
110.844,360.5297,-0.3390,272.4158,0.2510,3.8000,-0.4500,3.0247,181.0248,359.4327,0.0000,0.0000,0.0000
110.955,360.3190,-0.2858,272.3589,0.2510,3.8000,-0.4500,3.1486,181.0238,359.6528,0.0000,0.0000,0.0000
111.066,360.0663,-0.2221,272.2823,0.2510,3.8000,-0.4500,3.1883,181.0236,359.7239,0.0000,0.0000,0.0000
111.191,359.8165,-0.1493,272.1954,0.2510,3.8000,-0.4500,3.3418,181.0233,0.0138,0.0000,0.0000,0.0000
111.302,359.5663,-0.0786,272.1017,0.2510,3.8000,-0.4500,3.3418,181.0233,0.0138,0.0000,0.0000,0.0000
111.427,359.3195,0.0024,272.0005,0.2510,3.8000,-0.4500,3.4862,181.0237,0.3119,0.0000,0.0000,0.0000
111.539,359.0722,0.0827,271.8973,0.2510,3.8000,-0.4500,3.5197,181.0239,0.3869,0.0000,0.0000,0.0000
111.650,358.8673,0.1546,271.8105,0.2510,3.8000,-0.4500,3.5867,181.0244,0.5437,0.0000,0.0000,0.0000
111.761,358.6220,0.2434,271.7064,0.2510,3.8000,-0.4500,3.6500,181.0251,0.6951,0.0000,0.0000,0.0000
111.872,358.4167,0.3177,271.6256,0.2510,3.8000,-0.4500,3.6500,181.0251,0.6951,0.0000,0.0000,0.0000
111.984,358.1712,0.4153,271.5441,0.2510,3.8000,-0.4500,3.7315,181.0263,0.9310,0.0000,0.0000,0.0000
112.096,357.9648,0.4957,271.4882,0.2510,3.8000,-0.4500,3.7315,181.0263,0.9310,0.0000,0.0000,0.0000
112.205,357.7173,0.5970,271.4409,0.2510,3.8000,-0.4500,3.7530,181.0266,1.0116,0.0000,0.0000,0.0000
112.330,357.4711,0.7036,271.4216,0.2510,3.8000,-0.4500,3.7900,181.0273,1.1746,0.0000,0.0000,0.0000
112.455,357.2247,0.8099,271.4235,0.2510,3.8000,-0.4500,3.7900,181.0273,1.1746,0.0000,0.0000,0.0000
112.581,356.9390,0.9374,271.4436,0.2510,3.8000,-0.4500,3.7962,181.0275,1.2573,0.0000,0.0000,0.0000
112.706,356.6948,1.0460,271.4721,0.2510,3.8000,-0.4500,3.7962,181.0275,1.2573,0.0000,0.0000,0.0000
112.816,356.4917,1.1362,271.5014,0.2510,3.8000,-0.4500,3.7962,181.0275,1.2573,0.0000,0.0000,0.0000
112.928,356.2491,1.2445,271.5411,0.2510,3.8000,-0.4500,3.7850,181.0272,1.3372,0.0000,0.0000,0.0000
113.051,356.0061,1.3495,271.5853,0.2510,3.8000,-0.4500,3.7850,181.0272,1.3372,0.0000,0.0000,0.0000
113.163,355.7633,1.4514,271.6324,0.2510,3.8000,-0.4500,3.7850,181.0272,1.3372,0.0000,0.0000,0.0000
113.275,355.5609,1.5335,271.6732,0.2510,3.8000,-0.4500,3.7850,181.0272,1.3372,0.0000,0.0000,0.0000
113.385,355.3179,1.6283,271.7224,0.2510,3.8000,-0.4500,3.7257,181.0258,1.3917,0.0000,0.0000,0.0000
113.496,355.1148,1.7030,271.7629,0.2510,3.8000,-0.4500,3.7257,181.0258,1.3917,0.0000,0.0000,0.0000
113.597,354.8712,1.7875,271.8123,0.2510,3.8000,-0.4500,3.5722,181.0220,1.4631,0.0000,0.0000,0.0000
113.719,354.6267,1.8643,271.8610,0.2510,3.8000,-0.4500,3.3184,181.0154,1.5065,0.0000,0.0000,0.0000
113.843,354.3806,1.9324,271.9087,0.2510,3.8000,-0.4500,2.9797,181.0065,1.4817,0.0000,0.0000,0.0000
113.953,354.1747,1.9840,271.9466,0.2510,3.8000,-0.4500,2.8194,181.0024,1.4423,0.0000,0.0000,0.0000
114.053,353.9677,2.0288,271.9835,0.2510,3.8000,-0.4500,2.5858,180.9967,1.3706,0.0000,0.0000,0.0000
114.162,353.7178,2.0738,272.0257,0.2510,3.8000,-0.4500,2.2791,180.9897,1.2251,0.0000,0.0000,0.0000
114.287,353.4671,2.1122,272.0641,0.2510,3.8000,-0.4500,2.1324,180.9866,1.1482,0.0000,0.0000,0.0000
114.412,353.2135,2.1356,272.1001,0.2510,3.8000,-0.4500,1.6862,180.9788,0.8648,0.0000,0.0000,0.0000
114.537,352.9160,2.1536,272.1163,0.2510,3.8000,-0.4500,1.3401,180.9743,0.6195,0.0000,0.0000,0.0000
114.648,352.7024,2.1591,272.1142,0.2510,3.8000,-0.4500,1.1394,180.9724,0.4678,0.0000,0.0000,0.0000
114.775,352.4453,2.1579,272.1028,0.2510,3.8000,-0.4500,0.9428,180.9711,0.3148,0.0000,0.0000,0.0000
114.899,352.1432,2.1394,272.0819,0.2510,3.8000,-0.4500,0.4824,180.9700,359.9390,0.0000,0.0000,0.0000
115.009,351.9282,2.1228,272.0608,0.2510,3.8000,-0.4500,0.3581,180.9703,359.8335,0.0000,0.0000,0.0000
115.134,351.6692,2.0921,272.0314,0.2510,3.8000,-0.4500,0.1029,180.9715,359.6133,0.0000,0.0000,0.0000
115.248,351.4096,2.0511,271.9976,0.2510,3.8000,-0.4500,359.7894,180.9744,359.3361,0.0000,0.0000,0.0000
115.361,351.1502,2.0030,271.9593,0.2510,3.8000,-0.4500,359.5438,180.9777,359.1124,0.0000,0.0000,0.0000
115.469,350.9343,1.9587,271.9258,0.2510,3.8000,-0.4500,359.4236,180.9797,359.0010,0.0000,0.0000,0.0000
115.581,350.6746,1.8971,271.8860,0.2510,3.8000,-0.4500,359.2407,180.9831,358.8292,0.0000,0.0000,0.0000
115.691,350.4573,1.8376,271.8535,0.2510,3.8000,-0.4500,358.9893,180.9888,358.5865,0.0000,0.0000,0.0000
115.801,350.1976,1.7657,271.8126,0.2510,3.8000,-0.4500,358.9288,180.9903,358.5276,0.0000,0.0000,0.0000
115.913,349.9795,1.6941,271.7804,0.2510,3.8000,-0.4500,358.6240,180.9990,358.2215,0.0000,0.0000,0.0000
116.025,349.7195,1.6109,271.7383,0.2510,3.8000,-0.4500,358.5681,181.0007,358.1646,0.0000,0.0000,0.0000
116.135,349.5023,1.5354,271.7025,0.2510,3.8000,-0.4500,358.4498,181.0047,358.0385,0.0000,0.0000,0.0000
116.246,349.2422,1.4429,271.6561,0.2510,3.8000,-0.4500,358.3911,181.0067,357.9755,0.0000,0.0000,0.0000
116.359,348.9817,1.3435,271.6065,0.2510,3.8000,-0.4500,358.2230,181.0129,357.7875,0.0000,0.0000,0.0000
116.469,348.7655,1.2621,271.5612,0.2510,3.8000,-0.4500,358.2230,181.0129,357.7875,0.0000,0.0000,0.0000
116.593,348.5057,1.1592,271.5033,0.2510,3.8000,-0.4500,358.1189,181.0171,357.6613,0.0000,0.0000,0.0000
116.705,348.2468,1.0579,271.4399,0.2510,3.8000,-0.4500,358.1189,181.0171,357.6613,0.0000,0.0000,0.0000
116.829,347.9877,0.9540,271.3733,0.2510,3.8000,-0.4500,358.0720,181.0190,357.5948,0.0000,0.0000,0.0000
116.939,347.7292,0.8516,271.3040,0.2510,3.8000,-0.4500,358.0720,181.0190,357.5948,0.0000,0.0000,0.0000
117.064,347.4705,0.7498,271.2333,0.2510,3.8000,-0.4500,358.0720,181.0190,357.5948,0.0000,0.0000,0.0000
117.190,347.2117,0.6491,271.1625,0.2510,3.8000,-0.4500,358.0720,181.0190,357.5948,0.0000,0.0000,0.0000
117.315,346.9524,0.5502,271.0952,0.2510,3.8000,-0.4500,358.0720,181.0190,357.5948,0.0000,0.0000,0.0000
117.439,346.6495,0.4376,271.0402,0.2510,3.8000,-0.4500,358.0720,181.0190,357.5948,0.0000,0.0000,0.0000
117.565,346.3897,0.3430,271.0478,0.2510,3.8000,-0.4500,358.0720,181.0190,357.5948,0.0000,0.0000,0.0000
117.690,346.1302,0.2518,271.0867,0.2510,3.8000,-0.4500,358.0720,181.0190,357.5948,0.0000,0.0000,0.0000
117.815,345.8711,0.1651,271.1454,0.2510,3.8000,-0.4500,358.0720,181.0190,357.5948,0.0000,0.0000,0.0000
117.926,345.6125,0.0840,271.2167,0.2510,3.8000,-0.4500,358.0720,181.0190,357.5948,0.0000,0.0000,0.0000
118.051,345.3543,0.0096,271.2955,0.2510,3.8000,-0.4500,358.1509,181.0157,357.5836,0.0000,0.0000,0.0000
118.176,345.0965,-0.0573,271.3791,0.2510,3.8000,-0.4500,358.3128,181.0088,357.5688,0.0000,0.0000,0.0000
118.301,344.7965,-0.1226,271.4785,0.2510,3.8000,-0.4500,358.7266,180.9914,357.6336,0.0000,0.0000,0.0000
118.412,344.5822,-0.1650,271.5502,0.2510,3.8000,-0.4500,358.8068,180.9881,357.6544,0.0000,0.0000,0.0000
118.537,344.2827,-0.2106,271.6463,0.2510,3.8000,-0.4500,359.2121,180.9721,357.8130,0.0000,0.0000,0.0000
118.648,344.0689,-0.2369,271.7126,0.2510,3.8000,-0.4500,359.4481,180.9633,357.9299,0.0000,0.0000,0.0000
118.773,343.8120,-0.2623,271.7887,0.2510,3.8000,-0.4500,359.6740,180.9554,358.0476,0.0000,0.0000,0.0000
118.898,343.5127,-0.2801,271.8716,0.2510,3.8000,-0.4500,0.0384,180.9436,358.2563,0.0000,0.0000,0.0000
119.009,343.2985,-0.2888,271.9276,0.2510,3.8000,-0.4500,0.1832,180.9393,358.3426,0.0000,0.0000,0.0000
119.137,342.9987,-0.2914,271.9980,0.2510,3.8000,-0.4500,0.4703,180.9314,358.5148,0.0000,0.0000,0.0000
119.248,342.7841,-0.2889,272.0432,0.2510,3.8000,-0.4500,0.6111,180.9279,358.5994,0.0000,0.0000,0.0000
119.357,342.5698,-0.2809,272.0837,0.2510,3.8000,-0.4500,0.8304,180.9228,358.7293,0.0000,0.0000,0.0000
119.467,342.3117,-0.2698,272.1269,0.2510,3.8000,-0.4500,0.9022,180.9212,358.7716,0.0000,0.0000,0.0000
119.593,342.0542,-0.2499,272.1617,0.2510,3.8000,-0.4500,1.1931,180.9154,358.9373,0.0000,0.0000,0.0000
119.718,341.7527,-0.2247,272.1963,0.2510,3.8000,-0.4500,1.3426,180.9127,359.0168,0.0000,0.0000,0.0000
119.830,341.5374,-0.2029,272.2163,0.2510,3.8000,-0.4500,1.4887,180.9103,359.0933,0.0000,0.0000,0.0000
119.943,341.2783,-0.1771,272.2377,0.2510,3.8000,-0.4500,1.4887,180.9103,359.0933,0.0000,0.0000,0.0000
